time,irradiance,temperature,voltage,current,power,source_site,weather_condition,source_file,date,irradiance_rolling_std,operating_scenario
2023-01-01 07:45:00,20.814,0.02492,117.04,1.7356,0.0,PVDAQ_10,cloudy,system_10_2023_01_01.csv,2023-01-01,4.57941122461122,cloudy
2023-01-01 07:46:00,22.176,0.03004,117.06,1.7218,0.48808,PVDAQ_10,cloudy,system_10_2023_01_01.csv,2023-01-01,4.6577290159884726,cloudy
2023-01-01 07:47:00,23.32,0.0947899999999999,117.06,1.7257,1.7415,PVDAQ_10,cloudy,system_10_2023_01_01.csv,2023-01-01,4.7562037783249345,cloudy
2023-01-01 07:48:00,24.655,0.05741,117.06,1.7235,2.629,PVDAQ_10,cloudy,system_10_2023_01_01.csv,2023-01-01,4.78482212238419,cloudy
2023-01-01 07:49:00,26.481,-0.04245,117.11,1.7201,3.3167,PVDAQ_10,cloudy,system_10_2023_01_01.csv,2023-01-01,4.885610429277663,cloudy
2023-01-01 07:50:00,27.897,-0.08036,117.12,1.7279,4.5923,PVDAQ_10,cloudy,system_10_2023_01_01.csv,2023-01-01,5.065922482628411,cloudy
2023-01-01 07:51:00,29.314,-0.10553,117.11,1.7287,5.8791,PVDAQ_10,cloudy,system_10_2023_01_01.csv,2023-01-01,5.263446541500929,cloudy
2023-01-01 07:52:00,31.112,-0.05562,117.13,1.7221,6.6778,PVDAQ_10,cloudy,system_10_2023_01_01.csv,2023-01-01,5.506291550408062,cloudy
2023-01-01 07:53:00,32.583,0.01545,117.28,1.7174,7.7426,PVDAQ_10,cloudy,system_10_2023_01_01.csv,2023-01-01,5.7573160024772765,cloudy
2023-01-01 07:54:00,34.027,0.0290699999999999,117.44,1.7072,9.2291,PVDAQ_10,cloudy,system_10_2023_01_01.csv,2023-01-01,5.983757883598216,cloudy
2023-01-01 07:55:00,36.179,0.0482,117.31,1.7005,10.272,PVDAQ_10,cloudy,system_10_2023_01_01.csv,2023-01-01,6.3203465524334295,cloudy
2023-01-01 07:56:00,37.732,0.0608399999999999,117.17,1.6956,11.514,PVDAQ_10,cloudy,system_10_2023_01_01.csv,2023-01-01,6.569945322668761,cloudy
2023-01-01 07:57:00,39.557,0.03681,117.2,1.6925,12.579,PVDAQ_10,cloudy,system_10_2023_01_01.csv,2023-01-01,6.798651352255371,cloudy
2023-01-01 07:58:00,41.519,0.1558199999999999,117.2,1.697,13.91,PVDAQ_10,cloudy,system_10_2023_01_01.csv,2023-01-01,7.017421183502286,cloudy
2023-01-01 07:59:00,43.371,0.2174099999999999,117.17,1.7063,16.129,PVDAQ_10,cloudy,system_10_2023_01_01.csv,2023-01-01,7.232336264174612,cloudy
2023-01-01 08:00:00,45.442,0.22953,117.11,1.7113,17.748,PVDAQ_10,cloudy,system_10_2023_01_01.csv,2023-01-01,7.45383758942491,cloudy
2023-01-01 08:01:00,47.975,0.2348,117.13,1.7061,19.057,PVDAQ_10,cloudy,system_10_2023_01_01.csv,2023-01-01,7.742735143038151,cloudy
2023-01-01 08:02:00,49.746,0.14557,117.16,1.7072,21.176,PVDAQ_10,cloudy,system_10_2023_01_01.csv,2023-01-01,7.960984477886057,cloudy
2023-01-01 08:03:00,52.116,0.0599599999999999,117.09,1.7077,22.207,PVDAQ_10,cloudy,system_10_2023_01_01.csv,2023-01-01,8.195094198592798,cloudy
2023-01-01 08:04:00,54.214,0.0780099999999999,117.21,1.7102,24.326,PVDAQ_10,cloudy,system_10_2023_01_01.csv,2023-01-01,8.453606709564845,cloudy
2023-01-01 08:05:00,55.957,0.0582599999999999,117.17,1.7119,25.435,PVDAQ_10,cloudy,system_10_2023_01_01.csv,2023-01-01,8.642606216270849,cloudy
2023-01-01 08:06:00,58.057,0.14726,117.11,1.7116,26.988,PVDAQ_10,cloudy,system_10_2023_01_01.csv,2023-01-01,8.800591545594001,cloudy
2023-01-01 08:07:00,59.419,0.3185299999999999,117.08,1.7102,27.865,PVDAQ_10,cloudy,system_10_2023_01_01.csv,2023-01-01,8.880518274772651,cloudy
2023-01-01 08:08:00,61.054,0.39828,117.12,1.7124,29.418,PVDAQ_10,cloudy,system_10_2023_01_01.csv,2023-01-01,8.882777458709178,cloudy
2023-01-01 08:09:00,62.799,0.4360999999999999,117.3,1.7154,29.839,PVDAQ_10,cloudy,system_10_2023_01_01.csv,2023-01-01,8.81222472477861,cloudy
2023-01-01 08:10:00,64.216,0.44635,117.31,1.7179,31.026,PVDAQ_10,cloudy,system_10_2023_01_01.csv,2023-01-01,8.717892843921323,cloudy
2023-01-01 08:11:00,65.496,0.44872,117.08,1.7168,31.925,PVDAQ_10,cloudy,system_10_2023_01_01.csv,2023-01-01,8.520852571919095,cloudy
2023-01-01 08:12:00,66.095,0.4527399999999999,117.16,1.7303,34.886,PVDAQ_10,cloudy,system_10_2023_01_01.csv,2023-01-01,8.190899684289539,cloudy
2023-01-01 08:13:00,67.348,0.44018,117.33,1.7193,36.062,PVDAQ_10,cloudy,system_10_2023_01_01.csv,2023-01-01,7.823977066866717,cloudy
2023-01-01 08:14:00,68.275,0.41491,117.35,1.7276,23.661,PVDAQ_10,cloudy,system_10_2023_01_01.csv,2023-01-01,7.380774479945085,cloudy
2023-01-01 08:15:00,68.331,0.3877499999999999,117.34,1.7232,21.331,PVDAQ_10,cloudy,system_10_2023_01_01.csv,2023-01-01,6.8227978257770205,cloudy
2023-01-01 08:16:00,68.385,0.3987999999999999,117.3,1.7204,36.129,PVDAQ_10,cloudy,system_10_2023_01_01.csv,2023-01-01,6.2487504564245215,cloudy
2023-01-01 08:17:00,68.276,0.4020099999999999,117.23,1.7212,37.072,PVDAQ_10,cloudy,system_10_2023_01_01.csv,2023-01-01,5.567598779674009,cloudy
2023-01-01 08:18:00,68.629,0.39853,117.29,1.7212,37.349,PVDAQ_10,cloudy,system_10_2023_01_01.csv,2023-01-01,4.927653461648264,cloudy
2023-01-01 08:19:00,68.657,0.4119499999999999,117.32,1.7221,37.726,PVDAQ_10,cloudy,system_10_2023_01_01.csv,2023-01-01,4.297854821497055,cloudy
2023-01-01 08:20:00,69.229,0.4127899999999999,117.28,1.7235,38.369,PVDAQ_10,cloudy,system_10_2023_01_01.csv,2023-01-01,3.684488033182551,cloudy
2023-01-01 08:21:00,70.399,0.3659299999999999,117.27,1.7226,38.602,PVDAQ_10,cloudy,system_10_2023_01_01.csv,2023-01-01,3.22487157809994,cloudy
2023-01-01 08:22:00,71.843,0.3066999999999999,117.32,1.7243,40.887,PVDAQ_10,cloudy,system_10_2023_01_01.csv,2023-01-01,2.8684426386851825,cloudy
2023-01-01 08:23:00,73.778,0.33438,117.35,1.7295,42.884,PVDAQ_10,cloudy,system_10_2023_01_01.csv,2023-01-01,2.779312414111928,cloudy
2023-01-01 08:24:00,75.793,0.32906,117.36,1.7348,44.559,PVDAQ_10,cloudy,system_10_2023_01_01.csv,2023-01-01,3.0181112273988333,cloudy
2023-01-01 08:25:00,78.435,0.2990399999999999,117.37,1.7389,46.999,PVDAQ_10,cloudy,system_10_2023_01_01.csv,2023-01-01,3.5921919982622543,cloudy
2023-01-01 08:26:00,80.66899999999998,0.27755,117.37,1.7469,49.606,PVDAQ_10,cloudy,system_10_2023_01_01.csv,2023-01-01,4.317184419767587,cloudy
2023-01-01 08:27:00,82.848,0.33309,117.37,1.7521,52.257,PVDAQ_10,cloudy,system_10_2023_01_01.csv,2023-01-01,5.074128308905507,cloudy
2023-01-01 08:28:00,84.72799999999998,0.37968,117.35,1.7596,52.379,PVDAQ_10,cloudy,system_10_2023_01_01.csv,2023-01-01,5.8468803240538065,cloudy
2023-01-01 08:29:00,87.043,0.37347,117.38,1.7618,54.088,PVDAQ_10,cloudy,system_10_2023_01_01.csv,2023-01-01,6.664439081172894,cloudy
2023-01-01 08:30:00,89.685,0.35552,117.5,1.7659,58.691,PVDAQ_10,cloudy,system_10_2023_01_01.csv,2023-01-01,7.489210123014608,cloudy
2023-01-01 08:31:00,92.056,0.33261,117.59,1.7759,61.542,PVDAQ_10,cloudy,system_10_2023_01_01.csv,2023-01-01,8.249448173752365,cloudy
2023-01-01 08:32:00,95.08,0.28225,117.51,1.7792,63.095,PVDAQ_10,cloudy,system_10_2023_01_01.csv,2023-01-01,8.985578547767124,cloudy
2023-01-01 08:33:00,98.267,0.23984,117.3,1.7825,65.08,PVDAQ_10,cloudy,system_10_2023_01_01.csv,2023-01-01,9.71069552459688,cloudy
2023-01-01 08:34:00,100.83,0.21062,117.31,1.7913,69.451,PVDAQ_10,cloudy,system_10_2023_01_01.csv,2023-01-01,10.271256696422622,cloudy
2023-01-01 08:35:00,103.93,0.15239,117.33,1.8035,71.791,PVDAQ_10,cloudy,system_10_2023_01_01.csv,2023-01-01,10.75318909152499,cloudy
2023-01-01 08:36:00,106.74,0.1431999999999999,117.36,1.8057,72.623,PVDAQ_10,cloudy,system_10_2023_01_01.csv,2023-01-01,11.148073440221312,cloudy
2023-01-01 08:37:00,109.17,0.1953199999999999,117.37,1.817,76.295,PVDAQ_10,cloudy,system_10_2023_01_01.csv,2023-01-01,11.419161921128383,cloudy
2023-01-01 08:38:00,111.07,0.1913499999999999,117.47,1.8162,76.97199999999998,PVDAQ_10,cloudy,system_10_2023_01_01.csv,2023-01-01,11.55308060215957,cloudy
2023-01-01 08:39:00,113.42,0.185,117.63,1.8198,79.44499999999998,PVDAQ_10,cloudy,system_10_2023_01_01.csv,2023-01-01,11.6140251326122,cloudy
2023-01-01 08:40:00,116.55,0.1707799999999999,117.65,1.828,82.69499999999998,PVDAQ_10,cloudy,system_10_2023_01_01.csv,2023-01-01,11.759374846519158,cloudy
2023-01-01 08:41:00,120.04,0.16954,117.67,1.8465,87.12099999999998,PVDAQ_10,cloudy,system_10_2023_01_01.csv,2023-01-01,11.973392616249242,cloudy
2023-01-01 08:42:00,124.15,0.2015899999999999,117.65,1.8617,90.959,PVDAQ_10,cloudy,system_10_2023_01_01.csv,2023-01-01,12.30355526705668,cloudy
2023-01-01 08:43:00,126.68,0.2173799999999999,117.68,1.8727,95.008,PVDAQ_10,cloudy,system_10_2023_01_01.csv,2023-01-01,12.494081258549269,cloudy
2023-01-01 08:44:00,130.01,0.27471,117.49,1.8818,97.648,PVDAQ_10,cloudy,system_10_2023_01_01.csv,2023-01-01,12.684283407129252,cloudy
2023-01-01 08:45:00,133.36,0.33337,117.48,1.8885,99.811,PVDAQ_10,cloudy,system_10_2023_01_01.csv,2023-01-01,12.900866760470851,cloudy
2023-01-01 08:46:00,137.55,0.35469,117.41,1.9122,105.49,PVDAQ_10,cloudy,system_10_2023_01_01.csv,2023-01-01,13.198769049025609,cloudy
2023-01-01 08:47:00,144.31,0.38199,117.55,1.9365,112.77,PVDAQ_10,cloudy,system_10_2023_01_01.csv,2023-01-01,13.95778890014261,cloudy
2023-01-01 08:48:00,150.93,0.4192699999999999,117.77,1.966,116.37,PVDAQ_10,cloudy,system_10_2023_01_01.csv,2023-01-01,15.106545317462981,cloudy
2023-01-01 08:49:00,156.87,0.4516399999999999,117.81,1.9966,125.42,PVDAQ_10,cloudy,system_10_2023_01_01.csv,2023-01-01,16.394043430465548,cloudy
2023-01-01 08:50:00,161.58,0.48974,117.81,2.009,129.37,PVDAQ_10,cloudy,system_10_2023_01_01.csv,2023-01-01,17.647567564748716,cloudy
2023-01-01 08:51:00,166.4,0.51509,117.79,2.0358,134.97,PVDAQ_10,cloudy,system_10_2023_01_01.csv,2023-01-01,18.835707907613706,cloudy
2023-01-01 08:52:00,173.73,0.52851,117.85,2.0744,140.61,PVDAQ_10,cloudy,system_10_2023_01_01.csv,2023-01-01,20.211633024666696,cloudy
2023-01-01 08:53:00,183.02,0.5395699999999999,117.92,2.1233,152.17,PVDAQ_10,cloudy,system_10_2023_01_01.csv,2023-01-01,21.888898904195297,cloudy
2023-01-01 08:54:00,184.08,0.56311,117.93,2.131,151.43,PVDAQ_10,cloudy,system_10_2023_01_01.csv,2023-01-01,22.752967404588606,cloudy
2023-01-01 08:55:00,188.71,0.60496,117.93,2.1594,156.35,PVDAQ_10,cloudy,system_10_2023_01_01.csv,2023-01-01,23.409647543165253,cloudy
2023-01-01 08:56:00,191.06,0.6446199999999999,117.77,2.1627,157.81,PVDAQ_10,cloudy,system_10_2023_01_01.csv,2023-01-01,23.644241058618885,cloudy
2023-01-01 08:57:00,191.74,0.6880699999999998,117.76,2.1663,158.29,PVDAQ_10,cloudy,system_10_2023_01_01.csv,2023-01-01,23.41086007654978,cloudy
2023-01-01 08:58:00,194.11,0.73309,117.75,2.1826,160.55,PVDAQ_10,cloudy,system_10_2023_01_01.csv,2023-01-01,22.74552309691652,cloudy
2023-01-01 08:59:00,193.13,0.7561799999999999,117.76,2.1785,158.0,PVDAQ_10,cloudy,system_10_2023_01_01.csv,2023-01-01,21.44685786731785,cloudy
2023-01-01 09:00:00,204.11,0.7672299999999999,117.78,2.2381,170.29,PVDAQ_10,cloudy,system_10_2023_01_01.csv,2023-01-01,20.565878421260678,cloudy
2023-01-01 09:01:00,191.74,0.7862099999999999,117.74,2.1605,157.52,PVDAQ_10,cloudy,system_10_2023_01_01.csv,2023-01-01,18.185250381244444,cloudy
2023-01-01 09:02:00,181.99,0.78808,117.51,2.1045,146.21,PVDAQ_10,cloudy,system_10_2023_01_01.csv,2023-01-01,15.557189426664515,cloudy
2023-01-01 09:03:00,174.44,0.7896699999999999,117.42,2.0744,139.98,PVDAQ_10,cloudy,system_10_2023_01_01.csv,2023-01-01,13.35233819366759,cloudy
2023-01-01 09:04:00,177.77,0.79666,117.38,2.0874,143.21,PVDAQ_10,cloudy,system_10_2023_01_01.csv,2023-01-01,11.447226405594119,cloudy
2023-01-01 09:05:00,182.15,0.82062,117.44,2.12,147.79,PVDAQ_10,cloudy,system_10_2023_01_01.csv,2023-01-01,9.686731130777748,cloudy
2023-01-01 09:06:00,183.19,0.84116,117.52,2.1216,148.8,PVDAQ_10,cloudy,system_10_2023_01_01.csv,2023-01-01,8.216108625886077,cloudy
2023-01-01 09:07:00,189.64,0.8443899999999999,117.79,2.166,156.03,PVDAQ_10,cloudy,system_10_2023_01_01.csv,2023-01-01,7.46582997012627,cloudy
2023-01-01 09:08:00,200.03,0.86372,117.78,2.2226,168.49,PVDAQ_10,cloudy,system_10_2023_01_01.csv,2023-01-01,8.025210099607083,cloudy
2023-01-01 09:09:00,207.17,0.90005,117.85,2.2637,174.76,PVDAQ_10,cloudy,system_10_2023_01_01.csv,2023-01-01,9.234812138753743,cloudy
2023-01-01 09:10:00,215.86,0.93414,117.88,2.3076,182.33,PVDAQ_10,cloudy,system_10_2023_01_01.csv,2023-01-01,11.365143997997396,cloudy
2023-01-01 09:11:00,216.07,0.959,117.89,2.3109,182.21,PVDAQ_10,cloudy,system_10_2023_01_01.csv,2023-01-01,12.959684997640693,cloudy
2023-01-01 09:12:00,215.39,0.96137,117.82,2.3062,179.76,PVDAQ_10,cloudy,system_10_2023_01_01.csv,2023-01-01,14.112092821743403,cloudy
2023-01-01 09:13:00,208.12,0.94363,117.59,2.2601,173.91,PVDAQ_10,cloudy,system_10_2023_01_01.csv,2023-01-01,14.498841168799425,cloudy
2023-01-01 09:14:00,205.96,0.91526,117.53,2.2488,172.78,PVDAQ_10,cloudy,system_10_2023_01_01.csv,2023-01-01,14.691231041808146,cloudy
2023-01-01 09:15:00,208.11,0.9437,117.59,2.2717,175.0,PVDAQ_10,cloudy,system_10_2023_01_01.csv,2023-01-01,14.866539066289151,cloudy
2023-01-01 09:16:00,203.13,0.95733,117.52,2.2267,168.62,PVDAQ_10,cloudy,system_10_2023_01_01.csv,2023-01-01,14.859970614595586,cloudy
2023-01-01 09:17:00,181.5,0.96394,117.4,2.1051,146.34,PVDAQ_10,cloudy,system_10_2023_01_01.csv,2023-01-01,14.898015304059049,cloudy
2023-01-01 09:18:00,173.3,0.97737,117.37,2.0708,137.45,PVDAQ_10,cloudy,system_10_2023_01_01.csv,2023-01-01,15.02858790058773,cloudy
2023-01-01 09:19:00,173.17,0.98857,117.62,2.0708,138.5,PVDAQ_10,cloudy,system_10_2023_01_01.csv,2023-01-01,15.506410870837128,cloudy
2023-01-01 09:20:00,171.04,0.99431,117.58,2.0598,136.26,PVDAQ_10,cloudy,system_10_2023_01_01.csv,2023-01-01,16.524857408792677,cloudy
2023-01-01 09:21:00,166.52,0.9951,117.5,2.035,131.43,PVDAQ_10,cloudy,system_10_2023_01_01.csv,2023-01-01,17.99881324130055,cloudy
2023-01-01 09:22:00,163.74,1.0047,117.46,2.0245,128.87,PVDAQ_10,cloudy,system_10_2023_01_01.csv,2023-01-01,19.773190893106154,cloudy
2023-01-01 09:23:00,161.36,1.0237,117.47,2.0162,125.59,PVDAQ_10,cloudy,system_10_2023_01_01.csv,2023-01-01,21.378286202414802,cloudy
2023-01-01 09:24:00,160.22,1.0521,117.51,2.0043,126.6,PVDAQ_10,cloudy,system_10_2023_01_01.csv,2023-01-01,22.315075130844097,cloudy
2023-01-01 09:25:00,160.06,1.0739,117.49,2.0085,124.09,PVDAQ_10,cloudy,system_10_2023_01_01.csv,2023-01-01,22.029735899676663,cloudy
2023-01-01 09:26:00,159.24,1.0942,117.48,2.0027,123.56,PVDAQ_10,cloudy,system_10_2023_01_01.csv,2023-01-01,21.081241085720382,cloudy
2023-01-01 09:27:00,159.59,1.1273,117.47,1.998,125.05,PVDAQ_10,cloudy,system_10_2023_01_01.csv,2023-01-01,19.381877691728494,cloudy
2023-01-01 09:28:00,158.88,1.1491,117.39,1.9944,121.83,PVDAQ_10,cloudy,system_10_2023_01_01.csv,2023-01-01,17.844238712763158,cloudy
2023-01-01 09:29:00,158.28,1.1466,117.39,1.9963,122.67,PVDAQ_10,cloudy,system_10_2023_01_01.csv,2023-01-01,15.8235364778752,cloudy
2023-01-01 09:30:00,157.3,1.1458,117.32,1.9922,123.04,PVDAQ_10,cloudy,system_10_2023_01_01.csv,2023-01-01,12.239670786110288,cloudy
2023-01-01 09:31:00,155.91,1.1492,117.38,1.9883,121.55,PVDAQ_10,cloudy,system_10_2023_01_01.csv,2023-01-01,7.468820395164086,cloudy
2023-01-01 09:32:00,155.09,1.1762,117.38,1.9801,120.53,PVDAQ_10,cloudy,system_10_2023_01_01.csv,2023-01-01,6.023715828368179,cloudy
2023-01-01 09:33:00,154.46,1.2078,117.34,1.9837,120.01,PVDAQ_10,cloudy,system_10_2023_01_01.csv,2023-01-01,5.495355788124748,cloudy
2023-01-01 09:34:00,154.62,1.2231,117.35,1.9861,120.71,PVDAQ_10,cloudy,system_10_2023_01_01.csv,2023-01-01,4.567698388839779,cloudy
2023-01-01 09:35:00,155.03,1.2498,117.39,1.9881,120.4,PVDAQ_10,cloudy,system_10_2023_01_01.csv,2023-01-01,3.4841327403475755,cloudy
2023-01-01 09:36:00,156.12,1.2704,117.35,1.9864,123.03,PVDAQ_10,cloudy,system_10_2023_01_01.csv,2023-01-01,2.777004209743538,cloudy
2023-01-01 09:37:00,157.48,1.2817,117.36,2.0055,123.27,PVDAQ_10,cloudy,system_10_2023_01_01.csv,2023-01-01,2.2770808380112655,cloudy
2023-01-01 09:38:00,159.36,1.2871,117.34,2.006,126.33,PVDAQ_10,cloudy,system_10_2023_01_01.csv,2023-01-01,2.090603011660007,cloudy
2023-01-01 09:39:00,161.51,1.2879,117.31,2.014,127.85,PVDAQ_10,cloudy,system_10_2023_01_01.csv,2023-01-01,2.234588062597833,cloudy
2023-01-01 09:40:00,162.71,1.2957,117.35,2.017,129.77,PVDAQ_10,cloudy,system_10_2023_01_01.csv,2023-01-01,2.533740506121708,cloudy
2023-01-01 09:41:00,162.79,1.2894,117.34,2.0239,128.91,PVDAQ_10,cloudy,system_10_2023_01_01.csv,2023-01-01,2.8351900918851602,cloudy
2023-01-01 09:42:00,164.72,1.2981,117.32,2.0377,130.64,PVDAQ_10,cloudy,system_10_2023_01_01.csv,2023-01-01,3.316701890214485,cloudy
2023-01-01 09:43:00,167.56,1.2877,117.38,2.0471,132.87,PVDAQ_10,cloudy,system_10_2023_01_01.csv,2023-01-01,4.094188331674421,cloudy
2023-01-01 09:44:00,167.94,1.2956,117.38,2.0493,134.05,PVDAQ_10,cloudy,system_10_2023_01_01.csv,2023-01-01,4.709494462807975,cloudy
2023-01-01 09:45:00,167.04,1.3153,117.43,2.0482,132.86,PVDAQ_10,cloudy,system_10_2023_01_01.csv,2023-01-01,5.043156324591435,cloudy
2023-01-01 09:46:00,166.57,1.3497,117.4,2.0493,133.17,PVDAQ_10,cloudy,system_10_2023_01_01.csv,2023-01-01,5.1519977632333855,cloudy
2023-01-01 09:47:00,166.44,1.3821,117.06,2.0518,133.99,PVDAQ_10,cloudy,system_10_2023_01_01.csv,2023-01-01,5.075903391326128,cloudy
2023-01-01 09:48:00,164.72,1.3924,117.07,2.043,131.48,PVDAQ_10,cloudy,system_10_2023_01_01.csv,2023-01-01,4.720512179634335,cloudy
2023-01-01 09:49:00,162.7,1.3882,117.1,2.0306,129.43,PVDAQ_10,cloudy,system_10_2023_01_01.csv,2023-01-01,4.21453234144949,cloudy
2023-01-01 09:50:00,160.77,1.3858,117.16,2.0228,126.9,PVDAQ_10,cloudy,system_10_2023_01_01.csv,2023-01-01,3.680987574522683,cloudy
2023-01-01 09:51:00,160.09,1.3866,117.17,2.0226,126.97,PVDAQ_10,cloudy,system_10_2023_01_01.csv,2023-01-01,3.2509639596045248,cloudy
2023-01-01 09:52:00,159.9,1.3994,117.2,2.0148,126.86,PVDAQ_10,cloudy,system_10_2023_01_01.csv,2023-01-01,2.979982901833321,cloudy
2023-01-01 09:53:00,160.28,1.4334,117.19,2.0206,128.11,PVDAQ_10,cloudy,system_10_2023_01_01.csv,2023-01-01,2.8934897368270924,cloudy
2023-01-01 09:54:00,161.48,1.4579,117.17,2.0272,129.97,PVDAQ_10,cloudy,system_10_2023_01_01.csv,2023-01-01,2.895133354931686,cloudy
2023-01-01 09:55:00,162.78,1.5047,117.11,2.03,130.47,PVDAQ_10,cloudy,system_10_2023_01_01.csv,2023-01-01,2.8934553408519488,cloudy
2023-01-01 09:56:00,163.87,1.5545,117.15,2.0427,131.92,PVDAQ_10,cloudy,system_10_2023_01_01.csv,2023-01-01,2.8821109988174762,cloudy
2023-01-01 09:57:00,165.48,1.6059,117.15,2.0479,132.93,PVDAQ_10,cloudy,system_10_2023_01_01.csv,2023-01-01,2.9061950250783912,cloudy
2023-01-01 09:58:00,166.62,1.6414,117.11,2.046,136.17,PVDAQ_10,cloudy,system_10_2023_01_01.csv,2023-01-01,2.829401417426174,cloudy
2023-01-01 09:59:00,167.88,1.6896,117.1,2.0626,134.44,PVDAQ_10,cloudy,system_10_2023_01_01.csv,2023-01-01,2.8231336860844305,cloudy
2023-01-01 10:00:00,169.07,1.7413,117.14,2.0684,138.23,PVDAQ_10,cloudy,system_10_2023_01_01.csv,2023-01-01,3.0317910783624282,cloudy
2023-01-01 10:01:00,170.54,1.7416,117.33,2.0794,138.54,PVDAQ_10,cloudy,system_10_2023_01_01.csv,2023-01-01,3.427985386419363,cloudy
2023-01-01 10:02:00,172.48,1.6768,117.32,2.0827,140.38,PVDAQ_10,cloudy,system_10_2023_01_01.csv,2023-01-01,4.017194235258043,cloudy
2023-01-01 10:03:00,174.36,1.6298,117.35,2.0943,140.32,PVDAQ_10,cloudy,system_10_2023_01_01.csv,2023-01-01,4.746538588425208,cloudy
2023-01-01 10:04:00,176.37,1.5898,117.25,2.1062,143.16,PVDAQ_10,cloudy,system_10_2023_01_01.csv,2023-01-01,5.483279606045663,cloudy
2023-01-01 10:05:00,179.69,1.5416,117.14,2.1285,148.2,PVDAQ_10,cloudy,system_10_2023_01_01.csv,2023-01-01,6.280116544261331,cloudy
2023-01-01 10:06:00,183.13,1.5157,117.1,2.1407,150.05,PVDAQ_10,cloudy,system_10_2023_01_01.csv,2023-01-01,7.126927675739328,cloudy
2023-01-01 10:07:00,186.07,1.5246,117.04,2.1627,154.3,PVDAQ_10,cloudy,system_10_2023_01_01.csv,2023-01-01,7.918125379393195,cloudy
2023-01-01 10:08:00,189.96,1.5531,117.08,2.1798,158.2,PVDAQ_10,cloudy,system_10_2023_01_01.csv,2023-01-01,8.795214770380769,cloudy
2023-01-01 10:09:00,196.33,1.6066,117.22,2.2207,164.64,PVDAQ_10,cloudy,system_10_2023_01_01.csv,2023-01-01,10.13426709356877,cloudy
2023-01-01 10:10:00,204.67,1.6846,117.47,2.2653,173.82,PVDAQ_10,cloudy,system_10_2023_01_01.csv,2023-01-01,12.11230024160723,cloudy
2023-01-01 10:11:00,215.43,1.7376,117.48,2.3312,183.78,PVDAQ_10,cloudy,system_10_2023_01_01.csv,2023-01-01,14.885161291254065,cloudy
2023-01-01 10:12:00,236.95,1.7418,117.5,2.4565,206.06,PVDAQ_10,cloudy,system_10_2023_01_01.csv,2023-01-01,20.038540366004256,cloudy
2023-01-01 10:35:00,247.67,3.0216,117.02,2.5045,209.03,PVDAQ_10,cloudy,system_10_2023_01_01.csv,2023-01-01,29.531101812931183,cloudy
2023-01-01 10:36:00,247.84,3.0288,117.07,2.5031,211.59,PVDAQ_10,cloudy,system_10_2023_01_01.csv,2023-01-01,32.5066880590967,cloudy
2023-01-01 13:34:00,247.37,2.0599,117.07,2.5254,211.36,PVDAQ_10,cloudy,system_10_2023_01_01.csv,2023-01-01,42.11228525648915,cloudy
2023-01-01 13:35:00,239.02,2.1193,117.38,2.4738,204.86,PVDAQ_10,cloudy,system_10_2023_01_01.csv,2023-01-01,43.951459783981726,cloudy
2023-01-01 13:36:00,230.39,2.1067,117.32,2.4355,196.7,PVDAQ_10,cloudy,system_10_2023_01_01.csv,2023-01-01,44.10844149852361,cloudy
2023-01-01 13:37:00,219.88,2.0513,117.29,2.3754,186.63,PVDAQ_10,cloudy,system_10_2023_01_01.csv,2023-01-01,46.50803353031874,cloudy
2023-01-01 13:38:00,215.88,1.9563,117.32,2.3503,183.19,PVDAQ_10,cloudy,system_10_2023_01_01.csv,2023-01-01,49.046285554227005,cloudy
2023-01-01 13:39:00,213.67,1.9547,117.41,2.3371,181.47,PVDAQ_10,cloudy,system_10_2023_01_01.csv,2023-01-01,51.39707484728341,cloudy
2023-01-01 13:40:00,211.66,1.9713,117.26,2.3315,180.81,PVDAQ_10,cloudy,system_10_2023_01_01.csv,2023-01-01,53.084365764050894,cloudy
2023-01-01 13:41:00,209.4,1.9729,117.13,2.32,177.78,PVDAQ_10,cloudy,system_10_2023_01_01.csv,2023-01-01,52.78431688981036,cloudy
2023-01-01 13:42:00,206.0,2.0377,117.13,2.3018,175.45,PVDAQ_10,cloudy,system_10_2023_01_01.csv,2023-01-01,50.012002397520874,cloudy
2023-01-01 13:43:00,201.83,2.0195,117.11,2.2728,170.24,PVDAQ_10,cloudy,system_10_2023_01_01.csv,2023-01-01,42.57400999044813,cloudy
2023-01-01 13:44:00,196.71,1.8913,117.21,2.2441,165.24,PVDAQ_10,cloudy,system_10_2023_01_01.csv,2023-01-01,38.0514934692215,cloudy
2023-01-01 13:45:00,190.67,1.8684,117.37,2.2061,159.49,PVDAQ_10,cloudy,system_10_2023_01_01.csv,2023-01-01,31.348561248980214,cloudy
2023-01-01 13:46:00,183.84,1.8866,117.43,2.1716,153.53,PVDAQ_10,cloudy,system_10_2023_01_01.csv,2023-01-01,27.65991343856093,cloudy
2023-01-01 13:47:00,177.6,1.8242,117.18,2.1426,147.09,PVDAQ_10,cloudy,system_10_2023_01_01.csv,2023-01-01,23.928806071346578,cloudy
2023-01-01 13:48:00,173.16,1.738,117.16,2.1313,143.11,PVDAQ_10,cloudy,system_10_2023_01_01.csv,2023-01-01,21.473018573707336,cloudy
2023-01-01 13:49:00,170.06,1.6937,117.06,2.1134,141.5,PVDAQ_10,cloudy,system_10_2023_01_01.csv,2023-01-01,20.556818426245776,cloudy
2023-01-01 13:50:00,168.02,1.7246,117.12,2.0979,137.9,PVDAQ_10,cloudy,system_10_2023_01_01.csv,2023-01-01,19.74252415473043,cloudy
2023-01-01 13:51:00,165.38,1.7649,117.02,2.0886,136.75,PVDAQ_10,cloudy,system_10_2023_01_01.csv,2023-01-01,19.23404526205998,cloudy
2023-01-01 13:52:00,162.85,1.7546,117.01,2.08,135.0,PVDAQ_10,cloudy,system_10_2023_01_01.csv,2023-01-01,19.30127686376069,cloudy
2023-01-01 13:53:00,159.61,1.7942,117.0,2.0635,131.56,PVDAQ_10,cloudy,system_10_2023_01_01.csv,2023-01-01,19.33484362738301,cloudy
2023-01-01 13:54:00,156.72,1.7839,117.09,2.0475,128.37,PVDAQ_10,cloudy,system_10_2023_01_01.csv,2023-01-01,19.109961426292866,cloudy
2023-01-01 13:55:00,153.4,1.6999,117.2,2.0273,124.4,PVDAQ_10,cloudy,system_10_2023_01_01.csv,2023-01-01,18.616231397054754,cloudy
2023-01-01 13:56:00,149.62,1.6572,117.27,2.0138,120.71,PVDAQ_10,cloudy,system_10_2023_01_01.csv,2023-01-01,17.87848701919024,cloudy
2023-01-01 13:57:00,146.1,1.6722,117.28,1.9984,118.28,PVDAQ_10,cloudy,system_10_2023_01_01.csv,2023-01-01,16.974477844556922,cloudy
2023-01-01 13:58:00,143.57,1.6486,116.99,1.9901,115.21,PVDAQ_10,cloudy,system_10_2023_01_01.csv,2023-01-01,15.893040914939,cloudy
2023-01-01 13:59:00,142.78,1.5973,117.03,1.9868,115.55,PVDAQ_10,cloudy,system_10_2023_01_01.csv,2023-01-01,14.61646390694317,cloudy
2023-01-01 14:00:00,142.98,1.5949,116.9,1.9882,116.14,PVDAQ_10,cloudy,system_10_2023_01_01.csv,2023-01-01,13.267097576160099,cloudy
2023-01-01 14:01:00,145.07,1.5917,116.8,2.0028,117.77,PVDAQ_10,cloudy,system_10_2023_01_01.csv,2023-01-01,11.941207883392725,cloudy
2023-01-01 14:02:00,148.69,1.6067,116.95,2.0182,122.72,PVDAQ_10,cloudy,system_10_2023_01_01.csv,2023-01-01,10.665940763995788,cloudy
2023-01-01 14:03:00,153.7,1.6186,116.98,2.0337,126.69,PVDAQ_10,cloudy,system_10_2023_01_01.csv,2023-01-01,9.438297112353846,cloudy
2023-01-01 14:04:00,159.99,1.5766,117.22,2.0662,133.06,PVDAQ_10,cloudy,system_10_2023_01_01.csv,2023-01-01,8.520519937193653,cloudy
2023-01-01 14:05:00,166.14,1.6019,117.28,2.0979,138.4,PVDAQ_10,cloudy,system_10_2023_01_01.csv,2023-01-01,8.298388541220929,cloudy
2023-01-01 14:06:00,171.67,1.6556,117.36,2.1258,145.47,PVDAQ_10,cloudy,system_10_2023_01_01.csv,2023-01-01,9.084565246306514,cloudy
2023-01-01 14:07:00,177.82,1.6857,117.26,2.1605,150.65,PVDAQ_10,cloudy,system_10_2023_01_01.csv,2023-01-01,10.83556300864889,cloudy
2023-01-01 14:08:00,189.66,1.7466,117.25,2.2165,162.3,PVDAQ_10,cloudy,system_10_2023_01_01.csv,2023-01-01,14.122431228709821,cloudy
2023-01-01 14:09:00,200.61,1.7632,117.19,2.2811,172.52,PVDAQ_10,cloudy,system_10_2023_01_01.csv,2023-01-01,18.14037551457077,cloudy
2023-01-01 14:10:00,211.47,1.7547,117.27,2.3503,183.37,PVDAQ_10,cloudy,system_10_2023_01_01.csv,2023-01-01,22.44247817570025,cloudy
2023-01-01 14:11:00,227.34,1.7823,117.28,2.443,201.02,PVDAQ_10,cloudy,system_10_2023_01_01.csv,2023-01-01,27.462649128279175,cloudy
2023-01-01 14:12:00,246.67,1.7088,117.39,2.564,219.64,PVDAQ_10,cloudy,system_10_2023_01_01.csv,2023-01-01,33.2652254005966,cloudy
2023-01-01 14:34:00,241.06,0.90306,117.33,2.4907,206.33,PVDAQ_10,cloudy,system_10_2023_01_01.csv,2023-01-01,29.070478938511034,cloudy
2023-01-01 14:35:00,218.33,0.92912,117.16,2.3368,182.96,PVDAQ_10,cloudy,system_10_2023_01_01.csv,2023-01-01,35.227709237124195,cloudy
2023-01-01 14:36:00,202.7,0.95292,117.25,2.2521,167.44,PVDAQ_10,cloudy,system_10_2023_01_01.csv,2023-01-01,41.16491336540232,cloudy
2023-01-01 14:37:00,192.6,0.99524,117.18,2.195,158.6,PVDAQ_10,cloudy,system_10_2023_01_01.csv,2023-01-01,44.805029447704285,cloudy
2023-01-01 14:38:00,185.93,1.0055,117.08,2.1672,152.61,PVDAQ_10,cloudy,system_10_2023_01_01.csv,2023-01-01,46.79762882678615,cloudy
2023-01-01 14:39:00,177.77,0.97483,117.08,2.1277,144.23,PVDAQ_10,cloudy,system_10_2023_01_01.csv,2023-01-01,49.77488027777453,cloudy
2023-01-01 14:40:00,171.92,0.83032,117.04,2.099,137.67,PVDAQ_10,cloudy,system_10_2023_01_01.csv,2023-01-01,52.693337177078305,cloudy
2023-01-01 14:41:00,166.31,0.7560799999999999,117.32,2.0684,132.16,PVDAQ_10,cloudy,system_10_2023_01_01.csv,2023-01-01,53.31227072188849,cloudy
2023-01-01 14:42:00,161.73,0.70071,117.19,2.0522,127.86,PVDAQ_10,cloudy,system_10_2023_01_01.csv,2023-01-01,52.47750917797001,cloudy
2023-01-01 14:43:00,158.52,0.67146,117.02,2.0345,126.57,PVDAQ_10,cloudy,system_10_2023_01_01.csv,2023-01-01,50.20033037265716,cloudy
2023-01-01 14:44:00,156.56,0.64541,116.98,2.0218,124.1,PVDAQ_10,cloudy,system_10_2023_01_01.csv,2023-01-01,47.04773123420329,cloudy
2023-01-01 14:45:00,155.36,0.65503,116.98,2.0254,123.06,PVDAQ_10,cloudy,system_10_2023_01_01.csv,2023-01-01,43.028561422563854,cloudy
2023-01-01 14:46:00,154.63,0.71272,117.06,2.0221,123.32,PVDAQ_10,cloudy,system_10_2023_01_01.csv,2023-01-01,37.99942067227713,cloudy
2023-01-01 14:47:00,154.19,0.73957,117.17,2.0227,123.16,PVDAQ_10,cloudy,system_10_2023_01_01.csv,2023-01-01,32.16061273403667,cloudy
2023-01-01 14:48:00,153.7,0.7204899999999999,117.18,2.0182,122.41,PVDAQ_10,cloudy,system_10_2023_01_01.csv,2023-01-01,26.6720621089365,cloudy
2023-01-01 14:49:00,152.2,0.69916,117.19,2.0147,120.76,PVDAQ_10,cloudy,system_10_2023_01_01.csv,2023-01-01,20.530143691657596,cloudy
2023-01-01 14:50:00,151.09,0.6912599999999999,117.2,2.0105,121.34,PVDAQ_10,cloudy,system_10_2023_01_01.csv,2023-01-01,16.328805164351298,cloudy
2023-01-01 14:51:00,149.7,0.73069,117.25,2.0113,120.27,PVDAQ_10,cloudy,system_10_2023_01_01.csv,2023-01-01,13.366185907520245,cloudy
2023-01-01 14:52:00,148.8,0.75912,117.23,2.0025,118.99,PVDAQ_10,cloudy,system_10_2023_01_01.csv,2023-01-01,10.96246635440836,cloudy
2023-01-01 14:53:00,148.2,0.7899199999999998,117.19,1.9937,118.42,PVDAQ_10,cloudy,system_10_2023_01_01.csv,2023-01-01,8.64552804854635,cloudy
2023-01-01 14:54:00,148.2,0.79302,117.15,2.0069,118.98,PVDAQ_10,cloudy,system_10_2023_01_01.csv,2023-01-01,6.848259911074492,cloudy
2023-01-01 14:55:00,147.22,0.7922299999999999,117.09,1.9984,117.33,PVDAQ_10,cloudy,system_10_2023_01_01.csv,2023-01-01,5.413428365349698,cloudy
2023-01-01 14:56:00,146.19,0.77485,117.18,1.9896,116.36,PVDAQ_10,cloudy,system_10_2023_01_01.csv,2023-01-01,4.49693938247223,cloudy
2023-01-01 14:57:00,144.01,0.7266799999999999,117.14,1.9791,114.44,PVDAQ_10,cloudy,system_10_2023_01_01.csv,2023-01-01,4.193614533698671,cloudy
2023-01-01 14:58:00,141.23,0.7172,117.11,1.9653,110.64,PVDAQ_10,cloudy,system_10_2023_01_01.csv,2023-01-01,4.419215939950808,cloudy
2023-01-01 14:59:00,137.69,0.64451,117.12,1.9521,107.03,PVDAQ_10,cloudy,system_10_2023_01_01.csv,2023-01-01,5.080755661842416,cloudy
2023-01-01 15:00:00,134.65,0.55279,117.09,1.9361,103.78,PVDAQ_10,cloudy,system_10_2023_01_01.csv,2023-01-01,5.922864493606901,cloudy
2023-01-01 15:01:00,132.39,0.4817199999999999,117.18,1.9256,100.6,PVDAQ_10,cloudy,system_10_2023_01_01.csv,2023-01-01,6.7255003000386315,cloudy
2023-01-01 15:02:00,129.78,0.46366,117.1,1.9159,98.941,PVDAQ_10,cloudy,system_10_2023_01_01.csv,2023-01-01,7.501354798276718,cloudy
2023-01-01 15:03:00,126.7,0.44344,117.09,1.8961,95.859,PVDAQ_10,cloudy,system_10_2023_01_01.csv,2023-01-01,8.291839935980118,cloudy
2023-01-01 15:04:00,124.49,0.4639699999999999,116.89,1.8917,91.679,PVDAQ_10,cloudy,system_10_2023_01_01.csv,2023-01-01,9.038319586764239,cloudy
2023-01-01 15:05:00,122.4,0.50743,116.89,1.8861,91.047,PVDAQ_10,cloudy,system_10_2023_01_01.csv,2023-01-01,9.692149007369697,cloudy
2023-01-01 15:06:00,120.9,0.54617,116.92,1.8817,90.227,PVDAQ_10,cloudy,system_10_2023_01_01.csv,2023-01-01,10.212347335228223,cloudy
2023-01-01 15:07:00,120.25,0.55012,116.91,1.8795,88.641,PVDAQ_10,cloudy,system_10_2023_01_01.csv,2023-01-01,10.484296193201114,cloudy
2023-01-01 15:08:00,119.6,0.55717,116.58,1.8798,88.641,PVDAQ_10,cloudy,system_10_2023_01_01.csv,2023-01-01,10.503763044516125,cloudy
2023-01-01 15:09:00,119.49,0.54447,116.66,1.8765,86.712,PVDAQ_10,cloudy,system_10_2023_01_01.csv,2023-01-01,10.155277633311076,cloudy
2023-01-01 15:10:00,118.4,0.5271,116.65,1.8674,85.703,PVDAQ_10,cloudy,system_10_2023_01_01.csv,2023-01-01,9.60565671635652,cloudy
2023-01-01 15:11:00,116.93,0.50278,116.63,1.8635,86.058,PVDAQ_10,cloudy,system_10_2023_01_01.csv,2023-01-01,8.852927253314853,cloudy
2023-01-01 15:12:00,114.7,0.4500799999999999,116.55,1.8577,82.94199999999998,PVDAQ_10,cloudy,system_10_2023_01_01.csv,2023-01-01,8.094084847832598,cloudy
2023-01-01 15:13:00,112.25,0.41297,116.62,1.855,81.235,PVDAQ_10,cloudy,system_10_2023_01_01.csv,2023-01-01,7.455264550900461,cloudy
2023-01-01 15:14:00,109.8,0.3765,116.85,1.8456,78.851,PVDAQ_10,cloudy,system_10_2023_01_01.csv,2023-01-01,7.099394206222205,cloudy
2023-01-01 15:15:00,107.19,0.33215,116.92,1.8379,75.536,PVDAQ_10,cloudy,system_10_2023_01_01.csv,2023-01-01,7.010426792259289,cloudy
2023-01-01 15:16:00,104.46,0.29819,116.89,1.8293,73.995,PVDAQ_10,cloudy,system_10_2023_01_01.csv,2023-01-01,7.103341735382485,cloudy
2023-01-01 15:17:00,101.28,0.2799099999999999,116.88,1.8177,70.27,PVDAQ_10,cloudy,system_10_2023_01_01.csv,2023-01-01,7.478237441951,cloudy
2023-01-01 15:18:00,98.64,0.27272,116.85,1.8147,66.079,PVDAQ_10,cloudy,system_10_2023_01_01.csv,2023-01-01,8.075470972560908,cloudy
2023-01-01 15:19:00,95.617,0.24665,116.74,1.8045,65.004,PVDAQ_10,cloudy,system_10_2023_01_01.csv,2023-01-01,8.816810022964912,cloudy
2023-01-01 15:20:00,92.952,0.25699,116.58,1.7951,61.389,PVDAQ_10,cloudy,system_10_2023_01_01.csv,2023-01-01,9.608952599881455,cloudy
2023-01-01 15:21:00,90.285,0.27282,116.42,1.788,57.475,PVDAQ_10,cloudy,system_10_2023_01_01.csv,2023-01-01,10.385674298676852,cloudy
2023-01-01 15:22:00,87.671,0.2743999999999999,116.45,1.7835,56.101,PVDAQ_10,cloudy,system_10_2023_01_01.csv,2023-01-01,11.05353092907879,cloudy
2023-01-01 15:23:00,85.412,0.2697499999999999,116.41,1.7844,55.158,PVDAQ_10,cloudy,system_10_2023_01_01.csv,2023-01-01,11.55162843931976,cloudy
2023-01-01 15:24:00,84.241,0.27294,116.5,1.7827,53.928,PVDAQ_10,cloudy,system_10_2023_01_01.csv,2023-01-01,11.688423490588406,cloudy
2023-01-01 15:25:00,83.26099999999998,0.25083,116.65,1.7811,52.486,PVDAQ_10,cloudy,system_10_2023_01_01.csv,2023-01-01,11.541493642303777,cloudy
2023-01-01 15:26:00,82.991,0.23408,116.58,1.7827,53.65,PVDAQ_10,cloudy,system_10_2023_01_01.csv,2023-01-01,11.08889573059056,cloudy
2023-01-01 15:27:00,83.836,0.2158499999999999,116.51,1.7811,53.828,PVDAQ_10,cloudy,system_10_2023_01_01.csv,2023-01-01,10.352694780086173,cloudy
2023-01-01 15:28:00,83.56399999999998,0.1953199999999999,116.53,1.7822,54.227,PVDAQ_10,cloudy,system_10_2023_01_01.csv,2023-01-01,9.484184245870765,cloudy
2023-01-01 15:29:00,82.967,0.17548,116.51,1.7789,53.917,PVDAQ_10,cloudy,system_10_2023_01_01.csv,2023-01-01,8.51939616573091,cloudy
2023-01-01 15:30:00,82.286,0.1444999999999999,116.47,1.7775,53.052,PVDAQ_10,cloudy,system_10_2023_01_01.csv,2023-01-01,7.495189274912641,cloudy
2023-01-01 15:31:00,81.932,0.1413399999999999,116.45,1.7813,52.852,PVDAQ_10,cloudy,system_10_2023_01_01.csv,2023-01-01,6.419872636335182,cloudy
2023-01-01 15:32:00,82.09699999999998,0.1269599999999999,116.51,1.7797,52.885,PVDAQ_10,cloudy,system_10_2023_01_01.csv,2023-01-01,5.366042452319808,cloudy
2023-01-01 15:33:00,82.58799999999998,0.12055,116.51,1.783,53.473,PVDAQ_10,cloudy,system_10_2023_01_01.csv,2023-01-01,4.262858475371966,cloudy
2023-01-01 15:34:00,82.99599999999998,0.12609,116.53,1.7797,53.096,PVDAQ_10,cloudy,system_10_2023_01_01.csv,2023-01-01,3.233289467562479,cloudy
2023-01-01 15:35:00,82.998,0.1266799999999999,116.53,1.783,53.23,PVDAQ_10,cloudy,system_10_2023_01_01.csv,2023-01-01,2.2782845259208417,cloudy
2023-01-01 15:36:00,82.753,0.12273,116.47,1.7789,53.785,PVDAQ_10,cloudy,system_10_2023_01_01.csv,2023-01-01,1.4653402270634206,cloudy
2023-01-01 15:37:00,82.263,0.0943399999999999,116.51,1.7797,53.364,PVDAQ_10,cloudy,system_10_2023_01_01.csv,2023-01-01,0.9098769148065228,cloudy
2023-01-01 15:38:00,81.771,0.0512999999999999,116.53,1.78,53.531,PVDAQ_10,cloudy,system_10_2023_01_01.csv,2023-01-01,0.705814976498928,cloudy
2023-01-01 15:39:00,80.165,0.0292,116.57,1.7787,51.492,PVDAQ_10,cloudy,system_10_2023_01_01.csv,2023-01-01,0.8875830639077436,cloudy
2023-01-01 15:40:00,78.912,0.0244699999999999,116.58,1.774,49.618,PVDAQ_10,cloudy,system_10_2023_01_01.csv,2023-01-01,1.2712273484811025,cloudy
2023-01-01 15:41:00,76.327,0.0270099999999999,116.51,1.7704,47.079,PVDAQ_10,cloudy,system_10_2023_01_01.csv,2023-01-01,1.9734739010670754,cloudy
2023-01-01 15:42:00,74.14799999999998,0.03175,116.51,1.7663,44.818,PVDAQ_10,cloudy,system_10_2023_01_01.csv,2023-01-01,2.715863184733875,cloudy
2023-01-01 15:43:00,71.861,0.0483499999999999,116.5,1.7622,42.478,PVDAQ_10,cloudy,system_10_2023_01_01.csv,2023-01-01,3.5395414446214235,cloudy
2023-01-01 15:44:00,70.201,0.04922,116.55,1.7586,40.749,PVDAQ_10,cloudy,system_10_2023_01_01.csv,2023-01-01,4.32658957082632,cloudy
2023-01-01 15:45:00,68.594,0.0571199999999999,116.54,1.7575,38.886,PVDAQ_10,cloudy,system_10_2023_01_01.csv,2023-01-01,5.086460273548095,cloudy
2023-01-01 15:46:00,67.124,0.06167,116.56,1.7556,38.31,PVDAQ_10,cloudy,system_10_2023_01_01.csv,2023-01-01,5.7902841923923365,cloudy
2023-01-01 15:47:00,66.008,0.04454,116.48,1.7561,37.013,PVDAQ_10,cloudy,system_10_2023_01_01.csv,2023-01-01,6.3695129753344695,cloudy
2023-01-01 15:48:00,65.926,0.0366399999999999,116.44,1.7542,36.858,PVDAQ_10,cloudy,system_10_2023_01_01.csv,2023-01-01,6.691749901405014,cloudy
2023-01-01 15:49:00,65.818,0.01225,116.47,1.7548,36.891,PVDAQ_10,cloudy,system_10_2023_01_01.csv,2023-01-01,6.781037350063329,cloudy
2023-01-01 15:50:00,66.063,-0.01601,116.48,1.7542,38.277,PVDAQ_10,cloudy,system_10_2023_01_01.csv,2023-01-01,6.642187126893373,cloudy
2023-01-01 15:51:00,67.207,-0.02944,116.5,1.7545,38.843,PVDAQ_10,cloudy,system_10_2023_01_01.csv,2023-01-01,6.245390634021626,cloudy
2023-01-01 15:52:00,68.569,-0.02851,116.54,1.757,39.586,PVDAQ_10,cloudy,system_10_2023_01_01.csv,2023-01-01,5.633887968196706,cloudy
2023-01-01 15:53:00,68.624,-0.04016,116.39,1.7576,39.231,PVDAQ_10,cloudy,system_10_2023_01_01.csv,2023-01-01,4.847334130377732,cloudy
2023-01-01 15:54:00,68.188,-0.06307,116.21,1.7562,29.019,PVDAQ_10,cloudy,system_10_2023_01_01.csv,2023-01-01,4.037362534897184,cloudy
2023-01-01 15:55:00,66.255,-0.0878,116.14,1.7576,17.952,PVDAQ_10,cloudy,system_10_2023_01_01.csv,2023-01-01,3.176635503784721,cloudy
2023-01-01 15:56:00,64.403,-0.11896,116.23,1.7576,32.645,PVDAQ_10,cloudy,system_10_2023_01_01.csv,2023-01-01,2.5738394555514033,cloudy
2023-01-01 15:57:00,62.061,-0.16477,116.22,1.7482,31.902,PVDAQ_10,cloudy,system_10_2023_01_01.csv,2023-01-01,2.3732117839595572,cloudy
2023-01-01 15:58:00,59.447,-0.20255,116.52,1.7394,29.407,PVDAQ_10,cloudy,system_10_2023_01_01.csv,2023-01-01,2.7404735044636483,cloudy
2023-01-01 15:59:00,57.269,-0.2166299999999999,116.54,1.7375,27.278,PVDAQ_10,cloudy,system_10_2023_01_01.csv,2023-01-01,3.383933583174153,cloudy
2023-01-01 16:00:00,54.845,-0.22295,116.44,1.7405,24.961,PVDAQ_10,cloudy,system_10_2023_01_01.csv,2023-01-01,4.225242222428312,cloudy
2023-01-01 16:01:00,53.021,-0.2331399999999999,116.43,1.7433,23.364,PVDAQ_10,cloudy,system_10_2023_01_01.csv,2023-01-01,5.08595484036094,cloudy
2023-01-01 16:02:00,50.76,-0.23862,116.27,1.7422,21.39,PVDAQ_10,cloudy,system_10_2023_01_01.csv,2023-01-01,6.006558088186797,cloudy
2023-01-01 16:03:00,48.555,-0.24889,115.98,1.7353,18.995,PVDAQ_10,cloudy,system_10_2023_01_01.csv,2023-01-01,6.917500360548651,cloudy
2023-01-01 16:04:00,46.104,-0.27966,115.95,1.7344,16.533,PVDAQ_10,cloudy,system_10_2023_01_01.csv,2023-01-01,7.8316583793934695,cloudy
2023-01-01 16:05:00,43.653,-0.33494,115.91,1.7435,13.85,PVDAQ_10,cloudy,system_10_2023_01_01.csv,2023-01-01,8.700446087091223,cloudy
2023-01-01 16:06:00,41.311,-0.38233,116.15,1.7491,11.433,PVDAQ_10,cloudy,system_10_2023_01_01.csv,2023-01-01,9.410314356375638,cloudy
2023-01-01 16:07:00,39.242,-0.38846,116.21,1.7482,9.9799,PVDAQ_10,cloudy,system_10_2023_01_01.csv,2023-01-01,9.842896168356514,cloudy
2023-01-01 16:08:00,37.444,-0.3981399999999999,116.13,1.7463,8.3277,PVDAQ_10,cloudy,system_10_2023_01_01.csv,2023-01-01,10.031724137531064,cloudy
2023-01-01 16:09:00,35.729,-0.4171,116.12,1.7538,7.0857,PVDAQ_10,cloudy,system_10_2023_01_01.csv,2023-01-01,9.984635278175656,cloudy
2023-01-01 16:10:00,34.585,-0.41998,115.93,1.7549,6.2097,PVDAQ_10,cloudy,system_10_2023_01_01.csv,2023-01-01,9.801155788020452,cloudy
2023-01-01 16:11:00,33.768,-0.4146199999999999,116.38,1.7601,5.5444,PVDAQ_10,cloudy,system_10_2023_01_01.csv,2023-01-01,9.44998622675232,cloudy
2023-01-01 16:12:00,33.332,-0.40278,116.35,1.7648,5.4668,PVDAQ_10,cloudy,system_10_2023_01_01.csv,2023-01-01,8.974508897565093,cloudy
2023-01-01 16:13:00,33.305,-0.3730399999999999,116.35,1.7648,5.5888,PVDAQ_10,cloudy,system_10_2023_01_01.csv,2023-01-01,8.40660982176121,cloudy
2023-01-01 16:14:00,33.332,-0.3493999999999999,116.37,1.7651,5.4446,PVDAQ_10,cloudy,system_10_2023_01_01.csv,2023-01-01,7.720258539965053,cloudy
2023-01-01 16:15:00,33.115,-0.33992,116.26,1.7642,5.5888,PVDAQ_10,cloudy,system_10_2023_01_01.csv,2023-01-01,6.994854899621606,cloudy
2023-01-01 16:16:00,32.706,-0.34194,116.36,1.7618,5.0011,PVDAQ_10,cloudy,system_10_2023_01_01.csv,2023-01-01,6.174267237810746,cloudy
2023-01-01 16:17:00,32.243,-0.3332899999999999,116.32,1.7587,4.1694,PVDAQ_10,cloudy,system_10_2023_01_01.csv,2023-01-01,5.333892701627439,cloudy
2023-01-01 16:18:00,30.773,-0.3238099999999999,116.26,1.7488,2.7389,PVDAQ_10,cloudy,system_10_2023_01_01.csv,2023-01-01,4.55601149504153,cloudy
2023-01-01 16:19:00,28.703,-0.32024,116.29,1.7334,1.4859,PVDAQ_10,cloudy,system_10_2023_01_01.csv,2023-01-01,3.991598041374263,cloudy
2023-01-01 16:20:00,26.661,-0.3234,116.3,1.7347,0.55444,PVDAQ_10,cloudy,system_10_2023_01_01.csv,2023-01-01,3.7272237172174782,cloudy
2023-01-01 16:21:00,23.801,-0.35265,116.33,1.7353,0.0,PVDAQ_10,cloudy,system_10_2023_01_01.csv,2023-01-01,3.926669723108739,cloudy
2023-01-01 16:22:00,21.514,-0.38288,116.28,1.7427,0.0,PVDAQ_10,cloudy,system_10_2023_01_01.csv,2023-01-01,4.416498750097962,cloudy
2023-01-02 08:22:00,22.261,-3.4437,117.25,1.6644,0.0,PVDAQ_10,cloudy,system_10_2023_01_02.csv,2023-01-02,4.23819035080013,cloudy
2023-01-02 08:23:00,27.356,-3.435,117.26,1.6644,0.0,PVDAQ_10,cloudy,system_10_2023_01_02.csv,2023-01-02,5.686093140251525,cloudy
2023-01-02 08:24:00,30.544,-3.4158,117.25,1.6647,0.0,PVDAQ_10,cloudy,system_10_2023_01_02.csv,2023-01-02,7.065537488373802,cloudy
2023-01-02 08:25:00,32.397,-3.3863,117.25,1.6655,0.0,PVDAQ_10,cloudy,system_10_2023_01_02.csv,2023-01-02,8.13942641964153,cloudy
2023-01-02 08:26:00,32.696,-3.3473,117.34,1.6658,0.0,PVDAQ_10,cloudy,system_10_2023_01_02.csv,2023-01-02,8.827593112340669,cloudy
2023-01-02 08:27:00,34.222,-3.329,117.3,1.665,0.0,PVDAQ_10,cloudy,system_10_2023_01_02.csv,2023-01-02,9.469607403985446,cloudy
2023-01-02 08:28:00,35.285,-3.3489,117.29,1.665,0.0,PVDAQ_10,cloudy,system_10_2023_01_02.csv,2023-01-02,9.957987102818612,cloudy
2023-01-02 08:29:00,35.203,-3.3736,117.32,1.6658,0.0,PVDAQ_10,cloudy,system_10_2023_01_02.csv,2023-01-02,10.09027938916116,cloudy
2023-01-02 08:30:00,34.359,-3.3715,117.25,1.665,0.0,PVDAQ_10,cloudy,system_10_2023_01_02.csv,2023-01-02,9.80114609771041,cloudy
2023-01-02 08:31:00,33.895,-3.3547,117.29,1.6658,0.0,PVDAQ_10,cloudy,system_10_2023_01_02.csv,2023-01-02,9.238652312565597,cloudy
2023-01-02 08:32:00,34.059,-3.3476,117.32,1.6652,0.0,PVDAQ_10,cloudy,system_10_2023_01_02.csv,2023-01-02,8.51637031895729,cloudy
2023-01-02 08:33:00,34.903,-3.3256,117.31,1.6647,0.0,PVDAQ_10,cloudy,system_10_2023_01_02.csv,2023-01-02,7.492800365309268,cloudy
2023-01-02 08:34:00,36.619,-3.3232,117.27,1.6658,0.0,PVDAQ_10,cloudy,system_10_2023_01_02.csv,2023-01-02,6.36673493880855,cloudy
2023-01-02 08:35:00,37.273,-3.3289,117.29,1.6652,0.0,PVDAQ_10,cloudy,system_10_2023_01_02.csv,2023-01-02,5.304790770084997,cloudy
2023-01-02 08:36:00,37.219,-3.3397,117.29,1.6652,0.0,PVDAQ_10,cloudy,system_10_2023_01_02.csv,2023-01-02,3.9736717241767643,cloudy
2023-01-02 08:37:00,36.674,-3.3317,117.33,1.665,0.0,PVDAQ_10,cloudy,system_10_2023_01_02.csv,2023-01-02,2.660017413136364,cloudy
2023-01-02 08:38:00,35.884,-3.3379,117.37,1.6655,0.0,PVDAQ_10,cloudy,system_10_2023_01_02.csv,2023-01-02,1.9000627132753263,cloudy
2023-01-02 08:39:00,35.502,-3.373,117.28,1.6644,0.0,PVDAQ_10,cloudy,system_10_2023_01_02.csv,2023-01-02,1.506924951554428,cloudy
2023-01-02 08:40:00,37.056,-3.3802,117.28,1.6677,0.0,PVDAQ_10,cloudy,system_10_2023_01_02.csv,2023-01-02,1.390188397680657,cloudy
2023-01-02 08:41:00,39.399,-3.3963,117.31,1.6655,0.0,PVDAQ_10,cloudy,system_10_2023_01_02.csv,2023-01-02,1.5324286140751966,cloudy
2023-01-02 08:42:00,41.388,-3.4014,117.32,1.6677,0.0,PVDAQ_10,cloudy,system_10_2023_01_02.csv,2023-01-02,2.029453299618324,cloudy
2023-01-02 08:43:00,42.996,-3.399,117.26,1.6647,0.0,PVDAQ_10,cloudy,system_10_2023_01_02.csv,2023-01-02,2.6360091534811696,cloudy
2023-01-02 08:44:00,45.502,-3.3791,117.21,1.6663,0.0,PVDAQ_10,cloudy,system_10_2023_01_02.csv,2023-01-02,3.410002287403004,cloudy
2023-01-02 08:45:00,48.527,-3.3361,117.25,1.6644,0.0,PVDAQ_10,cloudy,system_10_2023_01_02.csv,2023-01-02,4.315334873073059,cloudy
2023-01-02 08:46:00,49.099,-3.313,117.23,1.665,0.0,PVDAQ_10,cloudy,system_10_2023_01_02.csv,2023-01-02,4.911037432840496,cloudy
2023-01-02 08:47:00,49.781,-3.2967,117.1,1.6641,0.0,PVDAQ_10,cloudy,system_10_2023_01_02.csv,2023-01-02,5.332583638984078,cloudy
2023-01-02 08:48:00,51.307,-3.2937,116.91,1.6658,0.0,PVDAQ_10,cloudy,system_10_2023_01_02.csv,2023-01-02,5.762758658184036,cloudy
2023-01-02 08:49:00,52.315,-3.3494,116.92,1.6658,0.0,PVDAQ_10,cloudy,system_10_2023_01_02.csv,2023-01-02,6.199280025792467,cloudy
2023-01-02 08:50:00,52.886,-3.3551,116.94,1.6663,0.0,PVDAQ_10,cloudy,system_10_2023_01_02.csv,2023-01-02,6.5317328554781255,cloudy
2023-01-02 08:51:00,53.703,-3.3561,117.04,1.665,0.0,PVDAQ_10,cloudy,system_10_2023_01_02.csv,2023-01-02,6.74618613384447,cloudy
2023-01-02 08:52:00,54.874,-3.3489,117.31,1.6647,0.0,PVDAQ_10,cloudy,system_10_2023_01_02.csv,2023-01-02,6.816362716714014,cloudy
2023-01-02 08:53:00,56.891,-3.3247,117.3,1.6644,0.0,PVDAQ_10,cloudy,system_10_2023_01_02.csv,2023-01-02,6.743921214877563,cloudy
2023-01-02 08:54:00,58.308,-3.3324,117.28,1.6652,0.0,PVDAQ_10,cloudy,system_10_2023_01_02.csv,2023-01-02,6.4297701788225545,cloudy
2023-01-02 08:55:00,58.253,-3.338,117.28,1.6652,0.0,PVDAQ_10,cloudy,system_10_2023_01_02.csv,2023-01-02,5.943350038977116,cloudy
2023-01-02 08:56:00,58.035,-3.3201,117.27,1.6658,0.0,PVDAQ_10,cloudy,system_10_2023_01_02.csv,2023-01-02,5.415331239053301,cloudy
2023-01-02 08:57:00,58.144,-3.3171,117.27,1.6661,0.0,PVDAQ_10,cloudy,system_10_2023_01_02.csv,2023-01-02,4.860073521891462,cloudy
2023-01-02 08:58:00,58.226,-3.2948,117.11,1.6666,0.0,PVDAQ_10,cloudy,system_10_2023_01_02.csv,2023-01-02,4.2371168398311925,cloudy
2023-01-02 08:59:00,58.253,-3.2984,117.03,1.6652,0.0,PVDAQ_10,cloudy,system_10_2023_01_02.csv,2023-01-02,3.7170541882236114,cloudy
2023-01-02 09:00:00,58.226,-3.3049,116.96,1.6652,0.0,PVDAQ_10,cloudy,system_10_2023_01_02.csv,2023-01-02,3.4219955846037995,cloudy
2023-01-02 09:01:00,58.172,-3.2874,117.01,1.6655,0.0,PVDAQ_10,cloudy,system_10_2023_01_02.csv,2023-01-02,3.043720126690262,cloudy
2023-01-02 09:02:00,58.116,-3.2688,117.16,1.6644,0.0,PVDAQ_10,cloudy,system_10_2023_01_02.csv,2023-01-02,2.5882650780747607,cloudy
2023-01-02 09:03:00,57.979,-3.26,117.27,1.6639,0.0,PVDAQ_10,cloudy,system_10_2023_01_02.csv,2023-01-02,2.1979436103734313,cloudy
2023-01-02 09:04:00,57.897,-3.2552,117.18,1.665,0.0,PVDAQ_10,cloudy,system_10_2023_01_02.csv,2023-01-02,1.819747936522163,cloudy
2023-01-02 09:05:00,58.061,-3.2462,117.17,1.663,0.0,PVDAQ_10,cloudy,system_10_2023_01_02.csv,2023-01-02,1.3818113302751243,cloudy
2023-01-02 09:06:00,55.936,-3.2359,117.24,1.6627,0.0,PVDAQ_10,cloudy,system_10_2023_01_02.csv,2023-01-02,1.0084694768856715,cloudy
2023-01-02 09:07:00,52.285,-3.2025,117.06,1.6652,0.0,PVDAQ_10,cloudy,system_10_2023_01_02.csv,2023-01-02,1.5830058749403795,cloudy
2023-01-02 09:08:00,50.351,-3.1922,116.92,1.6663,0.0,PVDAQ_10,cloudy,system_10_2023_01_02.csv,2023-01-02,2.4380098792917706,cloudy
2023-01-02 09:09:00,50.351,-3.2296,116.92,1.6658,0.0,PVDAQ_10,cloudy,system_10_2023_01_02.csv,2023-01-02,2.9617753283012083,cloudy
2023-01-02 09:10:00,51.169,-3.2296,116.99,1.6652,0.0,PVDAQ_10,cloudy,system_10_2023_01_02.csv,2023-01-02,3.2243721086955315,cloudy
2023-01-02 09:11:00,51.659,-3.186,117.14,1.6658,0.0,PVDAQ_10,cloudy,system_10_2023_01_02.csv,2023-01-02,3.36543244940737,cloudy
2023-01-02 09:12:00,50.788,-3.1891,117.31,1.665,0.0,PVDAQ_10,cloudy,system_10_2023_01_02.csv,2023-01-02,3.509691516779302,cloudy
2023-01-02 09:13:00,50.297,-3.2424,117.33,1.6644,0.0,PVDAQ_10,cloudy,system_10_2023_01_02.csv,2023-01-02,3.6113034251730793,cloudy
2023-01-02 09:14:00,50.352,-3.2886,117.35,1.6658,0.0,PVDAQ_10,cloudy,system_10_2023_01_02.csv,2023-01-02,3.622246944081096,cloudy
2023-01-02 09:15:00,49.426,-3.3165,117.13,1.665,0.0,PVDAQ_10,cloudy,system_10_2023_01_02.csv,2023-01-02,3.620499645878938,cloudy
2023-01-02 09:16:00,48.853,-3.3292,117.03,1.6647,0.0,PVDAQ_10,cloudy,system_10_2023_01_02.csv,2023-01-02,3.564817239701931,cloudy
2023-01-02 09:17:00,47.654,-3.2999,117.06,1.6641,0.0,PVDAQ_10,cloudy,system_10_2023_01_02.csv,2023-01-02,3.494442217238519,cloudy
2023-01-02 09:18:00,45.42,-3.2928,117.05,1.6652,0.0,PVDAQ_10,cloudy,system_10_2023_01_02.csv,2023-01-02,3.5163822683601675,cloudy
2023-01-02 09:19:00,43.322,-3.3143,117.32,1.6658,0.0,PVDAQ_10,cloudy,system_10_2023_01_02.csv,2023-01-02,3.5957975762852157,cloudy
2023-01-02 09:20:00,40.87,-3.3213,117.07,1.6647,0.0,PVDAQ_10,cloudy,system_10_2023_01_02.csv,2023-01-02,3.715511767621358,cloudy
2023-01-02 09:21:00,39.018,-3.3683,117.07,1.6647,0.0,PVDAQ_10,cloudy,system_10_2023_01_02.csv,2023-01-02,4.089551320144371,cloudy
2023-01-02 09:22:00,37.492,-3.3994,117.11,1.6655,0.0,PVDAQ_10,cloudy,system_10_2023_01_02.csv,2023-01-02,4.744846139318823,cloudy
2023-01-02 09:23:00,35.503,-3.3947,117.1,1.6647,0.0,PVDAQ_10,cloudy,system_10_2023_01_02.csv,2023-01-02,5.512629635240557,cloudy
2023-01-02 09:24:00,34.658,-3.3836,117.1,1.6639,0.0,PVDAQ_10,cloudy,system_10_2023_01_02.csv,2023-01-02,6.113730571045171,cloudy
2023-01-02 09:25:00,34.931,-3.3628,117.09,1.6641,0.0,PVDAQ_10,cloudy,system_10_2023_01_02.csv,2023-01-02,6.393324132033111,cloudy
2023-01-02 09:26:00,37.111,-3.3341,117.07,1.6641,0.0,PVDAQ_10,cloudy,system_10_2023_01_02.csv,2023-01-02,6.2530226024508035,cloudy
2023-01-02 09:27:00,38.555,-3.3341,117.03,1.6661,0.0,PVDAQ_10,cloudy,system_10_2023_01_02.csv,2023-01-02,5.962180428101511,cloudy
2023-01-02 09:28:00,39.127,-3.3165,117.06,1.6658,0.0,PVDAQ_10,cloudy,system_10_2023_01_02.csv,2023-01-02,5.567240928186484,cloudy
2023-01-02 09:29:00,38.01,-3.3563,117.06,1.6652,0.0,PVDAQ_10,cloudy,system_10_2023_01_02.csv,2023-01-02,5.051473019502363,cloudy
2023-01-02 09:30:00,36.43,-3.3921,117.01,1.6652,0.0,PVDAQ_10,cloudy,system_10_2023_01_02.csv,2023-01-02,4.52864190407363,cloudy
2023-01-02 09:31:00,34.358,-3.4033,117.0,1.6652,0.0,PVDAQ_10,cloudy,system_10_2023_01_02.csv,2023-01-02,3.9702736105904024,cloudy
2023-01-02 09:32:00,33.132,-3.4495,117.33,1.6641,0.0,PVDAQ_10,cloudy,system_10_2023_01_02.csv,2023-01-02,3.393748851456152,cloudy
2023-01-02 09:33:00,32.423,-3.4591,117.31,1.665,0.0,PVDAQ_10,cloudy,system_10_2023_01_02.csv,2023-01-02,2.957502058945115,cloudy
2023-01-02 09:34:00,32.015,-3.4503,117.28,1.6647,0.0,PVDAQ_10,cloudy,system_10_2023_01_02.csv,2023-01-02,2.655510798338628,cloudy
2023-01-02 09:35:00,31.661,-3.4519,117.33,1.665,0.0,PVDAQ_10,cloudy,system_10_2023_01_02.csv,2023-01-02,2.5724012536182577,cloudy
2023-01-02 09:36:00,30.598,-3.4694,117.37,1.665,0.0,PVDAQ_10,cloudy,system_10_2023_01_02.csv,2023-01-02,2.6956093789535656,cloudy
2023-01-02 09:37:00,29.399,-3.5014,117.38,1.6647,0.0,PVDAQ_10,cloudy,system_10_2023_01_02.csv,2023-01-02,2.971368318772872,cloudy
2023-01-02 09:38:00,28.446,-3.4927,117.24,1.6639,0.0,PVDAQ_10,cloudy,system_10_2023_01_02.csv,2023-01-02,3.341491999249012,cloudy
2023-01-02 09:39:00,27.792,-3.4863,117.08,1.6655,0.0,PVDAQ_10,cloudy,system_10_2023_01_02.csv,2023-01-02,3.7038905645791473,cloudy
2023-01-02 09:40:00,27.982,-3.4626,117.11,1.6655,0.0,PVDAQ_10,cloudy,system_10_2023_01_02.csv,2023-01-02,3.9517019745080426,cloudy
2023-01-02 09:41:00,28.282,-3.4451,117.1,1.6647,0.0,PVDAQ_10,cloudy,system_10_2023_01_02.csv,2023-01-02,3.974795981598388,cloudy
2023-01-02 09:42:00,29.208,-3.4101,117.3,1.6644,0.0,PVDAQ_10,cloudy,system_10_2023_01_02.csv,2023-01-02,3.6880182870759755,cloudy
2023-01-02 09:43:00,30.816,-3.407,117.37,1.6652,0.0,PVDAQ_10,cloudy,system_10_2023_01_02.csv,2023-01-02,3.107176436833973,cloudy
2023-01-02 09:44:00,32.669,-3.406,117.26,1.6655,0.0,PVDAQ_10,cloudy,system_10_2023_01_02.csv,2023-01-02,2.547563386771018,cloudy
2023-01-02 09:45:00,35.285,-3.4458,117.24,1.6633,0.0,PVDAQ_10,cloudy,system_10_2023_01_02.csv,2023-01-02,2.385705120902817,cloudy
2023-01-02 09:46:00,38.936,-3.5031,116.99,1.6655,0.0,PVDAQ_10,cloudy,system_10_2023_01_02.csv,2023-01-02,3.053792547620411,cloudy
2023-01-02 09:47:00,41.224,-3.5214,117.02,1.6652,0.0,PVDAQ_10,cloudy,system_10_2023_01_02.csv,2023-01-02,3.984316033804968,cloudy
2023-01-02 09:48:00,42.887,-3.5533,117.07,1.6641,0.0,PVDAQ_10,cloudy,system_10_2023_01_02.csv,2023-01-02,4.91243993784654,cloudy
2023-01-02 09:49:00,45.748,-3.5271,117.1,1.6639,0.0,PVDAQ_10,cloudy,system_10_2023_01_02.csv,2023-01-02,5.98271024187098,cloudy
2023-01-02 09:50:00,47.818,-3.5261,117.07,1.6644,0.0,PVDAQ_10,cloudy,system_10_2023_01_02.csv,2023-01-02,7.013737547203002,cloudy
2023-01-02 09:51:00,48.282,-3.5516,117.07,1.665,0.0,PVDAQ_10,cloudy,system_10_2023_01_02.csv,2023-01-02,7.762232694276366,cloudy
2023-01-02 09:52:00,48.2,-3.567,117.08,1.6639,0.0,PVDAQ_10,cloudy,system_10_2023_01_02.csv,2023-01-02,8.186808867236643,cloudy
2023-01-02 09:53:00,47.927,-3.5527,117.03,1.6644,0.0,PVDAQ_10,cloudy,system_10_2023_01_02.csv,2023-01-02,8.293555720879395,cloudy
2023-01-02 09:54:00,49.208,-3.5574,117.06,1.6644,0.0,PVDAQ_10,cloudy,system_10_2023_01_02.csv,2023-01-02,8.216169979004993,cloudy
2023-01-02 09:55:00,52.04,-3.5753,117.08,1.6647,0.0,PVDAQ_10,cloudy,system_10_2023_01_02.csv,2023-01-02,8.127344010607661,cloudy
2023-01-02 09:56:00,54.629,-3.5649,117.11,1.6647,0.0,PVDAQ_10,cloudy,system_10_2023_01_02.csv,2023-01-02,7.973509374356492,cloudy
2023-01-02 09:57:00,56.645,-3.5323,117.33,1.6652,0.0,PVDAQ_10,cloudy,system_10_2023_01_02.csv,2023-01-02,7.7289193521782105,cloudy
2023-01-02 09:58:00,58.062,-3.5316,117.39,1.665,0.0,PVDAQ_10,cloudy,system_10_2023_01_02.csv,2023-01-02,7.39693360857172,cloudy
2023-01-02 09:59:00,58.607,-3.5364,117.33,1.663,0.0,PVDAQ_10,cloudy,system_10_2023_01_02.csv,2023-01-02,6.914329684144845,cloudy
2023-01-02 10:00:00,58.961,-3.4902,117.31,1.6655,0.0,PVDAQ_10,cloudy,system_10_2023_01_02.csv,2023-01-02,6.397864492685115,cloudy
2023-01-02 10:01:00,59.396,-3.4984,117.34,1.6661,0.0,PVDAQ_10,cloudy,system_10_2023_01_02.csv,2023-01-02,6.054962480328812,cloudy
2023-01-02 10:02:00,59.695,-3.5574,117.39,1.6652,0.0,PVDAQ_10,cloudy,system_10_2023_01_02.csv,2023-01-02,5.726823061789744,cloudy
2023-01-02 10:03:00,60.404,-3.5741,117.4,1.6652,0.0,PVDAQ_10,cloudy,system_10_2023_01_02.csv,2023-01-02,5.394078034121291,cloudy
2023-01-02 10:04:00,62.718,-3.5314,117.36,1.6661,0.0,PVDAQ_10,cloudy,system_10_2023_01_02.csv,2023-01-02,5.384901761503828,cloudy
2023-01-02 10:05:00,65.96,-3.5162,117.36,1.6639,0.0,PVDAQ_10,cloudy,system_10_2023_01_02.csv,2023-01-02,5.722034234522466,cloudy
2023-01-02 10:06:00,71.655,-3.4761,117.34,1.6661,0.0,PVDAQ_10,cloudy,system_10_2023_01_02.csv,2023-01-02,6.574777105046772,cloudy
2023-01-02 10:07:00,77.54099999999998,-3.4252,117.36,1.6655,0.0,PVDAQ_10,cloudy,system_10_2023_01_02.csv,2023-01-02,7.822402108237091,cloudy
2023-01-02 10:08:00,80.51099999999998,-3.4092,117.32,1.665,0.0,PVDAQ_10,cloudy,system_10_2023_01_02.csv,2023-01-02,8.82078585636816,cloudy
2023-01-02 10:09:00,80.565,-3.4042,117.33,1.6644,0.0,PVDAQ_10,cloudy,system_10_2023_01_02.csv,2023-01-02,9.3402004602787,cloudy
2023-01-02 10:10:00,80.51,-3.3958,117.3,1.665,0.0,PVDAQ_10,cloudy,system_10_2023_01_02.csv,2023-01-02,9.661279939364247,cloudy
2023-01-02 10:11:00,86.449,-3.3766,117.5,1.6666,0.0,PVDAQ_10,cloudy,system_10_2023_01_02.csv,2023-01-02,10.507462099910134,cloudy
2023-01-02 10:12:00,92.579,-3.3724,117.63,1.6655,0.0,PVDAQ_10,cloudy,system_10_2023_01_02.csv,2023-01-02,11.789592073806554,cloudy
2023-01-02 10:13:00,91.298,-3.4109,117.62,1.665,0.0,PVDAQ_10,cloudy,system_10_2023_01_02.csv,2023-01-02,12.442320338268736,cloudy
2023-01-02 10:14:00,86.503,-3.4221,117.62,1.6639,0.0,PVDAQ_10,cloudy,system_10_2023_01_02.csv,2023-01-02,12.308445147640578,cloudy
2023-01-02 10:15:00,87.37399999999998,-3.4212,117.67,1.665,0.0,PVDAQ_10,cloudy,system_10_2023_01_02.csv,2023-01-02,11.957860534078701,cloudy
2023-01-02 10:16:00,96.527,-3.4155,117.51,1.6854,0.0,PVDAQ_10,cloudy,system_10_2023_01_02.csv,2023-01-02,12.07116460512016,cloudy
2023-01-02 10:17:00,108.92,-3.4091,117.4,1.7177,0.0,PVDAQ_10,cloudy,system_10_2023_01_02.csv,2023-01-02,13.179761014528923,cloudy
2023-01-02 10:18:00,114.34,-3.3492,117.47,1.7149,0.0,PVDAQ_10,cloudy,system_10_2023_01_02.csv,2023-01-02,14.194891861246344,cloudy
2023-01-02 10:19:00,116.58,-3.2933,117.46,1.7138,0.0,PVDAQ_10,cloudy,system_10_2023_01_02.csv,2023-01-02,14.802620558861218,cloudy
2023-01-02 10:20:00,118.24,-3.314,117.43,1.7052,0.0665599999999999,PVDAQ_10,cloudy,system_10_2023_01_02.csv,2023-01-02,15.103104334953064,cloudy
2023-01-02 10:21:00,114.4,-3.3957,117.42,1.7152,0.0,PVDAQ_10,cloudy,system_10_2023_01_02.csv,2023-01-02,14.892031943614047,cloudy
2023-01-02 10:22:00,102.36,-3.3626,117.57,1.7166,0.0,PVDAQ_10,cloudy,system_10_2023_01_02.csv,2023-01-02,14.113884797133782,cloudy
2023-01-02 10:23:00,98.545,-3.3348,117.68,1.7179,0.0,PVDAQ_10,cloudy,system_10_2023_01_02.csv,2023-01-02,13.342891285521302,cloudy
2023-01-02 10:24:00,95.928,-3.301,117.54,1.7201,0.0,PVDAQ_10,cloudy,system_10_2023_01_02.csv,2023-01-02,12.439586719138005,cloudy
2023-01-02 10:25:00,95.41,-3.2937,117.59,1.721,0.0,PVDAQ_10,cloudy,system_10_2023_01_02.csv,2023-01-02,11.375355007755958,cloudy
2023-01-02 10:26:00,95.301,-3.3438,117.64,1.7201,0.0,PVDAQ_10,cloudy,system_10_2023_01_02.csv,2023-01-02,10.81788521495339,cloudy
2023-01-02 10:27:00,92.412,-3.3746,117.66,1.7196,0.0,PVDAQ_10,cloudy,system_10_2023_01_02.csv,2023-01-02,10.827201642604678,cloudy
2023-01-02 10:28:00,91.949,-3.3954,117.61,1.7168,0.0,PVDAQ_10,cloudy,system_10_2023_01_02.csv,2023-01-02,10.787011041508274,cloudy
2023-01-02 10:29:00,90.532,-3.4201,117.56,1.7182,0.0,PVDAQ_10,cloudy,system_10_2023_01_02.csv,2023-01-02,10.445373807626515,cloudy
2023-01-02 10:30:00,84.48399999999998,-3.4292,117.55,1.6454,0.0,PVDAQ_10,cloudy,system_10_2023_01_02.csv,2023-01-02,10.742128186772396,cloudy
2023-01-02 10:31:00,80.479,-3.4306,117.58,1.6238,0.0,PVDAQ_10,cloudy,system_10_2023_01_02.csv,2023-01-02,11.95654816408555,cloudy
2023-01-02 10:32:00,80.152,-3.4147,117.6,1.623,0.0,PVDAQ_10,cloudy,system_10_2023_01_02.csv,2023-01-02,12.705931808565122,cloudy
2023-01-02 10:33:00,82.715,-3.4367,117.59,1.6238,0.0,PVDAQ_10,cloudy,system_10_2023_01_02.csv,2023-01-02,12.435026452959864,cloudy
2023-01-02 10:34:00,84.649,-3.4893,117.6,1.6238,0.0,PVDAQ_10,cloudy,system_10_2023_01_02.csv,2023-01-02,11.338841263974947,cloudy
2023-01-02 10:35:00,94.485,-3.4757,117.59,1.657,0.0,PVDAQ_10,cloudy,system_10_2023_01_02.csv,2023-01-02,9.131058292605205,cloudy
2023-01-02 10:36:00,99.5,-3.5026,117.59,1.7119,0.0,PVDAQ_10,cloudy,system_10_2023_01_02.csv,2023-01-02,7.143967539793339,cloudy
2023-01-02 10:37:00,96.448,-3.5114,117.41,1.7143,0.0,PVDAQ_10,cloudy,system_10_2023_01_02.csv,2023-01-02,6.632624060197185,cloudy
2023-01-02 10:38:00,84.95099999999998,-3.5082,117.24,1.6432,0.0,PVDAQ_10,cloudy,system_10_2023_01_02.csv,2023-01-02,6.434185536950777,cloudy
2023-01-02 10:39:00,81.408,-3.5009,117.05,1.6222,0.0,PVDAQ_10,cloudy,system_10_2023_01_02.csv,2023-01-02,6.563084256085545,cloudy
2023-01-02 10:40:00,83.042,-3.4961,117.05,1.6219,0.0,PVDAQ_10,cloudy,system_10_2023_01_02.csv,2023-01-02,6.475463313455378,cloudy
2023-01-02 10:41:00,84.105,-3.5239,117.25,1.6222,0.0,PVDAQ_10,cloudy,system_10_2023_01_02.csv,2023-01-02,6.235239317979533,cloudy
2023-01-02 10:42:00,79.799,-3.6021,117.32,1.6219,0.0,PVDAQ_10,cloudy,system_10_2023_01_02.csv,2023-01-02,6.3632154704918165,cloudy
2023-01-02 10:43:00,74.786,-3.6237,117.31,1.6211,0.0,PVDAQ_10,cloudy,system_10_2023_01_02.csv,2023-01-02,6.853033475010949,cloudy
2023-01-02 10:44:00,72.93399999999998,-3.5798,117.26,1.6222,0.0,PVDAQ_10,cloudy,system_10_2023_01_02.csv,2023-01-02,7.4025576262276145,cloudy
2023-01-02 10:45:00,72.581,-3.5426,117.29,1.6222,0.0,PVDAQ_10,cloudy,system_10_2023_01_02.csv,2023-01-02,7.9916572165454784,cloudy
2023-01-02 10:46:00,67.187,-3.5274,117.28,1.6214,0.0,PVDAQ_10,cloudy,system_10_2023_01_02.csv,2023-01-02,9.017900287766366,cloudy
2023-01-02 10:47:00,64.19,-3.5331,117.29,1.6216,0.0,PVDAQ_10,cloudy,system_10_2023_01_02.csv,2023-01-02,10.190737970385122,cloudy
2023-01-02 10:48:00,62.5,-3.5335,117.29,1.6222,0.0,PVDAQ_10,cloudy,system_10_2023_01_02.csv,2023-01-02,11.297760056126652,cloudy
2023-01-02 10:49:00,63.59,-3.5088,117.21,1.6225,0.0,PVDAQ_10,cloudy,system_10_2023_01_02.csv,2023-01-02,11.98887280813423,cloudy
2023-01-02 10:50:00,65.932,-3.497,117.0,1.6216,0.0,PVDAQ_10,cloudy,system_10_2023_01_02.csv,2023-01-02,11.574593228689304,cloudy
2023-01-02 10:51:00,68.329,-3.4616,117.01,1.6219,0.0,PVDAQ_10,cloudy,system_10_2023_01_02.csv,2023-01-02,9.896789298030965,cloudy
2023-01-02 10:52:00,66.122,-3.4337,117.03,1.6219,0.0,PVDAQ_10,cloudy,system_10_2023_01_02.csv,2023-01-02,8.08759789931774,cloudy
2023-01-02 10:53:00,63.207,-3.4188,117.0,1.6219,0.0,PVDAQ_10,cloudy,system_10_2023_01_02.csv,2023-01-02,7.685844770628117,cloudy
2023-01-02 10:54:00,58.875,-3.4264,117.02,1.6225,0.0,PVDAQ_10,cloudy,system_10_2023_01_02.csv,2023-01-02,7.773617281432855,cloudy
2023-01-02 10:55:00,56.477,-3.4343,117.04,1.6227,0.0,PVDAQ_10,cloudy,system_10_2023_01_02.csv,2023-01-02,7.567538413393845,cloudy
2023-01-02 10:56:00,55.143,-3.5033,117.17,1.623,0.0,PVDAQ_10,cloudy,system_10_2023_01_02.csv,2023-01-02,6.8354618599032015,cloudy
2023-01-02 10:57:00,56.152,-3.4989,117.25,1.6216,0.0,PVDAQ_10,cloudy,system_10_2023_01_02.csv,2023-01-02,6.14485955514664,cloudy
2023-01-02 10:58:00,58.522,-3.4942,117.28,1.6214,0.0,PVDAQ_10,cloudy,system_10_2023_01_02.csv,2023-01-02,5.61900772633989,cloudy
2023-01-02 10:59:00,64.161,-3.5402,117.24,1.6214,0.0,PVDAQ_10,cloudy,system_10_2023_01_02.csv,2023-01-02,4.981703464641364,cloudy
2023-01-02 11:00:00,66.231,-3.5814,117.15,1.6216,0.0,PVDAQ_10,cloudy,system_10_2023_01_02.csv,2023-01-02,4.32334508719268,cloudy
2023-01-02 11:01:00,65.496,-3.6484,117.2,1.6214,0.0,PVDAQ_10,cloudy,system_10_2023_01_02.csv,2023-01-02,4.211353122679866,cloudy
2023-01-02 11:02:00,66.503,-3.6633,117.15,1.6216,0.0,PVDAQ_10,cloudy,system_10_2023_01_02.csv,2023-01-02,4.32518942058096,cloudy
2023-01-02 11:03:00,71.734,-3.6575,117.06,1.6214,0.0,PVDAQ_10,cloudy,system_10_2023_01_02.csv,2023-01-02,4.94111111661766,cloudy
2023-01-02 11:04:00,75.248,-3.6591,117.05,1.6222,0.0,PVDAQ_10,cloudy,system_10_2023_01_02.csv,2023-01-02,5.856118459322675,cloudy
2023-01-02 11:05:00,79.363,-3.6411,117.05,1.6222,0.0,PVDAQ_10,cloudy,system_10_2023_01_02.csv,2023-01-02,7.089861824840742,cloudy
2023-01-02 11:06:00,83.50499999999998,-3.6556,117.05,1.6225,0.0,PVDAQ_10,cloudy,system_10_2023_01_02.csv,2023-01-02,8.563541255150664,cloudy
2023-01-02 11:07:00,85.60299999999998,-3.646,117.09,1.6216,0.0,PVDAQ_10,cloudy,system_10_2023_01_02.csv,2023-01-02,9.978948496476672,cloudy
2023-01-02 11:08:00,83.697,-3.6056,117.08,1.6227,0.0,PVDAQ_10,cloudy,system_10_2023_01_02.csv,2023-01-02,10.780910256211065,cloudy
2023-01-02 11:09:00,79.85599999999998,-3.5459,117.19,1.6222,0.0,PVDAQ_10,cloudy,system_10_2023_01_02.csv,2023-01-02,10.81128262819739,cloudy
2023-01-02 11:10:00,75.878,-3.5523,117.19,1.6214,0.0,PVDAQ_10,cloudy,system_10_2023_01_02.csv,2023-01-02,10.243230069990748,cloudy
2023-01-02 11:11:00,71.954,-3.5606,117.17,1.6219,0.0,PVDAQ_10,cloudy,system_10_2023_01_02.csv,2023-01-02,9.238384762969526,cloudy
2023-01-02 11:12:00,72.39,-3.5771,117.14,1.6208,0.0,PVDAQ_10,cloudy,system_10_2023_01_02.csv,2023-01-02,8.096882587650098,cloudy
2023-01-02 11:13:00,77.185,-3.5915,117.12,1.6216,0.0,PVDAQ_10,cloudy,system_10_2023_01_02.csv,2023-01-02,7.018961456220263,cloudy
2023-01-02 11:14:00,65.55,-3.569,117.11,1.6222,0.0,PVDAQ_10,cloudy,system_10_2023_01_02.csv,2023-01-02,6.87936321666205,cloudy
2023-01-02 11:15:00,58.358,-3.6064,117.08,1.6214,0.0,PVDAQ_10,cloudy,system_10_2023_01_02.csv,2023-01-02,7.8076949009783165,cloudy
2023-01-02 11:16:00,71.925,-3.6447,117.09,1.6208,0.0,PVDAQ_10,cloudy,system_10_2023_01_02.csv,2023-01-02,7.467476294546905,cloudy
2023-01-02 11:17:00,83.77599999999998,-3.7242,117.14,1.6225,0.0,PVDAQ_10,cloudy,system_10_2023_01_02.csv,2023-01-02,7.4642482752372254,cloudy
2023-01-02 11:18:00,94.455,-3.7649,117.16,1.6627,0.0,PVDAQ_10,cloudy,system_10_2023_01_02.csv,2023-01-02,8.783235914166589,cloudy
2023-01-02 11:19:00,106.5,-3.7545,117.1,1.7135,0.0,PVDAQ_10,cloudy,system_10_2023_01_02.csv,2023-01-02,11.546503577154395,cloudy
2023-01-02 11:20:00,102.11,-3.7232,117.13,1.7152,0.0,PVDAQ_10,cloudy,system_10_2023_01_02.csv,2023-01-02,12.958174997535847,cloudy
2023-01-02 11:21:00,91.702,-3.6833,117.12,1.7201,0.0,PVDAQ_10,cloudy,system_10_2023_01_02.csv,2023-01-02,13.247766455775222,cloudy
2023-01-02 11:22:00,94.1,-3.6466,117.12,1.724,0.0,PVDAQ_10,cloudy,system_10_2023_01_02.csv,2023-01-02,13.617024684461706,cloudy
2023-01-02 11:23:00,88.324,-3.6726,117.02,1.7099,0.0,PVDAQ_10,cloudy,system_10_2023_01_02.csv,2023-01-02,13.711207354711915,cloudy
2023-01-02 11:24:00,79.715,-3.6519,116.99,1.6183,0.0,PVDAQ_10,cloudy,system_10_2023_01_02.csv,2023-01-02,13.713029382240519,cloudy
2023-01-02 11:25:00,72.06,-3.6344,116.99,1.6203,0.0,PVDAQ_10,cloudy,system_10_2023_01_02.csv,2023-01-02,13.87446244759127,cloudy
2023-01-02 11:26:00,69.58,-3.6264,116.98,1.6178,0.0,PVDAQ_10,cloudy,system_10_2023_01_02.csv,2023-01-02,14.010203917488864,cloudy
2023-01-02 11:27:00,71.106,-3.6743,116.81,1.6186,0.0,PVDAQ_10,cloudy,system_10_2023_01_02.csv,2023-01-02,14.075891230181698,cloudy
2023-01-02 11:28:00,76.337,-3.7198,116.73,1.6167,0.0,PVDAQ_10,cloudy,system_10_2023_01_02.csv,2023-01-02,14.097278257407108,cloudy
2023-01-02 11:29:00,79.417,-3.7174,116.73,1.6189,0.0,PVDAQ_10,cloudy,system_10_2023_01_02.csv,2023-01-02,13.399505252064218,cloudy
2023-01-02 11:30:00,87.509,-3.7406,116.74,1.6183,0.0,PVDAQ_10,cloudy,system_10_2023_01_02.csv,2023-01-02,11.623924452860619,cloudy
2023-01-02 11:31:00,87.536,-3.742,116.73,1.6186,0.0,PVDAQ_10,cloudy,system_10_2023_01_02.csv,2023-01-02,11.09741135109152,cloudy
2023-01-02 11:32:00,84.81399999999998,-3.7567,117.04,1.6192,0.0,PVDAQ_10,cloudy,system_10_2023_01_02.csv,2023-01-02,11.088356555203973,cloudy
2023-01-02 11:33:00,84.86799999999998,-3.7806,117.09,1.6194,0.0,PVDAQ_10,cloudy,system_10_2023_01_02.csv,2023-01-02,10.81974897517549,cloudy
2023-01-02 11:34:00,89.554,-3.756,117.12,1.6203,0.0,PVDAQ_10,cloudy,system_10_2023_01_02.csv,2023-01-02,9.180001259471931,cloudy
2023-01-02 11:35:00,105.19,-3.7342,117.12,1.6967,0.0,PVDAQ_10,cloudy,system_10_2023_01_02.csv,2023-01-02,9.639006404045986,cloudy
2023-01-02 11:36:00,114.84,-3.727,117.16,1.7014,0.0,PVDAQ_10,cloudy,system_10_2023_01_02.csv,2023-01-02,12.39599515204893,cloudy
2023-01-02 11:37:00,107.83,-3.7173,116.84,1.7099,0.0,PVDAQ_10,cloudy,system_10_2023_01_02.csv,2023-01-02,13.519472679210025,cloudy
2023-01-02 11:38:00,106.39,-3.7065,116.85,1.7063,0.0,PVDAQ_10,cloudy,system_10_2023_01_02.csv,2023-01-02,14.458191032210992,cloudy
2023-01-02 11:39:00,98.57,-3.6659,116.78,1.7074,0.0,PVDAQ_10,cloudy,system_10_2023_01_02.csv,2023-01-02,14.526118169241347,cloudy
2023-01-02 11:40:00,90.069,-3.7081,116.79,1.7135,0.0,PVDAQ_10,cloudy,system_10_2023_01_02.csv,2023-01-02,13.745721311777324,cloudy
2023-01-02 11:41:00,85.24599999999998,-3.7049,117.04,1.7097,0.0,PVDAQ_10,cloudy,system_10_2023_01_02.csv,2023-01-02,12.612210463715286,cloudy
2023-01-02 11:42:00,71.025,-3.6809,117.02,1.6145,0.0,PVDAQ_10,cloudy,system_10_2023_01_02.csv,2023-01-02,12.621481323902547,cloudy
2023-01-02 11:43:00,63.561,-3.6602,117.07,1.6186,0.0,PVDAQ_10,cloudy,system_10_2023_01_02.csv,2023-01-02,14.05190510961488,cloudy
2023-01-02 11:44:00,62.799,-3.7079,116.98,1.6167,0.0,PVDAQ_10,cloudy,system_10_2023_01_02.csv,2023-01-02,15.556558784307692,cloudy
2023-01-02 11:45:00,65.632,-3.7374,116.89,1.6156,0.0,PVDAQ_10,cloudy,system_10_2023_01_02.csv,2023-01-02,16.72045146690842,cloudy
2023-01-02 11:46:00,66.368,-3.7414,116.82,1.6186,0.0,PVDAQ_10,cloudy,system_10_2023_01_02.csv,2023-01-02,17.619034969522023,cloudy
2023-01-02 11:47:00,67.268,-3.735,116.82,1.6172,0.0,PVDAQ_10,cloudy,system_10_2023_01_02.csv,2023-01-02,18.304542818918502,cloudy
2023-01-02 11:48:00,70.919,-3.7238,116.82,1.618,0.0,PVDAQ_10,cloudy,system_10_2023_01_02.csv,2023-01-02,18.67753341954425,cloudy
2023-01-02 11:49:00,72.117,-3.7252,116.84,1.6183,0.0,PVDAQ_10,cloudy,system_10_2023_01_02.csv,2023-01-02,18.872171275139284,cloudy
2023-01-02 11:50:00,67.621,-3.7601,117.0,1.6186,0.0,PVDAQ_10,cloudy,system_10_2023_01_02.csv,2023-01-02,18.225555224414766,cloudy
2023-01-02 11:51:00,64.216,-3.7569,117.2,1.6147,0.0,PVDAQ_10,cloudy,system_10_2023_01_02.csv,2023-01-02,16.000152675465078,cloudy
2023-01-02 11:52:00,58.167,-3.7285,117.12,1.6169,0.0,PVDAQ_10,cloudy,system_10_2023_01_02.csv,2023-01-02,14.279103272501526,cloudy
2023-01-02 11:53:00,50.157,-3.7542,116.95,1.6164,0.0,PVDAQ_10,cloudy,system_10_2023_01_02.csv,2023-01-02,12.429301974428238,cloudy
2023-01-02 11:54:00,46.67,-3.7303,116.84,1.6161,0.0,PVDAQ_10,cloudy,system_10_2023_01_02.csv,2023-01-02,11.139190359143702,cloudy
2023-01-02 11:55:00,45.007,-3.7102,116.83,1.6178,0.0,PVDAQ_10,cloudy,system_10_2023_01_02.csv,2023-01-02,10.468547223996724,cloudy
2023-01-02 11:56:00,45.007,-3.6591,116.83,1.6161,0.0,PVDAQ_10,cloudy,system_10_2023_01_02.csv,2023-01-02,9.704011044536074,cloudy
2023-01-02 11:57:00,45.525,-3.6567,116.82,1.6161,0.0,PVDAQ_10,cloudy,system_10_2023_01_02.csv,2023-01-02,10.068303250919595,cloudy
2023-01-02 11:58:00,49.366,-3.6119,116.8,1.618,0.0,PVDAQ_10,cloudy,system_10_2023_01_02.csv,2023-01-02,10.313613087754778,cloudy
2023-01-02 11:59:00,56.395,-3.6286,116.81,1.6172,0.0,PVDAQ_10,cloudy,system_10_2023_01_02.csv,2023-01-02,10.253360933307114,cloudy
2023-01-02 12:00:00,62.988,-3.6589,116.83,1.6175,0.0,PVDAQ_10,cloudy,system_10_2023_01_02.csv,2023-01-02,10.135368655409112,cloudy
2023-01-02 12:01:00,66.747,-3.6825,116.91,1.6161,0.0,PVDAQ_10,cloudy,system_10_2023_01_02.csv,2023-01-02,10.158558692766551,cloudy
2023-01-02 12:02:00,68.355,-3.6641,117.09,1.6161,0.0,PVDAQ_10,cloudy,system_10_2023_01_02.csv,2023-01-02,10.233924898991217,cloudy
2023-01-02 12:03:00,68.382,-3.6809,116.89,1.6172,0.0,PVDAQ_10,cloudy,system_10_2023_01_02.csv,2023-01-02,10.023080519248325,cloudy
2023-01-02 12:04:00,61.298,-3.6625,116.88,1.6169,0.0,PVDAQ_10,cloudy,system_10_2023_01_02.csv,2023-01-02,9.279478991434708,cloudy
2023-01-02 12:05:00,54.596,-3.6538,116.86,1.615,0.0,PVDAQ_10,cloudy,system_10_2023_01_02.csv,2023-01-02,8.818610576237916,cloudy
2023-01-02 12:06:00,55.686,-3.6538,116.89,1.618,0.0,PVDAQ_10,cloudy,system_10_2023_01_02.csv,2023-01-02,8.534663266161342,cloudy
2023-01-02 12:07:00,55.77,-3.709,116.87,1.6153,0.0,PVDAQ_10,cloudy,system_10_2023_01_02.csv,2023-01-02,8.506021526519959,cloudy
2023-01-02 12:08:00,59.094,-3.7497,116.78,1.6183,0.0,PVDAQ_10,cloudy,system_10_2023_01_02.csv,2023-01-02,8.420361058320367,cloudy
2023-01-02 12:09:00,61.872,-3.7418,116.78,1.6156,0.0,PVDAQ_10,cloudy,system_10_2023_01_02.csv,2023-01-02,8.119041224776542,cloudy
2023-01-02 12:10:00,62.335,-3.7418,117.0,1.6178,0.0,PVDAQ_10,cloudy,system_10_2023_01_02.csv,2023-01-02,7.487908257101166,cloudy
2023-01-02 12:11:00,60.455,-3.7362,117.01,1.6167,0.0,PVDAQ_10,cloudy,system_10_2023_01_02.csv,2023-01-02,6.542314616628759,cloudy
2023-01-02 12:12:00,63.343,-3.7258,117.04,1.6153,0.0,PVDAQ_10,cloudy,system_10_2023_01_02.csv,2023-01-02,5.386272960927713,cloudy
2023-01-02 12:13:00,61.898,-3.7155,117.01,1.6172,0.0,PVDAQ_10,cloudy,system_10_2023_01_02.csv,2023-01-02,4.432447831734693,cloudy
2023-01-02 12:14:00,60.645,-3.7306,117.03,1.6153,0.0,PVDAQ_10,cloudy,system_10_2023_01_02.csv,2023-01-02,4.228983438594521,cloudy
2023-01-02 12:15:00,61.353,-3.7354,116.71,1.6194,0.0,PVDAQ_10,cloudy,system_10_2023_01_02.csv,2023-01-02,4.210697388240493,cloudy
2023-01-02 12:16:00,64.267,-3.761,116.71,1.6194,0.0,PVDAQ_10,cloudy,system_10_2023_01_02.csv,2023-01-02,4.033015452263038,cloudy
2023-01-02 12:17:00,67.673,-3.7395,116.72,1.6167,0.0,PVDAQ_10,cloudy,system_10_2023_01_02.csv,2023-01-02,3.950681277005037,cloudy
2023-01-02 12:18:00,70.915,-3.6987,116.7,1.6156,0.0,PVDAQ_10,cloudy,system_10_2023_01_02.csv,2023-01-02,4.314903155134822,cloudy
2023-01-02 12:19:00,66.692,-3.7122,116.72,1.6172,0.0,PVDAQ_10,cloudy,system_10_2023_01_02.csv,2023-01-02,4.524289896410692,cloudy
2023-01-02 12:20:00,62.415,-3.6938,116.67,1.618,0.0,PVDAQ_10,cloudy,system_10_2023_01_02.csv,2023-01-02,4.065507176244707,cloudy
2023-01-02 12:21:00,57.865,-3.6722,116.73,1.6192,0.0,PVDAQ_10,cloudy,system_10_2023_01_02.csv,2023-01-02,3.845496900222522,cloudy
2023-01-02 12:22:00,55.195,-3.676,116.71,1.6183,0.0,PVDAQ_10,cloudy,system_10_2023_01_02.csv,2023-01-02,3.918894885539384,cloudy
2023-01-02 12:23:00,52.961,-3.7031,116.72,1.6167,0.0,PVDAQ_10,cloudy,system_10_2023_01_02.csv,2023-01-02,4.556625685547635,cloudy
2023-01-02 12:24:00,53.043,-3.6866,116.66,1.6161,0.0,PVDAQ_10,cloudy,system_10_2023_01_02.csv,2023-01-02,5.109919536231845,cloudy
2023-01-02 12:25:00,52.797,-3.6472,116.64,1.6164,0.0,PVDAQ_10,cloudy,system_10_2023_01_02.csv,2023-01-02,5.5594213496509095,cloudy
2023-01-02 12:26:00,51.653,-3.6265,116.92,1.618,0.0,PVDAQ_10,cloudy,system_10_2023_01_02.csv,2023-01-02,6.038667319872589,cloudy
2023-01-02 12:27:00,51.708,-3.5901,116.96,1.6172,0.0,PVDAQ_10,cloudy,system_10_2023_01_02.csv,2023-01-02,6.343081975859854,cloudy
2023-01-02 12:28:00,53.996,-3.5786,117.01,1.6167,0.0,PVDAQ_10,cloudy,system_10_2023_01_02.csv,2023-01-02,6.448534560739329,cloudy
2023-01-02 12:29:00,54.949,-3.6169,117.02,1.6158,0.0,PVDAQ_10,cloudy,system_10_2023_01_02.csv,2023-01-02,6.504549168529013,cloudy
2023-01-02 12:30:00,57.238,-3.6642,116.86,1.6167,0.0,PVDAQ_10,cloudy,system_10_2023_01_02.csv,2023-01-02,6.462211672123971,cloudy
2023-01-02 12:31:00,60.371,-3.7362,116.69,1.6161,0.0,PVDAQ_10,cloudy,system_10_2023_01_02.csv,2023-01-02,6.277658747692339,cloudy
2023-01-02 12:32:00,60.017,-3.7896,116.66,1.615,0.0,PVDAQ_10,cloudy,system_10_2023_01_02.csv,2023-01-02,5.718264755117673,cloudy
2023-01-02 12:33:00,64.021,-3.7397,116.69,1.6161,0.0,PVDAQ_10,cloudy,system_10_2023_01_02.csv,2023-01-02,4.755018453732356,cloudy
2023-01-02 12:34:00,66.527,-3.7352,116.73,1.6161,0.0,PVDAQ_10,cloudy,system_10_2023_01_02.csv,2023-01-02,4.731113723719165,cloudy
2023-01-02 12:35:00,66.5,-3.7567,116.71,1.6164,0.0,PVDAQ_10,cloudy,system_10_2023_01_02.csv,2023-01-02,5.163860065982574,cloudy
2023-01-02 12:36:00,71.95,-3.7237,116.71,1.6169,0.0,PVDAQ_10,cloudy,system_10_2023_01_02.csv,2023-01-02,6.412216983087242,cloudy
2023-01-02 12:37:00,74.375,-3.7244,116.69,1.62,0.0,PVDAQ_10,cloudy,system_10_2023_01_02.csv,2023-01-02,7.577675807145123,cloudy
2023-01-02 12:38:00,70.752,-3.7563,116.72,1.6161,0.0,PVDAQ_10,cloudy,system_10_2023_01_02.csv,2023-01-02,7.872096654828017,cloudy
2023-01-02 12:39:00,71.487,-3.7782,116.68,1.615,0.0,PVDAQ_10,cloudy,system_10_2023_01_02.csv,2023-01-02,8.036135156730518,cloudy
2023-01-02 12:40:00,70.152,-3.7871,116.55,1.6172,0.0,PVDAQ_10,cloudy,system_10_2023_01_02.csv,2023-01-02,7.881405066907097,cloudy
2023-01-02 12:41:00,69.389,-3.7599,116.66,1.6167,0.0,PVDAQ_10,cloudy,system_10_2023_01_02.csv,2023-01-02,7.3634212079584165,cloudy
2023-01-02 12:42:00,71.95,-3.7299,116.92,1.6178,0.0,PVDAQ_10,cloudy,system_10_2023_01_02.csv,2023-01-02,6.7327037602962365,cloudy
2023-01-02 12:43:00,74.51099999999998,-3.7258,116.91,1.6189,0.0,PVDAQ_10,cloudy,system_10_2023_01_02.csv,2023-01-02,6.280339736799388,cloudy
2023-01-02 12:44:00,74.51099999999998,-3.7393,116.92,1.6192,0.0,PVDAQ_10,cloudy,system_10_2023_01_02.csv,2023-01-02,5.606053545273947,cloudy
2023-01-02 12:45:00,74.43099999999998,-3.7741,116.91,1.618,0.0,PVDAQ_10,cloudy,system_10_2023_01_02.csv,2023-01-02,4.907875718349473,cloudy
2023-01-02 12:46:00,73.259,-3.7812,116.8,1.6183,0.0,PVDAQ_10,cloudy,system_10_2023_01_02.csv,2023-01-02,4.306252246399596,cloudy
2023-01-02 12:47:00,64.432,-3.7963,116.59,1.6164,0.0,PVDAQ_10,cloudy,system_10_2023_01_02.csv,2023-01-02,3.658653151886916,cloudy
2023-01-02 12:48:00,60.727,-3.7848,116.62,1.6167,0.0,PVDAQ_10,cloudy,system_10_2023_01_02.csv,2023-01-02,4.145041860906738,cloudy
2023-01-02 12:49:00,58.847,-3.7712,116.64,1.6175,0.0,PVDAQ_10,cloudy,system_10_2023_01_02.csv,2023-01-02,5.028537137473966,cloudy
2023-01-02 12:50:00,55.414,-3.7273,116.77,1.6169,0.0,PVDAQ_10,cloudy,system_10_2023_01_02.csv,2023-01-02,6.2237094688359775,cloudy
2023-01-02 12:51:00,52.608,-3.716,116.92,1.6175,0.0,PVDAQ_10,cloudy,system_10_2023_01_02.csv,2023-01-02,7.466110707412235,cloudy
2023-01-02 12:52:00,50.101,-3.7391,116.98,1.6175,0.0,PVDAQ_10,cloudy,system_10_2023_01_02.csv,2023-01-02,8.496385095192641,cloudy
2023-01-02 12:53:00,49.039,-3.7598,116.91,1.6175,0.0,PVDAQ_10,cloudy,system_10_2023_01_02.csv,2023-01-02,9.455711719585512,cloudy
2023-01-02 12:54:00,48.439,-3.8338,116.65,1.6175,0.0,PVDAQ_10,cloudy,system_10_2023_01_02.csv,2023-01-02,10.127013617529155,cloudy
2023-01-02 12:55:00,47.322,-3.9025,116.63,1.6158,0.0,PVDAQ_10,cloudy,system_10_2023_01_02.csv,2023-01-02,10.704620588908227,cloudy
2023-01-02 12:56:00,47.295,-3.932,116.6,1.6189,0.0,PVDAQ_10,cloudy,system_10_2023_01_02.csv,2023-01-02,11.0794310439318,cloudy
2023-01-02 12:57:00,47.24,-3.9383,116.71,1.618,0.0,PVDAQ_10,cloudy,system_10_2023_01_02.csv,2023-01-02,11.043326986189722,cloudy
2023-01-02 12:58:00,45.66,-3.9279,116.97,1.6175,0.0,PVDAQ_10,cloudy,system_10_2023_01_02.csv,2023-01-02,10.566094343075079,cloudy
2023-01-02 12:59:00,48.902,-3.9175,116.97,1.6178,0.0,PVDAQ_10,cloudy,system_10_2023_01_02.csv,2023-01-02,9.482451874011993,cloudy
2023-01-02 13:00:00,50.754,-3.9231,117.05,1.6175,0.0,PVDAQ_10,cloudy,system_10_2023_01_02.csv,2023-01-02,7.827946304905092,cloudy
2023-01-02 13:01:00,53.206,-3.8904,116.92,1.6164,0.0,PVDAQ_10,cloudy,system_10_2023_01_02.csv,2023-01-02,5.5687554196522,cloudy
2023-01-02 13:02:00,56.121,-3.9198,116.87,1.6186,0.0,PVDAQ_10,cloudy,system_10_2023_01_02.csv,2023-01-02,4.566666273906933,cloudy
2023-01-02 13:03:00,57.184,-3.9378,116.97,1.6167,0.0,PVDAQ_10,cloudy,system_10_2023_01_02.csv,2023-01-02,4.1222905595359265,cloudy
2023-01-02 13:04:00,55.331,-3.9634,116.86,1.6178,0.0,PVDAQ_10,cloudy,system_10_2023_01_02.csv,2023-01-02,3.739100308146581,cloudy
2023-01-02 13:05:00,52.77,-3.9925,116.82,1.6175,0.0,PVDAQ_10,cloudy,system_10_2023_01_02.csv,2023-01-02,3.57351645276629,cloudy
2023-01-02 13:06:00,50.182,-3.9908,116.79,1.6161,0.0,PVDAQ_10,cloudy,system_10_2023_01_02.csv,2023-01-02,3.5404995168291644,cloudy
2023-01-02 13:07:00,48.166,-4.0131,116.77,1.6178,0.0,PVDAQ_10,cloudy,system_10_2023_01_02.csv,2023-01-02,3.596213520608919,cloudy
2023-01-02 13:08:00,44.297,-4.0081,116.8,1.6172,0.0,PVDAQ_10,cloudy,system_10_2023_01_02.csv,2023-01-02,3.9276700557407773,cloudy
2023-01-02 13:09:00,40.538,-4.0486,116.71,1.6178,0.0,PVDAQ_10,cloudy,system_10_2023_01_02.csv,2023-01-02,4.643933736874054,cloudy
2023-01-02 13:10:00,38.522,-4.0877,116.74,1.6167,0.0,PVDAQ_10,cloudy,system_10_2023_01_02.csv,2023-01-02,5.447355896833132,cloudy
2023-01-02 13:11:00,37.241,-4.1253,116.68,1.6183,0.0,PVDAQ_10,cloudy,system_10_2023_01_02.csv,2023-01-02,6.242856177843508,cloudy
2023-01-02 13:12:00,35.743,-4.1046,116.69,1.6186,0.0,PVDAQ_10,cloudy,system_10_2023_01_02.csv,2023-01-02,7.05003688812374,cloudy
2023-01-02 13:13:00,34.435,-4.1046,116.71,1.6167,0.0,PVDAQ_10,cloudy,system_10_2023_01_02.csv,2023-01-02,7.828151161040256,cloudy
2023-01-02 13:14:00,32.719,-4.0589,116.62,1.6167,0.0,PVDAQ_10,cloudy,system_10_2023_01_02.csv,2023-01-02,8.607802651974193,cloudy
2023-01-02 13:15:00,32.693,-4.0469,116.61,1.6186,0.0,PVDAQ_10,cloudy,system_10_2023_01_02.csv,2023-01-02,9.115636940893983,cloudy
2023-01-02 13:16:00,33.101,-4.07,116.63,1.6178,0.0,PVDAQ_10,cloudy,system_10_2023_01_02.csv,2023-01-02,9.23866416493622,cloudy
2023-01-02 13:17:00,34.191,-4.0803,116.74,1.6167,0.0,PVDAQ_10,cloudy,system_10_2023_01_02.csv,2023-01-02,8.783664748248274,cloudy
2023-01-02 13:18:00,36.207,-4.1003,116.76,1.6183,0.0,PVDAQ_10,cloudy,system_10_2023_01_02.csv,2023-01-02,7.772356422120416,cloudy
2023-01-02 13:19:00,37.433,-4.1131,116.82,1.6172,0.0,PVDAQ_10,cloudy,system_10_2023_01_02.csv,2023-01-02,6.6039507965993325,cloudy
2023-01-02 13:20:00,37.977,-4.1042,116.54,1.6172,0.0,PVDAQ_10,cloudy,system_10_2023_01_02.csv,2023-01-02,5.436659487318269,cloudy
2023-01-02 13:21:00,39.34,-4.0769,116.54,1.6164,0.0,PVDAQ_10,cloudy,system_10_2023_01_02.csv,2023-01-02,4.345274113782103,cloudy
2023-01-02 13:22:00,40.021,-4.0682,116.62,1.6175,0.0,PVDAQ_10,cloudy,system_10_2023_01_02.csv,2023-01-02,3.301738803101301,cloudy
2023-01-02 13:23:00,41.765,-4.0424,116.76,1.6183,0.0,PVDAQ_10,cloudy,system_10_2023_01_02.csv,2023-01-02,2.9455698325095807,cloudy
2023-01-02 13:24:00,42.174,-4.0687,116.84,1.6189,0.0,PVDAQ_10,cloudy,system_10_2023_01_02.csv,2023-01-02,3.1192293431765132,cloudy
2023-01-02 13:25:00,41.194,-4.0855,117.07,1.6164,0.0,PVDAQ_10,cloudy,system_10_2023_01_02.csv,2023-01-02,3.289852091059365,cloudy
2023-01-02 13:26:00,40.022,-4.1038,117.12,1.6172,0.0,PVDAQ_10,cloudy,system_10_2023_01_02.csv,2023-01-02,3.3766531753738,cloudy
2023-01-02 13:27:00,39.885,-4.107,117.3,1.6186,0.0,PVDAQ_10,cloudy,system_10_2023_01_02.csv,2023-01-02,3.4122373724302353,cloudy
2023-01-02 13:28:00,39.804,-4.1254,117.3,1.6183,0.0,PVDAQ_10,cloudy,system_10_2023_01_02.csv,2023-01-02,3.3437491461645688,cloudy
2023-01-02 13:29:00,39.394,-4.1239,117.24,1.6194,0.0,PVDAQ_10,cloudy,system_10_2023_01_02.csv,2023-01-02,3.034621380651114,cloudy
2023-01-02 13:30:00,39.231,-4.1128,117.2,1.6183,0.0,PVDAQ_10,cloudy,system_10_2023_01_02.csv,2023-01-02,2.6034662005177305,cloudy
2023-01-02 13:31:00,39.285,-4.1096,117.28,1.6183,0.0,PVDAQ_10,cloudy,system_10_2023_01_02.csv,2023-01-02,2.0756217267306534,cloudy
2023-01-02 13:32:00,39.748,-4.103,117.32,1.6164,0.0,PVDAQ_10,cloudy,system_10_2023_01_02.csv,2023-01-02,1.5474280351295584,cloudy
2023-01-02 13:33:00,39.204,-4.1455,117.07,1.6175,0.0,PVDAQ_10,cloudy,system_10_2023_01_02.csv,2023-01-02,1.247191924017112,cloudy
2023-01-02 13:34:00,38.087,-4.1391,117.03,1.6161,0.0,PVDAQ_10,cloudy,system_10_2023_01_02.csv,2023-01-02,1.1688088849847191,cloudy
2023-01-02 13:35:00,37.923,-4.1277,116.96,1.618,0.0,PVDAQ_10,cloudy,system_10_2023_01_02.csv,2023-01-02,1.1749209011269377,cloudy
2023-01-02 13:36:00,38.768,-4.1493,116.99,1.6164,0.0,PVDAQ_10,cloudy,system_10_2023_01_02.csv,2023-01-02,1.2001080904097094,cloudy
2023-01-02 13:37:00,39.34,-4.1773,117.38,1.6189,0.0,PVDAQ_10,cloudy,system_10_2023_01_02.csv,2023-01-02,1.2026912559914398,cloudy
2023-01-02 13:38:00,41.519,-4.1596,117.43,1.618,0.0,PVDAQ_10,cloudy,system_10_2023_01_02.csv,2023-01-02,1.1741761975753686,cloudy
2023-01-02 13:39:00,43.916,-4.1588,117.34,1.6186,0.0,PVDAQ_10,cloudy,system_10_2023_01_02.csv,2023-01-02,1.481678954397656,cloudy
2023-01-02 13:40:00,47.458,-4.2107,117.33,1.6189,0.0,PVDAQ_10,cloudy,system_10_2023_01_02.csv,2023-01-02,2.4575515244514214,cloudy
2023-01-02 13:41:00,50.4,-4.2343,117.33,1.6192,0.0,PVDAQ_10,cloudy,system_10_2023_01_02.csv,2023-01-02,3.5913970262413777,cloudy
2023-01-02 13:42:00,55.331,-4.2231,117.11,1.6178,0.0,PVDAQ_10,cloudy,system_10_2023_01_02.csv,2023-01-02,5.147403351862188,cloudy
2023-01-02 13:43:00,60.643,-4.2056,117.05,1.6175,0.0,PVDAQ_10,cloudy,system_10_2023_01_02.csv,2023-01-02,7.001906140480279,cloudy
2023-01-02 13:44:00,63.122,-4.1656,117.0,1.6197,0.0,PVDAQ_10,cloudy,system_10_2023_01_02.csv,2023-01-02,8.552905359895757,cloudy
2023-01-02 13:45:00,62.822,-4.1984,117.0,1.6175,0.0,PVDAQ_10,cloudy,system_10_2023_01_02.csv,2023-01-02,9.54161836977256,cloudy
2023-01-02 13:46:00,61.76,-4.1985,116.99,1.6192,0.0,PVDAQ_10,cloudy,system_10_2023_01_02.csv,2023-01-02,10.076611139999503,cloudy
2023-01-02 13:47:00,59.771,-4.2158,117.01,1.6186,0.0,PVDAQ_10,cloudy,system_10_2023_01_02.csv,2023-01-02,10.230056317403061,cloudy
2023-01-02 13:48:00,59.662,-4.211,117.02,1.618,0.0,PVDAQ_10,cloudy,system_10_2023_01_02.csv,2023-01-02,10.145928577283279,cloudy
2023-01-02 13:49:00,59.826,-4.1725,116.82,1.6186,0.0,PVDAQ_10,cloudy,system_10_2023_01_02.csv,2023-01-02,9.760653026070207,cloudy
2023-01-02 13:50:00,58.002,-4.1715,116.73,1.6164,0.0,PVDAQ_10,cloudy,system_10_2023_01_02.csv,2023-01-02,9.018695032837815,cloudy
2023-01-02 13:51:00,54.787,-4.1523,116.76,1.6189,0.0,PVDAQ_10,cloudy,system_10_2023_01_02.csv,2023-01-02,8.047071787456376,cloudy
2023-01-02 13:52:00,50.864,-4.1698,116.76,1.618,0.0,PVDAQ_10,cloudy,system_10_2023_01_02.csv,2023-01-02,6.968278172930061,cloudy
2023-01-02 13:53:00,46.424,-4.1969,116.69,1.6183,0.0,PVDAQ_10,cloudy,system_10_2023_01_02.csv,2023-01-02,6.362892467461348,cloudy
2023-01-02 13:54:00,43.346,-4.1913,116.7,1.6205,0.0,PVDAQ_10,cloudy,system_10_2023_01_02.csv,2023-01-02,6.4392351793775555,cloudy
2023-01-02 13:55:00,39.45,-4.2388,116.75,1.618,0.0,PVDAQ_10,cloudy,system_10_2023_01_02.csv,2023-01-02,7.420918278443274,cloudy
2023-01-02 13:56:00,36.044,-4.252,116.71,1.618,0.0,PVDAQ_10,cloudy,system_10_2023_01_02.csv,2023-01-02,8.854888809503304,cloudy
2023-01-02 13:57:00,33.21,-4.2888,116.69,1.6175,0.0,PVDAQ_10,cloudy,system_10_2023_01_02.csv,2023-01-02,10.354519564403711,cloudy
2023-01-02 13:58:00,31.63,-4.3157,116.67,1.6189,0.0,PVDAQ_10,cloudy,system_10_2023_01_02.csv,2023-01-02,11.41050486968249,cloudy
2023-01-02 13:59:00,30.731,-4.3434,116.71,1.6183,0.0,PVDAQ_10,cloudy,system_10_2023_01_02.csv,2023-01-02,11.947069535887598,cloudy
2023-01-02 14:00:00,31.467,-4.3234,116.65,1.6186,0.0,PVDAQ_10,cloudy,system_10_2023_01_02.csv,2023-01-02,12.015410827453065,cloudy
2023-01-02 14:01:00,31.521,-4.3326,116.71,1.6194,0.0,PVDAQ_10,cloudy,system_10_2023_01_02.csv,2023-01-02,11.800737368006578,cloudy
2023-01-02 14:02:00,29.914,-4.3617,116.68,1.618,0.0,PVDAQ_10,cloudy,system_10_2023_01_02.csv,2023-01-02,11.547036761916356,cloudy
2023-01-02 14:03:00,28.115,-4.3529,116.61,1.6186,0.0,PVDAQ_10,cloudy,system_10_2023_01_02.csv,2023-01-02,11.052171562966178,cloudy
2023-01-02 14:04:00,27.598,-4.3205,116.68,1.6183,0.0,PVDAQ_10,cloudy,system_10_2023_01_02.csv,2023-01-02,10.087159467556011,cloudy
2023-01-02 14:05:00,27.953,-4.306,116.78,1.6161,0.0,PVDAQ_10,cloudy,system_10_2023_01_02.csv,2023-01-02,8.773374182317342,cloudy
2023-01-02 14:06:00,28.852,-4.3268,116.88,1.6194,0.0,PVDAQ_10,cloudy,system_10_2023_01_02.csv,2023-01-02,7.277514173325427,cloudy
2023-01-02 14:07:00,30.324,-4.3622,116.9,1.6189,0.0,PVDAQ_10,cloudy,system_10_2023_01_02.csv,2023-01-02,5.7443134423449465,cloudy
2023-01-02 14:08:00,29.888,-4.3733,116.91,1.6178,0.0,PVDAQ_10,cloudy,system_10_2023_01_02.csv,2023-01-02,4.445646166553355,cloudy
2023-01-02 14:09:00,28.907,-4.3645,116.94,1.6186,0.0,PVDAQ_10,cloudy,system_10_2023_01_02.csv,2023-01-02,3.2039207335328963,cloudy
2023-01-02 14:10:00,29.315,-4.338,116.88,1.6178,0.0,PVDAQ_10,cloudy,system_10_2023_01_02.csv,2023-01-02,2.2219129724717295,cloudy
2023-01-02 14:11:00,30.541,-4.3244,116.86,1.6192,0.0,PVDAQ_10,cloudy,system_10_2023_01_02.csv,2023-01-02,1.5782727207449547,cloudy
2023-01-02 14:12:00,30.895,-4.3092,116.91,1.6183,0.0,PVDAQ_10,cloudy,system_10_2023_01_02.csv,2023-01-02,1.3363696986701965,cloudy
2023-01-02 14:13:00,30.677,-4.3168,116.92,1.6161,0.0,PVDAQ_10,cloudy,system_10_2023_01_02.csv,2023-01-02,1.266174715281864,cloudy
2023-01-02 14:14:00,31.985,-4.3279,116.88,1.6205,0.0,PVDAQ_10,cloudy,system_10_2023_01_02.csv,2023-01-02,1.3705551986243578,cloudy
2023-01-02 14:15:00,34.273,-4.3255,116.92,1.6183,0.0,PVDAQ_10,cloudy,system_10_2023_01_02.csv,2023-01-02,1.7453132697653777,cloudy
2023-01-02 14:16:00,36.643,-4.3447,116.94,1.6189,0.0,PVDAQ_10,cloudy,system_10_2023_01_02.csv,2023-01-02,2.4230295381923126,cloudy
2023-01-02 14:17:00,36.507,-4.3408,116.88,1.62,0.0,PVDAQ_10,cloudy,system_10_2023_01_02.csv,2023-01-02,2.884216998655511,cloudy
2023-01-02 14:18:00,34.736,-4.3344,116.97,1.6178,0.0,PVDAQ_10,cloudy,system_10_2023_01_02.csv,2023-01-02,2.9447860088961555,cloudy
2023-01-02 14:19:00,33.21,-4.3291,116.96,1.618,0.0,PVDAQ_10,cloudy,system_10_2023_01_02.csv,2023-01-02,2.7973477353515177,cloudy
2023-01-02 14:20:00,34.246,-4.3459,117.01,1.6208,0.0,PVDAQ_10,cloudy,system_10_2023_01_02.csv,2023-01-02,2.672884525341415,cloudy
2023-01-02 14:21:00,35.363,-4.3314,117.02,1.6203,0.0,PVDAQ_10,cloudy,system_10_2023_01_02.csv,2023-01-02,2.6420602801421555,cloudy
2023-01-02 14:22:00,34.628,-4.3199,116.96,1.6208,0.0,PVDAQ_10,cloudy,system_10_2023_01_02.csv,2023-01-02,2.6224234103120088,cloudy
2023-01-02 14:23:00,34.601,-4.3095,116.93,1.6222,0.0,PVDAQ_10,cloudy,system_10_2023_01_02.csv,2023-01-02,2.530942489629034,cloudy
2023-01-02 14:24:00,35.336,-4.3111,116.96,1.6203,0.0,PVDAQ_10,cloudy,system_10_2023_01_02.csv,2023-01-02,2.3040215090968754,cloudy
2023-01-02 14:25:00,34.927,-4.3366,116.89,1.6192,0.0,PVDAQ_10,cloudy,system_10_2023_01_02.csv,2023-01-02,2.0071385056960365,cloudy
2023-01-02 14:26:00,35.309,-4.3334,116.85,1.6178,0.0,PVDAQ_10,cloudy,system_10_2023_01_02.csv,2023-01-02,1.8036481206023767,cloudy
2023-01-02 14:27:00,35.881,-4.3472,116.82,1.6197,0.0,PVDAQ_10,cloudy,system_10_2023_01_02.csv,2023-01-02,1.5938737268799592,cloudy
2023-01-02 14:28:00,34.082,-4.3849,116.8,1.6178,0.0,PVDAQ_10,cloudy,system_10_2023_01_02.csv,2023-01-02,1.1946111262467394,cloudy
2023-01-02 14:29:00,32.693,-4.3769,116.76,1.6183,0.0,PVDAQ_10,cloudy,system_10_2023_01_02.csv,2023-01-02,1.0851898451862523,cloudy
2023-01-02 14:30:00,32.747,-4.3704,116.54,1.6189,0.0,PVDAQ_10,cloudy,system_10_2023_01_02.csv,2023-01-02,1.2058565697304249,cloudy
2023-01-02 14:31:00,32.692,-4.3916,116.63,1.6192,0.0,PVDAQ_10,cloudy,system_10_2023_01_02.csv,2023-01-02,1.1889023669715661,cloudy
2023-01-02 14:32:00,32.692,-4.4205,116.66,1.6197,0.0,PVDAQ_10,cloudy,system_10_2023_01_02.csv,2023-01-02,1.1270593765150916,cloudy
2023-01-02 14:33:00,32.856,-4.4384,116.6,1.6194,0.0,PVDAQ_10,cloudy,system_10_2023_01_02.csv,2023-01-02,1.1681162613778422,cloudy
2023-01-02 14:34:00,33.918,-4.4309,116.54,1.6194,0.0,PVDAQ_10,cloudy,system_10_2023_01_02.csv,2023-01-02,1.1443312957273617,cloudy
2023-01-02 14:35:00,33.182,-4.4501,116.49,1.6192,0.0,PVDAQ_10,cloudy,system_10_2023_01_02.csv,2023-01-02,1.1694220713872845,cloudy
2023-01-02 14:36:00,32.692,-4.4502,116.43,1.6192,0.0,PVDAQ_10,cloudy,system_10_2023_01_02.csv,2023-01-02,1.1602390025130536,cloudy
2023-01-02 14:37:00,32.256,-4.4703,116.44,1.6197,0.0,PVDAQ_10,cloudy,system_10_2023_01_02.csv,2023-01-02,1.21185598315347,cloudy
2023-01-02 14:38:00,32.038,-4.4655,116.42,1.6192,0.0,PVDAQ_10,cloudy,system_10_2023_01_02.csv,2023-01-02,1.2591729599036352,cloudy
2023-01-02 14:39:00,32.638,-4.4685,116.4,1.6192,0.0,PVDAQ_10,cloudy,system_10_2023_01_02.csv,2023-01-02,1.1763213158786914,cloudy
2023-01-02 14:40:00,33.946,-4.4657,116.41,1.6197,0.0,PVDAQ_10,cloudy,system_10_2023_01_02.csv,2023-01-02,1.1091356909989498,cloudy
2023-01-02 14:41:00,34.682,-4.4441,116.42,1.6203,0.0,PVDAQ_10,cloudy,system_10_2023_01_02.csv,2023-01-02,1.0378680529496185,cloudy
2023-01-02 14:42:00,34.628,-4.4512,116.37,1.6189,0.0,PVDAQ_10,cloudy,system_10_2023_01_02.csv,2023-01-02,0.8448739720613744,cloudy
2023-01-02 14:43:00,34.083,-4.4366,116.4,1.62,0.0,PVDAQ_10,cloudy,system_10_2023_01_02.csv,2023-01-02,0.8449500295735172,cloudy
2023-01-02 14:44:00,33.239,-4.4238,116.45,1.6203,0.0,PVDAQ_10,cloudy,system_10_2023_01_02.csv,2023-01-02,0.834029587290695,cloudy
2023-01-02 14:45:00,31.985,-4.4109,116.4,1.6205,0.0,PVDAQ_10,cloudy,system_10_2023_01_02.csv,2023-01-02,0.8864110516438111,cloudy
2023-01-02 14:46:00,30.677,-4.426,116.41,1.6194,0.0,PVDAQ_10,cloudy,system_10_2023_01_02.csv,2023-01-02,1.0925019690949247,cloudy
2023-01-02 14:47:00,28.825,-4.4364,116.41,1.6194,0.0,PVDAQ_10,cloudy,system_10_2023_01_02.csv,2023-01-02,1.5425554709791542,cloudy
2023-01-02 14:48:00,27.844,-4.4321,116.41,1.6211,0.0,PVDAQ_10,cloudy,system_10_2023_01_02.csv,2023-01-02,1.9992779482555842,cloudy
2023-01-02 14:49:00,27.463,-4.4051,116.47,1.6205,0.0,PVDAQ_10,cloudy,system_10_2023_01_02.csv,2023-01-02,2.3268037202300293,cloudy
2023-01-02 14:50:00,27.381,-4.3866,116.45,1.62,0.0,PVDAQ_10,cloudy,system_10_2023_01_02.csv,2023-01-02,2.5860683304234575,cloudy
2023-01-02 14:51:00,26.918,-4.4008,116.43,1.6203,0.0,PVDAQ_10,cloudy,system_10_2023_01_02.csv,2023-01-02,2.833785786859983,cloudy
2023-01-02 14:52:00,25.91,-4.417,116.42,1.6197,0.0,PVDAQ_10,cloudy,system_10_2023_01_02.csv,2023-01-02,3.1295730851561,cloudy
2023-01-02 14:53:00,24.547,-4.4363,116.45,1.6186,0.0,PVDAQ_10,cloudy,system_10_2023_01_02.csv,2023-01-02,3.4969603018158977,cloudy
2023-01-02 14:54:00,24.193,-4.4215,116.45,1.6208,0.0,PVDAQ_10,cloudy,system_10_2023_01_02.csv,2023-01-02,3.7661691879781958,cloudy
2023-01-02 14:55:00,23.593,-4.4112,116.42,1.6194,0.0,PVDAQ_10,cloudy,system_10_2023_01_02.csv,2023-01-02,3.8898313012875456,cloudy
2023-01-02 14:56:00,23.539,-4.4216,116.45,1.6205,0.0,PVDAQ_10,cloudy,system_10_2023_01_02.csv,2023-01-02,3.803465049273859,cloudy
2023-01-02 14:57:00,23.212,-4.4388,116.47,1.6189,0.0,PVDAQ_10,cloudy,system_10_2023_01_02.csv,2023-01-02,3.5874719073199333,cloudy
2023-01-02 14:58:00,22.394,-4.4373,116.44,1.6216,0.0,PVDAQ_10,cloudy,system_10_2023_01_02.csv,2023-01-02,3.329763733946445,cloudy
2023-01-02 14:59:00,22.367,-4.4341,116.48,1.6208,0.0,PVDAQ_10,cloudy,system_10_2023_01_02.csv,2023-01-02,2.9895941642239876,cloudy
2023-01-02 15:00:00,22.095,-4.4425,116.39,1.62,0.0,PVDAQ_10,cloudy,system_10_2023_01_02.csv,2023-01-02,2.6612785380787036,cloudy
2023-01-02 15:01:00,21.604,-4.4504,116.48,1.6197,0.0,PVDAQ_10,cloudy,system_10_2023_01_02.csv,2023-01-02,2.393111712135925,cloudy
2023-01-02 15:02:00,21.55,-4.4705,116.45,1.62,0.0,PVDAQ_10,cloudy,system_10_2023_01_02.csv,2023-01-02,2.250392367925933,cloudy
2023-01-02 15:03:00,21.251,-4.4842,116.43,1.6208,0.0,PVDAQ_10,cloudy,system_10_2023_01_02.csv,2023-01-02,2.1519931027726833,cloudy
2023-01-02 15:04:00,21.169,-4.4738,116.56,1.6205,0.0,PVDAQ_10,cloudy,system_10_2023_01_02.csv,2023-01-02,2.0098353948473506,cloudy
2023-01-02 15:05:00,20.406,-4.457,116.57,1.6203,0.0,PVDAQ_10,cloudy,system_10_2023_01_02.csv,2023-01-02,1.834137134640408,cloudy
2023-01-02 15:06:00,20.161,-4.4677,116.62,1.6211,0.0,PVDAQ_10,cloudy,system_10_2023_01_02.csv,2023-01-02,1.6154429939685804,cloudy
2023-01-03 07:25:00,45.847,-6.763,116.66,1.6509,0.0,PVDAQ_10,cloudy,system_10_2023_01_03.csv,2023-01-03,11.451598211399736,cloudy
2023-01-03 07:26:00,69.507,-6.7514,116.21,1.6509,0.0,PVDAQ_10,cloudy,system_10_2023_01_03.csv,2023-01-03,19.476131478199044,cloudy
2023-01-03 07:27:00,80.355,-6.7678,116.73,1.6501,0.0,PVDAQ_10,cloudy,system_10_2023_01_03.csv,2023-01-03,25.939537830664538,cloudy
2023-01-03 07:28:00,88.587,-6.7862,116.79,1.6503,0.0,PVDAQ_10,cloudy,system_10_2023_01_03.csv,2023-01-03,31.309186744822853,cloudy
2023-01-03 07:29:00,98.454,-6.7692,116.81,1.6495,0.0,PVDAQ_10,cloudy,system_10_2023_01_03.csv,2023-01-03,36.16405917738798,cloudy
2023-01-03 07:30:00,107.09,-6.7529,116.81,1.6498,0.0,PVDAQ_10,cloudy,system_10_2023_01_03.csv,2023-01-03,40.403813239960655,cloudy
2023-01-03 07:31:00,116.55,-6.7391,116.74,1.6498,0.0,PVDAQ_10,cloudy,system_10_2023_01_03.csv,2023-01-03,44.14431646817926,cloudy
2023-01-03 07:32:00,127.57,-6.7001,116.81,1.6501,0.0,PVDAQ_10,cloudy,system_10_2023_01_03.csv,2023-01-03,47.50590893830648,cloudy
2023-01-03 07:33:00,138.99,-6.607,116.77,1.6512,0.0,PVDAQ_10,cloudy,system_10_2023_01_03.csv,2023-01-03,50.37001799322595,cloudy
2023-01-03 07:34:00,150.43,-6.501,116.8,1.6498,0.0,PVDAQ_10,cloudy,system_10_2023_01_03.csv,2023-01-03,52.61564591729528,cloudy
2023-01-03 07:35:00,160.41,-6.4644,116.79,1.6501,0.0,PVDAQ_10,cloudy,system_10_2023_01_03.csv,2023-01-03,53.960346729833994,cloudy
2023-01-03 07:36:00,171.78,-6.5476,116.82,1.6498,0.0,PVDAQ_10,cloudy,system_10_2023_01_03.csv,2023-01-03,54.33563798745807,cloudy
2023-01-03 07:37:00,183.25,-6.796,116.79,1.6503,0.0,PVDAQ_10,cloudy,system_10_2023_01_03.csv,2023-01-03,53.49380547609585,cloudy
2023-01-03 07:38:00,192.25,-6.9369,116.8,1.6501,0.0,PVDAQ_10,cloudy,system_10_2023_01_03.csv,2023-01-03,50.76812482941767,cloudy
2023-01-03 07:39:00,200.21,-7.0115,116.82,1.6501,0.0,PVDAQ_10,cloudy,system_10_2023_01_03.csv,2023-01-03,47.36851479019232,cloudy
2023-01-03 07:40:00,211.41,-6.8493,116.87,1.6501,0.0,PVDAQ_10,cloudy,system_10_2023_01_03.csv,2023-01-03,45.938285865569306,cloudy
2023-01-03 07:41:00,221.77,-6.6604,117.21,1.6509,0.0,PVDAQ_10,cloudy,system_10_2023_01_03.csv,2023-01-03,46.1210569569765,cloudy
2023-01-03 07:42:00,231.33,-6.6,117.24,1.6509,0.0,PVDAQ_10,cloudy,system_10_2023_01_03.csv,2023-01-03,46.32393877251912,cloudy
2023-01-03 07:43:00,241.83,-6.5429,117.28,1.6498,0.0,PVDAQ_10,cloudy,system_10_2023_01_03.csv,2023-01-03,46.3463809787633,cloudy
2023-01-03 08:08:00,237.11,-7.1602,116.66,1.71,0.0,PVDAQ_10,cloudy,system_10_2023_01_03.csv,2023-01-03,37.09264768631468,cloudy
2023-01-03 08:09:00,240.11,-7.1356,116.57,1.7116,0.0,PVDAQ_10,cloudy,system_10_2023_01_03.csv,2023-01-03,43.39441831563704,cloudy
2023-01-03 11:31:00,245.69,-2.5055,117.41,2.8243,257.05,PVDAQ_10,cloudy,system_10_2023_01_03.csv,2023-01-03,18.388784185170767,cloudy
2023-01-03 11:32:00,231.23,-2.4956,117.41,2.6701,236.21,PVDAQ_10,cloudy,system_10_2023_01_03.csv,2023-01-03,20.340540260634473,cloudy
2023-01-03 11:33:00,224.72,-2.5138,117.35,2.6715,233.71,PVDAQ_10,cloudy,system_10_2023_01_03.csv,2023-01-03,21.878839744617913,cloudy
2023-01-03 11:34:00,221.28,-2.5805,117.4,2.7241,243.25,PVDAQ_10,cloudy,system_10_2023_01_03.csv,2023-01-03,22.743953879975923,cloudy
2023-01-03 11:35:00,213.14,-2.7462,117.35,2.6739,235.55,PVDAQ_10,cloudy,system_10_2023_01_03.csv,2023-01-03,23.85451709243993,cloudy
2023-01-03 11:36:00,206.16,-2.901,117.32,2.5677,219.42,PVDAQ_10,cloudy,system_10_2023_01_03.csv,2023-01-03,24.923193500932538,cloudy
2023-01-03 11:37:00,200.23,-3.0815,117.31,2.4791,204.61,PVDAQ_10,cloudy,system_10_2023_01_03.csv,2023-01-03,25.86822537030177,cloudy
2023-01-03 11:38:00,196.88,-3.1753,117.34,2.4226,197.08,PVDAQ_10,cloudy,system_10_2023_01_03.csv,2023-01-03,26.48402183166562,cloudy
2023-01-03 11:39:00,200.01,-3.2302,117.32,2.478,205.15,PVDAQ_10,cloudy,system_10_2023_01_03.csv,2023-01-03,26.698529030269277,cloudy
2023-01-03 11:40:00,204.34,-3.2055,117.26,2.5398,214.8,PVDAQ_10,cloudy,system_10_2023_01_03.csv,2023-01-03,26.43704999390294,cloudy
2023-01-03 11:41:00,202.16,-3.2434,117.24,2.5406,215.04,PVDAQ_10,cloudy,system_10_2023_01_03.csv,2023-01-03,26.170230215322395,cloudy
2023-01-03 11:42:00,194.51,-3.2371,117.23,2.4677,204.54,PVDAQ_10,cloudy,system_10_2023_01_03.csv,2023-01-03,25.868000769457986,cloudy
2023-01-03 11:43:00,185.98,-3.1927,117.3,2.3872,192.71,PVDAQ_10,cloudy,system_10_2023_01_03.csv,2023-01-03,24.765920382253054,cloudy
2023-01-03 11:44:00,178.92,-3.1967,117.23,2.335,181.66,PVDAQ_10,cloudy,system_10_2023_01_03.csv,2023-01-03,22.337425886552563,cloudy
2023-01-03 11:45:00,173.94,-3.2014,117.23,2.3214,177.13,PVDAQ_10,cloudy,system_10_2023_01_03.csv,2023-01-03,19.46208712438666,cloudy
2023-01-03 11:46:00,181.73,-3.3167,117.32,2.4188,196.74,PVDAQ_10,cloudy,system_10_2023_01_03.csv,2023-01-03,16.800602398470545,cloudy
2023-01-03 11:47:00,191.47,-3.4207,117.59,2.5471,217.54,PVDAQ_10,cloudy,system_10_2023_01_03.csv,2023-01-03,14.698008060668933,cloudy
2023-01-03 11:48:00,193.52,-3.4406,117.61,2.6119,226.28,PVDAQ_10,cloudy,system_10_2023_01_03.csv,2023-01-03,12.785067666508418,cloudy
2023-01-03 11:49:00,191.69,-3.373,117.66,2.6607,231.47,PVDAQ_10,cloudy,system_10_2023_01_03.csv,2023-01-03,10.778233488933003,cloudy
2023-01-03 11:50:00,185.48,-3.3351,117.61,2.6298,224.57,PVDAQ_10,cloudy,system_10_2023_01_03.csv,2023-01-03,9.632126452611384,cloudy
2023-01-03 11:51:00,177.31,-3.258,117.57,2.5848,218.56,PVDAQ_10,cloudy,system_10_2023_01_03.csv,2023-01-03,9.583080228494314,cloudy
2023-01-03 11:52:00,169.0,-3.2379,117.59,2.5379,211.06,PVDAQ_10,cloudy,system_10_2023_01_03.csv,2023-01-03,10.66048140604408,cloudy
2023-01-03 11:53:00,152.93,-3.2599,117.49,2.3445,180.62,PVDAQ_10,cloudy,system_10_2023_01_03.csv,2023-01-03,13.768461614762085,cloudy
2023-01-03 11:54:00,140.7,-3.2273,117.43,2.2314,158.76,PVDAQ_10,cloudy,system_10_2023_01_03.csv,2023-01-03,17.361391018415308,cloudy
2023-01-03 11:55:00,131.95,-3.273,117.4,2.1599,142.76,PVDAQ_10,cloudy,system_10_2023_01_03.csv,2023-01-03,20.38105333973587,cloudy
2023-01-03 11:56:00,126.94,-3.2917,117.43,2.118,135.52,PVDAQ_10,cloudy,system_10_2023_01_03.csv,2023-01-03,22.794091715659786,cloudy
2023-01-03 11:57:00,125.88,-3.2965,117.37,2.1196,136.38,PVDAQ_10,cloudy,system_10_2023_01_03.csv,2023-01-03,24.704504640305025,cloudy
2023-01-03 11:58:00,126.15,-3.2764,117.32,2.1207,137.04,PVDAQ_10,cloudy,system_10_2023_01_03.csv,2023-01-03,26.232042238434936,cloudy
2023-01-03 11:59:00,126.26,-3.2914,117.48,2.1205,135.83,PVDAQ_10,cloudy,system_10_2023_01_03.csv,2023-01-03,27.468833941291805,cloudy
2023-01-03 12:00:00,128.27,-3.3248,117.6,2.1393,139.77,PVDAQ_10,cloudy,system_10_2023_01_03.csv,2023-01-03,28.292078615399973,cloudy
2023-01-03 12:01:00,129.14,-3.3451,117.83,2.1492,142.16,PVDAQ_10,cloudy,system_10_2023_01_03.csv,2023-01-03,28.21638517563802,cloudy
2023-01-03 12:02:00,131.84,-3.3329,117.74,2.1597,145.57,PVDAQ_10,cloudy,system_10_2023_01_03.csv,2023-01-03,26.579387412750872,cloudy
2023-01-03 12:03:00,135.9,-3.2995,117.66,2.1881,150.3,PVDAQ_10,cloudy,system_10_2023_01_03.csv,2023-01-03,23.71642282106573,cloudy
2023-01-03 12:04:00,140.39,-3.2779,117.67,2.2449,160.98,PVDAQ_10,cloudy,system_10_2023_01_03.csv,2023-01-03,19.94775597831539,cloudy
2023-01-03 12:05:00,143.39,-3.3208,117.69,2.2711,168.52,PVDAQ_10,cloudy,system_10_2023_01_03.csv,2023-01-03,15.932133746402844,cloudy
2023-01-03 12:06:00,145.16,-3.3494,117.62,2.2905,172.52,PVDAQ_10,cloudy,system_10_2023_01_03.csv,2023-01-03,12.128899176638955,cloudy
2023-01-03 12:07:00,148.18,-3.3683,117.64,2.3183,176.48,PVDAQ_10,cloudy,system_10_2023_01_03.csv,2023-01-03,8.978479720654992,cloudy
2023-01-03 12:08:00,149.57,-3.3686,117.57,2.3042,174.32,PVDAQ_10,cloudy,system_10_2023_01_03.csv,2023-01-03,8.545051087864392,cloudy
2023-01-03 12:09:00,149.82,-3.3726,117.59,2.302,174.67,PVDAQ_10,cloudy,system_10_2023_01_03.csv,2023-01-03,9.250901474678766,cloudy
2023-01-03 12:10:00,152.24,-3.3874,117.62,2.3437,183.66,PVDAQ_10,cloudy,system_10_2023_01_03.csv,2023-01-03,10.075203554551408,cloudy
2023-01-03 12:11:00,148.53,-3.2791,117.7,2.3175,179.33,PVDAQ_10,cloudy,system_10_2023_01_03.csv,2023-01-03,10.035328214858458,cloudy
2023-01-03 12:12:00,148.4,-3.1486,117.62,2.3374,183.38,PVDAQ_10,cloudy,system_10_2023_01_03.csv,2023-01-03,9.65540692338381,cloudy
2023-01-03 12:13:00,157.41,-3.0665,117.72,2.438,197.89,PVDAQ_10,cloudy,system_10_2023_01_03.csv,2023-01-03,9.775376499822164,cloudy
2023-01-03 12:14:00,166.51,-2.9863,117.69,2.5084,211.3,PVDAQ_10,cloudy,system_10_2023_01_03.csv,2023-01-03,10.551405232477231,cloudy
2023-01-03 12:15:00,166.91,-2.9696,117.7,2.4562,201.58,PVDAQ_10,cloudy,system_10_2023_01_03.csv,2023-01-03,10.890876566188485,cloudy
2023-01-03 12:16:00,159.07,-2.9518,117.53,2.3434,183.07,PVDAQ_10,cloudy,system_10_2023_01_03.csv,2023-01-03,9.978763068635198,cloudy
2023-01-03 12:17:00,150.27,-3.0337,117.56,2.2631,168.75,PVDAQ_10,cloudy,system_10_2023_01_03.csv,2023-01-03,8.693667372286587,cloudy
2023-01-03 12:18:00,152.1,-3.0774,117.63,2.3174,178.79,PVDAQ_10,cloudy,system_10_2023_01_03.csv,2023-01-03,7.657125222018834,cloudy
2023-01-03 12:19:00,166.02,-3.1713,117.64,2.4719,203.51,PVDAQ_10,cloudy,system_10_2023_01_03.csv,2023-01-03,7.772766743969408,cloudy
2023-01-03 12:20:00,184.81,-3.1561,117.73,2.6389,230.27,PVDAQ_10,cloudy,system_10_2023_01_03.csv,2023-01-03,10.702428740776588,cloudy
2023-01-03 12:21:00,195.92,-3.0225,118.0,2.7622,249.25,PVDAQ_10,cloudy,system_10_2023_01_03.csv,2023-01-03,14.327986333744853,cloudy
2023-01-03 12:22:00,195.98,-2.9738,118.02,2.7509,247.39,PVDAQ_10,cloudy,system_10_2023_01_03.csv,2023-01-03,16.69821410465047,cloudy
2023-01-03 12:23:00,196.52,-2.9015,118.0,2.7666,250.56,PVDAQ_10,cloudy,system_10_2023_01_03.csv,2023-01-03,18.339869449579293,cloudy
2023-01-03 12:24:00,197.77,-2.8157,117.98,2.7713,250.2,PVDAQ_10,cloudy,system_10_2023_01_03.csv,2023-01-03,19.45674890865083,cloudy
2023-01-03 12:25:00,197.06,-2.7829,117.82,2.7492,247.47,PVDAQ_10,cloudy,system_10_2023_01_03.csv,2023-01-03,20.092247924652934,cloudy
2023-01-03 12:26:00,195.46,-2.6963,117.69,2.7092,240.97,PVDAQ_10,cloudy,system_10_2023_01_03.csv,2023-01-03,19.79169431374141,cloudy
2023-01-03 12:27:00,195.46,-2.7266,117.77,2.7098,240.74,PVDAQ_10,cloudy,system_10_2023_01_03.csv,2023-01-03,18.925934536880998,cloudy
2023-01-03 12:28:00,195.05,-2.6288,117.72,2.705,239.39,PVDAQ_10,cloudy,system_10_2023_01_03.csv,2023-01-03,18.420662621839735,cloudy
2023-01-03 12:29:00,191.97,-2.6026,117.62,2.6755,236.1,PVDAQ_10,cloudy,system_10_2023_01_03.csv,2023-01-03,18.161898054758943,cloudy
2023-01-03 12:30:00,189.27,-2.5368,117.44,2.6579,233.45,PVDAQ_10,cloudy,system_10_2023_01_03.csv,2023-01-03,17.68546748036588,cloudy
2023-01-03 12:31:00,189.74,-2.4591,117.43,2.6783,237.43,PVDAQ_10,cloudy,system_10_2023_01_03.csv,2023-01-03,16.29292031466538,cloudy
2023-01-03 12:32:00,191.02,-2.375,117.48,2.6794,235.89,PVDAQ_10,cloudy,system_10_2023_01_03.csv,2023-01-03,12.916820521321872,cloudy
2023-01-03 12:33:00,190.39,-2.322,117.47,2.6803,236.57,PVDAQ_10,cloudy,system_10_2023_01_03.csv,2023-01-03,7.9405809430658625,cloudy
2023-01-03 12:34:00,180.97,-2.4498,117.44,2.5685,219.88,PVDAQ_10,cloudy,system_10_2023_01_03.csv,2023-01-03,4.852168096551527,cloudy
2023-01-03 12:35:00,171.17,-2.545,117.46,2.4708,204.5,PVDAQ_10,cloudy,system_10_2023_01_03.csv,2023-01-03,7.13561957126093,cloudy
2023-01-03 12:36:00,173.51,-2.6193,117.51,2.5495,214.15,PVDAQ_10,cloudy,system_10_2023_01_03.csv,2023-01-03,8.397266108343258,cloudy
2023-01-03 12:37:00,178.17,-2.6806,117.45,2.6189,225.84,PVDAQ_10,cloudy,system_10_2023_01_03.csv,2023-01-03,8.756308909202295,cloudy
2023-01-03 12:38:00,179.83,-2.7369,117.43,2.6049,224.11,PVDAQ_10,cloudy,system_10_2023_01_03.csv,2023-01-03,8.77951387085932,cloudy
2023-01-03 12:39:00,183.48,-2.6509,117.46,2.6294,227.25,PVDAQ_10,cloudy,system_10_2023_01_03.csv,2023-01-03,8.385621764665862,cloudy
2023-01-03 12:40:00,188.46,-2.5767,117.58,2.6904,234.68,PVDAQ_10,cloudy,system_10_2023_01_03.csv,2023-01-03,7.917652670369419,cloudy
2023-01-03 12:41:00,192.52,-2.5569,117.63,2.7255,243.08,PVDAQ_10,cloudy,system_10_2023_01_03.csv,2023-01-03,7.70732533429124,cloudy
2023-01-03 12:42:00,195.08,-2.4872,117.65,2.7682,247.46,PVDAQ_10,cloudy,system_10_2023_01_03.csv,2023-01-03,7.674803115144164,cloudy
2023-01-03 12:43:00,193.8,-2.4072,117.61,2.7221,242.39,PVDAQ_10,cloudy,system_10_2023_01_03.csv,2023-01-03,7.576159851423518,cloudy
2023-01-03 12:44:00,184.05,-2.3668,117.54,2.5825,222.15,PVDAQ_10,cloudy,system_10_2023_01_03.csv,2023-01-03,7.401254205106469,cloudy
2023-01-03 12:45:00,173.56,-2.4915,117.49,2.4843,203.47,PVDAQ_10,cloudy,system_10_2023_01_03.csv,2023-01-03,7.913002560525914,cloudy
2023-01-03 12:46:00,165.34,-2.6178,117.53,2.4024,190.55,PVDAQ_10,cloudy,system_10_2023_01_03.csv,2023-01-03,9.145188170056606,cloudy
2023-01-03 12:47:00,158.99,-2.6686,117.4,2.329,179.12,PVDAQ_10,cloudy,system_10_2023_01_03.csv,2023-01-03,10.687307469678831,cloudy
2023-01-03 12:48:00,161.44,-2.7829,117.36,2.3671,186.46,PVDAQ_10,cloudy,system_10_2023_01_03.csv,2023-01-03,11.388223156653307,cloudy
2023-01-03 12:49:00,167.27,-2.7242,117.37,2.4102,193.64,PVDAQ_10,cloudy,system_10_2023_01_03.csv,2023-01-03,11.736465274601342,cloudy
2023-01-03 12:50:00,169.91,-2.6464,117.4,2.4217,195.16,PVDAQ_10,cloudy,system_10_2023_01_03.csv,2023-01-03,11.791518016859532,cloudy
2023-01-03 12:51:00,172.31,-2.6538,117.47,2.4499,199.68,PVDAQ_10,cloudy,system_10_2023_01_03.csv,2023-01-03,11.825952574096515,cloudy
2023-01-03 12:52:00,174.49,-2.7118,117.54,2.4956,207.37,PVDAQ_10,cloudy,system_10_2023_01_03.csv,2023-01-03,11.851737586049946,cloudy
2023-01-03 12:53:00,174.54,-2.6793,117.68,2.5224,210.3,PVDAQ_10,cloudy,system_10_2023_01_03.csv,2023-01-03,11.851971385105102,cloudy
2023-01-03 12:54:00,173.7,-2.7272,117.58,2.5039,208.21,PVDAQ_10,cloudy,system_10_2023_01_03.csv,2023-01-03,11.73944863631923,cloudy
2023-01-03 12:55:00,172.47,-2.7247,117.63,2.4799,205.27,PVDAQ_10,cloudy,system_10_2023_01_03.csv,2023-01-03,11.279595484093182,cloudy
2023-01-03 12:56:00,176.07,-2.6818,117.66,2.5113,211.74,PVDAQ_10,cloudy,system_10_2023_01_03.csv,2023-01-03,10.23707677764701,cloudy
2023-01-03 12:57:00,179.5,-2.6182,117.69,2.5141,211.63,PVDAQ_10,cloudy,system_10_2023_01_03.csv,2023-01-03,8.631930314329324,cloudy
2023-01-03 12:58:00,189.49,-2.5539,117.73,2.6537,233.29,PVDAQ_10,cloudy,system_10_2023_01_03.csv,2023-01-03,7.9398946256057235,cloudy
2023-01-03 12:59:00,199.62,-2.4722,117.81,2.7918,254.66,PVDAQ_10,cloudy,system_10_2023_01_03.csv,2023-01-03,10.20094300024739,cloudy
2023-01-03 13:00:00,197.52,-2.4878,117.75,2.7469,247.21,PVDAQ_10,cloudy,system_10_2023_01_03.csv,2023-01-03,11.879475377185509,cloudy
2023-01-03 13:01:00,191.61,-2.506,117.77,2.6638,234.39,PVDAQ_10,cloudy,system_10_2023_01_03.csv,2023-01-03,12.20493354575141,cloudy
2023-01-03 13:02:00,186.52,-2.5568,117.61,2.5993,225.07,PVDAQ_10,cloudy,system_10_2023_01_03.csv,2023-01-03,11.29716618487101,cloudy
2023-01-03 13:03:00,182.33,-2.6086,117.66,2.5485,216.04,PVDAQ_10,cloudy,system_10_2023_01_03.csv,2023-01-03,10.199227561742854,cloudy
2023-01-03 13:04:00,187.12,-2.6467,117.71,2.6561,230.9,PVDAQ_10,cloudy,system_10_2023_01_03.csv,2023-01-03,9.63349711505338,cloudy
2023-01-03 13:05:00,196.7,-2.6713,117.8,2.7651,249.04,PVDAQ_10,cloudy,system_10_2023_01_03.csv,2023-01-03,9.751689572729875,cloudy
2023-01-03 13:06:00,203.78,-2.6726,117.63,2.759,248.24,PVDAQ_10,cloudy,system_10_2023_01_03.csv,2023-01-03,10.505517235245296,cloudy
2023-01-03 13:07:00,214.41,-2.6258,117.74,2.8732,267.14,PVDAQ_10,cloudy,system_10_2023_01_03.csv,2023-01-03,12.35688059723519,cloudy
2023-01-03 13:08:00,226.03,-2.5765,117.77,3.015,284.85,PVDAQ_10,cloudy,system_10_2023_01_03.csv,2023-01-03,15.092857282551831,cloudy
2023-01-03 13:09:00,228.73,-2.4854,117.72,3.0224,286.2,PVDAQ_10,cloudy,system_10_2023_01_03.csv,2023-01-03,16.954567020606795,cloudy
2023-01-03 13:10:00,231.67,-2.3371,117.73,3.0586,289.6,PVDAQ_10,cloudy,system_10_2023_01_03.csv,2023-01-03,18.074022663403092,cloudy
2023-01-03 13:11:00,239.79,-2.2595,117.76,3.1301,302.09,PVDAQ_10,cloudy,system_10_2023_01_03.csv,2023-01-03,19.619442203591692,cloudy
2023-01-03 13:12:00,247.95,-2.287,117.81,3.1957,311.39,PVDAQ_10,cloudy,system_10_2023_01_03.csv,2023-01-03,21.47287930654429,cloudy
2023-01-03 13:17:00,245.04,-2.7279,117.72,3.151,304.44,PVDAQ_10,cloudy,system_10_2023_01_03.csv,2023-01-03,25.74924156070538,cloudy
2023-01-03 13:18:00,236.49,-2.8471,117.54,3.0599,290.89,PVDAQ_10,cloudy,system_10_2023_01_03.csv,2023-01-03,22.436600137130174,cloudy
2023-01-03 13:19:00,230.12,-2.9528,117.54,2.9802,280.61,PVDAQ_10,cloudy,system_10_2023_01_03.csv,2023-01-03,18.759591248444462,cloudy
2023-01-03 13:20:00,230.42,-2.8342,117.5,3.0026,283.73,PVDAQ_10,cloudy,system_10_2023_01_03.csv,2023-01-03,15.640088813508475,cloudy
2023-01-03 13:21:00,238.21,-2.7075,117.58,3.0911,294.95,PVDAQ_10,cloudy,system_10_2023_01_03.csv,2023-01-03,12.666460662453638,cloudy
2023-01-03 13:22:00,248.99,-2.5805,117.6,3.2169,314.32,PVDAQ_10,cloudy,system_10_2023_01_03.csv,2023-01-03,10.835977684554218,cloudy
2023-01-03 13:24:00,246.84,-2.5266,117.59,3.141,303.46,PVDAQ_10,cloudy,system_10_2023_01_03.csv,2023-01-03,9.534062992348435,cloudy
2023-01-03 13:25:00,236.73,-2.4996,117.53,3.0345,286.49,PVDAQ_10,cloudy,system_10_2023_01_03.csv,2023-01-03,9.124225577010025,cloudy
2023-01-03 13:26:00,228.89,-2.577,117.5,2.959,278.21,PVDAQ_10,cloudy,system_10_2023_01_03.csv,2023-01-03,9.960063444011483,cloudy
2023-01-03 13:27:00,226.8,-2.5165,117.54,2.9385,276.0,PVDAQ_10,cloudy,system_10_2023_01_03.csv,2023-01-03,10.851564381369935,cloudy
2023-01-03 13:28:00,229.57,-2.5188,117.56,2.9725,280.05,PVDAQ_10,cloudy,system_10_2023_01_03.csv,2023-01-03,10.916905936999687,cloudy
2023-01-03 13:29:00,235.86,-2.6326,117.63,3.0461,290.12,PVDAQ_10,cloudy,system_10_2023_01_03.csv,2023-01-03,10.074663269767418,cloudy
2023-01-03 13:30:00,236.65,-2.6797,117.8,3.0174,288.29,PVDAQ_10,cloudy,system_10_2023_01_03.csv,2023-01-03,8.911026769931508,cloudy
2023-01-03 13:31:00,227.67,-2.7154,117.75,2.8858,266.14,PVDAQ_10,cloudy,system_10_2023_01_03.csv,2023-01-03,8.39956365075019,cloudy
2023-01-03 13:32:00,218.08,-2.73,117.66,2.7523,246.94,PVDAQ_10,cloudy,system_10_2023_01_03.csv,2023-01-03,9.34104016840533,cloudy
2023-01-03 13:33:00,215.93,-2.7938,117.69,2.7369,244.85,PVDAQ_10,cloudy,system_10_2023_01_03.csv,2023-01-03,10.538202927993389,cloudy
2023-01-03 13:34:00,225.84,-2.8891,117.79,2.8762,267.25,PVDAQ_10,cloudy,system_10_2023_01_03.csv,2023-01-03,10.696701894872003,cloudy
2023-01-03 13:35:00,240.36,-2.8903,117.88,3.0795,295.5,PVDAQ_10,cloudy,system_10_2023_01_03.csv,2023-01-03,10.810046165231045,cloudy
2023-01-03 13:36:00,249.97,-2.8219,117.99,3.1835,310.29,PVDAQ_10,cloudy,system_10_2023_01_03.csv,2023-01-03,11.538713017248853,cloudy
2023-01-03 13:37:00,249.04,-2.771,118.06,3.1553,306.12,PVDAQ_10,cloudy,system_10_2023_01_03.csv,2023-01-03,11.543114954652962,cloudy
2023-01-03 13:38:00,238.89,-2.7572,117.99,3.053,292.15,PVDAQ_10,cloudy,system_10_2023_01_03.csv,2023-01-03,10.392492619979611,cloudy
2023-01-03 13:39:00,229.27,-2.6987,117.88,2.9636,277.5,PVDAQ_10,cloudy,system_10_2023_01_03.csv,2023-01-03,9.791522329188389,cloudy
2023-01-03 13:40:00,225.6,-2.7217,117.91,2.9186,272.0,PVDAQ_10,cloudy,system_10_2023_01_03.csv,2023-01-03,9.8804842757323,cloudy
2023-01-03 13:41:00,226.58,-2.6728,117.9,2.9421,274.81,PVDAQ_10,cloudy,system_10_2023_01_03.csv,2023-01-03,9.948429500327823,cloudy
2023-01-03 13:42:00,228.18,-2.7037,117.89,2.9755,278.44,PVDAQ_10,cloudy,system_10_2023_01_03.csv,2023-01-03,9.905765613022345,cloudy
2023-01-03 13:43:00,227.58,-2.7331,117.91,2.9763,279.96,PVDAQ_10,cloudy,system_10_2023_01_03.csv,2023-01-03,9.951454308608673,cloudy
2023-01-03 13:44:00,223.47,-2.7612,117.89,2.9291,272.83,PVDAQ_10,cloudy,system_10_2023_01_03.csv,2023-01-03,10.094671012783147,cloudy
2023-01-03 13:45:00,218.27,-2.7041,117.86,2.8607,265.53,PVDAQ_10,cloudy,system_10_2023_01_03.csv,2023-01-03,10.45264960709497,cloudy
2023-01-03 13:46:00,216.04,-2.7509,117.63,2.8351,258.74,PVDAQ_10,cloudy,system_10_2023_01_03.csv,2023-01-03,11.025535080380495,cloudy
2023-01-03 13:47:00,217.62,-2.7962,117.6,2.8558,262.44,PVDAQ_10,cloudy,system_10_2023_01_03.csv,2023-01-03,11.058291308599342,cloudy
2023-01-03 13:48:00,221.62,-2.8884,117.68,2.9186,271.07,PVDAQ_10,cloudy,system_10_2023_01_03.csv,2023-01-03,10.67464566152797,cloudy
2023-01-03 13:49:00,228.32,-2.9392,117.76,3.0033,284.03,PVDAQ_10,cloudy,system_10_2023_01_03.csv,2023-01-03,10.637663859143634,cloudy
2023-01-03 13:50:00,235.13,-2.9117,117.78,3.085,296.94,PVDAQ_10,cloudy,system_10_2023_01_03.csv,2023-01-03,10.333695830775504,cloudy
2023-01-03 13:51:00,237.39,-2.8839,117.75,3.1079,297.85,PVDAQ_10,cloudy,system_10_2023_01_03.csv,2023-01-03,8.92855531422501,cloudy
2023-01-03 13:52:00,234.8,-2.7894,117.75,3.0532,293.31,PVDAQ_10,cloudy,system_10_2023_01_03.csv,2023-01-03,7.130434235032675,cloudy
2023-01-03 13:53:00,230.5,-2.7754,117.77,2.9898,281.88,PVDAQ_10,cloudy,system_10_2023_01_03.csv,2023-01-03,6.448668596372365,cloudy
2023-01-03 13:54:00,228.24,-2.7969,117.68,2.9608,278.69,PVDAQ_10,cloudy,system_10_2023_01_03.csv,2023-01-03,6.424688393342767,cloudy
2023-01-03 13:55:00,229.73,-2.7396,117.85,2.9989,283.93,PVDAQ_10,cloudy,system_10_2023_01_03.csv,2023-01-03,6.466094206310883,cloudy
2023-01-03 13:56:00,233.0,-2.6651,117.79,3.0488,289.79,PVDAQ_10,cloudy,system_10_2023_01_03.csv,2023-01-03,6.6533061598213425,cloudy
2023-01-03 13:57:00,235.45,-2.6333,117.77,3.0681,293.15,PVDAQ_10,cloudy,system_10_2023_01_03.csv,2023-01-03,6.976886807379369,cloudy
2023-01-03 13:58:00,235.67,-2.5879,117.72,3.0455,289.6,PVDAQ_10,cloudy,system_10_2023_01_03.csv,2023-01-03,7.264542065935561,cloudy
2023-01-03 13:59:00,233.98,-2.5334,117.69,3.0259,285.83,PVDAQ_10,cloudy,system_10_2023_01_03.csv,2023-01-03,7.26709066035673,cloudy
2023-01-03 14:00:00,234.06,-2.5295,117.66,3.0025,284.34,PVDAQ_10,cloudy,system_10_2023_01_03.csv,2023-01-03,6.716703769185383,cloudy
2023-01-03 14:01:00,234.04,-2.5693,117.79,3.0226,286.45,PVDAQ_10,cloudy,system_10_2023_01_03.csv,2023-01-03,5.527318733358386,cloudy
2023-01-03 14:02:00,232.19,-2.5047,117.72,3.0094,285.06,PVDAQ_10,cloudy,system_10_2023_01_03.csv,2023-01-03,4.027741065960222,cloudy
2023-01-03 14:03:00,228.84,-2.4801,117.75,2.9821,281.59,PVDAQ_10,cloudy,system_10_2023_01_03.csv,2023-01-03,2.9509993463304034,cloudy
2023-01-03 14:04:00,225.84,-2.4692,117.74,2.9429,274.82,PVDAQ_10,cloudy,system_10_2023_01_03.csv,2023-01-03,3.2695619335440336,cloudy
2023-01-03 14:05:00,224.36,-2.4904,117.78,2.9197,272.42,PVDAQ_10,cloudy,system_10_2023_01_03.csv,2023-01-03,3.8099802523100985,cloudy
2023-01-03 14:06:00,224.96,-2.5095,117.74,2.9164,271.71,PVDAQ_10,cloudy,system_10_2023_01_03.csv,2023-01-03,3.8754443062196335,cloudy
2023-01-03 14:07:00,227.38,-2.4175,117.7,2.933,276.16,PVDAQ_10,cloudy,system_10_2023_01_03.csv,2023-01-03,3.8351186731672033,cloudy
2023-01-03 14:08:00,232.2,-2.3105,117.69,2.9915,282.49,PVDAQ_10,cloudy,system_10_2023_01_03.csv,2023-01-03,3.858603497583255,cloudy
2023-01-03 14:09:00,233.05,-2.194,117.73,3.0022,283.8,PVDAQ_10,cloudy,system_10_2023_01_03.csv,2023-01-03,3.84272162965144,cloudy
2023-01-03 14:10:00,227.03,-2.095,117.77,2.9493,274.16,PVDAQ_10,cloudy,system_10_2023_01_03.csv,2023-01-03,3.9668549374056,cloudy
2023-01-03 14:11:00,218.35,-2.1775,117.74,2.8508,261.03,PVDAQ_10,cloudy,system_10_2023_01_03.csv,2023-01-03,5.044481661902853,cloudy
2023-01-03 14:12:00,210.48,-2.4042,117.78,2.7705,249.56,PVDAQ_10,cloudy,system_10_2023_01_03.csv,2023-01-03,6.852319940764871,cloudy
2023-01-03 14:13:00,206.66,-2.4283,117.8,2.7308,243.66,PVDAQ_10,cloudy,system_10_2023_01_03.csv,2023-01-03,8.482000437853241,cloudy
2023-01-03 14:14:00,205.03,-2.3947,117.78,2.717,242.39,PVDAQ_10,cloudy,system_10_2023_01_03.csv,2023-01-03,9.785590134727757,cloudy
2023-01-03 14:15:00,204.57,-2.4097,117.78,2.717,243.86,PVDAQ_10,cloudy,system_10_2023_01_03.csv,2023-01-03,10.611748341169116,cloudy
2023-01-03 14:16:00,204.35,-2.4045,117.79,2.7261,244.54,PVDAQ_10,cloudy,system_10_2023_01_03.csv,2023-01-03,11.032541131066862,cloudy
2023-01-03 14:17:00,196.89,-2.3399,117.65,2.6362,229.6,PVDAQ_10,cloudy,system_10_2023_01_03.csv,2023-01-03,12.045565554300996,cloudy
2023-01-03 14:18:00,187.49,-2.3177,117.65,2.5394,216.39,PVDAQ_10,cloudy,system_10_2023_01_03.csv,2023-01-03,13.965903104452524,cloudy
2023-01-03 14:19:00,185.7,-2.5203,117.59,2.5355,214.77,PVDAQ_10,cloudy,system_10_2023_01_03.csv,2023-01-03,15.546477169445618,cloudy
2023-01-03 14:20:00,180.25,-2.6408,117.6,2.4654,203.06,PVDAQ_10,cloudy,system_10_2023_01_03.csv,2023-01-03,17.236325345841742,cloudy
2023-01-03 14:21:00,182.4,-2.7035,117.58,2.5016,209.88,PVDAQ_10,cloudy,system_10_2023_01_03.csv,2023-01-03,18.01713345941487,cloudy
2023-01-03 14:22:00,186.87,-2.8326,117.66,2.5669,218.97,PVDAQ_10,cloudy,system_10_2023_01_03.csv,2023-01-03,17.74418544599836,cloudy
2023-01-03 14:23:00,182.62,-2.7602,117.67,2.5286,213.57,PVDAQ_10,cloudy,system_10_2023_01_03.csv,2023-01-03,16.72187979291322,cloudy
2023-01-03 14:24:00,174.01,-2.6919,117.49,2.4254,199.49,PVDAQ_10,cloudy,system_10_2023_01_03.csv,2023-01-03,15.487117073141865,cloudy
2023-01-03 14:25:00,159.5,-2.638,117.4,2.2707,172.19,PVDAQ_10,cloudy,system_10_2023_01_03.csv,2023-01-03,15.896160752388102,cloudy
2023-01-03 14:26:00,145.42,-2.603,117.5,2.1722,151.66,PVDAQ_10,cloudy,system_10_2023_01_03.csv,2023-01-03,18.339442843462027,cloudy
2023-01-03 14:27:00,137.28,-2.6816,117.5,2.1044,141.25,PVDAQ_10,cloudy,system_10_2023_01_03.csv,2023-01-03,21.28531803400175,cloudy
2023-01-03 14:28:00,133.11,-2.6814,117.52,2.0839,137.19,PVDAQ_10,cloudy,system_10_2023_01_03.csv,2023-01-03,23.683983878984936,cloudy
2023-01-03 14:29:00,130.66,-2.6013,117.54,2.0655,134.07,PVDAQ_10,cloudy,system_10_2023_01_03.csv,2023-01-03,25.284159882255068,cloudy
2023-01-03 14:30:00,128.78,-2.5839,117.5,2.0726,133.59,PVDAQ_10,cloudy,system_10_2023_01_03.csv,2023-01-03,26.031074251089063,cloudy
2023-01-03 14:31:00,128.29,-2.6366,117.51,2.0737,132.72,PVDAQ_10,cloudy,system_10_2023_01_03.csv,2023-01-03,25.786433642499595,cloudy
2023-01-03 14:32:00,125.9,-2.7089,117.5,2.0429,130.24,PVDAQ_10,cloudy,system_10_2023_01_03.csv,2023-01-03,25.560616711372436,cloudy
2023-01-03 14:33:00,124.86,-2.6708,117.42,2.0462,128.76,PVDAQ_10,cloudy,system_10_2023_01_03.csv,2023-01-03,25.494491001539682,cloudy
2023-01-03 14:34:00,121.73,-2.5928,117.22,2.0213,123.5,PVDAQ_10,cloudy,system_10_2023_01_03.csv,2023-01-03,25.108502506008705,cloudy
2023-01-03 14:35:00,117.18,-2.4825,117.27,1.994,117.76,PVDAQ_10,cloudy,system_10_2023_01_03.csv,2023-01-03,24.86111779655606,cloudy
2023-01-03 14:36:00,112.69,-2.4468,117.18,1.975,111.6,PVDAQ_10,cloudy,system_10_2023_01_03.csv,2023-01-03,23.916247814462828,cloudy
2023-01-03 14:37:00,108.63,-2.4345,117.19,1.9546,106.39,PVDAQ_10,cloudy,system_10_2023_01_03.csv,2023-01-03,21.51385217103326,cloudy
2023-01-03 14:38:00,106.12,-2.4337,117.15,1.9416,104.3,PVDAQ_10,cloudy,system_10_2023_01_03.csv,2023-01-03,18.349413562678357,cloudy
2023-01-03 14:39:00,103.97,-2.4432,117.19,1.9339,100.11,PVDAQ_10,cloudy,system_10_2023_01_03.csv,2023-01-03,15.038767141684637,cloudy
2023-01-03 14:40:00,101.96,-2.4636,117.27,1.924,98.714,PVDAQ_10,cloudy,system_10_2023_01_03.csv,2023-01-03,12.972883917687897,cloudy
2023-01-03 14:41:00,99.861,-2.5175,117.26,1.9102,96.418,PVDAQ_10,cloudy,system_10_2023_01_03.csv,2023-01-03,12.359580508711556,cloudy
2023-01-03 14:42:00,96.865,-2.5643,117.18,1.8994,93.979,PVDAQ_10,cloudy,system_10_2023_01_03.csv,2023-01-03,12.432951791753988,cloudy
2023-01-03 14:43:00,94.632,-2.5984,117.15,1.8961,91.373,PVDAQ_10,cloudy,system_10_2023_01_03.csv,2023-01-03,12.627466221311337,cloudy
2023-01-03 14:44:00,91.773,-2.6342,117.17,1.8749,87.525,PVDAQ_10,cloudy,system_10_2023_01_03.csv,2023-01-03,12.837432784406808,cloudy
2023-01-03 14:45:00,88.286,-2.6095,117.16,1.8622,81.703,PVDAQ_10,cloudy,system_10_2023_01_03.csv,2023-01-03,13.06078680554396,cloudy
2023-01-03 14:46:00,84.87999999999998,-2.5466,117.11,1.8442,76.83499999999998,PVDAQ_10,cloudy,system_10_2023_01_03.csv,2023-01-03,13.096617675999157,cloudy
2023-01-03 14:47:00,81.66599999999998,-2.6117,117.12,1.8252,71.89,PVDAQ_10,cloudy,system_10_2023_01_03.csv,2023-01-03,13.104255062450646,cloudy
2023-01-03 14:48:00,78.644,-2.6619,117.08,1.8197,68.097,PVDAQ_10,cloudy,system_10_2023_01_03.csv,2023-01-03,12.862111956434367,cloudy
2023-01-03 14:49:00,75.976,-2.6845,117.06,1.8161,65.935,PVDAQ_10,cloudy,system_10_2023_01_03.csv,2023-01-03,12.574570380953757,cloudy
2023-01-03 14:50:00,75.105,-2.6687,117.18,1.8145,66.644,PVDAQ_10,cloudy,system_10_2023_01_03.csv,2023-01-03,12.251069526831834,cloudy
2023-01-03 14:51:00,75.132,-2.7399,117.35,1.8219,66.001,PVDAQ_10,cloudy,system_10_2023_01_03.csv,2023-01-03,11.859618796524664,cloudy
2023-01-03 14:52:00,75.86799999999998,-2.7753,117.33,1.8216,67.986,PVDAQ_10,cloudy,system_10_2023_01_03.csv,2023-01-03,11.367746854643503,cloudy
2023-01-03 14:53:00,76.385,-2.7181,117.29,1.8211,68.563,PVDAQ_10,cloudy,system_10_2023_01_03.csv,2023-01-03,10.688315027294125,cloudy
2023-01-03 14:54:00,74.67,-2.7212,117.35,1.8178,65.924,PVDAQ_10,cloudy,system_10_2023_01_03.csv,2023-01-03,9.966233994214615,cloudy
2023-01-03 14:55:00,70.857,-2.7497,117.37,1.802,59.636,PVDAQ_10,cloudy,system_10_2023_01_03.csv,2023-01-03,9.35329713950195,cloudy
2023-01-03 14:56:00,65.057,-2.7291,117.3,1.7849,51.73,PVDAQ_10,cloudy,system_10_2023_01_03.csv,2023-01-03,9.107545394514569,cloudy
2023-01-03 14:57:00,60.428,-2.7662,117.27,1.7734,46.318,PVDAQ_10,cloudy,system_10_2023_01_03.csv,2023-01-03,9.256451437153235,cloudy
2023-01-03 14:58:00,58.63,-2.7995,117.34,1.7734,46.152,PVDAQ_10,cloudy,system_10_2023_01_03.csv,2023-01-03,9.291445411610736,cloudy
2023-01-03 14:59:00,60.155,-2.7995,117.3,1.7775,48.958,PVDAQ_10,cloudy,system_10_2023_01_03.csv,2023-01-03,8.929318726680766,cloudy
2023-01-03 15:00:00,62.607,-2.7692,117.3,1.788,53.16,PVDAQ_10,cloudy,system_10_2023_01_03.csv,2023-01-03,8.322618129089424,cloudy
2023-01-03 15:01:00,62.443,-2.8747,117.31,1.7816,50.564,PVDAQ_10,cloudy,system_10_2023_01_03.csv,2023-01-03,7.791099756026676,cloudy
2023-01-03 15:02:00,59.502,-2.9868,117.29,1.7714,45.108,PVDAQ_10,cloudy,system_10_2023_01_03.csv,2023-01-03,7.568199006920712,cloudy
2023-01-03 15:03:00,57.324,-3.0057,117.23,1.7661,41.959,PVDAQ_10,cloudy,system_10_2023_01_03.csv,2023-01-03,7.582123890081388,cloudy
2023-01-03 15:04:00,56.589,-2.9882,117.27,1.7664,43.09,PVDAQ_10,cloudy,system_10_2023_01_03.csv,2023-01-03,7.657338700865864,cloudy
2023-01-03 15:05:00,58.849,-2.9977,117.33,1.7766,47.637,PVDAQ_10,cloudy,system_10_2023_01_03.csv,2023-01-03,7.431286398846464,cloudy
2023-01-03 15:06:00,62.553,-2.968,117.38,1.7879,53.436,PVDAQ_10,cloudy,system_10_2023_01_03.csv,2023-01-03,6.89240043393291,cloudy
2023-01-03 15:07:00,64.649,-3.0269,117.36,1.7912,55.0,PVDAQ_10,cloudy,system_10_2023_01_03.csv,2023-01-03,6.089339993069918,cloudy
2023-01-03 15:08:00,61.926,-3.0897,117.41,1.7775,48.491,PVDAQ_10,cloudy,system_10_2023_01_03.csv,2023-01-03,4.914727030036358,cloudy
2023-01-03 15:09:00,56.888,-3.0713,117.35,1.7645,40.662,PVDAQ_10,cloudy,system_10_2023_01_03.csv,2023-01-03,3.755752860771849,cloudy
2023-01-03 15:10:00,51.796,-3.1009,117.38,1.7615,34.098,PVDAQ_10,cloudy,system_10_2023_01_03.csv,2023-01-03,3.4805283149535073,cloudy
2023-01-03 15:11:00,48.827,-3.1923,117.38,1.7524,31.459,PVDAQ_10,cloudy,system_10_2023_01_03.csv,2023-01-03,4.225702366950119,cloudy
2023-01-03 15:12:00,47.765,-3.2667,117.35,1.7535,31.348,PVDAQ_10,cloudy,system_10_2023_01_03.csv,2023-01-03,5.073680389425999,cloudy
2023-01-03 15:13:00,48.365,-3.3303,117.36,1.7573,32.291,PVDAQ_10,cloudy,system_10_2023_01_03.csv,2023-01-03,5.647321364931019,cloudy
2023-01-03 15:14:00,49.29,-3.3598,117.3,1.7579,35.85,PVDAQ_10,cloudy,system_10_2023_01_03.csv,2023-01-03,5.950388040867585,cloudy
2023-01-03 15:15:00,50.298,-3.3445,117.3,1.7587,36.449,PVDAQ_10,cloudy,system_10_2023_01_03.csv,2023-01-03,5.915127138571883,cloudy
2023-01-03 15:16:00,50.407,-3.3589,117.17,1.7606,36.726,PVDAQ_10,cloudy,system_10_2023_01_03.csv,2023-01-03,5.7646845268444,cloudy
2023-01-03 15:17:00,50.325,-3.3645,117.17,1.7612,34.974,PVDAQ_10,cloudy,system_10_2023_01_03.csv,2023-01-03,5.739895599576519,cloudy
2023-01-03 15:18:00,49.617,-3.3976,117.13,1.7582,34.065,PVDAQ_10,cloudy,system_10_2023_01_03.csv,2023-01-03,5.803102402511673,cloudy
2023-01-03 15:19:00,49.018,-3.4191,117.08,1.7565,33.899,PVDAQ_10,cloudy,system_10_2023_01_03.csv,2023-01-03,5.879057636563503,cloudy
2023-01-03 15:20:00,49.862,-3.4302,117.13,1.7576,34.586,PVDAQ_10,cloudy,system_10_2023_01_03.csv,2023-01-03,5.73719838038908,cloudy
2023-01-03 15:21:00,51.279,-3.4139,117.11,1.7607,37.103,PVDAQ_10,cloudy,system_10_2023_01_03.csv,2023-01-03,5.063262657778255,cloudy
2023-01-03 15:22:00,53.049,-3.4147,117.12,1.7615,39.598,PVDAQ_10,cloudy,system_10_2023_01_03.csv,2023-01-03,3.698724642325414,cloudy
2023-01-03 15:23:00,53.539,-3.421,117.33,1.7634,39.831,PVDAQ_10,cloudy,system_10_2023_01_03.csv,2023-01-03,2.3612722859330444,cloudy
2023-01-03 15:24:00,52.313,-3.4476,117.34,1.7623,37.469,PVDAQ_10,cloudy,system_10_2023_01_03.csv,2023-01-03,1.70852474618157,cloudy
2023-01-03 15:25:00,50.816,-3.4754,117.37,1.7598,34.985,PVDAQ_10,cloudy,system_10_2023_01_03.csv,2023-01-03,1.6689248460155381,cloudy
2023-01-03 15:26:00,49.754,-3.5075,117.28,1.7648,22.488,PVDAQ_10,cloudy,system_10_2023_01_03.csv,2023-01-03,1.6263910174518683,cloudy
2023-01-03 15:27:00,49.889,-3.5168,117.29,1.7554,21.512,PVDAQ_10,cloudy,system_10_2023_01_03.csv,2023-01-03,1.467140454447701,cloudy
2023-01-03 15:28:00,50.979,-3.5336,117.32,1.7604,36.416,PVDAQ_10,cloudy,system_10_2023_01_03.csv,2023-01-03,1.3426737534916988,cloudy
2023-01-03 15:29:00,52.15,-3.5209,117.29,1.7634,37.957,PVDAQ_10,cloudy,system_10_2023_01_03.csv,2023-01-03,1.3318274050669383,cloudy
2023-01-03 15:30:00,52.912,-3.4861,117.28,1.7642,37.747,PVDAQ_10,cloudy,system_10_2023_01_03.csv,2023-01-03,1.4176024927192774,cloudy
2023-01-03 15:31:00,52.177,-3.4742,117.36,1.764,35.917,PVDAQ_10,cloudy,system_10_2023_01_03.csv,2023-01-03,1.4328954598269685,cloudy
2023-01-03 15:32:00,50.707,-3.537,117.39,1.7612,34.664,PVDAQ_10,cloudy,system_10_2023_01_03.csv,2023-01-03,1.4199772864489384,cloudy
2023-01-03 15:33:00,48.991,-3.6052,117.28,1.7585,33.145,PVDAQ_10,cloudy,system_10_2023_01_03.csv,2023-01-03,1.4779680867526774,cloudy
2023-01-03 15:34:00,48.065,-3.6259,117.25,1.7579,32.668,PVDAQ_10,cloudy,system_10_2023_01_03.csv,2023-01-03,1.592756289829855,cloudy
2023-01-03 15:35:00,47.711,-3.6468,117.24,1.759,31.67,PVDAQ_10,cloudy,system_10_2023_01_03.csv,2023-01-03,1.7959334537284009,cloudy
2023-01-03 15:36:00,47.139,-3.6389,117.18,1.7574,30.838,PVDAQ_10,cloudy,system_10_2023_01_03.csv,2023-01-03,2.0436806708744713,cloudy
2023-01-03 15:37:00,46.513,-3.6078,117.12,1.7554,30.384,PVDAQ_10,cloudy,system_10_2023_01_03.csv,2023-01-03,2.193639528214029,cloudy
2023-01-03 15:38:00,46.431,-3.5959,117.14,1.7576,30.55,PVDAQ_10,cloudy,system_10_2023_01_03.csv,2023-01-03,2.198663918692685,cloudy
2023-01-03 15:39:00,46.513,-3.6079,117.16,1.7565,29.995,PVDAQ_10,cloudy,system_10_2023_01_03.csv,2023-01-03,2.2292525287378346,cloudy
2023-01-03 15:40:00,46.432,-3.6167,116.97,1.756,29.164,PVDAQ_10,cloudy,system_10_2023_01_03.csv,2023-01-03,2.3137588421744666,cloudy
2023-01-03 15:41:00,47.085,-3.636,116.85,1.7662,29.818,PVDAQ_10,cloudy,system_10_2023_01_03.csv,2023-01-03,2.3612583043242297,cloudy
2023-01-03 15:42:00,47.685,-3.6043,116.83,1.77,29.807,PVDAQ_10,cloudy,system_10_2023_01_03.csv,2023-01-03,2.3647537471165396,cloudy
2023-01-03 15:43:00,48.066,-3.5955,116.84,1.7769,31.271,PVDAQ_10,cloudy,system_10_2023_01_03.csv,2023-01-03,2.288414460198183,cloudy
2023-01-03 15:44:00,49.427,-3.59,116.83,1.7841,31.881,PVDAQ_10,cloudy,system_10_2023_01_03.csv,2023-01-03,2.083083341662164,cloudy
2023-01-03 15:45:00,52.205,-3.5989,116.92,1.7858,34.409,PVDAQ_10,cloudy,system_10_2023_01_03.csv,2023-01-03,1.9788543171012618,cloudy
2023-01-03 15:46:00,54.166,-3.6212,117.05,1.7731,35.673,PVDAQ_10,cloudy,system_10_2023_01_03.csv,2023-01-03,2.2954240647170234,cloudy
2023-01-03 15:47:00,53.866,-3.6078,116.89,1.7557,35.141,PVDAQ_10,cloudy,system_10_2023_01_03.csv,2023-01-03,2.6346149260017224,cloudy
2023-01-03 15:48:00,52.45,-3.5951,116.85,1.7549,32.624,PVDAQ_10,cloudy,system_10_2023_01_03.csv,2023-01-03,2.8088058077151636,cloudy
2023-01-03 15:49:00,51.633,-3.6071,116.87,1.7521,32.557,PVDAQ_10,cloudy,system_10_2023_01_03.csv,2023-01-03,2.8816411542115095,cloudy
2023-01-03 15:50:00,50.598,-3.6408,116.9,1.7529,30.96,PVDAQ_10,cloudy,system_10_2023_01_03.csv,2023-01-03,2.8747247932426445,cloudy
2023-01-03 15:51:00,48.992,-3.6711,116.92,1.7469,29.165,PVDAQ_10,cloudy,system_10_2023_01_03.csv,2023-01-03,2.812186012734146,cloudy
2023-01-03 15:52:00,47.358,-3.6783,116.98,1.7453,27.002,PVDAQ_10,cloudy,system_10_2023_01_03.csv,2023-01-03,2.7566180588900324,cloudy
2023-01-03 15:53:00,46.268,-3.6705,117.0,1.7439,25.55,PVDAQ_10,cloudy,system_10_2023_01_03.csv,2023-01-03,2.7699837662801867,cloudy
2023-01-03 15:54:00,45.669,-3.6705,116.9,1.745,25.018,PVDAQ_10,cloudy,system_10_2023_01_03.csv,2023-01-03,2.8429574890425746,cloudy
2023-01-03 15:55:00,44.607,-3.6793,117.06,1.7448,23.466,PVDAQ_10,cloudy,system_10_2023_01_03.csv,2023-01-03,3.0156080329367265,cloudy
2023-01-03 15:56:00,42.919,-3.688,117.05,1.7459,21.891,PVDAQ_10,cloudy,system_10_2023_01_03.csv,2023-01-03,3.4047002971001428,cloudy
2023-01-03 15:57:00,41.693,-3.7063,117.05,1.7429,20.583,PVDAQ_10,cloudy,system_10_2023_01_03.csv,2023-01-03,3.893982791402599,cloudy
2023-01-03 15:58:00,41.121,-3.7422,117.11,1.7487,18.476,PVDAQ_10,cloudy,system_10_2023_01_03.csv,2023-01-03,4.355352369837924,cloudy
2023-01-03 15:59:00,40.143,-3.7852,117.03,1.7583,9.9809,PVDAQ_10,cloudy,system_10_2023_01_03.csv,2023-01-03,4.804731316874669,cloudy
2023-01-03 16:00:00,39.298,-3.8171,116.92,1.7504,15.315,PVDAQ_10,cloudy,system_10_2023_01_03.csv,2023-01-03,5.065784433095467,cloudy
2023-01-03 16:01:00,39.217,-3.8363,116.94,1.7484,17.689,PVDAQ_10,cloudy,system_10_2023_01_03.csv,2023-01-03,4.965498505518295,cloudy
2023-01-03 16:02:00,38.455,-3.8301,116.9,1.7468,16.813,PVDAQ_10,cloudy,system_10_2023_01_03.csv,2023-01-03,4.749750797344377,cloudy
2023-01-03 16:03:00,37.693,-3.8149,116.91,1.7443,15.959,PVDAQ_10,cloudy,system_10_2023_01_03.csv,2023-01-03,4.552895694862766,cloudy
2023-01-03 16:04:00,37.584,-3.7917,116.84,1.7435,15.626,PVDAQ_10,cloudy,system_10_2023_01_03.csv,2023-01-03,4.241174932527282,cloudy
2023-01-03 16:05:00,37.339,-3.7732,116.77,1.7427,15.005,PVDAQ_10,cloudy,system_10_2023_01_03.csv,2023-01-03,3.858561200969753,cloudy
2023-01-03 16:06:00,38.756,-3.7637,116.81,1.743,15.837,PVDAQ_10,cloudy,system_10_2023_01_03.csv,2023-01-03,3.3895387168545783,cloudy
2023-01-03 16:07:00,36.958,-3.7581,116.83,1.7421,14.373,PVDAQ_10,cloudy,system_10_2023_01_03.csv,2023-01-03,3.0923286569474513,cloudy
2023-01-03 16:08:00,34.943,-3.7504,116.89,1.7449,12.92,PVDAQ_10,cloudy,system_10_2023_01_03.csv,2023-01-03,2.9672883402199544,cloudy
2023-01-03 16:09:00,38.266,-3.7408,116.95,1.7452,15.039,PVDAQ_10,cloudy,system_10_2023_01_03.csv,2023-01-03,2.4917634850508477,cloudy
2023-01-03 16:10:00,64.276,-3.7248,116.98,1.7548,32.927,PVDAQ_10,cloudy,system_10_2023_01_03.csv,2023-01-03,6.856184192718522,cloudy
2023-01-03 16:11:00,60.791,-3.7041,116.91,1.749,28.48,PVDAQ_10,cloudy,system_10_2023_01_03.csv,2023-01-03,8.61856097416723,cloudy
2023-01-03 16:12:00,41.671,-3.7009,116.93,1.7441,17.068,PVDAQ_10,cloudy,system_10_2023_01_03.csv,2023-01-03,8.61857667890704,cloudy
2023-01-03 16:13:00,43.224,-3.7023,116.97,1.7455,17.467,PVDAQ_10,cloudy,system_10_2023_01_03.csv,2023-01-03,8.624413460730487,cloudy
2023-01-03 16:14:00,37.722,-3.6971,116.96,1.7468,13.397,PVDAQ_10,cloudy,system_10_2023_01_03.csv,2023-01-03,8.682255263231701,cloudy
2023-01-03 16:15:00,39.302,-3.6971,116.95,1.7474,14.34,PVDAQ_10,cloudy,system_10_2023_01_03.csv,2023-01-03,8.682174759307294,cloudy
2023-01-03 16:16:00,53.166,-3.7028,116.94,1.7424,22.114,PVDAQ_10,cloudy,system_10_2023_01_03.csv,2023-01-03,9.127502081945348,cloudy
2023-01-03 16:17:00,45.349,-3.711,116.86,1.7449,16.292,PVDAQ_10,cloudy,system_10_2023_01_03.csv,2023-01-03,9.073163765361041,cloudy
2023-01-03 16:18:00,38.512,-3.7198,116.89,1.7485,12.2,PVDAQ_10,cloudy,system_10_2023_01_03.csv,2023-01-03,9.040474938467595,cloudy
2023-01-03 16:19:00,34.89,-3.7246,116.95,1.7521,9.8928,PVDAQ_10,cloudy,system_10_2023_01_03.csv,2023-01-03,9.185410691428181,cloudy
2023-01-03 16:20:00,32.003,-3.7191,116.91,1.7544,7.819099999999999,PVDAQ_10,cloudy,system_10_2023_01_03.csv,2023-01-03,9.518069510583413,cloudy
2023-01-03 16:21:00,29.552,-3.7151,116.76,1.7497,5.8782,PVDAQ_10,cloudy,system_10_2023_01_03.csv,2023-01-03,10.06817760256878,cloudy
2023-01-03 16:22:00,27.428,-3.7123,116.67,1.7494,3.8375,PVDAQ_10,cloudy,system_10_2023_01_03.csv,2023-01-03,10.693174269184613,cloudy
2023-01-03 16:23:00,25.467,-3.6968,116.71,1.7491,2.1295,PVDAQ_10,cloudy,system_10_2023_01_03.csv,2023-01-03,11.361328605602594,cloudy
2023-01-03 16:24:00,23.506,-3.6928,116.62,1.7527,0.65437,PVDAQ_10,cloudy,system_10_2023_01_03.csv,2023-01-03,12.20217972209047,cloudy
2023-01-03 16:25:00,21.953,-3.6916,116.67,1.7527,0.0,PVDAQ_10,cloudy,system_10_2023_01_03.csv,2023-01-03,10.966618390487127,cloudy
2023-01-03 16:26:00,20.564,-3.6958,116.54,1.7517,0.0,PVDAQ_10,cloudy,system_10_2023_01_03.csv,2023-01-03,9.552467896965918,cloudy
2023-01-01 07:44:00,20.58357,-0.3862081,117.1486,0.4967683,4.301295,PVDAQ_4,cloudy,system_4_2023_01_01.csv,2023-01-01,4.600459404352436,cloudy
2023-01-01 07:45:00,22.06653,-0.3651358,117.1409,0.4951946999999999,4.756963,PVDAQ_4,cloudy,system_4_2023_01_01.csv,2023-01-01,4.620538901455308,cloudy
2023-01-01 07:46:00,23.19358,-0.2339246,117.1054,0.4844122,5.136506,PVDAQ_4,cloudy,system_4_2023_01_01.csv,2023-01-01,4.599859376548998,cloudy
2023-01-01 07:47:00,24.43926,0.02383824,117.1143,0.4814030999999999,5.635169,PVDAQ_4,cloudy,system_4_2023_01_01.csv,2023-01-01,4.5988608310803665,cloudy
2023-01-01 07:48:00,25.74426,-0.05408849,117.1343,0.4813369,6.358169,PVDAQ_4,cloudy,system_4_2023_01_01.csv,2023-01-01,4.6457087134449235,cloudy
2023-01-01 07:49:00,27.10858,-0.1128941,117.1418,0.4850853,7.521042999999999,PVDAQ_4,cloudy,system_4_2023_01_01.csv,2023-01-01,4.730459090459353,cloudy
2023-01-01 07:50:00,28.47289,-0.1927609999999999,117.1709,0.4795211999999999,7.494958999999999,PVDAQ_4,cloudy,system_4_2023_01_01.csv,2023-01-01,4.870204420896227,cloudy
2023-01-01 07:51:00,30.19311,-0.08602358,117.1441,0.4722776,8.002758,PVDAQ_4,cloudy,system_4_2023_01_01.csv,2023-01-01,5.110261202473856,cloudy
2023-01-01 07:52:00,31.91347,0.0330558899999999,117.1855,0.4667114,8.702479999999998,PVDAQ_4,cloudy,system_4_2023_01_01.csv,2023-01-01,5.365192301795859,cloudy
2023-01-01 07:53:00,33.75241,0.0141803599999999,117.2546,0.4706498,9.873609,PVDAQ_4,cloudy,system_4_2023_01_01.csv,2023-01-01,5.673152086736767,cloudy
2023-01-01 07:54:00,35.53205,-0.1709801,117.4701,0.4767043999999999,10.5823,PVDAQ_4,cloudy,system_4_2023_01_01.csv,2023-01-01,5.991729675946434,cloudy
2023-01-01 07:55:00,37.19301,-0.2415786,117.4048,0.4762028999999999,11.15469,PVDAQ_4,cloudy,system_4_2023_01_01.csv,2023-01-01,6.279010715266798,cloudy
2023-01-01 07:56:00,38.67603,-0.2456945,117.2314,0.4753333,11.9728,PVDAQ_4,cloudy,system_4_2023_01_01.csv,2023-01-01,6.528206894522308,cloudy
2023-01-01 07:57:00,40.51492,0.0273019499999999,117.2656,0.4774005,12.87248,PVDAQ_4,cloudy,system_4_2023_01_01.csv,2023-01-01,6.783233266594992,cloudy
2023-01-01 07:58:00,42.59108,0.1323112999999999,117.2634,0.4770413,13.83622,PVDAQ_4,cloudy,system_4_2023_01_01.csv,2023-01-01,7.033577032853267,cloudy
2023-01-01 07:59:00,44.78589,0.0285232199999999,117.2534,0.4804615999999999,14.87726,PVDAQ_4,cloudy,system_4_2023_01_01.csv,2023-01-01,7.2941164532899565,cloudy
2023-01-01 08:00:00,46.68405,-0.1650868,117.2117,0.4911184,16.18171,PVDAQ_4,cloudy,system_4_2023_01_01.csv,2023-01-01,7.5646200949877445,cloudy
2023-01-01 08:01:00,48.58226,-0.2711096,117.1714,0.5033863,17.61245,PVDAQ_4,cloudy,system_4_2023_01_01.csv,2023-01-01,7.7980314536232855,cloudy
2023-01-01 08:02:00,50.89563,-0.0846785399999999,117.1847,0.512936,18.76729,PVDAQ_4,cloudy,system_4_2023_01_01.csv,2023-01-01,8.046117738997278,cloudy
2023-01-01 08:03:00,53.26838,0.2712458999999999,117.1328,0.5083096,20.3504,PVDAQ_4,cloudy,system_4_2023_01_01.csv,2023-01-01,8.30570770351369,cloudy
2023-01-01 08:04:00,55.58173,0.3766631999999999,117.2242,0.51455,26.58112,PVDAQ_4,cloudy,system_4_2023_01_01.csv,2023-01-01,8.559385019475462,cloudy
2023-01-01 08:05:00,57.53923,0.3698969999999999,117.2449,0.5289588,32.5373,PVDAQ_4,cloudy,system_4_2023_01_01.csv,2023-01-01,8.750029745755697,cloudy
2023-01-01 08:06:00,59.37804,0.4438871999999999,117.2054,0.5584217,36.2907,PVDAQ_4,cloudy,system_4_2023_01_01.csv,2023-01-01,8.89944949989032,cloudy
2023-01-01 08:07:00,61.09825,0.3570937,117.1486,0.5574449999999999,26.94565,PVDAQ_4,cloudy,system_4_2023_01_01.csv,2023-01-01,8.994316845628104,cloudy
2023-01-01 08:08:00,62.58113,0.2996244,117.1554,0.5849475,37.56847,PVDAQ_4,cloudy,system_4_2023_01_01.csv,2023-01-01,9.025007533165722,cloudy
2023-01-01 08:09:00,64.24203,0.3010888999999999,117.3275,0.5769879,39.78816,PVDAQ_4,cloudy,system_4_2023_01_01.csv,2023-01-01,9.01058885109212,cloudy
2023-01-01 08:10:00,65.6656,0.281273,117.4195,0.5718066,40.2997,PVDAQ_4,cloudy,system_4_2023_01_01.csv,2023-01-01,8.913639374980068,cloudy
2023-01-01 08:11:00,66.97057,0.2725172,117.17,0.5742663,41.29977,PVDAQ_4,cloudy,system_4_2023_01_01.csv,2023-01-01,8.701273117075988,cloudy
2023-01-01 08:12:00,67.97893,0.2075997,117.2163,0.5755052,42.12653,PVDAQ_4,cloudy,system_4_2023_01_01.csv,2023-01-01,8.388949817999226,cloudy
2023-01-01 08:13:00,69.10593,0.08616909,117.3896,0.572971,42.90578,PVDAQ_4,cloudy,system_4_2023_01_01.csv,2023-01-01,8.029468339917814,cloudy
2023-01-01 08:14:00,69.40247,0.1975714,117.4582,0.5813761,43.34888,PVDAQ_4,cloudy,system_4_2023_01_01.csv,2023-01-01,7.574937804908126,cloudy
2023-01-01 08:15:00,69.40243,0.3672948999999999,117.4607,0.5826862999999999,43.31305,PVDAQ_4,cloudy,system_4_2023_01_01.csv,2023-01-01,6.985216953083109,cloudy
2023-01-01 08:16:00,69.34306,0.3324865,117.4128,0.5749159,43.20976,PVDAQ_4,cloudy,system_4_2023_01_01.csv,2023-01-01,6.274961883765218,cloudy
2023-01-01 08:17:00,69.04644,0.2793016999999999,117.3256,0.5735337,43.1739,PVDAQ_4,cloudy,system_4_2023_01_01.csv,2023-01-01,5.512941133386376,cloudy
2023-01-01 08:18:00,69.28368,0.1606727,117.3522,0.5728068,43.32948,PVDAQ_4,cloudy,system_4_2023_01_01.csv,2023-01-01,4.779833590441907,cloudy
2023-01-01 08:19:00,69.87681,0.1078262,117.3905,0.5736415999999999,43.71602,PVDAQ_4,cloudy,system_4_2023_01_01.csv,2023-01-01,4.125051378384168,cloudy
2023-01-01 08:20:00,70.46997,0.167829,117.3908,0.5752684999999998,44.13269,PVDAQ_4,cloudy,system_4_2023_01_01.csv,2023-01-01,3.524373202746101,cloudy
2023-01-01 08:21:00,71.59698,0.2867783999999999,117.3465,0.5781741999999999,44.98703,PVDAQ_4,cloudy,system_4_2023_01_01.csv,2023-01-01,3.0338860591252903,cloudy
2023-01-01 08:22:00,73.07991,0.1940533999999999,117.4172,0.5808706,46.22179,PVDAQ_4,cloudy,system_4_2023_01_01.csv,2023-01-01,2.7222717227024273,cloudy
2023-01-01 08:23:00,75.09668,0.1994028999999999,117.4438,0.5905468999999999,47.83887,PVDAQ_4,cloudy,system_4_2023_01_01.csv,2023-01-01,2.6843490861387225,cloudy
2023-01-01 08:24:00,77.23211999999998,0.2287422,117.4883,0.6026236,49.76162,PVDAQ_4,cloudy,system_4_2023_01_01.csv,2023-01-01,2.989597179060277,cloudy
2023-01-01 08:25:00,79.66411999999998,0.2256087,117.4885,0.6152503999999999,51.45161,PVDAQ_4,cloudy,system_4_2023_01_01.csv,2023-01-01,3.5861145987597074,cloudy
2023-01-01 08:26:00,81.85886999999998,0.1597831,117.4833,0.6237934,53.36439,PVDAQ_4,cloudy,system_4_2023_01_01.csv,2023-01-01,4.325028076414161,cloudy
2023-01-01 08:27:00,83.87564999999998,0.2124216999999999,117.4762,0.6330953999999999,55.01595,PVDAQ_4,cloudy,system_4_2023_01_01.csv,2023-01-01,5.104121726036457,cloudy
2023-01-01 08:28:00,85.83314,0.1826850999999999,117.4761,0.6424765,56.62615,PVDAQ_4,cloudy,system_4_2023_01_01.csv,2023-01-01,5.904979239343952,cloudy
2023-01-01 08:29:00,88.20582,0.123597,117.4674,0.6540226,58.42132,PVDAQ_4,cloudy,system_4_2023_01_01.csv,2023-01-01,6.721862292027638,cloudy
2023-01-01 08:30:00,90.57854,-0.0272128599999999,117.5966,0.6577674,59.18745,PVDAQ_4,cloudy,system_4_2023_01_01.csv,2023-01-01,7.507134313496866,cloudy
2023-01-01 08:31:00,93.12854,-0.0247998,117.692,0.6720452999999998,61.66541,PVDAQ_4,cloudy,system_4_2023_01_01.csv,2023-01-01,8.249029614635033,cloudy
2023-01-01 08:32:00,96.39091,0.03485831,117.7025,0.6854259,64.12984,PVDAQ_4,cloudy,system_4_2023_01_01.csv,2023-01-01,8.978858433856406,cloudy
2023-01-01 08:33:00,99.65235,-0.1059694999999999,117.437,0.7088233,67.31953,PVDAQ_4,cloudy,system_4_2023_01_01.csv,2023-01-01,9.686440632623226,cloudy
2023-01-01 08:34:00,102.4401,-0.2598842,117.427,0.7298493,70.43204,PVDAQ_4,cloudy,system_4_2023_01_01.csv,2023-01-01,10.300199868598659,cloudy
2023-01-01 08:35:00,105.3461,-0.3199162999999999,117.4672,0.7905796,74.88592,PVDAQ_4,cloudy,system_4_2023_01_01.csv,2023-01-01,10.805054074905858,cloudy
2023-01-01 08:36:00,108.2521,-0.3316779999999999,117.4864,0.8140652999999999,78.18586999999998,PVDAQ_4,cloudy,system_4_2023_01_01.csv,2023-01-01,11.225927191023699,cloudy
2023-01-01 08:37:00,110.5641,-0.3470811999999999,117.501,0.8322195,81.10548,PVDAQ_4,cloudy,system_4_2023_01_01.csv,2023-01-01,11.507846649715239,cloudy
2023-01-01 08:38:00,112.284,-0.4526463,117.592,0.8439571999999999,81.99158,PVDAQ_4,cloudy,system_4_2023_01_01.csv,2023-01-01,11.640074496382061,cloudy
2023-01-01 08:39:00,114.7749,-0.4659543999999999,117.7907,0.8470883,82.32828,PVDAQ_4,cloudy,system_4_2023_01_01.csv,2023-01-01,11.731480116694978,cloudy
2023-01-01 08:40:00,117.7999,-0.4494677999999999,117.7871,0.8557388999999999,83.88012999999998,PVDAQ_4,cloudy,system_4_2023_01_01.csv,2023-01-01,11.870943332491514,cloudy
2023-01-01 08:41:00,121.1214,-0.4184518999999999,117.8032,0.8310866,83.62824999999998,PVDAQ_4,cloudy,system_4_2023_01_01.csv,2023-01-01,12.0543613455525,cloudy
2023-01-01 08:42:00,125.3918,-0.3793569,117.8097,0.8649358999999999,88.95327,PVDAQ_4,cloudy,system_4_2023_01_01.csv,2023-01-01,12.35404696992939,cloudy
2023-01-01 08:43:00,128.2385,-0.2259325,117.8531,0.8912558,92.29781,PVDAQ_4,cloudy,system_4_2023_01_01.csv,2023-01-01,12.557841194640273,cloudy
2023-01-01 08:44:00,131.5002,-0.02701606,117.6676,0.8970295999999999,91.91089,PVDAQ_4,cloudy,system_4_2023_01_01.csv,2023-01-01,12.7529841411302,cloudy
2023-01-01 08:45:00,134.9399,0.1503587,117.6615,0.9136353,94.71371,PVDAQ_4,cloudy,system_4_2023_01_01.csv,2023-01-01,12.94605704628549,cloudy
2023-01-01 08:46:00,139.2097,0.1483482999999999,117.581,0.9525886,99.68792,PVDAQ_4,cloudy,system_4_2023_01_01.csv,2023-01-01,13.24219835088656,cloudy
2023-01-01 08:47:00,146.2081,0.2503807,117.6817,1.01531,107.5447,PVDAQ_4,cloudy,system_4_2023_01_01.csv,2023-01-01,14.053546779374534,cloudy
2023-01-01 08:48:00,153.3247,0.1633294,117.9425,1.059094,112.3716,PVDAQ_4,cloudy,system_4_2023_01_01.csv,2023-01-01,15.319886757631842,cloudy
2023-01-01 08:49:00,159.4335,0.06578572,117.9752,1.139438,121.0994,PVDAQ_4,cloudy,system_4_2023_01_01.csv,2023-01-01,16.744562962153434,cloudy
2023-01-01 08:50:00,164.7705,0.0795300899999999,117.9894,1.187813,127.4132,PVDAQ_4,cloudy,system_4_2023_01_01.csv,2023-01-01,18.16742832504151,cloudy
2023-01-01 08:51:00,169.3963,0.248802,117.9773,1.21649,130.304,PVDAQ_4,cloudy,system_4_2023_01_01.csv,2023-01-01,19.466837643785915,cloudy
2023-01-01 08:52:00,176.3346,0.301014,118.0347,1.273346,137.6796,PVDAQ_4,cloudy,system_4_2023_01_01.csv,2023-01-01,20.86308408647965,cloudy
2023-01-01 08:53:00,186.7138,0.2388002999999999,118.1079,1.362161,149.0594,PVDAQ_4,cloudy,system_4_2023_01_01.csv,2023-01-01,22.66330869338612,cloudy
2023-01-01 08:54:00,188.4324,0.2308087,118.1319,1.380837,150.2876,PVDAQ_4,cloudy,system_4_2023_01_01.csv,2023-01-01,23.69336200777997,cloudy
2023-01-01 08:55:00,192.1095,0.2268204,118.187,1.3987,153.8604,PVDAQ_4,cloudy,system_4_2023_01_01.csv,2023-01-01,24.346717354398102,cloudy
2023-01-01 08:56:00,195.6643,0.2184022999999999,118.0356,1.435616,156.9934,PVDAQ_4,cloudy,system_4_2023_01_01.csv,2023-01-01,24.658135297886066,cloudy
2023-01-01 08:57:00,195.486,0.3077816999999999,117.998,1.433835,156.8811,PVDAQ_4,cloudy,system_4_2023_01_01.csv,2023-01-01,24.384106346015784,cloudy
2023-01-01 08:58:00,198.8657,0.4676329,117.9956,1.454375,159.0644,PVDAQ_4,cloudy,system_4_2023_01_01.csv,2023-01-01,23.772399518555282,cloudy
2023-01-01 08:59:00,196.0782,0.54225,117.9694,1.408147,154.0862,PVDAQ_4,cloudy,system_4_2023_01_01.csv,2023-01-01,22.33387952688104,cloudy
2023-01-01 09:00:00,209.0661,0.5264695999999999,118.0359,1.502185,166.291,PVDAQ_4,cloudy,system_4_2023_01_01.csv,2023-01-01,21.463702072917208,cloudy
2023-01-01 09:01:00,197.0262,0.4060771,117.9787,1.435015,155.6967,PVDAQ_4,cloudy,system_4_2023_01_01.csv,2023-01-01,19.04074069344337,cloudy
2023-01-01 09:02:00,186.2905,0.3749642999999999,117.8392,1.362947,147.6523,PVDAQ_4,cloudy,system_4_2023_01_01.csv,2023-01-01,16.282692011671486,cloudy
2023-01-01 09:03:00,177.2754,0.3898252999999999,117.6344,1.293856,139.6488,PVDAQ_4,cloudy,system_4_2023_01_01.csv,2023-01-01,14.012882823826216,cloudy
2023-01-01 09:04:00,180.1217,0.3880965,117.5985,1.313357,142.4739,PVDAQ_4,cloudy,system_4_2023_01_01.csv,2023-01-01,12.07469724008878,cloudy
2023-01-01 09:05:00,185.2215,0.4201787,117.6527,1.358723,147.203,PVDAQ_4,cloudy,system_4_2023_01_01.csv,2023-01-01,10.346739757725292,cloudy
2023-01-01 09:06:00,185.575,0.4707746999999999,117.6973,1.361765,147.4617,PVDAQ_4,cloudy,system_4_2023_01_01.csv,2023-01-01,8.907162932595734,cloudy
2023-01-01 09:07:00,192.1574,0.5309008,117.9853,1.405358,153.8792,PVDAQ_4,cloudy,system_4_2023_01_01.csv,2023-01-01,8.068438435026156,cloudy
2023-01-01 09:08:00,202.2972,0.5495402999999999,118.0101,1.485517,164.052,PVDAQ_4,cloudy,system_4_2023_01_01.csv,2023-01-01,8.460875556414985,cloudy
2023-01-01 09:09:00,210.4818,0.5256256,118.0648,1.555204,171.0253,PVDAQ_4,cloudy,system_4_2023_01_01.csv,2023-01-01,9.613034667872155,cloudy
2023-01-01 09:10:00,219.4375,0.5929149999999999,118.1132,1.61976,179.5453,PVDAQ_4,cloudy,system_4_2023_01_01.csv,2023-01-01,11.681321902609248,cloudy
2023-01-01 09:11:00,219.4364,0.5609657,118.1337,1.625113,179.4937,PVDAQ_4,cloudy,system_4_2023_01_01.csv,2023-01-01,13.229321815058338,cloudy
2023-01-01 09:12:00,220.1466,0.5428751,118.1299,1.632131,179.4775,PVDAQ_4,cloudy,system_4_2023_01_01.csv,2023-01-01,14.500596776431792,cloudy
2023-01-01 09:13:00,212.3186,0.4933163999999999,117.8719,1.574851,172.2455,PVDAQ_4,cloudy,system_4_2023_01_01.csv,2023-01-01,14.925889192486267,cloudy
2023-01-01 09:14:00,209.4722,0.4814861999999999,117.7968,1.542197,168.9388,PVDAQ_4,cloudy,system_4_2023_01_01.csv,2023-01-01,15.10430014903347,cloudy
2023-01-01 09:15:00,211.3095,0.4863008999999999,117.8346,1.558085,171.6406,PVDAQ_4,cloudy,system_4_2023_01_01.csv,2023-01-01,15.206769627921112,cloudy
2023-01-01 09:16:00,208.4619,0.4249469,117.7764,1.533792,167.1494,PVDAQ_4,cloudy,system_4_2023_01_01.csv,2023-01-01,15.302708280696343,cloudy
2023-01-01 09:17:00,185.5109,0.4471480999999999,117.6392,1.352466,145.5783,PVDAQ_4,cloudy,system_4_2023_01_01.csv,2023-01-01,15.358670669432707,cloudy
2023-01-01 09:18:00,175.8443,0.5496146,117.5771,1.284559,138.1878,PVDAQ_4,cloudy,system_4_2023_01_01.csv,2023-01-01,15.522022802395714,cloudy
2023-01-01 09:19:00,174.4214,0.5805451,117.7621,1.262735,136.897,PVDAQ_4,cloudy,system_4_2023_01_01.csv,2023-01-01,16.13235311207463,cloudy
2023-01-01 09:20:00,173.1762,0.5396803,117.8513,1.251194,135.0546,PVDAQ_4,cloudy,system_4_2023_01_01.csv,2023-01-01,17.226224943650173,cloudy
2023-01-01 09:21:00,168.6659,0.4681428,117.7068,1.21977,130.6771,PVDAQ_4,cloudy,system_4_2023_01_01.csv,2023-01-01,18.725821210024595,cloudy
2023-01-01 09:22:00,165.7589,0.4731556,117.6515,1.208725,129.6126,PVDAQ_4,cloudy,system_4_2023_01_01.csv,2023-01-01,20.553632947203727,cloudy
2023-01-01 09:23:00,162.6725,0.4982678999999999,117.6637,1.189202,127.0437,PVDAQ_4,cloudy,system_4_2023_01_01.csv,2023-01-01,22.311363674833157,cloudy
2023-01-01 09:24:00,162.1975,0.5976974999999999,117.6881,1.180893,126.2713,PVDAQ_4,cloudy,system_4_2023_01_01.csv,2023-01-01,23.298198556628652,cloudy
2023-01-01 09:25:00,161.7209,0.7604267999999998,117.6925,1.177629,125.9043,PVDAQ_4,cloudy,system_4_2023_01_01.csv,2023-01-01,23.07635606967811,cloudy
2023-01-01 09:26:00,160.7125,0.7236116,117.672,1.166974,124.1338,PVDAQ_4,cloudy,system_4_2023_01_01.csv,2023-01-01,22.21990284776452,cloudy
2023-01-01 09:27:00,160.772,0.6632487999999999,117.688,1.168493,124.6305,PVDAQ_4,cloudy,system_4_2023_01_01.csv,2023-01-01,20.44125828272899,cloudy
2023-01-01 09:28:00,160.2976,0.6489956,117.5902,1.174908,125.5267,PVDAQ_4,cloudy,system_4_2023_01_01.csv,2023-01-01,18.83132538800325,cloudy
2023-01-01 09:29:00,159.5268,0.6389765,117.5908,1.165915,124.4788,PVDAQ_4,cloudy,system_4_2023_01_01.csv,2023-01-01,16.809774929183565,cloudy
2023-01-01 09:30:00,158.4001,0.6741356,117.5362,1.160504,123.7412,PVDAQ_4,cloudy,system_4_2023_01_01.csv,2023-01-01,13.328266679208292,cloudy
2023-01-01 09:31:00,157.0362,0.7055000999999999,117.5487,1.148662,122.213,PVDAQ_4,cloudy,system_4_2023_01_01.csv,2023-01-01,8.09809469309787,cloudy
2023-01-01 09:32:00,155.7316,0.727071,117.5885,1.138055,121.0155,PVDAQ_4,cloudy,system_4_2023_01_01.csv,2023-01-01,6.384712794689026,cloudy
2023-01-01 09:33:00,154.6642,0.7296762,117.5668,1.127149,119.5098,PVDAQ_4,cloudy,system_4_2023_01_01.csv,2023-01-01,5.849357633010336,cloudy
2023-01-01 09:34:00,154.5456,0.7227787,117.5634,1.121529,118.8103,PVDAQ_4,cloudy,system_4_2023_01_01.csv,2023-01-01,5.135309847470058,cloudy
2023-01-01 09:35:00,155.0794,0.7064057999999999,117.5682,1.127447,119.1168,PVDAQ_4,cloudy,system_4_2023_01_01.csv,2023-01-01,4.108181323002415,cloudy
2023-01-01 09:36:00,155.909,0.7250385,117.5482,1.132303,120.0067,PVDAQ_4,cloudy,system_4_2023_01_01.csv,2023-01-01,3.415262248216747,cloudy
2023-01-01 09:37:00,157.5088,0.8233647,117.5608,1.152347,122.6887,PVDAQ_4,cloudy,system_4_2023_01_01.csv,2023-01-01,2.8701274946460327,cloudy
2023-01-01 09:38:00,159.4653,0.885989,117.5307,1.171888,125.4083,PVDAQ_4,cloudy,system_4_2023_01_01.csv,2023-01-01,2.64376616905996,cloudy
2023-01-01 09:39:00,161.0653,0.9252305,117.5042,1.18032,125.7327,PVDAQ_4,cloudy,system_4_2023_01_01.csv,2023-01-01,2.5366336378487917,cloudy
2023-01-01 09:40:00,162.3101,0.8989859,117.5493,1.188301,127.1159,PVDAQ_4,cloudy,system_4_2023_01_01.csv,2023-01-01,2.5994580099007996,cloudy
2023-01-01 09:41:00,162.9617,0.8655412,117.5481,1.197868,128.495,PVDAQ_4,cloudy,system_4_2023_01_01.csv,2023-01-01,2.810910762978414,cloudy
2023-01-01 09:42:00,164.682,0.958906,117.5111,1.211537,130.2168,PVDAQ_4,cloudy,system_4_2023_01_01.csv,2023-01-01,3.2050590386508313,cloudy
2023-01-01 09:43:00,167.5291,0.9996951,117.571,1.236641,133.3587,PVDAQ_4,cloudy,system_4_2023_01_01.csv,2023-01-01,3.936978532701398,cloudy
2023-01-01 09:44:00,168.2412,0.9644075,117.5904,1.244162,134.0875,PVDAQ_4,cloudy,system_4_2023_01_01.csv,2023-01-01,4.593569975903604,cloudy
2023-01-01 09:45:00,166.9963,1.040252,117.6031,1.236182,132.9521,PVDAQ_4,cloudy,system_4_2023_01_01.csv,2023-01-01,4.945827048975744,cloudy
2023-01-01 09:46:00,166.758,1.088295,117.63,1.232509,132.7774,PVDAQ_4,cloudy,system_4_2023_01_01.csv,2023-01-01,5.128442414120637,cloudy
2023-01-01 09:47:00,166.6389,1.049347,117.2733,1.234447,132.4263,PVDAQ_4,cloudy,system_4_2023_01_01.csv,2023-01-01,5.117061399279771,cloudy
2023-01-01 09:48:00,164.9184,1.030534,117.2944,1.222275,130.5277,PVDAQ_4,cloudy,system_4_2023_01_01.csv,2023-01-01,4.795770185645133,cloudy
2023-01-01 09:49:00,162.4273,1.067167,117.2836,1.200446,127.7051,PVDAQ_4,cloudy,system_4_2023_01_01.csv,2023-01-01,4.289698490103808,cloudy
2023-01-01 09:50:00,160.944,1.109518,117.315,1.187387,126.4408,PVDAQ_4,cloudy,system_4_2023_01_01.csv,2023-01-01,3.7681140973523477,cloudy
2023-01-01 09:51:00,159.6985,1.109889,117.3584,1.177811,125.72,PVDAQ_4,cloudy,system_4_2023_01_01.csv,2023-01-01,3.3460687953959645,cloudy
2023-01-01 09:52:00,159.9351,1.16294,117.3988,1.181176,126.1006,PVDAQ_4,cloudy,system_4_2023_01_01.csv,2023-01-01,3.0854835120514976,cloudy
2023-01-01 09:53:00,160.0536,1.223197,117.3742,1.181143,126.0836,PVDAQ_4,cloudy,system_4_2023_01_01.csv,2023-01-01,3.0319283097911605,cloudy
2023-01-01 09:54:00,161.241,1.229146,117.3685,1.194379,127.8585,PVDAQ_4,cloudy,system_4_2023_01_01.csv,2023-01-01,3.021437755172154,cloudy
2023-01-01 09:55:00,162.0121,1.279256,117.328,1.200012,128.1042,PVDAQ_4,cloudy,system_4_2023_01_01.csv,2023-01-01,3.032112907779425,cloudy
2023-01-01 09:56:00,163.1379,1.233724,117.3347,1.201196,127.2462,PVDAQ_4,cloudy,system_4_2023_01_01.csv,2023-01-01,3.029516628927983,cloudy
2023-01-01 09:57:00,164.5611,1.197435,117.3554,1.210297,128.535,PVDAQ_4,cloudy,system_4_2023_01_01.csv,2023-01-01,3.0268225776654734,cloudy
2023-01-01 09:58:00,165.6278,1.187474,117.3071,1.229683,131.2674,PVDAQ_4,cloudy,system_4_2023_01_01.csv,2023-01-01,2.890542148653372,cloudy
2023-01-01 09:59:00,166.7545,1.183792,117.2973,1.236972,131.474,PVDAQ_4,cloudy,system_4_2023_01_01.csv,2023-01-01,2.7396002064080784,cloudy
2023-01-01 10:00:00,167.7027,1.166192,117.324,1.254532,133.8738,PVDAQ_4,cloudy,system_4_2023_01_01.csv,2023-01-01,2.8101342422939677,cloudy
2023-01-01 10:01:00,169.2445,1.210086,117.5369,1.252715,133.3376,PVDAQ_4,cloudy,system_4_2023_01_01.csv,2023-01-01,3.07708163559143,cloudy
2023-01-01 10:02:00,170.5487,1.288882,117.5041,1.259267,134.2322,PVDAQ_4,cloudy,system_4_2023_01_01.csv,2023-01-01,3.485896430761931,cloudy
2023-01-01 10:03:00,172.6247,1.315715,117.5537,1.278105,136.6925,PVDAQ_4,cloudy,system_4_2023_01_01.csv,2023-01-01,4.1483998561692905,cloudy
2023-01-01 10:04:00,174.761,1.237914,117.5629,1.306609,140.5109,PVDAQ_4,cloudy,system_4_2023_01_01.csv,2023-01-01,4.880003540718718,cloudy
2023-01-01 10:05:00,178.3188,1.203099,117.3619,1.336616,143.9857,PVDAQ_4,cloudy,system_4_2023_01_01.csv,2023-01-01,5.765062417577974,cloudy
2023-01-01 10:06:00,181.5798,1.209248,117.3037,1.363834,147.2494,PVDAQ_4,cloudy,system_4_2023_01_01.csv,2023-01-01,6.645365439254379,cloudy
2023-01-01 10:07:00,184.8411,1.302844,117.2543,1.391933,150.504,PVDAQ_4,cloudy,system_4_2023_01_01.csv,2023-01-01,7.567680441273694,cloudy
2023-01-01 10:08:00,188.5766,1.394213,117.2829,1.417287,153.6995,PVDAQ_4,cloudy,system_4_2023_01_01.csv,2023-01-01,8.536831459443867,cloudy
2023-01-01 10:09:00,194.9809,1.459567,117.3834,1.466654,160.0536,PVDAQ_4,cloudy,system_4_2023_01_01.csv,2023-01-01,9.981596468992693,cloudy
2023-01-01 10:10:00,202.8675,1.525994,117.681,1.508764,165.9041,PVDAQ_4,cloudy,system_4_2023_01_01.csv,2023-01-01,11.949151604340845,cloudy
2023-01-01 10:11:00,213.5414,1.441539,117.7207,1.60099,176.794,PVDAQ_4,cloudy,system_4_2023_01_01.csv,2023-01-01,14.717158067264693,cloudy
2023-01-01 10:12:00,234.1185,1.351245,117.7475,1.760074,196.1092,PVDAQ_4,cloudy,system_4_2023_01_01.csv,2023-01-01,19.69844389572064,cloudy
2023-01-01 10:35:00,248.405,3.057781,117.3469,1.829759,200.9311,PVDAQ_4,cloudy,system_4_2023_01_01.csv,2023-01-01,29.795050167901973,cloudy
2023-01-01 10:36:00,247.278,2.994246,117.311,1.82561,202.2467,PVDAQ_4,cloudy,system_4_2023_01_01.csv,2023-01-01,33.02757494041816,cloudy
2023-01-01 13:34:00,245.6482,1.656425,117.404,1.852597,203.5047,PVDAQ_4,cloudy,system_4_2023_01_01.csv,2023-01-01,40.69321532419025,cloudy
2023-01-01 13:35:00,236.5233,1.629702,117.6606,1.780548,196.5979,PVDAQ_4,cloudy,system_4_2023_01_01.csv,2023-01-01,42.814404193025446,cloudy
2023-01-01 13:36:00,228.8809,1.553877,117.6616,1.731304,190.4083,PVDAQ_4,cloudy,system_4_2023_01_01.csv,2023-01-01,42.729073019610055,cloudy
2023-01-01 13:37:00,217.9781,1.445887,117.6406,1.639381,179.3979,PVDAQ_4,cloudy,system_4_2023_01_01.csv,2023-01-01,44.95746024344105,cloudy
2023-01-01 13:38:00,213.8329,1.41259,117.583,1.57492,172.6992,PVDAQ_4,cloudy,system_4_2023_01_01.csv,2023-01-01,47.3861123324485,cloudy
2023-01-01 13:39:00,211.3454,1.330089,117.6413,1.599306,175.8377,PVDAQ_4,cloudy,system_4_2023_01_01.csv,2023-01-01,49.71297742354306,cloudy
2023-01-01 13:40:00,209.5116,1.295305,117.531,1.588668,173.684,PVDAQ_4,cloudy,system_4_2023_01_01.csv,2023-01-01,51.42548852640493,cloudy
2023-01-01 13:41:00,207.4982,1.307745,117.4062,1.572423,171.5752,PVDAQ_4,cloudy,system_4_2023_01_01.csv,2023-01-01,51.41074358456572,cloudy
2023-01-01 13:42:00,204.2423,1.280644,117.4048,1.537766,167.6073,PVDAQ_4,cloudy,system_4_2023_01_01.csv,2023-01-01,48.9205882876111,cloudy
2023-01-01 13:43:00,200.5096,1.291688,117.3986,1.517838,165.1163,PVDAQ_4,cloudy,system_4_2023_01_01.csv,2023-01-01,41.98604853207036,cloudy
2023-01-01 13:44:00,195.5941,1.22579,117.5035,1.486643,161.4634,PVDAQ_4,cloudy,system_4_2023_01_01.csv,2023-01-01,37.52761906247342,cloudy
2023-01-01 13:45:00,189.8455,1.222323,117.6712,1.440106,155.9761,PVDAQ_4,cloudy,system_4_2023_01_01.csv,2023-01-01,30.998054408488784,cloudy
2023-01-01 13:46:00,183.4457,1.259019,117.694,1.393917,150.4088,PVDAQ_4,cloudy,system_4_2023_01_01.csv,2023-01-01,27.223531464738766,cloudy
2023-01-01 13:47:00,177.0445,1.226922,117.4943,1.341706,143.9976,PVDAQ_4,cloudy,system_4_2023_01_01.csv,2023-01-01,23.588389823910305,cloudy
2023-01-01 13:48:00,172.2474,1.200506,117.3262,1.309029,140.5872,PVDAQ_4,cloudy,system_4_2023_01_01.csv,2023-01-01,20.98104382458886,cloudy
2023-01-01 13:49:00,169.2838,1.148096,117.3394,1.28847,138.6656,PVDAQ_4,cloudy,system_4_2023_01_01.csv,2023-01-01,19.986462958945765,cloudy
2023-01-01 13:50:00,166.9755,1.114489,117.3139,1.273597,137.1586,PVDAQ_4,cloudy,system_4_2023_01_01.csv,2023-01-01,19.256786311150275,cloudy
2023-01-01 13:51:00,164.6048,1.133085,117.2841,1.258593,135.3031,PVDAQ_4,cloudy,system_4_2023_01_01.csv,2023-01-01,18.691461200789846,cloudy
2023-01-01 13:52:00,161.9401,1.212997,117.2426,1.238777,132.7786,PVDAQ_4,cloudy,system_4_2023_01_01.csv,2023-01-01,18.784794570119193,cloudy
2023-01-01 13:53:00,159.2138,1.243307,117.2145,1.214301,130.0639,PVDAQ_4,cloudy,system_4_2023_01_01.csv,2023-01-01,18.822992360136716,cloudy
2023-01-01 13:54:00,155.9557,1.173737,117.316,1.193717,127.4083,PVDAQ_4,cloudy,system_4_2023_01_01.csv,2023-01-01,18.694325413309592,cloudy
2023-01-01 13:55:00,152.4584,1.099806,117.4468,1.165802,124.3044,PVDAQ_4,cloudy,system_4_2023_01_01.csv,2023-01-01,18.32163581394161,cloudy
2023-01-01 13:56:00,148.9018,1.066009,117.4978,1.138553,120.9302,PVDAQ_4,cloudy,system_4_2023_01_01.csv,2023-01-01,17.679280604854345,cloudy
2023-01-01 13:57:00,145.4645,1.028616,117.4735,1.116276,118.1711,PVDAQ_4,cloudy,system_4_2023_01_01.csv,2023-01-01,16.870342458833395,cloudy
2023-01-01 13:58:00,142.7391,1.002229,117.2168,1.102022,115.7289,PVDAQ_4,cloudy,system_4_2023_01_01.csv,2023-01-01,15.865871271851995,cloudy
2023-01-01 13:59:00,141.4356,0.997453,117.1907,1.093426,114.6483,PVDAQ_4,cloudy,system_4_2023_01_01.csv,2023-01-01,14.700033022483886,cloudy
2023-01-01 14:00:00,141.7924,0.9918932,117.1202,1.099612,115.8732,PVDAQ_4,cloudy,system_4_2023_01_01.csv,2023-01-01,13.401171296094068,cloudy
2023-01-01 14:01:00,143.512,1.029291,117.073,1.110013,117.4408,PVDAQ_4,cloudy,system_4_2023_01_01.csv,2023-01-01,12.077966335522472,cloudy
2023-01-01 14:02:00,146.7732,1.038423,117.1508,1.130696,120.2957,PVDAQ_4,cloudy,system_4_2023_01_01.csv,2023-01-01,10.81619572480314,cloudy
2023-01-01 14:03:00,151.3976,1.102907,117.2069,1.160666,123.6704,PVDAQ_4,cloudy,system_4_2023_01_01.csv,2023-01-01,9.606001934986391,cloudy
2023-01-01 14:04:00,157.2075,1.150088,117.4094,1.192384,126.7568,PVDAQ_4,cloudy,system_4_2023_01_01.csv,2023-01-01,8.579725232247595,cloudy
2023-01-01 14:05:00,163.0768,1.141128,117.5132,1.196051,128.3893,PVDAQ_4,cloudy,system_4_2023_01_01.csv,2023-01-01,8.142365136606074,cloudy
2023-01-01 14:06:00,168.1753,1.152604,117.625,1.251824,136.0228,PVDAQ_4,cloudy,system_4_2023_01_01.csv,2023-01-01,8.584712049402219,cloudy
2023-01-01 14:07:00,173.7482,1.131928,117.5117,1.301151,139.5389,PVDAQ_4,cloudy,system_4_2023_01_01.csv,2023-01-01,9.987764566427801,cloudy
2023-01-01 14:08:00,184.5375,1.103753,117.4649,1.39376,152.2352,PVDAQ_4,cloudy,system_4_2023_01_01.csv,2023-01-01,12.874270178597916,cloudy
2023-01-01 14:09:00,195.6234,1.152203,117.42,1.506944,165.4868,PVDAQ_4,cloudy,system_4_2023_01_01.csv,2023-01-01,16.70390164133933,cloudy
2023-01-01 14:10:00,205.7606,1.184277,117.4847,1.590459,175.6925,PVDAQ_4,cloudy,system_4_2023_01_01.csv,2023-01-01,20.80649974232915,cloudy
2023-01-01 14:11:00,220.7591,1.179385,117.536,1.691957,187.5012,PVDAQ_4,cloudy,system_4_2023_01_01.csv,2023-01-01,25.617807741114213,cloudy
2023-01-01 14:12:00,238.8398,1.098167,117.6081,1.796409,199.8803,PVDAQ_4,cloudy,system_4_2023_01_01.csv,2023-01-01,31.15633515276717,cloudy
2023-01-01 14:33:00,247.2616,1.096757,117.6568,1.899689,209.4632,PVDAQ_4,cloudy,system_4_2023_01_01.csv,2023-01-01,24.21744276470365,cloudy
2023-01-01 14:34:00,236.4725,1.014335,117.642,1.813036,199.9556,PVDAQ_4,cloudy,system_4_2023_01_01.csv,2023-01-01,27.469716852495246,cloudy
2023-01-01 14:35:00,216.0798,0.9848089,117.4289,1.658713,179.8405,PVDAQ_4,cloudy,system_4_2023_01_01.csv,2023-01-01,32.90596041275755,cloudy
2023-01-01 14:36:00,199.5404,1.05666,117.4243,1.520309,164.698,PVDAQ_4,cloudy,system_4_2023_01_01.csv,2023-01-01,38.803104235478195,cloudy
2023-01-01 14:37:00,189.4626,1.059061,117.3967,1.442408,155.5389,PVDAQ_4,cloudy,system_4_2023_01_01.csv,2023-01-01,42.4231028886748,cloudy
2023-01-01 14:38:00,183.001,0.9871811,117.3317,1.388607,149.3368,PVDAQ_4,cloudy,system_4_2023_01_01.csv,2023-01-01,44.464005586100654,cloudy
2023-01-01 14:39:00,175.1759,0.8930905,117.3039,1.324922,142.2689,PVDAQ_4,cloudy,system_4_2023_01_01.csv,2023-01-01,47.09995681899969,cloudy
2023-01-01 14:40:00,168.9514,0.7649428999999999,117.283,1.271637,136.6348,PVDAQ_4,cloudy,system_4_2023_01_01.csv,2023-01-01,50.09500899219028,cloudy
2023-01-01 14:41:00,163.4975,0.7165331999999999,117.533,1.22919,131.8594,PVDAQ_4,cloudy,system_4_2023_01_01.csv,2023-01-01,50.931967451888056,cloudy
2023-01-01 14:42:00,158.7551,0.7114181,117.4996,1.194358,127.7317,PVDAQ_4,cloudy,system_4_2023_01_01.csv,2023-01-01,50.53499045313417,cloudy
2023-01-01 14:43:00,155.5539,0.7005711,117.2638,1.178242,125.3864,PVDAQ_4,cloudy,system_4_2023_01_01.csv,2023-01-01,48.445442249218345,cloudy
2023-01-01 14:44:00,153.7161,0.6999242,117.2184,1.163946,123.6867,PVDAQ_4,cloudy,system_4_2023_01_01.csv,2023-01-01,45.58212018917751,cloudy
2023-01-01 14:45:00,152.2341,0.6788996,117.1734,1.160532,123.0773,PVDAQ_4,cloudy,system_4_2023_01_01.csv,2023-01-01,41.94012677302914,cloudy
2023-01-01 14:46:00,151.5228,0.6854672,117.2206,1.156212,122.628,PVDAQ_4,cloudy,system_4_2023_01_01.csv,2023-01-01,37.253547834026854,cloudy
2023-01-01 14:47:00,151.1671,0.7098071999999999,117.4048,1.147572,121.6738,PVDAQ_4,cloudy,system_4_2023_01_01.csv,2023-01-01,31.696912811355755,cloudy
2023-01-01 14:48:00,150.4557,0.6850266999999999,117.3999,1.14641,121.8242,PVDAQ_4,cloudy,system_4_2023_01_01.csv,2023-01-01,26.485273537897484,cloudy
2023-01-01 14:49:00,149.3886,0.7467205999999998,117.3992,1.13958,120.9835,PVDAQ_4,cloudy,system_4_2023_01_01.csv,2023-01-01,20.644364687047585,cloudy
2023-01-01 14:50:00,148.1437,0.7841101,117.4351,1.135185,120.4427,PVDAQ_4,cloudy,system_4_2023_01_01.csv,2023-01-01,16.318276138183304,cloudy
2023-01-01 14:51:00,147.5509,0.7356179,117.4742,1.13235,119.8767,PVDAQ_4,cloudy,system_4_2023_01_01.csv,2023-01-01,13.33595659989862,cloudy
2023-01-01 14:52:00,146.306,0.7386403,117.47,1.119872,118.3976,PVDAQ_4,cloudy,system_4_2023_01_01.csv,2023-01-01,10.944637746564247,cloudy
2023-01-01 14:53:00,145.6539,0.6984063999999999,117.4376,1.104993,116.6325,PVDAQ_4,cloudy,system_4_2023_01_01.csv,2023-01-01,8.613845594555858,cloudy
2023-01-01 14:54:00,145.5947,0.6264271,117.4214,1.098221,115.189,PVDAQ_4,cloudy,system_4_2023_01_01.csv,2023-01-01,6.732175183357793,cloudy
2023-01-01 14:55:00,144.8833,0.5831642,117.3526,1.088969,114.1853,PVDAQ_4,cloudy,system_4_2023_01_01.csv,2023-01-01,5.253840013115804,cloudy
2023-01-01 14:56:00,143.9941,0.5451175999999999,117.3895,1.092291,115.0104,PVDAQ_4,cloudy,system_4_2023_01_01.csv,2023-01-01,4.246650400737247,cloudy
2023-01-01 14:57:00,141.8599,0.5275615,117.3768,1.083449,113.7923,PVDAQ_4,cloudy,system_4_2023_01_01.csv,2023-01-01,3.887824147525265,cloudy
2023-01-01 14:58:00,139.2516,0.4594923,117.3421,1.069427,111.4134,PVDAQ_4,cloudy,system_4_2023_01_01.csv,2023-01-01,4.060356514652301,cloudy
2023-01-01 14:59:00,135.6947,0.397727,117.3427,1.044552,107.5797,PVDAQ_4,cloudy,system_4_2023_01_01.csv,2023-01-01,4.690541624586956,cloudy
2023-01-01 15:00:00,132.4935,0.3455548,117.3371,1.023486,104.9432,PVDAQ_4,cloudy,system_4_2023_01_01.csv,2023-01-01,5.576354683276138,cloudy
2023-01-01 15:01:00,129.7073,0.3243849999999999,117.3925,1.006071,102.6066,PVDAQ_4,cloudy,system_4_2023_01_01.csv,2023-01-01,6.502244837005207,cloudy
2023-01-01 15:02:00,127.3953,0.2931172,117.3517,0.9865262,100.2135,PVDAQ_4,cloudy,system_4_2023_01_01.csv,2023-01-01,7.337219891703961,cloudy
2023-01-01 15:03:00,124.6091,0.3256729999999999,117.3321,0.9656302,97.70847,PVDAQ_4,cloudy,system_4_2023_01_01.csv,2023-01-01,8.170018937063503,cloudy
2023-01-01 15:04:00,122.06,0.3980231,117.1396,0.9501949,95.5433,PVDAQ_4,cloudy,system_4_2023_01_01.csv,2023-01-01,8.974579267197555,cloudy
2023-01-01 15:05:00,120.1037,0.3923144,117.113,0.9355443,93.68043,PVDAQ_4,cloudy,system_4_2023_01_01.csv,2023-01-01,9.680626488698248,cloudy
2023-01-01 15:06:00,118.8588,0.3904388999999999,117.1114,0.9204308,92.24195,PVDAQ_4,cloudy,system_4_2023_01_01.csv,2023-01-01,10.15909921379741,cloudy
2023-01-01 15:07:00,117.7324,0.36646,117.1312,0.91869,91.76403,PVDAQ_4,cloudy,system_4_2023_01_01.csv,2023-01-01,10.474195458461837,cloudy
2023-01-01 15:08:00,117.3767,0.3680175,116.8356,0.9197176,91.53249,PVDAQ_4,cloudy,system_4_2023_01_01.csv,2023-01-01,10.513001841690778,cloudy
2023-01-01 15:09:00,117.2582,0.3372841999999999,116.8408,0.9197139,91.42054,PVDAQ_4,cloudy,system_4_2023_01_01.csv,2023-01-01,10.200971228086503,cloudy
2023-01-01 15:10:00,116.6653,0.3258563999999999,116.8325,0.9160809,90.5451,PVDAQ_4,cloudy,system_4_2023_01_01.csv,2023-01-01,9.625645448441562,cloudy
2023-01-01 15:11:00,114.8869,0.2984679,116.7853,0.8953345,87.65997,PVDAQ_4,cloudy,system_4_2023_01_01.csv,2023-01-01,8.859311919860778,cloudy
2023-01-01 15:12:00,112.8713,0.2174204999999999,116.7419,0.8712579999999999,84.85119,PVDAQ_4,cloudy,system_4_2023_01_01.csv,2023-01-01,8.059312620851925,cloudy
2023-01-01 15:13:00,110.3222,0.1664521999999999,116.7402,0.864319,84.18501,PVDAQ_4,cloudy,system_4_2023_01_01.csv,2023-01-01,7.356882628956371,cloudy
2023-01-01 15:14:00,107.951,0.1774652999999999,116.9304,0.8477463,81.77114,PVDAQ_4,cloudy,system_4_2023_01_01.csv,2023-01-01,6.9281441483031,cloudy
2023-01-01 15:15:00,105.5205,0.1811125,117.0632,0.8262386999999999,79.79294,PVDAQ_4,cloudy,system_4_2023_01_01.csv,2023-01-01,6.7725239968741215,cloudy
2023-01-01 15:16:00,102.9121,0.1138074,117.0601,0.8053434,77.57598,PVDAQ_4,cloudy,system_4_2023_01_01.csv,2023-01-01,6.8711988919828375,cloudy
2023-01-01 15:17:00,100.0666,0.1142578,117.028,0.7868252,75.05920999999998,PVDAQ_4,cloudy,system_4_2023_01_01.csv,2023-01-01,7.184056385672193,cloudy
2023-01-01 15:18:00,97.10253,0.1506386999999999,116.9995,0.7693973,71.60545,PVDAQ_4,cloudy,system_4_2023_01_01.csv,2023-01-01,7.755767212793455,cloudy
2023-01-01 15:19:00,94.31631,0.1549219,116.9014,0.7504798999999999,68.96489,PVDAQ_4,cloudy,system_4_2023_01_01.csv,2023-01-01,8.48766801989837,cloudy
2023-01-01 15:20:00,91.58938,0.1397962,116.7724,0.732944,67.18107,PVDAQ_4,cloudy,system_4_2023_01_01.csv,2023-01-01,9.282185882836183,cloudy
2023-01-01 15:21:00,88.92171999999998,0.1005289999999999,116.5757,0.7176065999999999,64.92278,PVDAQ_4,cloudy,system_4_2023_01_01.csv,2023-01-01,10.050656045231271,cloudy
2023-01-01 15:22:00,86.37263,0.07798106,116.5694,0.7026814999999998,62.10144,PVDAQ_4,cloudy,system_4_2023_01_01.csv,2023-01-01,10.754434953866799,cloudy
2023-01-01 15:23:00,84.53492,0.0683165899999999,116.5457,0.6887003999999999,59.44358,PVDAQ_4,cloudy,system_4_2023_01_01.csv,2023-01-01,11.229290661084303,cloudy
2023-01-01 15:24:00,83.05289,0.02734531,116.6111,0.6807410999999999,58.2578,PVDAQ_4,cloudy,system_4_2023_01_01.csv,2023-01-01,11.399963101424165,cloudy
2023-01-01 15:25:00,82.10438999999998,0.0478912599999999,116.7708,0.6487332,57.15136,PVDAQ_4,cloudy,system_4_2023_01_01.csv,2023-01-01,11.240525046675506,cloudy
2023-01-01 15:26:00,81.98583,0.0517631299999999,116.7297,0.6448656999999999,57.15009,PVDAQ_4,cloudy,system_4_2023_01_01.csv,2023-01-01,10.807480076993224,cloudy
2023-01-01 15:27:00,82.69719999999998,0.0611541999999999,116.6717,0.6488399999999999,57.6659,PVDAQ_4,cloudy,system_4_2023_01_01.csv,2023-01-01,10.089260228619027,cloudy
2023-01-01 15:28:00,82.57863999999998,0.07701405,116.6576,0.6484532,57.67152,PVDAQ_4,cloudy,system_4_2023_01_01.csv,2023-01-01,9.253566041792352,cloudy
2023-01-01 15:29:00,81.86727,0.0726122099999999,116.6465,0.6450673,57.01187,PVDAQ_4,cloudy,system_4_2023_01_01.csv,2023-01-01,8.335964676907162,cloudy
2023-01-01 15:30:00,81.27445,0.0649039899999999,116.6106,0.6410185999999999,56.48126,PVDAQ_4,cloudy,system_4_2023_01_01.csv,2023-01-01,7.342362018279959,cloudy
2023-01-01 15:31:00,81.03732999999998,0.05068563,116.5701,0.6401923,56.35101,PVDAQ_4,cloudy,system_4_2023_01_01.csv,2023-01-01,6.2847172673631695,cloudy
2023-01-01 15:32:00,81.09661,0.0180881199999999,116.6525,0.6407006,56.41539,PVDAQ_4,cloudy,system_4_2023_01_01.csv,2023-01-01,5.204288291484234,cloudy
2023-01-01 15:33:00,81.33373,0.0129817,116.6538,0.6414383999999999,56.62955,PVDAQ_4,cloudy,system_4_2023_01_01.csv,2023-01-01,4.150810674454373,cloudy
2023-01-01 15:34:00,81.80799,0.0753247999999999,116.6355,0.6437861,56.84112,PVDAQ_4,cloudy,system_4_2023_01_01.csv,2023-01-01,3.1293705993027605,cloudy
2023-01-01 15:35:00,81.68943,0.1042817999999999,116.6648,0.6440113,56.91825,PVDAQ_4,cloudy,system_4_2023_01_01.csv,2023-01-01,2.2052563997788197,cloudy
2023-01-01 15:36:00,81.80799,0.09000776,116.5909,0.6434802,56.85216,PVDAQ_4,cloudy,system_4_2023_01_01.csv,2023-01-01,1.4281825904958263,cloudy
2023-01-01 15:37:00,81.80799,0.01527675,116.6157,0.6423891999999999,56.63187,PVDAQ_4,cloudy,system_4_2023_01_01.csv,2023-01-01,0.8973668763436806,cloudy
2023-01-01 15:38:00,80.74133999999998,-0.01864915,116.6632,0.6399063,56.21933,PVDAQ_4,cloudy,system_4_2023_01_01.csv,2023-01-01,0.6444816949134516,cloudy
2023-01-01 15:39:00,79.79298,-0.01425592,116.6672,0.6363878,55.31174,PVDAQ_4,cloudy,system_4_2023_01_01.csv,2023-01-01,0.732612825467968,cloudy
2023-01-01 15:40:00,78.01523,0.0036818129999999,116.6876,0.6288492,53.72797,PVDAQ_4,cloudy,system_4_2023_01_01.csv,2023-01-01,1.1585108674689437,cloudy
2023-01-01 15:41:00,75.88120999999998,0.0196384099999999,116.6447,0.6170529,51.88417,PVDAQ_4,cloudy,system_4_2023_01_01.csv,2023-01-01,1.7973441323838355,cloudy
2023-01-01 15:42:00,73.51059999999998,0.02540399,116.6351,0.6055164,49.8502,PVDAQ_4,cloudy,system_4_2023_01_01.csv,2023-01-01,2.5479237690743224,cloudy
2023-01-01 15:43:00,71.25793,0.04594555,116.606,0.5944418999999999,47.82542,PVDAQ_4,cloudy,system_4_2023_01_01.csv,2023-01-01,3.3649613539986514,cloudy
2023-01-01 15:44:00,69.24316,0.0644087299999999,116.6313,0.5823121,46.04074,PVDAQ_4,cloudy,system_4_2023_01_01.csv,2023-01-01,4.210583739824544,cloudy
2023-01-01 15:45:00,67.46465,0.08397646,116.6542,0.5788039,44.7356,PVDAQ_4,cloudy,system_4_2023_01_01.csv,2023-01-01,5.033640228165601,cloudy
2023-01-01 15:46:00,66.0427,0.0545893299999999,116.6444,0.5757204999999999,43.77518,PVDAQ_4,cloudy,system_4_2023_01_01.csv,2023-01-01,5.772265695061676,cloudy
2023-01-01 15:47:00,65.50925,0.0246186099999999,116.598,0.5741928,43.16965,PVDAQ_4,cloudy,system_4_2023_01_01.csv,2023-01-01,6.3145896424436785,cloudy
2023-01-01 15:48:00,64.73972,-0.01424622,116.5474,0.5723839,42.79045,PVDAQ_4,cloudy,system_4_2023_01_01.csv,2023-01-01,6.703765962069268,cloudy
2023-01-01 15:49:00,64.7399,-0.04684238,116.5689,0.5730751,42.80394,PVDAQ_4,cloudy,system_4_2023_01_01.csv,2023-01-01,6.843778465282796,cloudy
2023-01-01 15:50:00,64.97794,-0.06477283,116.5617,0.5727636,43.29578,PVDAQ_4,cloudy,system_4_2023_01_01.csv,2023-01-01,6.772278019322917,cloudy
2023-01-01 15:51:00,65.86758,-0.06007864,116.5999,0.5755552999999999,44.03316,PVDAQ_4,cloudy,system_4_2023_01_01.csv,2023-01-01,6.427182917337015,cloudy
2023-01-01 15:52:00,67.11362,-0.0770280099999999,116.6504,0.5790585,44.76021,PVDAQ_4,cloudy,system_4_2023_01_01.csv,2023-01-01,5.801570498552376,cloudy
2023-01-01 15:53:00,67.35128,-0.0922989,116.5652,0.5793234,44.94391,PVDAQ_4,cloudy,system_4_2023_01_01.csv,2023-01-01,5.0684300541060585,cloudy
2023-01-01 15:54:00,66.46294,-0.1085672,116.3459,0.5851089999999999,44.31199,PVDAQ_4,cloudy,system_4_2023_01_01.csv,2023-01-01,4.2199737566736095,cloudy
2023-01-01 15:55:00,65.33693,-0.1368204,116.2686,0.5928029999999999,43.12454,PVDAQ_4,cloudy,system_4_2023_01_01.csv,2023-01-01,3.372256391038299,cloudy
2023-01-01 15:56:00,63.32204,-0.1863979,116.244,0.5639212,28.00666,PVDAQ_4,cloudy,system_4_2023_01_01.csv,2023-01-01,2.684976939336549,cloudy
2023-01-01 15:57:00,61.24744,-0.2556532,116.2938,0.5702981999999999,39.3942,PVDAQ_4,cloudy,system_4_2023_01_01.csv,2023-01-01,2.363984057875193,cloudy
2023-01-01 15:58:00,58.75798,-0.2850279,116.5263,0.5621464,37.59728,PVDAQ_4,cloudy,system_4_2023_01_01.csv,2023-01-01,2.5877567971565414,cloudy
2023-01-01 15:59:00,56.44615,-0.2762458999999999,116.594,0.5510488,35.35308,PVDAQ_4,cloudy,system_4_2023_01_01.csv,2023-01-01,3.200649569513791,cloudy
2023-01-01 16:00:00,54.19358,-0.2560894,116.5733,0.5441439,33.62381,PVDAQ_4,cloudy,system_4_2023_01_01.csv,2023-01-01,4.012114282457106,cloudy
2023-01-01 16:01:00,51.94098,-0.2557672999999999,116.516,0.5431664,32.16967,PVDAQ_4,cloudy,system_4_2023_01_01.csv,2023-01-01,4.917259434396349,cloudy
2023-01-01 16:02:00,49.86608,-0.2472278,116.3828,0.5373567,30.86381,PVDAQ_4,cloudy,system_4_2023_01_01.csv,2023-01-01,5.817564307363526,cloudy
2023-01-01 16:03:00,47.6727,-0.2765794999999999,116.0964,0.5296853,29.3249,PVDAQ_4,cloudy,system_4_2023_01_01.csv,2023-01-01,6.733642647279483,cloudy
2023-01-01 16:04:00,45.24185,-0.3202142,116.0241,0.5205081999999999,27.47172,PVDAQ_4,cloudy,system_4_2023_01_01.csv,2023-01-01,7.646426813132264,cloudy
2023-01-01 16:05:00,42.92974,-0.3810143999999999,115.9903,0.5169962999999999,25.51941,PVDAQ_4,cloudy,system_4_2023_01_01.csv,2023-01-01,8.497933431751033,cloudy
2023-01-01 16:06:00,40.67671,-0.3981032999999999,116.124,0.5262946,23.88293,PVDAQ_4,cloudy,system_4_2023_01_01.csv,2023-01-01,9.20369121139936,cloudy
2023-01-01 16:07:00,38.42381,-0.4017895,116.2812,0.5362402,22.42596,PVDAQ_4,cloudy,system_4_2023_01_01.csv,2023-01-01,9.676698467929263,cloudy
2023-01-01 16:08:00,36.70433,-0.3910564999999999,116.2034,0.5385602,21.14255,PVDAQ_4,cloudy,system_4_2023_01_01.csv,2023-01-01,9.887497046489385,cloudy
2023-01-01 16:09:00,34.98483,-0.4069678999999999,116.2253,0.5437376,20.10103,PVDAQ_4,cloudy,system_4_2023_01_01.csv,2023-01-01,9.9272266721603,cloudy
2023-01-01 16:10:00,33.91752,-0.4109178,115.9613,0.5489445,19.37696,PVDAQ_4,cloudy,system_4_2023_01_01.csv,2023-01-01,9.738965392628565,cloudy
2023-01-01 16:11:00,33.02821,-0.4012961999999999,116.3999,0.5371942,19.0085,PVDAQ_4,cloudy,system_4_2023_01_01.csv,2023-01-01,9.415912744843931,cloudy
2023-01-01 16:12:00,32.73174,-0.4014627,116.4163,0.5352731,18.93961,PVDAQ_4,cloudy,system_4_2023_01_01.csv,2023-01-01,8.92627482438157,cloudy
2023-01-01 16:13:00,32.67238,-0.3527882,116.439,0.5352865,18.92127,PVDAQ_4,cloudy,system_4_2023_01_01.csv,2023-01-01,8.332430748082224,cloudy
2023-01-01 16:14:00,32.61309,-0.3301518,116.4567,0.5352733,18.95389,PVDAQ_4,cloudy,system_4_2023_01_01.csv,2023-01-01,7.644385981722383,cloudy
2023-01-01 16:15:00,32.31665,-0.3185677,116.3586,0.5349167999999999,18.90679,PVDAQ_4,cloudy,system_4_2023_01_01.csv,2023-01-01,6.896913789029983,cloudy
2023-01-01 16:16:00,32.13877,-0.3298867999999999,116.3876,0.5342575,18.60124,PVDAQ_4,cloudy,system_4_2023_01_01.csv,2023-01-01,6.102178800325171,cloudy
2023-01-01 16:17:00,31.54589,-0.3025564,116.4295,0.5299605,17.81894,PVDAQ_4,cloudy,system_4_2023_01_01.csv,2023-01-01,5.2767585346741495,cloudy
2023-01-01 16:18:00,30.00419,-0.3084515999999999,116.3313,0.5196583999999999,16.37267,PVDAQ_4,cloudy,system_4_2023_01_01.csv,2023-01-01,4.524571710043977,cloudy
2023-01-01 16:19:00,28.10679,-0.3122103,116.3627,0.5136675,14.47977,PVDAQ_4,cloudy,system_4_2023_01_01.csv,2023-01-01,3.972351819733056,cloudy
2023-01-01 16:20:00,25.67573,-0.3357388,116.3635,0.5117992999999998,12.6632,PVDAQ_4,cloudy,system_4_2023_01_01.csv,2023-01-01,3.7516642537087566,cloudy
2023-01-01 16:21:00,23.36345,-0.3766567,116.3968,0.5123847,10.96164,PVDAQ_4,cloudy,system_4_2023_01_01.csv,2023-01-01,3.893637412716195,cloudy
2023-01-01 16:22:00,21.11014,-0.4158071999999999,116.3264,0.5180801,9.271187,PVDAQ_4,cloudy,system_4_2023_01_01.csv,2023-01-01,4.354744559569041,cloudy
