time,irradiance,temperature,voltage,current,power,source_site,weather_condition,source_file,date,irradiance_rolling_std,operating_scenario
2023-01-01 00:00:00,0.0,1.704,117.74,1.6671,0.0,PVDAQ_10,night_or_low_power,system_10_2023_01_01.csv,2023-01-01,0.0,high_temperature
2023-01-01 00:01:00,0.0,1.6858,117.78,1.6674,0.0,PVDAQ_10,night_or_low_power,system_10_2023_01_01.csv,2023-01-01,0.0,high_temperature
2023-01-01 00:02:00,0.0,1.6379,117.77,1.6665,0.0,PVDAQ_10,night_or_low_power,system_10_2023_01_01.csv,2023-01-01,0.0,high_temperature
2023-01-01 00:03:00,0.0,1.6191,117.81,1.6668,0.0,PVDAQ_10,night_or_low_power,system_10_2023_01_01.csv,2023-01-01,0.0,high_temperature
2023-01-01 00:04:00,0.0,1.5867,117.7,1.6677,0.0,PVDAQ_10,night_or_low_power,system_10_2023_01_01.csv,2023-01-01,0.0,high_temperature
2023-01-01 00:05:00,0.0,1.6767,117.68,1.6685,0.0,PVDAQ_10,night_or_low_power,system_10_2023_01_01.csv,2023-01-01,0.0,high_temperature
2023-01-01 00:06:00,0.0,1.9334,117.71,1.6682,0.0,PVDAQ_10,night_or_low_power,system_10_2023_01_01.csv,2023-01-01,0.0,high_temperature
2023-01-01 00:07:00,0.0,1.9951,117.76,1.6668,0.0,PVDAQ_10,night_or_low_power,system_10_2023_01_01.csv,2023-01-01,0.0,high_temperature
2023-01-01 00:08:00,0.0,1.9798,117.75,1.6682,0.0,PVDAQ_10,night_or_low_power,system_10_2023_01_01.csv,2023-01-01,0.0,high_temperature
2023-01-01 00:09:00,0.0,1.9079,117.74,1.6677,0.0,PVDAQ_10,night_or_low_power,system_10_2023_01_01.csv,2023-01-01,0.0,high_temperature
2023-01-01 00:10:00,0.0,1.8265,117.76,1.668,0.0,PVDAQ_10,night_or_low_power,system_10_2023_01_01.csv,2023-01-01,0.0,high_temperature
2023-01-01 00:11:00,0.0,1.7963,117.79,1.668,0.0,PVDAQ_10,night_or_low_power,system_10_2023_01_01.csv,2023-01-01,0.0,high_temperature
2023-01-01 00:12:00,0.0,1.7346,117.84,1.6682,0.0,PVDAQ_10,night_or_low_power,system_10_2023_01_01.csv,2023-01-01,0.0,high_temperature
2023-01-01 00:13:00,0.0,1.669,117.86,1.668,0.0,PVDAQ_10,night_or_low_power,system_10_2023_01_01.csv,2023-01-01,0.0,high_temperature
2023-01-01 00:14:00,0.0,1.616,117.84,1.6674,0.0,PVDAQ_10,night_or_low_power,system_10_2023_01_01.csv,2023-01-01,0.0,high_temperature
2023-01-01 00:15:00,0.0,1.6476,117.86,1.6674,0.0,PVDAQ_10,night_or_low_power,system_10_2023_01_01.csv,2023-01-01,0.0,high_temperature
2023-01-01 00:16:00,0.0,1.7464,117.84,1.668,0.0,PVDAQ_10,night_or_low_power,system_10_2023_01_01.csv,2023-01-01,0.0,high_temperature
2023-01-01 00:17:00,0.0,1.8203,117.84,1.668,0.0,PVDAQ_10,night_or_low_power,system_10_2023_01_01.csv,2023-01-01,0.0,high_temperature
2023-01-01 00:18:00,0.0,1.7594,117.86,1.6677,0.0,PVDAQ_10,night_or_low_power,system_10_2023_01_01.csv,2023-01-01,0.0,high_temperature
2023-01-01 00:19:00,0.0,1.6472,117.85,1.6669,0.0,PVDAQ_10,night_or_low_power,system_10_2023_01_01.csv,2023-01-01,0.0,high_temperature
2023-01-01 00:20:00,0.0,1.5394,117.81,1.6674,0.0,PVDAQ_10,night_or_low_power,system_10_2023_01_01.csv,2023-01-01,0.0,high_temperature
2023-01-01 00:21:00,0.0,1.4414,117.82,1.6679,0.0,PVDAQ_10,night_or_low_power,system_10_2023_01_01.csv,2023-01-01,0.0,high_temperature
2023-01-01 00:22:00,0.0,1.3585,117.83,1.6668,0.0,PVDAQ_10,night_or_low_power,system_10_2023_01_01.csv,2023-01-01,0.0,high_temperature
2023-01-01 00:23:00,0.0,1.2875,117.77,1.6677,0.0,PVDAQ_10,night_or_low_power,system_10_2023_01_01.csv,2023-01-01,0.0,high_temperature
2023-01-01 00:24:00,0.0,1.2622,117.75,1.6671,0.0,PVDAQ_10,night_or_low_power,system_10_2023_01_01.csv,2023-01-01,0.0,high_temperature
2023-01-01 00:25:00,0.0,1.2299,117.8,1.6674,0.0,PVDAQ_10,night_or_low_power,system_10_2023_01_01.csv,2023-01-01,0.0,high_temperature
2023-01-01 00:26:00,0.0,1.2086,117.77,1.6671,0.0,PVDAQ_10,night_or_low_power,system_10_2023_01_01.csv,2023-01-01,0.0,high_temperature
2023-01-01 00:27:00,0.0,1.1644,117.78,1.6682,0.0,PVDAQ_10,night_or_low_power,system_10_2023_01_01.csv,2023-01-01,0.0,high_temperature
2023-01-01 00:28:00,0.0,1.1786,117.78,1.6679,0.0,PVDAQ_10,night_or_low_power,system_10_2023_01_01.csv,2023-01-01,0.0,high_temperature
2023-01-01 00:29:00,0.0,1.1501,117.77,1.6685,0.0,PVDAQ_10,night_or_low_power,system_10_2023_01_01.csv,2023-01-01,0.0,high_temperature
2023-01-01 00:30:00,0.0,1.1359,117.75,1.6688,0.0,PVDAQ_10,night_or_low_power,system_10_2023_01_01.csv,2023-01-01,0.0,high_temperature
2023-01-01 00:31:00,0.0,1.1735,117.71,1.6671,0.0,PVDAQ_10,night_or_low_power,system_10_2023_01_01.csv,2023-01-01,0.0,high_temperature
2023-01-01 00:32:00,0.0,1.2418,117.75,1.6663,0.0,PVDAQ_10,night_or_low_power,system_10_2023_01_01.csv,2023-01-01,0.0,high_temperature
2023-01-01 00:33:00,0.0,1.2908,117.78,1.6677,0.0,PVDAQ_10,night_or_low_power,system_10_2023_01_01.csv,2023-01-01,0.0,high_temperature
2023-01-01 00:34:00,0.0,1.2428,117.81,1.668,0.0,PVDAQ_10,night_or_low_power,system_10_2023_01_01.csv,2023-01-01,0.0,high_temperature
2023-01-01 00:35:00,0.0,1.1726,117.8,1.6671,0.0,PVDAQ_10,night_or_low_power,system_10_2023_01_01.csv,2023-01-01,0.0,high_temperature
2023-01-01 00:36:00,0.0,1.1141,117.83,1.6677,0.0,PVDAQ_10,night_or_low_power,system_10_2023_01_01.csv,2023-01-01,0.0,high_temperature
2023-01-01 00:37:00,0.0,1.0906,117.75,1.6677,0.0,PVDAQ_10,night_or_low_power,system_10_2023_01_01.csv,2023-01-01,0.0,high_temperature
2023-01-01 00:38:00,0.0,1.1957,117.72,1.668,0.0,PVDAQ_10,night_or_low_power,system_10_2023_01_01.csv,2023-01-01,0.0,high_temperature
2023-01-01 00:39:00,0.0,1.2321,117.64,1.6671,0.0,PVDAQ_10,night_or_low_power,system_10_2023_01_01.csv,2023-01-01,0.0,high_temperature
2023-01-01 00:40:00,0.0,1.3888,117.97,1.6674,0.0,PVDAQ_10,night_or_low_power,system_10_2023_01_01.csv,2023-01-01,0.0,high_temperature
2023-01-01 00:41:00,0.0,1.4545,118.1,1.6677,0.0,PVDAQ_10,night_or_low_power,system_10_2023_01_01.csv,2023-01-01,0.0,high_temperature
2023-01-01 00:42:00,0.0,1.498,118.11,1.6669,0.0,PVDAQ_10,night_or_low_power,system_10_2023_01_01.csv,2023-01-01,0.0,high_temperature
2023-01-01 00:43:00,0.0,1.6196,118.22,1.668,0.0,PVDAQ_10,night_or_low_power,system_10_2023_01_01.csv,2023-01-01,0.0,high_temperature
2023-01-01 00:44:00,0.0,1.7505,118.07,1.6677,0.0,PVDAQ_10,night_or_low_power,system_10_2023_01_01.csv,2023-01-01,0.0,high_temperature
2023-01-01 00:45:00,0.0,1.7656,117.91,1.6674,0.0,PVDAQ_10,night_or_low_power,system_10_2023_01_01.csv,2023-01-01,0.0,high_temperature
2023-01-01 00:46:00,0.0,1.7896,117.9,1.6672,0.0,PVDAQ_10,night_or_low_power,system_10_2023_01_01.csv,2023-01-01,0.0,high_temperature
2023-01-01 00:47:00,0.0,1.8245,117.98,1.6685,0.0,PVDAQ_10,night_or_low_power,system_10_2023_01_01.csv,2023-01-01,0.0,high_temperature
2023-01-01 00:48:00,0.0,1.7708,117.96,1.668,0.0,PVDAQ_10,night_or_low_power,system_10_2023_01_01.csv,2023-01-01,0.0,high_temperature
2023-01-01 00:49:00,0.0,1.7379,117.96,1.6683,0.0,PVDAQ_10,night_or_low_power,system_10_2023_01_01.csv,2023-01-01,0.0,high_temperature
2023-01-01 00:50:00,0.0,1.696,117.96,1.6669,0.0,PVDAQ_10,night_or_low_power,system_10_2023_01_01.csv,2023-01-01,0.0,high_temperature
2023-01-01 00:51:00,0.0,1.6336,117.96,1.6677,0.0,PVDAQ_10,night_or_low_power,system_10_2023_01_01.csv,2023-01-01,0.0,high_temperature
2023-01-01 00:52:00,0.0,1.5459,118.0,1.6672,0.0,PVDAQ_10,night_or_low_power,system_10_2023_01_01.csv,2023-01-01,0.0,high_temperature
2023-01-01 00:53:00,0.0,1.4701,117.94,1.6674,0.0,PVDAQ_10,night_or_low_power,system_10_2023_01_01.csv,2023-01-01,0.0,high_temperature
2023-01-01 00:54:00,0.0,1.4408,117.9,1.6669,0.0,PVDAQ_10,night_or_low_power,system_10_2023_01_01.csv,2023-01-01,0.0,high_temperature
2023-01-01 00:55:00,0.0,1.3776,117.89,1.6672,0.0,PVDAQ_10,night_or_low_power,system_10_2023_01_01.csv,2023-01-01,0.0,high_temperature
2023-01-01 00:56:00,0.0,1.376,117.94,1.6658,0.0,PVDAQ_10,night_or_low_power,system_10_2023_01_01.csv,2023-01-01,0.0,high_temperature
2023-01-01 00:57:00,0.0,1.4257,117.9,1.6677,0.0,PVDAQ_10,night_or_low_power,system_10_2023_01_01.csv,2023-01-01,0.0,high_temperature
2023-01-01 00:58:00,0.0,1.4271,117.93,1.6688,0.0,PVDAQ_10,night_or_low_power,system_10_2023_01_01.csv,2023-01-01,0.0,high_temperature
2023-01-01 00:59:00,0.0,1.4295,117.96,1.668,0.0,PVDAQ_10,night_or_low_power,system_10_2023_01_01.csv,2023-01-01,0.0,high_temperature
2023-01-01 01:00:00,0.0,1.4539,117.93,1.6669,0.0,PVDAQ_10,night_or_low_power,system_10_2023_01_01.csv,2023-01-01,0.0,high_temperature
2023-01-01 01:01:00,0.0,1.4461,117.85,1.6677,0.0,PVDAQ_10,night_or_low_power,system_10_2023_01_01.csv,2023-01-01,0.0,high_temperature
2023-01-01 01:02:00,0.0,1.4635,117.93,1.6677,0.0,PVDAQ_10,night_or_low_power,system_10_2023_01_01.csv,2023-01-01,0.0,high_temperature
2023-01-01 01:03:00,0.0,1.466,117.88,1.668,0.0,PVDAQ_10,night_or_low_power,system_10_2023_01_01.csv,2023-01-01,0.0,high_temperature
2023-01-01 01:04:00,0.0,1.5028,117.84,1.668,0.0,PVDAQ_10,night_or_low_power,system_10_2023_01_01.csv,2023-01-01,0.0,high_temperature
2023-01-01 01:05:00,0.0,1.5637,117.84,1.6674,0.0,PVDAQ_10,night_or_low_power,system_10_2023_01_01.csv,2023-01-01,0.0,high_temperature
2023-01-01 01:06:00,0.0,1.6278,117.84,1.6672,0.0,PVDAQ_10,night_or_low_power,system_10_2023_01_01.csv,2023-01-01,0.0,high_temperature
2023-01-01 01:07:00,0.0,1.662,117.92,1.668,0.0,PVDAQ_10,night_or_low_power,system_10_2023_01_01.csv,2023-01-01,0.0,high_temperature
2023-01-01 01:08:00,0.0,1.6928,117.84,1.668,0.0,PVDAQ_10,night_or_low_power,system_10_2023_01_01.csv,2023-01-01,0.0,high_temperature
2023-01-01 01:09:00,0.0,1.7155,117.79,1.6683,0.0,PVDAQ_10,night_or_low_power,system_10_2023_01_01.csv,2023-01-01,0.0,high_temperature
2023-01-01 01:10:00,0.0,1.7339,117.76,1.6666,0.0,PVDAQ_10,night_or_low_power,system_10_2023_01_01.csv,2023-01-01,0.0,high_temperature
2023-01-01 01:11:00,0.0,1.828,117.8,1.6674,0.0,PVDAQ_10,night_or_low_power,system_10_2023_01_01.csv,2023-01-01,0.0,high_temperature
2023-01-01 01:12:00,0.0,1.8923,117.79,1.6688,0.0,PVDAQ_10,night_or_low_power,system_10_2023_01_01.csv,2023-01-01,0.0,high_temperature
2023-01-01 01:13:00,0.0,1.9345,117.77,1.668,0.0,PVDAQ_10,night_or_low_power,system_10_2023_01_01.csv,2023-01-01,0.0,high_temperature
2023-01-01 01:14:00,0.0,1.9337,117.84,1.6672,0.0,PVDAQ_10,night_or_low_power,system_10_2023_01_01.csv,2023-01-01,0.0,high_temperature
2023-01-01 01:15:00,0.0,1.9742,117.84,1.6685,0.0,PVDAQ_10,night_or_low_power,system_10_2023_01_01.csv,2023-01-01,0.0,high_temperature
2023-01-01 01:16:00,0.0,2.0448,117.9,1.6677,0.0,PVDAQ_10,night_or_low_power,system_10_2023_01_01.csv,2023-01-01,0.0,high_temperature
2023-01-01 01:17:00,0.0,2.063,117.9,1.6672,0.0,PVDAQ_10,night_or_low_power,system_10_2023_01_01.csv,2023-01-01,0.0,high_temperature
2023-01-01 01:18:00,0.0,2.0671,118.0,1.6677,0.0,PVDAQ_10,night_or_low_power,system_10_2023_01_01.csv,2023-01-01,0.0,high_temperature
2023-01-01 01:19:00,0.0,2.1298,117.97,1.6683,0.0,PVDAQ_10,night_or_low_power,system_10_2023_01_01.csv,2023-01-01,0.0,high_temperature
2023-01-01 01:20:00,0.0,2.1622,117.98,1.6683,0.0,PVDAQ_10,night_or_low_power,system_10_2023_01_01.csv,2023-01-01,0.0,high_temperature
2023-01-01 01:21:00,0.0,2.1639,117.98,1.6677,0.0,PVDAQ_10,night_or_low_power,system_10_2023_01_01.csv,2023-01-01,0.0,high_temperature
2023-01-01 01:22:00,0.0,2.1703,117.98,1.6672,0.0,PVDAQ_10,night_or_low_power,system_10_2023_01_01.csv,2023-01-01,0.0,high_temperature
2023-01-01 01:23:00,0.0,2.0912,117.94,1.668,0.0,PVDAQ_10,night_or_low_power,system_10_2023_01_01.csv,2023-01-01,0.0,high_temperature
2023-01-01 01:24:00,0.0,2.0091,117.9,1.6685,0.0,PVDAQ_10,night_or_low_power,system_10_2023_01_01.csv,2023-01-01,0.0,high_temperature
2023-01-01 01:25:00,0.0,1.9312,117.84,1.6683,0.0,PVDAQ_10,night_or_low_power,system_10_2023_01_01.csv,2023-01-01,0.0,high_temperature
2023-01-01 01:26:00,0.0,1.898,117.83,1.668,0.0,PVDAQ_10,night_or_low_power,system_10_2023_01_01.csv,2023-01-01,0.0,high_temperature
2023-01-01 01:27:00,0.0,1.831,117.85,1.6674,0.0,PVDAQ_10,night_or_low_power,system_10_2023_01_01.csv,2023-01-01,0.0,high_temperature
2023-01-01 01:28:00,0.0,1.7243,117.9,1.668,0.0,PVDAQ_10,night_or_low_power,system_10_2023_01_01.csv,2023-01-01,0.0,high_temperature
2023-01-01 01:29:00,0.0,1.5876,117.95,1.668,0.0,PVDAQ_10,night_or_low_power,system_10_2023_01_01.csv,2023-01-01,0.0,high_temperature
2023-01-01 01:30:00,0.0,1.4425,117.94,1.668,0.0,PVDAQ_10,night_or_low_power,system_10_2023_01_01.csv,2023-01-01,0.0,high_temperature
2023-01-01 01:31:00,0.0,1.3597,117.94,1.6683,0.0,PVDAQ_10,night_or_low_power,system_10_2023_01_01.csv,2023-01-01,0.0,high_temperature
2023-01-01 01:32:00,0.0,1.2925,117.93,1.6685,0.0,PVDAQ_10,night_or_low_power,system_10_2023_01_01.csv,2023-01-01,0.0,high_temperature
2023-01-01 01:33:00,0.0,1.2989,117.95,1.6683,0.0,PVDAQ_10,night_or_low_power,system_10_2023_01_01.csv,2023-01-01,0.0,high_temperature
2023-01-01 01:34:00,0.0,1.2767,117.91,1.6683,0.0,PVDAQ_10,night_or_low_power,system_10_2023_01_01.csv,2023-01-01,0.0,high_temperature
2023-01-01 01:35:00,0.0,1.2277,117.88,1.668,0.0,PVDAQ_10,night_or_low_power,system_10_2023_01_01.csv,2023-01-01,0.0,high_temperature
2023-01-01 01:36:00,0.0,1.204,117.95,1.6683,0.0,PVDAQ_10,night_or_low_power,system_10_2023_01_01.csv,2023-01-01,0.0,high_temperature
2023-01-01 01:37:00,0.0,1.1874,117.98,1.6683,0.0,PVDAQ_10,night_or_low_power,system_10_2023_01_01.csv,2023-01-01,0.0,high_temperature
2023-01-01 01:38:00,0.0,1.2134,118.0,1.6674,0.0,PVDAQ_10,night_or_low_power,system_10_2023_01_01.csv,2023-01-01,0.0,high_temperature
2023-01-01 01:39:00,0.0,1.2637,117.94,1.6685,0.0,PVDAQ_10,night_or_low_power,system_10_2023_01_01.csv,2023-01-01,0.0,high_temperature
2023-01-01 01:40:00,0.0,1.3498,117.92,1.6669,0.0,PVDAQ_10,night_or_low_power,system_10_2023_01_01.csv,2023-01-01,0.0,high_temperature
2023-01-01 01:41:00,0.0,1.3814,117.92,1.668,0.0,PVDAQ_10,night_or_low_power,system_10_2023_01_01.csv,2023-01-01,0.0,high_temperature
2023-01-01 01:42:00,0.0,1.4053,118.0,1.6677,0.0,PVDAQ_10,night_or_low_power,system_10_2023_01_01.csv,2023-01-01,0.0,high_temperature
2023-01-01 01:43:00,0.0,1.4117,117.97,1.6683,0.0,PVDAQ_10,night_or_low_power,system_10_2023_01_01.csv,2023-01-01,0.0,high_temperature
2023-01-01 01:44:00,0.0,1.4045,117.97,1.6674,0.0,PVDAQ_10,night_or_low_power,system_10_2023_01_01.csv,2023-01-01,0.0,high_temperature
2023-01-01 01:45:00,0.0,1.3865,118.11,1.6674,0.0,PVDAQ_10,night_or_low_power,system_10_2023_01_01.csv,2023-01-01,0.0,high_temperature
2023-01-01 01:46:00,0.0,1.3659,118.08,1.6677,0.0,PVDAQ_10,night_or_low_power,system_10_2023_01_01.csv,2023-01-01,0.0,high_temperature
2023-01-01 01:47:00,0.0,1.3462,118.22,1.6677,0.0,PVDAQ_10,night_or_low_power,system_10_2023_01_01.csv,2023-01-01,0.0,high_temperature
2023-01-01 01:48:00,0.0,1.3671,118.33,1.6672,0.0,PVDAQ_10,night_or_low_power,system_10_2023_01_01.csv,2023-01-01,0.0,high_temperature
2023-01-01 01:49:00,0.0,1.3797,118.07,1.6677,0.0,PVDAQ_10,night_or_low_power,system_10_2023_01_01.csv,2023-01-01,0.0,high_temperature
2023-01-01 01:50:00,0.0,1.393,118.04,1.668,0.0,PVDAQ_10,night_or_low_power,system_10_2023_01_01.csv,2023-01-01,0.0,high_temperature
2023-01-01 01:51:00,0.0,1.4266,118.08,1.668,0.0,PVDAQ_10,night_or_low_power,system_10_2023_01_01.csv,2023-01-01,0.0,high_temperature
2023-01-01 01:52:00,0.0,1.4044,118.19,1.6677,0.0,PVDAQ_10,night_or_low_power,system_10_2023_01_01.csv,2023-01-01,0.0,high_temperature
2023-01-01 01:53:00,0.0,1.3919,118.37,1.6683,0.0,PVDAQ_10,night_or_low_power,system_10_2023_01_01.csv,2023-01-01,0.0,high_temperature
2023-01-01 01:54:00,0.0,1.3999,118.34,1.6677,0.0,PVDAQ_10,night_or_low_power,system_10_2023_01_01.csv,2023-01-01,0.0,high_temperature
2023-01-01 01:55:00,0.0,1.4165,118.28,1.6674,0.0,PVDAQ_10,night_or_low_power,system_10_2023_01_01.csv,2023-01-01,0.0,high_temperature
2023-01-01 01:56:00,0.0,1.4444,118.21,1.6674,0.0,PVDAQ_10,night_or_low_power,system_10_2023_01_01.csv,2023-01-01,0.0,high_temperature
2023-01-01 01:57:00,0.0,1.2567,118.22,1.6669,0.0,PVDAQ_10,night_or_low_power,system_10_2023_01_01.csv,2023-01-01,0.0,high_temperature
2023-01-01 01:58:00,0.0,1.0813,118.21,1.6674,0.0,PVDAQ_10,night_or_low_power,system_10_2023_01_01.csv,2023-01-01,0.0,high_temperature
2023-01-01 01:59:00,0.0,1.0099,118.22,1.6683,0.0,PVDAQ_10,night_or_low_power,system_10_2023_01_01.csv,2023-01-01,0.0,high_temperature
2023-01-01 02:00:00,0.0,1.0363,118.24,1.668,0.0,PVDAQ_10,night_or_low_power,system_10_2023_01_01.csv,2023-01-01,0.0,high_temperature
2023-01-01 02:01:00,0.0,1.1374,118.25,1.6677,0.0,PVDAQ_10,night_or_low_power,system_10_2023_01_01.csv,2023-01-01,0.0,high_temperature
2023-01-01 02:02:00,0.0,1.1836,118.25,1.6683,0.0,PVDAQ_10,night_or_low_power,system_10_2023_01_01.csv,2023-01-01,0.0,high_temperature
2023-01-01 02:03:00,0.0,1.2109,118.11,1.6672,0.0,PVDAQ_10,night_or_low_power,system_10_2023_01_01.csv,2023-01-01,0.0,high_temperature
2023-01-01 02:04:00,0.0,1.2464,118.03,1.6666,0.0,PVDAQ_10,night_or_low_power,system_10_2023_01_01.csv,2023-01-01,0.0,high_temperature
2023-01-01 02:05:00,0.0,1.2824,118.01,1.6672,0.0,PVDAQ_10,night_or_low_power,system_10_2023_01_01.csv,2023-01-01,0.0,high_temperature
2023-01-01 02:06:00,0.0,1.2986,118.02,1.6691,0.0,PVDAQ_10,night_or_low_power,system_10_2023_01_01.csv,2023-01-01,0.0,high_temperature
2023-01-01 02:07:00,0.0,1.3579,118.01,1.6674,0.0,PVDAQ_10,night_or_low_power,system_10_2023_01_01.csv,2023-01-01,0.0,high_temperature
2023-01-01 02:08:00,0.0,1.3835,118.07,1.6672,0.0,PVDAQ_10,night_or_low_power,system_10_2023_01_01.csv,2023-01-01,0.0,high_temperature
2023-01-01 02:09:00,0.0,1.4129,118.08,1.668,0.0,PVDAQ_10,night_or_low_power,system_10_2023_01_01.csv,2023-01-01,0.0,high_temperature
2023-01-01 02:10:00,0.0,1.4564,118.04,1.6672,0.0,PVDAQ_10,night_or_low_power,system_10_2023_01_01.csv,2023-01-01,0.0,high_temperature
2023-01-01 02:11:00,0.0,1.425,117.99,1.6658,0.0,PVDAQ_10,night_or_low_power,system_10_2023_01_01.csv,2023-01-01,0.0,high_temperature
2023-01-01 02:12:00,0.0,1.4377,118.08,1.6677,0.0,PVDAQ_10,night_or_low_power,system_10_2023_01_01.csv,2023-01-01,0.0,high_temperature
2023-01-01 02:13:00,0.0,1.3105,118.2,1.6677,0.0,PVDAQ_10,night_or_low_power,system_10_2023_01_01.csv,2023-01-01,0.0,high_temperature
2023-01-01 02:14:00,0.0,1.0975,118.11,1.6663,0.0,PVDAQ_10,night_or_low_power,system_10_2023_01_01.csv,2023-01-01,0.0,high_temperature
2023-01-01 02:15:00,0.0,1.1198,118.03,1.6683,0.0,PVDAQ_10,night_or_low_power,system_10_2023_01_01.csv,2023-01-01,0.0,high_temperature
2023-01-01 02:16:00,0.0,1.2896,118.03,1.6674,0.0,PVDAQ_10,night_or_low_power,system_10_2023_01_01.csv,2023-01-01,0.0,high_temperature
2023-01-01 02:17:00,0.0,1.4454,118.02,1.6688,0.0,PVDAQ_10,night_or_low_power,system_10_2023_01_01.csv,2023-01-01,0.0,high_temperature
2023-01-01 02:18:00,0.0,1.5608,118.21,1.6674,0.0,PVDAQ_10,night_or_low_power,system_10_2023_01_01.csv,2023-01-01,0.0,high_temperature
2023-01-01 02:19:00,0.0,1.6153,118.02,1.6669,0.0,PVDAQ_10,night_or_low_power,system_10_2023_01_01.csv,2023-01-01,0.0,high_temperature
2023-01-01 02:20:00,0.0,1.6559,118.04,1.668,0.0,PVDAQ_10,night_or_low_power,system_10_2023_01_01.csv,2023-01-01,0.0,high_temperature
2023-01-01 02:21:00,0.0,1.6702,118.09,1.668,0.0,PVDAQ_10,night_or_low_power,system_10_2023_01_01.csv,2023-01-01,0.0,high_temperature
2023-01-01 02:22:00,0.0,1.682,118.11,1.668,0.0,PVDAQ_10,night_or_low_power,system_10_2023_01_01.csv,2023-01-01,0.0,high_temperature
2023-01-01 02:23:00,0.0,1.6467,118.17,1.6674,0.0,PVDAQ_10,night_or_low_power,system_10_2023_01_01.csv,2023-01-01,0.0,high_temperature
2023-01-01 02:24:00,0.0,1.6174,118.16,1.6685,0.0,PVDAQ_10,night_or_low_power,system_10_2023_01_01.csv,2023-01-01,0.0,high_temperature
2023-01-01 02:25:00,0.0,1.5392,118.15,1.668,0.0,PVDAQ_10,night_or_low_power,system_10_2023_01_01.csv,2023-01-01,0.0,high_temperature
2023-01-01 02:26:00,0.0,1.4159,118.15,1.668,0.0,PVDAQ_10,night_or_low_power,system_10_2023_01_01.csv,2023-01-01,0.0,high_temperature
2023-01-01 02:27:00,0.0,1.3795,118.17,1.6674,0.0,PVDAQ_10,night_or_low_power,system_10_2023_01_01.csv,2023-01-01,0.0,high_temperature
2023-01-01 02:28:00,0.0,1.3708,118.13,1.6677,0.0,PVDAQ_10,night_or_low_power,system_10_2023_01_01.csv,2023-01-01,0.0,high_temperature
2023-01-01 02:29:00,0.0,1.4696,118.13,1.6677,0.0,PVDAQ_10,night_or_low_power,system_10_2023_01_01.csv,2023-01-01,0.0,high_temperature
2023-01-01 02:30:00,0.0,1.5336,118.16,1.6674,0.0,PVDAQ_10,night_or_low_power,system_10_2023_01_01.csv,2023-01-01,0.0,high_temperature
2023-01-01 02:31:00,0.0,1.5864,118.17,1.6677,0.0,PVDAQ_10,night_or_low_power,system_10_2023_01_01.csv,2023-01-01,0.0,high_temperature
2023-01-01 02:32:00,0.0,1.6194,118.15,1.668,0.0,PVDAQ_10,night_or_low_power,system_10_2023_01_01.csv,2023-01-01,0.0,high_temperature
2023-01-01 02:33:00,0.0,1.6059,118.18,1.6672,0.0,PVDAQ_10,night_or_low_power,system_10_2023_01_01.csv,2023-01-01,0.0,high_temperature
2023-01-01 02:34:00,0.0,1.5357,118.24,1.6683,0.0,PVDAQ_10,night_or_low_power,system_10_2023_01_01.csv,2023-01-01,0.0,high_temperature
2023-01-01 02:35:00,0.0,1.461,118.21,1.6677,0.0,PVDAQ_10,night_or_low_power,system_10_2023_01_01.csv,2023-01-01,0.0,high_temperature
2023-01-01 02:36:00,0.0,1.3527,118.24,1.6683,0.0,PVDAQ_10,night_or_low_power,system_10_2023_01_01.csv,2023-01-01,0.0,high_temperature
2023-01-01 02:37:00,0.0,1.3519,118.3,1.6674,0.0,PVDAQ_10,night_or_low_power,system_10_2023_01_01.csv,2023-01-01,0.0,high_temperature
2023-01-01 02:38:00,0.0,1.3709,118.33,1.6677,0.0,PVDAQ_10,night_or_low_power,system_10_2023_01_01.csv,2023-01-01,0.0,high_temperature
2023-01-01 02:39:00,0.0,1.3377,118.35,1.6677,0.0,PVDAQ_10,night_or_low_power,system_10_2023_01_01.csv,2023-01-01,0.0,high_temperature
2023-01-01 02:40:00,0.0,1.3371,118.37,1.6674,0.0,PVDAQ_10,night_or_low_power,system_10_2023_01_01.csv,2023-01-01,0.0,high_temperature
2023-01-01 02:41:00,0.0,1.3262,118.27,1.6677,0.0,PVDAQ_10,night_or_low_power,system_10_2023_01_01.csv,2023-01-01,0.0,high_temperature
2023-01-01 02:42:00,0.0,1.2638,118.29,1.6677,0.0,PVDAQ_10,night_or_low_power,system_10_2023_01_01.csv,2023-01-01,0.0,high_temperature
2023-01-01 02:43:00,0.0,1.0837,118.3,1.6677,0.0,PVDAQ_10,night_or_low_power,system_10_2023_01_01.csv,2023-01-01,0.0,high_temperature
2023-01-01 02:44:00,0.0,0.82611,118.28,1.668,0.0,PVDAQ_10,night_or_low_power,system_10_2023_01_01.csv,2023-01-01,0.0,high_temperature
2023-01-01 02:45:00,0.0,0.60972,118.28,1.6674,0.0,PVDAQ_10,night_or_low_power,system_10_2023_01_01.csv,2023-01-01,0.0,high_temperature
2023-01-01 02:46:00,0.0,0.37557,118.27,1.6677,0.0,PVDAQ_10,night_or_low_power,system_10_2023_01_01.csv,2023-01-01,0.0,high_temperature
2023-01-01 02:47:00,0.0,0.35781,118.34,1.668,0.0,PVDAQ_10,night_or_low_power,system_10_2023_01_01.csv,2023-01-01,0.0,high_temperature
2023-01-01 02:48:00,0.0,0.34043,118.35,1.6683,0.0,PVDAQ_10,night_or_low_power,system_10_2023_01_01.csv,2023-01-01,0.0,high_temperature
2023-01-01 02:49:00,0.0,0.40382,118.33,1.6683,0.0,PVDAQ_10,night_or_low_power,system_10_2023_01_01.csv,2023-01-01,0.0,high_temperature
2023-01-01 02:50:00,0.0,0.50268,118.35,1.6683,0.0,PVDAQ_10,night_or_low_power,system_10_2023_01_01.csv,2023-01-01,0.0,high_temperature
2023-01-01 02:51:00,0.0,0.52558,118.34,1.6674,0.0,PVDAQ_10,night_or_low_power,system_10_2023_01_01.csv,2023-01-01,0.0,high_temperature
2023-01-01 02:52:00,0.0,0.5390599999999999,118.32,1.668,0.0,PVDAQ_10,night_or_low_power,system_10_2023_01_01.csv,2023-01-01,0.0,high_temperature
2023-01-01 02:53:00,0.0,0.4913299999999999,118.31,1.6683,0.0,PVDAQ_10,night_or_low_power,system_10_2023_01_01.csv,2023-01-01,0.0,high_temperature
2023-01-01 02:54:00,0.0,0.4163,118.38,1.6683,0.0,PVDAQ_10,night_or_low_power,system_10_2023_01_01.csv,2023-01-01,0.0,high_temperature
2023-01-01 03:38:00,0.0,0.3221,117.77,1.6685,0.0,PVDAQ_10,night_or_low_power,system_10_2023_01_01.csv,2023-01-01,0.0,high_temperature
2023-01-01 03:39:00,0.0,0.37535,118.02,1.6683,0.0,PVDAQ_10,night_or_low_power,system_10_2023_01_01.csv,2023-01-01,0.0,high_temperature
2023-01-01 03:40:00,0.0,0.3636099999999999,117.9,1.6691,0.0,PVDAQ_10,night_or_low_power,system_10_2023_01_01.csv,2023-01-01,0.0,high_temperature
2023-01-01 03:41:00,0.0,0.35414,117.83,1.6683,0.0,PVDAQ_10,night_or_low_power,system_10_2023_01_01.csv,2023-01-01,0.0,high_temperature
2023-01-01 03:42:00,0.0,0.40349,117.86,1.6683,0.0,PVDAQ_10,night_or_low_power,system_10_2023_01_01.csv,2023-01-01,0.0,high_temperature
2023-01-01 03:43:00,0.0,0.39178,117.84,1.6691,0.0,PVDAQ_10,night_or_low_power,system_10_2023_01_01.csv,2023-01-01,0.0,high_temperature
2023-01-01 03:44:00,0.0,0.34044,117.91,1.6683,0.0,PVDAQ_10,night_or_low_power,system_10_2023_01_01.csv,2023-01-01,0.0,high_temperature
2023-01-01 03:47:00,0.0,0.3779699999999999,117.99,1.6685,0.0,PVDAQ_10,night_or_low_power,system_10_2023_01_01.csv,2023-01-01,0.0,high_temperature
2023-01-01 03:48:00,0.0,0.5181099999999998,117.99,1.6683,0.0,PVDAQ_10,night_or_low_power,system_10_2023_01_01.csv,2023-01-01,0.0,high_temperature
2023-01-01 03:49:00,0.0,0.72899,117.96,1.6691,0.0,PVDAQ_10,night_or_low_power,system_10_2023_01_01.csv,2023-01-01,0.0,high_temperature
2023-01-01 03:50:00,0.0,0.89327,118.11,1.6677,0.0,PVDAQ_10,night_or_low_power,system_10_2023_01_01.csv,2023-01-01,0.0,high_temperature
2023-01-01 03:51:00,0.0,1.0463,118.25,1.6688,0.0,PVDAQ_10,night_or_low_power,system_10_2023_01_01.csv,2023-01-01,0.0,high_temperature
2023-01-01 03:52:00,0.0,1.1174,118.22,1.6691,0.0,PVDAQ_10,night_or_low_power,system_10_2023_01_01.csv,2023-01-01,0.0,high_temperature
2023-01-01 03:53:00,0.0,1.2012,118.18,1.6694,0.0,PVDAQ_10,night_or_low_power,system_10_2023_01_01.csv,2023-01-01,0.0,high_temperature
2023-01-01 03:54:00,0.0,1.3195,118.19,1.6685,0.0,PVDAQ_10,night_or_low_power,system_10_2023_01_01.csv,2023-01-01,0.0,high_temperature
2023-01-01 03:55:00,0.0,1.34,118.19,1.6691,0.0,PVDAQ_10,night_or_low_power,system_10_2023_01_01.csv,2023-01-01,0.0,high_temperature
2023-01-01 03:56:00,0.0,1.3519,118.18,1.6688,0.0,PVDAQ_10,night_or_low_power,system_10_2023_01_01.csv,2023-01-01,0.0,high_temperature
2023-01-01 03:57:00,0.0,1.3383,118.23,1.6696,0.0,PVDAQ_10,night_or_low_power,system_10_2023_01_01.csv,2023-01-01,0.0,high_temperature
2023-01-01 03:58:00,0.0,1.3533,118.16,1.6685,0.0,PVDAQ_10,night_or_low_power,system_10_2023_01_01.csv,2023-01-01,0.0,high_temperature
2023-01-01 03:59:00,0.0,1.4853,118.19,1.6699,0.0,PVDAQ_10,night_or_low_power,system_10_2023_01_01.csv,2023-01-01,0.0,high_temperature
2023-01-01 04:00:00,0.0,1.4983,118.17,1.6694,0.0,PVDAQ_10,night_or_low_power,system_10_2023_01_01.csv,2023-01-01,0.0,high_temperature
2023-01-01 04:01:00,0.0,1.4106,118.24,1.6694,0.0,PVDAQ_10,night_or_low_power,system_10_2023_01_01.csv,2023-01-01,0.0,high_temperature
2023-01-01 04:02:00,0.0,1.4834,118.2,1.6691,0.0,PVDAQ_10,night_or_low_power,system_10_2023_01_01.csv,2023-01-01,0.0,high_temperature
2023-01-01 04:03:00,0.0,1.6708,118.22,1.6696,0.0,PVDAQ_10,night_or_low_power,system_10_2023_01_01.csv,2023-01-01,0.0,high_temperature
2023-01-01 04:04:00,0.0,1.8337,118.24,1.668,0.0,PVDAQ_10,night_or_low_power,system_10_2023_01_01.csv,2023-01-01,0.0,high_temperature
2023-01-01 04:05:00,0.0,1.9389,118.23,1.6691,0.0,PVDAQ_10,night_or_low_power,system_10_2023_01_01.csv,2023-01-01,0.0,high_temperature
2023-01-01 04:06:00,0.0,1.9983,118.22,1.6691,0.0,PVDAQ_10,night_or_low_power,system_10_2023_01_01.csv,2023-01-01,0.0,high_temperature
2023-01-01 04:07:00,0.0,1.9508,118.25,1.6685,0.0,PVDAQ_10,night_or_low_power,system_10_2023_01_01.csv,2023-01-01,0.0,high_temperature
2023-01-01 04:08:00,0.0,1.9382,118.24,1.6683,0.0,PVDAQ_10,night_or_low_power,system_10_2023_01_01.csv,2023-01-01,0.0,high_temperature
2023-01-01 04:09:00,0.0,1.9375,118.21,1.6685,0.0,PVDAQ_10,night_or_low_power,system_10_2023_01_01.csv,2023-01-01,0.0,high_temperature
2023-01-01 04:10:00,0.0,1.8893,118.24,1.6677,0.0,PVDAQ_10,night_or_low_power,system_10_2023_01_01.csv,2023-01-01,0.0,high_temperature
2023-01-01 04:11:00,0.0,1.8363,118.23,1.6691,0.0,PVDAQ_10,night_or_low_power,system_10_2023_01_01.csv,2023-01-01,0.0,high_temperature
2023-01-01 04:12:00,0.0,1.6838,118.25,1.6685,0.0,PVDAQ_10,night_or_low_power,system_10_2023_01_01.csv,2023-01-01,0.0,high_temperature
2023-01-01 04:13:00,0.0,1.4175,118.26,1.668,0.0,PVDAQ_10,night_or_low_power,system_10_2023_01_01.csv,2023-01-01,0.0,high_temperature
2023-01-01 04:14:00,0.0,1.0501,118.22,1.6696,0.0,PVDAQ_10,night_or_low_power,system_10_2023_01_01.csv,2023-01-01,0.0,high_temperature
2023-01-01 04:15:00,0.0,0.70405,118.21,1.6683,0.0,PVDAQ_10,night_or_low_power,system_10_2023_01_01.csv,2023-01-01,0.0,high_temperature
2023-01-01 04:16:00,0.0,0.61402,118.19,1.6691,0.0,PVDAQ_10,night_or_low_power,system_10_2023_01_01.csv,2023-01-01,0.0,high_temperature
2023-01-01 04:17:00,0.0,0.58174,118.21,1.6683,0.0,PVDAQ_10,night_or_low_power,system_10_2023_01_01.csv,2023-01-01,0.0,high_temperature
2023-01-01 04:18:00,0.0,0.57391,118.26,1.6677,0.0,PVDAQ_10,night_or_low_power,system_10_2023_01_01.csv,2023-01-01,0.0,high_temperature
2023-01-01 04:19:00,0.0,0.67185,118.26,1.6683,0.0,PVDAQ_10,night_or_low_power,system_10_2023_01_01.csv,2023-01-01,0.0,high_temperature
2023-01-01 04:20:00,0.0,0.8227999999999999,118.2,1.6691,0.0,PVDAQ_10,night_or_low_power,system_10_2023_01_01.csv,2023-01-01,0.0,high_temperature
2023-01-01 04:21:00,0.0,0.99624,118.14,1.6685,0.0,PVDAQ_10,night_or_low_power,system_10_2023_01_01.csv,2023-01-01,0.0,high_temperature
2023-01-01 04:22:00,0.0,1.0657,118.16,1.6694,0.0,PVDAQ_10,night_or_low_power,system_10_2023_01_01.csv,2023-01-01,0.0,high_temperature
2023-01-01 04:23:00,0.0,0.97352,118.16,1.6688,0.0,PVDAQ_10,night_or_low_power,system_10_2023_01_01.csv,2023-01-01,0.0,high_temperature
2023-01-01 04:24:00,0.0,0.96174,118.11,1.6688,0.0,PVDAQ_10,night_or_low_power,system_10_2023_01_01.csv,2023-01-01,0.0,high_temperature
2023-01-01 04:25:00,0.0,0.95621,118.13,1.6696,0.0,PVDAQ_10,night_or_low_power,system_10_2023_01_01.csv,2023-01-01,0.0,high_temperature
2023-01-01 04:26:00,0.0,0.96753,118.06,1.6685,0.0,PVDAQ_10,night_or_low_power,system_10_2023_01_01.csv,2023-01-01,0.0,high_temperature
2023-01-01 04:27:00,0.0,1.0203,118.09,1.6683,0.0,PVDAQ_10,night_or_low_power,system_10_2023_01_01.csv,2023-01-01,0.0,high_temperature
2023-01-01 04:28:00,0.89902,1.1064,118.14,1.6688,0.0,PVDAQ_10,night_or_low_power,system_10_2023_01_01.csv,2023-01-01,0.2321259658604928,high_temperature
2023-01-01 04:29:00,0.0,1.2012,118.13,1.668,0.0,PVDAQ_10,night_or_low_power,system_10_2023_01_01.csv,2023-01-01,0.2321259658604928,high_temperature
2023-01-01 04:30:00,0.0,1.2563,118.04,1.6688,0.0,PVDAQ_10,night_or_low_power,system_10_2023_01_01.csv,2023-01-01,0.2321259658604928,high_temperature
2023-01-01 04:31:00,0.0,1.3179,118.05,1.6688,0.0,PVDAQ_10,night_or_low_power,system_10_2023_01_01.csv,2023-01-01,0.2321259658604928,high_temperature
2023-01-01 04:32:00,0.0,1.4109,118.16,1.6691,0.0,PVDAQ_10,night_or_low_power,system_10_2023_01_01.csv,2023-01-01,0.2321259658604928,high_temperature
2023-01-01 04:33:00,0.0,1.5112,118.18,1.6677,0.0,PVDAQ_10,night_or_low_power,system_10_2023_01_01.csv,2023-01-01,0.2321259658604928,high_temperature
2023-01-01 04:34:00,0.0,1.6116,118.18,1.6685,0.0,PVDAQ_10,night_or_low_power,system_10_2023_01_01.csv,2023-01-01,0.2321259658604928,high_temperature
2023-01-01 04:35:00,0.0,1.7291,118.18,1.6691,0.0,PVDAQ_10,night_or_low_power,system_10_2023_01_01.csv,2023-01-01,0.2321259658604928,high_temperature
2023-01-01 04:36:00,0.0,1.7868,118.15,1.6685,0.0,PVDAQ_10,night_or_low_power,system_10_2023_01_01.csv,2023-01-01,0.2321259658604928,high_temperature
2023-01-01 04:37:00,0.0,1.7837,118.15,1.668,0.0,PVDAQ_10,night_or_low_power,system_10_2023_01_01.csv,2023-01-01,0.2321259658604928,high_temperature
2023-01-01 04:38:00,0.0,1.7844,118.21,1.6674,0.0,PVDAQ_10,night_or_low_power,system_10_2023_01_01.csv,2023-01-01,0.2321259658604928,high_temperature
2023-01-01 04:39:00,0.0,1.8247,118.19,1.6683,0.0,PVDAQ_10,night_or_low_power,system_10_2023_01_01.csv,2023-01-01,0.2321259658604928,high_temperature
2023-01-01 04:40:00,0.0,1.8239,118.19,1.6672,0.0,PVDAQ_10,night_or_low_power,system_10_2023_01_01.csv,2023-01-01,0.2321259658604928,high_temperature
2023-01-01 04:41:00,0.0,1.795,118.13,1.6683,0.0,PVDAQ_10,night_or_low_power,system_10_2023_01_01.csv,2023-01-01,0.2321259658604928,high_temperature
2023-01-01 04:42:00,0.0,1.746,118.13,1.668,0.0,PVDAQ_10,night_or_low_power,system_10_2023_01_01.csv,2023-01-01,0.2321259658604928,high_temperature
2023-01-01 04:43:00,0.0,1.6866,118.16,1.6694,0.0,PVDAQ_10,night_or_low_power,system_10_2023_01_01.csv,2023-01-01,0.0,high_temperature
2023-01-01 04:44:00,0.0,1.6227,118.15,1.6683,0.0,PVDAQ_10,night_or_low_power,system_10_2023_01_01.csv,2023-01-01,0.0,high_temperature
2023-01-01 04:45:00,0.0,1.5579,118.15,1.6685,0.0,PVDAQ_10,night_or_low_power,system_10_2023_01_01.csv,2023-01-01,0.0,high_temperature
2023-01-01 04:46:00,0.0,1.4933,118.11,1.6683,0.0,PVDAQ_10,night_or_low_power,system_10_2023_01_01.csv,2023-01-01,0.0,high_temperature
2023-01-01 04:47:00,0.0,1.4477,118.12,1.6685,0.0,PVDAQ_10,night_or_low_power,system_10_2023_01_01.csv,2023-01-01,0.0,high_temperature
2023-01-01 04:48:00,0.0,1.4193,118.12,1.6688,0.0,PVDAQ_10,night_or_low_power,system_10_2023_01_01.csv,2023-01-01,0.0,high_temperature
2023-01-01 04:49:00,0.0,1.4364,118.11,1.6683,0.0,PVDAQ_10,night_or_low_power,system_10_2023_01_01.csv,2023-01-01,0.0,high_temperature
2023-01-01 04:50:00,0.0,1.4602,118.11,1.6683,0.0,PVDAQ_10,night_or_low_power,system_10_2023_01_01.csv,2023-01-01,0.0,high_temperature
2023-01-01 04:51:00,0.0,1.4736,118.12,1.6688,0.0,PVDAQ_10,night_or_low_power,system_10_2023_01_01.csv,2023-01-01,0.0,high_temperature
2023-01-01 04:52:00,0.0,1.5379,118.11,1.6691,0.0,PVDAQ_10,night_or_low_power,system_10_2023_01_01.csv,2023-01-01,0.0,high_temperature
2023-01-01 04:53:00,0.0,1.5865,118.12,1.6685,0.0,PVDAQ_10,night_or_low_power,system_10_2023_01_01.csv,2023-01-01,0.0,high_temperature
2023-01-01 04:54:00,0.0,1.5707,118.13,1.6683,0.0,PVDAQ_10,night_or_low_power,system_10_2023_01_01.csv,2023-01-01,0.0,high_temperature
2023-01-01 04:55:00,0.0,1.5456,118.15,1.6691,0.0,PVDAQ_10,night_or_low_power,system_10_2023_01_01.csv,2023-01-01,0.0,high_temperature
2023-01-01 04:56:00,0.0,1.5158,118.12,1.6677,0.0,PVDAQ_10,night_or_low_power,system_10_2023_01_01.csv,2023-01-01,0.0,high_temperature
2023-01-01 04:57:00,0.0,1.4644,117.96,1.668,0.0,PVDAQ_10,night_or_low_power,system_10_2023_01_01.csv,2023-01-01,0.0,high_temperature
2023-01-01 04:58:00,0.0,1.3918,118.0,1.6683,0.0,PVDAQ_10,night_or_low_power,system_10_2023_01_01.csv,2023-01-01,0.0,high_temperature
2023-01-01 04:59:00,0.0,1.309,117.92,1.6688,0.0,PVDAQ_10,night_or_low_power,system_10_2023_01_01.csv,2023-01-01,0.0,high_temperature
2023-01-01 05:00:00,0.0,1.2402,117.95,1.6669,0.0,PVDAQ_10,night_or_low_power,system_10_2023_01_01.csv,2023-01-01,0.0,high_temperature
2023-01-01 05:01:00,0.0,1.204,117.88,1.668,0.0,PVDAQ_10,night_or_low_power,system_10_2023_01_01.csv,2023-01-01,0.0,high_temperature
2023-01-01 05:02:00,0.0,1.1662,117.82,1.6674,0.0,PVDAQ_10,night_or_low_power,system_10_2023_01_01.csv,2023-01-01,0.0,high_temperature
2023-01-01 05:03:00,0.0,1.1804,117.84,1.6672,0.0,PVDAQ_10,night_or_low_power,system_10_2023_01_01.csv,2023-01-01,0.0,high_temperature
2023-01-01 05:04:00,0.0,1.243,117.91,1.6683,0.0,PVDAQ_10,night_or_low_power,system_10_2023_01_01.csv,2023-01-01,0.0,high_temperature
2023-01-01 05:05:00,0.0,1.2557,117.87,1.668,0.0,PVDAQ_10,night_or_low_power,system_10_2023_01_01.csv,2023-01-01,0.0,high_temperature
2023-01-01 05:06:00,0.0,1.1807,117.9,1.6677,0.0,PVDAQ_10,night_or_low_power,system_10_2023_01_01.csv,2023-01-01,0.0,high_temperature
2023-01-01 05:07:00,0.0,1.1303,117.92,1.6683,0.0,PVDAQ_10,night_or_low_power,system_10_2023_01_01.csv,2023-01-01,0.0,high_temperature
2023-01-01 05:08:00,0.0,1.0957,117.89,1.6691,0.0,PVDAQ_10,night_or_low_power,system_10_2023_01_01.csv,2023-01-01,0.0,high_temperature
2023-01-01 05:09:00,0.0,1.0791,117.92,1.6683,0.0,PVDAQ_10,night_or_low_power,system_10_2023_01_01.csv,2023-01-01,0.0,high_temperature
2023-01-01 05:10:00,0.0,1.133,117.89,1.6688,0.0,PVDAQ_10,night_or_low_power,system_10_2023_01_01.csv,2023-01-01,0.0,high_temperature
2023-01-01 05:11:00,0.0,1.1857,117.9,1.6696,0.0,PVDAQ_10,night_or_low_power,system_10_2023_01_01.csv,2023-01-01,0.0,high_temperature
2023-01-01 05:12:00,0.0,1.1841,117.92,1.6685,0.0,PVDAQ_10,night_or_low_power,system_10_2023_01_01.csv,2023-01-01,0.0,high_temperature
2023-01-01 05:13:00,0.0,1.2918,117.95,1.6699,0.0,PVDAQ_10,night_or_low_power,system_10_2023_01_01.csv,2023-01-01,0.0,high_temperature
2023-01-01 05:14:00,0.0,1.3645,117.97,1.668,0.0,PVDAQ_10,night_or_low_power,system_10_2023_01_01.csv,2023-01-01,0.0,high_temperature
2023-01-01 05:15:00,0.0,1.4704,117.93,1.6683,0.0,PVDAQ_10,night_or_low_power,system_10_2023_01_01.csv,2023-01-01,0.0,high_temperature
2023-01-01 05:16:00,0.0,1.5478,117.91,1.6685,0.0,PVDAQ_10,night_or_low_power,system_10_2023_01_01.csv,2023-01-01,0.0,high_temperature
2023-01-01 05:17:00,0.0,1.671,117.86,1.6688,0.0,PVDAQ_10,night_or_low_power,system_10_2023_01_01.csv,2023-01-01,0.0,high_temperature
2023-01-01 05:18:00,0.0,1.773,117.9,1.6688,0.0,PVDAQ_10,night_or_low_power,system_10_2023_01_01.csv,2023-01-01,0.0,high_temperature
2023-01-01 05:19:00,0.0,1.7899,117.89,1.6669,0.0,PVDAQ_10,night_or_low_power,system_10_2023_01_01.csv,2023-01-01,0.0,high_temperature
2023-01-01 05:20:00,0.0,1.774,117.85,1.6685,0.0,PVDAQ_10,night_or_low_power,system_10_2023_01_01.csv,2023-01-01,0.0,high_temperature
2023-01-01 05:21:00,0.0,1.7622,117.89,1.6683,0.0,PVDAQ_10,night_or_low_power,system_10_2023_01_01.csv,2023-01-01,0.0,high_temperature
2023-01-01 05:22:00,0.0,1.7839,117.89,1.6691,0.0,PVDAQ_10,night_or_low_power,system_10_2023_01_01.csv,2023-01-01,0.0,high_temperature
2023-01-01 05:23:00,0.0,1.6819,118.03,1.6685,0.0,PVDAQ_10,night_or_low_power,system_10_2023_01_01.csv,2023-01-01,0.0,high_temperature
2023-01-01 05:24:00,0.0,1.4275,118.01,1.6685,0.0,PVDAQ_10,night_or_low_power,system_10_2023_01_01.csv,2023-01-01,0.0,high_temperature
2023-01-01 05:25:00,0.0,1.1875,117.95,1.668,0.0,PVDAQ_10,night_or_low_power,system_10_2023_01_01.csv,2023-01-01,0.0,high_temperature
2023-01-01 05:26:00,0.0,1.0848,117.95,1.6694,0.0,PVDAQ_10,night_or_low_power,system_10_2023_01_01.csv,2023-01-01,0.0,high_temperature
2023-01-01 05:27:00,0.0,1.0256,117.88,1.6688,0.0,PVDAQ_10,night_or_low_power,system_10_2023_01_01.csv,2023-01-01,0.0,high_temperature
2023-01-01 05:28:00,0.0,1.0219,117.98,1.6674,0.0,PVDAQ_10,night_or_low_power,system_10_2023_01_01.csv,2023-01-01,0.0,high_temperature
2023-01-01 05:29:00,0.0,1.0361,117.92,1.6683,0.0,PVDAQ_10,night_or_low_power,system_10_2023_01_01.csv,2023-01-01,0.0,high_temperature
2023-01-01 05:30:00,0.0,1.101,117.92,1.6685,0.0,PVDAQ_10,night_or_low_power,system_10_2023_01_01.csv,2023-01-01,0.0,high_temperature
2023-01-01 05:31:00,0.0,1.1803,117.93,1.6688,0.0,PVDAQ_10,night_or_low_power,system_10_2023_01_01.csv,2023-01-01,0.0,high_temperature
2023-01-01 05:32:00,0.0,1.2064,117.9,1.6683,0.0,PVDAQ_10,night_or_low_power,system_10_2023_01_01.csv,2023-01-01,0.0,high_temperature
2023-01-01 05:33:00,0.0,1.2064,117.91,1.6688,0.0,PVDAQ_10,night_or_low_power,system_10_2023_01_01.csv,2023-01-01,0.0,high_temperature
2023-01-01 05:34:00,0.0,1.223,117.93,1.6685,0.0,PVDAQ_10,night_or_low_power,system_10_2023_01_01.csv,2023-01-01,0.0,high_temperature
2023-01-01 05:35:00,0.0,1.2523,117.79,1.6688,0.0,PVDAQ_10,night_or_low_power,system_10_2023_01_01.csv,2023-01-01,0.0,high_temperature
2023-01-01 05:36:00,0.0,1.2546,117.87,1.6683,0.0,PVDAQ_10,night_or_low_power,system_10_2023_01_01.csv,2023-01-01,0.0,high_temperature
2023-01-01 05:37:00,0.0,1.2199,117.87,1.6685,0.0,PVDAQ_10,night_or_low_power,system_10_2023_01_01.csv,2023-01-01,0.0,high_temperature
2023-01-01 05:38:00,0.0,1.1685,117.87,1.6688,0.0,PVDAQ_10,night_or_low_power,system_10_2023_01_01.csv,2023-01-01,0.0,high_temperature
2023-01-01 05:39:00,0.0,1.1764,117.91,1.6688,0.0,PVDAQ_10,night_or_low_power,system_10_2023_01_01.csv,2023-01-01,0.0,high_temperature
2023-01-01 05:40:00,0.0,1.1891,117.93,1.668,0.0,PVDAQ_10,night_or_low_power,system_10_2023_01_01.csv,2023-01-01,0.0,high_temperature
2023-01-01 05:41:00,0.0,1.1938,117.98,1.6683,0.0,PVDAQ_10,night_or_low_power,system_10_2023_01_01.csv,2023-01-01,0.0,high_temperature
2023-01-01 05:42:00,0.0,1.1357,117.98,1.6691,0.0,PVDAQ_10,night_or_low_power,system_10_2023_01_01.csv,2023-01-01,0.0,high_temperature
2023-01-01 05:43:00,0.0,1.1036,118.02,1.668,0.0,PVDAQ_10,night_or_low_power,system_10_2023_01_01.csv,2023-01-01,0.0,high_temperature
2023-01-01 05:44:00,0.0,1.0546,118.0,1.668,0.0,PVDAQ_10,night_or_low_power,system_10_2023_01_01.csv,2023-01-01,0.0,high_temperature
2023-01-01 05:45:00,0.0,1.0282,117.97,1.668,0.0,PVDAQ_10,night_or_low_power,system_10_2023_01_01.csv,2023-01-01,0.0,high_temperature
2023-01-01 05:46:00,0.0,0.98055,118.0,1.6694,0.0,PVDAQ_10,night_or_low_power,system_10_2023_01_01.csv,2023-01-01,0.0,high_temperature
2023-01-01 05:47:00,0.0,0.93632,118.0,1.6688,0.0,PVDAQ_10,night_or_low_power,system_10_2023_01_01.csv,2023-01-01,0.0,high_temperature
2023-01-01 05:48:00,0.0,0.83157,117.96,1.6696,0.0,PVDAQ_10,night_or_low_power,system_10_2023_01_01.csv,2023-01-01,0.0,high_temperature
2023-01-01 05:49:00,0.0,0.5789999999999998,117.96,1.6683,0.0,PVDAQ_10,night_or_low_power,system_10_2023_01_01.csv,2023-01-01,0.0,high_temperature
2023-01-01 05:50:00,0.0,0.44318,117.89,1.668,0.0,PVDAQ_10,night_or_low_power,system_10_2023_01_01.csv,2023-01-01,0.0,high_temperature
2023-01-01 06:02:00,0.0,0.4919299999999999,117.63,1.6688,0.0,PVDAQ_10,night_or_low_power,system_10_2023_01_01.csv,2023-01-01,0.0,high_temperature
2023-01-01 06:03:00,0.0,0.60394,117.61,1.6696,0.0,PVDAQ_10,night_or_low_power,system_10_2023_01_01.csv,2023-01-01,0.0,high_temperature
2023-01-01 06:04:00,0.0,0.53366,117.63,1.6688,0.0,PVDAQ_10,night_or_low_power,system_10_2023_01_01.csv,2023-01-01,0.0,high_temperature
2023-01-01 06:39:00,0.0,0.3411199999999999,117.43,1.6685,0.0,PVDAQ_10,night_or_low_power,system_10_2023_01_01.csv,2023-01-01,0.0,high_temperature
2023-01-01 06:40:00,0.0,0.37112,117.22,1.668,0.0,PVDAQ_10,night_or_low_power,system_10_2023_01_01.csv,2023-01-01,0.0,high_temperature
2023-01-01 06:41:00,0.0,0.3632199999999999,117.22,1.6691,0.0,PVDAQ_10,night_or_low_power,system_10_2023_01_01.csv,2023-01-01,0.0,high_temperature
2023-01-01 06:42:00,0.0,0.3245299999999999,117.23,1.6694,0.0,PVDAQ_10,night_or_low_power,system_10_2023_01_01.csv,2023-01-01,0.0,high_temperature
2023-01-01 06:43:00,0.0,0.31347,117.31,1.6683,0.0,PVDAQ_10,night_or_low_power,system_10_2023_01_01.csv,2023-01-01,0.0,high_temperature
2023-01-01 06:50:00,0.0,0.3192599999999999,117.14,1.6677,0.0,PVDAQ_10,night_or_low_power,system_10_2023_01_01.csv,2023-01-01,0.0,high_temperature
2023-01-01 06:51:00,0.0,0.33189,117.07,1.6691,0.0,PVDAQ_10,night_or_low_power,system_10_2023_01_01.csv,2023-01-01,0.0,high_temperature
2023-01-01 06:52:00,0.0,0.34138,117.05,1.6677,0.0,PVDAQ_10,night_or_low_power,system_10_2023_01_01.csv,2023-01-01,0.0,high_temperature
2023-01-01 06:53:00,0.0,0.32249,117.06,1.6683,0.0,PVDAQ_10,night_or_low_power,system_10_2023_01_01.csv,2023-01-01,0.0,high_temperature
2023-01-01 07:09:00,0.0,0.40855,116.98,1.6694,0.0,PVDAQ_10,night_or_low_power,system_10_2023_01_01.csv,2023-01-01,0.0,high_temperature
2023-01-01 07:10:00,0.0,0.4263199999999999,116.98,1.6685,0.0,PVDAQ_10,night_or_low_power,system_10_2023_01_01.csv,2023-01-01,0.0,high_temperature
2023-01-01 07:11:00,0.0,0.43067,117.0,1.6691,0.0,PVDAQ_10,night_or_low_power,system_10_2023_01_01.csv,2023-01-01,0.0,high_temperature
2023-01-01 07:12:00,0.0,0.3904,116.98,1.6691,0.0,PVDAQ_10,night_or_low_power,system_10_2023_01_01.csv,2023-01-01,0.0,high_temperature
2023-01-01 07:13:00,0.0,0.33083,117.04,1.6685,0.0,PVDAQ_10,night_or_low_power,system_10_2023_01_01.csv,2023-01-01,0.0,high_temperature
2023-01-01 07:19:00,0.54486,0.32722,117.04,1.6694,0.0,PVDAQ_10,night_or_low_power,system_10_2023_01_01.csv,2023-01-01,0.14035529996609114,high_temperature
2023-01-01 07:20:00,1.2804,0.38006,117.12,1.6696,0.0,PVDAQ_10,night_or_low_power,system_10_2023_01_01.csv,2023-01-01,0.34931104100991217,high_temperature
2023-01-01 07:21:00,1.3077,0.36506,117.35,1.6696,0.0,PVDAQ_10,night_or_low_power,system_10_2023_01_01.csv,2023-01-01,0.46146714410206313,high_temperature
2023-01-01 07:22:00,0.5176199999999999,0.3575099999999999,117.43,1.6688,0.0,PVDAQ_10,night_or_low_power,system_10_2023_01_01.csv,2023-01-01,0.46393434121651306,high_temperature
2023-01-01 07:23:00,0.0,0.3497199999999999,117.46,1.6685,0.0,PVDAQ_10,night_or_low_power,system_10_2023_01_01.csv,2023-01-01,0.46393434121651306,high_temperature
2023-01-01 07:24:00,1.7981,0.3442,117.45,1.6685,0.0,PVDAQ_10,night_or_low_power,system_10_2023_01_01.csv,2023-01-01,0.6064631248460991,high_temperature
2023-01-01 07:25:00,2.0433,0.32726,117.48,1.6672,0.0,PVDAQ_10,night_or_low_power,system_10_2023_01_01.csv,2023-01-01,0.7345573119900823,high_temperature
2023-01-01 07:26:00,3.1875,0.31391,117.17,1.6683,0.0,PVDAQ_10,night_or_low_power,system_10_2023_01_01.csv,2023-01-01,0.9943119022136915,high_temperature
2023-01-01 07:28:00,3.8687,0.3244699999999999,117.2,1.6694,0.0,PVDAQ_10,night_or_low_power,system_10_2023_01_01.csv,2023-01-01,1.3725286003952184,high_temperature
2023-01-01 07:35:00,10.516,0.3233099999999999,117.13,1.6688,0.0,PVDAQ_10,night_or_low_power,system_10_2023_01_01.csv,2023-01-01,3.2534286274882382,high_temperature
2023-01-01 07:36:00,11.606,0.33443,117.14,1.6699,0.0,PVDAQ_10,night_or_low_power,system_10_2023_01_01.csv,2023-01-01,3.586284449067958,high_temperature
2023-01-01 08:07:00,59.419,0.3185299999999999,117.08,1.7102,27.865,PVDAQ_10,cloudy,system_10_2023_01_01.csv,2023-01-01,8.880518274772651,high_temperature
2023-01-01 08:08:00,61.054,0.39828,117.12,1.7124,29.418,PVDAQ_10,cloudy,system_10_2023_01_01.csv,2023-01-01,8.882777458709178,high_temperature
2023-01-01 08:09:00,62.799,0.4360999999999999,117.3,1.7154,29.839,PVDAQ_10,cloudy,system_10_2023_01_01.csv,2023-01-01,8.81222472477861,high_temperature
2023-01-01 08:10:00,64.216,0.44635,117.31,1.7179,31.026,PVDAQ_10,cloudy,system_10_2023_01_01.csv,2023-01-01,8.717892843921323,high_temperature
2023-01-01 08:11:00,65.496,0.44872,117.08,1.7168,31.925,PVDAQ_10,cloudy,system_10_2023_01_01.csv,2023-01-01,8.520852571919095,high_temperature
2023-01-01 08:12:00,66.095,0.4527399999999999,117.16,1.7303,34.886,PVDAQ_10,cloudy,system_10_2023_01_01.csv,2023-01-01,8.190899684289539,high_temperature
2023-01-01 08:13:00,67.348,0.44018,117.33,1.7193,36.062,PVDAQ_10,cloudy,system_10_2023_01_01.csv,2023-01-01,7.823977066866717,high_temperature
2023-01-01 08:14:00,68.275,0.41491,117.35,1.7276,23.661,PVDAQ_10,cloudy,system_10_2023_01_01.csv,2023-01-01,7.380774479945085,high_temperature
2023-01-01 08:15:00,68.331,0.3877499999999999,117.34,1.7232,21.331,PVDAQ_10,cloudy,system_10_2023_01_01.csv,2023-01-01,6.8227978257770205,high_temperature
2023-01-01 08:16:00,68.385,0.3987999999999999,117.3,1.7204,36.129,PVDAQ_10,cloudy,system_10_2023_01_01.csv,2023-01-01,6.2487504564245215,high_temperature
2023-01-01 08:17:00,68.276,0.4020099999999999,117.23,1.7212,37.072,PVDAQ_10,cloudy,system_10_2023_01_01.csv,2023-01-01,5.567598779674009,high_temperature
2023-01-01 08:18:00,68.629,0.39853,117.29,1.7212,37.349,PVDAQ_10,cloudy,system_10_2023_01_01.csv,2023-01-01,4.927653461648264,high_temperature
2023-01-01 08:19:00,68.657,0.4119499999999999,117.32,1.7221,37.726,PVDAQ_10,cloudy,system_10_2023_01_01.csv,2023-01-01,4.297854821497055,high_temperature
2023-01-01 08:20:00,69.229,0.4127899999999999,117.28,1.7235,38.369,PVDAQ_10,cloudy,system_10_2023_01_01.csv,2023-01-01,3.684488033182551,high_temperature
2023-01-01 08:21:00,70.399,0.3659299999999999,117.27,1.7226,38.602,PVDAQ_10,cloudy,system_10_2023_01_01.csv,2023-01-01,3.22487157809994,high_temperature
2023-01-01 08:23:00,73.778,0.33438,117.35,1.7295,42.884,PVDAQ_10,cloudy,system_10_2023_01_01.csv,2023-01-01,2.779312414111928,high_temperature
2023-01-01 08:24:00,75.793,0.32906,117.36,1.7348,44.559,PVDAQ_10,cloudy,system_10_2023_01_01.csv,2023-01-01,3.0181112273988333,high_temperature
2023-01-01 08:27:00,82.848,0.33309,117.37,1.7521,52.257,PVDAQ_10,cloudy,system_10_2023_01_01.csv,2023-01-01,5.074128308905507,high_temperature
2023-01-01 08:28:00,84.72799999999998,0.37968,117.35,1.7596,52.379,PVDAQ_10,cloudy,system_10_2023_01_01.csv,2023-01-01,5.8468803240538065,high_temperature
2023-01-01 08:29:00,87.043,0.37347,117.38,1.7618,54.088,PVDAQ_10,cloudy,system_10_2023_01_01.csv,2023-01-01,6.664439081172894,high_temperature
2023-01-01 08:30:00,89.685,0.35552,117.5,1.7659,58.691,PVDAQ_10,cloudy,system_10_2023_01_01.csv,2023-01-01,7.489210123014608,high_temperature
2023-01-01 08:31:00,92.056,0.33261,117.59,1.7759,61.542,PVDAQ_10,cloudy,system_10_2023_01_01.csv,2023-01-01,8.249448173752365,high_temperature
2023-01-01 08:45:00,133.36,0.33337,117.48,1.8885,99.811,PVDAQ_10,cloudy,system_10_2023_01_01.csv,2023-01-01,12.900866760470851,high_temperature
2023-01-01 08:46:00,137.55,0.35469,117.41,1.9122,105.49,PVDAQ_10,cloudy,system_10_2023_01_01.csv,2023-01-01,13.198769049025609,high_temperature
2023-01-01 08:47:00,144.31,0.38199,117.55,1.9365,112.77,PVDAQ_10,cloudy,system_10_2023_01_01.csv,2023-01-01,13.95778890014261,high_temperature
2023-01-01 08:48:00,150.93,0.4192699999999999,117.77,1.966,116.37,PVDAQ_10,cloudy,system_10_2023_01_01.csv,2023-01-01,15.106545317462981,high_temperature
2023-01-01 08:49:00,156.87,0.4516399999999999,117.81,1.9966,125.42,PVDAQ_10,cloudy,system_10_2023_01_01.csv,2023-01-01,16.394043430465548,high_temperature
2023-01-01 08:50:00,161.58,0.48974,117.81,2.009,129.37,PVDAQ_10,cloudy,system_10_2023_01_01.csv,2023-01-01,17.647567564748716,high_temperature
2023-01-01 08:51:00,166.4,0.51509,117.79,2.0358,134.97,PVDAQ_10,cloudy,system_10_2023_01_01.csv,2023-01-01,18.835707907613706,high_temperature
2023-01-01 08:52:00,173.73,0.52851,117.85,2.0744,140.61,PVDAQ_10,cloudy,system_10_2023_01_01.csv,2023-01-01,20.211633024666696,high_temperature
2023-01-01 08:53:00,183.02,0.5395699999999999,117.92,2.1233,152.17,PVDAQ_10,cloudy,system_10_2023_01_01.csv,2023-01-01,21.888898904195297,high_temperature
2023-01-01 08:54:00,184.08,0.56311,117.93,2.131,151.43,PVDAQ_10,cloudy,system_10_2023_01_01.csv,2023-01-01,22.752967404588606,high_temperature
2023-01-01 08:55:00,188.71,0.60496,117.93,2.1594,156.35,PVDAQ_10,cloudy,system_10_2023_01_01.csv,2023-01-01,23.409647543165253,high_temperature
2023-01-01 08:56:00,191.06,0.6446199999999999,117.77,2.1627,157.81,PVDAQ_10,cloudy,system_10_2023_01_01.csv,2023-01-01,23.644241058618885,high_temperature
2023-01-01 08:57:00,191.74,0.6880699999999998,117.76,2.1663,158.29,PVDAQ_10,cloudy,system_10_2023_01_01.csv,2023-01-01,23.41086007654978,high_temperature
2023-01-01 08:58:00,194.11,0.73309,117.75,2.1826,160.55,PVDAQ_10,cloudy,system_10_2023_01_01.csv,2023-01-01,22.74552309691652,high_temperature
2023-01-01 08:59:00,193.13,0.7561799999999999,117.76,2.1785,158.0,PVDAQ_10,cloudy,system_10_2023_01_01.csv,2023-01-01,21.44685786731785,high_temperature
2023-01-01 09:00:00,204.11,0.7672299999999999,117.78,2.2381,170.29,PVDAQ_10,cloudy,system_10_2023_01_01.csv,2023-01-01,20.565878421260678,high_temperature
2023-01-01 09:01:00,191.74,0.7862099999999999,117.74,2.1605,157.52,PVDAQ_10,cloudy,system_10_2023_01_01.csv,2023-01-01,18.185250381244444,high_temperature
2023-01-01 09:02:00,181.99,0.78808,117.51,2.1045,146.21,PVDAQ_10,cloudy,system_10_2023_01_01.csv,2023-01-01,15.557189426664515,high_temperature
2023-01-01 09:03:00,174.44,0.7896699999999999,117.42,2.0744,139.98,PVDAQ_10,cloudy,system_10_2023_01_01.csv,2023-01-01,13.35233819366759,high_temperature
2023-01-01 09:04:00,177.77,0.79666,117.38,2.0874,143.21,PVDAQ_10,cloudy,system_10_2023_01_01.csv,2023-01-01,11.447226405594119,high_temperature
2023-01-01 09:05:00,182.15,0.82062,117.44,2.12,147.79,PVDAQ_10,cloudy,system_10_2023_01_01.csv,2023-01-01,9.686731130777748,high_temperature
2023-01-01 09:06:00,183.19,0.84116,117.52,2.1216,148.8,PVDAQ_10,cloudy,system_10_2023_01_01.csv,2023-01-01,8.216108625886077,high_temperature
2023-01-01 09:07:00,189.64,0.8443899999999999,117.79,2.166,156.03,PVDAQ_10,cloudy,system_10_2023_01_01.csv,2023-01-01,7.46582997012627,high_temperature
2023-01-01 09:08:00,200.03,0.86372,117.78,2.2226,168.49,PVDAQ_10,cloudy,system_10_2023_01_01.csv,2023-01-01,8.025210099607083,high_temperature
2023-01-01 09:09:00,207.17,0.90005,117.85,2.2637,174.76,PVDAQ_10,cloudy,system_10_2023_01_01.csv,2023-01-01,9.234812138753743,high_temperature
2023-01-01 09:10:00,215.86,0.93414,117.88,2.3076,182.33,PVDAQ_10,cloudy,system_10_2023_01_01.csv,2023-01-01,11.365143997997396,high_temperature
2023-01-01 09:11:00,216.07,0.959,117.89,2.3109,182.21,PVDAQ_10,cloudy,system_10_2023_01_01.csv,2023-01-01,12.959684997640693,high_temperature
2023-01-01 09:12:00,215.39,0.96137,117.82,2.3062,179.76,PVDAQ_10,cloudy,system_10_2023_01_01.csv,2023-01-01,14.112092821743403,high_temperature
2023-01-01 09:13:00,208.12,0.94363,117.59,2.2601,173.91,PVDAQ_10,cloudy,system_10_2023_01_01.csv,2023-01-01,14.498841168799425,high_temperature
2023-01-01 09:14:00,205.96,0.91526,117.53,2.2488,172.78,PVDAQ_10,cloudy,system_10_2023_01_01.csv,2023-01-01,14.691231041808146,high_temperature
2023-01-01 09:15:00,208.11,0.9437,117.59,2.2717,175.0,PVDAQ_10,cloudy,system_10_2023_01_01.csv,2023-01-01,14.866539066289151,high_temperature
2023-01-01 09:16:00,203.13,0.95733,117.52,2.2267,168.62,PVDAQ_10,cloudy,system_10_2023_01_01.csv,2023-01-01,14.859970614595586,high_temperature
2023-01-01 09:17:00,181.5,0.96394,117.4,2.1051,146.34,PVDAQ_10,cloudy,system_10_2023_01_01.csv,2023-01-01,14.898015304059049,high_temperature
2023-01-01 09:18:00,173.3,0.97737,117.37,2.0708,137.45,PVDAQ_10,cloudy,system_10_2023_01_01.csv,2023-01-01,15.02858790058773,high_temperature
2023-01-01 09:19:00,173.17,0.98857,117.62,2.0708,138.5,PVDAQ_10,cloudy,system_10_2023_01_01.csv,2023-01-01,15.506410870837128,high_temperature
2023-01-01 09:20:00,171.04,0.99431,117.58,2.0598,136.26,PVDAQ_10,cloudy,system_10_2023_01_01.csv,2023-01-01,16.524857408792677,high_temperature
2023-01-01 09:21:00,166.52,0.9951,117.5,2.035,131.43,PVDAQ_10,cloudy,system_10_2023_01_01.csv,2023-01-01,17.99881324130055,high_temperature
2023-01-01 09:22:00,163.74,1.0047,117.46,2.0245,128.87,PVDAQ_10,cloudy,system_10_2023_01_01.csv,2023-01-01,19.773190893106154,high_temperature
2023-01-01 09:23:00,161.36,1.0237,117.47,2.0162,125.59,PVDAQ_10,cloudy,system_10_2023_01_01.csv,2023-01-01,21.378286202414802,high_temperature
2023-01-01 09:24:00,160.22,1.0521,117.51,2.0043,126.6,PVDAQ_10,cloudy,system_10_2023_01_01.csv,2023-01-01,22.315075130844097,high_temperature
2023-01-01 09:25:00,160.06,1.0739,117.49,2.0085,124.09,PVDAQ_10,cloudy,system_10_2023_01_01.csv,2023-01-01,22.029735899676663,high_temperature
2023-01-01 09:26:00,159.24,1.0942,117.48,2.0027,123.56,PVDAQ_10,cloudy,system_10_2023_01_01.csv,2023-01-01,21.081241085720382,high_temperature
2023-01-01 09:27:00,159.59,1.1273,117.47,1.998,125.05,PVDAQ_10,cloudy,system_10_2023_01_01.csv,2023-01-01,19.381877691728494,high_temperature
2023-01-01 09:28:00,158.88,1.1491,117.39,1.9944,121.83,PVDAQ_10,cloudy,system_10_2023_01_01.csv,2023-01-01,17.844238712763158,high_temperature
2023-01-01 09:29:00,158.28,1.1466,117.39,1.9963,122.67,PVDAQ_10,cloudy,system_10_2023_01_01.csv,2023-01-01,15.8235364778752,high_temperature
2023-01-01 09:30:00,157.3,1.1458,117.32,1.9922,123.04,PVDAQ_10,cloudy,system_10_2023_01_01.csv,2023-01-01,12.239670786110288,high_temperature
2023-01-01 09:31:00,155.91,1.1492,117.38,1.9883,121.55,PVDAQ_10,cloudy,system_10_2023_01_01.csv,2023-01-01,7.468820395164086,high_temperature
2023-01-01 09:32:00,155.09,1.1762,117.38,1.9801,120.53,PVDAQ_10,cloudy,system_10_2023_01_01.csv,2023-01-01,6.023715828368179,high_temperature
2023-01-01 09:33:00,154.46,1.2078,117.34,1.9837,120.01,PVDAQ_10,cloudy,system_10_2023_01_01.csv,2023-01-01,5.495355788124748,high_temperature
2023-01-01 09:34:00,154.62,1.2231,117.35,1.9861,120.71,PVDAQ_10,cloudy,system_10_2023_01_01.csv,2023-01-01,4.567698388839779,high_temperature
2023-01-01 09:35:00,155.03,1.2498,117.39,1.9881,120.4,PVDAQ_10,cloudy,system_10_2023_01_01.csv,2023-01-01,3.4841327403475755,high_temperature
2023-01-01 09:36:00,156.12,1.2704,117.35,1.9864,123.03,PVDAQ_10,cloudy,system_10_2023_01_01.csv,2023-01-01,2.777004209743538,high_temperature
2023-01-01 09:37:00,157.48,1.2817,117.36,2.0055,123.27,PVDAQ_10,cloudy,system_10_2023_01_01.csv,2023-01-01,2.2770808380112655,high_temperature
2023-01-01 09:38:00,159.36,1.2871,117.34,2.006,126.33,PVDAQ_10,cloudy,system_10_2023_01_01.csv,2023-01-01,2.090603011660007,high_temperature
2023-01-01 09:39:00,161.51,1.2879,117.31,2.014,127.85,PVDAQ_10,cloudy,system_10_2023_01_01.csv,2023-01-01,2.234588062597833,high_temperature
2023-01-01 09:40:00,162.71,1.2957,117.35,2.017,129.77,PVDAQ_10,cloudy,system_10_2023_01_01.csv,2023-01-01,2.533740506121708,high_temperature
2023-01-01 09:41:00,162.79,1.2894,117.34,2.0239,128.91,PVDAQ_10,cloudy,system_10_2023_01_01.csv,2023-01-01,2.8351900918851602,high_temperature
2023-01-01 09:42:00,164.72,1.2981,117.32,2.0377,130.64,PVDAQ_10,cloudy,system_10_2023_01_01.csv,2023-01-01,3.316701890214485,high_temperature
2023-01-01 09:43:00,167.56,1.2877,117.38,2.0471,132.87,PVDAQ_10,cloudy,system_10_2023_01_01.csv,2023-01-01,4.094188331674421,high_temperature
2023-01-01 09:44:00,167.94,1.2956,117.38,2.0493,134.05,PVDAQ_10,cloudy,system_10_2023_01_01.csv,2023-01-01,4.709494462807975,high_temperature
2023-01-01 09:45:00,167.04,1.3153,117.43,2.0482,132.86,PVDAQ_10,cloudy,system_10_2023_01_01.csv,2023-01-01,5.043156324591435,high_temperature
2023-01-01 09:46:00,166.57,1.3497,117.4,2.0493,133.17,PVDAQ_10,cloudy,system_10_2023_01_01.csv,2023-01-01,5.1519977632333855,high_temperature
2023-01-01 09:47:00,166.44,1.3821,117.06,2.0518,133.99,PVDAQ_10,cloudy,system_10_2023_01_01.csv,2023-01-01,5.075903391326128,high_temperature
2023-01-01 09:48:00,164.72,1.3924,117.07,2.043,131.48,PVDAQ_10,cloudy,system_10_2023_01_01.csv,2023-01-01,4.720512179634335,high_temperature
2023-01-01 09:49:00,162.7,1.3882,117.1,2.0306,129.43,PVDAQ_10,cloudy,system_10_2023_01_01.csv,2023-01-01,4.21453234144949,high_temperature
2023-01-01 09:50:00,160.77,1.3858,117.16,2.0228,126.9,PVDAQ_10,cloudy,system_10_2023_01_01.csv,2023-01-01,3.680987574522683,high_temperature
2023-01-01 09:51:00,160.09,1.3866,117.17,2.0226,126.97,PVDAQ_10,cloudy,system_10_2023_01_01.csv,2023-01-01,3.2509639596045248,high_temperature
2023-01-01 09:52:00,159.9,1.3994,117.2,2.0148,126.86,PVDAQ_10,cloudy,system_10_2023_01_01.csv,2023-01-01,2.979982901833321,high_temperature
2023-01-01 09:53:00,160.28,1.4334,117.19,2.0206,128.11,PVDAQ_10,cloudy,system_10_2023_01_01.csv,2023-01-01,2.8934897368270924,high_temperature
2023-01-01 09:54:00,161.48,1.4579,117.17,2.0272,129.97,PVDAQ_10,cloudy,system_10_2023_01_01.csv,2023-01-01,2.895133354931686,high_temperature
2023-01-01 09:55:00,162.78,1.5047,117.11,2.03,130.47,PVDAQ_10,cloudy,system_10_2023_01_01.csv,2023-01-01,2.8934553408519488,high_temperature
2023-01-01 09:56:00,163.87,1.5545,117.15,2.0427,131.92,PVDAQ_10,cloudy,system_10_2023_01_01.csv,2023-01-01,2.8821109988174762,high_temperature
2023-01-01 09:57:00,165.48,1.6059,117.15,2.0479,132.93,PVDAQ_10,cloudy,system_10_2023_01_01.csv,2023-01-01,2.9061950250783912,high_temperature
2023-01-01 09:58:00,166.62,1.6414,117.11,2.046,136.17,PVDAQ_10,cloudy,system_10_2023_01_01.csv,2023-01-01,2.829401417426174,high_temperature
2023-01-01 09:59:00,167.88,1.6896,117.1,2.0626,134.44,PVDAQ_10,cloudy,system_10_2023_01_01.csv,2023-01-01,2.8231336860844305,high_temperature
2023-01-01 10:00:00,169.07,1.7413,117.14,2.0684,138.23,PVDAQ_10,cloudy,system_10_2023_01_01.csv,2023-01-01,3.0317910783624282,high_temperature
2023-01-01 10:01:00,170.54,1.7416,117.33,2.0794,138.54,PVDAQ_10,cloudy,system_10_2023_01_01.csv,2023-01-01,3.427985386419363,high_temperature
2023-01-01 10:02:00,172.48,1.6768,117.32,2.0827,140.38,PVDAQ_10,cloudy,system_10_2023_01_01.csv,2023-01-01,4.017194235258043,high_temperature
2023-01-01 10:03:00,174.36,1.6298,117.35,2.0943,140.32,PVDAQ_10,cloudy,system_10_2023_01_01.csv,2023-01-01,4.746538588425208,high_temperature
2023-01-01 10:04:00,176.37,1.5898,117.25,2.1062,143.16,PVDAQ_10,cloudy,system_10_2023_01_01.csv,2023-01-01,5.483279606045663,high_temperature
2023-01-01 10:05:00,179.69,1.5416,117.14,2.1285,148.2,PVDAQ_10,cloudy,system_10_2023_01_01.csv,2023-01-01,6.280116544261331,high_temperature
2023-01-01 10:06:00,183.13,1.5157,117.1,2.1407,150.05,PVDAQ_10,cloudy,system_10_2023_01_01.csv,2023-01-01,7.126927675739328,high_temperature
2023-01-01 10:07:00,186.07,1.5246,117.04,2.1627,154.3,PVDAQ_10,cloudy,system_10_2023_01_01.csv,2023-01-01,7.918125379393195,high_temperature
2023-01-01 10:08:00,189.96,1.5531,117.08,2.1798,158.2,PVDAQ_10,cloudy,system_10_2023_01_01.csv,2023-01-01,8.795214770380769,high_temperature
2023-01-01 10:09:00,196.33,1.6066,117.22,2.2207,164.64,PVDAQ_10,cloudy,system_10_2023_01_01.csv,2023-01-01,10.13426709356877,high_temperature
2023-01-01 10:10:00,204.67,1.6846,117.47,2.2653,173.82,PVDAQ_10,cloudy,system_10_2023_01_01.csv,2023-01-01,12.11230024160723,high_temperature
2023-01-01 10:11:00,215.43,1.7376,117.48,2.3312,183.78,PVDAQ_10,cloudy,system_10_2023_01_01.csv,2023-01-01,14.885161291254065,high_temperature
2023-01-01 10:12:00,236.95,1.7418,117.5,2.4565,206.06,PVDAQ_10,cloudy,system_10_2023_01_01.csv,2023-01-01,20.038540366004256,high_temperature
2023-01-01 10:13:00,260.29,1.7088,117.56,2.585,225.58,PVDAQ_10,moderate,system_10_2023_01_01.csv,2023-01-01,26.973141897255985,high_temperature
2023-01-01 10:14:00,297.82,1.6748,117.45,2.8433,263.06,PVDAQ_10,moderate,system_10_2023_01_01.csv,2023-01-01,37.43603009833965,high_temperature
2023-01-01 10:15:00,339.85,1.6918,117.48,3.1768,308.68,PVDAQ_10,moderate,system_10_2023_01_01.csv,2023-01-01,50.693545160625376,high_temperature
2023-01-01 10:16:00,351.78,1.7438,117.47,3.2805,323.68,PVDAQ_10,moderate,system_10_2023_01_01.csv,2023-01-01,60.65837603999555,high_temperature
2023-01-01 10:17:00,330.81,1.845,117.45,3.1169,301.46,PVDAQ_10,moderate,system_10_2023_01_01.csv,2023-01-01,64.63392889040173,high_temperature
2023-01-01 10:18:00,318.55,1.8896,117.6,3.0068,284.82,PVDAQ_10,moderate,system_10_2023_01_01.csv,2023-01-01,65.70041037778613,high_temperature
2023-01-01 10:19:00,315.8,1.9221,117.69,3.0068,285.51,PVDAQ_10,moderate,system_10_2023_01_01.csv,2023-01-01,65.23246429574175,high_temperature
2023-01-01 10:20:00,314.06,1.945,117.68,2.9524,279.66,PVDAQ_10,moderate,system_10_2023_01_01.csv,2023-01-01,63.5310956109195,high_temperature
2023-01-01 10:21:00,312.67,1.9922,117.55,2.9469,277.12,PVDAQ_10,moderate,system_10_2023_01_01.csv,2023-01-01,60.67268042145326,high_temperature
2023-01-01 10:22:00,316.53,2.0872,117.41,2.9819,282.39,PVDAQ_10,moderate,system_10_2023_01_01.csv,2023-01-01,56.79323161383622,high_temperature
2023-01-01 10:23:00,322.39,2.1386,117.45,3.0338,289.91,PVDAQ_10,moderate,system_10_2023_01_01.csv,2023-01-01,51.8587644977981,high_temperature
2023-01-01 10:24:00,333.37,2.0279,117.44,3.1248,301.83,PVDAQ_10,moderate,system_10_2023_01_01.csv,2023-01-01,46.13579488340698,high_temperature
2023-01-01 10:25:00,340.78,1.941,117.51,3.1612,306.73,PVDAQ_10,moderate,system_10_2023_01_01.csv,2023-01-01,39.3393076536263,high_temperature
2023-01-01 10:26:00,331.38,2.0375,117.63,3.0696,295.36,PVDAQ_10,moderate,system_10_2023_01_01.csv,2023-01-01,30.410295452754248,high_temperature
2023-01-01 10:27:00,323.34,2.1515,117.58,3.0175,287.51,PVDAQ_10,moderate,system_10_2023_01_01.csv,2023-01-01,21.46409134211963,high_temperature
2023-01-01 10:28:00,323.37,2.2448,117.53,3.0219,287.68,PVDAQ_10,moderate,system_10_2023_01_01.csv,2023-01-01,13.49992839487179,high_temperature
2023-01-01 10:29:00,300.14,2.3413,117.28,2.8563,263.57,PVDAQ_10,moderate,system_10_2023_01_01.csv,2023-01-01,13.17778064990998,high_temperature
2023-01-01 10:30:00,295.45,2.4592,117.26,2.8229,261.34,PVDAQ_10,moderate,system_10_2023_01_01.csv,2023-01-01,14.519309900955982,high_temperature
2023-01-01 10:31:00,289.0,2.5858,117.23,2.7837,252.14,PVDAQ_10,moderate,system_10_2023_01_01.csv,2023-01-01,14.378200496717493,high_temperature
2023-01-01 10:32:00,277.61,2.7394,117.22,2.6974,241.22,PVDAQ_10,moderate,system_10_2023_01_01.csv,2023-01-01,17.22972962228774,high_temperature
2023-01-01 10:33:00,265.43,2.8435,117.1,2.6193,228.07,PVDAQ_10,moderate,system_10_2023_01_01.csv,2023-01-01,21.276687398809578,high_temperature
2023-01-01 10:34:00,256.09,2.9322,117.04,2.5534,218.71,PVDAQ_10,moderate,system_10_2023_01_01.csv,2023-01-01,25.44300178831096,high_temperature
2023-01-01 10:35:00,247.67,3.0216,117.02,2.5045,209.03,PVDAQ_10,cloudy,system_10_2023_01_01.csv,2023-01-01,29.531101812931183,high_temperature
2023-01-01 10:36:00,247.84,3.0288,117.07,2.5031,211.59,PVDAQ_10,cloudy,system_10_2023_01_01.csv,2023-01-01,32.5066880590967,high_temperature
2023-01-01 10:37:00,255.11,2.9028,117.32,2.5462,216.34,PVDAQ_10,moderate,system_10_2023_01_01.csv,2023-01-01,33.84996030102462,high_temperature
2023-01-01 10:38:00,263.83,2.8506,117.45,2.6049,228.66,PVDAQ_10,moderate,system_10_2023_01_01.csv,2023-01-01,33.70995369464674,high_temperature
2023-01-01 10:39:00,271.04,2.8887,117.46,2.6504,234.44,PVDAQ_10,moderate,system_10_2023_01_01.csv,2023-01-01,31.77148748709833,high_temperature
2023-01-01 10:40:00,279.95,2.9663,117.41,2.7172,244.67,PVDAQ_10,moderate,system_10_2023_01_01.csv,2023-01-01,27.909905478333524,high_temperature
2023-01-01 10:41:00,291.12,3.0489,117.32,2.7978,255.78,PVDAQ_10,moderate,system_10_2023_01_01.csv,2023-01-01,24.534887250218606,high_temperature
2023-01-01 10:42:00,303.13,3.0856,117.33,2.8772,268.48,PVDAQ_10,moderate,system_10_2023_01_01.csv,2023-01-01,22.39547749839104,high_temperature
2023-01-01 10:43:00,306.37,2.9953,117.37,2.888,271.77,PVDAQ_10,moderate,system_10_2023_01_01.csv,2023-01-01,20.251381681257865,high_temperature
2023-01-01 10:44:00,316.91,2.9125,117.34,2.9749,282.21,PVDAQ_10,moderate,system_10_2023_01_01.csv,2023-01-01,22.025845208364743,high_temperature
2023-01-01 10:45:00,330.86,2.9183,117.38,3.1021,296.91,PVDAQ_10,moderate,system_10_2023_01_01.csv,2023-01-01,25.654718994108173,high_temperature
2023-01-01 10:46:00,344.88,2.9491,117.42,3.2017,312.42,PVDAQ_10,moderate,system_10_2023_01_01.csv,2023-01-01,30.61272373190114,high_temperature
2023-01-01 10:47:00,344.34,2.9762,117.61,3.2074,310.54,PVDAQ_10,moderate,system_10_2023_01_01.csv,2023-01-01,34.27033929271908,high_temperature
2023-01-01 10:48:00,357.96,3.0358,117.64,3.3086,326.25,PVDAQ_10,moderate,system_10_2023_01_01.csv,2023-01-01,37.98516113782668,high_temperature
2023-01-01 10:49:00,360.03,3.1063,117.66,3.3047,325.94,PVDAQ_10,moderate,system_10_2023_01_01.csv,2023-01-01,39.91453001936336,high_temperature
2023-01-01 10:50:00,361.85,3.1727,117.62,3.332,329.44,PVDAQ_10,moderate,system_10_2023_01_01.csv,2023-01-01,39.822748679378556,high_temperature
2023-01-01 10:51:00,371.27,3.2074,117.42,3.4064,336.59,PVDAQ_10,moderate,system_10_2023_01_01.csv,2023-01-01,39.023473460884766,high_temperature
2023-01-01 10:52:00,381.51,3.2407,117.46,3.4715,343.68,PVDAQ_10,moderate,system_10_2023_01_01.csv,2023-01-01,38.28853185261314,high_temperature
2023-01-01 10:53:00,380.56,3.2697,117.42,3.4569,342.44,PVDAQ_10,moderate,system_10_2023_01_01.csv,2023-01-01,36.649397812242455,high_temperature
2023-01-01 10:54:00,386.74,3.3421,117.55,3.4982,350.77,PVDAQ_10,moderate,system_10_2023_01_01.csv,2023-01-01,34.6991329382547,high_temperature
2023-01-01 10:55:00,383.61,3.4214,117.77,3.4607,347.24,PVDAQ_10,moderate,system_10_2023_01_01.csv,2023-01-01,31.841449356818945,high_temperature
2023-01-01 10:56:00,376.3,3.4877,117.75,3.3829,339.19,PVDAQ_10,moderate,system_10_2023_01_01.csv,2023-01-01,28.363948412092075,high_temperature
2023-01-01 10:57:00,381.28,3.5117,117.75,3.4228,343.44,PVDAQ_10,moderate,system_10_2023_01_01.csv,2023-01-01,25.426105220160633,high_temperature
2023-01-01 10:58:00,385.97,3.5435,117.49,3.47,346.72,PVDAQ_10,moderate,system_10_2023_01_01.csv,2023-01-01,21.698410036112175,high_temperature
2023-01-01 10:59:00,399.14,3.6095,117.48,3.5414,357.49,PVDAQ_10,moderate,system_10_2023_01_01.csv,2023-01-01,19.111397372348982,high_temperature
2023-01-01 11:00:00,416.98,3.7182,117.51,3.6415,372.68,PVDAQ_10,moderate,system_10_2023_01_01.csv,2023-01-01,19.524088003821678,high_temperature
2023-01-01 11:01:00,444.84,3.796,117.57,3.9262,407.8,PVDAQ_10,moderate,system_10_2023_01_01.csv,2023-01-01,24.701133827842327,high_temperature
2023-01-01 11:02:00,488.95,3.811,117.67,4.2051,442.6,PVDAQ_10,moderate,system_10_2023_01_01.csv,2023-01-01,34.971462542778795,high_temperature
2023-01-01 11:03:00,529.64,3.8178,117.75,4.5168,482.65,PVDAQ_10,moderate,system_10_2023_01_01.csv,2023-01-01,48.559285395228684,high_temperature
2023-01-01 11:04:00,636.15,3.8535,118.28,5.3087,583.91,PVDAQ_10,sunny,system_10_2023_01_01.csv,2023-01-01,75.7376244927814,high_temperature
2023-01-01 11:05:00,624.63,3.8691,118.37,5.1518,563.86,PVDAQ_10,sunny,system_10_2023_01_01.csv,2023-01-01,89.97083351736588,high_temperature
2023-01-01 11:06:00,671.71,3.8904,118.44,5.4618,603.15,PVDAQ_10,sunny,system_10_2023_01_01.csv,2023-01-01,105.8207851218728,high_temperature
2023-01-01 11:07:00,676.61,3.9937,118.38,5.5465,611.55,PVDAQ_10,sunny,system_10_2023_01_01.csv,2023-01-01,117.16835194344468,high_temperature
2023-01-01 11:08:00,662.06,4.1363,118.18,5.4714,602.11,PVDAQ_10,sunny,system_10_2023_01_01.csv,2023-01-01,122.70946205609127,high_temperature
2023-01-01 11:09:00,668.74,4.304,118.23,5.4901,605.92,PVDAQ_10,sunny,system_10_2023_01_01.csv,2023-01-01,126.06149097431276,high_temperature
2023-01-01 11:10:00,630.01,4.3215,118.04,5.2019,567.18,PVDAQ_10,sunny,system_10_2023_01_01.csv,2023-01-01,123.54509584223383,high_temperature
2023-01-01 11:11:00,625.24,4.309,117.96,5.16,562.55,PVDAQ_10,sunny,system_10_2023_01_01.csv,2023-01-01,117.58748759156019,high_temperature
2023-01-01 11:12:00,606.48,4.3925,117.9,5.0278,545.02,PVDAQ_10,sunny,system_10_2023_01_01.csv,2023-01-01,108.61455615857342,high_temperature
2023-01-01 11:13:00,601.65,4.4807,118.17,4.9748,539.0,PVDAQ_10,sunny,system_10_2023_01_01.csv,2023-01-01,96.94466064031974,high_temperature
2023-01-01 11:14:00,607.45,4.4673,118.23,5.0088,546.0,PVDAQ_10,sunny,system_10_2023_01_01.csv,2023-01-01,83.32506255337528,high_temperature
2023-01-01 11:15:00,552.98,4.3869,118.12,4.5724,491.32,PVDAQ_10,moderate,system_10_2023_01_01.csv,2023-01-01,69.0022839649605,high_temperature
2023-01-01 11:16:00,519.0,4.224,117.89,4.3442,461.25,PVDAQ_10,moderate,system_10_2023_01_01.csv,2023-01-01,58.864116970075756,high_temperature
2023-01-01 11:17:00,513.98,4.1507,117.97,4.3053,456.74,PVDAQ_10,moderate,system_10_2023_01_01.csv,2023-01-01,55.5474565702937,high_temperature
2023-01-01 11:18:00,505.75,4.1261,117.97,4.2402,449.71,PVDAQ_10,moderate,system_10_2023_01_01.csv,2023-01-01,58.24466026619008,high_temperature
2023-01-01 11:19:00,501.45,4.1244,117.95,4.187,439.97,PVDAQ_10,moderate,system_10_2023_01_01.csv,2023-01-01,63.543945813302294,high_temperature
2023-01-01 11:20:00,467.79,4.0815,117.94,3.9564,412.48,PVDAQ_10,moderate,system_10_2023_01_01.csv,2023-01-01,71.25806707881998,high_temperature
2023-01-01 11:21:00,478.87,3.9862,117.9,4.0606,426.85,PVDAQ_10,moderate,system_10_2023_01_01.csv,2023-01-01,72.3467998568277,high_temperature
2023-01-01 11:22:00,519.83,3.8444,118.02,4.3939,467.95,PVDAQ_10,moderate,system_10_2023_01_01.csv,2023-01-01,67.72435243234905,high_temperature
2023-01-01 11:23:00,479.01,3.6491,117.86,4.0463,423.06,PVDAQ_10,moderate,system_10_2023_01_01.csv,2023-01-01,65.25619162741839,high_temperature
2023-01-01 11:24:00,475.38,3.3993,117.85,4.0165,419.35,PVDAQ_10,moderate,system_10_2023_01_01.csv,2023-01-01,59.35451130605835,high_temperature
2023-01-01 11:25:00,483.06,3.3796,117.88,3.9594,414.82,PVDAQ_10,moderate,system_10_2023_01_01.csv,2023-01-01,55.243427775446754,high_temperature
2023-01-01 11:26:00,500.63,3.3484,117.88,4.0457,422.36,PVDAQ_10,moderate,system_10_2023_01_01.csv,2023-01-01,48.75724539076507,high_temperature
2023-01-01 11:27:00,525.33,3.2588,117.99,4.2584,450.4,PVDAQ_10,moderate,system_10_2023_01_01.csv,2023-01-01,42.70862817923822,high_temperature
2023-01-01 11:28:00,539.24,3.2653,118.03,4.347,461.41,PVDAQ_10,moderate,system_10_2023_01_01.csv,2023-01-01,36.26848842150703,high_temperature
2023-01-01 11:29:00,508.58,3.168,118.01,4.1624,438.24,PVDAQ_10,moderate,system_10_2023_01_01.csv,2023-01-01,24.683470428223515,high_temperature
2023-01-01 11:30:00,530.75,3.1109,118.17,4.4697,476.94,PVDAQ_10,moderate,system_10_2023_01_01.csv,2023-01-01,22.112791277793708,high_temperature
2023-01-01 11:31:00,553.05,3.1111,118.48,4.5651,488.48,PVDAQ_10,moderate,system_10_2023_01_01.csv,2023-01-01,25.35574819773021,high_temperature
2023-01-01 11:32:00,537.99,3.0584,118.08,4.4609,475.74,PVDAQ_10,moderate,system_10_2023_01_01.csv,2023-01-01,26.653079371810552,high_temperature
2023-01-01 11:33:00,512.45,3.0956,117.99,4.2874,455.87,PVDAQ_10,moderate,system_10_2023_01_01.csv,2023-01-01,26.684710300274148,high_temperature
2023-01-01 11:34:00,493.6,3.1666,117.96,4.1952,441.95,PVDAQ_10,moderate,system_10_2023_01_01.csv,2023-01-01,26.88930282968861,high_temperature
2023-01-01 11:35:00,499.56,3.2716,118.0,4.2669,452.0,PVDAQ_10,moderate,system_10_2023_01_01.csv,2023-01-01,24.742607804199125,high_temperature
2023-01-01 11:36:00,527.42,3.3406,118.15,4.47,477.31,PVDAQ_10,moderate,system_10_2023_01_01.csv,2023-01-01,23.649236532528153,high_temperature
2023-01-01 11:37:00,530.62,3.3511,118.38,4.4815,479.95,PVDAQ_10,moderate,system_10_2023_01_01.csv,2023-01-01,24.052300117710505,high_temperature
2023-01-01 11:38:00,492.52,3.2842,118.13,4.1685,441.32,PVDAQ_10,moderate,system_10_2023_01_01.csv,2023-01-01,22.90994487740532,high_temperature
2023-01-01 11:39:00,455.97,3.174,117.94,3.9387,407.29,PVDAQ_10,moderate,system_10_2023_01_01.csv,2023-01-01,25.634022927129617,high_temperature
2023-01-01 11:40:00,448.55,3.1815,117.96,3.8581,399.71,PVDAQ_10,moderate,system_10_2023_01_01.csv,2023-01-01,29.710487678516365,high_temperature
2023-01-01 11:41:00,419.14,3.2106,117.86,3.6322,369.98,PVDAQ_10,moderate,system_10_2023_01_01.csv,2023-01-01,37.93889332422205,high_temperature
2023-01-01 11:42:00,418.3,3.2954,118.01,3.5591,362.39,PVDAQ_10,moderate,system_10_2023_01_01.csv,2023-01-01,43.496829846170385,high_temperature
2023-01-01 11:43:00,446.42,3.3307,118.14,3.8716,400.4,PVDAQ_10,moderate,system_10_2023_01_01.csv,2023-01-01,43.78931521120988,high_temperature
2023-01-01 11:44:00,482.79,3.3054,118.31,4.1636,438.68,PVDAQ_10,moderate,system_10_2023_01_01.csv,2023-01-01,43.58339742870674,high_temperature
2023-01-01 11:45:00,576.36,3.334,118.63,4.8488,526.05,PVDAQ_10,moderate,system_10_2023_01_01.csv,2023-01-01,48.00094381016583,high_temperature
2023-01-01 11:46:00,582.7,3.3574,118.53,4.886,533.54,PVDAQ_10,moderate,system_10_2023_01_01.csv,2023-01-01,51.157861910346945,high_temperature
2023-01-01 11:47:00,602.0,3.316,118.61,5.0351,549.25,PVDAQ_10,sunny,system_10_2023_01_01.csv,2023-01-01,57.3041320707415,high_temperature
2023-01-01 11:48:00,584.19,3.3866,118.5,4.8964,532.79,PVDAQ_10,moderate,system_10_2023_01_01.csv,2023-01-01,61.3383431080277,high_temperature
2023-01-01 11:49:00,581.8,3.4092,118.29,4.8853,529.82,PVDAQ_10,moderate,system_10_2023_01_01.csv,2023-01-01,64.41933510397426,high_temperature
2023-01-01 11:50:00,535.15,3.4117,118.1,4.4795,476.1,PVDAQ_10,moderate,system_10_2023_01_01.csv,2023-01-01,64.66665802405467,high_temperature
2023-01-01 11:51:00,552.23,3.3427,118.15,4.6974,506.98,PVDAQ_10,moderate,system_10_2023_01_01.csv,2023-01-01,65.39523440478808,high_temperature
2023-01-01 11:52:00,551.29,3.3824,118.16,4.6524,501.04,PVDAQ_10,moderate,system_10_2023_01_01.csv,2023-01-01,65.98745690334994,high_temperature
2023-01-01 11:53:00,516.17,3.4379,118.31,4.3559,463.54,PVDAQ_10,moderate,system_10_2023_01_01.csv,2023-01-01,65.68629270649886,high_temperature
2023-01-01 11:54:00,500.54,3.4244,118.3,4.2547,451.8,PVDAQ_10,moderate,system_10_2023_01_01.csv,2023-01-01,63.713092307849955,high_temperature
2023-01-01 11:55:00,517.71,3.4038,118.35,4.3848,465.96,PVDAQ_10,moderate,system_10_2023_01_01.csv,2023-01-01,60.61243171244063,high_temperature
2023-01-01 11:56:00,529.53,3.3816,118.38,4.4761,480.44,PVDAQ_10,moderate,system_10_2023_01_01.csv,2023-01-01,53.1552719062617,high_temperature
2023-01-01 11:57:00,560.02,3.3824,118.39,4.7066,505.92,PVDAQ_10,moderate,system_10_2023_01_01.csv,2023-01-01,43.20094873296904,high_temperature
2023-01-01 11:58:00,560.46,3.3042,118.36,4.6658,505.43,PVDAQ_10,moderate,system_10_2023_01_01.csv,2023-01-01,34.47101670071545,high_temperature
2023-01-01 11:59:00,531.76,3.2622,118.2,4.4658,477.0,PVDAQ_10,moderate,system_10_2023_01_01.csv,2023-01-01,29.76400881857876,high_temperature
2023-01-01 12:00:00,554.99,3.2654,118.17,4.6178,496.09,PVDAQ_10,moderate,system_10_2023_01_01.csv,2023-01-01,29.023481495080674,high_temperature
2023-01-01 12:01:00,574.32,3.2193,118.15,4.6611,501.66,PVDAQ_10,moderate,system_10_2023_01_01.csv,2023-01-01,28.43833197841142,high_temperature
2023-01-01 12:02:00,558.64,3.2471,118.16,4.5554,489.52,PVDAQ_10,moderate,system_10_2023_01_01.csv,2023-01-01,24.756153828513064,high_temperature
2023-01-01 12:03:00,574.37,3.2511,118.23,4.7352,512.64,PVDAQ_10,moderate,system_10_2023_01_01.csv,2023-01-01,23.821820089594357,high_temperature
2023-01-01 12:04:00,656.97,3.2548,118.4,5.2984,578.58,PVDAQ_10,sunny,system_10_2023_01_01.csv,2023-01-01,36.36197287591289,high_temperature
2023-01-01 12:05:00,638.53,3.3475,118.36,5.0777,555.1,PVDAQ_10,sunny,system_10_2023_01_01.csv,2023-01-01,42.327264803130646,high_temperature
2023-01-01 12:06:00,636.68,3.3798,118.31,5.2068,566.64,PVDAQ_10,sunny,system_10_2023_01_01.csv,2023-01-01,46.81221684255452,high_temperature
2023-01-01 12:07:00,631.02,3.3617,118.14,5.1395,563.34,PVDAQ_10,sunny,system_10_2023_01_01.csv,2023-01-01,49.68807495145103,high_temperature
2023-01-01 12:08:00,639.71,3.3903,118.11,5.3019,581.7,PVDAQ_10,sunny,system_10_2023_01_01.csv,2023-01-01,50.45900721896814,high_temperature
2023-01-01 12:09:00,701.4,3.3871,118.38,5.8008,643.03,PVDAQ_10,sunny,system_10_2023_01_01.csv,2023-01-01,54.974429224608656,high_temperature
2023-01-01 12:10:00,766.83,3.3839,118.5,6.2432,695.26,PVDAQ_10,sunny,system_10_2023_01_01.csv,2023-01-01,67.44370151678955,high_temperature
2023-01-01 12:11:00,768.96,3.3815,118.48,6.2688,699.9,PVDAQ_10,sunny,system_10_2023_01_01.csv,2023-01-01,75.48046897802736,high_temperature
2023-01-01 12:12:00,816.02,3.3763,118.67,6.5943,737.5299999999999,PVDAQ_10,sunny,system_10_2023_01_01.csv,2023-01-01,87.97469688712233,high_temperature
2023-01-01 12:13:00,825.5299999999999,3.39,118.56,6.6552,748.19,PVDAQ_10,sunny,system_10_2023_01_01.csv,2023-01-01,96.87530211565847,high_temperature
2023-01-01 12:14:00,901.49,3.455,118.7,7.1745,808.59,PVDAQ_10,sunny,system_10_2023_01_01.csv,2023-01-01,108.67466372268291,high_temperature
2023-01-01 12:15:00,831.0499999999998,3.5024,118.61,6.6478,746.46,PVDAQ_10,sunny,system_10_2023_01_01.csv,2023-01-01,108.81742834850064,high_temperature
2023-01-01 12:16:00,770.76,3.4661,118.67,6.1607,688.17,PVDAQ_10,sunny,system_10_2023_01_01.csv,2023-01-01,104.14706054878606,high_temperature
2023-01-01 12:17:00,753.37,3.3986,118.6,6.0393,671.92,PVDAQ_10,sunny,system_10_2023_01_01.csv,2023-01-01,95.06807789809484,high_temperature
2023-01-01 12:18:00,727.6599999999999,3.3716,118.67,5.8455,647.52,PVDAQ_10,sunny,system_10_2023_01_01.csv,2023-01-01,85.15195486389608,high_temperature
2023-01-01 12:19:00,681.69,3.4009,118.6,5.4762,606.64,PVDAQ_10,sunny,system_10_2023_01_01.csv,2023-01-01,83.70417398706759,high_temperature
2023-01-01 12:20:00,688.77,3.4794,118.5,5.571,614.8,PVDAQ_10,sunny,system_10_2023_01_01.csv,2023-01-01,80.31714880634829,high_temperature
2023-01-01 12:21:00,662.66,3.4598,118.42,5.3832,592.93,PVDAQ_10,sunny,system_10_2023_01_01.csv,2023-01-01,78.11688182887747,high_temperature
2023-01-01 12:22:00,633.26,3.5154,118.41,5.178,566.81,PVDAQ_10,sunny,system_10_2023_01_01.csv,2023-01-01,77.8863306791815,high_temperature
2023-01-01 12:23:00,628.17,3.5757,118.43,5.1344,561.06,PVDAQ_10,sunny,system_10_2023_01_01.csv,2023-01-01,79.04489139241218,high_temperature
2023-01-01 12:24:00,638.76,3.5933,118.38,5.1937,568.49,PVDAQ_10,sunny,system_10_2023_01_01.csv,2023-01-01,83.00282403686863,high_temperature
2023-01-01 12:25:00,597.48,3.5157,118.35,4.8727,528.89,PVDAQ_10,moderate,system_10_2023_01_01.csv,2023-01-01,90.24543976343277,high_temperature
2023-01-01 12:26:00,607.91,3.4071,118.38,5.0205,546.2,PVDAQ_10,sunny,system_10_2023_01_01.csv,2023-01-01,94.54968186595083,high_temperature
2023-01-01 12:27:00,671.34,3.4138,118.53,5.5376,610.71,PVDAQ_10,sunny,system_10_2023_01_01.csv,2023-01-01,91.11381647357925,high_temperature
2023-01-01 12:28:00,708.33,3.4234,118.62,5.8038,639.43,PVDAQ_10,sunny,system_10_2023_01_01.csv,2023-01-01,85.1442928210701,high_temperature
2023-01-01 12:29:00,676.73,3.3092,118.58,5.5556,613.37,PVDAQ_10,sunny,system_10_2023_01_01.csv,2023-01-01,64.44825773994523,high_temperature
2023-01-01 12:30:00,655.74,3.349,118.48,5.3923,592.67,PVDAQ_10,sunny,system_10_2023_01_01.csv,2023-01-01,50.494307439647606,high_temperature
2023-01-01 12:31:00,624.56,3.3515,118.35,5.1421,562.33,PVDAQ_10,sunny,system_10_2023_01_01.csv,2023-01-01,44.08485214414987,high_temperature
2023-01-01 12:32:00,587.13,3.3491,118.34,4.8733,527.43,PVDAQ_10,moderate,system_10_2023_01_01.csv,2023-01-01,40.71602518255917,high_temperature
2023-01-01 12:33:00,546.73,3.4039,118.22,4.5724,490.75,PVDAQ_10,moderate,system_10_2023_01_01.csv,2023-01-01,43.613488324251804,high_temperature
2023-01-01 12:34:00,548.15,3.4864,118.18,4.6088,496.02,PVDAQ_10,moderate,system_10_2023_01_01.csv,2023-01-01,48.035917196952774,high_temperature
2023-01-01 12:35:00,561.49,3.3809,118.17,4.6846,504.84,PVDAQ_10,moderate,system_10_2023_01_01.csv,2023-01-01,48.4771450518806,high_temperature
2023-01-01 12:36:00,547.55,3.2765,118.16,4.5765,490.75,PVDAQ_10,moderate,system_10_2023_01_01.csv,2023-01-01,50.84268466367251,high_temperature
2023-01-01 12:37:00,525.41,3.2765,118.16,4.4259,472.23,PVDAQ_10,moderate,system_10_2023_01_01.csv,2023-01-01,55.56655248652924,high_temperature
2023-01-01 12:38:00,521.74,3.3328,118.13,4.4138,471.22,PVDAQ_10,moderate,system_10_2023_01_01.csv,2023-01-01,59.51203467727081,high_temperature
2023-01-01 12:39:00,511.52,3.3372,118.13,4.3465,462.57,PVDAQ_10,moderate,system_10_2023_01_01.csv,2023-01-01,62.765880001646295,high_temperature
2023-01-01 12:40:00,526.12,3.1993,118.2,4.4513,476.62,PVDAQ_10,moderate,system_10_2023_01_01.csv,2023-01-01,65.04767954574416,high_temperature
2023-01-01 12:41:00,510.11,3.0352,118.04,4.3277,458.33,PVDAQ_10,moderate,system_10_2023_01_01.csv,2023-01-01,67.757690443859,high_temperature
2023-01-01 12:42:00,500.96,2.8949,117.98,4.296,455.72,PVDAQ_10,moderate,system_10_2023_01_01.csv,2023-01-01,65.87816057657109,high_temperature
2023-01-01 12:43:00,494.29,2.8284,118.01,4.2417,448.07,PVDAQ_10,moderate,system_10_2023_01_01.csv,2023-01-01,56.29414993712009,high_temperature
2023-01-01 12:44:00,482.94,2.9195,118.02,4.1573,439.17,PVDAQ_10,moderate,system_10_2023_01_01.csv,2023-01-01,48.2398006195053,high_temperature
2023-01-01 12:45:00,483.32,3.0214,117.99,4.1669,440.31,PVDAQ_10,moderate,system_10_2023_01_01.csv,2023-01-01,39.12955353693803,high_temperature
2023-01-01 12:46:00,489.82,2.9921,118.01,4.2295,448.01,PVDAQ_10,moderate,system_10_2023_01_01.csv,2023-01-01,30.81490638048728,high_temperature
2023-01-01 12:47:00,486.58,2.9066,118.02,4.1998,442.81,PVDAQ_10,moderate,system_10_2023_01_01.csv,2023-01-01,26.362931551709124,high_temperature
2023-01-01 12:48:00,484.0,2.9011,117.88,4.1929,440.86,PVDAQ_10,moderate,system_10_2023_01_01.csv,2023-01-01,26.076861938728932,high_temperature
2023-01-01 12:49:00,482.75,2.8908,117.74,4.1702,438.62,PVDAQ_10,moderate,system_10_2023_01_01.csv,2023-01-01,24.973291733371912,high_temperature
2023-01-01 12:50:00,468.43,2.8884,117.76,4.0591,423.43,PVDAQ_10,moderate,system_10_2023_01_01.csv,2023-01-01,21.904212836806135,high_temperature
2023-01-01 12:51:00,458.19,2.8513,117.63,3.9764,413.06,PVDAQ_10,moderate,system_10_2023_01_01.csv,2023-01-01,20.453787238090065,high_temperature
2023-01-01 12:52:00,427.65,2.7919,117.5,3.7472,383.69,PVDAQ_10,moderate,system_10_2023_01_01.csv,2023-01-01,25.137485630222216,high_temperature
2023-01-01 12:53:00,398.65,2.7183,117.44,3.5238,354.78,PVDAQ_10,moderate,system_10_2023_01_01.csv,2023-01-01,32.535312654466914,high_temperature
2023-01-01 12:54:00,367.07,2.686,117.5,3.2974,324.62,PVDAQ_10,moderate,system_10_2023_01_01.csv,2023-01-01,42.50288122446593,high_temperature
2023-01-01 12:55:00,362.8,2.6884,117.6,3.2805,321.87,PVDAQ_10,moderate,system_10_2023_01_01.csv,2023-01-01,47.87782747587479,high_temperature
2023-01-01 12:56:00,383.19,2.6685,117.74,3.441,345.01,PVDAQ_10,moderate,system_10_2023_01_01.csv,2023-01-01,49.544762848502906,high_temperature
2023-01-01 12:57:00,394.79,2.6423,117.79,3.5511,358.16,PVDAQ_10,moderate,system_10_2023_01_01.csv,2023-01-01,49.53894603527433,high_temperature
2023-01-01 12:58:00,411.72,2.6487,117.73,3.6785,374.57,PVDAQ_10,moderate,system_10_2023_01_01.csv,2023-01-01,48.15533358186879,high_temperature
2023-01-01 12:59:00,410.9,2.6496,117.55,3.6664,374.29,PVDAQ_10,moderate,system_10_2023_01_01.csv,2023-01-01,47.01689050097911,high_temperature
2023-01-01 13:00:00,384.82,2.6577,117.32,3.4628,345.42,PVDAQ_10,moderate,system_10_2023_01_01.csv,2023-01-01,46.51097148600033,high_temperature
2023-01-01 13:01:00,360.21,2.6988,117.31,3.2792,321.95,PVDAQ_10,moderate,system_10_2023_01_01.csv,2023-01-01,46.12895800543053,high_temperature
2023-01-01 13:02:00,354.31,2.7431,117.58,3.2234,314.82,PVDAQ_10,moderate,system_10_2023_01_01.csv,2023-01-01,44.86837621097548,high_temperature
2023-01-01 13:03:00,372.68,2.7297,117.61,3.3602,333.53,PVDAQ_10,moderate,system_10_2023_01_01.csv,2023-01-01,40.767036719109825,high_temperature
2023-01-01 13:04:00,405.16,2.6829,117.88,3.5723,362.16,PVDAQ_10,moderate,system_10_2023_01_01.csv,2023-01-01,34.26765631793215,high_temperature
2023-01-01 13:05:00,364.73,2.6729,117.63,3.2902,324.12,PVDAQ_10,moderate,system_10_2023_01_01.csv,2023-01-01,28.956891161075824,high_temperature
2023-01-01 13:06:00,372.28,2.7047,117.48,3.3815,335.85,PVDAQ_10,moderate,system_10_2023_01_01.csv,2023-01-01,22.344386149121604,high_temperature
2023-01-01 13:07:00,388.45,2.6636,117.58,3.5304,353.58,PVDAQ_10,moderate,system_10_2023_01_01.csv,2023-01-01,19.009628938542093,high_temperature
2023-01-01 13:08:00,389.45,2.7197,117.6,3.523,355.14,PVDAQ_10,moderate,system_10_2023_01_01.csv,2023-01-01,18.58171174646394,high_temperature
2023-01-01 13:09:00,329.32,2.7157,117.36,3.0569,291.17,PVDAQ_10,moderate,system_10_2023_01_01.csv,2023-01-01,22.762352209192763,high_temperature
2023-01-01 13:10:00,311.92,2.6832,117.33,2.9421,274.16,PVDAQ_10,moderate,system_10_2023_01_01.csv,2023-01-01,28.431820670980095,high_temperature
2023-01-01 13:11:00,319.03,2.6112,117.32,3.0116,283.91,PVDAQ_10,moderate,system_10_2023_01_01.csv,2023-01-01,31.830670564277042,high_temperature
2023-01-01 13:12:00,330.43,2.6096,117.29,3.0423,288.87,PVDAQ_10,moderate,system_10_2023_01_01.csv,2023-01-01,32.76477713875809,high_temperature
2023-01-01 13:13:00,294.44,2.6152,117.17,2.8122,255.78,PVDAQ_10,moderate,system_10_2023_01_01.csv,2023-01-01,35.2379077266583,high_temperature
2023-01-01 13:14:00,298.8,2.5393,117.43,2.8671,263.17,PVDAQ_10,moderate,system_10_2023_01_01.csv,2023-01-01,35.37896305245209,high_temperature
2023-01-01 13:15:00,300.68,2.4475,117.5,2.8856,264.44,PVDAQ_10,moderate,system_10_2023_01_01.csv,2023-01-01,36.4137699229303,high_temperature
2023-01-01 13:16:00,302.83,2.3961,117.45,2.9179,269.05,PVDAQ_10,moderate,system_10_2023_01_01.csv,2023-01-01,37.81549558933176,high_temperature
2023-01-01 13:17:00,314.34,2.2804,117.58,3.0114,282.26,PVDAQ_10,moderate,system_10_2023_01_01.csv,2023-01-01,38.31377219747624,high_temperature
2023-01-01 13:18:00,335.82,2.2052,117.43,3.1501,301.82,PVDAQ_10,moderate,system_10_2023_01_01.csv,2023-01-01,37.20916800749012,high_temperature
2023-01-01 13:19:00,357.11,2.149,117.52,3.2643,319.33,PVDAQ_10,moderate,system_10_2023_01_01.csv,2023-01-01,32.738342279935274,high_temperature
2023-01-01 13:20:00,391.82,2.1444,117.7,3.5053,351.89,PVDAQ_10,moderate,system_10_2023_01_01.csv,2023-01-01,35.21000078441063,high_temperature
2023-01-01 13:21:00,392.75,2.1365,117.64,3.5321,356.05,PVDAQ_10,moderate,system_10_2023_01_01.csv,2023-01-01,37.073055059283604,high_temperature
2023-01-01 13:22:00,362.8,2.1689,117.59,3.312,326.77,PVDAQ_10,moderate,system_10_2023_01_01.csv,2023-01-01,35.07535312926956,high_temperature
2023-01-01 13:23:00,343.45,2.1348,117.45,3.179,306.59,PVDAQ_10,moderate,system_10_2023_01_01.csv,2023-01-01,31.880996235257197,high_temperature
2023-01-01 13:24:00,327.06,2.1079,117.45,3.0674,291.34,PVDAQ_10,moderate,system_10_2023_01_01.csv,2023-01-01,31.90176996134806,high_temperature
2023-01-01 13:25:00,320.77,2.1292,117.41,3.0417,289.37,PVDAQ_10,moderate,system_10_2023_01_01.csv,2023-01-01,31.579757953173978,high_temperature
2023-01-01 13:26:00,333.67,2.148,117.44,3.133,301.5,PVDAQ_10,moderate,system_10_2023_01_01.csv,2023-01-01,31.348886028664523,high_temperature
2023-01-01 13:27:00,344.72,2.0033,117.32,3.1948,312.05,PVDAQ_10,moderate,system_10_2023_01_01.csv,2023-01-01,31.456604227473633,high_temperature
2023-01-01 13:28:00,360.89,1.9828,117.46,3.3362,329.04,PVDAQ_10,moderate,system_10_2023_01_01.csv,2023-01-01,30.022568526901278,high_temperature
2023-01-01 13:29:00,325.75,1.9476,117.63,3.0503,291.1,PVDAQ_10,moderate,system_10_2023_01_01.csv,2023-01-01,28.184402677470683,high_temperature
2023-01-01 13:30:00,323.71,1.9365,117.61,3.04,288.74,PVDAQ_10,moderate,system_10_2023_01_01.csv,2023-01-01,26.40425952289674,high_temperature
2023-01-01 13:31:00,293.27,1.9389,117.32,2.8324,257.41,PVDAQ_10,moderate,system_10_2023_01_01.csv,2023-01-01,27.52189678887059,high_temperature
2023-01-01 13:32:00,282.93,1.9539,117.16,2.7678,248.45,PVDAQ_10,moderate,system_10_2023_01_01.csv,2023-01-01,30.768855821618246,high_temperature
2023-01-01 13:33:00,265.51,1.9919,117.18,2.6352,230.51,PVDAQ_10,moderate,system_10_2023_01_01.csv,2023-01-01,36.275938791962346,high_temperature
2023-01-01 13:34:00,247.37,2.0599,117.07,2.5254,211.36,PVDAQ_10,cloudy,system_10_2023_01_01.csv,2023-01-01,42.11228525648915,high_temperature
2023-01-01 13:35:00,239.02,2.1193,117.38,2.4738,204.86,PVDAQ_10,cloudy,system_10_2023_01_01.csv,2023-01-01,43.951459783981726,high_temperature
2023-01-01 13:36:00,230.39,2.1067,117.32,2.4355,196.7,PVDAQ_10,cloudy,system_10_2023_01_01.csv,2023-01-01,44.10844149852361,high_temperature
2023-01-01 13:37:00,219.88,2.0513,117.29,2.3754,186.63,PVDAQ_10,cloudy,system_10_2023_01_01.csv,2023-01-01,46.50803353031874,high_temperature
2023-01-01 13:38:00,215.88,1.9563,117.32,2.3503,183.19,PVDAQ_10,cloudy,system_10_2023_01_01.csv,2023-01-01,49.046285554227005,high_temperature
2023-01-01 13:39:00,213.67,1.9547,117.41,2.3371,181.47,PVDAQ_10,cloudy,system_10_2023_01_01.csv,2023-01-01,51.39707484728341,high_temperature
2023-01-01 13:40:00,211.66,1.9713,117.26,2.3315,180.81,PVDAQ_10,cloudy,system_10_2023_01_01.csv,2023-01-01,53.084365764050894,high_temperature
2023-01-01 13:41:00,209.4,1.9729,117.13,2.32,177.78,PVDAQ_10,cloudy,system_10_2023_01_01.csv,2023-01-01,52.78431688981036,high_temperature
2023-01-01 13:42:00,206.0,2.0377,117.13,2.3018,175.45,PVDAQ_10,cloudy,system_10_2023_01_01.csv,2023-01-01,50.012002397520874,high_temperature
2023-01-01 13:43:00,201.83,2.0195,117.11,2.2728,170.24,PVDAQ_10,cloudy,system_10_2023_01_01.csv,2023-01-01,42.57400999044813,high_temperature
2023-01-01 13:44:00,196.71,1.8913,117.21,2.2441,165.24,PVDAQ_10,cloudy,system_10_2023_01_01.csv,2023-01-01,38.0514934692215,high_temperature
2023-01-01 13:45:00,190.67,1.8684,117.37,2.2061,159.49,PVDAQ_10,cloudy,system_10_2023_01_01.csv,2023-01-01,31.348561248980214,high_temperature
2023-01-01 13:46:00,183.84,1.8866,117.43,2.1716,153.53,PVDAQ_10,cloudy,system_10_2023_01_01.csv,2023-01-01,27.65991343856093,high_temperature
2023-01-01 13:47:00,177.6,1.8242,117.18,2.1426,147.09,PVDAQ_10,cloudy,system_10_2023_01_01.csv,2023-01-01,23.928806071346578,high_temperature
2023-01-01 13:48:00,173.16,1.738,117.16,2.1313,143.11,PVDAQ_10,cloudy,system_10_2023_01_01.csv,2023-01-01,21.473018573707336,high_temperature
2023-01-01 13:49:00,170.06,1.6937,117.06,2.1134,141.5,PVDAQ_10,cloudy,system_10_2023_01_01.csv,2023-01-01,20.556818426245776,high_temperature
2023-01-01 13:50:00,168.02,1.7246,117.12,2.0979,137.9,PVDAQ_10,cloudy,system_10_2023_01_01.csv,2023-01-01,19.74252415473043,high_temperature
2023-01-01 13:51:00,165.38,1.7649,117.02,2.0886,136.75,PVDAQ_10,cloudy,system_10_2023_01_01.csv,2023-01-01,19.23404526205998,high_temperature
2023-01-01 13:52:00,162.85,1.7546,117.01,2.08,135.0,PVDAQ_10,cloudy,system_10_2023_01_01.csv,2023-01-01,19.30127686376069,high_temperature
2023-01-01 13:53:00,159.61,1.7942,117.0,2.0635,131.56,PVDAQ_10,cloudy,system_10_2023_01_01.csv,2023-01-01,19.33484362738301,high_temperature
2023-01-01 13:54:00,156.72,1.7839,117.09,2.0475,128.37,PVDAQ_10,cloudy,system_10_2023_01_01.csv,2023-01-01,19.109961426292866,high_temperature
2023-01-01 13:55:00,153.4,1.6999,117.2,2.0273,124.4,PVDAQ_10,cloudy,system_10_2023_01_01.csv,2023-01-01,18.616231397054754,high_temperature
2023-01-01 13:56:00,149.62,1.6572,117.27,2.0138,120.71,PVDAQ_10,cloudy,system_10_2023_01_01.csv,2023-01-01,17.87848701919024,high_temperature
2023-01-01 13:57:00,146.1,1.6722,117.28,1.9984,118.28,PVDAQ_10,cloudy,system_10_2023_01_01.csv,2023-01-01,16.974477844556922,high_temperature
2023-01-01 13:58:00,143.57,1.6486,116.99,1.9901,115.21,PVDAQ_10,cloudy,system_10_2023_01_01.csv,2023-01-01,15.893040914939,high_temperature
2023-01-01 13:59:00,142.78,1.5973,117.03,1.9868,115.55,PVDAQ_10,cloudy,system_10_2023_01_01.csv,2023-01-01,14.61646390694317,high_temperature
2023-01-01 14:00:00,142.98,1.5949,116.9,1.9882,116.14,PVDAQ_10,cloudy,system_10_2023_01_01.csv,2023-01-01,13.267097576160099,high_temperature
2023-01-01 14:01:00,145.07,1.5917,116.8,2.0028,117.77,PVDAQ_10,cloudy,system_10_2023_01_01.csv,2023-01-01,11.941207883392725,high_temperature
2023-01-01 14:02:00,148.69,1.6067,116.95,2.0182,122.72,PVDAQ_10,cloudy,system_10_2023_01_01.csv,2023-01-01,10.665940763995788,high_temperature
2023-01-01 14:03:00,153.7,1.6186,116.98,2.0337,126.69,PVDAQ_10,cloudy,system_10_2023_01_01.csv,2023-01-01,9.438297112353846,high_temperature
2023-01-01 14:04:00,159.99,1.5766,117.22,2.0662,133.06,PVDAQ_10,cloudy,system_10_2023_01_01.csv,2023-01-01,8.520519937193653,high_temperature
2023-01-01 14:05:00,166.14,1.6019,117.28,2.0979,138.4,PVDAQ_10,cloudy,system_10_2023_01_01.csv,2023-01-01,8.298388541220929,high_temperature
2023-01-01 14:06:00,171.67,1.6556,117.36,2.1258,145.47,PVDAQ_10,cloudy,system_10_2023_01_01.csv,2023-01-01,9.084565246306514,high_temperature
2023-01-01 14:07:00,177.82,1.6857,117.26,2.1605,150.65,PVDAQ_10,cloudy,system_10_2023_01_01.csv,2023-01-01,10.83556300864889,high_temperature
2023-01-01 14:08:00,189.66,1.7466,117.25,2.2165,162.3,PVDAQ_10,cloudy,system_10_2023_01_01.csv,2023-01-01,14.122431228709821,high_temperature
2023-01-01 14:09:00,200.61,1.7632,117.19,2.2811,172.52,PVDAQ_10,cloudy,system_10_2023_01_01.csv,2023-01-01,18.14037551457077,high_temperature
2023-01-01 14:10:00,211.47,1.7547,117.27,2.3503,183.37,PVDAQ_10,cloudy,system_10_2023_01_01.csv,2023-01-01,22.44247817570025,high_temperature
2023-01-01 14:11:00,227.34,1.7823,117.28,2.443,201.02,PVDAQ_10,cloudy,system_10_2023_01_01.csv,2023-01-01,27.462649128279175,high_temperature
2023-01-01 14:12:00,246.67,1.7088,117.39,2.564,219.64,PVDAQ_10,cloudy,system_10_2023_01_01.csv,2023-01-01,33.2652254005966,high_temperature
2023-01-01 14:13:00,273.43,1.5485,117.45,2.7356,244.55,PVDAQ_10,moderate,system_10_2023_01_01.csv,2023-01-01,40.54425927304773,high_temperature
2023-01-01 14:14:00,307.84,1.4711,117.48,2.9565,276.6,PVDAQ_10,moderate,system_10_2023_01_01.csv,2023-01-01,49.91294581569111,high_temperature
2023-01-01 14:15:00,316.28,1.4047,117.54,3.0188,286.4,PVDAQ_10,moderate,system_10_2023_01_01.csv,2023-01-01,56.64624585551921,high_temperature
2023-01-01 14:16:00,324.69,1.3888,117.65,3.0668,294.4,PVDAQ_10,moderate,system_10_2023_01_01.csv,2023-01-01,61.524864427784486,high_temperature
2023-01-01 14:17:00,324.5,1.3367,117.57,3.0778,294.67,PVDAQ_10,moderate,system_10_2023_01_01.csv,2023-01-01,63.992991074544925,high_temperature
2023-01-01 14:18:00,334.82,1.29,117.48,3.1465,305.16,PVDAQ_10,moderate,system_10_2023_01_01.csv,2023-01-01,65.6104897826859,high_temperature
2023-01-01 14:19:00,338.71,1.289,117.5,3.181,308.17,PVDAQ_10,moderate,system_10_2023_01_01.csv,2023-01-01,65.84304063452812,high_temperature
2023-01-01 14:20:00,322.54,1.3088,117.52,3.0549,290.46,PVDAQ_10,moderate,system_10_2023_01_01.csv,2023-01-01,63.249786749123885,high_temperature
2023-01-01 14:21:00,323.96,1.3301,117.66,3.0569,292.13,PVDAQ_10,moderate,system_10_2023_01_01.csv,2023-01-01,59.382694986078626,high_temperature
2023-01-01 14:22:00,338.6,1.2267,117.53,3.1233,301.45,PVDAQ_10,moderate,system_10_2023_01_01.csv,2023-01-01,54.997286192789126,high_temperature
2023-01-01 14:23:00,338.63,1.1192,117.54,3.1713,306.36,PVDAQ_10,moderate,system_10_2023_01_01.csv,2023-01-01,49.6640513085781,high_temperature
2023-01-01 14:24:00,314.84,1.023,117.47,2.9799,281.67,PVDAQ_10,moderate,system_10_2023_01_01.csv,2023-01-01,42.31512881543424,high_temperature
2023-01-01 14:25:00,299.62,0.93145,117.46,2.8914,268.33,PVDAQ_10,moderate,system_10_2023_01_01.csv,2023-01-01,34.00801310335879,high_temperature
2023-01-01 14:26:00,313.45,0.8990599999999999,117.47,2.9874,280.96,PVDAQ_10,moderate,system_10_2023_01_01.csv,2023-01-01,25.463973486367255,high_temperature
2023-01-01 14:27:00,312.6,0.8547099999999999,117.47,2.9852,280.51,PVDAQ_10,moderate,system_10_2023_01_01.csv,2023-01-01,17.281737043428958,high_temperature
2023-01-01 14:28:00,309.23,0.81427,117.42,2.9347,274.66,PVDAQ_10,moderate,system_10_2023_01_01.csv,2023-01-01,12.29675439177177,high_temperature
2023-01-01 14:29:00,299.83,0.80874,117.4,2.9049,268.19,PVDAQ_10,moderate,system_10_2023_01_01.csv,2023-01-01,13.074837884823483,high_temperature
2023-01-01 14:30:00,290.14,0.8032799999999999,117.35,2.8362,257.7,PVDAQ_10,moderate,system_10_2023_01_01.csv,2023-01-01,15.279343883947996,high_temperature
2023-01-01 14:31:00,281.0,0.8230899999999999,117.34,2.7557,247.23,PVDAQ_10,moderate,system_10_2023_01_01.csv,2023-01-01,18.04665337660607,high_temperature
2023-01-01 14:32:00,269.78,0.88549,117.37,2.6895,236.12,PVDAQ_10,moderate,system_10_2023_01_01.csv,2023-01-01,21.450915287390323,high_temperature
2023-01-01 14:33:00,252.25,0.91009,117.43,2.564,218.04,PVDAQ_10,moderate,system_10_2023_01_01.csv,2023-01-01,25.52603270612992,high_temperature
2023-01-01 14:34:00,241.06,0.90306,117.33,2.4907,206.33,PVDAQ_10,cloudy,system_10_2023_01_01.csv,2023-01-01,29.070478938511034,high_temperature
2023-01-01 14:35:00,218.33,0.92912,117.16,2.3368,182.96,PVDAQ_10,cloudy,system_10_2023_01_01.csv,2023-01-01,35.227709237124195,high_temperature
2023-01-01 14:36:00,202.7,0.95292,117.25,2.2521,167.44,PVDAQ_10,cloudy,system_10_2023_01_01.csv,2023-01-01,41.16491336540232,high_temperature
2023-01-01 14:37:00,192.6,0.99524,117.18,2.195,158.6,PVDAQ_10,cloudy,system_10_2023_01_01.csv,2023-01-01,44.805029447704285,high_temperature
2023-01-01 14:38:00,185.93,1.0055,117.08,2.1672,152.61,PVDAQ_10,cloudy,system_10_2023_01_01.csv,2023-01-01,46.79762882678615,high_temperature
2023-01-01 14:39:00,177.77,0.97483,117.08,2.1277,144.23,PVDAQ_10,cloudy,system_10_2023_01_01.csv,2023-01-01,49.77488027777453,high_temperature
2023-01-01 14:40:00,171.92,0.83032,117.04,2.099,137.67,PVDAQ_10,cloudy,system_10_2023_01_01.csv,2023-01-01,52.693337177078305,high_temperature
2023-01-01 14:41:00,166.31,0.7560799999999999,117.32,2.0684,132.16,PVDAQ_10,cloudy,system_10_2023_01_01.csv,2023-01-01,53.31227072188849,high_temperature
2023-01-01 14:42:00,161.73,0.70071,117.19,2.0522,127.86,PVDAQ_10,cloudy,system_10_2023_01_01.csv,2023-01-01,52.47750917797001,high_temperature
2023-01-01 14:43:00,158.52,0.67146,117.02,2.0345,126.57,PVDAQ_10,cloudy,system_10_2023_01_01.csv,2023-01-01,50.20033037265716,high_temperature
2023-01-01 14:44:00,156.56,0.64541,116.98,2.0218,124.1,PVDAQ_10,cloudy,system_10_2023_01_01.csv,2023-01-01,47.04773123420329,high_temperature
2023-01-01 14:45:00,155.36,0.65503,116.98,2.0254,123.06,PVDAQ_10,cloudy,system_10_2023_01_01.csv,2023-01-01,43.028561422563854,high_temperature
2023-01-01 14:46:00,154.63,0.71272,117.06,2.0221,123.32,PVDAQ_10,cloudy,system_10_2023_01_01.csv,2023-01-01,37.99942067227713,high_temperature
2023-01-01 14:47:00,154.19,0.73957,117.17,2.0227,123.16,PVDAQ_10,cloudy,system_10_2023_01_01.csv,2023-01-01,32.16061273403667,high_temperature
2023-01-01 14:48:00,153.7,0.7204899999999999,117.18,2.0182,122.41,PVDAQ_10,cloudy,system_10_2023_01_01.csv,2023-01-01,26.6720621089365,high_temperature
2023-01-01 14:49:00,152.2,0.69916,117.19,2.0147,120.76,PVDAQ_10,cloudy,system_10_2023_01_01.csv,2023-01-01,20.530143691657596,high_temperature
2023-01-01 14:50:00,151.09,0.6912599999999999,117.2,2.0105,121.34,PVDAQ_10,cloudy,system_10_2023_01_01.csv,2023-01-01,16.328805164351298,high_temperature
2023-01-01 14:51:00,149.7,0.73069,117.25,2.0113,120.27,PVDAQ_10,cloudy,system_10_2023_01_01.csv,2023-01-01,13.366185907520245,high_temperature
2023-01-01 14:52:00,148.8,0.75912,117.23,2.0025,118.99,PVDAQ_10,cloudy,system_10_2023_01_01.csv,2023-01-01,10.96246635440836,high_temperature
2023-01-01 14:53:00,148.2,0.7899199999999998,117.19,1.9937,118.42,PVDAQ_10,cloudy,system_10_2023_01_01.csv,2023-01-01,8.64552804854635,high_temperature
2023-01-01 14:54:00,148.2,0.79302,117.15,2.0069,118.98,PVDAQ_10,cloudy,system_10_2023_01_01.csv,2023-01-01,6.848259911074492,high_temperature
2023-01-01 14:55:00,147.22,0.7922299999999999,117.09,1.9984,117.33,PVDAQ_10,cloudy,system_10_2023_01_01.csv,2023-01-01,5.413428365349698,high_temperature
2023-01-01 14:56:00,146.19,0.77485,117.18,1.9896,116.36,PVDAQ_10,cloudy,system_10_2023_01_01.csv,2023-01-01,4.49693938247223,high_temperature
2023-01-01 14:57:00,144.01,0.7266799999999999,117.14,1.9791,114.44,PVDAQ_10,cloudy,system_10_2023_01_01.csv,2023-01-01,4.193614533698671,high_temperature
2023-01-01 14:58:00,141.23,0.7172,117.11,1.9653,110.64,PVDAQ_10,cloudy,system_10_2023_01_01.csv,2023-01-01,4.419215939950808,high_temperature
2023-01-01 14:59:00,137.69,0.64451,117.12,1.9521,107.03,PVDAQ_10,cloudy,system_10_2023_01_01.csv,2023-01-01,5.080755661842416,high_temperature
2023-01-01 15:00:00,134.65,0.55279,117.09,1.9361,103.78,PVDAQ_10,cloudy,system_10_2023_01_01.csv,2023-01-01,5.922864493606901,high_temperature
2023-01-01 15:01:00,132.39,0.4817199999999999,117.18,1.9256,100.6,PVDAQ_10,cloudy,system_10_2023_01_01.csv,2023-01-01,6.7255003000386315,high_temperature
2023-01-01 15:02:00,129.78,0.46366,117.1,1.9159,98.941,PVDAQ_10,cloudy,system_10_2023_01_01.csv,2023-01-01,7.501354798276718,high_temperature
2023-01-01 15:03:00,126.7,0.44344,117.09,1.8961,95.859,PVDAQ_10,cloudy,system_10_2023_01_01.csv,2023-01-01,8.291839935980118,high_temperature
2023-01-01 15:04:00,124.49,0.4639699999999999,116.89,1.8917,91.679,PVDAQ_10,cloudy,system_10_2023_01_01.csv,2023-01-01,9.038319586764239,high_temperature
2023-01-01 15:05:00,122.4,0.50743,116.89,1.8861,91.047,PVDAQ_10,cloudy,system_10_2023_01_01.csv,2023-01-01,9.692149007369697,high_temperature
2023-01-01 15:06:00,120.9,0.54617,116.92,1.8817,90.227,PVDAQ_10,cloudy,system_10_2023_01_01.csv,2023-01-01,10.212347335228223,high_temperature
2023-01-01 15:07:00,120.25,0.55012,116.91,1.8795,88.641,PVDAQ_10,cloudy,system_10_2023_01_01.csv,2023-01-01,10.484296193201114,high_temperature
2023-01-01 15:08:00,119.6,0.55717,116.58,1.8798,88.641,PVDAQ_10,cloudy,system_10_2023_01_01.csv,2023-01-01,10.503763044516125,high_temperature
2023-01-01 15:09:00,119.49,0.54447,116.66,1.8765,86.712,PVDAQ_10,cloudy,system_10_2023_01_01.csv,2023-01-01,10.155277633311076,high_temperature
2023-01-01 15:10:00,118.4,0.5271,116.65,1.8674,85.703,PVDAQ_10,cloudy,system_10_2023_01_01.csv,2023-01-01,9.60565671635652,high_temperature
2023-01-01 15:11:00,116.93,0.50278,116.63,1.8635,86.058,PVDAQ_10,cloudy,system_10_2023_01_01.csv,2023-01-01,8.852927253314853,high_temperature
2023-01-01 15:12:00,114.7,0.4500799999999999,116.55,1.8577,82.94199999999998,PVDAQ_10,cloudy,system_10_2023_01_01.csv,2023-01-01,8.094084847832598,high_temperature
2023-01-01 15:13:00,112.25,0.41297,116.62,1.855,81.235,PVDAQ_10,cloudy,system_10_2023_01_01.csv,2023-01-01,7.455264550900461,high_temperature
2023-01-01 15:14:00,109.8,0.3765,116.85,1.8456,78.851,PVDAQ_10,cloudy,system_10_2023_01_01.csv,2023-01-01,7.099394206222205,high_temperature
2023-01-01 15:15:00,107.19,0.33215,116.92,1.8379,75.536,PVDAQ_10,cloudy,system_10_2023_01_01.csv,2023-01-01,7.010426792259289,high_temperature
2023-01-01 00:00:00,0.0,1.82169,117.8315,0.1758234999999999,2.759899,PVDAQ_4,night_or_low_power,system_4_2023_01_01.csv,2023-01-01,0.0,high_temperature
2023-01-01 00:01:00,0.0,1.753672,117.8591,0.1757448,2.753846,PVDAQ_4,night_or_low_power,system_4_2023_01_01.csv,2023-01-01,0.0,high_temperature
2023-01-01 00:02:00,0.0,1.714016,117.8549,0.1757258999999999,2.765661,PVDAQ_4,night_or_low_power,system_4_2023_01_01.csv,2023-01-01,0.0,high_temperature
2023-01-01 00:03:00,0.0,1.682607,117.8885,0.1758025,2.758849,PVDAQ_4,night_or_low_power,system_4_2023_01_01.csv,2023-01-01,0.0,high_temperature
2023-01-01 00:04:00,0.0,1.555465,117.8089,0.1756889,2.778761,PVDAQ_4,night_or_low_power,system_4_2023_01_01.csv,2023-01-01,0.0,high_temperature
2023-01-01 00:05:00,0.0,1.512465,117.7615,0.1755586,2.770519,PVDAQ_4,night_or_low_power,system_4_2023_01_01.csv,2023-01-01,0.0,high_temperature
2023-01-01 00:06:00,0.0,1.781684,117.8155,0.1757052,2.760474,PVDAQ_4,night_or_low_power,system_4_2023_01_01.csv,2023-01-01,0.0,high_temperature
2023-01-01 00:07:00,0.0,1.933619,117.8277,0.1756448999999999,2.788233,PVDAQ_4,night_or_low_power,system_4_2023_01_01.csv,2023-01-01,0.0,high_temperature
2023-01-01 00:08:00,0.0,2.083318,117.8336,0.1756905,2.777259,PVDAQ_4,night_or_low_power,system_4_2023_01_01.csv,2023-01-01,0.0,high_temperature
2023-01-01 00:09:00,0.0,2.227494,117.8179,0.1755809999999999,2.788007,PVDAQ_4,night_or_low_power,system_4_2023_01_01.csv,2023-01-01,0.0,high_temperature
2023-01-01 00:10:00,0.0,2.152854,117.8321,0.1755876,2.775622,PVDAQ_4,night_or_low_power,system_4_2023_01_01.csv,2023-01-01,0.0,high_temperature
2023-01-01 00:11:00,0.0,2.03469,117.8684,0.1756872999999999,2.764573,PVDAQ_4,night_or_low_power,system_4_2023_01_01.csv,2023-01-01,0.0,high_temperature
2023-01-01 00:12:00,0.0,1.879185,117.9353,0.1758709,2.770142,PVDAQ_4,night_or_low_power,system_4_2023_01_01.csv,2023-01-01,0.0,high_temperature
2023-01-01 00:13:00,0.0,1.709255,117.9298,0.1759899,2.771276,PVDAQ_4,night_or_low_power,system_4_2023_01_01.csv,2023-01-01,0.0,high_temperature
2023-01-01 00:14:00,0.0,1.561286,117.9178,0.1758472,2.760839,PVDAQ_4,night_or_low_power,system_4_2023_01_01.csv,2023-01-01,0.0,high_temperature
2023-01-01 00:15:00,0.0,1.446959,117.9279,0.1759223,2.790465,PVDAQ_4,night_or_low_power,system_4_2023_01_01.csv,2023-01-01,0.0,high_temperature
2023-01-01 00:16:00,0.0,1.56857,117.9438,0.1758394,2.788097,PVDAQ_4,night_or_low_power,system_4_2023_01_01.csv,2023-01-01,0.0,high_temperature
2023-01-01 00:17:00,0.0,1.677866,117.9284,0.1757562,2.772613,PVDAQ_4,night_or_low_power,system_4_2023_01_01.csv,2023-01-01,0.0,high_temperature
2023-01-01 00:18:00,0.0,1.674247,117.9417,0.1758444999999999,2.766464,PVDAQ_4,night_or_low_power,system_4_2023_01_01.csv,2023-01-01,0.0,high_temperature
2023-01-01 00:19:00,0.0,1.484112,117.9366,0.175848,2.771283,PVDAQ_4,night_or_low_power,system_4_2023_01_01.csv,2023-01-01,0.0,high_temperature
2023-01-01 00:20:00,0.0,1.226301,117.89,0.1757614999999999,2.790442,PVDAQ_4,night_or_low_power,system_4_2023_01_01.csv,2023-01-01,0.0,high_temperature
2023-01-01 00:21:00,0.0,1.18912,117.8897,0.1757729,2.786832,PVDAQ_4,night_or_low_power,system_4_2023_01_01.csv,2023-01-01,0.0,high_temperature
2023-01-01 00:22:00,0.0,1.167391,117.9199,0.1758141,2.800713,PVDAQ_4,night_or_low_power,system_4_2023_01_01.csv,2023-01-01,0.0,high_temperature
2023-01-01 00:23:00,0.0,1.165436,117.8388,0.175691,2.76556,PVDAQ_4,night_or_low_power,system_4_2023_01_01.csv,2023-01-01,0.0,high_temperature
2023-01-01 00:24:00,0.0,1.182544,117.8339,0.1756544999999999,2.781246,PVDAQ_4,night_or_low_power,system_4_2023_01_01.csv,2023-01-01,0.0,high_temperature
2023-01-01 00:25:00,0.0,1.147052,117.8477,0.1756791,2.782584,PVDAQ_4,night_or_low_power,system_4_2023_01_01.csv,2023-01-01,0.0,high_temperature
2023-01-01 00:26:00,0.0,1.099963,117.851,0.1757348,2.757539,PVDAQ_4,night_or_low_power,system_4_2023_01_01.csv,2023-01-01,0.0,high_temperature
2023-01-01 00:27:00,0.0,0.9375243,117.8661,0.175738,2.778427,PVDAQ_4,night_or_low_power,system_4_2023_01_01.csv,2023-01-01,0.0,high_temperature
2023-01-01 00:28:00,0.0,0.8324441,117.8762,0.1757736,2.762773,PVDAQ_4,night_or_low_power,system_4_2023_01_01.csv,2023-01-01,0.0,high_temperature
2023-01-01 00:29:00,0.0,0.9186743,117.8609,0.1757645999999999,2.77079,PVDAQ_4,night_or_low_power,system_4_2023_01_01.csv,2023-01-01,0.0,high_temperature
2023-01-01 00:30:00,0.0,0.8686411,117.8572,0.1757585,2.768463,PVDAQ_4,night_or_low_power,system_4_2023_01_01.csv,2023-01-01,0.0,high_temperature
2023-01-01 00:31:00,0.0,0.9599411,117.8164,0.1756827,2.765353,PVDAQ_4,night_or_low_power,system_4_2023_01_01.csv,2023-01-01,0.0,high_temperature
2023-01-01 00:32:00,0.0,1.130774,117.8777,0.1757826999999999,2.775685,PVDAQ_4,night_or_low_power,system_4_2023_01_01.csv,2023-01-01,0.0,high_temperature
2023-01-01 00:33:00,0.0,1.143089,117.8773,0.1758589,2.778613,PVDAQ_4,night_or_low_power,system_4_2023_01_01.csv,2023-01-01,0.0,high_temperature
2023-01-01 00:34:00,0.0,1.18119,117.8984,0.1757815,2.790257,PVDAQ_4,night_or_low_power,system_4_2023_01_01.csv,2023-01-01,0.0,high_temperature
2023-01-01 00:35:00,0.0,1.181422,117.8813,0.1757872,2.765285,PVDAQ_4,night_or_low_power,system_4_2023_01_01.csv,2023-01-01,0.0,high_temperature
2023-01-01 00:36:00,0.0,1.176351,117.9048,0.1758436999999999,2.772417,PVDAQ_4,night_or_low_power,system_4_2023_01_01.csv,2023-01-01,0.0,high_temperature
2023-01-01 00:37:00,0.0,1.082478,117.8997,0.1759061,2.777036,PVDAQ_4,night_or_low_power,system_4_2023_01_01.csv,2023-01-01,0.0,high_temperature
2023-01-01 00:38:00,0.0,1.256604,117.8407,0.1756716,2.774155,PVDAQ_4,night_or_low_power,system_4_2023_01_01.csv,2023-01-01,0.0,high_temperature
2023-01-01 00:39:00,0.0,1.381359,117.7697,0.1755148,2.754347,PVDAQ_4,night_or_low_power,system_4_2023_01_01.csv,2023-01-01,0.0,high_temperature
2023-01-01 00:40:00,0.0,1.451324,118.0016,0.1759753,2.781809,PVDAQ_4,night_or_low_power,system_4_2023_01_01.csv,2023-01-01,0.0,high_temperature
2023-01-01 00:41:00,0.0,1.513577,118.2254,0.1762689,2.779659,PVDAQ_4,night_or_low_power,system_4_2023_01_01.csv,2023-01-01,0.0,high_temperature
2023-01-01 00:42:00,0.0,1.530458,118.2207,0.1763294,2.81004,PVDAQ_4,night_or_low_power,system_4_2023_01_01.csv,2023-01-01,0.0,high_temperature
2023-01-01 00:43:00,0.0,1.483847,118.2864,0.1764787999999999,2.80416,PVDAQ_4,night_or_low_power,system_4_2023_01_01.csv,2023-01-01,0.0,high_temperature
2023-01-01 00:44:00,0.0,1.507011,118.2189,0.1763287,2.793892,PVDAQ_4,night_or_low_power,system_4_2023_01_01.csv,2023-01-01,0.0,high_temperature
2023-01-01 00:45:00,0.0,1.586078,117.9742,0.1758305,2.787547,PVDAQ_4,night_or_low_power,system_4_2023_01_01.csv,2023-01-01,0.0,high_temperature
2023-01-01 00:46:00,0.0,1.650936,117.9505,0.1758157999999999,2.793016,PVDAQ_4,night_or_low_power,system_4_2023_01_01.csv,2023-01-01,0.0,high_temperature
2023-01-01 00:47:00,0.0,1.601004,118.0394,0.176101,2.785539,PVDAQ_4,night_or_low_power,system_4_2023_01_01.csv,2023-01-01,0.0,high_temperature
2023-01-01 00:48:00,0.0,1.61186,118.0503,0.1759819,2.788183,PVDAQ_4,night_or_low_power,system_4_2023_01_01.csv,2023-01-01,0.0,high_temperature
2023-01-01 00:49:00,0.0,1.578552,118.0237,0.1760296,2.762794,PVDAQ_4,night_or_low_power,system_4_2023_01_01.csv,2023-01-01,0.0,high_temperature
2023-01-01 00:50:00,0.0,1.53295,118.0252,0.1760533,2.796674,PVDAQ_4,night_or_low_power,system_4_2023_01_01.csv,2023-01-01,0.0,high_temperature
2023-01-01 00:51:00,0.0,1.516298,118.0299,0.1761031,2.764025,PVDAQ_4,night_or_low_power,system_4_2023_01_01.csv,2023-01-01,0.0,high_temperature
2023-01-01 00:52:00,0.0,1.534127,118.0653,0.1761154,2.794528,PVDAQ_4,night_or_low_power,system_4_2023_01_01.csv,2023-01-01,0.0,high_temperature
2023-01-01 00:53:00,0.0,1.530011,118.0038,0.1760657999999999,2.763177,PVDAQ_4,night_or_low_power,system_4_2023_01_01.csv,2023-01-01,0.0,high_temperature
2023-01-01 00:54:00,0.0,1.414178,117.9483,0.1760297999999999,2.775502,PVDAQ_4,night_or_low_power,system_4_2023_01_01.csv,2023-01-01,0.0,high_temperature
2023-01-01 00:55:00,0.0,1.300502,117.9451,0.1758522999999999,2.778406,PVDAQ_4,night_or_low_power,system_4_2023_01_01.csv,2023-01-01,0.0,high_temperature
2023-01-01 00:56:00,0.0,1.199397,117.9767,0.175925,2.761943,PVDAQ_4,night_or_low_power,system_4_2023_01_01.csv,2023-01-01,0.0,high_temperature
2023-01-01 00:57:00,0.0,1.12711,117.9641,0.175871,2.788706,PVDAQ_4,night_or_low_power,system_4_2023_01_01.csv,2023-01-01,0.0,high_temperature
2023-01-01 00:58:00,0.0,1.07075,118.0157,0.1760915999999999,2.790736,PVDAQ_4,night_or_low_power,system_4_2023_01_01.csv,2023-01-01,0.0,high_temperature
2023-01-01 00:59:00,0.0,1.15623,118.0209,0.1760598999999999,2.785339,PVDAQ_4,night_or_low_power,system_4_2023_01_01.csv,2023-01-01,0.0,high_temperature
2023-01-01 01:00:00,0.0,1.135223,118.0217,0.1760863,2.784571,PVDAQ_4,night_or_low_power,system_4_2023_01_01.csv,2023-01-01,0.0,high_temperature
2023-01-01 01:01:00,0.0,1.060841,117.9392,0.1759697,2.782482,PVDAQ_4,night_or_low_power,system_4_2023_01_01.csv,2023-01-01,0.0,high_temperature
2023-01-01 01:02:00,0.0,1.090259,117.9829,0.1761660999999999,2.768462,PVDAQ_4,night_or_low_power,system_4_2023_01_01.csv,2023-01-01,0.0,high_temperature
2023-01-01 01:03:00,0.0,1.322023,117.9754,0.1761378,2.791297,PVDAQ_4,night_or_low_power,system_4_2023_01_01.csv,2023-01-01,0.0,high_temperature
2023-01-01 01:04:00,0.0,1.466127,117.9217,0.1760024,2.77669,PVDAQ_4,night_or_low_power,system_4_2023_01_01.csv,2023-01-01,0.0,high_temperature
2023-01-01 01:05:00,0.0,1.521617,117.9101,0.1759409,2.803903,PVDAQ_4,night_or_low_power,system_4_2023_01_01.csv,2023-01-01,0.0,high_temperature
2023-01-01 01:06:00,0.0,1.710737,117.9121,0.1759453,2.785936,PVDAQ_4,night_or_low_power,system_4_2023_01_01.csv,2023-01-01,0.0,high_temperature
2023-01-01 01:07:00,0.0,1.746919,117.9861,0.1761122,2.781834,PVDAQ_4,night_or_low_power,system_4_2023_01_01.csv,2023-01-01,0.0,high_temperature
2023-01-01 01:08:00,0.0,1.633283,117.9492,0.1761624,2.804234,PVDAQ_4,night_or_low_power,system_4_2023_01_01.csv,2023-01-01,0.0,high_temperature
2023-01-01 01:09:00,0.0,1.470417,117.8885,0.1759906,2.779949,PVDAQ_4,night_or_low_power,system_4_2023_01_01.csv,2023-01-01,0.0,high_temperature
2023-01-01 01:10:00,0.0,1.46535,117.8183,0.1758301999999999,2.765198,PVDAQ_4,night_or_low_power,system_4_2023_01_01.csv,2023-01-01,0.0,high_temperature
2023-01-01 01:11:00,0.0,1.56597,117.8356,0.1757893,2.801577,PVDAQ_4,night_or_low_power,system_4_2023_01_01.csv,2023-01-01,0.0,high_temperature
2023-01-01 01:12:00,0.0,1.581899,117.8647,0.1757641,2.776437,PVDAQ_4,night_or_low_power,system_4_2023_01_01.csv,2023-01-01,0.0,high_temperature
2023-01-01 01:13:00,0.0,1.652104,117.8562,0.1757797,2.786383,PVDAQ_4,night_or_low_power,system_4_2023_01_01.csv,2023-01-01,0.0,high_temperature
2023-01-01 01:14:00,0.0,1.756624,117.9009,0.1760133,2.772767,PVDAQ_4,night_or_low_power,system_4_2023_01_01.csv,2023-01-01,0.0,high_temperature
2023-01-01 01:15:00,0.0,1.833755,117.915,0.1759536999999999,2.772493,PVDAQ_4,night_or_low_power,system_4_2023_01_01.csv,2023-01-01,0.0,high_temperature
2023-01-01 01:16:00,0.0,1.794682,117.9562,0.176018,2.805931,PVDAQ_4,night_or_low_power,system_4_2023_01_01.csv,2023-01-01,0.0,high_temperature
2023-01-01 01:17:00,0.0,1.80698,117.9531,0.1761128,2.789356,PVDAQ_4,night_or_low_power,system_4_2023_01_01.csv,2023-01-01,0.0,high_temperature
2023-01-01 01:18:00,0.0,1.850648,118.078,0.1763733,2.787112,PVDAQ_4,night_or_low_power,system_4_2023_01_01.csv,2023-01-01,0.0,high_temperature
2023-01-01 01:19:00,0.0,1.860489,118.0372,0.1762757,2.800503,PVDAQ_4,night_or_low_power,system_4_2023_01_01.csv,2023-01-01,0.0,high_temperature
2023-01-01 01:20:00,0.0,1.906078,118.0633,0.1762852,2.792835,PVDAQ_4,night_or_low_power,system_4_2023_01_01.csv,2023-01-01,0.0,high_temperature
2023-01-01 01:21:00,0.0,1.905356,118.0522,0.1761646,2.794616,PVDAQ_4,night_or_low_power,system_4_2023_01_01.csv,2023-01-01,0.0,high_temperature
2023-01-01 01:22:00,0.0,1.772956,118.0467,0.1762437,2.780556,PVDAQ_4,night_or_low_power,system_4_2023_01_01.csv,2023-01-01,0.0,high_temperature
2023-01-01 01:23:00,0.0,1.582632,118.0406,0.1761934,2.790415,PVDAQ_4,night_or_low_power,system_4_2023_01_01.csv,2023-01-01,0.0,high_temperature
2023-01-01 01:24:00,0.0,1.385722,117.987,0.1758944,2.784642,PVDAQ_4,night_or_low_power,system_4_2023_01_01.csv,2023-01-01,0.0,high_temperature
2023-01-01 01:25:00,0.0,1.129335,117.9224,0.1758474999999999,2.773021,PVDAQ_4,night_or_low_power,system_4_2023_01_01.csv,2023-01-01,0.0,high_temperature
2023-01-01 01:26:00,0.0,0.987335,117.8978,0.1756817,2.784985,PVDAQ_4,night_or_low_power,system_4_2023_01_01.csv,2023-01-01,0.0,high_temperature
2023-01-01 01:27:00,0.0,0.9518297,117.8982,0.1757166,2.784808,PVDAQ_4,night_or_low_power,system_4_2023_01_01.csv,2023-01-01,0.0,high_temperature
2023-01-01 01:28:00,0.0,0.9177739,117.9484,0.1759689,2.789854,PVDAQ_4,night_or_low_power,system_4_2023_01_01.csv,2023-01-01,0.0,high_temperature
2023-01-01 01:29:00,0.0,0.8003653,118.0301,0.1762222,2.768047,PVDAQ_4,night_or_low_power,system_4_2023_01_01.csv,2023-01-01,0.0,high_temperature
2023-01-01 01:30:00,0.0,0.7496241999999999,118.0208,0.1762545,2.776715,PVDAQ_4,night_or_low_power,system_4_2023_01_01.csv,2023-01-01,0.0,high_temperature
2023-01-01 01:31:00,0.0,0.6408812,118.017,0.1762266999999999,2.786739,PVDAQ_4,night_or_low_power,system_4_2023_01_01.csv,2023-01-01,0.0,high_temperature
2023-01-01 01:32:00,0.0,0.7235112,118.0232,0.1761344,2.767285,PVDAQ_4,night_or_low_power,system_4_2023_01_01.csv,2023-01-01,0.0,high_temperature
2023-01-01 01:33:00,0.0,0.8895068999999999,118.0255,0.1762628,2.812658,PVDAQ_4,night_or_low_power,system_4_2023_01_01.csv,2023-01-01,0.0,high_temperature
2023-01-01 01:34:00,0.0,0.7380178,118.0033,0.1760964999999999,2.782273,PVDAQ_4,night_or_low_power,system_4_2023_01_01.csv,2023-01-01,0.0,high_temperature
2023-01-01 01:35:00,0.0,0.61187,117.9834,0.1761093,2.78443,PVDAQ_4,night_or_low_power,system_4_2023_01_01.csv,2023-01-01,0.0,high_temperature
2023-01-01 01:36:00,0.0,0.5763409,118.0236,0.1761118,2.766903,PVDAQ_4,night_or_low_power,system_4_2023_01_01.csv,2023-01-01,0.0,high_temperature
2023-01-01 01:37:00,0.0,0.5328386,118.0425,0.1762074999999999,2.814819,PVDAQ_4,night_or_low_power,system_4_2023_01_01.csv,2023-01-01,0.0,high_temperature
2023-01-01 01:38:00,0.0,0.5389327,118.0736,0.1763483,2.794366,PVDAQ_4,night_or_low_power,system_4_2023_01_01.csv,2023-01-01,0.0,high_temperature
2023-01-01 01:39:00,0.0,0.5519933,118.031,0.1762097,2.800642,PVDAQ_4,night_or_low_power,system_4_2023_01_01.csv,2023-01-01,0.0,high_temperature
2023-01-01 01:40:00,0.0,0.7473149,117.9834,0.1762814,2.79549,PVDAQ_4,night_or_low_power,system_4_2023_01_01.csv,2023-01-01,0.0,high_temperature
2023-01-01 01:41:00,0.0,0.8299438999999998,117.9761,0.1760246,2.793502,PVDAQ_4,night_or_low_power,system_4_2023_01_01.csv,2023-01-01,0.0,high_temperature
2023-01-01 01:42:00,0.0,1.016907,118.0204,0.1760607999999999,2.789076,PVDAQ_4,night_or_low_power,system_4_2023_01_01.csv,2023-01-01,0.0,high_temperature
2023-01-01 01:43:00,0.0,0.9579597,118.0658,0.1760674,2.791889,PVDAQ_4,night_or_low_power,system_4_2023_01_01.csv,2023-01-01,0.0,high_temperature
2023-01-01 01:44:00,0.0,0.9613162,118.0128,0.1759845999999999,2.794484,PVDAQ_4,night_or_low_power,system_4_2023_01_01.csv,2023-01-01,0.0,high_temperature
2023-01-01 01:45:00,0.0,0.9668682,118.1281,0.1762862,2.789753,PVDAQ_4,night_or_low_power,system_4_2023_01_01.csv,2023-01-01,0.0,high_temperature
2023-01-01 01:46:00,0.0,1.079172,118.1479,0.1763159,2.793582,PVDAQ_4,night_or_low_power,system_4_2023_01_01.csv,2023-01-01,0.0,high_temperature
2023-01-01 01:47:00,0.0,1.195793,118.2285,0.1763332,2.785156,PVDAQ_4,night_or_low_power,system_4_2023_01_01.csv,2023-01-01,0.0,high_temperature
2023-01-01 01:48:00,0.0,1.219692,118.3886,0.1766301999999999,2.804539,PVDAQ_4,night_or_low_power,system_4_2023_01_01.csv,2023-01-01,0.0,high_temperature
2023-01-01 01:49:00,0.0,1.384805,118.1602,0.1762942,2.792929,PVDAQ_4,night_or_low_power,system_4_2023_01_01.csv,2023-01-01,0.0,high_temperature
2023-01-01 01:50:00,0.0,1.363807,118.1018,0.1761857,2.791712,PVDAQ_4,night_or_low_power,system_4_2023_01_01.csv,2023-01-01,0.0,high_temperature
2023-01-01 01:51:00,0.0,1.333395,118.1283,0.1761122,2.78265,PVDAQ_4,night_or_low_power,system_4_2023_01_01.csv,2023-01-01,0.0,high_temperature
2023-01-01 01:52:00,0.0,1.265817,118.2009,0.1762543,2.793168,PVDAQ_4,night_or_low_power,system_4_2023_01_01.csv,2023-01-01,0.0,high_temperature
2023-01-01 01:53:00,0.0,1.339724,118.4109,0.1768101,2.813229,PVDAQ_4,night_or_low_power,system_4_2023_01_01.csv,2023-01-01,0.0,high_temperature
2023-01-01 01:54:00,0.0,1.331279,118.4025,0.1767102,2.804999,PVDAQ_4,night_or_low_power,system_4_2023_01_01.csv,2023-01-01,0.0,high_temperature
2023-01-01 01:55:00,0.0,1.352275,118.3308,0.1765468,2.822891,PVDAQ_4,night_or_low_power,system_4_2023_01_01.csv,2023-01-01,0.0,high_temperature
2023-01-01 01:56:00,0.0,1.600585,118.2407,0.1764281,2.794106,PVDAQ_4,night_or_low_power,system_4_2023_01_01.csv,2023-01-01,0.0,high_temperature
2023-01-01 01:57:00,0.0,1.596364,118.2619,0.1764375,2.807894,PVDAQ_4,night_or_low_power,system_4_2023_01_01.csv,2023-01-01,0.0,high_temperature
2023-01-01 01:58:00,0.0,1.502262,118.257,0.1764081999999999,2.809486,PVDAQ_4,night_or_low_power,system_4_2023_01_01.csv,2023-01-01,0.0,high_temperature
2023-01-01 01:59:00,0.0,1.426974,118.2775,0.1765065,2.79807,PVDAQ_4,night_or_low_power,system_4_2023_01_01.csv,2023-01-01,0.0,high_temperature
2023-01-01 02:00:00,0.0,1.434939,118.3146,0.1766128999999999,2.787489,PVDAQ_4,night_or_low_power,system_4_2023_01_01.csv,2023-01-01,0.0,high_temperature
2023-01-01 02:01:00,0.0,1.479826,118.3046,0.1764669,2.809799,PVDAQ_4,night_or_low_power,system_4_2023_01_01.csv,2023-01-01,0.0,high_temperature
2023-01-01 02:02:00,0.0,1.400919,118.3232,0.1765428,2.811884,PVDAQ_4,night_or_low_power,system_4_2023_01_01.csv,2023-01-01,0.0,high_temperature
2023-01-01 02:03:00,0.0,1.340625,118.2256,0.1763681,2.817148,PVDAQ_4,night_or_low_power,system_4_2023_01_01.csv,2023-01-01,0.0,high_temperature
2023-01-01 02:04:00,0.0,1.206161,118.0976,0.1761122,2.775111,PVDAQ_4,night_or_low_power,system_4_2023_01_01.csv,2023-01-01,0.0,high_temperature
2023-01-01 02:05:00,0.0,1.056213,118.0712,0.1760108,2.795221,PVDAQ_4,night_or_low_power,system_4_2023_01_01.csv,2023-01-01,0.0,high_temperature
2023-01-01 02:06:00,0.0,1.090261,118.0641,0.1760772999999999,2.802173,PVDAQ_4,night_or_low_power,system_4_2023_01_01.csv,2023-01-01,0.0,high_temperature
2023-01-01 02:07:00,0.0,1.152349,118.1024,0.1760324,2.799335,PVDAQ_4,night_or_low_power,system_4_2023_01_01.csv,2023-01-01,0.0,high_temperature
2023-01-01 02:08:00,0.0,1.188097,118.1103,0.1761427,2.816475,PVDAQ_4,night_or_low_power,system_4_2023_01_01.csv,2023-01-01,0.0,high_temperature
2023-01-01 02:09:00,0.0,1.257627,118.1418,0.1761303999999999,2.807826,PVDAQ_4,night_or_low_power,system_4_2023_01_01.csv,2023-01-01,0.0,high_temperature
2023-01-01 02:10:00,0.0,1.214898,118.1293,0.1760888999999999,2.804267,PVDAQ_4,night_or_low_power,system_4_2023_01_01.csv,2023-01-01,0.0,high_temperature
2023-01-01 02:11:00,0.0,1.166804,118.0295,0.1760250999999999,2.790518,PVDAQ_4,night_or_low_power,system_4_2023_01_01.csv,2023-01-01,0.0,high_temperature
2023-01-01 02:12:00,0.0,1.12551,118.1059,0.176033,2.796713,PVDAQ_4,night_or_low_power,system_4_2023_01_01.csv,2023-01-01,0.0,high_temperature
2023-01-01 02:13:00,0.0,1.120148,118.2136,0.1762265,2.814633,PVDAQ_4,night_or_low_power,system_4_2023_01_01.csv,2023-01-01,0.0,high_temperature
2023-01-01 02:14:00,0.0,1.014375,118.219,0.1762081,2.796639,PVDAQ_4,night_or_low_power,system_4_2023_01_01.csv,2023-01-01,0.0,high_temperature
2023-01-01 02:15:00,0.0,0.9861171,118.0937,0.1761963,2.805499,PVDAQ_4,night_or_low_power,system_4_2023_01_01.csv,2023-01-01,0.0,high_temperature
2023-01-01 02:16:00,0.0,1.02452,118.0697,0.1760009999999999,2.792994,PVDAQ_4,night_or_low_power,system_4_2023_01_01.csv,2023-01-01,0.0,high_temperature
2023-01-01 02:17:00,0.0,1.10928,118.0926,0.1760674999999999,2.805891,PVDAQ_4,night_or_low_power,system_4_2023_01_01.csv,2023-01-01,0.0,high_temperature
2023-01-01 02:18:00,0.0,1.172302,118.2704,0.1763485999999999,2.811051,PVDAQ_4,night_or_low_power,system_4_2023_01_01.csv,2023-01-01,0.0,high_temperature
2023-01-01 02:19:00,0.0,1.174475,118.1046,0.1761489,2.800947,PVDAQ_4,night_or_low_power,system_4_2023_01_01.csv,2023-01-01,0.0,high_temperature
2023-01-01 02:20:00,0.0,1.156364,118.0811,0.1761337,2.797351,PVDAQ_4,night_or_low_power,system_4_2023_01_01.csv,2023-01-01,0.0,high_temperature
2023-01-01 02:21:00,0.0,1.368569,118.162,0.1762426,2.785592,PVDAQ_4,night_or_low_power,system_4_2023_01_01.csv,2023-01-01,0.0,high_temperature
2023-01-01 02:22:00,0.0,1.459811,118.1693,0.176208,2.808758,PVDAQ_4,night_or_low_power,system_4_2023_01_01.csv,2023-01-01,0.0,high_temperature
2023-01-01 02:23:00,0.0,1.307761,118.2155,0.1762796,2.79307,PVDAQ_4,night_or_low_power,system_4_2023_01_01.csv,2023-01-01,0.0,high_temperature
2023-01-01 02:24:00,0.0,1.262652,118.2409,0.1763692,2.803812,PVDAQ_4,night_or_low_power,system_4_2023_01_01.csv,2023-01-01,0.0,high_temperature
2023-01-01 02:25:00,0.0,1.343034,118.2373,0.1762672999999999,2.799376,PVDAQ_4,night_or_low_power,system_4_2023_01_01.csv,2023-01-01,0.0,high_temperature
2023-01-01 02:26:00,0.0,1.363548,118.2104,0.1762757,2.809072,PVDAQ_4,night_or_low_power,system_4_2023_01_01.csv,2023-01-01,0.0,high_temperature
2023-01-01 02:27:00,0.0,1.447537,118.2183,0.176147,2.806221,PVDAQ_4,night_or_low_power,system_4_2023_01_01.csv,2023-01-01,0.0,high_temperature
2023-01-01 02:28:00,0.0,1.547439,118.1974,0.1761992,2.789609,PVDAQ_4,night_or_low_power,system_4_2023_01_01.csv,2023-01-01,0.0,high_temperature
2023-01-01 02:29:00,0.0,1.381649,118.1928,0.1761542,2.813371,PVDAQ_4,night_or_low_power,system_4_2023_01_01.csv,2023-01-01,0.0,high_temperature
2023-01-01 02:30:00,0.0,1.399026,118.244,0.1763637999999999,2.79636,PVDAQ_4,night_or_low_power,system_4_2023_01_01.csv,2023-01-01,0.0,high_temperature
2023-01-01 02:31:00,0.0,1.526458,118.2244,0.1763137999999999,2.810957,PVDAQ_4,night_or_low_power,system_4_2023_01_01.csv,2023-01-01,0.0,high_temperature
2023-01-01 02:32:00,0.0,1.512994,118.2328,0.1763064,2.810588,PVDAQ_4,night_or_low_power,system_4_2023_01_01.csv,2023-01-01,0.0,high_temperature
2023-01-01 02:33:00,0.0,1.543241,118.2459,0.1763344,2.806986,PVDAQ_4,night_or_low_power,system_4_2023_01_01.csv,2023-01-01,0.0,high_temperature
2023-01-01 02:34:00,0.0,1.336887,118.2814,0.1764203,2.818438,PVDAQ_4,night_or_low_power,system_4_2023_01_01.csv,2023-01-01,0.0,high_temperature
2023-01-01 02:35:00,0.0,1.028322,118.2936,0.1763831999999999,2.795171,PVDAQ_4,night_or_low_power,system_4_2023_01_01.csv,2023-01-01,0.0,high_temperature
2023-01-01 02:36:00,0.0,0.9416666,118.3003,0.1764752,2.804017,PVDAQ_4,night_or_low_power,system_4_2023_01_01.csv,2023-01-01,0.0,high_temperature
2023-01-01 02:37:00,0.0,0.986356,118.3469,0.1765634,2.812854,PVDAQ_4,night_or_low_power,system_4_2023_01_01.csv,2023-01-01,0.0,high_temperature
2023-01-01 02:38:00,0.0,1.052289,118.3933,0.1765534,2.797293,PVDAQ_4,night_or_low_power,system_4_2023_01_01.csv,2023-01-01,0.0,high_temperature
2023-01-01 02:39:00,0.0,1.010991,118.4208,0.1765689,2.820325,PVDAQ_4,night_or_low_power,system_4_2023_01_01.csv,2023-01-01,0.0,high_temperature
2023-01-01 02:40:00,0.0,1.026931,118.462,0.1767720999999999,2.81643,PVDAQ_4,night_or_low_power,system_4_2023_01_01.csv,2023-01-01,0.0,high_temperature
2023-01-01 02:41:00,0.0,1.031275,118.3204,0.1765549999999999,2.795872,PVDAQ_4,night_or_low_power,system_4_2023_01_01.csv,2023-01-01,0.0,high_temperature
2023-01-01 02:42:00,0.0,1.003017,118.353,0.1764158,2.81116,PVDAQ_4,night_or_low_power,system_4_2023_01_01.csv,2023-01-01,0.0,high_temperature
2023-01-01 02:43:00,0.0,0.9175144,118.3702,0.1764341,2.807123,PVDAQ_4,night_or_low_power,system_4_2023_01_01.csv,2023-01-01,0.0,high_temperature
2023-01-01 02:44:00,0.0,0.8153264,118.3483,0.1763759,2.824886,PVDAQ_4,night_or_low_power,system_4_2023_01_01.csv,2023-01-01,0.0,high_temperature
2023-01-01 02:45:00,0.0,0.7145879,118.381,0.1765181999999999,2.816476,PVDAQ_4,night_or_low_power,system_4_2023_01_01.csv,2023-01-01,0.0,high_temperature
2023-01-01 02:46:00,0.0,0.670367,118.3304,0.1764236,2.804758,PVDAQ_4,night_or_low_power,system_4_2023_01_01.csv,2023-01-01,0.0,high_temperature
2023-01-01 02:47:00,0.0,0.5732112,118.4175,0.1765475,2.817117,PVDAQ_4,night_or_low_power,system_4_2023_01_01.csv,2023-01-01,0.0,high_temperature
2023-01-01 02:48:00,0.0,0.4412286,118.4096,0.1764684,2.807001,PVDAQ_4,night_or_low_power,system_4_2023_01_01.csv,2023-01-01,0.0,high_temperature
2023-01-01 02:49:00,0.0,0.5758408999999999,118.4276,0.1765176,2.822368,PVDAQ_4,night_or_low_power,system_4_2023_01_01.csv,2023-01-01,0.0,high_temperature
2023-01-01 02:50:00,0.0,0.7316856,118.3985,0.1764730999999999,2.803579,PVDAQ_4,night_or_low_power,system_4_2023_01_01.csv,2023-01-01,0.0,high_temperature
2023-01-01 02:51:00,0.0,0.6637667,118.4033,0.1764117,2.813735,PVDAQ_4,night_or_low_power,system_4_2023_01_01.csv,2023-01-01,0.0,high_temperature
2023-01-01 02:52:00,0.0,0.7390187,118.4031,0.1764506999999999,2.806493,PVDAQ_4,night_or_low_power,system_4_2023_01_01.csv,2023-01-01,0.0,high_temperature
2023-01-01 02:53:00,0.0,0.7339543,118.4034,0.1764728,2.817125,PVDAQ_4,night_or_low_power,system_4_2023_01_01.csv,2023-01-01,0.0,high_temperature
2023-01-01 02:54:00,0.0,0.7122135,118.425,0.1765438,2.832272,PVDAQ_4,night_or_low_power,system_4_2023_01_01.csv,2023-01-01,0.0,high_temperature
2023-01-01 02:55:00,0.0,0.7064236999999999,118.451,0.176487,2.826733,PVDAQ_4,night_or_low_power,system_4_2023_01_01.csv,2023-01-01,0.0,high_temperature
2023-01-01 02:56:00,0.0,0.8325304,118.3612,0.1763426999999999,2.826232,PVDAQ_4,night_or_low_power,system_4_2023_01_01.csv,2023-01-01,0.0,high_temperature
2023-01-01 02:57:00,0.0,0.8694549999999999,118.4049,0.1765101,2.826231,PVDAQ_4,night_or_low_power,system_4_2023_01_01.csv,2023-01-01,0.0,high_temperature
2023-01-01 02:58:00,0.0,0.9940891,118.4471,0.1765413,2.833394,PVDAQ_4,night_or_low_power,system_4_2023_01_01.csv,2023-01-01,0.0,high_temperature
2023-01-01 02:59:00,0.0,1.057853,118.4617,0.1766568,2.83417,PVDAQ_4,night_or_low_power,system_4_2023_01_01.csv,2023-01-01,0.0,high_temperature
2023-01-01 03:00:00,0.0,0.7888435999999999,118.4937,0.1766476999999999,2.839031,PVDAQ_4,night_or_low_power,system_4_2023_01_01.csv,2023-01-01,0.0,high_temperature
2023-01-01 03:08:00,0.0,0.3190267,118.5047,0.1766479,2.823784,PVDAQ_4,night_or_low_power,system_4_2023_01_01.csv,2023-01-01,0.0,high_temperature
2023-01-01 03:36:00,0.0,0.3929929999999999,117.8603,0.1757621,2.798581,PVDAQ_4,night_or_low_power,system_4_2023_01_01.csv,2023-01-01,0.0,high_temperature
2023-01-01 03:37:00,0.0,0.6571304,117.8306,0.1755563,2.756726,PVDAQ_4,night_or_low_power,system_4_2023_01_01.csv,2023-01-01,0.0,high_temperature
2023-01-01 03:38:00,0.0,0.530939,117.8305,0.1755346999999999,2.786393,PVDAQ_4,night_or_low_power,system_4_2023_01_01.csv,2023-01-01,0.0,high_temperature
2023-01-01 03:39:00,0.0,0.4446408,118.0426,0.1760375,2.783536,PVDAQ_4,night_or_low_power,system_4_2023_01_01.csv,2023-01-01,0.0,high_temperature
2023-01-01 03:40:00,0.0,0.3677687,118.0039,0.1759223,2.802542,PVDAQ_4,night_or_low_power,system_4_2023_01_01.csv,2023-01-01,0.0,high_temperature
2023-01-01 03:41:00,0.0,0.4285718,117.8861,0.1757397,2.812282,PVDAQ_4,night_or_low_power,system_4_2023_01_01.csv,2023-01-01,0.0,high_temperature
2023-01-01 03:42:00,0.0,0.3896335,117.9236,0.1757556,2.787956,PVDAQ_4,night_or_low_power,system_4_2023_01_01.csv,2023-01-01,0.0,high_temperature
2023-01-01 03:46:00,0.0,0.3672019,118.0122,0.1757884999999999,2.795948,PVDAQ_4,night_or_low_power,system_4_2023_01_01.csv,2023-01-01,0.0,high_temperature
2023-01-01 03:47:00,0.0,0.4501933,118.0242,0.1758879999999999,2.789325,PVDAQ_4,night_or_low_power,system_4_2023_01_01.csv,2023-01-01,0.0,high_temperature
2023-01-01 03:48:00,0.0,0.5321430999999999,118.0609,0.1760734999999999,2.801576,PVDAQ_4,night_or_low_power,system_4_2023_01_01.csv,2023-01-01,0.0,high_temperature
2023-01-01 03:49:00,0.0,0.838782,118.0424,0.1758773999999999,2.805927,PVDAQ_4,night_or_low_power,system_4_2023_01_01.csv,2023-01-01,0.0,high_temperature
2023-01-01 03:50:00,0.0,1.274001,118.128,0.1759724,2.804198,PVDAQ_4,night_or_low_power,system_4_2023_01_01.csv,2023-01-01,0.0,high_temperature
2023-01-01 03:51:00,0.0,1.104495,118.3174,0.1762931,2.801591,PVDAQ_4,night_or_low_power,system_4_2023_01_01.csv,2023-01-01,0.0,high_temperature
2023-01-01 03:52:00,0.0,1.027941,118.3061,0.1762875,2.821747,PVDAQ_4,night_or_low_power,system_4_2023_01_01.csv,2023-01-01,0.0,high_temperature
2023-01-01 03:53:00,0.0,1.019957,118.2795,0.1762275,2.806747,PVDAQ_4,night_or_low_power,system_4_2023_01_01.csv,2023-01-01,0.0,high_temperature
2023-01-01 03:54:00,0.0,1.208304,118.2701,0.1762903,2.815688,PVDAQ_4,night_or_low_power,system_4_2023_01_01.csv,2023-01-01,0.0,high_temperature
2023-01-01 03:55:00,0.0,1.241592,118.2667,0.1762608,2.805869,PVDAQ_4,night_or_low_power,system_4_2023_01_01.csv,2023-01-01,0.0,high_temperature
2023-01-01 03:56:00,0.0,1.320668,118.2592,0.1762761999999999,2.816266,PVDAQ_4,night_or_low_power,system_4_2023_01_01.csv,2023-01-01,0.0,high_temperature
2023-01-01 03:57:00,0.0,1.46113,118.295,0.1763627999999999,2.803588,PVDAQ_4,night_or_low_power,system_4_2023_01_01.csv,2023-01-01,0.0,high_temperature
2023-01-01 03:58:00,0.0,1.582315,118.236,0.1763333,2.787787,PVDAQ_4,night_or_low_power,system_4_2023_01_01.csv,2023-01-01,0.0,high_temperature
2023-01-01 03:59:00,0.0,1.34403,118.2471,0.1762224,2.80183,PVDAQ_4,night_or_low_power,system_4_2023_01_01.csv,2023-01-01,0.0,high_temperature
2023-01-01 04:00:00,0.0,1.346909,118.2376,0.1761890999999999,2.791482,PVDAQ_4,night_or_low_power,system_4_2023_01_01.csv,2023-01-01,0.0,high_temperature
2023-01-01 04:01:00,0.0,1.350988,118.2811,0.176205,2.818588,PVDAQ_4,night_or_low_power,system_4_2023_01_01.csv,2023-01-01,0.0,high_temperature
2023-01-01 04:02:00,0.0,1.405946,118.2936,0.1762111,2.805117,PVDAQ_4,night_or_low_power,system_4_2023_01_01.csv,2023-01-01,0.0,high_temperature
2023-01-01 04:03:00,0.0,1.63249,118.2995,0.1762655999999999,2.806225,PVDAQ_4,night_or_low_power,system_4_2023_01_01.csv,2023-01-01,0.0,high_temperature
2023-01-01 04:04:00,0.0,1.642179,118.3036,0.1762667,2.805927,PVDAQ_4,night_or_low_power,system_4_2023_01_01.csv,2023-01-01,0.0,high_temperature
2023-01-01 04:05:00,0.0,1.894802,118.3034,0.1763116,2.800184,PVDAQ_4,night_or_low_power,system_4_2023_01_01.csv,2023-01-01,0.0,high_temperature
2023-01-01 04:06:00,0.0,1.839619,118.3119,0.1763207,2.802849,PVDAQ_4,night_or_low_power,system_4_2023_01_01.csv,2023-01-01,0.0,high_temperature
2023-01-01 04:07:00,0.0,1.601467,118.3196,0.1764416,2.823729,PVDAQ_4,night_or_low_power,system_4_2023_01_01.csv,2023-01-01,0.0,high_temperature
2023-01-01 04:08:00,0.0,1.416153,118.3302,0.1763256,2.801867,PVDAQ_4,night_or_low_power,system_4_2023_01_01.csv,2023-01-01,0.0,high_temperature
2023-01-01 04:09:00,0.0,1.296941,118.2872,0.1763154999999999,2.81526,PVDAQ_4,night_or_low_power,system_4_2023_01_01.csv,2023-01-01,0.0,high_temperature
2023-01-01 04:10:00,0.0,1.196202,118.3123,0.1762823,2.808329,PVDAQ_4,night_or_low_power,system_4_2023_01_01.csv,2023-01-01,0.0,high_temperature
2023-01-01 04:11:00,0.0,1.241083,118.2994,0.1763607,2.812037,PVDAQ_4,night_or_low_power,system_4_2023_01_01.csv,2023-01-01,0.0,high_temperature
2023-01-01 04:12:00,0.0,1.252918,118.3314,0.1763769,2.814642,PVDAQ_4,night_or_low_power,system_4_2023_01_01.csv,2023-01-01,0.0,high_temperature
2023-01-01 04:13:00,0.0,1.19589,118.3344,0.1761822,2.804007,PVDAQ_4,night_or_low_power,system_4_2023_01_01.csv,2023-01-01,0.0,high_temperature
2023-01-01 04:14:00,0.0,1.159384,118.2994,0.1763053,2.823488,PVDAQ_4,night_or_low_power,system_4_2023_01_01.csv,2023-01-01,0.0,high_temperature
2023-01-01 04:15:00,0.0,1.083924,118.2612,0.1762693999999999,2.833982,PVDAQ_4,night_or_low_power,system_4_2023_01_01.csv,2023-01-01,0.0,high_temperature
2023-01-01 04:16:00,0.0,0.8856667999999999,118.291,0.176264,2.813229,PVDAQ_4,night_or_low_power,system_4_2023_01_01.csv,2023-01-01,0.0,high_temperature
2023-01-01 04:17:00,0.0,0.6989134,118.2633,0.1761059,2.811422,PVDAQ_4,night_or_low_power,system_4_2023_01_01.csv,2023-01-01,0.0,high_temperature
2023-01-01 04:18:00,0.0,0.6914565,118.292,0.1762758,2.80589,PVDAQ_4,night_or_low_power,system_4_2023_01_01.csv,2023-01-01,0.0,high_temperature
2023-01-01 04:19:00,0.0,0.7506833,118.3649,0.1763413,2.813001,PVDAQ_4,night_or_low_power,system_4_2023_01_01.csv,2023-01-01,0.0,high_temperature
2023-01-01 04:20:00,0.0,0.8538630999999999,118.3041,0.1763245,2.800287,PVDAQ_4,night_or_low_power,system_4_2023_01_01.csv,2023-01-01,0.0,high_temperature
2023-01-01 04:21:00,0.0,0.8360168,118.2347,0.1762973999999999,2.791977,PVDAQ_4,night_or_low_power,system_4_2023_01_01.csv,2023-01-01,0.0,high_temperature
2023-01-01 04:22:00,0.0,0.8344270999999999,118.2144,0.1761995,2.794513,PVDAQ_4,night_or_low_power,system_4_2023_01_01.csv,2023-01-01,0.0,high_temperature
2023-01-01 04:23:00,0.0,1.033733,118.2243,0.1762961999999999,2.796245,PVDAQ_4,night_or_low_power,system_4_2023_01_01.csv,2023-01-01,0.0,high_temperature
2023-01-01 04:24:00,0.0,1.026921,118.1897,0.1762485,2.819678,PVDAQ_4,night_or_low_power,system_4_2023_01_01.csv,2023-01-01,0.0,high_temperature
2023-01-01 04:25:00,0.0,1.00995,118.1754,0.1761844999999999,2.800629,PVDAQ_4,night_or_low_power,system_4_2023_01_01.csv,2023-01-01,0.0,high_temperature
2023-01-01 04:26:00,0.0,0.9698747,118.1469,0.1760338999999999,2.782484,PVDAQ_4,night_or_low_power,system_4_2023_01_01.csv,2023-01-01,0.0,high_temperature
2023-01-01 04:27:00,0.0,1.088241,118.1294,0.1761238,2.801636,PVDAQ_4,night_or_low_power,system_4_2023_01_01.csv,2023-01-01,0.0,high_temperature
2023-01-01 04:28:00,0.0,1.1315,118.199,0.1762017999999999,2.811985,PVDAQ_4,night_or_low_power,system_4_2023_01_01.csv,2023-01-01,0.0,high_temperature
2023-01-01 04:29:00,0.0,1.121032,118.1878,0.1762179,2.798148,PVDAQ_4,night_or_low_power,system_4_2023_01_01.csv,2023-01-01,0.0,high_temperature
2023-01-01 04:30:00,0.0,1.038425,118.1392,0.1760903,2.787462,PVDAQ_4,night_or_low_power,system_4_2023_01_01.csv,2023-01-01,0.0,high_temperature
2023-01-01 04:31:00,0.0,0.9406057,118.091,0.1758722,2.810439,PVDAQ_4,night_or_low_power,system_4_2023_01_01.csv,2023-01-01,0.0,high_temperature
2023-01-01 04:32:00,0.0,1.019629,118.1781,0.1761572,2.814111,PVDAQ_4,night_or_low_power,system_4_2023_01_01.csv,2023-01-01,0.0,high_temperature
2023-01-01 04:33:00,0.0,1.046574,118.2417,0.1762346999999999,2.808637,PVDAQ_4,night_or_low_power,system_4_2023_01_01.csv,2023-01-01,0.0,high_temperature
2023-01-01 04:34:00,0.0,1.198691,118.2416,0.1761392,2.812207,PVDAQ_4,night_or_low_power,system_4_2023_01_01.csv,2023-01-01,0.0,high_temperature
2023-01-01 04:35:00,0.0,1.302523,118.243,0.1762518999999999,2.821117,PVDAQ_4,night_or_low_power,system_4_2023_01_01.csv,2023-01-01,0.0,high_temperature
2023-01-01 04:36:00,0.0,1.244941,118.222,0.1761858,2.807972,PVDAQ_4,night_or_low_power,system_4_2023_01_01.csv,2023-01-01,0.0,high_temperature
2023-01-01 04:37:00,0.0,1.230744,118.211,0.1761959999999999,2.789913,PVDAQ_4,night_or_low_power,system_4_2023_01_01.csv,2023-01-01,0.0,high_temperature
2023-01-01 04:38:00,0.0,1.203221,118.2572,0.176377,2.812567,PVDAQ_4,night_or_low_power,system_4_2023_01_01.csv,2023-01-01,0.0,high_temperature
2023-01-01 04:39:00,0.0,1.293543,118.2643,0.1763343,2.811445,PVDAQ_4,night_or_low_power,system_4_2023_01_01.csv,2023-01-01,0.0,high_temperature
2023-01-01 04:40:00,0.0,1.318422,118.2518,0.1760961,2.811897,PVDAQ_4,night_or_low_power,system_4_2023_01_01.csv,2023-01-01,0.0,high_temperature
2023-01-01 04:41:00,0.0,1.171674,118.2028,0.176099,2.812858,PVDAQ_4,night_or_low_power,system_4_2023_01_01.csv,2023-01-01,0.0,high_temperature
2023-01-01 04:42:00,0.0,1.169992,118.1887,0.1760856,2.795811,PVDAQ_4,night_or_low_power,system_4_2023_01_01.csv,2023-01-01,0.0,high_temperature
2023-01-01 04:43:00,0.0,1.194756,118.2269,0.1762223,2.811907,PVDAQ_4,night_or_low_power,system_4_2023_01_01.csv,2023-01-01,0.0,high_temperature
2023-01-01 04:44:00,0.0,1.186568,118.2254,0.1763306,2.812334,PVDAQ_4,night_or_low_power,system_4_2023_01_01.csv,2023-01-01,0.0,high_temperature
2023-01-01 04:45:00,0.0,1.081801,118.2113,0.1762145,2.833281,PVDAQ_4,night_or_low_power,system_4_2023_01_01.csv,2023-01-01,0.0,high_temperature
2023-01-01 04:46:00,0.0,1.066589,118.1688,0.1760901,2.804427,PVDAQ_4,night_or_low_power,system_4_2023_01_01.csv,2023-01-01,0.0,high_temperature
2023-01-01 04:47:00,0.0,1.038333,118.1513,0.1760848,2.805185,PVDAQ_4,night_or_low_power,system_4_2023_01_01.csv,2023-01-01,0.0,high_temperature
2023-01-01 04:48:00,0.0,1.089906,118.1661,0.1760594,2.811502,PVDAQ_4,night_or_low_power,system_4_2023_01_01.csv,2023-01-01,0.0,high_temperature
2023-01-01 04:49:00,0.0,1.09063,118.1604,0.1760073,2.827389,PVDAQ_4,night_or_low_power,system_4_2023_01_01.csv,2023-01-01,0.0,high_temperature
2023-01-01 04:50:00,0.0,1.050565,118.1509,0.1760071,2.807635,PVDAQ_4,night_or_low_power,system_4_2023_01_01.csv,2023-01-01,0.0,high_temperature
2023-01-01 04:51:00,0.0,1.092136,118.1911,0.1761308,2.811759,PVDAQ_4,night_or_low_power,system_4_2023_01_01.csv,2023-01-01,0.0,high_temperature
2023-01-01 04:52:00,0.0,1.143565,118.1826,0.1761610999999999,2.811364,PVDAQ_4,night_or_low_power,system_4_2023_01_01.csv,2023-01-01,0.0,high_temperature
2023-01-01 04:53:00,0.0,1.200787,118.1919,0.1762008999999999,2.813918,PVDAQ_4,night_or_low_power,system_4_2023_01_01.csv,2023-01-01,0.0,high_temperature
2023-01-01 04:54:00,0.0,1.118472,118.1779,0.1760678,2.801203,PVDAQ_4,night_or_low_power,system_4_2023_01_01.csv,2023-01-01,0.0,high_temperature
2023-01-01 04:55:00,0.0,0.9922097,118.1966,0.1761398,2.811811,PVDAQ_4,night_or_low_power,system_4_2023_01_01.csv,2023-01-01,0.0,high_temperature
2023-01-01 04:56:00,0.0,0.9030784,118.1868,0.1761294999999999,2.818792,PVDAQ_4,night_or_low_power,system_4_2023_01_01.csv,2023-01-01,0.0,high_temperature
2023-01-01 04:57:00,0.0,0.8668405,118.0524,0.1759574,2.816841,PVDAQ_4,night_or_low_power,system_4_2023_01_01.csv,2023-01-01,0.0,high_temperature
2023-01-01 04:58:00,0.0,0.8190072,118.0449,0.1760271999999999,2.80285,PVDAQ_4,night_or_low_power,system_4_2023_01_01.csv,2023-01-01,0.0,high_temperature
2023-01-01 04:59:00,0.0,0.8648101999999999,118.0016,0.1759613999999999,2.802459,PVDAQ_4,night_or_low_power,system_4_2023_01_01.csv,2023-01-01,0.0,high_temperature
2023-01-01 05:00:00,0.0,0.7549384,117.9821,0.1758888,2.797633,PVDAQ_4,night_or_low_power,system_4_2023_01_01.csv,2023-01-01,0.0,high_temperature
2023-01-01 05:01:00,0.0,0.6363438999999999,117.9559,0.1757572,2.819745,PVDAQ_4,night_or_low_power,system_4_2023_01_01.csv,2023-01-01,0.0,high_temperature
2023-01-01 05:02:00,0.0,0.6160402,117.8769,0.1755857999999999,2.792457,PVDAQ_4,night_or_low_power,system_4_2023_01_01.csv,2023-01-01,0.0,high_temperature
2023-01-01 05:03:00,0.0,0.6167635,117.8942,0.1755785,2.804669,PVDAQ_4,night_or_low_power,system_4_2023_01_01.csv,2023-01-01,0.0,high_temperature
2023-01-01 05:04:00,0.0,0.6894812999999999,117.9414,0.1756667,2.79553,PVDAQ_4,night_or_low_power,system_4_2023_01_01.csv,2023-01-01,0.0,high_temperature
2023-01-01 05:05:00,0.0,0.7312431,117.9425,0.1756601,2.798353,PVDAQ_4,night_or_low_power,system_4_2023_01_01.csv,2023-01-01,0.0,high_temperature
2023-01-01 05:06:00,0.0,0.7305053999999999,117.9699,0.1758472,2.80478,PVDAQ_4,night_or_low_power,system_4_2023_01_01.csv,2023-01-01,0.0,high_temperature
2023-01-01 05:07:00,0.0,0.7065826,117.9777,0.1759089,2.810143,PVDAQ_4,night_or_low_power,system_4_2023_01_01.csv,2023-01-01,0.0,high_temperature
2023-01-01 05:08:00,0.0,0.6920427999999998,117.9711,0.1758807,2.786945,PVDAQ_4,night_or_low_power,system_4_2023_01_01.csv,2023-01-01,0.0,high_temperature
2023-01-01 05:09:00,0.0,0.8058414,117.9822,0.1758248,2.818414,PVDAQ_4,night_or_low_power,system_4_2023_01_01.csv,2023-01-01,0.0,high_temperature
2023-01-01 05:10:00,0.0,0.8484819,117.9717,0.1758417999999999,2.797711,PVDAQ_4,night_or_low_power,system_4_2023_01_01.csv,2023-01-01,0.0,high_temperature
2023-01-01 05:11:00,0.0,0.8173160999999999,117.9611,0.1758541,2.798075,PVDAQ_4,night_or_low_power,system_4_2023_01_01.csv,2023-01-01,0.0,high_temperature
2023-01-01 05:12:00,0.0,0.8424276,117.9745,0.1759823,2.812596,PVDAQ_4,night_or_low_power,system_4_2023_01_01.csv,2023-01-01,0.0,high_temperature
2023-01-01 05:13:00,0.0,1.175921,117.9866,0.1760083,2.81135,PVDAQ_4,night_or_low_power,system_4_2023_01_01.csv,2023-01-01,0.0,high_temperature
2023-01-01 05:14:00,0.0,1.320487,118.0117,0.1760229,2.794664,PVDAQ_4,night_or_low_power,system_4_2023_01_01.csv,2023-01-01,0.0,high_temperature
2023-01-01 05:15:00,0.0,1.277912,117.9953,0.1760186,2.807524,PVDAQ_4,night_or_low_power,system_4_2023_01_01.csv,2023-01-01,0.0,high_temperature
2023-01-01 05:16:00,0.0,1.33006,117.9963,0.175821,2.815038,PVDAQ_4,night_or_low_power,system_4_2023_01_01.csv,2023-01-01,0.0,high_temperature
2023-01-01 05:17:00,0.0,1.406779,117.9365,0.1757692999999999,2.805723,PVDAQ_4,night_or_low_power,system_4_2023_01_01.csv,2023-01-01,0.0,high_temperature
2023-01-01 05:18:00,0.0,1.568208,117.934,0.1757948,2.785865,PVDAQ_4,night_or_low_power,system_4_2023_01_01.csv,2023-01-01,0.0,high_temperature
2023-01-01 05:19:00,0.0,1.513907,117.9341,0.1758045,2.811166,PVDAQ_4,night_or_low_power,system_4_2023_01_01.csv,2023-01-01,0.0,high_temperature
2023-01-01 05:20:00,0.0,1.352406,117.9165,0.175618,2.804662,PVDAQ_4,night_or_low_power,system_4_2023_01_01.csv,2023-01-01,0.0,high_temperature
2023-01-01 05:21:00,0.0,1.193075,117.9433,0.1757719,2.803158,PVDAQ_4,night_or_low_power,system_4_2023_01_01.csv,2023-01-01,0.0,high_temperature
2023-01-01 05:22:00,0.0,1.084419,117.9353,0.175851,2.807929,PVDAQ_4,night_or_low_power,system_4_2023_01_01.csv,2023-01-01,0.0,high_temperature
2023-01-01 05:23:00,0.0,1.013419,118.0443,0.1760280999999999,2.814871,PVDAQ_4,night_or_low_power,system_4_2023_01_01.csv,2023-01-01,0.0,high_temperature
2023-01-01 05:24:00,0.0,0.9813931,118.0828,0.1761587,2.806467,PVDAQ_4,night_or_low_power,system_4_2023_01_01.csv,2023-01-01,0.0,high_temperature
2023-01-01 05:25:00,0.0,0.7045324,117.9877,0.1759976,2.796262,PVDAQ_4,night_or_low_power,system_4_2023_01_01.csv,2023-01-01,0.0,high_temperature
2023-01-01 05:26:00,0.0,0.5498467999999999,118.0084,0.1759844999999999,2.804832,PVDAQ_4,night_or_low_power,system_4_2023_01_01.csv,2023-01-01,0.0,high_temperature
2023-01-01 05:27:00,0.0,0.5776088,117.9583,0.1758259,2.797081,PVDAQ_4,night_or_low_power,system_4_2023_01_01.csv,2023-01-01,0.0,high_temperature
2023-01-01 05:28:00,0.0,0.6450438,117.9942,0.1759613999999999,2.791019,PVDAQ_4,night_or_low_power,system_4_2023_01_01.csv,2023-01-01,0.0,high_temperature
2023-01-01 05:29:00,0.0,0.7729361999999999,117.9818,0.1757725,2.79418,PVDAQ_4,night_or_low_power,system_4_2023_01_01.csv,2023-01-01,0.0,high_temperature
2023-01-01 05:30:00,0.0,0.7391647,117.9914,0.1757921,2.792111,PVDAQ_4,night_or_low_power,system_4_2023_01_01.csv,2023-01-01,0.0,high_temperature
2023-01-01 05:31:00,0.0,0.8232106999999999,117.9944,0.1759145,2.806435,PVDAQ_4,night_or_low_power,system_4_2023_01_01.csv,2023-01-01,0.0,high_temperature
2023-01-01 05:32:00,0.0,0.980458,117.9755,0.1757594,2.812915,PVDAQ_4,night_or_low_power,system_4_2023_01_01.csv,2023-01-01,0.0,high_temperature
2023-01-01 05:33:00,0.0,1.015962,117.9721,0.1758786,2.807231,PVDAQ_4,night_or_low_power,system_4_2023_01_01.csv,2023-01-01,0.0,high_temperature
2023-01-01 05:34:00,0.0,0.8793104,117.9952,0.1758479,2.81025,PVDAQ_4,night_or_low_power,system_4_2023_01_01.csv,2023-01-01,0.0,high_temperature
2023-01-01 05:35:00,0.0,0.7070939,117.8734,0.1756503,2.777836,PVDAQ_4,night_or_low_power,system_4_2023_01_01.csv,2023-01-01,0.0,high_temperature
2023-01-01 05:36:00,0.0,0.6304442999999998,117.926,0.1756485999999999,2.802685,PVDAQ_4,night_or_low_power,system_4_2023_01_01.csv,2023-01-01,0.0,high_temperature
2023-01-01 05:37:00,0.0,0.6011973999999999,117.9314,0.1757884999999999,2.815757,PVDAQ_4,night_or_low_power,system_4_2023_01_01.csv,2023-01-01,0.0,high_temperature
2023-01-01 05:38:00,0.0,0.7488148,117.9313,0.1758386999999999,2.810185,PVDAQ_4,night_or_low_power,system_4_2023_01_01.csv,2023-01-01,0.0,high_temperature
2023-01-01 05:39:00,0.0,0.7186118,117.9766,0.1760031,2.80788,PVDAQ_4,night_or_low_power,system_4_2023_01_01.csv,2023-01-01,0.0,high_temperature
2023-01-01 05:40:00,0.0,0.6080010999999998,117.9952,0.1760888999999999,2.797412,PVDAQ_4,night_or_low_power,system_4_2023_01_01.csv,2023-01-01,0.0,high_temperature
2023-01-01 05:41:00,0.0,0.5292575,118.0312,0.1760461,2.806485,PVDAQ_4,night_or_low_power,system_4_2023_01_01.csv,2023-01-01,0.0,high_temperature
2023-01-01 05:42:00,0.0,0.5106262999999999,118.0396,0.1760413999999999,2.817318,PVDAQ_4,night_or_low_power,system_4_2023_01_01.csv,2023-01-01,0.0,high_temperature
2023-01-01 05:43:00,0.0,0.4748201,118.0804,0.1761628,2.81113,PVDAQ_4,night_or_low_power,system_4_2023_01_01.csv,2023-01-01,0.0,high_temperature
2023-01-01 05:44:00,0.0,0.5395165,118.0797,0.1761643,2.816262,PVDAQ_4,night_or_low_power,system_4_2023_01_01.csv,2023-01-01,0.0,high_temperature
2023-01-01 05:45:00,0.0,0.4384237999999999,118.0463,0.1760307999999999,2.796635,PVDAQ_4,night_or_low_power,system_4_2023_01_01.csv,2023-01-01,0.0,high_temperature
2023-01-01 05:46:00,0.0,0.4243751,118.0716,0.1760381,2.815204,PVDAQ_4,night_or_low_power,system_4_2023_01_01.csv,2023-01-01,0.0,high_temperature
2023-01-01 06:00:00,0.0,0.4964496999999999,117.8439,0.1758072,2.793592,PVDAQ_4,night_or_low_power,system_4_2023_01_01.csv,2023-01-01,0.0,high_temperature
2023-01-01 06:01:00,0.0,0.5356298,117.7845,0.1756822,2.787248,PVDAQ_4,night_or_low_power,system_4_2023_01_01.csv,2023-01-01,0.0,high_temperature
2023-01-01 06:02:00,0.0,0.5352326,117.7291,0.1754942999999999,2.787329,PVDAQ_4,night_or_low_power,system_4_2023_01_01.csv,2023-01-01,0.0,high_temperature
2023-01-01 06:03:00,0.0,0.5298895,117.6994,0.1754130999999999,2.781193,PVDAQ_4,night_or_low_power,system_4_2023_01_01.csv,2023-01-01,0.0,high_temperature
2023-01-01 06:04:00,0.0,0.3301608999999999,117.727,0.1756533,2.807503,PVDAQ_4,night_or_low_power,system_4_2023_01_01.csv,2023-01-01,0.0,high_temperature
2023-01-01 08:04:00,55.58173,0.3766631999999999,117.2242,0.51455,26.58112,PVDAQ_4,cloudy,system_4_2023_01_01.csv,2023-01-01,8.559385019475462,high_temperature
2023-01-01 08:05:00,57.53923,0.3698969999999999,117.2449,0.5289588,32.5373,PVDAQ_4,cloudy,system_4_2023_01_01.csv,2023-01-01,8.750029745755697,high_temperature
2023-01-01 08:06:00,59.37804,0.4438871999999999,117.2054,0.5584217,36.2907,PVDAQ_4,cloudy,system_4_2023_01_01.csv,2023-01-01,8.89944949989032,high_temperature
2023-01-01 08:07:00,61.09825,0.3570937,117.1486,0.5574449999999999,26.94565,PVDAQ_4,cloudy,system_4_2023_01_01.csv,2023-01-01,8.994316845628104,high_temperature
2023-01-01 08:15:00,69.40243,0.3672948999999999,117.4607,0.5826862999999999,43.31305,PVDAQ_4,cloudy,system_4_2023_01_01.csv,2023-01-01,6.985216953083109,high_temperature
2023-01-01 08:16:00,69.34306,0.3324865,117.4128,0.5749159,43.20976,PVDAQ_4,cloudy,system_4_2023_01_01.csv,2023-01-01,6.274961883765218,high_temperature
2023-01-01 08:58:00,198.8657,0.4676329,117.9956,1.454375,159.0644,PVDAQ_4,cloudy,system_4_2023_01_01.csv,2023-01-01,23.772399518555282,high_temperature
2023-01-01 08:59:00,196.0782,0.54225,117.9694,1.408147,154.0862,PVDAQ_4,cloudy,system_4_2023_01_01.csv,2023-01-01,22.33387952688104,high_temperature
2023-01-01 09:00:00,209.0661,0.5264695999999999,118.0359,1.502185,166.291,PVDAQ_4,cloudy,system_4_2023_01_01.csv,2023-01-01,21.463702072917208,high_temperature
2023-01-01 09:01:00,197.0262,0.4060771,117.9787,1.435015,155.6967,PVDAQ_4,cloudy,system_4_2023_01_01.csv,2023-01-01,19.04074069344337,high_temperature
2023-01-01 09:02:00,186.2905,0.3749642999999999,117.8392,1.362947,147.6523,PVDAQ_4,cloudy,system_4_2023_01_01.csv,2023-01-01,16.282692011671486,high_temperature
2023-01-01 09:03:00,177.2754,0.3898252999999999,117.6344,1.293856,139.6488,PVDAQ_4,cloudy,system_4_2023_01_01.csv,2023-01-01,14.012882823826216,high_temperature
2023-01-01 09:04:00,180.1217,0.3880965,117.5985,1.313357,142.4739,PVDAQ_4,cloudy,system_4_2023_01_01.csv,2023-01-01,12.07469724008878,high_temperature
2023-01-01 09:05:00,185.2215,0.4201787,117.6527,1.358723,147.203,PVDAQ_4,cloudy,system_4_2023_01_01.csv,2023-01-01,10.346739757725292,high_temperature
2023-01-01 09:06:00,185.575,0.4707746999999999,117.6973,1.361765,147.4617,PVDAQ_4,cloudy,system_4_2023_01_01.csv,2023-01-01,8.907162932595734,high_temperature
2023-01-01 09:07:00,192.1574,0.5309008,117.9853,1.405358,153.8792,PVDAQ_4,cloudy,system_4_2023_01_01.csv,2023-01-01,8.068438435026156,high_temperature
2023-01-01 09:08:00,202.2972,0.5495402999999999,118.0101,1.485517,164.052,PVDAQ_4,cloudy,system_4_2023_01_01.csv,2023-01-01,8.460875556414985,high_temperature
2023-01-01 09:09:00,210.4818,0.5256256,118.0648,1.555204,171.0253,PVDAQ_4,cloudy,system_4_2023_01_01.csv,2023-01-01,9.613034667872155,high_temperature
2023-01-01 09:10:00,219.4375,0.5929149999999999,118.1132,1.61976,179.5453,PVDAQ_4,cloudy,system_4_2023_01_01.csv,2023-01-01,11.681321902609248,high_temperature
2023-01-01 09:11:00,219.4364,0.5609657,118.1337,1.625113,179.4937,PVDAQ_4,cloudy,system_4_2023_01_01.csv,2023-01-01,13.229321815058338,high_temperature
2023-01-01 09:12:00,220.1466,0.5428751,118.1299,1.632131,179.4775,PVDAQ_4,cloudy,system_4_2023_01_01.csv,2023-01-01,14.500596776431792,high_temperature
2023-01-01 09:13:00,212.3186,0.4933163999999999,117.8719,1.574851,172.2455,PVDAQ_4,cloudy,system_4_2023_01_01.csv,2023-01-01,14.925889192486267,high_temperature
2023-01-01 09:14:00,209.4722,0.4814861999999999,117.7968,1.542197,168.9388,PVDAQ_4,cloudy,system_4_2023_01_01.csv,2023-01-01,15.10430014903347,high_temperature
2023-01-01 09:15:00,211.3095,0.4863008999999999,117.8346,1.558085,171.6406,PVDAQ_4,cloudy,system_4_2023_01_01.csv,2023-01-01,15.206769627921112,high_temperature
2023-01-01 09:16:00,208.4619,0.4249469,117.7764,1.533792,167.1494,PVDAQ_4,cloudy,system_4_2023_01_01.csv,2023-01-01,15.302708280696343,high_temperature
2023-01-01 09:17:00,185.5109,0.4471480999999999,117.6392,1.352466,145.5783,PVDAQ_4,cloudy,system_4_2023_01_01.csv,2023-01-01,15.358670669432707,high_temperature
2023-01-01 09:18:00,175.8443,0.5496146,117.5771,1.284559,138.1878,PVDAQ_4,cloudy,system_4_2023_01_01.csv,2023-01-01,15.522022802395714,high_temperature
2023-01-01 09:19:00,174.4214,0.5805451,117.7621,1.262735,136.897,PVDAQ_4,cloudy,system_4_2023_01_01.csv,2023-01-01,16.13235311207463,high_temperature
2023-01-01 09:20:00,173.1762,0.5396803,117.8513,1.251194,135.0546,PVDAQ_4,cloudy,system_4_2023_01_01.csv,2023-01-01,17.226224943650173,high_temperature
2023-01-01 09:21:00,168.6659,0.4681428,117.7068,1.21977,130.6771,PVDAQ_4,cloudy,system_4_2023_01_01.csv,2023-01-01,18.725821210024595,high_temperature
2023-01-01 09:22:00,165.7589,0.4731556,117.6515,1.208725,129.6126,PVDAQ_4,cloudy,system_4_2023_01_01.csv,2023-01-01,20.553632947203727,high_temperature
2023-01-01 09:23:00,162.6725,0.4982678999999999,117.6637,1.189202,127.0437,PVDAQ_4,cloudy,system_4_2023_01_01.csv,2023-01-01,22.311363674833157,high_temperature
2023-01-01 09:24:00,162.1975,0.5976974999999999,117.6881,1.180893,126.2713,PVDAQ_4,cloudy,system_4_2023_01_01.csv,2023-01-01,23.298198556628652,high_temperature
2023-01-01 09:25:00,161.7209,0.7604267999999998,117.6925,1.177629,125.9043,PVDAQ_4,cloudy,system_4_2023_01_01.csv,2023-01-01,23.07635606967811,high_temperature
2023-01-01 09:26:00,160.7125,0.7236116,117.672,1.166974,124.1338,PVDAQ_4,cloudy,system_4_2023_01_01.csv,2023-01-01,22.21990284776452,high_temperature
2023-01-01 09:27:00,160.772,0.6632487999999999,117.688,1.168493,124.6305,PVDAQ_4,cloudy,system_4_2023_01_01.csv,2023-01-01,20.44125828272899,high_temperature
2023-01-01 09:28:00,160.2976,0.6489956,117.5902,1.174908,125.5267,PVDAQ_4,cloudy,system_4_2023_01_01.csv,2023-01-01,18.83132538800325,high_temperature
2023-01-01 09:29:00,159.5268,0.6389765,117.5908,1.165915,124.4788,PVDAQ_4,cloudy,system_4_2023_01_01.csv,2023-01-01,16.809774929183565,high_temperature
2023-01-01 09:30:00,158.4001,0.6741356,117.5362,1.160504,123.7412,PVDAQ_4,cloudy,system_4_2023_01_01.csv,2023-01-01,13.328266679208292,high_temperature
2023-01-01 09:31:00,157.0362,0.7055000999999999,117.5487,1.148662,122.213,PVDAQ_4,cloudy,system_4_2023_01_01.csv,2023-01-01,8.09809469309787,high_temperature
2023-01-01 09:32:00,155.7316,0.727071,117.5885,1.138055,121.0155,PVDAQ_4,cloudy,system_4_2023_01_01.csv,2023-01-01,6.384712794689026,high_temperature
2023-01-01 09:33:00,154.6642,0.7296762,117.5668,1.127149,119.5098,PVDAQ_4,cloudy,system_4_2023_01_01.csv,2023-01-01,5.849357633010336,high_temperature
2023-01-01 09:34:00,154.5456,0.7227787,117.5634,1.121529,118.8103,PVDAQ_4,cloudy,system_4_2023_01_01.csv,2023-01-01,5.135309847470058,high_temperature
2023-01-01 09:35:00,155.0794,0.7064057999999999,117.5682,1.127447,119.1168,PVDAQ_4,cloudy,system_4_2023_01_01.csv,2023-01-01,4.108181323002415,high_temperature
2023-01-01 09:36:00,155.909,0.7250385,117.5482,1.132303,120.0067,PVDAQ_4,cloudy,system_4_2023_01_01.csv,2023-01-01,3.415262248216747,high_temperature
2023-01-01 09:37:00,157.5088,0.8233647,117.5608,1.152347,122.6887,PVDAQ_4,cloudy,system_4_2023_01_01.csv,2023-01-01,2.8701274946460327,high_temperature
2023-01-01 09:38:00,159.4653,0.885989,117.5307,1.171888,125.4083,PVDAQ_4,cloudy,system_4_2023_01_01.csv,2023-01-01,2.64376616905996,high_temperature
2023-01-01 09:39:00,161.0653,0.9252305,117.5042,1.18032,125.7327,PVDAQ_4,cloudy,system_4_2023_01_01.csv,2023-01-01,2.5366336378487917,high_temperature
2023-01-01 09:40:00,162.3101,0.8989859,117.5493,1.188301,127.1159,PVDAQ_4,cloudy,system_4_2023_01_01.csv,2023-01-01,2.5994580099007996,high_temperature
2023-01-01 09:41:00,162.9617,0.8655412,117.5481,1.197868,128.495,PVDAQ_4,cloudy,system_4_2023_01_01.csv,2023-01-01,2.810910762978414,high_temperature
2023-01-01 09:42:00,164.682,0.958906,117.5111,1.211537,130.2168,PVDAQ_4,cloudy,system_4_2023_01_01.csv,2023-01-01,3.2050590386508313,high_temperature
2023-01-01 09:43:00,167.5291,0.9996951,117.571,1.236641,133.3587,PVDAQ_4,cloudy,system_4_2023_01_01.csv,2023-01-01,3.936978532701398,high_temperature
2023-01-01 09:44:00,168.2412,0.9644075,117.5904,1.244162,134.0875,PVDAQ_4,cloudy,system_4_2023_01_01.csv,2023-01-01,4.593569975903604,high_temperature
2023-01-01 09:45:00,166.9963,1.040252,117.6031,1.236182,132.9521,PVDAQ_4,cloudy,system_4_2023_01_01.csv,2023-01-01,4.945827048975744,high_temperature
2023-01-01 09:46:00,166.758,1.088295,117.63,1.232509,132.7774,PVDAQ_4,cloudy,system_4_2023_01_01.csv,2023-01-01,5.128442414120637,high_temperature
2023-01-01 09:47:00,166.6389,1.049347,117.2733,1.234447,132.4263,PVDAQ_4,cloudy,system_4_2023_01_01.csv,2023-01-01,5.117061399279771,high_temperature
2023-01-01 09:48:00,164.9184,1.030534,117.2944,1.222275,130.5277,PVDAQ_4,cloudy,system_4_2023_01_01.csv,2023-01-01,4.795770185645133,high_temperature
2023-01-01 09:49:00,162.4273,1.067167,117.2836,1.200446,127.7051,PVDAQ_4,cloudy,system_4_2023_01_01.csv,2023-01-01,4.289698490103808,high_temperature
2023-01-01 09:50:00,160.944,1.109518,117.315,1.187387,126.4408,PVDAQ_4,cloudy,system_4_2023_01_01.csv,2023-01-01,3.7681140973523477,high_temperature
2023-01-01 09:51:00,159.6985,1.109889,117.3584,1.177811,125.72,PVDAQ_4,cloudy,system_4_2023_01_01.csv,2023-01-01,3.3460687953959645,high_temperature
2023-01-01 09:52:00,159.9351,1.16294,117.3988,1.181176,126.1006,PVDAQ_4,cloudy,system_4_2023_01_01.csv,2023-01-01,3.0854835120514976,high_temperature
2023-01-01 09:53:00,160.0536,1.223197,117.3742,1.181143,126.0836,PVDAQ_4,cloudy,system_4_2023_01_01.csv,2023-01-01,3.0319283097911605,high_temperature
2023-01-01 09:54:00,161.241,1.229146,117.3685,1.194379,127.8585,PVDAQ_4,cloudy,system_4_2023_01_01.csv,2023-01-01,3.021437755172154,high_temperature
2023-01-01 09:55:00,162.0121,1.279256,117.328,1.200012,128.1042,PVDAQ_4,cloudy,system_4_2023_01_01.csv,2023-01-01,3.032112907779425,high_temperature
2023-01-01 09:56:00,163.1379,1.233724,117.3347,1.201196,127.2462,PVDAQ_4,cloudy,system_4_2023_01_01.csv,2023-01-01,3.029516628927983,high_temperature
2023-01-01 09:57:00,164.5611,1.197435,117.3554,1.210297,128.535,PVDAQ_4,cloudy,system_4_2023_01_01.csv,2023-01-01,3.0268225776654734,high_temperature
2023-01-01 09:58:00,165.6278,1.187474,117.3071,1.229683,131.2674,PVDAQ_4,cloudy,system_4_2023_01_01.csv,2023-01-01,2.890542148653372,high_temperature
2023-01-01 09:59:00,166.7545,1.183792,117.2973,1.236972,131.474,PVDAQ_4,cloudy,system_4_2023_01_01.csv,2023-01-01,2.7396002064080784,high_temperature
2023-01-01 10:00:00,167.7027,1.166192,117.324,1.254532,133.8738,PVDAQ_4,cloudy,system_4_2023_01_01.csv,2023-01-01,2.8101342422939677,high_temperature
2023-01-01 10:01:00,169.2445,1.210086,117.5369,1.252715,133.3376,PVDAQ_4,cloudy,system_4_2023_01_01.csv,2023-01-01,3.07708163559143,high_temperature
2023-01-01 10:02:00,170.5487,1.288882,117.5041,1.259267,134.2322,PVDAQ_4,cloudy,system_4_2023_01_01.csv,2023-01-01,3.485896430761931,high_temperature
2023-01-01 10:03:00,172.6247,1.315715,117.5537,1.278105,136.6925,PVDAQ_4,cloudy,system_4_2023_01_01.csv,2023-01-01,4.1483998561692905,high_temperature
2023-01-01 10:04:00,174.761,1.237914,117.5629,1.306609,140.5109,PVDAQ_4,cloudy,system_4_2023_01_01.csv,2023-01-01,4.880003540718718,high_temperature
2023-01-01 10:05:00,178.3188,1.203099,117.3619,1.336616,143.9857,PVDAQ_4,cloudy,system_4_2023_01_01.csv,2023-01-01,5.765062417577974,high_temperature
2023-01-01 10:06:00,181.5798,1.209248,117.3037,1.363834,147.2494,PVDAQ_4,cloudy,system_4_2023_01_01.csv,2023-01-01,6.645365439254379,high_temperature
2023-01-01 10:07:00,184.8411,1.302844,117.2543,1.391933,150.504,PVDAQ_4,cloudy,system_4_2023_01_01.csv,2023-01-01,7.567680441273694,high_temperature
2023-01-01 10:08:00,188.5766,1.394213,117.2829,1.417287,153.6995,PVDAQ_4,cloudy,system_4_2023_01_01.csv,2023-01-01,8.536831459443867,high_temperature
2023-01-01 10:09:00,194.9809,1.459567,117.3834,1.466654,160.0536,PVDAQ_4,cloudy,system_4_2023_01_01.csv,2023-01-01,9.981596468992693,high_temperature
2023-01-01 10:10:00,202.8675,1.525994,117.681,1.508764,165.9041,PVDAQ_4,cloudy,system_4_2023_01_01.csv,2023-01-01,11.949151604340845,high_temperature
2023-01-01 10:11:00,213.5414,1.441539,117.7207,1.60099,176.794,PVDAQ_4,cloudy,system_4_2023_01_01.csv,2023-01-01,14.717158067264693,high_temperature
2023-01-01 10:12:00,234.1185,1.351245,117.7475,1.760074,196.1092,PVDAQ_4,cloudy,system_4_2023_01_01.csv,2023-01-01,19.69844389572064,high_temperature
2023-01-01 10:13:00,258.3721,1.387387,117.8496,1.947256,217.9375,PVDAQ_4,moderate,system_4_2023_01_01.csv,2023-01-01,26.695839310351175,high_temperature
2023-01-01 10:14:00,293.1812,1.515684,117.7417,2.23811,250.6942,PVDAQ_4,moderate,system_4_2023_01_01.csv,2023-01-01,36.71208657371179,high_temperature
2023-01-01 10:15:00,340.4433,1.566016,117.8382,2.584501,292.1989,PVDAQ_4,moderate,system_4_2023_01_01.csv,2023-01-01,50.63899108391528,high_temperature
2023-01-01 10:16:00,354.9124,1.566231,117.8007,2.6743,302.1138,PVDAQ_4,moderate,system_4_2023_01_01.csv,2023-01-01,61.37861262990083,high_temperature
2023-01-01 10:17:00,333.6234,1.562073,117.8087,2.512247,281.4967,PVDAQ_4,moderate,system_4_2023_01_01.csv,2023-01-01,65.7295033457564,high_temperature
2023-01-01 10:18:00,322.8306,1.615563,117.919,2.407371,270.5401,PVDAQ_4,moderate,system_4_2023_01_01.csv,2023-01-01,67.17259708329686,high_temperature
2023-01-01 10:19:00,315.1213,1.791503,117.9927,2.35874,265.8448,PVDAQ_4,moderate,system_4_2023_01_01.csv,2023-01-01,66.64303334737419,high_temperature
2023-01-01 10:20:00,316.9002,1.912045,118.0395,2.346377,263.7323,PVDAQ_4,moderate,system_4_2023_01_01.csv,2023-01-01,65.11587769834262,high_temperature
2023-01-01 10:21:00,313.6978,2.02426,117.9528,2.328439,262.1102,PVDAQ_4,moderate,system_4_2023_01_01.csv,2023-01-01,62.27754678650655,high_temperature
2023-01-01 10:22:00,318.086,1.989474,117.7292,2.370153,266.5056,PVDAQ_4,moderate,system_4_2023_01_01.csv,2023-01-01,58.465848421558505,high_temperature
2023-01-01 10:23:00,322.7705,1.988643,117.7457,2.401628,271.0514,PVDAQ_4,moderate,system_4_2023_01_01.csv,2023-01-01,53.52148915552463,high_temperature
2023-01-01 10:24:00,334.3933,2.08073,117.7744,2.501413,282.4272,PVDAQ_4,moderate,system_4_2023_01_01.csv,2023-01-01,47.824549695866125,high_temperature
2023-01-01 10:25:00,342.3963,2.214367,117.8235,2.57317,289.3134,PVDAQ_4,moderate,system_4_2023_01_01.csv,2023-01-01,41.016698300149805,high_temperature
2023-01-01 10:26:00,334.806,2.190564,118.0035,2.504516,281.4029,PVDAQ_4,moderate,system_4_2023_01_01.csv,2023-01-01,32.13776290941988,high_temperature
2023-01-01 10:27:00,325.3166,2.318752,117.9135,2.426342,273.1657,PVDAQ_4,moderate,system_4_2023_01_01.csv,2023-01-01,22.89776501774976,high_temperature
2023-01-01 10:28:00,326.5025,2.418874,117.8893,2.434246,273.5028,PVDAQ_4,moderate,system_4_2023_01_01.csv,2023-01-01,14.71448615065437,high_temperature
2023-01-01 10:29:00,303.1971,2.470252,117.623,2.267266,251.9421,PVDAQ_4,moderate,system_4_2023_01_01.csv,2023-01-01,13.257837955887123,high_temperature
2023-01-01 10:30:00,297.3264,2.65949,117.5806,2.216714,247.9473,PVDAQ_4,moderate,system_4_2023_01_01.csv,2023-01-01,14.72759954574076,high_temperature
2023-01-01 10:31:00,290.9812,2.772698,117.523,2.170887,241.8796,PVDAQ_4,moderate,system_4_2023_01_01.csv,2023-01-01,14.42924673453151,high_temperature
2023-01-01 10:32:00,279.5365,2.737671,117.4888,2.083803,231.0056,PVDAQ_4,moderate,system_4_2023_01_01.csv,2023-01-01,17.23104830132672,high_temperature
2023-01-01 10:33:00,267.3803,2.760499,117.3854,1.990543,219.9702,PVDAQ_4,moderate,system_4_2023_01_01.csv,2023-01-01,21.209023569428147,high_temperature
2023-01-01 10:34:00,256.7659,2.909383,117.3212,1.90813,210.4528,PVDAQ_4,moderate,system_4_2023_01_01.csv,2023-01-01,25.60274639645383,high_temperature
2023-01-01 10:35:00,248.405,3.057781,117.3469,1.829759,200.9311,PVDAQ_4,cloudy,system_4_2023_01_01.csv,2023-01-01,29.795050167901973,high_temperature
2023-01-01 10:36:00,247.278,2.994246,117.311,1.82561,202.2467,PVDAQ_4,cloudy,system_4_2023_01_01.csv,2023-01-01,33.02757494041816,high_temperature
2023-01-01 10:37:00,254.2745,2.866219,117.5858,1.878927,209.2858,PVDAQ_4,moderate,system_4_2023_01_01.csv,2023-01-01,34.560930773933904,high_temperature
2023-01-01 10:38:00,263.0499,2.787498,117.7418,1.948991,217.7257,PVDAQ_4,moderate,system_4_2023_01_01.csv,2023-01-01,34.62519138842733,high_temperature
2023-01-01 10:39:00,270.1052,2.822368,117.7621,2.006006,224.5303,PVDAQ_4,moderate,system_4_2023_01_01.csv,2023-01-01,32.86269355743223,high_temperature
2023-01-01 10:40:00,279.1172,2.862785,117.7496,2.07838,232.9068,PVDAQ_4,moderate,system_4_2023_01_01.csv,2023-01-01,29.11236578936996,high_temperature
2023-01-01 10:41:00,290.3824,2.92028,117.5941,2.159524,242.7245,PVDAQ_4,moderate,system_4_2023_01_01.csv,2023-01-01,25.493444021417073,high_temperature
2023-01-01 10:42:00,303.6631,2.916791,117.6668,2.249506,252.2773,PVDAQ_4,moderate,system_4_2023_01_01.csv,2023-01-01,23.257577205100723,high_temperature
2023-01-01 10:43:00,306.093,2.917257,117.6833,2.252113,252.8139,PVDAQ_4,moderate,system_4_2023_01_01.csv,2023-01-01,20.707897551941315,high_temperature
2023-01-01 10:44:00,317.0606,2.956401,117.6937,2.350775,264.605,PVDAQ_4,moderate,system_4_2023_01_01.csv,2023-01-01,22.207567376873225,high_temperature
2023-01-01 10:45:00,330.579,3.0447,117.7294,2.42911,274.7121,PVDAQ_4,moderate,system_4_2023_01_01.csv,2023-01-01,25.656380736262822,high_temperature
2023-01-01 10:46:00,345.4599,3.227457,117.7556,2.58265,292.3525,PVDAQ_4,moderate,system_4_2023_01_01.csv,2023-01-01,30.64556936866252,high_temperature
2023-01-01 10:47:00,345.518,3.260133,117.971,2.586627,291.8554,PVDAQ_4,moderate,system_4_2023_01_01.csv,2023-01-01,34.465190182593844,high_temperature
2023-01-01 10:48:00,357.5505,3.249829,117.9925,2.670907,303.66,PVDAQ_4,moderate,system_4_2023_01_01.csv,2023-01-01,38.20830679061795,high_temperature
2023-01-01 10:49:00,362.4112,3.2134,118.0419,2.716736,306.6903,PVDAQ_4,moderate,system_4_2023_01_01.csv,2023-01-01,40.45562915962881,high_temperature
2023-01-01 10:50:00,361.3378,3.234965,118.0362,2.696684,306.4107,PVDAQ_4,moderate,system_4_2023_01_01.csv,2023-01-01,40.39785789541768,high_temperature
2023-01-01 10:51:00,371.8316,3.310113,117.8075,2.777437,314.8989,PVDAQ_4,moderate,system_4_2023_01_01.csv,2023-01-01,39.61455059218323,high_temperature
2023-01-01 10:52:00,382.0226,3.354139,117.8305,2.828641,320.6541,PVDAQ_4,moderate,system_4_2023_01_01.csv,2023-01-01,38.837909613650304,high_temperature
2023-01-01 10:53:00,382.0219,3.312136,117.8178,2.834184,320.3617,PVDAQ_4,moderate,system_4_2023_01_01.csv,2023-01-01,37.23482005271502,high_temperature
2023-01-01 10:54:00,386.8163,3.336951,117.8727,2.863998,326.4208,PVDAQ_4,moderate,system_4_2023_01_01.csv,2023-01-01,35.13684861420815,high_temperature
2023-01-01 10:55:00,385.8676,3.437508,118.169,2.867795,324.5545,PVDAQ_4,moderate,system_4_2023_01_01.csv,2023-01-01,32.30498738433976,high_temperature
2023-01-01 10:56:00,377.5591,3.36885,118.1129,2.795907,317.0184,PVDAQ_4,moderate,system_4_2023_01_01.csv,2023-01-01,28.732421854782917,high_temperature
2023-01-01 10:57:00,381.5902,3.335051,118.1587,2.822828,321.2777,PVDAQ_4,moderate,system_4_2023_01_01.csv,2023-01-01,25.801605403120725,high_temperature
2023-01-01 10:58:00,386.0894,3.32793,117.9226,2.863334,324.7946,PVDAQ_4,moderate,system_4_2023_01_01.csv,2023-01-01,21.933625154288197,high_temperature
2023-01-01 10:59:00,396.8788,3.349012,117.8524,2.935822,333.0857,PVDAQ_4,moderate,system_4_2023_01_01.csv,2023-01-01,18.977778338453902,high_temperature
2023-01-01 11:00:00,417.8017,3.479733,117.9589,3.082305,349.5166,PVDAQ_4,moderate,system_4_2023_01_01.csv,2023-01-01,19.318546735410802,high_temperature
2023-01-01 11:01:00,438.1949,3.628227,117.959,3.226403,366.6658,PVDAQ_4,moderate,system_4_2023_01_01.csv,2023-01-01,23.265120369171978,high_temperature
2023-01-01 11:02:00,488.7616,3.70201,118.1381,3.557635,405.7307,PVDAQ_4,moderate,system_4_2023_01_01.csv,2023-01-01,34.02753362920853,high_temperature
2023-01-01 11:03:00,525.6356,3.729413,118.2153,3.723675,425.5646,PVDAQ_4,moderate,system_4_2023_01_01.csv,2023-01-01,47.11050080648042,high_temperature
2023-01-01 11:04:00,632.1086,3.691564,118.6673,4.570426,524.4922,PVDAQ_4,sunny,system_4_2023_01_01.csv,2023-01-01,74.19676512061734,high_temperature
2023-01-01 11:05:00,633.0546,3.804498,118.9717,4.543739,524.9481,PVDAQ_4,sunny,system_4_2023_01_01.csv,2023-01-01,90.06953129254384,high_temperature
2023-01-01 11:06:00,673.3043,3.906501,118.9775,4.887752,563.3536,PVDAQ_4,sunny,system_4_2023_01_01.csv,2023-01-01,106.18498770186848,high_temperature
2023-01-01 11:07:00,682.2534,4.030088,119.0065,4.920443,567.9819,PVDAQ_4,sunny,system_4_2023_01_01.csv,2023-01-01,118.21665226712014,high_temperature
2023-01-01 11:08:00,665.8273,4.251094,118.7481,4.798804,553.4891,PVDAQ_4,sunny,system_4_2023_01_01.csv,2023-01-01,124.11725101630105,high_temperature
2023-01-01 11:09:00,676.7326,4.509517,118.81,4.854956,560.0804,PVDAQ_4,sunny,system_4_2023_01_01.csv,2023-01-01,128.05802044688392,high_temperature
2023-01-01 11:10:00,634.1041,4.7014,118.5812,4.569723,525.9252,PVDAQ_4,sunny,system_4_2023_01_01.csv,2023-01-01,125.86079089136635,high_temperature
2023-01-01 11:11:00,629.7735,4.905532,118.4947,4.542118,521.773,PVDAQ_4,sunny,system_4_2023_01_01.csv,2023-01-01,120.18873058219988,high_temperature
2023-01-01 11:12:00,608.6071,4.90322,118.419,4.391338,503.4854,PVDAQ_4,sunny,system_4_2023_01_01.csv,2023-01-01,111.32488230557213,high_temperature
2023-01-01 11:13:00,604.8104,4.815623,118.6263,4.343729,498.4408,PVDAQ_4,sunny,system_4_2023_01_01.csv,2023-01-01,99.81404896616966,high_temperature
2023-01-01 11:14:00,609.9666,4.710653,118.7053,4.400588,506.0805,PVDAQ_4,sunny,system_4_2023_01_01.csv,2023-01-01,86.02091153846456,high_temperature
2023-01-01 11:15:00,560.3444,4.394834,118.6309,4.036329,461.9853,PVDAQ_4,moderate,system_4_2023_01_01.csv,2023-01-01,71.77285908118792,high_temperature
2023-01-01 11:16:00,521.335,3.99532,118.3519,3.78099,432.7608,PVDAQ_4,moderate,system_4_2023_01_01.csv,2023-01-01,60.33335544667573,high_temperature
2023-01-01 11:17:00,517.8355,3.816082,118.3725,3.742839,428.3545,PVDAQ_4,moderate,system_4_2023_01_01.csv,2023-01-01,56.51415226491807,high_temperature
2023-01-01 11:18:00,505.7412,3.584764,118.4017,3.689775,422.4644,PVDAQ_4,moderate,system_4_2023_01_01.csv,2023-01-01,58.86316103371129,high_temperature
2023-01-01 11:19:00,505.1468,3.493199,118.3876,3.68489,420.6536,PVDAQ_4,moderate,system_4_2023_01_01.csv,2023-01-01,64.38563932300916,high_temperature
2023-01-01 11:20:00,468.8655,3.165761,118.3677,3.428476,390.4062,PVDAQ_4,moderate,system_4_2023_01_01.csv,2023-01-01,72.19758897412645,high_temperature
2023-01-01 11:21:00,481.9002,2.911213,118.3449,3.491189,398.2854,PVDAQ_4,moderate,system_4_2023_01_01.csv,2023-01-01,73.5101037716756,high_temperature
2023-01-01 11:22:00,514.3858,2.769602,118.4148,3.794508,435.1551,PVDAQ_4,moderate,system_4_2023_01_01.csv,2023-01-01,69.19137745226871,high_temperature
2023-01-01 11:23:00,486.3424,2.764335,118.3462,3.537992,404.3479,PVDAQ_4,moderate,system_4_2023_01_01.csv,2023-01-01,66.34563721938554,high_temperature
2023-01-01 11:24:00,472.3521,2.650212,118.2901,3.493306,398.4536,PVDAQ_4,moderate,system_4_2023_01_01.csv,2023-01-01,60.28253919239385,high_temperature
2023-01-01 11:25:00,482.1809,2.554421,118.3455,3.545796,406.1275,PVDAQ_4,moderate,system_4_2023_01_01.csv,2023-01-01,56.226752300921355,high_temperature
2023-01-01 11:26:00,498.8375,2.542791,118.3708,3.673006,419.574,PVDAQ_4,moderate,system_4_2023_01_01.csv,2023-01-01,49.62403501193099,high_temperature
2023-01-01 11:27:00,524.9684,2.514812,118.4626,3.869033,443.8966,PVDAQ_4,moderate,system_4_2023_01_01.csv,2023-01-01,43.60026729192009,high_temperature
2023-01-01 11:28:00,538.6583,2.500284,118.5112,3.948255,453.7612,PVDAQ_4,moderate,system_4_2023_01_01.csv,2023-01-01,36.91743095551038,high_temperature
2023-01-01 11:29:00,510.901,2.479174,118.4816,3.739883,429.0891,PVDAQ_4,moderate,system_4_2023_01_01.csv,2023-01-01,25.279972615593593,high_temperature
2023-01-01 11:30:00,521.6856,2.577229,118.5052,3.834426,439.2615,PVDAQ_4,moderate,system_4_2023_01_01.csv,2023-01-01,20.94058304755716,high_temperature
2023-01-01 11:31:00,558.9007,2.534322,118.9359,3.941944,454.7022,PVDAQ_4,moderate,system_4_2023_01_01.csv,2023-01-01,25.075620989055917,high_temperature
2023-01-01 11:32:00,533.7609,2.585972,118.6436,3.865574,442.7093,PVDAQ_4,moderate,system_4_2023_01_01.csv,2023-01-01,25.938735151446323,high_temperature
2023-01-01 11:33:00,513.6531,2.702576,118.4716,3.752229,429.1822,PVDAQ_4,moderate,system_4_2023_01_01.csv,2023-01-01,25.992239030795712,high_temperature
2023-01-01 11:34:00,495.2152,2.865573,118.4046,3.641279,416.8702,PVDAQ_4,moderate,system_4_2023_01_01.csv,2023-01-01,26.182335578821455,high_temperature
2023-01-01 11:35:00,497.2813,2.946813,118.4382,3.674303,420.1945,PVDAQ_4,moderate,system_4_2023_01_01.csv,2023-01-01,24.190689674790594,high_temperature
2023-01-01 11:36:00,524.7151,2.869874,118.5378,3.876939,444.4617,PVDAQ_4,moderate,system_4_2023_01_01.csv,2023-01-01,23.30804745331375,high_temperature
2023-01-01 11:37:00,531.1042,2.793282,118.8437,3.899411,449.0466,PVDAQ_4,moderate,system_4_2023_01_01.csv,2023-01-01,23.844872150157457,high_temperature
2023-01-01 11:38:00,495.4162,2.743229,118.6596,3.615138,415.9503,PVDAQ_4,moderate,system_4_2023_01_01.csv,2023-01-01,23.235656303035285,high_temperature
2023-01-01 11:39:00,454.8099,2.770372,118.3276,3.362614,383.152,PVDAQ_4,moderate,system_4_2023_01_01.csv,2023-01-01,25.74974535169919,high_temperature
2023-01-01 11:40:00,450.7124,2.926496,118.362,3.311928,378.3947,PVDAQ_4,moderate,system_4_2023_01_01.csv,2023-01-01,29.389535201961817,high_temperature
2023-01-01 11:41:00,418.5852,2.927135,118.2647,3.078548,350.1992,PVDAQ_4,moderate,system_4_2023_01_01.csv,2023-01-01,37.70350599833639,high_temperature
2023-01-01 11:42:00,419.2924,2.926631,118.3947,3.06079,350.3279,PVDAQ_4,moderate,system_4_2023_01_01.csv,2023-01-01,43.126930429173534,high_temperature
2023-01-01 11:43:00,436.2399,2.79734,118.4779,3.265642,371.5334,PVDAQ_4,moderate,system_4_2023_01_01.csv,2023-01-01,44.262583952740904,high_temperature
2023-01-01 11:44:00,475.8195,2.869595,118.6468,3.527556,403.942,PVDAQ_4,moderate,system_4_2023_01_01.csv,2023-01-01,44.051969232142454,high_temperature
2023-01-01 11:45:00,570.7532,2.809112,119.077,4.22628,486.7169,PVDAQ_4,moderate,system_4_2023_01_01.csv,2023-01-01,48.309920456477165,high_temperature
2023-01-01 11:46:00,578.6251,2.672691,119.0713,4.273622,492.7976,PVDAQ_4,moderate,system_4_2023_01_01.csv,2023-01-01,50.48761043236826,high_temperature
2023-01-01 11:47:00,601.4372,2.611413,119.114,4.417663,510.2345,PVDAQ_4,sunny,system_4_2023_01_01.csv,2023-01-01,56.989312520699976,high_temperature
2023-01-01 11:48:00,583.9457,2.63463,119.0215,4.267312,491.9911,PVDAQ_4,moderate,system_4_2023_01_01.csv,2023-01-01,61.14421272607366,high_temperature
2023-01-01 11:49:00,579.1439,2.676533,118.8499,4.262331,490.3172,PVDAQ_4,moderate,system_4_2023_01_01.csv,2023-01-01,64.2161095113525,high_temperature
2023-01-01 11:50:00,543.4614,2.662851,118.6339,3.944372,455.8947,PVDAQ_4,moderate,system_4_2023_01_01.csv,2023-01-01,64.77731922011358,high_temperature
2023-01-01 11:51:00,543.4013,2.667027,118.5553,4.036709,461.9525,PVDAQ_4,moderate,system_4_2023_01_01.csv,2023-01-01,65.23923882906026,high_temperature
2023-01-01 11:52:00,551.9933,2.704298,118.6336,4.039749,463.4425,PVDAQ_4,moderate,system_4_2023_01_01.csv,2023-01-01,65.89166805968517,high_temperature
2023-01-01 11:53:00,519.5197,2.788045,118.8192,3.793028,435.0612,PVDAQ_4,moderate,system_4_2023_01_01.csv,2023-01-01,65.71083576769637,high_temperature
2023-01-01 11:54:00,496.4016,2.764318,118.7362,3.637358,416.4857,PVDAQ_4,moderate,system_4_2023_01_01.csv,2023-01-01,63.831993458115356,high_temperature
2023-01-01 11:55:00,514.1191,2.760109,118.7989,3.691191,423.4594,PVDAQ_4,moderate,system_4_2023_01_01.csv,2023-01-01,61.102016287769786,high_temperature
2023-01-01 11:56:00,525.9647,2.762312,118.8471,3.779512,434.7959,PVDAQ_4,moderate,system_4_2023_01_01.csv,2023-01-01,53.971943244548775,high_temperature
2023-01-01 11:57:00,554.7046,2.716124,118.9173,4.052839,466.4438,PVDAQ_4,moderate,system_4_2023_01_01.csv,2023-01-01,44.794548422423034,high_temperature
2023-01-01 11:58:00,561.6984,2.675766,118.9254,4.114209,473.8838,PVDAQ_4,moderate,system_4_2023_01_01.csv,2023-01-01,35.006517495219306,high_temperature
2023-01-01 11:59:00,529.0462,2.640406,118.7669,3.895468,447.305,PVDAQ_4,moderate,system_4_2023_01_01.csv,2023-01-01,29.582401568969438,high_temperature
2023-01-01 12:00:00,549.7223,2.693832,118.6646,4.057712,465.9388,PVDAQ_4,moderate,system_4_2023_01_01.csv,2023-01-01,29.03615291700122,high_temperature
2023-01-01 12:01:00,573.0701,2.647439,118.713,4.177248,479.8976,PVDAQ_4,moderate,system_4_2023_01_01.csv,2023-01-01,28.66268822637429,high_temperature
2023-01-01 12:02:00,557.191,2.697762,118.711,4.072793,467.817,PVDAQ_4,moderate,system_4_2023_01_01.csv,2023-01-01,24.84973553992169,high_temperature
2023-01-01 12:03:00,566.7886,2.636424,118.7341,4.133161,474.7183,PVDAQ_4,moderate,system_4_2023_01_01.csv,2023-01-01,23.303371728178416,high_temperature
2023-01-01 12:04:00,648.3211,2.715183,118.9561,4.792686,551.814,PVDAQ_4,sunny,system_4_2023_01_01.csv,2023-01-01,34.71722256310744,high_temperature
2023-01-01 12:05:00,644.5858,2.846676,119.0,4.669655,540.838,PVDAQ_4,sunny,system_4_2023_01_01.csv,2023-01-01,42.50444058359707,high_temperature
2023-01-01 12:06:00,631.6649,2.749388,118.8733,4.637781,533.8356,PVDAQ_4,sunny,system_4_2023_01_01.csv,2023-01-01,46.583820559944535,high_temperature
2023-01-01 12:07:00,633.8552,2.601307,118.8079,4.599249,529.9756,PVDAQ_4,sunny,system_4_2023_01_01.csv,2023-01-01,50.03845796780685,high_temperature
2023-01-01 12:08:00,631.2457,2.635165,118.6344,4.644774,533.1799,PVDAQ_4,sunny,system_4_2023_01_01.csv,2023-01-01,50.75866155762674,high_temperature
2023-01-01 12:09:00,690.7949,2.721786,118.8871,5.057985,583.7581,PVDAQ_4,sunny,system_4_2023_01_01.csv,2023-01-01,54.08543954949508,high_temperature
2023-01-01 12:10:00,763.025,2.704448,119.1187,5.471343,633.9961,PVDAQ_4,sunny,system_4_2023_01_01.csv,2023-01-01,66.67524308582827,high_temperature
2023-01-01 12:11:00,760.7186,2.643659,119.1044,5.509384,637.9797,PVDAQ_4,sunny,system_4_2023_01_01.csv,2023-01-01,74.15377199431902,high_temperature
2023-01-01 12:12:00,810.0213,2.686909,119.267,5.845803,678.2754,PVDAQ_4,sunny,system_4_2023_01_01.csv,2023-01-01,86.43875881950423,high_temperature
2023-01-01 12:13:00,821.0393,2.746836,119.3268,5.905443,685.7425,PVDAQ_4,sunny,system_4_2023_01_01.csv,2023-01-01,95.7794806162178,high_temperature
2023-01-01 12:14:00,897.2395,2.815416,119.4433,6.402017,744.2104,PVDAQ_4,sunny,system_4_2023_01_01.csv,2023-01-01,107.86653870854173,high_temperature
2023-01-01 12:15:00,831.404,2.897928,119.2952,5.946924,689.7438,PVDAQ_4,sunny,system_4_2023_01_01.csv,2023-01-01,108.34204583800293,high_temperature
2023-01-01 12:16:00,775.7627,2.785408,119.3675,5.534922,643.5914,PVDAQ_4,sunny,system_4_2023_01_01.csv,2023-01-01,104.29243449214988,high_temperature
2023-01-01 12:17:00,754.6060999999999,2.716743,119.3446,5.403997,628.043,PVDAQ_4,sunny,system_4_2023_01_01.csv,2023-01-01,95.60267599060315,high_temperature
2023-01-01 12:18:00,723.6748,2.693363,119.2598,5.149632,596.6291,PVDAQ_4,sunny,system_4_2023_01_01.csv,2023-01-01,85.18029635931558,high_temperature
2023-01-01 12:19:00,679.7059,2.623724,119.1723,4.8556,561.3663,PVDAQ_4,sunny,system_4_2023_01_01.csv,2023-01-01,83.27560251684922,high_temperature
2023-01-01 12:20:00,685.6904,2.649921,119.1748,4.941951,573.1616,PVDAQ_4,sunny,system_4_2023_01_01.csv,2023-01-01,80.66607320036206,high_temperature
2023-01-01 12:21:00,661.3441,2.597265,119.0774,4.813046,556.4284,PVDAQ_4,sunny,system_4_2023_01_01.csv,2023-01-01,78.16079872921122,high_temperature
2023-01-01 12:22:00,631.124,2.572562,118.9862,4.613776,532.4606,PVDAQ_4,sunny,system_4_2023_01_01.csv,2023-01-01,78.43179182043635,high_temperature
2023-01-01 12:23:00,622.9523,2.642987,118.9788,4.567776,525.8326,PVDAQ_4,sunny,system_4_2023_01_01.csv,2023-01-01,79.28653330624779,high_temperature
2023-01-01 12:24:00,636.2844,2.720281,119.0167,4.638888,535.0594,PVDAQ_4,sunny,system_4_2023_01_01.csv,2023-01-01,82.89960038655693,high_temperature
2023-01-01 12:25:00,594.4465,2.648792,118.9069,4.360976,501.5509,PVDAQ_4,moderate,system_4_2023_01_01.csv,2023-01-01,90.21928435222944,high_temperature
2023-01-01 12:26:00,599.3048,2.565436,118.8836,4.382537,506.7905,PVDAQ_4,moderate,system_4_2023_01_01.csv,2023-01-01,95.23535248768772,high_temperature
2023-01-01 12:27:00,659.2087,2.535301,119.0913,4.812525,555.8894,PVDAQ_4,sunny,system_4_2023_01_01.csv,2023-01-01,92.40288239214607,high_temperature
2023-01-01 12:28:00,703.4712,2.509282,119.2603,5.133111,595.0955,PVDAQ_4,sunny,system_4_2023_01_01.csv,2023-01-01,86.65729909392296,high_temperature
2023-01-01 12:29:00,671.9456,2.692618,119.1945,4.918804,568.5866,PVDAQ_4,sunny,system_4_2023_01_01.csv,2023-01-01,66.71768743444329,high_temperature
2023-01-01 12:30:00,651.7983,2.645828,119.1481,4.782865,551.4031,PVDAQ_4,sunny,system_4_2023_01_01.csv,2023-01-01,52.63058662429107,high_temperature
2023-01-01 12:31:00,622.8807,2.435614,119.0141,4.570276,526.5886,PVDAQ_4,sunny,system_4_2023_01_01.csv,2023-01-01,44.946706717049025,high_temperature
2023-01-01 12:32:00,585.55,2.384134,118.9269,4.310721,495.5364,PVDAQ_4,moderate,system_4_2023_01_01.csv,2023-01-01,40.47471372318923,high_temperature
2023-01-01 12:33:00,544.1895,2.337201,118.766,4.014776,460.972,PVDAQ_4,moderate,system_4_2023_01_01.csv,2023-01-01,43.14562630786926,high_temperature
2023-01-01 12:34:00,541.1078,2.482814,118.7413,4.007519,460.5873,PVDAQ_4,moderate,system_4_2023_01_01.csv,2023-01-01,47.852607762704444,high_temperature
2023-01-01 12:35:00,558.35,2.402836,118.7548,4.135754,475.3455,PVDAQ_4,moderate,system_4_2023_01_01.csv,2023-01-01,48.07164816154948,high_temperature
2023-01-01 12:36:00,543.1805,2.333475,118.7008,4.042085,463.0512,PVDAQ_4,moderate,system_4_2023_01_01.csv,2023-01-01,50.256968180909375,high_temperature
2023-01-01 12:37:00,522.7375,2.426639,118.6777,3.872334,444.9265,PVDAQ_4,moderate,system_4_2023_01_01.csv,2023-01-01,54.7554803093307,high_temperature
2023-01-01 12:38:00,515.8636,2.41981,118.6798,3.835733,438.8606,PVDAQ_4,moderate,system_4_2023_01_01.csv,2023-01-01,58.90765576574406,high_temperature
2023-01-01 12:39:00,505.9087,2.346629,118.6314,3.763994,430.8711,PVDAQ_4,moderate,system_4_2023_01_01.csv,2023-01-01,62.17565512885296,high_temperature
2023-01-01 12:40:00,519.3589,2.299648,118.6975,3.866916,444.095,PVDAQ_4,moderate,system_4_2023_01_01.csv,2023-01-01,64.59487448934362,high_temperature
2023-01-01 12:41:00,506.9747,2.202249,118.6127,3.792922,433.294,PVDAQ_4,moderate,system_4_2023_01_01.csv,2023-01-01,67.27282975390835,high_temperature
2023-01-01 12:42:00,495.3059,2.178908,118.5056,3.710634,424.1487,PVDAQ_4,moderate,system_4_2023_01_01.csv,2023-01-01,66.24063915515514,high_temperature
2023-01-01 12:43:00,488.3752,2.190936,118.5015,3.648224,417.7546,PVDAQ_4,moderate,system_4_2023_01_01.csv,2023-01-01,56.96670508197569,high_temperature
2023-01-01 12:44:00,479.1303,2.18479,118.4886,3.583383,408.1029,PVDAQ_4,moderate,system_4_2023_01_01.csv,2023-01-01,49.07064297366771,high_temperature
2023-01-01 12:45:00,476.9968,2.320368,118.4627,3.56936,409.0455,PVDAQ_4,moderate,system_4_2023_01_01.csv,2023-01-01,40.26248303269091,high_temperature
2023-01-01 12:46:00,483.3951,2.322648,118.4386,3.619745,414.7183,PVDAQ_4,moderate,system_4_2023_01_01.csv,2023-01-01,31.761463813099912,high_temperature
2023-01-01 12:47:00,482.1505,2.149861,118.4365,3.610059,412.8112,PVDAQ_4,moderate,system_4_2023_01_01.csv,2023-01-01,26.837067327421654,high_temperature
2023-01-01 12:48:00,476.9945,2.05324,118.3938,3.574427,408.8622,PVDAQ_4,moderate,system_4_2023_01_01.csv,2023-01-01,26.48357953971779,high_temperature
2023-01-01 12:49:00,479.1869,2.069174,118.1849,3.580742,408.8347,PVDAQ_4,moderate,system_4_2023_01_01.csv,2023-01-01,25.492610264304002,high_temperature
2023-01-01 12:50:00,464.6751,1.998355,118.1693,3.493932,397.4415,PVDAQ_4,moderate,system_4_2023_01_01.csv,2023-01-01,22.00629071443579,high_temperature
2023-01-01 12:51:00,455.3721,2.057537,118.0783,3.425649,389.9729,PVDAQ_4,moderate,system_4_2023_01_01.csv,2023-01-01,20.16578302213617,high_temperature
2023-01-01 12:52:00,425.2097,2.03212,117.972,3.207259,363.3053,PVDAQ_4,moderate,system_4_2023_01_01.csv,2023-01-01,24.226159527743523,high_temperature
2023-01-01 12:53:00,397.1823,2.013007,117.8795,2.994803,337.8383,PVDAQ_4,moderate,system_4_2023_01_01.csv,2023-01-01,31.30377389521914,high_temperature
2023-01-01 12:54:00,365.0653,1.976505,117.8423,2.741796,309.2456,PVDAQ_4,moderate,system_4_2023_01_01.csv,2023-01-01,41.17683153178835,high_temperature
2023-01-01 12:55:00,357.5398,1.922706,117.9908,2.685616,304.2989,PVDAQ_4,moderate,system_4_2023_01_01.csv,2023-01-01,47.07450180234196,high_temperature
2023-01-01 12:56:00,376.7966,1.893018,118.1013,2.835429,322.3676,PVDAQ_4,moderate,system_4_2023_01_01.csv,2023-01-01,48.88561320380877,high_temperature
2023-01-01 12:57:00,388.1139,1.945561,118.1339,2.920691,332.1405,PVDAQ_4,moderate,system_4_2023_01_01.csv,2023-01-01,49.13693676034852,high_temperature
2023-01-01 12:58:00,406.0673,1.970904,118.1408,3.072326,349.6329,PVDAQ_4,moderate,system_4_2023_01_01.csv,2023-01-01,47.8986216552916,high_temperature
2023-01-01 12:59:00,407.1354,2.041447,117.971,3.073916,348.752,PVDAQ_4,moderate,system_4_2023_01_01.csv,2023-01-01,46.672500306615774,high_temperature
2023-01-01 13:00:00,384.2071,2.051607,117.7852,2.890573,326.6778,PVDAQ_4,moderate,system_4_2023_01_01.csv,2023-01-01,46.067003226904326,high_temperature
2023-01-01 13:01:00,356.9511,2.112322,117.7124,2.693551,303.5321,PVDAQ_4,moderate,system_4_2023_01_01.csv,2023-01-01,45.84785464355094,high_temperature
2023-01-01 13:02:00,350.4945,2.000875,117.9099,2.635319,297.2299,PVDAQ_4,moderate,system_4_2023_01_01.csv,2023-01-01,44.628052439426085,high_temperature
2023-01-01 13:03:00,365.4259,2.0609,118.0403,2.762423,313.3481,PVDAQ_4,moderate,system_4_2023_01_01.csv,2023-01-01,41.12197490987447,high_temperature
2023-01-01 13:04:00,400.2665,2.007151,118.2553,3.027597,343.9769,PVDAQ_4,moderate,system_4_2023_01_01.csv,2023-01-01,34.61212290956197,high_temperature
2023-01-01 13:05:00,360.1525,1.910474,118.104,2.719273,307.1842,PVDAQ_4,moderate,system_4_2023_01_01.csv,2023-01-01,29.35251215295349,high_temperature
2023-01-01 13:06:00,367.8573,1.905408,117.9106,2.784432,315.0253,PVDAQ_4,moderate,system_4_2023_01_01.csv,2023-01-01,22.579760216039627,high_temperature
2023-01-01 13:07:00,383.0282,1.912289,117.9184,2.896,327.9489,PVDAQ_4,moderate,system_4_2023_01_01.csv,2023-01-01,18.95875674539301,high_temperature
2023-01-01 13:08:00,384.6884,1.939335,117.9604,2.912204,331.1364,PVDAQ_4,moderate,system_4_2023_01_01.csv,2023-01-01,18.30741292224944,high_temperature
2023-01-01 13:09:00,329.641,1.89435,117.793,2.476254,277.9249,PVDAQ_4,moderate,system_4_2023_01_01.csv,2023-01-01,21.881698431037876,high_temperature
2023-01-01 13:10:00,309.4946,1.863497,117.6482,2.338289,261.2431,PVDAQ_4,moderate,system_4_2023_01_01.csv,2023-01-01,27.377037839575486,high_temperature
2023-01-01 13:11:00,310.802,1.88599,117.6458,2.356286,264.5601,PVDAQ_4,moderate,system_4_2023_01_01.csv,2023-01-01,31.441205643065633,high_temperature
2023-01-01 13:12:00,330.7734,1.898458,117.7536,2.48728,280.4849,PVDAQ_4,moderate,system_4_2023_01_01.csv,2023-01-01,32.16243452476098,high_temperature
2023-01-01 13:13:00,292.0787,1.890014,117.5414,2.217246,246.6818,PVDAQ_4,moderate,system_4_2023_01_01.csv,2023-01-01,34.662551305474764,high_temperature
2023-01-01 13:14:00,293.9157,1.825649,117.7461,2.221569,250.261,PVDAQ_4,moderate,system_4_2023_01_01.csv,2023-01-01,34.9491698020397,high_temperature
2023-01-01 13:15:00,297.705,1.802743,117.8562,2.257659,252.7201,PVDAQ_4,moderate,system_4_2023_01_01.csv,2023-01-01,35.674562242203386,high_temperature
2023-01-01 13:16:00,298.2377,1.807054,117.827,2.262973,254.1239,PVDAQ_4,moderate,system_4_2023_01_01.csv,2023-01-01,37.133796744730176,high_temperature
2023-01-01 13:17:00,307.0086,1.667463,117.8695,2.336413,262.8393,PVDAQ_4,moderate,system_4_2023_01_01.csv,2023-01-01,37.80551519150254,high_temperature
2023-01-01 13:18:00,330.4743,1.595811,117.8132,2.528661,284.3253,PVDAQ_4,moderate,system_4_2023_01_01.csv,2023-01-01,36.88903867792956,high_temperature
2023-01-01 13:19:00,347.6643,1.492635,117.8529,2.643841,299.2341,PVDAQ_4,moderate,system_4_2023_01_01.csv,2023-01-01,32.254448901411706,high_temperature
2023-01-01 13:20:00,383.6929,1.509335,118.0768,2.86945,326.5391,PVDAQ_4,moderate,system_4_2023_01_01.csv,2023-01-01,34.35324594443622,high_temperature
2023-01-01 13:21:00,388.3819,1.515862,118.0353,2.921023,330.4789,PVDAQ_4,moderate,system_4_2023_01_01.csv,2023-01-01,36.2752688912153,high_temperature
2023-01-01 13:22:00,359.2268,1.550703,117.9132,2.708012,304.3411,PVDAQ_4,moderate,system_4_2023_01_01.csv,2023-01-01,34.378422158528025,high_temperature
2023-01-01 13:23:00,340.0294,1.569421,117.8527,2.572371,287.6972,PVDAQ_4,moderate,system_4_2023_01_01.csv,2023-01-01,31.173653926298623,high_temperature
2023-01-01 13:24:00,323.2592,1.610224,117.7978,2.449256,274.5816,PVDAQ_4,moderate,system_4_2023_01_01.csv,2023-01-01,31.192349675653677,high_temperature
2023-01-01 13:25:00,316.0305,1.566656,117.7341,2.394969,269.1066,PVDAQ_4,moderate,system_4_2023_01_01.csv,2023-01-01,30.967461680268844,high_temperature
2023-01-01 13:26:00,325.9867,1.525909,117.8197,2.467493,280.0054,PVDAQ_4,moderate,system_4_2023_01_01.csv,2023-01-01,30.612951251800457,high_temperature
2023-01-01 13:27:00,338.3147,1.46858,117.7091,2.567879,289.4293,PVDAQ_4,moderate,system_4_2023_01_01.csv,2023-01-01,30.70656526026978,high_temperature
2023-01-01 13:28:00,354.1991,1.454318,117.7998,2.696073,305.4281,PVDAQ_4,moderate,system_4_2023_01_01.csv,2023-01-01,29.467926097869494,high_temperature
2023-01-01 13:29:00,322.2035,1.450454,117.9526,2.418665,272.8148,PVDAQ_4,moderate,system_4_2023_01_01.csv,2023-01-01,27.591708136639543,high_temperature
2023-01-01 13:30:00,319.8354,1.432107,117.9998,2.412545,272.12,PVDAQ_4,moderate,system_4_2023_01_01.csv,2023-01-01,25.97079728583769,high_temperature
2023-01-01 13:31:00,290.8607,1.401387,117.6907,2.209986,245.2733,PVDAQ_4,moderate,system_4_2023_01_01.csv,2023-01-01,26.81283796972348,high_temperature
2023-01-01 13:32:00,279.7801,1.472371,117.5055,2.120728,235.7741,PVDAQ_4,moderate,system_4_2023_01_01.csv,2023-01-01,29.715038167530345,high_temperature
2023-01-01 13:33:00,264.1367,1.573065,117.5147,2.002336,220.4241,PVDAQ_4,moderate,system_4_2023_01_01.csv,2023-01-01,34.87196537165319,high_temperature
2023-01-01 13:34:00,245.6482,1.656425,117.404,1.852597,203.5047,PVDAQ_4,cloudy,system_4_2023_01_01.csv,2023-01-01,40.69321532419025,high_temperature
2023-01-01 13:35:00,236.5233,1.629702,117.6606,1.780548,196.5979,PVDAQ_4,cloudy,system_4_2023_01_01.csv,2023-01-01,42.814404193025446,high_temperature
2023-01-01 13:36:00,228.8809,1.553877,117.6616,1.731304,190.4083,PVDAQ_4,cloudy,system_4_2023_01_01.csv,2023-01-01,42.729073019610055,high_temperature
2023-01-01 13:37:00,217.9781,1.445887,117.6406,1.639381,179.3979,PVDAQ_4,cloudy,system_4_2023_01_01.csv,2023-01-01,44.95746024344105,high_temperature
2023-01-01 13:38:00,213.8329,1.41259,117.583,1.57492,172.6992,PVDAQ_4,cloudy,system_4_2023_01_01.csv,2023-01-01,47.3861123324485,high_temperature
2023-01-01 13:39:00,211.3454,1.330089,117.6413,1.599306,175.8377,PVDAQ_4,cloudy,system_4_2023_01_01.csv,2023-01-01,49.71297742354306,high_temperature
2023-01-01 13:40:00,209.5116,1.295305,117.531,1.588668,173.684,PVDAQ_4,cloudy,system_4_2023_01_01.csv,2023-01-01,51.42548852640493,high_temperature
2023-01-01 13:41:00,207.4982,1.307745,117.4062,1.572423,171.5752,PVDAQ_4,cloudy,system_4_2023_01_01.csv,2023-01-01,51.41074358456572,high_temperature
2023-01-01 13:42:00,204.2423,1.280644,117.4048,1.537766,167.6073,PVDAQ_4,cloudy,system_4_2023_01_01.csv,2023-01-01,48.9205882876111,high_temperature
2023-01-01 13:43:00,200.5096,1.291688,117.3986,1.517838,165.1163,PVDAQ_4,cloudy,system_4_2023_01_01.csv,2023-01-01,41.98604853207036,high_temperature
2023-01-01 13:44:00,195.5941,1.22579,117.5035,1.486643,161.4634,PVDAQ_4,cloudy,system_4_2023_01_01.csv,2023-01-01,37.52761906247342,high_temperature
2023-01-01 13:45:00,189.8455,1.222323,117.6712,1.440106,155.9761,PVDAQ_4,cloudy,system_4_2023_01_01.csv,2023-01-01,30.998054408488784,high_temperature
2023-01-01 13:46:00,183.4457,1.259019,117.694,1.393917,150.4088,PVDAQ_4,cloudy,system_4_2023_01_01.csv,2023-01-01,27.223531464738766,high_temperature
2023-01-01 13:47:00,177.0445,1.226922,117.4943,1.341706,143.9976,PVDAQ_4,cloudy,system_4_2023_01_01.csv,2023-01-01,23.588389823910305,high_temperature
2023-01-01 13:48:00,172.2474,1.200506,117.3262,1.309029,140.5872,PVDAQ_4,cloudy,system_4_2023_01_01.csv,2023-01-01,20.98104382458886,high_temperature
2023-01-01 13:49:00,169.2838,1.148096,117.3394,1.28847,138.6656,PVDAQ_4,cloudy,system_4_2023_01_01.csv,2023-01-01,19.986462958945765,high_temperature
2023-01-01 13:50:00,166.9755,1.114489,117.3139,1.273597,137.1586,PVDAQ_4,cloudy,system_4_2023_01_01.csv,2023-01-01,19.256786311150275,high_temperature
2023-01-01 13:51:00,164.6048,1.133085,117.2841,1.258593,135.3031,PVDAQ_4,cloudy,system_4_2023_01_01.csv,2023-01-01,18.691461200789846,high_temperature
2023-01-01 13:52:00,161.9401,1.212997,117.2426,1.238777,132.7786,PVDAQ_4,cloudy,system_4_2023_01_01.csv,2023-01-01,18.784794570119193,high_temperature
2023-01-01 13:53:00,159.2138,1.243307,117.2145,1.214301,130.0639,PVDAQ_4,cloudy,system_4_2023_01_01.csv,2023-01-01,18.822992360136716,high_temperature
2023-01-01 13:54:00,155.9557,1.173737,117.316,1.193717,127.4083,PVDAQ_4,cloudy,system_4_2023_01_01.csv,2023-01-01,18.694325413309592,high_temperature
2023-01-01 13:55:00,152.4584,1.099806,117.4468,1.165802,124.3044,PVDAQ_4,cloudy,system_4_2023_01_01.csv,2023-01-01,18.32163581394161,high_temperature
2023-01-01 13:56:00,148.9018,1.066009,117.4978,1.138553,120.9302,PVDAQ_4,cloudy,system_4_2023_01_01.csv,2023-01-01,17.679280604854345,high_temperature
2023-01-01 13:57:00,145.4645,1.028616,117.4735,1.116276,118.1711,PVDAQ_4,cloudy,system_4_2023_01_01.csv,2023-01-01,16.870342458833395,high_temperature
2023-01-01 13:58:00,142.7391,1.002229,117.2168,1.102022,115.7289,PVDAQ_4,cloudy,system_4_2023_01_01.csv,2023-01-01,15.865871271851995,high_temperature
2023-01-01 13:59:00,141.4356,0.997453,117.1907,1.093426,114.6483,PVDAQ_4,cloudy,system_4_2023_01_01.csv,2023-01-01,14.700033022483886,high_temperature
2023-01-01 14:00:00,141.7924,0.9918932,117.1202,1.099612,115.8732,PVDAQ_4,cloudy,system_4_2023_01_01.csv,2023-01-01,13.401171296094068,high_temperature
2023-01-01 14:01:00,143.512,1.029291,117.073,1.110013,117.4408,PVDAQ_4,cloudy,system_4_2023_01_01.csv,2023-01-01,12.077966335522472,high_temperature
2023-01-01 14:02:00,146.7732,1.038423,117.1508,1.130696,120.2957,PVDAQ_4,cloudy,system_4_2023_01_01.csv,2023-01-01,10.81619572480314,high_temperature
2023-01-01 14:03:00,151.3976,1.102907,117.2069,1.160666,123.6704,PVDAQ_4,cloudy,system_4_2023_01_01.csv,2023-01-01,9.606001934986391,high_temperature
2023-01-01 14:04:00,157.2075,1.150088,117.4094,1.192384,126.7568,PVDAQ_4,cloudy,system_4_2023_01_01.csv,2023-01-01,8.579725232247595,high_temperature
2023-01-01 14:05:00,163.0768,1.141128,117.5132,1.196051,128.3893,PVDAQ_4,cloudy,system_4_2023_01_01.csv,2023-01-01,8.142365136606074,high_temperature
2023-01-01 14:06:00,168.1753,1.152604,117.625,1.251824,136.0228,PVDAQ_4,cloudy,system_4_2023_01_01.csv,2023-01-01,8.584712049402219,high_temperature
2023-01-01 14:07:00,173.7482,1.131928,117.5117,1.301151,139.5389,PVDAQ_4,cloudy,system_4_2023_01_01.csv,2023-01-01,9.987764566427801,high_temperature
2023-01-01 14:08:00,184.5375,1.103753,117.4649,1.39376,152.2352,PVDAQ_4,cloudy,system_4_2023_01_01.csv,2023-01-01,12.874270178597916,high_temperature
2023-01-01 14:09:00,195.6234,1.152203,117.42,1.506944,165.4868,PVDAQ_4,cloudy,system_4_2023_01_01.csv,2023-01-01,16.70390164133933,high_temperature
2023-01-01 14:10:00,205.7606,1.184277,117.4847,1.590459,175.6925,PVDAQ_4,cloudy,system_4_2023_01_01.csv,2023-01-01,20.80649974232915,high_temperature
2023-01-01 14:11:00,220.7591,1.179385,117.536,1.691957,187.5012,PVDAQ_4,cloudy,system_4_2023_01_01.csv,2023-01-01,25.617807741114213,high_temperature
2023-01-01 14:12:00,238.8398,1.098167,117.6081,1.796409,199.8803,PVDAQ_4,cloudy,system_4_2023_01_01.csv,2023-01-01,31.15633515276717,high_temperature
2023-01-01 14:13:00,263.501,1.051539,117.7209,1.975598,221.8419,PVDAQ_4,moderate,system_4_2023_01_01.csv,2023-01-01,37.99291723305232,high_temperature
2023-01-01 14:14:00,296.5203,1.017671,117.7486,2.20892,249.1315,PVDAQ_4,moderate,system_4_2023_01_01.csv,2023-01-01,46.8848371140927,high_temperature
2023-01-01 14:15:00,307.2509,1.02125,117.8438,2.330477,261.7292,PVDAQ_4,moderate,system_4_2023_01_01.csv,2023-01-01,53.68313973496323,high_temperature
2023-01-01 14:16:00,314.1867,0.990909,117.9105,2.358036,265.5735,PVDAQ_4,moderate,system_4_2023_01_01.csv,2023-01-01,58.47611089121437,high_temperature
2023-01-01 14:17:00,315.0174,0.9400189,117.8989,2.391937,269.24,PVDAQ_4,moderate,system_4_2023_01_01.csv,2023-01-01,61.0493338592314,high_temperature
2023-01-01 14:18:00,322.7832,0.9736757,117.8181,2.468137,279.4236,PVDAQ_4,moderate,system_4_2023_01_01.csv,2023-01-01,62.56859382188408,high_temperature
2023-01-01 14:19:00,329.7196,1.001577,117.8113,2.541596,286.3011,PVDAQ_4,moderate,system_4_2023_01_01.csv,2023-01-01,63.07477762329726,high_temperature
2023-01-01 14:20:00,316.7964,1.027832,117.7907,2.444238,272.5896,PVDAQ_4,moderate,system_4_2023_01_01.csv,2023-01-01,60.982337847096055,high_temperature
2023-01-01 14:21:00,312.173,1.100589,117.9377,2.377918,268.1964,PVDAQ_4,moderate,system_4_2023_01_01.csv,2023-01-01,57.24003415609313,high_temperature
2023-01-01 14:22:00,328.416,0.9927616,117.9463,2.513355,283.9395,PVDAQ_4,moderate,system_4_2023_01_01.csv,2023-01-01,53.124934492546785,high_temperature
2023-01-01 14:23:00,328.4756,0.9805629,117.8435,2.522259,284.2786,PVDAQ_4,moderate,system_4_2023_01_01.csv,2023-01-01,48.02574996174615,high_temperature
2023-01-01 14:24:00,309.5651,0.990353,117.7915,2.379074,265.754,PVDAQ_4,moderate,system_4_2023_01_01.csv,2023-01-01,41.16519242152083,high_temperature
2023-01-01 14:25:00,290.299,1.014691,117.7468,2.228294,249.6238,PVDAQ_4,moderate,system_4_2023_01_01.csv,2023-01-01,33.24984583689695,high_temperature
2023-01-01 14:26:00,303.4594,1.015898,117.7768,2.33436,261.5224,PVDAQ_4,moderate,system_4_2023_01_01.csv,2023-01-01,25.09615901255828,high_temperature
2023-01-01 14:27:00,301.7404,0.958702,117.7475,2.309219,259.8553,PVDAQ_4,moderate,system_4_2023_01_01.csv,2023-01-01,17.259212822903645,high_temperature
2023-01-01 14:28:00,301.5627,0.8485474,117.7385,2.317563,259.1113,PVDAQ_4,moderate,system_4_2023_01_01.csv,2023-01-01,12.053492680898545,high_temperature
2023-01-01 14:29:00,291.9,0.8294200999999999,117.6999,2.244178,251.9495,PVDAQ_4,moderate,system_4_2023_01_01.csv,2023-01-01,12.52348118607215,high_temperature
2023-01-01 14:30:00,282.4743,0.8743758,117.6431,2.174998,242.7605,PVDAQ_4,moderate,system_4_2023_01_01.csv,2023-01-01,14.594593018139944,high_temperature
2023-01-01 14:31:00,274.3529,0.9060595,117.6241,2.105396,233.9144,PVDAQ_4,moderate,system_4_2023_01_01.csv,2023-01-01,17.1585752347136,high_temperature
2023-01-01 14:32:00,264.1566,1.020396,117.6145,2.028636,225.2177,PVDAQ_4,moderate,system_4_2023_01_01.csv,2023-01-01,20.25901214736387,high_temperature
2023-01-01 14:33:00,247.2616,1.096757,117.6568,1.899689,209.4632,PVDAQ_4,cloudy,system_4_2023_01_01.csv,2023-01-01,24.21744276470365,high_temperature
2023-01-01 14:34:00,236.4725,1.014335,117.642,1.813036,199.9556,PVDAQ_4,cloudy,system_4_2023_01_01.csv,2023-01-01,27.469716852495246,high_temperature
2023-01-01 14:35:00,216.0798,0.9848089,117.4289,1.658713,179.8405,PVDAQ_4,cloudy,system_4_2023_01_01.csv,2023-01-01,32.90596041275755,high_temperature
2023-01-01 14:36:00,199.5404,1.05666,117.4243,1.520309,164.698,PVDAQ_4,cloudy,system_4_2023_01_01.csv,2023-01-01,38.803104235478195,high_temperature
2023-01-01 14:37:00,189.4626,1.059061,117.3967,1.442408,155.5389,PVDAQ_4,cloudy,system_4_2023_01_01.csv,2023-01-01,42.4231028886748,high_temperature
2023-01-01 14:38:00,183.001,0.9871811,117.3317,1.388607,149.3368,PVDAQ_4,cloudy,system_4_2023_01_01.csv,2023-01-01,44.464005586100654,high_temperature
2023-01-01 14:39:00,175.1759,0.8930905,117.3039,1.324922,142.2689,PVDAQ_4,cloudy,system_4_2023_01_01.csv,2023-01-01,47.09995681899969,high_temperature
2023-01-01 14:40:00,168.9514,0.7649428999999999,117.283,1.271637,136.6348,PVDAQ_4,cloudy,system_4_2023_01_01.csv,2023-01-01,50.09500899219028,high_temperature
2023-01-01 14:41:00,163.4975,0.7165331999999999,117.533,1.22919,131.8594,PVDAQ_4,cloudy,system_4_2023_01_01.csv,2023-01-01,50.931967451888056,high_temperature
2023-01-01 14:42:00,158.7551,0.7114181,117.4996,1.194358,127.7317,PVDAQ_4,cloudy,system_4_2023_01_01.csv,2023-01-01,50.53499045313417,high_temperature
2023-01-01 14:43:00,155.5539,0.7005711,117.2638,1.178242,125.3864,PVDAQ_4,cloudy,system_4_2023_01_01.csv,2023-01-01,48.445442249218345,high_temperature
2023-01-01 14:44:00,153.7161,0.6999242,117.2184,1.163946,123.6867,PVDAQ_4,cloudy,system_4_2023_01_01.csv,2023-01-01,45.58212018917751,high_temperature
2023-01-01 14:45:00,152.2341,0.6788996,117.1734,1.160532,123.0773,PVDAQ_4,cloudy,system_4_2023_01_01.csv,2023-01-01,41.94012677302914,high_temperature
2023-01-01 14:46:00,151.5228,0.6854672,117.2206,1.156212,122.628,PVDAQ_4,cloudy,system_4_2023_01_01.csv,2023-01-01,37.253547834026854,high_temperature
2023-01-01 14:47:00,151.1671,0.7098071999999999,117.4048,1.147572,121.6738,PVDAQ_4,cloudy,system_4_2023_01_01.csv,2023-01-01,31.696912811355755,high_temperature
2023-01-01 14:48:00,150.4557,0.6850266999999999,117.3999,1.14641,121.8242,PVDAQ_4,cloudy,system_4_2023_01_01.csv,2023-01-01,26.485273537897484,high_temperature
2023-01-01 14:49:00,149.3886,0.7467205999999998,117.3992,1.13958,120.9835,PVDAQ_4,cloudy,system_4_2023_01_01.csv,2023-01-01,20.644364687047585,high_temperature
2023-01-01 14:50:00,148.1437,0.7841101,117.4351,1.135185,120.4427,PVDAQ_4,cloudy,system_4_2023_01_01.csv,2023-01-01,16.318276138183304,high_temperature
2023-01-01 14:51:00,147.5509,0.7356179,117.4742,1.13235,119.8767,PVDAQ_4,cloudy,system_4_2023_01_01.csv,2023-01-01,13.33595659989862,high_temperature
2023-01-01 14:52:00,146.306,0.7386403,117.47,1.119872,118.3976,PVDAQ_4,cloudy,system_4_2023_01_01.csv,2023-01-01,10.944637746564247,high_temperature
2023-01-01 14:53:00,145.6539,0.6984063999999999,117.4376,1.104993,116.6325,PVDAQ_4,cloudy,system_4_2023_01_01.csv,2023-01-01,8.613845594555858,high_temperature
2023-01-01 14:54:00,145.5947,0.6264271,117.4214,1.098221,115.189,PVDAQ_4,cloudy,system_4_2023_01_01.csv,2023-01-01,6.732175183357793,high_temperature
2023-01-01 14:55:00,144.8833,0.5831642,117.3526,1.088969,114.1853,PVDAQ_4,cloudy,system_4_2023_01_01.csv,2023-01-01,5.253840013115804,high_temperature
2023-01-01 14:56:00,143.9941,0.5451175999999999,117.3895,1.092291,115.0104,PVDAQ_4,cloudy,system_4_2023_01_01.csv,2023-01-01,4.246650400737247,high_temperature
2023-01-01 14:57:00,141.8599,0.5275615,117.3768,1.083449,113.7923,PVDAQ_4,cloudy,system_4_2023_01_01.csv,2023-01-01,3.887824147525265,high_temperature
2023-01-01 14:58:00,139.2516,0.4594923,117.3421,1.069427,111.4134,PVDAQ_4,cloudy,system_4_2023_01_01.csv,2023-01-01,4.060356514652301,high_temperature
2023-01-01 14:59:00,135.6947,0.397727,117.3427,1.044552,107.5797,PVDAQ_4,cloudy,system_4_2023_01_01.csv,2023-01-01,4.690541624586956,high_temperature
2023-01-01 15:00:00,132.4935,0.3455548,117.3371,1.023486,104.9432,PVDAQ_4,cloudy,system_4_2023_01_01.csv,2023-01-01,5.576354683276138,high_temperature
2023-01-01 15:01:00,129.7073,0.3243849999999999,117.3925,1.006071,102.6066,PVDAQ_4,cloudy,system_4_2023_01_01.csv,2023-01-01,6.502244837005207,high_temperature
2023-01-01 15:03:00,124.6091,0.3256729999999999,117.3321,0.9656302,97.70847,PVDAQ_4,cloudy,system_4_2023_01_01.csv,2023-01-01,8.170018937063503,high_temperature
2023-01-01 15:04:00,122.06,0.3980231,117.1396,0.9501949,95.5433,PVDAQ_4,cloudy,system_4_2023_01_01.csv,2023-01-01,8.974579267197555,high_temperature
2023-01-01 15:05:00,120.1037,0.3923144,117.113,0.9355443,93.68043,PVDAQ_4,cloudy,system_4_2023_01_01.csv,2023-01-01,9.680626488698248,high_temperature
2023-01-01 15:06:00,118.8588,0.3904388999999999,117.1114,0.9204308,92.24195,PVDAQ_4,cloudy,system_4_2023_01_01.csv,2023-01-01,10.15909921379741,high_temperature
2023-01-01 15:07:00,117.7324,0.36646,117.1312,0.91869,91.76403,PVDAQ_4,cloudy,system_4_2023_01_01.csv,2023-01-01,10.474195458461837,high_temperature
2023-01-01 15:08:00,117.3767,0.3680175,116.8356,0.9197176,91.53249,PVDAQ_4,cloudy,system_4_2023_01_01.csv,2023-01-01,10.513001841690778,high_temperature
2023-01-01 15:09:00,117.2582,0.3372841999999999,116.8408,0.9197139,91.42054,PVDAQ_4,cloudy,system_4_2023_01_01.csv,2023-01-01,10.200971228086503,high_temperature
2023-01-01 15:10:00,116.6653,0.3258563999999999,116.8325,0.9160809,90.5451,PVDAQ_4,cloudy,system_4_2023_01_01.csv,2023-01-01,9.625645448441562,high_temperature
