measured_on,ac_current__319,ac_power__315,ac_voltage__318,ambient_temp__320,das_battery_voltage__326,das_temp__325,dc_pos_current__317,dc_pos_voltage__316,dc_power__314,inverter_temp__324,module_temp_1__321,module_temp_2__322,module_temp_3__323,poa_irradiance__313,power_factor__327,system_id
2020-04-15 00:00:00,0.183952,2.864042,122.4415,0.7194939999999999,13.69663,0.4222552,-0.008216116,2.054025,-0.01448527,0.0178705299999999,-1.765283,-1.743567,-1.381769,-3.367054,0.1263018999999999,4
2020-04-15 00:01:00,0.1838228,2.858319,122.3998,0.7395446,13.69685,0.4154778,-0.003651689,2.322246,-0.0051724559999999,0.04930476,-1.705503,-1.669311,-1.312636,-2.88605,0.1264927999999999,4
2020-04-15 00:02:00,0.1837459999999999,2.868104,122.3794,0.8392720999999999,13.69751,0.4079462999999999,-0.007759849,2.459186,-0.02095553,0.07493737,-1.645027,-1.602328,-1.245705,-2.886053,0.1260436,4
2020-04-15 00:03:00,0.1835959,2.849034,122.3643,1.051694,13.69812,0.3928832999999999,-0.0043363869999999,2.111136,-0.0070164349999999,0.1117781999999999,-1.547987,-1.521215,-1.165381,-3.186686,0.1271004,4
2020-04-15 00:04:00,0.1836772,2.838531,122.3637,1.368907,13.69708,0.3827170999999999,-0.0079878559999999,2.065447,-0.0151571599999999,0.1744161999999999,-1.564056,-1.503996,-1.125751,-3.18669,0.1271723999999999,4
2020-04-15 00:05:00,0.1838487,2.871325,122.4671,1.087186,13.69702,0.372551,-0.0068467019999999,2.116772,-0.01293814,0.1721720999999999,-1.85734,-1.75091,-1.401386,-3.306944,0.1264673,4
2020-04-15 00:06:00,0.1839968999999999,2.861905,122.4777,0.3749403,13.69739,0.3640790999999999,0.0006845835999999,2.208132,0.00164027,0.1326959,-2.079504,-1.976642,-1.675435,-3.607578,0.1266205,4
2020-04-15 00:07:00,0.1841839,2.862294,122.5136,0.0409981499999999,13.69688,0.3522185999999999,-0.0084446199999999,2.253801,-0.01997142,0.0948735099999999,-2.224741,-2.155175,-1.823438,-3.607579,0.1272011999999999,4
2020-04-15 00:08:00,0.1840420999999999,2.873415,122.4826,-0.1568487,13.69679,0.3409213999999999,-0.0079881499999999,2.202447,-0.01817428,0.06267042,-2.372261,-2.290354,-2.003436,-3.607582,0.1262245999999999,4
2020-04-15 00:09:00,0.1840535,2.863095,122.4859,-0.2196941,13.69722,0.3296241999999999,-0.0050211229999999,2.191036,-0.01276732,0.0333424,-2.523537,-2.447401,-2.179948,-3.667709,0.1258025,4
2020-04-15 00:10:00,0.1840546999999999,2.869599,122.5202,-0.3332191999999999,13.69753,0.3279297999999999,-7.683410999999999e-09,2.173976,-0.0003438382,0.0071233989999999,-2.573861,-2.533973,-2.27371,-3.968344,0.1265367,4
2020-04-15 00:11:00,0.1838073,2.853912,122.4818,-0.07091482,13.69989,0.3092918,-0.007075457,2.076989,-0.0125025,0.002159523,-2.363498,-2.425843,-2.072907,-4.028471,0.1258215,4
2020-04-15 00:12:00,0.1839736999999999,2.856068,122.4754,0.09589714,13.69925,0.2961139999999999,-0.003880314,2.390953,-0.00958114,0.02288534,-2.186853,-2.220187,-1.892759,-4.088599,0.1260690999999999,4
2020-04-15 00:13:00,0.1837709999999999,2.857716,122.4207,0.1205806,13.69927,0.2867011999999999,-0.0086736729999999,2.248307,-0.01811522,0.03582159,-2.057935,-2.062281,-1.774783,-3.90822,0.1262607,4
2020-04-15 00:14:00,0.1837628,2.871496,122.4015,0.215362,13.70088,0.2799225,-0.0068475039999999,2.128433,-0.01334754,0.05642908,-2.001846,-1.977218,-1.659361,-3.968349,0.1260191,4
2020-04-15 00:15:00,0.1836803999999999,2.85667,122.3905,0.4592893,13.7018,0.2663651,-0.0036520229999999,1.843123,-0.006720742,0.0760360699999999,-1.971286,-1.910447,-1.602768,-3.667716,0.1265169999999999,4
2020-04-15 00:16:00,0.1837546999999999,2.863873,122.4147,0.3006836,13.70291,0.2578931999999999,-0.005021597,2.191242,-0.00956557,0.0639575599999999,-2.185525,-2.089881,-1.788601,-3.607591,0.1261505,4
2020-04-15 00:17:00,0.1837572,2.843217,122.4101,-0.1690954,13.70201,0.2460326999999999,-0.007532358,2.01435,-0.01464519,0.01314918,-2.343097,-2.254669,-1.993839,-3.607587,0.1259355,4
2020-04-15 00:18:00,0.1836578,2.857327,122.3761,-0.5583249,13.70261,0.2460326999999999,-0.0047934129999999,1.951604,-0.0101129199999999,-0.0337371799999999,-2.521311,-2.432853,-2.213233,-3.607544,0.1255457,4
2020-04-15 00:19:00,0.1834769,2.850466,122.2894,-0.7594435,13.70354,0.2309722999999999,-0.001826073,2.185573,-0.003923303,-0.0863095799999999,-2.697484,-2.624946,-2.382033,-3.667671,0.1267766999999999,4
2020-04-15 00:20:00,0.1837095,2.862382,122.3709,-0.8278235999999999,13.70319,0.2200534,-0.0079891179999999,2.174181,-0.01685006,-0.1289754999999999,-2.815883,-2.755659,-2.49672,-3.727806,0.1274709,4
2020-04-15 00:21:00,0.183869,2.858111,122.3832,-0.8891533,13.70367,0.2031097,-0.01483711,2.025834,-0.03105936,-0.1783923,-2.954866,-2.904785,-2.62182,-3.84806,0.1265792,4
2020-04-15 00:22:00,0.1837129999999999,2.869717,122.4102,-0.9427881,13.7042,0.1880467999999999,-0.0100439,2.179983,-0.0241830599999999,-0.2172737999999999,-3.041169,-3.033184,-2.766101,-4.088571,0.1264444999999999,4
2020-04-15 00:23:00,0.1837154,2.867707,122.3589,-0.9746088,13.70377,0.1737378,-0.0100439399999999,2.151473,-0.01880575,-0.2590213,-3.103576,-3.092683,-2.803787,-3.968321,0.1265646,4
2020-04-15 00:24:00,0.1836293,2.850149,122.3387,-0.9766116,13.70382,0.1601829999999999,-0.005478684,2.117283,-0.01277243,-0.2870391999999999,-3.134799,-3.136977,-2.865459,-3.9082,0.1265599,4
2020-04-15 00:25:00,0.1837377,2.868775,122.3851,-0.9451718,13.7043,0.14512,-0.01050098,2.094481,-0.02331015,-0.3244902,-3.189936,-3.189208,-2.866848,-4.268959,0.1261963999999999,4
2020-04-15 00:26:00,0.1838893,2.847656,122.408,-0.9980744,13.70526,0.125728,-0.006391978,2.231485,-0.01314836,-0.3626697999999999,-3.297391,-3.282135,-2.953898,-3.908205,0.1262581999999999,4
2020-04-15 00:27:00,0.1840558999999999,2.868919,122.4908,-1.094074,13.70712,0.1155618,-0.009816203,2.260009,-0.0263746499999999,-0.4017051999999999,-3.380206,-3.366401,-3.064973,-3.727828,0.1263034,4
2020-04-15 00:28:00,0.1840985,2.872869,122.4944,-1.246305,13.70761,0.0950409499999999,-0.0050222089999999,2.197216,-0.01211622,-0.4547191999999999,-3.498184,-3.480742,-3.17561,-3.607578,0.1269402,4
2020-04-15 00:29:00,0.1839641999999999,2.845172,122.4077,-1.325291,13.70947,0.07432938,-0.0089031249999999,2.174416,-0.02052781,-0.49711,-3.59246,-3.59246,-3.250932,-4.148717,0.1265811,4
2020-04-15 00:30:00,0.1839386,2.863955,122.4577,-1.372846,13.70948,0.0624688499999999,-0.0132406999999999,2.174442,-0.0298933699999999,-0.537861,-3.579687,-3.592044,-3.269405,-3.96834,0.1262114,4
2020-04-15 00:31:00,0.183812,2.861036,122.4336,-1.326998,13.7095,0.03705406,-0.0066204159999999,2.220126,-0.0163072699999999,-0.6051807,-3.433739,-3.411941,-3.079273,-4.3291,0.1258281,4
2020-04-15 00:32:00,0.1837281,2.858826,122.3901,-1.212351,13.71043,0.0178489699999999,-0.0059356019999999,2.048924,-0.0096938409999999,-0.6439051,-3.349161,-3.301214,-2.988232,-3.727838,0.1265179999999999,4
2020-04-15 00:33:00,0.1837626,2.851884,122.3782,-1.349201,13.71045,-0.0039901729999999,-0.0057074229999999,2.151678,-0.0089906489999999,-0.693894,-3.323938,-3.241126,-2.947779,-3.667713,0.1262495999999999,4
2020-04-15 00:34:00,0.1837730999999999,2.874684,122.3628,-1.50038,13.71367,-0.01321475,-0.0070771779999999,2.134568,-0.01612043,-0.7377774,-3.397168,-3.317248,-3.037641,-3.607587,0.1270299,4
2020-04-15 00:35:00,0.1839417,2.85484,122.4066,-1.358479,13.7146,-0.03863144,-0.005022559,2.014733,-0.0081620029999999,-0.7661409,-3.377785,-3.318208,-2.986326,-3.487335,0.1266865,4
2020-04-15 00:36:00,0.1840488999999999,2.864368,122.476,-1.015406,13.71507,-0.0578365299999999,-0.005250875,2.174547,-0.01324379,-0.7601025999999999,-3.339028,-3.275098,-2.941797,-3.607589,0.1265358,4
2020-04-15 00:37:00,0.1838748,2.850528,122.4474,-0.9696445,13.71508,-0.08551121,-0.01072987,2.471289,-0.02847247,-0.7740707,-3.371851,-3.307191,-2.978961,-3.306957,0.1260072999999999,4
2020-04-15 00:38:00,0.1839405,2.866745,122.4737,-1.117545,13.71647,-0.1177063,-0.007990271,2.225861,-0.01804321,-0.8142622,-3.42606,-3.356307,-3.030947,-3.60759,0.1264234999999999,4
2020-04-15 00:39:00,0.1837957,2.854782,122.3891,-1.199291,13.71785,-0.1346498999999999,-0.005935695,2.145985,-0.01147661,-0.8377462,-3.50422,-3.443174,-3.0887,-3.126579,0.1271102,4
2020-04-15 00:40:00,0.183866,2.868798,122.4683,-1.227198,13.71923,-0.1566766,-0.01004506,2.163113,-0.0224687,-0.8742636,-3.576579,-3.506802,-3.144288,-3.427212,0.1260976,4
2020-04-15 00:41:00,0.1837928,2.865825,122.4556,-1.228871,13.71879,-0.1771996999999999,-0.006392397,2.140306,-0.01286865,-0.8948338999999998,-3.613305,-3.550063,-3.191139,-3.547466,0.1264841999999999,4
2020-04-15 00:42:00,0.1839755999999999,2.865745,122.4922,-1.110427,13.72062,-0.1962146999999999,-0.0089036849999999,2.265873,-0.0205303499999999,-0.8994332,-3.592493,-3.540884,-3.156549,-3.547466,0.1264811,4
2020-04-15 00:43:00,0.1839969999999999,2.86461,122.4898,-1.183801,13.72063,-0.2069464,-0.0098169769999999,2.283018,-0.0237675,-0.9145565,-3.564958,-3.54533,-3.163877,-3.48734,0.1274320999999999,4
2020-04-15 00:44:00,0.1839906,2.863749,122.4404,-1.281806,13.72063,-0.2306697,-0.007305657,2.180283,-0.01355686,-0.9477175,-3.608501,-3.577239,-3.191399,-3.246834,0.1268992999999999,4
2020-04-15 00:45:00,0.1840236,2.863514,122.518,-1.332232,13.72064,-0.2461071,-0.0070774089999999,2.168884,-0.01682515,-0.968251,-3.760806,-3.698993,-3.314493,-3.367087,0.1259685,4
2020-04-15 00:46:00,0.1840936,2.860947,122.5073,-1.366094,13.72064,-0.2718992,-0.0063925049999999,2.123225,-0.0115868599999999,-1.000588,-3.87042,-3.834049,-3.40874,-3.48734,0.1262964,4
2020-04-15 00:47:00,0.1838972,2.846998,122.4701,-1.328194,13.72064,-0.2871513,-0.008218978,2.134651,-0.01837341,-1.014386,-3.954003,-3.917627,-3.503885,-3.427214,0.1261261999999999,4
2020-04-15 00:48:00,0.1839445,2.854569,122.4937,-1.216806,13.72064,-0.3059775,-0.0061642299999999,2.254513,-0.0154180099999999,-1.021683,-3.939527,-3.919156,-3.488696,-3.006328,0.1260474,4
2020-04-15 00:49:00,0.1838274,2.85012,122.4467,-1.16044,13.72065,-0.3317687,-0.003196285,2.151784,-0.0080843789999999,-1.032347,-3.946641,-3.926997,-3.47545,-3.126582,0.1258661,4
2020-04-15 00:50:00,0.1839129999999999,2.861686,122.5041,-1.110732,13.72065,-0.3504066,-0.01164362,2.214571,-0.0274900499999999,-1.045237,-3.914515,-3.886871,-3.455713,-3.186699,0.1267983,4
2020-04-15 00:51:00,0.1840386,2.852778,122.5081,-1.184302,13.72065,-0.3730010999999999,-0.01095873,2.191746,-0.02442534,-1.06643,-3.989704,-3.948231,-3.527185,-3.006288,0.1262973,4
2020-04-15 00:52:00,0.1838895,2.843494,122.4855,-1.208326,13.72065,-0.3831672999999999,-0.01164367,2.248826,-0.0261611399999999,-1.076625,-4.042945,-3.984731,-3.561462,-3.186668,0.1263288999999999,4
2020-04-15 00:53:00,0.1838735,2.860048,122.4474,-1.203798,13.72111,-0.4083963999999999,-0.008675692,2.237415,-0.02025033,-1.101919,-4.051765,-4.003734,-3.546995,-3.607555,0.1259549,4
2020-04-15 00:54:00,0.1838248,2.871268,122.4294,-1.17011,13.72111,-0.4227053,-0.0125569299999999,2.243125,-0.02833487,-1.105408,-4.053816,-3.997782,-3.51997,-3.306927,0.1257591999999999,4
2020-04-15 00:55:00,0.1838333,2.873487,122.4973,-1.229772,13.72249,-0.4430376999999999,-0.0054793979999999,2.180344,-0.01448023,-1.121436,-4.096146,-4.048839,-3.58333,-3.246806,0.126647,4
2020-04-15 00:56:00,0.1839532,2.86812,122.4328,-1.248428,13.72341,-0.4565926,-0.0057077109999999,2.157515,-0.0142457,-1.133549,-4.098791,-4.025289,-3.601254,-3.06643,0.1260028,4
2020-04-15 00:57:00,0.1838414999999999,2.877829,122.4391,-1.331013,13.72525,-0.4773041,-0.003196322,2.140394,-0.0063957199999999,-1.159337,-4.173436,-4.107927,-3.684551,-3.066433,0.1266066999999999,4
2020-04-15 00:58:00,0.1836759,2.866288,122.3959,-1.331681,13.72617,-0.4961305999999999,-0.0073058869999999,2.026242,-0.01765473,-1.178917,-4.153105,-4.085416,-3.651886,-3.186666,0.1266182999999999,4
2020-04-15 00:59:00,0.1834229,2.879662,122.308,-1.324693,13.72617,-0.5145798,-0.0109588399999999,2.111859,-0.02211144,-1.195227,-4.227754,-4.141858,-3.732267,-3.066396,0.1269776,4
2020-04-15 01:00:00,0.1836165999999999,2.875494,122.3636,-1.325208,13.72571,-0.5339726999999999,-0.0050228039999999,2.2888,-0.01351083,-1.210318,-4.187635,-4.109752,-3.703826,-3.186629,0.1274154,4
2020-04-15 01:01:00,0.1837843999999999,2.85646,122.4069,-1.483167,13.72617,-0.5441405,-0.0077625189999999,2.237432,-0.01792064,-1.232798,-4.197175,-4.117834,-3.72135,-3.306865,0.1264772999999999,4
2020-04-15 01:02:00,0.1837204,2.857209,122.4312,-1.547273,13.72617,-0.5593898,-0.0105022399999999,2.27168,-0.0216111099999999,-1.253162,-4.268028,-4.187943,-3.81902,-2.886002,0.1264221,4
2020-04-15 01:03:00,0.1835773,2.864469,122.3881,-1.623453,13.72709,-0.581604,-0.007762527,2.168941,-0.0178737599999999,-1.284107,-4.317448,-4.245362,-3.903299,-3.186633,0.1270695,4
2020-04-15 01:04:00,0.1836322,2.862458,122.3518,-1.722156,13.72709,-0.5972319,-0.0073059129999999,2.037664,-0.01546559,-1.311331,-4.36451,-4.303337,-3.975784,-3.306894,0.1268541,4
2020-04-15 01:05:00,0.1838065,2.869628,122.4143,-1.774163,13.72985,-0.6207656999999999,-0.003196337,2.214605,-0.008100281,-1.349371,-4.447243,-4.386058,-4.039519,-3.306898,0.1258913999999999,4
2020-04-15 01:06:00,0.1837276999999999,2.858528,122.4157,-1.786784,13.72985,-0.633379,-0.001598169,2.345885,-0.002157991,-1.365604,-4.478073,-4.431453,-4.057232,-3.306908,0.1267027,4
2020-04-15 01:07:00,0.1838458,2.828984,122.4099,-1.767064,13.73168,-0.6580426,-0.007077608,2.186068,-0.0161536699999999,-1.394649,-4.501479,-4.442474,-4.054419,-3.427161,0.1258944999999999,4
2020-04-15 01:08:00,0.1836644,2.860497,122.3683,-1.776634,13.73122,-0.6763057999999998,-0.006620992,2.146115,-0.01340146,-1.420179,-4.546132,-4.474009,-4.096115,-3.42717,0.1263932999999999,4
2020-04-15 01:09:00,0.1835425,2.862994,122.3113,-1.729268,13.73168,-0.6966381,-0.004794511,2.226023,-0.0089916479999999,-1.442719,-4.522933,-4.455914,-4.112242,-3.487297,0.1266635,4
2020-04-15 01:10:00,0.1835739,2.862033,122.3316,-1.683369,13.73168,-0.7118874,-0.006392684,2.151823,-0.0144492,-1.452934,-4.56601,-4.500442,-4.156734,-3.487304,0.1265727,4
2020-04-15 01:11:00,0.1835996,2.847214,122.357,-1.694527,13.73168,-0.7288331999999998,-0.005479444,2.077623,-0.01152496,-1.471358,-4.613713,-4.578008,-4.211669,-3.487305,0.1265516999999999,4
2020-04-15 01:12:00,0.183656,2.862679,122.3746,-1.676904,13.73168,-0.7548141,-0.01689496,2.203194,-0.03742095,-1.493801,-4.606573,-4.575241,-4.22709,-3.607562,0.1265172,4
2020-04-15 01:13:00,0.183558,2.865871,122.3866,-1.629789,13.73168,-0.77176,-0.007762548,2.248856,-0.0167166699999999,-1.500647,-4.561735,-4.493247,-4.145162,-3.48731,0.1268851,4
2020-04-15 01:14:00,0.1835703999999999,2.848889,122.3279,-1.668208,13.73214,-0.7926579,-0.008219171,2.140409,-0.01837427,-1.521578,-4.670237,-4.58789,-4.172026,-3.427188,0.1256325,4
2020-04-15 01:15:00,0.1836944,2.855193,122.3892,-1.682001,13.7326,-0.8071536999999999,-0.0086757919999999,2.300226,-0.0187495799999999,-1.530303,-4.59883,-4.546366,-4.135645,-3.306937,0.1261012,4
2020-04-15 01:16:00,0.1837717,2.866525,122.3925,-1.709472,13.73398,-0.828805,-0.0105022799999999,2.083332,-0.0223618899999999,-1.546162,-4.593485,-4.522086,-4.126693,-3.186687,0.1266892,4
2020-04-15 01:17:00,0.1837321,2.843553,122.3938,-1.733253,13.7349,-0.8474452,-0.0073059309999999,2.060501,-0.01527802,-1.567733,-4.552558,-4.487721,-4.106914,-2.946183,0.1259656,4
2020-04-15 01:18:00,0.183781,2.864566,122.3901,-1.751357,13.73581,-0.8647652,-0.01141552,2.271688,-0.02880462,-1.582203,-4.570826,-4.505985,-4.114966,-3.547447,0.1265165,4
2020-04-15 01:19:00,0.1836425999999999,2.861974,122.3311,-1.655136,13.73719,-0.8835907,-0.0105022799999999,2.08904,-0.0209388699999999,-1.586591,-4.472539,-4.441944,-4.050981,-3.306931,0.1257986,4
2020-04-15 01:20:00,0.1836562999999999,2.853176,122.3243,-1.584487,13.73719,-0.8988428,-0.0095890379999999,2.094748,-0.02237754,-1.588854,-4.413668,-4.356132,-3.97761,-3.3069,0.1270542,4
2020-04-15 01:21:00,0.1838247,2.862319,122.3972,-1.696754,13.73719,-0.9171047,-0.0105022799999999,2.026255,-0.0222993499999999,-1.602818,-4.261013,-4.22825,-3.842559,-2.886025,0.1267832999999999,4
2020-04-15 01:22:00,0.1837551,2.846035,122.3987,-1.467818,13.73719,-0.9299062,-0.004109588,2.117579,-0.0085850969999999,-1.590337,-4.23982,-4.191767,-3.745002,-3.006283,0.1261119,4
2020-04-15 01:23:00,0.1836642,2.85152,122.3865,-1.336995,13.73811,-0.9468498,-0.005707761,2.163242,-0.0131513099999999,-1.576907,-4.157855,-4.122913,-3.721307,-2.886034,0.1267715,4
2020-04-15 01:24:00,0.1836540999999999,2.846067,122.3041,-1.236608,13.73857,-0.9694443,-0.0036529679999999,1.997717,-0.0084912709999999,-1.57203,-4.073583,-4.050294,-3.642214,-2.765787,0.1262101999999999,4
2020-04-15 01:25:00,0.1837989999999999,2.859772,122.3659,-1.079204,13.73995,-0.972833,-0.008904109,2.191781,-0.01962532,-1.535607,-3.975761,-3.929923,-3.54668,-2.886041,0.1262668999999999,4
2020-04-15 01:26:00,0.1836178,2.858658,122.3708,-0.9543151,13.73903,-0.9897766,-0.007534245,2.24315,-0.01627885,-1.511315,-3.953446,-3.897424,-3.482246,-2.585415,0.1263245,4
2020-04-15 01:27:00,0.1835968,2.8482,122.3582,-0.8852109,13.73949,-1.005026,-0.0061643829999999,2.197489,-0.01548133,-1.493304,-3.851678,-3.778947,-3.432908,-2.465166,0.1267212,4
2020-04-15 01:28:00,0.1836337,2.86007,122.362,-0.929561,13.73903,-1.010109,-0.005022831,2.128995,-0.0100550399999999,-1.465838,-3.801525,-3.733891,-3.347198,-2.765798,0.1263780999999999,4
2020-04-15 01:29:00,0.1837919,2.851077,122.3627,-1.253091,13.73995,-1.025172,-0.009589042,1.883562,-0.0176080599999999,-1.478027,-3.842883,-3.786151,-3.437923,-2.645548,0.1262328,4
2020-04-15 01:30:00,0.1837727999999999,2.869278,122.3899,-1.615895,13.73903,-1.032703,-0.01073059,2.254566,-0.02537999,-1.502933,-3.960325,-3.858475,-3.552347,-2.525297,0.1267302999999999,4
2020-04-15 01:31:00,0.1837832,2.870053,122.3941,-1.914857,13.73857,-1.039481,-0.0020547949999999,2.089041,-0.0039719769999999,-1.545189,-3.919945,-3.87193,-3.55924,-2.525298,0.1272184,4
2020-04-15 01:32:00,0.1837408,2.843379,122.3946,-1.738998,13.73857,-1.053036,-0.008219178,2.151826,-0.0178269799999999,-1.566006,-3.843429,-3.793965,-3.455891,-2.886056,0.1263834,4
2020-04-15 01:33:00,0.1837539,2.843595,122.3784,-1.216281,13.74041,-1.053036,-0.009360731,2.140411,-0.0205792199999999,-1.526206,-3.556204,-3.546752,-3.160938,-2.946184,0.1261506,4
2020-04-15 01:34:00,0.1836664,2.868736,122.342,-0.4005549999999999,13.73903,-1.066214,-0.002283105,2.363014,-0.005019703,-1.434487,-3.323082,-3.27368,-2.829314,-2.886059,0.1271688,4
2020-04-15 01:35:00,0.1837323999999999,2.848555,122.4027,0.09097979,13.74178,-1.075626,-0.01141553,1.974886,-0.0234721999999999,-1.314415,-3.046264,-3.00343,-2.552831,-2.88606,0.1261483999999999,4
2020-04-15 01:36:00,0.183849,2.869388,122.4116,-0.1965012999999999,13.74087,-1.075626,-0.0077625569999999,2.214612,-0.01598174,-1.24788,-3.003398,-2.909032,-2.473765,-2.825934,0.1262607,4
2020-04-15 01:37:00,0.1837813,2.864177,122.4185,-0.5501783,13.73988,-1.075626,-0.0068493149999999,1.917808,-0.0134171499999999,-1.213896,-2.943161,-2.83502,-2.414322,-2.886062,0.1261005,4
2020-04-15 01:38:00,0.1839434,2.859284,122.4031,-0.4622687999999999,13.73903,-1.075626,-0.0070776249999999,2.089041,-0.01424595,-1.172685,-2.882921,-2.783502,-2.362853,-2.886063,0.1269986999999999,4
2020-04-15 01:39:00,0.1837611,2.852172,122.381,-0.6512097,13.73849,-1.075626,-0.009589042,2.100456,-0.0193594799999999,-1.167624,-3.038277,-2.909063,-2.538329,-2.525306,0.1271424999999999,4
2020-04-15 01:40:00,0.183987,2.852176,122.4387,-1.264293,13.73757,-1.075626,-0.009360731,2.043379,-0.0188277999999999,-1.211728,-3.193678,-3.079665,-2.76828,-2.164548,0.1257232,4
2020-04-15 01:41:00,0.1839186999999999,2.871063,122.4394,-1.685881,13.73749,-1.075626,-0.01187215,1.957762,-0.0197660599999999,-1.270311,-3.312929,-3.225756,-2.949818,-2.164549,0.126674,4
2020-04-15 01:42:00,0.1839388,2.852795,122.4408,-1.859292,13.73749,-1.075626,-0.0086757999999999,2.260274,-0.01971915,-1.320214,-3.35289,-3.275877,-3.003538,-2.886065,0.1262084,4
2020-04-15 01:43:00,0.1838266,2.883957,122.3873,-1.881636,13.73743,-1.079016,-0.0068493149999999,2.562785,-0.01781135,-1.363386,-3.412236,-3.338846,-3.078087,-2.705686,0.126278,4
2020-04-15 01:44:00,0.1839187999999999,2.857184,122.4176,-1.797817,13.73743,-1.094268,-0.0025114149999999,2.049087,-0.0055357469999999,-1.403242,-3.498044,-3.428273,-3.142045,-2.886065,0.1256695999999999,4
2020-04-15 01:45:00,0.1838402,2.844531,122.3987,-1.62973,13.73784,-1.095963,-0.0068493149999999,2.106164,-0.01333896,-1.421559,-3.442212,-3.400064,-3.110239,-2.886066,0.1259204999999999,4
2020-04-15 01:46:00,0.184029,2.863271,122.4502,-1.251907,13.73784,-1.095963,-0.01004566,2.208904,-0.0219709699999999,-1.414326,-3.313611,-3.304167,-2.986819,-2.886066,0.1266654999999999,4
2020-04-15 01:47:00,0.1839715,2.863149,122.4819,-0.7965229,13.73872,-1.095963,-0.01187215,2.208904,-0.02921123,-1.368034,-3.168345,-3.163261,-2.79957,-3.066445,0.1262451,4
2020-04-15 01:48:00,0.1838526,2.881349,122.4456,-0.7107379999999999,13.73838,-1.095963,-0.008447489,2.237443,-0.0187183299999999,-1.328254,-3.040548,-3.044904,-2.671154,-2.886071,0.1272745999999999,4
2020-04-15 01:49:00,0.1838221999999999,2.869973,122.3808,-0.5835572,13.7387,-1.095963,-0.01575342,2.226027,-0.0360605499999999,-1.292095,-2.876512,-2.877234,-2.540611,-2.886086,0.1267658999999999,4
2020-04-15 01:50:00,0.1837549,2.854858,122.3545,-0.1484509,13.73882,-1.095963,-0.01164384,2.16895,-0.02547382,-1.211107,-2.692225,-2.687145,-2.310792,-2.88609,0.1269077,4
2020-04-15 01:51:00,0.1838052,2.863128,122.417,0.1963504,13.73859,-1.095963,-0.008447489,2.083333,-0.0174829599999999,-1.116398,-2.493536,-2.485557,-2.117335,-2.886098,0.1264434999999999,4
2020-04-15 01:52:00,0.1837129,2.876098,122.4257,0.344366,13.73853,-1.095963,-0.008219178,2.071918,-0.01879652,-1.013752,-2.345616,-2.308647,-1.955054,-2.886101,0.1267051999999999,4
2020-04-15 01:53:00,0.1838302,2.870559,122.4665,0.1658757999999999,13.73794,-1.095963,-0.009360731,1.974886,-0.0168730799999999,-0.9537672,-2.270226,-2.22746,-1.847151,-2.825978,0.1270535999999999,4
2020-04-15 01:54:00,0.1836356,2.87089,122.4042,0.1818051,13.73788,-1.095963,-0.0061643829999999,2.231735,-0.01355789,-0.8894600999999999,-2.21873,-2.134672,-1.757344,-2.886106,0.1265492,4
2020-04-15 01:55:00,0.1837671999999999,2.860828,122.4326,-0.0391266799999999,13.73734,-1.077321,-0.0073059359999999,2.094749,-0.01759242,-0.8433755,-2.201456,-2.094222,-1.73793,-2.525344,0.1264579,4
2020-04-15 01:56:00,0.1837137,2.858132,122.4307,-0.132694,13.73682,-1.069979,-0.0079908679999999,2.163242,-0.01838994,-0.8215856,-2.233957,-2.117296,-1.741437,-2.344962,0.1266534,4
2020-04-15 01:57:00,0.1835152999999999,2.855944,122.3647,-0.2159669999999999,13.73308,-1.053036,-0.0043378999999999,2.031963,-0.0091011449999999,-0.8169283,-2.228568,-2.138715,-1.757045,-2.40509,0.1266782999999999,4
2020-04-15 01:58:00,0.1835514,2.87113,122.3954,-0.0211583499999999,13.73257,-1.051341,-0.0073059359999999,2.300228,-0.0176549699999999,-0.7877827,-2.172529,-2.068197,-1.698891,-2.465216,0.1268768,4
2020-04-15 01:59:00,0.1835017999999999,2.876072,122.3248,-0.1325202,13.73253,-1.032703,-0.008219178,2.01484,-0.0152624,-0.7532594999999999,-2.314008,-2.195876,-1.837327,-2.405088,0.1268534,4
2020-04-15 02:00:00,0.1834842999999999,2.853619,122.3261,-0.8165461,13.73202,-1.021406,-0.01118721,2.009132,-0.02258085,-0.8091397,-2.504992,-2.399856,-2.095461,-2.164578,0.1269724,4
2020-04-15 02:01:00,0.1837495,2.872271,122.4104,-1.235848,13.73199,-1.010109,-0.006392694,2.174657,-0.01474636,-0.869368,-2.600291,-2.528487,-2.242842,-2.164577,0.1265032,4
2020-04-15 02:02:00,0.1836192,2.855767,122.3778,-0.5850247,13.73226,-0.9897766,-0.00456621,2.111872,-0.008882216,-0.8396459,-2.363068,-2.316674,-1.979738,-2.886101,0.1269759,4
2020-04-15 02:03:00,0.1835305999999999,2.856473,122.3446,-0.0445917399999999,13.7324,-0.9846935,-0.008219178,2.197489,-0.0184681299999999,-0.7868823,-2.218803,-2.175321,-1.823283,-2.765846,0.1267436,4
2020-04-15 02:04:00,0.1833772999999999,2.866895,122.2808,0.0589286099999999,13.73229,-0.9711387,-0.006392694,2.140411,-0.01288547,-0.7408320999999999,-2.143571,-2.093578,-1.748856,-2.705717,0.1270169999999999,4
2020-04-15 02:05:00,0.18328,2.850774,122.3064,-0.0895286899999999,13.73225,-0.9656785,-0.0086757999999999,2.146119,-0.01790517,-0.7375422,-2.098964,-2.064914,-1.712254,-2.405081,0.127002,4
2020-04-15 02:06:00,0.1834973,2.885031,122.3491,-0.04216653,13.73216,-0.9451554,-0.008219178,2.100456,-0.01413649,-0.7047457,-2.028406,-2.008124,-1.646098,-2.344952,0.1269618999999999,4
2020-04-15 02:07:00,0.1833105999999999,2.865064,122.3248,-0.0373561599999999,13.73122,-0.9265175,-0.01118721,2.089041,-0.0227059499999999,-0.6911692999999999,-1.97423,-1.950328,-1.551443,-2.405078,0.1268341,4
2020-04-15 02:08:00,0.183628,2.8661,122.3631,0.1920862999999999,13.73068,-0.9133396,-0.006621005,2.191781,-0.01363608,-0.6404417,-1.855293,-1.821262,-1.418872,-2.645583,0.127168,4
2020-04-15 02:09:00,0.1836173999999999,2.863042,122.346,0.3705101,13.72929,-0.8937587999999999,-0.01004566,2.054795,-0.02076687,-0.5789868999999999,-1.748788,-1.725622,-1.33055,-2.405076,0.1272454,4
2020-04-15 02:10:00,0.1836404,2.866715,122.3593,0.3332614999999999,13.72647,-0.8817080999999999,-0.005251141,2.29452,-0.01221305,-0.5503204,-1.720824,-1.676666,-1.298254,-2.525327,0.1268401,4
2020-04-15 02:11:00,0.1837714,2.872184,122.4204,0.1739931999999999,13.72692,-0.8610001,-0.004109589,2.186073,-0.01191593,-0.5260135999999999,-1.736267,-1.680527,-1.318747,-2.28482,0.1272345,4
2020-04-15 02:12:00,0.1836637,2.885618,122.4044,0.17929,13.72641,-0.8440564,-0.01027397,2.22032,-0.0231437999999999,-0.4917539,-1.64835,-1.629529,-1.267068,-2.705705,0.1271162,4
2020-04-15 02:13:00,0.1836747,2.874843,122.4323,0.3437181999999999,13.7264,-0.8254156,-0.005479452,2.288813,-0.01014887,-0.4384768,-1.555843,-1.534134,-1.210075,-2.465198,0.1274914,4
2020-04-15 02:14:00,0.1836261999999999,2.860532,122.3529,0.4197382,13.72498,-0.801506,-0.005936073,2.44863,-0.01435541,-0.3850093,-1.515938,-1.47759,-1.183954,-2.585449,0.1272513,4
2020-04-15 02:15:00,0.1837650999999999,2.866688,122.4147,0.3054915999999999,13.72314,-0.7858804,-0.0061643829999999,2.340183,-0.01474636,-0.3455782,-1.472069,-1.433002,-1.143732,-2.525322,0.1278639,4
2020-04-15 02:16:00,0.1839029,2.870435,122.4457,0.3775829,13.72127,-0.7623455999999998,-0.0123287699999999,2.283105,-0.02844498,-0.3018542,-1.329868,-1.312511,-1.042832,-2.765827,0.1261907999999999,4
2020-04-15 02:17:00,0.1837744,2.868039,122.4306,0.5543099,13.72081,-0.7429535999999999,-0.008219178,2.402968,-0.01813974,-0.2413487,-1.230901,-1.19981,-0.943926,-2.465194,0.1258635999999999,4
2020-04-15 02:18:00,0.1835988,2.857025,122.3758,0.5653046,13.72078,-0.7137702,-0.00456621,2.328767,-0.0109933099999999,-0.1941519999999999,-1.156857,-1.134444,-0.8720946,-2.284813,0.1271717,4
2020-04-15 02:19:00,0.1836394,2.870822,122.347,0.3087411999999999,13.72077,-0.6932494,-0.0043378999999999,2.22032,-0.01039907,-0.1880710999999999,-1.216573,-1.15873,-0.8956389,-2.224685,0.1265023,4
2020-04-15 02:20:00,0.1835216,2.862403,122.3372,0.5100366,13.72076,-0.6674569,-0.00456621,2.043379,-0.0098673919999999,-0.1507439999999999,-1.0628,-1.037499,-0.7614689,-2.164558,0.1273288999999999,4
2020-04-15 02:21:00,0.1836021999999999,2.88501,122.4135,0.6825539,13.72091,-0.6384621,-0.003424658,2.323059,-0.0095859129999999,-0.1066248,-1.060519,-1.024377,-0.7454623999999999,-2.164557,0.1270554999999999,4
2020-04-15 02:22:00,0.1835943999999999,2.893327,122.4255,0.7426918,13.7212,-0.6188831,-0.005707763,2.323059,-0.01349534,-0.0971603399999999,-1.093688,-1.045978,-0.7634377,-2.164557,0.1275997,4
2020-04-15 02:23:00,0.1838042,2.861723,122.4471,0.7463727,13.71932,-0.5904531,-0.005022831,2.237443,-0.0120410299999999,-0.07165755,-1.12304,-1.097737,-0.8043358999999999,-2.284809,0.1266975999999999,4
2020-04-15 02:24:00,0.1838171999999999,2.885458,122.4005,0.605159,13.71926,-0.5684261,-0.0086757989999999,2.334475,-0.01996935,-0.0655337899999999,-1.262205,-1.210863,-0.9513645,-2.164556,0.1276366999999999,4
2020-04-15 02:25:00,0.1837299,2.868157,122.3996,-0.0481943199999999,13.716,-0.5441405,-0.01210046,2.254566,-0.02771001,-0.1133953,-1.536614,-1.489584,-1.287774,-2.224682,0.1268942,4
2020-04-15 02:26:00,0.1837243,2.896928,122.4388,-0.6361213,13.7178,-0.5219221,-0.0075342459999999,2.288813,-0.0146681699999999,-0.1936264,-1.728562,-1.69454,-1.525195,-2.525314,0.1270812,4
2020-04-15 02:27:00,0.1835861,2.872819,122.4075,-0.9849202,13.71592,-0.5014018999999998,-0.00456621,2.311644,-0.01071183,-0.2741283999999999,-1.920104,-1.89838,-1.749954,-2.645546,0.1269106999999999,4
2020-04-15 02:28:00,0.1836361,2.879984,122.3907,-1.217546,13.71543,-0.4808814,-0.0006849316,2.140411,0.0003753044,-0.3575269999999999,-2.109555,-2.095066,-1.952367,-3.006285,0.1260714,4
2020-04-15 02:29:00,0.1836049999999999,2.8651,122.3283,-1.317526,13.71723,-0.4622412,-0.01255708,2.283105,-0.0291330399999999,-0.4298246,-2.246686,-2.245962,-2.118427,-3.367044,0.1265717,4
2020-04-15 02:30:00,0.1835874999999999,2.871442,122.3451,-1.352645,13.71629,-0.4565926,-0.0006849313999999,2.368721,-0.002267467,-0.5187439,-2.37007,-2.351945,-2.233073,-3.487299,0.1269827,4
2020-04-15 02:31:00,0.1836043,2.861895,122.3285,-1.420836,13.71948,-0.4548981999999999,-0.01073059,2.311644,-0.02275286,-0.5863629999999999,-2.556889,-2.545285,-2.411136,-3.186674,0.1265676,4
2020-04-15 02:32:00,0.1836328999999999,2.882999,122.3252,-1.420597,13.71809,-0.4379546,-0.002283105,2.11758,-0.0063801839999999,-0.6315116,-2.646482,-2.660266,-2.494173,-3.547432,0.1267302999999999,4
2020-04-15 02:33:00,0.1835569,2.875439,122.3602,-1.397025,13.72081,-0.4362601999999999,-0.01118721,2.026256,-0.0235191099999999,-0.6810829999999999,-2.73901,-2.765855,-2.596829,-3.607562,0.1275251,4
2020-04-15 02:34:00,0.1834836,2.865022,122.3513,-1.333681,13.72081,-0.4362601999999999,-0.006621005,2.374429,-0.0167167099999999,-0.7280269,-2.797765,-2.826064,-2.675151,-3.607564,0.1270459999999999,4
2020-04-15 02:35:00,0.1834058,2.868546,122.3184,-1.322535,13.72078,-0.4345659,-0.0079908679999999,2.140411,-0.01881216,-0.7812333,-2.858511,-2.865042,-2.712662,-3.487315,0.1280128,4
2020-04-15 02:36:00,0.1836677999999999,2.865389,122.387,-1.515972,13.72078,-0.4227053,-0.006621005,2.077626,-0.01377682,-0.8343789999999999,-2.91554,-2.916992,-2.797971,-2.946181,0.1272658,4
2020-04-15 02:37:00,0.1836465999999999,2.87245,122.4178,-1.64101,13.72076,-0.421011,-0.0098173519999999,2.106164,-0.02097016,-0.8868763,-3.022034,-3.008965,-2.900079,-3.547401,0.1271103,4
2020-04-15 02:38:00,0.1836529,2.885958,122.4445,-1.731102,13.72076,-0.4294828,0.0015981739999999,2.328767,0.0038468759999999,-0.949555,-3.098812,-3.090824,-3.002245,-3.367022,0.1271451,4
2020-04-15 02:39:00,0.1834093,2.876197,122.3408,-1.633535,13.72211,-0.4345659,-0.008219178,2.311644,-0.0178895399999999,-0.995861,-3.122915,-3.116379,-3.018352,-3.42716,0.1269015,4
2020-04-15 02:40:00,0.1835295999999999,2.858777,122.3864,-1.470626,13.72533,-0.4362601999999999,-0.004337899,2.111872,-0.007146431,-1.020686,-3.158751,-3.145678,-3.009164,-3.607536,0.1269900999999999,4
2020-04-15 02:41:00,0.183583,2.886647,122.4521,-1.396348,13.72623,-0.4362601999999999,-0.01004566,2.06621,-0.0191405499999999,-1.043811,-3.143477,-3.139119,-3.013499,-3.547421,0.1275917,4
2020-04-15 02:42:00,0.1834928,2.878059,122.4219,-1.213394,13.72623,-0.4498151,-0.00456621,2.277397,-0.01205667,-1.063165,-3.101177,-3.073584,-2.973391,-3.607548,0.1274828,4
2020-04-15 02:43:00,0.1834079,2.872181,122.369,-1.049888,13.72668,-0.4565926,-0.002739726,2.60274,-0.0080534179999999,-1.070651,-3.081024,-3.046171,-2.933649,-3.487303,0.1279089999999999,4
2020-04-15 02:44:00,0.1835055999999999,2.886082,122.3386,-0.9575078,13.7276,-0.4565926,-0.005936073,2.288813,-0.0126821799999999,-1.067037,-3.043268,-3.012775,-2.906793,-3.367052,0.1270476,4
2020-04-15 02:45:00,0.1833249,2.872222,122.2879,-0.8971434999999999,13.72989,-0.4565926,-0.005707763,2.24315,-0.01451179,-1.055474,-3.02222,-2.999713,-2.867607,-3.006302,0.1276207,4
2020-04-15 02:46:00,0.1835382,2.874613,122.3697,-0.856985,13.73034,-0.4622412,-0.00913242,2.237443,-0.0193282,-1.060408,-3.03008,-3.003943,-2.840629,-3.427175,0.1283237999999999,4
2020-04-15 02:47:00,0.1835450999999999,2.870394,122.3921,-0.9030373,13.73125,-0.4791869999999999,-0.01004566,2.317352,-0.02426972,-1.07738,-2.998483,-2.9934,-2.790904,-2.82589,0.1269317,4
2020-04-15 02:48:00,0.1835773,2.886929,122.4045,-0.9757711,13.73171,-0.4791869999999999,-0.005707763,2.374429,-0.0127447299999999,-1.083891,-2.98181,-2.97818,-2.741586,-2.645518,0.1272301,4
2020-04-15 02:49:00,0.1834662,2.870743,122.3492,-1.016028,13.73171,-0.4808814,-0.0070776249999999,2.363014,-0.01529368,-1.09572,-2.964688,-2.965413,-2.69037,-2.16452,0.1271217,4
2020-04-15 02:50:00,0.1833633,2.869668,122.3404,-1.010686,13.73125,-0.4995193,-0.005479452,2.482877,-0.0136204399999999,-1.118002,-2.979801,-2.966733,-2.68516,-2.705652,0.126704,4
2020-04-15 02:51:00,0.1834658,2.889427,122.3464,-0.9714046,13.7317,-0.4995193,-0.0036529679999999,2.517123,-0.0098830299999999,-1.122338,-2.951486,-2.9435,-2.64961,-2.344904,0.1278879,4
2020-04-15 02:52:00,0.1834463,2.88008,122.3623,-0.985939,13.7317,-0.4995193,-0.003424658,2.277397,-0.0092262469999999,-1.133163,-2.97101,-2.961573,-2.648819,-2.465158,0.1277921999999999,4
2020-04-15 02:53:00,0.1835486,2.871938,122.3593,-1.001895,13.7317,-0.5089321,-0.01506849,2.300228,-0.0370457199999999,-1.141849,-2.865722,-2.86935,-2.592209,-2.405035,0.1268905999999999,4
2020-04-15 02:54:00,0.1834006,2.890977,122.3467,-1.050007,13.7317,-0.5221099999999999,-0.01187215,2.317352,-0.02938325,-1.151434,-2.751268,-2.759248,-2.472749,-2.284786,0.1279275,4
2020-04-15 02:55:00,0.1833661,2.864308,122.3298,-1.141691,13.7317,-0.5221099999999999,-0.0070776249999999,2.208904,-0.01519985,-1.14276,-2.679446,-2.679445,-2.426346,-2.465166,0.1278704,4
2020-04-15 02:56:00,0.1835866999999999,2.877087,122.3805,-1.4743,13.73169,-0.5221099999999999,-0.0079908679999999,2.408676,-0.01821793,-1.176736,-2.684514,-2.654046,-2.428513,-2.164521,0.1270926,4
2020-04-15 02:57:00,0.1833953,2.878054,122.3542,-1.133896,13.73169,-0.5390568,-0.00913242,2.157534,-0.01853068,-1.174187,-2.662366,-2.608689,-2.383904,-2.284761,0.1279986999999999,4
2020-04-15 02:58:00,0.1834880999999999,2.868349,122.3639,-1.082013,13.73169,-0.5424461,-0.0079908679999999,2.374429,-0.0183273899999999,-1.175432,-2.739831,-2.677439,-2.459863,-2.344892,0.1272732,4
2020-04-15 02:59:00,0.1833014,2.878726,122.2672,-1.07329,13.73169,-0.5424461,-0.006392694,2.231735,-0.01390192,-1.176887,-2.806618,-2.734059,-2.513551,-2.465146,0.1270269,4
2020-04-15 03:00:00,0.1833533,2.861882,122.3165,-1.073535,13.73169,-0.5441405,-0.0073059359999999,2.271689,-0.01665416,-1.177145,-2.801088,-2.752471,-2.521075,-2.465152,0.1272156999999999,4
2020-04-15 03:01:00,0.1836011999999999,2.890976,122.3123,-1.123492,13.73169,-0.5576954,-0.005022831,2.197489,-0.01263527,-1.190724,-2.780617,-2.75014,-2.499889,-2.825908,0.1274903,4
2020-04-15 03:02:00,0.183456,2.88637,122.3497,-1.228244,13.73169,-0.5627784999999998,-0.0079908679999999,2.380137,-0.0187183299999999,-1.195791,-2.768953,-2.745009,-2.464316,-2.886039,0.1282115,4
2020-04-15 03:03:00,0.183418,2.893996,122.309,-1.245372,13.73215,-0.5740737999999999,-0.001369863,2.106164,-0.0055201099999999,-1.207823,-2.806411,-2.766503,-2.49595,-3.186671,0.1278027999999999,4
2020-04-15 03:04:00,0.1835583,2.894372,122.3126,-1.309818,13.73261,-0.5853690999999999,-0.009360731,2.128995,-0.0207199599999999,-1.224922,-2.814869,-2.790922,-2.529056,-2.886046,0.1269886,4
2020-04-15 03:05:00,0.1833827,2.883193,122.2731,-1.317094,13.73307,-0.5853690999999999,-0.006392694,2.317352,-0.01612247,-1.227092,-2.777138,-2.745938,-2.528332,-2.946173,0.1280951999999999,4
2020-04-15 03:06:00,0.1834243999999999,2.888327,122.2968,-1.112858,13.73444,-0.5972319,-0.0068493149999999,2.311644,-0.0162006599999999,-1.219454,-2.765129,-2.713615,-2.47572,-2.88605,0.1272257,4
2020-04-15 03:07:00,0.1833753999999999,2.871453,122.33,-0.9562161,13.73674,-0.6057053,-0.01118721,2.265982,-0.0257552999999999,-1.205527,-2.731564,-2.677153,-2.442903,-2.886051,0.1280805999999999,4
2020-04-15 03:08:00,0.1834948,2.885612,122.3529,-0.9092253,13.7372,-0.6132355,-0.0105022799999999,2.16895,-0.0227997799999999,-1.193581,-2.734905,-2.662353,-2.416496,-2.886055,0.1276704999999999,4
2020-04-15 03:09:00,0.1833244,2.887165,122.3187,-0.8683077999999999,13.73674,-0.6282959,-0.0109589,2.271689,-0.02317508,-1.18914,-2.724641,-2.659346,-2.415666,-2.886055,0.1275428,4
2020-04-15 03:10:00,0.1834427999999999,2.875888,122.2891,-0.7592368,13.7372,-0.6282959,-0.0070776249999999,2.140411,-0.01474636,-1.146472,-2.699933,-2.61651,-2.405482,-2.405048,0.1284839,4
2020-04-15 03:11:00,0.1834975,2.884549,122.3491,-0.7432433,13.7372,-0.6282959,-0.0089041099999999,2.39726,-0.02023519,-1.133454,-2.76957,-2.679604,-2.446793,-2.765805,0.1283681,4
2020-04-15 03:12:00,0.1833636999999999,2.888447,122.3359,-0.7766747,13.73674,-0.633379,-0.006621005,2.16895,-0.0129792999999999,-1.131291,-2.799243,-2.723786,-2.489515,-2.88606,0.1284864,4
2020-04-15 03:13:00,0.1834061999999999,2.880051,122.3317,-0.8181026999999998,13.7372,-0.6486281999999999,-0.0109589,2.39726,-0.0239726,-1.142222,-2.868269,-2.776836,-2.514256,-2.88606,0.1278285,4
2020-04-15 03:14:00,0.1833746,2.883358,122.275,-0.8231914999999999,13.7372,-0.6486281999999999,-0.004109589,2.191781,-0.0091793329999999,-1.141497,-2.899469,-2.813835,-2.562836,-2.886061,0.1285418,4
2020-04-15 03:15:00,0.1833414999999999,2.88886,122.3055,-0.795072,13.7372,-0.6655741,-0.0073059359999999,2.34589,-0.0171702,-1.148345,-2.903445,-2.841757,-2.594369,-2.886062,0.1279901,4
2020-04-15 03:16:00,0.1833297,2.856199,122.3216,-0.7774600999999999,13.73674,-0.6712227,-0.0073059359999999,2.157534,-0.0165759699999999,-1.148221,-2.938174,-2.888093,-2.62617,-2.886063,0.1279106999999999,4
2020-04-15 03:17:00,0.1831974,2.873738,122.2443,-0.7134924999999999,13.7372,-0.6712227,-0.0098173519999999,2.180365,-0.02078251,-1.135218,-2.872173,-2.848223,-2.567462,-3.367074,0.1282949999999999,4
2020-04-15 03:18:00,0.1834105,2.898609,122.3044,-0.7299731,13.7372,-0.6796944999999999,-0.0070776249999999,2.111872,-0.01401138,-1.133598,-2.842317,-2.803128,-2.549941,-3.066443,0.1268747,4
2020-04-15 03:19:00,0.1834658,2.891841,122.3163,-0.5979122,13.73674,-0.691555,-0.0134703199999999,2.294521,-0.03100957,-1.128116,-2.875254,-2.812116,-2.5524,-2.946191,0.1281635999999999,4
2020-04-15 03:20:00,0.18315,2.872911,122.2557,-0.6735005,13.7372,-0.691555,-0.006621005,2.283105,-0.01213486,-1.120879,-2.833847,-2.80482,-2.549465,-3.607581,0.1276992999999999,4
2020-04-15 03:21:00,0.183123,2.871672,122.2279,-0.5020227999999999,13.7372,-0.691555,-0.009589042,2.134703,-0.0195940499999999,-1.098461,-2.732221,-2.730043,-2.423985,-2.946192,0.1282774999999999,4
2020-04-15 03:22:00,0.1832428,2.873888,122.254,-0.3475145,13.73674,-0.7034156,-0.0109589,2.226027,-0.0240507899999999,-1.089363,-2.69839,-2.680253,-2.394532,-2.886066,0.1283376,4
2020-04-15 03:23:00,0.1833131,2.87201,122.2636,-0.2652026,13.73628,-0.7118874,-0.0077625569999999,2.203196,-0.01731094,-1.068932,-2.590124,-2.591574,-2.28924,-3.126572,0.1284429,4
2020-04-15 03:24:00,0.1831762999999999,2.871014,122.2292,-0.1570132999999999,13.73536,-0.7118874,-0.005936073,2.226027,-0.01280728,-1.045081,-2.574899,-2.547339,-2.239237,-3.547457,0.1281441,4
2020-04-15 03:25:00,0.1831009,2.891088,122.1538,-0.2818995999999999,13.73628,-0.7118874,-0.009360731,2.151826,-0.0195002199999999,-1.035687,-2.577809,-2.507464,-2.268234,-2.946193,0.1276535,4
2020-04-15 03:26:00,0.1832235999999999,2.867026,122.245,-0.07280124,13.73628,-0.7118874,-0.0025114159999999,2.140411,-0.004253456,-1.024124,-2.537927,-2.500218,-2.180551,-3.186699,0.1279037,4
2020-04-15 03:27:00,0.1831198,2.895768,122.2426,-0.1431905,13.7372,-0.7118874,-0.01141553,2.323059,-0.0267091999999999,-1.029922,-2.695428,-2.6062,-2.326306,-2.946193,0.1269523999999999,4
2020-04-15 03:28:00,0.1830537999999999,2.891046,122.2243,-0.3225377999999999,13.73582,-0.7118874,-0.01575342,2.277397,-0.0374053899999999,-1.051614,-2.847853,-2.765125,-2.45612,-2.886067,0.1283419,4
2020-04-15 03:29:00,0.1829615,2.890541,122.1721,-0.4823612999999999,13.73628,-0.7118874,-0.01004566,2.031963,-0.02132983,-1.066789,-2.878303,-2.830401,-2.527881,-2.886067,0.1281433999999999,4
2020-04-15 03:30:00,0.1830764,2.869085,122.1686,-0.5143442,13.73582,-0.7118874,-0.0109589,2.402968,-0.02451992,-1.055222,-2.688901,-2.685999,-2.38938,-3.1867,0.1276535,4
2020-04-15 03:31:00,0.1828842,2.880027,122.1295,-0.2802701,13.73582,-0.717536,-0.0105022799999999,2.374429,-0.02403515,-1.013159,-2.601648,-2.58279,-2.262335,-2.886068,0.1288411999999999,4
2020-04-15 03:32:00,0.1829299,2.870639,122.1493,-0.08150931,13.73674,-0.7118874,-0.0077625569999999,2.003425,-0.0164352299999999,-0.9757047,-2.587257,-2.507483,-2.160998,-2.946194,0.1279523999999999,4
2020-04-15 03:33:00,0.1828337999999999,2.888704,122.1477,-0.1323127,13.73536,-0.7118874,-0.0073059359999999,2.094749,-0.0156064299999999,-0.9793215,-2.738892,-2.624272,-2.266096,-2.886068,0.1284252999999999,4
2020-04-15 03:34:00,0.1830671,2.895554,122.2271,-0.2507950999999999,13.73536,-0.7156531,-0.01324201,2.311644,-0.0285231799999999,-0.9968223,-2.743411,-2.648371,-2.33149,-2.886068,0.1290972,4
2020-04-15 03:35:00,0.1830149,2.896697,122.2934,-0.006849456,13.7349,-0.7156531,-0.005479452,2.083333,-0.01083693,-0.9621339,-2.506222,-2.477216,-2.140167,-3.246826,0.1282372,4
2020-04-15 03:36:00,0.1832891,2.896495,122.3625,0.0658709799999999,13.7349,-0.7118874,-0.005251142,2.214612,-0.01057109,-0.9345182,-2.546678,-2.43863,-2.147981,-2.886068,0.1283254,4
2020-04-15 03:37:00,0.1831805,2.902039,122.3843,-0.2325015,13.73398,-0.7118874,-0.005022831,2.351598,-0.01326077,-0.9424801,-2.664289,-2.552582,-2.268371,-2.886068,0.1286341,4
2020-04-15 03:38:00,0.1831301999999999,2.892612,122.3665,-0.7636342,13.73398,-0.7118874,-0.006164384,2.260274,-0.0142928599999999,-0.9793378,-2.759332,-2.665737,-2.424225,-2.825941,0.1279441,4
2020-04-15 03:39:00,0.1831635,2.890321,122.3198,-0.6576284,13.7326,-0.7156531,-0.01118721,2.305936,-0.02491087,-0.9831042,-2.684739,-2.591161,-2.357667,-2.886068,0.1282880999999999,4
2020-04-15 03:40:00,0.1831975999999999,2.905792,122.3257,-0.629144,13.73215,-0.7118874,-0.01164384,2.140411,-0.02547382,-0.9908957,-2.787588,-2.696892,-2.443041,-2.825941,0.1281357999999999,4
2020-04-15 03:41:00,0.1832806999999999,2.879349,122.365,-0.6448409,13.73352,-0.7137702,-0.006392694,2.140411,-0.01416776,-1.008663,-2.877888,-2.7821,-2.500658,-2.886068,0.1284374,4
2020-04-15 03:42:00,0.183251,2.890403,122.3476,-0.6968752999999999,13.73398,-0.7156531,-0.008219178,2.351598,-0.01984425,-1.030784,-2.990832,-2.908083,-2.629465,-2.52531,0.1286932,4
2020-04-15 03:43:00,0.1831673,2.891842,122.3098,-0.8281253,13.73352,-0.7269503,-0.0098173519999999,2.16895,-0.0192031,-1.06305,-3.042108,-2.973142,-2.717697,-2.825941,0.1283207,4
2020-04-15 03:44:00,0.1831489,2.893692,122.2697,-0.7542581,13.73444,-0.7344817999999999,-0.0079908679999999,2.317352,-0.01699818,-1.076372,-2.896524,-2.875477,-2.570048,-2.946194,0.1284945,4
2020-04-15 03:45:00,0.1831763999999999,2.899101,122.3425,-0.1759505,13.73307,-0.7344817999999999,-0.005022831,2.402968,-0.01329205,-1.040235,-2.850813,-2.717302,-2.391678,-2.886068,0.1282124,4
2020-04-15 03:46:00,0.1831615,2.885607,122.3016,-0.1919161,13.73444,-0.7344817999999999,-0.0004566211,2.454338,7.818876e-05,-1.029396,-2.868979,-2.744894,-2.438821,-2.886068,0.1293198999999999,4
2020-04-15 03:47:00,0.1832125,2.908214,122.3378,-0.2449072999999999,13.7326,-0.7344817999999999,-0.003881278,2.477169,-0.01033652,-1.024343,-2.778317,-2.646999,-2.365633,-2.886068,0.1287493,4
2020-04-15 03:48:00,0.1831429,2.899618,122.3644,-0.3138975,13.73444,-0.7344817999999999,-0.0043378999999999,2.328767,-0.009961219,-1.011337,-2.741332,-2.607124,-2.338105,-2.825941,0.1282914,4
2020-04-15 03:49:00,0.183235,2.891838,122.3656,-0.2710461,13.73307,-0.7344817999999999,-0.008447489,2.385845,-0.01826484,-0.9990547,-2.656484,-2.535352,-2.24463,-2.645562,0.1281830999999999,4
2020-04-15 03:50:00,0.1832375,2.887179,122.3408,0.01355156,13.7326,-0.7344817999999999,-0.004794521,2.186073,-0.01152499,-0.961467,-2.58389,-2.480911,-2.171391,-2.705689,0.1287519,4
2020-04-15 03:51:00,0.1833382,2.889149,122.3177,0.2921600999999999,13.73352,-0.7344817999999999,-0.00913242,2.277397,-0.01854632,-0.925329,-2.478685,-2.392405,-2.072091,-2.52531,0.1280901,4
2020-04-15 03:52:00,0.1832670999999999,2.916013,122.3209,0.3615191999999999,13.73215,-0.732599,-0.0077625569999999,2.180365,-0.0175298699999999,-0.9097178,-2.534824,-2.429682,-2.12745,-2.645562,0.1281729,4
2020-04-15 03:53:00,0.1831214999999999,2.893443,122.3079,0.3288237,13.73215,-0.7137702,-0.005707763,2.197489,-0.01288547,-0.8901571999999999,-2.557272,-2.480402,-2.140454,-2.705689,0.1285777999999999,4
2020-04-15 03:54:00,0.1831106,2.876864,122.1886,0.3735006,13.73215,-0.7118874,-0.0077625569999999,2.060502,-0.01598174,-0.8593724,-2.51187,-2.458934,-2.09147,-2.705689,0.1273135,4
2020-04-15 03:55:00,0.1830632,2.899482,122.1567,0.2770129,13.73169,-0.7118874,-0.01027397,2.334475,-0.02430099,-0.8507027,-2.593824,-2.52565,-2.20016,-2.405057,0.1284827,4
2020-04-15 03:56:00,0.1832139,2.879368,122.2317,-0.3444009,13.73169,-0.7118874,-0.01073059,2.482877,-0.02426972,-0.8947823,-2.797745,-2.717929,-2.45972,-2.284804,0.1283823,4
2020-04-15 03:57:00,0.1831998,2.897773,122.2348,-1.200092,13.73169,-0.7118874,-0.01004566,2.157534,-0.02053231,-0.9627135,-2.975598,-2.901556,-2.683132,-2.52531,0.1287344,4
2020-04-15 03:58:00,0.1831961,2.892382,122.1718,-1.601928,13.732,-0.7118874,-0.0079908679999999,2.288813,-0.01985989,-1.029927,-3.149127,-3.102651,-2.884853,-2.705689,0.1281785,4
2020-04-15 03:59:00,0.183265,2.901253,122.2365,-1.785514,13.73215,-0.7118874,-0.0043378999999999,2.265982,-0.0104928999999999,-1.091369,-3.254441,-3.220301,-3.015513,-3.306953,0.1290114,4
2020-04-15 04:00:00,0.1833036,2.887793,122.2242,-1.794928,13.73208,-0.7118874,-0.0073059359999999,2.191781,-0.0176549699999999,-1.13978,-3.355993,-3.33347,-3.093062,-3.487332,0.1281539999999999,4
2020-04-15 04:01:00,0.1832199999999999,2.896944,122.3434,-1.863406,13.73206,-0.7118874,-0.005707763,2.334475,-0.0125101599999999,-1.18026,-3.502746,-3.475855,-3.260794,-3.607585,0.1288974,4
2020-04-15 04:02:00,0.1833052,2.895662,122.3512,-1.883081,13.732,-0.7118874,-0.0061643829999999,2.11758,-0.01541878,-1.225086,-3.533263,-3.515093,-3.297833,-3.607585,0.1278621,4
2020-04-15 04:03:00,0.1833723999999999,2.888675,122.305,-1.757751,13.73244,-0.7118874,-0.009360731,2.300228,-0.0202195499999999,-1.262686,-3.470033,-3.449684,-3.240447,-3.667711,0.1285718999999999,4
2020-04-15 04:04:00,0.183313,2.895498,122.2793,-1.645407,13.73652,-0.717536,-0.01004566,2.34589,-0.0241915299999999,-1.294381,-3.448123,-3.39871,-3.177876,-3.306953,0.1285346,4
2020-04-15 04:05:00,0.1830526,2.893947,122.2561,-1.721398,13.73652,-0.7344817999999999,-0.0068493149999999,2.128995,-0.01565334,-1.342451,-3.470993,-3.434658,-3.237774,-3.487332,0.1290109999999999,4
2020-04-15 04:06:00,0.1830336999999999,2.893815,122.2853,-1.702007,13.73739,-0.7361762,-0.01552511,2.305936,-0.03574779,-1.363699,-3.561473,-3.519315,-3.319478,-3.367079,0.1289163,4
2020-04-15 04:07:00,0.1830498,2.892812,122.2052,-1.727974,13.73831,-0.7548141,-0.008447489,2.197489,-0.01993808,-1.40479,-3.630393,-3.598404,-3.420332,-3.547459,0.1286671,4
2020-04-15 04:08:00,0.1829012,2.893016,122.1813,-1.71121,13.73872,-0.7548141,-0.01164384,2.265982,-0.02345656,-1.423592,-3.679079,-3.645633,-3.482079,-3.547459,0.1283581,4
2020-04-15 04:09:00,0.1828327999999999,2.897161,122.122,-1.64776,13.74194,-0.7736427999999999,-0.01073059,2.277397,-0.02462939,-1.451849,-3.620208,-3.586041,-3.402892,-3.487332,0.1286691,4
2020-04-15 04:10:00,0.1829296,2.894208,122.1399,-1.431082,13.74099,-0.7791029999999999,-0.0070776249999999,2.271689,-0.01612247,-1.452217,-3.53105,-3.473636,-3.258583,-3.547459,0.1287766999999999,4
2020-04-15 04:11:00,0.1829888,2.89121,122.1834,-1.383498,13.74282,-0.7977408999999999,-0.009360731,2.197489,-0.02092325,-1.466548,-3.578163,-3.504026,-3.256997,-3.066447,0.1283169999999999,4
2020-04-15 04:12:00,0.1829986,2.895284,122.1826,-1.384235,13.7428,-0.7977408999999999,-0.005479452,2.24315,-0.01299493,-1.465833,-3.610183,-3.534586,-3.291168,-3.126574,0.1283739,4
2020-04-15 04:13:00,0.1830575999999999,2.893982,122.1849,-1.44125,13.7428,-0.8146839,-0.007305935,2.254566,-0.0177957099999999,-1.484253,-3.607614,-3.563272,-3.32347,-3.246826,0.1286469,4
2020-04-15 04:14:00,0.1832342999999999,2.902932,122.2273,-1.634792,13.74278,-0.8203316,-0.0105022799999999,2.442922,-0.02423844,-1.504385,-3.60605,-3.539176,-3.281224,-2.946194,0.1293524,4
2020-04-15 04:15:00,0.1831868,2.915907,122.2842,-1.619979,13.74278,-0.8389729999999999,-0.0043378999999999,2.351598,-0.0101175999999999,-1.526688,-3.664124,-3.578338,-3.31818,-2.946194,0.1288118,4
2020-04-15 04:16:00,0.1832347,2.88367,122.3129,-1.653509,13.74277,-0.8440564,-0.01027397,2.402968,-0.0258960399999999,-1.54917,-3.844603,-3.761688,-3.475246,-3.246826,0.1279086,4
2020-04-15 04:17:00,0.1832347,2.906714,122.3488,-1.677765,13.74276,-0.8610001,-0.005022831,2.494292,-0.0109933099999999,-1.582779,-3.98749,-3.93365,-3.635467,-3.607585,0.1290165,4
2020-04-15 04:18:00,0.1832184,2.893057,122.3846,-1.690229,13.74276,-0.8741779,-0.01073059,2.134703,-0.0196409599999999,-1.607549,-4.106966,-4.065485,-3.814487,-3.427206,0.1285623999999999,4
2020-04-15 04:19:00,0.1831058999999999,2.90109,122.3413,-1.697463,13.74275,-0.8835907,-0.0075342459999999,2.271689,-0.01640395,-1.62565,-4.172432,-4.137494,-3.864638,-3.487332,0.128583,4
2020-04-15 04:20:00,0.183062,2.913153,122.2787,-1.763245,13.74275,-0.8954535,-0.005251142,2.174657,-0.01077438,-1.649823,-4.185052,-4.165398,-3.864161,-3.547459,0.1298244,4
2020-04-15 04:21:00,0.183027,2.899112,122.2718,-1.82503,13.74274,-0.9171047,-0.002671946,2.100456,-0.002126728,-1.677314,-4.124657,-4.102093,-3.842353,-3.487332,0.1284357,4
2020-04-15 04:22:00,0.1828099,2.89333,122.1599,-1.893506,13.74274,-0.9265175,-0.0171232899999999,2.071918,-0.0381403599999999,-1.696162,-3.926063,-3.95589,-3.676605,-3.607585,0.1288145,4
2020-04-15 04:23:00,0.1828557,2.892522,122.1315,-1.767666,13.74273,-0.9434611,-0.01210046,2.351598,-0.0272408799999999,-1.709521,-3.819471,-3.826744,-3.516287,-3.306953,0.1290966,4
2020-04-15 04:24:00,0.1827198999999999,2.885327,122.058,-1.531499,13.74319,-0.9600299,-0.0079908679999999,2.363014,-0.01854632,-1.702236,-3.788883,-3.761974,-3.42104,-3.1867,0.1290105,4
2020-04-15 04:25:00,0.1828046,2.904779,122.122,-1.449203,13.74502,-0.9694443,-0.0123287699999999,2.24315,-0.02686558,-1.696502,-3.803589,-3.731588,-3.405195,-3.487332,0.1290384,4
2020-04-15 04:26:00,0.1827296999999999,2.893568,122.063,-1.232259,13.74502,-0.9796104,-0.0089041099999999,2.44863,-0.0211108999999999,-1.67775,-3.802253,-3.709163,-3.351534,-3.487332,0.1281601,4
2020-04-15 04:27:00,0.1828538,2.885537,122.1272,-1.264505,13.74778,-0.991471,-0.01484018,2.402968,-0.03617001,-1.680935,-3.810516,-3.712335,-3.382319,-3.126574,0.1284359999999999,4
2020-04-15 04:28:00,0.1829752,2.894457,122.1244,-1.185633,13.74777,-1.010109,-0.006164384,2.488584,-0.0120254,-1.690916,-3.828536,-3.743442,-3.413404,-3.006321,0.1293126,4
2020-04-15 04:29:00,0.1826511,2.881356,122.0713,-1.14702,13.74823,-1.019523,-0.009589042,2.271689,-0.02150184,-1.688016,-3.861915,-3.777545,-3.426418,-2.946194,0.1279580999999999,4
2020-04-15 04:30:00,0.1826961,2.888469,121.9503,-1.233702,13.74777,-1.032703,-0.0073059359999999,2.465753,-0.01610684,-1.703384,-3.987924,-3.91153,-3.497064,-3.367079,0.1281249999999999,4
2020-04-15 04:31:00,0.1827083999999999,2.870271,122.034,-1.277349,13.74823,-1.047953,-0.009589042,2.55137,-0.0231125299999999,-1.704913,-4.055706,-3.947287,-3.587301,-3.607585,0.1281137,4
2020-04-15 04:32:00,0.1827062,2.875193,122.0368,-1.34358,13.74823,-1.053036,-0.005479452,2.465753,-0.01573153,-1.717969,-4.108865,-4.038999,-3.693478,-3.427206,0.1280205,4
2020-04-15 04:33:00,0.1826009,2.886378,122.0387,-1.414456,13.74823,-1.060566,-0.0077625569999999,2.619863,-0.0213454699999999,-1.720443,-4.067682,-3.992002,-3.663241,-2.886032,0.1287779,4
2020-04-15 04:34:00,0.1826528,2.884967,122.0324,-1.516908,13.74823,-1.075626,-0.0134703199999999,2.477169,-0.0342152999999999,-1.727566,-4.055193,-3.976604,-3.703114,-2.886029,0.1291649,4
2020-04-15 04:35:00,0.1826065,2.884412,122.0213,-1.508409,13.74822,-1.092573,-0.0105022799999999,2.425799,-0.02439482,-1.743851,-4.054948,-3.97199,-3.681036,-2.946163,0.1282144,4
2020-04-15 04:36:00,0.1825735,2.866329,121.9951,-1.567153,13.74822,-1.095963,-0.002054794,2.482877,-0.0053011819999999,-1.749416,-4.069273,-3.981219,-3.672807,-3.006289,0.1281395999999999,4
2020-04-15 04:37:00,0.1823419,2.893231,121.8868,-1.497443,13.74869,-1.112906,-0.00913242,2.505708,-0.0240195199999999,-1.766374,-4.013501,-3.956745,-3.646177,-3.186673,0.1290851,4
2020-04-15 04:38:00,0.1826345,2.900661,121.9541,-1.360861,13.74868,-1.121942,-0.01027397,2.762557,-0.0290079399999999,-1.762387,-4.060426,-3.984002,-3.639972,-3.066422,0.1300261,4
2020-04-15 04:39:00,0.1826145999999999,2.895053,121.9829,-1.246783,13.74859,-1.138885,-0.008447489,2.631279,-0.0209545299999999,-1.772809,-4.08023,-4.024923,-3.67797,-3.126553,0.1292620999999999,4
2020-04-15 04:40:00,0.1825353999999999,2.883003,121.9038,-1.201663,13.74866,-1.138885,-0.01027397,2.791096,-0.02902358,-1.772808,-4.146455,-4.051114,-3.725226,-2.886049,0.1293234,4
2020-04-15 04:41:00,0.1826050999999999,2.891567,121.9623,-1.12937,13.74898,-1.147359,-0.00913242,2.859589,-0.02422281,-1.766809,-4.047971,-3.997763,-3.664648,-2.886052,0.1283816,4
2020-04-15 04:42:00,0.1827265999999999,2.881549,122.0068,-1.061933,13.74894,-1.159222,-0.004109589,2.751141,-0.01016451,-1.755526,-4.085392,-4.011894,-3.682402,-2.705675,0.1285845999999999,4
2020-04-15 04:43:00,0.182755,2.895101,122.0001,-1.246713,13.74883,-1.168634,-0.0134703199999999,3.042237,-0.03793707,-1.756993,-3.981374,-3.955904,-3.615547,-2.886056,0.1282577,4
2020-04-15 04:44:00,0.1825946,2.875974,121.968,-1.64362,13.74894,-1.181812,-0.0089041099999999,2.916666,-0.0268342999999999,-1.767304,-3.816446,-3.830265,-3.497272,-2.825931,0.1282959999999999,4
2020-04-15 04:45:00,0.1825152999999999,2.872901,121.8697,-1.422982,13.74917,-1.181812,-0.005936073,3.082191,-0.01706074,-1.739089,-3.554769,-3.578031,-3.206726,-2.886059,0.1287846,4
2020-04-15 04:46:00,0.1823504,2.875471,121.8869,-1.217429,13.74911,-1.185201,-0.003196347,3.521689,-0.01313567,-1.70122,-3.408454,-3.416448,-3.009703,-2.825933,0.1289613,4
2020-04-15 04:47:00,0.1824624,2.89021,121.8995,-1.109945,13.74898,-1.202145,-0.00913242,3.767123,-0.03196347,-1.679821,-3.290342,-3.292521,-2.860489,-2.825934,0.1288758999999999,4
2020-04-15 04:48:00,0.1824342999999999,2.880455,121.8956,-0.8640906,13.74911,-1.202145,-0.008447489,3.966895,-0.0355601399999999,-1.637832,-3.211118,-3.190057,-2.769743,-2.284798,0.1288552,4
2020-04-15 04:49:00,0.1823251999999999,2.881727,121.8416,-0.9128211,13.74929,-1.202145,-0.0075342459999999,4.25799,-0.0291330399999999,-1.61973,-3.321485,-3.224875,-2.85098,-2.825936,0.1295361999999999,4
2020-04-15 04:50:00,0.182486,2.901886,121.8652,-1.061931,13.74942,-1.202145,-0.005251141,3.972603,-0.0216895,-1.634205,-3.458819,-3.357092,-3.008492,-2.825936,0.1288895999999999,4
2020-04-15 04:51:00,0.1822809,2.8749,121.7691,-1.152145,13.74954,-1.202145,-0.0070776249999999,4.121005,-0.02880465,-1.639996,-3.543132,-3.464638,-3.091263,-2.886063,0.1287716999999999,4
2020-04-15 04:52:00,0.18225,2.870198,121.802,-1.204149,13.74939,-1.222856,-0.004794521,4.292237,-0.02087634,-1.658563,-3.596682,-3.5269,-3.133137,-2.645559,0.1289501999999999,4
2020-04-15 04:53:00,0.1824241,2.883864,121.8119,-1.297735,13.74928,-1.224739,-0.01461187,4.275114,-0.06137799,-1.664068,-3.643656,-3.591313,-3.235258,-2.344927,0.1294491999999999,4
2020-04-15 04:54:00,0.1824527,2.886904,121.8041,-1.414218,13.7499,-1.224739,-0.0089041099999999,4.589041,-0.03929755,-1.666981,-3.707742,-3.665569,-3.310164,-2.825951,0.1287416999999999,4
2020-04-15 04:55:00,0.1823248,2.873857,121.7399,-1.514712,13.74953,-1.224739,-0.0077625569999999,4.537671,-0.0347782599999999,-1.678572,-3.833616,-3.77979,-3.427193,-2.645577,0.1290998999999999,4
2020-04-15 04:56:00,0.1824086,2.881235,121.7761,-1.633434,13.74967,-1.224739,-0.0105022799999999,5.022831,-0.0519640899999999,-1.698114,-3.909259,-3.853971,-3.541293,-2.705712,0.1294045,4
2020-04-15 04:57:00,0.1824734,2.879968,121.8211,-1.753645,13.74973,-1.224739,-0.004109589,5.502283,-0.02122036,-1.720554,-3.993656,-3.942724,-3.600173,-2.886097,0.1290824,4
2020-04-15 04:58:00,0.1826339999999999,2.888866,121.8558,-1.786885,13.74951,-1.233211,-0.0123287699999999,5.878995,-0.07041658,-1.74567,-3.999177,-3.978802,-3.615152,-2.946229,0.1294364,4
2020-04-15 04:59:00,0.182488,2.864366,121.7883,-1.787588,13.74943,-1.243377,-0.005251141,6.563927,-0.0339963699999999,-1.770325,-4.055233,-4.020302,-3.658802,-3.006358,0.1285635,4
2020-04-15 05:00:00,0.1823017,2.883093,121.7243,-1.598419,13.74961,-1.245071,-0.0109589,7.157534,-0.0747638699999999,-1.774923,-3.987843,-3.989297,-3.617639,-2.946234,0.129139,4
2020-04-15 05:01:00,0.1821664,2.879452,121.6197,-1.463685,13.75011,-1.245071,-0.01278539,8.144977,-0.102036,-1.769133,-4.024232,-4.007495,-3.613282,-2.825979,0.128947,4
2020-04-15 05:02:00,0.1820712999999999,2.869947,121.6104,-1.390275,13.74982,-1.248837,-0.008447489,9.748858,-0.08219178,-1.768566,-4.018593,-4.008405,-3.57784,-2.645598,0.1287722,4
2020-04-15 05:03:00,0.1820619,2.875258,121.5752,-1.34723,13.75029,-1.267666,-0.0068493149999999,9.765982,-0.0625351799999999,-1.785248,-4.001893,-3.998252,-3.608405,-2.405089,0.1295977,4
2020-04-15 05:04:00,0.1822141999999999,2.883232,121.6549,-1.353056,13.75043,-1.267666,-0.01141553,10.25685,-0.1176894,-1.784538,-4.024523,-4.009968,-3.634641,-2.284833,0.1292930999999999,4
2020-04-15 05:05:00,0.1821211,2.881706,121.534,-1.368344,13.75135,-1.267666,-0.004109589,10.46233,-0.0436292,-1.780918,-4.023069,-3.983773,-3.611378,-2.465215,0.1291044,4
2020-04-15 05:06:00,0.1821412,2.877503,121.5878,-1.390187,13.75055,-1.267666,-0.0098173519999999,10.45662,-0.1035529,-1.788162,-3.999075,-3.976517,-3.612849,-2.164577,0.1286612,4
2020-04-15 05:07:00,0.1823222999999999,2.86706,121.642,-1.356696,13.75147,-1.267666,-0.007305935,10.26826,-0.07426346,-1.783813,-3.962665,-3.929923,-3.597557,-2.10445,0.1288976,4
2020-04-15 05:08:00,0.1822361,2.883362,121.6726,-1.318349,13.75064,-1.26936,-0.003424658,10.63927,-0.03618566,-1.767384,-3.924217,-3.874749,-3.567884,-2.104448,0.1292493999999999,4
2020-04-15 05:09:00,0.1823282,2.890938,121.6675,-1.298935,13.75019,-1.271055,-0.0109589,10.54795,-0.1149841,-1.761842,-3.875735,-3.82409,-3.535431,-2.044323,0.128973,4
2020-04-15 05:10:00,0.1822381999999999,2.875751,121.5946,-1.247463,13.75117,-1.287998,-0.01255708,10.31393,-0.1288078,-1.763612,-3.828083,-3.768444,-3.484178,-1.984205,0.1288554,4
2020-04-15 05:11:00,0.1821705,2.8641,121.6222,-1.216168,13.75027,-1.287998,-0.005936073,11.21004,-0.0668981099999999,-1.75927,-3.865191,-3.792454,-3.484914,-1.563314,0.1286837999999999,4
2020-04-15 05:12:00,0.1822649,2.870488,121.6142,-1.197245,13.75123,-1.287998,-0.0009132422,12.60274,-0.008209798,-1.76,-3.823035,-3.765576,-3.467498,-1.443063,0.1281788,4
2020-04-15 05:13:00,0.1824021,2.872387,121.6382,-1.24164,13.75033,-1.287998,-0.0073059359999999,14.91438,-0.1148902,-1.757834,-3.893633,-3.818706,-3.519861,-0.9620421,0.1289208,4
2020-04-15 05:14:00,0.1822958,2.877245,121.6241,-1.401797,13.75082,-1.287998,-0.003196347,18.88128,-0.05981422,-1.765087,-3.943903,-3.875514,-3.560628,-0.6614044,0.1284789,4
2020-04-15 05:15:00,0.1822396,2.863807,121.5939,-1.600309,13.75037,-1.289881,-0.001826484,22.95662,-0.03979797,-1.779278,-3.995995,-3.943605,-3.670115,-0.4208936999999999,0.1283187,4
2020-04-15 05:16:00,0.1823451,2.876527,121.6428,-1.83045,13.75039,-1.308706,0.001369863,25.65639,0.03748358,-1.819123,-4.043309,-3.986546,-3.754484,-0.4810213999999999,0.1287633,4
2020-04-15 05:17:00,0.1822215,2.867936,121.5664,-1.909574,13.75086,-1.310589,0.0002283105,27.02625,0.008475641,-1.836922,-4.054576,-3.99927,-3.783936,-0.1803829,0.1286825,4
2020-04-15 05:18:00,0.1823259,2.872832,121.5857,-1.840315,13.75226,-1.310589,0.001826484,29.85159,0.06015825,-1.841249,-4.02902,-3.959894,-3.722771,0.0,0.1281247,4
2020-04-15 05:19:00,0.1823081,2.852485,121.6216,-1.904448,13.75204,-1.310589,0.0006849313999999,35.02854,0.0132295,-1.855005,-4.033374,-3.945332,-3.692947,0.5411502,0.1288926,4
2020-04-15 05:20:00,0.1820806,2.851298,121.4923,-1.86363,13.75228,-1.310589,0.01187215,42.36301,0.5062239,-1.86514,-4.074843,-3.982427,-3.652947,0.8417911,0.1283589,4
2020-04-15 05:21:00,0.1821461,2.872834,121.5926,-1.788811,13.75253,-1.312284,0.0089041099999999,46.97488,0.4144304999999999,-1.866839,-3.986328,-3.93467,-3.599409,1.924106,0.1292358,4
2020-04-15 05:22:00,0.1821968999999999,2.859673,121.6269,-1.827165,13.75468,-1.325841,0.0086757999999999,52.73401,0.4671607999999999,-1.879694,-3.992702,-3.933768,-3.61232,3.246938,0.1294932,4
2020-04-15 05:23:00,0.1821892,2.876491,121.6215,-1.915361,13.75526,-1.330925,0.01894977,57.78539,1.097579,-1.900739,-3.973187,-3.917162,-3.611707,4.449543,0.1283582,4
2020-04-15 05:24:00,0.1820257,2.853182,121.5634,-1.85779,13.75441,-1.330925,0.0205479499999999,59.04109,1.211907,-1.905095,-3.955046,-3.877926,-3.587032,4.930592,0.1290362999999999,4
2020-04-15 05:25:00,0.1819591999999999,2.860578,121.5328,-1.783451,13.75542,-1.330925,0.01621005,137.9452,1.744449,-1.907261,-3.971748,-3.909904,-3.576099,5.531904,0.1290594999999999,4
2020-04-15 05:26:00,0.3968150999999999,1.427489,121.5818,-1.61512,13.75547,-1.351257,0.01141553,218.0536,2.192312,-1.923275,-3.914346,-3.877969,-3.543466,6.614243,0.0536498099999999,4
2020-04-15 05:27:00,0.419476,0.9651051,121.5681,-1.219036,13.75556,-1.351257,0.01757991,200.7135,3.358291,-1.884143,-3.746939,-3.725119,-3.372585,7.516193999999999,0.03555495,4
2020-04-15 05:28:00,0.560039,-0.5572298,121.5735,-0.7956977,13.75558,-1.351257,0.0349315099999999,158.1621,5.524238,-1.816074,-3.593496,-3.539707,-3.190229,9.440343,-0.00809748,4
2020-04-15 05:29:00,0.5652601999999999,0.06967334,121.5648,-0.4787911,13.75566,-1.351257,0.04041096,157.9566,6.381591,-1.760331,-3.485936,-3.41835,-3.055171,11.84551,0.0014038519999999,4
2020-04-15 05:30:00,0.5565632999999999,1.401599,121.4897,-0.4504518,13.75568,-1.351257,0.0445205499999999,158.0936,7.037281,-1.732822,-3.504836,-3.394375,-3.039201,14.73173,0.02088634,4
2020-04-15 05:31:00,0.5317596,2.677602,121.5676,-0.4707888,13.75483,-1.351257,0.05799087,158.0365,9.163554,-1.695184,-3.411833,-3.303574,-2.920887,18.21919,0.04143737,4
2020-04-15 05:32:00,0.5318524,3.546534,121.5766,-0.4623435,13.75346,-1.337702,0.06438356,157.7797,10.15829,-1.632401,-3.280516,-3.18391,-2.818017,20.38384,0.05437501,4
2020-04-15 05:33:00,0.5329865999999999,4.525858,121.5948,-0.4918798999999999,13.75076,-1.330925,0.0641552499999999,158.1963,10.1489,-1.567731,-3.26869,-3.143757,-2.787318,21.76688,0.06997345,4
2020-04-15 05:34:00,0.5319038999999999,5.551239,121.5897,-0.6404174999999999,13.75076,-1.312284,0.0783105,158.0137,12.37351,-1.495531,-3.146096,-3.039351,-2.70186,23.87141,0.0858502,4
2020-04-15 05:35:00,0.5226486,5.505888,121.4791,-0.8568316,13.75035,-1.310589,0.07694064,158.0651,12.16274,-1.44753,-3.116781,-3.000606,-2.668953,24.83365,0.08696592,4
2020-04-15 05:36:00,0.5274649999999999,5.199996,121.5656,-0.9608014,13.75035,-1.287998,0.0716894899999999,158.2192,11.34484,-1.376462,-3.036722,-2.927828,-2.607835,23.93171,0.08108982,4
2020-04-15 05:37:00,0.531283,5.412748,121.4904,-0.996734,13.74809,-1.26936,0.07374429,157.968,11.65167,-1.30574,-2.986011,-2.881487,-2.565164,24.35266,0.08417877,4
2020-04-15 05:38:00,0.5218688,5.561632,121.5888,-0.9324083,13.74534,-1.254486,0.07237443,157.9167,11.43088,-1.209151,-2.858581,-2.766422,-2.499487,25.49513,0.08838587,4
2020-04-15 05:39:00,0.5062881,6.715952,121.6091,-0.8660522,13.74491,-1.233211,0.08150685,158.202,12.89545,-1.082323,-2.709551,-2.602916,-2.375944,28.56173,0.1090397,4
2020-04-15 05:40:00,0.4987886999999999,7.786338,121.5488,-0.9335618,13.74492,-1.213442,0.09406393,157.8653,14.84939,-0.9657083,-2.493881,-2.39527,-2.173481,31.68846,0.1290011,4
2020-04-15 05:41:00,0.4920862999999999,8.016982,121.5419,-0.6506382,13.74494,-1.18859,0.1002283,158.1507,15.85199,-0.820203,-2.271035,-2.154361,-1.917484,33.1315,0.1336078,4
2020-04-15 05:42:00,0.4900102,8.480995,121.6497,-0.337382,13.74402,-1.154325,0.1093607,158.0194,17.28006,-0.676881,-2.150469,-2.033823,-1.757908,34.33405,0.1420052,4
2020-04-15 05:43:00,0.4925824999999999,9.460613,121.6485,-0.2914456999999999,13.74174,-1.128719,0.1114155,158.0536,17.60929,-0.557398,-2.081372,-1.934318,-1.688854,36.07771,0.1568324,4
2020-04-15 05:44:00,0.4982474,11.55723,121.6219,-0.1672541999999999,13.73975,-1.090878,0.1267123,158.1107,20.03423,-0.4149188999999999,-1.960137,-1.809504,-1.559767,40.10632,0.1904714999999999,4
2020-04-15 05:45:00,0.4991815,11.86172,121.5382,-0.1087434,13.73716,-1.056989,0.1257991,158.0594,19.88475,-0.2764265,-1.855928,-1.701709,-1.471567,41.00814,0.1951384999999999,4
2020-04-15 05:46:00,0.498271,12.4603,121.6117,-0.1004053,13.73425,-1.019523,0.1312784999999999,158.0194,20.74453,-0.1337011999999999,-1.776374,-1.62074,-1.40439,42.21063,0.2048676,4
2020-04-15 05:47:00,0.5005367,13.87874,121.5954,-0.2186858999999999,13.73312,-0.9743388,0.1422374,158.2763,22.51271,0.0073283949999999,-1.712991,-1.553764,-1.338897,44.85618,0.2272719,4
2020-04-15 05:48:00,0.5021002,15.49288,121.5977,-0.3583991,13.7316,-0.9295298,0.1493151,157.9566,23.58414,0.1436452,-1.638432,-1.490806,-1.277414,47.98277,0.2526597999999999,4
2020-04-15 05:49:00,0.5041712999999999,15.73605,121.6113,-0.3189633,13.73054,-0.8813324,0.1579908999999999,158.0936,24.97639,0.3006060999999999,-1.584365,-1.425905,-1.195911,49.00484,0.2557835,4
2020-04-15 05:50:00,0.5056585999999998,16.35117,121.621,-0.2002184999999999,13.72673,-0.8337005,0.1607306,158.2706,25.43729,0.4526223999999999,-1.51132,-1.360842,-1.11064,49.72625,0.2645470999999999,4
2020-04-15 05:51:00,0.507638,16.80518,121.5968,-0.07500163,13.72526,-0.7766545,0.1570776,157.9794,24.81439,0.6147156,-1.424513,-1.26828,-1.021744,50.74834,0.271255,4
2020-04-15 05:52:00,0.5125726,17.57528,121.6217,0.0359755299999999,13.72177,-0.7229961,0.1646119,157.9794,26.00671,0.7770439999999998,-1.341128,-1.191427,-0.9376996,52.55204,0.2811926,4
2020-04-15 05:53:00,0.5198285,18.53801,121.7137,0.05118691,13.72187,-0.6670799,0.1687215,158.1221,26.68069,0.930765,-1.26416,-1.118097,-0.859349,54.23555,0.2913667999999999,4
2020-04-15 05:54:00,0.5230563999999999,19.0363,121.6958,0.0464221199999999,13.72125,-0.6064568,0.1746574999999999,157.9281,27.58493,1.079791,-1.163685,-1.032108,-0.7683484999999999,56.27977,0.2979214,4
2020-04-15 05:55:00,0.5265284,20.30561,121.6302,0.0695363999999999,13.71841,-0.5477168,0.1860730999999999,158.0194,29.40244,1.229771,-1.049199,-0.9227138,-0.6510709,60.48865,0.3155505,4
2020-04-15 05:56:00,0.5245182,21.76169,121.6852,0.1028391,13.71597,-0.4874697,0.1942922,157.9109,30.68043,1.389022,-0.9368101,-0.8074742999999999,-0.5416910999999999,65.89999,0.3397625,4
2020-04-15 05:57:00,0.5231468,22.34375,121.6543,0.0588118499999999,13.71454,-0.4240226999999999,0.1929223999999999,158.887,30.65631,1.534242,-0.8414903,-0.6934033,-0.4276897,69.38734,0.3487176,4
2020-04-15 05:58:00,0.5352632,26.41083,121.6107,0.06640809,13.71113,-0.3583151,0.2013698999999999,182.8253,36.77483,1.670899,-0.7533094999999999,-0.6023644999999999,-0.3489751999999999,71.25112,0.4014804,4
2020-04-15 05:59:00,0.5488066,31.76296,121.7117,0.1008983,13.71072,-0.2766062,0.1881278999999999,218.4475,41.02568,1.822775,-0.6556218999999999,-0.5169824,-0.2961124,73.77643999999998,0.4689715999999999,4
2020-04-15 06:00:00,0.5873574999999999,36.32568,121.7056,0.1919189,13.70639,-0.2022403,0.1881278999999999,253.71,47.62912,1.982432,-0.5624078,-0.4288476,-0.2419288,78.10543,0.5048935,4
2020-04-15 06:01:00,0.5823713,28.09317,121.4761,0.3377732,13.705,-0.1361557999999999,0.1337899999999999,287.4429,38.15583,2.16324,-0.4608819,-0.3627148,-0.1981878,80.20986999999998,0.3974464999999999,4
2020-04-15 06:02:00,0.5802188,35.20498,121.6267,0.4172405,13.70391,-0.07044951,0.160274,277.7055,44.22188,2.305644,-0.3510962,-0.2673809999999999,-0.1360656,84.95973999999998,0.48998,4
2020-04-15 06:03:00,0.5852760999999999,39.53426,121.6591,0.4992834999999999,13.69977,-0.002106984,0.2057078,244.8801,50.37144,2.464161,-0.2697446,-0.1903735,-0.09226041,89.34901999999998,0.5520876999999998,4
2020-04-15 06:04:00,0.5980775999999999,38.20552,121.7276,0.6018919,13.69918,0.06943544,0.2061644,237.5399,48.97254,2.637988,-0.1751203,-0.1029791,-0.0294069599999999,90.97228,0.5233948,4
2020-04-15 06:05:00,0.5797729999999999,38.41794,121.6191,0.7613552,13.69917,0.1383425,0.2109589,237.5799,50.12069,2.824252,-0.1141072999999999,-0.0340433399999999,0.01791403,93.07671,0.5434280999999999,4
2020-04-15 06:06:00,0.5736685,41.44089,121.6194,0.8862271999999999,13.69723,0.209698,0.2235159999999999,237.831,53.15861,3.025668,-0.0347607399999999,0.04531141,0.07343367,98.9089,0.5907288,4
2020-04-15 06:07:00,0.5756164,42.94873,121.6482,0.932301,13.69446,0.2804866999999999,0.2349314999999999,237.6998,55.84364,3.195793,0.04762591,0.1363133,0.1420814,103.1779,0.6108394999999999,4
2020-04-15 06:08:00,0.5784654,44.86749,121.7214,0.9375122,13.69209,0.353159,0.2415525,237.7226,57.42323,3.36059,0.1347512999999999,0.2291926,0.21045,107.7474,0.6326321,4
2020-04-15 06:09:00,0.5824633,46.26129,121.6769,0.8661636999999999,13.68794,0.4275267999999999,0.2442921999999999,237.6541,58.0575,3.509118,0.2401491,0.3388979999999999,0.297815,111.7759,0.6498348,4
2020-04-15 06:10:00,0.5824165,46.12379,121.6739,0.8838498999999999,13.68789,0.4988816999999999,0.2458904,237.6655,58.44006,3.671849,0.3345939,0.4333278999999999,0.364144,113.4594,0.6485659,4
2020-04-15 06:11:00,0.5829733999999999,46.62903,121.6129,0.9179443,13.68649,0.5728722,0.2506848999999999,237.4943,59.53686,3.83501,0.4201385999999999,0.5282261999999999,0.4323896999999999,115.8043,0.6550017999999999,4
2020-04-15 06:12:00,0.583334,46.49453,121.7325,0.9707786,13.68278,0.64385,0.2493151,237.597,59.23709,4.018104,0.4932971999999999,0.6035354,0.4817681999999999,117.7884,0.6505444999999999,4
2020-04-15 06:13:00,0.5912589,48.60089,121.7034,1.007855,13.68138,0.7150167,0.2573058999999999,237.2717,61.05282,4.182617,0.5666491,0.6775932,0.537829,122.5985,0.6704786,4
2020-04-15 06:14:00,0.5991404999999999,49.92586,121.7386,1.106864,13.67768,0.7858066999999999,0.2625570999999999,237.5913,62.37998,4.351719,0.6461071,0.7613566,0.6014416999999999,125.9054,0.6812901,4
2020-04-15 06:15:00,0.5978094999999999,49.54345,121.6858,1.18287,13.67675,0.8567839,0.260274,237.5685,61.83205,4.494424,0.698382,0.8200996999999999,0.6472383999999999,127.168,0.6779608999999999,4
2020-04-15 06:16:00,0.5923916,48.63432,121.7068,1.244933,13.67673,0.9326572,0.2568493,237.5342,61.00782,4.639096,0.7469168,0.8729415,0.6820932,128.0098,0.6714761999999999,4
2020-04-15 06:17:00,0.5973648,49.89774,121.7402,1.27854,13.67625,1.002507,0.2561644,237.403,60.81619,4.792859,0.7786245,0.9075223,0.7058816,130.6553,0.6808496,4
2020-04-15 06:18:00,0.6184806999999999,53.61264,121.7402,1.301666,13.6744,1.072732,0.2794520999999999,237.5513,66.38611,4.958393,0.84096,0.9669637,0.7516603,136.3673,0.7042319999999999,4
2020-04-15 06:19:00,0.6343437,56.02099,121.7714,1.339454,13.67117,1.147475,0.2899543,237.3516,68.81599,5.095509,0.9330163,1.068358,0.8365304,142.8009,0.7192737,4
2020-04-15 06:20:00,0.6668674,62.75529,121.7133,1.408095,13.67025,1.214687,0.3205479,237.0947,75.99908999999998,5.242983,1.061446,1.196756,0.9477019,150.0762,0.7653609999999998,4
2020-04-15 06:21:00,0.6999671,68.38858,121.6951,1.482865,13.66625,1.285854,0.3570611,233.6879,83.46983,5.397316,1.239864,1.382329,1.123273,159.6964,0.7928515999999999,4
2020-04-15 06:22:00,0.7512372,74.64349,121.7987,1.470097,13.66517,1.358527,0.3705225999999999,243.8874,90.36089,5.471655,1.434133,1.58734,1.314704,165.5888,0.8134883,4
2020-04-15 06:23:00,0.7664235,71.93614,121.8021,1.492374,13.66492,1.438728,0.3476876999999999,243.5527,84.67873,5.584805,1.630118,1.789023,1.499222,164.0856,0.7694332999999999,4
2020-04-15 06:24:00,0.7577068999999998,71.13322,121.8937,1.570084,13.66295,1.520062,0.3529365999999999,243.0491,85.77975999999998,5.757607,1.791955,1.958719,1.651029,164.5666,0.7660352999999999,4
2020-04-15 06:25:00,0.7580734999999998,71.32021,121.8701,1.49721,13.66042,1.59123,0.3520011,244.9112,86.21496999999998,5.770973,1.893269,2.059277,1.742309,164.0839,0.7671017,4
2020-04-15 06:26:00,0.7767083999999999,74.46442,121.8911,1.47507,13.65897,1.663902,0.3613527,248.5641,89.80791,5.839495,1.993212,2.152725,1.834373,170.3365,0.7806925999999998,4
2020-04-15 06:27:00,0.7535015999999999,73.58654,121.8558,1.44282,13.65877,1.732244,0.3640711999999999,241.5254,87.92805,5.90518,2.115404,2.267699,1.919228,171.5374,0.7942772,4
2020-04-15 06:28:00,0.7616079,77.72902999999998,121.8364,1.575392,13.65597,1.803975,0.3818711,240.6781,91.93545,6.017745,2.240963,2.402559,2.04555,177.4294,0.827791,4
2020-04-15 06:29:00,0.8308398,87.26681999999998,121.8073,1.663186,13.65303,1.869305,0.4172167,245.4744,102.407,6.136122,2.375916,2.55973,2.166179,188.2504,0.8525209999999999,4
2020-04-15 06:30:00,0.8879514,93.31305,121.7876,1.722018,13.65302,1.938966,0.4468843,248.1087,110.8721,6.286534,2.579057,2.757062,2.342824,196.3671,0.8531048,4
2020-04-15 06:31:00,0.9161465,94.12476,121.7503,1.870093,13.65286,2.005989,0.4438858,249.9282,110.9425,6.472298,2.76375,2.96538,2.495993,197.0271,0.840654,4
2020-04-15 06:32:00,0.8761164999999999,90.11092,121.7878,1.866766,13.65286,2.077156,0.4345267999999999,243.343,105.736,6.625549,2.875007,3.076598,2.600124,194.6221,0.8407282999999999,4
2020-04-15 06:33:00,0.8865918999999999,92.34707,121.8115,1.668478,13.65228,2.1487,0.4411222,248.8073,109.7593,6.669363,2.985177,3.165927,2.681642,196.6051,0.8459419999999999,4
2020-04-15 06:34:00,0.9042435,92.27457,121.8618,1.755101,13.65089,2.215724,0.4422599999999999,249.8951,110.5168,6.833363,3.147484,3.341083,2.808163,196.4245,0.8352439999999999,4
2020-04-15 06:35:00,0.8962294,91.65633,121.7625,1.845017,13.64758,2.287455,0.4374510999999999,246.8564,107.9704,7.048727,3.23696,3.44485,2.909912,193.2948,0.8336995999999999,4
2020-04-15 06:36:00,0.9486861,100.1126,121.8296,1.788955,13.64711,2.359374,0.4712211,249.9868,117.8346,7.189068,3.336717,3.536687,3.003991,207.2429,0.8560404999999999,4
2020-04-15 06:37:00,1.004839,107.2032,121.9268,1.72866,13.64475,2.429223,0.4960794,252.4836,125.2333,7.263287,3.500335,3.701679,3.146912,215.0564,0.8680556,4
2020-04-15 06:38:00,1.016433,108.271,121.8795,1.791233,13.64152,2.50039,0.4876329999999999,256.863,125.2608,7.40286,3.674545,3.895161,3.292555,216.8602,0.8704739,4
2020-04-15 06:39:00,1.019011,108.2988,121.7815,1.949597,13.64147,2.574757,0.5113531,247.2795,126.3552,7.598251,3.841887,4.082484,3.444242,216.3796,0.8646234,4
2020-04-15 06:40:00,1.072357,115.151,121.8706,2.140082,13.64145,2.644417,0.5423814,246.2165,133.5527,7.82949,4.066082,4.323759,3.667158,228.1627,0.8735536999999999,4
2020-04-15 06:41:00,1.110941,120.3222,121.8071,2.308917,13.64096,2.720666,0.5549228,250.2914,138.8831,8.133373,4.256011,4.539363,3.845749,233.8124,0.8823608,4
2020-04-15 06:42:00,1.148446,125.1573,121.8718,2.299688,13.63681,2.795221,0.5788765999999999,249.7532,144.5865,8.305191,4.419082,4.695197,3.997485,239.944,0.8859356,4
2020-04-15 06:43:00,1.230129,136.2988,121.9965,2.318913,13.63587,2.875802,0.6153777999999999,254.8616,156.7954,8.423966999999998,4.637465,4.919901,4.231788,252.2072,0.8978397,4
2020-04-15 06:44:00,1.279855,142.4531,122.0156,2.371564,13.63402,2.955817,0.6651141,244.2099,162.3793,8.58248,4.909481,5.178189,4.451085,264.2297,0.9043263,4
2020-04-15 06:45:00,1.309806,149.3707,122.0064,2.441795,13.63033,3.041104,0.6970526999999999,243.2326,169.5348,8.745462,5.188046,5.467318,4.758504,273.6062,0.9258146,4
2020-04-15 06:46:00,1.328948,150.8822,122.0493,2.368304,13.63031,3.137309,0.6968204,243.8472,169.9105,8.792384,5.417428,5.694437,4.948755,275.2901,0.9267115,4
2020-04-15 06:47:00,1.336364,151.5331,122.0356,2.488996,13.6303,3.245565,0.6968163,246.5781,171.8185,8.947723,5.737238,6.002666,5.273844,275.5911,0.9248162,4
2020-04-15 06:48:00,1.359284,151.3943,122.1541,2.658993,13.62753,3.336688,0.6790157,253.7524,172.2874,9.12152,5.957069,6.258039,5.483876,273.907,0.909147,4
2020-04-15 06:49:00,1.116988,119.4612,121.9885,2.612469,13.62661,3.428,0.5386927999999999,255.3543,137.5865,9.18842,5.913812,6.184856,5.415594,215.049,0.8810816,4
2020-04-15 06:50:00,1.257288,138.6875,121.9956,2.635968,13.62476,3.527219,0.5998375,260.9772,156.601,9.322224,6.082573,6.347838,5.528088,254.1847,0.8964531,4
2020-04-15 06:51:00,0.7620404,70.67579,121.6798,2.522909,13.62246,3.612694,0.3315182999999999,258.0561,85.57098,9.34025,5.639685,5.899458,5.184049,126.4304,0.7720856,4
2020-04-15 06:52:00,0.6478397,53.44545,121.6287,2.410945,13.61923,3.702123,0.2626124,256.3779,67.33096,9.217433,5.258916,5.453902,4.767933,94.98721,0.679477,4
2020-04-15 06:53:00,0.6384425999999999,52.10301,121.5777,2.303131,13.61923,3.779125,0.2543982,256.4973,65.25024,8.974515,4.809043,4.984175,4.338402,93.48373,0.6714282999999999,4
2020-04-15 06:54:00,0.6068525999999999,46.22018,121.6209,2.271153,13.61876,3.848786,0.2299842,256.559,59.00629,8.841756,4.557473,4.639005,4.05156,82.84144999999998,0.6254859,4
2020-04-15 06:55:00,0.5938837999999999,41.11418,121.5971,2.252743,13.61784,3.898865,0.2110468,256.6615,54.16786,8.741599,4.168897,4.271242,3.653315,73.40264,0.5683354,4
2020-04-15 06:56:00,0.5902842,40.67317,121.5145,2.217397,13.61554,3.950828,0.2087645999999999,256.7005,53.5869,8.60293,3.884368,3.935924,3.395035,71.1173,0.5645868,4
2020-04-15 06:57:00,0.5920473,42.87894,121.5982,2.2371,13.61462,3.988483,0.2165217999999999,256.4836,55.53108,8.505390999999998,3.609727,3.639104,3.130906,73.2813,0.5925241,4
2020-04-15 06:58:00,0.5962996,45.32504,121.5741,2.275162,13.61415,4.027831,0.2215406,256.5114,56.82805,8.375339999999998,3.396157,3.42196,2.923617,76.10548,0.621742,4
2020-04-15 06:59:00,0.6015751,46.39245,121.5925,2.306791,13.61415,4.052872,0.2329484,256.711,59.80099,8.221199999999998,3.193265,3.20402,2.747103,77.12733,0.6302543999999999,4
2020-04-15 07:00:00,0.6216998,49.67639,121.5088,2.352633,13.61323,4.082805,0.2532537999999999,256.5449,64.96721,8.125363999999998,3.063288,3.066158,2.619153,81.39284,0.6517654,4
2020-04-15 07:01:00,0.6554241,56.7205,121.5331,2.414198,13.61369,4.106717,0.2756131,256.8415,70.78892,8.144112,2.990417,2.981095,2.550534,91.31146,0.7020296,4
2020-04-15 07:02:00,0.7219225,65.9763,121.6025,2.463203,13.61331,4.127426,0.3143990999999999,254.7534,80.0968,8.195806,2.966015,2.964581,2.552684,106.9977,0.754564,4
2020-04-15 07:03:00,0.7035607,62.44188,121.5292,2.501999,13.61283,4.138723,0.3143989999999999,247.8801,77.90950999999998,8.251006999999998,2.924985,2.92929,2.528858,103.0902,0.7229603,4
2020-04-15 07:04:00,0.8534123,84.686,121.6894,2.518789,13.61301,4.156798,0.4079423999999999,249.3913,101.739,8.325508,3.018485,3.026374,2.613836,141.137,0.8092405,4
2020-04-15 07:05:00,1.086007,114.3356,121.7506,2.25347,13.61298,4.170353,0.5361658,249.9502,133.8337,8.231711,3.134605,3.153248,2.724302,190.3057,0.8613836,4
2020-04-15 07:06:00,0.8102576,80.49684999999998,121.6127,2.105566,13.61323,4.192944,0.3842137999999999,252.762,97.17969,8.264043,3.173033,3.223221,2.793614,135.6034,0.8018338,4
2020-04-15 07:07:00,0.8227824999999999,80.24807,121.6735,2.073415,13.61227,4.20989,0.3629952,260.8101,94.66043,8.278731,3.200048,3.241631,2.831409,134.701,0.8026109,4
2020-04-15 07:08:00,0.8823685,89.38947,121.7202,2.111509,13.61213,4.21328,0.4136454,264.0611,109.4661,8.309796,3.17691,3.212759,2.814714,141.4303,0.8111979,4
2020-04-15 07:09:00,1.037828,110.0074,121.811,2.161462,13.61207,4.232105,0.48232,266.816,128.6926,8.406637,3.397194,3.465994,3.01147,179.8974,0.8624465,4
2020-04-15 07:10:00,0.8474169,85.9902,121.7187,2.161184,13.61197,4.247731,0.3853538,269.2743,103.7697,8.345554,3.341149,3.407808,2.989088,139.504,0.8272445,4
2020-04-15 07:11:00,0.6359327,51.8358,121.4818,2.244874,13.61239,4.256203,0.2448103,267.8482,65.57296,8.366704,3.234228,3.303766,2.901471,91.59969,0.6745531999999999,4
2020-04-15 07:12:00,0.6620112999999999,60.26448,121.5979,2.29421,13.61185,4.259968,0.2797179,267.6371,74.84282,8.302922,3.097483,3.145527,2.781151,100.1334,0.7318727,4
2020-04-15 07:13:00,1.105065,119.1447,121.8999,2.303782,13.61181,4.278797,0.5249842,263.8611,138.3633,8.205659,3.289173,3.310676,2.937104,183.0156,0.8779476,4
2020-04-15 07:14:00,0.9779215,104.0723,121.8568,2.386257,13.61129,4.278797,0.4729648,258.5678,122.2578,8.296376,3.503509,3.561543,3.162345,167.087,0.8585405,4
2020-04-15 07:15:00,0.8585737,85.96933,121.7051,2.484858,13.61126,4.290658,0.3908289999999999,265.2584,103.7427,8.465035999999998,3.55623,3.632884,3.236609,136.3131,0.8232915,4
2020-04-15 07:16:00,0.9975898,103.7063,121.7398,2.500586,13.6103,4.299129,0.4725082999999999,259.697,122.4442,8.489034,3.62918,3.702961,3.285953,159.0309,0.84965,4
2020-04-15 07:17:00,1.273899,140.4689,121.9067,2.548719,13.60934,4.301012,0.6292505,254.689,160.2587,8.679629999999998,3.998428,4.082889,3.651134,218.4707,0.8990799999999999,4
2020-04-15 07:18:00,1.50602,166.3512,122.0478,2.630172,13.60748,4.32172,0.7748129,247.5933,191.5787,8.922881999999998,4.398381,4.50495,4.040611,250.3837,0.9086506,4
2020-04-15 07:19:00,2.025631,233.6981,122.2892,2.743545,13.60577,4.326804,1.055443,242.996,256.3523,9.288195,5.261154,5.415385,4.881061,369.8037,0.93539,4
2020-04-15 07:20:00,1.377825,155.0051,121.9927,2.80142,13.6056,4.342056,0.717546,241.1194,173.1015,9.656219,5.552748,5.783972,5.310711,248.278,0.9076315,4
2020-04-15 07:21:00,1.158087,128.9621,121.7689,2.795926,13.60532,4.364647,0.6205802999999999,236.6532,146.7457,9.741545,5.564565,5.805057,5.337534,204.5234,0.910986,4
2020-04-15 07:22:00,1.917169,224.6882,122.3054,2.736133,13.60519,4.379896,1.070045,229.1926,245.2432,9.770066000000002,6.11975,6.305821,5.937164,365.0521,0.9422588,4
2020-04-15 07:23:00,0.8740400999999999,92.24271,121.8846,2.740219,13.60494,4.392511,0.4711389999999999,230.55,108.6048,9.868546,6.019603,6.241337,5.96041,154.819,0.8565685,4
2020-04-15 07:24:00,1.225021,136.279,122.0094,2.750861,13.6044,4.416046,0.6666672999999999,237.4974,158.1284,9.770698,5.958158,6.152834,5.846903,208.9693,0.9045338,4
2020-04-15 07:25:00,1.307924,148.5617,122.0914,2.79089,13.60235,4.427906,0.7300940999999999,229.6659,167.492,9.797362,6.16683,6.342893,6.101237,240.8813,0.9197869,4
2020-04-15 07:26:00,1.98048,229.0243,122.3681,2.825207,13.60001,4.444852,1.145107,221.5665,253.7073,9.866534,6.713808,6.84412,6.601243,375.6855,0.945042,4
2020-04-15 07:27:00,1.868534,216.6448,122.3794,2.923609,13.5989,4.462361,1.065025,224.829,239.3997,10.12448,7.316360999999999,7.480667999999999,7.340551999999998,358.1347,0.9442605,4
2020-04-15 07:28:00,2.112103,247.5993,122.4883,3.043248,13.59843,4.470833,1.191879,228.6734,272.5547,10.51125,7.893551,8.109527,7.934756,396.7186,0.9507584,4
2020-04-15 07:29:00,2.175043,254.8491,122.5153,3.204931,13.59596,4.489658,1.245267,224.0019,278.8808,11.01769,8.570681999999998,8.841708,8.721104999999998,415.9491,0.9504118,4
2020-04-15 07:30:00,2.096879,243.8091,122.4684,3.363935,13.59367,4.508676,1.182068,228.3768,270.2842,11.55042,9.120854,9.461753000000002,9.410736,386.0195,0.9492721,4
2020-04-15 07:31:00,2.489368,294.8179,122.5516,3.558597,13.59344,4.535974,1.336756,241.1306,322.3424,12.17381,9.974473,10.31409,10.15565,445.9378,0.9559252,4
2020-04-15 07:32:00,2.614624,306.454,122.6109,3.74415,13.59251,4.558566,1.349305,248.2148,334.9188,12.77775,10.55209,10.98601,10.73796,450.9861,0.9517734,4
2020-04-15 07:33:00,2.691129,317.523,122.6944,3.920931,13.59005,4.591137,1.358659,255.3332,346.9193,13.37981,11.27056,11.66503,11.45125,457.4762,0.9527529,4
2020-04-15 07:34:00,2.783781,327.4244,122.7606,4.022048,13.58773,4.625216,1.372576,260.1872,357.1397,13.97609,11.77694,12.29222,11.93138,462.3442,0.953968,4
2020-04-15 07:35:00,2.852775,337.4533,122.7776,3.865965,13.58348,4.659291,1.374174,268.4065,368.7881,14.43419,12.249,12.66455,12.30397,467.6327,0.9550395,4
2020-04-15 07:36:00,2.55555,297.8489,122.5476,3.963268,13.58208,4.700335,1.226786,267.6707,328.1108,14.94279,12.75843,13.20943,12.65496,417.5699,0.9488005,4
2020-04-15 07:37:00,1.95122,226.2309,122.3874,4.109073,13.58199,4.743072,0.9354327,267.2144,250.0112,15.44548,12.72652,13.26194,12.67371,316.9034,0.9374495,4
2020-04-15 07:38:00,1.898617,216.5545,122.4067,4.165273,13.58196,4.792023,0.9078261,266.4843,242.0589,15.69796,12.68115,13.20682,12.46571,309.5713,0.9361994,4
2020-04-15 07:39:00,2.95655,350.6685,122.8391,4.128323,13.57731,4.835701,1.443532,265.0925,382.6654,15.97956,13.13601,13.57404,12.67723,464.5673,0.950469,4
2020-04-15 07:40:00,2.582426,305.7354,122.8118,4.264622,13.57545,4.884087,1.224048,270.3686,330.7424,16.51276,13.61188,14.10147,13.16196,432.7747,0.9550168,4
2020-04-15 07:41:00,1.42647,160.306,122.0984,4.296072,13.57172,4.927012,0.6810407,268.3494,182.5894,16.72942,12.98758,13.55437,12.54836,224.5909,0.9168485,4
2020-04-15 07:42:00,2.09049,241.6222,122.4214,4.300149,13.57032,4.977092,0.9769568,274.1445,267.9665,16.75984,12.88044,13.30322,12.36718,326.2188,0.9426332,4
2020-04-15 07:43:00,2.629679,306.8831,122.681,4.354721,13.56937,5.025102,1.218344,279.0841,340.2409,16.98998,13.2067,13.69523,12.63679,413.1223,0.9530265,4
2020-04-15 07:44:00,2.610888,310.4808,122.7444,4.461306,13.56751,5.074052,1.211956,277.2474,335.9382,17.33307,13.78215,14.27013,13.16011,426.1639,0.9608303,4
2020-04-15 07:45:00,1.923295,224.1447,122.3765,4.596937,13.56565,5.12112,0.8941368,276.1637,246.9187,17.60439,13.55169,14.14942,12.82588,317.6848,0.9391983,4
2020-04-15 07:46:00,1.541649,176.8321,122.1832,4.61736,13.56471,5.174589,0.7266715,273.0266,198.358,17.65235,12.97076,13.58392,12.31742,247.0682,0.9241713,4
2020-04-15 07:47:00,2.014293,231.325,122.3094,4.573247,13.5624,5.221092,0.9368017,272.4904,255.2683,17.66774,12.83503,13.33517,12.03984,296.4698,0.9428652,4
2020-04-15 07:48:00,3.132436,368.804,122.8783,4.593465,13.55962,5.266465,1.476615,271.5379,400.9889,17.90895,13.47498,13.90216,12.58362,489.6892,0.9577073,4
2020-04-15 07:49:00,3.169912,375.0592,122.9882,4.707871,13.55962,5.31391,1.5081,272.1938,410.4746,18.3482,14.13435,14.61852,13.33482,497.5021,0.9579065,4
2020-04-15 07:50:00,3.032152,357.2502,122.9364,4.710377,13.5596,5.356647,1.407256,279.0042,392.8118,18.76463,14.47797,15.12363,13.56166,485.0616,0.9615182,4
2020-04-15 07:51:00,3.016002,354.7413,122.8555,4.664103,13.55959,5.410305,1.382615,279.9168,386.9801,19.07961,14.71016,15.56977,13.76831,482.237,0.9559997,4
2020-04-15 07:52:00,3.360513,399.4622,123.0456,4.716823,13.55912,5.460761,1.595483,272.6672,434.9979,19.35311,15.30789,16.09023,14.20575,528.9343,0.9599337,4
2020-04-15 07:53:00,2.232628,263.2656,122.4807,4.825077,13.55636,5.514982,1.057039,268.7943,284.6386,19.58974,15.3483,16.00611,14.33542,351.1605,0.9287489,4
2020-04-15 07:54:00,3.443318,408.3235,122.9664,4.989195,13.55359,5.588408,1.669405,266.4843,444.8537,19.83415,15.91171,16.51571,14.67919,538.4302,0.9602666,4
2020-04-15 07:55:00,3.417448,404.4591,122.9379,5.045034,13.55313,5.641312,1.677163,262.9478,440.985,20.19083,16.41526,17.11143,15.289,536.2667,0.959722,4
2020-04-15 07:56:00,3.463473,410.9022,122.8804,4.91484,13.54899,5.698734,1.690624,263.5696,445.5901,20.33841,16.59182,17.32753,15.54995,542.7576,0.9599823,4
2020-04-15 07:57:00,3.497011,415.0449,122.9257,4.923188,13.54853,5.754464,1.7034,265.2979,451.8987,20.61986,17.27321,17.87415,16.09993,547.0247,0.9601567,4
2020-04-15 07:58:00,3.511305,416.8051,123.0015,5.087101,13.54806,5.812637,1.696327,267.5509,453.8484,21.10929,17.72885,18.23738,16.54958,548.888,0.9601492,4
2020-04-15 07:59:00,3.500621,415.9752,122.9747,5.284947,13.54668,5.873829,1.718002,263.4384,452.5785,21.52839,18.05681,18.52186,17.03053,546.4239,0.9598675,4
2020-04-15 08:00:00,3.593217,427.1352,123.0495,4.942181,13.54301,5.935015,1.755191,264.602,464.3981,21.5184,17.90469,18.46869,16.91578,561.1484,0.9602932,4
2020-04-15 08:01:00,3.579805,424.9819,122.9524,4.804583,13.54163,5.998652,1.733745,266.5926,462.1928,21.67187,18.23409,18.75604,17.19567,556.5208,0.9602499,4
2020-04-15 08:02:00,3.681543,438.3421,123.0232,4.705314,13.53795,6.061719,1.76888,268.8171,475.4632,21.8792,18.53637,18.99814,17.27478,572.7477,0.9612977,4
2020-04-15 08:03:00,1.784679,201.1255,122.3808,4.604182,13.53749,6.121592,0.8425738999999999,264.2084,222.8194,21.88407,17.94085,18.53676,16.58687,286.6744,0.8200532999999999,4
2020-04-15 08:04:00,3.732719,443.2905,123.0539,4.662914,13.53749,6.180895,1.830026,262.9422,481.1665,21.82779,17.95122,18.45391,16.56449,560.9084,0.9620998,4
2020-04-15 08:05:00,3.736241,444.3605,123.0853,4.640147,13.53611,6.235683,1.833904,262.7026,481.7535,21.9328,18.4086,18.89416,17.03429,580.5009,0.9613432,4
2020-04-15 08:06:00,3.756871,446.7417,123.0169,4.434454,13.53427,6.29179,1.840749,262.9193,483.9305,21.98396,18.4344,18.9345,17.23107,583.0853,0.9614258,4
2020-04-15 08:07:00,3.790078,450.8115,123.0672,4.450042,13.53197,6.343939,1.847365,265.1153,489.7361,22.13012,19.05858,19.42962,17.70487,586.2706,0.9614539,4
2020-04-15 08:08:00,3.809292,453.2989,123.1758,4.214572,13.53197,6.400612,1.831623,268.1669,491.1415,22.33613,19.39842,19.7831,17.87567,589.6964,0.9615138,4
2020-04-15 08:09:00,3.830446,456.5086,123.2215,4.412476,13.53105,6.455019,1.842803,269.6385,496.8722,22.78976,20.15038,20.49705,18.45592,593.8433,0.9616894,4
2020-04-15 08:10:00,3.862511,460.5386,123.2025,4.599943,13.52692,6.506984,1.847137,270.5226,499.5922,23.28198,20.76229,21.0857,19.13673,600.1539,0.9621977,4
2020-04-15 08:11:00,3.906284,465.4214,123.2213,4.88463,13.52627,6.569111,1.90988,264.7389,505.5901,23.75126,21.37882,21.757,19.71987,604.4811,0.9620119,4
2020-04-15 08:12:00,3.927106,467.6053,123.1782,5.056033,13.52509,6.625216,1.950491,260.4382,507.9753,24.06915,21.39813,21.90769,19.63038,608.4478,0.9619769,4
2020-04-15 08:13:00,3.954785,471.3033,123.2227,5.148078,13.521,6.685462,1.937943,263.3471,510.339,24.13086,21.72845,22.16515,19.80925,611.3305,0.9620872,4
2020-04-15 08:14:00,3.97022,472.6389,123.1944,5.429359,13.52059,6.747405,1.974448,259.1092,511.5492,24.5201,21.69534,22.48557,19.86761,615.1749,0.9618461,4
2020-04-15 08:15:00,4.00758,477.8219,123.1458,5.585107,13.52036,6.81104,1.979467,262.2007,518.9857,24.89134,22.31594,22.94111,20.38312,619.741,0.9625349,4
2020-04-15 08:16:00,4.048787,482.1338,123.0737,5.738657,13.51836,6.871099,1.964181,266.5071,523.4343,25.35972,22.78691,23.42037,20.84621,624.8484,0.9626833,4
2020-04-15 08:17:00,4.079408,486.5887,123.1428,5.895268,13.51449,6.932852,1.976501,266.5584,526.8317,25.72581,23.04108,23.53032,21.3864,630.0734,0.9630634,4
2020-04-15 08:18:00,4.118256,491.0612,123.1704,6.06469,13.51439,7.000251,2.031486,262.2691,532.7746,25.94735,23.14657,23.80651,21.39478,634.9395,0.963017,4
2020-04-15 08:19:00,4.134714,493.0818,123.2354,6.313269,13.51422,7.065772,2.037646,262.6284,535.1127,26.25282,23.42701,24.12158,21.63609,636.9178,0.9629124,4
2020-04-15 08:20:00,4.162844,496.854,123.273,6.405155,13.51414,7.133171,2.054302,262.3946,538.9989,26.32723,23.31036,24.19015,21.51278,641.4827,0.9631724,4
2020-04-15 08:21:00,4.201869,501.7171,123.2747,6.360354,13.51032,7.205843,2.054758,264.7161,543.8842,26.49284,23.73115,24.49886,21.99885,647.0623,0.9633878,4
2020-04-15 08:22:00,4.220357,503.7042,123.2982,6.233501,13.50798,7.276823,2.099248,260.2328,546.2789,26.2063,23.02683,23.91057,21.92463,650.0639,0.9631938,4
2020-04-15 08:23:00,4.256468,508.5165,123.3218,6.142601,13.50693,7.346481,2.101073,262.6513,551.8354,26.12354,23.21361,23.85351,22.39569,654.6182,0.9633462,4
2020-04-15 08:24:00,4.279303,511.5389,123.4143,5.986654,13.50323,7.417836999999999,2.07187,268.1669,555.5815,26.05253,23.19393,23.83932,22.70167,660.2044,0.9637897,4
2020-04-15 08:25:00,4.311818,515.8298,123.4095,6.045929,13.50265,7.501992999999999,2.087156,267.8589,559.0286,25.81348,23.08247,23.62192,22.53691,666.022,0.9638999,4
2020-04-15 08:26:00,4.36062,521.3973,123.3831,6.219625,13.50218,7.578621,2.150355,262.7939,565.0797,25.53493,23.10982,23.50673,22.51738,670.8284,0.9639493,4
2020-04-15 08:27:00,4.383753,524.2861,123.4051,6.329806,13.50162,7.649973,2.140316,265.3036,567.8041,25.44911,22.94279,23.49069,22.50052,674.3592,0.9641637,4
2020-04-15 08:28:00,4.410912,527.6319,123.4603,6.37409,13.49749,7.717753,2.201005,260.3697,573.0579,25.37248,23.25181,23.60454,22.64775,678.6258,0.9639816,4
2020-04-15 08:29:00,4.43492,530.4296,123.4497,6.446479,13.49695,7.791366,2.169976,265.3948,575.8279,25.39243,23.25879,23.68656,22.91892,682.1556,0.9642034,4
2020-04-15 08:30:00,4.441086,531.7042,123.459,6.382224,13.49603,7.857446999999999,2.153777,267.7619,576.6268,25.48616,23.73446,23.94785,23.6684,684.5572,0.9644586,4
2020-04-15 08:31:00,4.488472,536.7221,123.3802,6.250576,13.49138,7.925604,2.204199,264.4195,582.7775,25.84563,24.22124,24.31547,23.91311,689.2216,0.9644054,4
2020-04-15 08:32:00,4.533369,543.3029,123.553,6.243587,13.49137,7.993006,2.254165,261.2994,588.952,25.7078,23.90133,23.95571,23.75958,697.0895,0.9642118,4
2020-04-15 08:33:00,4.594644,550.1979,123.4437,6.116342,13.49133,8.059274,2.300024,259.8792,597.7288,25.43047,23.86384,23.64774,23.60161,706.3243,0.9642906,4
2020-04-15 08:34:00,4.64784,557.3672,123.6062,5.886427,13.49132,8.131196,2.331965,259.189,604.3845,24.90617,23.35581,23.14222,23.29661,716.1758,0.9644782,4
2020-04-15 08:35:00,4.698476,562.9553,123.5564,5.86333,13.49083,8.191819,2.310291,263.9518,609.7812,24.45968,23.55084,23.1561,23.34142,721.9361,0.9648666,4
2020-04-15 08:36:00,4.713786,564.3209,123.5038,5.903448,13.48807,8.261102,2.280859,267.7049,610.574,24.08216,23.41787,22.86444,23.35107,725.5377999999998,0.9650055,4
2020-04-15 08:37:00,4.746706,568.7363,123.4446,5.917361,13.48575,8.324363,2.321014,265.68,616.5751,23.62991,23.00773,22.57045,23.08287,729.6769,0.9652483,4
2020-04-15 08:38:00,4.757274,570.2109,123.5544,5.646296,13.48574,8.386865999999998,2.296145,269.3875,618.5054,23.21664,23.10763,22.58771,23.2228,734.4805,0.9653614,4
2020-04-15 08:39:00,4.789343,573.4712,123.5239,5.848763,13.48481,8.449749,2.35615,263.6837,621.2486,23.26251,23.87399,23.31345,23.77283,735.2551999999998,0.9649968,4
2020-04-15 08:40:00,4.791631,574.0093,123.5324,6.129574,13.48113,8.506985,2.348392,265.6287,623.7769,23.41455,23.85861,23.33945,23.92195,736.2689,0.9650109,4
2020-04-15 08:41:00,4.82351,577.5842,123.4959,6.330455,13.4802,8.567605,2.375315,263.7008,626.347,23.39006,23.88987,23.53123,23.9807,740.1033,0.9648406,4
2020-04-15 08:42:00,4.839365,579.6964,123.545,6.407863,13.47996,8.628984,2.399271,262.1208,628.8874,23.49916,24.20441,23.67538,24.2141,742.2034,0.9647989,4
2020-04-15 08:43:00,4.858805,582.7333,123.6586,6.664335,13.47972,8.687348,2.378281,265.834,632.1987,23.7203,24.4631,23.81733,24.4439,747.4877,0.9649477,4
2020-04-15 08:44:00,4.88421,585.7067,123.6712,6.52707,13.47904,8.749100999999998,2.389004,266.0679,635.6066,23.70845,24.41345,23.86398,24.58596,751.4441,0.9649205,4
2020-04-15 08:45:00,4.918284,590.1495,123.7238,6.327401,13.47705,8.808032,2.424368,264.4936,641.2221,23.50044,24.05927,23.36266,24.29175,755.5833,0.9650619,4
2020-04-15 08:46:00,4.950972,593.7215,123.6128,6.392626,13.47456,8.867333,2.446499,262.7596,642.6793,23.19545,23.67961,23.34291,24.29199,760.6814,0.9651399,4
2020-04-15 08:47:00,4.984128,597.7585,123.627,6.673432,13.47354,8.924946999999998,2.485285,260.8488,648.2482,23.06355,23.7984,23.5403,24.47042,765.1830999999999,0.9651399,4
2020-04-15 08:48:00,5.00437,600.0961,123.6607,6.89608,13.47337,8.981801,2.449009,265.8568,651.0524,23.02609,24.13873,23.91171,24.33539,767.8792999999998,0.9652084,4
2020-04-15 08:49:00,5.012867,601.6583,123.7119,7.106561,13.47329,9.040167,2.44878,267.1345,654.1212,23.42173,24.55,24.35276,24.45242,770.9998,0.9652645,4
2020-04-15 08:50:00,5.023591,602.4415,123.7353,7.128356,13.4704,9.091753,2.435091,268.4863,653.7573,23.64654,24.9479,24.78379,24.62582,774.0490999999998,0.9651018,4
2020-04-15 08:51:00,5.001711,600.3812,123.6328,7.336182,13.46897,9.148987,2.407256,270.5739,651.1929,24.2406,25.77283,25.71045,24.89746,777.5888999999999,0.9655362,4
2020-04-15 08:52:00,5.075155,609.2916,123.709,7.148461,13.46793,9.207354,2.484758,265.6439,659.9527,24.62977,25.85858,26.19498,24.62837,781.5493,0.9652922,4
2020-04-15 08:53:00,5.113685,613.7016,123.721,7.078894,13.46744,9.255735,2.56391,259.8075,666.1098,24.9692,26.45458,26.66195,25.47062,784.9127999999998,0.9653433,4
2020-04-15 08:54:00,5.118945,614.4163,123.7976,7.221475,13.46733,9.31429,2.505292,265.3646,664.7834,25.26947,26.33925,26.52474,25.842,788.5732,0.9654121,4
2020-04-15 08:55:00,5.150867,619.166,123.809,6.740067,13.46732,9.367004,2.555486,262.8779,671.7565,25.10367,26.24436,26.23685,25.80253,792.4778,0.9655787,4
2020-04-15 08:56:00,5.180931,622.0256,123.7416,6.698069,13.46722,9.421604,2.615186,257.9881,674.6729,24.66632,25.60036,25.48998,25.48932,795.4778,0.9654794,4
2020-04-15 08:57:00,5.206122,625.3112,123.803,6.832087,13.46722,9.47865,2.601029,260.8272,678.4193,24.51141,25.84745,25.73992,25.53699,799.0223999999998,0.9653487,4
2020-04-15 08:58:00,5.230634,628.4097,123.8336,6.874397,13.46438,9.528542,2.627356,258.9429,680.2883,24.13539,25.32161,25.38271,25.96196,803.585,0.965107,4
2020-04-15 08:59:00,5.26232,632.346,123.8389,6.851198,13.46208,9.58314,2.608188,263.6533,687.5711,23.85944,26.09934,25.72469,26.41719,808.6303,0.9654548,4
2020-04-15 09:00:00,5.283948,634.8884,123.9086,6.958914,13.46157,9.650917,2.672266,257.6339,688.4326,24.20571,27.31167,26.56855,27.16074,812.643,0.965321,4
2020-04-15 09:01:00,5.302258,636.9153,123.8245,6.973879,13.46156,9.709282,2.667486,258.8383,690.4068,24.582,27.79484,27.17412,27.60715,815.645,0.9654302,4
2020-04-15 09:02:00,5.311844,637.8034,123.7697,6.919674,13.45922,9.766516,2.695374,256.6936,691.8589,24.73515,28.2607,27.57846,28.1885,818.3391,0.9653895,4
2020-04-15 09:03:00,5.332129,640.7692,123.8941,6.978507,13.456,9.814337,2.664772,260.2721,693.5132,24.64207,28.09129,27.55082,28.15748,821.1002999999998,0.9654271,4
2020-04-15 09:04:00,5.33126,640.5677,123.87,7.257228999999999,13.45597,9.876468,2.72718,254.4798,693.9665,24.48791,27.88622,27.52249,28.33919,823.3764,0.9652426,4
2020-04-15 09:05:00,5.379418,646.7263,123.8701,7.261952,13.45596,9.931066,2.697033,259.9114,700.9888,23.98841,27.30161,27.07203,28.16854,827.6391999999998,0.9657509,4
2020-04-15 09:06:00,5.401746,648.4352,123.7592,7.117755,13.45594,9.980017,2.722284,257.8232,701.8107,23.75857,27.65133,27.38777,28.69342,830.2776,0.9657195,4
2020-04-15 09:07:00,5.406721,650.5831,124.019,7.450096,13.45501,10.04215,2.713543,259.983,705.3148,23.88905,28.22067,28.11918,29.29973,834.3606,0.9654989,4
2020-04-15 09:08:00,5.428472,653.9748,124.0921,7.658127,13.45362,10.09674,2.712754,261.8037,710.1766,23.53584,27.66044,27.65434,28.9552,837.5404999999998,0.9658355,4
2020-04-15 09:09:00,5.443729,655.449,124.0982,7.645119,13.4504,10.15134,2.720895,261.4946,711.4383,23.45011,28.78499,28.54181,29.39768,839.8214,0.9659263,4
2020-04-15 09:10:00,5.454533,657.7,124.0541,7.811168,13.45039,10.2097,2.765985,257.8042,713.0576,23.55737,28.88063,28.83101,29.2938,841.9811999999998,0.9685823,4
2020-04-15 09:11:00,5.470295,658.9517,124.1222,7.873634,13.44854,10.26619,2.797725,255.5097,714.835,23.79613,30.15291,29.90159,30.30781,844.9829999999998,0.9658406,4
2020-04-15 09:12:00,5.496067,661.8686,124.0787,7.979197,13.44532,10.32643,2.773585,258.2046,716.1274,24.31074,30.97893,30.77957,31.07527,849.4265,0.9659484,4
2020-04-15 09:13:00,5.50984,664.2487,124.1968,7.779994,13.44486,10.38856,2.766494,259.9133,719.0268,24.30419,30.1628,30.20296,30.68076,852.9089,0.9658645,4
2020-04-15 09:14:00,5.537805,667.18,124.149,7.466961,13.44485,10.45069,2.839239,254.3352,722.0967,23.97935,29.96886,29.69441,30.44903,857.2327,0.9658322,4
2020-04-15 09:15:00,5.539381,667.7045,124.1724,7.325808999999999,13.44484,10.52035,2.845313,254.2021,723.1486999999998,23.66722,30.06784,29.54462,30.56762,859.3936999999999,0.9658929,4
2020-04-15 09:16:00,5.577856,673.3065,124.3322,7.223118,13.44438,10.58625,2.824971,257.5968,727.6712,23.28619,29.57037,28.94707,30.22475,863.4176999999999,0.9660818,4
2020-04-15 09:17:00,5.592317,675.2855,124.4018,7.193567,13.44116,10.65214,2.833571,257.7274,730.2519999999998,23.23317,30.00462,28.81159,30.465,865.9394999999998,0.9661891,4
2020-04-15 09:18:00,5.61165,677.0451,124.3014,7.344636999999999,13.43979,10.71616,2.847677,257.6332,733.6407,23.32446,29.67523,28.95831,30.15017,868.0413,0.9660087,4
2020-04-15 09:19:00,5.636983,680.2637,124.273,7.392086,13.43886,10.78017,2.880451,255.6543,736.3737,23.10989,29.41082,28.49244,30.0274,872.3052,0.9661694,4
2020-04-15 09:20:00,5.662733,683.3838,124.3181,7.532364,13.4384,10.84983,2.859912,258.7263,739.8904,22.91309,29.57087,28.67188,30.24626,876.0291999999998,0.9661813,4
2020-04-15 09:21:00,5.680172,685.4965,124.3157,7.781205,13.43656,10.91516,2.879161,257.5851,741.6036,22.86253,29.9573,29.1992,30.66682,879.1518999999998,0.9661016,4
2020-04-15 09:22:00,5.704342,688.3525,124.2763,8.164821,13.43427,10.98388,2.882098,259.0992,746.6983,22.8014,29.74699,29.25473,30.2042,883.3567,0.9661087,4
2020-04-15 09:23:00,5.723228,691.0081,124.401,8.381617999999998,13.4338,11.05165,2.919148,256.5172,748.7799999999999,22.69711,30.08164,29.51021,30.50054,886.4794,0.9660053,4
2020-04-15 09:24:00,5.732472,692.3884,124.4099,8.196156999999998,13.4338,11.11943,2.936696,254.5836,747.5972,22.37905,29.50517,29.20335,30.38927,888.5217,0.96605,4
2020-04-15 09:25:00,5.7631,696.0743,124.4271,8.220717,13.43334,11.18514,2.916979,258.6618,754.4592,22.44512,30.65527,30.18295,30.90216,892.5457,0.9662724,4
2020-04-15 09:26:00,5.786463,699.2703,124.4101,8.066200999999998,13.43196,11.25536,2.939775,257.5324,756.9794,22.64138,30.79058,30.38559,31.02367,897.2313,0.9660399,4
2020-04-15 09:27:00,5.821874,703.4354,124.4384,7.80409,13.42875,11.34423,3.002631,253.2957,760.5372,22.64943,31.07305,30.42195,31.046,903.5983,0.9659856,4
2020-04-15 09:28:00,5.854047,707.7253,124.5151,7.768612,13.42783,11.4233,3.020405,254.4177,768.418,22.62451,31.13839,30.6199,31.32838,909.7255,0.9658194,4
2020-04-15 09:29:00,5.903636,713.8184,124.5041,7.689060999999999,13.42783,11.49315,3.004385,257.5765,773.8339999999998,22.26782,30.8365,30.22995,31.2161,916.2729,0.9661357,4
2020-04-15 09:30:00,5.924164,715.8055,124.4927,7.393652999999999,13.42783,11.57053,2.998219,258.5448,775.0833,22.17307,31.65674,30.63552,31.673,920.2976000000002,0.9661446,4
2020-04-15 09:31:00,5.916904,714.342,124.4657,7.731010999999999,13.42324,11.64621,3.038759,254.5163,773.4072999999999,22.457,32.79304,31.82636,32.72413,920.2373,0.9662373,4
2020-04-15 09:32:00,5.933688,717.4666,124.4293,8.131601,13.42278,11.72529,2.995881,258.9616,775.7762,22.53439,32.55393,32.02267,32.80401,925.5235,0.9663542,4
2020-04-15 09:33:00,5.988974,724.3270999999999,124.484,8.006522999999998,13.42278,11.80756,3.055587,257.1005,785.5557,22.4687,32.6532,31.91973,32.82753,933.3327,0.9664797,4
2020-04-15 09:34:00,6.016412,727.293,124.4159,8.129143,13.42278,11.88965,3.074043,256.4325,788.1523999999998,22.52378,32.8898,32.4521,33.39934,938.5588,0.9667335,4
2020-04-15 09:35:00,6.057371,732.5809,124.4858,8.434732999999998,13.42232,11.97832,3.098188,256.2879,793.991,22.53383,33.30242,32.81167,33.02434,944.5659,0.9666602,4
2020-04-15 09:36:00,6.100924,737.9099999999999,124.3969,8.585020999999998,13.4214,12.06869,3.11254,256.9367,799.6672,22.70842,33.83014,33.5499,33.71846,952.7935,0.9668917,4
2020-04-15 09:37:00,6.180452,747.8182,124.4217,8.434404,13.41819,12.15944,3.175225,255.1569,810.1033,22.60125,33.18923,32.97269,33.69592,964.9836,0.9668083,4
2020-04-15 09:38:00,6.231211,753.644,124.4662,8.147393,13.41708,12.25019,3.191173,255.3041,814.6925999999999,22.37168,32.97039,32.69493,33.4482,971.8873,0.9670166,4
2020-04-15 09:39:00,6.255999,756.1389,124.3754,7.831731999999999,13.41682,12.34093,3.201649,255.7363,818.7559999999999,22.19727,33.54141,32.95191,33.96893,975.6656,0.9671195,4
2020-04-15 09:40:00,6.325949,764.7735,124.2337,7.686896,13.41343,12.42565,3.243364,255.6273,828.8035999999998,22.10644,33.72202,32.868,33.69028,988.2707,0.967308,4
2020-04-15 09:41:00,6.419508,776.2191,124.2606,7.613251,13.41095,12.51847,3.318595,254.0703,843.1018,22.1361,34.44756,33.23318,34.37287,1002.317,0.9674774,4
2020-04-15 09:42:00,6.521658,790.4741,124.4387,8.115766,13.41078,12.60413,3.394511,252.1031,855.7236,22.0841,33.9288,33.5568,34.79921,1022.49,0.9675438,4
2020-04-15 09:43:00,6.576381,796.2279999999998,124.5197,7.959494,13.41066,12.69714,3.365548,256.3206,862.6101999999998,21.97924,35.0328,34.2471,35.59009,1031.432,0.9675841,4
2020-04-15 09:44:00,6.588616,797.7727,124.5855,8.10988,13.40867,12.78826,3.374203,256.0064,863.7922,22.25058,35.53296,35.19108,36.09613,1036.943,0.9676713,4
2020-04-15 09:45:00,6.605027,800.6219,124.5992,8.400232,13.40722,12.88353,3.401787,255.0827,867.7039,22.41528,36.06295,35.50533,36.44081,1039.938,0.9678481,4
2020-04-15 09:46:00,6.640289,804.1372,124.5409,8.439085999999998,13.4045,12.97936,3.400183,256.8434,873.2408,22.62164,36.84119,36.27578,37.03431,1048.875,0.9677269,4
2020-04-15 09:47:00,6.687623,810.8555,124.5442,8.578153,13.40291,13.08253,3.456269,254.4549,879.4401,22.69589,36.55072,36.25803,37.21526,1056.317,0.9678544,4
2020-04-15 09:48:00,6.798262,824.9224,124.6446,8.204238999999998,13.39886,13.18796,3.514857,254.4031,894.1534,22.76831,37.81619,37.26731,37.96066,1077.623,0.9680917,4
2020-04-15 09:49:00,6.905261,839.4918,124.7302,8.193302,13.39827,13.29942,3.626348,251.3078,911.1375,22.81683,38.27921,37.60498,38.25255,1095.336,0.9681343,4
2020-04-15 09:50:00,7.090533,861.9885,124.8364,8.162427,13.39793,13.40956,3.686306,253.6501,934.9683,23.07703,39.64021,38.99796,39.81749,1131.831,0.968386,4
2020-04-15 09:51:00,7.081188,859.1702,124.7581,8.002826,13.39786,13.52949,3.760177,247.3345,930.0502,23.49557,40.86777,40.15316,40.6087,1130.745,0.968109,4
2020-04-15 09:52:00,6.981379,845.9717,124.6595,8.3064,13.39481,13.65525,3.686299,248.2575,915.1307,23.71641,41.53306,41.29096,41.11108,1111.62,0.9681979,4
2020-04-15 09:53:00,4.723028,560.249,123.6526,8.293145,13.39203,13.78911,2.460345,251.0333,618.1551,23.69963,39.48932,40.04162,39.14204,757.976,0.9617918,4
2020-04-15 09:54:00,4.727745,572.3832,123.8024,8.299547999999998,13.38947,13.93145,2.402658,256.0148,615.285,23.62495,39.62917,39.53736,39.14768,759.3397999999999,0.9699507,4
2020-04-15 09:55:00,4.664886,565.7308,123.5171,8.048308999999998,13.38626,14.07792,2.369597,257.1662,608.4487,23.33896,37.86525,37.88672,38.13117,683.7241,0.9611275,4
2020-04-15 09:56:00,4.717613,559.9452,123.7195,7.736036999999999,13.38605,14.20933,2.407899,256.2483,616.062,22.89881,37.86057,37.71755,37.3496,766.8315,0.9547305,4
2020-04-15 09:57:00,2.548571,296.7546,122.6543,7.914945999999999,13.38374,14.3302,1.293667,253.0334,327.7926,22.97471,36.5125,36.48423,35.65993,404.1957,0.9385225,4
2020-04-15 09:58:00,1.579977,178.3029,122.1169,8.037639999999998,13.38038,14.45164,0.8032403999999999,252.4291,202.7485,22.66329,33.4145,33.5896,32.4984,237.8288,0.9228525,4
2020-04-15 09:59:00,1.614323,184.0537,122.0888,7.840624,13.38082,14.55349,0.849752,246.7005,209.6415,22.17916,31.69214,31.58993,30.22532,240.951,0.922096,4
2020-04-15 10:00:00,1.795359,207.6586,122.2135,7.915,13.38025,14.64386,0.963751,243.2063,234.3038,22.02995,30.57107,30.29156,29.0505,269.8346,0.9323168,4
2020-04-15 10:01:00,1.887254,218.5424,122.1962,7.905268,13.38022,14.7154,0.9988627,246.7802,246.4839,21.81799,29.35405,28.95198,27.88481,281.4244,0.9411822,4
2020-04-15 10:02:00,1.913577,219.994,122.1859,7.671586999999999,13.38014,14.77979,0.9988623,246.2272,245.9618,21.32237,27.38098,27.06747,25.8954,282.7424,0.9352305,4
2020-04-15 10:03:00,1.91565,219.7202,122.3434,7.378618,13.37965,14.83383,0.9945302,247.3443,245.9812,20.71371,26.42933,26.03093,24.52336,280.8194,0.935005,4
2020-04-15 10:04:00,1.897943,217.7241,122.2809,7.550697999999999,13.38005,14.87261,0.9671701,251.3228,243.0293,20.65393,25.66481,25.2625,23.81567,277.3337,0.9341271,4
2020-04-15 10:05:00,1.822391,207.0323,122.2538,7.901742999999998,13.37866,14.90989,0.9252182,250.103,231.4066,20.45729,24.39608,24.16787,22.71725,264.9002,0.9304595,4
2020-04-15 10:06:00,1.754074,199.2246,122.1398,8.077688999999998,13.37953,14.94302,0.91815,246.3695,226.1782,20.21347,23.52948,23.28023,21.8262,257.149,0.9277791,4
2020-04-15 10:07:00,1.732019,196.868,122.1363,7.932021,13.37905,14.95488,0.8917021,250.5817,223.4517,19.82009,22.67471,22.42582,21.02749,251.9823,0.9266528,4
2020-04-15 10:08:00,1.750696,199.8264,122.0813,7.883784,13.37993,14.97183,0.8912459,253.027,225.5114,19.61882,21.79813,21.46782,20.34404,254.5617,0.928628,4
2020-04-15 10:09:00,1.849761,213.9932,122.1729,7.971312,13.37945,14.9884,0.9407215,257.7921,242.4697,19.4444,21.55264,21.15444,19.95637,267.7106,0.9336267,4
2020-04-15 10:10:00,2.139284,248.689,122.3334,7.763811999999999,13.37943,14.99669,1.088692,255.4722,278.2556,19.17143,21.00624,20.69969,19.6032,308.0025,0.9424645,4
2020-04-15 10:11:00,2.319255,270.2364,122.4826,7.70165,13.37987,14.99669,1.157548,260.528,301.5661,19.10403,21.0352,20.57843,19.67114,332.0202,0.9456355,4
2020-04-15 10:12:00,3.915711,470.933,123.0393,7.557932,13.37985,14.99669,1.91017,267.2312,509.2404,18.74754,20.70769,20.19242,19.53151,512.5295,0.9587312,4
2020-04-15 10:13:00,7.043041,852.3909,124.6997,7.302227,13.37953,14.99669,3.544918,263.6402,934.8398,18.56555,23.16404,22.57619,21.9184,1125.515,0.9648226,4
2020-04-15 10:14:00,5.121292,619.8552,124.1079,7.284913,13.37937,14.99669,2.580713,260.3456,671.4805,18.82074,24.65768,24.12993,23.8231,767.6142999999998,0.9667161,4
2020-04-15 10:15:00,3.897372,466.9029,123.4618,7.44852,13.37896,15.01532,1.916554,264.5293,507.395,19.07328,25.1966,24.65716,24.40574,580.2555,0.9594272,4
2020-04-15 10:16:00,5.068862,610.5226,123.7352,7.767439,13.37806,15.03283,2.505245,265.2817,665.2551,19.15381,25.9885,25.56647,25.28964,735.1807,0.9679348,4
2020-04-15 10:17:00,2.968508,348.4236,123.0043,7.966712,13.37673,15.04412,1.435477,267.2938,384.2961,19.25077,25.69322,25.3978,25.21082,423.6434,0.9512713,4
2020-04-15 10:18:00,5.173194,620.1849,124.0569,7.703452999999999,13.37445,15.06277,2.495441,268.6504,670.9255,19.06711,25.95811,25.29967,25.81429,804.0493,0.9616041,4
2020-04-15 10:19:00,4.060202,485.6548,123.2602,8.091031,13.37403,15.08762,1.992933,264.5008,526.4542,18.96045,25.86863,25.43495,26.12197,613.1498,0.9594144,4
2020-04-15 10:20:00,4.105135,494.439,123.4613,8.186578,13.37403,15.11491,2.033061,263.8909,536.3806,18.67483,25.37247,24.95345,25.68103,577.721,0.9526598,4
2020-04-15 10:21:00,2.492131,291.4821,122.8051,7.949713,13.37407,15.14128,1.241223,259.4734,322.0204,18.29836,24.19427,23.60421,24.54329,389.2284,0.9431307,4
2020-04-15 10:22:00,3.249112,388.0965,122.8558,7.769339,13.37407,15.1537,1.621068,260.1004,422.2544,17.87504,23.52849,22.79014,23.80716,468.9712,0.9541273,4
2020-04-15 10:23:00,2.152544,249.5853,122.5355,7.684776,13.37365,15.17441,1.066576,260.5564,277.9029,17.54687,22.43083,21.73487,22.7936,317.2338,0.9429711,4
2020-04-15 10:24:00,2.174145,252.7358,122.4542,7.652248,13.37365,15.19098,1.067716,265.6294,283.7467,17.09423,21.31533,20.3742,21.59466,312.9103,0.9436533,4
2020-04-15 10:25:00,3.877653,464.4286,123.1726,7.521408,13.37376,15.19098,1.908345,267.4021,508.7063,16.66935,21.21229,20.02418,21.40869,553.1067,0.9556145,4
2020-04-15 10:26:00,3.537189,427.9139,122.9305,7.684504999999999,13.37376,15.19098,1.751939,263.623,462.1778,16.56812,21.60979,20.48083,21.83296,501.9449,0.9524384,4
2020-04-15 10:27:00,3.652553,435.6696,123.031,7.746582,13.37385,15.19098,1.79503,263.0815,472.8495,16.45562,21.48759,20.54413,21.86421,507.7654,0.9552229,4
2020-04-15 10:28:00,7.564529,919.1512,124.7786,7.759108,13.37386,15.17441,3.864115,257.9117,996.6638,16.38253,23.9382,22.80834,24.01921,1144.032,0.968921,4
2020-04-15 10:29:00,6.53889,796.8264,124.5812,7.841559,13.37392,15.1682,3.39307,253.1807,858.84,16.6695,26.03489,24.98298,26.26704,993.124,0.9686016,4
2020-04-15 10:30:00,6.993109,846.2577999999999,124.7218,8.091172,13.37394,15.19098,3.615597,254.0756,918.7231,17.11496,28.08247,27.00005,28.2958,1080.551,0.9680037,4
2020-04-15 10:31:00,7.661022,929.9367,124.9025,8.30403,13.37398,15.19662,3.991793,253.859,1013.131,17.43635,29.48622,28.48879,29.94338,1175.42,0.9701439,4
2020-04-15 10:32:00,7.831386,951.3604,125.0122,8.146413,13.37399,15.23014,4.020293,257.2561,1034.16,17.69268,30.80783,29.75803,31.63393,1223.456,0.9691299,4
2020-04-15 10:33:00,7.927934999999999,964.7471,125.0478,8.583154,13.37311,15.26327,4.088236,256.2871,1047.714,18.0175,31.95901,31.28279,32.81698,1245.67,0.9692614,4
2020-04-15 10:34:00,8.020528,956.875,125.1281,8.508693,13.37129,15.31938,4.1938,252.3884,1058.551,18.28133,33.39418,32.54644,34.32231,1276.232,0.9663212,4
2020-04-15 10:35:00,5.504845,652.4611,123.7326,8.370236,13.36856,15.39262,2.857046,252.1433,721.3327,18.44731,32.11887,31.55728,33.79816,825.1602,0.9673562,4
2020-04-15 10:36:00,7.683834,926.8594,124.8606,8.571409,13.36536,15.46548,3.966714,255.512,1013.41,18.49666,33.38225,32.29682,35.05102,1192.704,0.9681002,4
2020-04-15 10:37:00,7.772342,954.7897,124.7419,8.770766999999998,13.36308,15.5485,4.038533,254.3492,1026.986,18.67567,35.38792,34.20252,36.55081,1234.373,0.9698414,4
2020-04-15 10:38:00,8.232347,1004.332,125.0964,8.915998,13.36287,15.63981,4.282719,254.9306,1091.767,18.89917,34.65882,34.89561,36.41706,1321.558,0.969446,4
2020-04-15 10:39:00,7.393,899.7795,124.9491,8.643314999999998,13.36128,15.74393,3.834702,253.6994,972.7718,18.98389,35.04282,35.04025,36.76077,1194.137,0.9683229,4
2020-04-15 10:40:00,6.283374,757.7975,124.4053,8.219182,13.35722,15.85011,3.193571,257.7919,823.3171,19.02339,35.26982,34.26132,36.73923,994.9029,0.9662287,4
2020-04-15 10:41:00,4.204103,503.0099,123.3311,8.098707,13.35451,15.96006,2.127224,257.4727,547.7498,19.1479,34.28303,33.43551,35.56412,644.5337,0.9621224,4
2020-04-15 10:42:00,5.946182,731.1701,123.8606,8.231849999999998,13.35273,16.07039,2.935249,265.1791,780.1418,19.0382,33.26539,32.43048,34.79802,906.3337,0.9674765,4
2020-04-15 10:43:00,7.473141,908.0118,124.8404,8.459916,13.35184,16.1939,3.645692,269.5794,982.8062,18.98182,34.86624,34.30999,36.59138,1239.769,0.96916,4
2020-04-15 10:44:00,7.743869,940.3071,124.9439,9.001315,13.35189,16.29481,3.908574,262.2607,1024.642,19.38969,37.03271,36.42678,38.17453,1244.873,0.9685605,4
2020-04-15 10:45:00,7.512694,915.6832,124.957,9.068344,13.351,16.39874,3.87369,256.2586,992.6658,19.49503,37.27366,36.98751,38.82735,1222.596,0.9689124,4
2020-04-15 10:46:00,5.528618,659.312,123.9454,8.761648,13.34749,16.50642,2.823302,255.8312,722.8246,19.25204,35.90687,35.72983,37.64959,881.9543,0.9649804,4
2020-04-15 10:47:00,5.540491,665.4716,123.9638,8.664969,13.34556,16.61619,2.80985,258.3277,726.1653,19.17718,35.64565,35.15213,36.92052,836.6192999999998,0.9669756,4
2020-04-15 10:48:00,5.049209,618.4678,123.8471,8.967743999999998,13.34438,16.71766,2.506841,264.6319,662.1834,19.15595,35.90949,35.10326,36.97612,830.9733999999999,0.9692361,4
2020-04-15 10:49:00,7.785193999999999,951.1456,124.9188,9.087221,13.34066,16.81707,3.891702,265.048,1030.902,18.94792,35.67184,34.83306,36.7043,1222.051,0.970785,4
2020-04-15 10:50:00,5.946939,702.699,124.2552,8.993747,13.33997,16.90612,3.058825,255.8596,782.0413,18.6322,35.5568,34.72341,36.6997,995.9656,0.9595452,4
2020-04-15 10:51:00,6.237184,738.2541999999999,123.7973,8.806435,13.33995,17.00045,3.197448,255.9053,819.7512,18.44674,34.11226,33.25918,35.28232,886.082,0.9653487,4
2020-04-15 10:52:00,7.979032,966.842,125.0157,8.507166,13.33883,17.08442,4.127224,256.4012,1058.491,18.20996,35.03259,34.41679,36.19529,1293.283,0.9687231,4
2020-04-15 10:53:00,6.044411,727.9301,124.2163,8.881852,13.33516,17.16518,3.084816,257.41,795.1729,18.24323,34.48854,34.10674,35.53711,916.9288,0.9643089,4
2020-04-15 10:54:00,5.47698,649.4865,124.0958,8.811562999999998,13.33454,17.242,2.82125,255.569,719.3205,18.0534,33.73874,32.95525,34.79476,902.9257,0.9637192,4
2020-04-15 10:55:00,2.037401,235.5267,122.3853,8.439997,13.33359,17.31656,1.039672,253.0838,263.1508,17.87516,31.2904,30.14437,32.37989,315.225,0.9398286,4
2020-04-15 10:56:00,2.123809,246.5427,122.2893,8.306884,13.33314,17.37868,1.080484,255.871,276.568,17.49566,29.08701,27.51573,30.26521,312.2776,0.9419956,4
2020-04-15 10:57:00,2.517284,295.8785,122.4475,8.212424,13.33307,17.43253,1.241223,262.1923,325.4556,17.13762,27.53107,26.06767,28.80761,368.2956,0.948534,4
2020-04-15 10:58:00,2.332326,270.4417,122.4516,8.264696,13.33274,17.47,1.138623,264.82,301.3664,16.96103,26.26514,24.9757,27.36978,339.8907,0.9471462,4
2020-04-15 10:59:00,5.566025,680.2772,123.9859,8.294340999999998,13.33221,17.49278,2.779527,262.3177,730.5816,16.50726,26.1161,24.52765,26.8592,799.9186999999998,0.9683747,4
2020-04-15 11:00:00,7.1184,870.6223,124.7459,8.542417999999998,13.33243,17.51763,3.589604,261.5938,939.7293,16.64523,28.94566,27.39619,29.47686,1159.247,0.9737058,4
2020-04-15 11:01:00,3.974489,486.8986,123.3092,8.595461999999998,13.33097,17.53627,2.010717,256.612,517.1991,16.98413,28.72967,27.47595,29.35345,606.7595,0.9584214,4
2020-04-15 11:02:00,2.094874,241.2422,122.2272,8.306435999999998,13.33218,17.55284,1.068628,252.6791,270.026,17.10461,27.62623,26.18569,28.43767,306.6179,0.9416991,4
2020-04-15 11:03:00,2.070797,240.4194,122.2584,8.407407,13.3312,17.58183,1.050844,254.6456,267.6202,16.99067,25.55144,24.25986,26.39178,301.1529,0.9415953,4
2020-04-15 11:04:00,2.383495,278.9328,122.4387,8.167768,13.33106,17.59256,1.219791,255.0047,310.7903,16.62326,23.49916,22.14494,24.51653,341.8556,0.9477215,4
2020-04-15 11:05:00,7.146746,882.5764,124.4517,8.196123999999998,13.33145,17.61515,3.662792,257.1991,941.2672,16.43236,24.59509,23.09936,25.32709,1021.595,0.9717591,4
2020-04-15 11:06:00,2.508024,288.7446,122.7352,8.612877,13.33136,17.61515,1.268582,253.9787,321.5793,16.60273,24.85464,23.492,25.90761,424.9996,0.9450927,4
2020-04-15 11:07:00,1.962857,225.0098,122.2259,8.35156,13.33175,17.61515,0.9815325,257.3188,252.5449,16.57342,23.56719,22.00549,24.47186,282.5304,0.9385409,4
2020-04-15 11:08:00,1.905227,218.5463,122.2376,8.475014,13.33169,17.61515,0.9544007,257.9117,246.1514,16.45405,22.45945,21.10522,23.38483,274.3033,0.9361354,4
2020-04-15 11:09:00,1.867863,213.9917,122.1973,8.588737,13.33163,17.59934,0.9432288,256.5835,242.0031,16.21193,21.0889,19.8709,22.16382,269.4984,0.9345439,4
2020-04-15 11:10:00,1.885117,217.1051,122.1887,8.653535,13.33159,17.58804,0.9302328,263.1442,244.778,15.98192,20.22282,19.13183,21.08735,271.4182,0.9356759,4
2020-04-15 11:11:00,1.921798,221.8696,122.1774,8.574135999999998,13.33153,17.57354,0.9277249,268.9867,249.5363,15.69958,19.52908,18.50392,20.37689,277.4198,0.9383438,4
2020-04-15 11:12:00,2.166384,251.3267,122.1873,8.543744,13.3338,17.54248,1.03648,273.3528,282.9949,15.59704,19.42184,18.41036,20.22761,309.7775,0.9447497,4
2020-04-15 11:13:00,3.415558,403.5352,122.8222,8.823138,13.33513,17.52177,1.660739,266.302,441.6157,15.63712,19.85346,18.96648,20.46875,482.2512,0.9598325,4
2020-04-15 11:14:00,3.143419,369.7622,122.9124,9.007146,13.33648,17.48035,1.541724,265.2817,408.0719,15.68227,19.94258,19.2433,20.6464,432.8417,0.9539489,4
2020-04-15 11:15:00,2.663425,313.6134,122.7742,9.204592000000002,13.33598,17.44345,1.310762,262.7566,344.2268,15.7607,20.16631,19.60823,20.90711,405.2834,0.9520503,4
2020-04-15 11:16:00,2.862307,335.4585,122.5874,9.273282,13.33597,17.39939,1.401961,266.7181,373.4032,15.86752,20.11831,19.69058,20.46049,400.7797,0.9531953,4
2020-04-15 11:17:00,3.110463,370.8352,122.777,9.30178,13.33639,17.35176,1.559052,258.8236,403.6343,15.91479,20.43118,20.00165,20.64232,445.9218,0.9560634,4
2020-04-15 11:18:00,2.579981,301.2563,122.5202,9.273853,13.33639,17.31448,1.299818,255.626,332.2095,15.88649,20.14607,19.73781,20.62329,374.6027,0.9500843,4
2020-04-15 11:19:00,2.754334,320.9308,122.6289,9.056987,13.33636,17.27852,1.349066,263.3836,355.2503,15.8155,19.90863,19.5633,20.31543,390.2695,0.9520698,4
2020-04-15 11:20:00,2.476756,290.359,122.5196,8.6517,13.33681,17.2356,1.197903,269.2716,322.5699,15.76056,20.08221,19.61285,20.34341,356.5913,0.9495094,4
2020-04-15 11:21:00,2.6091,306.7024,122.6645,8.501711999999998,13.33678,17.20868,1.269722,268.0348,340.3156,15.79221,20.21776,19.54111,20.4041,375.8605,0.9510204,4
2020-04-15 11:22:00,2.554789,298.8593,122.6502,8.562291,13.33633,17.1714,1.228455,268.012,329.1936,15.8436,20.08782,19.53105,20.45778,367.6361,0.9502905,4
2020-04-15 11:23:00,2.618445,308.0452,122.7346,8.482319999999998,13.33676,17.13619,1.28819,265.1164,341.4688,15.73282,19.91761,19.3079,20.23089,377.6608,0.951155,4
2020-04-15 11:24:00,2.621982,306.9553,122.7653,8.464963,13.33676,17.11134,1.318058,257.9402,339.9831,15.82747,20.29065,19.66197,20.3807,379.6418,0.9513226,4
2020-04-15 11:25:00,2.569273,301.2005,122.7568,8.425687,13.33675,17.07199,1.290242,258.151,333.0685,15.92162,20.06977,19.57614,20.30877,371.7173,0.9506774,4
2020-04-15 11:26:00,2.667052,314.5059,122.7864,8.644488,13.33674,17.04507,1.316234,264.1246,347.6206,15.98757,20.22384,19.70471,20.45033,382.7638,0.952302,4
2020-04-15 11:27:00,3.182426,379.4285,122.9397,8.729053999999998,13.33581,17.01194,1.59234,261.3715,416.3269,16.07313,20.46596,19.92488,20.68747,454.6263,0.9573864,4
2020-04-15 11:28:00,2.769509,326.3609,122.9309,8.563499999999998,13.33627,16.9916,1.347698,265.3102,357.5872,16.12401,20.40489,19.80898,20.70743,404.7389,0.9528967,4
2020-04-15 11:29:00,2.475157,287.4719,122.7427,8.718904,13.33626,16.96204,1.200867,264.4666,317.5782,16.12234,19.82674,19.29122,20.28687,354.6708,0.9484887,4
2020-04-15 11:30:00,2.374316,276.6783,122.6793,8.906159,13.3358,16.93097,1.168491,264.421,308.9731,15.97172,19.24299,18.78741,19.87012,341.1647,0.947602,4
2020-04-15 11:31:00,2.389397,279.6925,122.6063,8.802021,13.3358,16.91027,1.175331,263.1955,309.3146,15.74614,18.88706,18.4228,19.498,343.8687,0.9478517,4
2020-04-15 11:32:00,2.475872,290.6799,122.5787,8.756939,13.33579,16.87713,1.251026,257.6665,322.3311,15.63393,19.15201,18.50518,19.61906,358.0957,0.94853,4
2020-04-15 11:33:00,2.612274,308.1404,122.6959,8.940801,13.33625,16.84607,1.291154,264.4438,341.437,15.63146,19.20856,18.58197,19.71648,376.4042,0.9514125,4
2020-04-15 11:34:00,2.601598,302.6891,122.7497,9.124914,13.33579,16.815,1.270178,262.9447,334.0143,15.69128,19.4149,18.92615,20.04526,373.1015,0.9505482,4
2020-04-15 11:35:00,2.39282,277.558,122.6163,9.24538,13.33487,16.79844,1.181031,261.856,309.2769,15.77819,19.43503,19.05469,20.07091,343.8044,0.9474743,4
2020-04-15 11:36:00,2.329846,270.6559,122.4627,9.110443,13.3344,16.76737,1.191291,251.4593,299.5256,15.79599,19.36321,18.87446,19.91669,339.9013,0.9452207,4
2020-04-15 11:37:00,2.376829,278.2965,122.6167,9.087266,13.33349,16.74459,1.207023,255.4265,308.2861,15.69556,19.16773,18.78716,19.83306,346.1436,0.9459267,4
2020-04-15 11:38:00,2.491459,292.9438,122.6495,9.02008,13.33257,16.71352,1.243958,261.8788,325.7138,15.60989,19.14863,18.76387,19.76335,359.1698,0.9485856,4
2020-04-15 11:39:00,2.656421,312.357,122.7105,8.969037999999998,13.33211,16.69696,1.358186,253.9958,344.8655,15.61917,19.30013,18.88771,19.83701,384.7427,0.9515593,4
2020-04-15 11:40:00,2.653562,309.6052,122.7265,9.122472,13.3321,16.67003,1.379617,246.7682,340.4795,15.61312,19.39768,19.05408,20.05301,393.03,0.9501716,4
2020-04-15 11:41:00,2.526275,295.7846,122.6359,9.342326000000002,13.33256,16.64311,1.318286,248.2388,327.242,15.70079,19.65332,19.22453,20.19403,373.341,0.9494919,4
2020-04-15 11:42:00,2.651769,313.0783,122.5923,9.214474,13.3321,16.62033,1.360238,254.1553,345.743,15.68217,19.60984,19.2185,20.20672,387.0327,0.9517974,4
2020-04-15 11:43:00,3.046512,359.261,122.8089,9.032845,13.33118,16.61205,1.499317,261.6907,392.3826,15.71512,19.94832,19.49895,20.54267,432.6602,0.9548221,4
2020-04-15 11:44:00,2.765641,323.967,122.7434,8.995254,13.33073,16.58512,1.354766,263.2069,356.5842,15.6945,20.09876,19.58507,20.54341,396.3392,0.9529273,4
2020-04-15 11:45:00,2.727637,320.3742,122.7201,9.025759,13.33118,16.56234,1.335842,263.6059,352.1288,15.63324,19.99849,19.4167,20.45915,390.6358,0.9523656,4
2020-04-15 11:46:00,2.708915,317.002,122.6193,8.915594999999998,13.33156,16.54577,1.342454,260.3113,349.4427,15.61175,20.26814,19.50913,20.54375,387.88,0.9520772,4
2020-04-15 11:47:00,2.669694,313.167,122.5475,8.924684,13.33163,16.51678,1.339262,259.7071,347.8192,15.64633,19.87554,19.35885,20.32315,382.7182,0.951546,4
2020-04-15 11:48:00,3.400964,406.9713,122.8131,8.947483,13.33155,16.51057,1.710215,260.1403,443.6795,15.70721,20.06904,19.39091,20.42786,452.7779,0.9582933,4
2020-04-15 11:49:00,5.013331,612.8862,124.013,9.039878000000002,13.33108,16.48779,2.535113,258.7381,656.85,15.78715,21.44328,20.77327,22.00683,775.6417,0.9597423,4
2020-04-15 11:50:00,2.861382,334.7423,122.7871,8.981935,13.33147,16.46293,1.406977,261.2461,367.519,15.95231,21.32054,20.75271,21.95397,410.6987,0.9535711,4
2020-04-15 11:51:00,2.738195,321.247,122.6551,9.110549,13.33055,16.44844,1.357046,261.6052,355.0088,16.051,21.22249,20.64906,22.04041,390.647,0.9526072,4
2020-04-15 11:52:00,3.042425,359.2342,122.7517,9.393806,13.33095,16.43808,1.549704,254.9705,395.0031,16.08745,21.07667,20.41235,21.84025,435.0756,0.9553626,4
2020-04-15 11:53:00,3.448917,407.2851,122.8861,9.405459,13.33003,16.42773,1.747607,254.8508,445.9135,16.05055,21.08843,20.45875,21.92931,487.3066,0.9525599,4
2020-04-15 11:54:00,2.968143,349.7089,122.9868,9.293097,13.32953,16.41323,1.486549,257.2162,382.2741,16.03118,21.44489,20.80813,22.18781,451.1071,0.9532771,4
2020-04-15 11:55:00,2.563561,297.7545,122.5854,9.042146,13.32776,16.41323,1.282034,257.8831,330.5954,16.08148,21.31296,20.59503,21.91942,367.4177,0.9490839,4
2020-04-15 11:56:00,2.42471,280.9021,122.4888,9.299987,13.32719,16.41323,1.199727,259.3822,311.1913,16.15132,21.11605,20.35973,21.83395,346.2856,0.9464164,4
2020-04-15 11:57:00,2.336588,271.2418,122.3896,9.527255,13.3267,16.41323,1.153215,261.7249,301.8119,16.13106,20.61519,19.98425,21.4057,333.5576,0.9455684,4
2020-04-15 11:58:00,2.301762,266.7414,122.4356,9.2949,13.32615,16.41323,1.131783,261.2917,295.7299,16.03605,20.40065,19.69244,21.00136,327.4327,0.9450727,4
2020-04-15 11:59:00,2.205538,254.6401,122.3969,9.072017,13.32627,16.39252,1.10602,256.5379,283.7396,15.99296,20.32823,19.54499,20.87232,314.5266,0.9430788,4
2020-04-15 12:00:00,2.137712,247.1619,122.4172,9.198009,13.32651,16.38838,1.06612,257.7805,274.8178,16.05238,20.32082,19.53197,20.87807,304.2035,0.9427,4
2020-04-15 12:01:00,2.097796,242.624,122.3854,9.400455,13.32645,16.38838,1.039216,260.9554,271.1848,16.05308,19.89603,19.28909,20.39418,296.82,0.9420838,4
2020-04-15 12:02:00,2.048958,236.2648,122.2065,9.564001,13.32634,16.37181,1.020976,258.7951,264.2226,16.07074,19.82271,19.30591,19.95923,289.2572,0.9410982,4
2020-04-15 12:03:00,2.000984,229.3021,122.2238,9.450418,13.32629,16.36353,0.9870045,259.4962,256.0601,15.97793,19.54456,19.10041,19.2552,281.2728,0.9387546,4
2020-04-15 12:04:00,1.886039,215.5459,122.2498,9.474276,13.32621,16.36353,0.9231649,262.8022,242.598,16.08693,19.32241,18.96906,19.0753,263.5625,0.9348711,4
2020-04-15 12:05:00,1.858569,213.2962,122.0993,9.312476,13.32615,16.3368,0.914273,262.6711,240.1441,16.07624,18.83202,18.33439,18.73616,259.359,0.9343818,4
2020-04-15 12:06:00,1.896489,218.4322,122.2274,9.286460000000002,13.3261,16.31608,0.9546287,257.6039,245.884,16.04155,18.54182,17.93394,18.55711,265.782,0.9354901,4
2020-04-15 12:07:00,1.984492,230.4986,122.261,9.376311,13.32605,16.3078,0.9867764,261.7135,258.2831,15.99692,18.31598,17.70503,18.44324,278.93,0.9392183,4
2020-04-15 12:08:00,1.948928,222.6431,122.3132,9.145072,13.32601,16.28295,0.9329689,267.8466,249.8559,15.79175,17.87103,17.38356,18.12433,272.8062,0.9375539,4
2020-04-15 12:09:00,1.725738,195.4217,122.1741,9.009885,13.32643,16.25603,0.8269497,267.898,221.5261,15.71376,17.92569,17.47657,18.08574,241.0484,0.9327617,4
2020-04-15 12:10:00,1.591344,180.0478,122.1578,9.177775,13.32641,16.23117,0.7612862,269.0152,204.8005,15.80351,17.95663,17.54166,17.89956,222.1376,0.9268436,4
2020-04-15 12:11:00,1.556063,176.4265,122.1623,9.471673,13.32759,16.21668,0.7615142,264.2785,201.2348,15.93158,17.87882,17.53416,17.69992,215.7752,0.9242938,4
2020-04-15 12:12:00,1.554264,176.3635,122.1021,9.396694,13.32818,16.18768,0.7551301999999999,265.39,200.3752,15.87671,17.40702,17.12058,17.59163,214.8754,0.9247672,4
2020-04-15 12:13:00,1.556612,176.4778,122.1118,9.190759000000002,13.32933,16.1649,0.7553581999999999,265.6351,200.6377,15.8099,17.36195,17.12848,17.53333,214.4568,0.9246256,4
2020-04-15 12:14:00,1.51945,171.4784,122.1447,9.30334,13.32895,16.13384,0.7393983,266.5756,197.0792,15.87178,17.448,17.1386,17.36649,208.7537,0.9222348,4
2020-04-15 12:15:00,1.483429,167.0328,122.1118,9.47255,13.32871,16.1152,0.7250343999999999,266.5813,193.2738,15.95306,17.25517,17.01819,17.22804,203.3508,0.9193096,4
2020-04-15 12:16:00,1.456533,163.4825,122.0861,9.473691,13.32967,16.09242,0.7170545,260.5735,186.8393,15.92468,17.14327,16.78136,17.13491,199.0282,0.9168274,4
2020-04-15 12:17:00,1.438153,161.454,122.046,9.305717,13.3299,16.0638,0.7106704999999999,261.0523,185.5145,15.88627,16.86161,16.46318,16.89021,196.748,0.9160036,4
2020-04-15 12:18:00,1.435659,161.2994,122.0849,9.231644,13.33033,16.04064,0.7083905,262.1353,185.6866,15.82885,16.63896,16.18099,16.60405,196.6881,0.9157557,4
2020-04-15 12:19:00,1.431056,160.7282,122.1949,9.348694,13.33151,16.02012,0.6985866,263.4064,184.0096,15.82439,16.5864,16.07875,16.56616,196.6286,0.9151651,4
2020-04-15 12:20:00,1.420493,159.2829,122.1327,9.330682,13.33151,15.9932,0.7145464999999999,257.1364,183.7357,15.82262,16.32702,15.87574,16.26837,196.6286,0.9145579,4
2020-04-15 12:21:00,1.4196,159.2039,122.0825,9.334081,13.33079,15.97042,0.6944826,264.9112,183.9621,15.80682,16.26376,15.77397,16.23233,196.6895,0.9149207,4
2020-04-15 12:22:00,1.405982,157.1776,122.0613,9.408782,13.3326,15.94142,0.6951665999999999,262.8022,182.6797,15.76454,16.18798,15.7135,16.1349,195.0085,0.91275,4
2020-04-15 12:23:00,1.375138,153.0767,122.0992,9.453696,13.33234,15.92071,0.6899227,256.7146,177.103,15.72985,16.04992,15.55365,16.01988,191.3471,0.9100773,4
2020-04-15 12:24:00,1.357727,151.3528,122.0958,9.325084,13.33191,15.90207,0.6755588,258.0484,174.3276,15.69163,15.80138,15.31185,15.89224,189.1258,0.9091439,4
2020-04-15 12:25:00,1.346021,149.7669,122.1332,9.258113,13.33255,15.87327,0.6698589,259.8724,174.0798,15.62226,15.67959,15.13325,15.77257,186.6651,0.9085219,4
2020-04-15 12:26:00,1.303378,144.2301,122.1663,9.225821,13.33214,15.84842,0.6438671,260.1859,167.5157,15.50158,15.43022,14.94104,15.56172,180.1811,0.9053722,4
2020-04-15 12:27:00,1.249654,137.4625,122.0609,9.121547,13.33273,15.82357,0.6178753,259.8154,160.5375,15.22764,14.91961,14.49582,15.12825,172.1367,0.9018077,4
2020-04-15 12:28:00,1.195137,131.1607,122.0407,9.01336,13.33293,15.807,0.5946194999999999,261.6622,155.5751,14.92824,14.5955,14.15318,14.75453,164.6921,0.8992569,4
2020-04-15 12:29:00,1.153139,126.2325,122.0246,8.899784999999998,13.33332,15.76558,0.5633837,263.5261,148.4444,14.70109,14.30861,13.80285,14.5133,158.9892,0.8965583,4
2020-04-15 12:30:00,1.130041,123.666,121.9856,8.927163999999998,13.33485,15.73207,0.5451437999999998,269.9385,147.1474,14.58693,14.23995,13.73623,14.37667,156.4678,0.8930565999999999,4
2020-04-15 12:31:00,1.138206,124.9548,121.9778,8.946984,13.33471,15.69742,0.5474238,271.3293,148.53,14.55501,14.10561,13.58069,14.28234,158.4499,0.8950171,4
2020-04-15 12:32:00,1.142829,125.0719,121.8632,9.015785,13.33743,15.65394,0.5310078999999999,274.1964,145.599,14.51357,13.92664,13.51742,14.11042,159.9514,0.8937698,4
2020-04-15 12:33:00,1.132456,123.3975,121.924,8.901047,13.33922,15.62136,0.5364799,274.7493,147.3906,14.39685,13.77893,13.32606,13.9326,158.3308,0.891201,4
2020-04-15 12:34:00,1.123701,122.7237,121.9663,9.070418,13.3385,15.58164,0.5401278999999999,269.7448,145.6741,14.36123,13.70816,13.25312,13.88642,155.5692,0.8911603,4
2020-04-15 12:35:00,1.117333,121.8115,121.8875,9.035609,13.33962,15.53815,0.5371639,267.841,143.8602,14.3015,13.66871,13.16655,13.80207,154.6089,0.8907814,4
2020-04-15 12:36:00,1.104112,119.9972,121.8974,9.000961,13.3398,15.49974,0.5326039,267.0829,142.2501,14.2714,13.5178,13.10054,13.70244,152.8081,0.8883621999999999,4
2020-04-15 12:37:00,1.07777,115.7196,121.8593,8.887712,13.34039,15.45343,0.5120841,270.0069,138.2417,14.21515,13.39896,12.95417,13.59699,148.9057,0.881221,4
2020-04-15 12:38:00,1.040896,111.1134,121.878,8.945334,13.34331,15.41841,0.4867763,271.2552,132.034,14.20312,13.35737,12.90197,13.53366,143.6225,0.8742607,4
2020-04-15 12:39:00,1.015321,107.6094,121.9068,8.884004,13.34523,15.37492,0.4833563,266.3476,128.7341,14.17703,13.28484,12.86945,13.48153,138.219,0.8674484999999998,4
2020-04-15 12:40:00,0.9746423,101.982,121.851,8.856463,13.34536,15.32728,0.4653443999999999,264.7687,123.2069,14.19871,13.32062,12.95166,13.4892,131.4945,0.858272,4
2020-04-15 12:41:00,0.935262,97.14104,121.9173,8.916335999999998,13.34589,15.28568,0.4477885999999999,267.7213,119.8782,14.2559,13.29219,12.97383,13.39897,126.0908,0.8503407,4
2020-04-15 12:42:00,0.9168682,94.6506,121.8321,8.910076999999998,13.346,15.24463,0.4297767,266.7694,114.6463,14.2562,13.18997,12.9032,13.21456,122.4885,0.8448256,4
2020-04-15 12:43:00,0.8993742,92.32827,121.8846,8.824743,13.34604,15.20039,0.4277247,266.9119,114.1589,14.21188,13.09919,12.84824,13.02047,119.7866,0.8410514,4
2020-04-15 12:44:00,0.8807175999999999,90.52573,121.8179,8.870165999999998,13.34753,15.1537,0.4108528,270.1609,110.9846,14.20086,13.05018,12.821,12.85334,118.0455,0.8402954999999999,4
2020-04-15 12:45:00,0.8838,90.74533,121.8418,8.893646,13.34847,15.10927,0.4151848,268.3141,111.388,14.22717,13.00837,12.82066,12.76651,117.325,0.8391549999999999,4
2020-04-15 12:46:00,0.8850850999999998,91.14886,121.7456,8.93933,13.34902,15.05862,0.4170088,269.4825,112.3568,14.31176,13.04325,12.83867,12.80281,117.3854,0.8405863999999998,4
2020-04-15 12:47:00,0.8755458999999999,90.19147,121.712,8.996387,13.35086,15.01495,0.4053808999999999,273.2502,110.7589,14.34724,12.96495,12.78355,12.69915,117.6857,0.8435002999999999,4
2020-04-15 12:48:00,0.8989717,92.8891,121.7408,8.929717999999998,13.35004,14.96072,0.4272687,265.0081,113.2292,14.32796,12.79855,12.66703,12.59034,117.8662,0.8430644,4
2020-04-15 12:49:00,0.8993415,92.59393,121.8017,8.749029,13.35141,14.9161,0.4174648,269.6079,112.5309,14.22508,12.65738,12.52019,12.48923,118.4667,0.842643,4
2020-04-15 12:50:00,0.884973,91.72414,121.7876,8.696547,13.35112,14.86847,0.4147289,273.501,113.4027,14.17247,12.71083,12.47162,12.56591,119.1874,0.845458,4
2020-04-15 12:51:00,0.8898394,92.53466,121.7981,8.839247999999998,13.3511,14.82404,0.4097128999999999,277.0122,113.4818,14.14131,12.70492,12.47767,12.57689,122.0696,0.8493821999999999,4
2020-04-15 12:52:00,0.958261,101.7806,121.7982,8.915513,13.35088,14.77565,0.4559965,269.2146,122.6974,14.10973,12.75281,12.46931,12.6058,128.3743,0.8600634999999999,4
2020-04-15 12:53:00,1.035605,111.6424,121.8259,8.838811,13.35093,14.73367,0.4972641999999999,268.6618,133.5936,14.05507,12.62343,12.42291,12.53268,138.5217,0.8748835999999999,4
2020-04-15 12:54:00,1.10749,121.2756,121.9465,8.771819,13.35115,14.68716,0.5280439,272.0247,143.6217,13.93694,12.51061,12.38113,12.48317,149.6299,0.8877367999999999,4
2020-04-15 12:55:00,1.183281,131.7484,121.9695,8.69678,13.3512,14.65177,0.5788876,267.9778,155.1181,13.89307,12.64391,12.48843,12.65305,160.0776,0.9029522,4
2020-04-15 12:56:00,1.256993,140.0458,121.9603,8.613555,13.35136,14.60828,0.6276791999999999,260.9269,163.7681,13.87759,12.77891,12.58899,12.78805,169.865,0.9041072,4
2020-04-15 12:57:00,1.279994,142.0966,121.9582,8.666821,13.35218,14.55952,0.6165072999999999,267.1057,164.6679,13.87506,12.94228,12.74329,12.95283,173.2876,0.9082883,4
2020-04-15 12:58:00,1.220244,134.2644,121.9141,8.749945999999998,13.35428,14.50304,0.5978113999999999,262.3519,156.8453,13.89847,13.08729,12.86233,13.11892,165.1819,0.9030077,4
2020-04-15 12:59:00,1.166761,127.9603,121.9078,8.819522,13.35436,14.4618,0.5718195999999999,266.2735,152.2539,13.94279,13.17245,12.9665,13.2378,158.277,0.8989873,4
2020-04-15 13:00:00,1.135818,124.1399,122.0024,8.848904,13.35497,14.43375,0.5380759,269.7846,145.1612,14.00452,13.2687,13.10707,13.34879,154.2544,0.8925887999999998,4
2020-04-15 13:01:00,1.13,123.4923,121.9787,8.844780999999998,13.35504,14.40193,0.5341999,271.3521,144.9483,13.98392,13.12021,12.9951,13.21719,153.4748,0.8924623,4
2020-04-15 13:02:00,1.137427,124.8192,122.0345,8.949973,13.3556,14.3688,0.5483358,267.8239,146.8572,13.97744,13.2016,13.01466,13.26905,154.0165,0.8949764,4
2020-04-15 13:03:00,1.119899,122.084,121.9769,8.8915,13.35659,14.34414,0.5355678999999999,269.0379,144.086,13.88751,13.07287,12.91189,13.17477,151.4354,0.8912550999999999,4
2020-04-15 13:04:00,1.110596,121.4564,122.0787,8.942797,13.35712,14.31024,0.5421799,263.6686,142.92,13.8599,12.97913,12.86805,13.02974,150.1752,0.8913474999999998,4
2020-04-15 13:05:00,1.129949,123.2878,122.0363,8.954397999999998,13.35719,14.28012,0.5731876,252.4568,144.6606,13.82904,12.97423,12.80338,13.13449,154.0779,0.8874830999999999,4
2020-04-15 13:06:00,1.178111,129.1935,122.057,8.78186,13.35724,14.25339,0.6101233,250.0457,152.5241,13.76439,12.88063,12.76461,13.01913,161.5834,0.8913531,4
2020-04-15 13:07:00,1.197428,130.7658,121.9955,8.812043,13.357,14.22703,0.6226633,244.1234,152.0078,13.73447,12.90617,12.79788,13.10512,166.1481,0.8906089999999999,4
2020-04-15 13:08:00,1.199142,130.4399,121.9401,8.874974,13.35734,14.19766,0.6160512999999999,250.1768,154.1299,13.70225,12.95615,12.84716,13.14102,164.2273,0.8906034999999999,4
2020-04-15 13:09:00,1.124239,120.8911,122.0021,8.870876,13.35791,14.16603,0.5620157,252.7418,142.0107,13.672,12.84429,12.78873,13.08473,153.42,0.8842946,4
2020-04-15 13:10:00,1.062832,114.3132,122.0225,8.875747,13.3575,14.144,0.526448,256.9483,135.2737,13.60782,12.76032,12.70968,12.96002,144.4135,0.8811478,4
2020-04-15 13:11:00,1.049836,112.8173,121.9892,8.827968,13.35852,14.1071,0.5013682,264.193,132.4438,13.54844,12.58621,12.56721,12.80777,141.6506,0.876425,4
2020-04-15 13:12:00,1.061824,114.4507,121.9721,8.797164999999998,13.35947,14.07585,0.5111721,266.8777,136.4159,13.46588,12.47465,12.44298,12.7033,143.0314,0.877812,4
2020-04-15 13:13:00,1.080056,117.1825,121.9413,8.668983,13.36047,14.0557,0.5287279,263.2639,139.1943,13.36633,12.36151,12.33406,12.63384,145.7344,0.8853912,4
2020-04-15 13:14:00,1.066498,114.8026,122.0264,8.633048,13.36187,14.01805,0.51938,263.1784,136.6972,13.27874,12.33358,12.27656,12.57918,143.3927,0.8808120999999999,4
2020-04-15 13:15:00,1.023934,108.6728,122.0099,8.685451999999998,13.36148,13.98303,0.4940722,261.8332,129.3444,13.23384,12.26537,12.20623,12.45822,136.9085,0.8692910999999999,4
2020-04-15 13:16:00,0.9949687,104.9297,122.036,8.711052,13.36149,13.95893,0.4717283999999999,263.9194,124.4893,13.22306,12.26864,12.16515,12.38479,132.345,0.8623568999999999,4
2020-04-15 13:17:00,0.9937617,105.2461,121.9802,8.649361,13.36247,13.9194,0.4778842999999999,264.2785,126.292,13.16585,12.17887,12.0993,12.31757,132.1057,0.863507,4
2020-04-15 13:18:00,1.012618,108.0659,121.9902,8.631443,13.36201,13.884,0.4906521999999999,264.8371,129.9415,13.06011,11.98981,11.94121,12.10814,135.048,0.8692541,4
2020-04-15 13:19:00,1.037565,111.3359,122.0975,8.63133,13.36299,13.8584,0.5066121,263.3494,133.3944,12.9712,11.97259,11.86621,12.04725,138.4116,0.8733710999999998,4
2020-04-15 13:20:00,1.050443,113.1865,122.0034,8.621722,13.36299,13.81848,0.5145921,259.4335,133.492,12.96709,12.11709,11.95227,12.10089,140.6935,0.8778333999999999,4
2020-04-15 13:21:00,1.072712,116.5756,121.9833,8.633901,13.36303,13.7829,0.527588,262.3177,138.3839,13.0032,12.27863,12.11739,12.17865,143.7568,0.8835224999999999,4
2020-04-15 13:22:00,1.088881,118.3555,122.0206,8.75854,13.36303,13.75372,0.5462837999999999,257.4442,140.6337,13.05692,12.31905,12.21275,12.23598,146.4591,0.8863729,4
2020-04-15 13:23:00,1.097781,119.6666,122.1161,8.619185,13.36352,13.72171,0.5481078,257.41,141.0761,13.01713,12.25949,12.16304,12.20599,148.2009,0.8875926,4
2020-04-15 13:24:00,1.116884,122.2921,122.0981,8.520118,13.36353,13.69008,0.5579117,257.0965,143.4406,12.99178,12.29042,12.17144,12.24184,151.6838,0.8907139,4
2020-04-15 13:25:00,1.153507,127.7162,122.1689,8.568035,13.36401,13.6705,0.5649796999999999,266.5471,150.5766,13.04597,12.38902,12.30877,12.40098,157.509,0.8987146,4
2020-04-15 13:26:00,1.218754,136.873,122.22,8.702304,13.36539,13.64038,0.5982674,267.4021,159.8573,13.06008,12.46787,12.40453,12.50517,167.1771,0.9063681,4
2020-04-15 13:27:00,1.373472,156.5944,122.3011,8.666717999999998,13.36541,13.61816,0.6755588,269.4997,182.0572,13.00335,12.46735,12.42089,12.54054,188.0145,0.9162272,4
2020-04-15 13:28:00,1.788215,203.9569,122.4462,8.700245,13.36587,13.58917,0.8796173,264.934,233.0039,12.95956,12.70003,12.67963,12.91594,240.1376,0.9318676,4
2020-04-15 13:29:00,1.717223,197.7796,122.5471,8.801875,13.36634,13.57674,0.8417695,265.2589,223.2786,13.02587,13.19876,13.11232,13.37373,234.9739,0.9330018,4
2020-04-15 13:30:00,1.708919,195.5791,122.4909,8.886976,13.36497,13.54925,0.8374376,263.1613,220.3659,13.14738,13.61313,13.54009,13.77741,233.8934,0.9325529,4
2020-04-15 13:31:00,1.702598,195.6833,122.499,9.038701,13.36681,13.53758,0.8353856,264.8314,221.2196,13.27345,13.80715,13.80435,14.00575,234.6144,0.9327468,4
2020-04-15 13:32:00,1.717423,197.4268,122.4238,8.932246,13.36682,13.51687,0.8251256999999999,270.2976,223.0236,13.22041,13.62429,13.68117,13.84332,236.9568,0.934771,4
2020-04-15 13:33:00,1.69535,193.8927,122.3878,8.974332,13.36453,13.51687,0.8194257999999999,267.6301,219.2684,13.18457,13.68537,13.70363,13.86015,233.8345,0.9329621,4
2020-04-15 13:34:00,1.628537,185.4572,122.476,8.94559,13.365,13.50181,0.779526,271.2951,211.4809,13.13858,13.60011,13.5629,13.76369,225.1277,0.9296014,4
2020-04-15 13:35:00,1.555587,176.3074,122.4472,9.031413,13.365,13.49428,0.7558143,266.0398,201.0814,13.18656,13.80108,13.67824,13.86986,214.379,0.925479,4
2020-04-15 13:36:00,1.517427,172.1608,122.3638,8.880012,13.36363,13.49428,0.7496583,262.8535,197.0499,13.20482,13.93234,13.74284,13.84742,209.5153,0.9231809,4
2020-04-15 13:37:00,1.561956,179.1651,122.3756,8.899222,13.36409,13.49221,0.782718,262.6825,205.5247,13.30323,14.31609,14.14076,14.09446,216.9016,0.9268992,4
2020-04-15 13:38:00,2.881163,341.5792,122.7628,8.957026,13.36364,13.49221,1.435021,262.7908,377.4305,13.43952,14.75745,14.61666,14.48135,350.5741,0.9495839,4
2020-04-15 13:39:00,6.516029,788.4937,124.6908,9.23521,13.36318,13.48807,3.246467,264.7972,862.1194,13.82365,17.99092,17.84528,17.70047,957.564,0.9681745,4
2020-04-15 13:40:00,2.293371,267.6685,122.9346,9.419853,13.36318,13.49428,1.105108,267.2539,295.3154,14.25991,18.71319,18.7104,18.58112,341.5672,0.9450933,4
2020-04-15 13:41:00,2.386784,279.588,122.6784,9.394981,13.36318,13.49428,1.195395,262.3633,313.5598,14.35667,18.49138,18.4156,18.5046,327.5757,0.9477419,4
2020-04-15 13:42:00,6.419126,803.4516,124.3313,9.439163,13.36227,13.5212,3.229139,266.0341,860.8085,14.51602,19.99543,19.81026,19.89692,888.5694999999998,0.9675226,4
2020-04-15 13:43:00,2.49228,277.4153,122.9159,9.418029,13.35952,13.55114,1.170771,265.0936,309.6893,14.81847,20.92234,20.90295,21.07597,430.3831,0.9422324,4
2020-04-15 13:44:00,2.158939,248.706,122.6374,9.505473,13.35769,13.59482,1.029412,267.9037,275.7718,14.89847,20.52324,20.2725,20.71154,306.9795,0.9440699,4
2020-04-15 13:45:00,2.071508,240.3449,122.5555,9.549118,13.35631,13.63812,1.019836,264.5065,269.6227,14.79248,19.40474,19.41173,19.72184,295.0294,0.941807,4
2020-04-15 13:46:00,4.745892,583.7001,123.6945,9.392388,13.35264,13.6801,2.356818,267.442,632.9548,14.70413,19.29544,19.27201,19.87953,641.3427,0.9589992,4
2020-04-15 13:47:00,7.933383,973.8499,125.27,9.418568,13.35264,13.72585,4.048109,260.7103,1055.515,15.00684,22.47662,22.51441,23.14305,1224.736,0.9693858,4
2020-04-15 13:48:00,4.489343,538.3231,123.959,9.401912,13.35219,13.78497,2.242819,260.9155,585.2154,15.3647,23.6932,23.74137,24.44187,699.5327,0.9650115,4
2020-04-15 13:49:00,3.587367,428.0161,123.5762,9.737278000000002,13.35219,13.85614,1.759235,265.9087,468.5107,15.53288,23.24512,23.46551,24.14498,522.2025,0.9580834,4
2020-04-15 13:50:00,2.391161,279.0739,122.7532,9.701657,13.3499,13.93145,1.177155,262.4089,308.873,15.47703,21.86293,22.10458,22.80039,346.2537,0.9477368,4
2020-04-15 13:51:00,2.349867,273.1982,122.7799,9.731842,13.34714,14.00656,1.147515,263.623,302.5534,15.35393,21.01348,21.10351,21.83527,340.1284,0.9468443,4
2020-04-15 13:52:00,2.28048,265.6747,122.6866,9.503638,13.34668,14.07754,1.099636,268.9411,295.7502,15.19937,20.17949,19.97017,20.75842,331.1804,0.9474701,4
2020-04-15 13:53:00,3.179134,377.099,122.9942,9.48739,13.34623,14.14193,1.528728,270.6454,413.8604,15.14183,19.74606,19.57961,20.11278,446.4779,0.958506,4
2020-04-15 13:54:00,2.655883,313.9981,122.997,9.289714,13.34485,14.19954,1.278158,268.3141,343.617,15.04322,19.27087,19.22989,19.76559,386.1866,0.9554954,4
2020-04-15 13:55:00,2.097046,241.7492,122.7047,9.261008,13.34256,14.27429,1.012768,265.8574,269.2664,14.98132,18.5037,18.30755,19.02556,303.1964,0.9425198,4
2020-04-15 13:56:00,1.945999,223.1971,122.5697,9.150107,13.34118,14.32211,0.9404928,265.8061,249.97,14.92056,18.12418,17.81375,18.57006,281.1576,0.9379296,4
2020-04-15 13:57:00,1.870384,215.7074,122.4914,9.305518,13.34118,14.37294,0.8985412,269.4084,242.0307,14.84806,17.42739,17.18631,17.88782,272.0899,0.9382781,4
2020-04-15 13:58:00,1.897009,219.4452,122.4531,9.205534,13.34118,14.41229,0.912905,269.739,246.2402,14.68561,16.7763,16.44895,17.02464,274.9724,0.9382131,4
2020-04-15 13:59:00,2.240635,261.416,122.5892,9.042199,13.34118,14.45371,1.063156,273.4212,291.2931,14.54971,16.48248,16.08996,16.62697,305.178,0.9436936,4
2020-04-15 14:00:00,2.207526,256.7414,122.8287,9.070424,13.34118,14.47366,1.031008,276.3054,285.0296,14.47784,16.61112,16.19709,16.77795,343.3103,0.9403558,4
2020-04-15 14:01:00,1.822617,209.2045,122.5336,8.996784,13.34118,14.49682,0.8727772999999999,270.195,235.8248,14.41548,16.15664,15.84286,16.48697,265.1843,0.9364614,4
2020-04-15 14:02:00,1.839005,213.05,122.5163,8.976285,13.34118,14.51753,0.919745,261.7933,240.6582,14.43128,16.20874,15.75798,16.58511,267.2262,0.9353403,4
2020-04-15 14:03:00,3.107005,374.0259,122.9993,8.983598,13.34118,14.54031,1.522572,265.2817,404.9155,14.46528,16.45832,15.85263,16.90775,396.9362,0.9531853,4
2020-04-15 14:04:00,4.162729,488.5592,123.8289,9.202726,13.34118,14.56102,2.131556,257.3246,547.727,14.67171,18.62525,18.04032,19.0776,652.3928,0.9467041,4
2020-04-15 14:05:00,1.809682,206.5074,122.6389,9.484216,13.34118,14.57533,0.9040131,256.8914,232.2408,14.9081,18.15641,17.71298,18.53405,263.3231,0.9311029,4
2020-04-15 14:06:00,1.752823,200.1839,122.7396,9.532539000000002,13.34072,14.60846,0.8841772,256.7431,227.005,14.92581,17.60181,17.28823,17.79753,255.8168,0.9299534,4
2020-04-15 14:07:00,1.741753,199.5305,122.6931,9.43045,13.34118,14.64142,0.8935250999999999,253.745,226.6925,14.93633,17.42268,17.12788,17.65821,255.3942,0.9288915,4
2020-04-15 14:08:00,1.814002,209.5419,122.7647,9.293208000000002,13.34026,14.66005,0.9192889,258.2251,237.3929,14.88211,16.86044,16.70555,17.2029,263.8001,0.9320526,4
2020-04-15 14:09:00,1.853442,213.7614,122.7772,9.443788,13.34026,14.68679,0.919517,261.9016,240.8081,14.78344,16.45983,16.30969,16.93927,266.4998,0.9343417,4
2020-04-15 14:10:00,1.882271,217.5464,122.8642,9.344342,13.33843,14.70957,0.9548567,256.3327,244.7454,14.589,15.76004,15.7195,16.32185,271.8434,0.9340973,4
2020-04-15 14:11:00,1.951634,226.9436,122.8826,9.368158,13.33935,14.73028,0.9794805,259.6159,254.2128,14.32092,15.2862,15.23652,15.93663,280.4876,0.9378716,4
2020-04-15 14:12:00,2.028916,236.1972,122.9216,9.415166,13.33751,14.74929,1.042864,253.118,263.9358,14.13937,15.02168,14.95447,15.6018,294.5985,0.9401572,4
2020-04-15 14:13:00,2.055226,238.7263,122.9109,9.249726,13.34072,14.75494,1.049248,254.7026,267.2533,13.97244,14.73879,14.68554,15.21637,297.8386,0.9408584,4
2020-04-15 14:14:00,2.035446,236.1178,122.9524,9.356625,13.34118,14.75494,1.00798,261.0181,263.0543,13.93875,14.80672,14.72337,15.24296,292.6742,0.9401929,4
2020-04-15 14:15:00,2.082638,242.0346,122.9987,9.270005,13.34118,14.75494,1.02622,263.9878,270.9486,13.9015,14.80254,14.71216,15.1352,295.5584,0.9413037,4
2020-04-15 14:16:00,2.245932,261.4618,123.0886,9.294705,13.34118,14.74553,1.095988,264.5806,289.9798,13.8289,14.76226,14.78822,15.29658,320.3584,0.945066,4
2020-04-15 14:17:00,2.188385,256.2398,123.0245,9.293633,13.34118,14.73235,1.06156,268.8214,285.2975,13.63669,14.57744,14.6251,15.15603,312.9743,0.9445851,4
2020-04-15 14:18:00,2.878774,342.8449,123.2628,9.377495,13.34256,14.71164,1.416553,264.3469,374.4425,13.4783,14.7074,14.71091,15.24944,404.5485,0.9564595,4
2020-04-15 14:19:00,2.317203,270.0988,123.1845,9.34232,13.34623,14.70129,1.129959,264.9511,299.3858,13.35417,14.71736,14.68514,15.28596,331.9471,0.9457224,4
2020-04-15 14:20:00,2.228228,258.8906,123.0214,9.418484,13.34577,14.68076,1.09918,261.7306,287.6968,13.35255,14.75849,14.7571,15.42781,320.7784,0.9449777,4
2020-04-15 14:21:00,2.085481,241.3313,122.9964,9.388251,13.34668,14.66005,1.032604,260.9212,269.4014,13.31703,14.70556,14.71327,15.44422,301.2639,0.9420148,4
2020-04-15 14:22:00,2.342467,277.4449,123.0733,9.351192,13.34714,14.66005,1.130415,267.7155,303.0109,13.35918,15.06484,14.94442,15.70297,318.7374,0.953316,4
2020-04-15 14:23:00,2.061321,240.6136,123.0381,9.506368,13.34852,14.6352,0.9990883,267.328,266.9695,13.42278,15.35153,15.18287,16.02076,310.9292,0.9442067,4
2020-04-15 14:24:00,1.919961,221.2725,122.8178,9.713759,13.35066,14.62202,0.9477887,262.9447,249.0664,13.48119,15.04506,15.07869,15.83288,271.3569,0.9378082,4
2020-04-15 14:25:00,2.015438,233.7387,122.9018,9.572956,13.34945,14.61261,1.020064,254.3891,259.5196,13.42113,14.85289,14.92155,15.62217,290.2708,0.9390628,4
2020-04-15 14:26:00,1.971778,228.595,122.8943,9.52448,13.35177,14.61261,1.004332,256.5721,257.6988,13.38388,14.94535,14.87042,15.62497,281.9248,0.9383172,4
2020-04-15 14:27:00,2.05752,239.7644,122.8307,9.367303,13.35137,14.59604,1.038988,258.1339,268.1158,13.38483,15.05414,14.9085,15.8231,293.4552,0.9410315,4
2020-04-15 14:28:00,2.171707,252.3879,122.8283,9.286443,13.35003,14.58776,1.081396,259.4563,280.5497,13.4967,15.45112,15.21388,16.18312,308.4663,0.9435191,4
2020-04-15 14:29:00,2.093867,242.5012,122.7947,9.387227,13.35099,14.58776,1.008208,267.3793,269.5261,13.62387,15.53714,15.4476,16.29062,296.5755,0.9422606,4
2020-04-15 14:30:00,1.971997,226.814,122.803,9.52332,13.35193,14.58776,0.9407208,270.2463,254.2161,13.67512,15.32094,15.32514,16.10131,279.8212,0.9387023,4
2020-04-15 14:31:00,1.879759,217.1021,122.7835,9.492349,13.35104,14.57119,0.906977,269.95,244.8361,13.60938,15.00547,14.99988,15.77515,268.1109,0.9382762,4
2020-04-15 14:32:00,1.880767,217.5083,122.6494,9.32009,13.35107,14.56291,0.914957,267.4362,244.6641,13.49925,14.77729,14.64137,15.45497,267.0893,0.93738,4
2020-04-15 14:33:00,1.914291,221.2567,122.7154,9.290157,13.35109,14.56291,0.9407208,265.6351,249.8693,13.3721,14.4458,14.39252,15.11412,270.8116,0.9367895,4
2020-04-15 14:34:00,1.887691,216.9643,122.7183,9.219342,13.35066,14.56291,0.911993,266.0854,242.6493,13.27298,14.26491,14.23405,14.98603,266.2497,0.9362485,4
2020-04-15 14:35:00,2.233928,260.4437,122.8633,9.521618,13.35113,14.54973,1.070452,273.1818,292.6276,13.29698,14.68982,14.47046,15.35578,320.2933,0.940517,4
2020-04-15 14:36:00,1.790774,205.7761,122.7016,9.658988,13.35207,14.53617,0.8488373999999999,273.102,231.8078,13.35788,14.62933,14.53333,15.35624,252.921,0.9362952,4
2020-04-15 14:37:00,1.733195,198.7095,122.6431,9.378758,13.35208,14.51546,0.8246697,272.1045,224.388,13.2507,14.34576,14.23076,15.05347,243.6141,0.9344717,4
2020-04-15 14:38:00,1.71911,198.1261,122.5872,9.389405,13.35209,14.49889,0.8319655999999999,268.2799,223.1793,13.23909,14.34814,14.13564,15.01449,240.1296,0.9341335,4
2020-04-15 14:39:00,1.789334,207.1941,122.6506,9.414853,13.3521,14.47743,0.912221,258.7609,235.9052,13.27099,14.38275,14.20395,15.01335,249.7365,0.9333365,4
2020-04-15 14:40:00,1.974849,229.6192,122.7668,9.297025,13.35211,14.46801,0.9883724,260.8756,257.9048,13.23837,14.42171,14.2338,15.04315,273.4562,0.9384654,4
2020-04-15 14:41:00,2.295166,268.7093,122.9452,9.279717,13.35212,14.44524,1.159371,258.55,299.3945,13.24926,14.6225,14.49215,15.24789,316.4505,0.9439185,4
2020-04-15 14:42:00,5.213793,633.5914,124.3691,9.485193,13.35259,14.42434,2.671684,256.3384,683.4881,13.36392,16.21396,16.13288,16.84783,710.4855,0.966088,4
2020-04-15 14:43:00,6.612113,803.6574,124.9968,9.921502,13.35213,14.42057,3.493389,249.2762,870.9272999999998,13.67476,18.9953,18.90438,19.6701,957.1021,0.9699245,4
2020-04-15 14:44:00,6.731785,815.0155999999998,125.296,10.12054,13.35214,14.42057,3.551529,250.4219,889.4333,14.14563,21.50455,21.61362,22.3924,1020.938,0.967319,4
2020-04-15 14:45:00,5.839947,708.1542,124.7921,10.12742,13.35214,14.42246,3.044917,251.9381,767.1586999999998,14.58924,23.07518,23.06356,24.19194,858.3275,0.9703548,4
2020-04-15 14:46:00,6.233078,760.135,124.9521,10.28967,13.3517,14.45352,3.284999,249.3104,819.1395999999999,14.95937,24.72292,24.62352,25.67695,910.6194,0.9671147,4
2020-04-15 14:47:00,6.739804,820.1917999999998,125.2016,10.49829,13.34803,14.49325,3.522345,251.8355,886.9343,15.27489,25.45029,25.64358,26.87451,1002.131,0.9678931,4
2020-04-15 14:48:00,5.149199,616.371,124.3769,10.60984,13.34574,14.55349,2.615596,258.8977,676.8705,15.55325,25.61371,25.6789,27.25549,767.6411,0.9613499,4
2020-04-15 14:49:00,5.790175,707.2192,124.6238,10.31487,13.34161,14.61995,2.888054,263.4349,760.8846,15.67693,25.24153,25.41357,26.9227,815.5596,0.9639359,4
2020-04-15 14:50:00,6.616375,804.0982,125.264,10.42641,13.34024,14.68547,3.323758,262.3405,871.913,15.89821,26.87321,26.7572,28.78993,982.9763,0.9676785,4
2020-04-15 14:51:00,6.542788,797.6521,125.2447,10.94527,13.33566,14.76586,3.313955,260.7958,864.2229,16.31163,28.47923,28.07989,30.29454,977.4536,0.9675727,4
2020-04-15 14:52:00,5.675066,681.4692,124.6705,10.9267,13.33474,14.85812,2.853854,261.3487,745.5526999999998,16.68422,28.727,28.3783,30.59762,853.0993999999998,0.9631502,4
2020-04-15 14:53:00,2.706662,322.3442,123.2294,10.41678,13.33016,14.95658,1.349978,260.5564,352.3106,16.80818,27.37858,27.11111,29.3583,401.901,0.9427491,4
2020-04-15 14:54:00,6.172075,747.3669999999998,124.7723,9.958724,13.33016,15.05279,3.064981,263.9536,808.9738,16.74084,27.41459,27.1101,29.25437,913.213,0.9674451,4
2020-04-15 14:55:00,5.924013,716.3917,124.7904,10.03998,13.33016,15.1537,2.967397,261.5824,776.2092,16.99976,28.66592,28.12501,30.54501,878.3827999999999,0.9668058,4
2020-04-15 14:56:00,5.770142,696.9604,124.7423,10.66609,13.32695,15.24689,2.881214,262.1752,755.3682,17.26623,28.83091,28.37059,30.91004,854.8397999999999,0.9664506,4
2020-04-15 14:57:00,3.128901,369.3456,123.5992,10.58808,13.32466,15.35402,1.56384,260.7559,408.9832,17.37007,27.35757,27.04501,29.69257,529.0801,0.9221575,4
2020-04-15 14:58:00,1.057107,113.9654,122.4383,10.28016,13.32191,15.45738,0.5196079999999998,258.5215,134.2741,17.13978,24.97793,24.09753,27.02569,166.0307,0.8758407,4
2020-04-15 14:59:00,1.881934,219.1188,122.7606,9.754519,13.32008,15.54643,0.9591886,254.9476,244.9905,16.52604,22.611,21.91141,24.35425,269.4309,0.9155133,4
2020-04-15 15:00:00,1.265072,139.9598,122.5386,9.677016,13.31916,15.61553,0.6491109999999999,251.9552,163.5218,16.10339,20.89526,19.97676,22.47093,190.8288,0.896641,4
2020-04-15 15:01:00,1.371087,155.2566,122.5946,9.790935,13.3189,15.67257,0.7058824999999999,255.7798,180.5522,15.73125,19.31328,18.41784,20.76332,206.6205,0.9110358,4
2020-04-15 15:02:00,1.452595,165.3071,122.6952,9.724485,13.31917,15.71814,0.7615142,250.7639,190.9349,15.38863,18.29009,17.28881,19.60998,219.41,0.9178591,4
2020-04-15 15:03:00,1.95792,234.2697,122.8455,9.750483,13.32061,15.73772,1.000228,255.9109,257.5311,15.12195,17.55716,16.59694,18.81583,255.3172,0.9323342,4
2020-04-15 15:04:00,6.069935,729.5914,124.7084,9.934565,13.32293,15.76144,3.108528,256.766,797.9959,15.03928,19.30248,18.19454,20.34672,860.4036999999998,0.9642875,4
2020-04-15 15:05:00,6.24807,758.3504,124.9559,9.974931,13.32436,15.77386,3.1596,260.2543,822.2553,15.23934,20.90547,20.2338,22.03829,910.7802,0.9668726,4
2020-04-15 15:06:00,2.006558,225.1363,123.0423,9.994983,13.32346,15.80493,0.9901964,262.6198,259.5327,15.54612,20.87815,20.26119,22.11934,352.6506,0.9280233,4
2020-04-15 15:07:00,2.721597,321.8567,123.1217,10.12662,13.32442,15.82357,1.316006,268.1374,355.2158,15.59486,20.03072,19.38913,21.25536,349.1667,0.9388728,4
2020-04-15 15:08:00,5.935737,717.0818,124.7015,10.043,13.32398,15.84842,2.887826,268.9867,776.7613,15.56378,21.29782,20.78657,22.55508,865.1400999999998,0.9664995,4
2020-04-15 15:09:00,5.86227,710.7217,124.8161,10.01617,13.32448,15.87685,2.867534,268.8271,770.8306,15.72159,22.48458,21.98567,23.90593,859.9731,0.9665167,4
2020-04-15 15:10:00,4.577236,553.5084,124.3997,10.48253,13.32311,15.91243,2.247835,266.7865,599.6743,16.02838,23.24393,22.69211,24.81621,668.7274,0.9689233,4
2020-04-15 15:11:00,5.53146,668.1239,124.7851,10.67587,13.31902,15.94764,2.779071,262.4203,729.9169,16.14254,24.19027,23.56163,25.51351,842.0770999999999,0.9669774,4
2020-04-15 15:12:00,2.726957,322.5165,123.5542,10.73243,13.31902,15.99941,1.339718,264.0391,353.7455,16.22084,22.98679,22.75721,24.46173,415.8745,0.941246,4
2020-04-15 15:13:00,1.586209,181.2346,122.7007,10.2946,13.31905,16.06192,0.7886459999999998,263.6002,207.6125,16.06745,21.42245,20.62824,22.86774,235.0176,0.9236063,4
2020-04-15 15:14:00,1.585758,180.6606,122.7771,10.23812,13.31859,16.11934,0.792522,259.1143,205.361,15.8495,19.92924,19.19018,21.40378,236.879,0.9247898,4
2020-04-15 15:15:00,1.468928,164.8318,122.6846,9.941409,13.31907,16.15455,0.7275424,259.6159,188.8567,15.59243,18.5665,17.84925,19.97102,218.9857,0.9165263,4
2020-04-15 15:16:00,1.363763,151.1584,122.6835,9.809778,13.31904,16.18975,0.6650709999999999,260.2315,173.0616,15.31495,17.46222,16.73838,18.78924,202.9535,0.9070564,4
2020-04-15 15:17:00,1.228908,134.7364,122.5227,9.651908,13.31865,16.20425,0.5923395,263.7199,156.1739,15.02854,16.43034,15.72744,17.69882,184.2193,0.9006929,4
2020-04-15 15:18:00,1.133754,124.0517,122.431,9.581204,13.31859,16.21461,0.5526678,265.4299,146.6929,14.73285,15.51479,14.79307,16.66624,170.3485,0.8938131999999999,4
2020-04-15 15:19:00,1.133628,125.5443,122.5104,9.639978,13.3183,16.19596,0.5604196999999999,264.5521,148.2549,14.48079,14.78139,14.1007,15.93873,170.5875,0.8958194999999999,4
2020-04-15 15:20:00,1.369627,153.7643,122.5638,9.62581,13.31961,16.19182,0.6839948,262.8136,179.9774,14.33502,14.50327,13.81168,15.55636,197.3065,0.9108642,4
2020-04-15 15:21:00,2.011184,226.5899,122.9027,9.749812,13.32353,16.18768,0.9778845,270.195,263.9468,14.22919,14.61752,13.99346,15.52422,290.7921,0.9324628,4
2020-04-15 15:22:00,1.449823,162.9942,122.7649,9.901715,13.32376,16.16697,0.6915187,271.3179,187.6111,14.18381,14.6388,14.02106,15.52377,213.1556,0.9181597,4
2020-04-15 15:23:00,1.346871,150.265,122.6668,9.96064,13.32423,16.16076,0.6452351,269.5396,173.9187,14.10102,14.37033,13.8477,15.25862,198.8052,0.9119909,4
2020-04-15 15:24:00,1.260467,140.0409,122.6935,9.901325000000002,13.3265,16.13591,0.6167352999999999,267.3907,164.9146,14.0438,14.1862,13.70902,15.03,186.5564,0.9065915,4
2020-04-15 15:25:00,1.238755,138.535,122.684,9.866116000000002,13.32827,16.11727,0.6057913999999999,267.9322,162.3056,13.99352,13.9493,13.58287,14.76127,183.5545,0.9057736,4
2020-04-15 15:26:00,1.281483,144.4127,122.6631,9.733557,13.32825,16.09449,0.6340632,267.0373,169.2907,13.86826,13.63658,13.36408,14.37611,189.1383,0.9092059,4
2020-04-15 15:27:00,1.393042,158.3812,122.8283,9.702682,13.32821,16.06587,0.7077065999999999,257.1364,181.8844,13.74131,13.52294,13.28903,14.2486,204.4491,0.913748,4
2020-04-15 15:28:00,1.497362,171.173,122.845,9.663784,13.32818,16.03669,0.7934339,247.6574,196.4309,13.63754,13.47813,13.2456,14.14983,222.6421,0.920469,4
2020-04-15 15:29:00,1.552094,178.7565,122.8647,9.63779,13.32815,16.01391,0.8397176,243.0975,204.1366,13.59075,13.61743,13.3393,14.30229,234.7106,0.9320288,4
2020-04-15 15:30:00,1.608335,184.617,122.8687,9.580079,13.32878,15.9787,0.8255816999999999,253.7963,209.5443,13.55679,13.73723,13.39805,14.43875,235.0708,0.926279,4
2020-04-15 15:31:00,1.698184,196.5658,122.8901,9.614371,13.33224,15.93728,0.8552214999999999,260.9896,223.1967,13.56293,13.92656,13.63666,14.60609,244.918,0.9316933,4
2020-04-15 15:32:00,1.776916,205.1689,122.8689,9.533549,13.33274,15.90622,0.8932971,261.0922,233.2091,13.59625,14.11422,13.86302,14.69963,253.5646,0.9334944,4
2020-04-15 15:33:00,1.739395,198.8583,122.8216,9.616405,13.33321,15.86292,0.8545375,263.1157,224.8236,13.60258,14.31062,14.03777,14.92733,245.579,0.9329541,4
2020-04-15 15:34:00,1.623181,185.0983,122.7671,9.655503,13.33324,15.82978,0.7888739999999999,267.6928,211.1777,13.55594,14.17918,13.94977,14.79816,229.0671,0.9292185,4
2020-04-15 15:35:00,1.557417,176.9092,122.7369,9.51798,13.33418,15.79457,0.7567262,265.7548,201.1079,13.49669,13.97758,13.74807,14.62414,219.1599,0.9251003,4
2020-04-15 15:36:00,1.489339,168.4514,122.7139,9.273252,13.33374,15.75165,0.7323304,263.4634,192.9337,13.34555,13.6651,13.43968,14.24539,209.2517,0.9203069,4
2020-04-15 15:37:00,2.073592,240.8994,122.9271,9.251008,13.33696,15.70985,1.015732,267.4362,272.1053,13.30007,13.83584,13.52484,14.30866,265.5121,0.9297414,4
2020-04-15 15:38:00,2.803764,326.045,123.2819,9.269144,13.33873,15.65601,1.364113,266.9917,364.2979,13.29795,14.62829,14.37666,15.18856,399.828,0.9338055,4
2020-04-15 15:39:00,1.225895,133.9891,122.5827,9.341914,13.33927,15.61948,0.5848155999999999,266.7067,155.9826,13.34416,14.22435,14.02374,14.89156,170.1024,0.9020715,4
2020-04-15 15:40:00,1.100764,118.7504,122.4282,9.248288,13.33963,15.56921,0.5159599999999999,270.0526,139.3405,13.23044,13.8814,13.62238,14.5,153.1101,0.8840211,4
2020-04-15 15:41:00,1.039259,110.645,122.4103,9.277042,13.33966,15.52158,0.4870043,270.2805,131.6295,13.18048,13.60262,13.31887,14.22927,143.8634,0.8712174999999999,4
2020-04-15 15:42:00,0.9780863,102.2561,122.3598,9.10904,13.34271,15.46378,0.4637485,265.5838,123.158,13.04704,13.18339,12.88532,13.80008,133.236,0.8565641,4
2020-04-15 15:43:00,0.9182937,94.45467,122.2992,8.932105,13.34501,15.41653,0.4311446999999999,267.8239,115.477,12.88986,12.82092,12.52193,13.41346,124.83,0.8419568,4
2020-04-15 15:44:00,0.8811358999999999,89.50383999999998,122.1858,8.868913,13.34571,15.35835,0.4012768999999999,267.2197,107.2225,12.68369,12.52678,12.19945,13.11263,118.8862,0.8314044,4
2020-04-15 15:45:00,0.8230072,82.64582,122.2885,8.877043999999998,13.34618,15.29942,0.3761971,271.3293,102.0823,12.58226,12.26693,11.96833,12.78767,112.5816,0.8234352999999999,4
2020-04-15 15:46:00,0.788941,77.75344,122.2874,8.758276,13.35003,15.2324,0.3654812,265.8859,97.17734,12.44257,11.91516,11.67981,12.40174,105.3766,0.805007,4
2020-04-15 15:47:00,0.7558536999999999,71.71613,122.1772,8.620504999999998,13.35144,15.16613,0.3547653,256.0591,90.84458,12.25908,11.63281,11.38462,12.13304,98.11139,0.7783561,4
2020-04-15 15:48:00,0.7186611,66.99574,122.1308,8.644233,13.35111,15.09308,0.3290015,256.8514,84.50941,12.15037,11.43301,11.19531,11.90032,92.40734,0.7633185,4
2020-04-15 15:49:00,0.7026514999999999,64.53041,122.1209,8.714219,13.3516,15.02266,0.3235295,254.7824,82.42824,12.06828,11.29014,11.06861,11.72799,89.70542,0.7497644,4
2020-04-15 15:50:00,0.6984869999999999,64.24085,122.1475,8.732646,13.35536,14.94641,0.3230735,258.5044,83.50953,11.97046,11.1964,10.98471,11.58075,88.92503,0.7501562,4
2020-04-15 15:51:00,0.6856813,62.07388,122.1115,8.644299999999998,13.35723,14.86207,0.3119016,259.6672,80.98426999999998,11.8757,10.99562,10.81491,11.36038,86.10307,0.7407053,4
2020-04-15 15:52:00,0.6750876,60.2906,122.0513,8.588345999999998,13.36005,14.78375,0.2984496999999999,258.8464,77.25378,11.78482,10.89115,10.70898,11.24119,83.5814,0.7289913,4
2020-04-15 15:53:00,0.6640930999999999,58.49075,121.9502,8.712037999999998,13.36268,14.70354,0.2913818,256.6234,74.77482,11.76478,10.86967,10.6875,11.19855,80.99961999999998,0.7200802,4
2020-04-15 15:54:00,0.6607355,58.05022,122.0892,8.635072,13.36289,14.62598,0.2968537,256.5551,76.16088,11.70019,10.74849,10.56769,11.08592,80.51949999999998,0.7165179,4
2020-04-15 15:55:00,0.6469995,54.92249,122.1275,8.694318,13.3646,14.52921,0.2777019,256.9142,71.34599,11.66358,10.71042,10.54586,11.04222,76.85686,0.6937191,4
2020-04-15 15:56:00,0.6292077,51.66506,122.1323,8.678613999999998,13.36718,14.43375,0.267442,256.7545,68.66679,11.62195,10.6179,10.48015,10.92786,73.07415,0.6701283,4
2020-04-15 15:57:00,0.6214226,50.72833,122.1278,8.556549999999998,13.36866,14.35825,0.265162,256.6292,68.04776,11.56928,10.53827,10.39274,10.84688,71.93332,0.6650829,4
2020-04-15 15:58:00,0.6193891999999999,50.17787,122.0717,8.53002,13.37152,14.27278,0.2621979999999999,256.7831,67.32483,11.49953,10.47262,10.34897,10.75866,71.51302,0.6603565999999998,4
2020-04-15 15:59:00,0.6133349999999999,49.0558,122.0331,8.522197,13.37299,14.19164,0.2567261,256.7716,65.92281,11.44897,10.43255,10.30324,10.70732,70.07256,0.6535955,4
2020-04-15 16:00:00,0.6015732,47.27748,122.1362,8.568628999999998,13.37352,14.10767,0.2521661,256.612,64.70832,11.41038,10.41509,10.29213,10.67928,67.91136,0.6425431,4
2020-04-15 16:01:00,0.5917438,45.94654,122.132,8.64745,13.37362,14.03405,0.2389421999999999,256.5608,61.30444,11.41738,10.39309,10.28426,10.64247,66.35075,0.6336251,4
2020-04-15 16:02:00,0.5876333999999999,45.182,122.1243,8.559872,13.37366,13.95103,0.2416782,256.4753,61.98324,11.35503,10.29314,10.20479,10.53975,65.51039,0.6266456999999999,4
2020-04-15 16:03:00,0.5831267,43.60854,122.052,8.448805,13.37373,13.87007,0.2316462,256.7146,59.46687,11.29272,10.23494,10.13385,10.47168,63.76943,0.6110524,4
2020-04-15 16:04:00,0.576952,40.85275,122.0703,8.501443,13.37515,13.79288,0.2188783,256.7773,56.20335,11.30684,10.23425,10.13245,10.45686,60.70724,0.5781511999999999,4
2020-04-15 16:05:00,0.5698699,38.25269,122.0777,8.549782999999998,13.37842,13.71192,0.2033744,256.7146,52.20901,11.30531,10.18611,10.10906,10.3833,57.52515,0.5487028999999999,4
2020-04-15 16:06:00,0.564134,36.69124,122.0471,8.454466999999998,13.37936,13.63586,0.2031464,256.8116,52.1699,11.2268,10.05724,10.0134,10.26578,55.30353,0.5310555,4
2020-04-15 16:07:00,0.564853,36.48603,122.0168,8.427550999999998,13.38034,13.56112,0.2013224999999999,256.709,51.68242,11.17077,10.00251,9.952297,10.19905,54.94351,0.5261854999999999,4
2020-04-15 16:08:00,0.5676586999999998,37.84063,122.055,8.374532999999998,13.37989,13.486,0.2026903999999999,256.6862,52.0284,11.10588,9.93889,9.883018000000002,10.11284,56.745,0.5430316,4
2020-04-15 16:09:00,0.5761619,42.11387,122.0419,8.335497999999998,13.38407,13.41558,0.2234383,256.9084,57.40387,11.08099,9.908267,9.87361,10.08788,61.8494,0.5939742,4
2020-04-15 16:10:00,0.6292050999999999,54.08316,122.1524,8.297956,13.38408,13.3367,0.2820338,256.709,72.39862999999998,11.01232,9.929979,9.887544,10.10817,74.6997,0.6873913,4
2020-04-15 16:11:00,0.8909618999999999,90.77634,122.3304,8.395944999999998,13.38504,13.27212,0.4320567,256.6462,110.8299,11.01859,10.16388,10.12075,10.34059,115.8332,0.8287404,4
2020-04-15 16:12:00,0.8803821,91.22998,122.4228,8.424108,13.38504,13.20171,0.4293207,258.8635,111.2012,11.02269,10.31076,10.28956,10.48954,117.0942,0.8337575999999999,4
2020-04-15 16:13:00,1.042316,114.2828,122.3983,8.423139,13.38507,13.13713,0.5294119999999999,257.0053,136.014,11.02486,10.53269,10.51079,10.71916,143.096,0.8762435,4
2020-04-15 16:14:00,1.269485,141.1909,122.4883,8.464829,13.38691,13.08291,0.6256272,262.1239,163.9887,11.06078,10.85042,10.80735,11.00784,170.6584,0.9039527,4
2020-04-15 16:15:00,2.58707,302.8468,123.0882,8.533827999999998,13.38648,13.02436,1.31555,255.4265,335.8087,11.14255,11.72492,11.68473,11.92431,347.6236,0.949212,4
2020-04-15 16:16:00,1.884255,214.5095,123.0195,8.656377,13.38694,12.98312,0.9826725,247.9481,243.4426,11.29588,12.35562,12.32325,12.68635,277.6667,0.9306893,4
2020-04-15 16:17:00,2.04685,240.6177,122.9925,8.740204999999998,13.38558,12.94811,1.112859,239.1759,266.033,11.39263,12.67734,12.73009,13.07745,296.7628,0.943787,4
2020-04-15 16:18:00,1.88671,220.8687,122.9681,8.776339999999998,13.38559,12.92947,1.022116,241.4445,246.375,11.47477,13.26754,13.27386,13.73668,303.0681,0.9386566,4
2020-04-15 16:19:00,1.244896,139.6569,122.6377,8.71424,13.38514,12.92947,0.6614229,243.1487,160.838,11.55726,13.11646,13.01032,13.65034,185.4323,0.9219853,4
2020-04-15 16:20:00,1.174375,131.3353,122.5098,8.623532,13.38515,12.91817,0.6181033,245.6168,151.7963,11.57339,12.85417,12.8169,13.44243,174.0231,0.9093481,4
2020-04-15 16:21:00,1.197842,130.1928,122.5002,8.664016,13.38332,12.90687,0.6082992999999999,249.3218,151.6618,11.58596,12.66421,12.64733,13.27662,171.2011,0.8873988,4
2020-04-15 16:22:00,1.105708,117.9365,122.4597,8.802474999999998,13.38424,12.90122,0.5729596,243.9809,139.7912,11.62261,12.70499,12.58187,13.27027,158.2906,0.8705328,4
2020-04-15 16:23:00,1.062148,112.4653,122.4227,8.719079,13.38288,12.88428,0.5426359,243.7131,132.2558,11.62397,12.41783,12.3425,13.02067,151.4453,0.8651716999999999,4
2020-04-15 16:24:00,0.959964,103.1742,122.361,8.53617,13.38105,12.86979,0.5070681,238.9593,121.1783,11.56929,12.1696,12.01396,12.76499,140.8767,0.8770008,4
2020-04-15 16:25:00,0.8992339,95.27359,122.3639,8.410311999999998,13.38105,12.84249,0.4749204,241.4616,114.6573,11.54127,11.9479,11.76964,12.52312,129.4675,0.8672166,4
2020-04-15 16:26:00,0.8489408,85.96635,122.3604,8.405319999999998,13.38014,12.83119,0.4170088,248.2388,103.518,11.4975,11.65823,11.54756,12.22674,115.7761,0.8292089,4
2020-04-15 16:27:00,0.7653592,71.21075,122.2862,8.461444,13.38243,12.79768,0.3606931999999999,246.7226,88.99545999999998,11.44415,11.49633,11.37786,12.05375,98.30164,0.7685602,4
2020-04-15 16:28:00,0.6628962,55.11106,122.1478,8.523538,13.3829,12.76304,0.2877337999999999,245.7479,70.71876,11.42985,11.29936,11.17873,11.8408,79.32590999999998,0.6879094,4
2020-04-15 16:29:00,0.5957268,42.20582,122.0441,8.385455,13.38382,12.73799,0.2305061999999999,245.5826,56.60942,11.35748,10.93764,10.8607,11.44351,63.1725,0.5828957999999999,4
2020-04-15 16:30:00,0.5615229,33.49881,122.0553,8.370305,13.38474,12.70053,0.1894665,245.594,46.53083,11.2627,10.66058,10.58924,11.15334,51.94319,0.4893758999999999,4
2020-04-15 16:31:00,0.5489161999999999,26.94596,122.0238,8.052597999999998,13.3852,12.65911,0.1566347999999999,245.2577,38.41571,11.14774,10.15882,10.17864,10.59978,43.35605,0.4009168,4
2020-04-15 16:32:00,0.5531808,21.67989,121.9826,6.306936,13.38566,12.61939,0.133607,245.3888,32.78608,10.67652,9.104,9.159951,9.426227,36.57044,0.3215605999999999,4
2020-04-15 16:33:00,0.5331611,17.92313,121.8416,5.325992,13.38795,12.55744,0.1128591,245.6225,27.72218,10.17197,8.408538999999998,8.374499999999998,8.629097,31.70641,0.275679,4
2020-04-15 16:34:00,0.5215564999999999,16.1349,121.8608,4.886961,13.39071,12.47762,0.1076151999999999,245.6339,26.43488,9.663275,7.842173,7.720725,7.899682999999999,29.84489,0.2534816999999999,4
2020-04-15 16:35:00,0.519942,16.24164,121.9098,4.902577,13.39621,12.40645,0.1082992,245.7821,26.61998,9.428248,7.613441,7.448598999999998,7.610596,29.36451,0.2552188,4
2020-04-15 16:36:00,0.5372822,18.52232,121.838,4.760813,13.39621,12.32342,0.1201551,245.6339,29.51448,9.186091,7.262384,7.118061,7.224713,31.70651,0.2804411,4
2020-04-15 16:37:00,0.5567427999999999,23.81754,121.836,4.562743,13.40126,12.23663,0.1386228999999999,245.4515,34.02284,8.879118999999998,7.013329,6.853993,6.96354,37.29119,0.3487113,4
2020-04-15 16:38:00,0.5641671,36.29863,121.8529,4.411155,13.40585,12.144,0.2047423999999999,245.7251,50.31382,8.532740999999998,6.746128,6.637251,6.691339,52.8443,0.5192351,4
2020-04-15 16:39:00,0.6403600999999999,54.38518,121.8484,4.366625,13.40814,12.04554,0.2911538,245.594,71.50554,8.271846,6.705713,6.581874,6.642374,74.94284,0.6817341,4
2020-04-15 16:40:00,0.7051182,67.53607,122.0403,4.304418,13.41273,11.94782,0.3520292999999999,239.4894,84.29349999999998,8.037620999999998,6.539045,6.507011,6.490635,91.87714,0.7751976,4
2020-04-15 16:41:00,0.7811021,81.10857,122.0092,4.254076,13.41778,11.84785,0.4252168,235.2201,100.0607,7.809786,6.598221,6.534865,6.512796,109.8923,0.8327472,4
2020-04-15 16:42:00,0.9017585,97.2459,122.1123,4.294943,13.41869,11.74411,0.4943002,236.9472,117.0995,7.651987,6.709853,6.652206,6.632987,129.8292,0.8694038,4
2020-04-15 16:43:00,0.9710032,105.7588,122.0831,4.25372,13.4242,11.63887,0.5291839,236.115,124.9526,7.46281,6.671259,6.688341,6.705421,141.6591,0.8818274,4
2020-04-15 16:44:00,1.001691,109.5342,122.0913,4.176899,13.42649,11.53363,0.5387598999999998,240.0822,129.3338,7.304337,6.68484,6.725406,6.711172,144.842,0.8897644999999998,4
2020-04-15 16:45:00,1.001166,109.0676,122.1516,4.20343,13.43062,11.42707,0.53192,244.34,129.9557,7.172031,6.715364,6.728176,6.78581,142.8605,0.8895193999999998,4
2020-04-15 16:46:00,0.9599195,102.9998,122.2011,4.236011,13.43475,11.32144,0.4988601999999999,245.2634,122.3641,7.10683,6.756145,6.759705,6.826586,135.2951,0.8792257,4
2020-04-15 16:47:00,0.8837294,92.18866,122.2109,4.14793,13.43842,11.21752,0.4605564999999999,238.3836,109.8173,7.014143,6.622115,6.666956,6.766582,125.1466,0.857886,4
2020-04-15 16:48:00,0.8251283,85.08191999999998,122.0742,4.029091,13.44025,11.10814,0.4186048,244.2602,102.207,6.866147,6.49679,6.519573,6.642713,115.0585,0.8449261,4
2020-04-15 16:49:00,0.7778340999999999,77.73188,122.0666,4.038704,13.44178,11.0027,0.3848611,247.1387,95.10062,6.793921,6.420233,6.420946,6.588247,105.5705,0.8212253,4
2020-04-15 16:50:00,0.7464939,70.05566,121.9492,3.989639,13.44621,10.88993,0.3413133999999999,255.284,87.12598,6.717781,6.321947,6.262834,6.43375,95.48199,0.7725155,4
2020-04-15 16:51:00,0.6806838,60.43176,121.8872,4.062512,13.45061,10.78205,0.3016417,258.1453,77.85525,6.701588,6.291498,6.249479,6.379807,84.31263,0.7296719999999999,4
2020-04-15 16:52:00,0.6547703999999999,56.44931,121.8188,3.975466,13.45299,10.67474,0.2774739,258.9604,71.85538,6.643293,6.245986,6.146971,6.289435,79.44888,0.7074441999999999,4
2020-04-15 16:53:00,0.6205511,50.20145,121.8496,4.060153,13.45647,10.56554,0.2528501,259.006,65.49046,6.663642,6.241435,6.139574,6.282746,72.18291,0.6646201999999999,4
2020-04-15 16:54:00,0.5906951,44.29435,121.8042,4.106467,13.45869,10.46387,0.2332422,258.949,60.39688,6.672378,6.234524,6.13765,6.280106,65.4575,0.6143872,4
2020-04-15 16:55:00,0.792524,78.13431,121.9669,4.053231,13.46262,10.35656,0.3725491,258.7723,96.34311,6.661771,6.305807,6.200399,6.313639,107.5552,0.7818353,4
2020-04-15 16:56:00,0.6489019999999999,55.243,121.9891,4.00675,13.46472,10.24736,0.2722299,261.5767,71.20554,6.664951,6.316824,6.212128,6.322522,78.30982,0.6999429,4
2020-04-15 16:57:00,0.7620065,72.88486,122.012,3.911527,13.46497,10.14193,0.3561332999999999,258.3676,91.79305,6.626389,6.242622,6.169968,6.319541,96.26666,0.77339,4
2020-04-15 16:58:00,0.9342236,95.73104,122.1027,3.861232,13.46514,10.03462,0.4548565,250.5758,113.905,6.584538,6.351006,6.277659,6.371662,127.5555,0.8390119999999999,4
2020-04-15 16:59:00,0.8853381,89.66383999999998,122.0906,3.875912,13.46674,9.934831,0.4302327,254.2466,109.4199,6.576475,6.353619,6.342939,6.343649,117.2878,0.827639,4
2020-04-15 17:00:00,0.8749234,89.38482999999998,122.1261,3.730378,13.46961,9.838813,0.4329686999999999,246.1241,106.4919,6.526036,6.211979,6.238338,6.229789,117.9491,0.8277906,4
2020-04-15 17:01:00,0.896241,94.66461,122.2517,3.711883,13.47116,9.738652,0.4778842999999999,234.3024,111.9446,6.482907,6.249321,6.275677,6.309864,129.3017,0.8613325,4
2020-04-15 17:02:00,0.8669729,91.34464,122.3044,3.636927,13.47125,9.639622,0.4701324,230.5917,108.4109,6.408182,6.086931,6.153902,6.220868,128.522,0.8597042999999999,4
2020-04-15 17:03:00,0.8381235,86.70788,122.1598,3.557441,13.47554,9.537955,0.4409486,235.2714,103.7239,6.317448,5.97121,6.023949,6.091638,121.9179,0.8486945999999999,4
2020-04-15 17:04:00,0.7554602,74.81301,122.1649,3.528477,13.47697,9.434407,0.3860009999999999,237.141,91.52123,6.211161,5.812114,5.867715,5.960366,107.1443,0.8168315999999999,4
2020-04-15 17:05:00,0.6592898,58.89336,122.1554,3.498099,13.47895,9.327468,0.3082536,240.7719,74.22045,6.089269,5.592432,5.67943,5.750729,86.90635,0.7366046,4
2020-04-15 17:06:00,0.5922889,44.77945,121.9605,3.425287,13.48265,9.220531,0.2441860999999999,241.0113,58.85398,5.962424,5.41197,5.469036,5.495427,69.54942,0.6212486999999999,4
2020-04-15 17:07:00,0.57003,34.63787,121.9403,3.403651,13.48645,9.106439,0.1931144999999999,241.074,46.55818,5.852606,5.231391,5.212117,5.279202,56.15725,0.4984233,4
2020-04-15 17:08:00,0.5614405,26.8094,121.9051,3.44008,13.48829,9.006278,0.1543547999999999,240.9486,37.19017,5.767511,5.089811,5.014143,5.099804,45.5265,0.3897911,4
2020-04-15 17:09:00,0.5459053999999999,20.60803,121.8635,3.374771,13.4884,8.89708,0.1224351,241.0284,29.51163,5.633871,4.83955,4.841693,4.875973,37.23884,0.3098234999999999,4
2020-04-15 17:10:00,0.5395219,20.34268,121.9338,3.315828,13.4907,8.791651,0.1226638,241.0753,29.5739,5.517091,4.676165,4.68188,4.661875,37.17878,0.3075979999999999,4
2020-04-15 17:11:00,0.5405132,21.51666,121.935,3.277269,13.494,8.682076,0.1304239,240.9365,31.42505,5.401848,4.524298,4.54931,4.496428,38.92189,0.3250568999999999,4
2020-04-15 17:12:00,0.5358705999999999,19.94363,121.9207,3.292099,13.49813,8.573254999999998,0.1176563,240.9843,28.35494,5.335196,4.431101,4.44754,4.40537,37.05993,0.3038507999999999,4
2020-04-15 17:13:00,0.5246536,17.68867,121.7417,3.267242,13.49911,8.471966,0.1140132,241.1435,27.49414,5.265541,4.324198,4.334206,4.321339,34.1773,0.276585,4
2020-04-15 17:14:00,0.5120613,15.14876,121.7199,3.260992,13.5005,8.366533,0.1030686,241.151,24.85144,5.191582,4.242245,4.236525,4.220795,31.05402,0.2426117999999999,4
2020-04-15 17:15:00,0.5142757,12.39644,121.7356,3.266669,13.50467,8.261478999999998,0.0898463099999999,241.08,21.6626,5.157246,4.209983,4.193538,4.152065,27.0903,0.1968879,4
2020-04-15 17:16:00,0.5296629999999999,9.949578,121.7191,3.2483,13.50698,8.143999,0.07844574,241.4034,18.93754,5.116164,4.146658,4.129496,4.103036,23.18606,0.1538503,4
2020-04-15 17:17:00,0.5224035,8.079135,121.6967,3.265541,13.51068,8.035365,0.07229251,232.5162,16.78383,5.059705,4.076498,4.042883,4.061479,20.2431,0.1270948,4
2020-04-15 17:18:00,0.516669,5.05059,121.6805,3.266015,13.5107,7.938028,0.05861041,209.6064,12.30543,5.035295,4.009104,3.98836,4.029132,16.03847,0.08034164,4
2020-04-15 17:19:00,0.5182599,4.150897,121.5913,3.211365,13.51072,7.842575,0.0606652199999999,203.2969,12.33284,4.980602,3.934229,3.902749,3.959983,14.89749,0.06539048,4
2020-04-15 17:20:00,0.5274691,3.120816,121.5281,3.200864,13.51302,7.747122,0.05861472,194.6253,11.4006,4.916734,3.881673,3.853768,3.902422,13.45591,0.0484259299999999,4
2020-04-15 17:21:00,0.5420838,1.396541,121.6006,3.176647,13.51625,7.651669,0.04287954,180.7897,7.747413,4.909285,3.827678,3.79476,3.846998,11.4137,0.02120096,4
2020-04-15 17:22:00,0.5494291,0.2029835999999999,121.5486,3.16057,13.51626,7.556968999999999,0.04402124,171.7858,7.568424,4.865574,3.748833,3.721637,3.791056,10.45264,0.003161431,4
2020-04-15 17:23:00,0.5434392999999998,-0.007922273,121.5316,3.167312,13.51811,7.463398,0.04539129,170.2858,7.726488,4.820867,3.689739,3.670414,3.736261,10.09234,-0.0001301503,4
2020-04-15 17:24:00,0.5423371,-0.3029124999999999,121.5366,3.168026,13.52179,7.37397,0.04197104,167.4729,7.021478,4.790272,3.651917,3.618273,3.702019,9.551699,-0.004426409,4
2020-04-15 17:25:00,0.5175247,-0.9302254,121.5676,3.165757,13.5218,7.282282,0.03079464,160.5028,4.912088,4.76885,3.629727,3.585344,3.692001,8.410317,-0.01105131,4
2020-04-15 17:26:00,0.367238,1.331698,121.5612,3.206786,13.52365,7.194925,0.0203022199999999,215.1108,3.911667,4.773928,3.6391,3.597581,3.709245,7.268988,0.05554776,4
2020-04-15 17:27:00,0.4320281,1.07899,121.5507,3.272532,13.5264,7.111331,0.02281176,189.5201,4.304736,4.793525,3.64656,3.62079,3.723863,6.60822,0.0428426599999999,4
2020-04-15 17:28:00,0.4362209,0.9409526,121.5041,3.257689,13.52733,7.033011,0.02509356,205.0818,4.856186,4.806929,3.637754,3.612699,3.730808,7.389261,0.03792178,4
2020-04-15 17:29:00,0.4013297,0.7121598999999998,121.4614,3.246081,13.52734,6.949232,0.03353437,191.9842,6.15777,4.799911,3.636426,3.592756,3.712303,7.449371,0.0355402,4
2020-04-15 17:30:00,0.5200107,0.6011585999999999,121.5085,3.188288,13.53086,6.871099,0.03216621,187.4481,5.831301,4.781442,3.602149,3.557759,3.685906,7.689732,0.01629871,4
2020-04-15 17:31:00,0.3390428999999999,1.294021,121.5795,3.164139,13.53285,6.798426,0.0228130799999999,210.1655,4.372807,4.770631,3.572694,3.53761,3.64357,6.908771,0.0559167,4
2020-04-15 17:32:00,0.4103492999999999,0.9555239,121.5402,3.134467,13.53359,6.723681,0.0280605599999999,190.3043,5.39713,4.766412,3.544886,3.534146,3.601445,6.428205,0.0378207699999999,4
2020-04-15 17:33:00,0.4174429,0.7523355999999999,121.4863,3.100645,13.53368,6.650633,0.01984779,195.6547,3.662546,4.745267,3.508667,3.484321,3.544466,6.187914,0.0426493699999999,4
2020-04-15 17:34:00,0.2923764999999999,1.719934,121.4781,3.044237,13.53393,6.578147,0.02190129,209.0548,4.456198,4.716797,3.458633,3.430704,3.494437,5.827491,0.072755,4
2020-04-15 17:35:00,0.3886373,1.375062,121.4768,2.961061,13.53398,6.506983,0.02098881,188.751,3.849429,4.663245,3.407102,3.351955,3.4558,5.34688,0.05014238,4
2020-04-15 17:36:00,0.4047194,0.7084441999999999,121.4137,2.977573,13.5365,6.436758,0.02532376,186.4946,4.610357,4.637748,3.376499,3.318482,3.43451,5.226757,0.0420564199999999,4
2020-04-15 17:37:00,0.3749973999999999,0.9693212,121.316,2.977732,13.53881,6.369545,0.0234986499999999,186.1184,4.419106,4.605323,3.364768,3.301735,3.42278,5.106604,0.04628733,4
2020-04-15 17:38:00,0.3561594,0.4892249,121.4076,2.939118,13.53992,6.299133,0.0205330199999999,184.8884,3.678377,4.574586,3.333161,3.275135,3.398343,4.926397,0.03570029,4
2020-04-15 17:39:00,0.2966583999999999,1.657377,121.396,2.88366,13.5413,6.222505,0.01642642,205.9749,3.186196,4.53202,3.28763,3.228167,3.347803,4.866319,0.07555269,4
2020-04-15 17:40:00,0.3417375,1.31677,121.43,2.786692,13.54282,6.150585,0.0219020699999999,185.9338,3.834092,4.47271,3.221714,3.156509,3.279746,4.505901,0.05534439,4
2020-04-15 17:41:00,0.2599398,1.789698,121.4767,2.681285,13.54559,6.081677,0.0173391599999999,187.1888,3.184991,4.410038,3.141711,3.092982,3.205484,4.025277,0.0815580999999999,4
2020-04-15 17:42:00,0.3522292,1.091043,121.4783,2.618978,13.5457,6.016724,0.0175674099999999,175.1037,2.990253,4.353539,3.077255,3.040705,3.159662,3.785011,0.05732737,4
2020-04-15 17:43:00,0.2604015,1.607965,121.4125,2.661684,13.54572,5.958738,0.0168829799999999,178.4804,2.912464,4.309675,3.060523,3.034006,3.131468,3.604778,0.08021095,4
2020-04-15 17:44:00,0.2570424,1.469718,121.3584,2.665356,13.5458,5.895667,0.0171112,173.3935,2.861316,4.285028,3.057322,3.017904,3.118952,3.244324,0.0790100499999999,4
2020-04-15 17:45:00,0.2831863,1.780881,121.3793,2.564771,13.54765,5.833725,0.01551417,171.1293,2.586799,4.2515,3.005796,2.966374,3.075314,2.883857,0.08374736,4
2020-04-15 17:46:00,0.1839031999999999,2.511441,121.4314,2.496573,13.54955,5.778185,0.0161986699999999,185.5661,3.005787,4.210081,2.969999,2.906201,3.03379,2.763736,0.1117332999999999,4
2020-04-15 17:47:00,0.1837592999999999,2.54025,121.4061,2.489232,13.55095,5.720009,0.0047911539999999,183.473,0.8867407,4.170296,2.934397,2.859122,3.012528,2.463344,0.1130955,4
2020-04-15 17:48:00,0.2437517999999999,1.979194,121.38,2.459578,13.55145,5.664846,0.007528988,179.0872,1.300912,4.125632,2.899612,2.831499,2.987787,2.883949,0.08937103,4
2020-04-15 17:49:00,0.2111426999999999,2.10722,121.3389,2.451136,13.55284,5.608364,0.009354203,183.9984,1.648883,4.085439,2.888721,2.829211,2.979049,3.184387,0.1019877,4
2020-04-15 17:50:00,0.320784,1.373786,121.34,2.466283,13.55609,5.554519,0.01414541,179.8007,2.418008,4.048608,2.887654,2.828861,2.985868,3.96552,0.0642700699999999,4
2020-04-15 17:51:00,0.2772819,1.831791,121.3331,2.40131,13.5561,5.504251,0.01391728,192.9653,2.650724,4.005372,2.865849,2.809206,2.970517,4.806731,0.0807753999999999,4
2020-04-15 17:52:00,0.4043641,0.8574271,121.3251,2.310786,13.55704,5.447958,0.02235892,189.7656,4.297424,3.962536,2.815766,2.772743,2.93263,5.828222,0.0453655999999999,4
2020-04-15 17:53:00,0.3952253,0.9990592,121.3616,2.271197,13.55706,5.401456,0.01962111,194.6141,3.673867,3.921613,2.752514,2.713071,2.868675,6.248862,0.04942809,4
2020-04-15 17:54:00,0.3255615,1.058599,121.3491,2.141315,13.55708,5.351375,0.01711145,204.7442,3.274367,3.844897,2.630434,2.587395,2.744471,6.008565,0.06096448,4
2020-04-15 17:55:00,0.3747413,1.359307,121.4175,2.067321,13.55709,5.30299,0.0166551599999999,183.1839,3.011007,3.777039,2.527265,2.470586,2.611913,5.167421,0.0593565299999999,4
2020-04-15 17:56:00,0.4090067,0.7563434,121.4975,1.949381,13.5571,5.249709,0.01688332,195.6868,3.014086,3.67993,2.409837,2.361758,2.470828,5.107378,0.04700389,4
2020-04-15 17:57:00,0.2772781,1.863946,121.4599,1.953714,13.55941,5.198123,0.008897969,193.5823,1.674972,3.608792,2.375798,2.311924,2.422444,5.107449,0.07897951,4
2020-04-15 17:58:00,0.4154539999999999,0.9671422,121.4492,1.947906,13.56263,5.144278,0.02076195,195.2478,3.753378,3.539715,2.32233,2.287159,2.356062,5.167572,0.0469825999999999,4
2020-04-15 17:59:00,0.3966735,0.9325973,121.3652,1.868093,13.56295,5.092314,0.02441242,183.6007,4.333119,3.450311,2.235571,2.213317,2.233417,5.708443,0.0493487199999999,4
2020-04-15 18:00:00,0.3678612,0.8056402,121.4703,1.778434,13.5631,5.037716,0.0182522799999999,188.5061,3.41798,3.348971,2.086607,2.068655,2.0744,5.047501,0.04510422,4
2020-04-15 18:01:00,0.2797214,1.847467,121.4836,1.743356,13.5666,4.984058,0.0191648999999999,193.5427,3.625227,3.277291,2.00188,1.96238,1.968844,5.167758,0.08323092,4
2020-04-15 18:02:00,0.4041829,0.9013229,121.5043,1.71927,13.56807,4.927012,0.0150581399999999,187.3654,2.714818,3.235842,1.915096,1.855477,1.874154,5.167784,0.0495850799999999,4
2020-04-15 18:03:00,0.3072048,1.383776,121.5043,1.67273,13.56924,4.87505,0.02190276,201.916,4.136163,3.199452,1.835492,1.784486,1.820407,4.867409,0.0741035,4
2020-04-15 18:04:00,0.3197812999999999,1.087166,121.51,1.60356,13.56929,4.821393,0.0184804499999999,180.9487,3.402435,3.119822,1.780809,1.726204,1.754226,4.3266,0.05408877,4
2020-04-15 18:05:00,0.2856965,1.567972,121.5458,1.600727,13.57319,4.768301,0.0148299999999999,192.5789,2.769901,3.075129,1.743164,1.698615,1.715142,4.326669,0.07759992,4
2020-04-15 18:06:00,0.339702,1.224287,121.5841,1.593563,13.57505,4.718031,0.01300477,177.5721,2.369173,3.050507,1.691893,1.655245,1.666742,3.665656,0.0613765599999999,4
2020-04-15 18:07:00,0.2640996999999999,1.584493,121.6001,1.540512,13.57524,4.669835,0.01939308,175.9808,3.37444,3.012785,1.61588,1.558377,1.561252,3.545527,0.0807261199999999,4
2020-04-15 18:08:00,0.2702817,1.705732,121.57,1.446971,13.57891,4.625027,0.01163585,179.8309,2.034893,2.938442,1.526256,1.473778,1.465151,3.60562,0.0836151499999999,4
2020-04-15 18:09:00,0.281011,1.903263,121.5814,1.394168,13.57953,4.576828,0.0143737,185.8714,2.632201,2.837029,1.458376,1.415958,1.413082,3.966237,0.0873080299999999,4
2020-04-15 18:10:00,0.2821739999999999,1.951607,121.6288,1.348856,13.58091,4.530326,0.01528632,187.9248,2.861604,2.786087,1.300896,1.275006,1.272849,4.747471,0.08535615,4
2020-04-15 18:11:00,0.3520834999999999,1.325575,121.6126,1.22264,13.58103,4.476669,0.01163586,192.8985,2.141804,2.689278,1.183741,1.18518,1.152093,4.867715,0.06404389,4
2020-04-15 18:12:00,0.2892065999999999,1.340233,121.5809,1.157968,13.58104,4.426777,0.0161989399999999,186.4304,2.836901,2.623435,1.11124,1.145048,1.105486,5.228297,0.0679167299999999,4
2020-04-15 18:13:00,0.3758621999999999,1.38823,121.5604,1.082034,13.58113,4.372931,0.02007756,195.4026,3.844496,2.552157,1.015999,1.054849,1.040461,5.588918,0.06205514,4
2020-04-15 18:14:00,0.3924972999999999,1.477193,121.4859,0.9595075,13.58207,4.317391,0.0207620199999999,200.9639,4.083785,2.459094,0.9363347,0.9572024,0.9852653,6.850949,0.0592086699999999,4
2020-04-15 18:15:00,0.3300320999999999,1.439525,121.5046,0.8790616,13.58442,4.265617,0.01802418,200.7186,3.404524,2.344628,0.9085872,0.9172229,0.9611197,7.091382,0.0588491699999999,4
2020-04-15 18:16:00,0.4381109,1.319849,121.5434,0.8266571,13.58628,4.212149,0.0212183399999999,202.7834,4.300977,2.243552,0.8856789,0.8928759,0.9389341,7.211594,0.04373007,4
2020-04-15 18:17:00,0.3228367999999999,1.127315,121.465,0.7854115,13.58678,4.146066,0.01916495,205.2988,3.6782,2.131919,0.8687378,0.8687379,0.9176784,7.091438,0.05349037,4
2020-04-15 18:18:00,0.3772059999999999,1.330992,121.5862,0.7732219999999999,13.59047,4.083559,0.02167465,191.6894,4.017605,2.095738,0.8375017999999999,0.8425401,0.8936427999999998,6.670773,0.0512089,4
2020-04-15 18:19:00,0.2837951,1.97405,121.5276,0.7439563,13.59234,4.024254,0.0159707899999999,197.3306,3.113391,2.067076,0.8159579999999999,0.8159579999999999,0.8757008,5.468858,0.0871370399999999,4
2020-04-15 18:20:00,0.3613701999999999,1.052795,121.5244,0.7132625,13.59235,3.970597,0.01254848,175.308,2.041504,2.035557,0.8009639,0.7980846999999999,0.8607065999999999,5.408773,0.0541760999999999,4
2020-04-15 18:21:00,0.2875751999999999,1.86294,121.5145,0.6716473,13.59284,3.91901,0.01437372,184.4855,2.668483,1.976666,0.7866140999999999,0.7844546,0.8492351,5.048206,0.0856193799999999,4
2020-04-15 18:22:00,0.2598601999999999,1.638891,121.4794,0.6360483999999998,13.59652,3.867047,0.0134611,168.7999,2.141495,1.925952,0.7753824999999999,0.7761023999999999,0.8358455999999999,4.447238,0.0807271799999999,4
2020-04-15 18:23:00,0.183561,2.517107,121.4336,0.6215838999999999,13.59792,3.809437,0.007072781,150.7757,1.100918,1.89759,0.7599171,0.7577576,0.8218216999999999,3.786173,0.1118866,4
2020-04-15 18:24:00,0.1832501,2.549999,121.329,0.5797877,13.60023,3.765004,0.0063883189999999,55.0251,0.4592444,1.863769,0.7512185,0.7497787,0.8174430999999999,3.125102,0.1142225999999999,4
2020-04-15 18:25:00,0.1834624,2.580329,121.4357,0.5565115,13.60299,3.713042,0.005247548,28.43942,0.1519311,1.803716,0.7479162,0.7464764,0.8127016999999999,2.764518,0.1146902,4
2020-04-15 18:26:00,0.1835780999999999,2.571236,121.4718,0.5384145999999999,13.60347,3.661268,0.0109514,26.26626,0.2886518,1.761042,0.7368037,0.7375237,0.8008731,2.584229,0.1138783,4
2020-04-15 18:27:00,0.1835287999999999,2.567962,121.4624,0.5372915999999999,13.60347,3.611187,0.0063883189999999,24.76044,0.1571937999999999,1.761781,0.7267278,0.7310476,0.7943985,2.644331,0.1145919,4
2020-04-15 18:28:00,0.1833891,2.574769,121.4431,0.5346994999999999,13.60349,3.568262,0.004724397,22.31919,0.0773631899999999,1.776903,0.7361071999999999,0.7332275,0.7965790999999999,2.163547,0.1146339,4
2020-04-15 18:29:00,0.1832139999999999,2.588284,121.3537,0.5152231,13.60349,3.520065,0.006160165,18.41775,0.1172472,1.760164,0.7272535,0.7272535,0.7978045999999999,1.682761,0.1154908,4
2020-04-15 18:30:00,0.1833943,2.584597,121.4159,0.4893787,13.60534,3.476197,0.0104951,15.49167,0.1661886999999999,1.724146,0.7236158999999999,0.7257757,0.7920046,1.562566,0.11572,4
2020-04-15 18:31:00,0.1831965999999999,2.602153,121.378,0.4694923999999999,13.60534,3.429695,0.00159708,13.04472,0.02233132,1.705541,0.7179471,0.7201068999999999,0.7848960999999999,1.201975,0.1161325,4
2020-04-15 18:32:00,0.1834953,2.616182,121.4244,0.4584732,13.60848,3.388462,-0.002053388,12.05795,-0.0277189499999999,1.702259,0.7124928999999999,0.7182524,0.7787231,1.02168,0.1166615,4
2020-04-15 18:33:00,0.1832888,2.61957,121.4212,0.4571088999999999,13.60902,3.343843,0.0002281542,12.11499,0.0001717787,1.709248,0.7122931999999998,0.7180526999999999,0.7749243,1.201977,0.1170516999999999,4
2020-04-15 18:34:00,0.1830726,2.612175,121.3537,0.4673691999999999,13.60983,3.299222,-0.001825234,11.9895,-0.01914559,1.723437,0.706355,0.7092347,0.7733054,1.081781,0.1171725,4
2020-04-15 18:35:00,0.1831039999999999,2.60743,121.3021,0.435354,13.60986,3.257992,-0.0002281542,11.12252,-0.001296152,1.733833,0.6980519,0.7030914,0.7635636,0.9615834,0.1170581,4
2020-04-15 18:36:00,0.1829445,2.609443,121.2803,0.4158959999999999,13.61016,3.222219,0.0002281544,10.67191,0.0038416119999999,1.736674,0.6979522999999999,0.7022722,0.7663478999999999,1.021684,0.1169348999999999,4
2020-04-15 18:37:00,0.1829813999999999,2.628127,121.2506,0.3896501,13.61016,3.180235,0.00159708,10.66051,0.01610042,1.726915,0.6932133,0.6939332999999999,0.7558500999999999,0.6610895,0.1179804,4
2020-04-15 18:38:00,0.1829195,2.607772,121.2772,0.3819939,13.61224,3.146723,0.0004563085,10.52932,0.0050128339999999,1.72634,0.6962123,0.6998124,0.7538108,0.3605946999999999,0.1169621,4
2020-04-15 18:39:00,0.1828448,2.61723,121.1925,0.396648,13.61409,3.107187,-0.001825234,10.26694,-0.01856779,1.74996,0.6954038,0.7018839,0.752282,0.3605946999999999,0.1174795,4
2020-04-15 18:40:00,0.1829651999999999,2.625309,121.2568,0.4078461999999999,13.61472,3.073487,-0.003650468,10.5008,-0.03885338,1.785222,0.6954947999999999,0.7005346,0.749491,0.4206942,0.1175974,4
2020-04-15 18:41:00,0.1829293999999999,2.626313,121.2572,0.4733817,13.61475,3.037715,0.001368925,10.45517,0.01460125,1.820504,0.7078045,0.6970049999999999,0.7589200999999999,0.2403966999999999,0.1177548,4
2020-04-15 18:42:00,0.1828778,2.616366,121.2582,0.4821641999999999,13.61625,3.001754,-0.0013689259999999,10.48939,-0.01575686,1.846248,0.6882287,0.6889488,0.7530253,0.3004953,0.1177501,4
2020-04-15 18:43:00,0.1828925,2.639909,121.2663,0.4104602,13.61628,2.97295,0.002281542,10.28976,0.02103516,1.840378,0.6773078,0.6852279,0.7363461,0.3004951,0.1177427,4
2020-04-15 18:44:00,0.1828757,2.6303,121.1996,0.4000223,13.61638,2.940189,-0.0019197039999999,10.27835,0.004872289,1.847073,0.6854603,0.6840203,0.7401779,0.06009884,0.1187214,4
2020-04-15 18:45:00,0.1829380999999999,2.63001,121.2111,0.4201601999999999,13.61641,2.911198,-0.0029660049999999,10.3582,-0.0305455,1.856093,0.6829646999999999,0.6829646999999999,0.7319238,0.1802960999999999,0.11815,4
2020-04-15 18:46:00,0.182629,2.61031,121.2186,0.4342423999999999,13.61602,2.881261,-0.001140771,10.05019,-0.01222757,1.882119,0.6809353999999999,0.6758952,0.7349354999999999,0.1201974,0.11817,4
2020-04-15 18:47:00,0.1825121,2.625242,121.204,0.5038616,13.6165,2.856034,-0.006616473,10.14146,-0.06752492,1.917919,0.6973702,0.6937702,0.7571282999999999,0.0,0.1176846,4
2020-04-15 18:48:00,0.1825807999999999,2.64113,121.2081,0.5578374,13.61656,2.825345,-0.004791239,9.793521,-0.0465990599999999,1.9504,0.6939218999999999,0.6831215,0.7428810999999998,-0.1201973,0.1186922,4
2020-04-15 18:49:00,0.1826242999999999,2.645122,121.1746,0.6009617,13.61658,2.802564,-0.003422314,10.01027,-0.0327474,1.987233,0.6826322,0.6804721,0.74599,-0.180296,0.1192816,4
2020-04-15 18:50:00,0.1825312,2.628335,121.1097,0.6339854999999999,13.61708,2.771875,-0.0006844626999999,9.861966,-0.006777478,2.014706,0.6828442999999998,0.6734843,0.7339615999999999,-0.1201973,0.1190237,4
2020-04-15 18:51:00,0.1824571,2.640839,121.1443,0.6971521,13.61664,2.748907,-0.003650468,9.297285,-0.0354958699999999,2.043423,0.7080298,0.6936305,0.7512258,-0.3004953,0.1187282999999999,4
2020-04-15 18:52:00,0.1825852,2.65692,121.1688,0.7264161,13.61759,2.734035,-0.004334931,8.356149,-0.03707312,2.076654,0.6959824,0.6837425999999999,0.7312602,-0.1201987,0.1191360999999999,4
2020-04-15 18:53:00,0.182514,2.639624,121.2108,0.7151494,13.61742,2.706921,-0.003650468,7.329454,-0.02620416,2.098351,0.6709422999999999,0.6659022,0.7227803999999999,-0.2403985999999999,0.1191085,4
2020-04-15 18:54:00,0.1826072,2.652859,121.1399,0.6736697999999999,13.61763,2.689413,0.0006844628,6.827515,0.002951481,2.110271,0.6648992999999999,0.6584191,0.7167377,0.0,0.119066,4
2020-04-15 18:55:00,0.1826829,2.652342,121.2052,0.6454412,13.61759,2.665691,-0.0084417069999999,6.177275,-0.05237709,2.126007,0.6561485,0.6511080999999999,0.7029495,-0.1802980999999999,0.1193917,4
2020-04-15 18:56:00,0.1827614999999999,2.660007,121.231,0.6209269,13.61849,2.652134,-0.004334931,5.601186,-0.0253608799999999,2.154799,0.6583514,0.6504309,0.7015529999999999,-0.3004969,0.1189518,4
2020-04-15 18:57:00,0.1826477,2.645207,121.179,0.5247606999999999,13.61754,2.631426,-0.005703856,5.298882,-0.0311076799999999,2.138383,0.6361356,0.6318150999999999,0.6865389,-0.06009954,0.119056,4
2020-04-15 18:58:00,0.1828495,2.668138,121.3492,0.4236974,13.61706,2.610905,-0.007985399,4.791239,-0.03850982,2.11138,0.6277852999999999,0.6191440999999999,0.673149,-0.6610949,0.1194077999999999,4
2020-04-15 18:59:00,0.1828573,2.655431,121.2511,0.4068271,13.61795,2.590382,0.0004563087,4.397673,0.0004684890999999,2.087277,0.6260303999999999,0.6166696999999999,0.6706714999999999,-0.2403985999999999,0.1194059,4
2020-04-15 19:00:00,0.1830753,2.671762,121.3548,0.4071248,13.61702,2.574756,-0.002053388,4.460415,-0.01261798,2.053687,0.6283739999999999,0.6211735999999999,0.6665345999999999,-0.4206975,0.1191609,4
2020-04-15 19:01:00,0.1828840999999999,2.650535,121.3601,0.4862760999999999,13.62014,2.566284,-0.001730764,4.18663,-0.0186770999999999,2.060279,0.6428711,0.6306304,0.6745516999999999,-0.2404037,0.1202864,4
2020-04-15 19:02:00,0.1828978,2.659916,121.3735,0.4901252999999999,13.62067,2.545576,-0.002053388,3.901438,-0.01068155,2.063251,0.6300036,0.6163226,0.6696052,-0.1202018,0.1191792,4
2020-04-15 19:03:00,0.182879,2.658267,121.3118,0.4624983999999999,13.62236,2.526747,-0.0054757019999999,3.844399,-0.0211601,2.059483,0.6204511,0.6125302999999999,0.6586136999999999,-0.4207119,0.1190403,4
2020-04-15 19:04:00,0.1827204,2.668679,121.2721,0.4515661,13.62193,2.51658,0.00110735,3.901437,-0.001421083,2.050025,0.6160084,0.6109678,0.6570515,-0.4207128,0.1191787,4
2020-04-15 19:05:00,0.1828222999999999,2.668108,121.3202,0.3931869,13.62266,2.501143,-0.0002281542,3.650468,-0.00198327,1.983549,0.6033053999999999,0.6018651999999999,0.6429112999999999,-0.1803049999999999,0.1191827,4
2020-04-15 19:06:00,0.1830107,2.674601,121.3497,0.3803762,13.62358,2.480434,0.004106776,3.633356,0.01297715,1.948454,0.6084519999999999,0.5940496,0.6379765,0.0,0.1189148,4
2020-04-15 19:07:00,0.1828209,2.669943,121.3599,0.4001733,13.62334,2.477045,-0.005932011,3.701802,-0.0212381799999999,1.947936,0.6086559,0.5964137,0.6403402999999999,-0.5409169999999999,0.1196321,4
2020-04-15 19:08:00,0.1830035999999999,2.654445,121.4197,0.3947704,13.62336,2.460098,-0.004334931,3.718914,-0.01753711,1.916607,0.6024667,0.5923848999999999,0.6370314999999999,-0.7212231,0.1191633,4
2020-04-15 19:09:00,0.1830139,2.654494,121.428,0.3620174999999999,13.62361,2.437508,-0.001140771,3.947068,-0.0034512039999999,1.851621,0.594265,0.5798627,0.625229,-0.3005113999999999,0.1195713999999999,4
2020-04-15 19:10:00,0.1828257,2.669881,121.3865,0.3776615999999999,13.62411,2.425647,0.0,3.547798,0.003076413,1.805975,0.593885,0.5802028,0.6277293999999999,0.0,0.1196172,4
2020-04-15 19:11:00,0.1829832999999999,2.672034,121.4241,0.3614545,13.62429,2.415293,-0.001140771,3.513575,-0.0011399909999999,1.76758,0.5928466,0.5770037999999998,0.6230909,-0.2404146,0.1196471,4
2020-04-15 19:12:00,0.1829128999999999,2.666682,121.4122,0.3671972,13.62616,2.396464,0.001825234,3.741729,0.0053251599999999,1.735071,0.5897894,0.5746666,0.6207538999999999,-0.06010364,0.1194188999999999,4
2020-04-15 19:13:00,0.1830277999999999,2.671654,121.412,0.418202,13.62859,2.394581,-0.004334931,3.684691,-0.01667822,1.7303,0.6029942999999999,0.5835506,0.6260375,-0.1803142,0.120007,4
2020-04-15 19:14:00,0.1829581,2.691968,121.3802,0.3970504999999999,13.62817,2.374249,0.000912617,3.359571,0.004794207,1.706342,0.5904971,0.5717729999999999,0.6157015999999998,-0.6010503,0.1207705,4
2020-04-15 19:15:00,0.1827008,2.684831,121.3996,0.3995764,13.62964,2.357303,-0.008669862,3.342459,-0.03082659,1.699422,0.5756151999999999,0.5655326,0.6051418,0.0,0.119898,4
2020-04-15 19:16:00,0.1828041,2.701249,121.4303,0.4098587,13.62968,2.351654,-0.00159708,3.393794,-0.0057780339999999,1.704547,0.5843498,0.5706664,0.6109955,-0.4207459,0.1209081999999999,4
2020-04-15 19:17:00,0.182764,2.693834,121.4127,0.3911816,13.62975,2.338099,-0.0068446269999999,3.445129,-0.02170667,1.697444,0.5729094,0.5621066,0.6074772,-0.1803222999999999,0.1200636,4
2020-04-15 19:18:00,0.1827711999999999,2.674875,121.389,0.4046873,13.62979,2.326239,-0.002053388,3.262605,-0.0064339189999999,1.698518,0.5797662,0.5646425999999999,0.6085721,-0.2404307,0.1199881,4
2020-04-15 19:19:00,0.1826927,2.683986,121.3963,0.3836284999999999,13.62984,2.310989,-0.0035167829999999,3.194159,-0.004294484,1.698355,0.5688201,0.5565771,0.5897044999999999,-0.5409690999999999,0.1204995,4
2020-04-15 19:20:00,0.1826802999999999,2.681149,121.3143,0.3741823,13.62988,2.310989,-0.0044294,3.302532,-0.0074802109999999,1.695472,0.5738379,0.5651958,0.6026439,-0.1202182,0.1204284,4
2020-04-15 19:21:00,0.1826868,2.681937,121.3485,0.4074709,13.62991,2.292161,0.0002281541,3.336756,0.001405467,1.695301,0.5830142999999999,0.5642897,0.600298,-0.2404363999999999,0.1203652,4
2020-04-15 19:22:00,0.1826568,2.670761,121.3462,0.4522448,13.62995,2.288395,-0.01072325,3.234086,-0.03316903,1.712366,0.5828107999999999,0.5734483999999999,0.6029755,-0.1202182,0.1216383999999999,4
2020-04-15 19:23:00,0.1826655,2.691694,121.345,0.4550293,13.62997,2.268063,-0.006616473,3.445129,-0.02270611,1.705662,0.5746404,0.5595162,0.5933652,-0.2404401999999999,0.1210123,4
2020-04-15 19:24:00,0.1827554999999999,2.690964,121.3287,0.4535243999999999,13.63092,2.268063,-0.009354324,3.405202,-0.03243507,1.709955,0.5846632,0.5673778999999999,0.5961863,0.0,0.1208375,4
2020-04-15 19:25:00,0.1828238,2.682795,121.3754,0.4687027999999999,13.63185,2.25865,-0.007757245,3.485056,-0.0288745499999999,1.699085,0.5759119,0.5629475999999999,0.592477,0.0,0.1202372,4
2020-04-15 19:26:00,0.1828839999999999,2.678335,121.446,0.4794142,13.63279,2.245472,-0.004791239,3.13712,-0.01335194,1.696674,0.5684525,0.5533270999999998,0.5850178999999999,-0.0601109999999999,0.1199419,4
2020-04-15 19:27:00,0.183111,2.69816,121.509,0.4975415,13.63326,2.245472,-0.0054757019999999,3.296829,-0.018193,1.719675,0.5641298,0.5540462,0.5792549,0.0,0.1201198,4
2020-04-15 19:28:00,0.183139,2.689374,121.5311,0.4724190999999999,13.63237,2.231915,-0.004791239,3.291125,-0.01307085,1.724095,0.5606830999999999,0.5549213,0.5815691,-0.06011127,0.1200071,4
2020-04-15 19:29:00,0.1829149999999999,2.671503,121.4892,0.4431708999999999,13.63467,2.225136,-0.0029660049999999,3.359571,-0.01233688,1.718751,0.5452548,0.5510167999999999,0.5697425,-0.1202225,0.1200741,4
2020-04-15 19:30:00,0.1829037,2.682533,121.5169,0.4489439,13.63423,2.225136,-0.005932011,3.216974,-0.0172403999999999,1.729521,0.5610606,0.5639416999999999,0.5769054999999998,-0.2404496999999999,0.1205109999999999,4
2020-04-15 19:31:00,0.1830161999999999,2.702763,121.554,0.4590882,13.63377,2.225136,-0.00319416,3.268309,-0.009416633,1.736706,0.5603325,0.5653742,0.5790585,-0.3005622,0.1198888,4
2020-04-15 19:32:00,0.1830582,2.699229,121.5887,0.4410951,13.63517,2.219488,-0.003878622,3.205567,-0.01138429,1.736798,0.5575301,0.5625718,0.5712146999999999,-0.1803404,0.121467,4
2020-04-15 19:33:00,0.1828673,2.678993,121.5306,0.4349727999999999,13.63471,2.202545,-0.005703856,3.302532,-0.0197233999999999,1.726308,0.5498982,0.5520589999999999,0.5563805,-0.3005673999999999,0.1205047,4
2020-04-15 19:34:00,0.1829422,2.702776,121.5156,0.4718433,13.63472,2.202545,-0.0084417069999999,3.342459,-0.0277345599999999,1.738494,0.5497813,0.5548235,0.5728309,-0.1803435999999999,0.1208618999999999,4
2020-04-15 19:35:00,0.1829986999999999,2.692967,121.5688,0.4563684,13.63564,2.200851,-0.004106776,3.336756,-0.01211825,1.74111,0.547359,0.5516809,0.5646463,-0.06011455,0.1207711,4
2020-04-15 19:36:00,0.1828875,2.708865,121.5335,0.3946545,13.63566,2.185601,-0.006160165,3.382386,-0.02139434,1.707869,0.5305952,0.5327561,0.547163,0.0,0.1217589,4
2020-04-15 19:37:00,0.1830046999999999,2.700171,121.5471,0.3970674,13.63566,2.182213,-0.005247548,2.926078,-0.0156631599999999,1.692981,0.5272145,0.5286551999999999,0.5466634999999999,0.0,0.1209636999999999,4
2020-04-15 19:38:00,0.1829551,2.699154,121.5323,0.4276441,13.63566,2.182213,-0.007985399,3.376683,-0.02531403,1.690851,0.5402704,0.5323470999999999,0.5481935,-0.4208024,0.1205843,4
2020-04-15 19:39:00,0.1828269999999999,2.689894,121.4671,0.4602665,13.63567,2.182213,-0.00159708,3.251198,-0.00376353,1.695881,0.5417062999999999,0.5345033999999999,0.5625945,-0.3005730999999999,0.1207686,4
2020-04-15 19:40:00,0.1826683,2.72373,121.373,0.4824572999999999,13.63567,2.175434,-0.004334931,3.199863,-0.0147105599999999,1.700591,0.5348846,0.5226391999999999,0.560095,0.0,0.1208690999999999,4
2020-04-15 19:41:00,0.1827875999999999,2.699964,121.4621,0.5123566,13.63567,2.161877,-0.0050193929999999,3.06297,-0.01367988,1.698523,0.5364124,0.5212856999999999,0.5428950999999999,-0.6612727999999999,0.1213632999999999,4
2020-04-15 19:42:00,0.1827589,2.705534,121.4995,0.5225138,13.63568,2.161877,-0.002281543,3.142824,-0.0092760859999999,1.710742,0.5313651999999999,0.5191198,0.5428903,-0.48093,0.1217152,4
2020-04-15 19:43:00,0.182733,2.702342,121.5016,0.4688352,13.63568,2.161877,-0.0029660049999999,2.983116,-0.007917468,1.702104,0.5306049999999999,0.5197998,0.539969,-0.2404649,0.1209683,4
2020-04-15 19:44:00,0.1826673,2.702758,121.4204,0.4723726999999999,13.63568,2.152464,-0.002281543,3.279717,-0.0076363739999999,1.696255,0.5246857,0.5124393,0.5390933,-0.06011621,0.1213712,4
2020-04-15 19:45:00,0.1828582,2.682204,121.4783,0.4642332,13.63568,2.139286,-0.01003879,3.222678,-0.0304518,1.69313,0.5057030999999998,0.4963376999999999,0.529476,-0.6612818,0.121119,4
2020-04-15 19:46:00,0.1828769,2.701051,121.4868,0.422914,13.6366,2.139286,-0.008213553,3.251198,-0.0264696399999999,1.690253,0.4999353999999999,0.4884086999999999,0.5172250999999999,-0.7214049999999999,0.1213009,4
2020-04-15 19:47:00,0.1829205,2.710995,121.578,0.4193416999999999,13.63615,2.139286,-0.009354324,3.211271,-0.0314980899999999,1.681641,0.5122347,0.5021495,0.5259219,-0.2404683,0.1222119,4
2020-04-15 19:48:00,0.1826641,2.705176,121.5259,0.4266669,13.63661,2.139286,-0.0050193939999999,3.188455,-0.01402344,1.663684,0.5173298,0.5058040999999999,0.5274145999999998,-0.1202333,0.1219723,4
2020-04-15 19:49:00,0.1828317999999999,2.713606,121.5182,0.4317467999999999,13.63661,2.139286,-0.0004563085999999,3.13712,-0.001186839,1.655056,0.5187678,0.5043607,0.5288526,0.0,0.1215214,4
2020-04-15 19:50:00,0.182786,2.719364,121.5004,0.4578506,13.63799,2.139286,-0.009354324,3.13712,-0.02929619,1.665839,0.5238076999999999,0.5130025,0.535333,0.0,0.12143,4
2020-04-15 19:51:00,0.1828902,2.721314,121.5596,0.4626674,13.63753,2.137592,-0.0029660049999999,3.028747,-0.01068155,1.664857,0.5170500999999998,0.5033631,0.5314571,-0.4809400999999999,0.1209448,4
2020-04-15 19:52:00,0.1828193999999999,2.727757,121.5755,0.4498149,13.63891,2.12912,-0.005247548,2.926078,-0.0152259,1.658532,0.5207884999999999,0.4977366999999999,0.5272717999999998,-0.4208229,0.1218019,4
2020-04-15 19:53:00,0.1827865999999999,2.706073,121.5651,0.4453627,13.63707,2.118954,-0.00319416,2.851928,-0.0118683899999999,1.650495,0.4990048999999999,0.4838760999999999,0.5126926,-0.6011798,0.1210993,4
2020-04-15 19:54:00,0.182786,2.709873,121.5478,0.4286599999999999,13.63937,2.118954,-0.0054757019999999,3.256902,-0.0165845199999999,1.648329,0.5025758999999999,0.4845651999999999,0.5133822,-0.4208266,0.1217164,4
2020-04-15 19:55:00,0.1829628,2.716649,121.5729,0.4475105999999999,13.63891,2.118954,0.0027378509999999,2.98882,0.0040914719999999,1.646889,0.5083305,0.4888789,0.5133733999999999,-0.4809431,0.1214775,4
2020-04-15 19:56:00,0.1829995,2.726225,121.6137,0.4685352999999999,13.63891,2.118954,-0.0068446269999999,3.005932,-0.01964532,1.649764,0.5054459,0.4888759999999999,0.5205746,-0.4208243999999999,0.1220104,4
2020-04-15 19:57:00,0.183087,2.701903,121.6285,0.4543744,13.64121,2.107656,0.002509697,3.325348,0.0085108879999999,1.634881,0.4963434999999999,0.4776127,0.5078698999999999,-0.3607032,0.1209903,4
2020-04-15 19:58:00,0.1831546,2.724918,121.6682,0.4278425,13.64029,2.096359,-0.005703856,3.16564,-0.01783382,1.618545,0.4843063,0.4590912999999999,0.4958329,-0.300586,0.1221096,4
2020-04-15 19:59:00,0.1828651,2.718946,121.5647,0.4546398999999999,13.64121,2.096359,-0.007300936,3.291125,-0.0256732099999999,1.612064,0.4907559,0.4662610999999999,0.4965193,-0.360702,0.1212658,4
2020-04-15 20:00:00,0.1831076,2.704802,121.673,0.4742081,13.63937,2.096359,-0.0054757019999999,2.983116,-0.0171779399999999,1.617814,0.4950717,0.4712973999999999,0.4986738,-0.3005844999999999,0.1211992,4
2020-04-15 20:01:00,0.1831122,2.734468,121.6747,0.5169713,13.64029,2.096359,-0.0070727819999999,3.228382,-0.02540773,1.63147,0.4907347,0.4712827,0.5029818,-0.3005872,0.1216124,4
2020-04-15 20:02:00,0.1831946999999999,2.713004,121.8191,0.5046473999999999,13.64121,2.096359,0.001825234,3.06297,0.0059498119999999,1.647287,0.4856904,0.4640768,0.4964968,-0.4809406,0.1211258999999999,4
2020-04-15 20:03:00,0.1832834,2.733886,121.8333,0.4625266,13.64121,2.096359,-0.004106776,3.080082,-0.01164977,1.647983,0.4784029,0.4589495,0.4920919,-0.4809456999999999,0.1209633,4
2020-04-15 20:04:00,0.1832544999999999,2.741364,121.8303,0.4313512999999999,13.64075,2.096359,0.0006844628,3.13712,0.0034512039999999,1.648702,0.4769615999999999,0.4567876,0.4906507,-0.300591,0.1223028,4
2020-04-15 20:05:00,0.1831198,2.730944,121.7873,0.4378808,13.64121,2.096359,-0.006616473,3.051563,-0.0206603799999999,1.660205,0.4877655,0.4560637,0.4942497,-0.4208315,0.1214185,4
2020-04-15 20:06:00,0.1833941,2.730306,121.8758,0.4473123,13.64075,2.096359,0.0004563085999999,2.954597,0.001389852,1.665241,0.4834539999999999,0.4560753,0.4913791,-0.1803563,0.121187,4
2020-04-15 20:07:00,0.1833789999999999,2.747331,121.8836,0.4531828,13.64075,2.096359,-0.0004563087,3.102897,0.0004060234,1.665257,0.4863927,0.4561333,0.4907154,-0.6011849999999999,0.1226066,4
2020-04-15 20:08:00,0.1833693,2.736533,121.8762,0.4916035999999999,13.64121,2.096359,-0.0045630849999999,3.171344,-0.01561631,1.672445,0.4935953,0.4676589999999999,0.4907136,-0.3005924999999999,0.1224099,4
2020-04-15 20:09:00,0.1831678999999999,2.732835,121.8179,0.5466912,13.64121,2.096359,0.0004563085999999,2.977412,0.001249305,1.691135,0.5036722999999999,0.4683703,0.4986294,-0.1202363999999999,0.1213187,4
2020-04-15 20:10:00,0.1831898999999999,2.728294,121.817,0.5764128,13.64121,2.096359,-0.005703856,3.000228,-0.0164751999999999,1.707671,0.5000721999999999,0.4712544,0.4928679999999999,-0.7214203,0.1219039,4
2020-04-15 20:11:00,0.1832291,2.716263,121.8714,0.5872952,13.64029,2.096359,0.001825234,2.983116,0.0052002309999999,1.714142,0.4791856999999999,0.4546896999999999,0.4907128,-0.6613071999999999,0.1213796999999999,4
2020-04-15 20:12:00,0.1833479,2.7266,121.8722,0.525654,13.64121,2.096359,-0.001140771,3.011636,-0.002061353,1.714134,0.4726676,0.4496118,0.4791517,-0.06011857,0.1217575,4
2020-04-15 20:13:00,0.1834892999999999,2.74617,121.9512,0.5313915999999999,13.64075,2.096359,-0.0002281542,3.085786,-0.0009994432999999,1.718431,0.4704377,0.4416164,0.4754813,-0.7214228999999999,0.122512,4
2020-04-15 20:14:00,0.1833415999999999,2.736675,121.9227,0.5466256,13.64029,2.096359,-0.0050193929999999,3.074378,-0.01483549,1.726342,0.4718908,0.4445109999999999,0.4798162,-0.2404743,0.1219472999999999,4
2020-04-15 20:15:00,0.1832525999999999,2.740667,121.85,0.5241765,13.64121,2.096359,-0.003650468,2.91467,-0.0118371599999999,1.717,0.4596591999999999,0.4380434,0.4654232999999999,-0.3005960999999999,0.1219015,4
2020-04-15 20:16:00,0.1833597999999999,2.73536,121.9762,0.4778110999999999,13.64121,2.096359,-0.0070727819999999,2.994524,-0.0216441999999999,1.695441,0.4539274999999999,0.4344736,0.4582506,-0.7214293,0.1212545,4
2020-04-15 20:17:00,0.1834916,2.762848,122.0154,0.4517539999999999,13.64075,2.096359,0.0063883189999999,3.097194,0.01980148,1.688978,0.4388294999999999,0.4215368999999999,0.446755,-0.3005948,0.1218789,4
2020-04-15 20:18:00,0.1835772,2.752049,122.0611,0.4408668,13.64075,2.096359,0.001140771,2.812001,0.001249305,1.679628,0.4388138999999999,0.4222417,0.4424164999999999,0.0,0.122064,4
2020-04-15 20:19:00,0.1834542,2.749487,121.9911,0.4328794999999999,13.64121,2.096359,-0.0002281545,2.732147,-0.0009838275,1.678905,0.4387983999999999,0.4207848,0.446724,-0.0601195799999999,0.121954,4
2020-04-15 20:20:00,0.1834426999999999,2.725111,121.961,0.4597003,13.64121,2.096359,-0.003878622,2.966005,-0.01416399,1.682498,0.4387918,0.4200576999999999,0.4423944,-0.1202402,0.1220439,4
2020-04-15 20:21:00,0.1835255,2.759125,122.0105,0.457523,13.64121,2.096359,-0.0095824789999999,2.680812,-0.0278907299999999,1.688249,0.4315816,0.415009,0.4431101,-0.4809608,0.1215774,4
2020-04-15 20:22:00,0.1835397,2.757827,122.0084,0.4248356999999999,13.64121,2.096359,-0.008213553,3.051563,-0.02520472,1.683919,0.4380004,0.4135008,0.4380002,-0.4208436999999999,0.1212414,4
2020-04-15 20:23:00,0.1835942,2.748621,122.0339,0.4161035,13.64121,2.096359,-0.005932011,2.880447,-0.01549138,1.675282,0.432923,0.4084228999999999,0.4415699,-0.6012053,0.1213367,4
2020-04-15 20:24:00,0.183377,2.753256,121.9867,0.3820212,13.64121,2.096359,-0.0004563085,2.886151,-0.001514782,1.667371,0.425709,0.4084146,0.4408412999999999,-0.6012024999999999,0.1215297999999999,4
2020-04-15 20:25:00,0.1834058,2.727197,121.9962,0.3566399,13.64121,2.096359,-0.002281543,3.000228,-0.007870619,1.660181,0.4293092,0.4076912999999999,0.4444414999999999,-0.7214409,0.1216533999999999,4
2020-04-15 20:26:00,0.1836270999999999,2.766683,122.0675,0.3093406,13.64121,2.094665,-0.007300936,2.846224,-0.0210976299999999,1.633342,0.4226501999999999,0.4039153999999999,0.4385026,0.0,0.1222121,4
2020-04-15 20:27:00,0.1834576,2.747775,122.0957,0.2906714,13.64121,2.076027,-0.00319416,2.777778,-0.0095727969999999,1.583054,0.4183849,0.3931645999999999,0.4291930999999999,0.0,0.122369,4
2020-04-15 20:28:00,0.1835225,2.758436,122.12,0.2986429999999999,13.64121,2.076027,1.940255e-11,3.216974,-0.001233689,1.56004,0.4198174,0.4010824,0.4270228999999999,-0.240481,0.1219866,4
2020-04-15 20:29:00,0.1838123999999999,2.758972,122.1406,0.3066187,13.64121,2.076027,-0.000912617,2.908966,-0.0027172379999999,1.547814,0.4270212999999999,0.4075659999999999,0.4313445,-0.6613227999999999,0.1224298,4
2020-04-15 20:30:00,0.1835557999999999,2.741247,122.0856,0.3189186,13.64121,2.076027,-0.01003879,2.994524,-0.03115453,1.538456,0.4327561999999999,0.4104184,0.4450054,-0.3607244,0.1211398999999999,4
2020-04-15 20:31:00,0.1835965,2.772552,122.1578,0.3065713999999999,13.64167,2.066612,-0.008898015,3.023043,-0.02665704,1.519682,0.431958,0.4103409,0.4362813999999999,0.0,0.1226827,4
2020-04-15 20:32:00,0.1836348999999999,2.765087,122.1598,0.2976229,13.64167,2.053432,0.0023760119999999,2.606662,0.00156163,1.49064,0.4193838999999999,0.3992065,0.4208251,-0.3607218999999999,0.1221248999999999,4
2020-04-15 20:33:00,0.1836185999999999,2.743909,122.1649,0.2570099,13.64213,2.053432,-0.00319416,2.754962,-0.0097445759999999,1.464027,0.4150591,0.399926,0.42803,0.0,0.1219638,4
2020-04-15 20:34:00,0.1835450999999999,2.75824,122.0836,0.2751307,13.64213,2.053432,-0.004791239,2.538216,-0.01086895,1.458268,0.43018,0.4136058,0.4316211999999999,-0.2404799,0.122575,4
2020-04-15 20:35:00,0.1835971,2.753998,122.0446,0.2809396,13.64396,2.053432,-0.004791239,2.857632,-0.0141015199999999,1.443168,0.4337957,0.4150598999999999,0.4417221,0.0,0.1222346,4
2020-04-15 20:36:00,0.1837068,2.782046,122.1487,0.3013016,13.64442,2.048349,-0.007757245,2.469769,-0.02134749,1.436664,0.4395696,0.4208348,0.4438928999999999,-0.6613166999999999,0.1221071,4
2020-04-15 20:37:00,0.1836095,2.769739,122.1643,0.3360865,13.64626,2.043266,-0.0029660049999999,2.709332,-0.008667051,1.430856,0.4395157,0.4193396999999999,0.4553677999999999,-0.420839,0.1225312,4
2020-04-15 20:38:00,0.1835778999999999,2.759418,122.1771,0.3454696999999999,13.64626,2.0331,-0.000912617,3.01734,-0.003170111,1.405573,0.4415694,0.4213936999999999,0.4444517,-0.3006014,0.1218576,4
2020-04-15 20:39:00,0.183511,2.75095,122.0915,0.3549012999999999,13.64534,2.0331,-0.0045630849999999,2.829112,-0.0126492099999999,1.417083,0.4358093,0.4221185,0.4451764999999999,-0.7214449,0.1220558999999999,4
2020-04-15 20:40:00,0.1835832,2.749554,122.1178,0.3730435999999999,13.64534,2.0331,-0.0054757019999999,2.720739,-0.01439824,1.427878,0.4531149999999999,0.4271752999999999,0.4574381,-0.4208455999999999,0.1228275,4
2020-04-15 20:41:00,0.1834678999999999,2.765133,122.0928,0.3502384,13.64672,2.02557,-0.008898015,2.863336,-0.0240178799999999,1.421769,0.431128,0.4138341999999999,0.4469806,-0.2404832,0.1232638,4
2020-04-15 20:42:00,0.1836737,2.759879,122.1531,0.2705430999999999,13.64672,2.010509,0.000912617,2.863336,0.003498052,1.398041,0.4166970999999999,0.3943577999999999,0.4253444,-0.1803636,0.1224471,4
2020-04-15 20:43:00,0.1837433,2.762145,122.1946,0.2647295,13.64672,2.010509,-0.008213553,2.977412,-0.0266414199999999,1.389403,0.4260509,0.4029910999999999,0.4325362999999999,-0.1803636,0.1227852,4
2020-04-15 20:44:00,0.1836718,2.770344,122.1868,0.2741345,13.64672,2.010509,-0.0029660049999999,2.948893,-0.0099632039999999,1.378604,0.4289136,0.4044123,0.4382813999999999,0.0,0.1224023999999999,4
2020-04-15 20:45:00,0.1837128,2.750926,122.1377,0.2712793,13.64672,2.010509,-0.007985399,2.657997,-0.02165982,1.376466,0.4354483,0.4159922999999999,0.4476979999999999,0.0,0.1223082,4
2020-04-15 20:46:00,0.1837609,2.763014,122.2121,0.3025270999999999,13.64672,2.010509,-0.004106776,3.085786,-0.01595987,1.37145,0.4463060999999999,0.4218071999999999,0.4484677,0.0,0.121445,4
2020-04-15 20:47:00,0.1836247,2.764368,122.1995,0.2930785,13.64718,2.010509,-0.004791239,2.903262,-0.01489796,1.357054,0.4419623999999999,0.4203451999999999,0.4484474,-0.1202399,0.1227232999999999,4
2020-04-15 20:48:00,0.1838629,2.755493,122.2555,0.3060866999999999,13.64718,2.005425,-0.007300936,2.960301,-0.0226904999999999,1.347639,0.4519751,0.4281963999999999,0.4512548,-0.6613196,0.1224256,4
2020-04-15 20:49:00,0.183615,2.75545,122.2166,0.3125460999999999,13.64947,1.990173,-0.006160165,2.772074,-0.01797437,1.336686,0.4301968999999999,0.4136233,0.4381231999999999,-0.2404797999999999,0.1228796,4
2020-04-15 20:50:00,0.1835403999999999,2.749132,122.1794,0.2683109,13.64901,1.990173,-0.0070727819999999,2.948893,-0.02165982,1.33237,0.4244332,0.4028152999999999,0.435242,-0.721446,0.1225815,4
2020-04-15 20:51:00,0.1838119,2.773107,122.2631,0.2581110999999999,13.64947,1.990173,-0.005703856,2.880447,-0.01327386,1.33451,0.4380813,0.4157425,0.4388019,-0.5410869,0.1224894,4
2020-04-15 20:52:00,0.1837956,2.754875,122.2299,0.2508347,13.64947,1.990173,-0.005703856,2.772074,-0.02047298,1.317953,0.4358979,0.4128380999999999,0.4459863,-0.0601209799999999,0.1225601999999999,4
2020-04-15 20:53:00,0.1839197999999999,2.776219,122.3067,0.2566479999999999,13.65131,1.990173,-0.002509697,2.669404,-0.004872289,1.310043,0.4438349999999999,0.4193345,0.4380702,-0.7214481999999999,0.122199,4
2020-04-15 20:54:00,0.1838439,2.765363,122.3163,0.2629312999999999,13.64901,1.988479,-0.006160165,2.851928,-0.0186614899999999,1.307629,0.4385363999999999,0.4183595,0.4363746,-0.4809643,0.1228064,4
2020-04-15 20:55:00,0.1836607,2.764853,122.2336,0.1717894,13.65177,1.969841,-0.0006844628,2.84052,0.0006558850999999,1.276772,0.4148841999999999,0.3939868999999999,0.42209,-0.5410802,0.1227218999999999,4
2020-04-15 20:56:00,0.1839937,2.779502,122.3368,0.1609377999999999,13.65085,1.969841,-0.00159708,3.040155,-0.00435695,1.255914,0.4242679999999999,0.3983270999999999,0.4185034999999999,-0.2404791,0.1221069,4
2020-04-15 20:57:00,0.1840064999999999,2.777061,122.4066,0.1543795,13.65085,1.969841,-0.008898015,2.646589,-0.0217066599999999,1.229999,0.4220817,0.3983020999999999,0.4184787999999999,-0.3006001999999999,0.1216522,4
2020-04-15 20:58:00,0.1840727,2.786522,122.4015,0.1652533999999999,13.65131,1.969841,-0.005247548,3.005932,-0.01416399,1.201933,0.4307236999999999,0.4033413,0.4271208,-0.3006001999999999,0.122467,4
2020-04-15 20:59:00,0.1839138999999999,2.772824,122.3221,0.1667001999999999,13.65223,1.969841,-0.0054757019999999,2.937486,-0.0143045399999999,1.184662,0.4292811,0.4083841,0.4249576999999999,-0.3006013,0.1223824,4
2020-04-15 21:00:00,0.1838876,2.765108,122.3005,0.1891844,13.65223,1.969841,-0.0004563085,3.114305,-0.0007339668,1.174587,0.4465744999999999,0.4242369999999999,0.447295,-0.1202406,0.1226026,4
2020-04-15 21:01:00,0.1840688,2.780448,122.369,0.2336102999999999,13.65223,1.967958,-0.0084417069999999,3.023044,-0.02462692,1.175534,0.4445977999999999,0.4208177,0.4467596999999999,-0.06011976,0.1236888,4
2020-04-15 21:02:00,0.1841394,2.792327,122.4181,0.1668531,13.65223,1.949133,-0.001140771,2.94319,-0.0024205279999999,1.144448,0.4235591,0.4041019,0.4170764,-0.1803593,0.1225466999999999,4
2020-04-15 21:03:00,0.1840629,2.775038,122.4267,0.1432409,13.65223,1.94725,-0.0070727819999999,3.011636,-0.02078531,1.137542,0.4274714,0.4094559999999999,0.4188240999999999,-0.3006009,0.1220915,4
2020-04-15 21:04:00,0.1838984999999999,2.783784,122.3362,0.1526778,13.65223,1.94725,-0.00319416,2.897558,-0.006871175,1.128912,0.4375717,0.4145125,0.4246009,-0.1202402999999999,0.1233485,4
2020-04-15 21:05:00,0.1838488,2.769372,122.3074,0.1542041,13.65223,1.94725,-0.008669862,2.891855,-0.0275783999999999,1.11599,0.4441166999999999,0.418897,0.4340289,-0.1202395,0.1229419,4
2020-04-15 21:06:00,0.1840381,2.801527,122.3989,0.1650397,13.65223,1.937084,-0.001140771,2.937486,-0.005778033,1.10149,0.438246,0.4173495999999999,0.4310403999999999,-0.1803587,0.1231846,4
2020-04-15 21:07:00,0.1840959,2.776535,122.3904,0.1809489,13.65223,1.926918,-0.01163587,2.91467,-0.03204466,1.085549,0.4323740999999999,0.4121979,0.4294917999999999,-0.3607167,0.122555,4
2020-04-15 21:08:00,0.1837959999999999,2.770579,122.2715,0.2012552,13.65223,1.926918,-0.0045630849999999,2.794889,-0.0118371599999999,1.079071,0.4446222,0.4208435999999999,0.4439016,-0.2404795999999999,0.1222811,4
2020-04-15 21:09:00,0.1837657,2.787384,122.1831,0.2462155,13.65223,1.926918,-0.007300936,3.045859,-0.02279981,1.087705,0.4568673999999999,0.4266042999999999,0.4518236999999999,-0.4208403,0.1235992,4
2020-04-15 21:10:00,0.183794,2.782645,122.2471,0.2470459,13.65223,1.921269,-0.0027378509999999,2.737851,-0.006137209,1.09139,0.4562208999999999,0.4259569999999999,0.4382066,-0.1803594,0.1225717999999999,4
2020-04-15 21:11:00,0.1837688,2.769308,122.2295,0.2693015999999999,13.65223,1.908089,-0.006160165,3.01734,-0.01496042,1.089675,0.4458338,0.4206128,0.4407898,-0.4208379999999999,0.12325,4
2020-04-15 21:12:00,0.1839301999999999,2.771551,122.3234,0.2669726,13.65223,1.904324,-0.0009126171,3.120009,-0.004200787,1.090221,0.4434968,0.4182756,0.4442173999999999,-0.2404783,0.1223806,4
2020-04-15 21:13:00,0.1839890999999999,2.777794,122.3151,0.2408569,13.65223,1.904324,-0.0006844626999999,3.108601,-0.002076969,1.080142,0.4427724,0.4175511,0.43989,-0.4809554999999999,0.1222689,4
2020-04-15 21:14:00,0.1839442,2.788297,122.3227,0.2394419999999999,13.65223,1.904324,-0.007300936,3.000228,-0.02194091,1.070806,0.4471339999999999,0.4204723,0.4363253,-0.1202385,0.1233637,4
2020-04-15 21:15:00,0.1838266,2.788394,122.2644,0.2924333,13.65223,1.904324,-0.0009126171,2.931782,-0.0044037989999999,1.075147,0.4666265,0.4342018999999999,0.4536568999999999,-0.5410730999999999,0.1233897,4
2020-04-15 21:16:00,0.1838636999999999,2.765131,122.3086,0.3337623,13.65223,1.904324,-0.005932011,2.903262,-0.01766204,1.0845,0.4615774999999999,0.4327553,0.4594158999999999,0.0,0.1223122,4
2020-04-15 21:17:00,0.1840229999999999,2.783592,122.359,0.2793683,13.65223,1.904324,-0.003878622,3.028747,-0.01179031,1.07658,0.4558078999999999,0.4298676,0.4478816999999999,-0.1202381,0.1228708,4
2020-04-15 21:18:00,0.1841104,2.785763,122.4147,0.2660687999999999,13.65223,1.902629,-0.008213553,3.023044,-0.0242677399999999,1.069127,0.4505091,0.4267304,0.4404212,-0.4809546,0.1229828,4
2020-04-15 21:19:00,0.1839048,2.791181,122.3841,0.228543,13.65223,1.889074,-0.006616473,3.080082,-0.0184428599999999,1.049074,0.4398031,0.4153032999999999,0.4333179999999999,0.0,0.1233863999999999,4
2020-04-15 21:20:00,0.1839489,2.769205,122.2846,0.2669200999999999,13.65223,1.883991,-0.0063883189999999,3.005932,-0.0160848,1.046842,0.4433173999999999,0.4159349,0.4375527,-0.1202407,0.1224517,4
2020-04-15 21:21:00,0.1839378,2.779774,122.3517,0.2748776,13.65223,1.883991,0.0029660049999999,3.068674,0.007870619,1.048991,0.4454611,0.4159166,0.4360935,-0.1803609999999999,0.1229476999999999,4
2020-04-15 21:22:00,0.1838437,2.78232,122.2909,0.2785165,13.65223,1.883991,-0.0095824789999999,3.011636,-0.0292493399999999,1.056196,0.4397085,0.4159287999999999,0.4382673999999999,-0.1202416,0.122999,4
2020-04-15 21:23:00,0.1838025,2.793245,122.288,0.2632926999999999,13.65223,1.883991,-0.00319416,3.023043,-0.01121251,1.054039,0.4368302,0.4101678,0.4303448,-0.0601208199999999,0.1236846,4
2020-04-15 21:24:00,0.1838357999999999,2.79059,122.2938,0.2510551999999999,13.65223,1.883991,-0.002281543,3.188455,-0.008479656,1.056249,0.4426755,0.4160149,0.4325968,-0.1202416,0.1231426,4
2020-04-15 21:25:00,0.1840083999999999,2.762874,122.3467,0.241658,13.65223,1.883991,-0.00319416,2.874743,-0.007089803,1.0541,0.4383792,0.4146012,0.4376586,-0.3006018999999999,0.1223053999999999,4
2020-04-15 21:26:00,0.184014,2.775538,122.3173,0.1662579999999999,13.65223,1.883991,-0.008213553,2.937486,-0.0257200599999999,1.015246,0.4355201,0.4074189999999999,0.4167862,-0.1803601,0.1223656999999999,4
2020-04-15 21:27:00,0.1840718,2.787504,122.3981,0.1880219999999999,13.65223,1.883991,-0.007985399,2.960301,-0.02679758,1.006612,0.4477732999999999,0.4203934999999999,0.4348041,-0.0601200299999999,0.1229751,4
2020-04-15 21:28:00,0.1841260999999999,2.78481,122.3753,0.2670464,13.65223,1.883991,-0.001825234,2.91467,-0.003825995,1.017395,0.4506328,0.4203704999999999,0.4470302999999999,-0.1202411,0.1231069999999999,4
2020-04-15 21:29:00,0.1842065,2.782845,122.3783,0.2460135,13.65223,1.883991,-0.0063883189999999,2.777778,-0.02005134,1.016674,0.4383819999999999,0.4160452,0.4347793999999999,-0.1803616,0.1234827,4
2020-04-15 21:30:00,0.1839851999999999,2.785623,122.3174,0.2241648,13.65223,1.883991,-0.007395406,2.863336,-0.0138829,1.019505,0.4476692999999999,0.4188462,0.4325373,-0.1803605,0.1231302,4
2020-04-15 21:31:00,0.1841716999999999,2.82118,122.3851,0.2248899,13.65223,1.883991,-0.005247548,3.097194,-0.01521028,1.018786,0.4433469999999999,0.4174062,0.4390236,0.0,0.1241889999999999,4
2020-04-15 21:32:00,0.1840178,2.790259,122.3865,0.226356,13.65223,1.883991,-0.0027378509999999,2.971709,-0.0059498119999999,1.015914,0.4505649999999999,0.4224628999999999,0.4397566,-0.1803618999999999,0.1228655,4
2020-04-15 21:33:00,0.1838108,2.786356,122.3294,0.1947376,13.65223,1.882108,-0.007985399,3.000228,-0.02222201,1.009717,0.4378811,0.4133815,0.4241903,-0.1803615,0.1232993,4
2020-04-15 21:34:00,0.1837324999999999,2.76881,122.3207,0.1518717,13.65223,1.878343,-0.0070727819999999,3.097194,-0.0236743199999999,0.9872658,0.4312837999999999,0.4111084999999999,0.4154319,0.0,0.1228651,4
2020-04-15 21:35:00,0.1836953,2.763236,122.2748,0.1546013,13.65269,1.865162,-0.0054757019999999,2.920374,-0.0186146399999999,0.9539049,0.4295926999999999,0.4014909999999999,0.4122993999999999,0.0,0.1227931,4
2020-04-15 21:36:00,0.1838248,2.795819,122.3552,0.1645736999999999,13.65361,1.861397,-0.0054757019999999,3.051563,-0.0155226099999999,0.9551552,0.4373193,0.4048938999999999,0.4070556,-0.1202414,0.123201,4
2020-04-15 21:37:00,0.1838220999999999,2.765512,122.3634,0.1413658,13.65315,1.861397,-0.007985399,2.994524,-0.0249236299999999,0.9421987,0.4329986,0.4099404999999999,0.4063376,-0.1803621,0.122414,4
2020-04-15 21:38:00,0.1839768,2.791326,122.3678,0.2008503,13.65315,1.861397,-0.01300479,3.171344,-0.0420547199999999,0.9407639,0.4402116999999999,0.4106691,0.4308446,-0.1803632,0.1227855999999999,4
2020-04-15 21:39:00,0.1839261,2.772398,122.2873,0.251576,13.65407,1.861397,-0.0027378509999999,3.005932,-0.0081204799999999,0.9536985,0.4401748999999999,0.4091903,0.430087,-0.2404845999999999,0.1227724,4
2020-04-15 21:40:00,0.1839957999999999,2.778918,122.3348,0.1912898,13.65544,1.861397,-0.0029660049999999,3.13712,-0.0095259469999999,0.9471717,0.4285714999999999,0.3997464,0.4069528,-0.1803641,0.1234746,4
2020-04-15 21:41:00,0.1838702,2.773105,122.2872,0.1648986,13.65636,1.849536,-0.0006844628,2.829112,-0.002233132,0.9309795,0.4238986,0.3993976,0.4080450999999999,-0.2404843999999999,0.1229806,4
2020-04-15 21:42:00,0.1840645999999999,2.795732,122.3539,0.192691,13.65682,1.841064,-0.008213553,2.777778,-0.0236118599999999,0.9261043,0.417584,0.3923624,0.406775,-0.0601208099999999,0.1236606,4
2020-04-15 21:43:00,0.1841594,2.793396,122.4026,0.2057837999999999,13.6559,1.841064,-0.002053388,2.880447,-0.002873399,0.9203704,0.4241093,0.396006,0.4169032999999999,-0.1202412,0.1222015999999999,4
2020-04-15 21:44:00,0.1840973999999999,2.796755,122.3903,0.2138138,13.65636,1.841064,-0.01140771,3.051563,-0.03449642,0.9218361,0.4227078,0.3931642,0.4176638999999999,-0.1202407,0.1240493,4
2020-04-15 21:45:00,0.1838969,2.776733,122.3013,0.2029264,13.65682,1.841064,-0.002053388,2.857632,-0.004997218,0.9153526,0.4335099,0.4032461,0.4190987999999999,-0.1202407,0.1227188,4
2020-04-15 21:46:00,0.1839513999999999,2.79467,122.323,0.2348288,13.65682,1.841064,-0.006616473,2.903262,-0.0171935499999999,0.9139087,0.4407092,0.4097251,0.4327831999999999,-0.3005999999999999,0.1232626,4
2020-04-15 21:47:00,0.1837463,2.780753,122.3071,0.2341061999999999,13.65636,1.841064,-0.01003879,2.994524,-0.0280625099999999,0.9124713,0.4306251999999999,0.4068466,0.4212581,-0.1202407999999999,0.1236817999999999,4
2020-04-15 21:48:00,0.183817,2.774031,122.3159,0.1946942,13.65774,1.83937,-0.002509697,3.023044,-0.0069336399999999,0.9064562,0.4325321999999999,0.4058711999999999,0.4195619999999999,0.0,0.1235816,4
2020-04-15 21:49:00,0.1838975999999999,2.787318,122.3157,0.1887994,13.65728,1.834287,-0.0084417069999999,3.102897,-0.02428336,0.8955655,0.4280977999999999,0.4014356,0.4180095999999999,-0.1202407999999999,0.1235151,4
2020-04-15 21:50:00,0.1836056,2.794019,122.2347,0.1696139999999999,13.65774,1.822426,-0.00319416,2.908966,-0.01097826,0.8786249,0.4140161,0.3909559,0.4068098,-0.1202415,0.1228684,4
2020-04-15 21:51:00,0.1837807999999999,2.796565,122.3442,0.2411762,13.65774,1.820732,-0.007985399,2.931782,-0.02145681,0.8805315999999999,0.4288970999999999,0.4036757,0.4310587,-0.0601210299999999,0.1226236,4
2020-04-15 21:52:00,0.1837562,2.774582,122.3006,0.2941212,13.65774,1.820732,-0.0004563085,3.205567,-0.001093142,0.8934931999999999,0.4303401,0.4051189,0.4274577,-0.1803631,0.1228505,4
2020-04-15 21:53:00,0.1838789,2.787363,122.3385,0.2151369999999999,13.65774,1.820732,-0.0088980159999999,2.789186,-0.0252671899999999,0.8920995999999999,0.4304092999999999,0.3972628999999999,0.4131158999999999,0.0,0.1237372999999999,4
2020-04-15 21:54:00,0.1837849,2.783224,122.3319,0.1716425,13.65774,1.820732,-0.002281543,3.01734,-0.0084171899999999,0.8841891,0.432585,0.4044830999999999,0.4203355999999999,0.0,0.1234233,4
2020-04-15 21:55:00,0.1836081,2.793752,122.2859,0.1717567,13.65728,1.805669,-0.0096769479999999,3.011636,-0.0196297,0.8626158,0.423242,0.3900951999999999,0.4066688,0.0,0.1233337,4
2020-04-15 21:56:00,0.1835236,2.790313,122.2688,0.1961154,13.65774,1.798138,-0.0045630849999999,2.920374,-0.01363304,0.8543504,0.4178521,0.3868667,0.4113668999999999,-0.06012085,0.1236131,4
2020-04-15 21:57:00,0.1837363999999999,2.806159,122.2891,0.2156857,13.65774,1.798138,-0.0050193929999999,3.040155,-0.01358619,0.8565038,0.4250480999999999,0.3947835,0.4142394999999999,-0.06012116,0.1231641,4
2020-04-15 21:58:00,0.1836689,2.785721,122.2448,0.2301902,13.65774,1.798138,0.002509697,2.926078,0.006293372,0.8601033,0.4286499999999999,0.3983856,0.4200032,0.0,0.1237372,4
2020-04-15 21:59:00,0.1839668999999999,2.79717,122.3066,0.2308415,13.6582,1.798138,-0.004334931,2.931782,-0.01296154,0.8629402999999999,0.4357927999999999,0.4033654999999999,0.4257043999999999,-0.06012141,0.1239707,4
2020-04-15 22:00:00,0.1838423999999999,2.789426,122.2551,0.3439763,13.65774,1.798138,0.00159708,3.177048,0.0058873479999999,0.8744602999999999,0.4545268,0.4199387,0.4487623,-0.300607,0.1233361,4
2020-04-15 22:01:00,0.1837433,2.812629,122.3502,0.3649928,13.65774,1.798138,0.0006844626999999,3.057266,0.003513668,0.8802130999999999,0.4379427,0.4091183999999999,0.4379427,0.0,0.1240332,4
2020-04-15 22:02:00,0.1839164,2.781377,122.3891,0.3432446,13.65774,1.798138,-0.001140771,3.125713,-0.00587173,0.8874208,0.4379538,0.4098504,0.4379538,-0.1803624,0.1230302,4
2020-04-15 22:03:00,0.1836912,2.790166,122.3327,0.3237301,13.65774,1.798138,-0.0045630849999999,3.057266,-0.01382043,0.8896176999999998,0.4394501,0.4070243,0.4351267999999999,-0.1202407,0.1242664,4
2020-04-15 22:04:00,0.1837497999999999,2.803154,122.4073,0.3012502,13.65774,1.798138,-0.008669862,3.028747,-0.02482993,0.8932178,0.4351270999999999,0.4055834999999999,0.4365682,-0.240481,0.123268,4
2020-04-15 22:05:00,0.1837829,2.783344,122.3907,0.2845718999999999,13.65774,1.798138,-0.008213553,2.98882,-0.0230965199999999,0.8932189999999999,0.43657,0.4055852999999999,0.4351288999999999,-0.1803598999999999,0.1231841999999999,4
2020-04-15 22:06:00,0.183681,2.782347,122.3623,0.2686104,13.65774,1.798138,-0.002509697,2.84052,-0.007417746,0.893935,0.443049,0.4099027,0.4250348999999999,-0.2404797999999999,0.1229694,4
2020-04-15 22:07:00,0.1839920999999999,2.796642,122.4632,0.2857463,13.65774,1.796443,-0.003878622,2.960301,-0.01141552,0.9023055,0.4470969,0.4161121999999999,0.4319650999999999,-0.1803614,0.1235803,4
2020-04-15 22:08:00,0.1840351,2.795786,122.4876,0.3050496999999999,13.65774,1.794749,-0.0027378509999999,3.045859,-0.0106190899999999,0.9077914,0.4410494999999999,0.4129462999999999,0.4295201,-0.1803622,0.1231689,4
2020-04-15 22:09:00,0.1839664,2.804199,122.5246,0.2996873999999999,13.65774,1.798138,-0.002509697,3.074378,-0.0080267819999999,0.920512,0.4400714,0.4090847,0.4292622999999999,-0.1202418,0.1240965,4
2020-04-15 22:10:00,0.1838172999999999,2.801731,122.4323,0.2697085,13.65774,1.796443,-0.007985399,2.937486,-0.02359624,0.9245787,0.4383788,0.411716,0.4282903,-0.1803625,0.1241054999999999,4
2020-04-15 22:11:00,0.183845,2.80459,122.339,0.2888033999999999,13.65774,1.793055,-0.006160165,3.068674,-0.01939545,0.9219099,0.4364314,0.4119303999999999,0.4299458999999999,-0.3006039999999999,0.1243394,4
2020-04-15 22:12:00,0.1837794,2.799104,122.3418,0.2910460999999999,13.65774,1.798138,-0.004106776,2.926078,-0.01127497,0.9407127,0.4365338,0.4127545,0.4271664,-0.06012079,0.1236075,4
2020-04-15 22:13:00,0.1837829,2.790751,122.3585,0.3041643,13.6582,1.798138,-0.004791239,3.154232,-0.01571001,0.9436247,0.4394673,0.4092037,0.4380261999999999,-0.2404801,0.1235007999999999,4
2020-04-15 22:14:00,0.1837683,2.809412,122.3259,0.3288061999999999,13.6582,1.798138,-0.001140771,3.034451,-0.001264921,0.9529762,0.4365734,0.4156769,0.4293678,-0.2404789,0.124347,4
2020-04-15 22:15:00,0.1837195,2.791198,122.2716,0.3113886,13.65774,1.798138,-0.004334931,3.211271,-0.0144607,0.9608877,0.4336793999999999,0.4099003,0.4243119,-0.1202389,0.1231904999999999,4
2020-04-15 22:16:00,0.1836933,2.812023,122.3292,0.3237149999999999,13.6582,1.798138,0.0006844628,2.994524,0.002967099,0.9644873,0.4322383,0.4062973999999999,0.4264738,-0.0601194499999999,0.1244392,4
2020-04-15 22:17:00,0.1838016,2.794108,122.3544,0.3099358999999999,13.65774,1.798138,-0.0029660049999999,2.94319,-0.0097758089999999,0.9731259,0.4307971999999999,0.4012531999999999,0.4207092,-0.1803595,0.1232953,4
2020-04-15 22:18:00,0.1839114,2.805526,122.403,0.3396106999999999,13.65774,1.798138,-0.0002281542999999,2.886151,-0.002108202,0.979574,0.4422752999999999,0.4084071,0.4314664999999999,-0.1202404,0.1241724,4
2020-04-15 22:19:00,0.1839747999999999,2.804643,122.4185,0.3613375999999999,13.65774,1.798138,-0.0088980159999999,2.834816,-0.0289214,0.9903572,0.4242347,0.3982919999999999,0.4328819999999999,-0.3006011,0.1237611,4
2020-04-15 22:20:00,0.18384,2.798306,122.3354,0.3692962,13.65774,1.798138,-0.0006844626999999,3.085786,-0.0020301199999999,0.9946666,0.4299824999999999,0.3982744999999999,0.419173,-0.2404815999999999,0.1240136,4
2020-04-15 22:21:00,0.183706,2.804674,122.3051,0.3765388,13.65682,1.798138,-0.005247548,3.034451,-0.01546014,0.9968229,0.4162848,0.3917825999999999,0.4054750999999999,-0.3006028,0.1235113,4
2020-04-15 22:22:00,0.1837726,2.792288,122.3352,0.3244002999999999,13.65682,1.798138,-0.006616473,2.966005,-0.0192392899999999,1.000468,0.4156436,0.3839365,0.4091582,-0.2404812,0.1235839,4
2020-04-15 22:23:00,0.1838983999999999,2.797793,122.3477,0.2994808999999999,13.65636,1.800021,-0.000912617,2.960301,-0.0031544939999999,0.9987639,0.4110618999999999,0.3822373,0.4031352999999999,-0.2404801,0.1236636,4
2020-04-15 22:24:00,0.1839322999999999,2.811418,122.3696,0.2675711,13.65774,1.800021,-0.004106776,2.880447,-0.01138429,0.9951658,0.4038578999999999,0.3735918999999999,0.3952106,-0.3005985999999999,0.1243442,4
2020-04-15 22:25:00,0.1839110999999999,2.793368,122.3012,0.2829631,13.65544,1.813201,-0.006616473,3.028747,-0.02083215,1.001167,0.4113068999999999,0.3810412,0.4019392,-0.1202392999999999,0.1242854999999999,4
2020-04-15 22:26:00,0.1838977,2.799541,122.3836,0.3158930999999999,13.65774,1.820732,-0.001368925,2.960301,-0.0049191369999999,1.005829,0.4123704999999999,0.3849873999999999,0.4123704999999999,-0.1202402999999999,0.1237053999999999,4
2020-04-15 22:27:00,0.1840225,2.804647,122.4264,0.2564248,13.65728,1.820732,-0.004106776,2.937486,-0.01175908,1.000791,0.3993995,0.3734569999999999,0.3936346,-0.4208411,0.1242945,4
2020-04-15 22:28:00,0.1840321,2.787117,122.3874,0.2679459,13.65728,1.820732,-0.0120921699999999,2.834816,-0.0328254799999999,0.9957087,0.4050907,0.3704991,0.3935603999999999,0.0,0.1238318999999999,4
2020-04-15 22:29:00,0.1841395999999999,2.804008,122.4327,0.2679455,13.65682,1.820732,-0.00319416,3.102897,-0.008573354,0.9820303,0.3841915,0.3632918,0.3870740999999999,0.0,0.1235258999999999,4
2020-04-15 22:30:00,0.1840096,2.804725,122.4331,0.238202,13.65636,1.820732,-0.007985399,2.971709,-0.02279981,0.96619,0.3704951,0.3524777,0.3755397999999999,0.0,0.1234696,4
2020-04-15 22:31:00,0.1840554,2.826975,122.4054,0.2447352,13.65728,1.820732,0.0029660049999999,2.732147,0.0078862359999999,0.9532371,0.3697845,0.3524879,0.3748292999999999,-0.1803623,0.1242232,4
2020-04-15 22:32:00,0.1840863,2.802353,122.4775,0.215782,13.65728,1.820732,-0.006616473,2.829112,-0.01753711,0.9446284,0.3683939,0.3518185999999999,0.3698352999999999,-0.0601204099999999,0.1244476,4
2020-04-15 22:33:00,0.1840477,2.799659,122.4499,0.2107017999999999,13.65682,1.820732,0.002281543,2.846224,0.005168998,0.932388,0.3705534999999999,0.3525367999999999,0.3734360999999999,0.0,0.1233697,4
2020-04-15 22:34:00,0.1841145999999999,2.802267,122.4605,0.2563807,13.65774,1.820732,0.001140771,2.954597,0.001842724,0.9273407,0.3719824999999999,0.3539656999999999,0.3849542,0.06012,0.1238458,4
2020-04-15 22:35:00,0.1839834999999999,2.795839,122.3757,0.2431706999999999,13.65774,1.807552,0.001825234,2.772074,0.0038259959999999,0.9047837,0.3530095999999999,0.3393165,0.3645402999999999,0.0601204899999999,0.1240338,4
2020-04-15 22:36:00,0.1840073999999999,2.805433,122.4134,0.2301245,13.65774,1.798138,-0.0027378509999999,2.794889,-0.0074802109999999,0.8802471,0.344312,0.3291776,0.3536808,0.0,0.1247461,4
2020-04-15 22:37:00,0.1840595999999999,2.810041,122.4749,0.2155976,13.65774,1.798138,-0.008213553,2.572439,-0.02273734,0.8658346999999998,0.3385277999999999,0.328438,0.3507795,0.0,0.1242051,4
2020-04-15 22:38:00,0.1840641,2.806431,122.4782,0.2126546,13.65774,1.798138,-0.001140771,2.635181,-0.0034199709999999,0.8499693999999999,0.3420939,0.3269586999999999,0.3543458999999999,0.1202402,0.1238648,4
2020-04-15 22:39:00,0.1841162,2.813192,122.4685,0.2083062,13.65774,1.798138,-0.001140771,2.572439,0.0003904077,0.8283702,0.3392158,0.3305672,0.3601160999999999,0.0,0.1239768,4
2020-04-15 22:40:00,0.1839351999999999,2.801565,122.3838,0.1749464,13.65774,1.798138,0.0004563085,2.886151,0.0008432795,0.7938089,0.3385017,0.3298532,0.3557986,0.06012056,0.1235456999999999,4
2020-04-15 22:41:00,0.1840699,2.799302,122.4455,0.1568546,13.6582,1.798138,0.002509697,2.623774,0.00723035,0.7513533,0.3363863,0.3299000999999999,0.3500792999999999,0.1803604,0.1232652,4
2020-04-15 22:42:00,0.1840025,2.821439,122.4417,0.1361068,13.65866,1.794749,-0.002281543,2.760666,-0.003888461,0.6961380999999999,0.3308733999999999,0.3265493999999999,0.3546552,0.06012014,0.1247679,4
2020-04-15 22:43:00,0.1841286,2.818404,122.5008,0.1324258,13.66003,1.7795,-0.01026694,2.509696,-0.0242052799999999,0.6527745,0.3249601999999999,0.3155913,0.3429768,0.0,0.1241817,4
2020-04-15 22:44:00,0.1840362,2.820265,122.4603,0.1365368,13.66141,1.777805,-0.0095824789999999,2.715035,-0.02726607,0.6330755999999998,0.3182239,0.3138998,0.3441679,0.0,0.1245043,4
2020-04-15 22:45:00,0.1840885999999999,2.80284,122.4545,0.1157915,13.66141,1.775923,-0.0070727819999999,2.578143,-0.0184116299999999,0.6189470999999999,0.3235470999999999,0.3192230999999999,0.343005,0.0,0.123666,4
2020-04-15 22:46:00,0.1840605999999999,2.808275,122.4376,0.0877697499999999,13.66233,1.755215,-0.009126171,2.606662,-0.02208146,0.5866727,0.3042291999999999,0.3042291999999999,0.3244083999999999,0.0,0.1238691,4
2020-04-15 22:47:00,0.1842950999999999,2.813647,122.4869,0.0659478099999999,13.66187,1.755215,-0.002509697,2.521104,-0.0056843359999999,0.5758279,0.3070635999999999,0.3070635999999999,0.3344501999999999,0.2404852,0.1240276,4
2020-04-15 22:48:00,0.1841067999999999,2.808963,122.4546,0.07027186,13.66233,1.755215,-0.01232033,2.509696,-0.0308422099999999,0.5549167,0.3164087999999999,0.3178502,0.3387506,0.0,0.1240348,4
2020-04-15 22:49:00,0.1841903,2.798973,122.5052,0.0467503699999999,13.66325,1.715865,-0.0045630849999999,2.29295,-0.0106190899999999,0.4988995,0.2827103,0.2870348999999999,0.3079366,0.0,0.1233465,4
2020-04-15 22:50:00,0.1839019,2.801821,122.4,0.04605697,13.66325,1.712288,0.0006844626999999,2.5154,-0.0007339663999999,0.4945901999999999,0.2834439999999999,0.2870479,0.3093910999999999,0.0,0.1238027,4
2020-04-15 22:51:00,0.1840806,2.803764,122.4342,0.04200218,13.66325,1.708899,-0.004106776,2.526808,-0.0126804399999999,0.4912514,0.2837176,0.2887626999999999,0.3096633999999999,0.0,0.1237977,4
2020-04-15 22:52:00,0.1841724999999999,2.803927,122.5023,0.01124083,13.66325,1.691956,-0.009126171,2.521104,-0.0220033799999999,0.4714000999999999,0.2681856,0.275393,0.2926904,0.0,0.123756,4
2020-04-15 22:53:00,0.1841148,2.814096,122.5116,-0.009108428,13.66325,1.691956,-0.0098106329999999,2.578143,-0.02514225,0.4641882,0.2739434,0.2818715,0.3049346,0.0,0.1235304,4
2020-04-15 22:54:00,0.1841486,2.810536,122.4701,-0.0301550899999999,13.66325,1.691956,-0.004106776,2.310062,-0.0107284,0.4569816999999999,0.2768246999999999,0.2890771999999999,0.3042121999999999,0.0,0.1233364,4
2020-04-15 22:55:00,0.1840553,2.808307,122.4517,-0.06697087,13.66325,1.683482,-0.002281543,2.532512,-0.004075856,0.4434348,0.2762456999999999,0.2820116999999999,0.3007505999999999,0.0,0.1243277,4
2020-04-15 22:56:00,0.1841874,2.813871,122.5293,-0.07379257,13.66417,1.671619,-0.002053388,2.310062,-0.006652547,0.4192950999999999,0.2730007999999999,0.2823706,0.2996680999999999,0.0,0.1244087,4
2020-04-15 22:57:00,0.1841055,2.827152,122.5106,-0.07536257,13.66463,1.662207,-0.002281542,2.538216,-0.0063558369999999,0.4097817999999999,0.2692425,0.2822167999999999,0.3038401,0.0,0.1234370999999999,4
2020-04-15 22:58:00,0.1842638,2.795294,122.5409,-0.08712981,13.666,1.649029,-0.0050193929999999,2.452658,-0.01383605,0.3965733,0.2733301,0.2812587999999999,0.2949536999999999,0.0,0.1241342,4
2020-04-15 22:59:00,0.1841562999999999,2.814085,122.545,-0.0885956799999999,13.66692,1.649029,-0.00319416,2.3671,-0.0087139,0.396564,0.2819692999999999,0.2870149,0.3079173,0.0,0.1233125,4
2020-04-15 23:00:00,0.1840798999999999,2.820357,122.4816,-0.0983085699999999,13.66784,1.637168,-0.001825234,2.481177,-0.002076969,0.3839663999999999,0.2859482999999999,0.2924353,0.3090128999999999,0.0,0.1244312999999999,4
2020-04-15 23:01:00,0.1839958999999999,2.818983,122.4514,-0.05157511,13.6683,1.628696,-0.0098106329999999,2.606662,-0.0247987,0.3812922,0.296972,0.3027379,0.3214766,0.0,0.1243303,4
2020-04-15 23:02:00,0.1841877,2.831123,122.5433,-0.0348949699999999,13.6683,1.619282,-3.880511e-11,2.264431,0.0002030118999999,0.3841073999999999,0.2925802,0.301229,0.3214093,0.0,0.1244178,4
2020-04-15 23:03:00,0.1842551,2.813854,122.6109,-0.09673676,13.66876,1.606102,-0.008669862,2.429842,-0.0223469399999999,0.3708972999999999,0.2786471999999999,0.285134,0.3024318999999999,0.0,0.1245454,4
2020-04-15 23:04:00,0.1841733,2.835316,122.6176,-0.08730295,13.66876,1.606102,-0.01026694,2.486881,-0.0285309899999999,0.3781034999999999,0.2916206,0.3002694,0.3182875,0.0,0.1243477,4
2020-04-15 23:05:00,0.1842105,2.829274,122.5669,-0.0936067,13.66876,1.602713,-0.0059320099999999,2.5154,-0.01506974,0.3833542999999999,0.2882231,0.2997551,0.3184939,-0.0601210199999999,0.1242449999999999,4
2020-04-15 23:06:00,0.1841471,2.82272,122.6429,-0.1171591,13.66876,1.58577,-0.003878622,2.384212,-0.0092604709999999,0.3677968999999999,0.2805903,0.2914017999999999,0.3065374,0.0,0.1251411,4
2020-04-15 23:07:00,0.1842931999999999,2.842201,122.635,-0.1813333,13.66876,1.584075,-0.007757245,2.344285,-0.0205198299999999,0.3602977,0.2716459,0.2875033,0.2975941999999999,0.0,0.1254080999999999,4
2020-04-15 23:08:00,0.1841533999999999,2.805411,122.644,-0.2077721999999999,13.66922,1.567132,-0.0120921799999999,2.481177,-0.0313106999999999,0.3325022999999999,0.2611457999999999,0.2755619999999999,0.2899778,0.0,0.1248171,4
2020-04-15 23:09:00,0.1841424999999999,2.807048,122.5754,-0.2116594,13.66876,1.565437,-0.002281542,2.418435,-0.0072928159999999,0.3300783999999999,0.2695334999999999,0.2825078999999999,0.2933197,0.0,0.1239051,4
2020-04-15 23:10:00,0.1843327999999999,2.810288,122.6197,-0.2410982,13.66922,1.55414,0.00319416,2.424139,0.007527059,0.3195142999999999,0.2582493,0.2755483,0.2856390999999999,-0.1202419,0.1235454,4
2020-04-15 23:11:00,0.1841482999999999,2.817815,122.5557,-0.2734241,13.66967,1.542843,-0.0063883189999999,2.287246,-0.0153820599999999,0.3075087,0.2534522,0.2664262,0.2786792,-0.1803628999999999,0.1244147,4
2020-04-15 23:12:00,0.184444,2.837476,122.6855,-0.2632641,13.67243,1.542843,-0.01026694,2.167465,-0.02165982,0.3175969,0.264262,0.2822811,0.2902093,0.0,0.1235321999999999,4
2020-04-15 23:13:00,0.1843442999999999,2.804755,122.7271,-0.2756816999999999,13.67243,1.522511,-0.0002281542,2.623774,-0.0001717792999999,0.3051458,0.2568552,0.2770368,0.2842444,-0.1803637999999999,0.1239673,4
2020-04-15 23:14:00,0.1844327,2.811647,122.7196,-0.2517262,13.67335,1.522511,-0.01003879,2.247319,-0.02139434,0.3188386,0.2633415,0.2864058999999999,0.2928926,0.0,0.1238585,4
2020-04-15 23:15:00,0.1843702,2.813866,122.7087,-0.2589874999999999,13.67243,1.522511,-0.0006844629,2.378508,0.0001561625,0.3231623,0.2748731999999999,0.2950541999999999,0.3058652,-0.1803646,0.1251749,4
2020-04-15 23:16:00,0.1843886999999999,2.817472,122.6941,-0.2290179,13.67427,1.501799,-0.0068446269999999,2.412731,-0.0158661699999999,0.318215,0.2728069,0.2872224999999999,0.3038001,-0.3006078999999999,0.1239285,4
2020-04-15 23:17:00,0.1845075999999999,2.854026,122.7587,-0.236024,13.67427,1.499916,-0.005932011,2.287246,-0.01364865,0.3220705999999999,0.2716161,0.2896361,0.3033309,-0.06012174,0.123783,4
2020-04-15 23:18:00,0.1845175,2.843257,122.7679,-0.2917285,13.67427,1.486361,-0.001140771,2.224504,-0.005668719,0.3156988,0.2601981999999999,0.2796601,0.2861471999999999,-0.06012191,0.1237737,4
2020-04-15 23:19:00,0.1846278,2.821596,122.7951,-0.2890864,13.67427,1.479584,-0.0013689259999999,2.304358,-0.0037166809999999,0.3132329999999999,0.2642196,0.2815189,0.2944931,-0.1803656999999999,0.1237053,4
2020-04-15 23:20:00,0.1844456999999999,2.829727,122.7195,-0.2879896,13.67427,1.477701,-0.001140771,2.253023,-0.0022955979999999,0.3157307999999999,0.2724863,0.2897845,0.2962712,-0.06012122,0.1243586,4
2020-04-15 23:21:00,0.1843752999999999,2.850039,122.7217,-0.3030724,13.67427,1.462641,-0.005247548,2.3671,-0.01121251,0.3121823,0.2711003,0.2898397999999999,0.2963263999999999,0.0,0.1252319,4
2020-04-15 23:22:00,0.1845619,2.837152,122.8003,-0.2877073,13.67427,1.456993,0.0002281542,2.298654,-0.0005309546999999,0.3122728,0.2719111,0.2906507999999999,0.2964166999999999,-0.1202445999999999,0.1245358,4
2020-04-15 23:23:00,0.1844360999999999,2.842476,122.7502,-0.3054395999999999,13.67427,1.440046,-0.008669862,2.304358,-0.01891135,0.3068196999999999,0.2664574,0.2815936,0.292405,-0.1803669,0.1249121,4
2020-04-15 23:24:00,0.1844421,2.834799,122.7881,-0.3088673,13.67427,1.436657,-0.007300936,2.184577,-0.01645959,0.3149375999999999,0.2752959999999999,0.2875492,0.2933153,-0.1202447,0.1244616999999999,4
2020-04-15 23:25:00,0.1845417,2.837075,122.784,-0.2979785999999999,13.67427,1.436657,-0.0004563085,2.418435,-0.001421084,0.3214225,0.2752943999999999,0.2925928999999999,0.3005211999999999,-0.1202447,0.1245996,4
2020-04-15 23:26:00,0.1844316,2.835066,122.724,-0.3409363999999999,13.67427,1.431574,-0.00319416,2.407027,-0.01032238,0.3184281999999999,0.2658096999999999,0.2895966999999999,0.2917590999999999,-0.1202448,0.1246503999999999,4
2020-04-15 23:27:00,0.1843366999999999,2.840908,122.7856,-0.3511523999999999,13.67427,1.416325,-0.006160165,2.14465,-0.0149135699999999,0.3096361999999999,0.2599003999999999,0.2836875999999999,0.2887333,-0.1202448,0.124629,4
2020-04-15 23:28:00,0.1844306,2.840925,122.7733,-0.3409691,13.67427,1.416325,-0.006160165,2.253023,-0.01260236,0.3182954,0.2707230999999999,0.2923472999999999,0.2988344,0.0,0.1250672999999999,4
2020-04-15 23:29:00,0.1844105,2.834256,122.7628,-0.3280421,13.67427,1.393734,-0.0002281541,2.247319,0.001421085,0.3014371,0.2524222999999999,0.2740469999999999,0.2855799,0.0,0.1240253,4
2020-04-15 23:30:00,0.1842772,2.846558,122.7549,-0.348279,13.67427,1.393734,-0.01026694,2.349989,-0.0246112999999999,0.3086993,0.2618499,0.2805901,0.2791485,0.0,0.1246645,4
2020-04-15 23:31:00,0.1842573,2.814816,122.7296,-0.3182822,13.67473,1.390345,-0.004334931,2.2188,-0.0086826669999999,0.3139496,0.2743084,0.2923274,0.3002557,0.0,0.1240744,4
2020-04-15 23:32:00,0.1844758,2.852967,122.8315,-0.3316741999999999,13.67427,1.373402,-0.01026694,2.475473,-0.0257356699999999,0.3034443,0.2695680999999999,0.2825422,0.2868667999999999,0.0,0.1251066,4
2020-04-15 23:33:00,0.1845071,2.846288,122.8563,-0.3934009,13.67427,1.373402,-0.0048580819999999,2.213096,-0.014367,0.3092095999999999,0.2587555,0.2803792,0.2803792,0.0,0.1248265,4
2020-04-15 23:34:00,0.1844057,2.835209,122.821,-0.4138911,13.67656,1.360222,-0.0070727819999999,2.44125,-0.01788067,0.3017685,0.2621257,0.2844701,0.2815869999999999,0.0,0.1247936,4
2020-04-15 23:35:00,0.184113,2.840276,122.7049,-0.3972187999999999,13.67519,1.350807,-0.004334931,2.384212,-0.009682111,0.3024107999999999,0.2613258,0.2800667,0.2807875,-0.120244,0.1247625,4
2020-04-15 23:36:00,0.1842639,2.824787,122.74,-0.4241465999999999,13.6761,1.350807,-0.0070727819999999,2.116131,-0.01347687,0.3074242999999999,0.2490381999999999,0.27643,0.272826,0.0,0.1247576,4
2020-04-15 23:37:00,0.1842882,2.816638,122.7421,-0.4415761999999999,13.6761,1.350807,-0.009354324,2.298654,-0.02379925,0.3153552,0.2598534,0.2814781,0.2735490999999999,-0.0601220999999999,0.1239621,4
2020-04-15 23:38:00,0.1842812,2.849058,122.7616,-0.4212665999999999,13.67702,1.340641,-0.0070727819999999,2.452658,-0.0138985099999999,0.3138224,0.2640874,0.2864326999999999,0.2828286999999999,-0.1202442,0.1238572,4
2020-04-15 23:39:00,0.1844079999999999,2.82638,122.7535,-0.4553942999999999,13.67794,1.330475,-0.0068446269999999,2.247319,-0.01500727,0.3022255999999999,0.2467243,0.2726736,0.2690695,-0.0601221899999999,0.1243158999999999,4
2020-04-15 23:40:00,0.1841189,2.828389,122.6411,-0.4668145,13.67748,1.324826,-0.0098106329999999,2.315765,-0.024705,0.3016416,0.2511876,0.2764152,0.280019,0.0,0.1243552,4
2020-04-15 23:41:00,0.1840512,2.84548,122.5805,-0.4664042999999999,13.67932,1.30788,-0.0104951,2.053388,-0.02059791,0.2933039,0.2442902999999999,0.2687976999999999,0.2731223999999999,-0.1803666999999999,0.1243533,4
2020-04-15 23:42:00,0.1841072,2.807373,122.6171,-0.4475391,13.6784,1.30788,-0.006616473,2.053388,-0.01478864,0.3005017999999999,0.2572548,0.2795996,0.2817619,0.0,0.1243099,4
2020-04-15 23:43:00,0.1841330999999999,2.823064,122.6552,-0.4344743999999999,13.67978,1.30788,-0.0084417069999999,2.099019,-0.0189582,0.3127515,0.2659013,0.2824794999999999,0.2875249,-0.1202445999999999,0.1247641,4
2020-04-15 23:44:00,0.1840139,2.8108,122.6859,-0.4648015999999999,13.67978,1.289242,-0.01026694,2.230208,-0.02205023,0.2955191999999999,0.2436217,0.2666877999999999,0.2724541999999999,-0.1803669,0.1240725,4
2020-04-15 23:45:00,0.1841587,2.84114,122.7006,-0.446946,13.67978,1.287548,-0.01232033,2.224504,-0.02620416,0.2945132999999999,0.2498227,0.2757724999999999,0.2779348999999999,-0.1202447,0.1243181,4
2020-04-15 23:46:00,0.1840011,2.832469,122.6346,-0.4595847,13.67978,1.280771,-0.001825234,2.281542,-0.003732298,0.2949168999999999,0.2415751999999999,0.2689675999999999,0.275455,0.0,0.1244346,4
2020-04-15 23:47:00,0.1841471,2.828619,122.7288,-0.4942327,13.67978,1.267216,-0.005703856,2.099019,-0.01197771,0.2907222999999999,0.2280098999999999,0.2554023,0.2582857,-0.0601223999999999,0.1252999999999999,4
2020-04-15 23:48:00,0.1842322,2.822763,122.7494,-0.5160172,13.67978,1.267216,-0.0118640199999999,2.173169,-0.0245488399999999,0.2907269,0.2272938999999999,0.256128,0.2539655,0.0,0.1245784,4
2020-04-15 23:49:00,0.184278,2.83105,122.7597,-0.5602641,13.67978,1.267216,-0.0070727819999999,2.047684,-0.0157568499999999,0.2914923999999999,0.215808,0.2511285999999999,0.2352706,-0.1803672,0.1240327,4
2020-04-15 23:50:00,0.1841494999999999,2.824763,122.7097,-0.611245,13.68023,1.26345,-0.0084417069999999,2.0705,-0.0172403999999999,0.2906118999999999,0.2214155999999999,0.2538523999999999,0.2379947,0.0,0.1248094,4
2020-04-15 23:51:00,0.1841286,2.820565,122.7025,-0.6164809,13.68023,1.25027,-0.004334931,2.224504,-0.0092448549999999,0.2838984,0.2276767,0.2565090999999999,0.2392098,0.0,0.1240788,4
2020-04-15 23:52:00,0.1841733,2.823017,122.7576,-0.6039856999999998,13.68115,1.244621,-0.0075290909999999,2.372804,-0.01969216,0.2854480999999999,0.2191348999999999,0.2486885,0.2458053,0.0,0.124555,4
2020-04-15 23:53:00,0.1841821999999999,2.82714,122.7401,-0.6015763,13.68115,1.241233,-0.005703856,2.207392,-0.01236812,0.2827772,0.2207887,0.2496213999999999,0.2344845,0.0,0.1239302,4
2020-04-15 23:54:00,0.183945,2.823875,122.6866,-0.6255984,13.68023,1.225983,-0.006549631,2.3671,-0.01199332,0.2689433,0.2076743,0.2343451,0.2206494,0.0,0.1248855,4
2020-04-15 23:55:00,0.184181,2.853675,122.7188,-0.5903534,13.68299,1.224289,-0.005932011,2.213096,-0.01296153,0.2758421999999999,0.2318715,0.2520551999999999,0.2542176999999999,-0.1202466,0.1248396,4
2020-04-15 23:56:00,0.1840185,2.848078,122.6888,-0.59108,13.68253,1.224289,-0.004106776,2.583847,-0.01164977,0.2816085999999999,0.2369174,0.2628674999999999,0.2607051,0.0,0.1251128,4
2020-04-15 23:57:00,0.1842075,2.843138,122.7449,-0.6630279,13.68161,1.205463,-0.008213553,1.945015,-0.0168187599999999,0.2584246,0.1971509999999999,0.2303117,0.2281489999999999,0.0,0.1255634999999999,4
2020-04-15 23:58:00,0.1842675,2.811092,122.783,-0.6806064,13.68391,1.201698,-0.005247548,2.173169,-0.0088700619999999,0.251778,0.1977132,0.2279902,0.2215023999999999,-0.06012315,0.1242366,4
2020-04-15 23:59:00,0.1841260999999999,2.832597,122.7926,-0.6892431,13.68299,1.201698,-0.0027378509999999,2.224504,-0.006184058,0.2583064999999999,0.207849,0.2345199,0.2366823,-0.3607382,0.1251966999999999,4
2020-07-15 00:11:00,0.1808768,2.998746,121.4307,17.91151,13.22226,19.44397,0.01403672,1.995474,0.0281927899999999,18.79776,16.74332,16.68473,16.86522,-2.755617,0.1360355,4
2020-07-15 00:12:00,0.1808342,2.988347,121.3837,17.90357,13.22416,19.44289,0.01778381,1.88668,0.0322189999999999,18.80137,16.72347,16.68091,16.81693,-2.400727,0.1356031,4
2020-07-15 00:13:00,0.1808317,3.005415,121.3602,17.84897,13.22397,19.44289,0.02051979,2.200177,0.04369685,18.79721,16.70539,16.66702,16.75631,-2.280712,0.1367078999999999,4
2020-07-15 00:14:00,0.1807231,2.998275,121.3032,17.81494,13.22456,19.41804,0.0200638,2.097579,0.04165394,18.7633,16.6525,16.62041,16.68948,-2.400759,0.1360956,4
2020-07-15 00:15:00,0.1806588,2.999631,121.3518,17.82889,13.22355,19.41578,0.01527585,2.177379,0.0324217899999999,18.76525,16.60997,16.58486,16.64346,-2.280717,0.135717,4
2020-07-15 00:16:00,0.1808578999999999,3.001782,121.4026,17.82832,13.22398,19.40749,0.0212037999999999,1.994981,0.0422777699999999,18.76322,16.5975,16.56401,16.63936,-2.160678,0.1364233,4
2020-07-15 00:17:00,0.1807064999999999,3.017485,121.3673,17.87332,13.22436,19.39093,0.0168718399999999,2.06338,0.03377857,18.7501,16.56615,16.54103,16.59894,-2.040637,0.1365161,4
2020-07-15 00:18:00,0.1807952999999999,2.987315,121.3459,17.93355,13.22343,19.39093,0.01869583,2.057681,0.04018809,18.75982,16.60382,16.548,16.62475,-2.160673,0.1361960999999999,4
2020-07-15 00:19:00,0.1806488,3.00991,121.3059,17.94683,13.22468,19.39093,0.02051982,2.17738,0.04553716,18.76815,16.58563,16.55703,16.64424,-1.920596,0.1359128,4
2020-07-15 00:20:00,0.1806955,2.987484,121.3719,17.97834,13.22517,19.39093,0.02097581,2.154581,0.0479231899999999,18.77718,16.60447,16.55772,16.65819,-1.800558,0.1362549999999999,4
2020-07-15 00:21:00,0.1808625,3.018974,121.4383,18.01834,13.225,19.38415,0.01459187,1.880983,0.02866347,18.7759,16.61068,16.56462,16.66859,-1.620522,0.1365194,4
2020-07-15 00:22:00,0.1808082,3.003002,121.4178,17.96364,13.225,19.36381,0.01413588,1.955083,0.0293340599999999,18.75553,16.55743,16.53161,16.64674,-1.440464,0.1375035,4
2020-07-15 00:23:00,0.1808642,3.024507,121.3511,17.93702,13.22525,19.36381,0.0159598599999999,2.160281,0.0378645,18.75623,16.54207,16.52323,16.63487,-1.32042,0.1365646,4
2020-07-15 00:24:00,0.1809089,3.022433,121.432,17.91672,13.22524,19.36381,0.01299589,1.909484,0.0255289099999999,18.75762,16.53791,16.51279,16.64676,-1.260401,0.1368319,4
2020-07-15 00:25:00,0.1809595,3.006278,121.4359,17.91182,13.22462,19.34348,0.01367988,1.943684,0.02568486,18.74355,16.53507,16.47157,16.61531,-1.320416,0.1358039,4
2020-07-15 00:26:00,0.1810267999999999,3.022049,121.5225,17.91343,13.22506,19.3367,0.0234837999999999,2.097582,0.05058998,18.74511,16.51709,16.44731,16.58338,-1.200378,0.1354520999999999,4
2020-07-15 00:27:00,0.1811103,3.030943,121.5303,17.90013,13.22495,19.3367,0.01641586,2.006383,0.0345739799999999,18.7458,16.48431,16.41173,16.57154,-1.200375,0.1358630999999999,4
2020-07-15 00:28:00,0.1810767,3.017934,121.4892,17.88968,13.22503,19.33256,0.02097583,2.051983,0.0437594099999999,18.74444,16.45294,16.37058,16.54994,-1.320412,0.1356490999999999,4
2020-07-15 00:29:00,0.1812118,2.992163,121.5085,17.88288,13.22528,19.31599,0.0125399,1.977884,0.0271663899999999,18.73063,16.41956,16.34208,16.53052,-1.260392,0.1363176,4
2020-07-15 00:30:00,0.1812215,3.024637,121.5689,17.91862,13.22523,19.31185,0.01709986,2.040583,0.0357280199999999,18.72856,16.40905,16.33716,16.49908,-1.32041,0.1367507,4
2020-07-15 00:31:00,0.1813103,3.027551,121.5652,17.92628,13.22511,19.31185,0.01595987,1.789785,0.02844518,18.72993,16.38451,16.32727,16.47455,-1.26039,0.1364204,4
2020-07-15 00:32:00,0.181057,3.005527,121.5044,17.91828,13.22521,19.29829,0.01846785,2.240082,0.0420283799999999,18.71635,16.34714,16.31433,16.45673,-1.260389,0.1361379,4
2020-07-15 00:33:00,0.181141,3.023607,121.5066,17.88961,13.22542,19.28926,0.0218878199999999,1.915185,0.04293289,18.70105,16.34293,16.30313,16.42948,-1.380425,0.136072,4
2020-07-15 00:34:00,0.1809649999999999,3.023198,121.446,17.84519,13.22533,19.28474,0.0177838599999999,2.069083,0.0366325399999999,18.69377,16.30706,16.28123,16.41735,-1.440443,0.1357986999999999,4
2020-07-15 00:35:00,0.1809516999999999,3.034261,121.4984,17.85155,13.22476,19.28474,0.01595987,2.017784,0.03338879,18.69309,16.25759,16.24851,16.38953,-1.380424,0.1371719999999999,4
2020-07-15 00:36:00,0.1812118,3.015004,121.5883,17.85226,13.22536,19.28474,0.0189238499999999,2.023484,0.03589958,18.6931,16.27158,16.23737,16.41747,-1.440442,0.1358021,4
2020-07-15 00:37:00,0.1812033999999999,3.014809,121.5932,17.84327,13.2255,19.27646,0.0118559,1.909485,0.0220356599999999,18.68273,16.25629,16.23186,16.47337,-1.440441,0.1365082,4
2020-07-15 00:38:00,0.1808314,3.016688,121.5265,17.83225,13.22563,19.25989,0.01367989,1.960784,0.02669855,18.66336,16.21728,16.19075,16.51394,-1.440441,0.1368453,4
2020-07-15 00:39:00,0.1808290999999999,3.004058,121.4421,17.82455,13.22573,19.25989,0.01459188,1.892385,0.0313614499999999,18.6585,16.22705,16.18935,16.55161,-1.320404,0.1366226,4
2020-07-15 00:40:00,0.1808559999999999,3.033422,121.455,17.80166,13.22555,19.23504,0.0182398499999999,1.698586,0.0305349099999999,18.62733,16.23402,16.18934,16.60604,-1.320414,0.1365222,4
2020-07-15 00:41:00,0.1811222,3.012571,121.5076,17.80496,13.22546,19.23278,0.01595987,1.943684,0.03190727,18.62297,16.22889,16.18559,16.65254,-1.38044,0.1370662,4
2020-07-15 00:42:00,0.1810634,3.029771,121.5107,17.71319,13.22562,19.23278,0.0157318699999999,1.875285,0.0302853899999999,18.60977,16.2673,16.23588,16.69092,-1.320418,0.1363601999999999,4
2020-07-15 00:43:00,0.1809262,3.01212,121.4486,17.67961,13.22753,19.22864,0.01025992,2.051984,0.02046057,18.60285,16.2806,16.26593,16.72513,-1.200379,0.1365271,4
2020-07-15 00:44:00,0.1809226999999999,2.999931,121.4363,17.69115,13.22676,19.20793,0.01960784,2.029184,0.03943963,18.57867,16.35,16.34651,16.75887,-1.260395,0.1365869,4
2020-07-15 00:45:00,0.1809601,3.028757,121.4336,17.73919,13.22818,19.20341,0.01709986,1.983584,0.0334355699999999,18.57416,16.42017,16.43622,16.81992,-1.320413,0.1370275,4
2020-07-15 00:46:00,0.1809899,3.030058,121.4973,17.7887,13.2283,19.18081,0.0202918399999999,2.154583,0.04467953,18.5432,16.53077,16.53216,16.91508,-1.260392,0.1363155,4
2020-07-15 00:47:00,0.1807657,3.008183,121.4225,17.96239,13.23062,19.18081,0.01618787,1.755586,0.0296927799999999,18.54946,16.7003,16.68774,17.06288,-1.200373,0.1364468,4
2020-07-15 00:48:00,0.1806039999999999,3.005084,121.3835,18.17031,13.22936,19.18081,0.0168718599999999,2.126083,0.0343556699999999,18.56334,16.82859,16.83068,17.21686,-1.380427,0.136435,4
2020-07-15 00:49:00,0.1805422999999999,3.007372,121.3504,18.08964,13.2312,19.17855,0.01960784,1.880985,0.03540054,18.5583,16.90093,16.92324,17.25849,-1.020316,0.1366667,4
2020-07-15 00:50:00,0.1808481,3.013556,121.3731,18.04674,13.23176,19.16726,0.01846785,1.932284,0.03671051,18.54209,16.93405,16.97588,17.30415,-1.260405,0.1368081999999999,4
2020-07-15 00:51:00,0.180848,3.011687,121.4436,18.07657,13.23038,19.15371,0.0088919289999999,1.994984,0.01660862,18.53616,16.93856,16.98319,17.32399,-0.9002894999999999,0.1366429999999999,4
2020-07-15 00:52:00,0.1810421999999999,3.009378,121.5118,18.11858,13.23092,19.15371,0.0125399,2.228682,0.0252638199999999,18.54242,16.96368,17.01109,17.3254,-1.140363,0.1366002,4
2020-07-15 00:53:00,0.1811584,3.02331,121.6022,18.11818,13.23184,19.12885,0.0155038799999999,2.080483,0.0310807399999999,18.52032,16.93943,16.97986,17.27747,-1.020324,0.1363769,4
2020-07-15 00:54:00,0.1810793,3.021736,121.5886,17.9894,13.23189,19.12885,0.02051984,2.000684,0.03978272,18.51617,16.91093,16.95904,17.21484,-1.140359,0.1371766,4
2020-07-15 00:55:00,0.1811763,3.031241,121.6069,17.93198,13.23183,19.12885,0.01117191,1.841085,0.0200863,18.50644,16.90745,16.97229,17.19742,-1.08034,0.1363789,4
2020-07-15 00:56:00,0.1812291,3.034613,121.664,17.889,13.2315,19.1153,0.01071591,1.869585,0.0205853299999999,18.4901,16.88062,16.96011,17.13646,-1.080338,0.1371063999999999,4
2020-07-15 00:57:00,0.1813024,3.022797,121.6439,17.8488,13.23107,19.10174,0.01664387,2.069083,0.03575922,18.47653,16.8447,16.91931,17.09079,-1.020323,0.1369873,4
2020-07-15 00:58:00,0.181016,3.021787,121.5764,17.74584,13.23162,19.10174,0.0139078899999999,2.040584,0.0290689899999999,18.46333,16.82171,16.89074,17.0476,-1.200389,0.1366728,4
2020-07-15 00:59:00,0.1812525,3.036479,121.6421,17.6898,13.23166,19.0976,0.0180118499999999,1.789786,0.03006706,18.455,16.80284,16.8663,17.00783,-1.380445,0.1364036999999999,4
2020-07-15 01:00:00,0.1812835999999999,3.025229,121.6535,17.68017,13.23173,19.07689,0.02097583,2.040584,0.04375943,18.43492,16.79377,16.84608,16.98762,-1.440461,0.1369259999999999,4
2020-07-15 01:01:00,0.1813935,3.040067,121.7238,17.70258,13.23221,19.07689,0.01618787,2.183082,0.03608671,18.43144,16.81048,16.87185,16.98969,-1.500485,0.1363843999999999,4
2020-07-15 01:02:00,0.1812463,3.041367,121.7151,17.72008,13.23181,19.07689,0.01732786,1.960784,0.0329677199999999,18.42309,16.83556,16.88716,17.00012,-1.560515,0.1372574,4
2020-07-15 01:03:00,0.181206,3.023674,121.666,17.71591,13.23184,19.07689,0.02234382,1.994984,0.0443676299999999,18.42033,16.86143,16.91512,16.99879,-1.500492,0.1382693,4
2020-07-15 01:04:00,0.1811224999999999,3.054193,121.6768,17.72581,13.23188,19.06785,0.01983584,1.949384,0.03848834,18.40921,16.89914,16.94168,16.99606,-1.680546,0.137244,4
2020-07-15 01:05:00,0.1811096,3.042958,121.733,17.7077,13.2319,19.04978,0.01618787,2.245782,0.03493269,18.38486,16.91098,16.96885,17.00998,-1.500484,0.1370288,4
2020-07-15 01:06:00,0.1813414999999999,3.037625,121.7703,17.67341,13.23193,19.04564,0.0127679,1.943684,0.02175496,18.37029,16.92704,17.00234,17.04347,-1.440462,0.1361804,4
2020-07-15 01:07:00,0.181095,3.036882,121.7274,17.63794,13.23196,19.02493,0.0177838599999999,1.829685,0.0315173899999999,18.34955,16.90206,16.97946,17.02616,-1.38045,0.1370505999999999,4
2020-07-15 01:08:00,0.1813250999999999,3.057645,121.7553,17.57066,13.23289,19.02493,0.0120839,2.012084,0.0247491799999999,18.33704,16.88882,16.97039,17.01431,-1.440476,0.1373591,4
2020-07-15 01:09:00,0.1812205,3.020272,121.7305,17.48087,13.23199,19.02493,0.0168718599999999,2.154583,0.03563446,18.31893,16.88592,16.96123,17.00445,-1.500504,0.1360887,4
2020-07-15 01:10:00,0.1817349,3.068073,122.178,16.96434,13.25002,18.08809,0.01869585,1.869585,0.0357748199999999,17.34029,15.05815,15.08754,15.28557,-2.941086,0.1369073,4
2020-07-15 01:11:00,0.1816414,3.067757,122.1908,16.95199,13.25231,18.06945,0.01504788,2.023484,0.02825805,17.31954,15.02472,15.03242,15.25146,-3.001108,0.1369834,4
2020-07-15 01:12:00,0.1817182,3.035692,122.2146,16.93758,13.25277,18.04667,0.01436388,1.955084,0.02973957,17.29534,14.99481,14.99761,15.22436,-2.881063,0.1358321999999999,4
2020-07-15 01:13:00,0.1817976,3.048251,122.2278,16.9594,13.25231,18.04667,0.0120839,1.789786,0.02044498,17.29399,15.00201,15.00831,15.23014,-3.121152,0.1366376,4
2020-07-15 01:14:00,0.1817062999999999,3.045036,122.1753,16.95151,13.25369,18.02408,0.0098039219999999,2.000684,0.0193065499999999,17.27276,14.94291,14.96811,15.20255,-3.421263,0.1371276999999999,4
2020-07-15 01:15:00,0.1816508,3.052058,122.168,16.87074,13.25369,18.00092,0.0139078899999999,1.784086,0.02465562,17.24538,14.90627,14.92307,15.16174,-3.121152,0.1367451,4
2020-07-15 01:16:00,0.1817261,3.057445,122.2591,16.79432,13.25415,17.99471,0.0134518899999999,1.744186,0.02298696,17.2308,14.88951,14.90911,15.14848,-3.541307,0.1369006999999999,4
2020-07-15 01:17:00,0.1816673,3.065816,122.2628,16.78133,13.25415,17.96985,0.01618787,1.744186,0.0281956699999999,17.20311,14.82805,14.84346,15.09406,-3.06113,0.1372101,4
2020-07-15 01:18:00,0.1817947,3.056417,122.2369,16.81743,13.25369,17.94914,0.01481988,1.761286,0.02493633,17.18516,14.81841,14.83802,15.10122,-3.541307,0.1363664,4
2020-07-15 01:19:00,0.1817709999999999,3.07371,122.22,16.85321,13.25415,17.945,0.01755586,1.761286,0.03042575,17.18026,14.80072,14.82453,15.11856,-2.881064,0.1371626,4
2020-07-15 01:20:00,0.1816648999999999,3.064442,122.1551,16.83737,13.25415,17.92919,0.01481988,1.818285,0.0261839199999999,17.16372,14.80162,14.82333,15.11106,-2.941086,0.1377306,4
2020-07-15 01:21:00,0.1817079,3.069295,122.2277,16.76724,13.2546,17.90754,0.01915185,1.670087,0.0316265599999999,17.13786,14.76235,14.78756,15.07601,-3.481285,0.137721,4
2020-07-15 01:22:00,0.1817961999999999,3.074975,122.272,16.672,13.25552,17.89097,0.0200638399999999,1.920884,0.03717836,17.11849,14.73242,14.75203,15.05309,-3.541307,0.1375349999999999,4
2020-07-15 01:23:00,0.1818408,3.059997,122.2673,16.60777,13.25598,17.87233,0.01413589,1.721386,0.0264334399999999,17.08804,14.68238,14.7034,15.01146,-3.06113,0.1376430999999999,4
2020-07-15 01:24:00,0.1817043999999999,3.041025,122.1758,16.59968,13.25873,17.84955,0.01367989,1.778386,0.02565369,17.06382,14.67065,14.65804,14.98504,-3.301218,0.1365231,4
2020-07-15 01:25:00,0.1814812,3.036251,122.081,16.66224,13.25781,17.84333,0.01322389,1.818285,0.0229401699999999,17.06107,14.65875,14.65945,14.99205,-3.241196,0.1369686,4
2020-07-15 01:26:00,0.1816794999999999,3.050737,122.1919,16.68485,13.25781,17.82526,0.01367989,1.784086,0.02493632,17.04715,14.67978,14.65597,15.00187,-3.121152,0.1373853999999999,4
2020-07-15 01:27:00,0.1816155,3.051101,122.1901,16.6725,13.25919,17.80173,0.01504788,1.744186,0.02633987,17.02498,14.64349,14.62598,14.9607,-3.121152,0.1368725,4
2020-07-15 01:28:00,0.1816202,3.052422,122.1714,16.67336,13.25873,17.78931,0.0129958999999999,1.664387,0.0237043299999999,17.0153,14.64563,14.63162,14.97964,-3.06113,0.1365812,4
2020-07-15 01:29:00,0.1816097999999999,3.04531,122.1967,16.64764,13.25965,17.76859,0.0123119,1.818285,0.02124032,16.9987,14.67227,14.66597,15.00978,-3.181174,0.1363794,4
2020-07-15 01:30:00,0.1815872,3.050403,122.153,16.64869,13.25965,17.74581,0.0125399,1.801185,0.02153663,16.9759,14.70192,14.69421,15.04501,-3.001107,0.1365559,4
2020-07-15 01:31:00,0.1816011999999999,3.058666,122.1911,16.69722,13.25965,17.74167,0.01846785,1.687186,0.0298799299999999,16.97385,14.72161,14.7069,15.06398,-2.881063,0.1377759,4
2020-07-15 01:32:00,0.1816695,3.062232,122.2394,16.68205,13.25965,17.7251,0.01915185,1.955084,0.0360711199999999,16.96147,14.73867,14.71416,15.06632,-2.881063,0.1376975,4
2020-07-15 01:33:00,0.1814898,3.044089,122.1543,16.67933,13.25965,17.70552,0.0123119,1.875285,0.02292458,16.94746,14.74079,14.73449,15.07193,-2.881062,0.1371476,4
2020-07-15 01:34:00,0.1815894,3.056873,122.162,16.65225,13.25965,17.68971,0.0134518899999999,2.154583,0.02981754,16.93442,14.71437,14.72698,15.07492,-2.761018,0.137601,4
2020-07-15 01:35:00,0.1814101999999999,3.054705,122.1114,16.59772,13.25965,17.67314,0.0125399,1.709986,0.02113116,16.91503,14.75163,14.74882,15.07576,-2.881062,0.1361115,4
2020-07-15 01:36:00,0.1814291,3.040931,122.039,16.59092,13.25965,17.65865,0.01048792,1.624487,0.0187295399999999,16.90331,14.75596,14.74686,15.07939,-2.520929,0.1372522999999999,4
2020-07-15 01:37:00,0.1814248,3.039581,122.0384,16.53151,13.25965,17.64,0.01481988,1.972184,0.02782139,16.87836,14.74492,14.74982,15.07115,-2.881062,0.1369931,4
2020-07-15 01:38:00,0.1816778,3.051107,122.1341,16.46972,13.25965,17.63586,0.01459188,1.960784,0.02950565,16.8693,14.75324,14.74694,15.07458,-2.700995,0.1374547,4
2020-07-15 01:39:00,0.1814079,3.046882,122.0693,16.38782,13.26011,17.61515,0.01504788,1.943684,0.03098717,16.83948,14.72745,14.73025,15.05232,-2.881061,0.1374963999999999,4
2020-07-15 01:40:00,0.1815149,3.046073,122.0816,16.34689,13.26057,17.59256,0.0134518899999999,1.732786,0.0232208799999999,16.80987,14.75514,14.73623,15.05269,-2.821035,0.1368781,4
2020-07-15 01:41:00,0.1815151999999999,3.02959,122.135,16.34798,13.26102,17.58804,0.01481988,1.687186,0.02591881,16.80186,14.75059,14.74709,15.07124,-2.821033,0.1370775999999999,4
2020-07-15 01:42:00,0.1814338,3.05722,122.1013,16.36242,13.26332,17.56733,0.0050159599999999,1.926584,0.009731249,16.78047,14.75025,14.75796,15.07089,-2.761008,0.1359847999999999,4
2020-07-15 01:43:00,0.1815674999999999,3.065825,122.1457,16.34034,13.26332,17.54248,0.01527588,1.778386,0.0258096399999999,16.7535,14.7351,14.7365,15.05084,-2.821029,0.1366803,4
2020-07-15 01:44:00,0.1814871,3.044175,122.0699,16.28277,13.2624,17.53834,0.0129958999999999,1.670087,0.0218797199999999,16.74097,14.69519,14.68188,15.00956,-2.761006,0.1371371999999999,4
2020-07-15 01:45:00,0.1813345,3.063868,122.0159,16.28791,13.26423,17.52384,0.01025992,2.017784,0.0201954599999999,16.72156,14.66869,14.66659,14.97328,-2.941071,0.1365375,4
2020-07-15 01:46:00,0.1814477999999999,3.029862,122.0489,16.36285,13.26515,17.49278,0.0118559,1.801185,0.02418777,16.69602,14.66893,14.64932,14.96232,-2.761005,0.1371676,4
2020-07-15 01:47:00,0.1815034,3.061866,122.0946,16.36822,13.26469,17.46379,0.0189238499999999,1.886685,0.03566565,16.67256,14.56972,14.5508,14.86247,-2.881048,0.1366618,4
2020-07-15 01:48:00,0.1815338,3.069969,122.116,16.34604,13.26515,17.43893,0.01459188,1.994984,0.02991111,16.64343,14.53121,14.49758,14.80649,-2.821026,0.1364855,4
2020-07-15 01:49:00,0.1813738,3.053501,122.0714,16.34404,13.26515,17.42011,0.01527588,1.903785,0.0281021,16.62457,14.46954,14.42118,14.78687,-2.94107,0.1376357,4
2020-07-15 01:50:00,0.1814596,3.060214,122.1038,16.33787,13.26515,17.41182,0.01436388,1.658687,0.0245932399999999,16.61699,14.41642,14.37648,14.71207,-2.821027,0.1371894999999999,4
2020-07-15 01:51:00,0.1816277,3.057405,122.1638,16.34717,13.26744,17.40147,0.01459188,1.835385,0.0244061,16.60663,14.35768,14.31212,14.64775,-2.821027,0.1371168,4
2020-07-15 01:52:00,0.181737,3.054293,122.1733,16.34344,13.26561,17.37454,0.01436388,1.812585,0.02373551,16.58598,14.31463,14.24734,14.5774,-2.941071,0.1367297,4
2020-07-15 01:53:00,0.1818383,3.035525,122.2096,16.34152,13.26561,17.36212,0.0139078899999999,1.869585,0.02465562,16.57563,14.26357,14.18786,14.49484,-2.881049,0.1374078,4
2020-07-15 01:54:00,0.181705,3.063025,122.1642,16.32772,13.26607,17.34555,0.0120839,1.869585,0.02144306,16.55903,14.18307,14.10735,14.42419,-3.061115,0.1372134999999999,4
2020-07-15 01:55:00,0.1815894999999999,3.050293,122.1497,16.27126,13.26744,17.31656,0.009347925,1.630187,0.01430057,16.52999,14.06975,14.05151,14.33265,-2.88105,0.1367474999999999,4
2020-07-15 01:56:00,0.1817661999999999,3.052758,122.2124,16.27272,13.2679,17.31241,0.0218878199999999,1.749886,0.03763061,16.52584,14.14762,14.10625,14.39856,-3.121138,0.1362113,4
2020-07-15 01:57:00,0.1817264,3.036431,122.2215,16.20419,13.26744,17.28963,0.01595987,1.784086,0.0261839199999999,16.503,14.15617,14.08886,14.44987,-3.601313,0.1365103,4
2020-07-15 01:58:00,0.1816624,3.058205,122.1901,16.13982,13.26973,17.27175,0.01048792,1.709986,0.0193845199999999,16.48505,14.13662,14.07141,14.47449,-3.601314,0.1361912999999999,4
2020-07-15 01:59:00,0.181588,3.053175,122.1986,16.08648,13.26973,17.25009,0.01162791,1.875285,0.0216146,16.45848,14.07697,14.01035,14.41769,-3.601314,0.1376871,4
2020-07-15 02:00:00,0.1814153,3.033964,122.1475,16.08746,13.26973,17.23353,0.0177838599999999,1.858185,0.0322191699999999,16.44259,14.02034,13.96773,14.36739,-3.421249,0.1367343,4
2020-07-15 02:01:00,0.1815221999999999,3.039227,122.2125,16.09841,13.26882,17.21075,0.0129958999999999,1.789786,0.02133389,16.41701,13.96036,13.91476,14.28431,-3.541293,0.1361673999999999,4
2020-07-15 02:02:00,0.1817368,3.070501,122.2774,16.10903,13.27065,17.20868,0.0120839,1.550388,0.01840204,16.41008,13.88333,13.83703,14.1877,-3.841403,0.1365686999999999,4
2020-07-15 02:03:00,0.1816584,3.070499,122.2233,16.08341,13.27065,17.18382,0.0118559,1.784086,0.0195560699999999,16.38239,13.81341,13.73693,14.07293,-3.601316,0.1366704,4
2020-07-15 02:04:00,0.181505,3.052268,122.1717,16.043,13.27065,17.16105,0.01595987,1.795485,0.02821127,16.35748,13.70136,13.65504,13.989,-3.781382,0.1365435999999999,4
2020-07-15 02:05:00,0.1814238,3.049935,122.1116,16.03972,13.27065,17.14655,0.0129958999999999,1.755586,0.0231117199999999,16.34436,13.67131,13.61446,13.92179,-3.781383,0.1374213,4
2020-07-15 02:06:00,0.1814629,3.048388,122.1277,15.99867,13.27065,17.11962,0.01664387,1.920884,0.0311587099999999,16.31599,13.6463,13.63437,13.91082,-3.601317,0.137016,4
2020-07-15 02:07:00,0.1815161,3.053882,122.1725,16.01846,13.27065,17.11134,0.0139078899999999,1.789786,0.0208192599999999,16.31116,13.6203,13.63574,13.92273,-3.601318,0.1374127,4
2020-07-15 02:08:00,0.181376,3.052031,122.146,16.03843,13.27065,17.0927,0.0182398499999999,1.749886,0.0304881299999999,16.30016,13.59937,13.65131,13.93619,-3.601318,0.1370686999999999,4
2020-07-15 02:09:00,0.1813141,3.054832,122.0503,16.02267,13.27065,17.06785,0.01504788,1.841085,0.02797734,16.27458,13.63685,13.6558,13.96031,-3.301236,0.1377381,4
2020-07-15 02:10:00,0.1814537,3.066494,122.076,15.91603,13.27065,17.05335,0.0118559,1.761286,0.0220668499999999,16.25098,13.70999,13.70789,14.01587,-3.24123,0.1362197,4
2020-07-15 02:11:00,0.1814974,3.0367,122.137,16.18567,13.27065,17.03264,0.0182398499999999,1.892385,0.03658575,16.24354,13.87733,13.83314,14.21675,-3.241224,0.1366188999999999,4
2020-07-15 02:12:00,0.1815264,3.050305,122.1323,16.10168,13.27065,17.01194,0.01117191,1.863885,0.02217602,16.23258,13.95543,13.94,14.33124,-3.241222,0.1364819999999999,4
2020-07-15 02:13:00,0.1814234,3.050305,122.09,15.94348,13.27157,17.01194,0.01436388,1.972184,0.0273535399999999,16.22559,14.02903,14.03534,14.49658,-3.061149,0.1369969,4
2020-07-15 02:14:00,0.1813381,3.047902,122.0659,15.77282,13.27157,16.98482,0.01162791,1.772686,0.02247232,16.19284,14.08239,14.10553,14.52467,-3.12117,0.1362000999999999,4
2020-07-15 02:15:00,0.1819388,3.047824,122.3502,15.72958,13.2734,16.96204,0.01048792,1.738486,0.0169828999999999,16.16514,14.08541,14.10856,14.51368,-3.001121,0.1357771999999999,4
2020-07-15 02:16:00,0.1819802,3.056504,122.3848,15.6994,13.27524,16.9579,0.0177838599999999,1.784086,0.0308779999999999,16.15401,14.10088,14.12262,14.55786,-3.24121,0.1373721,4
2020-07-15 02:17:00,0.1819825999999999,3.089164,122.4225,15.74191,13.27524,16.93512,0.01436388,1.972184,0.02722878,16.13114,14.10724,14.1388,14.53902,-3.301228,0.1367857,4
2020-07-15 02:18:00,0.1815547,3.056911,122.1791,15.78102,13.2757,16.91027,0.01755586,1.858185,0.0324842799999999,16.10834,14.03386,14.09347,14.4608,-2.881072,0.1362285,4
2020-07-15 02:19:00,0.1812767999999999,3.05039,121.9922,15.80923,13.27615,16.90613,0.01618787,1.801185,0.02913137,16.10769,13.98272,14.05355,14.40409,-2.881083,0.1365589,4
2020-07-15 02:20:00,0.1812927,3.035755,122.0021,15.7997,13.27615,16.88749,0.0120839,1.852485,0.0217393599999999,16.09043,13.92471,13.98082,14.3181,-2.881083,0.1367251999999999,4
2020-07-15 02:21:00,0.1813251999999999,3.033421,121.9918,15.67064,13.27661,16.86885,0.0157318699999999,1.983584,0.02984873,16.06762,13.8346,13.8809,14.19157,-2.881083,0.1370078999999999,4
2020-07-15 02:22:00,0.1815391,3.040426,122.0743,15.42531,13.27707,16.85228,0.01527588,1.903785,0.02917815,16.03985,13.78285,13.81162,14.10059,-3.061151,0.136742,4
2020-07-15 02:23:00,0.1814992,3.061939,122.1075,15.29954,13.27615,16.83778,0.01025992,2.057683,0.02304934,16.01275,13.72055,13.76475,14.04464,-3.181195,0.1365171,4
2020-07-15 02:24:00,0.1813879999999999,3.038251,122.0439,15.29151,13.27845,16.81293,0.0072959419999999,1.909485,0.0130373799999999,15.97529,13.74185,13.76922,14.03788,-3.001127,0.1376177,4
2020-07-15 02:25:00,0.1814383,3.043949,121.9837,15.28241,13.27936,16.80879,0.0109439099999999,1.732786,0.02064771,15.95856,13.73206,13.77697,14.04072,-3.121171,0.1371119,4
2020-07-15 02:26:00,0.1812746,3.047422,121.9948,15.19259,13.27982,16.78808,0.01618787,1.795485,0.03033218,15.92522,13.65922,13.71607,13.98196,-3.121177,0.1379768,4
2020-07-15 02:27:00,0.181296,3.040549,121.971,15.18242,13.2812,16.76116,0.009575923,1.869585,0.01880751,15.89333,13.60884,13.63973,13.94706,-3.241236,0.1360408999999999,4
2020-07-15 02:28:00,0.1811936,3.030722,121.9413,15.19732,13.28166,16.75494,0.01071591,1.744186,0.0175755099999999,15.88641,13.56189,13.59699,13.8805,-3.241247,0.1355182,4
2020-07-15 02:29:00,0.1811956999999999,3.044979,121.9626,15.188,13.28166,16.72388,0.01664387,1.915184,0.03016063,15.85669,13.49906,13.52995,13.80718,-2.941151,0.1363552,4
2020-07-15 02:30:00,0.1811167999999999,3.055285,121.9451,15.22487,13.28166,16.71145,0.01162791,1.909485,0.0222383999999999,15.84147,13.47892,13.52174,13.79546,-3.241276,0.1361265,4
2020-07-15 02:31:00,0.1810043,3.050363,121.9783,15.21104,13.28166,16.69903,0.01618787,1.858185,0.03100276,15.82975,13.45808,13.5009,13.77322,-3.601429,0.1370205999999999,4
2020-07-15 02:32:00,0.1809268,3.04669,121.9913,15.22277,13.28166,16.6721,0.01367989,1.937984,0.02506109,15.80278,13.45908,13.48786,13.77562,-3.601434,0.1383007,4
2020-07-15 02:33:00,0.1810322,3.045277,121.9891,15.29982,13.28166,16.65553,0.0164158699999999,2.000684,0.0315018,15.78898,13.43258,13.48945,13.78352,-3.601438,0.1372381,4
2020-07-15 02:34:00,0.1811286,3.033568,121.9227,15.29873,13.28166,16.6369,0.0084359329999999,1.749886,0.01345844,15.77381,13.40751,13.45385,13.76478,-3.361342,0.1366396,4
2020-07-15 02:35:00,0.1811581999999999,3.035873,121.982,15.31528,13.28166,16.61619,0.01003192,1.886685,0.0191038099999999,15.75866,13.38808,13.44215,13.7587,-3.121247,0.1361459999999999,4
2020-07-15 02:36:00,0.1813044,3.039546,121.9843,15.36879,13.28166,16.61205,0.01459188,1.732786,0.0249519199999999,15.75726,13.44342,13.48414,13.79437,-3.181268,0.1371849,4
2020-07-15 02:37:00,0.1813267,3.043813,122.0243,15.43106,13.28166,16.59134,0.0093479259999999,1.766986,0.0155637599999999,15.74277,13.48778,13.53552,13.85344,-2.941172,0.1378071999999999,4
2020-07-15 02:38:00,0.1812669,3.045909,121.9849,15.57924,13.28166,16.57063,0.0155038799999999,1.932284,0.02897542,15.73881,13.5821,13.62142,13.96032,-2.881179,0.1361953999999999,4
2020-07-15 02:39:00,0.181418,3.029294,122.0742,15.77359,13.28166,16.56234,0.0129958999999999,1.749886,0.0225814899999999,15.75288,13.68118,13.73381,14.05651,-2.70112,0.1368075,4
2020-07-15 02:40:00,0.1814706,3.034136,122.1053,15.90963,13.28166,16.54784,0.0118559,1.818285,0.02273744,15.75868,13.76711,13.81974,14.14588,-2.581078,0.1361885999999999,4
2020-07-15 02:41:00,0.1815277999999999,3.069426,122.16,15.93936,13.28166,16.53749,0.01504788,1.955084,0.02744711,15.75461,13.78412,13.84936,14.19791,-2.160906,0.1370058,4
2020-07-15 02:42:00,0.1818412,3.051332,122.3953,15.91936,13.28166,16.51471,0.01025992,2.034884,0.02041379,15.74296,13.81098,13.87341,14.21213,-2.160903,0.1360801,4
2020-07-15 02:43:00,0.1815032,3.055329,122.1992,15.97776,13.28166,16.51264,0.0155038799999999,1.601687,0.02741592,15.74927,13.87904,13.94287,14.28855,-1.920803,0.1362927999999999,4
2020-07-15 02:44:00,0.18148,3.02852,122.1344,15.99744,13.28166,16.51264,0.01048792,1.766986,0.02010189,15.76255,13.94074,13.99405,14.35722,-1.440598,0.1365389999999999,4
2020-07-15 02:45:00,0.1813237,3.052737,122.114,15.97986,13.28166,16.51264,0.02165983,1.738486,0.03786454,15.77443,14.0221,14.0768,14.42449,-2.040847,0.1383853999999999,4
2020-07-15 02:46:00,0.1814444,3.05596,122.2187,15.96316,13.28166,16.50021,0.01459188,1.818285,0.0253262,15.77242,14.01436,14.08029,14.42379,-1.800741,0.1375826,4
2020-07-15 02:47:00,0.1813792999999999,3.040621,122.2214,15.93877,13.28166,16.48779,0.01481988,2.040584,0.0296304,15.75858,13.98574,14.04045,14.3987,-1.920791,0.1363729999999999,4
2020-07-15 02:48:00,0.1813205,3.071256,122.1939,15.95282,13.28166,16.48779,0.0134518899999999,1.972184,0.0270260499999999,15.75927,13.97729,14.02428,14.38956,-1.620668,0.1372094,4
2020-07-15 02:49:00,0.1814731,3.042193,122.2581,15.93173,13.28166,16.48779,0.0113999099999999,1.937984,0.02390706,15.76137,13.95486,14.00537,14.33842,-1.500618,0.1369199999999999,4
2020-07-15 02:50:00,0.1813356,3.041624,122.1851,15.9179,13.28166,16.47536,0.0139078899999999,1.892385,0.0274939,15.75245,13.93968,13.97195,14.30921,-1.440589,0.1374886999999999,4
2020-07-15 02:51:00,0.1814349,3.049487,122.21,15.88647,13.28166,16.46293,0.0164158699999999,1.732786,0.02874149,15.73511,13.92368,13.9335,14.29112,-1.500612,0.1362173,4
2020-07-15 02:52:00,0.1816277,3.058822,122.2409,15.636,13.28166,16.46293,0.0118559,1.727086,0.02200448,15.72533,13.90684,13.91596,14.22732,-1.440584,0.1377194999999999,4
2020-07-15 02:53:00,0.1815435,3.055336,122.2322,15.36712,13.28166,16.46293,0.0118559,2.006384,0.02384468,15.71065,13.87387,13.89211,14.16002,-1.860755,0.1367906999999999,4
2020-07-15 02:54:00,0.1815778,3.059231,122.252,15.23897,13.28166,16.46293,0.0127679,1.835385,0.02275303,15.69527,13.86547,13.87108,14.09763,-1.680686,0.1372308999999999,4
2020-07-15 02:55:00,0.1813295,3.039123,122.1924,15.20328,13.28166,16.44844,0.01527588,1.863885,0.02922494,15.67375,13.82349,13.83121,14.03955,-2.160891,0.1369759999999999,4
2020-07-15 02:56:00,0.1816050999999999,3.042214,122.2359,15.24486,13.28166,16.4443,0.01367989,2.000684,0.02825805,15.65979,13.86555,13.87467,14.10614,-2.160911,0.1370488,4
2020-07-15 02:57:00,0.1818843,3.073089,122.4774,15.47451,13.28166,16.43808,0.0118559,2.108983,0.0267453399999999,15.65776,13.93014,13.93365,14.19454,-2.461051,0.1370527,4
2020-07-15 02:58:00,0.1820440999999999,3.05404,122.5949,15.64061,13.28166,16.43808,0.008435932,2.046283,0.0157041199999999,15.65985,13.98343,13.98483,14.26392,-2.341024,0.1370286,4
2020-07-15 02:59:00,0.1816133,3.044144,122.2738,15.8745,13.28166,16.42152,0.01504788,1.744186,0.0271664,15.66146,14.06434,14.06857,14.38054,-2.160947,0.1365566,4
2020-07-15 03:00:00,0.1814127,3.041656,122.2196,16.12642,13.28166,16.41323,0.009347925,1.749886,0.01738837,15.67626,14.11643,14.14517,14.48372,-2.160949,0.1375898,4
2020-07-15 03:01:00,0.1813427,3.058874,122.1638,16.20445,13.28166,16.41323,0.01755586,1.909485,0.0337006899999999,15.68814,14.18022,14.22089,14.54467,-1.860815,0.137263,4
2020-07-15 03:02:00,0.1814670999999999,3.039064,122.2292,16.2396,13.28166,16.41323,0.0129958999999999,1.977884,0.02565369,15.70422,14.2314,14.27556,14.59581,-1.800787,0.1371398,4
2020-07-15 03:03:00,0.1813805,3.052059,122.2,16.34642,13.28166,16.41323,0.01071591,2.057683,0.02153663,15.71959,14.28044,14.33371,14.63921,-1.500652,0.1375454999999999,4
2020-07-15 03:04:00,0.1812154,3.034742,122.0982,16.33518,13.28166,16.41323,0.01481988,1.966484,0.0280865099999999,15.72238,14.21172,14.28953,14.59647,-1.50065,0.1369391,4
2020-07-15 03:05:00,0.1811842999999999,3.050934,122.0583,16.29511,13.28166,16.41323,0.0134518899999999,1.926584,0.0269948599999999,15.72933,14.20739,14.2817,14.59986,-1.560691,0.1369460999999999,4
2020-07-15 03:06:00,0.1812779999999999,3.055378,122.0733,16.27191,13.28166,16.41323,0.01025992,1.704286,0.01734159,15.7342,14.23466,14.29145,14.60051,-1.500672,0.1370005,4
2020-07-15 03:07:00,0.1810989,3.042105,122.0606,16.37663,13.28166,16.41323,0.01162791,1.727086,0.0185424,15.74888,14.323,14.34613,14.68108,-1.620727,0.1366605999999999,4
2020-07-15 03:08:00,0.1810237,3.034458,122.0,16.36328,13.28166,16.41323,0.01618787,1.692886,0.02744711,15.76566,14.30758,14.35875,14.66917,-1.74078,0.1365442,4
2020-07-15 03:09:00,0.181173,3.052554,122.0065,16.20795,13.28166,16.41323,0.01687187,1.841085,0.0291157699999999,15.7587,14.22707,14.28806,14.60201,-2.04094,0.1371087,4
2020-07-15 03:10:00,0.1810721999999999,3.029837,121.9856,16.12429,13.28166,16.41323,0.0125399,1.704286,0.0230805299999999,15.74962,14.19414,14.22709,14.54668,-1.92089,0.1359887999999999,4
2020-07-15 03:11:00,0.181091,3.008227,121.9831,16.14398,13.28166,16.41323,0.0129958999999999,2.023484,0.02543536,15.75451,14.24672,14.27967,14.60273,-2.160993,0.1374533,4
2020-07-15 03:12:00,0.181317,3.056896,122.0887,16.16437,13.28166,16.41323,0.0123119,2.000684,0.02485835,15.75241,14.22358,14.27336,14.61183,-1.980909,0.1374614999999999,4
2020-07-15 03:13:00,0.1812008,3.059215,122.0817,16.18546,13.28211,16.41323,0.0134518899999999,2.000684,0.02744711,15.75381,14.24041,14.26845,14.61814,-2.040924,0.1379344999999999,4
2020-07-15 03:14:00,0.1813856,3.038901,122.0497,16.21428,13.28166,16.41323,0.01413589,1.875285,0.02381349,15.75241,14.25653,14.27756,14.62724,-2.040922,0.1376045999999999,4
2020-07-15 03:15:00,0.1812633999999999,3.038254,122.0297,16.26769,13.28166,16.41323,0.01983584,1.795485,0.0378177499999999,15.75097,14.29003,14.30475,14.67405,-1.860839,0.1377229,4
2020-07-15 03:16:00,0.1812111999999999,3.034415,122.0104,16.33938,13.28166,16.41323,0.0125399,1.772686,0.02242554,15.75936,14.30125,14.32929,14.68246,-1.860839,0.1371516999999999,4
2020-07-15 03:17:00,0.1812935,3.030838,122.0181,16.36117,13.28166,16.41323,0.01117191,1.972184,0.02333005,15.75936,14.30547,14.3293,14.65375,-1.860841,0.1377319999999999,4
2020-07-15 03:18:00,0.1813373,3.045193,122.0205,16.43891,13.28211,16.42773,0.01846785,1.943684,0.03733431,15.77249,14.31725,14.3516,14.65851,-1.620733,0.1369603,4
2020-07-15 03:19:00,0.1813020999999999,3.053201,122.0164,16.50055,13.28166,16.43808,0.01436388,2.000684,0.0281644799999999,15.78359,14.31096,14.36843,14.68513,-1.680763,0.1374093999999999,4
2020-07-15 03:20:00,0.1812966,3.048121,121.9951,16.44996,13.28166,16.43808,0.0127679,1.875285,0.02429693,15.78429,14.30044,14.35582,14.67182,-1.9809,0.1363702,4
2020-07-15 03:21:00,0.1811296,3.052917,121.9679,16.43801,13.28166,16.43808,0.0180118499999999,1.880985,0.03423091,15.79617,14.39436,14.4273,14.78737,-1.740795,0.1371933999999999,4
2020-07-15 03:22:00,0.1813589999999999,3.055691,122.0311,16.6572,13.28166,16.43808,0.0155038799999999,1.863885,0.0287726799999999,15.82343,14.49877,14.531,14.92391,-1.800824,0.1375968999999999,4
2020-07-15 03:23:00,0.1813327999999999,3.053842,122.03,16.76035,13.28166,16.44222,0.01117191,2.046283,0.02211364,15.84085,14.54916,14.61151,15.00996,-1.440665,0.1372949,4
2020-07-15 03:24:00,0.1811159,3.061698,121.9721,16.83253,13.28166,16.45051,0.0088919289999999,1.920884,0.01442533,15.84773,14.55254,14.624,14.98814,-1.380637,0.1376082999999999,4
2020-07-15 03:25:00,0.1809803,3.051864,121.9394,16.8583,13.28166,16.46293,0.01436388,2.006384,0.0318137,15.85945,14.55793,14.61679,15.03695,-1.02047,0.1373605,4
2020-07-15 03:26:00,0.1808857,3.035552,121.8925,16.87937,13.28166,16.46293,0.0155038799999999,2.279982,0.0355876799999999,15.87063,14.57055,14.64481,15.03345,-0.9604428,0.1374681,4
2020-07-15 03:27:00,0.1810528999999999,3.066919,121.958,16.88287,13.28166,16.46293,0.0164158699999999,1.915184,0.0317201299999999,15.87134,14.55094,14.62801,15.01876,-0.7203323999999999,0.137276,4
2020-07-15 03:28:00,0.1809812,3.04099,121.931,16.9197,13.28166,16.48365,0.0134518899999999,2.143183,0.03000469,15.88092,14.5466,14.61245,15.0592,-0.7203306999999999,0.1361372999999999,4
2020-07-15 03:29:00,0.1810098,3.044496,121.9187,16.94487,13.28166,16.48779,0.008435932,2.097583,0.01531424,15.89977,14.64051,14.66713,15.06482,-0.7203285,0.1372271999999999,4
2020-07-15 03:30:00,0.1808387999999999,3.023225,121.867,16.93431,13.28166,16.48986,0.01003192,1.795485,0.01880751,15.93118,14.74764,14.77775,15.18165,-0.6002737,0.1374032,4
2020-07-15 03:31:00,0.1808601,3.046129,121.8139,16.94584,13.28166,16.51264,0.01527588,1.994984,0.0313302499999999,15.96377,14.72077,14.80061,15.16391,-0.6002737,0.1369696,4
2020-07-15 03:32:00,0.1808437,3.046051,121.854,16.88056,13.28166,16.51264,0.0134518899999999,1.846785,0.024718,15.95538,14.72917,14.79009,15.1499,-0.4802179999999999,0.1374556,4
2020-07-15 03:33:00,0.180838,3.05947,121.8499,16.83984,13.28166,16.51264,0.009575923,1.949384,0.0157509,15.95887,14.72495,14.79218,15.1163,-0.6002714,0.1372020999999999,4
2020-07-15 03:34:00,0.1807566999999999,3.026041,121.7805,16.75238,13.28166,16.53542,0.0091199269999999,1.915184,0.01879192,15.97886,14.70853,14.78067,15.1146,-0.7803533999999999,0.1369072,4
2020-07-15 03:35:00,0.1806723,3.026196,121.723,16.6307,13.28166,16.54577,0.01071591,1.920884,0.0218173299999999,15.99131,14.71189,14.79103,15.12707,-1.020463,0.1376013,4
2020-07-15 03:36:00,0.1808314,3.034469,121.7644,16.58125,13.2812,16.56234,0.0168718599999999,2.034884,0.03395021,16.01349,14.74112,14.80976,15.14088,-0.9604382,0.1383626,4
2020-07-15 03:37:00,0.1808151,3.048214,121.8065,16.54261,13.28166,16.56234,0.01367989,1.875285,0.02623071,16.02187,14.72501,14.79785,15.12688,-1.080494,0.1375909999999999,4
2020-07-15 03:38:00,0.1810857999999999,3.046515,121.8648,16.46781,13.28166,16.58098,0.01003192,1.806885,0.01687374,16.02938,14.77253,14.82575,15.12886,-1.26058,0.1368532,4
2020-07-15 03:39:00,0.1810805,3.038644,121.9159,16.49159,13.28074,16.58719,0.0123119,2.108983,0.02546655,16.0391,14.8257,14.85931,15.1519,-1.080498,0.1376597,4
2020-07-15 03:40:00,0.1809665,3.037706,121.8735,16.54677,13.2812,16.60583,0.01664387,2.120383,0.0364454,16.07591,14.84998,14.89409,15.20835,-1.140531,0.1370886,4
2020-07-15 03:41:00,0.1808376999999999,3.049705,121.7745,16.54455,13.28166,16.61205,0.01162791,2.012084,0.02373551,16.07794,14.8177,14.86811,15.17469,-1.20056,0.1373346,4
2020-07-15 03:42:00,0.1808982,3.047441,121.8427,16.50873,13.2812,16.61205,0.01664387,1.903785,0.03253106,16.06886,14.7925,14.83311,15.1593,-1.140538,0.137932,4
2020-07-15 03:43:00,0.1810267,3.045763,121.9339,16.3696,13.28074,16.61205,0.0109439099999999,2.017784,0.02370432,16.07305,14.8079,14.84432,15.12992,-1.260596,0.1378746999999999,4
2020-07-15 03:44:00,0.1811359999999999,3.07048,122.0824,16.29068,13.28166,16.6224,0.0134518899999999,2.051984,0.02828924,16.07918,14.85105,14.87906,15.16116,-1.380652,0.137388,4
2020-07-15 03:45:00,0.1810352,3.06113,122.0368,16.32417,13.28166,16.6369,0.01869585,2.017784,0.03831679,16.0881,14.85229,14.86839,15.15401,-1.320624,0.1384856999999999,4
2020-07-15 03:46:00,0.1811142,3.076565,122.0367,16.35861,13.2812,16.6369,0.0123119,2.097583,0.0274783,16.08391,14.83409,14.83549,15.15261,-1.380655,0.1376966,4
2020-07-15 03:47:00,0.1813315,3.045742,122.0992,16.43376,13.28074,16.63897,0.01527588,2.433881,0.0371003899999999,16.09298,14.874,14.8761,15.1659,-1.080513,0.1373567,4
2020-07-15 03:48:00,0.1812437,3.058921,121.9932,16.44754,13.28166,16.65553,0.01983584,2.097583,0.0446327499999999,16.11937,14.87953,14.89773,15.18121,-1.020482,0.1382737,4
2020-07-15 03:49:00,0.180707,3.042814,121.81,16.42354,13.28074,16.66175,0.0139078899999999,2.091883,0.02836721,16.12559,14.89486,14.90816,15.15315,-1.200565,0.137936,4
2020-07-15 03:50:00,0.1808351,3.05541,121.7714,16.37435,13.2812,16.66175,0.0118559,1.966484,0.02212924,16.12419,14.86265,14.88855,15.12095,-1.440669,0.1383630999999999,4
2020-07-15 03:51:00,0.1808162,3.049923,121.7322,16.27785,13.28166,16.67418,0.01983584,2.012084,0.0400634299999999,16.13035,14.86041,14.89262,15.12991,-1.440668,0.1375107999999999,4
2020-07-15 03:52:00,0.1812721999999999,3.059028,121.982,16.0583,13.2812,16.6866,0.01687187,2.314181,0.0385663099999999,16.12672,14.85607,14.87988,15.09898,-1.440666,0.1375905,4
2020-07-15 03:53:00,0.1814872999999999,3.067241,122.1404,16.05547,13.28166,16.6866,0.0123119,1.932284,0.02623071,16.11693,14.84272,14.86723,15.08704,-1.440663,0.1376971999999999,4
2020-07-15 03:54:00,0.1813283,3.068728,122.0959,16.17697,13.28166,16.69282,0.01459188,1.949384,0.02669855,16.12172,14.87407,14.89017,15.10859,-1.620741,0.1382097999999999,4
2020-07-15 03:55:00,0.1813261999999999,3.070108,122.0812,16.28923,13.28166,16.70524,0.01459188,2.285681,0.03434008,16.13555,14.89983,14.90333,15.13575,-1.680776,0.1378155,4
2020-07-15 03:56:00,0.1813287,3.047222,122.0831,16.43116,13.2812,16.70731,0.01527588,2.359781,0.0379892999999999,16.14461,14.95021,14.96212,15.2001,-1.800847,0.1376238999999999,4
2020-07-15 03:57:00,0.1810851,3.05176,121.9753,16.47255,13.28166,16.71145,0.0127679,2.120383,0.02789936,16.15576,14.95512,14.95862,15.1952,-1.440672,0.1376846999999999,4
2020-07-15 03:58:00,0.1810008999999999,3.040336,121.8335,16.55053,13.2812,16.71145,0.01413589,2.376881,0.0344804299999999,16.15438,15.01328,14.99508,15.25122,-1.440665,0.1373143,4
2020-07-15 03:59:00,0.1811212,3.049602,121.8142,16.88341,13.28166,16.71145,0.0077519379999999,2.44528,0.01773146,16.18161,15.18543,15.11335,15.37503,-1.260581,0.1373611999999999,4
2020-07-15 04:00:00,0.1810016,3.046108,121.8337,17.12486,13.28166,16.71145,0.01459188,2.325581,0.03401259,16.21233,15.25818,15.2246,15.46455,-1.260579,0.1379609,4
2020-07-15 04:01:00,0.1813788,3.052926,121.9861,17.27264,13.28166,16.72595,0.0127679,2.376881,0.03211,16.24151,15.328,15.29373,15.53503,-1.020467,0.1372124999999999,4
2020-07-15 04:02:00,0.1809721,3.036856,121.8224,17.54525,13.28166,16.7363,0.0123119,2.131783,0.02621511,16.29377,15.48528,15.45311,15.66148,-0.7803545,0.136802,4
2020-07-15 04:03:00,0.1808578999999999,3.047532,121.778,17.77002,13.28166,16.75287,0.0118559,2.570679,0.03211,16.3613,15.61372,15.58016,15.76473,-0.6602966999999998,0.1376728999999999,4
2020-07-15 04:04:00,0.1806421,3.047933,121.7045,17.8631,13.2812,16.76116,0.007979936,2.599179,0.02136508,16.41357,15.7052,15.68213,15.87225,-0.3601612,0.1368746999999999,4
2020-07-15 04:05:00,0.1805914,3.04771,121.6778,17.92442,13.28028,16.77979,0.0164158699999999,3.032376,0.05005979,16.4741,15.76444,15.74067,16.00623,-0.3601607,0.1382770999999999,4
2020-07-15 04:06:00,0.1805471999999999,3.038547,121.599,17.87428,13.27936,16.80258,0.01915185,2.718878,0.0528356899999999,16.50737,15.79147,15.78378,16.00111,-0.4802136,0.1380255,4
2020-07-15 04:07:00,0.1806051999999999,3.034669,121.5879,17.83905,13.27753,16.81086,0.01071591,2.844277,0.03016063,16.52685,15.82919,15.81731,16.04857,-0.300132,0.1372923,4
2020-07-15 04:08:00,0.1804637,3.045312,121.5478,17.86193,13.27661,16.82329,0.007979936,3.026675,0.02546655,16.56091,15.89965,15.8696,16.11621,-0.1200528,0.1375586,4
2020-07-15 04:09:00,0.1807473,3.024936,121.7149,17.89311,13.27615,16.844,0.0086639309999999,3.248974,0.0270416399999999,16.5928,15.95393,15.90782,16.17256,-0.1200527,0.1369041,4
2020-07-15 04:10:00,0.1810501999999999,3.055204,121.8028,17.98459,13.27615,16.86056,0.01162791,3.328773,0.0383791699999999,16.64844,16.04597,15.97122,16.22197,0.0,0.1378704,4
2020-07-15 04:11:00,0.1808317999999999,3.05626,121.7646,18.15571,13.27615,16.88749,0.01732786,3.505472,0.06039924,16.75212,16.13162,16.08203,16.33412,0.0,0.1375411,4
2020-07-15 04:12:00,0.1806117999999999,3.058131,121.6793,18.19803,13.27478,16.91027,0.0127679,3.73917,0.0494204,16.79583,16.17119,16.1279,16.35203,-0.06002611,0.1382575,4
2020-07-15 04:13:00,0.1803665999999999,3.051245,121.558,18.21393,13.27432,16.92683,0.01322389,3.556771,0.0460518899999999,16.84866,16.19682,16.18076,16.38255,-0.7203146,0.1379628,4
2020-07-15 04:14:00,0.1802710999999999,3.016,121.4749,18.27432,13.2734,16.9579,0.0129958999999999,3.505472,0.0463169999999999,16.91739,16.31731,16.27123,16.48415,-0.7203146,0.1372868999999999,4
2020-07-15 04:15:00,0.1801581999999999,3.022003,121.3447,18.3266,13.27111,16.98087,0.0109439099999999,3.858869,0.0416073299999999,17.0059,16.39826,16.36894,16.57065,-0.3001326,0.1373902999999999,4
2020-07-15 04:16:00,0.1801456999999999,3.028486,121.3475,18.34634,13.27065,17.01401,0.0072959419999999,3.636571,0.02683891,17.06692,16.46634,16.43703,16.6408,-0.4802121999999999,0.1377277,4
2020-07-15 04:17:00,0.1804524999999999,3.046051,121.4769,18.44669,13.27065,17.03471,0.01413589,3.784769,0.0548474399999999,17.14826,16.5855,16.54084,16.73549,-0.1800808,0.1380444,4
2020-07-15 04:18:00,0.1801943,3.037596,121.456,18.4783,13.27019,17.06992,0.01071591,4.001368,0.0435099099999999,17.22597,16.60678,16.60329,16.78048,0.0,0.1380606,4
2020-07-15 04:19:00,0.1801802,3.016015,121.4231,18.53795,13.27065,17.10306,0.0127679,4.029868,0.0515725,17.31415,16.75574,16.72923,16.91754,-0.3001350999999999,0.1375326,4
2020-07-15 04:20:00,0.1800692999999999,3.034584,121.3526,18.54737,13.27019,17.12583,0.01869585,4.229366,0.0804231499999999,17.38777,16.80853,16.79597,16.99192,-0.4201890999999999,0.1380055,4
2020-07-15 04:21:00,0.1799495,2.995414,121.2063,18.36968,13.26973,17.16519,0.0120839,4.668262,0.05522172,17.45287,16.85418,16.84163,17.02362,-0.4802181999999999,0.1373985,4
2020-07-15 04:22:00,0.1798896,3.00153,121.1703,18.32368,13.26973,17.19832,0.008435932,4.93046,0.0434475299999999,17.50201,16.88663,16.87547,17.05815,-0.4802180999999999,0.1367604,4
2020-07-15 04:23:00,0.1799582999999999,3.024023,121.1856,18.42132,13.26653,17.22318,0.0120839,5.238258,0.06387692,17.56657,17.00074,16.97912,17.14365,-0.5402449999999999,0.1379520999999999,4
2020-07-15 04:24:00,0.1799215,2.997793,121.1719,18.42582,13.26607,17.25857,0.0164158699999999,5.688554,0.09434945,17.63188,17.03057,17.02987,17.18532,-0.7203274,0.1373789,4
2020-07-15 04:25:00,0.1802029,3.021525,121.3819,18.60986,13.26515,17.29999,0.0139078899999999,6.070451,0.0856474599999999,17.7213,17.15426,17.1452,17.29086,-1.020466,0.1379103,4
2020-07-15 04:26:00,0.1797825,3.002656,121.07,18.67657,13.26515,17.32484,0.0127679,6.914044,0.08712899,17.80459,17.24464,17.23767,17.39513,-1.080492,0.1379432999999999,4
2020-07-15 04:27:00,0.1798289999999999,3.02165,121.1304,18.67731,13.26469,17.36212,0.0125399,7.580939,0.0966107199999999,17.88774,17.30143,17.3098,17.44842,-1.080491,0.1383924,4
2020-07-15 04:28:00,0.1797614999999999,2.991095,121.1528,18.71871,13.26469,17.39732,0.01618787,8.646831,0.140105,17.95213,17.37774,17.38053,17.54212,-1.080487,0.1368514999999999,4
2020-07-15 04:29:00,0.1798847,3.01761,121.0634,18.79245,13.26423,17.42218,0.01709986,9.741221,0.1649009999999999,18.01105,17.43952,17.44439,17.61223,-1.260565,0.1379981,4
2020-07-15 04:30:00,0.1796623,3.023475,121.0677,18.83782,13.26332,17.45927,0.01459188,9.695621,0.1413369999999999,18.07523,17.478,17.48566,17.66671,-0.7803465,0.1376013,4
2020-07-15 04:31:00,0.179487,3.006475,121.0361,18.72461,13.26102,17.52384,0.01983584,9.718422,0.1925664,18.12024,17.46178,17.47223,17.63101,-1.080476,0.1380044,4
2020-07-15 04:32:00,0.1800412,3.039084,121.3666,18.66068,13.26011,17.54663,0.01436388,10.03192,0.1449863,18.1312,17.42605,17.43023,17.58415,-1.140497,0.1371803,4
2020-07-15 04:33:00,0.1801880999999999,3.044755,121.4455,18.71049,13.25965,17.5839,0.0134518899999999,10.09462,0.1347248,18.16219,17.43547,17.4292,17.58174,-1.080468,0.1376786999999999,4
2020-07-15 04:34:00,0.180093,3.03196,121.46,18.84209,13.25965,17.62118,0.0168718599999999,10.32832,0.1737121,18.20708,17.47764,17.46649,17.60439,-1.140488,0.1372102,4
2020-07-15 04:35:00,0.1797989999999999,3.03083,121.2149,18.7377,13.25965,17.64622,0.01527588,10.37392,0.1552945,18.22652,17.47343,17.46368,17.61829,-1.020434,0.1383181,4
2020-07-15 04:36:00,0.1797642,2.998394,121.1789,18.89377,13.25965,17.67728,0.01481988,10.66461,0.1573218999999999,18.26307,17.56719,17.53864,17.70993,-1.200505,0.1375363,4
2020-07-15 04:37:00,0.1801455999999999,3.034339,121.3636,19.05139,13.25965,17.70778,0.0157318699999999,10.51072,0.1636065999999999,18.30882,17.58029,17.57542,17.73834,-1.020427,0.1382404999999999,4
2020-07-15 04:38:00,0.1802198,3.046996,121.4769,18.94751,13.25965,17.74167,0.0129958999999999,12.5684,0.1621250999999999,18.31487,17.46516,17.44635,17.62324,-0.7803223,0.1384527999999999,4
2020-07-15 04:39:00,0.1806943,3.05287,121.72,18.65053,13.25965,17.77481,0.01687187,15.03078,0.2485054999999999,18.29373,17.2733,17.26563,17.42169,-0.7202964,0.1371024999999999,4
2020-07-15 04:40:00,0.1805437,3.04021,121.6537,18.46199,13.25965,17.79966,0.01869585,20.36024,0.386708,18.26016,17.13511,17.11001,17.28075,-0.120049,0.1376616,4
2020-07-15 04:41:00,0.1799756999999999,3.014013,121.3424,18.40071,13.25965,17.8343,0.02348381,25.81509,0.6147373,18.24191,17.01156,16.98228,17.13285,0.06002434,0.1373110999999999,4
2020-07-15 04:42:00,0.1800661,3.020345,121.3646,18.33546,13.25965,17.85162,0.02416781,30.44345,0.7361596,18.2043,16.85872,16.82524,16.96541,0.4801921,0.1375141,4
2020-07-15 04:43:00,0.1800587999999999,3.030344,121.3644,18.30149,13.25919,17.87647,0.0243957999999999,33.41883,0.8167387,18.19088,16.81528,16.73436,16.89687,0.4201680999999999,0.1379885999999999,4
2020-07-15 04:44:00,0.1804934,3.040775,121.5088,18.27598,13.25873,17.89718,0.02211582,34.19402,0.7576494,18.17123,16.72303,16.63094,16.82557,0.1800711999999999,0.1378294999999999,4
2020-07-15 04:45:00,0.1807449999999999,3.014895,121.6306,18.2469,13.25873,17.92693,0.0278157799999999,36.00661,1.003239,18.15576,16.63706,16.5624,16.73054,0.7202844999999999,0.1364972,4
2020-07-15 04:46:00,0.1806591999999999,3.017111,121.6058,18.20263,13.25827,17.945,0.0305517499999999,40.01938,1.227104,18.13138,16.5443,16.46056,16.63222,0.3601407999999999,0.1367912,4
2020-07-15 04:47:00,0.1805899,3.014114,121.6763,18.15216,13.25827,17.94914,0.0255357899999999,43.65595,1.11415,18.09517,16.46191,16.37118,16.54008,0.9003516999999999,0.1364894,4
2020-07-15 04:48:00,0.1805268999999999,3.012978,121.5851,18.13432,13.25781,17.97192,0.0275877799999999,45.74213,1.260602,18.08108,16.42402,16.34724,16.51336,1.140442,0.136596,4
2020-07-15 04:49:00,0.1799953,3.03615,121.3749,18.09481,13.25827,17.99264,0.0253077999999999,46.83652,1.185715,18.06631,16.38895,16.29959,16.46992,1.140441,0.1383461,4
2020-07-15 04:50:00,0.1797227999999999,3.006357,121.2161,18.05767,13.25827,17.99471,0.02690379,47.00182,1.269429,18.03151,16.29187,16.21297,16.3924,1.380531,0.1375638,4
2020-07-15 04:51:00,0.1798312,3.022095,121.2197,18.05456,13.25919,18.01542,0.0227998199999999,47.66872,1.088606,18.01951,16.31121,16.20228,16.35519,1.440552,0.1371224,4
2020-07-15 04:52:00,0.1797251,2.988093,121.1959,18.06727,13.25919,18.02182,0.02348381,48.84291,1.148568,17.99878,16.2547,16.16252,16.30637,1.500573,0.1375022999999999,4
2020-07-15 04:53:00,0.1798762999999999,3.027163,121.2512,18.048,13.25781,18.04667,0.0300957599999999,49.2362,1.481567,17.99372,16.21123,16.10646,16.2629,1.440549,0.1372891,4
2020-07-15 04:54:00,0.1800198,3.000757,121.2117,17.96535,13.25781,18.04667,0.0300957599999999,49.3331,1.485528,17.96379,16.13512,16.04431,16.17284,1.800683,0.1368004999999999,4
2020-07-15 04:55:00,0.1799553999999999,3.001187,121.1686,17.89529,13.25781,18.04667,0.03488372,51.40789,1.794324,17.93179,16.02484,15.95148,16.08002,2.160818,0.1373139999999999,4
2020-07-15 04:56:00,0.1800892,2.989631,121.1755,17.82034,13.25965,18.04667,0.03602371,54.67396,1.968878,17.90117,15.932,15.86632,16.00606,2.400906,0.1361428,4
2020-07-15 04:57:00,0.1803830999999999,2.997271,121.3938,17.7598,13.25965,18.06531,0.0380756999999999,56.33265,2.154193,17.88989,15.8948,15.81025,15.96886,3.061153,0.1368325,4
2020-07-15 04:58:00,0.1803387999999999,3.012547,121.462,17.67631,13.25965,18.07152,0.0426356599999999,122.6858,5.088882,17.8627,15.85,15.82205,15.91569,3.721398,0.1366996,4
2020-07-15 04:59:00,0.3958088,0.9909778,121.2847,17.61604,13.25919,18.07152,0.03237574,195.5882,6.045742,17.83695,15.75499,15.8088,15.85073,4.441665,0.0495826899999999,4
2020-07-15 05:00:00,0.3137322,1.441103,121.245,17.68193,13.25965,18.07152,0.02986776,207.8602,6.192567,17.82024,15.7634,15.8256,15.8836,4.201573,0.0688114199999999,4
2020-07-15 05:01:00,0.3829357999999999,1.341349,121.2444,17.77091,13.25965,18.07152,0.0362517099999999,188.5374,6.655784,17.81187,15.71432,15.79121,15.84363,3.841435,0.0627948599999999,4
2020-07-15 05:02:00,0.3587271,1.166881,121.2829,17.76109,13.25965,18.07152,0.0314637499999999,186.6222,5.952873,17.80143,15.67021,15.70027,15.79744,3.661366,0.05504175,4
2020-07-15 05:03:00,0.3858891999999999,0.9393282,121.1664,17.78423,13.25965,18.07152,0.0401276799999999,190.9656,7.416661999999999,17.7896,15.64862,15.664,15.78772,3.901453,0.0517179899999999,4
2020-07-15 05:04:00,0.4134843,1.177648,121.1896,17.79264,13.25965,18.07152,0.0364797099999999,199.0367,7.191534,17.78195,15.61998,15.6018,15.73812,4.801787,0.04320066,4
2020-07-15 05:05:00,0.3559715,1.209008,121.1352,17.71628,13.25965,18.07152,0.03351573,202.6163,6.656595,17.77292,15.62017,15.59081,15.70825,5.402008,0.05284039,4
2020-07-15 05:06:00,0.4846561999999999,0.9789665,121.0872,17.60276,13.25965,18.07152,0.03967169,186.8673,7.019474,17.75622,15.56218,15.56497,15.69081,6.062252,0.02413985,4
2020-07-15 05:07:00,0.5721532999999999,-0.4036646999999999,121.1086,17.54878,13.25965,18.07152,0.04468764,158.3276,7.074072,17.74856,15.46215,15.45446,15.59081,6.962582,-0.005671164,4
2020-07-15 05:08:00,0.5653211999999999,-0.4579845,121.1109,17.52494,13.25965,18.07152,0.05699955,158.0996,9.01229,17.74577,15.42718,15.4034,15.56074,8.163026,-0.006605133,4
2020-07-15 05:09:00,0.5441319,-0.2579835999999999,121.0485,17.53827,13.25965,18.07152,0.05061559,158.1965,8.006603999999998,17.74578,15.41253,15.38455,15.52581,8.883179,-0.003768633,4
2020-07-15 05:10:00,0.5400226999999999,-0.08477819,121.053,17.57923,13.25965,18.05081,0.05563155,158.0711,8.793962,17.72575,15.47004,15.41129,15.61477,9.183276,-0.001458908,4
2020-07-15 05:11:00,0.5415568,0.1001788,120.9597,17.68021,13.25965,18.04667,0.06041951,157.9058,9.540851,17.72229,15.4371,15.41332,15.64057,9.843572,0.0014437,4
2020-07-15 05:12:00,0.547965,0.1799801,121.0177,17.6753,13.25965,18.04667,0.06064751,158.0939,9.589164,17.72856,15.44269,15.37834,15.58464,10.14368,0.002441855,4
2020-07-15 05:13:00,0.5494508,0.2745139999999999,121.2317,17.61432,13.25965,18.04667,0.0563155499999999,158.2307,8.911125999999998,17.72995,15.37902,15.33075,15.5175,10.44384,0.004019255,4
2020-07-15 05:14:00,0.5562249999999999,0.4299499,121.0101,17.60381,13.25965,18.04667,0.0613315099999999,158.1737,9.700824,17.73413,15.33916,15.2867,15.46366,10.26377,0.0062671719999999,4
2020-07-15 05:15:00,0.5579650999999999,0.5411901,120.7719,17.61294,13.26011,18.04667,0.0574555399999999,158.1737,9.087334,17.7404,15.32455,15.25529,15.43017,10.62391,0.008088384,4
2020-07-15 05:16:00,0.5547965999999999,0.7191554,120.7964,17.62275,13.25965,18.04667,0.0592795299999999,158.168,9.377072,17.75084,15.28748,15.2567,15.40779,10.80397,0.01052483,4
2020-07-15 05:17:00,0.5483692,0.8806496,120.9067,17.58597,13.26011,18.02182,0.05973552,158.1395,9.447156,17.73781,15.24574,15.19677,15.3206,10.864,0.01299372,4
2020-07-15 05:18:00,0.5392966999999999,1.001837,121.2417,17.62856,13.26011,18.01956,0.0642954899999999,158.0426,10.16306,17.74808,15.24978,15.2015,15.29805,11.16411,0.01497216,4
2020-07-15 05:19:00,0.5284743,1.173083,121.5117,17.70078,13.25965,18.01749,0.0624714999999999,157.9172,9.863666,17.76202,15.29529,15.22743,15.32187,11.52424,0.0179784399999999,4
2020-07-15 05:20:00,0.5298023,1.396567,121.4649,17.62682,13.25965,17.99471,0.0613315099999999,158.1794,9.701447000000002,17.75036,15.21077,15.19118,15.23525,12.00442,0.0216395799999999,4
2020-07-15 05:21:00,0.5313351,1.62464,121.1511,17.58686,13.25965,17.99471,0.06543548,158.168,10.34857,17.76497,15.17078,15.13019,15.20996,12.4846,0.02459149,4
2020-07-15 05:22:00,0.5313987,1.758232,121.1598,17.58756,13.25965,17.99471,0.0679434599999999,158.1224,10.74501,17.7782,15.16728,15.13649,15.18618,13.0248,0.02753705,4
2020-07-15 05:23:00,0.5288667999999999,1.978119,121.183,17.57775,13.25965,17.99471,0.0697674499999999,157.9856,11.0202,17.79421,15.15469,15.1365,15.17708,13.68504,0.03050019,4
2020-07-15 05:24:00,0.5196874,2.183899,121.2217,17.43569,13.25965,17.97814,0.0715914299999999,158.0768,11.31724,17.78321,15.14161,15.1479,15.20038,14.64539,0.0341349099999999,4
2020-07-15 05:25:00,0.5136606999999999,2.489037,121.2732,17.39586,13.25965,17.96985,0.0761513899999999,158.1623,12.04401,17.78467,15.16694,15.15995,15.24041,15.12557,0.03985513,4
2020-07-15 05:26:00,0.5099226,2.949588,121.0527,17.57185,13.25965,17.96778,0.0729594199999999,158.1737,11.53895,17.80974,15.27819,15.23342,15.29568,16.08591,0.04690396,4
2020-07-15 05:27:00,0.5077601,3.749351,121.1477,17.80903,13.25965,17.945,0.07865937,157.8887,12.42117,17.83358,15.31545,15.27068,15.33294,17.94657,0.0603561599999999,4
2020-07-15 05:28:00,0.5214872999999999,5.329371,121.3121,17.82515,13.26011,17.945,0.09097127,157.9856,14.37157,17.88926,15.35597,15.36017,15.35597,21.72794,0.0826519099999999,4
2020-07-15 05:29:00,0.5252813,5.718544,121.2994,17.98344,13.25965,17.945,0.0875512999999999,157.9229,13.82676,17.98528,15.48043,15.43707,15.49651,23.40854,0.08870643,4
2020-07-15 05:30:00,0.535228,5.324498,121.4301,18.15011,13.25965,17.945,0.09074327,158.2136,14.35782,18.06182,15.56913,15.53417,15.55864,20.40744,0.0810570899999999,4
2020-07-15 05:31:00,0.5367899999999999,5.541376,121.5647,18.26002,13.25965,17.945,0.09142727,158.3162,14.47353,18.11886,15.78509,15.7732,15.72498,20.52748,0.0840980999999999,4
2020-07-15 05:32:00,0.5363246999999999,5.8908,121.5776,18.43057,13.25965,17.9595,0.0911992699999999,158.3903,14.448,18.17996,15.95268,15.98831,15.96735,21.78793,0.0890515699999999,4
2020-07-15 05:33:00,0.5260124999999999,6.282247,121.5994,18.59064,13.25965,17.96985,0.0953032399999999,158.1851,15.0759,18.24803,16.0993,16.19009,16.11257,25.38924,0.09752578,4
2020-07-15 05:34:00,0.5050345,6.538305,121.6084,18.57154,13.25965,17.98228,0.1037392,158.111,16.40196,18.32719,16.17544,16.28925,16.16636,27.00983,0.1054829,4
2020-07-15 05:35:00,0.5014595,7.107805,121.8344,18.4958,13.25919,17.99471,0.1057912,158.1167,16.73015,18.40982,16.30663,16.41483,16.30035,28.39033,0.1146646999999999,4
2020-07-15 05:36:00,0.5082820999999998,7.940763999999999,121.8503,18.49492,13.25827,18.00713,0.1085271,158.4131,17.19356,18.50704,16.39867,16.52569,16.38471,30.91125,0.1268411999999999,4
2020-07-15 05:37:00,0.5114958,10.92203,121.8654,18.52088,13.2546,18.03312,0.1185591,178.9957,21.24461,18.64974,16.46033,16.57966,16.45893,34.99274,0.171346,4
2020-07-15 05:38:00,0.5398344,11.91459,121.6636,18.64624,13.25415,18.05289,0.1078431,213.6685,22.94159,18.80773,16.57158,16.62601,16.62042,32.59187,0.1788976999999999,4
2020-07-15 05:39:00,0.5267758999999999,10.76131,121.5959,18.86964,13.25231,18.09035,0.0868672999999999,238.5887,20.74358,18.94375,16.69985,16.76821,16.73264,27.7301,0.1653394,4
2020-07-15 05:40:00,0.5339587,10.99942,121.6134,19.20516,13.2491,18.13798,0.1041952,210.9667,21.94581,19.05107,16.84587,16.90236,16.87377,27.43,0.1669240999999999,4
2020-07-15 05:41:00,0.5202883,10.76766,121.5132,19.34298,13.24864,18.17808,0.1003192,195.4571,19.61062,19.13276,16.8812,16.98371,16.92025,28.75048,0.1685094,4
2020-07-15 05:42:00,0.5214558,11.86423,121.5476,19.3739,13.24864,18.22308,0.1080711,195.6509,21.14374,19.21445,16.95211,17.05251,17.04344,31.15137,0.1846166999999999,4
2020-07-15 05:43:00,0.526125,13.80272,121.6731,19.45881,13.24773,18.2613,0.1210669999999999,195.3887,23.65548,19.31157,17.10616,17.18423,17.20792,35.77306,0.2123221999999999,4
2020-07-15 05:44:00,0.5164368999999999,15.45289,121.8671,19.49365,13.24452,18.30611,0.1333788999999999,195.3887,26.06001,19.46721,17.24105,17.34069,17.35184,40.03462,0.2427204,4
2020-07-15 05:45:00,0.5075098999999998,16.79981,121.5142,19.46026,13.2436,18.36222,0.1352028999999999,195.4343,26.42393,19.6605,17.33212,17.44427,17.4387,43.45587,0.2686135,4
2020-07-15 05:46:00,0.5167638,17.94497,121.4486,19.55065,13.24268,18.42133,0.1440948,195.2519,28.13426,19.8976,17.46658,17.55643,17.60586,46.57703,0.2814221,4
2020-07-15 05:47:00,0.5212674,18.16509,121.4427,19.53298,13.2381,18.48967,0.1445508,195.2063,28.2175,20.14311,17.5643,17.67084,17.74115,46.45699,0.2825013,4
2020-07-15 05:48:00,0.5236604,18.20291,121.4396,19.59667,13.23764,18.57797,0.1470587999999999,195.3773,28.72729,20.39386,17.74048,17.82401,17.88177,46.33695,0.2833378999999999,4
2020-07-15 05:49:00,0.525893,18.35641,121.3573,19.54026,13.23718,18.67041,0.1477428,195.1037,28.82511,20.62235,17.81218,17.92005,17.95902,46.51702,0.2836046999999999,4
2020-07-15 05:50:00,0.5286011,18.52994,121.3746,19.48484,13.23764,18.77641,0.1504788,195.4058,29.40454,20.85667,17.83621,17.94964,17.9907,46.51702,0.2846198999999999,4
2020-07-15 05:51:00,0.5310772,18.83518,121.3542,19.45303,13.2326,18.88579,0.1523027999999999,195.4856,29.77482,21.08039,17.88664,18.00564,18.02721,47.41733,0.2883448,4
2020-07-15 05:52:00,0.5338929,19.00497,121.4953,19.57559,13.22985,19.0029,0.1559508,195.3203,30.46255,21.32415,17.91631,18.0993,18.03251,47.35725,0.2891408999999999,4
2020-07-15 05:53:00,0.5332788,19.21188,121.5379,19.72234,13.22664,19.12189,0.1454628,195.6452,28.45886,21.58479,17.90131,18.14134,17.98829,47.83741,0.2926691,4
2020-07-15 05:54:00,0.5318323999999999,19.3767,121.4682,19.75066,13.22664,19.24389,0.1589146999999999,195.725,31.10137,21.82691,17.90607,18.10505,17.96452,48.19752,0.2968829,4
2020-07-15 05:55:00,0.5261075,19.56421,121.1083,20.01632,13.22113,19.37925,0.1532148,195.5141,29.95548,22.11201,17.87898,18.02023,17.91586,47.59698,0.3027984,4
2020-07-15 05:56:00,0.5252076,19.70976,121.1015,20.2567,13.2193,19.5278,0.1525307999999999,195.1835,29.76763,22.40732,17.89507,17.98413,17.88532,47.83673,0.3063519,4
2020-07-15 05:57:00,0.5274461999999999,19.84234,121.0364,20.54219,13.21609,19.66787,0.1527588,195.1949,29.81535,22.69266,17.87489,17.94795,17.82756,47.7768,0.3069291,4
2020-07-15 05:58:00,0.5274396,19.95582,121.2789,20.82814,13.21563,19.80644,0.1575467,195.3944,30.77952,22.96467,17.86437,17.91447,17.7885,47.71683,0.3076648,4
2020-07-15 05:59:00,0.5200278,20.01971,121.3544,20.66339,13.21242,19.94971,0.1577746999999999,195.2918,30.81294,23.20565,17.83343,17.87937,17.73528,48.13663,0.3140761,4
2020-07-15 06:00:00,0.5309169,20.06714,121.2517,20.23059,13.20967,20.09751,0.1591427,195.3716,31.09073,23.43169,17.80643,17.81895,17.66858,48.73666,0.3069428,4
2020-07-15 06:01:00,0.5223199,20.10537,121.3614,20.17123,13.20555,20.24661,0.1627907,195.1892,31.77637,23.66443,17.75715,17.77942,17.59979,50.05682,0.3142935,4
2020-07-15 06:02:00,0.5105739999999999,20.21856,121.3832,20.20658,13.20417,20.3914,0.1614227,195.5825,31.57124,23.9134,17.70497,17.71819,17.53158,51.97733,0.3213771,4
2020-07-15 06:03:00,0.5099648,20.29811,121.5306,20.29254,13.20096,20.53862,0.1650706999999999,195.3659,32.24681,24.16925,17.6903,17.69518,17.52388,54.61793,0.3234609,4
2020-07-15 06:04:00,0.50924,20.39567,121.4484,20.20428,13.19867,20.68378,0.1643867,195.5255,32.14342,24.39294,17.67555,17.67624,17.49728,56.9586,0.3256678,4
2020-07-15 06:05:00,0.5095437999999999,20.52373,121.3406,20.33764,13.19592,20.83232,0.1632466999999999,195.497,31.9119,24.62888,17.66005,17.64682,17.45183,59.65923,0.3279917,4
2020-07-15 06:06:00,0.5091715,20.60601,121.2603,20.33447,13.19363,20.97466,0.1668947,195.3431,32.60143,24.85038,17.59585,17.59167,17.39248,62.36005,0.3299731,4
2020-07-15 06:07:00,0.5091118,20.68917,121.2719,20.14835,13.19363,21.12151,0.1700866,195.6224,33.27064,25.0249,17.58565,17.56336,17.35163,64.94085,0.3318411,4
2020-07-15 06:08:00,0.5102497,20.8631,121.2669,20.20034,13.19363,21.26384,0.1623347,195.4685,31.73148,25.25247,17.61831,17.58628,17.35365,67.70174,0.3324450999999999,4
2020-07-15 06:09:00,0.5109251999999999,21.04252,121.413,20.32111,13.18998,21.41013,0.1643867,195.7478,32.17695,25.51835,17.67779,17.59006,17.37762,70.46235,0.3344849999999999,4
2020-07-15 06:10:00,0.5083718,21.57069,121.5628,20.39153,13.18678,21.5534,0.1751026,198.7973,34.79839,25.71932,17.71983,17.62723,17.4176,73.40327999999998,0.3440146,4
2020-07-15 06:11:00,0.5511002999999999,24.23828,121.4518,20.37112,13.18423,21.69988,0.1589146999999999,228.6765,36.29909,25.97818,17.77071,17.66907,17.43925,76.16392999999998,0.3536487999999999,4
2020-07-15 06:12:00,0.5602660999999999,20.52103,121.2358,20.46351,13.18097,21.83995,0.1260824,263.3591,33.00953,26.19772,17.82426,17.70523,17.47682,79.10483999999998,0.3008306,4
2020-07-15 06:13:00,0.55413,24.09813,121.2661,20.55883,13.18045,21.98285,0.1445459,253.3657,36.48971,26.41911,17.88576,17.76884,17.5154,82.04558,0.3514204,4
2020-07-15 06:14:00,0.5374881,26.41663,121.2218,20.64261,13.17808,22.11709,0.1764648,222.5132,39.25145,26.60819,17.94666,17.82906,17.57844,85.10651,0.4024737999999999,4
2020-07-15 06:15:00,0.5383223999999999,26.5393,121.2269,20.5117,13.17495,22.2581,0.1814815999999999,218.3422,39.62678,26.78898,18.00673,17.89401,17.61975,88.34738,0.4010368999999999,4
2020-07-15 06:16:00,0.5384596999999999,27.11965,121.1626,20.27108,13.17441,22.39121,0.1835322,218.3349,40.07474,26.91061,18.08396,17.96429,17.67336,91.7084,0.4114833,4
2020-07-15 06:17:00,0.5362759,27.79875,121.1004,20.18932,13.17046,22.5166,0.1864920999999999,218.2732,40.70335,27.02187,18.16314,18.04767,17.7366,95.00932,0.4234212,4
2020-07-15 06:18:00,0.5350947999999999,28.45226,121.0618,20.15493,13.16899,22.65517,0.1915041,218.309,41.80642,27.08072,18.27853,18.17073,17.84373,98.19027,0.4337119999999999,4
2020-07-15 06:19:00,0.5334142,29.26215,121.1556,20.07264,13.16834,22.78356,0.1987918999999999,218.181,43.37531,27.11389,18.38705,18.28415,17.94746,101.4312,0.4472437,4
2020-07-15 06:20:00,0.5305111999999998,30.14112,121.3202,20.11182,13.16826,22.89671,0.2053961,218.2706,44.83245,27.24035,18.48803,18.39905,18.04923,104.6119,0.4634858,4
2020-07-15 06:21:00,0.5262280999999999,31.25945,121.2279,20.29029,13.16811,23.00554,0.2117694,218.135,46.19316,27.42463,18.59299,18.50889,18.1355,107.9124,0.4846713999999999,4
2020-07-15 06:22:00,0.5265366,32.4505,121.0822,20.53899,13.16666,23.1121,0.2135899,218.1945,46.60268,27.66101,18.69654,18.61107,18.21622,111.3329,0.5021736,4
2020-07-15 06:23:00,0.5283117,33.70564,121.0422,20.84244,13.16471,23.21847,0.2220206999999999,218.2254,48.45172,27.92096,18.78948,18.71446,18.30162,114.6931,0.520098,4
2020-07-15 06:24:00,0.5337863999999999,35.11058,121.1282,21.0756,13.16235,23.33068,0.234327,218.2513,51.14169,28.17929,18.89715,18.82353,18.40731,117.8732,0.5364955999999999,4
2020-07-15 06:25:00,0.5447165,36.64039,121.0393,21.25093,13.16227,23.44289,0.2402507999999999,218.3285,52.45467,28.43818,19.01176,18.93954,18.50813,120.8132,0.5483466,4
2020-07-15 06:26:00,0.5554871999999998,38.11544,121.0146,21.29929,13.15991,23.55472,0.2498216,218.2235,54.51654,28.68567,19.1156,19.06354,18.62598,124.2922,0.5594059999999998,4
2020-07-15 06:27:00,0.5609251,39.41949,121.1026,21.00529,13.15711,23.67201,0.2562018999999999,218.1819,55.89927,28.75817,19.24162,19.1965,18.73961,127.5315,0.5730866,4
2020-07-15 06:28:00,0.5645723,40.9343,121.033,20.68574,13.15659,23.78498,0.2580228,218.0885,56.27547,28.7994,19.35958,19.32697,18.85976,131.0114,0.5914342,4
2020-07-15 06:29:00,0.5706272,42.48922,120.9833,20.58365,13.15656,23.89813,0.2701019,218.1614,58.92668,28.89924,19.49933,19.47436,18.99965,134.1916,0.6079031,4
2020-07-15 06:30:00,0.57644,44.16541,121.0313,20.52777,13.15467,24.0045,0.2780771,218.0854,60.64349,28.97525,19.64691,19.63096,19.14946,138.0303,0.6254342,4
2020-07-15 06:31:00,0.5847385,46.04264,120.9516,20.60952,13.15327,24.11125,0.2942594,218.1132,64.18095,29.12103,19.80454,19.79068,19.29476,142.23,0.6429572,4
2020-07-15 06:32:00,0.5912962,47.93577,120.8853,20.53283,13.15185,24.20915,0.3033740999999999,218.0544,66.15388,29.03327,19.92581,19.92581,19.43631,145.4684,0.6627433,4
2020-07-15 06:33:00,0.6019128,49.76135,120.9044,20.54506,13.15092,24.30969,0.3051971,218.3903,66.65273,28.94912,20.08896,20.08688,19.59547,148.8282,0.6731321999999998,4
2020-07-15 06:34:00,0.6213125999999999,51.78815,120.9154,20.61714,13.14913,24.3978,0.3124888,218.2122,68.18718,28.97585,20.25334,20.26164,19.74545,152.785,0.6811097,4
2020-07-15 06:35:00,0.6214792,53.73074,121.177,20.57393,13.14722,24.48346,0.3259361,218.2461,71.13271,29.00426,20.37782,20.38889,19.86798,155.9648,0.7055888,4
2020-07-15 06:36:00,0.6281261999999999,55.12137,121.1266,20.4948,13.14548,24.56668,0.335963,216.4044,72.69858999999998,29.02006,20.50603,20.51711,19.97693,159.0216,0.7155338,4
2020-07-15 06:37:00,0.6422411,57.7909,121.0681,20.4226,13.14453,24.645,0.3473590999999999,219.2305,76.16047,29.04189,20.61131,20.62307,20.09133,162.8017,0.7328126999999999,4
2020-07-15 06:38:00,0.6660618999999999,62.17628,120.8866,20.33281,13.14422,24.71918,0.3576139999999999,227.4746,81.35841,28.98499,20.71847,20.72677,20.1965,166.2782,0.7627344999999999,4
2020-07-15 06:39:00,0.6815392,64.06554,120.7467,20.35273,13.14422,24.79901,0.3646794999999999,226.4261,82.56514,28.91379,20.83978,20.85154,20.31033,169.6385,0.7701586,4
2020-07-15 06:40:00,0.7004255999999999,67.30472,120.6628,20.41262,13.14396,24.86998,0.3756185,230.129,86.43957,28.87182,20.93425,20.9709,20.43537,173.5355,0.7871354,4
2020-07-15 06:41:00,0.7187017,70.35889,120.6689,20.53123,13.14395,24.93362,0.382684,233.8213,89.47105999999998,28.99336,21.07591,21.11255,20.56958,177.5556,0.802911,4
2020-07-15 06:42:00,0.7335692,72.20749999999998,120.8777,20.5929,13.14376,25.01363,0.4061589999999999,230.1682,93.47738,28.84042,21.19216,21.25367,20.70883,181.5133,0.8047906,4
2020-07-15 06:43:00,0.7490873,73.93813,120.6973,20.7022,13.14373,25.07294,0.4109452,227.5869,93.5337,28.6407,21.35075,21.39842,20.86481,185.2931,0.8093871,4
2020-07-15 06:44:00,0.7719681999999999,77.68195,120.6833,20.78482,13.1436,25.13959,0.4212008999999999,232.7203,98.01694,28.51488,21.51535,21.56508,21.004,188.8308,0.8250589,4
2020-07-15 06:45:00,0.7931087,80.94236999999998,120.5689,21.02043,13.14036,25.19512,0.4316813999999999,237.8864,102.6846,28.66599,21.69147,21.75567,21.19135,192.9105,0.8373795,4
2020-07-15 06:46:00,0.8138604,83.69751999999998,120.5287,21.24908,13.14026,25.26385,0.4394188,238.9283,105.0008,28.75392,21.89392,21.95809,21.38849,197.1091,0.8438693,4
2020-07-15 06:47:00,0.8363509,86.48769,120.7087,21.40782,13.1384,25.33445,0.4571969,235.5214,107.6823,28.70161,22.07879,22.16226,21.58115,201.3685,0.8476679999999999,4
2020-07-15 06:48:00,0.8551127,89.18555,120.9251,21.51418,13.13787,25.3994,0.4583381,240.1774,110.0648,28.77099,22.29029,22.37234,21.7666,204.967,0.8543345,4
2020-07-15 06:49:00,0.8757403,92.189,120.872,21.27718,13.13738,25.46642,0.4772559,241.8302,115.3892,28.89465,22.22675,22.39087,21.70922,208.9263,0.8614616,4
2020-07-15 06:50:00,0.8963025,94.91736,120.7221,20.63428,13.13641,25.53194,0.4738382999999999,245.7737,116.4437,28.91135,22.19831,22.31347,21.72563,212.6448,0.8691145999999998,4
2020-07-15 06:51:00,0.9264903,98.2646,120.4417,20.73255,13.13345,25.59803,0.5046079,238.4067,120.2706,29.02987,22.35187,22.42977,21.85107,216.784,0.8720879999999999,4
2020-07-15 06:52:00,0.9455431,100.7469,120.5534,20.9263,13.13178,25.66072,0.5235258,235.0168,123.0345,29.05457,22.3841,22.48543,21.95029,220.5626,0.8749122999999999,4
2020-07-15 06:53:00,0.9683684,103.6803,120.6417,20.68802,13.13157,25.7253,0.5390249,234.8918,126.6049,29.03984,22.37397,22.46979,21.96913,224.462,0.8804988999999999,4
2020-07-15 06:54:00,0.9854891,106.2057,120.8509,20.53773,13.13137,25.79157,0.5527007,232.328,128.3992,28.9656,22.39106,22.47447,21.97105,228.2413,0.8838317,4
2020-07-15 06:55:00,1.000256,108.4646,120.6788,20.43734,13.13118,25.8473,0.5609064,230.5562,129.3135,28.80673,22.3996,22.42511,21.95338,231.9008,0.8898300999999998,4
2020-07-15 06:56:00,1.031127,112.3816,120.6173,20.65565,13.13104,25.9034,0.5754937,233.2972,134.2678,28.93188,22.57602,22.58774,22.06926,235.5005,0.8954933,4
2020-07-15 06:57:00,1.051944,114.8562,120.6126,20.93823,13.13041,25.96346,0.5880298999999999,231.1037,135.8703,29.07192,22.80377,22.78793,22.32136,238.9197,0.8991978999999999,4
2020-07-15 06:58:00,1.067945,117.4033,120.7468,21.00469,13.13032,26.01693,0.6037565999999999,231.8959,140.0117,29.11083,22.89953,22.9257,22.48063,241.6193,0.9021676,4
2020-07-15 06:59:00,1.092723,120.7556,120.924,20.14997,13.12973,26.07529,0.6171885999999999,232.1351,143.2736,28.85939,22.71515,22.78404,22.37262,246.0583,0.9048152,4
2020-07-15 07:00:00,1.135282,125.8686,120.5677,20.15853,13.12828,26.12707,0.6240208999999999,240.1443,149.8559,28.93875,22.92433,22.90849,22.58333,249.4178,0.9119761,4
2020-07-15 07:01:00,1.154001,127.8073,120.436,19.39318,13.12678,26.18299,0.6467977999999999,235.2904,152.18,28.63695,22.51937,22.62548,22.31533,252.2967,0.9123037,4
2020-07-15 07:02:00,1.185268,131.8819,120.422,18.6315,13.12582,26.22591,0.6563670999999999,237.8761,156.1337,28.25552,22.25937,22.30557,22.1118,256.6763,0.9158549,4
2020-07-15 07:03:00,1.216987,136.319,120.5018,18.12942,13.12617,26.2694,0.6586159999999999,245.5452,161.7117,27.87712,22.01562,21.98457,21.92523,260.8743,0.9213619,4
2020-07-15 07:04:00,1.245716,139.6126,120.6102,18.03583,13.12706,26.28954,0.6804875,240.8484,163.8729,27.64156,22.0104,21.91312,21.94072,265.0738,0.9214721,4
2020-07-15 07:05:00,1.259061,140.1263,120.5876,18.23998,13.12743,26.32645,0.7082838999999999,231.7476,164.1229,27.70359,22.25798,22.05315,22.20075,268.7312,0.9164881,4
2020-07-15 07:06:00,1.27992,142.2064,120.2535,18.32452,13.12925,26.3449,0.7205894,229.5939,165.4279,27.81539,22.43171,22.23039,22.39311,271.1909,0.9172602,4
2020-07-15 07:07:00,1.310529,146.8877,120.6795,18.39048,13.12871,26.3449,0.7278512,234.0905,170.3862,27.87276,22.47417,22.28183,22.50726,274.7887,0.9197137,4
2020-07-15 07:08:00,1.346086,152.1059,121.0533,18.44676,13.13008,26.36448,0.7221522,243.3931,175.7623,27.90045,22.55594,22.34777,22.58488,277.7886,0.9257779,4
2020-07-15 07:09:00,1.368535,154.2425,121.1366,18.58879,13.13001,26.37691,0.7526648,237.9565,179.097,28.10025,22.72347,22.50365,22.82198,281.146,0.9237707,4
2020-07-15 07:10:00,1.404945,158.9841,121.2397,18.44301,13.13001,26.40063,0.7510664,245.3043,184.2365,28.07344,22.66751,22.39459,22.83422,285.4055,0.9229271,4
2020-07-15 07:11:00,1.478717,166.0196,121.1603,18.47848,13.1295,26.40589,0.7576576,254.2824,192.668,28.20799,22.84187,22.55459,22.92794,289.1219,0.9182337,4
2020-07-15 07:12:00,1.525923,171.285,120.8557,18.81266,13.12995,26.40589,0.7736055,257.7906,199.4182,28.33058,23.13103,22.83911,23.22532,292.8418,0.9210699,4
2020-07-15 07:13:00,1.553583,174.3142,120.9058,18.96364,13.12991,26.40589,0.7765537999999998,260.5204,202.2787,28.45857,23.31339,23.12002,23.27692,296.5021,0.9217647,4
2020-07-15 07:14:00,1.583124,178.1656,120.9653,19.06983,13.12899,26.40589,0.7918171,259.585,205.5206,28.53889,23.52388,23.38357,23.50463,300.0409,0.9233457,4
2020-07-15 07:15:00,1.60624,180.6489,121.1008,19.32125,13.12988,26.40589,0.8193776999999999,255.896,209.6662,28.75528,23.84151,23.72948,23.80852,303.3377,0.9232503,4
2020-07-15 07:16:00,1.629082,183.6265,121.1004,19.43143,13.12987,26.40589,0.8351057,254.4509,212.5095,28.99271,24.02426,23.91638,24.0277,307.8956,0.9227785,4
2020-07-15 07:17:00,1.676119,189.2861,120.8018,19.34323,13.12848,26.40589,0.8319269,262.2643,218.1694,29.13219,23.92039,24.00287,24.02073,312.3316,0.9279032,4
2020-07-15 07:18:00,1.712766,193.5113,120.9127,19.21273,13.12847,26.40589,0.8556182,259.7616,222.2344,29.17159,23.91494,24.05442,24.10114,317.2501,0.9274303,4
2020-07-15 07:19:00,1.732233,195.9594,120.9663,19.03263,13.12754,26.40589,0.8521914,264.43,225.3397,29.08386,23.88747,24.01598,24.00979,321.5675,0.9295956,4
2020-07-15 07:20:00,1.775121,200.9722,120.8648,18.86816,13.12661,26.40326,0.8847699,260.1333,230.1402,29.12531,24.03334,24.08418,24.1412,325.4055,0.9290881,4
2020-07-15 07:21:00,1.804327,204.1008,120.7903,19.10016,13.1266,26.37954,0.8941046999999999,262.0736,234.309,29.22736,24.15318,24.26376,24.23285,329.0628,0.9307594,4
2020-07-15 07:22:00,1.840743,208.5278,120.7456,19.18518,13.12751,26.34979,0.9052644,260.5739,235.87,29.18284,24.22974,24.36501,24.38627,333.6831,0.9312813,4
2020-07-15 07:23:00,1.867568,212.0231,121.0082,19.52225,13.12567,26.3449,0.9205254,262.2358,241.3854,29.35602,24.57217,24.58933,24.76085,337.8835,0.9321095,4
2020-07-15 07:24:00,1.874941,213.1589,121.1793,19.75084,13.12658,26.31854,0.907305,267.0876,242.3248,29.61581,24.98058,24.9655,25.12661,341.7812,0.9330785,4
2020-07-15 07:25:00,1.912786,217.978,121.2101,19.89126,13.12887,26.28163,0.9396563,264.7739,248.7853,29.79576,25.17735,25.17256,25.31372,345.6794,0.9335334,4
2020-07-15 07:26:00,1.955783,222.8653,120.9412,19.71768,13.12519,26.26206,0.9731457,259.9878,252.9776,29.88375,25.17549,25.27762,25.32009,349.3965,0.9354667,4
2020-07-15 07:27:00,1.989832,226.6122,120.7904,19.53658,13.12565,26.22327,0.9840801,260.9498,256.7788,29.94036,25.15511,25.35042,25.30383,353.5346,0.9364595,4
2020-07-15 07:28:00,2.008797,229.2651,120.8628,19.53935,13.12656,26.20596,0.9918737,263.2975,261.0938,30.08326,25.40296,25.55161,25.55982,357.6731,0.9376454,4
2020-07-15 07:29:00,2.039341,232.6156,120.8605,19.76266,13.12564,26.17018,1.000776,263.9283,264.0951,30.31094,25.79171,25.86975,25.91286,361.5121,0.9384726,4
2020-07-15 07:30:00,2.07582,237.7564,121.0075,19.93037,13.12564,26.13761,1.035167,259.2589,268.3536,30.59753,26.19978,26.20936,26.28115,365.3515,0.9396284,4
2020-07-15 07:31:00,2.101106,240.919,121.1943,20.13211,13.12518,26.10127,1.03881,260.3974,270.494,30.90965,26.52374,26.61735,26.68019,369.071,0.9401891,4
2020-07-15 07:32:00,2.129964,244.3185,121.2006,20.24764,13.12472,26.08809,1.061613,260.9485,277.0023,31.18642,26.72375,26.85353,26.94094,373.0946,0.9409563,4
2020-07-15 07:33:00,2.161218,248.0804,121.0401,20.20036,13.12426,26.05722,1.084858,259.0523,280.9677,31.51179,27.15179,27.19409,27.2555,377.2349,0.9416182,4
2020-07-15 07:34:00,2.189461,251.051,121.0292,20.3901,13.1238,26.03764,1.104698,254.5215,281.1675,31.96446,27.72983,27.78844,27.82117,380.898,0.941642,4
2020-07-15 07:35:00,2.220342,254.9075,121.0002,20.65184,13.1238,26.00864,1.122701,256.1511,287.5771,32.47412,28.24534,28.45434,28.25489,384.6779,0.9428465,4
2020-07-15 07:36:00,2.245938,257.8848,120.9392,20.90872,13.12425,25.98154,1.11698,260.3154,290.7526,33.0632,28.77602,29.16158,28.68283,388.4579,0.943778,4
2020-07-15 07:37:00,2.278534,261.6716,120.9106,21.18552,13.1215,25.97664,1.14774,256.4414,294.3146,33.62176,29.00854,29.54815,28.94123,391.6375,0.9436535,4
2020-07-15 07:38:00,2.290056,262.426,120.9868,21.24339,13.12013,25.97401,1.187369,247.8698,294.3051,34.01498,29.53529,30.01391,29.33149,395.7768,0.9430084,4
2020-07-15 07:39:00,2.309468,265.6692,121.0883,21.42316,13.11921,25.9661,1.196487,248.5827,297.425,34.51488,30.07184,30.58244,29.81666,399.4364,0.9430783,4
2020-07-15 07:40:00,2.358593,271.702,121.2538,21.53986,13.11875,25.94501,1.199014,254.4772,305.0898,34.98268,30.307,30.91622,30.24598,402.9765,0.9443457,4
2020-07-15 07:41:00,2.383618,274.7825,121.2887,21.76494,13.11875,25.94501,1.225898,252.0326,308.958,35.40089,30.57682,31.23307,30.48871,406.4575,0.9444094,4
2020-07-15 07:42:00,2.411573,278.0663,121.244,21.75931,13.11875,25.94501,1.237501,250.4908,309.9664,35.68548,30.57282,31.17022,30.4732,410.8438,0.9454224,4
2020-07-15 07:43:00,2.436945,280.7532,121.1012,21.79474,13.11875,25.94501,1.257558,249.0508,313.1949,35.95028,30.62433,31.30557,30.7104,415.1641,0.9458222,4
2020-07-15 07:44:00,2.476299,285.3673,121.0433,21.68918,13.11829,25.94501,1.271477,250.4616,318.4459,36.09497,30.99552,31.43613,30.96775,419.4257,0.9466328,4
2020-07-15 07:45:00,2.495632,287.8365,121.0406,21.7148,13.11783,25.94501,1.293131,248.9191,321.8585,36.32561,31.11817,31.53366,31.19602,422.9647,0.9472838,4
2020-07-15 07:46:00,2.524306,291.6306,121.158,21.82608,13.116,25.96873,1.299752,250.608,325.7198,36.64986,31.66486,31.84268,31.56613,426.323,0.9479867,4
2020-07-15 07:47:00,2.554564,294.9802,121.0535,21.7779,13.11417,25.97401,1.308191,251.5948,329.0806,36.86787,31.53077,31.81142,31.5619,429.6224,0.9486449,4
2020-07-15 07:48:00,2.581006,298.4571,121.0441,21.68811,13.11325,25.97664,1.326885,250.5257,332.3931,37.03509,31.50705,31.82625,31.38054,433.5814,0.9493542,4
2020-07-15 07:49:00,2.60933,302.0539,121.1708,21.4187,13.11279,25.97664,1.344894,250.8687,337.3841,36.74818,31.57433,31.81777,31.12172,437.5409,0.9496343,4
2020-07-15 07:50:00,2.625508,303.7945,121.1723,21.52294,13.11187,25.97909,1.37498,246.9677,339.5572,36.81355,31.55689,31.93481,31.02095,441.3204,0.9496121,4
2020-07-15 07:51:00,2.664495,308.6704,121.0879,21.72177,13.11187,25.98888,1.373823,249.7786,343.1299,36.97103,31.50979,31.92155,30.94266,445.2196,0.9505741,4
2020-07-15 07:52:00,2.708291,313.8174,121.0695,21.7682,13.11096,26.00601,1.373349,254.7885,349.904,36.95976,31.34816,31.88984,31.03683,449.8986,0.9514456,4
2020-07-15 07:53:00,2.736113,316.7842,121.0096,21.68131,13.10913,26.00601,1.397486,251.1851,351.0036,36.97332,31.51739,31.82979,31.16757,453.3202,0.9513393,4
2020-07-15 07:54:00,2.759526,319.4469,121.0423,21.70603,13.10775,26.01128,1.422083,249.2917,354.5048,37.1217,31.77687,32.09455,31.56729,457.2812,0.9512622,4
2020-07-15 07:55:00,2.787689,323.1146,121.0414,21.77629,13.10913,26.035,1.438017,249.9782,359.4744,37.09396,31.5261,31.91692,31.50649,460.697,0.9516742,4
2020-07-15 07:56:00,2.799162,324.3293,121.1511,21.75106,13.10775,26.03764,1.448491,248.0514,359.2972,37.10684,31.63772,31.96022,31.47066,462.4349,0.951678,4
2020-07-15 07:57:00,2.81988,328.2376,121.4758,21.55657,13.10775,26.03764,1.437348,254.3728,365.5874,37.03382,31.52401,31.83985,31.46856,465.2526,0.9522998,4
2020-07-15 07:58:00,2.835127,330.8573,121.7161,21.40545,13.10729,26.04009,1.413658,260.3611,367.9804,36.99002,31.64481,31.78883,31.70702,470.051,0.9526546,4
2020-07-15 07:59:00,2.881315,336.2636,121.7982,21.08617,13.10775,26.05967,1.462171,254.228,371.6996,36.76773,31.30659,31.60569,31.54344,473.2887,0.9526157,4
2020-07-15 08:00:00,2.904699,338.7112,121.677,20.77014,13.10775,26.06701,1.484041,252.8316,375.2024,36.49772,31.19749,31.34773,31.52767,475.6878,0.953077,4
2020-07-15 08:01:00,2.927889,341.4488,121.5845,20.88058,13.10775,26.07228,1.47723,256.2993,378.5979,36.47069,31.32717,31.42125,31.69448,477.9071,0.9539458,4
2020-07-15 08:02:00,2.945116,342.8098,121.5491,20.93566,13.10775,26.08546,1.529644,248.0686,379.4176,36.29809,31.04173,31.21572,31.51815,482.0466,0.9532111,4
2020-07-15 08:03:00,2.969893,346.5996,121.6217,20.82854,13.10775,26.09863,1.558605,246.3918,384.0035,36.05117,31.03044,31.13133,31.51364,487.868,0.9531956,4
2020-07-15 08:04:00,3.016989,352.0511,121.5717,20.60785,13.10775,26.09863,1.567494,248.2435,389.1118,35.53822,30.5148,30.68631,31.09531,493.0277,0.9541544,4
2020-07-15 08:05:00,3.069633,358.4404,121.5126,20.03971,13.10867,26.09863,1.557891,255.1425,397.4589,34.55035,29.64396,29.7764,30.18223,496.7514,0.9551862,4
2020-07-15 08:06:00,3.089934,360.2087,121.4965,20.08513,13.11142,26.096,1.592979,250.0722,398.3332,34.08582,29.47504,29.5491,30.16881,500.1111,0.9549639,4
2020-07-15 08:07:00,3.088025,360.1412,121.51,20.61344,13.11187,26.07755,1.618474,246.1947,398.4345,33.90673,29.61155,29.66792,30.35934,503.71,0.9544703,4
2020-07-15 08:08:00,3.147603,368.1222,121.6081,20.54016,13.11279,26.06701,1.621661,250.4779,406.1729,33.60605,29.56842,29.6411,30.281,509.5297,0.955544,4
2020-07-15 08:09:00,3.179575,371.91,121.5952,20.67007,13.11325,26.04009,1.624376,253.3232,411.4735,33.52574,29.67789,29.85102,30.23093,511.8728,0.9562297,4
2020-07-15 08:10:00,3.215054,375.8578,121.5597,20.67386,13.11462,26.03764,1.626433,255.2097,415.0716,33.44384,29.92929,29.99719,30.40276,516.4923,0.9565895,4
2020-07-15 08:11:00,3.215964,375.7567,121.5928,20.66447,13.11508,26.02973,1.579298,263.0359,415.3521,33.45289,30.01716,30.13521,30.43085,519.5515,0.9568828,4
2020-07-15 08:12:00,3.244931,380.1306,121.5773,20.66763,13.11691,26.00601,1.596153,263.935,421.2627,33.24961,30.0648,30.11777,30.30424,525.3705,0.9573804,4
2020-07-15 08:13:00,3.285548,384.7609,121.6547,20.85343,13.11737,25.97909,1.628263,261.8641,426.2694,33.2574,30.0903,30.26942,30.36432,530.7089,0.9572032,4
2020-07-15 08:14:00,3.314809,388.7564,121.7143,20.49373,13.11737,25.97664,1.689093,254.2697,429.4503,33.09138,29.58171,29.95848,29.76298,532.1469,0.9563968,4
2020-07-15 08:15:00,3.319659,385.3164,121.5964,19.98434,13.11691,25.97137,1.697966,253.7891,431.1989,32.82958,29.12072,29.43606,29.02351,527.9436,0.9543765,4
2020-07-15 08:16:00,3.420956,399.5443,121.6476,19.68599,13.11875,25.94256,1.739884,252.7058,439.6676,32.42191,28.90101,29.20836,29.12,543.961,0.9571011,4
2020-07-15 08:17:00,3.473744,407.9914,121.627,19.43329,13.11875,25.91564,1.768811,254.2423,449.6998,32.0347,28.58167,28.96474,29.02119,552.3583,0.9578722,4
2020-07-15 08:18:00,3.521885,413.1997,121.9148,18.919,13.11875,25.89851,1.770854,257.8357,456.5092,31.48686,28.2719,28.58235,28.60887,557.2758,0.9580413,4
2020-07-15 08:19:00,3.50181,410.9707,122.0949,18.95107,13.11875,25.86782,1.80229,250.9763,452.3063,31.19039,28.13503,28.44895,28.42104,557.2133,0.9572203,4
2020-07-15 08:20:00,3.258085,378.9395,121.8401,18.96488,13.11875,25.85464,1.696335,247.6888,420.1597,30.93841,28.00271,28.31059,28.34121,534.4744,0.954058,4
2020-07-15 08:21:00,3.233597,382.8603,121.4196,18.60327,13.11875,25.81717,1.652355,249.8982,413.2328,30.48943,27.26381,27.61716,27.72691,490.4983,0.9592168,4
2020-07-15 08:22:00,2.653249,304.3123,121.1367,18.31669,13.11875,25.7863,1.368941,248.9454,340.6509,29.828,26.69563,26.90876,27.11016,419.345,0.9352353,4
2020-07-15 08:23:00,1.463815,160.5582,120.6231,18.02533,13.11966,25.74055,0.7637692,247.3136,188.6994,29.0571,25.78406,25.94555,26.39974,250.7666,0.9047787,4
2020-07-15 08:24:00,1.127479,122.9321,120.5294,17.75374,13.12241,25.69838,0.5887862,253.3728,149.2166,28.16678,24.66535,24.68801,25.22836,173.3155,0.8860432999999999,4
2020-07-15 08:25:00,1.248612,134.5585,120.6235,17.63127,13.1247,25.64773,0.6339067999999999,250.7771,158.9761,27.28813,23.99528,23.88608,24.51172,185.6731,0.8931468,4
2020-07-15 08:26:00,1.281358,140.0437,120.6587,17.40443,13.12654,25.60311,0.6380169,258.4767,164.8903,26.40146,23.20724,23.22033,23.78837,188.9121,0.8996395999999999,4
2020-07-15 08:27:00,1.136302,121.7245,120.6012,17.05468,13.12974,25.53703,0.5723951,257.3671,147.1332,25.56432,22.59683,22.52516,22.99148,161.2559,0.8855665,4
2020-07-15 08:28:00,1.697449,190.873,120.9121,17.05804,13.12974,25.4813,0.861566,255.9746,220.7031,24.95219,22.64636,22.46584,22.88812,240.5667,0.9247655,4
2020-07-15 08:29:00,1.559533,173.416,120.8605,16.89886,13.12974,25.40467,0.7758895999999998,260.0142,201.7348,24.42474,22.29226,22.23228,22.58997,221.55,0.9210363,4
2020-07-15 08:30:00,1.343821,147.38,120.8017,16.80175,13.13249,25.34424,0.6599112999999999,263.9931,174.2263,24.05864,22.42933,22.19151,22.53752,196.0543,0.908513,4
2020-07-15 08:31:00,1.224019,132.9661,120.9562,16.96098,13.13478,25.25179,0.6214026999999999,258.2228,160.3884,23.87114,22.46593,22.22743,22.67126,180.5165,0.8977832,4
2020-07-15 08:32:00,1.095247,116.526,121.0016,16.84453,13.13845,25.16764,0.5450877,256.2107,139.6756,23.60595,22.17239,22.00067,22.3289,163.1797,0.8825946,4
2020-07-15 08:33:00,0.9786791,102.1292,120.956,16.70261,13.14074,25.09986,0.5013368999999999,248.9878,124.7781,23.22705,21.73851,21.64467,21.92969,144.1622,0.8599674,4
2020-07-15 08:34:00,0.912757,91.96017,120.9566,16.49359,13.14074,25.02606,0.4653479999999999,243.1398,113.162,22.82995,21.32078,21.26898,21.52038,129.5248,0.8364306999999999,4
2020-07-15 08:35:00,0.8587957,85.77213,120.8504,16.33581,13.14074,24.9483,0.4393673,246.5288,108.3064,22.38595,20.86915,20.84014,21.16642,121.9657,0.8198417,4
2020-07-15 08:36:00,0.8239691999999998,79.22432999999998,120.8277,16.262,13.14395,24.86753,0.3990163999999999,249.6758,99.65183,21.99994,20.6404,20.5048,20.7974,114.4077,0.7965176,4
2020-07-15 08:37:00,0.6784548,59.39575,120.8496,16.16677,13.1467,24.77942,0.3249558,246.9072,80.19614,21.67738,20.28304,20.14042,20.5322,86.39073999999998,0.7184205,4
2020-07-15 08:38:00,0.7063738,63.46646,121.0164,16.23651,13.15036,24.68925,0.3322484,247.7165,82.29459,21.40523,20.14734,19.95412,20.35572,90.89066,0.7375994,4
2020-07-15 08:39:00,0.6803799999999999,59.94009,120.9537,16.31175,13.15174,24.60094,0.3144738999999999,252.616,79.42399,21.20097,19.98272,19.83863,20.17178,86.51123,0.7252043999999999,4
2020-07-15 08:40:00,0.6490152,55.44887,120.8665,16.33262,13.1554,24.5006,0.2980669,253.0834,75.43541999999998,21.08609,19.89596,19.73036,20.05389,79.85249,0.6984272,4
2020-07-15 08:41:00,0.6586933999999999,57.50453,120.9327,15.98466,13.15769,24.40025,0.3062733999999999,256.6805,78.59961,20.89862,19.4765,19.4238,19.61238,82.67243,0.7123629999999999,4
2020-07-15 08:42:00,0.8538077,87.23511999999998,121.0448,15.85782,13.1609,24.29764,0.4341265999999999,253.1665,109.9924,20.74064,19.4741,19.38672,19.49836,115.9103,0.8201542,4
2020-07-15 08:43:00,0.8548424,83.75924,121.13,15.88661,13.16273,24.19691,0.3999466999999999,256.7809,102.6993,20.68544,19.56848,19.45686,19.63365,115.6105,0.8138024999999999,4
2020-07-15 08:44:00,0.7470716,71.3652,121.1229,15.87128,13.16273,24.09167,0.3666822,256.5522,93.98682,20.58618,19.50639,19.42873,19.62494,99.23237,0.7761356999999999,4
2020-07-15 08:45:00,0.8800845,90.27939,121.189,15.89202,13.16319,23.98549,0.4671882,244.9091,114.3555,20.45503,19.52614,19.46374,19.68835,121.551,0.8310187,4
2020-07-15 08:46:00,0.7873506999999998,77.59797,121.1045,15.8598,13.16732,23.88589,0.4131819999999999,239.2604,98.85757,20.27169,19.38823,19.40904,19.63022,109.3124,0.8216495,4
2020-07-15 08:47:00,0.6465629,57.43879,120.8825,15.86607,13.16823,23.78046,0.3204296999999999,238.3965,76.39112,20.13167,19.23548,19.27713,19.58224,83.69437,0.7339643999999999,4
2020-07-15 08:48:00,0.6414600999999999,58.18498,120.939,15.74138,13.17098,23.67954,0.3256743999999999,239.3103,77.94087,19.87567,18.95617,19.00753,19.24968,83.39465,0.7385258,4
2020-07-15 08:49:00,0.6420711,56.99066,121.0046,15.63045,13.17327,23.57393,0.315421,238.8335,75.32603,19.63958,18.79879,18.83142,19.07921,82.55499,0.7295658999999999,4
2020-07-15 08:50:00,0.6069497999999999,50.98466,120.8747,15.63563,13.17419,23.46906,0.2871629,239.6727,68.82292,19.45687,18.67965,18.69909,18.90392,75.11571999999998,0.6897128,4
2020-07-15 08:51:00,0.6248378,55.01544,120.675,15.68254,13.17857,23.35459,0.3063092,240.039,73.52908999999998,19.33176,18.6252,18.57797,18.84186,79.49583,0.7157794,4
2020-07-15 08:52:00,0.708994,70.43604,120.404,15.6813,13.17967,23.24257,0.3739997999999999,243.3848,91.03259,19.22646,18.52808,18.53225,18.72742,96.95521,0.8070173,4
2020-07-15 08:53:00,0.8539581,86.48443,120.569,15.65635,13.18403,23.12358,0.4426034999999999,249.9273,110.5198,19.12635,18.55911,18.52785,18.75706,114.8968,0.8249247,4
2020-07-15 08:54:00,1.231058,134.3942,120.8722,15.63319,13.18507,23.01024,0.6488648999999999,248.082,161.2731,19.0536,18.77728,18.76965,18.9342,170.9968,0.8912932,4
2020-07-15 08:55:00,1.624631,184.2293,121.0778,15.69395,13.18571,22.90387,0.8612834999999999,246.3227,212.0687,19.0435,19.26206,19.27453,19.44031,233.9987,0.9229838,4
2020-07-15 08:56:00,1.513903,167.99,120.9938,15.81003,13.18581,22.80277,0.7869852,246.1465,193.711,19.05195,19.61518,19.6845,19.8626,218.2801,0.916501,4
2020-07-15 08:57:00,1.551244,175.4633,120.9563,15.81567,13.18631,22.71089,0.8075014999999999,250.7744,202.5864,19.04497,19.79251,19.89784,20.07377,223.6232,0.9211758,4
2020-07-15 08:58:00,1.724467,196.2328,120.9983,16.00726,13.18648,22.62937,0.8619738,259.7887,223.9439,19.13429,20.19545,20.30968,20.55189,245.5245,0.9301142,4
2020-07-15 08:59:00,1.674741,188.4783,121.0534,15.94297,13.18793,22.54239,0.8248269999999999,262.0119,216.0965,19.13411,20.23543,20.41956,20.67901,236.343,0.9281088,4
2020-07-15 09:00:00,1.798899,205.7186,121.151,15.93647,13.18932,22.46802,0.9093845,258.035,234.6537,19.16192,20.52201,20.62095,20.93213,255.783,0.9309614,4
2020-07-15 09:01:00,1.860716,210.8978,121.0969,15.9502,13.19118,22.39347,0.9438031,254.9989,240.6656,19.18887,20.68378,20.8062,21.02121,264.7235,0.9323213,4
2020-07-15 09:02:00,1.827641,207.6149,121.0283,15.91334,13.19214,22.32588,0.9212396,256.6457,236.4561,19.21242,20.85455,20.97001,21.19255,261.9635,0.9305634,4
2020-07-15 09:03:00,1.817563,203.6186,121.1109,15.99497,13.19301,22.25565,0.8884223,258.5382,229.7153,19.29695,21.31694,21.35286,21.56419,257.407,0.9299943,4
2020-07-15 09:04:00,1.640148,183.9027,121.1868,16.02656,13.19255,22.20011,0.8170842999999999,258.3103,211.0648,19.34512,21.19012,21.3518,21.60939,232.2663,0.925219,4
2020-07-15 09:05:00,1.597941,179.2496,121.1299,15.96291,13.19334,22.13591,0.8031831,257.3479,206.6752,19.34713,21.27227,21.32203,21.64798,226.2691,0.9236277,4
2020-07-15 09:06:00,1.606212,181.2811,120.9013,16.03302,13.19337,22.08922,0.7949783999999999,264.7668,210.484,19.4084,21.53841,21.53496,21.82971,230.2295,0.9268146,4
2020-07-15 09:07:00,1.59928,179.6954,120.8532,16.206,13.19361,22.03142,0.7849511999999998,264.0037,207.2275,19.48705,21.56482,21.62075,21.89819,227.832,0.9260216,4
2020-07-15 09:08:00,1.596925,179.513,120.9113,16.2121,13.19365,21.9868,0.7986265,258.3513,206.281,19.53371,21.69273,21.68309,21.94049,226.6322,0.9247639,4
2020-07-15 09:09:00,1.581485,177.6428,121.1663,16.22646,13.19382,21.93936,0.8150376999999999,249.9301,203.6517,19.63156,21.94409,21.91995,22.22274,225.6138,0.9206573,4
2020-07-15 09:10:00,1.736118,199.227,121.4057,16.35497,13.19387,21.897,0.9130431,250.4316,228.7046,19.76644,22.33413,22.26658,22.48303,250.6352,0.9263294,4
2020-07-15 09:11:00,1.929614,222.6322,121.5115,16.51093,13.19399,21.86932,1.014696,247.4859,251.1556,19.90425,22.76816,22.74199,22.815,281.7168,0.9351942,4
2020-07-15 09:12:00,2.073798,239.2706,121.4562,16.72743,13.19312,21.83091,1.076234,251.6569,270.8618,20.09007,23.34322,23.3384,23.35972,301.519,0.9391678,4
2020-07-15 09:13:00,2.129714,243.908,121.4608,16.76126,13.1923,21.80154,1.069397,256.4491,274.2438,20.27862,23.63455,23.73974,23.80022,307.1613,0.941424,4
2020-07-15 09:14:00,2.003529,227.7905,121.422,16.83262,13.19233,21.78121,0.9880306,258.2042,255.1099,20.43335,23.88444,23.98545,24.12216,287.9008,0.9374014,4
2020-07-15 09:15:00,1.976327,226.3362,121.3665,16.77997,13.19011,21.78121,1.016749,251.059,255.1847,20.58145,24.10773,24.14346,24.30758,287.6026,0.9368867,4
2020-07-15 09:16:00,2.114166,242.9598,121.4051,16.74183,13.18969,21.77386,1.100396,248.9053,273.9976,20.69797,24.22461,24.3764,24.44091,310.2254,0.9395462,4
2020-07-15 09:17:00,2.242349,257.9209,121.3269,16.77435,13.18883,21.77876,1.124783,258.364,290.618,20.76447,24.21294,24.39489,24.51843,325.8882,0.9434418,4
2020-07-15 09:18:00,1.878415,212.0914,121.2077,16.71946,13.18886,21.77386,0.928089,259.0706,240.4087,20.79344,24.18477,24.19851,24.50607,274.0446,0.9326968,4
2020-07-15 09:19:00,1.804029,205.1275,121.2695,16.82497,13.1889,21.77631,0.9150978,254.7516,233.0752,20.85327,23.99561,24.00798,24.27239,261.9245,0.9301205,4
2020-07-15 09:20:00,1.859867,211.9622,121.2469,16.81863,13.18893,21.78121,0.9672918,248.1192,240.0035,20.88444,24.0891,23.94003,24.27729,270.3273,0.9324608,4
2020-07-15 09:21:00,1.884267,214.1122,121.264,16.79895,13.18895,21.78121,0.9629614,251.3329,242.0099,20.88513,24.12345,23.95172,24.25326,270.9888,0.9330148,4
2020-07-15 09:22:00,1.87045,212.0184,121.2102,16.84493,13.18852,21.78121,0.947919,255.0823,241.791,20.93832,24.16137,24.03156,24.21083,267.3313,0.9321215,4
2020-07-15 09:23:00,1.828203,206.4648,121.1462,16.93457,13.18762,21.78121,0.9055259,258.0851,233.6621,20.99499,24.21911,24.06321,24.25208,260.4319,0.9309828,4
2020-07-15 09:24:00,1.725781,193.8071,121.1665,16.76615,13.18673,21.78121,0.8537883,261.0424,222.8693,21.00191,24.11198,23.9416,24.0639,245.4929,0.9293966,4
2020-07-15 09:25:00,1.641522,184.7108,121.1277,16.66877,13.18582,21.79251,0.8184607,258.1935,211.2601,21.00424,23.87311,23.76177,23.93429,233.4327,0.9259068,4
2020-07-15 09:26:00,1.64849,185.9552,121.1509,16.74466,13.18585,21.80832,0.8394293999999999,254.8203,213.8905,21.03257,24.0193,23.74167,24.05227,234.3348,0.925095,4
2020-07-15 09:27:00,1.661317,187.5071,121.1304,17.01137,13.18402,21.81736,0.8467229,254.9342,215.8539,21.14046,24.2096,24.00423,24.26318,236.0157,0.9263212,4
2020-07-15 09:28:00,1.654406,186.0281,121.1631,17.06392,13.18358,21.83543,0.8344154,254.6608,212.4888,21.24355,24.43702,24.16168,24.34915,234.2775,0.9257817,4
2020-07-15 09:29:00,1.576974,175.9789,121.1764,17.04567,13.18359,21.83543,0.7961249,253.6466,201.923,21.29882,24.35807,24.1926,24.20152,222.456,0.9223298,4
2020-07-15 09:30:00,1.503659,167.3165,121.0464,17.08121,13.18314,21.86028,0.764672,251.3731,192.2214,21.39416,24.38557,24.23796,24.17408,212.3168,0.9180696,4
2020-07-15 09:31:00,1.435944,159.6778,121.0334,17.13346,13.18223,21.87384,0.7653558,241.0255,184.4867,21.46782,24.19856,24.1395,24.13332,207.0961,0.9159598,4
2020-07-15 09:32:00,1.381418,155.3798,121.0454,17.17566,13.18224,21.88965,0.7664954,235.96,180.8675,21.46634,24.10115,24.00153,23.95343,205.297,0.9239991,4
2020-07-15 09:33:00,1.458888,166.9539,121.0973,17.11368,13.18178,21.90189,0.8095723,239.0141,193.4764,21.43162,23.86801,23.80961,23.74841,219.1595,0.9299068,4
2020-07-15 09:34:00,1.671765,194.6142,121.4093,17.27297,13.17996,21.92354,0.904843,245.5213,222.1861,21.55551,24.08612,24.01123,23.98237,249.8856,0.9396362,4
2020-07-15 09:35:00,1.925178,221.6599,121.5337,17.19658,13.17813,21.94162,0.9868943,255.47,252.1515,21.61573,24.28538,24.08482,24.01472,279.7111,0.9351535,4
2020-07-15 09:36:00,2.048959,236.7062,121.5113,17.27996,13.17814,21.96421,1.023817,262.074,268.3069,21.80126,24.89996,24.64684,24.51372,298.6144,0.9400848,4
2020-07-15 09:37:00,2.209593,257.2235,121.6241,17.34096,13.17814,21.99132,1.071225,271.037,290.3804,21.97881,25.24433,25.06268,24.96394,331.08,0.9443038,4
2020-07-15 09:38:00,2.47751,287.7187,121.7355,17.46117,13.17815,22.0126,1.202507,269.0655,323.4755,22.13599,25.50256,25.38817,25.23192,365.7648,0.9479733,4
2020-07-15 09:39:00,2.52577,292.8262,121.9182,17.44885,13.17815,22.05458,1.238746,262.5982,325.2822,22.31519,25.97011,25.7901,25.71343,367.2638,0.9479218,4
2020-07-15 09:40:00,2.437485,280.7958,121.8069,17.47853,13.17723,22.10353,1.198632,260.2506,311.8955,22.47441,26.53707,26.2561,26.31694,352.5574,0.9462247,4
2020-07-15 09:41:00,2.302736,262.8175,121.3434,17.7227,13.1754,22.13591,1.131396,260.9002,295.1739,22.62531,26.61303,26.53242,26.70052,331.3137,0.9443948,4
2020-07-15 09:42:00,2.062434,234.2873,121.2323,17.69579,13.17266,22.1907,1.002849,262.245,262.9935,22.72279,26.51035,26.42081,26.49804,296.7475,0.9399765,4
2020-07-15 09:43:00,1.910187,215.7292,121.1094,17.58614,13.17266,22.23758,0.9262677,264.2165,244.6481,22.78753,26.47481,26.19717,26.3237,277.2441,0.9347666,4
2020-07-15 09:44:00,1.901326,217.7732,121.0055,17.54842,13.17083,22.29048,0.9447293,261.829,247.2744,22.83555,26.4083,26.15526,26.2688,278.5638,0.9355051,4
2020-07-15 09:45:00,2.043599,235.2462,120.9599,17.52283,13.16762,22.33718,1.016068,259.6068,263.6509,22.91316,26.54467,26.21579,26.29032,298.1866,0.9404492,4
2020-07-15 09:46:00,2.107896,241.3915,120.9602,17.62017,13.16716,22.38895,1.041367,260.188,270.9206,23.01925,26.88615,26.51242,26.58968,306.4674,0.9418796,4
2020-07-15 09:47:00,2.168196,249.7136,120.9097,17.67766,13.16716,22.44035,1.115441,253.5954,282.6132,23.13185,26.99516,26.70966,26.6413,316.308,0.9427907,4
2020-07-15 09:48:00,3.973361,460.5099,121.7264,17.73682,13.16716,22.49062,2.020741,252.6438,510.8029,23.2777,28.2163,28.01799,27.71676,593.0685,0.957624,4
2020-07-15 09:49:00,2.635771,304.9056,121.3142,17.59166,13.16717,22.54465,1.31829,255.3447,336.6042,23.54834,28.79827,28.54581,28.17264,391.7376,0.9506621,4
2020-07-15 09:50:00,3.416018,400.4612,121.5486,17.77927,13.16717,22.59171,1.790313,246.9002,441.6929,23.78371,29.27917,29.15614,28.79502,504.6733,0.9595981,4
2020-07-15 09:51:00,3.50181,411.6039,121.6317,17.97846,13.16579,22.65536,1.836809,243.5555,447.0262,24.04105,29.91218,30.03635,29.52031,538.2773,0.9570279,4
2020-07-15 09:52:00,3.080826,357.8508,121.2903,18.09816,13.16167,22.71786,1.580171,248.3247,392.3694,24.26208,30.20736,30.34776,29.85379,458.8854,0.958156,4
2020-07-15 09:53:00,2.753379,319.1217,121.1223,18.38411,13.16075,22.7862,1.445014,245.1168,354.0752,24.46958,30.4048,30.52415,29.86066,414.4785,0.952904,4
2020-07-15 09:54:00,3.981064,460.5176,121.7013,18.34855,13.15846,22.86395,2.089572,245.8974,514.2249,24.65686,31.5931,32.20505,31.01445,586.0423,0.9623215,4
2020-07-15 09:55:00,3.4166,403.6487,121.8945,18.16337,13.15617,22.93682,1.751111,250.8774,439.6292,24.84187,31.45605,31.70362,31.15895,527.5925,0.9594676,4
2020-07-15 09:56:00,2.485594,286.7753,121.8047,17.98937,13.1548,23.02229,1.277721,249.0712,318.2325,24.97637,31.41208,31.26454,31.35659,369.7103,0.9468513,4
2020-07-15 09:57:00,2.252555,258.7984,121.6827,18.09721,13.15342,23.10005,1.144387,251.9601,288.3531,24.98048,30.51137,30.58253,30.45035,333.1638,0.9426678,4
2020-07-15 09:58:00,2.041985,231.9609,121.6148,18.15862,13.1525,23.18025,1.035214,251.8803,260.7379,24.85053,30.06954,29.8585,29.98474,298.299,0.9383852,4
2020-07-15 09:59:00,1.836186,206.6181,121.5191,17.91653,13.15159,23.28022,0.9351566,249.9885,233.7906,24.68127,29.47503,29.24941,29.13724,265.2939,0.9303455,4
2020-07-15 10:00:00,1.7104,192.9946,121.5121,18.01898,13.15067,23.3497,0.9050711,242.621,219.6104,24.52477,28.55076,28.42955,28.13878,249.3918,0.927501,4
2020-07-15 10:01:00,1.679156,190.4327,121.4642,18.11175,13.15067,23.39545,0.8795439999999999,247.7435,217.8807,24.34874,28.04265,27.86816,27.49853,244.0507,0.9300368,4
2020-07-15 10:02:00,1.695039,191.654,121.4827,17.82883,13.15067,23.44459,0.8670084,254.2563,220.4349,24.20274,27.59846,27.28189,26.91591,245.3108,0.9253028,4
2020-07-15 10:03:00,1.750965,200.2351,121.5245,18.05796,13.15067,23.48619,0.8950426,255.5555,228.6423,24.25183,27.63275,27.28761,27.02066,256.172,0.9291127,4
2020-07-15 10:04:00,2.096306,242.6897,121.8303,17.98288,13.14976,23.50954,1.087635,254.5583,277.1055,24.15767,26.84915,26.82047,26.59019,306.2782,0.939725,4
2020-07-15 10:05:00,4.617099,559.2819,123.031,18.03436,13.15021,23.54757,2.406153,252.5983,607.5007,24.02662,27.5226,27.50155,27.30869,647.8993,0.9625821,4
2020-07-15 10:06:00,7.122389,859.7477,124.23,18.17108,13.1506,23.59765,3.719886,251.584,935.9485,24.24424,30.85499,30.70781,30.51057,1115.952,0.9657297,4
2020-07-15 10:07:00,4.597861,538.3615,123.2168,18.73425,13.14977,23.63097,2.417322,246.4558,596.3459,24.67086,32.34876,32.55407,32.57434,742.2131,0.9617512,4
2020-07-15 10:08:00,2.960049,346.3033,122.3195,18.85628,13.14567,23.68463,1.550313,245.886,381.1945,24.84241,31.43962,31.5593,31.73724,451.843,0.9533004,4
2020-07-15 10:09:00,2.821507,329.0393,122.2984,18.44584,13.14619,23.7413,1.471453,247.3105,363.873,24.89824,31.82194,31.39178,32.00241,425.1964,0.9521899,4
2020-07-15 10:10:00,3.156341,369.224,122.4128,18.50533,13.14469,23.80927,1.599316,255.2136,407.9965,24.95989,31.34245,31.14142,31.84772,472.7808,0.9558001,4
2020-07-15 10:11:00,3.236107,379.4687,122.4123,18.70932,13.14444,23.87366,1.646951,255.1623,420.724,24.97961,31.53204,31.2661,31.79242,481.182,0.9513702,4
2020-07-15 10:12:00,2.503735,290.8307,122.0829,18.77022,13.14435,23.94218,1.287749,252.7122,325.4061,25.07403,31.28137,31.02478,31.3977,372.1529,0.947735,4
2020-07-15 10:13:00,2.507918,291.6858,122.075,18.40198,13.14415,24.01166,1.323761,245.413,324.8464,25.02198,30.70845,30.43394,30.57834,374.1938,0.9479648,4
2020-07-15 10:14:00,2.513949,292.435,122.0968,18.30031,13.14423,24.07209,1.326723,245.5783,325.784,24.95129,30.44715,30.30481,30.23221,375.1499,0.948189,4
2020-07-15 10:15:00,2.503533,290.9336,122.14,18.45377,13.14389,24.13083,1.321709,245.9715,325.0803,24.95091,29.97111,29.92837,29.83944,372.7441,0.9475527,4
2020-07-15 10:16:00,2.508828,292.2149,122.1039,18.55233,13.14375,24.18468,1.327635,246.5299,327.2934,24.99644,30.04735,29.78539,29.8648,375.3228,0.9478645,4
2020-07-15 10:17:00,2.535571,294.2394,121.8119,18.6606,13.1427,24.23363,1.327407,247.5897,328.6312,25.04256,29.79711,29.58593,29.71902,378.6814,0.9483654,4
2020-07-15 10:18:00,2.634058,306.2188,121.6244,18.60933,13.14165,24.29501,1.351795,251.7435,340.3585,25.12647,29.77909,29.48165,29.74174,389.7788,0.9496066,4
2020-07-15 10:19:00,2.504427,287.0486,121.6735,18.76227,13.14018,24.34395,1.262222,253.4814,319.9714,25.18152,29.70464,29.49141,29.7128,369.7957,0.9465904,4
2020-07-15 10:20:00,2.821257,337.0087,121.7292,18.74975,13.13869,24.40025,1.434986,256.074,369.5817,25.16235,29.14701,28.97159,29.07701,384.4926,0.9487063,4
2020-07-15 10:21:00,4.117914,471.8533,122.3092,18.75321,13.13817,24.43696,2.064729,256.4216,530.1218,25.17846,30.08886,29.8812,29.94703,652.0986,0.9527201,4
2020-07-15 10:22:00,2.401394,277.0852,121.5097,18.39518,13.13807,24.4908,1.213219,253.9715,308.1525,25.15819,29.35435,29.22518,29.46782,362.8281,0.9452059,4
2020-07-15 10:23:00,2.276196,262.7907,121.3669,18.43603,13.13803,24.53731,1.149629,257.0769,295.5087,25.12784,29.34124,28.85102,29.49413,338.4064,0.9434822,4
2020-07-15 10:24:00,2.363047,271.6071,121.461,18.58452,13.13761,24.58137,1.180171,257.2193,303.5617,25.12794,29.26631,28.78013,29.4688,347.044,0.9446976,4
2020-07-15 10:25:00,2.357626,272.225,121.4732,18.62296,13.13701,24.62542,1.232365,247.8461,305.3728,25.11984,29.24123,28.61893,29.46004,348.4232,0.9439285,4
2020-07-15 10:26:00,2.623421,310.5553,121.5248,18.73108,13.13609,24.66458,1.414245,240.8091,340.2242,25.2282,29.82821,29.21279,30.02842,382.5618,0.9519734,4
2020-07-15 10:27:00,4.442154,526.6368,122.2619,18.89875,13.13655,24.71146,2.431225,237.4757,576.9814,25.35451,31.20148,30.59594,31.2367,653.8826,0.9660552,4
2020-07-15 10:28:00,3.826616,450.0494,122.2176,18.96502,13.13604,24.76719,2.086154,237.8632,495.5793,25.60468,32.3121,31.91691,32.47624,636.3011,0.9625061,4
2020-07-15 10:29:00,4.166436,495.5399,122.2036,18.91052,13.13516,24.82103,2.185982,246.7749,539.8054,25.78919,33.21366,32.84549,33.50414,634.5609,0.9654834,4
2020-07-15 10:30:00,4.40459,520.1413,122.3745,19.15123,13.13233,24.88467,2.274188,250.5527,570.517,26.09162,34.68184,34.54675,34.97547,680.0977,0.9596142,4
2020-07-15 10:31:00,2.756367,319.3413,121.6349,19.16673,13.13233,24.9483,1.414925,250.626,354.6067,26.27412,34.29916,34.31129,34.44983,417.8986,0.9469467,4
2020-07-15 10:32:00,2.554163,295.9997,121.6525,19.34844,13.13236,25.01382,1.307078,252.1338,329.5473,26.43447,34.62677,34.42643,34.75785,382.8577,0.9487815,4
2020-07-15 10:33:00,2.563661,299.1806,122.1896,19.42513,13.13142,25.07784,1.351294,248.0374,334.9703,26.58303,34.45877,34.15005,34.4507,388.9775,0.9482575,4
2020-07-15 10:34:00,4.723712,563.7572,123.5015,19.5038,13.13111,25.14467,2.478565,248.2838,615.8644,26.75474,35.30525,34.93324,35.24282,704.9929,0.9613624,4
2020-07-15 10:35:00,7.330421,890.1135,124.8961,19.72023,13.13022,25.22205,3.896877,249.3609,971.8713,27.01966,37.27551,36.89577,37.27682,1156.008,0.9680265,4
2020-07-15 10:36:00,5.888639,709.7215,124.6069,19.62701,13.12761,25.30169,3.163919,246.2111,778.6694,27.42456,39.22676,38.78983,39.32858,982.4892,0.9628243,4
2020-07-15 10:37:00,4.251451,508.9169,123.7257,19.58121,13.12627,25.39432,2.24246,247.5504,555.0392,27.68524,38.60131,38.16849,39.11705,669.7127,0.9631371,4
2020-07-15 10:38:00,3.42389,405.7969,123.3962,19.51632,13.125,25.49146,1.778202,250.6337,445.706,27.74101,38.3417,37.78385,39.00625,527.2745,0.9569603,4
2020-07-15 10:39:00,3.49403,414.4463,123.3671,19.71229,13.12168,25.59276,1.865041,245.0444,456.719,27.64618,37.32146,36.86481,38.21109,533.4536,0.9581419,4
2020-07-15 10:40:00,3.392568,405.8246,123.3228,19.46039,13.12008,25.68802,1.853193,239.5579,443.8192,27.34209,36.61569,36.12411,37.61403,536.1519,0.9601476,4
2020-07-15 10:41:00,2.821419,332.0529,122.747,19.19986,13.12014,25.77613,1.529553,239.5923,366.4786,27.04157,35.91216,35.20649,36.80162,433.1328,0.9572465,4
2020-07-15 10:42:00,2.555496,297.505,122.4544,19.1987,13.12025,25.85765,1.376167,239.7979,329.9479,26.88799,35.38649,34.50386,36.26886,385.9122,0.9537539,4
2020-07-15 10:43:00,2.406732,281.0127,122.3452,19.18182,13.12013,25.93578,1.277252,244.5559,312.3249,26.76921,35.01148,34.02069,35.72156,359.2721,0.9534855,4
2020-07-15 10:44:00,2.373192,276.0731,122.2942,19.1844,13.11995,25.99923,1.233037,250.0205,308.2776,26.79494,34.55547,33.6243,35.30773,349.9112,0.9459863,4
2020-07-15 10:45:00,2.39556,278.8133,122.3479,19.30352,13.11983,26.06023,1.282475,243.0366,311.6407,26.83672,34.4911,33.45672,35.16694,354.8309,0.94543,4
2020-07-15 10:46:00,2.43653,286.0857,122.3699,19.4311,13.11925,26.11445,1.362223,233.0217,317.3247,26.87992,33.93363,33.00328,34.80919,372.5903,0.9521198,4
2020-07-15 10:47:00,2.624076,310.0957,122.459,19.35799,13.1196,26.1779,1.464304,236.79,346.7569,26.91801,33.67898,32.86216,34.53818,400.1892,0.9547555,4
2020-07-15 10:48:00,3.255944,384.3016,122.5564,19.42963,13.1186,26.22855,1.736635,243.881,423.4922,27.03685,34.36941,33.37785,35.04678,463.6073,0.9609358,4
2020-07-15 10:49:00,6.560297,789.1735,124.2654,19.52988,13.11758,26.28709,3.710551,233.6673,867.7605999999998,27.21889,36.91088,36.0136,37.35418,1034.788,0.9682953,4
2020-07-15 10:50:00,3.418417,407.3615,122.9613,19.76055,13.11661,26.3496,1.923999,232.2268,446.5867,27.6224,37.77504,37.21179,38.47236,553.7819,0.9626181,4
2020-07-15 10:51:00,4.646598,550.4446,123.2255,20.02633,13.11424,26.42322,2.539079,240.8318,611.2332,27.9453,38.90036,38.49566,39.3385,721.294,0.9583657,4
2020-07-15 10:52:00,2.796369,328.9921,122.6843,20.23421,13.11328,26.49005,1.490711,243.9413,363.6271,28.24491,38.62444,38.3171,38.96768,420.1642,0.9568873,4
2020-07-15 10:53:00,2.41544,282.2426,122.5351,20.18235,13.11183,26.57534,1.27464,246.5811,314.2926,28.28619,36.80775,37.11298,37.38773,362.8653,0.9535041,4
2020-07-15 10:54:00,2.187732,252.3254,122.2856,19.49189,13.11089,26.65215,1.145873,247.6286,283.6898,27.87632,34.63379,34.72699,35.28928,324.8265,0.9476516,4
2020-07-15 10:55:00,2.052612,234.4486,122.0062,18.99536,13.10991,26.72012,1.04718,252.7304,264.6007,27.35295,33.5874,33.30308,33.83235,303.0457,0.937609,4
2020-07-15 10:56:00,1.931177,219.2342,121.7295,18.90189,13.10898,26.77114,0.9769856,254.194,248.3373,27.08932,33.00968,32.62384,32.76955,284.7463,0.9339659,4
2020-07-15 10:57:00,1.843889,209.2426,121.6735,19.24111,13.10892,26.82386,0.9427616,252.0126,237.5803,27.10856,32.36413,31.91418,32.01896,272.9858,0.9308816,4
2020-07-15 10:58:00,1.846807,210.9944,121.6277,19.44961,13.10846,26.84702,0.968281,248.6333,240.7448,27.11122,32.05939,31.48409,31.54564,274.9056,0.9315031,4
2020-07-15 10:59:00,1.922484,221.2465,121.6978,19.39108,13.10887,26.8875,0.9983248,251.6833,251.2794,27.03017,31.59557,31.18484,30.94784,286.6013,0.9355749,4
2020-07-15 11:00:00,2.036855,235.4581,121.7652,19.4011,13.10841,26.91385,1.059849,251.1358,266.1061,27.05242,31.82047,31.22788,30.91236,302.8603,0.9386693,4
2020-07-15 11:01:00,2.151033,249.8871,121.9484,19.67613,13.10882,26.94548,1.136156,249.0383,282.977,27.22944,31.89162,31.42367,31.11502,320.9165,0.9402438,4
2020-07-15 11:02:00,2.356453,274.7824,121.9414,19.79537,13.10882,26.96393,1.248946,247.4366,309.0804,27.27518,31.97944,31.42699,31.27472,349.054,0.944908,4
2020-07-15 11:03:00,2.772337,325.589,122.1292,19.75576,13.10879,26.99293,1.450126,251.0946,364.0914,27.15262,31.9381,31.41814,31.45059,403.7057,0.9516751,4
2020-07-15 11:04:00,5.461978,654.9169,123.3851,19.71452,13.10787,27.02719,2.856964,251.0554,716.2591,27.13774,33.65276,33.01678,33.03025,841.3691,0.9624591,4
2020-07-15 11:05:00,5.098791,608.4266,123.497,20.03782,13.10785,27.06202,2.688379,247.4981,664.8014,27.37863,35.3096,34.95572,34.93026,800.875,0.9637179,4
2020-07-15 11:06:00,6.895993,836.5979,124.2294,20.22605,13.10785,27.08819,3.745661,243.8851,911.8721,27.6285,37.19307,36.80638,36.89362,1042.468,0.9665721,4
2020-07-15 11:07:00,7.418018,901.904,124.7034,20.62958,13.10737,27.13036,4.054355,242.4228,982.8086,28.00665,39.87114,39.72223,39.75196,1177.796,0.9700856,4
2020-07-15 11:08:00,7.56532,920.7165,124.7982,20.63896,13.10462,27.18308,4.028401,249.1973,1003.797,28.30519,41.64498,41.4243,41.75233,1208.867,0.9686671,4
2020-07-15 11:09:00,5.37259,636.923,124.1399,20.52143,13.10277,27.2358,2.877722,243.9877,701.6247,28.62673,43.32118,42.88341,43.25334,907.9926,0.963533,4
2020-07-15 11:10:00,2.914892,342.5982,122.7557,20.45862,13.10185,27.30432,1.521222,247.6769,376.7766,28.91004,42.67473,42.09522,42.96162,443.9457,0.9523952,4
2020-07-15 11:11:00,2.431179,279.8256,122.3906,20.47825,13.1023,27.36758,1.261213,247.5885,312.256,28.91119,41.29311,40.62852,41.57764,361.1526,0.9450567,4
2020-07-15 11:12:00,2.222144,254.813,122.297,20.31771,13.09955,27.43084,1.146817,249.4548,286.0843,28.78374,40.02879,39.42093,40.56691,326.5973,0.9404603,4
2020-07-15 11:13:00,2.088358,238.7973,122.0624,20.47559,13.09771,27.47829,1.089615,248.6382,270.9318,28.76365,39.46719,38.53139,39.79972,304.9404,0.937782,4
2020-07-15 11:14:00,1.985058,226.4524,121.9464,20.57485,13.09679,27.53364,1.036973,247.0871,256.2227,28.57323,38.04466,37.02526,38.55571,287.843,0.9360139,4
2020-07-15 11:15:00,1.893722,215.342,121.8961,20.47659,13.09678,27.58372,0.9877494,248.5095,245.4445,28.4626,36.93997,35.91887,37.5309,272.8454,0.9329364,4
2020-07-15 11:16:00,1.817788,206.2285,121.913,20.1126,13.09724,27.61008,0.9494639,247.2662,234.7579,28.14503,35.55723,34.56282,36.16592,260.7235,0.9293885,4
2020-07-15 11:17:00,1.760227,199.5488,122.085,20.04243,13.09723,27.67334,0.9325986,244.0809,227.6137,28.04269,35.46312,34.41003,35.81182,252.9222,0.9259067,4
2020-07-15 11:18:00,1.73638,196.8187,122.0272,20.17872,13.09677,27.70497,0.910036,247.9302,225.6175,28.06546,34.93472,34.09715,34.88169,248.9033,0.9247245,4
2020-07-15 11:19:00,1.724583,195.7549,122.1098,20.27487,13.09677,27.73396,0.9095778,246.0611,223.8047,28.07809,34.54754,33.8022,34.36538,247.9437,0.9245583,4
2020-07-15 11:20:00,1.735123,197.3751,122.1234,20.38558,13.09768,27.75241,0.9184592,246.8231,226.7009,28.14558,34.249,33.3172,34.07075,250.1014,0.9245167,4
2020-07-15 11:21:00,1.790257,204.7916,122.0247,20.13819,13.09677,27.75241,0.9291665,251.9606,234.1112,28.06587,33.3946,32.46923,33.26318,258.859,0.928031,4
2020-07-15 11:22:00,1.883052,216.5778,122.1167,19.81126,13.09722,27.7814,0.9920482,247.5564,245.5346,28.00285,32.78111,31.98443,32.74605,273.0782,0.9323863,4
2020-07-15 11:23:00,1.954586,225.6597,122.1329,19.87926,13.09676,27.8104,1.056072,242.0137,255.542,28.0366,32.94194,31.95567,32.74971,286.9365,0.9376939,4
2020-07-15 11:24:00,1.999656,233.1374,122.2383,19.96682,13.09722,27.81567,1.107106,238.0369,263.5371,27.96828,32.33984,31.56,32.44651,298.0959,0.9461084,4
2020-07-15 11:25:00,2.081393,243.4214,122.2847,19.67746,13.09676,27.84109,1.127612,244.4677,275.6605,27.89625,32.35355,31.47296,32.40283,306.255,0.9484034,4
2020-07-15 11:26:00,2.149388,249.0041,122.257,19.93229,13.09676,27.86537,1.114393,251.8264,280.6186,27.92871,32.09932,31.34348,32.4397,311.4151,0.9405916,4
2020-07-15 11:27:00,2.181214,252.8093,122.2889,20.039,13.09676,27.88119,1.140595,251.251,286.543,27.8389,32.17107,31.36729,32.43443,316.0945,0.9410716,4
2020-07-15 11:28:00,2.251898,262.2037,122.3476,20.06896,13.09676,27.89437,1.161326,254.0414,294.9579,27.81527,32.0089,31.42268,32.34532,327.4278,0.9429259,4
2020-07-15 11:29:00,2.373892,277.6591,122.4813,20.15788,13.09676,27.91809,1.23697,251.011,310.4594,27.75242,31.87088,31.29195,32.33234,346.5048,0.9448503,4
2020-07-15 11:30:00,2.571961,303.1616,122.5403,20.39815,13.09676,27.93917,1.344738,252.1611,339.1756,27.71011,32.21066,31.69976,32.66034,378.2964,0.9494801,4
2020-07-15 11:31:00,2.959944,348.9316,122.6137,20.49612,13.09676,27.9629,1.557316,249.5294,388.5617,27.7618,32.73705,32.0497,32.92796,434.3269,0.9539022,4
2020-07-15 11:32:00,3.866098,453.7666,122.9168,20.32413,13.09676,27.99867,1.993179,252.4739,502.3298,27.87666,33.61582,32.99185,33.73777,554.2464,0.9596717,4
2020-07-15 11:33:00,6.781976,814.5358999999999,123.7652,20.62102,13.09676,28.0126,3.56439,249.5518,889.4496,28.07252,35.88466,35.08293,35.94622,1023.245,0.968536,4
2020-07-15 11:34:00,4.170002,496.5789,123.0653,20.60102,13.09676,28.06004,2.211451,246.2534,544.4236,28.33446,36.54315,36.10519,37.11249,682.196,0.9580965,4
2020-07-15 11:35:00,2.882458,337.4213,122.3223,20.37657,13.09676,28.09958,1.514248,246.3901,373.0736,28.35356,36.11243,35.69905,36.84031,431.7992,0.9522106,4
2020-07-15 11:36:00,2.665035,310.341,122.2489,20.43654,13.09676,28.14213,1.42311,243.1032,345.9585,28.49274,36.22668,35.69259,36.6264,396.159,0.9494732,4
2020-07-15 11:37:00,2.702572,317.2396,122.398,20.55887,13.09676,28.19146,1.430856,246.6917,352.9917,28.44607,35.6099,34.99861,36.06646,402.339,0.9505213,4
2020-07-15 11:38:00,2.852482,336.3425,122.4748,20.34472,13.09676,28.24775,1.513334,247.3067,374.1227,28.41249,35.56647,34.85431,35.87426,426.0968,0.9522055,4
2020-07-15 11:39:00,3.141884,370.8338,122.4409,20.35569,13.09676,28.28597,1.642065,249.8983,410.2771,28.48405,35.49074,34.78722,36.0513,468.2077,0.9555149,4
2020-07-15 11:40:00,3.632745,428.9972,122.6249,20.49188,13.0963,28.33642,1.914109,247.3236,473.6478,28.52088,35.98502,35.21637,36.35751,542.0512,0.9585227,4
2020-07-15 11:41:00,4.541322,539.0614,123.1206,20.75721,13.09446,28.39102,2.421743,244.9483,592.4749,28.62716,37.23062,36.55376,37.69252,689.3825,0.962361,4
2020-07-15 11:42:00,4.48127,534.5704,123.2681,20.92593,13.09446,28.4396,2.429945,240.1806,583.6316,28.82604,37.88404,37.49818,38.73908,696.882,0.9649904,4
2020-07-15 11:43:00,4.133732,492.3966,123.1912,20.61183,13.09401,28.50512,2.195949,244.4868,536.7928,28.78608,38.10107,37.77005,39.26469,634.9755,0.9652543,4
2020-07-15 11:44:00,3.853455,456.5717,122.9478,20.77765,13.09126,28.56687,2.03213,245.7341,499.353,28.93349,38.48037,38.1623,39.45145,585.5463,0.9637533,4
2020-07-15 11:45:00,3.775373,449.3834,122.943,20.65526,13.09126,28.62655,2.003649,245.9562,492.7934,29.04479,38.89334,38.39084,39.63278,574.6255,0.9635715,4
2020-07-15 11:46:00,3.866877,460.84,122.969,20.7561,13.08942,28.67851,2.062432,245.3923,506.1014,29.24418,39.71609,39.15255,40.25051,589.4404,0.9621519,4
2020-07-15 11:47:00,4.021467,478.0041,122.9559,21.14365,13.08622,28.75213,2.158354,243.4613,525.3885,29.46312,40.00993,39.49992,40.51609,611.6989,0.9602174,4
2020-07-15 11:48:00,4.029692,479.7418,123.0015,21.2016,13.08576,28.81482,2.217365,236.6601,524.7468,29.56852,40.09331,39.37449,40.63264,619.7388,0.9646955,4
2020-07-15 11:49:00,4.248542,508.4353,123.1903,21.19305,13.08576,28.88034,2.410802,229.1185,552.3932,29.63326,40.53653,40.1394,41.20463,710.0148,0.9655632,4
2020-07-15 11:50:00,3.269556,386.7979,122.6135,21.0611,13.08576,28.94078,1.832766,232.0748,425.2766,29.67323,40.28199,39.8083,40.89551,511.1532,0.9614324,4
2020-07-15 11:51:00,3.388542,403.0133,122.6883,21.06318,13.08576,29.0046,1.896333,234.5354,444.4997,29.724,40.34697,39.83337,41.09417,524.8788,0.962404,4
2020-07-15 11:52:00,4.189437,501.0528,122.9519,21.09191,13.0853,29.05939,2.341082,234.5297,549.2092,29.82349,40.84492,40.4501,41.32244,641.8472,0.9660781,4
2020-07-15 11:53:00,6.335431,762.7822999999999,123.6751,21.16972,13.0853,29.11418,3.380043,244.8396,831.0671999999998,29.8945,41.68674,41.36096,42.384,955.6701,0.969909,4
2020-07-15 11:54:00,7.123041,863.4249999999998,124.4674,21.38288,13.08301,29.16934,3.791983,248.1148,940.8289,30.12866,44.06576,44.00724,44.96667,1162.852,0.9678246,4
2020-07-15 11:55:00,5.588535,671.0714,123.6807,21.3382,13.08163,29.2164,2.901118,252.3925,732.2365,30.29568,44.06888,43.848,44.8775,883.3664,0.9662276,4
2020-07-15 11:56:00,6.81772,823.1789999999999,124.0362,20.82463,13.08072,29.28249,3.552975,252.0223,896.3117999999998,30.29923,44.06223,43.4636,44.84532,1059.594,0.9682526,4
2020-07-15 11:57:00,5.979809,723.3528,123.8315,20.92148,13.08026,29.32711,3.085443,255.7702,788.9244,30.50518,44.89774,44.15171,46.00668,1022.202,0.9643487,4
2020-07-15 11:58:00,6.235086,748.9674999999999,123.4753,20.97373,13.07751,29.37229,3.25678,251.4754,816.0896,30.5794,44.68015,43.50361,45.7285,941.8269,0.9663849,4
2020-07-15 11:59:00,7.446538999999999,902.7076,124.2972,20.71511,13.07751,29.42934,4.066076,241.0573,980.024,30.68102,45.76773,45.23079,47.19856,1208.352,0.968569,4
2020-07-15 12:00:00,7.491564,905.8342,124.3404,20.90621,13.0766,29.4604,4.024381,246.5312,992.4036,30.84406,47.06728,46.14478,48.41537,1215.969,0.9697132,4
2020-07-15 12:01:00,7.5315,911.7484,124.4686,21.38644,13.07568,29.50842,4.098885,242.3161,993.3976,31.21063,48.74755,47.82612,50.1525,1235.45,0.9699588,4
2020-07-15 12:02:00,4.173261,486.5393,122.8593,21.73425,13.07522,29.56546,2.321942,238.8301,553.6443,31.5367,48.0232,47.34039,49.93612,664.7475,0.9529899,4
2020-07-15 12:03:00,3.359853,394.5602,122.4257,21.67847,13.07476,29.59934,1.864434,235.8511,439.9463,31.40201,46.11132,45.70288,48.01554,538.5469,0.9588287,4
2020-07-15 12:04:00,6.991978,844.7351999999998,123.9659,21.27864,13.07476,29.65583,3.909092,234.9169,918.4345,31.13826,47.00515,45.93464,48.35331,1063.716,0.9700933,4
2020-07-15 12:05:00,4.838303,578.9299,123.231,21.4582,13.07476,29.70384,2.713603,234.4897,636.2573,31.25851,46.77887,46.04506,48.57635,791.3481,0.963208,4
2020-07-15 12:06:00,4.125918,489.0231,122.5576,21.44577,13.07476,29.73208,2.298702,234.6834,538.6539,31.00987,44.97838,44.21743,46.81506,602.7149,0.9598156,4
2020-07-15 12:07:00,2.472275,287.761,121.8879,20.95237,13.07476,29.7703,1.396218,230.6107,322.6817,30.7196,43.89531,42.50471,45.55373,436.3947,0.9421442,4
2020-07-15 12:08:00,2.015058,233.3777,121.5409,21.25004,13.07476,29.79759,1.107086,237.6339,263.1144,30.57205,42.55576,40.9142,43.83731,313.0805,0.9467466,4
2020-07-15 12:09:00,2.917096,345.0828,121.9303,21.45439,13.07476,29.81736,1.513785,248.9292,377.7588,30.37964,41.48841,39.89907,42.83615,431.3528,0.9549294,4
2020-07-15 12:10:00,2.065877,237.239,121.719,21.43769,13.07476,29.82866,1.059695,251.8228,266.8429,30.14818,39.83947,38.28437,41.52243,323.5735,0.9383252,4
2020-07-15 12:11:00,4.049731,483.6432,122.3695,21.37968,13.07476,29.84843,2.04124,258.003,526.3606,29.80429,38.78941,37.38652,40.50248,571.7537,0.9545456,4
2020-07-15 12:12:00,4.83374,570.2747,122.935,21.49094,13.07476,29.85125,2.456825,257.3195,632.033,29.62115,39.71106,38.28955,41.10344,799.5408,0.9601886,4
2020-07-15 12:13:00,6.857189,826.0701,123.7625,21.42349,13.07476,29.85125,3.499659,257.4277,900.4869999999999,29.5064,40.11094,38.82785,41.46911,1035.722,0.9690081,4
2020-07-15 12:14:00,5.494928,655.1977,123.2762,21.17301,13.07476,29.84843,2.825701,254.5,719.506,29.5803,40.57884,39.6368,42.13476,869.2861,0.9655328,4
2020-07-15 12:15:00,7.232872,874.092,124.1453,21.33687,13.07476,29.82301,3.814309,250.3418,954.5923,29.7843,42.28566,41.35364,43.86446,1150.629,0.9683699,4
2020-07-15 12:16:00,7.241552,872.1554999999998,124.099,21.22912,13.07614,29.81736,3.856916,246.8616,952.0477,30.13282,43.80009,43.1516,45.53671,1151.224,0.9681998,4
2020-07-15 12:17:00,7.037024,847.1666,123.9886,21.72091,13.07568,29.81736,3.72454,247.6875,922.5131,30.4725,44.88169,44.4179,46.54057,1124.473,0.967948,4
2020-07-15 12:18:00,6.890315,829.774,123.8635,22.20141,13.07476,29.83713,3.746413,241.5471,904.8611,30.84115,46.23289,45.59285,47.74908,1101.499,0.9684433,4
2020-07-15 12:19:00,6.879996,830.6765,123.8952,22.21924,13.07476,29.85125,3.753475,241.6667,907.0527,30.96087,47.42917,46.59932,48.79491,1104.736,0.9697099,4
2020-07-15 12:20:00,6.829563,825.0095,123.8338,22.71709,13.07476,29.85125,3.751425,239.1946,897.3107,31.23759,48.0984,47.39204,49.52863,1095.796,0.9699183,4
2020-07-15 12:21:00,6.768172,814.5159,123.6885,22.43662,13.07522,29.87667,3.706768,240.5617,891.8787999999998,31.35761,47.39446,47.35994,49.21881,1104.551,0.9691446,4
2020-07-15 12:22:00,2.977914,349.9805,122.0724,22.32148,13.07476,29.91903,1.598998,242.2079,387.3443,31.49927,46.53982,46.18747,48.39905,511.1617,0.9557193,4
2020-07-15 12:23:00,4.613053,551.7208,122.6606,22.24988,13.07476,29.93598,2.373434,251.9196,598.4179,31.32677,45.2449,44.68668,47.09364,732.4664,0.9634869,4
2020-07-15 12:24:00,3.039554,355.8955,122.0289,22.18256,13.07476,29.97552,1.526772,259.1138,395.5853,31.09079,43.82882,43.47072,45.89934,498.7451,0.9555911,4
2020-07-15 12:25:00,2.940573,345.1337,121.7796,22.06912,13.07476,29.98681,1.461153,260.0251,380.1808,30.77914,42.64449,42.17115,44.49815,454.664,0.9564679,4
2020-07-15 12:26:00,2.387504,276.5115,121.613,21.85943,13.07476,29.98681,1.208476,257.2512,310.7365,30.67963,42.31371,41.69298,43.78046,391.1503,0.9440977,4
2020-07-15 12:27:00,2.21552,254.9357,121.4219,21.96494,13.07476,30.00658,1.142402,252.4209,288.2738,30.71495,41.71874,41.05883,42.92255,343.291,0.9416593,4
2020-07-15 12:28:00,2.332836,270.3255,121.3855,22.12873,13.07476,30.0207,1.227159,245.9559,301.8411,30.63284,40.60404,39.94921,41.82823,356.0647,0.9437558,4
2020-07-15 12:29:00,2.4903,286.9153,121.3299,22.29464,13.07476,30.0207,1.274095,252.9222,322.4505,30.45327,39.53559,38.71012,40.67025,375.6761,0.946928,4
2020-07-15 12:30:00,3.44069,400.7695,121.8243,22.04119,13.0743,30.04047,1.770108,250.9969,443.9098,30.27507,38.40815,37.91739,39.5235,507.2578,0.9579616,4
2020-07-15 12:31:00,6.244717,751.4969999999998,123.0787,21.67384,13.07476,30.03764,3.182503,256.1062,816.5933,30.14614,39.31768,38.51504,40.41369,911.6604,0.9748482,4
2020-07-15 12:32:00,5.342166,637.8321,123.3262,21.79947,13.07476,30.05458,2.677832,262.4858,702.8033,30.35357,41.12754,40.48681,42.36301,916.3972,0.9625654,4
2020-07-15 12:33:00,2.447426,287.4645,121.9867,21.78629,13.07476,30.05458,1.210982,263.7902,319.282,30.60226,40.84941,40.25962,42.08844,419.0357,0.9435133,4
2020-07-15 12:34:00,1.788471,202.3074,121.4309,21.82467,13.0743,30.06023,0.9115974,257.0575,234.3021,30.4934,38.56266,38.32605,40.10566,283.495,0.9280172,4
2020-07-15 12:35:00,1.842067,209.8707,121.4304,22.36185,13.07476,30.08847,0.9708364,247.5849,240.3414,30.27628,37.80993,37.00093,39.07375,278.877,0.9303973,4
2020-07-15 12:36:00,1.664126,186.5593,121.2877,22.39669,13.07476,30.08847,0.8462066999999999,251.3329,212.6774,30.05522,36.55112,35.69515,37.85172,255.2472,0.9222023,4
2020-07-15 12:37:00,1.286621,138.5885,121.0464,22.25171,13.07461,30.08847,0.6457053,253.0361,163.3349,29.83202,35.56169,34.61125,36.65093,198.3323,0.8954826999999999,4
2020-07-15 12:38:00,1.140397,121.5102,120.8811,21.88383,13.07432,30.08847,0.5880612,250.0456,147.0497,29.61007,34.41416,33.34972,35.49517,173.5032,0.8800339999999999,4
2020-07-15 12:39:00,1.118,119.9465,120.8701,21.55624,13.07436,30.08565,0.5725679,252.176,144.3679,29.31051,32.73345,31.97265,33.93523,169.185,0.8818031,4
2020-07-15 12:40:00,1.12769,123.1788,120.9627,21.5147,13.07441,30.05458,0.5643656,262.3491,148.0495,29.10075,32.14563,31.25009,33.21747,177.6412,0.8924032,4
2020-07-15 12:41:00,1.375316,153.4573,121.0399,21.49474,13.07444,30.04047,0.7042608,258.4074,181.9971,28.89832,31.71207,30.70056,32.73696,206.5483,0.9096196,4
2020-07-15 12:42:00,1.552551,174.6106,121.0818,21.25586,13.07493,30.00658,0.7856005999999999,258.846,203.3407,28.74195,31.22518,30.25,32.22411,233.9561,0.9223112,4
2020-07-15 12:43:00,1.730869,196.3277,121.2005,21.44969,13.07863,29.98681,0.8901801999999999,256.0037,227.8985,28.66566,30.98221,30.09939,31.86073,254.9466,0.9276987,4
2020-07-15 12:44:00,4.38167,520.6709,122.302,21.35314,13.07865,29.9501,2.126909,266.5186,569.3918,28.45738,31.35024,30.49125,32.17495,602.432,0.9596119,4
2020-07-15 12:45:00,7.694866,927.061,124.0337,21.33432,13.08006,29.91903,3.833676,264.9408,1015.215,28.53162,35.00931,34.03991,35.70049,1221.476,0.9690102,4
2020-07-15 12:46:00,5.69165,684.5174,123.2922,21.65614,13.08008,29.88514,2.901345,258.2935,749.8401,28.99952,37.34908,36.71659,38.32485,930.6657,0.9630961,4
2020-07-15 12:47:00,3.500724,413.8891,122.0301,21.76694,13.08056,29.85125,1.751652,260.3498,456.1324,29.33526,37.1452,36.58883,38.21612,529.5042,0.9582357,4
2020-07-15 12:48:00,2.959656,345.0385,121.754,21.84409,13.08011,29.85125,1.465482,260.0878,381.1569,29.52135,37.22273,36.63965,38.05134,450.3394,0.9539662,4
2020-07-15 12:49:00,2.703842,315.035,121.6514,21.81812,13.08013,29.85125,1.377991,254.8474,351.1796,29.59741,37.4287,36.90075,37.84332,407.2185,0.9512792,4
2020-07-15 12:50:00,2.350897,270.1512,121.4867,22.09171,13.08014,29.84843,1.190704,255.924,304.7094,29.77852,37.51201,36.94268,37.8872,354.8618,0.9440516,4
2020-07-15 12:51:00,2.427236,282.8456,121.4414,22.06788,13.07924,29.8456,1.27455,249.8975,318.4596,29.85984,37.23411,36.59222,37.63824,361.8186,0.9467146,4
2020-07-15 12:52:00,2.654701,309.7451,121.6278,22.26631,13.07787,29.8456,1.346093,257.3195,346.3611,29.99484,37.27757,36.82169,37.75641,398.1624,0.9508132,4
2020-07-15 12:53:00,2.682398,311.5973,121.5084,22.34001,13.07743,29.85125,1.355434,256.505,347.6683,29.99302,36.74155,36.39434,37.59709,401.5808,0.9511886,4
2020-07-15 12:54:00,2.732772,319.1244,121.4748,22.37401,13.0756,29.85125,1.419686,250.8829,356.1568,30.06221,36.98166,36.62792,37.65519,407.1583,0.9515271,4
2020-07-15 12:55:00,2.935529,342.2047,121.6275,22.17502,13.0747,29.85125,1.511734,251.6633,380.4042,30.02085,36.73139,36.47113,37.79125,433.9663,0.9536505,4
2020-07-15 12:56:00,2.898637,337.1929,121.599,22.27217,13.0747,29.85125,1.495329,249.0033,372.3383,30.14903,37.21685,36.94211,37.84598,427.6091,0.9528398,4
2020-07-15 12:57:00,2.992879,348.3564,121.5499,22.38776,13.07471,29.85973,1.58191,245.4204,388.137,30.31683,37.29251,36.99379,37.79077,440.2575,0.9535617,4
2020-07-15 12:58:00,2.79131,321.57,121.5273,22.52044,13.07471,29.88514,1.479381,240.9149,356.2249,30.50352,37.48314,37.1718,37.93244,419.8669,0.9558083,4
2020-07-15 12:59:00,2.544112,294.2393,121.4242,22.40369,13.07472,29.90209,1.365915,240.2142,328.1229,30.61457,36.99406,36.83832,37.52662,379.3864,0.9539783,4
2020-07-15 13:00:00,2.511059,291.8493,121.3999,22.278,13.07465,29.91903,1.324448,245.6141,325.2471,30.55425,36.14362,36.05249,36.53123,372.3098,0.9518535,4
2020-07-15 13:01:00,2.484439,285.6764,121.2757,22.217,13.07428,29.91903,1.271133,250.5925,318.5179,30.47159,36.04512,35.62027,36.32302,363.9742,0.9467496,4
2020-07-15 13:02:00,2.386111,273.2071,121.2647,21.90806,13.07431,29.9388,1.211438,252.2272,305.5495,30.27514,35.16356,34.80915,35.63244,349.1611,0.9446037,4
2020-07-15 13:03:00,2.279397,260.4713,121.1872,21.78487,13.07392,29.95292,1.166097,249.8804,291.3809,30.09195,34.5182,34.21843,35.12261,332.9089,0.9422686,4
2020-07-15 13:04:00,2.225018,254.7621,121.2187,21.97284,13.07349,29.95292,1.143541,252.3696,288.5856,29.91966,34.28777,33.9051,35.05026,325.9522,0.9414383,4
2020-07-15 13:05:00,2.193403,250.9269,121.266,22.19039,13.07446,29.95292,1.13101,250.0855,282.8354,29.78871,34.14611,33.70407,34.78394,321.5745,0.9401477,4
2020-07-15 13:06:00,2.173851,249.3186,121.2428,22.31807,13.07402,29.95292,1.113694,252.7342,281.4434,29.66722,33.98064,33.55189,34.75232,319.2942,0.9406007,4
2020-07-15 13:07:00,2.223958,256.4451,121.2417,22.03424,13.07406,29.95292,1.13625,255.3487,290.0985,29.50971,33.41922,32.85041,34.07616,327.5677,0.9417717,4
2020-07-15 13:08:00,2.374394,275.3422,121.2228,21.72693,13.07453,29.93315,1.244703,248.9805,309.8336,29.41728,33.37388,32.6715,34.1351,348.9184,0.9443813,4
2020-07-15 13:09:00,2.554147,297.4179,121.281,21.8664,13.07456,29.91903,1.346549,248.2514,334.2013,29.39162,33.46952,32.73966,34.18416,377.0461,0.9486127,4
2020-07-15 13:10:00,2.867083,334.0244,121.466,22.03028,13.07458,29.91903,1.493279,251.1108,374.7622,29.42014,33.60003,33.02414,34.34816,416.8684,0.9529481,4
2020-07-15 13:11:00,3.546387,414.1883,121.7727,21.69762,13.07414,29.89644,1.876054,243.4496,456.6187,29.35203,33.75605,33.22679,34.58048,517.4428,0.9571815,4
2020-07-15 13:12:00,3.718568,436.7704,121.83,21.58192,13.07462,29.88514,1.942584,246.7362,479.2991,29.38283,34.06443,33.71054,34.97629,548.5693,0.9584954,4
2020-07-15 13:13:00,4.149657,487.6003,121.8685,21.61134,13.07463,29.85125,2.23764,240.6984,538.3378,29.41953,34.48127,34.09678,35.42052,613.1603,0.9632049,4
2020-07-15 13:14:00,4.871684,578.0768,122.217,21.64906,13.07465,29.85125,2.605606,242.6237,632.295,29.49013,35.93092,35.35977,36.62257,730.6409,0.9671311,4
2020-07-15 13:15:00,3.943714,463.906,121.9624,21.63968,13.07466,29.84843,2.126909,239.7415,510.1618,29.62105,36.91372,36.00483,37.75489,602.6581,0.9627405,4
2020-07-15 13:16:00,3.146966,369.2025,121.4619,21.46079,13.07467,29.81736,1.686034,241.3535,407.7959,29.68636,36.75802,35.86556,37.76706,458.6625,0.9573924,4
2020-07-15 13:17:00,3.563694,419.1718,121.649,21.54559,13.07468,29.81736,1.839599,247.6077,455.4956,29.81056,37.36237,36.37529,38.27544,535.7244,0.9566836,4
2020-07-15 13:18:00,2.746908,316.5891,121.2167,21.82307,13.07469,29.78912,1.42766,247.8698,353.87,29.89902,37.15229,36.18827,37.95691,405.0486,0.9510257,4
2020-07-15 13:19:00,2.641844,305.4611,121.2744,21.70153,13.0747,29.78347,1.35589,251.9025,341.5208,29.98089,36.99018,36.21742,38.01263,390.2361,0.9501576,4
2020-07-15 13:20:00,2.67298,311.3064,121.3957,21.77929,13.0747,29.78347,1.341308,259.5239,348.0823,30.06906,37.11253,36.32255,37.93927,400.8527,0.950836,4
2020-07-15 13:21:00,3.001329,349.8327,121.5429,21.97925,13.07471,29.78347,1.544316,253.1785,390.7693,30.17213,37.19003,36.5481,38.03666,438.9353,0.9542707,4
2020-07-15 13:22:00,3.552823,414.2378,121.671,22.13132,13.07471,29.78347,1.862839,246.1495,458.4514,30.16196,36.82022,36.41285,37.70623,517.2006,0.9582484,4
2020-07-15 13:23:00,3.126825,365.3542,121.5939,21.97099,13.07472,29.78347,1.629301,247.2546,402.9144,30.05888,35.87238,35.8382,37.25547,464.7251,0.9540808,4
2020-07-15 13:24:00,2.95891,345.284,121.3935,22.01334,13.07473,29.78347,1.517658,252.4836,383.2062,30.06434,36.28279,35.73553,37.29486,437.379,0.9536034,4
2020-07-15 13:25:00,3.311456,386.4627,121.5646,22.10774,13.07473,29.78347,1.703122,251.8,428.5839,30.19725,36.91587,36.38062,37.86449,483.0181,0.9566972,4
2020-07-15 13:26:00,4.279133,503.1889,121.948,22.16895,13.07473,29.78347,2.179768,255.5708,557.0963,30.30708,37.77686,37.25592,38.76177,625.9339,0.9619549,4
2020-07-15 13:27:00,4.449183,524.3611,122.0612,22.0885,13.07473,29.78347,2.294145,249.8121,573.0985,30.37214,37.82888,37.60997,38.97143,661.5577,0.9619007,4
2020-07-15 13:28:00,4.117042,484.5147,121.9008,22.10268,13.07428,29.79477,2.119162,251.1165,532.2006,30.52907,38.68083,38.2423,39.63386,613.101,0.9607076,4
2020-07-15 13:29:00,4.337015,509.1261,121.7494,21.99516,13.07474,29.81736,2.234906,251.0367,560.6223,30.6214,38.93207,38.3798,39.78564,639.4292,0.9617652,4
2020-07-15 13:30:00,4.512492,531.1613,121.7989,22.05647,13.07382,29.82301,2.34746,248.7811,583.947,30.77264,39.66081,39.15526,40.64115,670.7958,0.9620988,4
2020-07-15 13:31:00,4.727739,557.0704,121.8721,22.18442,13.07108,29.85125,2.446572,249.8463,611.2226,30.99919,40.69849,40.20671,41.67815,704.5606,0.9630976,4
2020-07-15 13:32:00,5.01327,591.3739,121.9604,22.33499,13.0697,29.85125,2.657098,244.7426,650.3076,31.17107,41.51326,41.011,42.402,749.6608999999999,0.9637168,4
2020-07-15 13:33:00,5.097654,603.3543,122.2141,22.8152,13.06925,29.89079,2.643655,249.5729,659.7619,31.34651,42.10416,41.80377,43.20313,771.1314999999998,0.9639213,4
2020-07-15 13:34:00,5.143299,609.0311,122.2573,23.20269,13.06879,29.92751,2.693097,247.4653,666.4003,31.36423,42.34407,42.17025,43.61548,775.6898999999999,0.9641688,4
2020-07-15 13:35:00,4.741423,563.8257,122.2181,23.20223,13.06833,29.97552,2.446116,251.3842,614.8333,31.52368,42.87477,42.64751,44.03394,732.8694,0.9646971,4
2020-07-15 13:36:00,4.189518,493.1596,121.8691,23.45399,13.06513,30.00941,2.112555,256.9948,543.113,31.73118,43.46876,43.30576,44.14127,642.5506,0.9615255,4
2020-07-15 13:37:00,3.863626,457.6256,121.7766,23.68221,13.06375,30.06023,1.944635,256.898,499.6946,31.89797,43.55336,43.47411,44.12019,608.3661,0.9642509,4
2020-07-15 13:38:00,3.568599,414.5595,121.5102,23.84351,13.06376,30.11671,1.852814,247.9324,458.7559,32.04736,43.42948,43.38134,43.80674,528.5423,0.9578324,4
2020-07-15 13:39:00,3.222513,378.4186,121.4015,23.91081,13.06353,30.16473,1.683527,246.9755,415.8043,32.20997,43.32642,43.40564,43.58632,491.0592,0.9552308,4
2020-07-15 13:40:00,3.124413,365.9953,121.3173,23.69473,13.06332,30.22177,1.661427,242.4414,402.3999,32.29919,42.75929,42.88353,43.15895,467.1901,0.9560674,4
2020-07-15 13:41:00,2.722318,316.0946,121.1316,23.01486,13.06108,30.2743,1.460925,239.5877,350.0105,32.22461,40.76047,41.10524,41.55658,410.6356,0.955811,4
2020-07-15 13:42:00,2.747473,318.9597,121.0372,22.34536,13.0602,30.31948,1.441787,246.8274,355.8187,31.96574,39.39408,39.33413,40.2475,410.2159,0.9553387,4
2020-07-15 13:43:00,3.19177,369.8178,121.1731,22.05473,13.05841,30.37596,1.666895,246.7248,410.508,31.70659,39.02276,38.48131,39.79979,471.7483,0.9523544,4
2020-07-15 13:44:00,2.998986,350.302,121.1761,22.10741,13.05843,30.40138,1.622921,239.3314,388.411,31.59475,38.68708,38.05844,39.82904,452.317,0.9588018,4
2020-07-15 13:45:00,2.764074,322.3811,121.0915,22.53165,13.05756,30.48158,1.519253,234.4213,356.1844,31.55646,38.59408,37.71103,39.60122,424.1298,0.9563126,4
2020-07-15 13:46:00,2.669037,310.6724,120.9763,22.62987,13.05803,30.50249,1.440192,240.8636,346.9838,31.37715,38.19065,37.31959,39.11348,400.9802,0.9552718,4
2020-07-15 13:47:00,2.317179,265.5652,120.7565,22.90328,13.05774,30.51943,1.214856,246.4002,299.2984,31.32366,37.97336,36.99301,38.764,345.6851,0.951694,4
2020-07-15 13:48:00,2.370248,272.4246,120.7805,22.93925,13.05764,30.53355,1.221919,251.2589,306.903,31.12667,36.99684,36.23147,37.79237,352.4021,0.9443696,4
2020-07-15 13:49:00,2.41082,276.1033,120.7771,22.91314,13.05774,30.56462,1.257007,248.0634,311.8228,31.02237,36.82573,35.95221,37.60821,352.8819,0.9447305,4
2020-07-15 13:50:00,2.520027,290.1178,120.6363,22.87783,13.05777,30.61037,1.324903,244.8167,324.3561,30.91374,36.3088,35.52359,37.25057,375.2519,0.9465425,4
2020-07-15 13:51:00,2.549526,294.2306,121.0368,22.56941,13.05745,30.60434,1.359308,242.5553,330.0556,30.67885,36.21721,35.21851,36.96398,375.6118,0.9535682,4
2020-07-15 13:52:00,3.042222,355.0557,121.6129,22.61552,13.05742,30.62242,1.596264,246.7476,393.8986,30.7511,36.94706,36.06503,37.54107,446.0203,0.9541199,4
2020-07-15 13:53:00,3.032106,356.2343,121.7996,22.72571,13.05715,30.64877,1.569151,250.2963,392.7519,30.88106,36.90524,36.33253,37.67098,449.4989,0.9537979,4
2020-07-15 13:54:00,2.126128,243.9563,121.4447,22.50808,13.05715,30.67136,1.088859,251.8627,274.1481,30.86166,36.75766,35.97576,37.44545,320.4366,0.9379337,4
2020-07-15 13:55:00,1.955606,222.3388,121.3666,22.63439,13.05693,30.67418,1.000912,253.919,254.1391,30.82792,36.11114,35.49926,36.98046,291.1698,0.9345067,4
2020-07-15 13:56:00,1.950253,222.8663,121.4688,22.79033,13.05646,30.69113,0.9965826,255.417,254.5315,30.53801,35.11403,34.37249,35.96227,291.4696,0.9347774,4
2020-07-15 13:57:00,2.047366,235.3168,121.4311,22.66904,13.05676,30.7109,1.0761,248.3425,267.1299,30.24539,34.62442,33.82635,35.32123,304.004,0.9371452,4
2020-07-15 13:58:00,2.678106,310.4166,121.6936,22.68457,13.05627,30.73914,1.424243,245.6198,350.4682,30.09264,34.6437,33.76895,35.25463,388.2663,0.9528783,4
2020-07-15 13:59:00,3.198153,374.8073,121.9696,22.83695,13.05662,30.73914,1.654136,251.3273,415.6282,30.00175,34.64105,33.83495,35.35128,466.7712,0.9558163,4
2020-07-15 14:00:00,3.487151,411.1144,122.1833,22.76419,13.05659,30.73914,1.87332,243.5009,456.1012,29.84029,34.86937,34.15512,35.82393,514.33,0.9597548,4
2020-07-15 14:01:00,3.889431,457.6184,122.17,22.85637,13.0565,30.73914,2.035772,247.8811,504.5949,29.69779,35.25399,35.24361,36.21582,569.3255,0.9603897,4
2020-07-15 14:02:00,4.066408,480.284,122.2531,22.91228,13.05647,30.73914,2.112099,250.4671,528.9554,29.5878,35.7021,35.02124,36.64767,600.2117,0.960634,4
2020-07-15 14:03:00,3.089079,363.248,121.8281,22.93056,13.05641,30.73914,1.590796,252.4893,401.537,29.51102,35.87189,35.68682,36.78912,472.049,0.9526271,4
2020-07-15 14:04:00,2.421529,278.8085,121.4759,22.83282,13.05593,30.73914,1.239918,253.207,313.9373,29.48928,35.62326,35.00406,36.60923,361.0386,0.945344,4
2020-07-15 14:05:00,2.946892,341.8935,121.6598,22.77591,13.05634,30.73914,1.558442,245.4774,382.3902,29.4723,35.95976,35.03228,36.61259,415.6742,0.9516282,4
2020-07-15 14:06:00,3.375378,395.233,121.8907,22.91484,13.05632,30.73914,1.772158,247.8868,439.1479,29.51242,36.27168,35.52118,37.18873,516.5491,0.9547946,4
2020-07-15 14:07:00,2.443043,280.7853,121.4282,23.26506,13.05629,30.73914,1.259513,250.7064,315.7378,29.52267,35.91369,35.24456,36.78926,365.5966,0.9456492,4
2020-07-15 14:08:00,2.392614,275.2569,121.3508,23.18192,13.05626,30.73914,1.250627,247.4141,309.4144,29.36444,34.94178,34.34532,35.93914,357.5002,0.9447427,4
2020-07-15 14:09:00,2.477523,286.0674,121.3509,22.86673,13.05624,30.73914,1.293006,248.8552,321.7313,29.18171,34.73104,33.92982,35.55183,368.2954,0.9472283,4
2020-07-15 14:10:00,2.463173,284.2044,121.3401,22.81425,13.05622,30.74215,1.267487,251.3215,318.5388,29.07803,34.5682,33.76059,35.25774,366.6762,0.9465228,4
2020-07-15 14:11:00,2.510288,290.4156,121.3177,22.77565,13.0562,30.74516,1.276373,255.1322,325.6514,28.96073,34.35415,33.5307,35.03193,372.7935,0.9479668,4
2020-07-15 14:12:00,2.653786,306.6194,121.4118,22.81169,13.05618,30.75721,1.311689,262.5428,344.1754,29.02982,34.79231,33.83094,35.27765,404.7592,0.9509048,4
2020-07-15 14:13:00,2.114902,242.2942,121.0925,22.61574,13.05617,30.76926,1.048531,261.6257,274.2645,29.07245,34.3515,33.3515,34.87221,323.3756,0.9410864,4
2020-07-15 14:14:00,2.16469,248.4861,121.0566,22.43745,13.05616,30.77529,1.109365,253.9588,281.7162,29.09414,34.24382,33.17287,34.89965,323.6755,0.9409587,4
2020-07-15 14:15:00,2.337525,268.7229,121.1204,22.45205,13.05615,30.77529,1.227615,247.0552,303.2081,29.20151,34.39442,33.39183,34.81771,346.2854,0.9437864,4
2020-07-15 14:16:00,2.325447,267.4567,121.2275,22.49213,13.05614,30.77529,1.226248,244.9989,300.4375,29.28246,34.08622,33.20234,34.54134,345.9855,0.9438934,4
2020-07-15 14:17:00,2.724627,312.5616,121.2611,22.54987,13.05613,30.77529,1.44247,245.5629,354.5457,29.37826,34.51373,33.47509,34.84489,394.6238,0.9505551,4
2020-07-15 14:18:00,4.603344,542.7093,122.1083,22.61789,13.05612,30.77529,2.356802,254.5,600.3017,29.50796,35.91362,35.01557,36.18095,659.8255,0.9633737,4
2020-07-15 14:19:00,5.305064,631.9074,122.5294,22.96927,13.05612,30.77529,2.632263,262.9244,691.9976,29.85954,37.99382,37.20053,38.20321,813.1771,0.9653275,4
2020-07-15 14:20:00,5.19277,617.1411,122.4879,23.05768,13.05651,30.80635,2.618593,258.2992,676.2788,30.26161,39.58155,39.03651,39.8627,787.5684999999999,0.9650787,4
2020-07-15 14:21:00,5.032545,597.7801,122.4884,23.15336,13.05288,30.80918,2.569151,254.3974,653.3705,30.60463,40.53883,40.20041,40.84217,762.6797,0.9641694,4
2020-07-15 14:22:00,4.652074,550.0134,122.2885,23.42049,13.05141,30.83761,2.310777,261.096,603.3643,30.91952,41.5436,41.14808,41.97863,716.8002,0.9635069,4
2020-07-15 14:23:00,5.201323,616.9865,122.4911,23.46253,13.05141,30.87903,2.583049,262.1497,677.1265,31.15249,41.98405,41.60674,42.44645,808.2593,0.9651617,4
2020-07-15 14:24:00,5.162488,612.8091,122.4764,23.06193,13.05087,30.93118,2.562316,262.7365,673.1448,31.28851,42.87281,42.13443,43.40888,815.7560999999998,0.9650447,4
2020-07-15 14:25:00,5.573082,660.8522,122.6932,23.01296,13.05087,30.96337,2.808841,257.3138,722.8221,31.33624,43.49583,42.73877,44.04399,852.3397999999999,0.965883,4
2020-07-15 14:26:00,6.343379,757.8737999999998,122.9783,23.10145,13.05081,31.02606,3.224653,257.3537,829.7205,31.57128,45.00214,44.27434,45.57344,1000.594,0.9672871,4
2020-07-15 14:27:00,5.668445,674.4407,122.6182,22.85837,13.04897,31.07859,2.858966,257.9859,737.5502,31.81029,46.39148,45.61197,46.98422,905.4761,0.9649212,4
2020-07-15 14:28:00,4.425246,520.1526,122.1783,22.97481,13.04572,31.14882,2.246982,254.0955,571.2794,32.07022,47.10199,46.44598,47.82181,721.5981,0.9568956,4
2020-07-15 14:29:00,2.884225,334.9503,121.2791,23.15544,13.04434,31.21885,1.499203,247.5735,371.249,32.24008,46.29757,45.75085,46.70209,440.8633,0.9528122,4
2020-07-15 14:30:00,2.483364,285.3069,121.1324,23.58862,13.04431,31.30057,1.312144,244.3496,320.6357,32.11771,44.07815,43.56136,44.84871,376.9918,0.9474497,4
2020-07-15 14:31:00,3.021602,347.0059,121.2577,23.6224,13.04155,31.37211,1.564138,246.9128,387.4337,31.6757,41.86894,41.42592,42.79274,423.3512,0.9490337,4
2020-07-15 14:32:00,3.949905,466.349,121.8594,23.61929,13.04015,31.41842,2.024835,253.6512,513.5013,31.33793,41.33938,40.7759,42.48587,603.9306,0.9604974,4
2020-07-15 14:33:00,2.602144,303.3221,121.2182,23.70573,13.03969,31.47961,1.366827,247.1919,337.682,31.18332,40.52692,39.87412,41.53281,407.6382,0.95365,4
2020-07-15 14:34:00,3.544734,416.8492,121.5452,23.65183,13.03967,31.50955,1.906813,240.7895,459.8801,30.8613,39.23594,38.55065,40.43043,505.5745,0.9591454,4
2020-07-15 14:35:00,4.601334,547.2651,122.306,23.61794,13.03966,31.55623,2.436091,246.7248,602.5576,30.57759,39.31675,38.41976,40.38956,684.5947,0.9628901,4
2020-07-15 14:36:00,5.267904,625.0496,122.8842,23.95901,13.03965,31.6097,2.733881,252.9108,691.0334,30.59327,40.21798,39.51487,41.46757,814.0168,0.9618643,4
2020-07-15 14:37:00,5.291595,632.7397,122.693,24.03383,13.03964,31.61874,2.716337,253.412,686.9836,30.61993,40.95272,40.09328,42.03907,781.8112999999998,0.9661466,4
2020-07-15 14:38:00,5.751459,686.7971,122.9423,23.86678,13.03963,31.65169,2.989064,250.826,749.7183999999999,30.7586,42.09121,41.29674,43.41063,876.8689,0.9658177,4
2020-07-15 14:39:00,5.417488,645.6794,122.747,23.97178,13.03962,31.68294,2.814309,250.7463,705.5764,30.96729,43.25121,42.52998,44.49117,829.0702999999999,0.9647064,4
2020-07-15 14:40:00,5.01911,596.4449,122.5397,23.93431,13.03962,31.69781,2.659376,245.0274,651.554,30.94022,43.16148,42.33565,44.47075,763.3995999999999,0.9637275,4
2020-07-15 14:41:00,4.319131,512.0038,122.3083,23.87354,13.03961,31.73697,2.301892,243.0509,559.2563,31.02409,43.71947,42.69038,44.66088,664.1439,0.9612944,4
2020-07-15 14:42:00,4.573489,537.3344,122.0214,23.72602,13.03961,31.77915,2.349739,251.5608,591.416,31.17052,43.66919,42.7193,44.62721,680.0369,0.9626582,4
2020-07-15 14:43:00,4.625712,547.4499,122.2641,23.3052,13.03914,31.82527,2.343131,255.8158,599.3834,31.28776,43.05287,42.46819,44.10632,705.1057,0.9629779,4
2020-07-15 14:44:00,4.678152,553.4102,122.2358,23.76669,13.03914,31.84015,2.388016,253.8335,606.1382,31.37097,43.5689,42.72592,44.65283,711.9427,0.9629774,4
2020-07-15 14:45:00,4.580167,541.5144,122.337,23.91625,13.03822,31.89136,2.371384,251.2646,595.7894,31.39657,43.42266,42.77109,44.92995,689.3892,0.9625768,4
2020-07-15 14:46:00,4.80615,571.8946,122.6926,24.06194,13.03547,31.91546,2.53338,246.44,624.3718,31.53091,44.36272,43.61682,45.54146,731.2491999999999,0.9628217,4
2020-07-15 14:47:00,3.82063,448.8208,122.1451,24.21854,13.03821,31.96365,2.040784,243.4211,496.6349,31.74475,44.34733,43.521,45.3369,580.4724,0.9590303,4
2020-07-15 14:48:00,4.381093,519.6325,122.4079,24.34869,13.03547,31.98775,2.395763,238.3345,571.0704,31.69316,43.16182,42.62692,44.43031,659.2747,0.9662452,4
2020-07-15 14:49:00,4.248102,504.72,122.4334,24.33949,13.03409,32.02861,2.303031,239.8326,552.3141,31.58668,42.97842,42.35466,44.19338,645.1136,0.9656451,4
2020-07-15 14:50:00,4.30132,512.0849,122.4451,24.64525,13.03408,32.06382,2.406016,233.8403,562.5425,31.69154,43.82575,43.19175,44.64853,656.8674,0.9657529,4
2020-07-15 14:51:00,4.289412,508.7606,122.3923,24.95021,13.03362,32.10297,2.393029,233.5897,559.014,31.91586,44.4433,43.73958,45.01519,653.3845,0.9656518,4
2020-07-15 14:52:00,4.645206,551.0619,122.4891,24.89876,13.03408,32.12707,2.527456,239.7415,605.935,32.0278,44.42787,43.95557,45.42128,698.4827,0.966825,4
2020-07-15 14:53:00,5.123845,610.4422,122.754,25.23812,13.03408,32.17527,2.780588,240.9661,669.4077,32.18676,44.79276,44.5111,45.76504,773.3189999999998,0.9676901,4
2020-07-15 14:54:00,5.128985,609.2156,122.7531,25.48856,13.03362,32.21142,2.837321,235.6745,668.5089,32.28435,44.86143,44.65086,45.65292,784.4727,0.969559,4
2020-07-15 14:55:00,5.538343,662.8593,122.933,25.44277,13.0327,32.25962,3.11939,231.4423,721.9389,32.31701,44.81735,44.7918,45.94646,858.4677,0.9678249,4
2020-07-15 14:56:00,5.5711,666.9442,122.9732,25.17998,13.02904,32.28673,3.118479,233.8802,729.2935,32.32454,45.00961,45.20366,46.68776,861.4045,0.9679582,4
2020-07-15 14:57:00,5.538088,662.4114,122.9223,24.79534,13.02903,32.32589,3.015949,239.4567,722.2386,32.38665,45.97528,45.8652,47.29711,850.6617999999999,0.9679411,4
2020-07-15 14:58:00,5.234828,624.2632,122.7405,24.98296,13.02903,32.37408,2.889497,236.4263,682.9954,32.67774,46.87241,46.74665,48.1073,802.9841,0.9676562,4
2020-07-15 14:59:00,4.639175,554.458,122.4549,25.12866,13.02858,32.40421,2.556164,235.3327,601.5525,32.75034,46.62781,46.5466,48.11768,725.1382,0.9656531,4
2020-07-15 15:00:00,3.674538,432.4253,122.0163,25.13998,13.02858,32.44337,2.039645,233.4929,476.2097,32.85489,46.30815,46.20517,47.94539,565.8615,0.9631774,4
2020-07-15 15:01:00,3.026756,356.2385,121.6958,25.19963,13.02858,32.49157,1.686034,232.8834,392.6815,32.95835,45.53607,45.29629,46.74813,464.3938,0.9589496,4
2020-07-15 15:02:00,2.685632,312.5158,121.4576,25.17345,13.02857,32.53976,1.477558,234.7631,346.8186,32.99841,44.93398,44.72488,45.6753,404.7229,0.9560647,4
2020-07-15 15:03:00,2.962783,346.7182,121.5318,25.21673,13.02857,32.568,1.579631,243.854,385.2378,33.02864,43.75697,44.00418,44.32304,436.2003,0.9593335,4
2020-07-15 15:04:00,3.283608,383.5791,121.6325,25.22961,13.02857,32.6083,1.729324,245.8476,425.0237,33.10526,43.46867,43.71016,43.86048,481.5359,0.9570258,4
2020-07-15 15:05:00,3.161618,368.562,121.6553,25.08457,13.02857,32.64444,1.663705,245.0673,407.7188,33.04026,42.80971,42.8811,43.69426,464.506,0.9546201,4
2020-07-15 15:06:00,3.110431,363.1944,121.6968,24.63976,13.02857,32.6836,1.612441,249.9203,402.8784,32.74162,41.27147,41.21976,42.20361,458.4491,0.954518,4
2020-07-15 15:07:00,2.782175,323.039,121.4794,24.0039,13.02857,32.69565,1.400319,255.998,358.464,32.33467,40.39614,40.04752,41.12123,411.5545,0.9518802,4
2020-07-15 15:08:00,2.5165,290.4908,121.4062,23.86479,13.02857,32.70168,1.278196,253.6456,324.173,32.07265,39.60468,38.94729,40.17566,371.6144,0.9471297,4
2020-07-15 15:09:00,2.252692,258.252,121.252,23.86652,13.02857,32.69867,1.158123,252.6772,292.6489,31.79604,38.81126,38.11211,39.45424,331.3752,0.9414156,4
2020-07-15 15:10:00,2.597149,301.2041,121.4634,23.70373,13.02828,32.7077,1.315334,257.0689,338.1405,31.72935,38.38137,37.72695,38.97301,380.1903,0.9494913,4
2020-07-15 15:11:00,2.474735,285.302,121.4556,23.65264,13.02813,32.7318,1.229665,259.8998,319.5018,31.72712,38.49133,37.53927,38.94902,367.2385,0.9465895,4
2020-07-15 15:12:00,2.356883,272.0102,121.3763,23.97235,13.0279,32.7318,1.160174,263.2605,305.3934,31.70281,37.99903,37.17639,38.62913,357.9443,0.9451619,4
2020-07-15 15:13:00,2.406543,278.8141,121.4345,24.21439,13.02778,32.7318,1.223969,257.6556,315.3234,31.60277,37.40753,36.59324,38.05972,354.4066,0.9455068,4
2020-07-15 15:14:00,2.464404,284.3899,121.3948,24.3138,13.0279,32.7318,1.247893,255.5139,318.8444,31.49063,36.89857,36.33996,37.8685,358.8423,0.9463782,4
2020-07-15 15:15:00,2.384892,273.7475,121.4107,24.45146,13.02794,32.7318,1.201413,257.479,309.3052,31.46225,37.00146,36.30309,37.68084,347.6278,0.9445944,4
2020-07-15 15:16:00,2.382371,274.9292,121.4831,24.54404,13.0285,32.7318,1.212349,253.4918,307.3106,31.46158,36.77413,36.13368,37.48121,345.2863,0.9442161,4
2020-07-15 15:17:00,2.308722,264.0587,121.4132,24.32024,13.02852,32.7318,1.176122,252.6032,297.0852,31.28844,35.9521,35.31861,36.7968,333.1126,0.9427554,4
2020-07-15 15:18:00,2.174657,248.7034,121.349,24.10536,13.02953,32.7318,1.125086,248.9919,280.128,31.13082,35.77457,34.9979,36.40012,314.1021,0.9392583,4
2020-07-15 15:19:00,2.110256,240.3406,121.3091,24.18566,13.03046,32.69867,1.115288,245.7052,274.0378,31.11787,35.6954,34.86287,36.37393,304.2076,0.9371894,4
2020-07-15 15:20:00,2.048029,233.1488,121.3081,24.29138,13.0301,32.69867,1.073593,247.8071,266.0167,31.18406,35.84176,34.951,36.40435,294.6748,0.9366059,4
2020-07-15 15:21:00,2.006441,229.1857,121.3101,24.59985,13.0301,32.69565,1.047164,249.8121,261.5825,31.31229,35.72546,35.01849,36.14826,288.4982,0.9366866,4
2020-07-15 15:22:00,2.012586,229.3787,121.1743,24.53156,13.03208,32.69565,1.053088,246.3888,259.4622,31.35153,35.53775,34.91307,36.03372,288.4408,0.9361615,4
2020-07-15 15:23:00,1.975666,226.3963,121.1625,24.46324,13.03209,32.69565,1.072226,240.7952,258.169,31.33531,35.54041,34.73643,35.91442,286.7014,0.9435191,4
2020-07-15 15:24:00,1.970107,227.0122,121.0982,24.40788,13.03175,32.69565,1.047392,246.4742,258.148,31.23393,34.99141,34.3466,35.52478,284.9597,0.9456432,4
2020-07-15 15:25:00,1.997567,227.6276,121.2174,24.22206,13.03215,32.69565,1.052176,246.2862,259.1007,31.01876,34.31632,33.80318,35.00284,285.859,0.9349167,4
2020-07-15 15:26:00,2.007481,228.8943,121.2457,24.18138,13.03186,32.67456,1.072454,243.3926,261.0158,30.7837,34.11446,33.48933,34.70316,287.8968,0.9344792,4
2020-07-15 15:27:00,1.993277,226.1474,121.1651,24.1543,13.03328,32.6595,1.058328,243.0395,257.1768,30.6101,33.90974,33.24125,34.45369,285.7375,0.9339285,4
2020-07-15 15:28:00,1.939006,219.9742,121.1902,24.03249,13.03295,32.62336,1.009114,248.7469,251.0027,30.46675,33.78422,32.99152,34.16024,276.4412,0.933652,4
2020-07-15 15:29:00,1.871274,211.3735,121.1571,24.02931,13.0333,32.61432,0.9774439,247.6134,242.0297,30.3824,33.65947,32.78767,33.96026,266.2474,0.9307213,4
2020-07-15 15:30:00,1.818597,205.0798,121.1793,24.03925,13.03356,32.57761,0.9571659,244.6743,234.1956,30.23085,33.11701,32.41363,33.6545,259.3521,0.928168,4
2020-07-15 15:31:00,1.728858,196.465,121.2334,23.89655,13.03408,32.5488,0.9423561,239.6048,225.7944,30.05612,32.89479,32.17354,33.37529,251.4373,0.9340917,4
2020-07-15 15:32:00,1.68962,193.1712,121.1763,23.81427,13.03558,32.52771,0.9172935,244.3724,224.1388,29.97118,32.84878,32.118,33.30776,245.0822,0.9391769,4
2020-07-15 15:33:00,1.677964,190.099,121.1921,23.93077,13.03611,32.48554,0.8769653,248.8893,218.2514,29.87193,32.62992,31.89207,33.02572,240.5251,0.9297227,4
2020-07-15 15:34:00,1.660577,186.5157,121.2068,23.91477,13.03849,32.45843,0.85008,253.9873,215.889,29.76,32.40648,31.64333,32.85301,236.8675,0.9238596,4
2020-07-15 15:35:00,1.643369,185.219,121.2917,23.99674,13.03879,32.40722,0.8361815999999999,254.893,213.1298,29.72478,32.26888,31.56566,32.72834,235.3092,0.9245281,4
2020-07-15 15:36:00,1.641101,185.1194,121.3187,24.17225,13.03863,32.38614,0.8400549,254.6139,213.8738,29.78431,32.20592,31.69527,32.5312,234.7103,0.9247296,4
2020-07-15 15:37:00,1.654718,186.3351,121.3249,24.26071,13.03874,32.33794,0.8591936,250.752,215.4402,29.83558,32.08207,31.66322,32.26774,235.1902,0.9226543,4
2020-07-15 15:38:00,1.651808,185.5854,121.3673,24.26103,13.03882,32.29275,0.8710415,246.9527,215.1045,29.8546,32.09426,31.60445,32.24618,234.231,0.9207973,4
2020-07-15 15:39:00,1.644043,185.1178,121.3344,24.43579,13.03892,32.26263,0.8482572,252.7342,214.3662,29.93951,32.13435,31.70605,32.41181,233.5111,0.922895,4
2020-07-15 15:40:00,1.648721,185.1979,121.3615,24.44736,13.03897,32.21443,0.8605606999999998,248.2457,213.6281,29.95343,32.00644,31.65914,32.38253,233.511,0.9209455,4
2020-07-15 15:41:00,1.636929,184.9244,121.3648,24.45249,13.03904,32.17527,0.8799272999999999,243.1876,213.9839,30.00634,32.12193,31.67469,32.43922,234.47,0.9268832,4
2020-07-15 15:42:00,1.654389,186.1793,121.3049,24.39188,13.03909,32.12105,0.8662568,249.1627,215.8403,30.00682,31.98665,31.56294,32.39447,234.8295,0.9208844,4
2020-07-15 15:43:00,1.656377,186.1143,121.3584,24.33791,13.03962,32.09394,0.8678517,250.8773,217.7057,30.03061,32.10272,31.67239,32.43417,235.0086,0.9213767,4
2020-07-15 15:44:00,1.651108,185.9577,121.3108,24.4611,13.0401,32.04574,0.8530419,253.0304,215.8129,30.08599,32.10315,31.66741,32.46495,235.3082,0.9231713,4
2020-07-15 15:45:00,1.665265,187.3699,121.3781,24.39577,13.03979,31.97533,0.8740033999999999,248.1033,216.8358,30.06276,31.93209,31.46713,32.32441,236.8663,0.9214393,4
2020-07-15 15:46:00,1.674249,188.5351,121.4447,24.45583,13.03882,31.93654,0.8721807,250.4899,218.4688,30.07061,31.9649,31.60477,32.46315,237.8856,0.9222322,4
2020-07-15 15:47:00,1.671565,188.1223,121.4239,24.46308,13.03987,31.89738,0.8724085999999999,250.376,218.4124,30.08353,31.92171,31.54936,32.25394,237.2848,0.9218907,4
2020-07-15 15:48:00,1.675726,188.0494,121.2833,24.48439,13.04126,31.86123,0.8828892999999999,246.2748,217.4291,30.06624,31.6193,31.36374,32.00845,237.5246,0.9208664,4
2020-07-15 15:49:00,1.640744,183.3102,121.3092,24.22077,13.04138,31.80833,0.8714971999999999,244.2357,212.8296,29.91601,31.3236,31.02995,31.71575,232.7861,0.9179832,4
2020-07-15 15:50:00,1.599394,178.5541,121.4158,23.90693,13.04092,31.78517,0.8484850999999999,244.0363,207.042,29.79641,31.16105,30.80909,31.62567,227.4492,0.9164706,4
2020-07-15 15:51:00,1.569769,175.529,121.46,23.96315,13.04376,31.73095,0.8293464,246.2122,204.1884,29.70533,31.24479,30.86513,31.65255,223.1306,0.917554,4
2020-07-15 15:52:00,1.542982,172.4061,121.4128,23.96528,13.04423,31.67447,0.8118024,247.5735,200.9653,29.65407,31.15104,30.77131,31.61432,219.4127,0.9168753,4
2020-07-15 15:53:00,1.520557,170.0246,121.4212,23.90578,13.0443,31.64585,0.7992711,249.1912,199.1493,29.59768,31.0744,30.72173,31.63369,216.1737,0.9169335,4
2020-07-15 15:54:00,1.504336,168.0795,121.322,23.96224,13.04431,31.59464,0.7837777999999999,251.8513,197.3716,29.60393,31.16319,30.7835,31.61762,213.4751,0.9171011,4
2020-07-15 15:55:00,1.482933,165.42,121.3284,24.0993,13.04436,31.54814,0.7623606,253.5943,193.3037,29.59791,31.02393,30.79378,31.54882,210.3562,0.9160464,4
2020-07-15 15:56:00,1.469717,164.0835,121.347,24.2526,13.04437,31.50654,0.7696515999999999,250.8716,193.0778,29.7007,31.14672,30.87533,31.27796,208.3176,0.9151114,4
2020-07-15 15:57:00,1.445947,160.6659,121.3121,24.33034,13.04578,31.45928,0.758943,247.4312,187.7566,29.73538,31.05138,30.82665,31.38219,204.6003,0.912646,4
2020-07-15 15:58:00,1.420563,157.8794,121.3207,24.4006,13.04534,31.41842,0.7384372,251.8684,185.9795,29.7622,31.13297,30.8575,31.24731,201.1228,0.9117774,4
2020-07-15 15:59:00,1.396024,154.597,121.2728,24.50205,13.04674,31.37512,0.737298,246.2179,181.5316,29.83199,31.10181,30.88792,31.22697,197.6459,0.9099051,4
2020-07-15 16:00:00,1.370872,151.4481,121.2762,24.27386,13.04629,31.34839,0.7158807999999999,249.1457,178.3433,29.89472,30.83407,30.83746,30.7501,193.9886,0.9074921,4
2020-07-15 16:01:00,1.338947,147.3497,121.3096,24.04203,13.04814,31.29435,0.7051722,246.121,173.5564,29.84594,30.49819,30.65469,30.45415,189.3726,0.9043124,4
2020-07-15 16:02:00,1.287065,141.9495,121.367,24.00143,13.04907,31.24521,0.6901346,241.5699,166.7078,29.81437,30.39277,30.56758,30.20366,184.036,0.9080052,4
2020-07-15 16:03:00,1.221252,136.259,121.3051,24.06999,13.04817,31.21019,0.6776031999999999,240.4307,162.8687,29.83631,30.4797,30.57861,30.14896,177.9199,0.9171022,4
2020-07-15 16:04:00,1.179176,131.1803,121.3341,24.19467,13.05001,31.1458,0.6416041999999998,241.4275,154.8845,29.85043,30.30475,30.4728,30.15561,171.0844,0.9151714,4
2020-07-15 16:05:00,1.159017,125.7044,121.3478,24.23927,13.05048,31.09309,0.6117569,247.1008,151.1585,29.84438,30.16786,30.2926,29.98139,164.3688,0.8926251,4
2020-07-15 16:06:00,1.123368,119.8005,121.3361,24.09895,13.05049,31.04677,0.5926179999999999,244.5261,144.9079,29.67715,29.85085,29.93565,29.83661,157.7133,0.8765741999999999,4
2020-07-15 16:07:00,1.084346,115.0446,121.2422,24.1184,13.0505,30.99444,0.5693781,246.0242,140.0561,29.6138,29.71762,29.7692,29.7475,152.4368,0.8729364,4
2020-07-15 16:08:00,1.046907,111.5722,121.1978,24.05642,13.0505,30.94323,0.5381637,252.8766,136.0859,29.47886,29.45506,29.45576,29.62143,148.3001,0.875568,4
2020-07-15 16:09:00,1.029165,109.374,121.1312,23.91852,13.05051,30.88449,0.527683,253.3209,133.6674,29.29359,29.30717,29.26981,29.43689,145.2422,0.8725994999999999,4
2020-07-15 16:10:00,1.030031,109.0763,121.1591,24.03517,13.05052,30.82631,0.5406699999999999,246.9982,133.534,29.22096,29.20262,29.12245,29.37651,144.1032,0.8678251999999999,4
2020-07-15 16:11:00,1.038368,110.4864,121.2772,24.05832,13.05052,30.77755,0.5402143,251.35,135.7819,29.15097,29.02661,28.93893,29.21823,145.6625,0.8705988,4
2020-07-15 16:12:00,1.064511,113.9057,121.2311,24.02182,13.05053,30.71655,0.5604923,248.69,139.3336,29.07155,29.14492,28.96213,29.21762,149.0206,0.8734545999999999,4
2020-07-15 16:13:00,1.095583,116.7299,121.2744,24.20947,13.05098,30.66289,0.5839600999999999,243.5692,142.2273,29.14819,29.21749,29.05307,29.30375,152.4387,0.8712064999999999,4
2020-07-15 16:14:00,1.106985,118.3252,121.1764,24.13217,13.05191,30.60171,0.5778083,248.7925,143.7187,29.07117,28.98621,28.83872,29.17104,154.358,0.8764547,4
2020-07-15 16:15:00,1.10858,118.7324,121.182,24.06692,13.05282,30.54485,0.5753021,250.5412,144.1246,29.01956,28.98285,28.80952,29.1901,154.7179,0.8776528999999998,4
2020-07-15 16:16:00,1.106476,117.2913,121.2318,23.91855,13.0542,30.49608,0.5873777,243.4838,143.0192,28.88566,28.8503,28.72996,29.14934,153.5792,0.8700181,4
2020-07-15 16:17:00,1.068667,114.6098,121.1313,23.97809,13.05375,30.44092,0.5850992999999999,239.9978,140.4211,28.84254,28.92344,28.74396,29.16875,150.6408,0.8807587,4
2020-07-15 16:18:00,1.027158,111.1533,121.0643,24.03667,13.05558,30.39008,0.5618593,238.813,134.1781,28.82472,28.96544,28.7404,29.25288,146.8028,0.8898407,4
2020-07-15 16:19:00,1.0001,107.6372,121.095,24.01331,13.05513,30.3336,0.5527456,237.5314,131.2921,28.77486,28.89112,28.66673,29.19966,143.0848,0.8848034999999999,4
2020-07-15 16:20:00,0.9737584,104.0998,121.1558,24.02987,13.05605,30.2743,0.5447711,233.6638,127.2924,28.70718,28.78333,28.56569,29.12933,139.9069,0.8793294,4
2020-07-15 16:21:00,0.9409804,99.88288,121.196,23.99071,13.05605,30.23627,0.5402143,228.3095,123.3444,28.61327,28.61123,28.44999,29.04977,137.0284,0.8719670999999999,4
2020-07-15 16:22:00,0.9273192,97.98977,121.15,24.03809,13.05605,30.17602,0.5260881,229.0784,120.502,28.54411,28.63253,28.45363,28.98336,134.5104,0.867155,4
2020-07-15 16:23:00,0.9084668,95.39054,121.2311,24.15038,13.05597,30.12519,0.5151516999999999,229.124,118.0371,28.53731,28.60125,28.44683,28.98268,131.2122,0.8623714,4
2020-07-15 16:24:00,0.8718487999999999,90.26526,121.136,24.00946,13.05561,30.07153,0.5080885,220.99,112.2721,28.43443,28.40858,28.29084,28.84117,127.8546,0.8524926,4
2020-07-15 16:25:00,0.8394903999999999,86.24536999999998,121.2589,23.98201,13.05701,30.01505,0.4953293999999999,214.6105,106.3057,28.34374,28.26615,28.18718,28.76959,125.7559,0.8428335,4
2020-07-15 16:26:00,0.8278491,84.74966999999998,121.2303,23.95022,13.05753,29.97269,0.4996583,212.1384,105.994,28.29239,28.23249,28.14331,28.70672,125.0968,0.8381142,4
2020-07-15 16:27:00,0.8275976,84.86699,121.1744,23.86421,13.05756,29.90774,0.500114,212.3434,106.2015,28.25166,28.12435,28.06034,28.64019,124.9771,0.8401157999999999,4
2020-07-15 16:28:00,0.8219648,83.80791999999998,121.1681,23.82957,13.05898,29.85408,0.4989748,209.8599,104.7097,28.21065,28.16844,28.04995,28.63733,125.0976,0.8353323,4
2020-07-15 16:29:00,0.8330144999999999,85.56547999999998,121.1444,23.87621,13.05945,29.79496,0.4923674,216.3534,106.5274,28.20716,28.07165,27.98856,28.59915,124.3182,0.8403502999999999,4
2020-07-15 16:30:00,0.8307252,84.87228,121.2051,23.80649,13.06041,29.73773,0.4834816,219.5717,106.1625,28.13203,28.03941,27.88955,28.55402,122.3997,0.8362389,4
2020-07-15 16:31:00,0.8176906999999999,82.69535999999998,121.2982,23.89515,13.06015,29.69254,0.4748236,221.0242,104.9607,28.17051,28.08471,27.94169,28.45366,118.9817,0.8299028,4
2020-07-15 16:32:00,0.7905946,79.28265,121.2778,23.88473,13.06089,29.63888,0.449533,224.083,100.7118,28.193,27.89472,27.88178,28.15623,114.0645,0.8213561999999999,4
2020-07-15 16:33:00,0.7641474999999999,75.57174,121.2721,23.79787,13.06109,29.58523,0.4278879999999999,224.3051,95.97507,28.16232,27.76318,27.78976,27.96688,109.2671,0.8113168,4
2020-07-15 16:34:00,0.7457568,73.13778,121.3487,23.75101,13.0622,29.52461,0.4178628999999999,227.5177,95.06955,28.14032,27.59326,27.66892,27.74116,105.0694,0.8029338999999999,4
2020-07-15 16:35:00,0.7311691999999999,71.57073,121.3568,23.67297,13.06213,29.46323,0.3973571,233.4188,92.74126,28.10055,27.44027,27.56845,27.51322,102.0111,0.8010363999999999,4
2020-07-15 16:36:00,0.7192464,69.73209,121.3684,23.69995,13.06116,29.41334,0.3761678,239.5991,90.11453,28.07707,27.37311,27.47881,27.38811,98.83288,0.7930686999999998,4
2020-07-15 16:37:00,0.6940637,65.23762,121.318,23.72099,13.06292,29.34688,0.3606745,238.8358,86.15482,28.05735,27.29945,27.38607,27.25102,93.73557,0.7715229999999998,4
2020-07-15 16:38:00,0.6590369,58.37152,121.3162,23.78733,13.06426,29.28814,0.3299157999999999,237.9301,78.48805,28.08832,27.26429,27.31477,27.21039,85.51958,0.7258607999999999,4
2020-07-15 16:39:00,0.6255407,51.98897,121.2697,23.87757,13.06679,29.22205,0.3059922999999999,240.6585,73.64001,28.13173,27.18907,27.23546,27.12358,77.30365999999998,0.6826737,4
2020-07-15 16:40:00,0.5982713,47.63031,121.3089,23.73783,13.06691,29.16934,0.2791068999999999,240.5332,67.13558,28.09728,26.97714,27.01331,27.01809,71.96626,0.6502084999999999,4
2020-07-15 16:41:00,0.5878259999999998,44.01384,121.5045,23.63094,13.06804,29.1057,0.2627023,240.6756,63.2239,28.04448,26.87241,26.89835,26.93452,67.46853,0.6096306999999999,4
2020-07-15 16:42:00,0.5801656,39.23055,121.5691,23.71292,13.06811,29.04847,0.2408294,240.6756,57.96153,28.04706,26.83337,26.82859,26.83473,61.65129,0.5513841999999999,4
2020-07-15 16:43:00,0.5694869,34.05858,121.4374,23.78065,13.0683,28.98276,0.2150832,240.5275,51.73508,28.07043,26.7844,26.76734,26.71816,54.09494,0.4885296,4
2020-07-15 16:44:00,0.5614126,28.26518,121.3692,23.64298,13.0688,28.92666,0.1777170999999999,240.5617,42.74887,28.05371,26.52109,26.59213,26.46097,46.53846,0.4097333,4
2020-07-15 16:45:00,0.5645654,24.20827,121.4159,23.55818,13.06988,28.86396,0.1565276999999999,240.6642,37.66946,28.01065,26.32893,26.41025,26.25238,40.72124,0.3501271,4
2020-07-15 16:46:00,0.5431179,21.85641,121.4698,23.5459,13.07173,28.8039,0.1483254,240.8123,35.721,27.98386,26.22276,26.26308,26.14619,37.3628,0.3282728999999999,4
2020-07-15 16:47:00,0.5263858,20.0355,121.5148,23.6025,13.07417,28.74667,0.1446799,240.5845,34.80687,27.97142,26.12671,26.16158,26.06449,35.02394,0.3103651,4
2020-07-15 16:48:00,0.5203997999999999,17.80293,121.4441,23.63791,13.07417,28.67832,0.1341991999999999,240.7611,32.31065,27.96291,26.01628,26.02175,25.93557,32.32518,0.2784107,4
2020-07-15 16:49:00,0.5207236,15.54651,121.4615,23.64182,13.07429,28.62392,0.1266804,240.8123,30.50485,27.96293,25.8884,25.91508,25.79057,30.16623,0.2423174999999999,4
2020-07-15 16:50:00,0.5242866,14.13138,121.4044,23.61992,13.0743,28.55633,0.1198451,240.7611,28.85884,27.93953,25.74246,25.78146,25.64459,28.42702,0.2193225,4
2020-07-15 16:51:00,0.5163927999999999,13.2665,121.4718,23.51451,13.07438,28.49683,0.1111871,240.7155,26.76274,27.88954,25.55412,25.61983,25.43911,26.68785,0.2090131,4
2020-07-15 16:52:00,0.5156602999999998,12.45382,121.4757,23.45435,13.0744,28.43113,0.1068581,240.6642,25.71619,27.81353,25.41955,25.46268,25.29629,25.66833,0.1963823,4
2020-07-15 16:53:00,0.5156851,11.65899,121.4199,23.42802,13.07446,28.37766,0.1029848,240.499,24.7692,27.73682,25.30205,25.31848,25.19382,24.34895,0.1839292999999999,4
2020-07-15 16:54:00,0.5163229,10.91945,121.484,23.41068,13.07447,28.30705,0.1004785,240.4877,24.16376,27.66953,25.15632,25.16866,25.05287,23.50941,0.1719218999999999,4
2020-07-15 16:55:00,0.5160508999999999,10.35282,121.5167,23.41589,13.07589,28.25603,0.09341538,240.613,22.47659,27.61094,25.0611,25.05219,25.01039,22.49012,0.1632560999999999,4
2020-07-15 16:56:00,0.515606,10.07419,121.5345,23.34304,13.07774,28.18336,0.08863068,240.6642,21.32929,27.49656,24.93714,24.91041,24.88984,22.25016,0.1586728,4
2020-07-15 16:57:00,0.5142231999999999,9.976932,121.5643,23.37477,13.07961,28.12594,0.08863068,240.8408,21.34652,27.42538,24.84829,24.81538,24.83458,21.59033,0.1580472,4
2020-07-15 16:58:00,0.5151244,10.04595,121.4257,23.26133,13.08008,28.07322,0.0874914799999999,240.8864,21.07337,27.26346,24.71295,24.68004,24.73764,22.13033,0.1586504,4
2020-07-15 16:59:00,0.5106631999999999,10.33994,120.6897,23.2894,13.08102,28.01524,0.0940988999999999,240.5902,22.63904,27.18833,24.68547,24.62854,24.69507,22.1308,0.1661322,4
2020-07-15 17:00:00,0.5067956999999998,10.54542,120.2082,23.31592,13.08195,27.95499,0.09250402,240.744,22.27016,27.12527,24.59403,24.54121,24.59883,22.61071,0.1711191,4
2020-07-15 17:01:00,0.5065157,10.90388,120.3024,23.22856,13.08197,27.89437,0.1025291,240.5617,24.66258,27.00861,24.43086,24.40616,24.43703,22.91073,0.1760384999999999,4
2020-07-15 17:02:00,0.5075216999999999,11.07665,120.4655,23.14041,13.08381,27.84071,0.1052632,240.6301,25.33057,26.87976,24.3109,24.29031,24.33286,23.09076,0.1784978999999999,4
2020-07-15 17:03:00,0.5081052,11.39135,120.4224,23.09296,13.08566,27.7814,0.09979496,240.6927,24.02031,26.78208,24.20857,24.17081,24.24152,23.39073,0.1837872999999999,4
2020-07-15 17:04:00,0.510405,12.08082,120.3845,23.046,13.08567,27.71024,0.1109591999999999,240.818,26.72243,26.65339,24.13135,24.0723,24.16773,24.05055,0.1935332999999999,4
2020-07-15 17:05:00,0.5161195,13.11411,120.434,23.04014,13.08567,27.6338,0.1036683,240.7497,24.95798,26.55902,23.98563,23.99663,24.08109,25.3701,0.2079843,4
2020-07-15 17:06:00,0.5166695,14.63003,120.446,23.0068,13.08569,27.58109,0.1205286,240.6699,29.00583,26.46582,23.81281,23.89868,23.97149,27.28973,0.2324724,4
2020-07-15 17:07:00,0.5178049,17.01501,120.4879,22.99224,13.08569,27.51255,0.1269082,240.6016,30.53556,26.41692,23.69623,23.81923,23.84397,29.80898,0.2688596999999999,4
2020-07-15 17:08:00,0.5236174999999998,18.37054,120.4386,22.98536,13.08616,27.46247,0.1280474,248.3824,31.74982,26.40295,23.6437,23.75778,23.76466,32.68847,0.2873132999999999,4
2020-07-15 17:09:00,0.5410723,19.44801,120.495,22.97418,13.08891,27.39921,0.1346547999999999,255.8043,34.28373,26.38944,23.65418,23.69541,23.67136,36.28749,0.2927946,4
2020-07-15 17:10:00,0.5428975,27.07223,120.5704,22.9719,13.08846,27.3465,0.1818182,222.9837,40.50419,26.37361,23.69001,23.67008,23.67077,40.96601,0.4094011,4
2020-07-15 17:11:00,0.5383242,30.10822,120.6488,22.94525,13.09121,27.29115,0.2089314999999999,215.0718,44.93518,26.32294,23.73462,23.70576,23.74768,46.84404,0.4582891,4
2020-07-15 17:12:00,0.5523031999999999,35.49046,120.643,22.91039,13.09076,27.22789,0.2415129,215.2826,51.99455,26.26909,23.79721,23.76698,23.82882,54.04195,0.5237985,4
2020-07-15 17:13:00,0.571714,42.26349,120.6543,22.83349,13.09122,27.1778,0.2838916,215.4364,61.15697,26.17104,23.84912,23.82439,23.89171,63.33891,0.6023583,4
2020-07-15 17:14:00,0.6045072999999999,50.47112,120.6695,22.84549,13.09168,27.12246,0.3214855999999999,215.1516,69.17056,26.12992,23.94033,23.93827,23.99871,74.85575,0.6805887999999999,4
2020-07-15 17:15:00,0.6398133999999999,57.33188,120.7534,22.91658,13.09306,27.08028,0.3572568999999999,215.6699,77.0556,26.13073,24.04485,24.08125,24.11146,83.67297,0.7289501999999999,4
2020-07-15 17:16:00,0.6927535999999999,66.28758,120.8822,22.86836,13.09444,27.03209,0.3818637999999999,226.4013,86.48918999999998,26.07006,24.04282,24.14239,24.18221,92.43113,0.7757252,4
2020-07-15 17:17:00,0.8169397,83.65607,120.9713,22.80944,13.09352,26.97711,0.4593303,230.0582,105.5589,26.0136,24.10425,24.19077,24.31433,114.2043,0.8334230999999999,4
2020-07-15 17:18:00,0.8107130999999999,83.36977,120.895,22.9021,13.09353,26.95075,0.4465711,232.8435,104.0288,26.07406,24.25832,24.27823,24.46628,113.6653,0.8354025,4
2020-07-15 17:19:00,0.9230897,97.89646,121.0119,22.92832,13.09399,26.90595,0.5112782999999999,234.1251,119.5623,26.12424,24.41098,24.35196,24.56055,131.8999,0.8685182999999999,4
2020-07-15 17:20:00,1.268998,140.4812,121.2495,23.03947,13.09536,26.87432,0.7261336,227.9278,165.6361,26.20543,24.88277,24.68118,24.97257,198.2417,0.9129505,4
2020-07-15 17:21:00,1.166833,129.7168,121.3248,23.11337,13.09353,26.84457,0.6459331999999999,234.4156,151.4182,26.298,25.09692,24.9249,25.27641,182.3467,0.9090803,4
2020-07-15 17:22:00,1.160022,129.1124,121.2653,23.10522,13.09261,26.85925,0.6409207,242.168,155.3952,26.3783,25.24039,25.01566,25.49038,171.3114,0.909746,4
2020-07-15 17:23:00,1.571061,176.9526,121.336,23.14289,13.0917,26.88223,0.8165871999999998,251.6519,205.4933,26.45323,25.7564,25.45657,25.96028,241.972,0.9233026,4
2020-07-15 17:24:00,1.564906,175.2747,121.2915,23.18323,13.09078,26.92439,0.8215997,247.34,203.2046,26.54189,26.17006,25.89305,26.34575,244.493,0.9204294,4
2020-07-15 17:25:00,1.531855,171.8728,121.3014,23.31855,13.08941,26.99556,0.7844613,252.2045,197.8377,26.67253,26.50241,26.28781,26.75038,239.2751,0.9208199,4
2020-07-15 17:26:00,1.524213,171.0132,121.3713,23.34813,13.0862,27.10137,0.7819551,254.1525,198.7387,26.77839,26.78795,26.61104,27.09722,240.5362,0.9205337,4
2020-07-15 17:27:00,1.491784,166.9308,121.3932,23.29541,13.08575,27.23316,0.7609934999999999,254.9101,193.9802,26.86862,27.02495,26.82696,27.36751,237.1174,0.9188356,4
2020-07-15 17:28:00,1.448361,161.1323,121.3279,23.36866,13.08529,27.3834,0.7359309,256.579,188.808,26.98484,27.38608,27.12613,27.61725,231.8394,0.9144466,4
2020-07-15 17:29:00,1.401934,154.994,121.2807,23.25181,13.08117,27.54682,0.7188427,253.2354,182.0307,27.06993,27.44517,27.20437,27.74175,225.7817,0.9095973,4
2020-07-15 17:30:00,1.335197,146.6097,121.2498,22.9901,13.07842,27.7526,0.7035772999999999,245.7622,172.9097,27.05485,27.47237,27.26297,27.7771,217.9846,0.9048564,4
2020-07-15 17:31:00,1.270808,138.3042,121.2141,23.02007,13.07521,27.95028,0.6694008999999999,243.8369,163.211,27.11908,27.71924,27.45745,27.7874,209.6474,0.8969835999999999,4
2020-07-15 17:32:00,1.211829,130.9028,121.2071,23.19914,13.07475,28.14533,0.6349968,246.2805,156.3545,27.24556,27.99818,27.68677,27.87623,200.6503,0.8897146999999999,4
2020-07-15 17:33:00,1.147351,122.459,121.1212,23.28333,13.07338,28.34245,0.5974028,245.6483,146.7315,27.33459,27.92427,27.68986,27.84933,191.1733,0.8813442999999999,4
2020-07-15 17:34:00,1.077441,114.3713,121.0555,23.17637,13.07017,28.54014,0.5584417,248.9406,139.0199,27.27965,27.82102,27.58996,27.79718,181.0962,0.8768297,4
2020-07-15 17:35:00,0.9914185,105.2725,120.9717,23.0822,13.06925,28.73293,0.5281386999999998,241.6781,127.6315,27.24229,27.74966,27.48377,27.79874,170.8392,0.8713838,4
2020-07-15 17:36:00,0.9320989,98.39794,120.9542,23.00366,13.06742,28.9163,0.4969242999999999,244.623,121.551,27.23927,27.67372,27.33205,27.74189,161.4217,0.8720693999999999,4
2020-07-15 17:37:00,0.8965159,91.96655,120.9291,23.0053,13.06559,29.10608,0.4565961,251.1507,114.6103,27.26802,27.637,27.29259,27.72563,153.9812,0.8446751,4
2020-07-15 17:38:00,0.851864,84.4182,120.875,23.08511,13.06376,29.27722,0.4080656999999999,261.0219,106.4977,27.23379,27.48347,27.18398,27.55165,148.4014,0.8189055,4
2020-07-15 17:39:00,0.8231121,81.02451,120.833,23.19934,13.0633,29.44967,0.3964458,259.4384,102.857,27.27413,27.49512,27.15199,27.43988,143.5401,0.8094200999999999,4
2020-07-15 17:40:00,0.7974286999999999,76.26228,120.8348,23.28789,13.06192,29.61347,0.384598,254.5968,97.92023,27.32547,27.38685,27.06208,27.32887,135.0816,0.7910044,4
2020-07-15 17:41:00,0.7561877,71.13932,120.7413,23.38681,13.06055,29.77877,0.3659148999999999,252.2386,92.27859,27.37832,27.25144,26.93476,27.22551,127.1026,0.7729441999999999,4
2020-07-15 17:42:00,0.7079438999999998,62.94426,120.7399,23.282,13.05963,29.92468,0.3315106999999999,249.3223,82.68169,27.32445,26.99894,26.72103,27.04331,121.0442,0.7379082999999999,4
2020-07-15 17:43:00,0.6607465,56.53498,120.6531,23.2531,13.05872,30.07153,0.3173845,245.8932,78.03664999999998,27.29547,26.86959,26.5759,26.96244,113.7249,0.7037242,4
2020-07-15 17:44:00,0.6481179,53.84785,120.5235,23.28248,13.05826,30.20765,0.3050809999999999,242.5154,73.99089999999998,27.28505,26.75536,26.478,26.69389,113.6648,0.6856214999999999,4
2020-07-15 17:45:00,0.6169156,48.19632,120.4895,23.47563,13.05826,30.36467,0.2802461,241.137,67.57944,27.3513,26.6898,26.39255,26.66111,106.7054,0.6441917999999999,4
2020-07-15 17:46:00,0.6056441,46.33361,120.5858,23.36312,13.05734,30.49326,0.2759171,241.2851,66.57455,27.29379,26.44293,26.17767,26.49896,98.30817,0.6283918,4
2020-07-15 17:47:00,0.6003306999999999,45.31093,120.5337,23.42508,13.05597,30.60208,0.2681704999999999,241.3022,64.71047,27.33988,26.32163,26.04672,26.29565,88.52889999999998,0.6200531,4
2020-07-15 17:48:00,0.6023916,45.73576,120.4627,23.54171,13.05459,30.70807,0.2668034,241.1826,64.35119,27.37843,26.16405,25.88974,26.13395,86.48954,0.6224456999999999,4
2020-07-15 17:49:00,0.6080925999999999,46.8084,120.5361,23.5987,13.05322,30.79769,0.2663477,241.2281,64.25048,27.398,25.99773,25.78359,25.96764,86.96850999999998,0.6321611,4
2020-07-15 17:50:00,0.6001973999999999,45.26482,120.4565,23.2572,13.05505,30.85813,0.2615630999999999,241.5186,63.17249,27.36543,25.68245,25.55992,25.59962,79.4711,0.6203535,4
2020-07-15 17:51:00,0.5993617,45.23155,120.5251,23.06485,13.05597,30.90463,0.2647529,241.2623,63.87684,27.32088,25.50561,25.40632,25.44946,77.73107,0.6190225,4
2020-07-15 17:52:00,0.6014678,45.5948,120.4815,23.10124,13.05597,30.92817,0.2663478,241.2053,64.24491,27.30366,25.43903,25.31163,25.32602,77.73089,0.6225530999999999,4
2020-07-15 17:53:00,0.6042125999999999,46.1956,120.4915,23.09055,13.05734,30.92515,0.2699931999999999,241.5414,65.21487,27.25014,25.32572,25.18254,25.31065,77.73032999999998,0.6273237999999999,4
2020-07-15 17:54:00,0.6054795,46.4185,120.562,23.06358,13.05811,30.9131,0.2727273,241.4047,65.83805,27.17515,25.20174,25.06605,25.26477,78.38948999999998,0.6283701,4
2020-07-15 17:55:00,0.6039448,45.95505,120.6332,23.08153,13.05782,30.90181,0.2688539999999999,241.1712,64.841,27.1404,25.24008,25.07493,25.2346,78.74818999999998,0.624871,4
2020-07-15 17:56:00,0.5972117999999998,44.33629,120.6501,23.21411,13.06014,30.86114,0.2656642,241.3421,64.11422,27.17657,25.19625,25.05165,25.1709,76.58893999999998,0.6104842,4
2020-07-15 17:57:00,0.5927582,43.49771,120.6877,23.19239,13.06066,30.84307,0.2640693,241.0231,63.64388,27.21847,25.15338,25.03551,25.08074,75.80898999999998,0.6016424999999999,4
2020-07-15 17:58:00,0.5912045,42.70062,120.6499,23.39637,13.06142,30.82612,0.247209,241.3022,59.65321,27.28209,25.20164,25.05431,25.15162,75.6889,0.5934972,4
2020-07-15 17:59:00,0.5898874,42.92473,120.5702,23.36053,13.06074,30.79788,0.2538164,241.1199,61.20054,27.25656,25.09114,24.95064,25.07949,73.82944,0.5951498,4
2020-07-15 18:00:00,0.5931982,43.30393,120.6453,23.26307,13.06243,30.75721,0.2554113,240.9376,61.54164,27.24423,25.01568,24.8731,25.04926,74.66894,0.5997957999999999,4
2020-07-15 18:01:00,0.5925306999999999,43.31978,120.7035,23.20447,13.06274,30.73914,0.2592845999999999,240.9547,62.47598,27.20143,24.96513,24.82802,25.04189,73.94907,0.598783,4
2020-07-15 18:02:00,0.5963169999999999,44.16054,120.8656,23.17452,13.06286,30.74855,0.264525,241.0288,63.76006,27.18021,24.98425,24.83549,25.06992,76.10799,0.6060242999999998,4
2020-07-15 18:03:00,0.5883973,42.08488,120.9136,23.1067,13.06294,30.76361,0.2535886,241.3762,61.20923,27.15444,24.97618,24.82605,25.05295,72.08956999999998,0.5863357,4
2020-07-15 18:04:00,0.5760583999999999,39.67121,120.882,23.12889,13.06247,30.71975,0.2421965,241.3705,58.45721,27.13394,24.87732,24.73126,24.97536,67.89118,0.5650332999999998,4
2020-07-15 18:05:00,0.5656235,37.56569,120.9197,23.02478,13.06223,30.7109,0.2285259,241.4332,55.17549,27.07648,24.76604,24.65287,24.90456,64.47256,0.5438287,4
2020-07-15 18:06:00,0.5558948999999999,35.59948,120.9338,22.95875,13.06214,30.70525,0.2205514,241.2623,53.20886,27.03052,24.70204,24.58611,24.85292,62.13343,0.5241736,4
2020-07-15 18:07:00,0.5523711,33.84599,120.8795,22.86015,13.06209,30.67983,0.2102985,241.3876,50.76273,26.95166,24.6283,24.50892,24.78674,59.7344,0.5011845,4
2020-07-15 18:08:00,0.5498336999999999,32.78086,120.7708,22.90932,13.06201,30.66289,0.2059695,241.1996,49.68213,26.95197,24.66378,24.52315,24.77488,58.055,0.4882429999999999,4
2020-07-15 18:09:00,0.5444111999999999,30.7607,120.7563,22.97798,13.06336,30.60754,0.193666,241.2395,46.72047,26.94473,24.5509,24.43289,24.67917,54.39654,0.4623135999999999,4
2020-07-15 18:10:00,0.5404739,28.74563,120.8054,22.95496,13.06558,30.55897,0.1813626,241.6838,43.832,26.93676,24.45714,24.34871,24.55868,51.39774,0.4346359,4
2020-07-15 18:11:00,0.5344683,26.09517,120.7666,23.01663,13.06648,30.51943,0.1754386,241.1199,42.30064,26.96656,24.41504,24.29906,24.53443,47.9792,0.3998312,4
2020-07-15 18:12:00,0.5383328,23.22748,120.7978,23.05137,13.06733,30.44657,0.1601731999999999,241.3307,38.65565,26.95051,24.3248,24.20055,24.44832,43.84092,0.3518225999999999,4
2020-07-15 18:13:00,0.5378574999999999,20.47145,120.7978,23.00629,13.06733,30.38444,0.146047,241.4788,35.26881,26.93298,24.18636,24.06825,24.34286,39.64273,0.3113421,4
2020-07-15 18:14:00,0.5279802999999998,15.74521,120.6975,22.88102,13.06727,30.30254,0.1187059,251.5038,29.72514,26.81954,24.03843,23.9354,24.195,36.46406,0.2442902,4
2020-07-15 18:15:00,0.5370325999999999,16.40356,120.6591,22.83571,13.06956,30.23062,0.1248576,235.3954,29.38042,26.75803,23.94085,23.82681,24.08784,34.00513,0.2497286,4
2020-07-15 18:16:00,0.5453426999999998,15.72884,120.7352,22.72806,13.07227,30.14778,0.1346548999999999,209.4156,28.19678,26.64798,23.79377,23.68931,23.9566,32.80561,0.2370496,4
2020-07-15 18:17:00,0.5430169,15.39381,120.6747,22.72966,13.07276,30.04894,0.1405788,207.7866,29.2083,26.60724,23.71091,23.58788,23.84559,32.3858,0.2307808,4
2020-07-15 18:18:00,0.5440709999999999,15.88454,120.7665,22.80505,13.07313,29.9614,0.1387559999999999,207.6783,28.81767,26.58974,23.65439,23.53067,23.78152,33.04547,0.2385540999999999,4
2020-07-15 18:19:00,0.5485539,15.38615,120.8505,22.84965,13.07311,29.86537,0.1341991999999999,207.8207,27.89158,26.55794,23.56396,23.43884,23.69868,32.2658,0.2289989,4
2020-07-15 18:20:00,0.5428382,14.91168,120.7951,22.76997,13.07302,29.77877,0.1300979999999999,207.8093,27.03703,26.47137,23.44451,23.33861,23.57925,31.3062,0.2245848,4
2020-07-15 18:21:00,0.5269626,13.90791,120.7816,22.72485,13.07356,29.69537,0.1168832,207.6727,24.27212,26.42019,23.37031,23.26096,23.50439,30.28664,0.2164234999999999,4
2020-07-15 18:22:00,0.5239276,12.33782,120.8918,22.70324,13.07474,29.60782,0.1218957,207.6954,25.31915,26.38808,23.28366,23.18186,23.41158,28.00762,0.1921818999999999,4
2020-07-15 18:23:00,0.5372027999999999,11.00362,120.7958,22.6144,13.0785,29.52178,0.1123263,207.9176,23.35394,26.31575,23.18603,23.08213,23.31328,26.26827,0.1674347999999999,4
2020-07-15 18:24:00,0.5395067,9.673132,120.7588,22.54159,13.07914,29.42162,0.1018455999999999,207.8207,21.16269,26.22981,23.08356,22.98445,23.21153,24.58879,0.1466060999999999,4
2020-07-15 18:25:00,0.5224767,8.495679,120.7426,22.53725,13.08182,29.32429,0.1000228,208.0486,20.80753,26.20299,23.00018,22.90106,23.13024,22.78952,0.1335488,4
2020-07-15 18:26:00,0.512351,7.568217,120.7864,22.4919,13.08305,29.21923,0.0991114399999999,207.8435,20.59987,26.15134,22.88768,22.79818,23.0157,21.05016,0.1207874,4
2020-07-15 18:27:00,0.5190616999999998,6.824249,120.8719,22.48903,13.08453,29.12246,0.0854409,207.8549,17.75731,26.12179,22.80644,22.71899,22.93723,19.311,0.1074795,4
2020-07-15 18:28:00,0.5151109999999999,6.253819,120.905,22.49278,13.08469,29.02117,0.0840738399999999,207.9233,17.48273,26.09727,22.72819,22.63936,22.85831,18.41147,0.0992240199999999,4
2020-07-15 18:29:00,0.5149778999999999,5.661451,120.88,22.49437,13.08479,28.91329,0.0840738399999999,207.7581,17.46856,26.04959,22.64367,22.55964,22.76693,17.332,0.0899107799999999,4
2020-07-15 18:30:00,0.522244,5.117786,120.8598,22.4563,13.0849,28.80936,0.0774664099999999,207.4106,16.07171,25.9847,22.56316,22.4805,22.68506,16.37247,0.0794467499999999,4
2020-07-15 18:31:00,0.5276944,4.479515,120.9765,22.41298,13.085,28.70299,0.0724538799999999,202.9278,14.71046,25.90437,22.48775,22.40714,22.6021,15.41293,0.0693587799999999,4
2020-07-15 18:32:00,0.5448496,3.701861,120.9892,22.38772,13.0869,28.60208,0.06971977,196.9128,13.72235,25.85417,22.40894,22.3421,22.52192,14.51336,0.0551229599999999,4
2020-07-15 18:33:00,0.5370063,3.10463,121.1043,22.36226,13.08883,28.48874,0.0694919299999999,191.8205,13.33198,25.80513,22.31468,22.25954,22.45043,13.7337,0.04698021,4
2020-07-15 18:34:00,0.5347267,2.607304,121.0837,22.37276,13.08933,28.3882,0.0704033,187.6396,13.21552,25.77312,22.25276,22.18452,22.37543,12.65419,0.0394083199999999,4
2020-07-15 18:35:00,0.5363396999999999,2.092266,121.0579,22.35776,13.09078,28.28296,0.0678970299999999,183.6068,12.45993,25.75421,22.18684,22.12341,22.3047,11.81459,0.03193212,4
2020-07-15 18:36:00,0.5397020999999999,1.640667,121.0904,22.35311,13.09127,28.17489,0.06334019,180.474,11.42936,25.74002,22.10911,22.04775,22.22838,10.97499,0.0244183099999999,4
2020-07-15 18:37:00,0.5539218,1.207646,121.1287,22.36561,13.095,28.07322,0.06334019,176.9424,11.20829,25.73513,22.03127,21.96438,22.14848,10.79508,0.01783214,4
2020-07-15 18:38:00,0.5651007,0.8388528,121.0805,22.32186,13.09594,27.97438,0.05946686,174.0944,10.34967,25.72343,21.94917,21.90021,22.06916,10.25534,0.01210293,4
2020-07-15 18:39:00,0.5736649999999999,0.391537,120.9329,22.28401,13.09646,27.865,0.0560492299999999,170.1014,9.535636,25.69976,21.88048,21.82115,21.99841,9.835649,0.005453768,4
2020-07-15 18:40:00,0.5809596999999999,-0.01281692,120.9102,22.23033,13.09647,27.73923,0.0599225499999999,166.7465,9.990464,25.64256,21.7966,21.74555,21.91042,9.295912,-4.943804e-05,4
2020-07-15 18:41:00,0.5695961,-0.2941861,121.0057,22.17975,13.09652,27.63644,0.0526315899999999,163.8472,8.624561,25.57558,21.7615,21.71941,21.88153,8.576216,-0.0043914119999999,4
2020-07-15 18:42:00,0.5621956,-0.6020062999999999,120.9626,22.11896,13.09652,27.54682,0.0519480699999999,160.5947,8.347911,25.50064,21.75289,21.71287,21.85982,7.916506,-0.0089611919999999,4
2020-07-15 18:43:00,0.5573432999999999,-0.8405295,120.9136,22.08888,13.09795,27.44666,0.05809981,157.4505,9.150157,25.44309,21.71541,21.68229,21.82787,7.916709,-0.0124312799999999,4
2020-07-15 18:44:00,0.5579593,-1.008214,120.8965,22.10769,13.10115,27.3465,0.05787197,155.7815,9.014308,25.41443,21.69825,21.66306,21.80451,7.556859,-0.0151119199999999,4
2020-07-15 18:45:00,0.5583339,-1.123844,120.8571,22.10749,13.10165,27.25424,0.05080885,154.967,7.874036,25.40742,21.67881,21.64086,21.79887,7.376985999999999,-0.01646001,4
2020-07-15 18:46:00,0.4392338,0.2196018,120.9193,22.09469,13.10211,27.16463,0.05012533,184.222,9.183484,25.40309,21.65654,21.62756,21.7904,7.197075,0.0237873,4
2020-07-15 18:47:00,0.5907900999999999,-0.9246747,120.9239,22.08712,13.10259,27.0703,0.0612896,158.4815,9.706058,25.38659,21.66081,21.61803,21.78018,7.197245,-0.01345095,4
2020-07-15 18:48:00,0.5745002999999999,-1.20479,120.8448,22.0789,13.10305,26.97975,0.05308728,156.5733,8.312108,25.37652,21.65479,21.6196,21.78244,7.197277,-0.0174897099999999,4
2020-07-15 18:49:00,0.5757354999999998,-1.118247,120.8752,22.08475,13.10353,26.89559,0.05399865,156.8239,8.468732,25.38383,21.65106,21.61587,21.78561,7.197433,-0.01592054,4
2020-07-15 18:50:00,0.5775365,-1.015746,120.8261,22.09824,13.10537,26.81068,0.05377081,157.103,8.445901,25.37467,21.66392,21.62665,21.79777,7.557328,-0.0145883,4
2020-07-15 18:51:00,0.5795907,-0.9128451,120.9007,22.11225,13.10767,26.72765,0.05878334,156.8866,9.223695,25.36467,21.65521,21.61794,21.80907,7.677352,-0.01301563,4
2020-07-15 18:52:00,0.582335,-0.7710833999999999,120.8404,22.10738,13.10722,26.6418,0.0562770699999999,156.8011,8.822347,25.35663,21.65116,21.60216,21.80365,7.79738,-0.0109845099999999,4
2020-07-15 18:53:00,0.5811515999999999,-0.672327,120.807,22.08974,13.10723,26.56744,0.05673276,156.7043,8.888925,25.37036,21.64069,21.59721,21.80353,7.977458999999999,-0.009543301,4
2020-07-15 18:54:00,0.586778,-0.5620009999999999,120.817,22.10325,13.10769,26.49005,0.0599225499999999,156.7784,9.394414,25.36675,21.62046,21.58526,21.77918,8.277432,-0.0079697799999999,4
2020-07-15 18:55:00,0.5897092,-0.4212265,120.7983,22.10878,13.1077,26.42058,0.06311234,156.9379,9.904622,25.37314,21.62549,21.5896,21.79179,8.637455,-0.0059924649999999,4
2020-07-15 18:56:00,0.5773502999999999,-0.2507435,120.855,22.09208,13.1077,26.3496,0.05855549,156.9094,9.186988,25.34107,21.63604,21.60153,21.80096,8.697515,-0.003669972,4
2020-07-15 18:57:00,0.5759612,0.06535862,120.9181,22.06986,13.10771,26.27448,0.0667578199999999,156.8182,10.46968,25.31992,21.63344,21.60722,21.80319,9.417423,0.0009339253999999,4
2020-07-15 18:58:00,0.5749459,0.3653624999999999,120.9274,22.09686,13.10863,26.2084,0.0660742899999999,157.0062,10.37442,25.30644,21.65983,21.6343,21.8206,9.957303,0.0052470829999999,4
2020-07-15 18:59:00,0.5681494,0.535448,121.0028,22.15217,13.11001,26.1346,0.06698566,157.2113,10.53062,25.28865,21.68809,21.6598,21.84541,10.0773,0.0077591609999999,4
2020-07-15 19:00:00,0.5664202999999999,0.6078508999999999,120.9986,22.20731,13.10955,26.08056,0.0694919299999999,156.8353,10.89889,25.28589,21.72046,21.70321,21.89087,10.19742,0.008869079,4
2020-07-15 19:01:00,0.5680094,0.8348349,121.0221,22.22905,13.11093,26.00921,0.0651629199999999,156.7271,10.20907,25.25552,21.74642,21.72848,21.90165,10.43747,0.01231851,4
2020-07-15 19:02:00,0.56657,1.312542,121.1138,22.23493,13.11231,25.95593,0.0770107299999999,156.9663,12.08881,25.222,21.79949,21.78845,21.94505,10.73745,0.01904992,4
2020-07-15 19:03:00,0.5723464999999999,1.671618,121.0798,22.22652,13.11322,25.89323,0.07541583,156.8638,11.82747,25.14617,21.86452,21.85555,22.0135,11.63726,0.02384852,4
2020-07-15 19:04:00,0.5739275999999999,2.1579,121.0554,22.23442,13.11323,25.83977,0.07723857,157.1714,12.13768,25.13716,21.90924,21.91338,22.06236,12.89707,0.03098946,4
2020-07-15 19:05:00,0.5518748,2.84487,121.0118,22.22086,13.11414,25.77877,0.08202326,157.0233,12.87917,25.10075,21.97329,21.97467,22.11673,13.8569,0.04272256,4
2020-07-15 19:06:00,0.5344335,3.437712,121.0306,22.23307,13.11506,25.7253,0.0804283699999999,157.0062,12.62788,25.05614,22.03819,22.05267,22.18436,14.81681,0.0527701699999999,4
2020-07-15 19:07:00,0.5314689999999999,3.465374,121.0999,22.23176,13.11552,25.67089,0.0829346299999999,156.9606,13.01605,24.98795,22.09166,22.11234,22.23368,15.0568,0.0536275199999999,4
2020-07-15 19:08:00,0.5372487,3.169494,121.0894,22.22404,13.11552,25.6178,0.08111189,157.0176,12.7368,24.9286,22.11118,22.16358,22.24217,14.69725,0.04841692,4
2020-07-15 19:09:00,0.5511671,2.556259,121.0277,22.23674,13.11827,25.56771,0.07883347,156.9435,12.372,24.85581,22.05934,22.18276,22.21171,14.03744,0.03781533,4
2020-07-15 19:10:00,0.5576938,1.817869,121.1168,22.23228,13.11782,25.51161,0.0726839999999999,156.9371,11.40864,24.79893,21.98829,22.1531,22.16965,12.7178,0.02670981,4
2020-07-15 19:11:00,0.5650935,1.145405,121.1993,22.22818,13.11827,25.47377,0.0674436499999999,156.8748,10.57816,24.76309,21.93568,22.1274,22.12947,11.638,0.01675876,4
2020-07-15 19:12:00,0.5743445999999999,0.1449454,121.2165,22.20325,13.11874,25.41747,0.0617469699999999,156.5548,9.667807,24.69363,21.86424,22.0498,22.04566,10.49831,0.002064358,4
2020-07-15 19:13:00,0.560004,-0.5976344999999998,121.2165,22.19757,13.11874,25.37116,0.05901292,156.4925,9.234735,24.66783,21.78723,21.96247,21.96316,9.118535,-0.0087637129999999,4
2020-07-15 19:14:00,0.560697,-0.9287779,121.1962,22.18723,13.11828,25.32221,0.05833092,157.0947,9.162986,24.63047,21.71448,21.89112,21.87318,7.73885,-0.01363656,4
2020-07-15 19:15:00,0.4288143999999999,0.5413788,121.1866,22.14496,13.11874,25.26158,0.0460266699999999,189.4782,8.469478,24.57114,21.57612,21.77489,21.78386,7.078955,0.0358822499999999,4
2020-07-15 19:16:00,0.4170631,1.216501,121.2652,22.1117,13.11874,25.20492,0.04260843,185.415,7.774609,24.52196,21.48396,21.70001,21.69242,6.299139,0.0474493699999999,4
2020-07-15 19:17:00,0.4109854,1.513052,121.2709,22.10862,13.11874,25.15013,0.04511474,202.424,9.025865,24.46366,21.43288,21.66138,21.64482,5.219295,0.05621927,4
2020-07-15 19:18:00,0.3128815999999999,1.455063,121.2812,22.06681,13.11874,25.10721,0.02893702,191.0185,5.276278,24.41106,21.40339,21.64917,21.62018,4.319458,0.0695665899999999,4
2020-07-15 19:19:00,0.3943972,1.386914,121.3449,22.051,13.11874,25.06804,0.03281043,184.9175,6.089497,24.37253,21.39776,21.62973,21.59797,3.719544,0.06311928,4
2020-07-15 19:20:00,0.2580191,1.93231,121.283,22.03285,13.1192,25.0238,0.0321267,195.8817,6.211795,24.32752,21.41044,21.61963,21.58236,3.659588,0.0874336899999999,4
2020-07-15 19:21:00,0.3677928999999999,1.136252,121.2977,22.02182,13.11874,24.98257,0.03417773,187.9714,6.386982,24.2917,21.43508,21.61528,21.59043,3.899575,0.05349201,4
2020-07-15 19:22:00,0.4036459,1.565499,121.3637,22.00093,13.11874,24.93851,0.03964684,198.969,7.781715,24.25097,21.45676,21.61488,21.58864,5.159471,0.0634742699999999,4
2020-07-15 19:23:00,0.3753735999999999,1.171721,121.2982,21.93854,13.11874,24.89446,0.04579939,194.9094,8.731716999999998,24.20272,21.45724,21.60776,21.58636,5.639444,0.05325077,4
2020-07-15 19:24:00,0.4417527,1.338509,121.2648,21.90334,13.11965,24.86019,0.04010346,186.8627,7.316639,24.1684,21.49795,21.61601,21.60289,5.759478,0.0495976399999999,4
2020-07-15 19:25:00,0.4292649,1.248679,121.2379,21.91159,13.11874,24.81859,0.038736,199.9118,7.523417,24.13912,21.49208,21.60807,21.59634,5.75949,0.0478096299999999,4
2020-07-15 19:26:00,0.2909856,1.624881,121.3548,21.93244,13.11965,24.78187,0.03873568,199.164,7.619709,24.12642,21.50427,21.60713,21.60161,5.759508,0.0685986199999999,4
2020-07-15 19:27:00,0.4152897999999999,0.8483886,121.3773,21.92935,13.12103,24.74497,0.03805187,188.0776,6.945337,24.10594,21.50301,21.59621,21.59828,5.339565,0.04322571,4
2020-07-15 19:28:00,0.3903855,1.244303,121.3493,21.87639,13.12195,24.70129,0.04238084,185.8833,7.868189,24.05602,21.50322,21.57709,21.57778,5.039611,0.0551579499999999,4
2020-07-15 19:29:00,0.3570662,1.465789,121.3941,21.86066,13.1224,24.66703,0.03212724,197.9299,6.170914,24.02445,21.50044,21.56396,21.56742,4.679656,0.0652625299999999,4
2020-07-15 19:30:00,0.2621746999999999,1.578942,121.3051,21.86469,13.12332,24.63031,0.03600057,183.4662,6.699426,23.98631,21.50143,21.55736,21.56979,4.139708,0.0732411399999999,4
2020-07-15 19:31:00,0.2564925,1.727785,121.3219,21.88741,13.12378,24.5985,0.03258408,178.8021,5.841098,23.96472,21.49823,21.54173,21.56658,3.599765,0.08658374,4
2020-07-15 19:32:00,0.2530724999999999,1.786284,121.2428,21.89284,13.12424,24.56668,0.03281262,173.9695,5.71229,23.9665,21.4668,21.51307,21.55864,2.39985,0.08799365,4
2020-07-15 19:33:00,0.1820269999999999,2.642866,121.1933,21.86248,13.12453,24.52262,0.03144654,114.1872,3.613831,23.94438,21.42043,21.46048,21.52125,1.919887,0.1200082,4
2020-07-15 19:34:00,0.1817018,2.6759,121.194,21.84136,13.12468,24.49815,0.03851111,36.36907,1.380019,23.95355,21.40893,21.43241,21.52081,1.199932,0.1204529,4
2020-07-15 19:35:00,0.1817375,2.713434,121.2286,21.82133,13.12553,24.46144,0.0357776799999999,32.28541,1.157319,23.9457,21.35358,21.3888,21.48272,0.7199590999999999,0.1223077,4
2020-07-15 19:36:00,0.1816721,2.713487,121.212,21.81428,13.12459,24.41983,0.0252952499999999,27.71653,0.7152699999999999,23.93221,21.31796,21.33661,21.44504,0.599966,0.1222720999999999,4
2020-07-15 19:37:00,0.1817826999999999,2.716243,121.2627,21.83025,13.12683,24.3929,0.03008162,22.56689,0.6780072,23.94442,21.29911,21.3005,21.43379,-0.2999840999999999,0.1219383,4
2020-07-15 19:38:00,0.1817394,2.728827,121.2568,21.83437,13.12773,24.36109,0.0289423,17.59897,0.5118957,23.95242,21.25742,21.26916,21.42594,-0.8399554999999999,0.1226793,4
2020-07-15 19:39:00,0.1815158,2.720736,121.1614,21.85543,13.12722,24.32682,0.02643527,14.45393,0.3803123999999999,23.94972,21.24426,21.23735,21.40934,-1.319937,0.1232902,4
2020-07-15 19:40:00,0.1816138999999999,2.728452,121.1988,21.86537,13.12813,24.28766,0.0264352399999999,12.20921,0.3201099,23.94282,21.20346,21.20208,21.37477,-1.139946,0.1234903,4
2020-07-15 19:41:00,0.1817684,2.735955,121.2589,21.9089,13.12943,24.26413,0.0278033199999999,10.79088,0.2973785999999999,23.95084,21.17814,21.17814,21.34672,-1.319945,0.1241056,4
2020-07-15 19:42:00,0.1818105999999999,2.722534,121.2143,21.91847,13.12989,24.22873,0.02392911,10.61997,0.252802,23.93879,21.15289,21.1439,21.31387,-1.559936,0.1240913,4
2020-07-15 19:43:00,0.1815727,2.735978,121.099,21.89375,13.13014,24.19447,0.0291713099999999,10.51763,0.3064286,23.91687,21.11698,21.1004,21.25381,-1.619938,0.1229427,4
2020-07-15 19:44:00,0.1815725,2.746821,121.117,21.86768,13.12966,24.1602,0.0173204999999999,10.48347,0.181449,23.90252,21.07149,21.06319,21.22697,-1.799931,0.1238244,4
2020-07-15 19:45:00,0.1813993,2.759275,120.9934,21.8353,13.13042,24.13818,0.02119514,10.36397,0.2194437999999999,23.89492,21.04813,21.02808,21.21259,-1.679937,0.1243071,4
2020-07-15 19:46:00,0.1813429,2.749219,121.0522,21.76576,13.13047,24.10146,0.02187892,9.95946,0.2185411999999999,23.86369,20.98075,20.96831,21.15561,-1.919929,0.1241955,4
2020-07-15 19:47:00,0.1813537,2.755609,121.1158,21.67776,13.13073,24.0623,0.02096752,9.965272,0.2094925,23.83138,20.92124,20.89082,21.08852,-2.03993,0.1250667,4
2020-07-15 19:48:00,0.1812679,2.779135,121.1163,21.61527,13.13068,24.03538,0.02301877,9.788671,0.2250143,23.80924,20.86923,20.83466,21.04206,-2.159928,0.1253255,4
2020-07-15 19:49:00,0.1812337,2.760926,121.1779,21.57809,13.13053,23.99979,0.0214235699999999,9.908402,0.2121149,23.78258,20.79464,20.76145,20.97095,-2.279931,0.1256779,4
2020-07-15 19:50:00,0.1813625,2.763968,121.2386,21.55651,13.13063,23.96666,0.01481421,9.669125,0.1418988999999999,23.76454,20.71759,20.69269,20.91675,-2.399928,0.1257013999999999,4
2020-07-15 19:51:00,0.1814919999999999,2.775442,121.2769,21.53719,13.13219,23.9324,0.02529827,9.6179,0.2469158999999999,23.73919,20.66002,20.61644,20.85369,-2.579925,0.1257083,4
2020-07-15 19:52:00,0.1815175,2.791471,121.3253,21.51948,13.13258,23.90302,0.01868887,8.575226,0.1607572999999999,23.71599,20.63182,20.56263,20.83725,-2.579924,0.1261114,4
2020-07-15 19:53:00,0.1815933,2.795199,121.2954,21.52288,13.13335,23.86632,0.0143585799999999,7.669303,0.1085386,23.67789,20.59829,20.53948,20.79475,-2.699919,0.1263777,4
2020-07-15 19:54:00,0.1814799,2.775935,121.2857,21.50159,13.13465,23.82357,0.0207402299999999,6.894415,0.1427761999999999,23.62827,20.54368,20.46688,20.7533,-2.879912,0.1253151999999999,4
2020-07-15 19:55:00,0.1814549,2.777933,121.243,21.51874,13.13593,23.79759,0.01549823,5.977076,0.09117965,23.58784,20.52464,20.44714,20.73632,-2.339926,0.1263346999999999,4
2020-07-15 19:56:00,0.1814009,2.776515,121.2024,21.52318,13.13586,23.75843,0.02233574,5.45858,0.1237187,23.5466,20.46792,20.37864,20.68516,-2.639918,0.1259955,4
2020-07-15 19:57:00,0.1814622999999999,2.790147,121.281,21.49636,13.13671,23.71513,0.02074037,5.099625,0.1047695,23.50604,20.34335,20.2852,20.59316,-2.879912,0.1270410999999999,4
2020-07-15 19:58:00,0.1813362,2.795354,121.3581,21.50215,13.13965,23.69461,0.02096833,4.712177,0.09931555,23.49651,20.30052,20.22229,20.55589,-2.87994,0.1264117999999999,4
2020-07-15 19:59:00,0.1812544,2.802518,121.3348,21.51974,13.14116,23.65055,0.0154983599999999,4.313329,0.06822609,23.46481,20.22015,20.1516,20.44789,-2.87996,0.1265365,4
2020-07-15 20:00:00,0.1812589,2.82004,121.3126,21.53799,13.1418,23.60932,0.0196009,4.131003,0.08119215,23.43869,20.12307,20.07043,20.36401,-3.479945,0.1273888,4
2020-07-15 20:01:00,0.1813702,2.792109,121.3377,21.54231,13.14189,23.58183,0.01982884,3.703662,0.07249648,23.41945,20.10638,20.00387,20.33765,-3.239946,0.1263254,4
2020-07-15 20:02:00,0.1814428999999999,2.833147,121.4458,21.53911,13.14203,23.54267,0.0214242899999999,3.829023,0.0818003499999999,23.37752,20.05722,19.9734,20.29058,-3.119926,0.1265722,4
2020-07-15 20:03:00,0.1814555999999999,2.799443,121.4873,21.51069,13.1421,23.50954,0.01595427,3.48145,0.05611801,23.34368,19.9892,19.90537,20.26899,-3.239913,0.1271210999999999,4
2020-07-15 20:04:00,0.1815159,2.830611,121.5241,21.49315,13.14223,23.47395,0.0218801799999999,3.589717,0.0784813099999999,23.30878,19.97298,19.86837,20.26453,-3.059905,0.1277492,4
2020-07-15 20:05:00,0.1812059,2.798503,121.2717,21.48441,13.14227,23.44722,0.02051267,3.464362,0.0691465,23.28067,19.91493,19.82416,20.18089,-3.059901,0.1278291,4
2020-07-15 20:06:00,0.1808153999999999,2.797882,121.0434,21.45824,13.14202,23.40524,0.0237035599999999,3.458669,0.0816762899999999,23.24004,19.83245,19.75345,20.11646,-2.999941,0.1269576,4
2020-07-15 20:07:00,0.1806006,2.801644,120.9223,21.43454,13.14242,23.36363,0.0227918899999999,3.310522,0.07505307,23.19292,19.81064,19.72055,20.08289,-3.179945,0.1271502999999999,4
2020-07-15 20:08:00,0.1807615999999999,2.782933,120.9403,21.43106,13.14301,23.3401,0.02028481,3.339016,0.0693026999999999,23.1618,19.76059,19.7003,20.03218,-3.179986,0.1270493,4
2020-07-15 20:09:00,0.1804413,2.772781,120.7758,21.42124,13.14352,23.3047,0.01595434,3.310526,0.0535938899999999,23.13741,19.68266,19.63275,19.94459,-3.29999,0.1269372,4
2020-07-15 20:10:00,0.1803043,2.794368,120.7282,21.41795,13.14543,23.26347,0.01709395,3.430187,0.0579107999999999,23.09339,19.65404,19.58263,19.89729,-3.48002,0.1276847,4
2020-07-15 20:11:00,0.1802753,2.798821,120.7153,21.42687,13.14634,23.23843,0.0166381199999999,3.213663,0.05610304,23.05665,19.60386,19.55672,19.86239,-3.54002,0.1276944999999999,4
2020-07-15 20:12:00,0.1802623999999999,2.803515,120.714,21.3949,13.14732,23.20172,0.01800564,3.037028,0.0574901099999999,23.02061,19.54888,19.49826,19.79149,-3.720053,0.1280149999999999,4
2020-07-15 20:13:00,0.1801518,2.797659,120.6999,21.40266,13.14823,23.17065,0.02256404,3.105404,0.0735262599999999,23.00124,19.48019,19.45037,19.72769,-3.840056,0.1280867,4
2020-07-15 20:14:00,0.1802052,2.801773,120.7228,21.39142,13.14827,23.13299,0.0225640499999999,3.014238,0.0688199,22.97873,19.42934,19.36346,19.7108,-3.960075,0.1281234,4
2020-07-15 20:15:00,0.1802723,2.783654,120.6719,21.40709,13.14828,23.11191,0.0173219,3.088312,0.05427983,22.96934,19.42403,19.31653,19.71659,-3.900076,0.1273036999999999,4
2020-07-15 20:16:00,0.1801412,2.805516,120.6841,21.42089,13.14877,23.07651,0.0182335799999999,2.746433,0.0503993999999999,22.94357,19.40356,19.33282,19.72178,-3.540076,0.1282657,4
2020-07-15 20:17:00,0.1803245,2.81374,120.7671,21.42764,13.14889,23.04169,0.02598286,2.928769,0.0769705299999999,22.9225,19.37402,19.30535,19.69295,-3.300077,0.1285232,4
2020-07-15 20:18:00,0.1801682,2.805217,120.6972,21.41763,13.14924,23.01024,0.0189173499999999,2.729341,0.0522539699999999,22.90344,19.3659,19.24521,19.66613,-3.12009,0.1283641,4
2020-07-15 20:19:00,0.1799671999999999,2.803596,120.6243,21.41525,13.14922,22.9788,0.01435895,3.082617,0.04246706,22.88095,19.27866,19.20374,19.6247,-3.18008,0.1285138,4
2020-07-15 20:20:00,0.1799771,2.798913,120.6304,21.3584,13.15055,22.95131,0.022792,2.655267,0.0585500399999999,22.86722,19.24873,19.15784,19.57747,-3.060057,0.1286996,4
2020-07-15 20:21:00,0.1800819999999999,2.819324,120.7202,21.29554,13.15145,22.91084,0.01777776,2.598288,0.04616056,22.82949,19.20795,19.11427,19.53325,-3.060076,0.1281644999999999,4
2020-07-15 20:22:00,0.1803361,2.827593,120.7768,21.25547,13.15004,22.89239,0.0168660799999999,2.512818,0.0447579999999999,22.81655,19.19768,19.0929,19.48416,-3.000107,0.1285258,4
2020-07-15 20:23:00,0.1802285,2.816017,120.7781,21.16658,13.15387,22.85435,0.02188032,2.370368,0.0520046899999999,22.77782,19.11436,19.05051,19.42654,-3.000122,0.129168,4
2020-07-15 20:24:00,0.1801175999999999,2.819415,120.7802,21.11399,13.15457,22.83101,0.0255270499999999,2.581195,0.0650954799999999,22.7531,19.08123,18.99378,19.36151,-3.300159,0.1298359,4
2020-07-15 20:25:00,0.180235,2.841431,120.7137,21.05305,13.15473,22.7911,0.0189173699999999,2.501423,0.04673722,22.72489,18.97503,18.91672,19.26995,-3.180151,0.1283150999999999,4
2020-07-15 20:26:00,0.1803595,2.818414,120.7831,21.00199,13.15489,22.77698,0.0177777699999999,2.518517,0.0472515099999999,22.71284,18.96076,18.86357,19.25708,-3.420161,0.1299884,4
2020-07-15 20:27:00,0.1804709999999999,2.82995,120.8295,20.93581,13.15504,22.73462,0.0221082499999999,2.233617,0.0514436799999999,22.66358,18.92153,18.83336,19.22134,-3.420164,0.1289889999999999,4
2020-07-15 20:28:00,0.180595,2.816264,120.9433,20.87664,13.1556,22.70826,0.01846153,2.393161,0.04397882,22.61793,18.91301,18.82206,19.22184,-3.540171,0.1298474,4
2020-07-15 20:29:00,0.1805201999999999,2.819454,120.9248,20.83463,13.15528,22.67136,0.0177777699999999,2.210825,0.03950614,22.57206,18.89437,18.83119,19.21989,-3.600204,0.1287229,4
2020-07-15 20:30:00,0.1806047,2.837795,120.9677,20.83453,13.15627,22.65328,0.0223361699999999,2.433048,0.05861247,22.54157,18.89272,18.81496,19.18217,-3.600217,0.1290312999999999,4
2020-07-15 20:31:00,0.1807331,2.83957,121.0112,20.79021,13.15729,22.61261,0.02438746,2.319088,0.0565085999999999,22.49124,18.80658,18.7656,19.1273,-3.600243,0.1298366,4
2020-07-15 20:32:00,0.1809738999999999,2.863844,121.1138,20.72758,13.15918,22.57797,0.01823361,2.074074,0.03740227,22.44074,18.79874,18.75082,19.08963,-3.600255,0.1284144999999999,4
2020-07-15 20:33:00,0.1807881,2.836829,121.1148,20.68833,13.16066,22.55613,0.01823361,2.250712,0.0403788799999999,22.40718,18.804,18.7422,19.07613,-3.540277,0.1299944,4
2020-07-15 20:34:00,0.1808447,2.842887,121.077,20.68454,13.16069,22.51904,0.0216524199999999,2.022792,0.0448983199999999,22.35905,18.80972,18.76458,19.09781,-3.60029,0.129201,4
2020-07-15 20:35:00,0.1806552999999999,2.848005,121.0319,20.71534,13.16124,22.49287,0.01663817,2.239316,0.0376983799999999,22.31977,18.81736,18.77709,19.09157,-3.540301,0.1288003,4
2020-07-15 20:36:00,0.1806344,2.845852,120.9961,20.72273,13.16125,22.45447,0.02119658,2.22792,0.0460515599999999,22.27791,18.82727,18.77241,19.08759,-3.480299,0.1299231,4
2020-07-15 20:37:00,0.180758,2.849939,121.0648,20.73703,13.16138,22.43545,0.02279202,2.159544,0.04667493,22.2575,18.85389,18.78792,19.13848,-3.600297,0.1301629,4
2020-07-15 20:38:00,0.1808057999999999,2.84581,121.1047,20.69943,13.16089,22.39799,0.02210826,2.096866,0.0436827499999999,22.21313,18.80711,18.75156,19.09451,-2.940242,0.129255,4
2020-07-15 20:39:00,0.1807077,2.847492,121.0581,20.67397,13.16334,22.36862,0.02279202,1.937322,0.04619182,22.18097,18.82583,18.72513,19.11325,-2.880258,0.1291132999999999,4
2020-07-15 20:40:00,0.1806646,2.841204,121.0897,20.64345,13.16563,22.33473,0.01754986,2.062678,0.03501789,22.14569,18.82017,18.71321,19.09232,-3.480311,0.129437,4
2020-07-15 20:41:00,0.1804664,2.863764,121.0176,20.64794,13.16668,22.3142,0.01367521,1.840455,0.02524654,22.12309,18.80373,18.71206,19.08005,-2.940282,0.1296168,4
2020-07-15 20:42:00,0.180934,2.843327,121.1467,20.62023,13.16577,22.27825,0.0180056999999999,2.250712,0.0426853599999999,22.07885,18.8252,18.70644,19.12163,-3.000289,0.1299974,4
2020-07-15 20:43:00,0.1806696999999999,2.87516,121.2045,20.60808,13.16677,22.24661,0.0184615399999999,1.772079,0.03333478,22.04101,18.82619,18.72341,19.12676,-2.760273,0.1294439,4
2020-07-15 20:44:00,0.1805902,2.859412,121.1689,20.61535,13.16679,22.22402,0.01868946,1.840456,0.03582827,22.01564,18.81108,18.7083,19.09986,-2.760269,0.1303661,4
2020-07-15 20:45:00,0.1806174999999999,2.862739,121.0823,20.59738,13.16686,22.19503,0.01527065,1.743589,0.02625952,21.98733,18.79784,18.67908,19.08177,-2.760248,0.1300375,4
2020-07-15 20:46:00,0.1806850999999999,2.862335,121.1093,20.55848,13.16687,22.16529,0.01754986,1.977208,0.0336620499999999,21.95757,18.76301,18.64077,19.05807,-2.700239,0.1290645,4
2020-07-15 20:47:00,0.1809373,2.845087,121.193,20.52096,13.16692,22.13139,0.01777778,2.11396,0.0391009699999999,21.91745,18.77258,18.6427,19.03641,-2.700227,0.1299433999999999,4
2020-07-15 20:48:00,0.1806494999999999,2.859748,121.128,20.55293,13.16694,22.11332,0.01663817,1.823361,0.02957897,21.89729,18.80917,18.67166,19.08201,-2.160186,0.1302608,4
2020-07-15 20:49:00,0.1806088,2.857233,121.1599,20.61184,13.16697,22.08188,0.02438746,1.874643,0.04514767,21.86652,18.8232,18.71068,19.08285,-2.880259,0.1301180999999999,4
2020-07-15 20:50:00,0.1807777999999999,2.868156,121.1673,20.66036,13.16698,22.05458,0.01960114,1.886039,0.0369347599999999,21.84197,18.78668,18.72209,19.09841,-2.640242,0.1291611,4
2020-07-15 20:51:00,0.1805151999999999,2.863718,121.175,20.65834,13.16701,22.01994,0.02347578,1.794871,0.04305938,21.81973,18.73652,18.65803,19.0698,-2.340224,0.1312541999999999,4
2020-07-15 20:52:00,0.1806516,2.882328,121.2425,20.71046,13.16703,22.00036,0.0248432999999999,1.994302,0.0516618999999999,21.8043,18.76903,18.67318,19.07243,-2.880282,0.1294324,4
2020-07-15 20:53:00,0.1805605999999999,2.870115,121.1859,20.67219,13.16704,21.97325,0.02279202,2.131054,0.04712687,21.78615,18.7238,18.59668,19.01264,-2.520254,0.1301111,4
2020-07-15 20:54:00,0.18059,2.86494,121.1279,20.60602,13.16752,21.94614,0.01549857,2.045583,0.03171402,21.76318,18.65347,18.54649,18.95138,-2.700275,0.130135,4
2020-07-15 20:55:00,0.1804466,2.847475,121.0973,20.54016,13.16799,21.91658,0.02689458,2.011396,0.05188008,21.73222,18.58344,18.49103,18.87097,-2.880296,0.1300572999999999,4
2020-07-15 20:56:00,0.1807861,2.875333,121.1675,20.4839,13.168,21.88965,0.02051282,1.897436,0.0401451199999999,21.70252,18.57647,18.46946,18.839,-2.880301,0.1296263,4
2020-07-15 20:57:00,0.18106,2.874342,121.2942,20.4346,13.16801,21.87384,0.01891738,1.663817,0.03213479,21.68118,18.52719,18.44311,18.80364,-2.880303,0.1296692999999999,4
2020-07-15 20:58:00,0.180874,2.86834,121.3073,20.3805,13.16848,21.84221,0.01754986,2.045583,0.0355633399999999,21.63779,18.48475,18.41664,18.73554,-3.300354,0.1300032,4
2020-07-15 20:59:00,0.1807411999999999,2.88296,121.2958,20.33619,13.16894,21.81962,0.0184615399999999,1.811965,0.03160493,21.60069,18.43551,18.3945,18.70023,-3.300357,0.1305887,4
2020-07-15 21:00:00,0.1807832,2.892988,121.3814,20.28703,13.16987,21.78799,0.01663817,1.85755,0.0301400099999999,21.55868,18.41754,18.35985,18.66837,-3.300363,0.1305217999999999,4
2020-07-15 21:01:00,0.1807229999999999,2.874689,121.3372,20.32167,13.17125,21.77876,0.02210826,1.977208,0.0453658499999999,21.54531,18.427,18.37835,18.66881,-3.300366,0.1314573,4
2020-07-15 21:02:00,0.1809196,2.902022,121.4025,20.38794,13.17217,21.74055,0.01709401,1.817664,0.03201012,21.50225,18.42977,18.39016,18.68059,-3.420387,0.1301056999999999,4
2020-07-15 21:03:00,0.1810351,2.884638,121.4877,20.44909,13.17263,21.72021,0.01754986,1.817663,0.03032702,21.4826,18.46425,18.39614,18.70532,-3.420389,0.1302775999999999,4
2020-07-15 21:04:00,0.1809248,2.87686,121.4789,20.53925,13.17264,21.68858,0.02279202,2.068376,0.0468619399999999,21.46339,18.44277,18.38857,18.72136,-3.240368,0.1307263999999999,4
2020-07-15 21:05:00,0.180989,2.871042,121.4655,20.62559,13.17218,21.6705,0.01846153,1.851851,0.0335217999999999,21.45774,18.4878,18.40788,18.774,-3.240368,0.1293813,4
2020-07-15 21:06:00,0.1808607999999999,2.876813,121.494,20.7838,13.17219,21.65469,0.0266666599999999,1.937322,0.05220735,21.4578,18.6143,18.53371,18.92821,-2.880304,0.1309506,4
2020-07-15 21:07:00,0.1813944999999999,2.904961,121.6769,20.8748,13.17265,21.62532,0.01185185,1.897436,0.0221296799999999,21.45052,18.65005,18.58336,18.95838,-2.460258,0.130897,4
2020-07-15 21:08:00,0.1813300999999999,2.898117,121.7258,20.92311,13.17265,21.61384,0.0200569799999999,1.937322,0.03908538,21.4549,18.7314,18.61609,19.01402,-2.340253,0.1307037,4
2020-07-15 21:09:00,0.1811972,2.890017,121.6551,20.88484,13.17357,21.58466,0.0214244999999999,1.806267,0.0382126699999999,21.43332,18.63815,18.6048,18.96663,-1.980214,0.1309535,4
2020-07-15 21:10:00,0.1813479,2.892759,121.688,20.54399,13.17357,21.56206,0.02096866,1.766381,0.03652956,21.38861,18.63975,18.6064,18.93005,-2.16024,0.1303434,4
2020-07-15 21:11:00,0.1811503999999999,2.902797,121.6381,20.29789,13.17403,21.5598,0.01139601,1.789173,0.01972971,21.35665,18.59166,18.57012,18.9299,-2.640294,0.1308950999999999,4
2020-07-15 21:12:00,0.1813307,2.905528,121.708,20.24154,13.17495,21.53269,0.0232478599999999,1.817664,0.04221782,21.32125,18.52569,18.53681,18.83687,-2.580294,0.1311698,4
2020-07-15 21:13:00,0.1813852,2.897538,121.7535,20.19919,13.17358,21.50784,0.02051282,1.646723,0.03126207,21.27773,18.55348,18.55556,18.82645,-2.880333,0.1312642,4
2020-07-15 21:14:00,0.1813231999999999,2.893764,121.7257,20.34586,13.17358,21.49429,0.02051282,1.948718,0.0392100599999999,21.25795,18.58218,18.58079,18.91276,-2.880356,0.1301857999999999,4
2020-07-15 21:15:00,0.1814789,2.906199,121.7411,20.37459,13.17496,21.46943,0.01891738,1.863247,0.03447244,21.22894,18.61344,18.63775,18.86277,-3.540448,0.1301187,4
2020-07-15 21:16:00,0.1814147,2.887515,121.747,20.41359,13.1745,21.45136,0.0180056999999999,1.834757,0.0335217999999999,21.20532,18.62439,18.66537,18.82581,-3.240443,0.1304589999999999,4
2020-07-15 21:17:00,0.1811672,2.884485,121.642,20.86812,13.17633,21.4491,0.01663817,1.840455,0.03062312,21.2231,18.7318,18.7707,18.92277,-3.600503,0.1309017,4
2020-07-15 21:18:00,0.1814118,2.900233,121.7335,20.93354,13.17634,21.42199,0.01663817,2.005697,0.0375892899999999,21.2167,18.66968,18.73776,18.80651,-3.000436,0.1316315999999999,4
2020-07-15 21:19:00,0.1813168,2.89449,121.7484,20.72992,13.17679,21.3994,0.0230199399999999,1.982906,0.0429191199999999,21.19755,18.56219,18.6268,18.74837,-2.88043,0.1304748,4
2020-07-15 21:20:00,0.1813300999999999,2.898354,121.749,20.51241,13.17588,21.39224,0.02051282,2.039886,0.04237367,21.18417,18.58625,18.61404,18.79395,-3.000472,0.1306775,4
2020-07-15 21:21:00,0.1814032999999999,2.921998,121.7989,20.30468,13.17817,21.36777,0.0202849,1.840455,0.0379789,21.14795,18.50824,18.53951,18.6993,-3.480552,0.1308134,4
2020-07-15 21:22:00,0.1813327999999999,2.899615,121.7581,20.24062,13.17771,21.34065,0.01686609,1.754985,0.03244648,21.11253,18.49358,18.56723,18.63254,-3.60058,0.1301976,4
2020-07-15 21:23:00,0.1815259999999999,2.903308,121.8044,20.27895,13.17771,21.34065,0.01686609,1.737891,0.0283010599999999,21.10009,18.50817,18.60266,18.66032,-3.540584,0.1306566,4
2020-07-15 21:24:00,0.1814059,2.91194,121.7546,20.30561,13.17725,21.31581,0.01868946,1.851851,0.03478412,21.07385,18.43939,18.54431,18.58461,-3.540599,0.1308436,4
2020-07-15 21:25:00,0.1815064999999999,2.897367,121.7309,20.28766,13.17817,21.29095,0.02119658,1.777777,0.03860227,21.04414,18.39628,18.47759,18.55472,-3.600611,0.1313397,4
2020-07-15 21:26:00,0.1814472,2.893993,121.7363,20.31466,13.17817,21.27966,0.0182336199999999,1.732193,0.03115298,21.03491,18.37238,18.44119,18.57599,-3.780644,0.1304062,4
2020-07-15 21:27:00,0.1816942,2.914546,121.853,20.43066,13.17817,21.25707,0.01618234,1.868945,0.0323841399999999,21.01644,18.41208,18.46212,18.62958,-4.140725,0.1308482,4
2020-07-15 21:28:00,0.1815954999999999,2.908907,121.845,20.59731,13.17817,21.23221,0.01276353,1.948718,0.02410889,21.00886,18.48988,18.52949,18.77542,-3.960702,0.1311121,4
2020-07-15 21:29:00,0.1814127,2.926806,121.8097,20.84034,13.17817,21.23221,0.0230199399999999,1.794871,0.038275,21.03306,18.58923,18.63647,18.92818,-3.960709,0.1316116,4
2020-07-15 21:30:00,0.1814355,2.915426,121.7991,20.87151,13.17817,21.21188,0.02188034,1.880342,0.0414541999999999,21.03069,18.72996,18.77302,19.07853,-3.600648,0.1305743,4
2020-07-15 21:31:00,0.1814091999999999,2.902958,121.7626,21.14902,13.17817,21.20059,0.02233618,1.686609,0.0376983799999999,21.06503,18.79935,18.92434,19.28663,-3.600648,0.1307569,4
2020-07-15 21:32:00,0.1814686,2.914803,121.813,21.22172,13.17817,21.17799,0.0191453,1.766381,0.0338802299999999,21.07907,18.93917,19.00998,19.36526,-3.600648,0.1311233,4
2020-07-15 21:33:00,0.1812733,2.893249,121.7845,21.18903,13.17817,21.17799,0.01868946,1.794871,0.03373998,21.11086,18.97731,19.0745,19.44153,-3.480621,0.1306645999999999,4
2020-07-15 21:34:00,0.1812962999999999,2.888752,121.7529,21.32692,13.17817,21.17121,0.0168660999999999,1.811965,0.0328205,21.14348,19.16762,19.22175,19.59422,-3.060545,0.1310811,4
2020-07-15 21:35:00,0.181265,2.916426,121.72,21.55202,13.17817,21.15088,0.01891738,1.806267,0.0345815299999999,21.17706,19.35121,19.38936,19.7714,-3.36061,0.1309732999999999,4
2020-07-15 21:36:00,0.1811367999999999,2.912274,121.6785,21.4241,13.17817,21.15088,0.01777778,1.800569,0.03455036,21.22128,19.35953,19.42127,19.81368,-3.600655,0.1315819,4
2020-07-15 21:37:00,0.1812829,2.893049,121.7335,21.04347,13.17817,21.14862,0.02074074,1.623931,0.03373997,21.20659,19.29333,19.37658,19.73578,-3.540646,0.1309148,4
2020-07-15 21:38:00,0.1812993,2.906717,121.7942,20.88655,13.17817,21.12603,0.01390313,1.868945,0.02630627,21.17709,19.27342,19.34488,19.68054,-3.300602,0.1314443999999999,4
2020-07-15 21:39:00,0.1811105,2.912765,121.7291,20.8359,13.17817,21.12829,0.02119658,1.800569,0.03673216,21.16967,19.17366,19.2493,19.59959,-2.940552,0.1307591999999999,4
2020-07-15 21:40:00,0.1810752999999999,2.887569,121.6638,20.7708,13.17817,21.12377,0.0173219299999999,1.720797,0.03091922,21.15409,19.04907,19.11501,19.42377,-2.880541,0.1308589,4
2020-07-15 21:41:00,0.1811087,2.936908,121.7488,20.59326,13.17817,21.12377,0.0237037,1.937322,0.04659701,21.13059,18.97906,19.02904,19.33784,-3.180601,0.1319491,4
2020-07-15 21:42:00,0.1815148,2.919126,121.899,20.5034,13.17817,21.12377,0.01618234,1.965812,0.03322569,21.1064,18.91865,18.96448,19.24209,-3.540672,0.1307862999999999,4
2020-07-15 21:43:00,0.1813733999999999,2.916438,121.9465,20.29019,13.17817,21.12377,0.0198290599999999,1.709401,0.03339712,21.06907,18.83183,18.88252,19.14492,-3.600699,0.1314374,4
2020-07-15 21:44:00,0.1813404999999999,2.920149,121.9071,20.36827,13.17863,21.08762,0.01458689,1.88604,0.02780236,21.01287,18.79967,18.8219,19.10793,-3.660718,0.1308849,4
2020-07-15 21:45:00,0.1815373999999999,2.931611,121.8972,20.49787,13.17909,21.06955,0.02119658,1.675213,0.0345815299999999,20.99479,18.6794,18.69816,18.98913,-3.600727,0.1308994,4
2020-07-15 21:46:00,0.1813717,2.925632,121.831,20.53531,13.18092,21.06729,0.0141310499999999,1.766381,0.02414006,20.99184,18.59233,18.58122,18.87364,-3.9008,0.131462,4
2020-07-15 21:47:00,0.1814278,2.91699,121.9158,20.56962,13.18092,21.04244,0.01754986,1.868945,0.03508022,20.96215,18.48943,18.49291,18.77012,-3.780799,0.1320297,4
2020-07-15 21:48:00,0.1814667,2.903405,121.9364,20.50135,13.18276,21.04244,0.01367521,2.02849,0.02883093,20.95108,18.38795,18.39351,18.62076,-4.140887,0.1313960999999999,4
2020-07-15 21:49:00,0.1814571,2.938426,121.8977,20.41967,13.18138,21.03114,0.01868946,1.680911,0.03183869,20.92803,18.26881,18.26603,18.47805,-3.960874,0.1318375,4
2020-07-15 21:50:00,0.1816989,2.931222,122.0057,20.32999,13.18276,21.01532,0.02096866,1.834757,0.0406593999999999,20.90114,18.16539,18.19182,18.36007,-3.960878,0.1306999,4
2020-07-15 21:51:00,0.1815804,2.923776,122.0015,20.30442,13.18276,21.00855,0.01960114,1.965812,0.0385087699999999,20.88469,18.12599,18.13156,18.27618,-3.900871,0.130942,4
2020-07-15 21:52:00,0.181733,2.910144,122.0663,20.20478,13.18367,20.99047,0.0232478599999999,1.680911,0.0376828,20.85209,17.9889,18.01254,18.15025,-3.840862,0.131697,4
2020-07-15 21:53:00,0.1817438,2.940095,122.0541,20.09238,13.18367,20.98822,0.0216524199999999,2.051282,0.0464567499999999,20.83808,17.95742,17.94281,18.10001,-4.080921,0.1317664,4
2020-07-15 21:54:00,0.1814977999999999,2.943808,121.9588,19.99477,13.18367,20.97014,0.01960114,1.85755,0.0368879999999999,20.79993,17.90509,17.89048,17.99831,-4.140929,0.1320171,4
2020-07-15 21:55:00,0.1814694,2.939272,122.0032,20.03573,13.18276,20.95884,0.01891738,1.800569,0.03171402,20.77687,17.91039,17.89091,18.00639,-4.320965,0.131336,4
2020-07-15 21:56:00,0.181567,2.918107,121.973,20.183,13.18322,20.93399,0.0255276699999999,1.840498,0.04725381,20.7437,17.91789,17.92206,18.02016,-4.320971,0.1316500999999999,4
2020-07-15 21:57:00,0.181706,2.917373,122.0691,20.28109,13.18367,20.93173,0.01755046,1.737951,0.03096809,20.74213,17.98022,17.98022,18.01222,-3.720838,0.1310032999999999,4
2020-07-15 21:58:00,0.1818906999999999,2.925615,122.1207,20.21037,13.18367,20.90914,0.0168665999999999,1.641073,0.02724294,20.71399,17.95754,17.97145,17.96867,-3.840877,0.131359,4
2020-07-15 21:59:00,0.1818411,2.944324,122.1638,20.12658,13.18413,20.88881,0.02028545,1.749335,0.03374183,20.68466,17.90788,17.93153,17.89118,-4.320992,0.1314898999999999,4
2020-07-15 22:00:00,0.1817093999999999,2.937691,122.1243,19.97392,13.18413,20.87977,0.02096914,1.977253,0.04218857,20.66594,17.84118,17.86832,17.87041,-3.600842,0.1318593,4
2020-07-15 22:01:00,0.1814707,2.925134,121.9844,19.89147,13.18505,20.87751,0.01914572,1.806307,0.03604804,20.65192,17.84312,17.8459,17.82294,-4.140975,0.1305968,4
2020-07-15 22:02:00,0.1816087,2.927468,122.0383,19.89237,13.18551,20.85266,0.02119698,1.914565,0.04147134,20.62152,17.8529,17.84942,17.87238,-4.140997,0.1319491999999999,4
2020-07-15 22:03:00,0.1814949999999999,2.929575,122.0724,19.85056,13.18551,20.82555,0.0218807199999999,1.726526,0.0404426499999999,20.58333,17.81866,17.82214,17.8632,-4.261031,0.1318715,4
2020-07-15 22:04:00,0.1814601999999999,2.943759,122.0675,19.74712,13.18597,20.81425,0.02347612,1.680936,0.03978783,20.55333,17.80372,17.80441,17.87818,-4.501116,0.1314012,4
2020-07-15 22:05:00,0.1815079,2.946394,122.093,19.89939,13.18642,20.79844,0.0175500999999999,1.84618,0.03076425,20.52781,17.8031,17.82189,17.96384,-4.501118,0.1319365999999999,4
2020-07-15 22:06:00,0.1814593999999999,2.915745,122.06,20.00364,13.18826,20.77585,0.01960136,1.772099,0.03612519,20.50657,17.70008,17.74533,17.9221,-4.561163,0.1312846,4
2020-07-15 22:07:00,0.1815549999999999,2.943913,122.1088,19.99283,13.18917,20.77133,0.01823382,1.732213,0.0318238299999999,20.51036,17.65446,17.65446,17.8772,-4.501148,0.1315659,4
2020-07-15 22:08:00,0.1817568,2.945712,122.1892,19.68816,13.18871,20.75551,0.0180058599999999,1.811982,0.0311847199999999,20.48139,17.61977,17.57243,17.80981,-4.081065,0.1315572999999999,4
2020-07-15 22:09:00,0.1817381,2.947937,122.1786,19.34703,13.18917,20.73066,0.01686624,1.772095,0.03137173,20.4233,17.50568,17.4813,17.69089,-4.081065,0.13214,4
2020-07-15 22:10:00,0.1814851,2.936461,122.0915,19.149,13.18917,20.71485,0.01709414,1.69232,0.02959499,20.3715,17.41688,17.3932,17.60628,-3.961029,0.1320214,4
2020-07-15 22:11:00,0.1811416,2.929199,121.7805,18.98606,13.18917,20.69451,0.01663829,1.965826,0.03257162,20.31653,17.32117,17.31978,17.50644,-4.081061,0.1315308,4
2020-07-15 22:12:00,0.1808356,2.893578,121.5481,18.67138,13.18963,20.66514,0.01207984,2.000012,0.02627542,20.25182,17.19196,17.18778,17.38563,-4.081065,0.1309124,4
2020-07-15 22:13:00,0.1808599999999999,2.912785,121.5586,18.53912,13.18963,20.6546,0.01891748,1.925937,0.03659231,20.21426,17.09703,17.08936,17.31581,-4.561197,0.1319454999999999,4
2020-07-15 22:14:00,0.180924,2.915812,121.5539,18.55661,13.18917,20.62673,0.01458696,1.868955,0.02739743,20.16906,17.04319,17.02646,17.26409,-4.98133,0.1310581,4
2020-07-15 22:15:00,0.1808250999999999,2.911977,121.5367,18.70048,13.19009,20.6064,0.01435903,1.772087,0.02582338,20.13277,17.04353,17.02401,17.28812,-5.04135,0.1317637999999999,4
2020-07-15 22:16:00,0.1810901,2.927127,121.6806,18.86981,13.19238,20.57251,0.0202849699999999,1.943027,0.03854023,20.08011,17.11864,17.11655,17.35136,-5.041358,0.1310292999999999,4
2020-07-15 22:17:00,0.1811095,2.945342,121.7657,18.90357,13.1933,20.5567,0.0184616,1.737898,0.0315428199999999,20.02548,17.21629,17.20096,17.42042,-4.561233,0.1328995,4
2020-07-15 22:18:00,0.1810323,2.928001,121.7659,18.94468,13.19467,20.52732,0.02051288,1.49858,0.0311531799999999,19.9649,17.2947,17.30654,17.50784,-4.201144,0.1318072999999999,4
2020-07-15 22:19:00,0.1811011999999999,2.928628,121.7903,19.01343,13.19467,20.50248,0.01162418,1.834793,0.02156957,19.92271,17.34502,17.39517,17.56023,-4.081116,0.1322538,4
2020-07-15 22:20:00,0.1809977,2.931193,121.7562,19.13844,13.19467,20.47311,0.01982979,1.794937,0.03526982,19.89194,17.37686,17.43885,17.65122,-3.901074,0.1316344,4
2020-07-15 22:21:00,0.1810044,2.916401,121.7245,19.37472,13.19605,20.44825,0.02005764,1.646778,0.03438121,19.87329,17.47722,17.5385,17.82321,-3.721018,0.1325547,4
2020-07-15 22:22:00,0.1810817,2.915697,121.7391,19.49563,13.19559,20.43583,0.01823415,1.77783,0.0312327399999999,19.87887,17.48909,17.55873,17.86082,-3.42093,0.1320619,4
2020-07-15 22:23:00,0.1811476999999999,2.937443,121.7924,19.44327,13.19834,20.40307,0.0184624099999999,1.823447,0.03721887,19.86132,17.46938,17.53275,17.81537,-3.420928,0.1310426,4
2020-07-15 22:24:00,0.1811153,2.89932,121.7939,19.27313,13.19926,20.37822,0.0246168099999999,1.64112,0.040103,19.83021,17.43046,17.48548,17.78135,-3.36091,0.131716,4
2020-07-15 22:25:00,0.1810204,2.931942,121.7536,19.1563,13.19926,20.35789,0.02028637,1.755113,0.03672191,19.81052,17.37642,17.44329,17.72111,-3.600976,0.1326307999999999,4
2020-07-15 22:26:00,0.1810845,2.932451,121.7802,19.06006,13.20017,20.34207,0.01663951,1.766524,0.03072157,19.78843,17.31306,17.37506,17.65153,-3.480944,0.1329809,4
2020-07-15 22:27:00,0.1813094,2.949942,121.903,18.97942,13.20017,20.31948,0.01641138,1.7722,0.02977004,19.76443,17.24644,17.28686,17.59402,-3.78103,0.1320186999999999,4
2020-07-15 22:28:00,0.1811184999999999,2.928003,121.8693,18.98614,13.20017,20.28785,0.0168671799999999,1.652528,0.02886582,19.73276,17.21183,17.23273,17.57753,-3.721016,0.1314362,4
2020-07-15 22:29:00,0.181292,2.941824,121.8608,19.06042,13.20017,20.27335,0.0230211599999999,1.6867,0.0424404899999999,19.72452,17.17791,17.20091,17.51994,-3.901071,0.1320533999999999,4
2020-07-15 22:30:00,0.1812681999999999,2.94315,121.902,19.00818,13.20017,20.24492,0.01344799,1.886137,0.02619989,19.69676,17.11519,17.12147,17.45169,-4.021107,0.1319727,4
2020-07-15 22:31:00,0.1812044999999999,2.937098,121.8737,19.01188,13.20109,20.2291,0.0175516499999999,1.874833,0.03387163,19.68092,17.10621,17.11805,17.45037,-3.841065,0.1313263,4
2020-07-15 22:32:00,0.1814024999999999,2.968058,121.9486,19.00583,13.20017,20.20426,0.01891945,1.612712,0.0289619599999999,19.66298,17.04077,17.04495,17.3808,-4.081134,0.1327221,4
2020-07-15 22:33:00,0.1817156,2.947877,122.1325,19.02265,13.20017,20.17714,0.01686862,1.749555,0.03061676,19.6379,17.01202,17.0169,17.3472,-3.96111,0.1323008,4
2020-07-15 22:34:00,0.1817207999999999,2.954,122.1641,18.98953,13.20063,20.15455,0.01527304,1.681174,0.02520767,19.61876,16.99137,16.99625,17.3405,-3.841078,0.1308072,4
2020-07-15 22:35:00,0.1817940999999999,2.951287,122.1772,18.86038,13.20247,20.13177,0.02165513,1.834987,0.0408254499999999,19.58967,16.92225,16.93061,17.24706,-3.841088,0.1307898,4
2020-07-15 22:36:00,0.1816966999999999,2.938592,122.1743,18.76815,13.20201,20.12066,0.01664026,1.73811,0.02847962,19.57092,16.87341,16.90828,17.22195,-3.961122,0.1317141,4
2020-07-15 22:37:00,0.1818992,2.956048,122.2385,18.70233,13.20292,20.09129,0.0214273799999999,1.692535,0.0366485,19.53597,16.86335,16.89055,17.22793,-3.78108,0.1327596,4
2020-07-15 22:38:00,0.1820311,2.967606,122.3174,18.65957,13.20247,20.07096,0.0191478999999999,1.766621,0.0315979399999999,19.50314,16.86594,16.89034,17.21308,-3.961132,0.1325259,4
2020-07-15 22:39:00,0.1818143999999999,2.973209,122.2434,18.60913,13.20522,20.04008,0.01458896,1.863511,0.02712434,19.46671,16.81414,16.8511,17.17942,-3.901123,0.1326601,4
2020-07-15 22:40:00,0.1818558999999999,2.956771,122.2276,18.63236,13.20522,20.02352,0.01595685,1.863525,0.03158339,19.44735,16.79815,16.83581,17.16971,-3.901124,0.1326352,4
2020-07-15 22:41:00,0.1817265,2.950821,122.1724,18.67381,13.20522,20.0077,0.01869285,1.7838,0.03407963,19.42526,16.86793,16.85956,17.18231,-3.901131,0.1324198,4
2020-07-15 22:42:00,0.1817501,2.949767,122.1798,18.58056,13.20476,19.97607,0.01914878,1.988964,0.04107952,19.37556,16.8368,16.89607,17.15817,-3.721081,0.1315504999999999,4
2020-07-15 22:43:00,0.1819373,2.952274,122.2566,18.69217,13.20522,19.95348,0.0214283499999999,1.789495,0.03897471,19.34253,16.98908,16.99117,17.2769,-3.781103,0.131862,4
2020-07-15 22:44:00,0.1817854,2.956317,122.242,19.18703,13.20567,19.92147,0.0202885299999999,1.681212,0.03400148,19.34724,17.05162,17.08717,17.47594,-3.781105,0.131858,4
2020-07-15 22:45:00,0.1818694999999999,2.944459,122.2273,19.6657,13.20476,19.91281,0.0127658,1.795191,0.02255849,19.39267,17.23165,17.19332,17.64958,-3.721092,0.1319263,4
2020-07-15 22:46:00,0.1817554999999999,2.947749,122.2001,19.95712,13.20567,19.88118,0.01960489,1.715429,0.03434537,19.43038,17.31134,17.35384,17.76469,-3.781111,0.1332521,4
2020-07-15 22:47:00,0.1819267,2.965142,122.2779,19.76534,13.20522,19.86311,0.0161857499999999,1.800949,0.02907695,19.44836,17.30362,17.37398,17.74793,-3.421009,0.1326142999999999,4
2020-07-15 22:48:00,0.181959,2.956411,122.3307,19.61552,13.20567,19.8424,0.01755347,1.875031,0.0344554899999999,19.44985,17.26689,17.36094,17.74324,-3.481028,0.1321789999999999,4
2020-07-15 22:49:00,0.1819456999999999,2.956882,122.34,19.63011,13.20567,19.82696,0.01253815,1.795236,0.02326119,19.45176,17.17623,17.2912,17.64986,-3.481031,0.1319539,4
2020-07-15 22:50:00,0.1816501,2.940357,122.0739,19.45862,13.20567,19.81115,0.01572989,1.755365,0.02736217,19.4394,17.03558,17.11573,17.50795,-3.541051,0.1320108999999999,4
2020-07-15 22:51:00,0.1806908,2.900706,121.4933,19.18474,13.20659,19.79985,0.01778188,1.669901,0.03015392,19.42185,16.90779,16.96077,17.3141,-3.60107,0.1317724999999999,4
2020-07-15 22:52:00,0.1800216,2.900472,121.0923,18.86095,13.20685,19.77725,0.0173258199999999,1.789574,0.0320400699999999,19.38467,16.74209,16.7937,17.12624,-3.781126,0.1326184,4
2020-07-15 22:53:00,0.1804419999999999,2.925632,121.2876,18.67421,13.20704,19.75485,0.02302498,1.789565,0.0410357999999999,19.35046,16.63026,16.6491,16.96012,-3.901163,0.1327787,4
2020-07-15 22:54:00,0.1807352999999999,2.913049,121.3231,18.56812,13.20927,19.73207,0.01003065,1.778156,0.01842858,19.3214,16.51023,16.51581,16.84507,-4.201255,0.1320499,4
2020-07-15 22:55:00,0.1804602999999999,2.901612,121.2803,18.43265,13.20878,19.70722,0.01800947,1.806646,0.03119721,19.28541,16.46421,16.46422,16.78514,-4.441329,0.1319664,4
2020-07-15 22:56:00,0.1805033,2.928688,121.2659,18.25914,13.21011,19.69818,0.0216568299999999,1.738245,0.03796319,19.25486,16.43629,16.44187,16.74747,-4.561367,0.1331621,4
2020-07-15 22:57:00,0.1805771999999999,2.917276,121.3733,18.04074,13.211,19.66957,0.0157296599999999,1.81803,0.0283592499999999,19.19638,16.40679,16.42424,16.74589,-4.561368,0.1319313,4
2020-07-15 22:58:00,0.1806811,2.914892,121.4184,18.22161,13.21096,19.653,0.01618601,1.903561,0.0313542399999999,19.17565,16.40496,16.42241,16.74892,-4.441333,0.1327651,4
2020-07-15 22:59:00,0.1804792,2.902625,121.3364,18.36177,13.2114,19.61967,0.02188537,1.732592,0.0370764599999999,19.14161,16.43916,16.46079,16.76914,-4.381316,0.1314829,4
2020-07-15 23:00:00,0.1805079,2.92118,121.3427,18.47043,13.21174,19.60103,0.0116268599999999,1.909307,0.0220628699999999,19.12504,16.35831,16.41694,16.72392,-4.081227,0.1327366,4
2020-07-15 23:01:00,0.180518,2.921406,121.358,18.45947,13.2118,19.58522,0.01390664,1.590145,0.0229984199999999,19.1106,16.3424,16.40731,16.70941,-4.201264,0.132739,4
2020-07-15 23:02:00,0.1804509,2.925171,121.368,18.44347,13.21169,19.55811,0.0180099599999999,1.573023,0.02848598,19.08067,16.37437,16.42811,16.74625,-3.841157,0.1325458999999999,4
2020-07-15 23:03:00,0.1806443,2.919064,121.4894,18.38609,13.21168,19.53646,0.01550223,1.789596,0.02628752,19.04928,16.2709,16.34001,16.65123,-3.961193,0.1314829,4
2020-07-15 23:04:00,0.1807083999999999,2.929431,121.4809,18.27774,13.21158,19.51292,0.0186942699999999,1.749738,0.03221371,19.02222,16.26652,16.28746,16.59385,-4.081231,0.1332549,4
2020-07-15 23:05:00,0.1803375,2.926247,121.3337,18.21342,13.21158,19.49485,0.01322277,1.738341,0.0231701599999999,18.99024,16.31953,16.32442,16.58893,-3.841158,0.1332219,4
2020-07-15 23:06:00,0.1803384,2.917469,121.3408,18.22471,13.21196,19.47677,0.0191505499999999,1.789664,0.03435102,18.96729,16.27971,16.30275,16.55889,-4.021214,0.1321786,4
2020-07-15 23:07:00,0.1804146,2.918965,121.3565,18.09617,13.21149,19.4491,0.0189226299999999,1.607282,0.02970456,18.93056,16.14994,16.19603,16.47037,-4.021214,0.1327614,4
2020-07-15 23:08:00,0.1805006,2.903095,121.4284,18.12419,13.21143,19.43159,0.0145910899999999,1.960678,0.02948686,18.91931,16.06822,16.08638,16.40195,-4.261287,0.1318506,4
2020-07-15 23:09:00,0.1805268999999999,2.935287,121.4077,18.16029,13.21143,19.40128,0.0127672299999999,1.852389,0.02139403,18.89522,16.02233,16.00557,16.31142,-4.141251,0.1332825,4
