measured_on,ac_current__588,ac_power__584,ac_voltage__587,ambient_temp__589,das_battery_voltage__595,das_temp__594,dc_pos_current__586,dc_pos_voltage__585,dc_power__583,inverter_temp__593,module_temp_1__590,module_temp_2__591,module_temp_3__592,poa_irradiance__582,power_factor__596,system_id
2023-01-15 00:00:00,0.1535827999999999,6.760096,235.7428,4.16638,13.29457,5.598951,0.0006666667,0.2,0.0001333333,3.658333,2.133333,2.691667,1.991667,-2.629258,0.1860062,33
2023-01-15 00:01:00,0.1534692,6.754831,235.6185,4.196992,13.29139,5.58803,0.0013333329999999,0.2,0.0002666667,3.675,2.091667,2.683333,1.958333,-2.658046,0.1855039,33
2023-01-15 00:02:00,0.1534494,6.763958,235.5694,4.256672,13.29194,5.571087,0.0013333329999999,0.2,0.0002666667,3.808333,2.108333,2.633333,1.941667,-2.590875,0.1860338,33
2023-01-15 00:03:00,0.1534981,6.76709,235.5417,4.310809,13.29199,5.557909,0.0013333329999999,0.2,0.0002666667,3.908333,2.091667,2.641667,1.908333,-2.552491,0.1857146,33
2023-01-15 00:04:00,0.1533827,6.752346,235.5682,4.299779,13.29433,5.538328,0.0013333329999999,0.2,0.0002666667,3.925,2.008333,2.575,1.858333,-2.456533,0.1859469,33
2023-01-15 00:05:00,0.1533824,6.768532,235.5386,4.236832,13.29577,5.526278,0.0013333329999999,0.1916667,0.0002666667,3.816667,1.908333,2.558333,1.741667,-2.408554,0.185563,33
2023-01-15 00:06:00,0.1533565,6.766659,235.5553,4.099003,13.29625,5.503875,0.002666667,0.1666667,0.0004666666999999,3.666667,1.816667,2.45,1.625,-2.350979,0.185013,33
2023-01-15 00:07:00,0.1534003999999999,6.770355,235.6084,3.957032,13.29723,5.485237,0.0013333329999999,0.1333332999999999,6.666667e-05,3.55,1.766667,2.366667,1.5,-2.379767,0.1858429,33
2023-01-15 00:08:00,0.1533876,6.791145,235.7866,3.875323,13.29728,5.464526,0.0013333329999999,0.1333332999999999,0.0002666667,3.475,1.716667,2.3,1.4,-2.504512,0.1866681,33
2023-01-15 00:09:00,0.1538722999999999,6.808074,236.2782,3.879194,13.29738,5.441935,0.0006666667,0.1333332999999999,6.666667e-05,3.558333,1.691667,2.3,1.4,-2.590875,0.1857998999999999,33
2023-01-15 00:10:00,0.1538018999999999,6.809424,236.422,3.854578,13.29744,5.423109,0.003333333,0.125,0.0003333333999999,3.416667,1.666667,2.275,1.425,-2.629258,0.1854803999999999,33
2023-01-15 00:11:00,0.1539264999999999,6.832133,236.5145,3.84905,13.29474,5.399008,0.0006666667,0.0999999899999999,6.666667e-05,3.466666,1.6,2.241667,1.4,-2.638854,0.1855352999999999,33
2023-01-15 00:12:00,0.1540059,6.84386,236.6808,3.888776,13.29756,5.38357,0.0,0.0999999899999999,0.0,3.483333,1.591667,2.216667,1.358333,-2.629258,0.1860405,33
2023-01-15 00:13:00,0.1540188999999999,6.834446,236.6493,4.01768,13.2985,5.359847,0.0006666667,0.0999999899999999,6.666667e-05,3.758333,1.566667,2.2,1.4,-2.590875,0.1868113,33
2023-01-15 00:14:00,0.1537667,6.799804,236.3505,4.349012,13.29948,5.337255,0.0,0.0999999899999999,0.0,4.208333,1.691667,2.241667,1.483333,-2.542896,0.186236,33
2023-01-15 00:15:00,0.1537724,6.805642,236.4015,4.63453,13.30088,5.311275,0.0013333329999999,0.0999999899999999,0.0001333333,4.466667,1.791667,2.291667,1.625,-2.274212,0.1852920999999999,33
2023-01-15 00:16:00,0.1538712999999999,6.849459,236.4234,4.817556,13.30275,5.296023,0.0006666667,0.0999999899999999,6.666667e-05,4.483333,1.891667,2.408333,1.833333,-2.101487,0.1859205999999999,33
2023-01-15 00:17:00,0.1539351999999999,6.830154,236.4633,4.701021,13.30278,5.273996,0.0013333329999999,0.0999999899999999,0.0001333333,4.183333,1.841667,2.316667,1.825,-1.938358,0.1865238999999999,33
2023-01-15 00:18:00,0.1538594,6.797763,236.4411,4.637714,13.30279,5.260817,0.0013333329999999,0.0999999899999999,6.666667e-05,4.175,1.841667,2.308333,1.858333,-1.928762,0.1857012,33
2023-01-15 00:19:00,0.1538907999999999,6.789831,236.3677,4.60394,13.30283,5.240671,0.002,0.0999999899999999,0.0002666667,4.233334,1.841667,2.3,1.866667,-1.909571,0.1867593999999999,33
2023-01-15 00:20:00,0.1538282,6.824791,236.3831,4.651679,13.30329,5.225422,0.002,0.0999999899999999,0.0002,4.291667,1.858333,2.383333,1.908333,-1.928762,0.1863528999999999,33
2023-01-15 00:21:00,0.1538439,6.820322,236.3732,4.730914,13.30332,5.206596,0.002,0.0999999899999999,0.0002,4.358333,1.891667,2.375,1.875,-1.928762,0.186289,33
2023-01-15 00:22:00,0.1539349999999999,6.810734,236.3956,4.708564,13.30333,5.189274,0.002,0.0999999899999999,0.0002,4.3,1.808333,2.341666,1.8,-1.880783,0.1857617,33
2023-01-15 00:23:00,0.1538091,6.771025,236.2612,4.597778,13.30334,5.17873,0.0,0.0999999899999999,0.0,4.125,1.766667,2.283333,1.708333,-1.851996,0.1859257,33
2023-01-15 00:24:00,0.1537424,6.812697,236.2482,4.577499,13.30244,5.159904,0.002,0.0999999899999999,0.0001333333,4.183333,1.783333,2.383333,1.758333,-1.919167,0.1854436999999999,33
2023-01-15 00:25:00,0.1536539,6.825323,236.108,4.596528,13.30336,5.139572,0.0013333329999999,0.0999999899999999,0.0002,4.25,1.825,2.425,1.716667,-1.8424,0.186062,33
2023-01-15 00:26:00,0.1536395,6.781468,235.9507,4.49714,13.30337,5.128275,0.0006666667,0.1083332999999999,0.0,4.025,1.75,2.391667,1.691667,-1.823208,0.1861703,33
2023-01-15 00:27:00,0.1534349999999999,6.756001,235.8235,4.468566,13.30338,5.111895,0.0006666667,0.0999999899999999,0.0002,4.033333,1.775,2.366667,1.733333,-1.832804,0.1859503999999999,33
2023-01-15 00:28:00,0.1533748,6.767463,235.6554,4.59294,13.30339,5.096645,0.0013333329999999,0.1083332999999999,0.0001333333,4.208333,1.866667,2.508333,1.841667,-1.861591,0.1845516,33
2023-01-15 00:29:00,0.1538441999999999,6.809529,236.1454,4.631565,13.30339,5.081583,0.0006666667,0.0999999899999999,6.666667e-05,4.291667,1.916667,2.625,1.925,-1.775229,0.1857982,33
2023-01-15 00:30:00,0.1538031,6.794303,236.1778,4.51624,13.3034,5.066521,0.0006666667,0.0999999899999999,6.666667e-05,4.15,1.933333,2.558333,1.866667,-1.660079,0.1852772,33
2023-01-15 00:31:00,0.1537969999999999,6.799121,236.1852,4.381557,13.3034,5.05146,0.002,0.0999999899999999,0.0002,4.008333,1.866667,2.508333,1.841667,-1.6121,0.1862766999999999,33
2023-01-15 00:32:00,0.1538615999999999,6.820446,236.2313,4.377637,13.3034,5.044683,0.0,0.0999999899999999,0.0,4.075,1.875,2.5,1.775,-1.669675,0.1860662999999999,33
2023-01-15 00:33:00,0.1538103,6.795721,236.1889,4.417071,13.30249,5.031128,0.0006666667,0.0999999899999999,6.666667e-05,4.108333,1.875,2.516667,1.866667,-1.784825,0.1850306999999999,33
2023-01-15 00:34:00,0.1535849,6.802538,235.8461,4.424006,13.30341,5.012299,0.0006666667,0.0999999899999999,6.666667e-05,4.125,1.933333,2.541667,1.925,-1.8424,0.1861627999999999,33
2023-01-15 00:35:00,0.1535399,6.7812,235.7947,4.509035,13.30433,5.008533,0.003333333,0.0999999899999999,0.0002666667,4.15,2.008333,2.608333,2.075,-1.880783,0.1853663999999999,33
2023-01-15 00:36:00,0.1535013,6.775345,235.8664,4.764421,13.30342,4.993284,0.002,0.0999999899999999,0.0002666667,4.45,2.083333,2.675,2.216667,-1.823208,0.1860941,33
2023-01-15 00:37:00,0.1536602,6.785758,235.9906,4.788947,13.30434,4.986318,0.0013333329999999,0.0999999899999999,6.666667e-05,4.416667,2.141667,2.716666,2.316667,-1.794421,0.1852667,33
2023-01-15 00:38:00,0.1539202,6.827044,236.3471,4.909932,13.30388,4.965607,0.002,0.0999999899999999,0.0002666667,4.65,2.233333,2.825,2.433333,-1.746441,0.1864281,33
2023-01-15 00:39:00,0.1540729,6.833403,236.4709,5.048029,13.30525,4.965607,0.0006666667,0.1083332999999999,0.0,4.766667,2.341666,2.9,2.533333,-1.640887,0.1860878,33
2023-01-15 00:40:00,0.1539339999999999,6.841362,236.2882,5.219698,13.30709,4.965607,0.002,0.0999999899999999,0.0002666667,4.925,2.466667,3.05,2.725,-1.564121,0.1863136,33
2023-01-15 00:41:00,0.1536148,6.765833,235.7919,5.448745,13.3048,4.948663,0.002,0.0999999899999999,0.0002,5.191667,2.591667,3.208333,2.883333,-1.458567,0.1857318,33
2023-01-15 00:42:00,0.1535871,6.758302,235.7819,5.513987,13.30343,4.945274,0.002666667,0.0999999899999999,0.0002666667,5.166667,2.616667,3.191667,2.933333,-1.343417,0.1852639,33
2023-01-15 00:43:00,0.1535864999999999,6.750935,235.781,5.376012,13.30343,4.945274,0.0013333329999999,0.0999999899999999,0.0001333333,4.975,2.625,3.258333,2.875,-1.218671,0.1861839999999999,33
2023-01-15 00:44:00,0.1533926999999999,6.749048,235.5525,5.316666,13.30343,4.945274,0.004,0.0999999899999999,0.0003333333999999,4.883333,2.533333,3.141667,2.791666,-1.189883,0.1860694,33
2023-01-15 00:45:00,0.1533084999999999,6.755308,235.4391,5.406306,13.30343,4.943392,0.0013333329999999,0.1083332999999999,0.0002,5.1,2.575,3.166667,2.833333,-1.247458,0.1860072,33
2023-01-15 00:46:00,0.1532997,6.770446,235.5188,5.392084,13.30297,4.937744,0.002,0.1083332999999999,0.0002666667,5.05,2.5,3.083333,2.683333,-1.285842,0.185168,33
2023-01-15 00:47:00,0.1532829,6.769803,235.5789,5.439535,13.30343,4.935862,0.0013333329999999,0.125,0.0001333333,5.158333,2.508333,3.108333,2.725,-1.3818,0.1861114,33
2023-01-15 00:48:00,0.1538018999999999,6.795833,236.1227,5.308118,13.30343,4.924566,0.0013333329999999,0.1083332999999999,0.0002,4.908333,2.433333,3.025,2.641667,-1.372204,0.1856709,33
2023-01-15 00:49:00,0.1536629999999999,6.780438,236.0765,4.692318,13.30343,4.922684,0.0013333329999999,0.1416667,0.0002,4.0,2.316667,2.891667,2.466667,-1.439375,0.1856527,33
2023-01-15 00:50:00,0.1538841,6.82061,236.2812,4.252616,13.30343,4.922684,0.003333333,0.1499999999999999,0.0004666666999999,3.733333,2.225,2.825,2.35,-1.640887,0.1855487,33
2023-01-15 00:51:00,0.1535647,6.755676,235.7903,4.381557,13.30343,4.922684,0.0013333329999999,0.1333332999999999,0.0002,4.091667,2.175,2.758333,2.325,-1.823208,0.1850476,33
2023-01-15 00:52:00,0.1533506,6.743027,235.6226,4.837656,13.30343,4.922684,0.003333333,0.1666667,0.0004666666999999,4.716667,2.208333,2.816667,2.408333,-1.851996,0.1858718,33
2023-01-15 00:53:00,0.1533393,6.715954,235.3757,5.020136,13.30343,4.922684,0.0006666667,0.1833333,0.0001333333,4.808333,2.225,2.808333,2.383333,-1.804017,0.1858243,33
2023-01-15 00:54:00,0.1530508999999999,6.714321,234.9966,5.211134,13.30343,4.922684,0.002666667,0.1749999999999999,0.0004,4.975,2.291667,2.875,2.425,-1.746441,0.1855216,33
2023-01-15 00:55:00,0.1531656,6.732939,235.1111,5.293375,13.30297,4.922684,0.002666667,0.1916667,0.0005999999999999,5.033333,2.366667,2.966666,2.541667,-1.621696,0.1859581999999999,33
2023-01-15 00:56:00,0.1535807999999999,6.757174,235.6307,5.442098,13.30435,4.922684,0.002,0.1916667,0.0003333333999999,5.166667,2.533333,3.125,2.741667,-1.564121,0.1860369,33
2023-01-15 00:57:00,0.1535989,6.790507,235.7109,5.441383,13.30343,4.922684,0.002666667,0.2,0.0005333332999999,5.108333,2.625,3.166667,2.883333,-1.400992,0.1865023,33
2023-01-15 00:58:00,0.1536829999999999,6.800553,235.7338,5.328866,13.30343,4.920989,0.002666667,0.2,0.0005333332999999,4.883333,2.65,3.2,2.9,-1.314629,0.1861204999999999,33
2023-01-15 00:59:00,0.153596,6.779316,235.6407,5.171795,13.30343,4.922684,0.0006666667,0.2,0.0001333333,4.733334,2.716666,3.266666,3.008333,-1.257054,0.1861559,33
2023-01-15 01:00:00,0.153138,6.73723,235.2161,5.178948,13.30252,4.922684,0.002666667,0.2,0.0005333332999999,4.791667,2.841666,3.375,3.158333,-1.257054,0.1866399,33
2023-01-15 01:01:00,0.1531518,6.735259,235.0403,5.341282,13.30343,4.922684,0.002,0.2,0.0004,5.008333,2.958333,3.5,3.291667,-1.237862,0.1864831,33
2023-01-15 01:02:00,0.1530323,6.732964,234.9095,5.387761,13.30343,4.922684,0.002,0.2,0.0002666667,4.983333,3.033333,3.541667,3.358333,-1.209075,0.1851992,33
2023-01-15 01:03:00,0.1530807999999999,6.737183,235.0993,5.237596,13.30297,4.922684,0.0006666667,0.2,0.0002666667,4.808333,2.991667,3.516666,3.358333,-1.209075,0.1860450999999999,33
2023-01-15 01:04:00,0.1537717999999999,6.800291,235.883,5.230367,13.30343,4.928331,0.002,0.2,0.0004,4.833333,3.075,3.575,3.383333,-1.237862,0.1858929,33
2023-01-15 01:05:00,0.1539299,6.790438,235.9884,5.29977,13.30343,4.943392,0.0006666667,0.2,0.0001333333,4.908333,3.091666,3.575,3.416667,-1.257054,0.1870253,33
2023-01-15 01:06:00,0.1538725,6.806789,235.9858,5.201527,13.30343,4.945274,0.004666667,0.2,0.0008,4.733334,3.041667,3.516666,3.383333,-1.26665,0.1855652,33
2023-01-15 01:07:00,0.1535286999999999,6.773924,235.6308,5.162189,13.30343,4.945274,0.003333333,0.1916667,0.0006666667,4.7,3.041667,3.533333,3.375,-1.3818,0.1858477,33
2023-01-15 01:08:00,0.1534158999999999,6.762831,235.5306,5.400349,13.30252,4.963912,0.0006666667,0.2,0.0002666667,4.975,3.083333,3.6,3.45,-1.49695,0.1856305,33
2023-01-15 01:09:00,0.1533876999999999,6.797204,235.4846,5.66223,13.30343,4.965607,0.002666667,0.2,0.0005333332999999,5.325,3.2,3.708333,3.566667,-1.49695,0.1860557999999999,33
2023-01-15 01:10:00,0.1534247,6.760336,235.5429,5.640078,13.30343,4.965607,0.002666667,0.2,0.0005333332999999,5.216667,3.275,3.766666,3.625,-1.420183,0.1857754,33
2023-01-15 01:11:00,0.1537710999999999,6.812928,235.954,5.525648,13.30343,4.971255,0.002666667,0.2,0.0005333332999999,5.066667,3.316667,3.808333,3.666667,-1.3818,0.1862509,33
2023-01-15 01:12:00,0.1540087,6.838725,236.2007,5.511126,13.30343,4.988201,0.0,0.2,0.0,5.091667,3.333333,3.841666,3.708333,-1.324225,0.1864234999999999,33
2023-01-15 01:13:00,0.154035,6.79381,236.141,5.67934,13.30343,4.989895,0.003333333,0.2,0.0005333332999999,5.3,3.425,3.916667,3.766666,-1.372204,0.1862644,33
2023-01-15 01:14:00,0.1536791999999999,6.796644,235.7399,5.687239,13.30297,5.008533,0.0013333329999999,0.1916667,0.0004,5.233334,3.416667,3.916667,3.766666,-1.305033,0.1861637999999999,33
2023-01-15 01:15:00,0.1536343,6.800681,235.6701,5.551447,13.30206,5.008533,0.004,0.1749999999999999,0.0005999999999999,5.058333,3.391666,3.891666,3.733333,-1.353012,0.1862041999999999,33
2023-01-15 01:16:00,0.1535416,6.799978,235.6581,5.332992,13.30252,5.021714,0.002,0.1666667,0.0004666666999999,4.816667,3.275,3.766666,3.641667,-1.391396,0.1860267999999999,33
2023-01-15 01:17:00,0.1535253,6.814117,235.609,5.21368,13.30206,5.031128,0.003333333,0.1583333,0.0004,4.758334,3.216666,3.725,3.583333,-1.516142,0.1862528,33
2023-01-15 01:18:00,0.1537718999999999,6.796672,235.9868,5.383569,13.3016,5.042988,0.003333333,0.1166667,0.0004,5.083333,3.183333,3.691667,3.508333,-1.708058,0.1871520999999999,33
2023-01-15 01:19:00,0.1539604,6.83633,236.0055,5.437078,13.29977,5.05146,0.003333333,0.0999999899999999,0.0003333333999999,5.075,3.075,3.533333,3.375,-1.813612,0.1867949,33
2023-01-15 01:20:00,0.1539600999999999,6.831037,236.041,5.309807,13.29977,5.05146,0.002666667,0.0999999899999999,0.0003333333999999,4.841667,2.891666,3.433333,3.158333,-1.909571,0.1854920999999999,33
2023-01-15 01:21:00,0.1538783,6.812157,236.0042,5.119071,13.29885,5.070286,0.003333333,0.0999999899999999,0.0003333333999999,4.575,2.791667,3.325,3.041667,-2.005529,0.1862777999999999,33
2023-01-15 01:22:00,0.1539344,6.848688,236.1234,4.990486,13.29931,5.074051,0.002,0.0999999899999999,0.0002,4.458333,2.658333,3.175,2.816667,-2.101487,0.1868808,33
2023-01-15 01:23:00,0.1540765,6.840838,236.1791,4.987738,13.29931,5.083465,0.0,0.0999999899999999,0.0,4.575,2.575,3.116667,2.708333,-2.283808,0.1861993999999999,33
2023-01-15 01:24:00,0.1540806999999999,6.836763,236.3475,4.93366,13.3016,5.096645,0.0013333329999999,0.0999999899999999,0.0001333333,4.508333,2.516667,3.058333,2.633333,-2.341383,0.186817,33
2023-01-15 01:25:00,0.1541368999999999,6.839287,236.4442,4.928651,13.30023,5.096645,0.002666667,0.0999999899999999,0.0002666667,4.541667,2.458333,3.016666,2.591667,-2.293404,0.1864832999999999,33
2023-01-15 01:26:00,0.1542871,6.851587,236.5855,4.873547,13.29931,5.096645,0.004,0.0999999899999999,0.0004,4.483333,2.425,2.958333,2.55,-2.312596,0.1860247999999999,33
2023-01-15 01:27:00,0.1543914999999999,6.875009,236.7207,4.83765,13.3016,5.105117,0.003333333,0.0999999899999999,0.0002666667,4.425,2.4,2.925,2.5,-2.293404,0.1864069999999999,33
2023-01-15 01:28:00,0.1544434,6.870064,236.7416,4.841757,13.30252,5.108506,0.0013333329999999,0.0999999899999999,0.0002,4.458333,2.325,2.891666,2.45,-2.293404,0.1859069,33
2023-01-15 01:29:00,0.1543665999999999,6.867423,236.7214,4.795837,13.3016,5.116978,0.002666667,0.1083332999999999,0.0002,4.4,2.283333,2.85,2.391667,-2.293404,0.1865038,33
2023-01-15 01:30:00,0.1544994,6.888424,236.7847,4.733562,13.30252,5.116978,0.002666667,0.0999999899999999,0.0003333333999999,4.341667,2.225,2.75,2.275,-2.293404,0.1865185,33
2023-01-15 01:31:00,0.154447,6.854879,236.813,4.649802,13.30297,5.116978,0.0013333329999999,0.0999999899999999,0.0001333333,4.241667,2.191667,2.7,2.241667,-2.322191,0.1871499,33
2023-01-15 01:32:00,0.1543467,6.881087,236.7245,4.600399,13.30297,5.116978,0.002666667,0.0999999899999999,0.0002666667,4.191667,2.166667,2.683333,2.141667,-2.312596,0.1866756,33
2023-01-15 01:33:00,0.1544716999999999,6.864874,236.8781,4.609707,13.30343,5.116978,0.003333333,0.0999999899999999,0.0002666667,4.266667,2.116667,2.641667,2.108333,-2.303,0.1864126999999999,33
2023-01-15 01:34:00,0.1546927999999999,6.89676,237.1757,4.622595,13.30206,5.116978,0.003333333,0.0999999899999999,0.0004,4.283333,2.05,2.6,2.1,-2.341383,0.1869922,33
2023-01-15 01:35:00,0.1542148999999999,6.866148,236.5988,4.679872,13.30343,5.116978,0.002,0.0999999899999999,0.0001333333,4.375,2.083333,2.616667,2.083333,-2.331787,0.1855599,33
2023-01-15 01:36:00,0.1542105,6.84244,236.5628,4.674145,13.30343,5.116978,0.0013333329999999,0.0999999899999999,0.0002,4.325,2.016667,2.566667,2.041667,-2.293404,0.1863119,33
2023-01-15 01:37:00,0.1540651,6.86138,236.4562,4.657415,13.30206,5.115283,0.0013333329999999,0.0999999899999999,0.0001333333,4.325,2.033333,2.558333,2.05,-2.226233,0.1861254,33
2023-01-15 01:38:00,0.1540652,6.840378,236.4917,4.596931,13.30297,5.108506,0.002,0.0999999899999999,0.0001333333,4.258334,2.033333,2.566667,2.008333,-2.18785,0.1863918,33
2023-01-15 01:39:00,0.1542215,6.844213,236.6846,4.500561,13.30343,5.096645,0.004666667,0.0999999899999999,0.0004666666999999,4.125,2.016667,2.575,2.0,-2.197446,0.186537,33
2023-01-15 01:40:00,0.1545585999999999,6.870398,237.0308,4.438252,13.30343,5.096645,0.002666667,0.0999999899999999,0.0002666667,4.05,2.016667,2.558333,1.983333,-2.168658,0.1864794999999999,33
2023-01-15 01:41:00,0.1544644,6.839883,236.7379,4.339403,13.30297,5.096645,0.003333333,0.1083332999999999,0.0003333333999999,3.958333,1.983333,2.491667,1.866667,-2.18785,0.1860272,33
2023-01-15 01:42:00,0.1542625,6.845296,236.6607,4.424906,13.30297,5.094762,0.002,0.0999999899999999,0.0002,4.133333,2.033333,2.541667,1.908333,-2.207042,0.186445,33
2023-01-15 01:43:00,0.1541141,6.880301,236.6007,4.52208,13.30343,5.075934,0.002,0.0999999899999999,0.0002666667,4.275,2.033333,2.541667,1.975,-2.139871,0.187148,33
2023-01-15 01:44:00,0.1542013,6.848532,236.6328,4.574619,13.30343,5.074051,0.0013333329999999,0.0999999899999999,0.0001333333,4.316667,2.0,2.516667,1.983333,-2.120679,0.1866642,33
2023-01-15 01:45:00,0.1545793,6.887229,237.0597,4.754916,13.30343,5.064638,0.002666667,0.0999999899999999,0.0002666667,4.466667,2.1,2.641667,2.116667,-2.091892,0.1864498,33
2023-01-15 01:46:00,0.1547341999999999,6.901894,237.2023,5.034427,13.30343,5.05146,0.003333333,0.0999999899999999,0.0002666667,4.75,2.191667,2.758333,2.25,-2.043912,0.1861888999999999,33
2023-01-15 01:47:00,0.1547116,6.885315,237.1074,5.165344,13.30343,5.05146,0.002,0.0999999899999999,0.0002666667,4.85,2.183333,2.725,2.208333,-1.95755,0.1864503,33
2023-01-15 01:48:00,0.1546317,6.917422,237.0943,5.100965,13.30343,5.05146,0.003333333,0.0999999899999999,0.0003333333999999,4.675,2.133333,2.691667,2.191667,-1.8424,0.1863002,33
2023-01-15 01:49:00,0.1546162,6.889799,237.3298,5.023626,13.30343,5.046377,0.003333333,0.0999999899999999,0.0003333333999999,4.591667,2.15,2.675,2.166667,-1.8424,0.186538,33
2023-01-15 01:50:00,0.1546569999999999,6.876967,237.2347,4.982618,13.30343,5.031128,0.0013333329999999,0.1083332999999999,0.0001333333,4.591667,2.016667,2.591667,2.058333,-1.871187,0.1864053,33
2023-01-15 01:51:00,0.1545357,6.907709,237.2213,4.93897,13.30389,5.031128,0.002,0.0999999899999999,0.0002,4.55,2.016667,2.583333,2.008333,-1.95755,0.187152,33
2023-01-15 01:52:00,0.1543759,6.867015,236.9662,4.865788,13.30343,5.027362,0.002,0.125,0.0002666667,4.491666,2.016667,2.583333,2.066667,-1.95755,0.1870603999999999,33
2023-01-15 01:53:00,0.1542059,6.835454,236.7196,4.819681,13.30389,5.014182,0.0006666667,0.1583333,0.0001333333,4.491666,2.041667,2.616667,2.041667,-1.871187,0.1858596999999999,33
2023-01-15 01:54:00,0.154143,6.839188,236.6777,4.833354,13.30435,5.008533,0.003333333,0.1583333,0.0005999999999999,4.5,2.016667,2.591667,1.966667,-1.861591,0.1861216,33
2023-01-15 01:55:00,0.1543833,6.879125,236.8779,4.815462,13.30481,5.008533,0.003333333,0.1833333,0.0005999999999999,4.533333,1.975,2.55,1.925,-1.851996,0.1861694,33
2023-01-15 01:56:00,0.154764,6.917718,237.3183,4.805366,13.30481,5.00345,0.0006666667,0.1916667,6.666667e-05,4.55,1.95,2.508333,1.875,-1.880783,0.1868916999999999,33
2023-01-15 01:57:00,0.1546117999999999,6.913919,237.2924,4.782238,13.30756,4.988201,0.002666667,0.2,0.0004,4.508333,1.875,2.5,1.883333,-1.880783,0.1869869,33
2023-01-15 01:58:00,0.1546840999999999,6.943093,237.3353,4.789396,13.3071,4.988201,0.0013333329999999,0.2,0.0004,4.508333,1.841667,2.466667,1.825,-1.947954,0.1875501,33
2023-01-15 01:59:00,0.154777,6.912667,237.3639,4.724483,13.30801,4.971255,0.002666667,0.2,0.0005333332999999,4.4,1.875,2.475,1.85,-1.967146,0.1867059,33
2023-01-15 02:00:00,0.1547588,6.904295,237.4009,4.690197,13.30847,4.965607,0.0006666667,0.2,0.0001333333,4.4,1.908333,2.533333,1.883333,-1.880783,0.1864755999999999,33
2023-01-15 02:01:00,0.1546957999999999,6.931249,237.4468,4.678743,13.3071,4.965607,0.002,0.2,0.0004,4.4,1.908333,2.541667,1.85,-1.72725,0.1871761999999999,33
2023-01-15 02:02:00,0.1546732,6.884035,237.2601,4.647545,13.30893,4.953746,0.0013333329999999,0.2,0.0002666667,4.358333,1.875,2.55,1.85,-1.669675,0.1861424999999999,33
2023-01-15 02:03:00,0.1545952999999999,6.900334,237.0866,4.608281,13.30893,4.945274,0.002666667,0.2,0.0005333332999999,4.325,1.925,2.6,1.883333,-1.621696,0.1867777999999999,33
2023-01-15 02:04:00,0.1546252999999999,6.87831,237.1237,4.668423,13.30756,4.945274,0.0006666667,0.2,0.0001333333,4.483333,1.958333,2.625,1.908333,-1.544929,0.1863016,33
2023-01-15 02:05:00,0.1544376,6.872266,236.9882,4.683237,13.30893,4.926449,0.0006666667,0.2,0.0001333333,4.55,1.958333,2.65,1.925,-1.468162,0.1864424,33
2023-01-15 02:06:00,0.1544717999999999,6.863223,236.8354,4.709536,13.30893,4.922684,0.0,0.2,0.0,4.658333,1.975,2.566667,1.841667,-1.516142,0.1862316,33
2023-01-15 02:07:00,0.1544214999999999,6.89382,236.9474,4.762699,13.30893,4.919294,0.002,0.2,0.0004,4.666667,1.941667,2.525,1.85,-1.554525,0.1863961,33
2023-01-15 02:08:00,0.1543066999999999,6.880377,236.8344,4.952574,13.30801,4.902348,0.002666667,0.2,0.0005333332999999,4.841667,2.066667,2.675,1.966667,-1.592908,0.1860581,33
2023-01-15 02:09:00,0.1541767,6.846137,236.6401,5.094959,13.30847,4.902348,0.0013333329999999,0.2,0.0002666667,4.85,2.141667,2.725,2.116667,-1.592908,0.1868292,33
2023-01-15 02:10:00,0.1539967999999999,6.83952,236.3802,5.032265,13.30893,4.900465,0.002666667,0.2,0.0004,4.675,2.183333,2.766666,2.241667,-1.640887,0.1862306,33
2023-01-15 02:11:00,0.1540891,6.835171,236.291,4.935718,13.30618,4.879757,0.002666667,0.2,0.0006666667,4.591667,2.166667,2.775,2.241667,-1.621696,0.1852248,33
2023-01-15 02:12:00,0.1539308,6.824409,236.1389,4.87489,13.30893,4.879757,0.0006666667,0.2,0.0001333333,4.525,2.183333,2.783333,2.275,-1.621696,0.1857914,33
2023-01-15 02:13:00,0.1538511999999999,6.800739,236.114,4.815487,13.3071,4.879757,0.002666667,0.2,0.0005333332999999,4.5,2.158333,2.741667,2.183333,-1.621696,0.1858427,33
2023-01-15 02:14:00,0.1539005,6.801506,236.0619,4.750088,13.30893,4.878063,0.002,0.2,0.0004,4.433333,2.083333,2.733333,2.1,-1.679271,0.1864387999999999,33
2023-01-15 02:15:00,0.1540493,6.848393,236.1239,4.732046,13.30893,4.867897,0.0013333329999999,0.2,0.0002666667,4.441667,2.075,2.708333,2.125,-1.775229,0.1864288,33
2023-01-15 02:16:00,0.1543237,6.847466,236.5618,4.710686,13.30893,4.859425,0.0013333329999999,0.2,0.0002666667,4.466667,2.075,2.716666,2.116667,-1.784825,0.1864465999999999,33
2023-01-15 02:17:00,0.1543783,6.877877,236.7544,4.672028,13.30893,4.859425,0.0006666667,0.2,0.0001333333,4.425,2.116667,2.7,2.166667,-1.756037,0.186197,33
2023-01-15 02:18:00,0.1544801,6.877752,236.7847,4.681412,13.30847,4.853776,0.003333333,0.2,0.0005333332999999,4.55,2.141667,2.741667,2.166667,-1.698462,0.1863277,33
2023-01-15 02:19:00,0.1544648999999999,6.865812,236.8,4.643698,13.30893,4.83683,0.002666667,0.2,0.0005333332999999,4.466667,2.116667,2.725,2.133333,-1.698462,0.1866208,33
2023-01-15 02:20:00,0.1545301,6.847525,236.7872,4.613627,13.30893,4.83683,0.002666667,0.2,0.0005333332999999,4.458333,2.125,2.758333,2.141667,-1.688867,0.1864237,33
2023-01-15 02:21:00,0.1541515,6.852219,236.5294,4.58069,13.30939,4.83683,0.0013333329999999,0.2,0.0004,4.466667,2.125,2.725,2.083333,-1.660079,0.1863677,33
2023-01-15 02:22:00,0.1537878,6.840677,236.1746,4.582049,13.30893,4.831747,0.0013333329999999,0.2,0.0002666667,4.45,2.1,2.758333,2.1,-1.688867,0.1867153,33
2023-01-15 02:23:00,0.1536719,6.842461,236.1314,4.548175,13.31076,4.816498,0.002666667,0.2,0.0004,4.433333,2.158333,2.758333,2.1,-1.621696,0.1867090999999999,33
2023-01-15 02:24:00,0.1536672,6.822285,236.0538,4.518099,13.31168,4.816498,0.002666667,0.2,0.0005333332999999,4.458333,2.183333,2.75,2.083333,-1.564121,0.1869493,33
2023-01-15 02:25:00,0.153841,6.861797,236.3618,4.495339,13.31443,4.805202,0.002,0.2,0.0005333332999999,4.433333,2.166667,2.733333,2.025,-1.468162,0.1862762,33
2023-01-15 02:26:00,0.1541997,6.852258,236.8351,4.525573,13.31214,4.793907,0.002,0.2,0.0002666667,4.475,2.166667,2.775,2.058333,-1.468162,0.1863883,33
2023-01-15 02:27:00,0.1542148,6.854036,236.7612,4.525573,13.31397,4.793907,0.0013333329999999,0.2,0.0004,4.45,2.208333,2.816667,2.066667,-1.391396,0.1864080999999999,33
2023-01-15 02:28:00,0.1541805,6.881117,236.7137,4.553501,13.31397,4.793907,0.0006666667,0.2,0.0001333333,4.508333,2.2,2.775,2.1,-1.3818,0.1864684,33
2023-01-15 02:29:00,0.1541531999999999,6.869265,236.7119,4.529947,13.31443,4.788259,0.003333333,0.2,0.0005333332999999,4.391667,2.075,2.675,1.991667,-1.305033,0.1867992,33
2023-01-15 02:30:00,0.1540802,6.875803,236.6402,4.40556,13.31443,4.771313,0.002666667,0.2,0.0005333332999999,4.141667,2.008333,2.608333,1.866667,-1.333821,0.1863773,33
2023-01-15 02:31:00,0.1543009999999999,6.876864,236.7223,4.247957,13.31443,4.771313,0.003333333,0.2,0.0008,3.8,1.908333,2.508333,1.783333,-1.400992,0.1865363999999999,33
2023-01-15 02:32:00,0.1543083,6.891161,236.7754,4.119808,13.31443,4.762841,0.002,0.2,0.0004,3.475,1.75,2.366667,1.583333,-1.6121,0.1868412,33
2023-01-15 02:33:00,0.1542948,6.860537,236.7782,3.91153,13.31397,4.75098,0.002,0.2,0.0004,3.183333,1.658333,2.258333,1.458333,-1.871187,0.1867819,33
2023-01-15 02:34:00,0.1542371999999999,6.863928,236.8003,3.772431,13.31397,4.75098,0.0013333329999999,0.2,0.0002666667,3.025,1.508333,2.141667,1.275,-2.149467,0.1870139,33
2023-01-15 02:35:00,0.1542946,6.875547,236.7687,3.651725,13.31443,4.732152,0.0013333329999999,0.2,0.0002666667,2.916667,1.441667,2.016667,1.158333,-2.322191,0.1868995,33
2023-01-15 02:36:00,0.1542775,6.857547,236.8185,3.501462,13.31443,4.71822,0.002,0.2,0.0004,2.833333,1.316667,1.891667,1.025,-2.504512,0.1867437999999999,33
2023-01-15 02:37:00,0.1541123,6.860668,236.6696,3.370725,13.31443,4.708054,0.002666667,0.2,0.0005333332999999,2.858333,1.266667,1.816667,0.9333333,-2.571683,0.1866914,33
2023-01-15 02:38:00,0.1540299,6.861784,236.7018,3.251823,13.31443,4.691111,0.002666667,0.2,0.0005333332999999,2.85,1.2,1.741667,0.875,-2.638854,0.1863948,33
2023-01-15 02:39:00,0.1541066,6.878389,236.5599,3.136179,13.31443,4.675295,0.002666667,0.2,0.0004,2.933333,1.2,1.7,0.8,-2.734812,0.1869045,33
2023-01-15 02:40:00,0.1540586999999999,6.867277,236.5633,3.066392,13.31672,4.66155,0.002,0.2,0.0005333332999999,2.991667,1.233333,1.675,0.7749998999999999,-2.734812,0.1863383999999999,33
2023-01-15 02:41:00,0.1540957,6.853711,236.5905,3.119552,13.31672,4.622204,0.002,0.2,0.0004,3.15,1.316667,1.741667,0.8166666999999999,-2.590875,0.1869761,33
2023-01-15 02:42:00,0.1541308,6.836674,236.5671,3.154786,13.31855,4.601492,0.003333333,0.2,0.0005333332999999,3.166667,1.358333,1.725,0.7833333,-2.360575,0.1856216,33
2023-01-15 02:43:00,0.1540854,6.851363,236.5978,3.253707,13.31947,4.587749,0.002666667,0.2,0.0006666667,3.308333,1.375,1.758333,0.8166666999999999,-2.216637,0.1871818,33
2023-01-15 02:44:00,0.1541516,6.864565,236.63,3.450621,13.31992,4.56798,0.0006666667,0.2,0.0001333333,3.566667,1.391667,1.841667,0.8833334,-2.101487,0.1871705999999999,33
2023-01-15 02:45:00,0.1540609,6.854467,236.6595,3.807463,13.31992,4.553294,0.0013333329999999,0.2,0.0001333333,3.991667,1.525,1.941667,1.05,-2.034317,0.1870176,33
2023-01-15 02:46:00,0.1541737,6.890731,236.8272,3.98409,13.31992,4.53635,0.002,0.2,0.0005333332999999,3.941667,1.6,2.016667,1.191667,-1.909571,0.1864074,33
2023-01-15 02:47:00,0.1544346,6.886927,236.9575,4.120596,13.31992,4.51376,0.002666667,0.2,0.0005333332999999,4.125,1.708333,2.166667,1.4,-1.823208,0.1866040999999999,33
2023-01-15 02:48:00,0.1543798999999999,6.878637,236.9979,4.26429,13.31992,4.506981,0.0006666667,0.2,0.0001333333,4.233333,1.758333,2.275,1.55,-1.717654,0.1870225,33
2023-01-15 02:49:00,0.1542938,6.875583,236.9444,4.538674,13.31992,4.493423,0.0,0.2,0.0,4.566667,1.825,2.3,1.683333,-1.698462,0.1861189,33
2023-01-15 02:50:00,0.1543469,6.8543,236.8841,4.720605,13.31992,4.472715,0.0013333329999999,0.2,0.0002666667,4.633333,1.875,2.366667,1.816667,-1.525737,0.1876199,33
2023-01-15 02:51:00,0.1541422,6.844991,236.7186,4.667178,13.31992,4.470833,0.0006666667,0.2,0.0001333333,4.3,1.9,2.408333,1.891667,-1.400992,0.1873240999999999,33
2023-01-15 02:52:00,0.1536144,6.817178,236.0464,4.567706,13.31992,4.457278,0.002,0.2,0.0004,4.166667,1.941667,2.466667,1.975,-1.3818,0.1864426,33
2023-01-15 02:53:00,0.1535329,6.842072,236.0982,4.726315,13.31992,4.4505,0.002666667,0.2,0.0005333332999999,4.4,1.975,2.5,2.083333,-1.410587,0.1874358,33
2023-01-15 02:54:00,0.1535673999999999,6.808012,236.0615,4.758327,13.31992,4.431672,0.002666667,0.2,0.0005333332999999,4.4,2.0,2.5,2.125,-1.458567,0.1864422,33
2023-01-15 02:55:00,0.1536415999999999,6.838499,236.1713,4.826856,13.31992,4.427906,0.003333333,0.2,0.0006666667,4.5,2.041667,2.566667,2.233333,-1.420183,0.1861806,33
2023-01-15 02:56:00,0.1539831,6.868968,236.4786,4.962112,13.32038,4.427906,0.0013333329999999,0.2,0.0001333333,4.708333,2.05,2.608333,2.258333,-1.487354,0.1867941999999999,33
2023-01-15 02:57:00,0.1542175,6.893078,236.9157,4.910522,13.31992,4.422823,0.002,0.2,0.0004,4.55,2.033333,2.575,2.266667,-1.429779,0.1873035,33
2023-01-15 02:58:00,0.1542897,6.896086,237.0302,4.923909,13.31855,4.407574,0.002,0.2,0.0004,4.691667,2.075,2.625,2.283333,-1.468162,0.1874123,33
2023-01-15 02:59:00,0.1543800999999999,6.883682,237.0079,5.041974,13.31992,4.407574,0.0013333329999999,0.2,0.0004,4.916667,2.075,2.608333,2.275,-1.439375,0.1872501,33
2023-01-15 03:00:00,0.1541783999999999,6.899356,236.8274,4.970423,13.31992,4.407574,0.002666667,0.2,0.0004,4.65,2.033333,2.533333,2.2,-1.477758,0.1868892,33
2023-01-15 03:01:00,0.1537996,6.820838,236.3137,4.841506,13.31992,4.39816,0.002666667,0.2,0.0006666667,4.358333,1.9,2.458333,2.075,-1.544929,0.1869340999999999,33
2023-01-15 03:02:00,0.1536698,6.852215,236.2073,4.670853,13.31992,4.384979,0.0006666667,0.2,0.0001333333,4.133333,1.816667,2.333333,1.966667,-1.736846,0.1874588,33
2023-01-15 03:03:00,0.1537466,6.831838,236.2522,4.421644,13.31992,4.384979,0.0,0.2,0.0,3.6,1.691667,2.216667,1.8,-1.890379,0.1865967,33
2023-01-15 03:04:00,0.1537781,6.825006,236.1716,4.197411,13.31992,4.384979,0.002666667,0.2,0.0005333332999999,3.566667,1.666667,2.183333,1.75,-2.101487,0.1865491,33
2023-01-15 03:05:00,0.1537331,6.813154,236.1166,3.924652,13.31992,4.373119,0.002,0.2,0.0004,3.216666,1.641667,2.166667,1.716667,-2.245425,0.1865565999999999,33
2023-01-15 03:06:00,0.1540122999999999,6.867426,236.606,3.819382,13.31992,4.364647,0.002,0.2,0.0004,3.408333,1.625,2.158333,1.7,-2.341383,0.1869135,33
2023-01-15 03:07:00,0.1543093,6.891441,236.947,3.798486,13.32038,4.355234,0.002,0.2,0.0004,3.491667,1.666667,2.191667,1.691667,-2.274212,0.1867557,33
2023-01-15 03:08:00,0.1542719999999999,6.898148,236.8583,3.71143,13.3213,4.342056,0.0013333329999999,0.2,0.0002666667,3.416667,1.691667,2.208333,1.741667,-2.216637,0.1870617,33
2023-01-15 03:09:00,0.1542015999999999,6.891083,236.8944,3.666963,13.3213,4.342056,0.002,0.2,0.0004,3.341666,1.65,2.158333,1.716667,-2.178254,0.1870242,33
2023-01-15 03:10:00,0.1538124999999999,6.850073,236.4461,3.730724,13.32267,4.336972,0.002666667,0.2,0.0004,3.441667,1.658333,2.191667,1.775,-2.139871,0.1870480999999999,33
2023-01-15 03:11:00,0.153901,6.859017,236.345,3.724063,13.32267,4.32172,0.0013333329999999,0.2,0.0004,3.391667,1.7,2.191667,1.775,-2.0727,0.1864339,33
2023-01-15 03:12:00,0.1536024,6.813354,236.0665,3.764939,13.32542,4.32172,0.0006666667,0.2,0.0001333333,3.458333,1.683333,2.233333,1.841667,-2.053508,0.1866481999999999,33
2023-01-15 03:13:00,0.1536714,6.831364,236.1025,4.001519,13.32542,4.30666,0.003333333,0.2,0.0005333332999999,3.791667,1.775,2.3,1.916667,-1.967146,0.1865148,33
2023-01-15 03:14:00,0.1541743999999999,6.875042,236.6258,4.143785,13.3245,4.299129,0.003333333,0.2,0.0008,3.858333,1.75,2.316667,1.925,-1.880783,0.1868585,33
2023-01-15 03:15:00,0.1541477,6.893999,236.6896,4.096486,13.32405,4.299129,0.0006666667,0.2,0.0001333333,3.733333,1.708333,2.291667,1.916667,-1.784825,0.1872056,33
2023-01-15 03:16:00,0.1541519,6.860142,236.7101,4.119613,13.32542,4.295741,0.0006666667,0.2,0.0001333333,3.791666,1.708333,2.3,1.883333,-1.813612,0.1869478,33
2023-01-15 03:17:00,0.1536733999999999,6.838249,236.1758,4.11413,13.32542,4.278797,0.0013333329999999,0.2,0.0002666667,3.775,1.675,2.25,1.808333,-1.756037,0.1869577,33
2023-01-15 03:18:00,0.1535309,6.803436,236.0336,4.036726,13.32542,4.278797,0.004,0.2,0.0008,3.633333,1.65,2.233333,1.833333,-1.813612,0.1864426,33
2023-01-15 03:19:00,0.1535136,6.825061,235.9846,4.041109,13.32542,4.273149,0.0013333329999999,0.2,0.0001333333,3.675,1.7,2.3,1.875,-1.8424,0.18628,33
2023-01-15 03:20:00,0.1535235,6.808456,236.0329,4.089379,13.32542,4.256203,0.0013333329999999,0.2,0.0002666667,3.766666,1.716667,2.275,1.933333,-1.832804,0.1869866,33
2023-01-15 03:21:00,0.1540074999999999,6.869301,236.6369,4.107296,13.32542,4.256203,0.0013333329999999,0.2,0.0004,3.825,1.725,2.291667,1.925,-1.804017,0.1871281999999999,33
2023-01-15 03:22:00,0.1542048,6.89781,236.9618,4.022723,13.32542,4.256203,0.003333333,0.2,0.0006666667,3.683333,1.675,2.283333,1.866667,-1.708058,0.1872428999999999,33
2023-01-15 03:23:00,0.1540899,6.89081,236.7594,3.980169,13.32542,4.254508,0.0006666667,0.2,0.0001333333,3.666667,1.591667,2.175,1.758333,-1.708058,0.1874673,33
2023-01-15 03:24:00,0.1538375999999999,6.851571,236.3098,3.925222,13.3245,4.237565,0.0013333329999999,0.2,0.0002666667,3.625,1.575,2.125,1.691667,-1.708058,0.1870576999999999,33
2023-01-15 03:25:00,0.1537203,6.849782,236.3479,3.878359,13.32542,4.23587,0.0013333329999999,0.2,0.0001333333,3.625,1.525,2.091667,1.575,-1.717654,0.1877327,33
2023-01-15 03:26:00,0.1536521,6.823319,236.2857,3.854249,13.32542,4.233988,0.002666667,0.2,0.0006666667,3.608333,1.483333,2.05,1.516667,-1.765633,0.1865824,33
2023-01-15 03:27:00,0.1537616,6.85068,236.3292,3.831558,13.32542,4.217045,0.002666667,0.2,0.0004,3.633333,1.425,2.0,1.441667,-1.823208,0.1869918999999999,33
2023-01-15 03:28:00,0.1537775999999999,6.847097,236.3682,3.82277,13.32542,4.21328,0.0013333329999999,0.2,0.0004,3.491667,1.391667,2.0,1.416667,-1.928762,0.1867321,33
2023-01-15 03:29:00,0.1537177999999999,6.857665,236.41,3.772176,13.3245,4.201417,0.003333333,0.2,0.0006666667,3.391666,1.375,1.991667,1.375,-2.005529,0.1878549999999999,33
2023-01-15 03:30:00,0.1541778,6.883781,237.0129,3.748636,13.32542,4.192944,0.0013333329999999,0.2,0.0002666667,3.3,1.408333,2.041667,1.416667,-2.005529,0.1876379,33
2023-01-15 03:31:00,0.1543737,6.925707,237.1564,3.780189,13.32565,4.192944,0.0013333329999999,0.2,0.0002666667,3.375,1.458333,2.083333,1.433333,-2.053508,0.1878947,33
2023-01-15 03:32:00,0.1541618999999999,6.907672,237.0906,3.844262,13.32404,4.176001,0.0013333329999999,0.2333332999999999,0.0003333333999999,3.55,1.425,2.075,1.508333,-2.015125,0.1877431,33
2023-01-15 03:33:00,0.1540185,6.874815,236.7384,3.875178,13.32581,4.170353,0.002666667,0.2999999999999999,0.0005999999999999,3.525,1.416667,2.058333,1.45,-1.880783,0.187095,33
2023-01-15 03:34:00,0.1537853999999999,6.843385,236.3749,3.713827,13.32578,4.170353,0.0013333329999999,0.2999999999999999,0.0005999999999999,3.15,1.466667,2.091667,1.441667,-1.813612,0.1869826,33
2023-01-15 03:35:00,0.1536083,6.85092,236.277,3.475013,13.32571,4.156798,0.002666667,0.2999999999999999,0.0005999999999999,2.958333,1.533333,2.166667,1.541667,-1.717654,0.186695,33
2023-01-15 03:36:00,0.1536283,6.867915,236.3284,3.275182,13.32478,4.150021,0.002,0.2999999999999999,0.0008,2.833333,1.458333,2.083333,1.5,-1.717654,0.1875593,33
2023-01-15 03:37:00,0.1539906,6.883003,236.7869,3.116969,13.32794,4.13684,0.002,0.2999999999999999,0.0005999999999999,2.758333,1.483333,2.1,1.5,-1.756037,0.1869193,33
2023-01-15 03:38:00,0.1541579999999999,6.886823,237.0584,3.085997,13.32883,4.127426,0.002666667,0.2999999999999999,0.0008,2.916667,1.491667,2.108333,1.558333,-1.784825,0.1871707,33
2023-01-15 03:39:00,0.1542174,6.898515,237.0392,3.235253,13.32836,4.122343,0.004,0.2999999999999999,0.0011999999999999,3.183333,1.566667,2.158333,1.641667,-1.756037,0.1877159999999999,33
2023-01-15 03:40:00,0.1540150999999999,6.891457,236.8663,3.455379,13.32878,4.107094,0.0006666667,0.2999999999999999,0.0002,3.375,1.641667,2.266667,1.775,-1.640887,0.1868558999999999,33
2023-01-15 03:41:00,0.1536695999999999,6.860653,236.4884,3.575814,13.33015,4.09768,0.002,0.2999999999999999,0.0004,3.45,1.725,2.358333,1.866667,-1.468162,0.1870092999999999,33
2023-01-15 03:42:00,0.1536994,6.844045,236.4251,3.698912,13.33104,4.084499,0.002,0.2999999999999999,0.0008,3.6,1.8,2.366667,1.941667,-1.333821,0.1869546,33
2023-01-15 03:43:00,0.1537172,6.843364,236.4196,3.77493,13.33103,4.084499,0.0013333329999999,0.2999999999999999,0.0004,3.683333,1.866667,2.35,1.966667,-1.218671,0.1867871,33
2023-01-15 03:44:00,0.1537765,6.878205,236.507,3.902753,13.33102,4.08111,0.002666667,0.2999999999999999,0.0005999999999999,3.716666,1.941667,2.508333,2.15,-1.074733,0.1873324,33
2023-01-15 03:45:00,0.1543299999999999,6.897618,237.0878,4.10731,13.32963,4.064167,0.002,0.2999999999999999,0.0008,3.891667,2.066667,2.583333,2.291667,-1.026754,0.1871285,33
2023-01-15 03:46:00,0.1543084,6.889912,237.1225,4.13956,13.331,4.064167,0.003333333,0.2999999999999999,0.001,3.858333,2.108333,2.616667,2.35,-0.9403916,0.18686,33
2023-01-15 03:47:00,0.1541245,6.895558,237.0166,4.398921,13.33052,4.064167,0.0013333329999999,0.2999999999999999,0.0004,4.083333,2.258333,2.75,2.541667,-0.9020083,0.1876097999999999,33
2023-01-15 03:48:00,0.1539171,6.86795,236.5704,4.671764,13.33098,4.064167,0.0006666667,0.2999999999999999,0.0002,4.416667,2.425,2.925,2.741667,-0.8924123999999999,0.1862111999999999,33
2023-01-15 03:49:00,0.1537717,6.843702,236.3931,4.863613,13.33051,4.064167,0.004,0.2999999999999999,0.0011999999999999,4.541667,2.583333,3.091666,2.866667,-0.7772624,0.1866603,33
2023-01-15 03:50:00,0.1537968999999999,6.844715,236.4335,4.859321,13.32822,4.064167,0.003333333,0.2999999999999999,0.001,4.425,2.583333,3.125,2.891667,-0.6908999,0.1868128,33
2023-01-15 03:51:00,0.1540161999999999,6.873987,236.619,4.827831,13.3273,4.064167,0.0013333329999999,0.2999999999999999,0.0004,4.408333,2.658333,3.175,2.975,-0.7196875,0.1871848999999999,33
2023-01-15 03:52:00,0.1542721,6.927157,237.0997,4.852884,13.32546,4.064167,0.002,0.2999999999999999,0.0005999999999999,4.5,2.716666,3.25,3.016666,-0.7004958,0.1875854,33
2023-01-15 03:53:00,0.1541621,6.897732,236.8796,4.746949,13.32545,4.064167,0.0013333329999999,0.2999999999999999,0.0004,4.375,2.725,3.275,3.016666,-0.7484749,0.1878986,33
2023-01-15 03:54:00,0.1537997,6.86539,236.3838,4.644574,13.32545,4.064167,0.0006666667,0.2999999999999999,0.0002,4.241667,2.691667,3.191667,2.966666,-0.8156457999999999,0.1870837999999999,33
2023-01-15 03:55:00,0.153702,6.838806,236.2571,4.517111,13.32545,4.064167,0.0006666667,0.2999999999999999,0.0002,4.075,2.566667,3.075,2.816667,-0.9403916,0.1875277999999999,33
2023-01-15 03:56:00,0.1536959,6.854756,236.2078,4.363051,13.32544,4.077722,0.003333333,0.2999999999999999,0.001,3.95,2.541667,3.058333,2.766666,-1.170692,0.1869147999999999,33
2023-01-15 03:57:00,0.153821,6.865908,236.4327,4.170638,13.32544,4.084499,0.004666667,0.2833333,0.001066667,3.8,2.491667,3.008333,2.708333,-1.305033,0.1876174999999999,33
2023-01-15 03:58:00,0.1540251,6.900854,236.7148,3.963495,13.32544,4.084499,0.004,0.2666666999999999,0.001066667,3.616667,2.391667,2.925,2.641667,-1.468162,0.1876534,33
2023-01-15 03:59:00,0.1539741,6.872076,236.635,3.843042,13.32498,4.084499,0.002666667,0.2166666999999999,0.0006666667,3.541667,2.358333,2.866667,2.533333,-1.640887,0.187222,33
2023-01-15 04:00:00,0.1539783,6.873397,236.506,3.844474,13.32544,4.084499,0.002,0.2083333,0.0005333332999999,3.575,2.375,2.833333,2.558333,-1.775229,0.1874527,33
2023-01-15 04:01:00,0.1534701,6.822662,236.0324,3.92478,13.32544,4.084499,0.0006666667,0.2083333,0.0001333333,3.683333,2.341666,2.825,2.516667,-1.823208,0.1871254,33
2023-01-15 04:02:00,0.1534813999999999,6.829294,235.903,3.789986,13.32543,4.099562,0.002666667,0.2083333,0.0004,3.516666,2.316667,2.783333,2.475,-1.784825,0.1871575,33
2023-01-15 04:03:00,0.1534977999999999,6.813679,235.9765,3.823337,13.32543,4.107094,0.0,0.2083333,0.0001333333,3.558333,2.366667,2.841666,2.533333,-1.775229,0.1864492,33
2023-01-15 04:04:00,0.1536107999999999,6.8258,236.0694,3.832659,13.32543,4.107094,0.0006666667,0.2,0.0001333333,3.6,2.408333,2.891667,2.65,-1.688867,0.1873129,33
2023-01-15 04:05:00,0.1540965,6.9041,236.7868,3.905796,13.32543,4.107094,0.003333333,0.2,0.0005333332999999,3.683333,2.491667,2.958333,2.725,-1.621696,0.1873864,33
2023-01-15 04:06:00,0.1542859,6.899519,236.8695,3.846219,13.32543,4.120649,0.002666667,0.2,0.0006666667,3.558333,2.466667,2.916667,2.691667,-1.525737,0.1869663,33
2023-01-15 04:07:00,0.1540902,6.87635,236.8182,3.92685,13.32452,4.127426,0.0013333329999999,0.2,0.0002666667,3.691667,2.525,2.95,2.75,-1.506546,0.1871973,33
2023-01-15 04:08:00,0.1537812,6.862848,236.4164,4.038687,13.32543,4.127426,0.0013333329999999,0.2,0.0001333333,3.808333,2.566667,3.025,2.808333,-1.420183,0.1870215,33
2023-01-15 04:09:00,0.1537071,6.852742,236.3408,4.124699,13.32543,4.127426,0.003333333,0.2,0.0008,3.891667,2.691667,3.116667,2.9,-1.362608,0.1872014999999999,33
2023-01-15 04:10:00,0.1536723,6.844635,236.2695,4.014311,13.32543,4.127426,0.004666667,0.2,0.0008,3.733333,2.708333,3.133333,2.9,-1.276246,0.1872926,33
2023-01-15 04:11:00,0.1535502,6.857943,236.1664,3.814819,13.32268,4.138723,0.002,0.2,0.0005333332999999,3.508333,2.625,3.033333,2.8,-1.285842,0.1874236,33
2023-01-15 04:12:00,0.1535091,6.858447,236.1671,3.749656,13.32451,4.148138,0.003333333,0.2,0.0005333332999999,3.491667,2.575,3.0,2.741667,-1.333821,0.1871512999999999,33
2023-01-15 04:13:00,0.1534456999999999,6.849612,236.1378,3.768035,13.32543,4.150021,0.0013333329999999,0.2,0.0004,3.525,2.483333,2.925,2.675,-1.458567,0.1871405999999999,33
2023-01-15 04:14:00,0.1538465,6.881386,236.5642,3.706352,13.32543,4.150021,0.002,0.2,0.0004,3.416667,2.358333,2.783333,2.5,-1.506546,0.1877886,33
2023-01-15 04:15:00,0.1540092,6.891006,236.8129,3.639186,13.32543,4.151715,0.0013333329999999,0.2,0.0001333333,3.391667,2.233333,2.683333,2.35,-1.621696,0.18765,33
2023-01-15 04:16:00,0.1540339,6.872162,236.8132,3.596602,13.32497,4.168659,0.003333333,0.2,0.0008,3.358333,2.125,2.55,2.166667,-1.756037,0.1871300999999999,33
2023-01-15 04:17:00,0.1536254,6.838819,236.246,3.545924,13.32543,4.170353,0.002666667,0.2,0.0005333332999999,3.291666,2.025,2.491667,2.05,-1.832804,0.1867292,33
2023-01-15 04:18:00,0.153646,6.867586,236.2995,3.493545,13.32543,4.170353,0.002666667,0.2,0.0005333332999999,3.241667,1.883333,2.341666,1.891667,-1.995933,0.1879096,33
2023-01-15 04:19:00,0.1536252999999999,6.850787,236.2314,3.556684,13.32451,4.170353,0.0006666667,0.2,0.0001333333,3.383333,1.858333,2.333333,1.825,-2.120679,0.187398,33
2023-01-15 04:20:00,0.1536506,6.85955,236.2204,3.636316,13.32588,4.170353,0.003333333,0.2,0.0005333332999999,3.525,1.841667,2.341666,1.816667,-2.149467,0.1876334,33
2023-01-15 04:21:00,0.1535931,6.840271,236.2725,3.642967,13.32586,4.166964,0.0013333329999999,0.2,0.0004,3.491667,1.741667,2.3,1.716667,-2.082296,0.1869392,33
2023-01-15 04:22:00,0.1537409999999999,6.848509,236.3782,3.612638,13.32579,4.151715,0.002666667,0.2,0.0005333332999999,3.425,1.725,2.275,1.666667,-2.024721,0.187139,33
2023-01-15 04:23:00,0.1536879999999999,6.89149,236.4533,3.659005,13.32575,4.150021,0.002666667,0.2,0.0005333332999999,3.433333,1.775,2.275,1.716667,-2.034317,0.1882494999999999,33
2023-01-15 04:24:00,0.1536598999999999,6.87036,236.4537,3.657568,13.32571,4.150021,0.002,0.2,0.0004,3.391666,1.775,2.283333,1.791667,-1.95755,0.187446,33
2023-01-15 04:25:00,0.1537688999999999,6.864442,236.5047,3.763726,13.32659,4.150021,0.0006666667,0.2,0.0001333333,3.475,1.783333,2.275,1.816667,-1.871187,0.1872139999999999,33
2023-01-15 04:26:00,0.1537690999999999,6.88308,236.5006,3.868425,13.32611,4.150021,0.002666667,0.2,0.0005333332999999,3.591666,1.891667,2.366667,1.916667,-1.794421,0.1878161999999999,33
2023-01-15 04:27:00,0.153732,6.89601,236.4355,3.951685,13.32836,4.144372,0.0013333329999999,0.2,0.0002666667,3.683333,1.9,2.391667,1.933333,-1.688867,0.1881402,33
2023-01-15 04:28:00,0.1541298999999999,6.946576,236.9214,3.907583,13.32697,4.13684,0.003333333,0.2083333,0.0005333332999999,3.641667,1.825,2.341666,1.858333,-1.554525,0.1886434999999999,33
2023-01-15 04:29:00,0.1543388,6.907852,236.9655,3.78558,13.32832,4.127426,0.0006666667,0.2583332999999999,0.0004,3.441667,1.775,2.316667,1.791667,-1.506546,0.1874675,33
2023-01-15 04:30:00,0.1542751,6.910454,236.9487,3.720314,13.32968,4.127426,0.0013333329999999,0.2999999999999999,0.0004,3.425,1.783333,2.35,1.783333,-1.544929,0.1874359999999999,33
2023-01-15 04:31:00,0.154237,6.914347,236.937,3.761913,13.32967,4.127426,0.0,0.2999999999999999,0.0,3.558333,1.808333,2.3,1.75,-1.525737,0.1876361,33
2023-01-15 04:32:00,0.1541603,6.923208,236.9281,3.719596,13.32911,4.127426,0.0013333329999999,0.2999999999999999,0.0002,3.516666,1.766667,2.325,1.75,-1.535333,0.1881403,33
2023-01-15 04:33:00,0.1542457,6.95497,236.9921,3.639257,13.33146,4.127426,0.002,0.2999999999999999,0.0008,3.391667,1.775,2.391667,1.758333,-1.516142,0.1887573999999999,33
2023-01-15 04:34:00,0.1542845999999999,6.951426,237.1925,3.603843,13.33044,4.125732,0.0013333329999999,0.2999999999999999,0.0004,3.391666,1.775,2.391667,1.708333,-1.468162,0.1884782,33
2023-01-15 04:35:00,0.1542950999999999,6.947386,237.2275,3.628494,13.33087,4.108788,0.003333333,0.2999999999999999,0.001,3.5,1.816667,2.458333,1.733333,-1.429779,0.1883294,33
2023-01-15 04:36:00,0.1542408,6.940137,237.1748,3.562227,13.33081,4.107094,0.0013333329999999,0.2999999999999999,0.0004,3.408333,1.808333,2.408333,1.7,-1.285842,0.1881038999999999,33
2023-01-15 04:37:00,0.1542831,6.933168,237.2717,3.321101,13.32939,4.107094,0.006,0.2999999999999999,0.0016,2.958333,1.741667,2.283333,1.616667,-1.218671,0.1879627,33
2023-01-15 04:38:00,0.1542188999999999,6.918542,237.1264,3.067482,13.33028,4.103328,0.002666667,0.2999999999999999,0.001,2.65,1.675,2.233333,1.525,-1.333821,0.1877628,33
2023-01-15 04:39:00,0.1541665,6.906106,237.0614,2.844632,13.33115,4.084499,0.0013333329999999,0.2999999999999999,0.0002,2.433333,1.591667,2.158333,1.408333,-1.420183,0.1875955,33
2023-01-15 04:40:00,0.1541565,6.911606,237.0318,2.739017,13.33114,4.084499,0.0013333329999999,0.2999999999999999,0.0005999999999999,2.525,1.616667,2.141667,1.4,-1.573717,0.1875298,33
2023-01-15 04:41:00,0.1542125,6.9072,237.016,2.7074,13.32973,4.084499,0.004,0.2999999999999999,0.0011999999999999,2.583333,1.616667,2.1,1.408333,-1.650483,0.1873911,33
2023-01-15 04:42:00,0.1543094,6.893809,237.077,2.687082,13.32971,4.06925,0.0013333329999999,0.2999999999999999,0.0002,2.575,1.541667,2.058333,1.3,-1.688867,0.1870537999999999,33
2023-01-15 04:43:00,0.1544044,6.92864,237.1967,2.679829,13.33061,4.064167,0.002,0.2999999999999999,0.0005999999999999,2.583333,1.525,2.041667,1.308333,-1.592908,0.1877164,33
2023-01-15 04:44:00,0.1548151,6.952411,237.6951,2.733177,13.33105,4.052872,0.002666667,0.2999999999999999,0.001,2.675,1.525,2.041667,1.316667,-1.6121,0.1874359999999999,33
2023-01-15 04:45:00,0.1549320999999999,6.965819,237.8715,2.813105,13.33104,4.041576,0.002,0.2999999999999999,0.0005999999999999,2.716666,1.541667,2.083333,1.316667,-1.49695,0.1875785,33
2023-01-15 04:46:00,0.1545572,6.942128,237.5111,2.901661,13.33101,4.038187,0.004,0.2999999999999999,0.001,2.8,1.6,2.108333,1.391667,-1.448971,0.1877071999999999,33
2023-01-15 04:47:00,0.1544137999999999,6.952824,237.2714,2.927779,13.33101,4.02124,0.0013333329999999,0.2999999999999999,0.0005999999999999,2.75,1.558333,2.1,1.358333,-1.285842,0.187803,33
2023-01-15 04:48:00,0.1543418,6.923903,237.1925,2.948965,13.33145,4.01371,0.003333333,0.2999999999999999,0.001,2.766666,1.575,2.075,1.408333,-1.170692,0.1869161,33
2023-01-15 04:49:00,0.1542646,6.917923,237.1569,2.937466,13.3319,3.99865,0.002666667,0.2999999999999999,0.0008,2.716666,1.591667,2.083333,1.375,-1.055542,0.1878368,33
2023-01-15 04:50:00,0.154508,6.94172,237.2863,2.994925,13.33098,3.99865,0.002666667,0.2999999999999999,0.0008,2.775,1.6,2.066667,1.4,-1.026754,0.1879291999999999,33
2023-01-15 04:51:00,0.1545289,6.948349,237.4803,3.035732,13.33189,3.988483,0.0013333329999999,0.2999999999999999,0.0004,2.766666,1.591667,2.083333,1.383333,-1.007563,0.1879762,33
2023-01-15 04:52:00,0.15443,6.920548,237.2627,3.042065,13.33463,3.978317,0.0013333329999999,0.2999999999999999,0.0004,2.741667,1.591667,2.066667,1.425,-0.9691792,0.1876037,33
2023-01-15 04:53:00,0.1543065,6.906693,237.2197,3.048614,13.33417,3.972669,0.0013333329999999,0.3083332999999999,0.0004666666999999,2.708333,1.608333,2.075,1.433333,-1.026754,0.1875595999999999,33
2023-01-15 04:54:00,0.1543427,6.914289,237.1769,3.046002,13.33371,3.955723,0.002666667,0.3166667,0.0008,2.725,1.633333,2.108333,1.475,-1.007563,0.1882508,33
2023-01-15 04:55:00,0.154758,6.9604,237.6264,3.02302,13.3337,3.955723,0.002666667,0.3583333,0.0008666667,2.683333,1.666667,2.091667,1.508333,-0.9403916,0.1877347,33
2023-01-15 04:56:00,0.1548902,6.950235,237.7705,2.999319,13.33416,3.955723,0.0013333329999999,0.4,0.0002666667,2.666667,1.683333,2.1,1.516667,-0.9116041,0.1883589,33
2023-01-15 04:57:00,0.1548115999999999,6.985857,237.7582,2.97686,13.33324,3.940474,0.002666667,0.4,0.0013333329999999,2.683333,1.691667,2.15,1.516667,-0.8636249999999999,0.1876733999999999,33
2023-01-15 04:58:00,0.1548003,6.953911,237.6617,3.024914,13.33506,3.93539,0.0013333329999999,0.4,0.0005333332999999,2.716666,1.708333,2.166667,1.566667,-0.8444333,0.1875495,33
2023-01-15 04:59:00,0.1545644999999999,6.961109,237.5129,3.044123,13.33415,3.931625,0.003333333,0.4,0.001066667,2.75,1.758333,2.216667,1.608333,-0.7868583,0.1881868999999999,33
2023-01-15 05:00:00,0.1546335,6.93772,237.5217,3.071942,13.33415,3.912796,0.002666667,0.4,0.001066667,2.8,1.775,2.2,1.591667,-0.7004958,0.1872717999999999,33
2023-01-15 05:01:00,0.1545686,6.955107,237.5664,3.107128,13.33414,3.912796,0.0,0.4,0.0002666667,2.816667,1.741667,2.2,1.591667,-0.6813042,0.1880614999999999,33
2023-01-15 05:02:00,0.1547271,6.960784,237.6536,3.163134,13.33323,3.912796,0.0006666667,0.4,0.0002666667,2.866667,1.733333,2.166667,1.6,-0.7004958,0.1876029999999999,33
2023-01-15 05:03:00,0.1546666999999999,6.956202,237.5245,3.165287,13.33414,3.912796,0.003333333,0.4,0.001066667,2.875,1.75,2.208333,1.6,-0.6717083,0.1871721,33
2023-01-15 05:04:00,0.1546182999999999,6.962862,237.5617,3.182912,13.33414,3.906018,0.0006666667,0.4,0.0005333332999999,2.875,1.816667,2.208333,1.625,-0.6429207999999998,0.1881155999999999,33
2023-01-15 05:05:00,0.1546979,6.955019,237.4791,3.186569,13.33322,3.892464,0.002666667,0.4,0.001066667,2.883333,1.808333,2.225,1.65,-0.6141332999999999,0.1872705,33
2023-01-15 05:06:00,0.1545669,6.940469,237.345,3.244721,13.33414,3.892464,0.002,0.4,0.0008,2.908333,1.825,2.216667,1.675,-0.6141332999999999,0.1878306999999999,33
2023-01-15 05:07:00,0.1546981,6.946895,237.5164,3.281332,13.33322,3.892464,0.0013333329999999,0.4,0.0002666667,2.916667,1.891667,2.275,1.708333,-0.5373666,0.1873219999999999,33
2023-01-15 05:08:00,0.1546502999999999,6.958816,237.5254,3.266974,13.33322,3.892464,0.0013333329999999,0.4,0.0008,2.875,1.908333,2.3,1.716667,-0.5085791,0.1867603999999999,33
2023-01-15 05:09:00,0.1546447,6.953138,237.6069,3.185848,13.33322,3.892464,0.004,0.4,0.0016,2.75,1.866667,2.275,1.708333,-0.4989833,0.1873261,33
2023-01-15 05:10:00,0.1547354,6.9571,237.6383,3.053273,13.33322,3.890581,0.0,0.4,0.0,2.591667,1.9,2.266667,1.691667,-0.4893874999999999,0.1872773,33
2023-01-15 05:11:00,0.154469,6.930378,237.2943,2.957839,13.33138,3.869873,0.0006666667,0.4,0.0002666667,2.583333,1.9,2.3,1.716667,-0.5277707999999999,0.1880704,33
2023-01-15 05:12:00,0.1544664,6.942278,237.3461,2.927669,13.3323,3.869873,0.004,0.4,0.0013333329999999,2.558333,1.933333,2.308333,1.708333,-0.5277707999999999,0.1876373,33
2023-01-15 05:13:00,0.1544234999999999,6.94342,237.2685,2.906119,13.33138,3.869873,0.002666667,0.4,0.0013333329999999,2.558333,1.933333,2.316667,1.716667,-0.5757499,0.1885322,33
2023-01-15 05:14:00,0.1544296,6.950155,237.2664,2.938442,13.33276,3.869873,0.0,0.4,0.0,2.625,2.008333,2.383333,1.8,-0.5661540999999999,0.1876076999999999,33
2023-01-15 05:15:00,0.1544456999999999,6.944185,237.2355,2.996621,13.33367,3.869873,0.002,0.4,0.0008,2.683333,2.008333,2.425,1.833333,-0.4989833,0.1878837999999999,33
2023-01-15 05:16:00,0.1542898,6.89713,237.1326,2.993747,13.33321,3.869873,0.004666667,0.4,0.0016,2.616667,2.091667,2.425,1.816667,-0.4126208,0.1878858999999999,33
2023-01-15 05:17:00,0.1546569999999999,6.965147,237.6584,2.883126,13.33184,3.869873,0.0,0.4,0.0002666667,2.483333,2.025,2.391667,1.8,-0.4030249,0.1877545999999999,33
2023-01-15 05:18:00,0.1547321999999999,6.966112,237.7468,2.776079,13.33184,3.869873,0.0006666667,0.4,0.0002666667,2.383333,2.0,2.333333,1.741667,-0.4606,0.1876145999999999,33
2023-01-15 05:19:00,0.1547771,6.951519,237.7945,2.752366,13.33276,3.869873,0.003333333,0.4,0.001066667,2.408333,1.966667,2.3,1.708333,-0.5661540999999999,0.1871635,33
2023-01-15 05:20:00,0.1548093,6.943486,237.824,2.735121,13.33184,3.869873,0.0013333329999999,0.4,0.0008,2.408333,1.933333,2.3,1.691667,-0.6525167,0.1875294,33
2023-01-15 05:21:00,0.15482,6.975045,237.8158,2.735838,13.33138,3.869873,0.002666667,0.4,0.001066667,2.375,1.883333,2.216667,1.658333,-0.7292832999999999,0.1878338,33
2023-01-15 05:22:00,0.1548302,6.976484,237.8332,2.751255,13.33138,3.85801,0.0006666667,0.4,0.0002666667,2.475,1.891667,2.216667,1.641667,-0.8156457999999999,0.1877137999999999,33
2023-01-15 05:23:00,0.1548079,6.962448,237.7888,2.985575,13.33321,3.849537,0.0013333329999999,0.4,0.0002666667,2.758333,1.925,2.266667,1.716667,-0.8828166,0.1875012,33
2023-01-15 05:24:00,0.1547893999999999,6.954824,237.7189,3.396252,13.33138,3.849537,0.0006666667,0.4,0.0005333332999999,3.133333,2.058333,2.416667,1.883333,-0.8156457999999999,0.1875812,33
2023-01-15 05:25:00,0.1547632999999999,6.939728,237.7034,3.560599,13.33184,3.849537,0.003333333,0.4,0.001066667,3.175,2.091667,2.45,1.991667,-0.6717083,0.1872689999999999,33
2023-01-15 05:26:00,0.1547905,6.954103,237.7099,3.615125,13.33276,3.849537,0.002666667,0.4,0.001066667,3.166667,2.15,2.5,2.075,-0.5757499,0.1874446999999999,33
2023-01-15 05:27:00,0.1548234,6.973507,237.8411,3.681843,13.33001,3.849537,0.003333333,0.4,0.0016,3.216666,2.15,2.491667,2.133333,-0.4989833,0.1879593,33
2023-01-15 05:28:00,0.1546787,6.945888,237.5923,3.700494,13.33092,3.849537,0.0,0.4,0.0,3.208333,2.183333,2.533333,2.191667,-0.5277707999999999,0.1875859,33
2023-01-15 05:29:00,0.1545449,6.949121,237.4827,3.755007,13.33092,3.849537,0.0013333329999999,0.4,0.0005333332999999,3.3,2.241667,2.616667,2.258333,-0.4606,0.1872561,33
2023-01-15 05:30:00,0.1546862,6.93648,237.4416,3.821054,13.33092,3.854621,0.0006666667,0.4,0.0002666667,3.391667,2.3,2.658333,2.3,-0.4510041,0.1874904,33
2023-01-15 05:31:00,0.1547088,6.97369,237.4776,3.8425,13.33092,3.868178,0.002666667,0.4,0.0008,3.375,2.341666,2.733333,2.333333,-0.4222167,0.1879556,33
2023-01-15 05:32:00,0.1547773,6.958448,237.5281,3.857821,13.33092,3.869873,0.002,0.4,0.001066667,3.416667,2.375,2.791667,2.375,-0.3934290999999999,0.1873780999999999,33
2023-01-15 05:33:00,0.1545724,6.94455,237.4212,3.889373,13.33092,3.869873,0.004,0.4,0.0013333329999999,3.508333,2.466667,2.9,2.45,-0.2590875,0.1875985,33
2023-01-15 05:34:00,0.1543156,6.902523,237.0552,3.78969,13.33001,3.869873,0.002,0.4,0.0008,3.416667,2.5,2.891667,2.441667,-0.1631292,0.1871142,33
2023-01-15 05:35:00,0.1541223999999999,6.891085,236.7831,3.629011,13.33092,3.869873,0.002666667,0.4,0.0013333329999999,3.166667,2.475,2.866667,2.383333,-0.1727249999999999,0.1873739,33
2023-01-15 05:36:00,0.1540006999999999,6.886925,236.5889,3.432407,13.33092,3.884933,0.002,0.4,0.0008,2.866667,2.441667,2.808333,2.308333,-0.2207041999999999,0.1877183,33
2023-01-15 05:37:00,0.1541328999999999,6.888262,236.8148,3.221732,13.33092,3.892464,0.002666667,0.4,0.0008,2.7,2.433333,2.8,2.291667,-0.3454499999999999,0.1874316,33
2023-01-15 05:38:00,0.1543635999999999,6.934792,237.2061,2.982603,13.33092,3.892464,0.002,0.4,0.0008,2.541667,2.416667,2.8,2.216667,-0.4318124999999999,0.1883547,33
2023-01-15 05:39:00,0.1545445,6.960262,237.3751,2.768525,13.33092,3.892464,0.002666667,0.4,0.0013333329999999,2.408333,2.4,2.725,2.183333,-0.5277707999999999,0.1884412,33
2023-01-15 05:40:00,0.1545661999999999,6.92102,237.3611,2.665309,13.33047,3.894158,0.002,0.4,0.0008,2.341666,2.341666,2.708333,2.133333,-0.633325,0.1872709999999999,33
2023-01-15 05:41:00,0.15458,6.919292,237.3237,2.689217,13.33092,3.909407,0.002666667,0.4,0.0008,2.483333,2.391667,2.733333,2.108333,-0.6621124999999999,0.187914,33
2023-01-15 05:42:00,0.1544606,6.932886,237.0526,2.738603,13.33092,3.912796,0.0006666667,0.4249999999999999,0.0005333332999999,2.583333,2.4,2.75,2.15,-0.7004958,0.1878739,33
2023-01-15 05:43:00,0.1543486,6.905773,236.8574,2.827698,13.33092,3.912796,0.0013333329999999,0.4916666,0.0005999999999999,2.691667,2.408333,2.766666,2.158333,-0.6908999,0.1872216999999999,33
2023-01-15 05:44:00,0.1543354,6.919546,236.8872,2.861465,13.33092,3.912796,0.002666667,0.5,0.0013333329999999,2.708333,2.433333,2.766666,2.183333,-0.6429207999999998,0.1880803,33
2023-01-15 05:45:00,0.1542554999999999,6.940153,236.8675,2.875833,13.33092,3.912796,0.002,0.5,0.001,2.683333,2.425,2.75,2.158333,-0.5565583,0.1881264,33
2023-01-15 05:46:00,0.1542736,6.926638,236.9017,2.894511,13.33092,3.912796,0.0013333329999999,0.5,0.0003333333999999,2.675,2.433333,2.775,2.158333,-0.5565583,0.1874214999999999,33
2023-01-15 05:47:00,0.1543147,6.915891,236.8864,2.96347,13.33092,3.912796,0.0013333329999999,0.5,0.001,2.85,2.458333,2.775,2.166667,-0.4797915999999999,0.1875151999999999,33
2023-01-15 05:48:00,0.1542477999999999,6.886343,236.8179,3.032419,13.33092,3.912796,0.004,0.5,0.002,2.925,2.416667,2.766666,2.183333,-0.4510041,0.1875864999999999,33
2023-01-15 05:49:00,0.154148,6.921967,236.7522,3.172448,13.33092,3.912796,0.002,0.5,0.001,3.083333,2.45,2.75,2.208333,-0.3742374,0.1877748999999999,33
2023-01-15 05:50:00,0.1542303999999999,6.894653,236.7998,3.357655,13.33047,3.912796,0.002666667,0.5,0.0013333329999999,3.233333,2.508333,2.816667,2.266667,-0.3166625,0.1879784999999999,33
2023-01-15 05:51:00,0.1542693,6.885859,236.8365,3.601112,13.33092,3.916562,0.002,0.5,0.0006666667,3.4,2.558333,2.9,2.341666,-0.2782792,0.1880994,33
2023-01-15 05:52:00,0.1542796999999999,6.925196,236.8892,3.687387,13.33092,3.93539,0.002666667,0.5,0.0013333329999999,3.333333,2.616667,2.9,2.416667,-0.2015125,0.1881842,33
2023-01-15 05:53:00,0.154254,6.933193,236.8534,3.746206,13.32909,3.93539,0.003333333,0.5,0.0016666669999999,3.366667,2.625,2.958333,2.483333,-0.1631292,0.1878003,33
2023-01-15 05:54:00,0.1542476,6.899818,236.8083,3.795694,13.33092,3.93539,0.0006666667,0.5083332999999999,0.0006666667,3.433333,2.691667,3.008333,2.525,-0.1343417,0.187337,33
2023-01-15 05:55:00,0.1542123,6.871317,236.6857,3.751226,13.33092,3.93539,0.0006666667,0.5416667,0.0004,3.35,2.775,3.1,2.6,-0.07676666,0.1866219,33
2023-01-15 05:56:00,0.1542692,6.895811,236.628,3.773653,13.32955,3.95064,0.003333333,0.5749999999999998,0.001466667,3.408333,2.825,3.15,2.708333,-0.04797916,0.1877521,33
2023-01-15 05:57:00,0.1541428,6.905165,236.538,3.949407,13.33047,3.955723,0.003333333,0.5416667,0.001866667,3.625,2.966666,3.25,2.891666,-0.01919167,0.1880689999999999,33
2023-01-15 05:58:00,0.1540083999999999,6.859728,236.3405,4.014651,13.33092,3.955723,0.002,0.5833333,0.001066667,3.7,2.991667,3.3,2.958333,-0.0095958329999999,0.1872261,33
2023-01-15 05:59:00,0.1535606999999999,6.831498,235.9295,3.992876,13.33092,3.957606,0.0013333329999999,0.5999999999999999,0.0011999999999999,3.716666,3.066667,3.358333,2.983333,0.04797916,0.1874886,33
2023-01-15 06:00:00,0.1535183,6.841789,235.906,3.966985,13.33092,3.978317,0.0006666667,0.5999999999999999,0.0004,3.691667,3.091666,3.425,3.0,0.07676666,0.1868632,33
2023-01-15 06:01:00,0.1535379,6.851688,235.9294,3.936155,13.33092,3.978317,0.004666667,0.5999999999999999,0.0028,3.691667,3.133333,3.458333,3.016666,0.09595832,0.1873334,33
2023-01-15 06:02:00,0.1539192,6.897556,236.3703,3.917445,13.33047,3.991872,0.0006666667,0.5999999999999999,0.0004,3.658333,3.183333,3.5,3.041667,0.1343417,0.1876779,33
2023-01-15 06:03:00,0.1539027,6.897979,236.4238,3.962225,13.33047,3.99865,0.0013333329999999,0.5999999999999999,0.0008,3.733333,3.225,3.55,3.1,0.1535333,0.1879791,33
2023-01-15 06:04:00,0.1539623,6.879784,236.3921,3.957923,13.33047,3.99865,0.002666667,0.5999999999999999,0.0016,3.7,3.283333,3.558333,3.116667,0.1631292,0.1883283,33
2023-01-15 06:05:00,0.1541132,6.886567,236.4486,3.991088,13.32909,4.017475,0.003333333,0.5999999999999999,0.0016,3.758333,3.291666,3.616667,3.116667,0.1823208,0.1875634999999999,33
2023-01-15 06:06:00,0.1540001,6.874665,236.3989,4.02138,13.32772,4.02124,0.004,0.5999999999999999,0.0028,3.85,3.35,3.625,3.175,0.2015125,0.1874455999999999,33
2023-01-15 06:07:00,0.1541208,6.903455,236.5121,4.098997,13.32588,4.036492,0.002666667,0.5999999999999999,0.0016,3.966666,3.391667,3.658333,3.183333,0.1535333,0.1873078,33
2023-01-15 06:08:00,0.1540382999999999,6.902486,236.3834,4.114832,13.32588,4.041576,0.0013333329999999,0.5999999999999999,0.0004,3.891667,3.383333,3.658333,3.183333,0.1439375,0.1871355,33
2023-01-15 06:09:00,0.1540213,6.898513,236.2783,4.070035,13.32588,4.049107,0.003333333,0.5999999999999999,0.002,3.816667,3.425,3.708333,3.208333,0.057575,0.1875231,33
2023-01-15 06:10:00,0.1539783999999999,6.886848,236.3315,4.022729,13.32497,4.064167,0.002,0.5999999999999999,0.0016,3.716666,3.416667,3.683333,3.2,0.08636249,0.188417,33
2023-01-15 06:11:00,0.1538804,6.887166,236.3607,4.017775,13.32268,4.06925,0.002666667,0.5999999999999999,0.0016,3.708333,3.391666,3.683333,3.175,0.0095958329999999,0.1871975999999999,33
2023-01-15 06:12:00,0.1540112999999999,6.875887,236.4086,4.138398,13.32543,4.084499,0.003333333,0.5999999999999999,0.002,3.825,3.475,3.75,3.275,-0.04797916,0.1877061999999999,33
2023-01-15 06:13:00,0.1540115,6.889337,236.4033,4.164382,13.32543,4.088265,0.002666667,0.5999999999999999,0.0016,3.825,3.525,3.8,3.358333,-0.06717083,0.1878711999999999,33
2023-01-15 06:14:00,0.1540333999999999,6.895838,236.4492,4.193242,13.32543,4.107094,0.002,0.5999999999999999,0.0011999999999999,3.85,3.6,3.858333,3.475,-0.04797916,0.188115,33
2023-01-15 06:15:00,0.153981,6.8771,236.4797,4.285162,13.32543,4.122343,0.003333333,0.5999999999999999,0.002,3.991667,3.691667,3.966666,3.6,-0.08636249,0.1875969,33
2023-01-15 06:16:00,0.1538973999999999,6.91269,236.5,4.455025,13.32543,4.127426,0.003333333,0.5999999999999999,0.0016,4.125,3.783333,4.066667,3.716666,-0.07676666,0.1883643,33
2023-01-15 06:17:00,0.1539109999999999,6.901695,236.3937,4.478858,13.32543,4.146255,0.002666667,0.5999999999999999,0.002,4.141667,3.85,4.083333,3.741667,0.01919167,0.1878224,33
2023-01-15 06:18:00,0.1538783,6.859414,236.3385,4.416851,13.32451,4.160187,0.004,0.5999999999999999,0.002,4.108333,3.883333,4.141667,3.816667,0.0095958329999999,0.1870341,33
2023-01-15 06:19:00,0.1537716,6.902104,236.2861,4.382595,13.32314,4.170353,0.002,0.5999999999999999,0.0016,4.025,3.866667,4.091667,3.791666,0.01919167,0.1882014999999999,33
2023-01-15 06:20:00,0.1538673999999999,6.889835,236.3149,4.321439,13.32222,4.187296,0.002666667,0.5999999999999999,0.0016,3.958333,3.9,4.141667,3.816667,0.0,0.1875025999999999,33
2023-01-15 06:21:00,0.1539986,6.924747,236.3953,4.291976,13.3213,4.192944,0.0,0.5999999999999999,0.0,4.0,3.916667,4.125,3.833333,-0.08636249,0.1887355,33
2023-01-15 06:22:00,0.1539951,6.924866,236.5661,4.272899,13.31993,4.21328,0.002,0.5999999999999999,0.0011999999999999,3.975,3.925,4.133333,3.858333,-0.08636249,0.1884477,33
2023-01-15 06:23:00,0.1539208,6.893998,236.4155,4.264493,13.31993,4.232105,0.002,0.5999999999999999,0.0011999999999999,3.958333,3.908333,4.116666,3.808333,-0.1247458,0.1879972,33
2023-01-15 06:24:00,0.1539686,6.915823,236.3739,4.286567,13.31993,4.247731,0.003333333,0.5999999999999999,0.002,4.016666,3.925,4.15,3.825,-0.1631292,0.1886049999999999,33
2023-01-15 06:25:00,0.1539518,6.903481,236.4399,4.228846,13.31993,4.258086,0.002,0.5999999999999999,0.0011999999999999,3.958333,3.916667,4.133333,3.85,-0.2303,0.1881065,33
2023-01-15 06:26:00,0.1539868,6.847336,236.5198,4.239526,13.31993,4.278797,0.004,0.5999999999999999,0.0023999999999999,3.958333,3.933333,4.183333,3.858333,-0.2974707999999999,0.1863874,33
2023-01-15 06:27:00,0.1539671,6.890188,236.5248,4.291844,13.31993,4.297435,0.004,0.5999999999999999,0.002,4.075,3.925,4.133333,3.841666,-0.3454499999999999,0.1875888,33
2023-01-15 06:28:00,0.1539652,6.88839,236.5187,4.276622,13.31977,4.312307,0.002,0.5999999999999999,0.0016,4.05,3.883333,4.125,3.808333,-0.3358540999999999,0.1880873,33
2023-01-15 06:29:00,0.1539509,6.917975,236.5316,4.238355,13.32038,4.328499,0.0006666667,0.5999999999999999,0.0004,3.95,3.833333,4.091667,3.691667,-0.3550458,0.1882443,33
2023-01-15 06:30:00,0.1540071,6.894162,236.385,4.193151,13.32029,4.342056,0.002,0.5999999999999999,0.0011999999999999,3.891667,3.791666,4.066667,3.633333,-0.3934290999999999,0.1876599999999999,33
2023-01-15 06:31:00,0.1535399,6.872339,235.9282,4.203649,13.32027,4.358999,0.002,0.5999999999999999,0.0011999999999999,3.966666,3.808333,4.108333,3.625,-0.4222167,0.1885863,33
2023-01-15 06:32:00,0.1535463,6.86227,235.8759,4.218751,13.31884,4.374813,0.002666667,0.5999999999999999,0.0016,4.0,3.766666,4.041667,3.6,-0.4701958,0.1875862,33
2023-01-15 06:33:00,0.1534862999999999,6.852926,235.8625,4.180189,13.32019,4.384979,0.004666667,0.5999999999999999,0.0028,3.95,3.725,4.041667,3.516666,-0.4510041,0.1875609,33
2023-01-15 06:34:00,0.1536349999999999,6.883907,236.1371,4.15074,13.31833,4.405691,0.002666667,0.5999999999999999,0.0016,3.9,3.7,3.991667,3.475,-0.4989833,0.1883784,33
2023-01-15 06:35:00,0.154062,6.935913,236.5654,4.137904,13.31967,4.414351,0.002,0.675,0.0014,3.908333,3.683333,3.966666,3.458333,-0.5277707999999999,0.1888508,33
2023-01-15 06:36:00,0.1539814999999999,6.920152,236.5591,4.118496,13.32011,4.427906,0.002,0.6999999999999998,0.0009333333999999,3.891667,3.633333,3.925,3.433333,-0.5661540999999999,0.1877508,33
2023-01-15 06:37:00,0.1539953,6.929735,236.6094,4.061971,13.3187,4.43732,0.0013333329999999,0.6999999999999998,0.0014,3.808333,3.608333,3.916667,3.408333,-0.5565583,0.1883621,33
2023-01-15 06:38:00,0.1540055999999999,6.90296,236.5227,3.879434,13.31961,4.4505,0.002666667,0.6999999999999998,0.0014,3.541667,3.583333,3.858333,3.308333,-0.5373666,0.1877486999999999,33
2023-01-15 06:39:00,0.1538526,6.913533,236.4408,3.687958,13.31913,4.469139,0.0013333329999999,0.7749998999999999,0.001466667,3.258333,3.525,3.816667,3.25,-0.6621124999999999,0.1881421,33
2023-01-15 06:40:00,0.1539027,6.894754,236.4474,3.431814,13.32003,4.472715,0.002,0.8,0.0016,2.983333,3.383333,3.666667,3.083333,-0.7868583,0.1879404,33
2023-01-15 06:41:00,0.1538829999999999,6.90753,236.4678,3.239656,13.31773,4.491541,0.0013333329999999,0.8666666,0.0011999999999999,2.925,3.341666,3.625,3.05,-0.9212,0.1887784,33
2023-01-15 06:42:00,0.1540197,6.911612,236.5308,3.089336,13.31909,4.493423,0.0006666667,0.95,0.0006000000999999,2.791666,3.283333,3.558333,2.933333,-1.084329,0.1887378,33
2023-01-15 06:43:00,0.1540043,6.933412,236.5649,3.025636,13.31909,4.508676,0.0013333329999999,1.033333,0.0006666667,2.8,3.25,3.5,2.891667,-1.189883,0.1882029,33
2023-01-15 06:44:00,0.1540094999999999,6.898252,236.5781,3.004168,13.31953,4.51376,0.003333333,1.158333,0.0045999999999999,2.883333,3.2,3.466666,2.816667,-1.237862,0.1882400999999999,33
2023-01-15 06:45:00,0.1539372,6.910461,236.4979,3.034334,13.31861,4.51376,0.002,1.325,0.0025999999999999,2.983333,3.183333,3.45,2.825,-1.257054,0.1878278999999999,33
2023-01-15 06:46:00,0.1539785999999999,6.914152,236.5219,3.042957,13.31998,4.51376,0.003333333,1.525,0.005,2.991667,3.108333,3.4,2.725,-1.295437,0.1881616,33
2023-01-15 06:47:00,0.1540866999999999,6.9184,236.5124,3.04368,13.31997,4.51376,0.0013333329999999,1.775,0.0023333329999999,2.983333,3.05,3.358333,2.725,-1.218671,0.1879641,33
2023-01-15 06:48:00,0.1541047,6.927752,236.5649,3.108864,13.31997,4.525055,0.0,2.016667,0.0,3.041667,3.075,3.366667,2.725,-1.189883,0.1886569999999999,33
2023-01-15 06:49:00,0.1541014,6.925847,236.7229,3.204917,13.31996,4.53635,0.002666667,2.291667,0.0060000009999999,3.108333,3.025,3.3,2.675,-1.103521,0.1881372,33
2023-01-15 06:50:00,0.1540467,6.927914,236.7119,3.310444,13.31996,4.53635,0.003333333,2.583333,0.007,3.266666,3.033333,3.35,2.675,-1.026754,0.188664,33
2023-01-15 06:51:00,0.1539436,6.91367,236.6941,3.387247,13.31995,4.53635,0.0013333329999999,2.925,0.0058666669999999,3.291667,3.041667,3.35,2.716666,-0.9212,0.1882705,33
2023-01-15 06:52:00,0.1542674,6.933353,236.8448,3.469059,13.31995,4.53635,0.002666667,3.325,0.009000001,3.375,3.083333,3.408333,2.783333,-0.8540290999999999,0.1884222999999999,33
2023-01-15 06:53:00,0.1540541,6.934414,236.7446,3.64842,13.31995,4.53635,0.0013333329999999,3.816667,0.0051333339999999,3.533333,3.091666,3.383333,2.825,-0.7484749,0.1882602999999999,33
2023-01-15 06:54:00,0.1539807,6.92191,236.5238,3.865742,13.31995,4.53635,0.002666667,4.408333,0.01153333,3.758333,3.133333,3.416667,2.85,-0.6045374,0.1887383,33
2023-01-15 06:55:00,0.1538128,6.906244,236.4952,3.920237,13.31994,4.53635,0.002,5.133333,0.01033333,3.766666,3.116667,3.408333,2.883333,-0.4701958,0.1883079,33
2023-01-15 06:56:00,0.1538714999999999,6.909195,236.5228,3.963974,13.31994,4.53635,0.003333333,6.058333,0.0199333299999999,3.741667,3.175,3.441667,2.925,-0.3838332999999999,0.1890033999999999,33
2023-01-15 06:57:00,0.1538899,6.88643,236.4591,3.97903,13.32005,4.53635,0.004,7.199999,0.02946667,3.733333,3.191667,3.491667,3.0,-0.3550458,0.1884097999999999,33
2023-01-15 06:58:00,0.1537949999999999,6.861411,236.4236,4.027062,13.32039,4.53635,0.003333333,8.608333,0.02253333,3.8,3.241667,3.508333,3.075,-0.3358540999999999,0.1888374999999999,33
2023-01-15 06:59:00,0.1536988,6.896351,236.3926,4.037817,13.31897,4.53635,0.004666667,10.31667,0.05333334,3.783333,3.258333,3.525,3.125,-0.2782792,0.1890799,33
2023-01-15 07:00:00,0.1539194,6.891595,236.4747,3.998147,13.32029,4.553294,0.002,12.43333,0.0167999999999999,3.733333,3.258333,3.541667,3.108333,-0.3070666,0.1885477,33
2023-01-15 07:01:00,0.1538128,6.895376,236.4555,3.91121,13.32024,4.556683,0.002666667,15.075,0.04866667,3.658333,3.283333,3.566667,3.133333,-0.3262583,0.1883487,33
2023-01-15 07:02:00,0.1537107,6.916424,236.4094,3.867474,13.32022,4.556683,0.004666667,18.30833,0.0860666699999999,3.666667,3.283333,3.566667,3.141667,-0.2974707999999999,0.1883768,33
2023-01-15 07:03:00,0.1538328999999999,6.893699,236.3474,3.820151,13.31971,4.556683,0.002666667,22.375,0.0583333399999999,3.591666,3.3,3.525,3.125,-0.2974707999999999,0.1886078999999999,33
2023-01-15 07:04:00,0.1537848,6.892622,236.3704,3.841663,13.32015,4.556683,0.005333334,27.26666,0.1436,3.675,3.316667,3.558333,3.125,-0.2782792,0.1885264,33
2023-01-15 07:05:00,0.1538195,6.907328,236.3264,4.021616,13.32011,4.556683,0.007333333,31.44167,0.2081332999999999,3.908333,3.408333,3.666667,3.241667,-0.2494916,0.1879285,33
2023-01-15 07:06:00,0.1538881,6.892374,236.3651,4.067494,13.32009,4.556683,0.007333333,32.8,0.2405333,3.85,3.433333,3.675,3.291666,-0.1823208,0.1886005,33
2023-01-15 07:07:00,0.1538072,6.89175,236.4236,3.982194,13.32008,4.556683,0.008,33.0,0.2637999999999999,3.75,3.425,3.683333,3.308333,-0.09595832,0.1883495,33
2023-01-15 07:08:00,0.1537525999999999,6.886306,236.3309,3.914113,13.32005,4.571745,0.008,33.225,0.2656666999999999,3.658333,3.433333,3.666667,3.308333,-0.08636249,0.1885173,33
2023-01-15 07:09:00,0.1536658999999999,6.874784,236.1514,3.824406,13.32005,4.577394,0.008,33.3,0.2664,3.583333,3.433333,3.683333,3.316667,-0.04797916,0.1882712,33
2023-01-15 07:10:00,0.1536114,6.861028,236.0815,3.831313,13.32002,4.579277,0.008,33.31667,0.2664667,3.633333,3.483333,3.733333,3.341666,-0.01919167,0.1878909,33
2023-01-15 07:11:00,0.1537369,6.888388,236.0772,3.814104,13.32002,4.579277,0.008,33.65,0.2689332999999999,3.6,3.508333,3.733333,3.35,-0.0287875,0.1885891,33
2023-01-15 07:12:00,0.1537575999999999,6.882361,236.0584,3.877204,13.32,4.579277,0.008,34.05833,0.2722,3.808333,3.6,3.791667,3.466666,0.0,0.1888112999999999,33
2023-01-15 07:13:00,0.1536978,6.851,235.8859,3.920941,13.31999,4.579277,0.008,34.29166,0.2742666999999999,3.783333,3.591666,3.791667,3.408333,0.1439375,0.1886854,33
2023-01-15 07:14:00,0.1535121999999999,6.84949,235.7762,3.90739,13.31953,4.58436,0.008,34.3,0.2743999999999999,3.783333,3.625,3.8,3.45,0.2494916,0.1880031,33
2023-01-15 07:15:00,0.1534517,6.880069,235.7752,3.894435,13.31998,4.597915,0.008,34.3,0.2743999999999999,3.758333,3.658333,3.858333,3.475,0.3550458,0.1881664,33
2023-01-15 07:16:00,0.1536177,6.892572,235.9465,3.954921,13.31998,4.599609,0.008,34.3,0.2743999999999999,3.833333,3.708333,3.9,3.508333,0.4510041,0.1885170999999999,33
2023-01-15 07:17:00,0.1536819,6.879253,236.0226,3.98503,13.31997,4.599609,0.008,34.3,0.2743999999999999,3.866667,3.75,3.908333,3.55,0.5469623999999998,0.1875572,33
2023-01-15 07:18:00,0.1537468999999999,6.898753,236.0642,4.059577,13.31996,4.599609,0.008,34.35833,0.2747999999999999,3.958333,3.75,3.941667,3.591666,0.6525167,0.1878393999999999,33
2023-01-15 07:19:00,0.1538236,6.872252,235.9628,4.230857,13.3195,4.599609,0.01,34.4,0.3210666999999999,4.083333,3.8,3.958333,3.666667,0.7292832999999999,0.1879922,33
2023-01-15 07:20:00,0.1538243,6.902586,236.0487,4.248507,13.31995,4.601492,0.01066667,34.4,0.3898667,4.041667,3.833333,3.966666,3.666667,0.8444333,0.1882224999999999,33
2023-01-15 07:21:00,0.1538501999999999,6.874961,236.0267,4.234861,13.31858,4.640842,0.01133333,34.51667,0.3680667,4.016666,3.858333,4.016666,3.666667,0.9883708,0.1886422,33
2023-01-15 07:22:00,0.1538928,6.881015,236.1439,4.195712,13.31995,4.642536,0.01466667,34.5,0.506,4.083333,3.875,4.008333,3.591666,1.03635,0.1878589,33
2023-01-15 07:23:00,0.1538846,6.860466,236.1544,4.099677,13.31949,4.642536,0.0153333299999999,34.55,0.5296667,3.866667,3.866667,3.975,3.575,1.1515,0.1881661,33
2023-01-15 07:24:00,0.1539078999999999,6.894154,236.1895,3.790255,13.31903,4.655714,0.016,34.6,0.5536001,3.191667,3.775,3.9,3.458333,1.237862,0.1878023,33
2023-01-15 07:25:00,0.1539114,6.874236,236.2559,3.397235,13.31582,4.665127,0.016,34.65,0.5538667,2.675,3.683333,3.825,3.341666,1.247458,0.1874658999999999,33
2023-01-15 07:26:00,0.1538992,6.908859,236.2607,3.087859,13.31811,4.665127,0.016,36.19167,0.5761334,2.591667,3.625,3.758333,3.25,1.305033,0.1886856,33
2023-01-15 07:27:00,0.1540535,6.900688,236.2838,2.9665,13.31673,4.665127,0.02066667,38.44167,0.7663999999999999,2.591667,3.541667,3.675,3.166667,1.391396,0.1884491,33
2023-01-15 07:28:00,0.1540555999999999,6.911378,236.2196,2.916225,13.31856,4.665127,0.0233333299999999,42.25834,0.976,2.675,3.5,3.6,3.058333,1.573717,0.1887108999999999,33
2023-01-15 07:29:00,0.1540277999999999,6.902399,236.1997,2.896115,13.31765,4.665127,0.024,50.44167,1.1926,2.725,3.466666,3.558333,2.991667,1.851996,0.1884290999999999,33
2023-01-15 07:30:00,0.1538876,6.896471,236.1049,2.873848,13.31902,4.665127,0.02866667,58.56667,1.665267,2.716666,3.4,3.525,2.908333,2.111083,0.1880086,33
2023-01-15 07:31:00,0.1539678999999999,6.869508,235.9933,2.865229,13.31948,4.665127,0.032,65.23333,2.0302,2.833333,3.4,3.5,2.875,2.350979,0.1875918,33
2023-01-15 07:32:00,0.1539524999999999,6.907675,236.122,2.901863,13.31902,4.665127,0.032,70.88333,2.253867,2.925,3.366667,3.483333,2.841666,2.542896,0.1877649,33
2023-01-15 07:33:00,0.1541561999999999,6.86664,236.0965,2.987333,13.3181,4.665127,0.032,76.55833,2.433867,3.158333,3.383333,3.458333,2.825,2.725217,0.1872022,33
2023-01-15 07:34:00,0.1539687999999999,6.875204,236.0524,3.069916,13.31947,4.665127,0.034,81.99167,2.7202,3.216666,3.375,3.45,2.766666,3.013091,0.1871585,33
2023-01-15 07:35:00,0.1541009999999999,6.865781,236.0675,3.126641,13.31993,4.665127,0.03933334,95.35,3.710733,3.15,3.45,3.475,2.775,3.262583,0.1875638,33
2023-01-15 07:36:00,0.154,6.874853,236.1095,3.151772,13.31718,4.665127,0.03933334,104.9917,3.996333,3.083333,3.4,3.441667,2.741667,3.617629,0.1875971999999999,33
2023-01-15 07:37:00,0.2060481,6.749393,236.1037,3.130234,13.31993,4.665127,0.02866667,261.8,6.779734,3.066667,3.266667,3.408333,2.708333,3.9151,0.1730634,33
2023-01-15 07:38:00,0.3024743999999999,6.382278,236.1288,3.12521,13.31947,4.665127,0.0273333299999999,270.4666,7.094934,3.041667,3.191667,3.375,2.683333,4.135804,0.1414321,33
2023-01-15 07:39:00,0.2598255999999999,6.528992,236.0549,3.135981,13.31993,4.665127,0.0273333299999999,281.2583,7.176533,3.033333,3.191667,3.35,2.658333,4.366104,0.1543800999999999,33
2023-01-15 07:40:00,0.1549078999999999,6.591236,235.9867,3.155367,13.31993,4.665127,0.0233333299999999,296.6583,7.022667,3.075,3.166667,3.375,2.7,4.682766,0.1775906999999999,33
2023-01-15 07:41:00,0.1546122,6.574215,235.8649,3.226521,13.31993,4.659479,0.016,312.15,4.992533,3.158333,3.2,3.433333,2.775,5.037812,0.1791927,33
2023-01-15 07:42:00,0.1544484999999999,6.605186,235.8125,3.160451,13.31993,4.644419,0.016,313.4583,5.013733,3.008333,3.191667,3.408333,2.733333,5.41205,0.1792592,33
2023-01-15 07:43:00,0.154504,6.624752,235.8473,3.090358,13.31993,4.642536,0.016,314.65,5.0328,2.9,3.125,3.383333,2.708333,5.719116,0.1805151,33
2023-01-15 07:44:00,0.154497,6.610372,235.8767,3.071691,13.31993,4.642536,0.016,315.7417,5.050534,2.916667,3.133333,3.391666,2.716666,6.026183,0.179684,33
2023-01-15 07:45:00,0.1545541,6.626887,235.9442,3.025018,13.31993,4.642536,0.016,316.6917,5.065867,2.891667,3.125,3.4,2.691667,6.256483,0.1809524999999999,33
2023-01-15 07:46:00,0.1547341,6.611291,235.8039,2.95536,13.31993,4.642536,0.016,317.5583,5.079867,2.741667,3.1,3.358333,2.666667,6.467592,0.1801414,33
2023-01-15 07:47:00,0.1547121999999999,6.60132,235.8655,2.841469,13.31947,4.630676,0.016,318.4083,5.093334,2.516667,3.075,3.316667,2.625,6.669104,0.1792793,33
2023-01-15 07:48:00,0.1547547,6.592936,235.8691,2.728138,13.31993,4.601492,0.016,319.2917,5.107467,2.425,3.008333,3.283333,2.566667,6.947383,0.1795871,33
2023-01-15 07:49:00,0.1546082,6.599661,235.7697,2.686013,13.31993,4.599609,0.016,320.2667,5.122933,2.366667,2.983333,3.275,2.516667,7.177683,0.1798706999999999,33
2023-01-15 07:50:00,0.306807,7.663417,236.0225,2.665179,13.31993,4.599609,0.02666667,301.8416,6.5064,2.475,3.058333,3.266666,2.5,7.407983,0.1495557,33
2023-01-15 07:51:00,0.8016508,7.545289999999999,235.9561,2.726255,13.32039,4.599609,0.0719999999999999,188.0583,13.5312,2.675,3.233333,3.316667,2.55,7.801412,0.0397099399999999,33
2023-01-15 07:52:00,0.8040692999999999,7.795492,235.9023,2.803178,13.32039,4.586054,0.07266667,188.2917,13.551,2.841666,3.258333,3.325,2.591667,8.156458,0.0417392099999999,33
2023-01-15 07:53:00,0.8054951999999999,8.200056,235.9517,2.927115,13.31993,4.579277,0.0786666699999999,188.6583,14.82687,3.0,3.258333,3.316667,2.616667,8.540292,0.0439198599999999,33
2023-01-15 07:54:00,0.8060412,8.938558999999998,235.8862,3.023349,13.3213,4.579277,0.0800000099999999,188.7,15.08067,3.075,3.3,3.391667,2.65,9.020082,0.04675245,33
2023-01-15 07:55:00,0.8074120999999999,9.466208,235.7722,3.238176,13.32314,4.56798,0.082,189.2167,15.4356,3.375,3.4,3.45,2.791667,9.365533,0.0485760999999999,33
2023-01-15 07:56:00,0.8082464,9.636222,235.77,3.408439,13.32451,4.556683,0.08733333,189.05,16.4742,3.441667,3.433333,3.508333,2.841666,9.835729,0.0508900499999999,33
2023-01-15 07:57:00,0.8086552999999999,10.34035,235.7176,3.490957,13.32268,4.556683,0.0879999999999999,189.075,16.64887,3.408333,3.491667,3.583333,2.9,10.32512,0.05326732,33
2023-01-15 07:58:00,0.808111,10.34601,235.7659,3.582071,13.32222,4.556683,0.0919999999999999,188.0667,17.1734,3.466666,3.508333,3.608333,2.991667,10.8241,0.0566971199999999,33
2023-01-15 07:59:00,0.8078201,11.36654,235.717,3.59355,13.32359,4.556683,0.0959999899999999,188.3,18.0736,3.491667,3.55,3.583333,2.983333,11.2943,0.0589130699999999,33
2023-01-15 08:00:00,0.8060895999999999,11.66647,235.6823,3.289082,13.32359,4.541433,0.09666666,187.7667,18.0136,2.891667,3.475,3.55,2.925,11.80287,0.06476368,33
2023-01-15 08:01:00,0.8056664,12.37523,235.7113,2.957322,13.32359,4.53635,0.104,189.4667,19.7028,2.35,3.441667,3.5,2.841666,12.18671,0.0653564799999999,33
2023-01-15 08:02:00,0.8019070999999999,12.79894,235.7138,2.783495,13.32314,4.53635,0.1046667,191.0417,19.8588,2.175,3.391667,3.433333,2.783333,12.4458,0.06887538,33
2023-01-15 08:03:00,0.8000648,13.55429,235.6161,2.624708,13.32405,4.53635,0.1106667,191.4417,21.16813,2.1,3.333333,3.425,2.725,12.70488,0.0701478299999999,33
2023-01-15 08:04:00,0.7967064999999999,14.2979,235.2291,2.491112,13.32451,4.530703,0.112,190.4917,21.32387,2.025,3.291666,3.358333,2.683333,12.86801,0.0758386699999999,33
2023-01-15 08:05:00,0.7963533,14.04159,235.3112,2.410583,13.32405,4.515642,0.112,189.5583,21.24733,2.083333,3.291666,3.358333,2.666667,13.00235,0.0752063399999999,33
2023-01-15 08:06:00,0.7962633,14.41794,235.3281,2.39144,13.32497,4.51376,0.1126666999999999,191.0083,21.5468,2.208333,3.291666,3.366667,2.633333,13.1271,0.0766986499999999,33
2023-01-15 08:07:00,0.7971907,14.72557,235.3627,2.534487,13.32543,4.51376,0.1146667,189.9,21.61073,2.575,3.316667,3.383333,2.675,13.25185,0.07778329,33
2023-01-15 08:08:00,0.7974896,14.58088,235.4244,2.638694,13.32543,4.51376,0.1179999999999999,190.1333,22.5056,2.716666,3.325,3.4,2.7,13.43417,0.078601,33
2023-01-15 08:09:00,0.7959873,15.11614,235.4047,2.74815,13.32543,4.496813,0.12,191.3083,22.878,2.816667,3.366667,3.408333,2.733333,13.69325,0.08028171,33
2023-01-15 08:10:00,0.7958593,15.38187,235.6019,3.00836,13.32543,4.493423,0.12,191.8333,23.071,3.083333,3.466666,3.525,2.833333,14.10587,0.0818564199999999,33
2023-01-15 08:11:00,0.7991547,15.78474,235.5329,3.112748,13.32176,4.491541,0.1233333,188.3833,23.15953,3.141667,3.541667,3.583333,2.9,14.7296,0.08369184,33
2023-01-15 08:12:00,0.8031821,17.07658,235.4898,3.189833,13.32543,4.489658,0.13,187.65,24.26533,3.141667,3.6,3.633333,2.991667,15.50687,0.0900948599999999,33
2023-01-15 08:13:00,0.8043843,17.89168,235.5625,3.265821,13.32497,4.480246,0.136,185.9667,25.29373,3.225,3.683333,3.675,3.075,16.40887,0.0942906699999999,33
2023-01-15 08:14:00,0.8034493,18.95083,235.5072,3.298018,13.32497,4.470833,0.1433333,185.9833,26.5314,3.241667,3.725,3.75,3.133333,17.34927,0.1000866,33
2023-01-15 08:15:00,0.8031253999999999,20.56689,235.5598,3.336774,13.32497,4.470833,0.1499999999999999,189.0417,28.14767,3.241667,3.766666,3.775,3.175,18.1841,0.1085803999999999,33
2023-01-15 08:16:00,0.8048191,21.55868,235.5751,3.425041,13.32497,4.470833,0.156,189.4,29.41373,3.341666,3.8,3.875,3.258333,18.91339,0.1135898,33
2023-01-15 08:17:00,0.7894046,22.08575,235.6468,3.501817,13.32451,4.470833,0.16,191.1667,30.624,3.408333,3.816667,3.866667,3.291666,19.42196,0.1193501,33
2023-01-15 08:18:00,0.7440429,20.33769,235.7047,3.455179,13.32543,4.470833,0.16,190.8083,30.50933,3.258333,3.883333,3.908333,3.341666,19.84418,0.1162442,33
2023-01-15 08:19:00,0.73424,20.35707,235.5516,3.425042,13.32543,4.470833,0.168,191.0667,31.9922,3.233333,3.891667,3.95,3.383333,20.06489,0.1181966,33
2023-01-15 08:20:00,0.7293954,20.52251,235.2816,3.42289,13.32405,4.470833,0.168,190.7,32.0418,3.275,3.958333,4.0,3.416667,20.34317,0.1198982,33
2023-01-15 08:21:00,0.723967,22.91633,235.0541,3.360456,13.3245,4.470833,0.1593333,244.6833,37.70613,3.166667,3.891666,4.0,3.408333,20.74619,0.1341364999999999,33
2023-01-15 08:22:00,0.7337721999999999,30.83106,235.3097,3.266437,13.32402,4.470833,0.1726667,259.0083,44.12487,3.066667,3.983333,4.016666,3.466666,21.1876,0.1769836999999999,33
2023-01-15 08:23:00,0.7423475,31.35278,235.3083,3.340361,13.32441,4.470833,0.1759999999999999,255.2917,44.97827,3.225,4.075,4.066667,3.516666,21.66739,0.1792244,33
2023-01-15 08:24:00,0.7494334999999999,32.70073,235.2777,3.463071,13.32345,4.470833,0.1813333,256.1,46.24193,3.391667,4.141667,4.15,3.6,22.26233,0.1849164,33
2023-01-15 08:25:00,0.752217,33.92373,235.3161,3.547015,13.32526,4.470833,0.1846666999999999,255.8167,47.2248,3.466666,4.2,4.233334,3.666667,22.83808,0.1904996999999999,33
2023-01-15 08:26:00,0.7547405,35.73014,235.42,3.582167,13.32292,4.470833,0.192,261.7917,49.90367,3.508333,4.1,4.308333,3.758333,23.42343,0.1987922,33
2023-01-15 08:27:00,0.7601413999999999,37.4905,235.5248,3.617317,13.32061,4.470833,0.192,266.525,51.2688,3.508333,4.058333,4.291667,3.791666,23.9416,0.2095596,33
2023-01-15 08:28:00,0.7641860999999999,39.71577,235.5602,3.648161,13.32103,4.470833,0.1973332999999999,275.475,53.93446,3.575,4.108333,4.308333,3.825,24.42139,0.2212977,33
2023-01-15 08:29:00,0.7672674999999999,41.41574,235.6786,3.691483,13.32056,4.484011,0.19,298.2667,56.60067,3.583333,4.108333,4.366667,3.841666,24.8724,0.2284269999999999,33
2023-01-15 08:30:00,0.7700827999999998,42.88405,235.6788,3.705213,13.32053,4.493423,0.198,292.7667,57.8056,3.591666,4.15,4.408333,3.85,25.333,0.2386798,33
2023-01-15 08:31:00,0.7723621,43.91544,235.6947,3.615555,13.32006,4.493423,0.2013332999999999,296.125,59.405,3.25,4.108333,4.35,3.808333,25.77441,0.2426064,33
2023-01-15 08:32:00,0.773205,45.31366,235.6189,3.480681,13.32005,4.493423,0.2039999999999999,299.1333,60.79533,2.916667,4.091667,4.308333,3.775,26.16784,0.2488558999999999,33
2023-01-15 08:33:00,0.7730959,46.08386,235.5572,3.299005,13.31865,4.501897,0.2033332999999999,302.475,61.48466,2.733333,4.075,4.291667,3.75,26.46531,0.2515326,33
2023-01-15 08:34:00,0.7751921,47.36584,235.5737,3.112769,13.32002,4.51376,0.2093333,300.7417,62.9798,2.691667,4.05,4.25,3.716666,26.68601,0.2563136999999999,33
2023-01-15 08:35:00,0.77575,47.92134,235.4979,2.957666,13.32,4.51376,0.2146666999999999,299.55,64.05953,2.65,4.091667,4.241667,3.683333,26.79156,0.2608040999999999,33
2023-01-15 08:36:00,0.7742704999999999,47.93202,235.4803,2.86717,13.32,4.51376,0.2113333,300.4417,63.69447,2.691667,4.075,4.25,3.691667,26.83954,0.2631095,33
2023-01-15 08:37:00,0.771293,47.30465,235.304,2.849212,13.31999,4.51376,0.2073333,305.5333,63.33253,2.758333,4.1,4.283333,3.675,26.80116,0.2590799999999999,33
2023-01-15 08:38:00,0.7706083999999999,47.53791,235.1066,2.836282,13.31998,4.51376,0.2079999999999999,303.1083,62.99133,2.8,4.1,4.266667,3.708333,26.7052,0.2613688,33
2023-01-15 08:39:00,0.7681219999999999,46.93575,234.9528,2.831704,13.31952,4.515642,0.2079999999999999,302.9333,63.14933,2.858333,4.091667,4.275,3.641667,26.67641,0.2615021,33
2023-01-15 08:40:00,0.7674176999999999,45.7847,234.9815,2.825444,13.31997,4.534468,0.198,310.1167,61.40133,2.833333,4.116666,4.25,3.641667,26.78197,0.2534468,33
2023-01-15 08:41:00,0.7705579,48.30198,234.9939,2.774171,13.31997,4.53635,0.214,298.3833,63.43427,2.758333,4.091667,4.25,3.641667,26.91631,0.2661161,33
2023-01-15 08:42:00,0.7705646,47.44238,234.9019,2.724595,13.31996,4.53635,0.2099999999999999,304.525,64.0328,2.7,4.108333,4.225,3.616667,27.08904,0.2628732999999999,33
2023-01-15 08:43:00,0.7719158999999999,48.65031,235.0329,2.680764,13.31858,4.53635,0.2173333,297.2333,64.64993,2.65,4.091667,4.233333,3.616667,27.26176,0.2693896,33
2023-01-15 08:44:00,0.7693193999999999,48.26996,234.7746,2.658295,13.31995,4.539739,0.214,303.7333,64.9336,2.575,4.1,4.216667,3.616667,27.43449,0.2690865,33
2023-01-15 08:45:00,0.769237,48.42772,234.539,2.667604,13.31995,4.571934,0.2126666999999999,305.8416,65.0782,2.558333,4.15,4.241667,3.633333,27.69357,0.2693126,33
2023-01-15 08:46:00,0.7677519999999999,48.63268,234.4848,2.663474,13.31995,4.579277,0.2099999999999999,307.8833,64.6574,2.6,4.116666,4.233334,3.641667,27.97185,0.2708484999999999,33
2023-01-15 08:47:00,0.7693955999999998,48.37809,234.4662,2.637202,13.31994,4.556683,0.2093333,311.0667,64.89453,2.575,4.116666,4.25,3.616667,28.3269,0.2691093,33
2023-01-15 08:48:00,0.7703301999999999,50.59562,234.365,2.651571,13.31994,4.556683,0.22,308.175,67.48367,2.625,4.15,4.266667,3.65,28.72992,0.2800728,33
2023-01-15 08:49:00,0.7745937,52.87177,234.4542,2.673124,13.31994,4.556683,0.232,299.0917,69.21987,2.691667,4.175,4.308333,3.658333,29.22891,0.2900685,33
2023-01-15 08:50:00,0.7756159,53.47595,234.8113,2.692521,13.31994,4.556683,0.2466666999999999,282.8667,69.7176,2.741667,4.175,4.283333,3.658333,29.86223,0.2928704999999999,33
2023-01-15 08:51:00,0.7805969999999999,54.88451,234.6164,2.709763,13.31994,4.556683,0.2526667,279.8417,70.8076,2.783333,4.216667,4.358333,3.708333,30.59151,0.3014302999999999,33
2023-01-15 08:52:00,0.7770595,52.88166,234.7452,2.740759,13.31994,4.566097,0.2626666999999999,256.2333,67.63993,2.833333,4.383333,4.383333,3.741667,31.41676,0.2905818,33
2023-01-15 08:53:00,0.7680761,49.3462,234.6775,2.775349,13.31948,4.575511,0.27,232.6333,63.17887,2.883333,4.516666,4.425,3.791666,32.28038,0.2732682,33
2023-01-15 08:54:00,0.7572946999999999,45.50684,234.6853,2.822225,13.31993,4.579277,0.2786665999999999,212.075,59.1948,2.933333,4.591667,4.483333,3.866667,33.1536,0.2561104,33
2023-01-15 08:55:00,0.7578013,47.17334,234.7218,2.867479,13.31993,4.579277,0.2866667,216.5333,61.59053,2.983333,4.591667,4.508333,3.866667,33.94046,0.2656594999999999,33
2023-01-15 08:56:00,0.7693571999999999,54.95314,234.1488,2.895489,13.31993,4.579277,0.2879999999999999,247.2333,70.4616,3.058333,4.583333,4.558333,3.916667,34.63136,0.3043201999999999,33
2023-01-15 08:57:00,0.7848452,61.05853,234.0248,2.915597,13.31856,4.579277,0.2913333,265.0833,76.89132999999998,3.05,4.475,4.583333,3.958333,35.29347,0.3312475999999999,33
2023-01-15 08:58:00,0.7875742,63.77091,234.1191,2.947268,13.31993,4.58436,0.2959999999999999,275.0667,81.06207,3.083333,4.508333,4.625,4.0,35.80205,0.3445888999999999,33
2023-01-15 08:59:00,0.7939983999999999,66.92442,234.1111,2.982668,13.31993,4.599609,0.2959999999999999,284.3833,83.90613999999998,3.116667,4.575,4.675,4.083333,36.43538,0.3599528,33
2023-01-15 09:00:00,0.7983584999999999,69.05791,234.5892,3.001339,13.31993,4.599609,0.2993333,290.5333,86.99767,3.133333,4.633333,4.725,4.1,36.96315,0.3691375,33
2023-01-15 09:01:00,0.7971019,68.38042,234.7695,3.01857,13.31993,4.599609,0.3073332999999999,277.7083,85.34299,3.15,4.65,4.733334,4.125,37.5293,0.3653023,33
2023-01-15 09:02:00,0.8006457999999999,71.51593,234.8587,3.049447,13.31993,4.599609,0.3113332999999999,288.7583,89.41373,3.216666,4.7,4.808333,4.183333,38.06667,0.3786169999999999,33
2023-01-15 09:03:00,0.801703,70.44984,234.884,3.113055,13.31947,4.637265,0.3146667,278.35,88.04047,3.191667,4.741667,4.825,4.216667,38.62323,0.3748934999999999,33
2023-01-15 09:04:00,0.7980743,68.16143,234.8727,3.137007,13.31947,4.642536,0.3206667,261.6,84.20068,3.25,4.866667,4.875,4.266667,39.11261,0.3654555999999999,33
2023-01-15 09:05:00,0.7925746999999999,67.29697,234.8345,3.152082,13.31855,4.642536,0.3273332999999999,257.875,84.2144,3.25,4.883333,4.866667,4.291667,39.67877,0.3619189999999999,33
2023-01-15 09:06:00,0.7973609999999999,70.72598,234.3484,3.196084,13.3181,4.661362,0.328,265.6583,86.8872,3.325,4.908333,4.983333,4.375,40.19694,0.3795053999999999,33
2023-01-15 09:07:00,0.8049241999999999,76.51819999999998,234.2861,3.232163,13.31855,4.665127,0.3293333,288.5833,94.14487,3.358333,4.916667,5.0,4.433333,40.74391,0.4060441,33
2023-01-15 09:08:00,0.8082620999999999,80.00304,234.1875,3.260876,13.31718,4.665127,0.3306666999999999,297.825,98.39353,3.408333,4.958333,5.05,4.475,41.41562,0.4213495999999999,33
2023-01-15 09:09:00,0.8068623999999999,80.92336,234.1797,3.303706,13.31627,4.682074,0.3293333,305.6167,100.4434,3.383333,5.041667,5.091667,4.525,42.18328,0.4289104,33
2023-01-15 09:10:00,0.8110806999999999,84.08618,234.4807,3.331507,13.31581,4.685463,0.3453333,301.8583,103.9913,3.358333,4.991666,5.05,4.533333,43.0661,0.4402258,33
2023-01-15 09:11:00,0.8113344,83.55436,234.5923,3.369039,13.31443,4.704288,0.3599999999999999,284.8667,102.3505,3.325,5.033333,5.1,4.55,44.37113,0.4381882,33
2023-01-15 09:12:00,0.8153029,88.94943999999998,234.4481,3.38932,13.31443,4.708054,0.3713332999999999,293.4667,108.647,3.341666,5.05,5.141667,4.591667,45.88727,0.4641792,33
2023-01-15 09:13:00,0.8171484,93.35508,234.4944,3.404917,13.31443,4.711442,0.372,307.0916,113.6548,3.35,5.083333,5.141667,4.633333,47.77765,0.4880576999999999,33
2023-01-15 09:14:00,0.8220494,98.5048,234.5323,3.44343,13.31443,4.728386,0.3886666999999999,305.8167,118.4342,3.375,5.15,5.225,4.658333,50.09024,0.5090485999999999,33
2023-01-15 09:15:00,0.8304943,103.9342,234.5737,3.475563,13.31443,4.739683,0.4146667,302.4917,124.8925,3.441667,5.225,5.266667,4.766667,52.62355,0.532097,33
2023-01-15 09:16:00,0.8434918,109.9689,234.6437,3.501238,13.31443,4.75098,0.4326667,306.5417,131.9225,3.458333,5.275,5.316667,4.816667,55.29119,0.5550973999999999,33
2023-01-15 09:17:00,0.8581246,116.5838,234.6421,3.517813,13.31443,4.756063,0.4553334,304.2167,138.1847,3.491667,5.333333,5.391666,4.9,58.10277,0.5776240999999999,33
2023-01-15 09:18:00,0.8716639999999999,122.8736,234.5987,3.540991,13.31443,4.771313,0.4786667,304.575,145.1085,3.5,5.425,5.483333,4.975,60.93354,0.5985031,33
2023-01-15 09:19:00,0.8865908,129.4071,234.7311,3.572588,13.31443,4.786376,0.5,305.9917,152.4289,3.5,5.5,5.533333,5.025,63.85067,0.6199889,33
2023-01-15 09:20:00,0.9023831,135.6027,234.9257,3.603812,13.31443,4.793907,0.5233334,305.7417,159.4022,3.491667,5.541666,5.616666,5.125,66.70063,0.6372324,33
2023-01-15 09:21:00,0.9204588,142.0288,234.9357,3.627141,13.31398,4.801437,0.544,307.3333,166.5495,3.5,5.625,5.683333,5.216667,69.56979,0.6543257999999998,33
2023-01-15 09:22:00,0.9348736,148.0648,234.976,3.655411,13.31398,4.818192,0.5633333,307.0,172.4994,3.466666,5.716667,5.766666,5.325,72.34297999999998,0.671896,33
2023-01-15 09:23:00,0.948806,153.0132,235.0694,3.689152,13.31077,4.83683,0.5766666999999999,310.0916,178.2279,3.508333,5.8,5.866667,5.425,75.02023,0.684195,33
2023-01-15 09:24:00,0.9636415,158.775,234.9333,3.695454,13.30939,4.848127,0.5953333,310.8416,184.5209,3.591666,5.933333,5.908333,5.516666,77.64947999999998,0.6986533,33
2023-01-15 09:25:00,0.9816933,164.5081,235.0167,3.699942,13.30894,4.866202,0.6153334,311.4333,190.9866,3.616667,5.991666,5.941666,5.574999,80.26913999999998,0.7116831999999998,33
2023-01-15 09:26:00,0.9985576,170.7526,235.0511,3.711111,13.30894,4.878063,0.6346667,311.0167,196.9422,3.633333,6.041666,5.975,5.641666,82.92718999999998,0.7242990999999999,33
2023-01-15 09:27:00,1.01589,176.1862,235.1755,3.739909,13.30848,4.891052,0.6573333,309.9083,203.0801,3.65,6.133333,6.05,5.725,85.62362,0.7351965999999999,33
2023-01-15 09:28:00,1.031915,181.6473,235.1437,3.75991,13.30848,4.907432,0.668,313.2,208.7869,3.675,6.233333,6.183333,5.841667,88.31045,0.7467485,33
2023-01-15 09:29:00,1.0513,187.6289,235.2548,3.787122,13.30848,4.924566,0.696,308.575,214.3432,3.683333,6.308333,6.258333,5.933333,90.9397,0.7562117,33
2023-01-15 09:30:00,1.070179,192.8721,235.1568,3.828936,13.30619,4.943392,0.7159999999999999,309.425,220.9229,3.675,6.383333,6.333333,6.016666,93.63614,0.7653849,33
2023-01-15 09:31:00,1.088753,199.2132,235.2193,3.859274,13.30389,4.962218,0.7359999999999999,309.1417,227.0415,3.691667,6.449999,6.375,6.133333,96.39974,0.7754166,33
2023-01-15 09:32:00,1.108866,205.5601,235.2707,3.902407,13.30344,4.978787,0.762,307.5667,233.7894,3.758333,6.516666,6.483333,6.241667,99.32647,0.7854862,33
2023-01-15 09:33:00,1.132951,212.8193,235.3427,3.948553,13.30344,4.998367,0.7779998999999999,310.7083,241.097,3.75,6.625,6.6,6.375,102.33,0.7953674,33
2023-01-15 09:34:00,1.154025,219.5404,235.356,3.991377,13.30344,5.016065,0.7993333,311.05,247.9501,3.783333,6.708333,6.658333,6.483333,105.439,0.8055200999999999,33
2023-01-15 09:35:00,1.175496,225.7191,235.3964,4.047476,13.30344,5.041294,0.8206666999999999,311.3416,255.0275,3.791666,6.75,6.766666,6.541666,108.5289,0.8134765999999999,33
2023-01-15 09:36:00,1.198367,232.4134,234.9173,4.092178,13.30344,5.060873,0.8479999999999999,309.525,261.6711,3.816667,6.85,6.85,6.658333,111.5707,0.8237923,33
2023-01-15 09:37:00,1.222135,239.5073,234.7984,4.140348,13.30344,5.085348,0.8639999999999999,311.975,269.1678,3.841666,6.958333,6.925,6.775,114.6414,0.8322688999999999,33
2023-01-15 09:38:00,1.246442,246.1563,234.6526,4.179765,13.30298,5.106812,0.8926665999999999,309.875,275.9064,3.891666,7.058333,7.025,6.866667,117.5777,0.8392732,33
2023-01-15 09:39:00,1.27007,252.6503,234.7133,4.189991,13.30161,5.132041,0.902,314.1833,282.6653,3.85,7.133333,7.125,6.983333,120.5237,0.8448324,33
2023-01-15 09:40:00,1.295903,259.7988,235.2762,4.192485,13.2984,5.156704,0.9393334,309.5167,290.1695,3.875,7.266666,7.216667,7.074999,123.3832,0.8499206999999999,33
2023-01-15 09:41:00,1.318511,266.3675,235.3169,4.209085,13.29794,5.184002,0.9586666,310.1833,296.8544,3.875,7.316665999999999,7.275,7.2,126.1468,0.8560520999999999,33
2023-01-15 09:42:00,1.341553,272.6628,235.3303,4.173606,13.29794,5.212244,0.978,311.6333,304.2318,3.916667,7.391666,7.366666999999999,7.291667,128.968,0.8616664,33
2023-01-15 09:43:00,1.360703,277.9994,235.1967,4.151851,13.29794,5.235588,1.006667,307.3583,308.9379,3.883333,7.425,7.4,7.316665999999999,131.4629,0.8667342999999998,33
2023-01-15 09:44:00,1.377958,282.6541,235.2658,4.158165,13.29702,5.268348,1.002667,314.575,314.8716,3.883333,7.425,7.408333,7.383333,133.5644,0.8706629999999999,33
2023-01-15 09:45:00,1.392296,286.742,234.894,4.148899,13.29519,5.297718,1.019333,312.3833,318.2606,3.841666,7.466667,7.483333,7.466667,134.9366,0.8758947999999999,33
2023-01-15 09:46:00,1.398108,288.2424,234.8064,4.145141,13.29519,5.322571,1.02,314.1917,320.3647,3.908333,7.533333,7.574999,7.558333,135.6563,0.8775969,33
2023-01-15 09:47:00,1.399887,288.3435,234.7477,4.194942,13.2929,5.354387,1.026667,312.3417,320.7412,3.958333,7.625,7.675,7.683333,135.6659,0.8772503999999999,33
2023-01-15 09:48:00,1.397244,287.7351,234.8085,4.199375,13.29244,5.385265,1.022667,312.925,319.9328,3.966666,7.716667,7.708332999999999,7.724999999999999,135.5699,0.876062,33
2023-01-15 09:49:00,1.397112,288.2564,235.54,4.243817,13.29244,5.410305,1.024667,312.9333,320.3054,4.016666,7.75,7.833332999999999,7.866666999999999,135.6275,0.8754678,33
2023-01-15 09:50:00,1.399966,289.1785,235.525,4.296484,13.29244,5.4457,1.033333,311.6333,321.9948,4.075,7.849999999999999,7.908333,7.974999999999999,136.0209,0.8756943,33
2023-01-15 09:51:00,1.408467,291.8877,235.4177,4.344319,13.29244,5.477705,1.037333,312.2833,323.7128,4.15,7.958332999999999,7.983333,8.05,136.9613,0.8787192999999999,33
2023-01-15 09:52:00,1.42255,295.2332,235.2063,4.385706,13.29244,5.513288,1.052667,311.8333,327.8245,4.241667,8.058332999999998,8.108334,8.133333,138.7078,0.8803824,33
2023-01-15 09:53:00,1.399091,300.15,234.9822,4.419664,13.29153,5.5436,1.070667,312.075,333.3311,4.308333,8.15,8.191667,8.241666,141.337,0.911249,33
2023-01-15 09:54:00,1.379421,307.2804,235.0274,4.471189,13.29061,5.577864,1.092667,312.9833,341.4293,4.325,8.275,8.316667,8.375,144.6188,0.944156,33
2023-01-15 09:55:00,1.413153,315.4275,234.9445,4.503901,13.2874,5.608365,1.116667,314.1833,349.9309,4.308333,8.3,8.408334,8.491666999999998,148.6011,0.9471381,33
2023-01-15 09:56:00,1.456107,326.6718,234.9266,4.500853,13.28557,5.646772,1.161333,312.2417,361.5536,4.341667,8.449999999999998,8.474999,8.675,153.1495,0.9510373,33
2023-01-15 09:57:00,1.499651,337.5961,234.7914,4.531417,13.28695,5.677272,1.208,309.125,372.2924,4.308333,8.5,8.574999999999998,8.708332999999998,158.2257,0.9549627,33
2023-01-15 09:58:00,1.546845,349.8385,235.4807,4.579439,13.28603,5.713043,1.245333,311.4583,386.627,4.341667,8.641666,8.666667,8.849999,163.7145,0.9567489,33
2023-01-15 09:59:00,1.602456,364.5503,235.5087,4.643286,13.28557,5.750322,1.284667,312.925,400.9004,4.416667,8.8,8.824999999999998,9.05,169.8367,0.9615927,33
2023-01-15 10:00:00,1.661649,379.1671,235.6862,4.704981,13.28282,5.787599,1.333333,313.275,416.1493,4.466667,9.075,9.05,9.224999,176.4769,0.9640362,33
2023-01-15 10:01:00,1.722165,393.5921,235.0742,4.741538,13.28145,5.823368,1.396,309.15,430.344,4.558333,9.241666,9.233333,9.466666,183.1269,0.9682188,33
2023-01-15 10:02:00,1.79372,412.1204,235.1165,4.800108,13.28145,5.862534,1.442667,313.3417,450.3087,4.683333,9.516666,9.491667,9.658333,191.1778,0.9720512,33
2023-01-15 10:03:00,1.872928,431.2876,235.046,4.793426,13.28145,5.903009,1.51,312.4083,470.2605,4.7,9.666667,9.616667,9.791667,199.7756,0.9751852,33
2023-01-15 10:04:00,1.933413,445.7511,235.1301,4.789904,13.28145,5.93878,1.567333,310.825,485.2835,4.683333,9.841666,9.775,9.883334,206.771,0.9760735,33
2023-01-15 10:05:00,2.041186,472.8838,235.2384,4.591782,13.28145,5.980391,1.646667,312.975,513.5851,4.358333,9.925,9.758333,9.825,219.0153,0.9796799,33
2023-01-15 10:06:00,2.111273,489.3062,235.2337,4.475429,13.28099,6.018607,1.698,313.6083,530.6617,4.35,10.06667,9.958333,9.95,226.8263,0.9814985,33
2023-01-15 10:07:00,2.195956,510.234,235.1548,4.414888,13.27916,6.059647,1.772,313.0417,552.5275,4.375,10.23333,10.10833,10.08333,236.3837,0.9831681,33
2023-01-15 10:08:00,2.316303,539.9709,235.2202,4.407506,13.27504,6.10013,1.878,311.775,582.9604,4.441667,10.45833,10.375,10.29167,249.8083,0.9854374,33
2023-01-15 10:09:00,2.441016,571.3448,235.3517,4.3536,13.27595,6.141359,1.966667,313.975,614.9245,4.475,10.73333,10.61667,10.51667,263.5591,0.9882608,33
2023-01-15 10:10:00,2.479576,576.2852,235.445,4.370418,13.27458,6.178824,1.984667,313.3667,622.7501,4.55,11.025,10.88333,10.8,266.4763,0.9880624,33
2023-01-15 10:11:00,2.495625,582.2596,235.5094,4.376581,13.2732,6.221376,2.025333,310.475,627.3093,4.508333,11.29167,11.15,10.96667,269.5757,0.9881287,33
2023-01-15 10:12:00,2.525679,589.1618,236.1803,4.448742,13.27549,6.259028,2.038,311.0916,635.6248,4.7,11.61667,11.45833,11.28333,272.157,0.9882652,33
2023-01-15 10:13:00,2.362611,547.3586,236.0675,4.52095,13.27183,6.301016,1.888,312.3583,593.8912,4.75,11.79167,11.63333,11.43333,254.0017,0.9858339,33
2023-01-15 10:14:00,2.188252,504.7693,235.8287,4.527754,13.27045,6.342057,1.75,311.4583,548.0819,4.725,11.81667,11.69167,11.46667,236.2398,0.9825222,33
2023-01-15 10:15:00,2.056239,472.5625,235.9063,4.500081,13.27045,6.384418,1.658,309.275,515.3033,4.725,11.8,11.76667,11.475,222.5466,0.9788932,33
2023-01-15 10:16:00,1.961012,449.8181,235.4955,4.555331,13.27045,6.427345,1.573333,311.7333,491.7572,4.85,11.81667,11.76667,11.56667,212.9987,0.97663,33
2023-01-15 10:17:00,1.905713,436.6759,235.3893,4.577142,13.27045,6.467632,1.534,310.5417,477.2276,4.841667,11.8,11.78333,11.575,207.5099,0.9746687,33
2023-01-15 10:18:00,1.886644,432.8237,235.3931,4.656785,13.27038,6.528447,1.52,310.8083,472.1644,4.883333,11.89167,11.825,11.59167,205.6099,0.9742015,33
2023-01-15 10:19:00,1.926242,444.4429,235.3204,4.719345,13.26772,6.574382,1.564,310.7083,483.6555,5.0,12.025,11.9,11.675,210.4558,0.9757866,33
2023-01-15 10:20:00,2.061546,479.7396,235.4474,4.806567,13.26528,6.616366,1.686667,310.1583,519.6342,5.066667,12.13333,11.98333,11.86667,225.2238,0.9803171,33
2023-01-15 10:21:00,2.211855,515.3762,235.3755,4.915858,13.26415,6.65967,1.817333,308.0,557.0468,4.983333,12.28333,12.13333,12.08333,240.3468,0.9838107,33
2023-01-15 10:22:00,2.300326,535.1821,235.2737,4.86943,13.26396,6.70184,1.866,310.2667,577.8676,4.8,12.31667,12.225,12.15833,248.4649,0.9856141,33
2023-01-15 10:23:00,2.367321,551.1443,235.2787,4.772009,13.26386,6.747405,1.906,312.6167,594.46,4.825,12.33333,12.28333,12.20833,255.8153,0.9864063,33
2023-01-15 10:24:00,2.436967,568.3373,235.5079,4.71168,13.26363,6.790705,1.988,308.2833,612.0141,4.875,12.45833,12.43333,12.36667,263.2713,0.9874545,33
2023-01-15 10:25:00,2.412546,559.8687,235.9579,4.668383,13.26359,6.834575,1.938667,311.7667,606.3216,4.808333,12.56667,12.55833,12.4,259.6728,0.9862825,33
2023-01-15 10:26:00,2.257276,520.2336,236.1141,4.595011,13.25887,6.878441,1.803333,311.475,566.0315,4.816667,12.55,12.55833,12.375,242.3044,0.9837964,33
2023-01-15 10:27:00,2.085052,479.2221,235.9617,4.586677,13.25788,6.920048,1.69,307.4417,521.778,4.808333,12.59167,12.60833,12.35,225.1086,0.9792243,33
2023-01-15 10:28:00,2.004359,461.0033,235.9106,4.576294,13.25689,6.956764,1.615333,310.525,502.8053,4.925,12.66667,12.675,12.35,217.2784,0.9774206,33
2023-01-15 10:29:00,1.969213,451.9235,235.0576,4.652775,13.25772,6.994415,1.595333,308.6583,492.7201,4.95,12.625,12.58333,12.35833,213.4497,0.9768485,33
2023-01-15 10:30:00,1.920124,438.6197,234.7942,4.707762,13.25769,7.038471,1.53,312.3333,479.2424,4.95,12.59167,12.525,12.30833,207.6058,0.9753971,33
2023-01-15 10:31:00,1.899809,434.7389,234.513,4.799764,13.2576,7.078762,1.522667,311.1,474.2757,4.95,12.575,12.50833,12.38333,205.6867,0.9755964,33
2023-01-15 10:32:00,1.829689,415.0485,234.3833,4.781492,13.25666,7.118296,1.468667,308.5833,455.0294,4.825,12.50833,12.39167,12.28333,197.0696,0.9720216,33
2023-01-15 10:33:00,1.730856,390.681,234.4544,4.741187,13.25706,7.157272,1.38,310.4666,430.273,4.791667,12.28333,12.26667,12.175,186.6869,0.9672692,33
2023-01-15 10:34:00,1.662936,375.1992,234.5154,4.77836,13.25749,7.192854,1.329333,310.1167,413.5284,4.966667,12.175,12.18333,12.05,179.5668,0.9640989,33
2023-01-15 10:35:00,1.621642,365.7645,234.7521,4.818114,13.25746,7.233141,1.305333,308.2083,402.6955,4.966667,12.00833,12.00833,11.90833,175.4982,0.961767,33
2023-01-15 10:36:00,1.610899,363.3244,234.5794,4.773674,13.25422,7.271552,1.294,309.5,400.4702,5.025,11.65,11.75,11.56667,173.8861,0.961036,33
2023-01-15 10:37:00,1.610981,363.5651,234.5577,4.680425,13.25604,7.307699,1.278667,313.6,400.9762,4.925,11.525,11.59167,11.36667,173.4735,0.9614556,33
2023-01-15 10:38:00,1.608085,362.9527,234.5592,4.612522,13.25188,7.342714,1.279333,312.9417,400.3266,4.858333,11.325,11.41667,11.18333,172.7154,0.9613061,33
2023-01-15 10:39:00,1.604728,362.1826,234.6532,4.630458,13.25172,7.376229999999999,1.274667,313.3417,399.576,4.991666,11.30833,11.43333,11.18333,171.9285,0.9611385,33
2023-01-15 10:40:00,1.60056,361.2463,234.7278,4.708909,13.2514,7.410118,1.272,313.3,398.535,5.166667,11.35,11.475,11.275,171.1129,0.9610747,33
2023-01-15 10:41:00,1.591741,358.7982,234.7378,4.748573,13.25144,7.441745,1.261333,313.825,396.2653,5.216667,11.36667,11.45,11.225,169.8367,0.9602616,33
2023-01-15 10:42:00,1.578143,355.4937,234.7545,4.75927,13.25147,7.473752,1.253333,313.3917,392.9387,5.091667,11.16667,11.33333,11.09167,168.1574,0.9591299,33
2023-01-15 10:43:00,1.566133,352.8489,234.7474,4.766857,13.25151,7.507643,1.241333,313.3083,389.1328,5.066667,11.18333,11.26667,11.025,166.766,0.9594388,33
2023-01-15 10:44:00,1.566046,352.7917,234.6763,4.689021,13.25152,7.540587999999999,1.248,313.5083,390.858,5.025,10.975,11.13333,10.86667,166.9579,0.9586007,33
2023-01-15 10:45:00,1.587964,359.0175,234.7288,4.663792,13.25156,7.573162,1.256,314.6917,394.5731,5.066667,10.98333,11.05833,10.84167,169.3665,0.9603946,33
2023-01-15 10:46:00,1.632277,370.9552,234.8732,4.740048,13.25139,7.602719999999999,1.294,314.75,405.7849,5.108333,10.99167,11.075,10.875,174.3563,0.9634939,33
2023-01-15 10:47:00,1.701288,389.323,235.4811,4.75381,13.24931,7.634912,1.364667,313.1167,425.6385,5.241667,11.08333,11.15833,10.9,182.0137,0.9667321,33
2023-01-15 10:48:00,1.773687,407.3181,235.6807,4.793157,13.24634,7.666918,1.426667,313.3583,445.5799,5.316667,11.075,11.20833,10.925,189.9591,0.9695516,33
2023-01-15 10:49:00,1.856915,428.1943,235.5867,4.854422,13.24532,7.690832,1.486,315.5417,466.7937,5.333333,11.025,11.15833,10.90833,199.2959,0.9740641,33
2023-01-15 10:50:00,1.951573,451.9446,235.7257,4.840795,13.24504,7.719259,1.570667,314.8833,492.4032,5.275,11.125,11.20833,10.99167,209.9856,0.9766214,33
2023-01-15 10:51:00,2.080665,485.0242,235.831,4.811681,13.24542,7.74938,1.684,314.875,526.5767,5.158333,11.20833,11.28333,11.01667,224.5713,0.9799173,33
2023-01-15 10:52:00,2.316209,539.1764,235.4482,4.815109,13.2452,7.775547999999999,1.866,313.4,578.6895,5.075,11.35833,11.38333,11.06667,247.8412,0.9858927,33
2023-01-15 10:53:00,2.550476,599.0341,235.577,4.795636,13.24508,7.801723,2.052667,314.0334,640.721,5.058333,11.54167,11.5,11.25833,273.9706,0.9895133,33
2023-01-15 10:54:00,2.666404,623.9544,235.6666,4.812847,13.2445,7.828079,2.131333,314.9583,670.4659,5.166667,11.76667,11.725,11.40833,286.1382,0.990413,33
2023-01-15 10:55:00,2.684071,626.288,235.6939,4.818153,13.24481,7.852552,2.134667,314.425,672.3423,5.233334,11.9,11.95833,11.55,288.1341,0.9906151,33
2023-01-15 10:56:00,2.665408,623.4467,235.6628,4.798044,13.24431,7.873826,2.145333,313.9833,672.3788,5.2,12.1,12.05833,11.75833,287.9326,0.9903257,33
2023-01-15 10:57:00,2.67163,623.6606,235.8,4.836771,13.24415,7.897363,2.126,314.1583,669.2137,5.275,12.23333,12.28333,11.9,288.9785,0.9907601,33
2023-01-15 10:58:00,2.707896,634.9689,235.8335,4.861141,13.24365,7.923720999999999,2.188,314.075,683.6374,5.283333,12.46667,12.44167,12.05,294.5153,0.9909814,33
2023-01-15 10:59:00,2.792822,654.0051,235.7811,4.936113,13.24128,7.946312,2.244667,313.4666,703.4468,5.466667,12.81667,12.70833,12.31667,302.9212,0.9920797,33
2023-01-15 11:00:00,2.796373,654.0954,235.9019,4.984333,13.24214,7.967209,2.243333,313.3417,703.7845,5.508333,12.91667,12.95833,12.49167,303.3914,0.9918538,33
2023-01-15 11:01:00,2.782041,652.1509,235.8411,4.983561,13.23889,7.99489,2.239333,313.3167,700.0684,5.508333,13.1,13.125,12.69167,303.6313,0.9917904,33
2023-01-15 11:02:00,3.125421,733.9487,235.9774,4.972211,13.23883,8.015598,2.527333,313.475,779.9016,5.541666,13.16667,13.34167,12.93333,340.1435,0.9947377,33
2023-01-15 11:03:00,3.372864,793.899,236.2727,5.034557,13.23881,8.039884,2.714667,311.4917,849.7460999999998,5.591667,13.53333,13.58333,13.26667,367.031,0.9955804,33
2023-01-15 11:04:00,3.07972,722.1649,236.1498,5.017972,13.23875,8.066051,2.464667,312.6167,776.0911999999998,5.425,13.8,13.66667,13.34167,336.9001,0.9940857,33
2023-01-15 11:05:00,2.986836,700.9494,236.061,5.150393,13.23873,8.086761,2.41,312.3167,749.8287,5.658333,14.09167,13.93333,13.50833,327.9856,0.9937049,33
2023-01-15 11:06:00,3.090976,724.6884,236.0605,5.111576,13.23779,8.115005,2.477333,313.35,777.6941,5.616666,14.1,13.96667,13.525,338.1955,0.9943216,33
2023-01-15 11:07:00,2.96465,692.3172,235.9847,5.18208,13.23776,8.138161999999998,2.366667,313.4583,744.0508,5.783333,14.35,14.2,13.79167,324.4831,0.9933447,33
2023-01-15 11:08:00,2.902253,679.5039,235.9146,5.119169,13.23545,8.167341,2.318667,314.275,730.1213,5.675,14.29167,14.16667,13.80833,319.4933,0.9928614,33
2023-01-15 11:09:00,2.778335,648.5342,235.9089,5.14545,13.23359,8.195586999999998,2.220667,313.3583,698.5477,5.766666,14.44167,14.30833,13.925,306.4621,0.9914419,33
2023-01-15 11:10:00,2.668509,621.4374,235.7706,5.177367,13.23313,8.219495999999998,2.132,313.3,670.2491,5.825,14.60833,14.375,14.05833,294.9951,0.9902945,33
2023-01-15 11:11:00,2.520119,585.4311,235.6732,5.067684,13.23311,8.249805,2.002,314.6833,633.6583,5.633333,14.64167,14.4,14.05833,279.7665,0.9886253,33
2023-01-15 11:12:00,2.3815,551.1889,235.4675,5.180532,13.2331,8.272396,1.888667,315.2917,597.1351,5.949999,14.86667,14.59167,14.25,265.4207,0.9861171,33
2023-01-15 11:13:00,2.312346,535.0751,235.3279,5.339766,13.23309,8.30629,1.826,317.1917,580.2621,6.091667,14.76667,14.45833,14.15833,257.888,0.9851389,33
2023-01-15 11:14:00,2.27413,526.4789,235.2997,5.257222,13.23307,8.33867,1.796,317.1,569.8596,5.75,14.45833,14.13333,13.875,253.7042,0.9844401,33
2023-01-15 11:15:00,2.25291,521.5651,235.337,5.2572,13.23307,8.369920999999998,1.782,317.1833,565.8411,5.766666,14.55,14.28333,13.79167,251.2573,0.9839162,33
2023-01-15 11:16:00,2.232823,517.2115,235.4962,5.366413,13.23306,8.398162,1.768,317.1833,560.966,5.841667,14.53333,14.10833,13.725,249.1846,0.9836565,33
2023-01-15 11:17:00,2.224136,515.2931,235.4315,5.370978,13.23076,8.428288,1.762667,317.0417,558.8566,5.783333,14.4,13.975,13.59167,248.3114,0.9835353,33
2023-01-15 11:18:00,2.236312,518.4644,235.1905,5.205399,13.22984,8.461985999999998,1.772667,317.2583,561.6621,5.533333,14.23333,13.74167,13.325,249.6548,0.9839291,33
2023-01-15 11:19:00,2.276471,528.9245,235.0798,5.183324,13.22755,8.491923,1.808,317.0917,572.0544,5.55,14.325,13.825,13.36667,254.2512,0.9850184,33
2023-01-15 11:20:00,2.392294,559.2782,235.0225,5.339234,13.22754,8.52393,1.912,317.1167,602.1047,5.875,14.525,14.00833,13.61667,267.2248,0.9871311,33
2023-01-15 11:21:00,2.604803,609.1876,235.0985,5.468421,13.22616,8.554992,2.076,317.1667,654.9161,5.983333,14.78333,14.34167,13.975,288.4987,0.9897422,33
2023-01-15 11:22:00,2.719222,636.8137,235.1744,5.612705,13.22754,8.581913,2.174,315.925,684.2805,6.158333,15.01667,14.58333,14.28333,300.9829,0.9907508,33
2023-01-15 11:23:00,2.887291,675.7665,235.3242,5.779644,13.22706,8.621454,2.318,313.3833,724.3737999999998,6.291667,15.24167,14.64167,14.48333,317.4014,0.993036,33
2023-01-15 11:24:00,2.876291,673.4006,235.3645,5.634182,13.22611,8.651574999999998,2.308,313.35,722.7433,5.975,15.09167,14.45833,14.21667,316.6049,0.9929178,33
2023-01-15 11:25:00,2.974892,696.95,235.365,5.498994,13.22651,8.686971,2.392,313.3583,746.394,5.733333,15.14167,14.55,14.175,327.4386,0.9937323,33
2023-01-15 11:26:00,3.331868,783.1935999999998,235.5386,5.435927,13.22372,8.715213999999998,2.689333,313.4,831.2734,5.766666,15.40833,14.78333,14.4,366.2729,0.995945,33
2023-01-15 11:27:00,3.679426,866.7054,235.7476,5.521021,13.22185,8.747217,2.976667,311.7417,922.4538,5.816666,15.81667,15.14167,14.69167,404.5603,0.9970455,33
2023-01-15 11:28:00,4.03443,952.5039,236.0474,5.573739,13.22263,8.775458,3.288667,309.5583,1010.659,5.875,16.275,15.48333,15.11667,443.529,0.9978142,33
2023-01-15 11:29:00,4.28827,1012.385,236.1851,5.566528,13.22269,8.802384,3.484667,309.6583,1076.686,5.816666,16.78333,15.94167,15.475,471.2705,0.9981143,33
2023-01-15 11:30:00,4.180739,987.0886,236.2001,5.606144,13.22256,8.829681,3.385333,309.575,1055.531,5.891666,17.05833,16.21667,15.68333,460.4848,0.997945,33
2023-01-15 11:31:00,4.145194,979.7927,236.0801,5.662171,13.22253,8.859802,3.389333,307.3833,1045.172,6.016666,17.675,16.75833,16.14167,458.5369,0.9977681,33
2023-01-15 11:32:00,3.540011,835.928,235.7859,5.817749,13.22245,8.888042999999998,2.874666,309.6417,895.8472,6.175,17.775,16.91667,16.26667,395.6074,0.9963629,33
2023-01-15 11:33:00,4.064432,952.8492,236.1116,5.900188,13.22148,8.918169,3.332,307.6917,1001.625,6.258333,18.01667,17.325,16.6,449.7759,0.9979947,33
2023-01-15 11:34:00,5.219586,1230.975,236.6469,5.952132,13.21778,8.942831,4.308,305.0583,1299.629,6.408333,18.48333,17.80833,17.2,578.5519,0.9989516,33
2023-01-15 11:35:00,5.318719,1256.826,236.8723,6.041593,13.2168,8.97427,4.405334,303.7,1327.752,6.533333,19.5,18.825,18.29167,593.2048,0.9990547,33
2023-01-15 11:36:00,5.433956,1289.571,237.2595,6.009056,13.21679,9.004395,4.489334,304.3667,1369.81,6.425,20.09167,19.55833,18.95833,608.1935,0.9986387,33
2023-01-15 11:37:00,6.121984,1449.974,237.3981,5.940786,13.21628,9.040167,5.160667,299.3,1528.937,6.275,20.56667,20.05,19.61667,687.6277,0.9990106,33
2023-01-15 11:38:00,5.567578,1326.792,237.4751,6.083186,13.21489,9.070288,4.602667,303.2,1433.274,6.458333,21.64166,20.79167,20.43333,631.3002,0.9955807,33
2023-01-15 11:39:00,5.414215,1283.055,237.5134,6.093806,13.21212,9.105688,4.564,298.3,1360.006,6.366667,22.025,21.225,20.78333,610.6692,0.9983327,33
2023-01-15 11:40:00,4.272959,1010.609,236.8858,6.243776,13.21118,9.137691,3.550667,302.475,1069.309,6.641666,22.01666,21.33333,20.80833,481.8547,0.9980752,33
2023-01-15 11:41:00,4.710481,1119.952,236.8827,6.266653,13.21117,9.175345,3.828667,308.05,1190.879,6.591667,22.05,21.49167,21.05,532.2905,0.9949228,33
2023-01-15 11:42:00,3.655858,863.5087999999998,236.2987,6.395153,13.21114,9.213001,3.018,302.7417,930.8712,6.75,22.13333,21.54167,21.04167,415.7202,0.9969485,33
2023-01-15 11:43:00,3.291065,768.7979,235.8534,6.355486,13.21113,9.24877,2.681333,305.8833,823.7544,6.8,21.675,21.275,20.675,374.2183,0.9954455,33
2023-01-15 11:44:00,3.142501,734.7274999999998,235.8417,6.325904,13.2102,9.286048,2.560667,307.0083,787.7236,6.783333,21.25833,20.86667,20.325,358.8457,0.9947756,33
2023-01-15 11:45:00,3.116455,732.2926999999999,235.8738,6.29327,13.2111,9.344412,2.558667,306.6917,784.0363,6.533333,20.99167,20.60833,20.1,357.0417,0.9947956,33
2023-01-15 11:46:00,3.194941,752.8755,235.9098,6.248124,13.20835,9.38395,2.632667,306.3917,803.7535,6.508333,20.725,20.41667,19.75,365.1214,0.9952863,33
2023-01-15 11:47:00,3.257247,763.9978,235.8721,6.149918,13.20742,9.425369000000002,2.658667,307.4833,818.2197999999999,6.308333,20.475,20.15,19.75833,369.8234,0.9951394,33
2023-01-15 11:48:00,3.533448,829.8393999999998,235.933,5.989518,13.20467,9.45681,2.932,304.95,876.5866,6.041667,19.975,19.875,19.5,397.3922,0.9966829,33
2023-01-15 11:49:00,3.520379,830.6821,236.2417,5.850078,13.20557,9.492773,2.887333,304.6167,896.4944,6.291667,20.39167,20.33333,19.89167,396.5478,0.9962538,33
2023-01-15 11:50:00,3.206233,751.8381,235.8906,5.814904,13.20557,9.532307,2.619334,307.1,804.72,6.566666,20.21667,20.23333,19.83333,362.2811,0.9954329,33
2023-01-15 11:51:00,3.32391,783.9201,235.8696,5.910935,13.20556,9.568076,2.734,307.375,835.7639,6.625,19.95,20.06667,19.66667,376.4061,0.9957204,33
2023-01-15 11:52:00,3.59124,847.013,235.9737,5.928164,13.20464,9.605734,2.957333,306.7833,900.7861,6.416667,19.99167,19.925,19.75,403.8694,0.9967951,33
2023-01-15 11:53:00,3.675774,865.1898999999999,236.3846,5.796835,13.20464,9.643385,3.014667,305.85,925.1098,6.35,19.93333,19.99167,19.60833,411.6324,0.9966369,33
2023-01-15 11:54:00,3.552282,833.95,236.1407,5.77243,13.20152,9.677276,2.900666,307.15,891.9926,6.416667,19.99167,20.05,19.625,399.3594,0.9964322,33
2023-01-15 11:55:00,3.601449,849.9768,236.1315,5.765619,13.19958,9.713047,2.973333,305.9167,905.1054,6.425,19.93333,19.98333,19.59167,407.084,0.9966965,33
2023-01-15 11:56:00,4.123081,970.8895,236.3763,5.681923,13.19925,9.746933,3.413333,304.9,1024.991,6.475,19.9,20.01667,19.63333,461.4924,0.997878,33
2023-01-15 11:57:00,6.440683,1532.26,237.4149,5.72261,13.19915,9.782333,5.392,302.8416,1581.991,6.5,20.84167,20.84167,20.55,719.7162,0.9989522,33
2023-01-15 11:58:00,5.859997,1386.051,237.686,5.718206,13.19896,9.816219,4.78,306.8583,1510.383,6.425,21.825,21.875,21.60833,666.3826,0.9978609,33
2023-01-15 11:59:00,4.795206,1132.678,237.0702,5.760481,13.19881,9.848226,4.001333,301.2083,1199.773,6.433333,22.10833,22.11667,21.94167,539.9383,0.9982926,33
2023-01-15 12:00:00,4.877256,1154.59,237.0316,5.831074,13.19827,9.882116000000002,4.049333,303.0833,1224.503,6.375,22.225,22.31667,22.15,551.4821,0.9985074,33
2023-01-15 12:01:00,5.538094,1316.489,237.3015,5.790751,13.1981,9.912237,4.722667,295.3167,1381.191,6.574999,22.55,22.66667,22.45,626.3392,0.9970326,33
2023-01-15 12:02:00,6.854279,1632.597,237.9238,5.821117,13.19348,9.942363,5.769333,301.5916,1703.837,6.783333,23.525,23.76666,23.38333,783.8642999999998,0.998585,33
2023-01-15 12:03:00,8.738749999999998,2088.856,238.9056,6.031176,13.1929,9.980017,7.631334,291.7417,2171.935,7.0,25.50833,25.61667,25.33333,1025.353,0.9983799,33
2023-01-15 12:04:00,6.184015,1463.359,238.2719,6.167643,13.19285,10.01202,5.352667,287.1583,1658.118,6.933333,26.61667,26.70833,26.40833,726.5580999999999,0.9968501,33
2023-01-15 12:05:00,4.289641,1011.744,236.6069,6.037386,13.19232,10.0478,3.661333,295.1917,1067.889,6.975,25.99167,26.2,25.84167,488.8597,0.9982374,33
2023-01-15 12:06:00,5.279116,1247.034,237.0611,6.037058,13.19226,10.07792,4.531333,293.425,1314.472,7.066666,25.95,26.05833,25.71667,595.9588,0.9988623,33
2023-01-15 12:07:00,3.749901,885.6921999999998,236.3097,6.02051,13.19131,10.11745,3.143333,295.925,979.482,6.966667,25.575,25.65833,25.29167,428.0029,0.9953507,33
2023-01-15 12:08:00,2.912001,681.5508,235.8041,6.074436,13.18849,10.15323,2.446667,297.3833,735.1049,6.975,24.40833,24.64166,24.13333,332.985,0.9926913,33
2023-01-15 12:09:00,2.717644,631.9536,235.4993,6.046243,13.18756,10.189,2.278667,298.3833,681.6375,6.883333,23.525,23.74167,23.175,308.4868,0.9908503,33
2023-01-15 12:10:00,2.726485,636.897,235.4478,6.002377,13.18706,10.21912,2.28,300.1833,684.075,6.8,22.81667,22.88333,22.29167,307.9207,0.9913394,33
2023-01-15 12:11:00,2.405515,555.3685,235.3041,5.959446,13.18429,10.25301,1.986,299.575,604.4548,6.75,22.14166,22.28333,21.64166,269.2686,0.9863576,33
2023-01-15 12:12:00,2.166765,496.5681,235.0749,5.9477,13.18701,10.28313,1.778,302.0833,540.5142,6.7,21.35,21.475,20.825,241.9877,0.9822317,33
2023-01-15 12:13:00,2.045131,469.5946,235.253,5.984512,13.18698,10.31325,1.684,303.4,511.9596,6.716667,20.74167,20.84167,20.01667,228.8894,0.9790965,33
2023-01-15 12:14:00,2.052832,473.3156,235.4024,5.89043,13.18697,10.33961,1.68,306.1167,513.9943,6.775,20.025,20.1,19.21667,229.1197,0.979836,33
2023-01-15 12:15:00,2.017874,464.3411,235.3675,5.880367,13.18694,10.36785,1.652,305.75,505.7408,6.683333,19.3,19.25833,18.50833,223.7652,0.9784426,33
2023-01-15 12:16:00,2.006114,462.1861,235.3414,5.766754,13.18693,10.39044,1.639333,307.0083,503.036,6.491666,18.8,18.74167,17.86667,222.2587,0.9783976,33
2023-01-15 12:17:00,2.026797,467.8338,235.2881,5.854292,13.18691,10.42057,1.659333,306.7167,508.2965,6.683333,18.55,18.48333,17.6,223.8996,0.9788845,33
2023-01-15 12:18:00,2.065922,478.2826,235.4494,6.010384,13.1869,10.4394,1.698,306.425,519.3337,6.941666,18.29167,18.15833,17.3,227.4596,0.980325,33
2023-01-15 12:19:00,2.108671,488.6361,235.4364,6.021266,13.18689,10.46575,1.733333,306.1833,529.7845,6.75,17.725,17.65833,16.8,231.1828,0.9811993,33
2023-01-15 12:20:00,2.162541,502.5459,235.5503,5.996476,13.18688,10.48646,1.775333,307.375,543.8741,6.8,17.35,17.35833,16.35,236.6524,0.9823239,33
2023-01-15 12:21:00,2.228417,517.7297,235.6021,6.076136,13.18688,10.51094,1.830667,306.125,560.144,6.933333,17.1,17.19167,16.28333,242.4963,0.9840081,33
2023-01-15 12:22:00,2.225263,515.4721,235.5075,6.124893,13.18687,10.526,1.816667,307.3167,558.5153,7.016666,16.74167,16.875,15.99167,241.7574,0.9836431,33
2023-01-15 12:23:00,2.216849,513.5217,235.5874,6.049177,13.18686,10.54859,1.807333,307.325,555.376,6.808333,16.4,16.46667,15.64167,241.0953,0.9831246,33
2023-01-15 12:24:00,2.225797,516.436,235.465,6.041781,13.18685,10.56177,1.822667,307.0583,559.1741,6.808333,16.25,16.36667,15.49167,241.671,0.9841968,33
2023-01-15 12:25:00,2.226273,515.4688,235.4448,6.044851,13.18655,10.57683,1.820667,306.375,558.2211,6.966667,16.00833,16.15,15.3,240.9226,0.9835064,33
2023-01-15 12:26:00,2.219278,513.9003,235.4159,6.066961,13.1864,10.58813,1.81,308.0083,557.278,6.908333,15.675,15.80833,14.96667,240.3564,0.9831415,33
2023-01-15 12:27:00,2.232123,517.9349,235.4554,6.101683,13.18607,10.60696,1.824,307.6917,560.6966,6.933333,15.53333,15.58333,14.88333,242.1317,0.9834757,33
2023-01-15 12:28:00,2.259154,525.2559,235.6267,6.138306,13.18599,10.61637,1.851333,307.0917,567.9115,6.841667,15.3,15.425,14.73333,245.3367,0.9845083,33
2023-01-15 12:29:00,2.28381,530.7509,235.6741,6.1609,13.18575,10.62955,1.87,307.4917,574.5125,6.8,15.24167,15.29167,14.59167,247.7836,0.984603,33
2023-01-15 12:30:00,2.252408,525.3126,235.4877,6.084542,13.18565,10.62955,1.87,304.7833,569.7184,6.65,14.975,14.975,14.275,249.2134,0.9843283,33
2023-01-15 12:31:00,2.320911,539.7039,235.4751,6.105448,13.18552,10.65026,1.888,309.675,583.775,6.75,14.875,14.95,14.19167,251.3436,0.9852803,33
2023-01-15 12:32:00,2.339138,544.5573,235.4834,6.002438,13.18539,10.65214,1.922,305.8083,587.1075,6.733333,14.91667,14.96667,14.225,255.3931,0.9856064,33
2023-01-15 12:33:00,2.402977,559.8677,235.496,6.070979,13.18533,10.65214,1.965333,307.975,604.1271,6.983333,15.025,15.01667,14.30833,260.1622,0.9869215,33
2023-01-15 12:34:00,2.434703,566.8611,235.4336,6.17094,13.18473,10.65214,1.983333,308.9333,612.2289,6.941666,15.15833,15.14167,14.46667,263.5208,0.9873322,33
2023-01-15 12:35:00,2.440306,567.2084,235.4279,6.183081,13.18515,10.65214,1.987333,308.075,612.6024,6.975,15.11667,15.15833,14.48333,263.6455,0.9877735,33
2023-01-15 12:36:00,2.408733,558.8611,235.3691,6.254697,13.18507,10.65591,1.964667,306.9167,604.0423,7.025,15.075,15.21667,14.525,260.2774,0.9871114,33
2023-01-15 12:37:00,2.346102,542.5079,235.3889,6.321275,13.18502,10.67097,1.897333,308.9417,587.913,6.941666,15.0,15.04167,14.41667,253.4931,0.9853337,33
2023-01-15 12:38:00,2.248432,518.0499,235.4198,6.325091,13.18497,10.67473,1.829333,306.45,562.7764,6.883333,14.89167,14.90833,14.21667,243.3407,0.9831544,33
2023-01-15 12:39:00,2.130767,488.97,235.3945,6.36079,13.18491,10.67473,1.712667,309.525,532.7068,7.074999,14.925,14.98333,14.18333,230.4823,0.9806867,33
2023-01-15 12:40:00,1.997295,456.24,235.2875,6.36508,13.18489,10.67473,1.61,307.6667,498.3988,7.05,14.69167,14.75833,13.96667,216.031,0.977124,33
2023-01-15 12:41:00,1.858724,422.0769,235.1812,6.291634,13.18483,10.67473,1.499333,306.4,462.2511,6.949999,14.29167,14.375,13.65,201.0615,0.9728264,33
2023-01-15 12:42:00,1.730598,390.7084,235.0804,6.198887,13.18436,10.67473,1.391333,306.775,429.2651,6.916667,14.03333,14.16667,13.41667,186.9844,0.9665779,33
2023-01-15 12:43:00,1.616393,362.3545,235.0006,6.241726,13.18478,10.67473,1.287333,309.4666,400.3977,6.966667,13.8,13.91667,13.18333,174.8745,0.9595193,33
2023-01-15 12:44:00,1.530308,341.4615,234.9203,6.228904,13.18476,10.67473,1.216,309.5333,377.9496,6.891666,13.48333,13.625,12.91667,164.9908,0.9547062,33
2023-01-15 12:45:00,1.462249,324.8718,234.8255,6.162555,13.18475,10.67473,1.176,305.1,360.3357,6.825,13.20833,13.31667,12.675,156.9015,0.9497284,33
2023-01-15 12:46:00,1.40164,309.646,234.7709,6.186848,13.18472,10.67473,1.124,305.8667,344.8371,6.833333,12.96667,13.09167,12.44167,149.6854,0.944617,33
2023-01-15 12:47:00,1.346232,295.7545,234.7768,6.182576,13.1838,10.67473,1.084667,303.2583,330.0712,6.758333,12.65,12.825,12.225,143.3905,0.9395646,33
2023-01-15 12:48:00,1.298902,283.858,234.7114,6.146212,13.18469,10.67473,1.037333,305.4333,317.7435,6.675,12.38333,12.59167,12.00833,137.9209,0.9333583,33
2023-01-15 12:49:00,1.260532,274.2149,234.7612,6.149078,13.18468,10.67473,1.002,305.9833,307.4337,6.683333,12.28333,12.46667,11.81667,133.2189,0.9285566,33
2023-01-15 12:50:00,1.229354,266.1493,234.6822,6.117698,13.18467,10.67473,0.9720001,307.3333,299.3239,6.675,12.05833,12.25,11.575,129.4574,0.9240997,33
2023-01-15 12:51:00,1.206232,260.0883,234.5397,6.094204,13.18466,10.65779,0.962,303.5833,292.4236,6.675,11.95833,12.05,11.35,126.5019,0.920685,33
2023-01-15 12:52:00,1.188436,256.0612,234.6219,6.016428,13.18465,10.65214,0.946,304.7417,288.5619,6.6,11.69167,11.85833,11.13333,124.3044,0.9190814,33
2023-01-15 12:53:00,1.176729,253.3884,234.9634,6.015027,13.18464,10.65214,0.934,305.8583,285.6432,6.533333,11.54167,11.725,11.04167,122.6635,0.9164868,33
2023-01-15 12:54:00,1.211743,251.2367,234.5151,5.98959,13.18464,10.64461,0.9213333,307.65,283.6591,6.508333,11.36667,11.55833,10.88333,121.5888,0.8883163,33
2023-01-15 12:55:00,1.266524,252.9349,234.4665,5.950146,13.18463,10.62955,0.9193333,308.8583,283.6355,6.508333,11.26667,11.4,10.74167,121.1282,0.8499128999999999,33
2023-01-15 12:56:00,1.271254,254.1266,234.4597,5.941857,13.18463,10.61637,0.9273334,307.4583,284.9653,6.508333,11.13333,11.3,10.64167,121.1762,0.8521155,33
2023-01-15 12:57:00,1.278516,256.3476,234.3408,5.880302,13.18462,10.58436,0.934,307.3,286.8867,6.458333,10.94167,11.14167,10.475,121.5696,0.8544078,33
2023-01-15 12:58:00,1.286713,259.1205,234.3857,5.830135,13.18462,10.5693,0.9433333,307.3167,289.7007,6.4,10.83333,11.03333,10.36667,122.3373,0.8576504999999999,33
2023-01-15 12:59:00,1.29774,262.2364,234.4265,5.784954,13.18462,10.55424,0.9553333,306.9333,292.8812,6.241667,10.70833,10.83333,10.15833,123.3256,0.8596698999999999,33
2023-01-15 13:00:00,1.311158,265.8418,234.5524,5.741211,13.18461,10.53918,0.962,308.9417,296.8462,6.183333,10.625,10.78333,10.06667,124.6115,0.8623511,33
2023-01-15 13:01:00,1.324535,269.827,234.611,5.730074,13.18461,10.52036,0.9786667,307.6667,300.6878,6.166667,10.54167,10.73333,10.00833,125.9261,0.8667793999999999,33
2023-01-15 13:02:00,1.33797,273.5267,234.6088,5.71204,13.18461,10.49964,0.9846666,310.1,304.8641,6.175,10.41667,10.63333,9.891667,127.3175,0.8692281,33
2023-01-15 13:03:00,1.353101,277.6782,234.7274,5.670192,13.1846,10.48081,0.9993333,310.1833,309.5175,6.141666,10.35833,10.56667,9.808333,128.8432,0.8724648,33
2023-01-15 13:04:00,1.369912,282.8319,234.6716,5.684785,13.18506,10.45634,1.022667,308.25,314.7287,6.166667,10.36667,10.54167,9.833333,130.6665,0.8773138999999999,33
2023-01-15 13:05:00,1.391544,288.6997,234.5894,5.71175,13.18598,10.43563,1.037333,309.4917,320.5924,6.183333,10.45833,10.61667,9.849999,132.7967,0.881812,33
2023-01-15 13:06:00,1.39366,294.5572,234.6293,5.699438,13.18689,10.40927,1.050667,311.3667,326.5074,6.158333,10.40833,10.6,9.858334,135.378,0.8982160999999999,33
2023-01-15 13:07:00,1.357572,300.9606,234.6141,5.693549,13.18963,10.38856,1.075333,311.7166,334.6277,6.133333,10.40833,10.61667,9.875,138.4199,0.9426641,33
2023-01-15 13:08:00,1.390708,309.4714,234.6139,5.719584,13.18918,10.35844,1.114,308.9,343.2747,6.108333,10.48333,10.64167,9.900001,141.7592,0.945457,33
2023-01-15 13:09:00,1.42396,317.9221,234.6898,5.726793,13.19009,10.33585,1.138667,310.475,352.5428,6.05,10.45833,10.60833,9.875,145.3001,0.948116,33
2023-01-15 13:10:00,1.459434,326.6969,234.5991,5.712343,13.19009,10.30949,1.170667,309.4583,361.5796,6.066666,10.525,10.625,9.916667,148.9465,0.9513008,33
2023-01-15 13:11:00,1.485222,333.0932,234.5958,5.729567,13.19009,10.28125,1.180667,312.725,368.8083,6.15,10.55833,10.675,9.966666,151.854,0.9537783,33
2023-01-15 13:12:00,1.499678,336.2532,234.5528,5.749634,13.19009,10.25866,1.197333,311.4667,372.5805,6.225,10.61667,10.75,10.025,153.5141,0.9545758,33
2023-01-15 13:13:00,1.500407,336.3358,234.6651,5.786833,13.19013,10.23606,1.206,308.2167,371.9083,6.233334,10.775,10.85,10.15833,153.4182,0.9549322,33
2023-01-15 13:14:00,1.479226,330.3382,234.6916,5.836168,13.19053,10.21347,1.18,309.1333,365.5935,6.241667,10.89167,10.95833,10.28333,151.2879,0.9518824,33
2023-01-15 13:15:00,1.44252,320.9447,234.588,5.85433,13.1905,10.189,1.151333,308.5333,356.2379,6.233333,10.9,10.925,10.25833,147.5455,0.9505125,33
2023-01-15 13:16:00,1.394826,308.1324,234.4786,5.87317,13.1909,10.17582,1.106667,309.1917,343.2658,6.158333,10.875,10.89167,10.24167,142.6804,0.944558,33
2023-01-15 13:17:00,1.339273,294.0642,234.4993,5.880133,13.19085,10.15511,1.046667,312.9583,328.7324,6.175,10.94167,10.98333,10.3,137.3068,0.9396858,33
2023-01-15 13:18:00,1.292185,281.9269,234.3497,5.898515,13.1922,10.13439,1.02,308.925,315.9419,6.233334,10.90833,10.95833,10.33333,132.125,0.9334652,33
2023-01-15 13:19:00,1.247675,270.8216,234.3561,5.916616,13.19078,10.12686,0.9966667,303.6167,303.4626,6.225,10.91667,10.90833,10.33333,127.7781,0.928503,33
2023-01-15 13:20:00,1.218415,263.458,234.411,5.939514,13.19038,10.10992,0.9586666,308.8667,296.4621,6.1,10.81667,10.84167,10.25,124.3716,0.9237822,33
2023-01-15 13:21:00,1.198168,258.4154,234.3174,5.921015,13.19163,10.08733,0.9473333,305.725,290.1217,6.058333,10.78333,10.75,10.19167,122.3085,0.920227,33
2023-01-15 13:22:00,1.186379,255.2012,234.1471,5.920538,13.19085,10.08545,0.9433333,305.075,287.9991,6.133333,10.725,10.75,10.14167,121.1858,0.9191305,33
2023-01-15 13:23:00,1.181675,254.3283,234.1074,5.967477,13.19149,10.06474,0.9326667,305.55,284.9164,6.266666,10.73333,10.73333,10.175,120.7252,0.9187552,33
2023-01-15 13:24:00,1.179002,253.5213,234.215,5.952266,13.1912,10.05533,0.9353333,306.7583,286.8389,6.216667,10.7,10.68333,10.15,120.658,0.9172081,33
2023-01-15 13:25:00,1.176324,253.1655,234.7093,5.892573,13.19175,10.04215,0.934,306.3,286.3637,6.15,10.61667,10.6,10.06667,120.6196,0.9160998,33
2023-01-15 13:26:00,1.203555,251.6532,234.3585,5.896643,13.19195,10.02708,0.9206667,307.65,283.3594,6.166667,10.65833,10.61667,10.05833,120.159,0.8925996,33
2023-01-15 13:27:00,1.259972,250.9177,234.2371,5.949259,13.19199,10.01767,0.918,306.125,281.2725,6.275,10.68333,10.69167,10.09167,119.209,0.8491206,33
2023-01-15 13:28:00,1.248656,247.0878,234.35,6.004043,13.1912,9.99696,0.904,306.6417,277.4077,6.291667,10.65833,10.63333,10.11667,117.9808,0.8447335,33
2023-01-15 13:29:00,1.239724,244.3343,234.4939,5.978332,13.19172,9.99696,0.8973333,305.8083,274.5781,6.208333,10.65,10.625,10.01667,116.8389,0.8402021,33
2023-01-15 13:30:00,1.230422,241.7191,234.6586,5.893422,13.19178,9.980017,0.8806667,309.1917,272.4352,5.983333,10.53333,10.45,9.925,115.9273,0.8371788,33
2023-01-15 13:31:00,1.226021,240.5927,234.6292,5.868677,13.19232,9.972486,0.8786667,309.1417,271.6837,6.0,10.475,10.44167,9.833333,115.6682,0.8355232999999999,33
2023-01-15 13:32:00,1.226694,241.484,234.3475,5.872076,13.19189,9.951778,0.876,309.5667,271.0502,6.0,10.475,10.375,9.766666,116.0712,0.8391886,33
2023-01-15 13:33:00,1.236447,243.9814,234.3185,5.886815,13.19243,9.948012,0.8966667,306.575,274.5725,6.108333,10.50833,10.44167,9.858334,117.3187,0.8408896,33
2023-01-15 13:34:00,1.254523,249.3044,234.6766,5.89853,13.192,9.92918,0.908,308.1167,279.0581,6.2,10.5,10.4,9.8,119.4393,0.8437394999999999,33
2023-01-15 13:35:00,1.275243,255.2587,235.0272,5.922827,13.19204,9.917885,0.9260001,308.275,285.0325,6.033333,10.525,10.375,9.841666,121.9534,0.8489525,33
2023-01-15 13:36:00,1.292792,260.367,234.9117,5.959977,13.19207,9.90659,0.95,306.2166,290.5973,6.125,10.50833,10.4,9.866667,124.6211,0.8553709,33
2023-01-15 13:37:00,1.312516,265.9478,234.6161,5.945973,13.1921,9.893412,0.9606667,310.4333,297.6891,6.05,10.43333,10.34167,9.8,127.1352,0.8613773999999998,33
2023-01-15 13:38:00,1.329931,270.6524,234.4785,5.87792,13.19213,9.883999,0.9786667,309.6667,302.6196,6.008333,10.39167,10.325,9.766666,129.4478,0.8651885999999999,33
2023-01-15 13:39:00,1.349407,276.5211,234.5138,5.897256,13.19306,9.867056,0.9933333,309.2583,306.568,6.1,10.44167,10.36667,9.866667,132.0483,0.8713574,33
2023-01-15 13:40:00,1.37661,284.106,234.7052,5.901537,13.19217,9.861408,1.017333,310.1,314.8272,6.016666,10.425,10.39167,9.858334,135.7427,0.8759854,33
2023-01-15 13:41:00,1.396936,293.8381,235.1582,5.934206,13.19264,9.840693000000002,1.053333,310.3667,325.8728,6.066666,10.55,10.45833,9.958333,140.2623,0.8899702999999999,33
2023-01-15 13:42:00,1.362347,302.8035,235.3044,6.015104,13.1922,9.83881,1.082667,312.725,337.628,6.083333,10.66667,10.55,10.025,145.3961,0.94062,33
2023-01-15 13:43:00,1.404836,313.7414,235.1629,6.055374,13.19313,9.819984,1.117333,311.0583,346.5454,6.225,10.83333,10.725,10.20833,150.0692,0.9465535,33
2023-01-15 13:44:00,1.44453,323.2515,234.7665,6.076557,13.19222,9.816219,1.144667,312.25,356.5603,6.275,10.93333,10.825,10.30833,154.752,0.9501196,33
2023-01-15 13:45:00,1.493652,335.6737,234.7189,6.084388,13.1927,9.816219,1.190667,311.7083,369.9016,6.275,11.01667,10.88333,10.41667,160.2504,0.9538785,33
2023-01-15 13:46:00,1.551105,351.1495,234.8262,6.05398,13.19224,9.803041,1.238667,313.2833,386.301,6.116666,11.1,10.975,10.45833,167.4569,0.9586188,33
2023-01-15 13:47:00,1.634065,372.1861,235.2759,6.035918,13.19225,9.793629,1.320667,310.5333,408.4415,6.225,11.25833,11.125,10.58333,176.4674,0.962885,33
2023-01-15 13:48:00,1.711185,392.0476,235.2923,6.073027,13.19226,9.793629,1.386667,310.425,428.2503,6.175,11.34167,11.19167,10.725,185.4299,0.9672828,33
2023-01-15 13:49:00,1.787993,408.9961,234.9147,6.053566,13.19227,9.778568000000002,1.447333,309.775,447.4731,6.216667,11.375,11.25833,10.825,192.9338,0.9708845,33
2023-01-15 13:50:00,1.827409,419.4832,234.9408,5.988861,13.19227,9.771038,1.482667,309.5333,457.7242,6.175,11.375,11.28333,10.86667,197.4438,0.9735148,33
2023-01-15 13:51:00,1.886444,433.1118,234.8687,5.957443,13.19228,9.771038,1.534,307.9167,472.0087,6.166667,11.53333,11.45833,10.98333,203.6907,0.9750113,33
2023-01-15 13:52:00,1.918737,441.7074,234.9371,5.995265,13.19228,9.771038,1.554,310.3917,480.9856,6.258333,11.675,11.61667,11.15,207.4043,0.9766684,33
2023-01-15 13:53:00,1.958389,450.3258,234.9168,5.978127,13.19228,9.771038,1.586667,309.6167,490.8105,6.208333,11.725,11.7,11.2,210.9644,0.9772036,33
2023-01-15 13:54:00,1.979442,455.1815,234.733,5.961695,13.19229,9.771038,1.595333,310.7917,495.2299,6.091667,11.70833,11.65,11.26667,213.3345,0.977757,33
2023-01-15 13:55:00,1.992478,457.6247,234.7615,5.99456,13.19183,9.762563,1.599333,311.3583,498.0714,6.1,11.86667,11.75,11.35,214.4189,0.977974,33
2023-01-15 13:56:00,1.994051,458.4337,234.7966,6.045425,13.19229,9.750698000000002,1.614,308.925,498.6734,6.233334,11.9,11.88333,11.43333,214.7931,0.9783359,33
2023-01-15 13:57:00,1.955904,447.9996,234.9054,6.043989,13.1923,9.750698000000002,1.576667,309.525,488.994,6.208333,11.90833,11.925,11.48333,210.3215,0.9771263,33
2023-01-15 13:58:00,1.923517,440.9394,234.9582,6.064686,13.19184,9.750698000000002,1.556,309.5583,481.9027,6.208333,12.00833,11.975,11.53333,207.8937,0.9755466,33
2023-01-15 13:59:00,1.916788,439.472,234.9959,6.008996,13.1923,9.750698000000002,1.534667,312.6167,479.6527,6.033333,12.05,11.96667,11.53333,207.1932,0.9752037,33
2023-01-15 14:00:00,1.928218,442.9828,234.9704,6.028982,13.1923,9.750698000000002,1.549333,312.3667,483.3698,6.241667,12.05,12.04167,11.55,208.7669,0.9756627,33
2023-01-15 14:01:00,1.955643,450.2869,235.0087,6.035914,13.1923,9.741285,1.573333,311.9833,489.9176,6.241667,12.15833,12.05833,11.61667,211.9528,0.9768689,33
2023-01-15 14:02:00,2.016531,466.4512,235.0531,6.019537,13.1923,9.72999,1.623333,313.275,506.8538,6.316666,12.13333,12.14167,11.63333,218.9193,0.9792457,33
2023-01-15 14:03:00,2.101569,487.4623,235.1238,6.00336,13.1923,9.728107,1.693333,313.4083,528.5386,6.258333,12.225,12.25833,11.73333,228.0737,0.9815671,33
2023-01-15 14:04:00,2.222459,517.7498,235.003,6.024525,13.1923,9.72999,1.793333,313.3083,558.9586,6.358333,12.35,12.44167,11.93333,240.9226,0.983933,33
2023-01-15 14:05:00,2.2825,530.2697,235.0993,6.092582,13.19184,9.728107,1.843333,311.45,573.8314,6.458333,12.55,12.60833,12.10833,246.4786,0.9851006,33
2023-01-15 14:06:00,2.233528,512.844,235.0594,6.084011,13.19185,9.728107,1.768,313.2667,558.0526,6.466667,12.675,12.75,12.28333,238.9554,0.9833774,33
2023-01-15 14:07:00,2.067312,472.9551,234.965,6.109704,13.19185,9.728107,1.640667,312.4083,515.1489,6.475,12.81667,12.91667,12.38333,222.4026,0.979634,33
2023-01-15 14:08:00,2.010596,462.8161,234.7931,6.143469,13.19139,9.731873,1.608,313.4667,503.0321,6.5,12.84167,12.925,12.40833,217.9885,0.9787452,33
2023-01-15 14:09:00,2.022309,464.9851,234.9044,6.209344,13.19077,9.735638,1.614,313.3667,506.1894,6.516666,12.925,13.04167,12.54167,218.9673,0.9788251,33
2023-01-15 14:10:00,2.020931,466.451,235.2709,6.24948,13.19092,9.750698000000002,1.634667,310.175,506.4548,6.525,12.875,13.04167,12.53333,219.0441,0.978528,33
2023-01-15 14:11:00,2.033057,467.7384,235.3853,6.14243,13.18489,9.750698000000002,1.642,309.5916,509.2086,6.408333,12.89167,13.0,12.55,219.1113,0.9785569,33
2023-01-15 14:12:00,2.022658,466.733,235.194,6.149566,13.18716,9.750698000000002,1.632667,311.5,507.49,6.4,12.99167,13.125,12.58333,218.5835,0.9784811,33
2023-01-15 14:13:00,2.059808,475.2757,235.1771,6.128865,13.1871,9.750698000000002,1.67,309.5583,516.4434,6.4,13.00833,13.11667,12.66667,221.7597,0.9795045,33
2023-01-15 14:14:00,2.040467,468.2168,235.262,6.146396,13.18707,9.757478,1.648,307.9333,509.8028,6.5,13.025,13.18333,12.64167,218.2476,0.9790909,33
2023-01-15 14:15:00,1.959954,449.4935,235.2295,6.056551,13.18704,9.771038,1.588,308.0167,489.5638,6.433333,12.98333,13.175,12.575,209.976,0.9769018,33
2023-01-15 14:16:00,1.919038,439.3717,235.184,6.074114,13.18701,9.769343,1.556,307.55,479.6122,6.483333,13.1,13.24167,12.68333,205.6195,0.9751315,33
2023-01-15 14:17:00,1.870296,427.8509,235.2761,6.092953,13.187,9.771038,1.515333,307.675,467.0928,6.358333,13.10833,13.3,12.76667,200.5241,0.974,33
2023-01-15 14:18:00,1.845657,422.5404,235.303,6.134348,13.18604,9.771038,1.504667,306.95,462.028,6.483333,13.15833,13.30833,12.75833,198.1827,0.9732618,33
2023-01-15 14:19:00,1.839785,421.0515,235.2779,6.15219,13.18695,9.771038,1.508667,304.5583,459.4378,6.558333,13.125,13.28333,12.71667,197.3767,0.972399,33
2023-01-15 14:20:00,1.827405,417.8672,235.2772,6.231627,13.18693,9.774803,1.490667,306.4083,457.0827,6.558333,13.18333,13.35,12.775,195.707,0.9721276,33
2023-01-15 14:21:00,1.803827,411.1132,235.0516,6.290093,13.18692,9.786098,1.460667,307.325,449.6436,6.6,13.2,13.375,12.83333,192.4636,0.9704838,33
2023-01-15 14:22:00,1.767951,402.2714,234.9808,6.304807,13.18691,9.793629,1.432,307.3083,440.9005,6.591667,13.06667,13.26667,12.73333,188.4813,0.9686084,33
2023-01-15 14:23:00,1.726744,391.563,234.9375,6.174932,13.18689,9.793629,1.413333,303.0,429.2477,6.466667,12.95,13.13333,12.625,184.0769,0.9670901,33
2023-01-15 14:24:00,1.683847,380.3745,234.7413,6.065014,13.18689,9.793629,1.352667,308.5417,418.3456,6.366667,12.79167,13.025,12.43333,179.1254,0.9656728,33
2023-01-15 14:25:00,1.634749,368.4054,235.0189,6.100143,13.18687,9.814337,1.317333,307.4083,405.8964,6.325,12.725,12.925,12.475,173.7901,0.9621286,33
2023-01-15 14:26:00,1.589672,357.946,235.0264,6.122738,13.18687,9.816219,1.286,306.4083,394.639,6.308333,12.65,12.90833,12.39167,169.0018,0.958883,33
2023-01-15 14:27:00,1.552895,348.7039,235.0414,6.095613,13.18686,9.816219,1.242667,309.5417,385.4806,6.383333,12.60833,12.84167,12.36667,164.818,0.9574429,33
2023-01-15 14:28:00,1.51144,337.9161,234.8804,6.066347,13.18686,9.816219,1.215333,306.9917,374.0771,6.258333,12.54167,12.70833,12.26667,160.0681,0.9541246,33
2023-01-15 14:29:00,1.466768,327.1164,234.9721,6.007096,13.18685,9.816219,1.179333,306.4,362.3465,6.108333,12.35,12.55833,12.13333,155.0207,0.9505027,33
2023-01-15 14:30:00,1.421963,315.2332,234.9417,6.027084,13.18685,9.816219,1.132667,308.5667,350.5449,6.133333,12.24167,12.44167,12.06667,150.0884,0.9465697,33
2023-01-15 14:31:00,1.381634,305.3918,234.7952,6.066523,13.18684,9.83128,1.099333,308.2166,339.6273,6.166667,12.1,12.35833,11.98333,145.6264,0.9430441,33
2023-01-15 14:32:00,1.346736,296.1089,234.7473,6.091238,13.18684,9.83881,1.072,307.975,330.7686,6.333333,11.95833,12.25833,11.83333,141.8072,0.9391569,33
2023-01-15 14:33:00,1.31659,289.2319,234.7512,6.093379,13.18684,9.83881,1.055333,305.4,322.851,6.408333,11.88333,12.16667,11.76667,138.4775,0.9359319,33
2023-01-15 14:34:00,1.28828,281.8369,234.7664,6.149052,13.18684,9.83881,1.033333,304.8583,315.7771,6.358333,11.85,12.10833,11.71667,135.0805,0.9320812,33
2023-01-15 14:35:00,1.25799,273.5623,234.7953,6.144769,13.18683,9.83881,1.003333,305.45,306.9636,6.233334,11.65833,11.89167,11.54167,131.5589,0.9278186,33
2023-01-15 14:36:00,1.22683,265.3171,234.705,6.117871,13.18683,9.842576,0.9720001,306.3167,298.6281,6.216667,11.55833,11.8,11.45,127.8933,0.9234636,33
2023-01-15 14:37:00,1.192293,256.5675,234.6139,5.992418,13.18683,9.857642,0.9333333,308.575,288.6696,5.949999,11.36667,11.60833,11.275,124.007,0.9190444,33
2023-01-15 14:38:00,1.239256,248.4223,234.5847,5.956232,13.18683,9.861408,0.92,303.275,279.5891,5.908333,11.25,11.45833,11.18333,120.0343,0.8550238,33
2023-01-15 14:39:00,1.226998,240.978,234.5564,5.959087,13.18682,9.861408,0.8800001,306.7833,270.8429,6.016666,11.15833,11.375,10.98333,116.1,0.838771,33
2023-01-15 14:40:00,1.198841,232.7896,234.644,6.031193,13.18591,9.861408,0.8573334,305.1333,262.1153,6.158333,11.075,11.25833,10.88333,112.396,0.8284673999999999,33
2023-01-15 14:41:00,1.173268,225.2252,234.5309,5.999066,13.18682,9.861408,0.8319999999999999,304.825,254.3433,6.2,10.85833,11.10833,10.7,108.9895,0.8198609,33
2023-01-15 14:42:00,1.146451,217.476,234.5053,5.901251,13.18682,9.861408,0.8046666999999998,306.35,247.0772,6.208333,10.725,10.90833,10.46667,105.842,0.8100981,33
2023-01-15 14:43:00,1.124492,211.2419,234.5375,5.826986,13.18682,9.861408,0.7893333,303.2166,239.7481,6.166667,10.54167,10.75833,10.23333,102.8098,0.8018406,33
2023-01-15 14:44:00,1.102444,203.9995,234.6667,5.818417,13.18454,9.861408,0.7553334,307.5583,232.9016,6.175,10.41667,10.6,10.1,99.84464,0.7894398999999999,33
2023-01-15 14:45:00,1.081587,197.6138,234.6833,5.855551,13.1864,9.861408,0.7346666,306.6583,225.7971,6.108333,10.325,10.54167,10.01667,96.97549,0.7804847,33
2023-01-15 14:46:00,1.061811,191.8,234.6082,5.908392,13.18601,9.861408,0.7179999999999999,306.075,220.1621,6.191666,10.30833,10.5,9.958333,94.1927,0.7698258,33
2023-01-15 14:47:00,1.043191,185.9012,234.5978,5.964798,13.1865,9.861408,0.6966666999999999,305.7583,213.5905,6.191666,10.26667,10.39167,9.85,91.40031,0.7599662999999999,33
2023-01-15 14:48:00,1.023661,179.7198,234.6268,5.989787,13.18562,9.861408,0.6833333,301.4083,206.5532,6.158333,10.18333,10.30833,9.783334,88.55034999999998,0.7479957999999999,33
2023-01-15 14:49:00,1.005857,173.4951,234.7413,5.973366,13.18612,9.861408,0.6613333999999998,302.975,200.9167,5.975,10.06667,10.18333,9.666667,85.85391,0.7351600999999999,33
2023-01-15 14:50:00,0.9892795,167.9063,234.9092,5.954089,13.18659,9.861408,0.636,304.525,194.0603,6.008333,9.958333,10.125,9.599999,83.06153,0.7228503,33
2023-01-15 14:51:00,0.9725686,162.1639,234.6036,5.937666,13.18663,9.861408,0.6226667,301.3167,188.0058,6.158333,9.841666,9.991667,9.483333,80.40348,0.7117805,33
2023-01-15 14:52:00,0.9558089,156.0404,234.5183,5.810825,13.18665,9.853875,0.6046667,300.125,182.2495,6.091667,9.7,9.875,9.308333,77.98533,0.6965638,33
2023-01-15 14:53:00,0.9416537,150.7545,234.8466,5.717077,13.1853,9.83881,0.5853333,301.175,176.495,5.991666,9.516666,9.683333,9.108333,75.68232999999998,0.6826571999999999,33
2023-01-15 14:54:00,0.9299843,146.2004,234.8171,5.668503,13.18669,9.83881,0.566,302.9167,171.8379,5.866667,9.383334,9.525,8.949999999999998,73.52326999999998,0.6701095999999999,33
2023-01-15 14:55:00,0.9203854,141.9626,234.9409,5.674932,13.1867,9.83881,0.5546666999999998,300.4333,167.0473,5.8,9.258333,9.400001,8.791667,71.49855,0.6570867,33
2023-01-15 14:56:00,0.9099175,137.9942,234.9861,5.656918,13.18672,9.818102,0.538,301.725,162.6873,5.833333,9.075,9.258333,8.658333,69.70412,0.6454261,33
2023-01-15 14:57:00,0.9007507,134.2999,234.9905,5.635732,13.18672,9.816219,0.524,302.8917,158.9099,5.841667,9.0,9.175,8.558332999999998,67.96729,0.6339862,33
2023-01-15 14:58:00,0.8924541999999999,131.1912,234.8937,5.612916,13.18674,9.804924,0.5153334,302.0417,155.8094,5.833333,8.941667,9.083333,8.449999999999998,66.43195,0.625213,33
2023-01-15 14:59:00,0.8861586999999999,128.4827,234.9778,5.591529,13.18675,9.793629,0.504,301.9917,152.6206,5.808333,8.866666999999998,9.016666,8.383333,64.91581,0.6170058,33
2023-01-15 15:00:00,0.8799477,125.5447,235.1002,5.579943,13.18676,9.772921,0.5006667,299.5583,149.9915,5.833333,8.8,8.974999,8.258333,63.91784,0.6071864999999999,33
2023-01-15 15:01:00,0.8756935999999998,123.8072,235.1127,5.560339,13.18631,9.767648,0.4906667,301.125,148.038,5.8,8.708332999999998,8.891667,8.183332999999998,62.93907,0.6012927999999998,33
2023-01-15 15:02:00,0.8716555,122.2533,235.098,5.535172,13.18677,9.746933,0.4873333,299.5,145.9589,5.8,8.658333,8.866666999999998,8.125,62.15221,0.5956200999999999,33
2023-01-15 15:03:00,0.8676502999999999,120.6411,235.1121,5.501904,13.18678,9.728107,0.4819999999999999,299.5,144.5277,5.691666,8.583332999999998,8.699999999999998,7.991666,61.44212,0.5912661,33
2023-01-15 15:04:00,0.8646618,119.166,235.113,5.50816,13.18678,9.713047,0.4766667,299.8833,143.0875,5.691667,8.525,8.699999999999998,7.949999,60.75122,0.5860813,33
2023-01-15 15:05:00,0.8614171,117.6113,235.0778,5.482752,13.18816,9.694221,0.4719999999999999,299.975,141.6847,5.666667,8.516666,8.65,7.875,60.07951,0.5813091,33
2023-01-15 15:06:00,0.8578780999999999,116.6259,235.0612,5.481863,13.19045,9.67916,0.4633333,302.3333,140.0701,5.616666,8.416667,8.541667,7.8,59.45578,0.5774476,33
2023-01-15 15:07:00,0.8547472,115.2664,234.9888,5.502455,13.19228,9.652798,0.462,299.8,138.6449,5.666667,8.324999999999998,8.466666,7.716667,58.87043,0.5733088,33
2023-01-15 15:08:00,0.8518208,114.0945,235.133,5.5061,13.19229,9.635855,0.4586666999999999,299.6833,137.6478,5.625,8.266666,8.375,7.658333,58.28509,0.5708090999999998,33
2023-01-15 15:09:00,0.8495622999999999,112.6162,235.1618,5.434984,13.19229,9.611382,0.4526666999999999,301.075,136.3111,5.458333,8.141666,8.324999999999998,7.558333,57.8053,0.5635324999999999,33
2023-01-15 15:10:00,0.8473669999999999,111.5624,235.2667,5.346926,13.19367,9.590672,0.448,301.3833,134.9998,5.433333,8.058332999999998,8.241666,7.441665999999999,57.35429,0.5593035,33
2023-01-15 15:11:00,0.8459145999999998,110.7213,235.2146,5.294863,13.19733,9.562428,0.4473332999999999,298.2166,133.6905,5.358333,7.991666,8.158333,7.375,56.84571,0.5556189999999999,33
2023-01-15 15:12:00,0.8427438,109.3699,234.9212,5.264226,13.19779,9.539837,0.4413332999999999,300.625,132.7001,5.391666,7.966667,8.108334,7.341667,56.38512,0.5535113,33
2023-01-15 15:13:00,0.8388309,107.8783,234.4517,5.253386,13.19779,9.513481,0.432,302.325,130.739,5.425,7.941665999999999,8.099999,7.316665999999999,55.81896,0.5496189,33
2023-01-15 15:14:00,0.8364801,106.7747,234.4655,5.2616,13.19779,9.489008,0.4299999999999999,300.375,129.3059,5.341667,7.9,8.058332999999998,7.258333,55.19523,0.5436961999999999,33
2023-01-15 15:15:00,0.8321013999999999,105.0006,234.4734,5.212552,13.19596,9.457373,0.4233333,302.8833,128.153,5.308333,7.833332999999999,7.983333,7.216667,54.61948,0.5376859,33
2023-01-15 15:16:00,0.8307107,103.7737,234.5563,5.217691,13.19825,9.429134,0.4199999999999999,301.1833,126.642,5.383333,7.816665999999999,7.958332999999999,7.208332999999999,54.05333,0.5324315,33
2023-01-15 15:17:00,0.8280300999999999,102.2733,234.745,5.237598,13.20009,9.402779,0.4193333,297.9583,124.994,5.341667,7.816665999999999,7.974999999999999,7.183333,53.33364,0.5272869,33
2023-01-15 15:18:00,0.8243511,101.1252,234.4496,5.229175,13.20238,9.368886,0.4139999999999999,298.9,123.8453,5.366667,7.833332999999999,7.991666,7.158333,52.96899,0.5227311,33
2023-01-15 15:19:00,0.8232458,100.3714,234.5285,5.217655,13.20329,9.336882,0.4119999999999999,298.6333,123.0165,5.383333,7.8,7.941665999999999,7.158333,52.59476,0.5200350999999999,33
2023-01-15 15:20:00,0.8210692,99.69082,234.5322,5.213973,13.20355,9.310526,0.4066666999999999,300.2833,122.3443,5.35,7.825,7.933333,7.15,52.30688,0.5178728,33
2023-01-15 15:21:00,0.8209636,99.06159,234.5108,5.226202,13.20374,9.275126,0.4,304.45,121.6897,5.366667,7.808333,7.933333,7.158333,52.11496,0.5134321,33
2023-01-15 15:22:00,0.8212462,98.73582,234.4822,5.195353,13.20321,9.24877,0.404,299.55,121.1102,5.375,7.783333,7.916667,7.116666,52.04779,0.5125807,33
2023-01-15 15:23:00,0.8201958999999999,98.89999,234.5153,5.159748,13.2041,9.220531,0.4053333,298.8416,121.0537,5.308333,7.758333,7.908333,7.091667,51.97103,0.5127103,33
2023-01-15 15:24:00,0.8201513,98.14651,234.3615,5.116304,13.20633,9.186645,0.3946666999999999,305.2,120.6234,5.225,7.716667,7.866666999999999,7.091667,51.91345,0.5105904,33
2023-01-15 15:25:00,0.8201205,97.9837,234.0844,5.059483,13.2086,9.156517,0.396,305.5833,120.9956,5.233334,7.658333,7.808333,7.016666,51.77911,0.5097872,33
2023-01-15 15:26:00,0.8198427999999999,98.12722,233.948,4.989326,13.20902,9.124514,0.3993333,301.975,120.4877,5.233334,7.625,7.783333,6.983333,51.65437,0.5118177,33
2023-01-15 15:27:00,0.8198020999999999,97.2692,233.8815,4.993155,13.20929,9.094955,0.4,301.35,120.7246,5.266667,7.658333,7.8,6.983333,51.44326,0.5078591,33
2023-01-15 15:28:00,0.8191720999999998,96.99699,234.1175,4.973115,13.20942,9.060875,0.394,304.6417,119.8335,5.283333,7.641666,7.791667,6.991666,51.16498,0.5049784,33
2023-01-15 15:29:00,0.8183941999999998,96.27467,234.3354,4.96447,13.20971,9.028872,0.398,299.0167,119.1297,5.35,7.65,7.816665999999999,7.025,50.98265,0.5026313,33
2023-01-15 15:30:00,0.8179326999999998,95.69153,234.3482,4.97274,13.20978,8.998746,0.3946666999999999,300.3167,118.5935,5.391666,7.691667,7.8,7.008333,50.70438,0.4985905999999999,33
2023-01-15 15:31:00,0.8190176,95.5384,234.3023,4.961483,13.21,8.964857,0.3933333,300.075,118.0255,5.391666,7.666667,7.8,7.0,50.33974,0.4973586999999999,33
2023-01-15 15:32:00,0.8156723,93.67889,233.7185,4.96801,13.20917,8.932288,0.378,306.7917,116.2256,5.366667,7.675,7.833332999999999,7.041666,49.85035,0.4927233999999999,33
2023-01-15 15:33:00,0.8164991,93.59415,233.7914,4.965077,13.21112,8.903107999999998,0.3853332999999999,297.5833,114.7563,5.3,7.641666,7.783333,6.966667,49.2746,0.4890925999999999,33
2023-01-15 15:34:00,0.8152751,91.8942,233.776,4.965268,13.21443,8.869215,0.38,296.55,112.8108,5.291667,7.591667,7.741666999999999,6.891666,48.49734,0.4803982,33
2023-01-15 15:35:00,0.812741,89.21897,233.8363,4.95853,13.21495,8.839093999999998,0.3706667,298.4833,110.7944,5.283333,7.516666,7.633333,6.85,47.58574,0.4697202999999999,33
2023-01-15 15:36:00,0.8134858999999999,87.65921,233.8201,4.943287,13.21599,8.804078,0.37,292.2833,108.3075,5.258334,7.449999,7.599999999999999,6.825,46.67413,0.4593515,33
2023-01-15 15:37:00,0.8161245,85.51246,234.3013,4.957845,13.21602,8.777341,0.3613333,294.3917,106.5771,5.283333,7.449999,7.608333,6.8,45.66656,0.4469253999999999,33
2023-01-15 15:38:00,0.8132641,82.90656,234.3112,4.938268,13.2161,8.741569999999998,0.3553333,289.1417,103.113,5.275,7.383333,7.566665999999999,6.783333,44.64941,0.4336793999999999,33
2023-01-15 15:39:00,0.8077775999999999,80.18510999999998,233.895,4.921523,13.2166,8.711449,0.3413334,293.7583,100.3996,5.233334,7.408333,7.558333,6.8,43.48831,0.4242259999999999,33
2023-01-15 15:40:00,0.8072848999999999,78.94938999999998,233.7585,4.924716,13.21618,8.679816,0.33,300.625,99.19574,5.266667,7.391666,7.491666,6.733334,42.3752,0.4184813,33
2023-01-15 15:41:00,0.8021477,75.75015,233.6464,4.935155,13.21852,8.649693,0.316,304.875,96.54654,5.241667,7.333332999999999,7.449999,6.691666,41.27168,0.4035544999999999,33
2023-01-15 15:42:00,0.8018634,74.32127,233.8309,4.926284,13.22037,8.619572,0.3153332999999999,297.6333,94.21041,5.175,7.291667,7.416667,6.616666,40.18735,0.3957616999999999,33
2023-01-15 15:43:00,0.7988564,71.7723,234.1438,4.869012,13.22042,8.587562,0.3066667,299.5167,91.758,5.058333,7.216667,7.333332999999999,6.591667,39.18938,0.3849124999999999,33
2023-01-15 15:44:00,0.7976693999999999,69.11485,234.073,4.850634,13.22135,8.560074999999998,0.3059999999999999,284.8583,87.71206999999998,5.0,7.183333,7.283333,6.533333,38.09546,0.3686495,33
2023-01-15 15:45:00,0.7927842,67.18163,233.8184,4.8533,13.22184,8.53146,0.2953333,292.1333,86.25960999999998,5.008333,7.125,7.291667,6.5,37.02073,0.3641602999999999,33
2023-01-15 15:46:00,0.7880487,64.97424,233.5667,4.83778,13.22186,8.497572,0.2826666999999999,292.875,83.06341,4.916667,7.066666,7.191666,6.425,35.86922,0.3520316,33
2023-01-15 15:47:00,0.7829460999999999,62.02423,233.4961,4.842002,13.22187,8.47121,0.27,298.4833,80.83287,4.966667,7.008333,7.125,6.358333,34.51621,0.3391095,33
2023-01-15 15:48:00,0.7793683,58.67945,233.5123,4.818365,13.2219,8.439206,0.2586667,299.8,77.70747,4.975,7.008333,7.15,6.35,33.05764,0.3227603,33
2023-01-15 15:49:00,0.7765847,55.28494,233.9435,4.815605,13.2219,8.40946,0.2506667,289.8,73.23634,4.908333,6.925,7.083333,6.275,31.39757,0.3051115999999999,33
2023-01-15 15:50:00,0.7707992,51.26989,234.0971,4.809563,13.22192,8.384981,0.2333332999999999,293.975,68.79367,4.9,6.858333,6.983333,6.208333,29.49759,0.2836381,33
2023-01-15 15:51:00,0.7626304999999999,46.89751,233.5709,4.777809,13.22376,8.35486,0.2173333,294.7333,64.41187,4.841667,6.766666,6.883333,6.125,27.50166,0.2657975,33
2023-01-15 15:52:00,0.7543961,42.67322,233.2786,4.760852,13.22561,8.330197999999998,0.2079999999999999,285.8083,59.7112,4.675,6.683333,6.816666,6.05,25.64966,0.2425504,33
2023-01-15 15:53:00,0.7485135,39.4683,233.3736,4.754247,13.22745,8.298759,0.1906666999999999,293.7083,56.22307,4.658333,6.658333,6.75,6.008333,24.1719,0.2254642,33
2023-01-15 15:54:00,0.7433756,36.72677,233.5383,4.746566,13.22745,8.270514,0.1813333,294.775,53.81674,4.691667,6.6,6.733333,5.975,23.01081,0.2113075,33
2023-01-15 15:55:00,0.743496,34.53978,233.8969,4.727191,13.22746,8.244158,0.1706667,295.8583,50.77127,4.65,6.55,6.683333,5.9,21.92648,0.1990532999999999,33
2023-01-15 15:56:00,0.7410563,31.06213,233.7851,4.726863,13.22747,8.216107,0.1566666999999999,300.8416,47.32454,4.666667,6.5,6.6,5.875,20.65983,0.1801047,33
2023-01-15 15:57:00,0.7354483,27.70753,233.4514,4.703635,13.22702,8.188055,0.1446667,301.4666,44.0108,4.658333,6.358333,6.5,5.725,19.19167,0.1619887,33
2023-01-15 15:58:00,0.7318639999999998,24.36445,233.3558,4.683075,13.22748,8.159810999999998,0.1313332999999999,301.4167,39.80253,4.658333,6.3,6.416667,5.7,17.69472,0.1420884,33
2023-01-15 15:59:00,0.7285857,21.18508,233.3152,4.638714,13.22748,8.131384,0.12,301.5833,36.4066,4.658333,6.241667,6.4,5.641666,16.32251,0.1245422,33
2023-01-15 16:00:00,0.7253637,19.81073,233.14,4.623946,13.22794,8.107474,0.12,291.6333,35.163,4.491666,6.166667,6.308333,5.574999,15.04627,0.1172688,33
2023-01-15 16:01:00,0.7301522999999999,15.79432,233.1935,4.585029,13.22886,8.077346999999998,0.1186667,225.45,27.76573,4.491666,6.233333,6.258333,5.475,13.83719,0.09117261,33
2023-01-15 16:02:00,0.7465112,10.70081,233.2038,4.55038,13.23161,8.05005,0.112,190.75,21.4302,4.458333,6.258333,6.183333,5.416667,12.8872,0.0631155199999999,33
2023-01-15 16:03:00,0.7521033,10.03977,233.6774,4.530184,13.23299,8.025011,0.1066667,190.325,20.4112,4.4,6.191666,6.133333,5.35,12.13873,0.0578406299999999,33
2023-01-15 16:04:00,0.7553716,9.360676,233.5646,4.524656,13.23253,7.996773,0.0999999899999999,189.6333,19.123,4.316667,6.116666,6.058333,5.3,11.40945,0.05139703,33
2023-01-15 16:05:00,0.7586121999999998,8.074488,233.6405,4.495606,13.23299,7.967209,0.094,189.1917,17.8948,4.283333,6.066666,6.025,5.208333,10.45946,0.04437428,33
2023-01-15 16:06:00,0.7693092999999999,6.791878,233.7118,4.490819,13.23299,7.942547,0.08666667,187.8583,16.43653,4.233334,6.041666,5.975,5.175,9.567045,0.03891917,33
2023-01-15 16:07:00,0.7853160999999999,6.485016,233.7317,4.497462,13.23299,7.914309,0.0800000099999999,186.9333,14.99267,4.258334,5.958333,5.9,5.1,8.828165999999998,0.03559035,33
2023-01-15 16:08:00,0.7839040999999999,5.719555,233.7413,4.471116,13.23299,7.888136,0.07466667,186.225,14.0138,4.316667,5.9,5.825,5.05,8.108479,0.02973181,33
2023-01-15 16:09:00,0.7737568999999999,4.512174,233.5168,4.45027,13.23253,7.8582,0.0719999999999999,186.9667,13.4676,4.208333,5.841667,5.758333,5.016666,7.55192,0.0258997299999999,33
2023-01-15 16:10:00,0.7729099,4.416727,233.3512,4.46097,13.23341,7.831844,0.068,189.4917,12.9794,4.133333,5.808333,5.75,4.983333,7.331216,0.02583355,33
2023-01-15 16:11:00,0.7735069,4.061309,233.2769,4.463995,13.23061,7.809254,0.064,188.2917,12.04107,4.158333,5.783333,5.716667,4.95,7.120108,0.0234760099999999,33
2023-01-15 16:12:00,0.7755385,3.820242,233.3238,4.4495,13.23331,7.780633,0.064,187.3833,12.00907,4.191667,5.783333,5.716667,4.9,6.851425,0.0226244399999999,33
2023-01-15 16:13:00,0.7757378,3.564409,233.4384,4.453288,13.23328,7.758793,0.0613333299999999,186.9333,11.45233,4.241667,5.791667,5.683333,4.916667,6.419612,0.01913437,33
2023-01-15 16:14:00,0.7770150999999998,2.800176,233.4928,4.451136,13.23415,7.726789,0.05733334,186.85,10.85333,4.225,5.691667,5.65,4.866667,5.978203,0.01528551,33
2023-01-15 16:15:00,0.7778814,2.396671,233.2404,4.45481,13.2383,7.702693,0.0533333299999999,185.5083,10.0272,4.183333,5.641666,5.583333,4.808333,5.47922,0.01181825,33
2023-01-15 16:16:00,0.7791071,2.224149,233.1752,4.436813,13.23913,7.681983,0.05066666,185.5167,9.3882,4.2,5.625,5.533333,4.741667,5.191346,0.0116686299999999,33
2023-01-15 16:17:00,0.7796885,2.092753,233.1649,4.396676,13.23908,7.655621,0.04866667,185.2167,9.020534,4.15,5.6,5.525,4.733334,5.114579,0.0101277899999999,33
2023-01-15 16:18:00,0.7661569999999999,1.843213,233.2776,4.35889,13.239,7.63303,0.048,187.1167,8.9564,4.125,5.525,5.475,4.675,5.009025,0.01034001,33
2023-01-15 16:19:00,0.3735084,5.660069,233.7169,4.324625,13.23893,7.606109,0.0379999999999999,258.5333,9.417533,4.2,5.383333,5.449999,4.633333,4.865087,0.1015703,33
2023-01-15 16:20:00,0.3632892999999999,5.323135,233.7829,4.306876,13.2389,7.586342,0.04066667,244.95,9.719733,4.108333,5.408333,5.408333,4.608333,4.788321,0.09911359,33
2023-01-15 16:21:00,0.5499161,3.92005,233.6064,4.300385,13.23974,7.559980999999999,0.042,224.3583,8.976599999999998,4.1,5.375,5.383333,4.6,4.769129,0.0578849199999999,33
2023-01-15 16:22:00,0.5196323999999999,3.901052,233.0921,4.295365,13.23972,7.537199,0.042,227.4083,9.1106,4.108333,5.35,5.366667,4.583333,4.826704,0.06177925,33
2023-01-15 16:23:00,0.7227599999999998,2.984908,232.9788,4.251429,13.24288,7.4907,0.04333333,205.9167,8.327933,4.158333,5.383333,5.316667,4.541667,4.8363,0.0283580899999999,33
2023-01-15 16:24:00,0.771189,1.829642,232.8863,4.245783,13.24423,7.479402,0.048,185.1917,8.869599,4.158333,5.358333,5.3,4.5,4.778725,0.0098635679999999,33
2023-01-15 16:25:00,0.259956,5.083827,233.2577,4.254969,13.2442,7.464336,0.0259999999999999,286.5916,7.0488,4.116666,5.15,5.258334,4.466667,4.625191,0.127782,33
2023-01-15 16:26:00,0.2080359,6.230533,233.4504,4.224925,13.24417,7.419531,0.02466667,286.9917,6.7056,4.025,5.141666,5.225,4.45,4.337317,0.1435215,33
2023-01-15 16:27:00,0.1627816,5.816419,233.3677,4.195934,13.24416,7.397128999999999,0.024,284.1167,6.8994,3.9,5.091667,5.216667,4.433333,4.068633,0.1589656999999999,33
2023-01-15 16:28:00,0.1555221,5.820598,233.2944,4.17481,13.24413,7.374723999999999,0.016,303.2833,4.855067,3.883333,5.008333,5.158333,4.366667,3.838333,0.1588323,33
2023-01-15 16:29:00,0.1549614,5.911926,233.3339,4.169524,13.24412,7.350245,0.016,301.375,4.824533,3.883333,5.008333,5.191667,4.4,3.56965,0.1616755,33
2023-01-15 16:30:00,0.1549512,5.931767,233.374,4.156354,13.2441,7.325770999999999,0.016,299.4083,4.793334,3.875,4.991666,5.158333,4.375,3.320158,0.1625885,33
2023-01-15 16:31:00,0.1547866,5.953255,233.2961,4.127486,13.24409,7.305627999999999,0.016,297.25,4.758934,3.95,4.966667,5.091667,4.308333,3.118646,0.1637735999999999,33
2023-01-15 16:32:00,0.1546872,5.973108,233.3288,4.100521,13.24408,7.280966,0.016,294.9666,4.722534,4.0,4.916667,5.075,4.308333,2.926729,0.1644697,33
2023-01-15 16:33:00,0.15456,5.970452,233.2883,4.092113,13.24773,7.258371999999999,0.016,292.7,4.686133,4.0,4.916667,5.066667,4.3,2.811579,0.1647560999999999,33
2023-01-15 16:34:00,0.1544841999999999,6.00453,233.2153,4.09101,13.24773,7.231635,0.016,290.5583,4.651733,4.033333,4.9,5.025,4.275,2.638854,0.1661696,33
2023-01-15 16:35:00,0.1541434,5.977376,232.7604,4.07809,13.2468,7.211679,0.016,288.5417,4.6192,3.983333,4.883333,5.016666,4.258334,2.514108,0.165664,33
2023-01-15 16:36:00,0.1538735,5.99159,232.5264,4.054187,13.24954,7.187206,0.016,286.8083,4.591067,3.991667,4.866667,5.008333,4.208333,2.41815,0.1662457,33
2023-01-15 16:37:00,0.2058242,6.50567,232.3921,4.031092,13.24953,7.167816,0.0179999999999999,261.825,4.565267,3.941667,4.883333,4.958333,4.2,2.360575,0.1551279,33
2023-01-15 16:38:00,0.2058633,5.818606,232.4769,4.020362,13.24953,7.138628,0.024,211.1667,5.0228,3.925,5.0,4.966667,4.166667,2.264617,0.1513815,33
2023-01-15 16:39:00,0.2062005,5.918207,232.8344,4.005722,13.24952,7.119802,0.024,212.9083,5.0938,3.908333,5.0,4.958333,4.158333,2.149467,0.1512056,33
2023-01-15 16:40:00,0.2060244,5.344503,232.1401,3.983709,13.24952,7.097211,0.024,209.2417,5.023,3.95,5.0,4.941667,4.133333,2.082296,0.1499376,33
2023-01-15 16:41:00,0.2052220999999999,5.795198,232.1066,3.97452,13.25226,7.073114,0.024,211.1833,5.1118,3.883333,5.0,4.908333,4.125,2.015125,0.1518173999999999,33
2023-01-15 16:42:00,0.2112187,5.274958,232.0707,3.957066,13.25409,7.048641,0.0233333299999999,209.1083,4.8972,3.791666,4.908333,4.875,4.091667,1.967146,0.1485986,33
2023-01-15 16:43:00,0.1542136,5.961487,232.689,3.934011,13.25455,7.029996,0.024,205.775,4.864,3.808333,4.916667,4.825,4.083333,1.947954,0.1652343,33
2023-01-15 16:44:00,0.2063914,5.548399,233.1947,3.90436,13.255,7.001945,0.0219999999999999,197.4583,4.392267,3.791666,4.891667,4.816667,4.041667,1.861591,0.15031,33
2023-01-15 16:45:00,0.1543211999999999,6.035973,233.295,3.878876,13.255,6.978037,0.0233333299999999,182.35,4.261933,3.758333,4.858333,4.783333,4.008333,1.765633,0.1666073,33
2023-01-15 16:46:00,0.1542543,6.057068,233.2329,3.862103,13.255,6.962788,0.0233333299999999,166.4083,3.9408,3.816667,4.816667,4.766667,3.991667,1.717654,0.1672907999999999,33
2023-01-15 16:47:00,0.1540042,6.06734,233.178,3.848493,13.255,6.93643,0.024,83.79165999999998,2.2108,3.825,4.766667,4.716667,4.008333,1.698462,0.1675175999999999,33
2023-01-15 16:48:00,0.1535912,6.034293,232.6753,3.869427,13.255,6.915905,0.0219999999999999,44.325,1.013267,3.816667,4.708333,4.7,3.975,1.669675,0.1679374999999999,33
2023-01-15 16:49:00,0.1534272,6.044847,232.5218,3.869887,13.25316,6.887854,0.0193333299999999,41.48333,0.8071334,3.808333,4.7,4.725,3.975,1.564121,0.1690183,33
2023-01-15 16:50:00,0.153704,6.089224,232.8223,3.864574,13.25499,6.869028,0.01666667,38.675,0.6481333,3.825,4.7,4.691667,3.991667,1.458567,0.1695362,33
2023-01-15 16:51:00,0.1535932999999999,6.064523,232.7268,3.853353,13.25499,6.843613,0.016,36.93333,0.5930667,3.8,4.675,4.7,3.975,1.314629,0.1690751,33
2023-01-15 16:52:00,0.1534687,6.053652,232.6792,3.857763,13.25575,6.822337,0.016,35.48333,0.5693333999999999,3.858333,4.691667,4.7,3.958333,1.180287,0.1690777,33
2023-01-15 16:53:00,0.1533606,6.080328,232.5888,3.848004,13.25635,6.794094,0.016,34.55,0.5535999999999999,3.85,4.65,4.675,3.908333,1.132308,0.1698158999999999,33
2023-01-15 16:54:00,0.1538459,6.112373,233.226,3.847682,13.2581,6.778092,0.016,34.4,0.5504001,3.783333,4.591667,4.625,3.866667,0.9979666,0.1693697,33
2023-01-15 16:55:00,0.1542332999999999,6.163486,233.7637,3.834693,13.25956,6.753054,0.016,34.4,0.5504001,3.758333,4.591667,4.6,3.858333,0.9307957,0.1698707,33
2023-01-15 16:56:00,0.1543736,6.161779,233.967,3.817248,13.26122,6.728575,0.0153333299999999,34.325,0.5263999999999999,3.683333,4.533333,4.558333,3.808333,0.7964541,0.1693352999999999,33
2023-01-15 16:57:00,0.1543072,6.180049,233.9545,3.804377,13.26137,6.705793,0.012,34.25833,0.4111332999999999,3.633333,4.508333,4.516666,3.791666,0.6429207999999998,0.1702104,33
2023-01-15 16:58:00,0.1542387,6.153182,233.8392,3.798462,13.26014,6.68565,0.01066667,34.2,0.3876,3.675,4.466667,4.5,3.758333,0.5277707999999999,0.1691970999999999,33
2023-01-15 16:59:00,0.1543168,6.16876,233.7979,3.804941,13.2617,6.659294,0.0086666669999999,34.2,0.2964,3.65,4.425,4.491666,3.708333,0.4893874999999999,0.1699006,33
2023-01-15 17:00:00,0.1544104,6.168428,233.9164,3.810379,13.26176,6.636891,0.008,34.2,0.2736,3.675,4.4,4.425,3.691667,0.3838332999999999,0.1708986999999999,33
2023-01-15 17:01:00,0.1543646999999999,6.183174,233.9333,3.808177,13.26195,6.612598,0.008,34.2,0.2736,3.675,4.391667,4.383333,3.625,0.2398957999999999,0.1707452999999999,33
2023-01-15 17:02:00,0.1543035,6.184925,233.975,3.807433,13.262,6.59189,0.008,34.19167,0.2735332999999999,3.658333,4.275,4.308333,3.55,0.2398957999999999,0.170612,33
2023-01-15 17:03:00,0.1543991,6.211846,234.0145,3.81763,13.26256,6.57137,0.008,34.2,0.2736,3.658333,4.275,4.3,3.541667,0.1535333,0.1709233,33
2023-01-15 17:04:00,0.1540806999999999,6.171519,233.6832,3.814982,13.26401,6.545202,0.008,34.14167,0.2732,3.616667,4.216667,4.225,3.483333,0.07676666,0.1704204,33
2023-01-15 17:05:00,0.1537882,6.16082,233.4625,3.79748,13.26498,6.5228,0.008,34.11667,0.2729332999999999,3.625,4.175,4.191667,3.425,-0.0095958329999999,0.1710914,33
2023-01-15 17:06:00,0.1537558,6.205103,233.3866,3.77091,13.26781,6.498512,0.008,34.14167,0.2730667,3.558333,4.116666,4.158333,3.383333,-0.04797916,0.1709668,33
2023-01-15 17:07:00,0.1536606,6.165089,233.2855,3.741593,13.26783,6.47648,0.008,34.1,0.2728667,3.525,4.1,4.1,3.366667,-0.1919165999999999,0.1703489,33
2023-01-15 17:08:00,0.1536114,6.169682,233.2106,3.700759,13.26744,6.453701,0.008,34.1,0.2727999999999999,3.433333,4.008333,4.083333,3.3,-0.2974707999999999,0.1719368,33
2023-01-15 17:09:00,0.1534977999999999,6.174209,233.0319,3.669183,13.26792,6.432993,0.008,34.10833,0.2728667,3.325,3.966666,4.05,3.258333,-0.3742374,0.1703452,33
2023-01-15 17:10:00,0.1534259,6.171966,232.9862,3.655102,13.26796,6.407578,0.008,34.125,0.273,3.275,3.933333,3.983333,3.241667,-0.4318124999999999,0.1710853,33
2023-01-15 17:11:00,0.1534356,6.153635,233.0375,3.633706,13.26708,6.386302,0.008,34.1,0.2727999999999999,3.325,3.908333,3.983333,3.191667,-0.5085791,0.1708196999999999,33
2023-01-15 17:12:00,0.1534015,6.194136,233.0264,3.606229,13.26801,6.361824,0.008,34.10833,0.2728667,3.408333,3.9,3.933333,3.208333,-0.633325,0.1716162,33
2023-01-15 17:13:00,0.1533587999999999,6.170388,232.9755,3.584192,13.26942,6.342057,0.008,34.1,0.2727999999999999,3.45,3.858333,3.916667,3.158333,-0.6813042,0.1709737,33
2023-01-15 17:14:00,0.1533625,6.18784,233.0011,3.557586,13.27081,6.317019,0.006,33.71667,0.2023332999999999,3.408333,3.808333,3.866667,3.116667,-0.7580708,0.1713679999999999,33
2023-01-15 17:15:00,0.1533761999999999,6.17851,233.0118,3.531615,13.27221,6.294051,0.0066666659999999,32.75,0.2184667,3.341666,3.791666,3.875,3.133333,-0.80605,0.1714778999999999,33
2023-01-15 17:16:00,0.1534022999999999,6.198559,233.0993,3.535018,13.27176,6.270325,0.006,32.6,0.1956,3.25,3.758333,3.85,3.133333,-0.8156457999999999,0.1727482999999999,33
2023-01-15 17:17:00,0.1534508,6.200013,233.1512,3.522342,13.27361,6.247732,0.006,32.525,0.1952666999999999,3.283333,3.775,3.891667,3.1,-0.8636249999999999,0.1724766,33
2023-01-15 17:18:00,0.15339,6.221187,233.1783,3.436489,13.27362,6.225141,0.003333333,32.275,0.1292667,3.166667,3.75,3.841666,3.125,-0.8924123999999999,0.1716635,33
2023-01-15 17:19:00,0.1536133,6.197909,233.2889,3.334962,13.27363,6.204809,0.005333334,30.86667,0.1455333,3.008333,3.683333,3.791666,3.075,-0.9499875,0.1716284999999999,33
2023-01-15 17:20:00,0.1535489999999999,6.204613,233.3402,3.229752,13.27364,6.176563,0.005333334,28.5,0.1537999999999999,2.891667,3.608333,3.733333,3.008333,-0.9691792,0.173048,33
2023-01-15 17:21:00,0.1534133,6.214545,233.2557,3.189923,13.27365,6.156231,0.0013333329999999,26.25,0.0533333299999999,2.9,3.541667,3.675,2.941667,-1.065138,0.1715705999999999,33
2023-01-15 17:22:00,0.1534734,6.214008,233.2991,3.183433,13.27595,6.131946,0.0006666667,23.75,0.01526667,2.916667,3.5,3.6,2.883333,-1.1515,0.1721236999999999,33
2023-01-15 17:23:00,0.1534353,6.222704,233.2425,3.168857,13.2787,6.103895,0.002666667,20.64167,0.0422666699999999,2.916667,3.416667,3.541667,2.858333,-1.074733,0.1718959999999999,33
2023-01-15 17:24:00,0.1533525,6.227988,233.1961,3.163815,13.27916,6.083185,0.002666667,17.36667,0.0596,2.9,3.375,3.525,2.816667,-1.074733,0.1722506,33
2023-01-15 17:25:00,0.153359,6.23364,233.1302,3.184373,13.27917,6.057953,0.0006666667,14.275,0.0,2.916667,3.358333,3.516666,2.808333,-1.065138,0.1722048999999999,33
2023-01-15 17:26:00,0.1531705999999999,6.201321,232.9514,3.273134,13.27917,6.032726,0.0006666667,11.64167,0.0159333299999999,2.966666,3.4,3.55,2.866667,-1.017158,0.1721574999999999,33
2023-01-15 17:27:00,0.1532418,6.180933,232.9527,3.271214,13.27918,6.006558,0.003333333,9.474999,0.02526667,2.933333,3.366667,3.5,2.808333,-0.9499875,0.1724546,33
2023-01-15 17:28:00,0.1532196,6.180308,232.9795,3.255152,13.27872,5.984156,0.0,7.75,0.0057333339999999,2.908333,3.275,3.433333,2.775,-0.9691792,0.1728986,33
2023-01-15 17:29:00,0.1533032,6.225632,233.0892,3.218523,13.27919,5.956293,0.002,6.383333,0.0132,2.85,3.275,3.416667,2.766666,-0.978775,0.1727658,33
2023-01-15 17:30:00,0.1532879,6.226963,233.0913,3.202523,13.27919,5.931812,0.002,5.333333,0.01066667,2.841666,3.258333,3.416667,2.75,-0.9979666,0.1727579999999999,33
2023-01-15 17:31:00,0.1531654,6.205054,233.0161,3.188013,13.27919,5.911669,0.0013333329999999,4.491667,0.0057999999999999,2.833333,3.225,3.4,2.716666,-0.9403916,0.1730123,33
2023-01-15 17:32:00,0.153139,6.234695,232.9702,3.160604,13.28148,5.885124,0.002,3.808333,0.007933334,2.733333,3.191667,3.366667,2.691667,-0.9212,0.1729996,33
2023-01-15 17:33:00,0.1530914999999999,6.247702,232.9484,3.138613,13.28377,5.862534,0.002,3.291667,0.0066666659999999,2.75,3.183333,3.358333,2.7,-0.8828166,0.1720946999999999,33
2023-01-15 17:34:00,0.1530797999999999,6.252677,232.8935,3.126007,13.28424,5.834288,0.0006666667,2.883333,0.001933333,2.741667,3.141667,3.316667,2.65,-0.9307957,0.1734551,33
2023-01-15 17:35:00,0.1530806,6.2085,232.7684,3.12665,13.28469,5.812073,0.0013333329999999,2.575,0.0033999999999999,2.741667,3.1,3.266666,2.6,-0.9499874,0.1734701999999999,33
2023-01-15 17:36:00,0.1530627,6.22847,232.8403,3.12305,13.28469,5.78421,0.0013333329999999,2.316667,0.0030666669999999,2.741667,3.025,3.208333,2.566667,-0.9691792,0.1741435,33
2023-01-15 17:37:00,0.1530424,6.214539,232.8412,3.105889,13.285,5.757853,0.0013333329999999,2.108333,0.0028666669999999,2.758333,3.008333,3.191667,2.5,-0.9979666,0.173827,33
2023-01-15 17:38:00,0.153142,6.226532,232.855,3.079629,13.28698,5.736013,0.0006666667,1.941667,0.0013333329999999,2.75,3.058333,3.241667,2.591667,-1.045946,0.1731917,33
2023-01-15 17:39:00,0.1531249,6.25913,232.8983,3.032125,13.28827,5.713043,0.0013333329999999,1.766667,0.0023999999999999,2.683333,3.033333,3.225,2.533333,-1.074733,0.1741163,33
2023-01-15 17:40:00,0.1532197999999999,6.232183,232.8774,3.02374,13.29016,5.689697,0.0,1.658333,0.0,2.775,3.033333,3.225,2.541667,-1.055542,0.1740233999999999,33
2023-01-15 17:41:00,0.1530372,6.216524,232.7274,3.044599,13.29047,5.662588,0.0013333329999999,1.533333,0.0020666669999999,2.808333,3.008333,3.2,2.525,-1.055542,0.1735908999999999,33
2023-01-15 17:42:00,0.1530338,6.221115,232.8204,3.036254,13.29106,5.639994,0.002,1.441667,0.002933333,2.791666,2.991667,3.175,2.516667,-0.9883708,0.1729106,33
2023-01-15 17:43:00,0.153138,6.220624,232.8605,3.005642,13.29123,5.610248,0.0006666667,1.35,0.0008666667,2.766666,3.008333,3.116667,2.508333,-0.9691792,0.1731434,33
2023-01-15 17:44:00,0.1530237,6.229308,232.7743,2.982328,13.29109,5.586336,0.0006666667,1.266667,0.0008666667,2.766666,2.916667,3.1,2.5,-1.007563,0.1736253,33
2023-01-15 17:45:00,0.1530789999999999,6.205124,232.8245,2.969946,13.29011,5.565439,0.0013333329999999,1.2,0.0016,2.758333,2.908333,3.091666,2.45,-1.007563,0.1733029,33
2023-01-15 17:46:00,0.1530292,6.258373,232.787,2.96137,13.29131,5.538328,0.0006666667,1.108333,0.0007333333999999,2.775,2.875,3.041667,2.408333,-1.093925,0.1739248999999999,33
2023-01-15 17:47:00,0.1531463999999999,6.242992,232.9438,2.958668,13.29136,5.52063,0.0006666667,1.083333,0.0007333333999999,2.758333,2.85,3.0,2.375,-1.093925,0.1745811999999999,33
2023-01-15 17:48:00,0.1533706,6.256634,233.2006,2.929913,13.29245,5.492014,0.0006666667,1.0,0.0006666667,2.725,2.808333,3.0,2.366667,-1.122712,0.1740676999999999,33
2023-01-15 17:49:00,0.1529136,6.260328,232.6668,2.90294,13.29346,5.470174,0.0006666667,1.0,0.0006666667,2.75,2.808333,3.016666,2.35,-1.093925,0.1742794,33
2023-01-15 17:50:00,0.152904,6.220994,232.7247,2.858953,13.29721,5.4457,0.0006666667,0.9083333,0.0006000000999999,2.691667,2.783333,2.983333,2.325,-1.170692,0.1738526,33
2023-01-15 17:51:00,0.1529801,6.249694,232.8555,2.832207,13.29699,5.424803,0.0013333329999999,0.9,0.0011999999999999,2.7,2.741667,2.958333,2.308333,-1.093925,0.1738464,33
2023-01-15 17:52:00,0.153067,6.261384,232.9955,2.78931,13.29599,5.397125,0.002,0.9,0.0018,2.608333,2.708333,2.925,2.275,-1.161096,0.1738552999999999,33
2023-01-15 17:53:00,0.1530912,6.260696,232.9512,2.746416,13.29666,5.376604,0.002666667,0.8916667,0.0018,2.616667,2.7,2.916667,2.291667,-1.1515,0.1749484,33
2023-01-15 17:54:00,0.153071,6.27743,232.9554,2.75381,13.29717,5.352504,0.0013333329999999,0.8083333,0.001133333,2.633333,2.691667,2.908333,2.291667,-1.1515,0.1740274,33
2023-01-15 17:55:00,0.1528605,6.266081,232.6557,2.78166,13.29728,5.324453,0.002666667,0.8,0.002666667,2.658333,2.691667,2.916667,2.266667,-1.103521,0.1744701999999999,33
2023-01-15 17:56:00,0.1527009,6.267704,232.6748,2.784597,13.29736,5.304497,0.002,0.8,0.0016,2.675,2.633333,2.858333,2.25,-1.093925,0.1747182999999999,33
2023-01-15 17:57:00,0.1526897,6.259889,232.5122,2.757473,13.29833,5.279644,0.0006666667,0.8,0.0005333332999999,2.608333,2.641667,2.858333,2.225,-1.093925,0.1751138999999999,33
2023-01-15 17:58:00,0.1528142,6.267353,232.7663,2.727589,13.30162,5.257051,0.0006666667,0.8,0.0005333332999999,2.6,2.608333,2.841666,2.191667,-1.045946,0.1755171,33
2023-01-15 17:59:00,0.1531570999999999,6.297358,233.197,2.680347,13.30256,5.232199,0.0,0.8,0.0,2.516667,2.591667,2.8,2.141667,-1.045946,0.175123,33
2023-01-15 18:00:00,0.1531528,6.293668,233.0721,2.655002,13.30127,5.214127,0.0,0.8,0.0,2.508333,2.566667,2.8,2.133333,-0.9979666,0.1748377999999999,33
2023-01-15 18:01:00,0.1528562,6.256618,232.7172,2.673597,13.30312,5.187579,0.002,0.7833333,0.001066667,2.583333,2.575,2.791666,2.108333,-1.007563,0.1745406999999999,33
2023-01-15 18:02:00,0.1528075,6.251523,232.66,2.74147,13.30317,5.169317,0.0,0.7416666,0.0005333332999999,2.675,2.591667,2.8,2.15,-1.026754,0.174794,33
2023-01-15 18:03:00,0.1527872,6.267639,232.7549,2.786574,13.3032,5.141266,0.003333333,0.7083333,0.0023333329999999,2.75,2.583333,2.816667,2.191667,-0.978775,0.1744819,33
2023-01-15 18:04:00,0.1528564,6.266118,232.7086,2.811674,13.3023,5.122626,0.0013333329999999,0.6999999999999998,0.0004666666999999,2.758333,2.625,2.85,2.208333,-0.9020083,0.1747335999999999,33
2023-01-15 18:05:00,0.153178,6.296565,233.1584,2.813409,13.30326,5.100034,0.002666667,0.6999999999999998,0.001866667,2.716666,2.633333,2.841666,2.241667,-0.8732206999999998,0.1753638999999999,33
2023-01-15 18:06:00,0.1531386,6.312623,233.1904,2.792006,13.30327,5.081583,0.0006666667,0.6999999999999998,0.0009333333999999,2.65,2.616667,2.833333,2.208333,-0.8540290999999999,0.1751167999999999,33
2023-01-15 18:07:00,0.15271,6.282627,232.6509,2.754043,13.3033,5.055225,0.0013333329999999,0.6999999999999998,0.0009333333999999,2.608333,2.633333,2.85,2.258333,-0.8348374,0.1750245,33
2023-01-15 18:08:00,0.1526373,6.259117,232.5866,2.795824,13.30377,5.0396,0.0006666667,0.6999999999999998,0.0004666666999999,2.7,2.666667,2.883333,2.341666,-0.8252416,0.1758639999999999,33
2023-01-15 18:09:00,0.1524567,6.251949,232.388,2.826524,13.30378,5.017948,0.0013333329999999,0.6999999999999998,0.0009333333999999,2.75,2.675,2.9,2.325,-0.8540290999999999,0.1757479,33
2023-01-15 18:10:00,0.1518866,6.196373,231.6758,2.832006,13.30471,4.998367,0.002,0.6999999999999998,0.0014,2.8,2.7,2.908333,2.366667,-0.8540290999999999,0.1743555,33
2023-01-15 18:11:00,0.1522446,6.244473,232.0269,2.841346,13.30426,4.976904,0.002,0.6999999999999998,0.0014,2.833333,2.758333,2.966666,2.4,-0.8540290999999999,0.1751755,33
2023-01-15 18:12:00,0.1525059,6.259714,232.2695,2.838284,13.30795,4.958829,0.0013333329999999,0.6999999999999998,0.0009333333999999,2.816667,2.766666,2.966666,2.425,-0.8444333,0.1757649,33
2023-01-15 18:13:00,0.1522292,6.233021,231.9724,2.865432,13.30841,4.941509,0.0006666667,0.6999999999999998,0.0004666666999999,2.858333,2.808333,3.008333,2.466667,-0.8156457999999999,0.1755293,33
2023-01-15 18:14:00,0.152085,6.231219,231.7087,2.849861,13.30842,4.920989,0.002,0.6999999999999998,0.0014,2.833333,2.766666,2.991667,2.441667,-0.8156457999999999,0.1742684999999999,33
2023-01-15 18:15:00,0.1519726,6.22287,231.6714,2.841924,13.30888,4.902348,0.0006666667,0.6999999999999998,0.0004666666999999,2.791666,2.775,3.0,2.458333,-0.8348374,0.1745747,33
2023-01-15 18:16:00,0.1520132999999999,6.21706,231.6518,2.848699,13.30889,4.879757,0.0013333329999999,0.6999999999999998,0.0009333333999999,2.8,2.75,2.941667,2.45,-0.8444333,0.1759631999999999,33
2023-01-15 18:17:00,0.1518486,6.218052,231.5295,2.879892,13.3089,4.867897,0.002,0.6999999999999998,0.0009333333999999,2.833333,2.775,2.958333,2.458333,-0.8540290999999999,0.1754703,33
2023-01-15 18:18:00,0.1519327,6.212399,231.6202,2.869123,13.3089,4.85001,0.0013333329999999,0.6999999999999998,0.0014,2.825,2.75,2.933333,2.45,-0.8348374,0.176173,33
2023-01-15 18:19:00,0.1519201,6.203281,231.5468,2.865687,13.30982,4.835136,0.0013333329999999,0.6999999999999998,0.0009333333999999,2.808333,2.775,2.966666,2.466666,-0.8252416,0.176288,33
2023-01-15 18:20:00,0.1519426,6.228651,231.7074,2.908753,13.31166,4.816498,0.0006666667,0.6999999999999998,0.0004666666999999,2.858333,2.791666,2.983333,2.5,-0.8252416,0.175902,33
2023-01-15 18:21:00,0.1523263,6.269936,232.0197,2.904039,13.31349,4.793907,0.002666667,0.6999999999999998,0.0014,2.858333,2.766666,2.95,2.458333,-0.8156457999999999,0.1758084,33
2023-01-15 18:22:00,0.1521455999999999,6.234967,231.8182,2.87017,13.31441,4.784493,0.0006666667,0.6999999999999998,0.0009333333999999,2.8,2.766666,2.975,2.483333,-0.7580708,0.1766984,33
2023-01-15 18:23:00,0.1519365,6.221863,231.5748,2.846096,13.31441,4.76623,0.002,0.6999999999999998,0.0014,2.825,2.791666,3.0,2.491667,-0.7196875,0.1759589,33
2023-01-15 18:24:00,0.1527998999999999,6.337287,233.0729,2.785536,13.31396,4.75098,0.002,0.6999999999999998,0.0014,2.733333,2.775,2.983333,2.458333,-0.7004958,0.1766576,33
2023-01-15 18:25:00,0.1532062999999999,6.345232,233.4216,2.732341,13.31441,4.735918,0.0013333329999999,0.6999999999999998,0.0004666666999999,2.691667,2.791666,2.991667,2.45,-0.6908999,0.1766927,33
2023-01-15 18:26:00,0.1532714,6.368573,233.4715,2.6844,13.31442,4.71822,0.0013333329999999,0.6999999999999998,0.0014,2.625,2.758333,2.983333,2.416667,-0.6908999,0.1762918,33
2023-01-15 18:27:00,0.153277,6.372448,233.52,2.65695,13.31442,4.708054,0.002,0.6999999999999998,0.0014,2.6,2.758333,2.933333,2.391667,-0.6908999,0.1765964999999999,33
2023-01-15 18:28:00,0.1531535,6.324489,233.4599,2.623228,13.31442,4.687346,0.002,0.675,0.0014,2.6,2.716666,2.925,2.366667,-0.7004958,0.1769197,33
2023-01-15 18:29:00,0.1532275999999999,6.367752,233.6349,2.617789,13.31442,4.671906,0.002,0.6833333,0.001266667,2.6,2.741667,2.95,2.391667,-0.6908999,0.1767584,33
2023-01-15 18:30:00,0.1534341999999999,6.375906,233.9159,2.656255,13.31442,4.665127,0.0006666667,0.6416667,0.0004666666999999,2.658333,2.7,2.925,2.375,-0.7484749,0.1766192,33
2023-01-15 18:31:00,0.1536354,6.402313,234.2766,2.642898,13.31442,4.623898,0.002666667,0.625,0.0011999999999999,2.691667,2.7,2.891667,2.35,-0.7580708,0.1768454999999999,33
2023-01-15 18:32:00,0.1536875,6.398269,234.2547,2.653572,13.31442,4.610907,0.002,0.6083332999999999,0.001266667,2.691667,2.691667,2.908333,2.333333,-0.7580708,0.1763713,33
2023-01-15 18:33:00,0.1531704,6.367884,233.6954,2.63864,13.31443,4.599609,0.002666667,0.6166667,0.0016666669999999,2.633333,2.675,2.9,2.316667,-0.7676665999999999,0.1761122,33
2023-01-15 18:34:00,0.1531748,6.354416,233.6779,2.606736,13.31443,4.579277,0.0,0.6333332999999999,0.0004,2.591667,2.675,2.883333,2.3,-0.7868583,0.1769023,33
2023-01-15 18:35:00,0.1532463,6.362648,233.7445,2.580838,13.31443,4.564214,0.0,0.6083332999999999,0.0,2.533333,2.65,2.875,2.316667,-0.8156457999999999,0.1758178,33
2023-01-15 18:36:00,0.1531735999999999,6.363358,233.685,2.60418,13.31443,4.556683,0.0006666667,0.6333332999999999,0.0004666666999999,2.591667,2.625,2.858333,2.291667,-0.8252416,0.1766194,33
2023-01-15 18:37:00,0.1530833,6.337064,233.5177,2.572276,13.31351,4.53635,0.0006666667,0.6333332999999999,0.0004,2.525,2.641667,2.825,2.291667,-0.80605,0.1761913,33
2023-01-15 18:38:00,0.1531131,6.3722,233.5906,2.520506,13.31443,4.52129,0.002666667,0.65,0.001266667,2.433333,2.6,2.8,2.275,-0.7772624,0.176957,33
2023-01-15 18:39:00,0.1531312,6.378229,233.6069,2.547447,13.31443,4.51376,0.002666667,0.675,0.0016666669999999,2.55,2.6,2.825,2.283333,-0.7772624,0.1767128,33
2023-01-15 18:40:00,0.1533236,6.39187,233.8776,2.561799,13.31443,4.495118,0.0013333329999999,0.65,0.0013333329999999,2.558333,2.591667,2.825,2.275,-0.7580708,0.1763628999999999,33
2023-01-15 18:41:00,0.1530215,6.34708,233.4247,2.541842,13.31534,4.480246,0.0006666667,0.6833333,0.0,2.508333,2.558333,2.791666,2.258333,-0.7676665999999999,0.1769506999999999,33
2023-01-15 18:42:00,0.1529928999999999,6.3305,233.2501,2.544614,13.31718,4.470833,0.002,0.6583333,0.001733333,2.516667,2.533333,2.775,2.208333,-0.7676665999999999,0.176298,33
2023-01-15 18:43:00,0.1527829,6.353964,233.1469,2.560409,13.31947,4.452195,0.0013333329999999,0.6416667,0.0008666667,2.558333,2.558333,2.766666,2.225,-0.7676665999999999,0.1757491999999999,33
2023-01-15 18:44:00,0.1532697,6.385572,233.5372,2.57998,13.31809,4.43732,0.0013333329999999,0.6333332999999999,0.0008666667,2.558333,2.558333,2.75,2.2,-0.7868583,0.1767859,33
2023-01-15 18:45:00,0.1534445,6.390207,233.9373,2.558316,13.31718,4.427906,0.0013333329999999,0.5999999999999999,0.0008,2.5,2.525,2.766666,2.225,-0.7484749,0.1769245999999999,33
2023-01-15 18:46:00,0.1534513999999999,6.368793,233.9614,2.512109,13.31947,4.412657,0.002666667,0.5999999999999999,0.0016,2.425,2.491667,2.741667,2.191667,-0.7100916,0.1763560999999999,33
2023-01-15 18:47:00,0.1535990999999999,6.408691,233.9869,2.481029,13.31992,4.39816,0.002,0.5999999999999999,0.0011999999999999,2.416667,2.508333,2.733333,2.191667,-0.7772624,0.1771344,33
2023-01-15 18:48:00,0.1534132,6.387988,233.9185,2.489366,13.31947,4.384979,0.002,0.5999999999999999,0.0011999999999999,2.416667,2.45,2.666667,2.133333,-0.8252416,0.1766151,33
2023-01-15 18:49:00,0.1533886999999999,6.386772,233.8082,2.480864,13.31947,4.376507,0.003333333,0.5999999999999999,0.0016,2.383333,2.441667,2.65,2.091667,-0.8348374,0.1768706999999999,33
2023-01-15 18:50:00,0.1532976,6.386836,233.6992,2.488636,13.31992,4.362764,0.002666667,0.5999999999999999,0.002,2.383333,2.408333,2.65,2.108333,-0.8924123999999999,0.1765854,33
2023-01-15 18:51:00,0.1532408,6.353951,233.5656,2.487983,13.31992,4.342056,0.0006666667,0.5999999999999999,0.0,2.4,2.383333,2.641667,2.1,-0.8636249999999999,0.1767622,33
2023-01-15 18:52:00,0.1533458,6.377108,233.6908,2.498694,13.31992,4.336972,0.002,0.5999999999999999,0.0016,2.4,2.391667,2.608333,2.091667,-0.9307957,0.177144,33
2023-01-15 18:53:00,0.1531106999999999,6.356467,233.5663,2.471889,13.31992,4.32172,0.0013333329999999,0.5999999999999999,0.0008,2.35,2.383333,2.591667,2.041667,-0.9499875,0.1770566,33
2023-01-15 18:54:00,0.1538269999999999,6.443803,234.4283,2.454168,13.31992,4.304777,0.0013333329999999,0.5999999999999999,0.0008,2.375,2.341666,2.591667,2.058333,-0.9403916,0.1769264,33
2023-01-15 18:55:00,0.1540295,6.427845,234.7708,2.450656,13.32038,4.299129,0.004666667,0.5999999999999999,0.0023999999999999,2.408333,2.341666,2.583333,2.05,-0.9403916,0.1766880999999999,33
2023-01-15 18:56:00,0.1540314,6.446461,234.7824,2.43313,13.32038,4.278797,0.002666667,0.5999999999999999,0.002,2.35,2.341666,2.583333,2.05,-0.9499874,0.1773136999999999,33
2023-01-15 18:57:00,0.1542005999999999,6.475521,234.9161,2.439045,13.32038,4.2675,0.004666667,0.5999999999999999,0.0028,2.35,2.383333,2.616667,2.083333,-0.9403916,0.1771751,33
2023-01-15 18:58:00,0.1542686,6.430128,234.9705,2.495997,13.32084,4.256203,0.0006666667,0.5999999999999999,0.0004,2.4,2.366667,2.6,2.125,-0.8828166,0.176792,33
2023-01-15 18:59:00,0.1542108,6.48849,234.9842,2.622086,13.32084,4.244342,0.003333333,0.5999999999999999,0.002,2.558333,2.391667,2.633333,2.141667,-0.8924123999999999,0.1765898999999999,33
2023-01-15 19:00:00,0.1542349,6.435017,235.0302,2.68401,13.32313,4.23587,0.002666667,0.5999999999999999,0.0016,2.608333,2.358333,2.616667,2.141667,-0.8828166,0.1765867999999999,33
2023-01-15 19:01:00,0.1542648,6.465444,235.2145,2.747757,13.32267,4.217045,0.002,0.5999999999999999,0.0011999999999999,2.691667,2.383333,2.633333,2.15,-0.8156457999999999,0.177066,33
2023-01-15 19:02:00,0.1541967999999999,6.466857,235.1294,2.814054,13.32435,4.206501,0.0006666667,0.5999999999999999,0.0004,2.783333,2.4,2.65,2.2,-0.80605,0.1770681,33
2023-01-15 19:03:00,0.1539951,6.468962,235.1671,2.834225,13.32496,4.192944,0.002,0.5999999999999999,0.0011999999999999,2.75,2.383333,2.666667,2.183333,-0.80605,0.1768105,33
2023-01-15 19:04:00,0.1541983,6.451448,235.2017,2.835477,13.32441,4.189178,0.002,0.5999999999999999,0.0011999999999999,2.7,2.366667,2.625,2.141667,-0.8348374,0.1773011999999999,33
2023-01-15 19:05:00,0.1541995999999999,6.48702,235.2244,2.795052,13.32439,4.170353,0.0013333329999999,0.5999999999999999,0.0008,2.691667,2.391667,2.608333,2.116667,-0.8252416,0.1778079999999999,33
2023-01-15 19:06:00,0.1542949,6.473976,235.2731,2.768469,13.32434,4.170353,0.002666667,0.5999999999999999,0.0016,2.7,2.375,2.65,2.15,-0.8732206999999998,0.1768002999999999,33
2023-01-15 19:07:00,0.1541248,6.486809,235.3121,2.751548,13.32568,4.158493,0.0013333329999999,0.5999999999999999,0.0008,2.7,2.375,2.641667,2.133333,-0.8444333,0.1772876999999999,33
2023-01-15 19:08:00,0.1542775,6.469014,235.368,2.754548,13.32565,4.150021,0.0006666667,0.5999999999999999,0.0004,2.75,2.391667,2.65,2.175,-0.8636249999999999,0.1769916,33
2023-01-15 19:09:00,0.1542119,6.480549,235.383,2.789017,13.32562,4.134958,0.002666667,0.5999999999999999,0.0011999999999999,2.766666,2.383333,2.683333,2.158333,-0.8156457999999999,0.1766456,33
2023-01-15 19:10:00,0.1541294,6.481679,235.302,2.830316,13.32561,4.127426,0.003333333,0.5999999999999999,0.0023999999999999,2.808333,2.4,2.7,2.2,-0.8252416,0.1769987,33
2023-01-15 19:11:00,0.1541449,6.469517,235.1488,2.96071,13.32511,4.120649,0.004666667,0.5999999999999999,0.0023999999999999,2.958333,2.483333,2.733333,2.25,-0.80605,0.1770689,33
2023-01-15 19:12:00,0.1536984999999999,6.434754,234.7512,2.991652,13.32556,4.107094,0.0006666667,0.5999999999999999,0.0008,2.975,2.441667,2.708333,2.225,-0.6813042,0.1771987999999999,33
2023-01-15 19:13:00,0.1537949999999999,6.432384,234.7832,3.000268,13.32554,4.107094,0.0006666667,0.5999999999999999,0.0004,2.891667,2.416667,2.708333,2.225,-0.6717083,0.1770302,33
2023-01-15 19:14:00,0.1537986,6.485535,234.9251,2.961107,13.32553,4.084499,0.0006666667,0.5999999999999999,0.0004,2.866667,2.375,2.658333,2.158333,-0.7292832999999999,0.1778998,33
2023-01-15 19:15:00,0.1541122,6.49533,235.343,2.935251,13.32552,4.084499,0.002,0.5999999999999999,0.0011999999999999,2.783333,2.375,2.675,2.141667,-0.7580708,0.1784235,33
2023-01-15 19:16:00,0.1542804,6.494859,235.5874,2.94171,13.3255,4.084499,0.002,0.5999999999999999,0.0008,2.808333,2.391667,2.691667,2.191667,-0.7580708,0.1772268999999999,33
2023-01-15 19:17:00,0.1543399,6.491346,235.6732,2.913631,13.3255,4.079416,0.0006666667,0.5999999999999999,0.0008,2.791666,2.4,2.658333,2.183333,-0.7484749,0.1774748999999999,33
2023-01-15 19:18:00,0.1543856,6.509785,235.7098,2.850218,13.32549,4.064167,0.002,0.5999999999999999,0.0011999999999999,2.716666,2.366667,2.641667,2.141667,-0.7388791,0.1773577,33
2023-01-15 19:19:00,0.1543376999999999,6.504412,235.6602,2.838004,13.32548,4.064167,0.004666667,0.5999999999999999,0.0028,2.716666,2.4,2.633333,2.158333,-0.7772624,0.1770263,33
2023-01-15 19:20:00,0.1544598,6.501154,235.5942,2.81573,13.32547,4.064167,0.004666667,0.5916666,0.0023999999999999,2.7,2.358333,2.583333,2.083333,-0.7484749,0.1772244,33
2023-01-15 19:21:00,0.1543335999999999,6.497926,235.5921,2.758597,13.32547,4.041576,0.0006666667,0.5333333999999998,0.0007333332999999,2.641667,2.316667,2.55,2.05,-0.8348374,0.1770882,33
2023-01-15 19:22:00,0.1544175,6.501385,235.6441,2.732011,13.32546,4.041576,0.003333333,0.5,0.0013333329999999,2.608333,2.275,2.508333,1.991667,-0.9212,0.1775664999999999,33
2023-01-15 19:23:00,0.154338,6.493874,235.642,2.705417,13.32454,4.041576,0.0006666667,0.5,0.0006666667,2.6,2.216667,2.441667,1.908333,-0.9979666,0.1769973,33
2023-01-15 19:24:00,0.1542059,6.493425,235.3473,2.67249,13.32545,4.033103,0.002,0.5,0.001,2.541667,2.141667,2.383333,1.841667,-1.074733,0.177939,33
2023-01-15 19:25:00,0.1536996999999999,6.442601,234.6188,2.643343,13.32545,4.02124,0.002666667,0.5,0.0013333329999999,2.508333,2.1,2.316667,1.791667,-1.141904,0.1766216999999999,33
2023-01-15 19:26:00,0.1536975999999999,6.434018,234.6366,2.623936,13.32545,4.02124,0.002666667,0.5,0.0013333329999999,2.558333,2.05,2.241667,1.708333,-1.26665,0.1775131,33
2023-01-15 19:27:00,0.1535961999999999,6.421966,234.5403,2.583315,13.32544,3.99865,0.0006666667,0.5,0.0003333333999999,2.541667,1.991667,2.2,1.641667,-1.257054,0.1772397,33
2023-01-15 19:28:00,0.1535504,6.437203,234.4664,2.584746,13.32452,3.99865,0.002,0.5,0.001,2.508333,1.958333,2.15,1.616667,-1.314629,0.1772768999999999,33
2023-01-15 19:29:00,0.1535517999999999,6.445955,234.4457,2.582587,13.32544,3.99865,0.0013333329999999,0.5,0.0006666667,2.508333,1.883333,2.108333,1.525,-1.333821,0.1781638,33
2023-01-15 19:30:00,0.1536916,6.436224,234.564,2.567092,13.32544,3.986789,0.002,0.5,0.001,2.441667,1.841667,2.066667,1.475,-1.3818,0.1775005,33
2023-01-15 19:31:00,0.1535943999999999,6.45997,234.6305,2.543502,13.32589,3.978317,0.0013333329999999,0.5,0.0003333333999999,2.433333,1.775,1.966667,1.416667,-1.448971,0.1771023999999999,33
2023-01-15 19:32:00,0.1536488,6.450422,234.6409,2.520312,13.32589,3.974551,0.002,0.5,0.0013333329999999,2.358333,1.725,1.95,1.391667,-1.544929,0.1767324999999999,33
2023-01-15 19:33:00,0.1536063,6.425392,234.5759,2.502866,13.32727,3.955723,0.002666667,0.5,0.001,2.358333,1.708333,1.966667,1.408333,-1.506546,0.177623,33
2023-01-15 19:34:00,0.1536403,6.442314,234.4915,2.49136,13.33093,3.955723,0.0013333329999999,0.5,0.001,2.325,1.683333,1.933333,1.375,-1.477758,0.1772808999999999,33
2023-01-15 19:35:00,0.1535484,6.42717,234.4523,2.461553,13.33001,3.948945,0.0013333329999999,0.5,0.0006666667,2.3,1.625,1.891667,1.333333,-1.468162,0.1772875999999999,33
2023-01-15 19:36:00,0.1536216,6.424391,234.4561,2.423516,13.33093,3.93539,0.0006666667,0.4916666,0.0003333333999999,2.308333,1.558333,1.833333,1.283333,-1.544929,0.1773405999999999,33
2023-01-15 19:37:00,0.1537090999999999,6.4339,234.5337,2.436717,13.33093,3.933508,0.0013333329999999,0.45,0.0005999999999999,2.316667,1.633333,1.875,1.275,-1.544929,0.1777049,33
2023-01-15 19:38:00,0.1537065,6.44936,234.6498,2.46627,13.33093,3.912796,0.0006666667,0.4333332999999999,0.0003333333999999,2.358333,1.591667,1.875,1.308333,-1.487354,0.1778271999999999,33
2023-01-15 19:39:00,0.1537252,6.488061,234.7724,2.452606,13.33093,3.912796,0.002,0.4,0.0008,2.308333,1.55,1.8,1.275,-1.410587,0.1781638999999999,33
2023-01-15 19:40:00,0.1538593,6.489713,234.8689,2.407638,13.33093,3.900935,0.002666667,0.4,0.001066667,2.258333,1.5,1.733333,1.2,-1.429779,0.1775606,33
2023-01-15 19:41:00,0.1538538,6.473528,234.9484,2.390512,13.33092,3.892464,0.003333333,0.4,0.001066667,2.258333,1.5,1.741667,1.158333,-1.487354,0.1774086,33
2023-01-15 19:42:00,0.1539175,6.455309,234.9557,2.484775,13.33092,3.886816,0.002,0.4,0.001066667,2.341666,1.55,1.775,1.233333,-1.439375,0.1770351,33
2023-01-15 19:43:00,0.1539754,6.463726,235.0187,2.518109,13.33092,3.869873,0.002,0.4,0.0008,2.35,1.6,1.75,1.208333,-1.343417,0.1776697,33
2023-01-15 19:44:00,0.1539076,6.493842,235.0192,2.520979,13.32955,3.869873,0.003333333,0.4,0.0013333329999999,2.308333,1.633333,1.783333,1.208333,-1.209075,0.1776129999999999,33
2023-01-15 19:45:00,0.1538104,6.459385,234.843,2.467847,13.33138,3.856316,0.002,0.4,0.0008,2.208333,1.6,1.758333,1.208333,-1.132308,0.1781022999999999,33
2023-01-15 19:46:00,0.153766,6.448822,234.7837,2.407846,13.33092,3.849537,0.0013333329999999,0.4,0.0005333332999999,2.125,1.625,1.758333,1.2,-1.03635,0.1777821,33
2023-01-15 19:47:00,0.1538661,6.49394,234.8687,2.346456,13.33184,3.836359,0.003333333,0.4,0.001066667,2.05,1.616667,1.758333,1.233333,-1.084329,0.1779495,33
2023-01-15 19:48:00,0.1538668,6.47368,234.9015,2.322634,13.33413,3.826946,0.0006666667,0.4,0.0005333332999999,2.025,1.633333,1.733333,1.216667,-0.9979666,0.1781479,33
2023-01-15 19:49:00,0.1539415,6.470683,234.9548,2.283078,13.33551,3.826946,0.0013333329999999,0.4,0.0005333332999999,1.966667,1.633333,1.716667,1.233333,-1.026754,0.1777862,33
2023-01-15 19:50:00,0.153943,6.493177,235.0414,2.187753,13.33642,3.815086,0.002666667,0.4,0.001066667,1.866667,1.616667,1.708333,1.216667,-1.007563,0.178255,33
2023-01-15 19:51:00,0.1539856,6.459512,234.9915,2.100846,13.33642,3.806614,0.0006666667,0.4,0.0002666667,1.75,1.6,1.7,1.2,-1.03635,0.178422,33
2023-01-15 19:52:00,0.1540048,6.479198,235.0626,2.007944,13.33642,3.797199,0.0006666667,0.4,0.0002666667,1.666667,1.558333,1.658333,1.158333,-0.9691792,0.177646,33
2023-01-15 19:53:00,0.1540091,6.479493,235.0315,1.927799,13.33642,3.784019,0.002666667,0.4,0.0008,1.575,1.525,1.616667,1.133333,-1.065138,0.1778715999999999,33
2023-01-15 19:54:00,0.1540150999999999,6.513244,235.0704,1.865907,13.33642,3.784019,0.002666667,0.4,0.0013333329999999,1.591667,1.5,1.625,1.141667,-1.055542,0.177798,33
2023-01-15 19:55:00,0.1534910999999999,6.416324,234.4706,1.769207,13.33642,3.763687,0.002,0.4,0.0008,1.458333,1.45,1.608333,1.083333,-1.122712,0.17723,33
2023-01-15 19:56:00,0.1534363,6.439872,234.402,1.672919,13.33642,3.75239,0.002,0.4,0.0008,1.35,1.458333,1.583333,1.1,-1.141904,0.1775448,33
2023-01-15 19:57:00,0.15343,6.440225,234.4639,1.60542,13.33642,3.741093,0.002,0.4,0.0008,1.508333,1.491667,1.591667,1.083333,-1.1515,0.1779457,33
2023-01-15 19:58:00,0.1534441,6.456378,234.4787,1.537083,13.33642,3.727538,0.002,0.4,0.0008,1.391667,1.466667,1.625,1.075,-1.132308,0.1777808999999999,33
2023-01-15 19:59:00,0.1535301,6.474499,234.7639,1.483288,13.33642,3.716995,0.002,0.4,0.0008,1.391667,1.441667,1.6,1.033333,-1.199479,0.1783434,33
2023-01-15 20:00:00,0.1538813,6.494048,235.0017,1.426213,13.33688,3.69817,0.002,0.4,0.0008,1.25,1.4,1.591667,1.0,-1.276246,0.1781050999999999,33
2023-01-15 20:01:00,0.1537726,6.492561,234.9818,1.36532,13.33871,3.686309,0.002666667,0.4,0.001066667,1.2,1.4,1.591667,1.008333,-1.353012,0.1786904,33
2023-01-15 20:02:00,0.153777,6.494399,234.9828,1.294499,13.33917,3.670306,0.004666667,0.4,0.0016,1.141667,1.35,1.558333,0.9833333,-1.947954,0.178429,33
2023-01-15 20:03:00,0.1537675,6.492138,234.9825,1.236859,13.341,3.655243,0.0006666667,0.4,0.0005333332999999,1.133333,1.333333,1.525,0.95,-1.372204,0.1779891999999999,33
2023-01-15 20:04:00,0.1538883,6.506709,234.9801,1.190819,13.34146,3.641688,0.002666667,0.4,0.0013333329999999,1.125,1.308333,1.508333,0.9,-1.305033,0.178214,33
2023-01-15 20:05:00,0.1534038,6.434324,234.346,1.152035,13.34192,3.621731,0.002666667,0.4,0.0008,1.141667,1.308333,1.466667,0.95,-1.324225,0.1787102,33
2023-01-15 20:06:00,0.1531608999999999,6.414285,233.9575,1.109564,13.34192,3.603844,0.003333333,0.4,0.0013333329999999,1.133333,1.325,1.466667,0.9166667,-1.170692,0.1780057999999999,33
2023-01-15 20:07:00,0.1531364,6.422478,233.9671,1.067021,13.34238,3.584454,0.002666667,0.4,0.0008,1.108333,1.225,1.408333,0.8499999999999999,-1.218671,0.1776888,33
2023-01-15 20:08:00,0.1531588,6.434605,233.9797,1.040094,13.34283,3.567698,0.002,0.4,0.001066667,1.041667,1.2,1.391667,0.8,-1.285842,0.1787495,33
2023-01-15 20:09:00,0.1534856,6.443486,234.5258,1.002176,13.3465,3.547174,0.0013333329999999,0.4,0.0005333332999999,1.033333,1.116667,1.333333,0.7249999999999999,-1.410587,0.1780977,33
2023-01-15 20:10:00,0.1536106,6.466226,234.5419,0.9717343,13.34742,3.524772,0.002,0.4,0.0008,0.9916666,1.05,1.258333,0.625,-1.564121,0.1774699,33
2023-01-15 20:11:00,0.1533784,6.465527,234.3796,0.9387894,13.34421,3.502745,0.004,0.4,0.0013333329999999,0.9916666,0.9916666,1.208333,0.5749999999999998,-1.650483,0.1783605,33
2023-01-15 20:12:00,0.1534987999999999,6.452223,234.579,0.8903086,13.34696,3.483915,0.002,0.4,0.001066667,0.8916667,0.9583333,1.183333,0.525,-1.679271,0.1778701,33
2023-01-15 20:13:00,0.1532803,6.427383,234.3453,0.8579016,13.34772,3.458124,0.0013333329999999,0.4,0.0005333332999999,0.8666666,0.9083333,1.158333,0.5,-1.688867,0.1779022,33
2023-01-15 20:14:00,0.1531219,6.435314,234.0906,0.8435698,13.34787,3.440992,0.002666667,0.4,0.001066667,0.8583332999999999,0.875,1.108333,0.5,-1.6121,0.1782718,33
2023-01-15 20:15:00,0.1530537999999999,6.426453,234.0226,0.8344283,13.3482,3.411809,0.002,0.4,0.0008,0.8249999999999998,0.8333333,1.066667,0.4583333,-1.573717,0.1777841,33
2023-01-15 20:16:00,0.153088,6.436327,234.033,0.8289146,13.34828,3.390534,0.002666667,0.4,0.001066667,0.8249999999999998,0.8,1.058333,0.45,-1.506546,0.1785451,33
2023-01-15 20:17:00,0.1532505,6.470218,234.3294,0.8344932,13.34852,3.363799,0.0006666667,0.4,0.0002666667,0.7916667,0.7249999999999999,0.9916666,0.375,-1.477758,0.1788636999999999,33
2023-01-15 20:18:00,0.1533395999999999,6.42885,234.4115,0.8466158999999999,13.35228,3.345726,0.0006666667,0.4,0.0002666667,0.8333333,0.7166666,0.975,0.375,-1.487354,0.1780002,33
2023-01-15 20:19:00,0.1533519,6.455051,234.424,0.8456379,13.35379,3.317484,0.002,0.4,0.0008,0.8666666,0.7333332999999999,0.9833333,0.4,-1.49695,0.1782901,33
2023-01-15 20:20:00,0.1531657999999999,6.431236,234.1516,0.8879329999999999,13.35391,3.297152,0.0006666667,0.375,0.0002666667,0.9083333,0.7083333,0.9666666,0.3916666999999999,-1.487354,0.1779266999999999,33
2023-01-15 20:21:00,0.1529378999999999,6.402387,233.8746,0.9104003,13.35443,3.272866,0.002,0.3666667,0.0004666666999999,0.9,0.6583333,0.925,0.375,-1.477758,0.1787733,33
2023-01-15 20:22:00,0.1530613999999999,6.440695,234.1009,0.9082599,13.35503,3.250648,0.0013333329999999,0.3333333,0.0008,0.875,0.5749999999999998,0.8833334,0.2999999999999999,-1.439375,0.1785017999999999,33
2023-01-15 20:23:00,0.1531318999999999,6.463274,234.1035,0.9011703,13.35781,3.226362,0.002666667,0.3083332999999999,0.0008666667,0.8916667,0.625,0.9,0.3083332999999999,-1.458567,0.1782745,33
2023-01-15 20:24:00,0.1535779999999999,6.479737,234.607,0.8839071,13.35928,3.200567,0.002666667,0.2999999999999999,0.0008,0.9,0.5999999999999999,0.8833334,0.2999999999999999,-1.477758,0.1782398,33
2023-01-15 20:25:00,0.1536132,6.48376,234.7168,0.8557525999999999,13.35886,3.176846,0.002666667,0.2999999999999999,0.0005999999999999,0.8916667,0.5749999999999998,0.8833334,0.2833333,-1.506546,0.1789351,33
2023-01-15 20:26:00,0.1534915,6.458948,234.6324,0.8168982999999999,13.36029,3.151806,0.0006666667,0.2999999999999999,0.0004,0.8333333,0.5166667,0.8249999999999998,0.225,-1.525737,0.1783883,33
2023-01-15 20:27:00,0.1530671,6.436368,234.1639,0.7577627999999998,13.36034,3.128836,0.002,0.2999999999999999,0.0004,0.7666667,0.4916666,0.8083333,0.2083333,-1.535333,0.1784400999999999,33
2023-01-15 20:28:00,0.1531193,6.43104,234.1112,0.6861614999999999,13.36036,3.101351,0.002,0.2999999999999999,0.0005999999999999,0.7083333,0.4083333,0.7416666,0.1416667,-1.564121,0.1781947,33
2023-01-15 20:29:00,0.1530976,6.431873,234.0906,0.6266804,13.36042,3.075182,0.0013333329999999,0.2999999999999999,0.0005999999999999,0.6999999999999998,0.3416666999999999,0.6666667,0.05833333,-1.660079,0.1780018999999999,33
2023-01-15 20:30:00,0.1533335,6.454159,234.2727,0.5881602999999999,13.36044,3.049764,0.002666667,0.2999999999999999,0.0008,0.675,0.225,0.5583333,-0.0749999999999999,-1.669675,0.1789879,33
2023-01-15 20:31:00,0.1536209,6.48382,234.6171,0.557512,13.36047,3.019263,0.004,0.2999999999999999,0.0011999999999999,0.6083332999999999,0.0999999899999999,0.4666666999999999,-0.2416667,-1.775229,0.1783251999999999,33
2023-01-15 20:32:00,0.1536131,6.470762,234.583,0.5293111,13.36416,2.994788,0.003333333,0.2999999999999999,0.0008,0.5416667,0.0083333339999999,0.3499999999999999,-0.3583333,-1.832804,0.1784343999999999,33
2023-01-15 20:33:00,0.1533768,6.44978,234.2116,0.497829,13.36601,2.965608,0.0006666667,0.2999999999999999,0.0004,0.5166667,-0.0999999899999999,0.2583332999999999,-0.4666666999999999,-1.947954,0.1787391,33
2023-01-15 20:34:00,0.1530861,6.442201,233.9618,0.4448636,13.36512,2.940189,0.0013333329999999,0.2999999999999999,0.0004,0.4416666,-0.1749999999999999,0.2166666999999999,-0.4916666,-2.063104,0.1778883,33
2023-01-15 20:35:00,0.1530039,6.417126,233.9084,0.3899477,13.36604,2.911386,0.0006666667,0.2999999999999999,0.0002,0.4083333,-0.2583332999999999,0.1583333,-0.6333332999999999,-2.120679,0.1782561,33
2023-01-15 20:36:00,0.1529377,6.462437,233.9865,0.3465948999999999,13.36606,2.883331,0.003333333,0.2999999999999999,0.001,0.3333333,-0.325,0.05833333,-0.6999999999999998,-2.18785,0.1792378,33
2023-01-15 20:37:00,0.1533739,6.476044,234.4971,0.3080833,13.36607,2.85434,0.0013333329999999,0.2999999999999999,0.0004,0.2833333,-0.4583333,-0.01666667,-0.8166666999999999,-2.207042,0.1786668999999999,33
2023-01-15 20:38:00,0.1535575,6.471154,234.6854,0.2974524,13.367,2.82365,0.002666667,0.2999999999999999,0.0008,0.3083332999999999,-0.5166667,-0.0916666599999999,-0.8833334,-2.283808,0.1787184,33
2023-01-15 20:39:00,0.1536523999999999,6.486595,234.8209,0.2389443,13.3693,2.795598,0.0013333329999999,0.2999999999999999,0.0004,0.1666667,-0.5749999999999998,-0.1833333,-0.9666666,-2.226233,0.1787709,33
2023-01-15 20:40:00,0.1534121,6.447632,234.3073,0.1014495,13.3716,2.765097,0.002,0.2999999999999999,0.0005999999999999,0.05833333,-0.625,-0.2333332999999999,-0.9916666,-2.293404,0.1778158,33
2023-01-15 20:41:00,0.1532685,6.452763,234.2309,0.04894035,13.37161,2.73441,0.0,0.2999999999999999,0.0,0.01666667,-0.7249999999999999,-0.2916667,-1.041667,-2.293404,0.1783035,33
2023-01-15 20:42:00,0.1533224,6.471759,234.3798,0.0711399999999999,13.37161,2.706921,0.003333333,0.2666666999999999,0.0008666667,0.05833333,-0.8083333,-0.3833332999999999,-1.133333,-2.283808,0.1780799999999999,33
2023-01-15 20:43:00,0.1532146,6.459324,234.248,0.09923192,13.37162,2.678118,0.002666667,0.225,0.0004,0.125,-0.8416666,-0.3916666999999999,-1.15,-2.312596,0.1785871,33
2023-01-15 20:44:00,0.1535237999999999,6.451968,234.6929,0.1058209,13.37162,2.640839,0.003333333,0.2,0.0008,0.1333332999999999,-0.8666666,-0.4333332999999999,-1.2,-2.274212,0.1784714,33
2023-01-15 20:45:00,0.1535969,6.504217,234.7299,0.0907865199999999,13.37163,2.612223,0.0013333329999999,0.2,0.0002666667,0.025,-0.925,-0.5083332999999999,-1.266667,-2.293404,0.1790399,33
2023-01-15 20:46:00,0.1536193999999999,6.475988,234.7023,0.1181789,13.37209,2.579839,0.002,0.2,0.0002666667,0.025,-0.9583333,-0.55,-1.275,-2.226233,0.1795151,33
2023-01-15 20:47:00,0.1531262999999999,6.438223,234.1449,0.1409727,13.37576,2.549341,0.0,0.2,0.0001333333,0.04166667,-0.975,-0.5416667,-1.233333,-2.178254,0.1781078,33
2023-01-15 20:48:00,0.1532128,6.436008,234.0919,0.07102848,13.37759,2.519969,0.0013333329999999,0.2,0.0002666667,-0.0666666699999999,-0.9416667,-0.5333333999999998,-1.208333,-2.120679,0.1787864,33
2023-01-15 20:49:00,0.1531025,6.434278,233.992,0.0898744199999999,13.37768,2.489847,0.004,0.2,0.0008,-0.05,-0.95,-0.5416667,-1.166667,-2.0727,0.1784083999999999,33
2023-01-15 20:50:00,0.1529417,6.444123,233.9351,0.1103644,13.37796,2.456333,0.0013333329999999,0.2,0.0001333333,-0.0749999999999999,-0.9166667,-0.5166667,-1.116667,-2.024721,0.1790761999999999,33
2023-01-15 20:51:00,0.1528683999999999,6.423611,233.8699,0.0626800899999999,13.37856,2.423953,0.002,0.2,0.0005333332999999,-0.1916667,-1.033333,-0.6333332999999999,-1.183333,-1.928762,0.1786769,33
2023-01-15 20:52:00,0.1530582,6.440928,233.9947,0.004634418,13.37962,2.398535,0.002666667,0.2,0.0005333332999999,-0.25,-1.016667,-0.6166667,-1.2,-1.899975,0.1788883,33
2023-01-15 20:53:00,0.1529855,6.459944,233.9305,-0.003043894,13.38209,2.3686,0.0013333329999999,0.2,0.0002666667,-0.2,-1.016667,-0.6166667,-1.183333,-1.919167,0.1782025999999999,33
2023-01-15 20:54:00,0.153307,6.476196,234.438,-0.0101049899999999,13.38306,2.336405,0.002,0.2,0.0004,-0.225,-1.041667,-0.6166667,-1.183333,-1.909571,0.1788055,33
2023-01-15 20:55:00,0.1535459,6.46488,234.5723,0.008078079,13.38417,2.307035,0.002,0.2,0.0004,-0.1749999999999999,-1.033333,-0.5999999999999999,-1.2,-1.861591,0.1789700999999999,33
2023-01-15 20:56:00,0.1534831,6.466543,234.4338,0.01480045,13.38422,2.279923,0.003333333,0.2,0.0006666667,-0.2083333,-1.091667,-0.6416667,-1.225,-1.832804,0.1784294999999999,33
2023-01-15 20:57:00,0.1530416,6.442334,233.978,-0.01486824,13.38432,2.25112,0.0013333329999999,0.2,0.0001333333,-0.1749999999999999,-1.091667,-0.675,-1.283333,-1.880783,0.1788363,33
2023-01-15 20:58:00,0.1531444,6.424773,234.0671,-0.0391393099999999,13.38439,2.217606,0.002,0.2,0.0005333332999999,-0.2166666999999999,-1.125,-0.7249999999999999,-1.316667,-1.919167,0.1782805,33
2023-01-15 20:59:00,0.1532724,6.451397,234.2166,-0.05508049,13.38444,2.192379,0.003333333,0.2,0.0006666667,-0.1916667,-1.2,-0.8,-1.433333,-1.938358,0.1787094999999999,33
2023-01-15 21:00:00,0.1532636,6.470415,234.2567,-0.0889955199999999,13.38497,2.165078,0.002,0.2,0.0004,-0.2,-1.266667,-0.8583332999999999,-1.5,-1.976741,0.1787450999999999,33
2023-01-15 21:01:00,0.1531797,6.450521,234.1113,-0.1296441,13.38546,2.132509,0.0006666667,0.2,0.0001333333,-0.225,-1.283333,-0.8833334,-1.516667,-2.053508,0.1784167999999999,33
2023-01-15 21:02:00,0.1533487,6.495546,234.3468,-0.1687732,13.38919,2.105774,0.002666667,0.2,0.0005333332999999,-0.2583332999999999,-1.325,-0.9083333,-1.508333,-2.063104,0.1786974,33
2023-01-15 21:03:00,0.1535697,6.51196,234.7106,-0.1749912,13.38921,2.075838,0.002,0.2,0.0004,-0.225,-1.358333,-0.9416667,-1.533333,-2.101487,0.1785341,33
2023-01-15 21:04:00,0.1535216,6.500293,234.6927,-0.1366431999999999,13.39017,2.044961,0.002666667,0.2,0.0004,-0.2,-1.308333,-0.8916667,-1.508333,-2.149467,0.1789910999999999,33
2023-01-15 21:05:00,0.1536103,6.476281,234.6453,-0.1076032,13.3902,2.019922,0.002666667,0.2,0.0006666667,-0.2,-1.283333,-0.8916667,-1.5,-2.120679,0.1785953,33
2023-01-15 21:06:00,0.1535642,6.494772,234.6721,-0.1081757,13.39022,1.974737,0.002,0.2,0.0004,-0.2,-1.258333,-0.8916667,-1.475,-2.024721,0.1781890999999999,33
2023-01-15 21:07:00,0.1536679,6.507224,234.6985,-0.1095978,13.39025,1.938779,0.002,0.2,0.0004,-0.2166666999999999,-1.283333,-0.9166667,-1.5,-1.976741,0.1791594,33
2023-01-15 21:08:00,0.1535581,6.488183,234.6885,-0.1241735,13.39072,1.915621,0.0013333329999999,0.2,0.0001333333,-0.2083333,-1.35,-0.9333333,-1.541667,-1.919167,0.1798528,33
2023-01-15 21:09:00,0.1536188,6.470316,234.711,-0.1871983,13.39167,1.88738,0.002,0.2,0.0005333332999999,-0.3083332999999999,-1.391667,-1.025,-1.616667,-1.909571,0.1787440999999999,33
2023-01-15 21:10:00,0.1534929999999999,6.518906,234.6862,-0.2586567,13.39259,1.856502,0.002,0.2,0.0004,-0.4,-1.491667,-1.058333,-1.683333,-1.880783,0.1783667999999999,33
2023-01-15 21:11:00,0.1537104,6.481988,234.7724,-0.2961346999999999,13.3949,1.834287,0.003333333,0.2,0.0006666667,-0.3916666999999999,-1.516667,-1.058333,-1.733333,-1.928762,0.178541,33
2023-01-15 21:12:00,0.1535874,6.501049,234.8329,-0.3190859999999999,13.39583,1.805669,0.0006666667,0.2,0.0001333333,-0.4416666,-1.6,-1.141667,-1.8,-1.967146,0.1783208,33
2023-01-15 21:13:00,0.1536414999999999,6.518003,234.7805,-0.3628713,13.39583,1.775735,0.003333333,0.2,0.0006666667,-0.5166667,-1.666667,-1.166667,-1.916667,-2.015125,0.1786367,33
2023-01-15 21:14:00,0.1536623,6.491076,234.7424,-0.4220869999999999,13.39585,1.748436,0.002666667,0.2,0.0005333332999999,-0.5833333,-1.708333,-1.216667,-1.975,-2.0727,0.1784645,33
2023-01-15 21:15:00,0.1535566999999999,6.498495,234.7228,-0.4829082,13.39585,1.721701,0.0006666667,0.2,0.0001333333,-0.625,-1.775,-1.308333,-2.083333,-2.178254,0.1785132,33
2023-01-15 21:16:00,0.1538878999999999,6.516521,234.9693,-0.5426361,13.39586,1.695344,0.003333333,0.2,0.0005333332999999,-0.6916666,-1.858333,-1.375,-2.141667,-2.255021,0.1789886,33
2023-01-15 21:17:00,0.1541902,6.549747,235.4896,-0.5641808,13.39587,1.665972,0.004666667,0.2,0.0009333333999999,-0.6416667,-1.841667,-1.358333,-2.158333,-2.264616,0.1785163999999999,33
2023-01-15 21:18:00,0.1543667,6.547241,235.4808,-0.6119096,13.39587,1.637168,0.002,0.2,0.0005333332999999,-0.7083333,-1.85,-1.35,-2.15,-2.322191,0.1786558,33
2023-01-15 21:19:00,0.1542004999999999,6.535345,235.3965,-0.6140849,13.39496,1.608362,0.002,0.2,0.0002666667,-0.625,-1.833333,-1.333333,-2.066667,-2.264617,0.1787071,33
2023-01-15 21:20:00,0.1538798,6.520638,234.9233,-0.5796877999999999,13.3968,1.580687,0.002666667,0.2,0.0005333332999999,-0.5333333999999998,-1.866667,-1.308333,-2.075,-2.149467,0.1782065999999999,33
2023-01-15 21:21:00,0.1538017999999999,6.517939,234.9213,-0.5354847,13.39955,1.55414,0.003333333,0.2,0.0008,-0.4666666999999999,-1.8,-1.325,-2.025,-1.95755,0.1780374,33
2023-01-15 21:22:00,0.1538375999999999,6.51362,234.9357,-0.5495664,13.40139,1.525711,0.003333333,0.2,0.0006666667,-0.5083332999999999,-1.8,-1.275,-2.075,-1.890379,0.1786926,33
2023-01-15 21:23:00,0.1540532,6.545619,235.2289,-0.5646598999999999,13.40139,1.494833,0.003333333,0.2,0.0006666667,-0.5,-1.783333,-1.258333,-2.05,-1.832804,0.1792719999999999,33
2023-01-15 21:24:00,0.1538187,6.513001,234.9943,-0.5558783,13.40139,1.468288,0.002,0.2,0.0004,-0.4416666,-1.75,-1.283333,-2.041667,-1.765633,0.1785031,33
2023-01-15 21:25:00,0.1536836,6.506626,234.9081,-0.5268534,13.4014,1.441741,0.002,0.2,0.0004,-0.4249999999999999,-1.833333,-1.358333,-2.108333,-1.736846,0.1788074,33
2023-01-15 21:26:00,0.1537640999999999,6.510252,234.9363,-0.525335,13.4014,1.414442,0.004666667,0.2,0.0009333333999999,-0.45,-1.825,-1.325,-2.05,-1.708058,0.1788355,33
2023-01-15 21:27:00,0.1539835,6.510858,235.0206,-0.4950813,13.40186,1.386957,0.002,0.2,0.0004,-0.4,-1.841667,-1.375,-2.091667,-1.688867,0.1789874999999999,33
2023-01-15 21:28:00,0.1542999999999999,6.543109,235.3748,-0.4776497,13.40186,1.363987,0.002,0.2,0.0004,-0.3833332999999999,-1.85,-1.35,-2.116667,-1.72725,0.1790756,33
2023-01-15 21:29:00,0.1542893999999999,6.526957,235.5546,-0.3854555,13.40461,1.335558,0.002,0.2,0.0004,-0.2833333,-1.841667,-1.325,-2.066667,-1.736846,0.1782354999999999,33
2023-01-15 21:30:00,0.1544019,6.563551,235.6567,-0.3560500999999999,13.40691,1.313717,0.002,0.2,0.0004,-0.2999999999999999,-1.825,-1.358333,-2.05,-1.861591,0.1788021999999999,33
2023-01-15 21:31:00,0.1545512,6.541267,235.7451,-0.284015,13.40691,1.287548,0.003333333,0.2,0.0005333332999999,-0.25,-1.858333,-1.308333,-2.016667,-1.813612,0.1788134999999999,33
2023-01-15 21:32:00,0.1546387999999999,6.549847,235.8705,-0.2782753,13.40691,1.261567,0.002,0.2,0.0005333332999999,-0.25,-1.925,-1.391667,-2.075,-1.832804,0.1787968,33
2023-01-15 21:33:00,0.1544511,6.568212,235.7139,-0.2377175,13.40599,1.242927,0.002,0.2,0.0004,-0.1749999999999999,-1.858333,-1.358333,-2.033333,-1.794421,0.1794806999999999,33
2023-01-15 21:34:00,0.1544715999999999,6.549674,235.7314,-0.2769662,13.40691,1.216759,0.002666667,0.2,0.0005333332999999,-0.2999999999999999,-1.875,-1.391667,-2.041667,-1.832804,0.1783931,33
2023-01-15 21:35:00,0.1545515,6.536459,235.7125,-0.3783676,13.40691,1.19492,0.002666667,0.2,0.0005333332999999,-0.4416666,-2.0,-1.508333,-2.133333,-1.832804,0.1788226,33
2023-01-15 21:36:00,0.1544916,6.547541,235.6675,-0.3999611,13.40691,1.171949,0.004,0.2,0.0008,-0.4333332999999999,-2.058333,-1.55,-2.208333,-1.967146,0.1783039999999999,33
2023-01-15 21:37:00,0.1540019,6.534994,235.2245,-0.4419177,13.40691,1.1503,0.003333333,0.2,0.0005333332999999,-0.4749999999999999,-2.175,-1.658333,-2.375,-2.034317,0.1783631,33
2023-01-15 21:38:00,0.1538790999999999,6.484559,234.9694,-0.5004169,13.40691,1.126576,0.002666667,0.2,0.0006666667,-0.5333333999999998,-2.275,-1.741667,-2.458333,-2.149467,0.1780451999999999,33
2023-01-15 21:39:00,0.1538614,6.501763,234.9279,-0.5575657,13.40828,1.104925,0.002666667,0.2,0.0005333332999999,-0.5916666,-2.308333,-1.8,-2.475,-2.264617,0.1786942,33
2023-01-15 21:40:00,0.1540239999999999,6.543719,235.2006,-0.5890722,13.41012,1.078569,0.002,0.2,0.0002666667,-0.5916666,-2.333333,-1.841667,-2.508333,-2.322191,0.1791357,33
2023-01-15 21:41:00,0.1542606,6.561907,235.5414,-0.4323406,13.41103,1.058234,0.003333333,0.2,0.0008,-0.3166667,-2.191667,-1.716667,-2.383333,-2.303,0.179262,33
2023-01-15 21:42:00,0.1545117,6.572151,235.6636,-0.2752750999999999,13.41058,1.033948,0.002,0.2,0.0004,-0.1833333,-2.1,-1.6,-2.208333,-2.159062,0.1791493999999999,33
2023-01-15 21:43:00,0.1544533999999999,6.561798,235.7311,-0.2922353999999999,13.41264,1.013427,0.003333333,0.2,0.0005333332999999,-0.2916667,-2.075,-1.591667,-2.125,-1.919167,0.1788778,33
2023-01-15 21:44:00,0.1543936999999999,6.561508,235.5281,-0.3156745,13.41286,0.9893265,0.003333333,0.2,0.0008,-0.3666667,-2.091667,-1.591667,-2.091667,-1.784825,0.1794057,33
2023-01-15 21:45:00,0.1544355,6.521911,235.4087,-0.2454855,13.4128,0.9706885,0.004,0.2,0.0006666667,-0.3333333,-2.041667,-1.533333,-1.775,-1.804017,0.1784235,33
2023-01-15 21:46:00,0.1543689,6.516554,235.4401,0.02466404,13.41277,0.9482825,0.0013333329999999,0.2,0.0004,-0.08333334,-1.891667,-1.416667,-1.675,-1.775229,0.178293,33
2023-01-15 21:47:00,0.1545409,6.549381,235.4729,0.0057913799999999,13.41315,0.9294561,0.003333333,0.2,0.0006666667,-0.1833333,-1.925,-1.441667,-1.708333,-1.688867,0.1784203,33
2023-01-15 21:48:00,0.1545007999999999,6.503954,235.4588,-0.09259966,13.41311,0.9091244,0.002666667,0.2,0.0005333332999999,-0.3083332999999999,-1.983333,-1.5,-1.75,-1.669675,0.1775132,33
2023-01-15 21:49:00,0.1544382,6.547161,235.3884,-0.1209443,13.41301,0.896698,0.004,0.2,0.0008,-0.3083332999999999,-1.966667,-1.491667,-1.766667,-1.775229,0.1783413,33
2023-01-15 21:50:00,0.1545951999999999,6.531448,235.595,-0.1237303,13.4132,0.8780575,0.002666667,0.2,0.0005333332999999,-0.3083332999999999,-1.933333,-1.483333,-1.708333,-1.851996,0.1788787,33
2023-01-15 21:51:00,0.154497,6.531396,235.4637,-0.2040346,13.4138,0.8628082,0.003333333,0.2,0.0005333332999999,-0.375,-1.916667,-1.475,-1.7,-1.8424,0.1783359999999999,33
2023-01-15 21:52:00,0.1543284,6.530712,235.5076,-0.1704394999999999,13.41356,0.8458651999999999,0.002666667,0.2,0.0005333332999999,-0.3083332999999999,-1.883333,-1.483333,-1.7,-1.8424,0.1789302999999999,33
2023-01-15 21:53:00,0.1538846,6.498985,234.9336,-0.2171402,13.415,0.8266601999999998,0.002,0.2,0.0005333332999999,-0.3666667,-1.958333,-1.525,-1.783333,-1.832804,0.1780219,33
2023-01-15 21:54:00,0.1537386,6.48308,234.8738,-0.2985303,13.41703,0.8161163,0.002666667,0.2,0.0004,-0.4416666,-2.016667,-1.591667,-1.85,-1.871187,0.1781737999999999,33
2023-01-15 21:55:00,0.1538942,6.484758,234.863,-0.3188443,13.41846,0.7972907999999999,0.002,0.2,0.0004,-0.4666666999999999,-2.016667,-1.575,-1.841667,-1.919167,0.1792825999999999,33
2023-01-15 21:56:00,0.1537583999999999,6.478949,234.8362,-0.1101295,13.41812,0.7820415,0.003333333,0.2,0.0006666667,-0.25,-1.958333,-1.525,-1.75,-1.967146,0.1784571,33
2023-01-15 21:57:00,0.1543935999999999,6.559349,235.4406,-0.09069686,13.41959,0.7718753999999999,0.003333333,0.2,0.0006666667,-0.2916667,-2.0,-1.508333,-1.775,-1.938358,0.1783236,33
2023-01-15 21:58:00,0.1544605,6.538689,235.5259,-0.0973036399999999,13.41963,0.7566260999999999,0.004,0.2,0.0008,-0.2833333,-2.041667,-1.566667,-1.825,-1.976741,0.1786011,33
2023-01-15 21:59:00,0.1544923,6.563417,235.6233,-0.1073387,13.41973,0.7415631,0.002666667,0.2,0.0005333332999999,-0.2583332999999999,-2.05,-1.583333,-1.85,-1.995933,0.1790260999999999,33
2023-01-15 22:00:00,0.1545311,6.571711,235.7217,-0.0542039699999999,13.41838,0.7340317,0.004,0.2,0.0008,-0.2,-2.033333,-1.6,-1.875,-2.005529,0.1787284,33
2023-01-15 22:01:00,0.1545912,6.541936,235.7694,-0.0538400399999999,13.41983,0.717088,0.002,0.2,0.0004,-0.2416667,-2.05,-1.591667,-1.875,-2.015125,0.1787573,33
2023-01-15 22:02:00,0.1544312999999999,6.536459,235.6459,-0.1007377,13.41986,0.7099336,0.003333333,0.2,0.0008,-0.3166667,-2.083333,-1.608333,-1.891667,-1.967146,0.178403,33
2023-01-15 22:03:00,0.1542685,6.500733,235.3008,-0.1723387,13.4199,0.6911049,0.004666667,0.2,0.0008,-0.375,-2.141667,-1.633333,-1.983333,-1.986337,0.1781942,33
2023-01-15 22:04:00,0.1541025,6.540099,235.2789,-0.13983,13.41993,0.6911049,0.006,0.2,0.0011999999999999,-0.2916667,-2.141667,-1.658333,-2.008333,-2.005529,0.1786079999999999,33
2023-01-15 22:05:00,0.1540041,6.520656,235.2767,-0.1146793,13.41858,0.6707726,0.004666667,0.2,0.0009333333999999,-0.2666666999999999,-2.183333,-1.675,-2.016667,-2.034317,0.1784660999999999,33
2023-01-15 22:06:00,0.1538992999999999,6.522638,235.211,-0.1343833999999999,13.42,0.6575946999999999,0.003333333,0.2,0.0008,-0.3083332999999999,-2.225,-1.716667,-2.05,-2.043912,0.1785055,33
2023-01-15 22:07:00,0.1539829,6.537008,235.3693,-0.1893304,13.42001,0.6481818999999999,0.002666667,0.2,0.0005333332999999,-0.3916666999999999,-2.275,-1.783333,-2.133333,-2.043912,0.1782148,33
2023-01-15 22:08:00,0.1542447,6.559569,235.7175,-0.2609411999999999,13.42003,0.6380137999999999,0.002,0.2,0.0002666667,-0.4416666,-2.383333,-1.858333,-2.25,-2.091892,0.1788435999999999,33
2023-01-15 22:09:00,0.1543317999999999,6.543671,235.7966,-0.3065420999999999,13.42005,0.6278458,0.002666667,0.2,0.0005333332999999,-0.4583333,-2.408333,-1.9,-2.258333,-2.18785,0.178787,33
2023-01-15 22:10:00,0.1541899999999999,6.56234,235.5742,-0.3153165,13.42006,0.6125964999999999,0.004666667,0.2,0.001066667,-0.4583333,-2.408333,-1.891667,-2.241667,-2.216637,0.1790952,33
2023-01-15 22:11:00,0.1540727,6.524683,235.4568,-0.1878827999999999,13.41733,0.6056308999999999,0.0013333329999999,0.2,0.0002666667,-0.325,-2.383333,-1.858333,-2.183333,-2.168658,0.1785707,33
2023-01-15 22:12:00,0.1543113999999999,6.529171,235.6301,-0.1718946,13.42009,0.5905704,0.0013333329999999,0.2,0.0002666667,-0.2916667,-2.391667,-1.875,-2.216667,-2.091892,0.1793394,33
2023-01-15 22:13:00,0.1542741,6.519372,235.643,-0.1939543,13.4201,0.5815333999999999,0.002666667,0.2,0.0004,-0.2999999999999999,-2.366667,-1.816667,-2.191667,-2.005529,0.1785260999999999,33
2023-01-15 22:14:00,0.1541568,6.548157,235.6531,-0.2210440999999999,13.42011,0.5645866,0.004,0.2,0.0008,-0.3083332999999999,-2.4,-1.883333,-2.291667,-1.919167,0.1790982,33
2023-01-15 22:15:00,0.1542365,6.559897,235.6372,-0.2412803,13.42012,0.5645866,0.002,0.2,0.0005333332999999,-0.3499999999999999,-2.416667,-1.916667,-2.383333,-1.909571,0.1790365999999999,33
2023-01-15 22:16:00,0.1542888,6.558215,235.6629,-0.2250094,13.42013,0.5476436999999998,0.003333333,0.2,0.0006666667,-0.3333333,-2.441667,-1.916667,-2.383333,-2.015125,0.1790453999999999,33
2023-01-15 22:17:00,0.1542578,6.556993,235.6953,-0.2171886,13.42013,0.5403016,0.002666667,0.2,0.0005333332999999,-0.4083333,-2.466667,-1.908333,-2.325,-2.024721,0.1790339,33
2023-01-15 22:18:00,0.1543374,6.559668,235.7786,-0.2705461,13.42152,0.5216637,0.003333333,0.2,0.0005333332999999,-0.4666666999999999,-2.466667,-1.933333,-2.341666,-2.063104,0.1788576,33
2023-01-15 22:19:00,0.1543641,6.547106,235.7428,-0.3175254,13.42335,0.5216637,0.003333333,0.2,0.0006666667,-0.4249999999999999,-2.466667,-1.95,-2.383333,-2.091892,0.1783451,33
2023-01-15 22:20:00,0.1544145,6.562188,235.7102,-0.4038682,13.42427,0.5098009,0.002,0.2,0.0005333332999999,-0.5166667,-2.475,-1.983333,-2.4,-2.053508,0.1786787,33
2023-01-15 22:21:00,0.1542037,6.526748,235.5031,-0.5012876,13.42565,0.5013275,0.003333333,0.2,0.0006666667,-0.6333332999999999,-2.425,-1.958333,-2.333333,-2.043912,0.1788631,33
2023-01-15 22:22:00,0.1541256,6.537764,235.415,-0.402872,13.42565,0.4862671,0.005333334,0.2,0.0009333333999999,-0.5166667,-2.375,-1.866667,-2.208333,-2.0727,0.1789899,33
2023-01-15 22:23:00,0.1540882,6.528392,235.4513,-0.3077692,13.42566,0.4787369,0.004,0.2,0.0008,-0.4,-2.408333,-1.9,-2.233333,-2.063104,0.1795627999999999,33
2023-01-15 22:24:00,0.154091,6.548565,235.4203,-0.3591232999999999,13.42566,0.4736538,0.002666667,0.2,0.0006666667,-0.4666666999999999,-2.466667,-2.025,-2.391667,-2.053508,0.1788270999999999,33
2023-01-15 22:25:00,0.1541927999999999,6.556244,235.4617,-0.3968126,13.42566,0.4584044999999999,0.004666667,0.2,0.0009333333999999,-0.4416666,-2.441667,-2.016667,-2.458333,-2.159062,0.1793904,33
2023-01-15 22:26:00,0.1542408999999999,6.530119,235.5424,-0.3374127,13.42566,0.4527558999999999,0.004,0.2,0.0008,-0.325,-2.45,-2.016667,-2.458333,-2.168658,0.1782233,33
2023-01-15 22:27:00,0.1543546,6.537517,235.652,-0.2373039,13.42567,0.4358100999999999,0.003333333,0.2,0.0006666667,-0.2333332999999999,-2.433333,-2.016667,-2.433333,-2.168658,0.1794777999999999,33
2023-01-15 22:28:00,0.1543615999999999,6.582826,235.7412,-0.1060442999999999,13.42613,0.4341156999999999,0.002,0.2,0.0004,-0.1583333,-2.366667,-1.916667,-2.3,-2.149467,0.1794714,33
2023-01-15 22:29:00,0.154396,6.606133,235.917,-0.1066415,13.42567,0.4154778,0.005333334,0.2,0.0009333333999999,-0.2,-2.391667,-1.933333,-2.291667,-2.082296,0.1790487,33
2023-01-15 22:30:00,0.154376,6.548962,235.9576,-0.1005815,13.4275,0.4135948999999999,0.004666667,0.2,0.001066667,-0.1833333,-2.316667,-1.875,-2.216667,-2.091892,0.1791803999999999,33
2023-01-15 22:31:00,0.1544199,6.605486,235.9697,0.00945547,13.4275,0.3928832999999999,0.004,0.2,0.0006666667,0.08333334,-2.2,-1.758333,-2.058333,-2.101487,0.1794120999999999,33
2023-01-15 22:32:00,0.154375,6.5984,235.9842,0.07158509,13.42842,0.3928832999999999,0.003333333,0.1916667,0.0008,0.1416667,-2.133333,-1.716667,-1.991667,-2.024721,0.1790105999999999,33
2023-01-15 22:33:00,0.1541671,6.554848,235.5783,0.02629586,13.42888,0.3894946,0.002666667,0.1749999999999999,0.0004666666999999,0.05,-2.083333,-1.683333,-1.991667,-1.95755,0.1791596,33
2023-01-15 22:34:00,0.1540362,6.553158,235.5716,-0.0231922799999999,13.43071,0.372551,0.002,0.1833333,0.0002,0.0,-2.075,-1.633333,-1.983333,-1.909571,0.1791706999999999,33
2023-01-15 22:35:00,0.1540429,6.558526,235.6207,-0.06870627,13.43117,0.372551,0.004666667,0.2,0.0009333333999999,-0.0749999999999999,-2.066667,-1.641667,-1.95,-1.861591,0.1794492,33
2023-01-15 22:36:00,0.1540449,6.55123,235.5757,-0.1930468999999999,13.43117,0.3623848,0.005333334,0.2,0.001066667,-0.2583332999999999,-2.116667,-1.7,-2.016667,-1.861591,0.1793339999999999,33
2023-01-15 22:37:00,0.1543774,6.60473,236.0051,-0.3138057,13.43072,0.3522185999999999,0.003333333,0.2,0.0006666667,-0.3916666999999999,-2.15,-1.733333,-2.016667,-1.986337,0.1795364,33
2023-01-15 22:38:00,0.1545633999999999,6.587357,236.0961,-0.2856172,13.4298,0.3522185999999999,0.002666667,0.1916667,0.0006666667,-0.2999999999999999,-2.158333,-1.725,-2.033333,-2.034317,0.1802108,33
2023-01-15 22:39:00,0.1544837,6.595289,235.9761,-0.3677502999999999,13.43118,0.3503357,0.002,0.1833333,0.0004,-0.4083333,-2.191667,-1.733333,-2.125,-2.034317,0.178729,33
2023-01-15 22:40:00,0.1542582,6.587484,235.9451,-0.6569188999999999,13.43118,0.3352727999999999,0.003333333,0.2,0.0005333332999999,-0.7583332999999999,-2.316667,-1.875,-2.266667,-2.024721,0.1791132,33
2023-01-15 22:41:00,0.1545072,6.567356,235.9832,-0.8282665999999999,13.4298,0.3296241999999999,0.004,0.1833333,0.0008,-0.925,-2.366667,-1.925,-2.366667,-2.082296,0.1792893999999999,33
2023-01-15 22:42:00,0.1543336999999999,6.5726,235.8837,-0.9192698,13.43118,0.3211524,0.004666667,0.2,0.0009333333999999,-0.9583333,-2.466667,-2.025,-2.491667,-2.111083,0.1793091,33
2023-01-15 22:43:00,0.1541414999999999,6.564873,235.6059,-0.939851,13.43118,0.3092918,0.003333333,0.1833333,0.0008,-0.95,-2.541667,-2.108333,-2.6,-2.18785,0.1785596999999999,33
2023-01-15 22:44:00,0.1540544,6.564184,235.5625,-0.9065629,13.43118,0.3092918,0.002666667,0.1749999999999999,0.0005333332999999,-0.9,-2.633333,-2.2,-2.683333,-2.274212,0.1791069,33
2023-01-15 22:45:00,0.1540808999999999,6.550029,235.5867,-0.9095153,13.43118,0.2904663,0.003333333,0.1916667,0.0005999999999999,-0.875,-2.675,-2.216667,-2.725,-2.389362,0.1798578,33
2023-01-15 22:46:00,0.1542475,6.562969,235.8329,-0.8771086,13.43026,0.2867011999999999,0.003333333,0.1916667,0.0005333332999999,-0.8249999999999998,-2.7,-2.191667,-2.75,-2.312596,0.1795072,33
2023-01-15 22:47:00,0.1545221,6.623223,236.255,-0.934162,13.43118,0.2680597,0.002,0.2,0.0005333332999999,-0.925,-2.733333,-2.208333,-2.783333,-2.226233,0.1795315,33
2023-01-15 22:48:00,0.1546447,6.616306,236.2479,-1.061112,13.43118,0.2663651,0.003333333,0.2,0.0006666667,-1.125,-2.808333,-2.333333,-2.9,-2.130275,0.1795272,33
2023-01-15 22:49:00,0.154442,6.59206,236.0929,-1.239831,13.43118,0.2528101999999999,0.004,0.2,0.0008,-1.266667,-2.875,-2.375,-2.958333,-2.139871,0.1794034999999999,33
2023-01-15 22:50:00,0.1541549,6.559542,235.4766,-1.350664,13.43301,0.2441502,0.006,0.2,0.001066667,-1.383333,-2.95,-2.45,-3.083333,-2.139871,0.1800411,33
2023-01-15 22:51:00,0.1539779,6.569813,235.4068,-1.308421,13.43255,0.2234421,0.004666667,0.2,0.001066667,-1.333333,-2.933333,-2.45,-3.05,-2.264617,0.1797974,33
2023-01-15 22:52:00,0.1538906999999999,6.550346,235.3637,-1.252672,13.43393,0.218359,0.004,0.1833333,0.0005999999999999,-1.3,-2.95,-2.466667,-3.05,-2.264617,0.1803729,33
2023-01-15 22:53:00,0.1541103,6.563915,235.5308,-1.24697,13.43622,0.2031097,0.003333333,0.2,0.0006666667,-1.316667,-2.958333,-2.475,-3.083333,-2.255021,0.179073,33
2023-01-15 22:54:00,0.154565,6.58825,236.2224,-1.287722,13.43668,0.1899296,0.004666667,0.1916667,0.001,-1.425,-2.958333,-2.508333,-3.075,-2.245425,0.1800686,33
2023-01-15 22:55:00,0.1546320999999999,6.62326,236.2815,-1.368424,13.43622,0.1788209,0.002,0.2,0.0004,-1.566667,-2.966666,-2.508333,-3.058333,-2.274212,0.1796555,33
2023-01-15 22:56:00,0.1546588999999999,6.611247,236.4211,-1.421186,13.43622,0.1601829999999999,0.004666667,0.2,0.0009333333999999,-1.625,-3.025,-2.508333,-3.058333,-2.264617,0.1797019,33
2023-01-15 22:57:00,0.1543571,6.569243,235.8925,-1.44689,13.43668,0.1432371,0.005333334,0.1916667,0.0008666667,-1.7,-3.091666,-2.583333,-3.1,-2.312596,0.1790681,33
2023-01-15 22:58:00,0.1541202999999999,6.596348,235.6797,-1.350175,13.43668,0.1341998,0.003333333,0.1916667,0.0008,-1.608333,-3.108333,-2.591667,-3.05,-2.274212,0.1794517999999999,33
2023-01-15 22:59:00,0.1541048999999999,6.56623,235.72,-1.139716,13.43713,0.1172562,0.004,0.2,0.0008,-1.291667,-3.041667,-2.55,-2.991667,-2.293404,0.1795800999999999,33
2023-01-15 23:00:00,0.1541387999999999,6.575774,235.6882,-1.061844,13.43897,0.1003126,0.004,0.1916667,0.0005999999999999,-1.2,-2.25,-2.591667,-3.016666,-2.178254,0.1793527,33
2023-01-15 23:01:00,0.154511,6.618855,236.1024,-1.014431,13.44126,0.09127522,0.005333334,0.1749999999999999,0.0009333333999999,-1.2,-2.733333,-2.65,-3.091666,-2.091892,0.1803457,33
2023-01-15 23:02:00,0.1545515,6.607033,236.1482,-0.986532,13.44218,0.07432938,0.004666667,0.2,0.001066667,-1.191667,-2.816667,-2.666667,-3.141667,-2.091892,0.1793798,33
2023-01-15 23:03:00,0.1546365,6.605001,236.2618,-0.9482477,13.44218,0.05908012,0.003333333,0.1749999999999999,0.0005333332999999,-1.25,-2.866667,-2.683333,-3.108333,-2.101487,0.1797788999999999,33
2023-01-15 23:04:00,0.1540835,6.564611,235.6722,-0.9342368,13.44126,0.0521144899999999,0.004,0.2,0.0008,-1.241667,-2.95,-2.725,-3.183333,-1.995933,0.1785355,33
2023-01-15 23:05:00,0.1540583,6.549514,235.5924,-0.9723677,13.44218,0.0314064,0.004,0.1583333,0.0005999999999999,-1.291667,-3.025,-2.783333,-3.225,-1.986337,0.1798583,33
2023-01-15 23:06:00,0.1541411,6.573827,235.7626,-1.000659,13.44218,0.02123833,0.004666667,0.1916667,0.0008,-1.333333,-3.041667,-2.8,-3.258333,-1.928762,0.1801495999999999,33
2023-01-15 23:07:00,0.1542753,6.608642,235.8904,-0.9623466,13.44218,0.01107025,0.004,0.2,0.0008,-1.291667,-2.933333,-2.691667,-3.125,-1.976742,0.1794362999999999,33
2023-01-15 23:08:00,0.1546590999999999,6.64209,236.4841,-0.9223635,13.44218,-0.0039901729999999,0.0006666667,0.1833333,0.0002666667,-1.233333,-2.875,-2.591667,-3.041667,-1.919167,0.1790936999999999,33
2023-01-15 23:09:00,0.1543113,6.580036,235.8011,-0.9337776,13.44218,-0.01829783,0.004666667,0.1916667,0.0008666667,-1.225,-2.808333,-2.483333,-2.958333,-1.823208,0.1795026999999999,33
2023-01-15 23:10:00,0.1536479,6.53436,235.1658,-0.9741502,13.44218,-0.03185272,0.003333333,0.1916667,0.0006666667,-1.275,-2.758333,-2.433333,-2.833333,-1.775229,0.1791339,33
2023-01-15 23:11:00,0.1533526,6.51817,234.702,-0.9640155,13.44218,-0.03185272,0.004666667,0.1833333,0.0008,-1.291667,-2.75,-2.4,-2.808333,-1.746441,0.179236,33
2023-01-15 23:12:00,0.1534875,6.500043,234.8217,-0.9185241,13.44218,-0.0521888699999999,0.004,0.1666667,0.0006666667,-1.133333,-2.633333,-2.275,-2.741667,-1.717654,0.1787373999999999,33
2023-01-15 23:13:00,0.1534278,6.517855,234.8382,-0.8094099999999999,13.44218,-0.06536674,0.003333333,0.1833333,0.0004666666999999,-1.033333,-2.575,-2.216667,-2.641667,-1.688867,0.1797403999999999,33
2023-01-15 23:14:00,0.1532912999999999,6.508833,234.6675,-0.7718028,13.44218,-0.0747795099999999,0.003333333,0.1833333,0.0007333332999999,-1.0,-2.616667,-2.25,-2.65,-1.708058,0.1793254,33
2023-01-15 23:15:00,0.1533537,6.502279,234.6694,-0.7949603,13.44309,-0.0747795099999999,0.002666667,0.1833333,0.0004666666999999,-1.083333,-2.6,-2.25,-2.641667,-1.688867,0.1794768999999999,33
2023-01-15 23:16:00,0.1535017999999999,6.543746,234.8124,-0.802304,13.44309,-0.0951118499999999,0.004666667,0.1833333,0.0008666667,-1.116667,-2.658333,-2.291667,-2.708333,-1.660079,0.1802234,33
2023-01-15 23:17:00,0.1537466,6.577653,235.3538,-0.6970981,13.44493,-0.09699472,0.004666667,0.1749999999999999,0.0008,-1.0,-2.633333,-2.25,-2.65,-1.698462,0.1796338,33
2023-01-15 23:18:00,0.1538626999999999,6.541971,235.2446,-0.6954126,13.44447,-0.1177063,0.005333334,0.1833333,0.0008666667,-0.9833333,-2.608333,-2.225,-2.666667,-1.72725,0.1794321999999999,33
2023-01-15 23:19:00,0.1535735,6.547402,234.84,-0.7308668,13.4463,-0.1177063,0.002666667,0.2,0.0005999999999999,-1.083333,-2.666667,-2.216667,-2.633333,-1.708058,0.1796788,33
2023-01-15 23:20:00,0.1531664,6.5047,234.4403,-0.8032301,13.44538,-0.1177063,0.0066666659999999,0.1916667,0.001133333,-1.175,-2.65,-2.241667,-2.683333,-1.72725,0.1792374999999999,33
2023-01-15 23:21:00,0.1532311,6.492073,234.4296,-0.8170846,13.44676,-0.1380386,0.0013333329999999,0.1916667,0.0004,-1.116667,-2.641667,-2.208333,-2.666667,-1.813612,0.1786879,33
2023-01-15 23:22:00,0.1532813,6.49199,234.4969,-0.7570214,13.44768,-0.1380386,0.004666667,0.2,0.0008,-0.975,-2.633333,-2.216667,-2.641667,-1.851996,0.1794606,33
2023-01-15 23:23:00,0.1534110999999999,6.538883,234.7098,-0.7334566,13.44676,-0.1679738,0.003333333,0.1833333,0.0006666667,-0.9166667,-2.641667,-2.225,-2.633333,-1.832804,0.1803902,33
2023-01-15 23:24:00,0.1537349,6.535001,235.106,-0.7254840999999999,13.44768,-0.1809654,0.004666667,0.1916667,0.001,-0.9166667,-2.65,-2.241667,-2.691667,-1.880783,0.1788397999999999,33
2023-01-15 23:25:00,0.1533844,6.524141,234.7453,-0.7160779999999999,13.44768,-0.1809654,0.002,0.1916667,0.0004,-0.9166667,-2.658333,-2.233333,-2.675,-1.938358,0.1791305,33
2023-01-15 23:26:00,0.1533572,6.520072,234.6519,-0.7103407,13.44768,-0.1911316,0.002666667,0.2,0.0004,-0.9,-2.633333,-2.2,-2.641667,-1.947954,0.1801574,33
2023-01-15 23:27:00,0.1533791999999999,6.51609,234.7258,-0.7002114999999999,13.44768,-0.1911316,0.002666667,0.1916667,0.0005999999999999,-0.875,-2.683333,-2.258333,-2.65,-1.976741,0.1799827,33
2023-01-15 23:28:00,0.1535381,6.51718,234.8723,-0.677034,13.44768,-0.1860485,0.002,0.1916667,0.0004,-0.8833334,-2.691667,-2.25,-2.675,-1.947954,0.1790229,33
2023-01-15 23:29:00,0.1538223,6.547857,235.2447,-0.7317021,13.44768,-0.2182436,0.0013333329999999,0.1916667,0.0002666667,-0.8916667,-2.7,-2.258333,-2.683333,-1.938358,0.1801034,33
2023-01-15 23:30:00,0.1538929,6.579848,235.3787,-0.7525536999999999,13.44768,-0.2238922,0.004,0.1916667,0.0008,-0.9333333,-2.733333,-2.291667,-2.691667,-1.995933,0.1804427999999999,33
2023-01-15 23:31:00,0.1537957,6.544025,235.3035,-0.7445943,13.44768,-0.2238922,0.004,0.2,0.0008,-0.95,-2.766666,-2.325,-2.708333,-1.95755,0.1794448999999999,33
2023-01-15 23:32:00,0.1533931,6.542939,234.8643,-0.7441453999999998,13.44722,-0.2306697,0.004,0.2,0.0008,-0.9333333,-2.8,-2.35,-2.766666,-1.967146,0.1808433,33
2023-01-15 23:33:00,0.1533111,6.551805,234.706,-0.9335997,13.44768,-0.2442245,0.004,0.1916667,0.0006666667,-1.2,-2.85,-2.416667,-2.866667,-1.851996,0.1800703999999999,33
2023-01-15 23:34:00,0.1532804999999999,6.528955,234.677,-1.097221,13.44768,-0.2442245,0.004,0.1916667,0.0008666667,-1.408333,-2.941667,-2.508333,-2.933333,-1.851996,0.1794343999999999,33
2023-01-15 23:35:00,0.1534841999999999,6.562084,234.8999,-1.108102,13.44768,-0.2536373,0.005333334,0.2,0.0009333333999999,-1.291667,-3.0,-2.583333,-3.016666,-1.95755,0.1807622,33
2023-01-15 23:36:00,0.153862,6.551324,235.3605,-1.07565,13.44814,-0.2479897,0.003333333,0.1833333,0.0008,-1.166667,-3.0,-2.6,-3.066667,-2.015125,0.1798978,33
2023-01-15 23:37:00,0.1539003999999999,6.579376,235.35,-1.105912,13.44859,-0.2442245,0.003333333,0.2,0.0006666667,-1.283333,-3.008333,-2.591667,-3.058333,-2.005529,0.1806214999999999,33
2023-01-15 23:38:00,0.1537848,6.558945,235.2761,-1.174599,13.44905,-0.2592849999999999,0.004,0.2,0.0006666667,-1.408333,-2.941667,-2.516667,-3.0,-2.053508,0.1799704,33
2023-01-15 23:39:00,0.1534832999999999,6.539686,234.9029,-1.260376,13.4518,-0.2668151999999999,0.006,0.2,0.0011999999999999,-1.516667,-2.958333,-2.533333,-2.95,-2.043912,0.1803883,33
2023-01-15 23:40:00,0.1534628,6.541694,234.9101,-1.267671,13.4518,-0.2769826,0.003333333,0.2,0.0006666667,-1.475,-2.958333,-2.525,-2.908333,-2.082296,0.1798785,33
2023-01-15 23:41:00,0.1534951,6.557967,234.8953,-1.003486,13.45318,-0.3074837,0.002666667,0.1916667,0.0005333332999999,-1.083333,-2.85,-2.425,-2.783333,-2.082296,0.1802469999999999,33
2023-01-15 23:42:00,0.1538182999999999,6.566444,235.3296,-0.8203418999999998,13.45226,-0.3074837,0.004,0.2,0.0009333333999999,-0.9166667,-2.808333,-2.433333,-2.725,-1.928762,0.180155,33
2023-01-15 23:43:00,0.1541888999999999,6.583727,235.7205,-0.7320560999999999,13.45272,-0.3074837,0.002666667,0.2,0.0004,-0.8916667,-2.783333,-2.408333,-2.716666,-1.832804,0.1798105999999999,33
2023-01-15 23:44:00,0.1541607,6.587224,235.7091,-0.7438019999999999,13.45318,-0.3206614999999999,0.002666667,0.2,0.0006666667,-0.9083333,-2.775,-2.391667,-2.716666,-1.775229,0.1806954,33
2023-01-15 23:45:00,0.1539145,6.579248,235.4409,-0.8096708999999999,13.45318,-0.3300742999999999,0.005333334,0.2,0.001066667,-1.008333,-2.766666,-2.383333,-2.741667,-1.746441,0.1804263,33
2023-01-15 23:46:00,0.1537591,6.566576,235.2828,-0.8552659999999999,13.45318,-0.3300742999999999,0.003333333,0.2,0.0006666667,-1.008333,-2.775,-2.366667,-2.691667,-1.775229,0.1804698999999999,33
2023-01-15 23:47:00,0.1536178,6.537935,235.1465,-0.9346867,13.45318,-0.3385461,0.005333334,0.2,0.0009333333999999,-1.141667,-2.816667,-2.408333,-2.783333,-1.756037,0.1804019,33
2023-01-15 23:48:00,0.1536149,6.560171,235.1593,-1.026927,13.45348,-0.3504066,0.005333334,0.2,0.0011999999999999,-1.25,-2.841666,-2.416667,-2.85,-1.804017,0.1796339,33
2023-01-15 23:49:00,0.1539768,6.607255,235.5971,-1.035615,13.45226,-0.3504066,0.004666667,0.2,0.0008,-1.216667,-2.8,-2.391667,-2.858333,-1.8424,0.1805596999999999,33
2023-01-15 23:50:00,0.1539318,6.601685,235.6207,-1.015342,13.45354,-0.3504066,0.004,0.2,0.0009333333999999,-1.183333,-2.8,-2.391667,-2.816667,-1.919167,0.1803057999999999,33
2023-01-15 23:51:00,0.1538379,6.559385,235.3262,-0.9237047,13.45364,-0.3579380999999999,0.005333334,0.2,0.0009333333999999,-1.05,-2.741667,-2.308333,-2.716666,-1.851996,0.1793963,33
2023-01-15 23:52:00,0.1537577,6.578639,235.1817,-0.8280450999999999,13.45392,-0.3730010999999999,0.002666667,0.2,0.0006666667,-0.9916666,-2.658333,-2.25,-2.625,-1.775229,0.180312,33
2023-01-15 23:53:00,0.1538795,6.563225,235.359,-0.7318,13.45385,-0.3730010999999999,0.004666667,0.2,0.0009333333999999,-0.925,-2.55,-2.175,-2.491667,-1.775229,0.1800383,33
2023-01-15 23:54:00,0.1539972,6.563127,235.3869,-0.7267342,13.45377,-0.3730010999999999,0.005333334,0.2,0.0009333333999999,-0.9,-2.658333,-2.233333,-2.591667,-1.708058,0.1801843999999999,33
2023-01-15 23:55:00,0.1542126,6.623269,235.7532,-0.7514057,13.45277,-0.3882504,0.003333333,0.2,0.0006666667,-0.9,-2.616667,-2.25,-2.616667,-1.746441,0.1802193,33
2023-01-15 23:56:00,0.1545564,6.629917,236.1815,-0.7687954,13.45366,-0.3933334,0.004,0.2,0.0009333333999999,-0.9333333,-2.675,-2.283333,-2.625,-1.784825,0.1798437,33
2023-01-15 23:57:00,0.1546744999999999,6.610816,236.3347,-0.705029,13.45356,-0.3730010999999999,0.002666667,0.2,0.0005333332999999,-0.8499999999999999,-2.608333,-2.2,-2.625,-1.8424,0.1805547999999999,33
2023-01-15 23:58:00,0.1545687,6.629212,236.2092,-0.6840460999999999,13.45369,-0.3730010999999999,0.002666667,0.2,0.0005333332999999,-0.925,-2.608333,-2.2,-2.575,-1.804017,0.1805045999999999,33
2023-01-15 23:59:00,0.1542987,6.593604,235.8699,-0.7383115,13.45394,-0.3730010999999999,0.003333333,0.2,0.0006666667,-1.0,-2.641667,-2.25,-2.558333,-1.804017,0.1804626,33
