utc_measured_on,ac_power_inv_28678,dc_power_inv_28678,dc_voltage_inv_28678,temperature_inverter_inv_28678,temperature_inverter_inv_28678_2,ac_power_inv_28679,dc_power_inv_28679,dc_voltage_inv_28679,temperature_inverter_inv_28679,temperature_inverter_inv_28679_2,temperature_ambient_o_5200,irradiance_ghi_o_5200,irradiance_poa_o_5200,temperature_module_o_5200,temperature_module_o_5200_2,dc_current_meter_3106,ac_energy_other_meter_3106,ac_energy_other_meter_3106_2,ac_power_meter_3106,system_id
2020-07-15 00:00:00,23.667,33.646,372.443,45.45,60.033,34.103,43.853,389.952,-47.292,59.94699999999999,28.667,48.002,81.138,32.593,32.487,66.704,8211067.338999999,48638.0,56.262,14201
2020-07-15 00:05:00,14.68,24.237,363.94,45.608,59.55100000000001,21.976,31.67,387.813,-47.11300000000001,59.489,28.203,35.537,39.98,31.674,31.585,42.733,8211071.133,48638.0,35.123,14201
2020-07-15 00:10:00,10.351,19.773,359.867,45.865,59.066,12.545,21.986,381.631,-47.53,59.38700000000001,27.92,19.123,20.908,30.291,30.207000000000008,28.045,8211073.486999999,48638.0,21.391,14201
2020-07-15 00:15:00,6.982,16.0,348.791,46.186,59.35099999999999,6.351,15.841,380.406,-47.596,59.392,28.496,13.955,15.265,28.877,28.779,19.051,8211074.821,48638.0,11.72,14201
2020-07-15 00:20:00,1.209,3.311,373.124,46.402,58.932,2.743,11.754,367.779,-47.842,59.405,28.961,8.114,8.356,27.87,27.754,9.939,8211075.0,48638.0,2.066,14201
2020-07-15 00:25:00,0.0,0.0,396.46,46.579,56.728,0.697,3.398,361.401,-47.953,58.828,27.623000000000005,4.68,5.241,26.981,26.911999999999995,5.263,8211075.0,48638.0,-1.228,14201
2020-07-15 00:30:00,0.0,0.0,382.522,46.689,54.786,0.138,1.676,368.19,-47.801,57.434000000000005,27.313,0.7249999999999999,1.152,26.323,26.293,4.11,8211075.0,48638.0,-1.804,14201
2020-07-15 00:35:00,0.0,0.0,362.389,46.718,53.219,0.0,0.0,372.895,-47.362,55.60099999999999,27.029,0.0,0.0,25.859,25.845,2.701,8211075.0,48638.0,-1.915,14201
2020-07-15 00:40:00,0.0,0.0,344.308,46.661,51.879,0.0,0.0,356.156,-47.313,53.941,26.848000000000003,0.0,0.0,25.522,25.494000000000003,2.7,8211075.0,48638.0,-1.915,14201
2020-07-15 00:45:00,0.0,0.0,318.947,46.572,50.725,0.0,0.0,332.847,-47.36600000000001,52.44800000000001,27.021,0.0,0.0,25.178000000000004,25.162000000000003,2.701,8211075.0,48638.0,-1.923,14201
2020-07-15 00:50:00,0.0,0.0,273.403,46.482,49.716,0.0,0.0,290.928,-47.434000000000005,51.098,26.638,0.0,0.0,24.793,24.767000000000003,2.701,8211075.0,48638.403,-1.918,14201
2020-07-15 00:55:00,0.0,0.0,184.674,46.351,48.891,0.0,0.0,204.972,-47.722,49.797,26.593000000000004,0.0,0.0,24.338000000000005,24.322000000000003,2.767,8211075.0,48639.0,-1.975,14201
2020-07-15 01:00:00,0.0,0.0,104.294,46.161,48.232,0.0,0.0,122.354,-47.783,48.625,26.386,0.0,0.0,23.837,23.823,2.948,8211075.0,48639.0,-2.136,14201
2020-07-15 01:05:00,0.0,0.0,54.521,46.00300000000001,47.619,0.0,0.0,65.824,-47.342,47.56699999999999,26.088,0.0,0.0,23.437,23.433,2.679,8211075.0,48639.0,-1.893,14201
2020-07-15 01:10:00,0.0,0.0,24.512,45.775,47.13699999999999,0.0,0.0,30.988,-47.44899999999999,46.59,25.913,0.0,0.0,23.103,23.104,2.601,8211075.0,48639.0,-1.812,14201
2020-07-15 01:15:00,0.0,0.0,10.045,45.569,46.78,0.0,0.0,12.468,-47.713,45.528,25.705,0.0,0.0,23.031,23.03400000000001,2.607,8211075.0,48639.0,-1.867,14201
2020-07-15 01:20:00,0.0,0.0,6.002,45.342,46.368,0.0,0.0,4.158,-47.463,44.699000000000005,25.398,0.0,0.0,22.887,22.887,2.616,8211075.0,48639.206,-1.877,14201
2020-07-15 01:25:00,0.0,0.0,6.0,45.143,45.929,0.0,0.0,1.495,-47.645,44.022,25.300000000000004,0.0,0.0,22.655,22.642000000000003,2.613,8211075.0,48640.0,-1.887,14201
2020-07-15 01:30:00,0.0,0.0,6.0,44.29900000000001,45.631,0.0,0.0,0.971,-47.559,43.323,25.434,0.0,0.0,22.448000000000004,22.447000000000003,2.619,8211075.0,48640.0,-1.878,14201
2020-07-15 01:35:00,0.0,0.0,6.0,43.635000000000005,45.288,0.0,0.0,0.941,-46.538,42.642,25.268,0.0,0.0,22.341,22.321,2.61,8211075.0,48640.0,-1.889,14201
2020-07-15 01:40:00,0.0,0.0,6.0,43.42400000000001,45.037,0.0,0.0,1.043,-44.628,41.866,25.263,0.0,0.0,22.389000000000003,22.488,2.623,8211075.0,48640.0,-1.879,14201
2020-07-15 01:45:00,0.0,0.0,6.0,43.276,44.755,0.0,0.0,1.042,-44.355,41.274,25.265,0.0,0.0,22.399999999999995,22.5,2.615,8211075.0,48640.0,-1.88,14201
2020-07-15 01:50:00,0.0,0.0,6.0,43.139,44.526,0.0,0.0,0.82,-45.254,40.682,25.126,0.0,0.0,22.401,22.501,2.604,8211075.0,48640.0,-1.813,14201
2020-07-15 01:55:00,0.0,0.0,6.0,42.97,44.286,0.0,0.0,0.7229999999999999,-44.67699999999999,40.115,24.77200000000001,0.0,0.0,22.362,22.462000000000003,2.6,8211075.0,48640.737,-1.805,14201
2020-07-15 02:00:00,0.0,0.0,6.0,42.816,43.982,0.0,0.0,0.644,-44.111,39.599,24.6,0.0,0.0,22.207,22.317,2.6,8211075.0,48641.0,-1.813,14201
2020-07-15 02:05:00,0.0,0.0,6.0,42.627,43.751000000000005,0.0,0.0,0.649,-45.072,39.09,24.724000000000004,0.0,0.0,22.131000000000004,22.237,2.759,8211075.0,48641.0,-1.966,14201
2020-07-15 02:10:00,0.0,0.0,6.0,42.474,43.602,0.0,0.0,0.557,-43.773,38.609,25.036,0.0,0.0,22.146,22.228,3.0,8211075.0,48641.0,-2.205,14201
2020-07-15 02:15:00,0.0,0.0,6.0,42.348,43.42,0.0,0.0,0.4889999999999999,-44.863,38.161,25.195,0.0,0.0,22.051,22.121,3.0,8211075.0,48641.0,-2.203,14201
2020-07-15 02:20:00,0.0,0.0,6.0,42.22,43.185,0.0,0.0,0.5879999999999999,-46.82399999999999,37.798,25.098,0.0,0.0,21.933,21.968,3.0,8211075.0,48641.0,-2.205,14201
2020-07-15 02:25:00,0.0,0.0,6.0,42.106,42.945,0.0,0.0,0.636,-47.93,37.45,24.906,0.0,0.0,21.82,21.844,3.0,8211075.0,48641.937,-2.211,14201
2020-07-15 02:30:00,0.0,0.0,6.0,41.982,42.692,0.0,0.0,0.649,-46.547,37.136,24.645,0.0,0.0,21.749,21.78400000000001,2.997,8211075.0,48642.0,-2.201,14201
2020-07-15 02:35:00,0.0,0.0,6.0,41.862,42.51200000000001,0.0,0.0,0.625,-47.95599999999999,36.80800000000001,24.457,0.0,0.0,21.67,21.699,2.997,8211075.0,48642.0,-2.2,14201
2020-07-15 02:40:00,0.0,0.0,6.0,41.721,42.291,0.0,0.0,0.6159999999999999,-47.616,36.461,24.137,0.0,0.0,21.549000000000003,21.6,2.999,8211075.0,48642.0,-2.2,14201
2020-07-15 02:45:00,0.0,0.0,6.0,41.585,42.11,0.0,0.0,0.521,-47.801,36.099,24.047,0.0,0.0,21.454,21.599000000000004,3.0,8211075.0,48642.0,-2.2,14201
2020-07-15 02:50:00,0.0,0.0,6.0,41.45700000000001,41.918,0.0,0.0,0.531,-47.475,35.823,24.073,0.0,0.0,21.399999999999995,21.510000000000005,2.999,8211075.0,48642.527,-2.201,14201
2020-07-15 02:55:00,0.0,0.0,6.0,41.327,41.745000000000005,0.0,0.0,0.6009999999999999,-47.54,35.510000000000005,24.019,0.0,0.0,21.399999999999995,21.5,2.997,8211075.0,48643.0,-2.2,14201
2020-07-15 03:00:00,0.0,0.0,6.0,41.204,41.57300000000001,0.0,0.0,0.6029999999999999,-47.68299999999999,35.236000000000004,24.040000000000003,0.0,0.0,21.352,21.412000000000003,3.0,8211075.0,48643.0,-2.2,14201
2020-07-15 03:05:00,0.0,0.0,6.0,41.104000000000006,41.42,0.0,0.0,0.685,-45.148,34.966,24.0,0.0,0.0,21.412000000000003,21.508,3.0,8211075.0,48643.0,-2.2,14201
2020-07-15 03:10:00,0.0,0.0,6.0,40.933,41.30199999999999,0.0,0.0,0.662,-44.043,34.614000000000004,23.92,0.0,0.0,21.501,21.665000000000003,3.0,8211075.0,48643.0,-2.2,14201
2020-07-15 03:15:00,0.0,0.0,6.0,40.791,41.163,0.0,0.0,0.5879999999999999,-43.914,34.364,24.075,0.0,0.0,21.503,21.596,3.0,8211075.0,48643.1,-2.201,14201
2020-07-15 03:20:00,0.0,0.0,6.0,40.703,40.964000000000006,0.0,0.0,0.674,-44.239,34.11,24.133000000000003,0.0,0.0,21.395,21.476000000000003,3.0,8211075.0,48644.0,-2.2,14201
2020-07-15 03:25:00,0.0,0.0,6.0,40.608,40.863,0.0,0.0,0.783,-43.36300000000001,33.898,24.072,0.0,0.0,21.352,21.419,3.0,8211075.0,48644.0,-2.203,14201
2020-07-15 03:30:00,0.0,0.0,6.0,40.539,40.707,0.0,0.0,0.8379999999999999,-43.69899999999999,33.672,24.02,0.0,0.0,21.507,21.567,3.0,8211075.0,48644.0,-2.2,14201
2020-07-15 03:35:00,0.0,0.0,6.0,40.452,40.532,0.0,0.0,0.8469999999999999,-44.913,33.465,23.952000000000005,0.0,0.0,21.6,21.632,3.0,8211075.0,48644.0,-2.2,14201
2020-07-15 03:40:00,0.0,0.0,6.0,40.354000000000006,40.413,0.0,0.0,0.815,-45.851,33.265,23.899999999999995,0.0,0.0,21.572,21.6,2.999,8211075.0,48644.0,-2.2,14201
2020-07-15 03:45:00,0.0,0.0,6.0,40.260000000000005,40.3,0.0,0.0,0.8629999999999999,-45.154,33.086,23.96,0.0,0.0,21.6,21.619,3.0,8211075.0,48644.67,-2.2,14201
2020-07-15 03:50:00,0.0,0.0,6.0,40.137,40.169,0.0,0.0,0.8599999999999999,-44.15200000000001,32.882,23.987,0.0,0.0,21.602,21.700000000000003,3.0,8211075.0,48645.0,-2.2,14201
2020-07-15 03:55:00,0.0,0.0,6.0,40.05199999999999,40.032,0.0,0.0,0.636,-44.263000000000005,32.687,23.768,0.0,0.0,21.574,21.661,3.0,8211075.0,48645.0,-2.2,14201
2020-07-15 04:00:00,0.0,0.0,6.0,39.709,39.911,0.0,0.0,0.5999999999999999,-44.618,32.517,23.628,0.0,0.0,21.378,21.464,3.0,8211075.0,48645.0,-2.2,14201
2020-07-15 04:05:00,0.0,0.0,6.0,39.194,39.795,0.0,0.0,0.643,-45.706,32.297,23.624,0.0,0.0,21.3,21.312,2.999,8211075.0,48645.0,-2.2,14201
2020-07-15 04:10:00,0.0,0.0,6.0,39.1,39.691,0.0,0.0,0.652,-45.508,32.099999999999994,23.527999999999995,0.0,0.0,21.21,21.271,2.984,8211075.0,48645.223,-2.2,14201
2020-07-15 04:15:00,0.0,0.0,6.0,39.03,39.554,0.0,0.0,0.65,-45.731,31.968,23.600000000000005,0.0,0.0,21.112,21.143,2.875,8211075.0,48646.0,-2.127,14201
2020-07-15 04:20:00,0.0,0.0,6.0,38.871,39.329,0.0,0.0,0.642,-45.88,31.799000000000003,23.593,0.0,0.0,21.096000000000004,21.15900000000001,2.757,8211075.0,48646.0,-2.058,14201
2020-07-15 04:25:00,0.0,0.0,6.0,38.684000000000005,39.089000000000006,0.0,0.0,0.7099999999999999,-44.053,31.64,23.547999999999995,0.0,0.0,21.0,21.227,2.661,8211075.0,48646.0,-1.999,14201
2020-07-15 04:30:00,0.0,0.0,6.0,38.417,38.793,0.0,0.0,0.646,-43.53,31.465,23.56,0.0,0.0,21.016,21.269,2.6,8211075.0,48646.0,-1.911,14201
2020-07-15 04:35:00,0.0,0.0,6.0,38.449000000000005,38.474,0.0,0.0,0.527,-43.353,31.318,23.66,0.0,0.0,21.120999999999995,21.361,2.6,8211075.0,48646.0,-1.9,14201
2020-07-15 04:40:00,0.0,0.0,6.0,39.028,38.143,0.0,0.0,0.57,-43.354,31.17900000000001,23.552000000000003,0.0,0.0,21.151,21.347,2.589,8211075.0,48646.207,-1.9,14201
2020-07-15 04:45:00,0.0,0.0,6.0,39.509,37.78,0.0,0.0,0.6049999999999999,-43.485,31.047999999999995,23.433,0.0,0.0,21.013,21.108,2.572,8211075.0,48647.0,-1.9,14201
2020-07-15 04:50:00,0.0,0.0,6.0,39.819,37.431,0.0,0.0,0.566,-44.274,30.878,23.345,0.0,0.0,20.913,20.930000000000003,2.573,8211075.0,48647.0,-1.9,14201
2020-07-15 04:55:00,0.0,0.0,6.0,39.269000000000005,37.105,0.0,0.0,0.7429999999999999,-45.24,30.725000000000005,23.296,0.0,0.0,20.9,20.9,2.386,8211075.0,48647.0,-1.769,14201
2020-07-15 05:00:00,0.0,0.0,6.0,39.08,36.712,0.0,0.0,0.659,-43.117,30.58,23.36,0.0,0.0,20.947,20.957,2.3,8211075.0,48647.0,-1.7,14201
2020-07-15 05:05:00,0.0,0.0,6.0,38.905,36.341,0.0,0.0,0.665,-42.118,30.491,23.433,0.0,0.0,21.008000000000003,20.988000000000003,2.264,8211075.0,48647.0,-1.649,14201
2020-07-15 05:10:00,0.0,0.0,6.0,38.745,35.965999999999994,0.0,0.0,0.5849999999999999,-41.593,30.402000000000005,23.239999999999995,0.0,0.0,20.977,21.0,2.09,8211075.0,48647.0,-1.403,14201
2020-07-15 05:15:00,0.0,0.0,6.0,38.568,35.616,0.0,0.0,0.666,-42.996,30.311,23.253,0.0,0.0,20.923,20.913,2.096,8211075.0,48647.086,-1.407,14201
2020-07-15 05:20:00,0.0,0.0,6.0,38.386,35.373000000000005,0.0,0.0,0.792,-45.32599999999999,30.17,23.305,0.0,0.0,21.035,21.094,2.096,8211075.0,48648.0,-1.403,14201
2020-07-15 05:25:00,0.0,0.0,6.0,38.216,35.059,0.0,0.0,0.82,-45.694,30.091,23.396,0.0,0.0,21.153,21.299,2.097,8211075.0,48648.0,-1.408,14201
2020-07-15 05:30:00,0.0,0.0,6.0,38.07399999999999,34.805,0.0,0.0,0.806,-45.25,30.002,23.056,0.0,0.0,21.161,21.262999999999995,2.088,8211075.0,48648.0,-1.404,14201
2020-07-15 05:35:00,0.0,0.0,6.0,37.928,34.539,0.0,0.0,0.77,-45.714000000000006,29.875,22.864999999999995,0.0,0.0,21.130000000000003,21.216,2.08,8211075.0,48648.0,-1.4,14201
2020-07-15 05:40:00,0.0,0.0,6.0,37.760000000000005,34.30800000000001,0.0,0.0,0.7279999999999999,-45.141,29.761,22.883000000000003,0.0,0.0,21.02200000000001,21.126,2.08,8211075.0,48648.0,-1.401,14201
2020-07-15 05:45:00,0.0,0.0,6.0,37.593,34.08,0.0,0.0,0.7169999999999999,-44.885000000000005,29.653,23.087000000000003,0.0,0.0,20.962000000000003,21.037000000000003,2.069,8211075.0,48648.0,-1.403,14201
2020-07-15 05:50:00,0.0,0.0,6.0,37.473000000000006,33.833,0.0,0.0,0.756,-45.102,29.542000000000005,23.052000000000003,0.0,0.0,20.973,20.98,2.063,8211075.0,48648.0,-1.4,14201
2020-07-15 05:55:00,0.0,0.0,6.0,37.319,33.651,0.0,0.0,0.634,-43.07000000000001,29.456,23.020000000000003,0.0,0.0,20.821,20.852999999999994,2.067,8211075.0,48648.0,-1.4,14201
2020-07-15 06:00:00,0.0,0.0,6.0,37.189,33.453,0.0,0.0,0.751,-43.359,29.351,22.884,0.0,0.0,20.642000000000003,20.704,2.006,8211075.0,48648.664,-1.4,14201
2020-07-15 06:05:00,0.0,0.0,6.0,37.08200000000001,33.25300000000001,0.0,0.0,0.774,-43.442,29.260000000000005,22.891,0.0,0.0,20.6,20.692,2.003,8211075.0,48649.0,-1.4,14201
2020-07-15 06:10:00,0.0,0.0,6.0,36.937,33.07899999999999,0.0,0.0,0.8329999999999999,-44.063,29.145,23.12,0.0,0.0,20.741,20.809,2.0,8211075.0,48649.0,-1.4,14201
2020-07-15 06:15:00,0.0,0.0,6.0,36.77000000000001,32.986999999999995,0.0,0.0,0.8519999999999999,-43.765,29.041,23.593,0.0,0.0,21.188,21.03,2.0,8211075.0,48649.0,-1.4,14201
2020-07-15 06:20:00,0.0,0.0,6.0,36.639,32.852000000000004,0.0,0.0,0.966,-43.475,28.934,24.251999999999995,0.0,0.0,21.522,21.259,2.008,8211075.0,48649.0,-1.4,14201
2020-07-15 06:25:00,0.0,0.0,6.0,36.494,32.727999999999994,0.0,0.0,1.034,-45.02,28.825000000000003,23.771,0.0,0.0,21.483,21.314000000000004,2.003,8211075.0,48649.0,-1.4,14201
2020-07-15 06:30:00,0.0,0.0,6.0,36.341,32.56,0.0,0.0,1.042,-44.29900000000001,28.785,23.42,0.0,0.0,21.36,21.3,2.001,8211075.0,48649.0,-1.4,14201
2020-07-15 06:35:00,0.0,0.0,6.0,36.239,32.421,0.0,0.0,0.901,-42.833,28.7,23.649999999999995,0.0,0.0,21.354000000000003,21.442,2.003,8211075.0,48649.0,-1.4,14201
2020-07-15 06:40:00,0.0,0.0,6.0,36.105,32.344,0.0,0.0,1.022,-43.168,28.614,23.86,0.0,0.0,21.486000000000004,21.585,2.008,8211075.0,48649.113,-1.4,14201
2020-07-15 06:45:00,0.0,0.0,6.0,35.981,32.206,0.0,0.0,0.977,-42.635,28.555,24.14,0.0,0.0,21.663,21.776,2.004,8211075.0,48650.0,-1.4,14201
2020-07-15 06:50:00,0.0,0.0,6.0,35.857,32.113,0.0,0.0,0.99,-37.529,28.430000000000003,24.565,0.0,0.0,22.15,22.231,2.004,8211075.0,48650.0,-1.4,14201
2020-07-15 06:55:00,0.0,0.0,6.0,35.67,32.016,0.0,0.0,0.918,-32.224999999999994,28.295,24.7,0.0,0.0,22.248000000000005,22.3,2.0,8211075.0,48650.0,-1.4,14201
2020-07-15 07:00:00,0.0,0.0,6.0,35.581,31.948,0.0,0.0,0.753,-33.658,28.219,24.537000000000003,0.0,0.0,22.11,22.124,2.003,8211075.0,48650.0,-1.4,14201
2020-07-15 07:05:00,0.0,0.0,6.0,35.47,31.87,0.0,0.0,0.782,-35.578,28.200000000000003,24.36,0.0,0.0,21.72600000000001,21.687000000000005,2.0,8211075.0,48650.0,-1.4,14201
2020-07-15 07:10:00,0.0,0.0,6.0,35.38399999999999,31.771,0.0,0.0,0.756,-35.010000000000005,28.192,24.148,0.0,0.0,21.451000000000004,21.427000000000003,2.001,8211075.0,48650.0,-1.4,14201
2020-07-15 07:15:00,0.0,0.0,6.0,35.276,31.556,0.0,0.0,0.645,-35.427,28.185,23.311,0.0,0.0,21.225,21.228,2.004,8211075.0,48650.0,-1.4,14201
2020-07-15 07:20:00,0.0,0.0,6.0,35.182,31.411,0.0,0.0,0.7119999999999999,-36.087,28.096,22.955,0.0,0.0,21.078,21.086,2.005,8211075.0,48650.0,-1.4,14201
2020-07-15 07:25:00,0.0,0.0,6.0,35.088,31.343,0.0,0.0,0.767,-37.297,28.059999999999995,22.848,0.0,0.0,20.925000000000004,21.0,2.004,8211075.0,48650.573,-1.4,14201
2020-07-15 07:30:00,0.0,0.0,6.0,34.619,31.28,0.0,0.0,0.769,-37.79999999999999,27.982,22.777,0.0,0.0,21.065,21.165,2.003,8211075.0,48651.0,-1.4,14201
2020-07-15 07:35:00,0.0,0.0,6.0,34.279,31.2,0.0,0.0,0.7359999999999999,-36.362,27.895,22.655,0.0,0.0,21.2,21.379000000000005,2.005,8211075.0,48651.0,-1.4,14201
2020-07-15 07:40:00,0.0,0.0,6.0,34.181000000000004,31.093,0.0,0.0,0.7129999999999999,-37.596,27.802,23.126,0.0,0.0,21.231,21.416,2.006,8211075.0,48651.0,-1.4,14201
2020-07-15 07:45:00,0.0,0.0,6.0,34.055,30.947000000000003,0.0,0.0,0.678,-37.889,27.800000000000004,23.278,0.0,0.0,20.971,21.069,2.004,8211075.0,48651.0,-1.4,14201
2020-07-15 07:50:00,0.0,0.0,6.0,33.974999999999994,30.804,0.0,0.0,0.659,-38.11,27.706000000000003,22.763,0.0,0.0,20.581,20.61,2.004,8211075.0,48651.0,-1.4,14201
2020-07-15 07:55:00,0.0,0.0,6.0,33.838,30.782,0.0,0.0,0.675,-38.719,27.638,22.788,0.0,0.0,20.417000000000005,20.466,2.007,8211075.0,48651.0,-1.4,14201
2020-07-15 08:00:00,0.0,0.0,6.0,33.69,30.65,0.0,0.0,0.56,-39.495000000000005,27.600000000000005,22.832,0.0,0.0,20.31,20.382,2.0,8211075.0,48651.0,-1.4,14201
2020-07-15 08:05:00,0.0,0.0,6.0,33.615,30.465,0.0,0.0,0.5809999999999998,-39.322,27.594,22.565000000000005,0.0,0.0,20.091,20.198,2.001,8211075.0,48651.047,-1.4,14201
2020-07-15 08:10:00,0.0,0.0,6.0,33.513000000000005,30.372,0.0,0.0,0.564,-38.440000000000005,27.5,22.529,0.0,0.0,20.075000000000003,20.181,2.0,8211075.0,48652.0,-1.4,14201
2020-07-15 08:15:00,0.0,0.0,6.0,33.436,30.27,0.0,0.0,0.554,-39.561,27.413,22.551,0.0,0.0,20.166,20.332,2.001,8211075.0,48652.0,-1.4,14201
2020-07-15 08:20:00,0.0,0.0,6.0,33.447,30.200000000000003,0.0,0.0,0.685,-39.443,27.365,22.392,0.0,0.0,19.99,20.132,2.001,8211075.0,48652.0,-1.4,14201
2020-07-15 08:25:00,0.0,0.0,6.0,33.38699999999999,30.119000000000003,0.0,0.0,0.7359999999999999,-39.40299999999999,27.290000000000003,22.496,0.0,0.0,19.865,20.0,2.004,8211075.0,48652.0,-1.4,14201
2020-07-15 08:30:00,0.0,0.0,6.0,33.384,29.985,0.0,0.0,0.7359999999999999,-39.182,27.218000000000004,22.504,0.0,0.0,19.767000000000003,19.934000000000005,2.0,8211075.0,48652.0,-1.4,14201
2020-07-15 08:35:00,0.0,0.0,6.0,33.270999999999994,29.832999999999995,0.0,0.0,0.782,-37.962,27.178,22.333,0.0,0.0,19.611000000000004,19.73,2.0,8211075.0,48652.0,-1.4,14201
2020-07-15 08:40:00,0.0,0.0,6.0,33.236,29.741,0.0,0.0,0.773,-39.009,27.097000000000005,22.271,0.0,0.0,19.557,19.641000000000005,2.0,8211075.0,48652.0,-1.4,14201
2020-07-15 08:45:00,0.0,0.0,6.0,33.234,29.68,0.0,0.0,0.8419999999999999,-39.051,27.056,22.123,0.0,0.0,19.474000000000004,19.521,2.0,8211075.0,48652.0,-1.4,14201
2020-07-15 08:50:00,0.0,0.0,6.0,33.214000000000006,29.604,0.0,0.0,0.8629999999999999,-38.902,27.0,22.153,0.0,0.0,19.465000000000003,19.555,2.0,8211075.0,48652.442,-1.4,14201
2020-07-15 08:55:00,0.0,0.0,6.0,33.075,29.547,0.0,0.0,0.68,-39.258,26.944000000000003,22.42,0.0,0.0,19.404,19.625,2.0,8211075.0,48653.0,-1.4,14201
2020-07-15 09:00:00,0.0,0.0,6.0,33.01500000000001,29.456,0.0,0.0,0.801,-39.009,26.861000000000004,22.332,0.0,0.0,19.532,19.925,2.0,8211075.0,48653.0,-1.4,14201
2020-07-15 09:05:00,0.0,0.0,6.0,32.980000000000004,29.309000000000008,0.0,0.0,0.8539999999999999,-39.083,26.8,22.245,0.0,0.0,19.557,19.896,2.0,8211075.0,48653.0,-1.4,14201
2020-07-15 09:10:00,0.0,0.0,6.0,32.93,29.230000000000004,0.0,0.0,0.8499999999999999,-39.67499999999999,26.715,22.12,0.0,0.0,19.553000000000004,19.737,2.0,8211075.0,48653.0,-1.4,14201
2020-07-15 09:15:00,0.0,0.0,6.0,32.816,29.194,0.0,0.0,1.204,-39.506,26.638,22.012,0.0,0.0,19.494000000000003,19.597000000000005,2.0,8211075.0,48653.0,-1.4,14201
2020-07-15 09:20:00,0.0,0.0,6.0,32.789,29.104000000000003,0.0,0.0,2.057,-40.464,26.6,22.02,0.0,0.0,19.399,19.5,2.0,8211075.0,48653.0,-1.4,14201
2020-07-15 09:25:00,0.0,0.0,6.064,32.687,29.052,0.0,0.0,5.254,-40.419,26.507,22.116000000000003,0.0,0.0,19.449,19.585,2.0,8211075.0,48653.0,-1.4,14201
2020-07-15 09:30:00,0.0,0.0,11.25,32.664,28.997,0.0,0.0,13.87,-40.384,26.499,22.145,0.0,0.0,19.622,19.803,2.0,8211075.0,48653.0,-1.4,14201
2020-07-15 09:35:00,0.0,0.0,27.619,32.531,28.885,0.0,0.0,33.589,-40.116,26.418000000000003,22.088,0.0,0.0,19.71400000000001,19.91,2.0,8211075.0,48653.753,-1.4,14201
2020-07-15 09:40:00,0.0,0.0,62.591,32.477000000000004,28.797,0.0,0.0,74.14499999999998,-39.23100000000001,26.381,22.1,0.0,0.0,20.036,20.214,2.0,8211075.0,48654.0,-1.4,14201
2020-07-15 09:45:00,0.0,0.0,125.636,32.483,28.725,0.0,0.0,143.782,-39.029,26.3,22.157,0.0,0.0,19.944,20.058,2.107,8211075.0,48654.0,-1.484,14201
2020-07-15 09:50:00,0.0,0.0,210.517,32.455,28.640000000000004,0.0,0.0,226.208,-39.452,26.248,22.332,0.0,0.0,19.991,20.0,2.547,8211075.0,48654.0,-1.851,14201
2020-07-15 09:55:00,0.0,0.0,286.955,32.316,28.600000000000005,0.0,0.0,302.192,-39.61,26.2,22.096000000000004,0.0,0.0,19.803,19.86,2.1,8211075.0,48654.0,-1.5,14201
2020-07-15 10:00:00,0.0,0.0,327.924,32.291000000000004,28.527999999999995,0.0,0.0,340.583,-40.447,26.2,21.745000000000005,0.0,0.0,19.59,19.671,2.099,8211075.0,48654.0,-1.5,14201
2020-07-15 10:05:00,0.0,0.0,359.682,32.328,28.469,0.0,0.0,370.883,-40.898,26.105000000000004,21.729,0.0,0.0,19.6,19.855999999999995,2.099,8211075.0,48654.0,-1.499,14201
2020-07-15 10:10:00,0.0,0.0,380.685,32.263000000000005,28.395,0.0,0.0,389.976,-41.7,26.100000000000005,21.703,0.0,0.0,19.384,19.602999999999994,2.164,8211075.0,48654.0,-1.503,14201
2020-07-15 10:15:00,0.0,0.0,396.262,32.2,28.319,0.0,0.0,404.704,-41.392,26.100000000000005,21.688,0.159,1.367,19.265000000000004,19.382000000000005,2.327,8211075.0,48654.72,-1.472,14201
2020-07-15 10:20:00,0.0,0.0,405.198,32.084,28.326000000000004,0.029,0.129,415.871,-41.56,26.100000000000005,22.048,3.137,4.523,19.660000000000004,19.809,2.314,8211075.0,48655.0,-1.48,14201
2020-07-15 10:25:00,0.0,0.0,418.072,32.087999999999994,28.363,1.484,5.105,389.272,-42.01,26.244,22.081000000000003,5.591,7.718,19.876,19.939,5.635,8211075.036999999,48655.0,0.085,14201
2020-07-15 10:30:00,4.174,11.629,381.099,31.96400000000001,28.862,4.942,13.489,336.524,-42.02799999999999,27.775,21.996,9.642,12.24,19.915,19.971,16.987,8211076.0,48655.0,8.109,14201
2020-07-15 10:35:00,7.893,19.032,373.669,31.996,30.98,6.401,15.345,344.964,-42.125,29.584,21.834,12.489,15.875,19.906,19.94,21.926,8211076.698,48655.0,13.546,14201
2020-07-15 10:40:00,10.459,21.802,380.505,32.136,32.995000000000005,8.721999999999998,17.406,339.35,-42.119,31.248,21.969,16.242,20.309,19.874,19.954,26.182,8211078.076999999,48655.0,18.456,14201
2020-07-15 10:45:00,14.127,25.566,389.923,32.19800000000001,34.991,11.19,20.591,357.192,-42.306,32.82300000000001,22.105,20.494,25.81,19.951,20.091,32.32,8211079.84,48655.0,24.782,14201
2020-07-15 10:50:00,19.157,31.383,418.019,32.306000000000004,37.153,14.289,24.434,388.991,-42.28,34.59,22.32,24.785,31.849,20.077,20.162000000000003,41.468,8211082.213,48655.0,33.089,14201
2020-07-15 10:55:00,24.378,37.409,439.301,32.443000000000005,39.522,19.597,29.403,376.413,-42.197,36.402,22.448000000000004,58.269,64.21,20.291,20.386,53.606,8211085.406999999,48655.0,43.842,14201
2020-07-15 11:00:00,28.425,41.51,443.437,32.625,42.128,30.265,39.932,363.141,-42.794,38.563,22.651,83.67,197.174,20.754000000000005,20.841,70.664,8211089.647,48655.0,58.852,14201
2020-07-15 11:05:00,32.431,45.428,442.092,33.010000000000005,44.758,48.272,58.013,354.155,-42.627,41.691,23.003,97.226,234.695,21.319000000000003,21.271,96.006,8211095.394999999,48655.0,80.912,14201
2020-07-15 11:10:00,36.628,49.718,434.86,33.486000000000004,47.354000000000006,71.123,81.333,348.704,-42.976,46.154,23.582,113.06,277.649,22.365,21.968,127.536,8211103.281999999,48655.0,108.142,14201
2020-07-15 11:15:00,44.877,57.759,425.306,33.932,50.146,97.019,107.644,347.334,-43.065,52.251000000000005,23.848,129.804,317.953,23.65900000000001,22.877,168.697,8211113.59,48655.0,143.731,14201
2020-07-15 11:20:00,156.147,169.856,336.705,34.923,58.17400000000001,122.688,133.995,344.067,-42.648,60.173,23.976000000000003,144.567,358.213,25.46,24.339,331.939,8211131.48,48655.0,283.431,14201
2020-07-15 11:25:00,178.021,192.388,333.404,34.43,60.847,147.657,159.621,343.32,-42.915,60.46,24.223,158.326,399.491,27.312000000000005,25.701,385.918,8211157.12,48655.0,329.709,14201
2020-07-15 11:30:00,194.115,208.756,327.933,34.417,60.195,164.81,177.251,343.555,-42.169,60.15299999999999,24.535,171.195,432.471,29.655000000000005,27.651,425.249,8211186.059999999,48655.0,362.943,14201
2020-07-15 11:35:00,217.575,233.042,326.63,35.016,60.193,188.505,201.688,343.467,-41.583,60.24600000000001,24.669,190.459,485.034,31.881000000000004,30.295,480.497,8211218.207,48655.0,410.668,14201
2020-07-15 11:40:00,235.121,251.378,327.483,35.542,60.219,210.086,223.92,341.828,-40.44200000000001,60.24900000000001,24.825000000000003,205.481,522.028,34.159,32.537,526.084,8211253.963,48655.0,450.361,14201
2020-07-15 11:45:00,254.258,271.553,334.39,35.556000000000004,60.25999999999999,232.515,247.161,344.148,-40.177,60.285,25.036999999999995,225.77,556.709,35.996,34.719,574.934,8211293.315999999,48655.0,492.507,14201
2020-07-15 11:50:00,306.617,327.695,394.71,35.197,61.24,271.035,288.268,388.606,-39.18,60.77799999999999,25.144000000000005,243.47,579.268,36.724,35.794999999999995,680.457,8211338.0,48655.0,584.456,14201
2020-07-15 11:55:00,322.179,343.824,386.82,35.07,60.557,299.586,318.314,400.65,-37.25299999999999,60.537,24.952,264.273,608.127,37.441,36.536,730.609,8211388.84,48655.0,627.719,14201
2020-07-15 12:00:00,332.941,354.94,381.559,35.167,60.474,314.503,333.702,396.395,-36.999,60.357,25.046000000000006,282.515,635.633,38.94,37.988,760.62,8211442.263,48655.0,653.422,14201
2020-07-15 12:05:00,341.21,363.342,378.644,35.312,60.318,326.943,346.477,391.517,-36.939,60.301,25.406,299.464,657.085,40.843,40.05100000000001,780.351,8211497.671,48655.0,674.029,14201
2020-07-15 12:10:00,347.473,369.723,375.448,35.534000000000006,60.304,335.78,355.574,386.51,-38.845,60.24700000000001,25.613,315.741,673.321,42.54,41.501000000000005,798.692,8211554.446999999,48655.0,688.943,14201
2020-07-15 12:15:00,354.768,377.291,372.42,35.725,60.316,346.018,366.375,383.73,-43.26500000000001,60.29099999999999,25.743,334.134,694.321,43.981,42.708,819.6169999999998,8211612.559999999,48655.0,706.481,14201
2020-07-15 12:20:00,361.22,383.901,369.089,35.905,60.19800000000001,353.777,374.493,382.713,-38.79,60.243,25.78,350.681,712.803,44.726,43.620000000000005,837.0059999999999,8211671.877,48655.0,721.3769999999998,14201
2020-07-15 12:25:00,370.268,393.345,370.365,35.977000000000004,60.36300000000001,365.036,386.165,379.266,-41.322,60.359,25.943,369.236,736.75,45.633,44.977,860.755,8211732.927,48655.0,741.34,14201
2020-07-15 12:30:00,377.201,400.393,365.361,36.228,60.36,372.804,394.154,378.021,-40.245000000000005,60.319,26.158,385.998,753.907,46.741,46.425,877.0739999999998,8211795.446999999,48655.0,755.5589999999999,14201
2020-07-15 12:35:00,385.059,408.522,363.386,36.551,60.41,381.379,403.073,375.358,-41.806,60.35,26.366,403.542,772.652,47.64,47.283,895.148,8211859.116999999,48655.0,771.503,14201
2020-07-15 12:40:00,389.996,413.662,363.789,36.883,60.383,386.817,408.759,373.528,-40.909000000000006,60.329,26.625,418.771,787.765,49.007,48.494,908.517,8211923.783,48655.0,781.6319999999998,14201
2020-07-15 12:45:00,395.053,418.859,362.596,37.150000000000006,60.324000000000005,392.524,414.645,370.96,-40.771,60.279,26.876,436.934,805.605,49.830000000000005,49.135,921.768,8211989.26,48655.0,792.407,14201
2020-07-15 12:50:00,397.566,421.267,357.025,37.422,60.307,395.348,417.619,371.357,-42.054,60.309,27.232000000000003,448.6,811.299,51.026,50.166,926.4620000000002,8212055.684,48655.0,796.764,14201
2020-07-15 12:55:00,401.577,425.366,356.701,37.748,60.307,398.651,420.975,369.288,-42.803,60.093,27.402,465.231,825.1029999999998,51.445,50.870000000000005,934.895,8212122.027,48655.0,804.398,14201
2020-07-15 13:00:00,408.473,432.498,356.733,38.119,61.50800000000001,406.186,428.863,367.669,-42.566,60.51200000000001,27.961,482.112,841.61,52.123,51.554,950.823,8212189.923999999,48655.0,818.3099999999998,14201
2020-07-15 13:05:00,411.727,435.955,356.542,38.48800000000001,62.20700000000001,409.832,432.586,365.541,-39.147,60.40200000000001,28.029000000000003,499.409,856.45,53.155,52.39500000000001,959.546,8212258.423,48655.0,825.331,14201
2020-07-15 13:10:00,415.652,439.726,349.533,38.68,62.626000000000005,414.062,436.882,363.44,-39.82,60.553,28.239999999999995,518.231,870.0689999999998,53.66,53.506,968.251,8212327.523,48655.0,833.113,14201
2020-07-15 13:15:00,417.755,441.91,350.552,38.962,63.116,415.756,438.629,363.496,-41.026,60.828,28.467,531.186,875.294,53.812000000000005,54.104000000000006,972.145,8212397.113,48655.0,836.576,14201
2020-07-15 13:20:00,422.344,446.655,350.766,39.47999999999999,63.79,420.307,443.297,363.139,-42.54900000000001,61.13,28.584,546.087,885.264,54.797,55.07300000000001,982.194,8212467.217,48655.0,845.4249999999998,14201
2020-07-15 13:25:00,424.409,448.798,350.78,40.127,64.439,422.966,446.085,362.074,-42.476,61.61699999999999,28.918000000000006,560.663,893.371,55.603,55.623,988.301,8212537.887,48655.0,850.0739999999998,14201
2020-07-15 13:30:00,427.005,451.451,351.523,40.431,64.91699999999999,426.722,449.989,359.371,-43.155,62.502,29.315,575.453,902.863,56.30200000000001,55.816,996.422,8212608.893,48655.0,856.341,14201
2020-07-15 13:35:00,429.856,454.336,348.498,40.75,65.52000000000001,430.276,453.702,359.429,-42.008,63.540000000000006,29.475000000000005,594.369,912.721,56.775,56.321,1003.992,8212680.51,48655.0,862.58,14201
2020-07-15 13:40:00,433.086,457.502,344.804,41.03,65.932,432.973,456.556,359.311,-41.873,63.830000000000005,29.228,610.746,921.811,57.383,56.77000000000001,1011.295,8212752.576999999,48655.0,868.412,14201
2020-07-15 13:45:00,434.211,458.631,345.304,41.30100000000001,66.702,433.516,457.162,358.437,-42.814,64.044,29.528,620.806,922.886,57.441,57.19800000000001,1014.186,8212825.145999999,48655.0,870.023,14201
2020-07-15 13:50:00,436.154,460.641,345.841,41.603,67.21000000000001,436.345,460.175,358.196,-44.31399999999999,64.773,30.024,637.351,930.621,57.496,57.25399999999999,1019.002,8212897.86,48655.0,874.859,14201
2020-07-15 13:55:00,437.812,462.293,344.742,41.751,67.383,438.647,462.386,355.526,-48.329,64.87299999999999,29.699000000000005,653.744,940.274,57.703,57.91300000000001,1023.142,8212970.943,48655.0,878.311,14201
2020-07-15 14:00:00,439.521,463.967,345.251,41.886,67.531,440.845,464.713,355.602,-48.041,65.086,29.915,667.141,943.081,58.261,58.364,1026.717,8213044.15,48655.0,882.1699999999998,14201
2020-07-15 14:05:00,439.962,464.334,344.597,42.046,67.85300000000001,440.806,464.589,355.441,-47.601000000000006,65.632,30.298,680.551,950.375,58.487,59.094,1023.4,8213117.803,48655.0,882.397,14201
2020-07-15 14:10:00,441.996,466.37,344.318,42.152,68.11099999999999,442.415,466.308,355.895,-48.796,65.80000000000001,30.155,694.713,951.508,57.99200000000001,58.55800000000001,1027.739,8213191.347,48655.0,885.856,14201
2020-07-15 14:15:00,444.662,469.099,344.247,42.399,68.702,444.178,468.13,355.414,-51.038,66.124,30.568,706.017,952.08,58.103,59.011,1032.593,8213265.462,48655.0,889.9919999999998,14201
2020-07-15 14:20:00,445.523,469.939,344.985,42.637,68.942,445.624,469.694,355.793,-50.879,66.631,31.044,722.4059999999998,960.731,58.465,59.404,1034.225,8213339.843,48655.0,892.3339999999998,14201
2020-07-15 14:25:00,447.234,471.651,344.837,42.792,69.33,445.205,469.381,357.556,-52.352,67.191,30.935,740.759,967.104,59.313,59.797,1036.688,8213414.297,48655.0,893.336,14201
2020-07-15 14:30:00,442.627,466.799,345.659,42.88399999999999,69.42,440.107,464.081,360.748,-52.907,66.725,30.559999999999995,740.326,955.91,58.879000000000005,59.708000000000006,1026.566,8213488.247,48655.0,883.663,14201
2020-07-15 14:35:00,435.993,459.632,344.847,42.905,68.49100000000001,431.726,455.107,363.718,-54.518,66.272,30.997,735.8479999999998,937.84,58.432,58.657,1009.244,8213561.08,48655.0,868.278,14201
2020-07-15 14:40:00,449.893,474.279,344.995,43.036,69.588,423.033,446.743,386.768,-52.76199999999999,65.715,31.092,774.803,971.408,58.95700000000001,58.889,1016.342,8213633.929999999,48655.0,873.168,14201
2020-07-15 14:45:00,449.876,474.29,345.18,43.083,69.953,429.103,452.962,379.78,-50.724,65.435,30.908,786.3809999999999,969.706,58.77599999999999,59.00800000000001,1024.752,8213706.622999999,48655.0,879.803,14201
2020-07-15 14:50:00,449.805,474.025,344.477,43.236,70.30199999999999,413.919,437.15,388.086,-50.646,65.086,30.868,795.6549999999999,971.853,59.73,59.476000000000006,1005.923,8213779.747999999,48655.0,863.269,14201
2020-07-15 14:55:00,449.822,474.076,344.909,43.48,70.81400000000001,391.44,413.888,396.31,-50.71,63.583,31.529000000000003,806.3569999999999,973.752,60.75300000000001,59.769000000000005,981.322,8213850.576999999,48655.0,842.152,14201
2020-07-15 15:00:00,452.36,476.597,344.652,43.654,70.82,395.803,418.244,394.974,-50.746,62.784000000000006,31.249,822.1699999999998,983.691,60.236,60.264,988.249,8213920.807,48655.0,848.893,14201
2020-07-15 15:05:00,455.654,480.137,345.111,44.243,71.42000000000002,410.527,433.572,391.094,-49.634,63.811,31.543,840.7949999999998,987.849,60.215,60.267,1009.315,8213992.363,48655.0,867.173,14201
2020-07-15 15:10:00,459.255,483.841,343.626,44.72,71.79599999999999,409.224,432.322,393.387,-49.488,63.759,31.437,859.142,997.97,60.13699999999999,60.080000000000005,1012.434,8214064.821,48655.0,868.635,14201
2020-07-15 15:15:00,450.814,474.801,339.178,45.169,71.614,384.687,406.695,399.887,-49.965,62.83699999999999,31.524,861.5839999999998,992.454,60.828,60.772,975.776,8214135.917,48655.0,835.677,14201
2020-07-15 15:20:00,454.934,479.068,338.78,45.281,71.39399999999999,401.609,424.18,392.608,-50.125,62.428,31.468,867.046,994.2,61.056,61.396,999.823,8214206.053,48655.0,856.847,14201
2020-07-15 15:25:00,458.916,483.256,339.026,45.522,72.22399999999999,383.953,405.595,385.403,-50.168000000000006,63.223000000000006,31.772,864.831,976.389,61.25300000000001,61.818000000000005,980.599,8214277.519999999,48655.0,841.573,14201
2020-07-15 15:30:00,421.54,444.016,344.579,45.688,70.20800000000001,378.099,399.734,399.012,-50.138000000000005,61.631,32.043000000000006,854.618,953.185,59.81,60.301,934.828,8214345.209,48655.0,801.115,14201
2020-07-15 15:35:00,447.144,470.799,342.251,45.829,71.049,386.857,408.837,397.21,-50.311,62.713,32.22,851.749,953.199,60.261,60.655,973.546,8214413.826999999,48655.0,834.883,14201
2020-07-15 15:40:00,441.773,465.12,340.685,45.999,71.269,377.896,399.518,402.751,-50.237,62.25399999999999,32.339,941.013,1030.854,60.245000000000005,61.062,957.335,8214482.023,48655.0,820.466,14201
2020-07-15 15:45:00,456.939,481.153,341.352,45.93,72.85600000000002,370.104,390.987,389.431,-49.954,62.19800000000001,32.06399999999999,912.989,991.404,59.44800000000001,60.739,963.601,8214551.86,48655.0,825.759,14201
2020-07-15 15:50:00,380.255,401.098,347.781,45.989,67.39,276.65,293.562,372.75,-49.816,58.440000000000005,31.969,770.041,810.816,60.07599999999999,60.80799999999999,762.0209999999998,8214613.107,48655.0,651.411,14201
2020-07-15 15:55:00,215.389,229.407,354.091,45.837,60.377,203.209,217.094,369.344,-49.585,48.917,31.751,363.077,441.205,54.873,55.106,491.64,8214655.741,48655.0,419.057,14201
2020-07-15 16:00:00,183.811,196.747,363.026,45.43,56.166,245.127,260.572,377.492,-50.383,51.176,31.877,555.382,612.6,50.849,51.127,506.639,8214690.513,48655.0,431.891,14201
2020-07-15 16:05:00,489.434,515.435,363.125,45.41799999999999,69.79199999999999,475.416,501.344,380.723,-50.57599999999999,67.93900000000001,32.387,971.396,1043.155,54.268,54.707,1126.069,8214751.17,48655.0,965.868,14201
2020-07-15 16:10:00,363.698,383.902,350.942,45.662,71.624,257.633,273.944,365.956,-50.058,61.725,32.519,632.212,697.399,57.11,57.543000000000006,713.583,8214822.594999999,48655.0,611.08,14201
2020-07-15 16:15:00,135.623,147.1,359.847,45.405,54.643,187.739,201.083,371.832,-49.894000000000005,51.835,31.940000000000005,253.317,259.206,51.16499999999999,51.567,378.0,8214856.63,48655.0,322.482,14201
2020-07-15 16:20:00,401.912,424.491,380.455,45.37800000000001,65.29599999999999,417.511,441.017,391.867,-50.297,64.096,31.758,833.871,848.522,47.093,47.31100000000001,968.807,8214898.807,48655.0,830.1609999999998,14201
2020-07-15 16:25:00,498.8,525.469,367.383,45.672,75.774,475.833,502.085,389.427,-49.865,70.87100000000001,32.233000000000004,1065.788,1094.619,54.261,54.691,1134.159,8214979.482,48655.0,973.667,14201
2020-07-15 16:30:00,488.133,513.766,338.519,46.048,76.15699999999998,424.9,448.699,394.904,-49.499,67.774,32.52,1042.332,1069.82,60.00300000000001,59.894000000000005,1064.905,8215058.033,48655.0,912.371,14201
2020-07-15 16:35:00,476.156,501.099,339.061,46.455000000000005,75.449,387.717,409.705,400.759,-49.941,64.353,32.54,1029.246,1050.028,62.248,61.024,1006.544,8215131.687,48655.0,863.7179999999998,14201
2020-07-15 16:40:00,475.813,500.808,339.236,46.749,75.284,386.824,408.832,400.902,-49.38,63.233,32.68,1028.619,1046.661,63.087,62.066,1006.45,8215203.713999999,48655.0,862.821,14201
2020-07-15 16:45:00,477.441,502.553,339.021,46.862,75.35300000000002,384.414,406.224,401.677,-49.63,62.385000000000005,32.559,1040.355,1051.995,63.221,62.47699999999999,1005.237,8215275.513,48655.0,862.8429999999998,14201
2020-07-15 16:50:00,482.748,508.055,334.852,47.236,75.92399999999998,381.989,403.706,402.839,-49.527,62.39600000000001,32.856,1065.533,1077.725,63.352,62.917,1006.158,8215347.467,48655.0,865.539,14201
2020-07-15 16:55:00,469.65,494.271,337.906,47.446,75.44300000000001,352.863,373.232,403.157,-49.826,61.344,33.209,1077.61,1087.878,62.989,62.62100000000001,954.9620000000002,8215417.977,48655.0,820.899,14201
2020-07-15 17:00:00,243.496,258.701,344.492,47.532,67.257,143.403,155.113,357.052,-49.842,51.718,33.486000000000004,348.636,342.965,59.834,59.46600000000001,442.59,8215470.272,48655.0,378.622,14201
2020-07-15 17:05:00,138.115,149.516,359.787,46.822,54.382,140.809,152.657,372.786,-49.249,45.163,32.261,288.832,288.981,49.429,48.779,325.91,8215494.536999999,48655.0,278.28,14201
2020-07-15 17:10:00,189.701,202.742,369.11,46.626000000000005,59.481,296.998,314.295,376.375,-49.855,56.011,31.880000000000003,344.663,349.732,44.547,44.096,573.064,8215526.243,48655.0,489.534,14201
2020-07-15 17:15:00,457.402,481.97,379.037,46.313,68.507,399.101,421.473,387.814,-50.176,62.741,31.919,789.008,793.3139999999999,44.101,43.982,1005.804,8215579.575,48655.0,862.914,14201
2020-07-15 17:20:00,315.039,333.489,355.055,46.318,70.76799999999999,318.167,337.492,376.843,-50.685,65.743,32.307,668.374,685.541,51.760000000000005,51.386,723.057,8215652.679999999,48655.0,622.808,14201
2020-07-15 17:25:00,426.326,449.439,364.375,46.241,63.809,392.83,414.776,381.53,-51.204,57.612,32.477000000000004,933.93,933.669,51.812,50.518,962.952,8215702.107,48655.0,827.0359999999998,14201
2020-07-15 17:30:00,489.784,515.285,342.727,46.445,74.626,428.667,452.52,398.309,-50.557,65.87,33.022,1052.723,1063.514,57.585,56.67400000000001,1067.846,8215778.837,48655.0,917.54,14201
2020-07-15 17:35:00,490.187,515.792,336.119,46.912,76.259,378.12,399.683,407.07,-50.53,64.31900000000002,33.77,1080.77,1092.701,62.68099999999999,62.596,1010.264,8215852.92,48655.0,867.964,14201
2020-07-15 17:40:00,476.849,501.971,341.571,47.012,76.676,364.308,385.278,406.513,-50.767,63.73799999999999,34.353,1022.742,1027.979,64.569,65.068,974.662,8215924.92,48655.0,836.527,14201
2020-07-15 17:45:00,249.936,264.714,345.075,47.202,65.715,212.661,226.729,362.887,-49.814,56.477,34.106,487.709,505.852,61.37800000000001,61.88900000000001,534.403,8215980.03,48655.0,458.112,14201
2020-07-15 17:50:00,172.18,184.492,360.043,46.779,55.59,167.711,180.306,371.554,-49.478,48.29,33.254000000000005,342.998,344.069,50.639,50.221,394.681,8216011.03,48655.0,337.6,14201
2020-07-15 17:55:00,153.605,165.494,370.743,46.181,57.44400000000001,166.537,179.259,383.448,-49.404,51.592,32.354000000000006,308.174,309.604,42.732,42.34,373.297,8216038.412999999,48655.0,319.429,14201
2020-07-15 18:00:00,148.118,160.047,375.901,45.844,59.461,148.102,160.326,385.118,-49.514,58.906,32.160000000000004,291.318,289.778,39.73,39.122,345.556,8216064.103,48655.0,295.31,14201
2020-07-15 18:05:00,139.614,151.338,378.771,45.633,59.70700000000001,142.136,154.291,387.318,-49.731,59.728,32.282999999999994,276.611,274.537,38.605,38.106,329.394,8216087.587,48655.0,281.804,14201
2020-07-15 18:10:00,358.536,378.147,376.882,45.494,64.73100000000001,439.828,464.704,404.068,-49.400000000000006,67.53,32.135000000000005,942.12,951.027,41.755,41.517,935.25,8216129.59,48655.0,804.461,14201
2020-07-15 18:15:00,499.834,526.42,381.638,45.638,73.03499999999998,499.245,526.3,382.652,-50.069,71.951,32.698,1068.382,1096.742,52.148,52.039,1158.005,8216208.385,48655.0,997.752,14201
2020-07-15 18:20:00,499.835,525.975,355.585,46.186,76.946,433.816,457.938,397.803,-50.412000000000006,69.86999999999999,33.55,1055.677,1087.766,58.095,57.957,1082.625,8216289.303,48655.0,932.525,14201
2020-07-15 18:25:00,486.663,511.997,341.644,46.623000000000005,76.527,404.997,427.756,402.883,-49.236,66.22699999999999,33.391,1050.21,1086.616,59.156,59.021,1034.59,8216365.207,48655.0,888.423,14201
2020-07-15 18:30:00,478.827,502.804,318.609,46.986,73.673,374.261,395.723,408.946,-48.916,63.582,33.496,1042.471,1087.275,59.69200000000001,59.27000000000001,991.631,8216437.406999999,48655.0,852.34,14201
2020-07-15 18:35:00,459.006,481.999,308.759,47.176,72.21899999999998,368.473,389.475,405.417,-49.338,62.285,33.425999999999995,979.095,1030.552,59.138,57.982000000000006,962.196,8216508.153,48655.0,826.871,14201
2020-07-15 18:40:00,478.449,503.124,338.489,47.029,70.798,381.661,403.299,411.172,-48.489,62.336,32.91799999999999,1018.174,1071.087,57.219,56.523,1005.302,8216577.55,48655.0,864.45,14201
2020-07-15 18:45:00,490.245,515.931,343.515,47.27,76.888,363.112,384.171,417.241,-47.924,61.669,33.42,1043.287,1109.415,57.36899999999999,56.839000000000006,994.627,8216649.227,48655.0,855.251,14201
2020-07-15 18:50:00,365.385,384.401,312.568,47.228,69.439,349.29,369.424,402.821,-48.338,60.305,33.389,844.356,901.65,57.267,56.868,829.701,8216714.963,48655.0,712.968,14201
2020-07-15 18:55:00,388.664,408.454,308.056,47.047,64.478,374.19,395.42,402.945,-48.523,61.040000000000006,33.256,867.547,936.352,56.08899999999999,55.56199999999999,889.368,8216776.139999999,48655.0,765.073,14201
2020-07-15 19:00:00,457.424,480.236,308.798,46.907,67.109,380.909,402.627,411.06,-48.345,62.055000000000014,33.145,971.047,1055.978,56.212,55.687000000000005,973.582,8216842.593,48655.0,838.44,14201
2020-07-15 19:05:00,382.352,402.006,325.944,47.041,65.408,361.364,381.996,409.992,-48.051,61.336,33.494,944.176,1041.345,57.544,56.95,869.27,8216907.143,48655.0,746.95,14201
2020-07-15 19:10:00,491.06,516.607,338.491,47.153,73.67199999999998,350.028,370.384,417.31,-48.010000000000005,60.159000000000006,33.782,969.3370000000002,1080.682,58.61300000000001,57.845,978.624,8216975.103,48655.0,842.096,14201
2020-07-15 19:15:00,395.117,416.287,339.257,47.374,71.452,306.918,325.076,389.208,-47.408,58.43299999999999,33.125,734.113,823.854,57.778000000000006,56.82000000000001,816.3669999999998,8217041.24,48655.0,704.325,14201
2020-07-15 19:20:00,498.28,524.56,358.219,47.26,73.80799999999998,378.847,400.434,416.945,-46.555,59.734,32.989000000000004,952.985,1082.656,55.857,54.724,1016.494,8217105.744,48655.0,877.267,14201
2020-07-15 19:25:00,358.491,378.766,346.051,47.427,73.85899999999998,344.992,364.672,392.85,-46.608,61.013,33.254999999999995,726.123,820.288,57.34700000000001,56.89600000000001,818.8339999999998,8217175.17,48655.0,695.367,14201
2020-07-15 19:30:00,421.698,444.629,357.531,47.288,65.831,352.589,372.859,400.347,-47.584,58.592,33.297,789.7029999999999,900.123,54.055,53.939,923.053,8217229.733,48655.0,781.541,14201
2020-07-15 19:35:00,486.22,511.712,344.9,47.64,76.512,370.602,391.868,411.59,-48.013000000000005,61.893,33.69899999999999,910.99,1048.444,57.162000000000006,57.481,1010.827,8217300.967,48655.0,857.5359999999998,14201
2020-07-15 19:40:00,412.953,435.223,342.837,48.083,77.01699999999998,342.264,362.02,402.478,-47.89,61.265,33.565000000000005,797.1409999999998,912.061,59.46,59.31100000000001,879.0299999999999,8217370.751,48655.0,745.486,14201
2020-07-15 19:45:00,267.586,283.076,357.127,48.021,63.138000000000005,201.398,214.918,364.526,-47.857,52.474,33.379,460.476,500.692,55.974,55.313,553.172,8217418.05,48655.0,467.496,14201
2020-07-15 19:50:00,170.153,182.385,363.924,47.44800000000001,56.192,161.65,173.997,375.289,-46.757,48.256,33.06399999999999,316.98,336.195,49.666,49.336,393.507,8217451.483,48655.0,331.085,14201
2020-07-15 19:55:00,426.719,449.345,370.653,47.03,67.413,359.482,379.881,392.382,-46.624,55.334,32.980000000000004,700.033,819.549,48.656,48.405,910.174,8217500.213,48655.0,783.0499999999998,14201
2020-07-15 20:00:00,233.15,247.288,362.002,46.899,59.662000000000006,206.383,220.015,375.896,-46.611,50.826,33.008,381.568,409.166,49.893,49.68,515.08,8217547.323,48655.0,441.956,14201
2020-07-15 20:05:00,345.492,363.776,362.375,46.519,61.559,316.899,334.717,376.593,-46.0,54.446,33.02000000000001,551.347,640.5,48.535,48.394,771.634,8217596.096,48655.0,662.965,14201
2020-07-15 20:10:00,376.195,396.345,357.514,46.375,66.984,293.585,310.601,375.022,-45.905,55.20900000000001,33.093,526.604,619.956,49.593,49.453,769.671,8217654.98,48655.0,662.686,14201
2020-07-15 20:15:00,229.599,243.729,368.734,45.891,56.604000000000006,216.843,230.965,382.936,-46.103,54.048,32.446,404.811,490.781,46.372,46.458,523.786,8217694.467,48655.0,450.166,14201
2020-07-15 20:20:00,426.83,449.01,363.959,45.587,64.949,386.576,407.91,383.473,-46.132,64.16500000000002,32.492,615.135,744.417,47.403,47.6,945.153,8217747.317,48655.0,814.02,14201
2020-07-15 20:25:00,488.83,513.885,350.002,45.798,73.253,473.229,498.738,381.045,-45.826,67.355,32.906,829.075,1032.085,52.498,52.971,1111.944,8217823.929999999,48655.0,960.913,14201
2020-07-15 20:30:00,464.447,488.361,349.095,46.247,74.48999999999998,430.482,454.093,393.063,-45.736,67.394,32.975,783.089,989.8130000000002,54.639,55.086,1036.835,8217901.136,48655.0,894.775,14201
2020-07-15 20:35:00,452.415,475.734,349.554,46.315000000000005,73.13900000000001,407.616,430.43,400.387,-45.697,64.882,32.811,731.6269999999998,953.761,54.38999999999999,55.114,995.608,8217974.243,48655.0,859.114,14201
2020-07-15 20:40:00,445.736,468.788,349.745,46.447,72.454,385.916,407.762,406.985,-45.322,62.94499999999999,32.899,701.008,934.964,54.51,54.92600000000001,964.244,8218044.257,48655.0,831.768,14201
2020-07-15 20:45:00,444.058,466.943,350.516,46.645,72.646,385.829,407.59,406.686,-44.835,62.25,32.848,675.678,929.74,53.509,53.964,962.343,8218113.643,48655.0,829.6609999999998,14201
2020-07-15 20:50:00,438.688,461.39,350.876,46.82399999999999,72.239,358.75,379.344,413.575,-44.13,61.022,33.04900000000001,648.245,921.705,53.739,54.229000000000006,924.483,8218181.369,48655.0,796.649,14201
2020-07-15 20:55:00,443.505,466.399,350.039,46.948,72.721,360.979,381.578,413.116,-44.190000000000005,60.29899999999999,32.882,636.806,928.1640000000002,53.912,54.599,932.445,8218248.073,48655.0,804.3769999999998,14201
2020-07-15 21:00:00,443.639,466.536,350.034,47.125,72.76099999999998,365.324,386.245,411.756,-43.969,60.52599999999999,33.114999999999995,620.875,924.526,54.234,54.901,936.974,8218315.33,48655.0,808.4829999999998,14201
2020-07-15 21:05:00,442.591,465.487,349.483,47.19,72.80299999999998,378.649,400.04,407.878,-43.85,60.77799999999999,33.151999999999994,612.193,919.8130000000002,54.11500000000001,54.648,950.282,8218382.857,48655.0,820.465,14201
2020-07-15 21:10:00,421.79,443.59,355.232,47.188,71.455,382.804,404.222,403.039,-44.234,61.45000000000001,33.029,581.602,885.898,53.992,53.705000000000005,932.564,8218450.713,48655.0,804.176,14201
2020-07-15 21:15:00,396.877,417.461,351.897,47.435,71.233,368.302,388.993,397.111,-44.318000000000005,61.077,33.418,525.822,814.777,54.71000000000001,54.31000000000001,883.743,8218517.15,48655.0,762.134,14201
2020-07-15 21:20:00,420.541,442.171,351.627,47.487,69.681,361.959,382.23,392.799,-44.616,59.47,33.123,536.184,843.731,54.08500000000001,54.521,908.524,8218580.107,48655.0,783.582,14201
2020-07-15 21:25:00,423.314,445.154,350.744,47.596,71.24799999999999,362.289,382.901,406.729,-44.229000000000006,60.234,33.205000000000005,536.724,869.736,54.638,55.57199999999999,910.922,8218646.033,48655.0,785.533,14201
2020-07-15 21:30:00,413.693,435.083,350.477,47.554,70.774,373.339,394.253,398.853,-44.161,60.400000000000006,33.145,515.43,847.106,54.21,54.79999999999999,910.468,8218711.514999999,48655.0,785.73,14201
2020-07-15 21:35:00,409.809,431.094,353.157,47.666,70.477,371.849,392.83,398.366,-43.871,60.657,33.09,496.876,834.3099999999998,53.542,54.096,905.324,8218776.957,48655.0,779.97,14201
2020-07-15 21:40:00,404.626,425.554,349.958,47.624,69.854,362.028,382.597,401.498,-44.225,60.159000000000006,33.136,479.877,823.556,53.68899999999999,54.150000000000006,888.913,8218841.337,48655.0,766.573,14201
2020-07-15 21:45:00,397.989,418.566,349.99,47.757,69.87899999999999,347.632,367.62,405.415,-43.446,59.16799999999999,33.589,460.761,808.056,54.70100000000001,55.304,864.918,8218904.209,48655.0,745.936,14201
2020-07-15 21:50:00,393.487,413.848,349.15,47.782,69.31400000000001,365.953,386.455,395.237,-43.115,59.459,33.305,455.261,798.5549999999998,55.319,55.56100000000001,879.639,8218966.76,48655.0,758.3189999999998,14201
2020-07-15 21:55:00,383.133,402.979,349.432,47.677,68.31099999999999,364.22,384.286,387.716,-43.43,59.757,33.265,424.758,774.3039999999999,54.992,55.67800000000001,863.565,8219029.593,48655.0,744.759,14201
2020-07-15 22:00:00,374.106,393.435,349.778,47.632,67.576,348.214,367.808,393.239,-43.823,59.67699999999999,33.489,403.464,755.3769999999998,55.22099999999999,56.014,835.884,8219090.576999999,48655.0,721.4049999999999,14201
2020-07-15 22:05:00,367.997,387.123,355.196,47.685,67.049,359.695,379.397,377.342,-43.978,59.54400000000001,33.414,386.897,735.461,54.695,55.67400000000001,840.427,8219150.88,48655.0,726.4289999999999,14201
2020-07-15 22:10:00,362.271,381.161,355.166,47.657,66.37,346.222,365.619,388.654,-43.788,58.88699999999999,33.22,370.091,719.845,54.127,54.59499999999999,817.846,8219210.74,48655.0,707.112,14201
2020-07-15 22:15:00,358.887,377.527,355.567,47.458,65.852,349.152,368.246,378.713,-43.911,58.419,33.106,356.895,710.085,53.741,53.419,817.017,8219269.65,48655.0,706.485,14201
2020-07-15 22:20:00,354.633,373.161,356.406,47.527,65.587,349.312,368.422,377.869,-44.22200000000001,58.69899999999999,33.474000000000004,344.145,701.972,53.583,53.47,812.053,8219328.019999999,48655.0,702.528,14201
2020-07-15 22:25:00,348.191,366.491,361.575,47.25399999999999,64.705,344.6,363.641,374.202,-43.91,58.02499999999999,33.07,330.11,687.891,51.719,51.458,799.6889999999999,8219386.323,48655.0,692.385,14201
2020-07-15 22:30:00,337.766,355.569,361.013,46.893,63.587,336.394,354.919,374.424,-43.493,57.178,32.871,310.442,661.443,50.28,49.689,776.691,8219443.266,48655.0,672.443,14201
2020-07-15 22:35:00,328.762,346.253,365.215,46.559,62.49,327.006,345.145,376.689,-43.386,56.181,32.831,294.098,638.755,48.761,48.043,754.994,8219498.593,48655.0,653.679,14201
2020-07-15 22:40:00,318.703,335.909,367.317,46.45700000000001,61.84,315.91,333.533,375.793,-43.82599999999999,55.467,32.967,273.522,612.04,48.814,48.398,730.6749999999998,8219552.12,48655.0,632.603,14201
2020-07-15 22:45:00,308.283,325.143,367.954,46.411,61.178,304.762,321.981,375.525,-44.298,54.873,33.043,257.867,591.294,49.429,49.053,706.591,8219603.99,48655.0,611.232,14201
2020-07-15 22:50:00,299.394,315.857,367.022,46.249,60.24900000000001,297.622,314.666,379.079,-44.291,53.968,32.843,245.596,576.37,48.834,48.578,687.682,8219654.227,48655.0,595.074,14201
2020-07-15 22:55:00,288.874,304.984,366.986,45.897,59.07,287.254,303.914,379.399,-44.903,53.002,32.7,229.316,551.879,48.056,47.871,663.281,8219702.977,48655.0,574.05,14201
2020-07-15 23:00:00,274.489,290.067,367.673,45.67600000000001,58.61999999999999,256.474,272.199,385.179,-44.157,51.559,32.581,211.229,523.919,47.435,47.16,610.86,8219749.263,48655.0,528.445,14201
2020-07-15 23:05:00,256.779,271.745,370.076,45.321,58.68600000000001,215.105,228.984,370.282,-44.842,49.243,32.531,193.071,483.662,46.636,46.49,543.389,8219790.653,48655.0,470.372,14201
2020-07-15 23:10:00,233.459,247.755,373.115,45.18300000000001,58.67400000000001,203.463,216.099,337.379,-40.463,52.225,32.48,176.006,437.104,45.115,45.063,503.27,8219828.326999999,48655.0,435.73,14201
2020-07-15 23:15:00,210.481,224.048,373.662,44.94800000000001,58.837,185.2,197.406,339.671,-42.355,56.831,32.370999999999995,161.157,391.541,43.863,43.611,455.911,8219863.047,48655.0,394.7,14201
2020-07-15 23:20:00,185.079,198.008,374.449,44.61,59.123,163.589,175.149,339.49,-42.145,59.23300000000001,32.223,144.436,343.802,42.932,42.760000000000005,401.826,8219894.023,48655.0,347.666,14201
2020-07-15 23:25:00,159.154,171.541,378.209,44.68,59.328,142.156,153.2,340.273,-42.401,59.64,31.911999999999995,128.495,297.698,41.323,41.569,346.779,8219920.983,48655.0,300.116,14201
2020-07-15 23:30:00,136.944,148.73,379.842,45.169,59.539,123.673,134.272,340.278,-41.494,59.73100000000001,31.82,113.235,255.776,39.893,40.074,300.029,8219944.213,48655.0,259.457,14201
2020-07-15 23:35:00,115.507,126.848,379.26,45.254,59.632000000000005,106.569,116.809,340.992,-41.73100000000001,59.75099999999999,31.642000000000003,101.24,219.7,38.565000000000005,38.413,255.454,8219964.272,48655.0,220.685,14201
2020-07-15 23:40:00,92.684,103.695,379.506,45.416,59.63300000000001,87.631,97.428,340.531,-42.78999999999999,59.729000000000006,31.432,88.318,181.883,37.247,37.087,208.273,8219980.9,48655.0,178.93,14201
2020-07-15 23:45:00,72.507,83.238,379.557,45.642,59.684,73.069,82.65099999999998,339.68,-43.105,59.776,31.291000000000004,76.446,152.121,35.941,35.876999999999995,167.711,8219994.363,48655.0,144.032,14201
2020-07-15 23:50:00,47.518,57.793,377.072,45.858,59.539,53.733,62.819,339.579,-41.795,59.69200000000001,31.073,61.769,111.812,34.626000000000005,34.554,116.061,8220004.635,48655.0,99.403,14201
2020-07-15 23:55:00,29.676,39.403,371.578,46.156,59.66499999999999,38.92,47.667,337.759,-40.426,59.873,30.821,49.696,84.74299999999998,33.18,33.129,78.946,8220011.363,48655.0,66.939,14201
2020-10-15 00:00:00,0.0,0.0,6.0,39.343,35.946,0.0,0.0,0.898,-45.819,32.079,14.46,0.0,0.0,10.585,10.6,1.736,8780990.0,50321.0,-1.203,14201
2020-10-15 00:05:00,0.0,0.0,6.0,39.338,35.270999999999994,0.0,0.0,0.8649999999999999,-44.94799999999999,31.498,14.5,0.0,0.0,10.428,10.543,1.712,8780990.0,50321.0,-1.2,14201
2020-10-15 00:10:00,0.0,0.0,6.0,38.891,34.601,0.0,0.0,0.889,-44.32000000000001,30.905000000000005,14.485,0.0,0.0,10.362000000000002,10.528,1.721,8780990.0,50321.0,-1.204,14201
2020-10-15 00:15:00,0.0,0.0,6.0,38.606,33.982,0.0,0.0,0.996,-45.284000000000006,30.326,14.312999999999995,0.0,0.0,10.223,10.406999999999998,1.725,8780990.0,50321.673,-1.203,14201
2020-10-15 00:20:00,0.0,0.0,6.0,38.307,33.431,0.0,0.0,1.033,-46.774,29.83,14.106,0.0,0.0,10.140999999999998,10.341,1.716,8780990.0,50322.0,-1.2,14201
2020-10-15 00:25:00,0.0,0.0,6.0,38.017,32.894,0.0,0.0,1.009,-48.400000000000006,29.347000000000005,14.028,0.0,0.0,9.962,10.130000000000004,1.771,8780990.0,50322.0,-1.209,14201
2020-10-15 00:30:00,0.0,0.0,6.0,37.74600000000001,32.373999999999995,0.0,0.0,1.066,-50.403000000000006,28.879000000000005,14.1,0.0,0.0,9.785,9.957,1.719,8780990.0,50322.0,-1.2,14201
2020-10-15 00:35:00,0.0,0.0,6.0,37.510000000000005,31.877,0.0,0.0,0.902,-50.606,28.418,13.984,0.0,0.0,9.707,9.845,1.728,8780990.0,50322.0,-1.2,14201
2020-10-15 00:40:00,0.0,0.0,6.0,37.213,31.419,0.0,0.0,1.019,-50.431,27.99,13.812000000000005,0.0,0.0,9.674,9.704,1.728,8780990.0,50322.0,-1.2,14201
2020-10-15 00:45:00,0.0,0.0,6.0,36.943,31.018000000000004,0.0,0.0,0.995,-47.416,27.551,13.693,0.0,0.0,9.569,9.681000000000004,1.747,8780990.0,50322.0,-1.205,14201
2020-10-15 00:50:00,0.0,0.0,6.0,36.704,30.581,0.0,0.0,1.122,-46.324,27.21400000000001,13.673000000000002,0.0,0.0,9.488999999999995,9.653,1.733,8780990.0,50322.0,-1.201,14201
2020-10-15 00:55:00,0.0,0.0,6.0,36.399,30.154,0.0,0.0,1.232,-47.204,26.894,13.648999999999996,0.0,0.0,9.515999999999998,9.624,1.722,8780990.0,50322.0,-1.2,14201
2020-10-15 01:00:00,0.0,0.0,6.0,36.128,29.751,0.0,0.0,1.132,-47.330000000000005,26.526,13.604,0.0,0.0,9.522,9.68,1.774,8780990.0,50322.0,-1.211,14201
2020-10-15 01:05:00,0.0,0.0,6.0,35.854,29.356,0.0,0.0,1.046,-47.951,26.184999999999995,13.452,0.0,0.0,9.403,9.554000000000002,1.727,8780990.0,50322.743,-1.2,14201
2020-10-15 01:10:00,0.0,0.0,6.0,35.561,28.997,0.0,0.0,1.014,-50.293,25.873,13.312,0.0,0.0,9.405,9.725,1.724,8780990.0,50323.0,-1.2,14201
2020-10-15 01:15:00,0.0,0.0,6.0,35.29900000000001,28.648,0.0,0.0,0.964,-50.454,25.572000000000003,13.367,0.0,0.0,9.635,9.866,1.733,8780990.0,50323.0,-1.2,14201
2020-10-15 01:20:00,0.0,0.0,6.0,34.822,28.339,0.0,0.0,1.05,-49.07,25.291,13.449,0.0,0.0,9.651,9.834,1.733,8780990.0,50323.0,-1.205,14201
2020-10-15 01:25:00,0.0,0.0,6.0,34.264,27.997,0.0,0.0,1.001,-50.328,25.012000000000004,13.403,0.0,0.0,9.431,9.593,1.729,8780990.0,50323.0,-1.2,14201
2020-10-15 01:30:00,0.0,0.0,6.0,34.005,27.67,0.0,0.0,1.002,-52.211,24.756,13.223999999999998,0.0,0.0,9.187,9.342999999999998,1.771,8780990.0,50323.0,-1.208,14201
2020-10-15 01:35:00,0.0,0.0,6.0,33.745,27.394,0.0,0.0,0.964,-53.969,24.483,13.216,0.0,0.0,9.134999999999998,9.300000000000002,1.72,8780990.0,50323.0,-1.2,14201
2020-10-15 01:40:00,0.0,0.0,6.0,33.452,27.124,0.0,0.0,0.952,-53.739,24.202,13.3,0.0,0.0,9.056000000000004,9.351999999999997,1.723,8780990.0,50323.0,-1.2,14201
2020-10-15 01:45:00,0.0,0.0,6.0,33.187,26.854,0.0,0.0,0.997,-51.434,23.94,13.387999999999998,0.0,0.0,9.137999999999998,9.494,1.733,8780990.0,50323.0,-1.2,14201
2020-10-15 01:50:00,0.0,0.0,6.0,32.971000000000004,26.598,0.0,0.0,0.981,-51.05,23.698000000000004,13.304000000000002,0.0,0.0,9.102,9.381999999999998,1.735,8780990.0,50323.0,-1.2,14201
2020-10-15 01:55:00,0.0,0.0,6.0,32.708,26.338,0.0,0.0,0.961,-50.771,23.467,13.074999999999998,0.0,0.0,9.012999999999998,9.205999999999996,1.708,8780990.0,50323.801,-1.2,14201
2020-10-15 02:00:00,0.0,0.0,6.0,32.442,26.084,0.0,0.0,1.034,-51.58500000000001,23.213,12.967999999999998,0.0,0.0,8.942999999999998,9.098999999999998,1.756,8780990.0,50324.0,-1.203,14201
2020-10-15 02:05:00,0.0,0.0,6.0,32.205,25.817,0.0,0.0,0.924,-51.954,22.982,12.972,0.0,0.0,8.913999999999998,9.156,1.711,8780990.0,50324.0,-1.2,14201
2020-10-15 02:10:00,0.0,0.0,6.0,31.951,25.603,0.0,0.0,0.982,-50.845,22.689,12.906999999999998,0.0,0.0,8.973999999999998,9.185999999999998,1.701,8780990.0,50324.0,-1.2,14201
2020-10-15 02:15:00,0.0,0.0,6.0,31.72,25.342,0.0,0.0,0.959,-49.761,22.48,12.966,0.0,0.0,9.277,9.614,1.704,8780990.0,50324.0,-1.2,14201
2020-10-15 02:20:00,0.0,0.0,6.0,31.510000000000005,25.129000000000005,0.0,0.0,1.012,-48.46399999999999,22.293,12.847999999999995,0.0,0.0,9.229,9.514,1.763,8780990.0,50324.0,-1.203,14201
2020-10-15 02:25:00,0.0,0.0,6.0,31.253,24.853,0.0,0.0,0.992,-49.184,22.088,12.832,0.0,0.0,9.124999999999998,9.276,1.705,8780990.0,50324.0,-1.2,14201
2020-10-15 02:30:00,0.0,0.0,6.0,30.983000000000004,24.6,0.0,0.0,1.065,-51.144000000000005,21.899,12.8,0.0,0.0,8.985000000000001,9.113,1.705,8780990.0,50324.0,-1.2,14201
2020-10-15 02:35:00,0.0,0.0,6.0,30.745,24.39,0.0,0.0,1.162,-50.57299999999999,21.711,12.8,0.0,0.0,8.814999999999996,8.988999999999999,1.702,8780990.0,50324.0,-1.2,14201
2020-10-15 02:40:00,0.0,0.0,6.0,30.549000000000003,24.161,0.0,0.0,1.165,-50.797,21.510000000000005,12.765,0.0,0.0,8.702000000000002,8.846999999999998,1.757,8780990.0,50324.0,-1.2,14201
2020-10-15 02:45:00,0.0,0.0,6.0,30.294,23.976000000000003,0.0,0.0,1.161,-50.582,21.362,12.706,0.0,0.0,8.633000000000001,8.795999999999998,1.7,8780990.0,50324.75,-1.2,14201
2020-10-15 02:50:00,0.0,0.0,6.0,30.116,23.753,0.0,0.0,1.073,-49.696,21.17900000000001,12.659999999999998,0.0,0.0,8.519000000000004,8.784,1.7,8780990.0,50325.0,-1.2,14201
2020-10-15 02:55:00,0.0,0.0,6.0,29.653,23.56,0.0,0.0,1.164,-49.402,21.009,12.652,0.0,0.0,8.512999999999998,8.848,1.7,8780990.0,50325.0,-1.2,14201
2020-10-15 03:00:00,0.0,0.0,6.0,29.306,23.39,0.0,0.0,1.161,-49.319,20.85,12.6,0.0,0.0,8.507000000000001,9.021,1.762,8780990.0,50325.0,-1.2,14201
2020-10-15 03:05:00,0.0,0.0,6.0,29.09,23.187,0.0,0.0,1.087,-50.011,20.711,12.552,0.0,0.0,8.431000000000001,8.919999999999998,1.704,8780990.0,50325.0,-1.2,14201
2020-10-15 03:10:00,0.0,0.0,6.0,28.859,23.018,0.0,0.0,1.047,-49.789,20.516,12.412,0.0,0.0,8.470999999999998,8.734999999999998,1.705,8780990.0,50325.0,-1.2,14201
2020-10-15 03:15:00,0.0,0.0,6.0,28.673,22.862,0.0,0.0,1.124,-49.836,20.338000000000005,12.4,0.0,0.0,8.485000000000001,8.699999999999998,1.731,8780990.0,50325.0,-1.2,14201
2020-10-15 03:20:00,0.0,0.0,6.0,28.487000000000005,22.664,0.0,0.0,1.144,-49.575,20.169,12.38,0.0,0.0,8.38,8.668999999999999,1.734,8780990.0,50325.0,-1.2,14201
2020-10-15 03:25:00,0.0,0.0,6.0,28.288000000000004,22.514,0.0,0.0,1.183,-50.67700000000001,20.027,12.448,0.0,0.0,8.250999999999998,8.588,1.704,8780990.0,50325.0,-1.2,14201
2020-10-15 03:30:00,0.0,0.0,6.0,28.091,22.380000000000003,0.0,0.0,1.078,-50.97,19.895000000000003,12.5,0.0,0.0,8.104000000000001,8.577000000000002,1.703,8780990.0,50325.0,-1.2,14201
2020-10-15 03:35:00,0.0,0.0,6.0,27.87,22.197,0.0,0.0,1.26,-51.697,19.761,12.472,0.0,0.0,8.077999999999998,8.600999999999999,1.764,8780990.0,50325.664,-1.203,14201
2020-10-15 03:40:00,0.0,0.0,6.0,27.755000000000003,22.045,0.0,0.0,1.222,-51.675,19.628,12.352,0.0,0.0,8.091000000000001,8.528,1.704,8780990.0,50326.0,-1.2,14201
2020-10-15 03:45:00,0.0,0.0,6.0,27.577,21.894,0.0,0.0,1.207,-51.041,19.488,12.213,0.0,0.0,8.099999999999998,8.354,1.7,8780990.0,50326.0,-1.2,14201
2020-10-15 03:50:00,0.0,0.0,6.0,27.428000000000004,21.773,0.0,0.0,1.206,-50.905,19.308000000000003,12.268,0.0,0.0,8.035999999999996,8.426999999999998,1.701,8780990.0,50326.0,-1.2,14201
2020-10-15 03:55:00,0.0,0.0,6.0,27.211,21.622,0.0,0.0,1.228,-51.231,19.195,12.075,0.0,0.0,7.877000000000002,8.450000000000001,1.76,8780990.0,50326.0,-1.2,14201
2020-10-15 04:00:00,0.0,0.0,6.0,27.051,21.463,0.0,0.0,1.224,-51.574000000000005,19.065,12.068,0.0,0.0,7.887999999999999,8.382000000000001,1.701,8780990.0,50326.0,-1.2,14201
2020-10-15 04:05:00,0.0,0.0,6.0,26.866,21.384,0.0,0.0,1.203,-51.94199999999999,18.952000000000005,12.127999999999998,0.0,0.0,7.92,8.226999999999999,1.7,8780990.0,50326.0,-1.2,14201
2020-10-15 04:10:00,0.0,0.0,6.0,26.728,21.224,0.0,0.0,1.243,-52.574,18.833,12.144999999999998,0.0,0.0,8.0,8.199999999999998,1.729,8780990.0,50326.0,-1.2,14201
2020-10-15 04:15:00,0.0,0.0,6.0,26.556,21.083,0.0,0.0,1.256,-52.541,18.67900000000001,12.04,0.0,0.0,8.0,8.243000000000002,1.728,8780990.0,50326.0,-1.2,14201
2020-10-15 04:20:00,0.0,0.0,6.0,26.381,20.937,0.0,0.0,1.39,-52.828,18.55,12.0,0.0,0.0,8.098,8.172999999999998,1.7,8780990.0,50326.0,-1.2,14201
2020-10-15 04:25:00,0.0,0.0,6.0,26.26,20.836,0.0,0.0,1.239,-52.169,18.421,12.02,0.0,0.0,8.294000000000002,8.360000000000001,1.7,8780990.0,50326.56,-1.2,14201
2020-10-15 04:30:00,0.0,0.0,6.0,26.097,20.715000000000003,0.0,0.0,1.24,-52.052,18.331000000000003,11.98,0.0,0.0,8.3,8.399999999999999,1.749,8780990.0,50327.0,-1.2,14201
2020-10-15 04:35:00,0.0,0.0,6.0,25.919,20.605,0.0,0.0,1.185,-52.024,18.212,12.055,0.0,0.0,8.338999999999999,8.479000000000001,1.7,8780990.0,50327.0,-1.2,14201
2020-10-15 04:40:00,0.0,0.0,6.0,25.732,20.457,0.0,0.0,1.188,-51.236,18.093000000000004,12.191000000000004,0.0,0.0,8.565000000000001,8.795000000000002,1.7,8780990.0,50327.0,-1.2,14201
2020-10-15 04:45:00,0.0,0.0,6.0,25.591,20.338000000000005,0.0,0.0,1.254,-50.986,17.994000000000003,12.071000000000002,0.0,0.0,8.604999999999999,8.800000000000002,1.707,8780990.0,50327.0,-1.2,14201
2020-10-15 04:50:00,0.0,0.0,6.0,25.44,20.222000000000005,0.0,0.0,1.222,-50.06,17.9,12.056999999999997,0.0,0.0,8.457,8.618,1.721,8780990.0,50327.0,-1.2,14201
2020-10-15 04:55:00,0.0,0.0,6.0,25.282,20.134,0.0,0.0,1.191,-50.2,17.833000000000002,12.152000000000005,0.0,0.0,8.301,8.447,1.7,8780990.0,50327.0,-1.2,14201
2020-10-15 05:00:00,0.0,0.0,6.0,25.182,19.99,0.0,0.0,1.182,-50.477,17.775,12.052,0.0,0.0,8.223,8.370000000000001,1.7,8780990.0,50327.0,-1.2,14201
2020-10-15 05:05:00,0.0,0.0,6.0,24.876,19.85100000000001,0.0,0.0,1.16,-50.111,17.684,12.068,0.0,0.0,8.186,8.3,1.75,8780990.0,50327.0,-1.2,14201
2020-10-15 05:10:00,0.0,0.0,6.0,24.646,19.761,0.0,0.0,1.243,-49.217,17.6,12.630999999999998,0.0,0.0,8.338000000000001,8.394,1.7,8780990.0,50327.0,-1.2,14201
2020-10-15 05:15:00,0.0,0.0,6.0,24.497,19.666,0.0,0.0,1.153,-48.993,17.554,13.211999999999998,0.0,0.0,8.579,8.597999999999999,1.7,8780990.0,50327.39,-1.2,14201
2020-10-15 05:20:00,0.0,0.0,6.0,24.326,19.591,0.0,0.0,1.124,-48.16,17.5,13.209,0.0,0.0,8.590999999999998,8.695000000000002,1.731,8780990.0,50328.0,-1.2,14201
2020-10-15 05:25:00,0.0,0.0,6.0,24.286,19.502,0.0,0.0,1.138,-47.812,17.405,13.248,0.0,0.0,8.705999999999998,8.902000000000001,1.7,8780990.0,50328.0,-1.2,14201
2020-10-15 05:30:00,0.0,0.0,6.0,24.172000000000004,19.376,0.0,0.0,1.281,-47.727,17.388,13.303,0.0,0.0,8.848,8.858,1.7,8780990.0,50328.0,-1.2,14201
2020-10-15 05:35:00,0.0,0.0,6.0,24.094000000000005,19.294,0.0,0.0,1.189,-48.42,17.299999999999997,13.613,0.0,0.0,8.939999999999998,8.905000000000001,1.722,8780990.0,50328.0,-1.2,14201
2020-10-15 05:40:00,0.0,0.0,6.0,24.088000000000005,19.200000000000003,0.0,0.0,1.116,-48.268,17.265,13.599999999999998,0.0,0.0,8.985000000000001,8.970999999999997,1.709,8780990.0,50328.0,-1.2,14201
2020-10-15 05:45:00,0.0,0.0,6.0,24.015,19.136,0.0,0.0,1.198,-48.925,17.200000000000003,13.52,0.0,0.0,9.1,9.106000000000002,1.7,8780990.0,50328.0,-1.2,14201
2020-10-15 05:50:00,0.0,0.0,6.0,23.875,19.092,0.0,0.0,1.203,-48.336,17.182,13.802,0.0,0.0,9.22,9.205999999999996,1.719,8780990.0,50328.0,-1.2,14201
2020-10-15 05:55:00,0.0,0.0,6.0,23.656,19.004,0.0,0.0,1.203,-47.867,17.104,13.900000000000002,0.0,0.0,9.328,9.351999999999997,1.743,8780990.0,50328.0,-1.2,14201
2020-10-15 06:00:00,0.0,0.0,6.0,23.617,18.983,0.0,0.0,1.085,-47.841,17.082,13.985,0.0,0.0,9.477,9.473,1.7,8780990.0,50328.0,-1.2,14201
2020-10-15 06:05:00,0.0,0.0,6.0,23.655,18.881,0.0,0.0,1.085,-48.205000000000005,17.011,13.768,0.0,0.0,9.595,9.625,1.7,8780990.0,50328.276,-1.2,14201
2020-10-15 06:10:00,0.0,0.0,6.0,23.69,18.8,0.0,0.0,1.192,-47.895,17.0,13.919999999999998,0.0,0.0,9.522,9.547000000000002,1.759,8780990.0,50329.0,-1.2,14201
2020-10-15 06:15:00,0.0,0.0,6.0,23.533,18.762000000000004,0.0,0.0,1.252,-48.579,16.939999999999998,13.931999999999997,0.0,0.0,9.422999999999998,9.455,1.7,8780990.0,50329.0,-1.2,14201
2020-10-15 06:20:00,0.0,0.0,6.0,23.609,18.7,0.0,0.0,1.22,-48.562,16.900000000000002,13.909,0.0,0.0,9.389,9.385,1.7,8780990.0,50329.0,-1.2,14201
2020-10-15 06:25:00,0.0,0.0,6.0,23.502,18.605000000000004,0.0,0.0,1.145,-48.78,16.880000000000003,13.928,0.0,0.0,9.424,9.39,1.709,8780990.0,50329.0,-1.2,14201
2020-10-15 06:30:00,0.0,0.0,6.0,23.547000000000004,18.600000000000005,0.0,0.0,1.362,-48.485,16.814,13.852,0.0,0.0,9.533,9.555,1.755,8780990.0,50329.0,-1.201,14201
2020-10-15 06:35:00,0.0,0.0,6.0,23.453,18.600000000000005,0.0,0.0,1.311,-48.921,16.8,14.008,0.0,0.0,9.878,9.88,1.701,8780990.0,50329.0,-1.2,14201
2020-10-15 06:40:00,0.0,0.0,6.0,23.48,18.521,0.0,0.0,1.301,-49.8,16.756,13.992,0.0,0.0,10.166,10.043,1.7,8780990.0,50329.0,-1.2,14201
2020-10-15 06:45:00,0.0,0.0,6.0,23.386000000000006,18.5,0.0,0.0,1.39,-49.62200000000001,16.701,13.951,0.0,0.0,10.125999999999998,10.079,1.761,8780990.0,50329.0,-1.2,14201
2020-10-15 06:50:00,0.0,0.0,6.0,23.354,18.451,0.0,0.0,1.487,-49.233,16.695,13.699999999999998,0.0,0.0,9.921,9.954999999999998,1.701,8780990.0,50329.0,-1.2,14201
2020-10-15 06:55:00,0.0,0.0,6.0,23.305,18.4,0.0,0.0,1.394,-50.22099999999999,16.643,13.82,0.0,0.0,9.815,9.761999999999995,1.701,8780990.0,50329.21,-1.2,14201
2020-10-15 07:00:00,0.0,0.0,6.0,23.303000000000004,18.375,0.0,0.0,1.374,-50.797,16.6,13.772,0.0,0.0,9.732999999999995,9.720000000000002,1.703,8780990.0,50330.0,-1.2,14201
2020-10-15 07:05:00,0.0,0.0,6.0,23.231,18.296,0.0,0.0,1.28,-50.841,16.519999999999996,13.779,0.0,0.0,9.777,9.779000000000003,1.76,8780990.0,50330.0,-1.201,14201
2020-10-15 07:10:00,0.0,0.0,6.0,23.189000000000004,18.200000000000003,0.0,0.0,1.256,-51.679,16.5,13.68,0.0,0.0,9.762999999999998,9.749000000000002,1.7,8780990.0,50330.0,-1.2,14201
2020-10-15 07:15:00,0.0,0.0,6.0,23.148,18.200000000000003,0.0,0.0,1.222,-51.223000000000006,16.486,13.828,0.0,0.0,10.074999999999998,9.99,1.7,8780990.0,50330.0,-1.2,14201
2020-10-15 07:20:00,0.0,0.0,6.0,23.105,18.172,0.0,0.0,1.311,-51.57,16.403,13.763000000000002,0.0,0.0,9.91,9.869,1.711,8780990.0,50330.0,-1.2,14201
2020-10-15 07:25:00,0.0,0.0,6.0,22.989,18.117000000000004,0.0,0.0,1.313,-51.314,16.400000000000002,13.668,0.0,0.0,9.635,9.605,1.751,8780990.0,50330.0,-1.201,14201
2020-10-15 07:30:00,0.0,0.0,6.0,22.969,18.095,0.0,0.0,1.422,-50.984,16.384,13.746999999999998,0.0,0.0,9.576999999999998,9.564,1.701,8780990.0,50330.0,-1.2,14201
2020-10-15 07:35:00,0.0,0.0,6.0,22.938,18.028,0.0,0.0,1.289,-50.232,16.301000000000002,13.743000000000002,0.0,0.0,9.419,9.429,1.703,8780990.0,50330.0,-1.2,14201
2020-10-15 07:40:00,0.0,0.0,6.0,22.869,18.000000000000004,0.0,0.0,1.242,-51.093,16.3,13.543,0.0,0.0,9.169,9.381999999999998,1.726,8780990.0,50330.0,-1.2,14201
2020-10-15 07:45:00,0.0,0.0,6.0,22.914,17.993000000000002,0.0,0.0,1.153,-50.92,16.232,13.468000000000002,0.0,0.0,9.29,9.478999999999996,1.74,8780990.0,50330.147,-1.202,14201
2020-10-15 07:50:00,0.0,0.0,6.0,22.768,17.904999999999998,0.0,0.0,1.237,-50.849,16.2,13.432,0.0,0.0,9.289,9.373,1.701,8780990.0,50331.0,-1.2,14201
2020-10-15 07:55:00,0.0,0.0,6.0,22.713,17.868999999999996,0.0,0.0,1.126,-51.158,16.198999999999998,13.244,0.0,0.0,9.002999999999998,9.089,1.701,8780990.0,50331.0,-1.2,14201
2020-10-15 08:00:00,0.0,0.0,6.0,22.678000000000004,17.798000000000002,0.0,0.0,1.203,-51.657,16.147,13.249,0.0,0.0,8.873000000000001,9.119999999999996,1.735,8780990.0,50331.0,-1.2,14201
2020-10-15 08:05:00,0.0,0.0,6.0,22.635,17.740000000000002,0.0,0.0,1.215,-51.882,16.099999999999998,13.28,0.0,0.0,8.983,9.165,1.725,8780990.0,50331.0,-1.201,14201
2020-10-15 08:10:00,0.0,0.0,6.0,22.608,17.646,0.0,0.0,1.26,-51.57,16.097,13.231000000000002,0.0,0.0,8.895000000000001,8.985000000000001,1.7,8780990.0,50331.0,-1.2,14201
2020-10-15 08:15:00,0.0,0.0,6.0,22.538,17.6,0.0,0.0,1.231,-51.79900000000001,16.045,13.14,0.0,0.0,8.717000000000002,8.872,1.7,8780990.0,50331.0,-1.2,14201
2020-10-15 08:20:00,0.0,0.0,6.0,22.498,17.557000000000002,0.0,0.0,1.345,-52.49699999999999,16.0,13.104,0.0,0.0,8.590000000000002,8.656000000000002,1.759,8780990.0,50331.0,-1.201,14201
2020-10-15 08:25:00,0.0,0.0,6.0,22.451,17.502,0.0,0.0,1.364,-52.378,15.928,12.892,0.0,0.0,8.336000000000002,8.448,1.7,8780990.0,50331.0,-1.2,14201
2020-10-15 08:30:00,0.0,0.0,6.0,22.326000000000004,17.488,0.0,0.0,1.364,-52.494,15.9,12.733,0.0,0.0,8.121999999999998,8.268999999999998,1.7,8780990.0,50331.0,-1.2,14201
2020-10-15 08:35:00,0.0,0.0,6.0,22.258000000000003,17.403000000000002,0.0,0.0,1.417,-52.074,15.867,12.569,0.0,0.0,7.9289999999999985,8.038000000000002,1.726,8780990.0,50331.087,-1.2,14201
2020-10-15 08:40:00,0.0,0.0,6.0,22.218000000000004,17.4,0.0,0.0,1.434,-52.022,15.801,12.6,0.0,0.0,7.904000000000002,7.947999999999997,1.736,8780990.0,50332.0,-1.2,14201
2020-10-15 08:45:00,0.0,0.0,6.0,22.164,17.349999999999998,0.0,0.0,1.518,-51.958,15.727,12.603999999999996,0.0,0.0,7.899999999999999,7.907999999999999,1.7,8780990.0,50332.0,-1.2,14201
2020-10-15 08:50:00,0.0,0.0,6.0,22.142,17.299999999999997,0.0,0.0,1.453,-52.147,15.699999999999998,12.44,0.0,0.0,7.769000000000001,7.8119999999999985,1.7,8780990.0,50332.0,-1.2,14201
2020-10-15 08:55:00,0.0,0.0,6.0,22.051,17.224,0.0,0.0,1.35,-52.93300000000001,15.689000000000002,12.404,0.0,0.0,7.699999999999998,7.732999999999999,1.754,8780990.0,50332.0,-1.2,14201
2020-10-15 09:00:00,0.0,0.0,6.0,21.974000000000004,17.113000000000003,0.0,0.0,1.24,-52.73,15.611000000000002,12.162,0.0,0.0,7.574999999999998,7.647000000000002,1.7,8780990.0,50332.0,-1.2,14201
2020-10-15 09:05:00,0.0,0.0,6.0,21.953,17.094,0.0,0.0,1.218,-52.616,15.506999999999998,11.982,0.0,0.0,7.455999999999999,7.545000000000002,1.7,8780990.0,50332.0,-1.2,14201
2020-10-15 09:10:00,0.0,0.0,6.0,21.928,17.005000000000003,0.0,0.0,1.399,-52.258,15.454,11.863,0.0,0.0,7.435999999999998,7.557,1.743,8780990.0,50332.0,-1.2,14201
2020-10-15 09:15:00,0.0,0.0,6.0,21.84,17.0,0.0,0.0,1.46,-52.535,15.376,11.74,0.0,0.0,7.433,7.768,1.706,8780990.0,50332.0,-1.2,14201
2020-10-15 09:20:00,0.0,0.0,6.0,21.730999999999995,16.925,0.0,0.0,1.423,-52.864,15.3,11.800000000000002,0.0,0.0,7.628000000000003,8.045,1.7,8780990.0,50332.0,-1.2,14201
2020-10-15 09:25:00,0.0,0.0,6.0,21.694,16.900000000000002,0.0,0.0,1.422,-53.143,15.242,12.257,0.0,0.0,7.922,8.382000000000001,1.723,8780990.0,50332.0,-1.2,14201
2020-10-15 09:30:00,0.0,0.0,6.0,21.621,16.872,0.0,0.0,1.437,-52.57599999999999,15.181999999999997,12.558,0.0,0.0,8.023000000000001,8.421000000000001,1.727,8780990.0,50332.98,-1.2,14201
2020-10-15 09:35:00,0.0,0.0,6.0,21.582,16.8,0.0,0.0,1.499,-52.458,15.102,12.451,0.0,0.0,8.238999999999997,8.428999999999998,1.7,8780990.0,50333.0,-1.2,14201
2020-10-15 09:40:00,0.0,0.0,6.0,21.526,16.748,0.0,0.0,1.536,-52.25,15.096,12.375,0.0,0.0,8.108,8.177000000000001,1.704,8780990.0,50333.0,-1.2,14201
2020-10-15 09:45:00,0.0,0.0,6.0,21.463,16.698999999999998,0.0,0.0,1.457,-51.848000000000006,15.015999999999998,12.188,0.0,0.0,7.809999999999999,7.886999999999999,1.745,8780990.0,50333.0,-1.2,14201
2020-10-15 09:50:00,0.0,0.0,6.0,21.428000000000004,16.621,0.0,0.0,1.507,-51.601,14.976999999999997,12.336,0.0,0.0,7.698999999999998,7.797,1.7,8780990.0,50333.0,-1.2,14201
2020-10-15 09:55:00,0.0,0.0,6.0,21.329,16.521,0.0,0.0,1.463,-51.992,14.9,12.54,0.0,0.0,8.011000000000003,8.103,1.7,8780990.0,50333.0,-1.2,14201
2020-10-15 10:00:00,0.0,0.0,6.0,21.379999999999995,16.5,0.0,0.0,1.385,-52.04400000000001,14.862000000000002,12.502,0.0,0.0,8.079999999999998,8.162999999999998,1.744,8780990.0,50333.0,-1.2,14201
2020-10-15 10:05:00,0.0,0.0,6.0,21.248,16.483999999999998,0.0,0.0,1.342,-52.17699999999999,14.8,12.340000000000002,0.0,0.0,8.043000000000001,8.020000000000001,1.7,8780990.0,50333.0,-1.2,14201
2020-10-15 10:10:00,0.0,0.0,6.0,21.236000000000004,16.422,0.0,0.0,1.37,-51.008,14.796,12.365,0.0,0.0,7.901999999999998,7.847999999999997,1.7,8780990.0,50333.0,-1.2,14201
2020-10-15 10:15:00,0.0,0.0,6.0,21.237000000000005,16.384,0.0,0.0,1.471,-50.45,14.7,12.665,0.0,0.0,8.133999999999999,8.216999999999999,1.734,8780990.0,50333.0,-1.2,14201
2020-10-15 10:20:00,0.0,0.0,6.0,21.143,16.329,0.0,0.0,1.623,-51.937000000000005,14.7,12.974999999999998,0.0,0.0,8.568999999999999,8.762,1.7,8780990.0,50333.853,-1.2,14201
2020-10-15 10:25:00,0.0,0.0,6.0,21.172,16.3,0.0,0.0,1.757,-51.765,14.697,12.983,0.0,0.0,8.575000000000001,8.590000000000002,1.7,8780990.0,50334.0,-1.2,14201
2020-10-15 10:30:00,0.0,0.0,6.0,21.136,16.3,0.0,0.0,2.388,-51.72,14.615000000000002,12.949,0.0,0.0,8.797,8.689,1.74,8780990.0,50334.0,-1.2,14201
2020-10-15 10:35:00,0.0,0.0,6.0,21.137,16.258,0.0,0.0,4.314,-51.793,14.6,13.097,0.0,0.0,8.878999999999998,8.753000000000004,1.7,8780990.0,50334.0,-1.2,14201
2020-10-15 10:40:00,0.0,0.0,7.747,21.102,16.2,0.0,0.0,9.687,-51.014,14.6,13.082999999999998,0.0,0.0,8.687999999999997,8.658000000000001,1.7,8780990.0,50334.0,-1.2,14201
2020-10-15 10:45:00,0.0,0.0,18.402,21.068,16.195000000000004,0.0,0.0,22.98,-50.87100000000001,14.598999999999998,12.96,0.0,0.0,8.621,8.577000000000002,1.728,8780990.0,50334.0,-1.2,14201
2020-10-15 10:50:00,0.0,0.0,45.352,21.01,16.123,0.0,0.0,54.054,-50.928,14.512,13.056,0.0,0.0,8.553,8.475999999999999,1.712,8780990.0,50334.0,-1.2,14201
2020-10-15 10:55:00,0.0,0.0,104.675,21.027,16.045,0.0,0.0,121.34,-50.906,14.5,13.249,0.0,0.0,8.689,8.507000000000001,1.7,8780990.0,50334.0,-1.2,14201
2020-10-15 11:00:00,0.0,0.0,193.983,20.986,16.004,0.0,0.0,217.165,-50.542,14.5,13.438,0.0,0.0,8.928,8.802999999999999,2.174,8780990.0,50334.0,-1.576,14201
2020-10-15 11:05:00,0.0,0.0,298.53,20.983000000000004,16.0,0.0,0.0,319.724,-50.389,14.5,13.499999999999998,0.0,0.0,9.155,9.173,2.082,8780990.0,50334.3,-1.506,14201
2020-10-15 11:10:00,0.0,0.0,351.41,21.02200000000001,15.987000000000002,0.0,0.0,368.402,-50.294,14.485,13.343000000000002,0.0,0.0,8.934000000000001,8.958999999999998,1.8,8780990.0,50335.0,-1.3,14201
2020-10-15 11:15:00,0.0,0.0,383.615,21.111,15.906999999999998,0.0,0.0,396.991,-50.668,14.451999999999998,13.348,0.0,0.0,8.621,8.629999999999999,1.8,8780990.0,50335.0,-1.3,14201
2020-10-15 11:20:00,0.0,0.0,405.369,21.061000000000003,15.915,0.0,0.0,417.303,-51.105,14.499,13.145,0.0,0.184,8.470999999999998,8.522999999999998,1.924,8780990.0,50335.0,-1.307,14201
2020-10-15 11:25:00,0.0,0.0,420.208,21.074,15.996,0.0,0.0,432.96,-50.884,14.5,13.131000000000002,0.7399999999999999,2.486,8.499999999999998,8.526000000000002,2.21,8780990.0,50335.0,-1.299,14201
2020-10-15 11:30:00,0.0,0.126,430.896,21.09,16.023,1.292,4.494,410.489,-50.28,14.672,13.157999999999998,3.526,6.123,8.448,8.433,5.099,8780990.0,50335.0,0.097,14201
2020-10-15 11:35:00,0.0869999999999999,0.2829999999999999,439.923,21.123,16.111,4.926,13.686,353.256,-50.186,16.141000000000002,13.191,11.266,10.155,8.615,8.587000000000002,11.039,8780990.0,50335.0,3.963,14201
2020-10-15 11:40:00,4.284,12.523,409.63,20.952,16.738,7.758,16.909,370.749,-50.798,17.932000000000002,13.558000000000002,28.561,13.455,9.057,9.114,19.323,8780990.429999998,50335.0,11.501,14201
2020-10-15 11:45:00,8.067,20.496,405.272,21.068,19.011000000000006,15.533,26.182,426.218,-50.364,20.084000000000003,13.968000000000002,40.164,62.427,9.419,9.54,31.315,8780991.92,50335.0,23.206,14201
2020-10-15 11:50:00,10.824,23.583,412.665,21.239,21.362,24.164,35.234,436.747,-50.00300000000001,22.556,14.107999999999995,53.077,147.959,9.461,9.653,43.817,8780994.317,50335.0,34.851,14201
2020-10-15 11:55:00,13.918,27.101,430.466,21.465,23.576000000000004,34.882,46.158,438.871,-49.695,25.545,14.307,66.702,187.348,9.659,9.836,59.33,8780997.797,50335.0,48.828,14201
2020-10-15 12:00:00,17.7,31.013,435.379,21.905,25.905999999999995,46.794,58.162,439.412,-49.565,29.227,14.428999999999998,81.414,233.1,10.123,10.355000000000002,77.22,8781002.507,50335.0,64.801,14201
2020-10-15 12:05:00,30.668,44.072,431.315,22.345,28.257,67.162,78.694,422.912,-48.70099999999999,33.754,14.625999999999998,96.011,281.338,10.708,11.034,118.146,8781008.844,50335.0,100.26,14201
2020-10-15 12:10:00,108.673,121.83,347.332,22.832,34.534,123.102,134.844,372.961,-48.22999999999999,41.614,14.945000000000002,110.633,329.216,11.275999999999998,11.595000000000002,276.548,8781023.103,50335.0,235.654,14201
2020-10-15 12:15:00,144.718,159.173,348.136,23.608,45.055,158.43,170.99,367.176,-48.254000000000005,52.931,15.284,127.448,380.031,12.492,12.44,361.046,8781045.76,50335.0,307.925,14201
2020-10-15 12:20:00,175.25,190.772,347.879,25.0,57.75800000000001,188.983,202.551,363.893,-48.75300000000001,61.357,15.478,144.186,425.182,14.412999999999998,14.021,433.198,8781073.97,50335.0,369.817,14201
2020-10-15 12:25:00,204.276,220.81,347.127,26.004,60.45599999999999,218.163,232.643,361.93,-48.88000000000001,60.652,15.796,158.808,438.308,16.781000000000002,15.924000000000005,502.154,8781107.266,50335.0,428.643,14201
2020-10-15 12:30:00,231.517,248.923,344.519,26.897,60.744,248.352,263.909,360.0,-48.409000000000006,60.29299999999999,16.118000000000002,175.1,479.482,19.116,17.596999999999998,569.64,8781145.486999998,50335.0,486.684,14201
2020-10-15 12:35:00,253.496,271.717,340.942,27.182,60.141,278.082,294.749,359.667,-48.90299999999999,60.287000000000006,16.248,193.902,579.778,22.061,19.945,630.298,8781188.217,50335.0,538.735,14201
2020-10-15 12:40:00,273.208,292.199,338.057,27.34,60.164,306.046,323.877,358.629,-48.847,60.321,16.377,209.882,609.791,24.957,23.124,686.912,8781235.132999998,50335.0,586.933,14201
2020-10-15 12:45:00,289.258,308.801,334.963,27.769,60.158,329.851,348.658,356.135,-48.25300000000001,60.33500000000001,16.694,226.72,650.205,27.877,26.739,733.0349999999999,8781285.962999998,50335.0,626.414,14201
2020-10-15 12:50:00,322.301,344.655,374.06,28.077,60.75999999999999,356.241,376.845,377.735,-47.615,60.514,17.047,243.78,664.49,29.658,29.514000000000003,804.561,8781339.887,50335.0,688.374,14201
2020-10-15 12:55:00,357.993,382.6,395.034,28.022,60.59700000000001,402.974,426.672,411.541,-47.82500000000001,61.125,17.298000000000002,262.052,680.347,30.092,30.751,898.919,8781401.447,50335.0,770.077,14201
2020-10-15 13:00:00,364.501,389.384,394.042,28.189000000000004,60.346,412.695,436.808,409.133,-49.204,60.45099999999999,17.625999999999998,278.552,695.885,31.126,32.233000000000004,917.196,8781466.449,50335.0,785.837,14201
2020-10-15 13:05:00,370.04,395.183,394.532,28.429,60.315000000000005,419.7,444.133,407.747,-47.943000000000005,60.33200000000001,18.023,294.312,710.711,32.265,33.645999999999994,930.9140000000002,8781532.46,50335.0,797.84,14201
2020-10-15 13:10:00,374.978,400.07,389.031,28.655,60.234,425.428,450.104,406.302,-48.77,60.237,18.297,311.275,722.788,32.852000000000004,34.59,943.018,8781599.357,50335.0,808.447,14201
2020-10-15 13:15:00,381.041,406.321,388.142,28.736000000000004,60.224,431.542,456.546,403.64,-45.331,60.17900000000001,18.253,332.398,737.188,33.117999999999995,34.681999999999995,957.467,8781667.276,50335.0,820.479,14201
2020-10-15 13:20:00,384.869,410.228,387.759,28.948,60.218,435.07,460.194,402.056,-45.114,60.225,18.497,345.758,746.7799999999999,34.287,35.854,965.768,8781736.109999998,50335.0,827.298,14201
2020-10-15 13:25:00,387.937,413.284,384.187,29.212,60.154,437.231,462.358,399.17,-50.064,60.077,18.7,348.388,760.0539999999999,35.184999999999995,36.582,972.093,8781805.166999998,50335.0,832.51,14201
2020-10-15 13:30:00,391.586,416.965,382.832,29.39,60.123,439.363,464.422,395.33,-50.078,60.034000000000006,18.68,376.866,769.722,36.448,37.109,979.224,8781874.647,50335.0,837.898,14201
2020-10-15 13:35:00,393.899,419.214,381.996,29.696,60.10000000000001,442.562,467.671,393.66,-50.737,60.035,18.671,390.849,781.2809999999998,36.912,37.467000000000006,985.917,8781944.780999998,50335.0,843.046,14201
2020-10-15 13:40:00,396.421,421.775,381.522,30.027,60.141,445.494,470.543,391.506,-51.118,60.120000000000005,18.773,402.427,785.1799999999998,37.838,38.542,992.548,8782015.33,50335.0,848.259,14201
2020-10-15 13:45:00,397.733,422.922,377.821,30.386,60.054,447.094,472.181,392.241,-51.688,60.059,19.048,414.836,789.259,38.851,39.875,993.381,8782086.132999998,50335.0,850.9869999999999,14201
2020-10-15 13:50:00,400.776,425.933,377.104,30.617,60.077,449.466,474.414,389.861,-52.46,60.033,19.159,432.587,798.5349999999999,39.574,40.668,996.24,8782157.246999998,50335.0,855.913,14201
2020-10-15 13:55:00,401.862,426.925,375.756,30.895,60.089000000000006,450.547,475.457,387.872,-53.083,60.0,19.251,445.866,802.893,40.019,41.247,998.92,8782228.59,50335.0,857.841,14201
2020-10-15 14:00:00,402.233,427.209,375.727,31.153,60.036,451.36,476.223,388.046,-52.709,60.057,19.406,460.43,807.466,40.769000000000005,41.753,1000.316,8782300.042999998,50335.0,858.711,14201
2020-10-15 14:05:00,401.325,426.149,374.773,31.406,60.032,451.215,476.009,387.051,-52.083000000000006,60.042,19.625,476.103,808.677,41.47200000000001,42.371,998.971,8782371.586999997,50335.0,857.2419999999998,14201
2020-10-15 14:10:00,399.487,423.945,370.426,31.764000000000003,60.09,450.474,475.119,383.645,-51.085,60.09100000000001,20.059,489.253,809.143,43.206,43.487,996.848,8782442.937,50335.0,854.3099999999998,14201
2020-10-15 14:15:00,398.832,423.146,370.062,32.075,59.962,450.189,474.704,383.518,-49.89,59.991,20.54,505.084,811.6309999999999,43.398,43.986,995.051,8782514.084,50335.0,853.246,14201
2020-10-15 14:20:00,399.695,423.911,370.505,32.292,60.001000000000005,449.578,474.04,383.981,-51.533,59.89500000000001,20.549000000000003,519.828,811.643,43.187,44.273,994.583,8782585.143,50335.0,853.25,14201
2020-10-15 14:25:00,399.176,423.29,370.551,32.611,60.06,449.112,473.475,383.316,-54.262,60.165,21.005,529.198,811.653,43.777,44.828,991.544,8782656.267,50335.0,851.711,14201
2020-10-15 14:30:00,397.862,421.76,370.693,32.815,59.97899999999999,448.836,473.138,383.69,-52.01,59.93600000000001,21.071,540.733,812.931,44.079,45.027,989.927,8782727.166999998,50335.0,849.898,14201
2020-10-15 14:35:00,398.026,421.864,371.618,32.989000000000004,59.90299999999999,449.029,473.32,383.598,-51.484,60.031,20.997,534.425,811.128,44.034000000000006,44.816,990.841,8782797.996999998,50335.0,850.4099999999999,14201
2020-10-15 14:40:00,398.382,422.099,371.225,33.088,59.995000000000005,448.061,472.319,383.935,-53.866,60.031,21.378,563.868,809.97,44.118,45.086,989.639,8782868.826999998,50335.0,849.4289999999999,14201
2020-10-15 14:45:00,396.315,419.867,370.655,33.306000000000004,59.913,446.103,470.149,384.196,-52.953,59.868000000000016,21.308,570.784,806.496,44.088,45.003,984.763,8782939.41,50335.0,845.346,14201
2020-10-15 14:50:00,396.872,420.283,370.027,33.433,59.98799999999999,445.718,469.8,383.5,-51.994,59.90299999999999,21.56,585.274,808.235,43.609,44.215,985.032,8783009.847,50335.0,845.315,14201
2020-10-15 14:55:00,395.353,418.687,369.487,33.56100000000001,59.899,447.325,471.535,386.938,-52.854000000000006,59.969,21.501999999999995,600.337,807.3769999999998,41.623000000000005,42.272000000000006,985.818,8783080.352,50335.0,845.696,14201
2020-10-15 15:00:00,394.938,418.272,373.533,33.529,59.914,446.518,470.618,387.879,-50.905,59.897000000000006,21.457000000000004,610.269,805.928,41.568000000000005,42.555,983.949,8783150.72,50335.0,844.182,14201
2020-10-15 15:05:00,394.98,418.238,376.713,33.56699999999999,59.915,445.304,469.325,387.905,-49.84700000000001,59.959,21.5,620.901,807.2469999999998,40.822,41.854,982.355,8783221.06,50335.0,842.299,14201
2020-10-15 15:10:00,393.91,417.158,376.83,33.62199999999999,59.905,443.859,467.836,387.732,-51.819,59.992,21.596,630.973,802.067,41.43300000000001,42.245,979.709,8783291.06,50335.0,839.8579999999998,14201
2020-10-15 15:15:00,393.944,417.198,375.803,33.671,60.081,444.406,468.441,390.601,-52.086,59.941,21.809000000000005,640.743,796.421,40.382,41.356,980.67,8783360.986999998,50335.0,840.69,14201
2020-10-15 15:20:00,392.264,415.201,375.578,33.806999999999995,59.93300000000001,442.008,465.994,391.818,-51.881,59.818000000000005,21.651,650.323,791.86,39.692,40.37899999999999,975.832,8783431.007,50335.0,836.2079999999999,14201
2020-10-15 15:25:00,390.162,412.993,376.556,33.892,59.938,438.868,462.589,389.445,-52.44,59.86700000000001,22.044,654.816,787.063,40.54900000000001,40.946,970.047,8783500.48,50335.0,830.8619999999999,14201
2020-10-15 15:30:00,388.995,411.729,376.236,33.932,59.902,439.406,463.174,391.62,-52.406000000000006,59.894000000000005,21.914,662.719,785.8479999999998,39.641,40.271,969.352,8783569.622999998,50335.0,830.34,14201
2020-10-15 15:35:00,387.269,409.822,377.4,34.039,59.941,437.067,460.664,391.703,-52.514,59.97899999999999,22.094,664.709,779.0259999999998,40.698,41.194,964.394,8783638.751,50335.0,826.3329999999999,14201
2020-10-15 15:40:00,385.915,408.46,377.303,34.099000000000004,59.89600000000001,436.498,460.128,391.944,-52.83,60.0,22.297999999999995,671.275,778.586,40.427,40.635000000000005,962.677,8783707.593,50335.0,824.441,14201
2020-10-15 15:45:00,383.941,406.259,376.635,34.293,59.93300000000001,434.164,457.586,391.662,-52.212,59.85600000000001,22.361,675.64,775.3329999999999,39.94899999999999,40.274,958.145,8783776.07,50335.0,819.932,14201
2020-10-15 15:50:00,382.367,404.642,376.822,34.277,59.906,432.475,455.73,391.79,-52.68,59.89999999999999,22.367,679.407,770.784,40.253,40.351,954.282,8783844.122999998,50335.0,816.575,14201
2020-10-15 15:55:00,380.505,402.464,375.963,34.574,59.97200000000001,429.434,452.63,391.589,-52.524,59.89999999999999,22.547,682.465,766.191,41.291,41.831,948.166,8783912.126,50335.0,811.4779999999998,14201
2020-10-15 16:00:00,377.732,399.644,376.365,34.81100000000001,59.92699999999999,426.661,449.606,389.227,-52.944,59.795,22.588,684.448,764.748,41.771,42.812,942.094,8783979.552999998,50335.0,805.993,14201
2020-10-15 16:05:00,376.361,398.101,376.325,35.164,59.929,424.405,447.182,387.555,-52.29299999999999,59.804,22.663000000000004,687.493,762.5159999999998,41.147,42.385000000000005,938.646,8784046.427,50335.0,802.311,14201
2020-10-15 16:10:00,376.225,397.952,376.43,35.154,59.89600000000001,424.292,447.1,391.92,-51.627,59.957,22.717,691.649,759.0689999999998,40.61299999999999,41.511,938.707,8784113.336999997,50335.0,802.22,14201
2020-10-15 16:15:00,374.913,396.479,377.007,35.101,59.81999999999999,423.225,445.983,391.868,-51.035,60.01200000000001,22.604000000000003,694.716,757.96,41.051,41.713,935.899,8784179.91,50335.0,799.769,14201
2020-10-15 16:20:00,373.808,395.278,377.018,35.191,59.957,422.163,444.936,391.678,-51.633,59.932,22.808,695.003,751.842,40.828,41.671,933.128,8784246.53,50335.0,797.3619999999999,14201
2020-10-15 16:25:00,369.048,390.377,377.385,35.405,59.919,417.122,439.48,388.243,-51.463,59.88700000000001,23.153,694.243,745.0359999999998,42.697,43.333,918.165,8784312.601,50335.0,787.798,14201
2020-10-15 16:30:00,368.973,390.1,376.063,35.543,59.938,415.752,437.825,387.72,-51.793,59.657,23.391000000000005,702.24,746.596,42.672,42.93600000000001,911.852,8784378.253,50335.0,786.0689999999998,14201
2020-10-15 16:35:00,366.919,387.836,373.251,35.645,59.93500000000001,413.516,435.449,387.346,-51.15,59.843,23.439000000000004,700.974,743.308,43.088,43.388,904.826,8784443.513,50335.0,781.687,14201
2020-10-15 16:40:00,365.625,386.534,374.724,35.910000000000004,60.027,411.37,433.125,386.411,-50.801,59.86899999999999,23.851,702.38,740.052,43.91,44.37,900.921,8784508.474999998,50335.0,777.815,14201
2020-10-15 16:45:00,364.951,385.732,375.39,36.006,59.88,410.401,432.033,384.437,-50.916,59.86,23.633,703.927,738.754,44.182,44.534,896.038,8784573.423,50335.0,776.292,14201
2020-10-15 16:50:00,363.59,384.256,372.754,36.192,59.89500000000001,409.466,431.041,385.796,-51.00399999999999,59.97,24.255000000000003,704.906,738.918,43.87800000000001,44.183,891.244,8784637.882999998,50335.0,774.443,14201
2020-10-15 16:55:00,363.129,383.683,370.242,36.259,59.967,409.464,431.094,387.925,-49.76199999999999,60.011,24.077,701.702,735.201,43.731,43.821,891.097,8784702.435,50335.0,774.025,14201
2020-10-15 17:00:00,364.563,385.365,376.733,36.305,60.039,409.207,430.846,387.52,-49.357,59.95,23.888,706.394,739.9819999999999,43.119,43.677,894.678,8784766.98,50335.0,775.23,14201
2020-10-15 17:05:00,365.635,386.428,376.715,36.306,60.034000000000006,409.603,431.255,387.342,-49.373,59.987,23.709,703.642,739.668,42.74600000000001,43.695,898.947,8784831.542999998,50335.0,776.19,14201
2020-10-15 17:10:00,365.448,386.179,376.712,36.49,60.05499999999999,408.619,430.236,387.059,-48.196,60.002,24.154,697.468,732.456,43.725,44.495,897.822,8784896.272,50335.0,774.851,14201
2020-10-15 17:15:00,364.19,384.933,376.304,36.594,60.048,408.222,429.732,384.14,-46.411,60.02499999999999,24.6,695.189,734.427,43.887,44.55,895.9,8784960.783,50335.0,773.1749999999998,14201
2020-10-15 17:20:00,363.542,384.019,372.343,36.672,59.941,408.772,430.268,383.611,-48.444,60.024000000000015,24.914,690.964,734.595,43.892,43.977,895.759,8785025.109999998,50335.0,773.33,14201
2020-10-15 17:25:00,363.052,383.391,370.85,36.79900000000001,59.97599999999999,407.694,429.136,383.556,-48.952,60.036,25.085000000000004,690.534,736.288,44.408,44.689,893.6789999999999,8785089.538,50335.0,771.523,14201
2020-10-15 17:30:00,363.294,383.69,370.648,36.846,59.90099999999999,407.762,429.194,383.785,-50.478,59.83099999999999,24.850000000000005,687.696,736.177,44.23,44.629,893.7279999999998,8785153.87,50335.0,771.868,14201
2020-10-15 17:35:00,363.772,384.134,370.652,36.948,60.0,409.075,430.522,384.164,-50.251,60.007,24.881,686.485,738.8089999999999,44.254,44.885000000000005,894.835,8785218.22,50335.0,773.589,14201
2020-10-15 17:40:00,364.084,384.404,369.967,36.994,59.992,409.91,431.421,383.823,-51.008,60.022000000000006,25.048,684.353,740.273,44.319,45.029,894.0689999999998,8785282.73,50335.0,774.712,14201
2020-10-15 17:45:00,364.162,384.423,369.72,37.071,59.92600000000001,410.437,431.845,383.8,-51.432,59.915,24.978,675.829,739.3139999999999,43.681,44.381,895.048,8785347.29,50335.0,775.1559999999998,14201
2020-10-15 17:50:00,365.621,386.168,373.782,37.138,60.09,410.301,431.699,383.563,-51.619,60.006,25.136,675.419,741.048,43.941,43.877,896.8909999999998,8785411.947,50335.0,776.5539999999999,14201
2020-10-15 17:55:00,366.658,387.236,374.74,37.157,59.94699999999999,410.724,432.205,383.766,-51.961,59.91,25.043,665.335,740.494,44.382000000000005,44.519000000000005,898.423,8785476.761,50335.0,777.9589999999998,14201
2020-10-15 18:00:00,366.302,386.776,371.57,37.129,59.89999999999999,411.085,432.575,383.848,-51.39399999999999,59.908,25.073,661.258,743.72,44.578,44.865,898.7129999999999,8785541.55,50335.0,778.0449999999998,14201
2020-10-15 18:05:00,367.093,387.447,370.422,37.223,60.02599999999999,412.891,434.465,383.752,-51.348,60.03,25.028,653.952,745.544,44.452,44.98799999999999,901.977,8785606.48,50335.0,780.466,14201
2020-10-15 18:10:00,367.427,387.842,370.171,37.222,59.952,412.888,434.459,383.994,-50.77,60.019000000000005,25.001,647.446,746.3329999999999,44.38700000000001,44.814,902.112,8785671.591,50335.0,780.744,14201
2020-10-15 18:15:00,366.23,386.611,370.615,37.264,59.93600000000001,411.404,432.792,382.337,-50.475,59.93500000000001,25.079,637.48,744.7809999999998,44.93,44.53,899.123,8785736.58,50335.0,777.8619999999999,14201
2020-10-15 18:20:00,370.681,391.126,369.583,37.331,60.098000000000006,416.777,438.458,383.576,-50.526,60.150000000000006,25.149,634.905,755.046,44.918,44.115,911.046,8785801.757,50335.0,787.647,14201
2020-10-15 18:25:00,369.873,390.348,370.646,37.25399999999999,59.929,417.965,439.669,383.663,-50.679,59.97599999999999,25.051,624.955,757.269,44.629,44.511,910.867,8785867.382999998,50335.0,787.734,14201
2020-10-15 18:30:00,369.329,389.704,370.562,37.272000000000006,60.088,418.647,440.391,383.423,-50.627,60.04900000000001,25.567,613.43,756.1309999999999,45.117,45.431,911.889,8785933.065999998,50335.0,788.0209999999998,14201
2020-10-15 18:35:00,371.828,392.226,370.354,37.288,60.034000000000006,420.661,442.56,383.875,-50.940000000000005,60.024000000000015,25.33,608.572,759.0979999999998,44.519000000000005,44.961,916.943,8785999.109999998,50335.0,792.6459999999998,14201
2020-10-15 18:40:00,373.049,393.601,371.353,37.495,60.165,420.897,442.76,381.972,-50.194,60.126000000000005,25.606,599.291,759.8869999999998,45.424,46.112,918.954,8786065.086999997,50335.0,794.263,14201
2020-10-15 18:45:00,374.122,394.599,371.808,37.686,60.233,421.35,443.193,381.057,-50.575,60.148,26.118,592.917,763.327,45.979000000000006,46.484,920.127,8786131.163,50335.0,795.4389999999999,14201
2020-10-15 18:50:00,378.178,398.896,370.778,37.813,60.05100000000001,424.523,446.457,381.164,-50.204,60.0,25.839,592.389,770.145,45.823,46.432,928.086,8786197.784,50335.0,802.24,14201
2020-10-15 18:55:00,381.592,402.488,371.496,37.651,59.931,429.053,451.178,379.521,-50.26199999999999,59.97200000000001,25.393000000000004,592.137,782.269,44.366,45.063,938.736,8786264.95,50335.0,810.849,14201
2020-10-15 19:00:00,374.621,395.142,366.945,37.638000000000005,59.893,412.895,434.514,378.661,-49.50300000000001,59.609,25.708,563.675,754.119,45.208,45.987,915.821,8786332.236999998,50335.0,791.25,14201
2020-10-15 19:05:00,345.93,365.513,369.88,37.765,59.274,374.962,395.211,385.43,-50.231,59.112,25.861000000000004,518.72,672.216,45.68600000000001,46.235,833.532,8786395.169,50335.0,719.733,14201
2020-10-15 19:10:00,278.82,295.655,370.656,38.346,57.588,301.636,318.635,384.734,-50.667,57.44899999999999,25.772,427.613,562.224,43.69899999999999,44.025000000000006,675.62,8786449.283,50335.0,584.084,14201
2020-10-15 19:15:00,381.59,402.953,367.805,38.17400000000001,63.496,423.853,446.841,396.871,-50.13000000000001,64.48700000000001,25.996,599.419,792.4579999999999,44.651,44.935,932.071,8786510.887,50335.0,803.496,14201
2020-10-15 19:20:00,372.848,393.616,371.837,38.248000000000005,59.632000000000005,388.21,409.269,383.946,-50.196,58.719,25.989,549.614,735.462,45.49699999999999,45.658,882.591,8786568.226,50335.0,762.048,14201
2020-10-15 19:25:00,379.998,400.789,364.743,38.418,61.478,411.731,433.403,377.371,-51.23,62.09499999999999,26.149999999999995,570.008,800.8329999999999,47.887,48.25,912.804,8786638.462999998,50335.0,788.061,14201
2020-10-15 19:30:00,402.217,423.76,365.568,38.446,60.013000000000005,427.311,449.396,378.831,-51.493,58.72200000000001,25.92,570.975,831.45,48.231,48.125,964.993,8786703.23,50335.0,833.1269999999998,14201
2020-10-15 19:35:00,412.024,433.991,359.793,38.70099999999999,62.285,475.937,500.583,375.306,-50.482000000000006,62.643,26.338,609.44,862.514,48.993,49.306,1016.866,8786776.874,50335.0,879.519,14201
2020-10-15 19:40:00,104.156,115.457,365.609,40.329,52.34,119.992,130.795,379.35,-51.689,52.60499999999999,26.194,206.063,218.609,46.778,47.023,256.822,8786821.757,50335.0,220.702,14201
2020-10-15 19:45:00,104.689,116.262,380.624,41.481,56.27400000000001,114.144,124.981,389.538,-52.603,57.189,25.776,170.995,203.652,40.283,40.374,256.994,8786839.357,50335.0,220.427,14201
2020-10-15 19:50:00,290.89,308.351,382.894,40.167,64.422,272.646,288.928,399.155,-57.396,63.09700000000001,25.447,391.875,523.836,37.758,37.739,665.532,8786869.794,50335.0,573.738,14201
2020-10-15 19:55:00,297.638,315.607,373.846,39.08,61.54299999999999,328.117,346.793,391.694,-55.161,62.345,25.66,438.401,615.44,40.843,41.143,716.088,8786928.333,50335.0,617.494,14201
2020-10-15 20:00:00,143.62,156.146,375.732,40.991,56.182,164.772,177.031,389.602,-52.05799999999999,56.74300000000001,25.67,270.863,306.995,39.519000000000005,40.104000000000006,363.608,8786963.427,50335.0,313.069,14201
2020-10-15 20:05:00,140.847,153.161,384.403,40.37899999999999,59.923,177.01,189.658,400.312,-52.209,59.94699999999999,25.395,264.635,288.611,36.523,36.453,366.712,8786987.83,50335.0,315.46,14201
2020-10-15 20:10:00,111.022,122.809,387.853,40.089000000000006,59.529,139.608,151.305,397.589,-51.388000000000005,59.485,25.219,217.724,227.438,34.648,34.683,289.164,8787011.927,50335.0,248.482,14201
2020-10-15 20:15:00,119.215,131.155,389.768,40.097,60.13000000000001,130.118,141.676,402.159,-51.28,59.922,25.24,196.566,234.084,33.236999999999995,33.445,292.061,8787031.003,50335.0,251.055,14201
2020-10-15 20:20:00,267.319,283.939,390.055,39.366,62.081,310.378,328.091,405.38,-51.596,62.425,25.357000000000003,350.11,532.6,34.209,34.617,675.795,8787066.07,50335.0,582.846,14201
2020-10-15 20:25:00,206.937,221.383,385.055,39.57,59.216,223.077,237.325,397.262,-51.08099999999999,58.838,25.64,245.229,362.12,36.745000000000005,37.284,501.939,8787107.545,50335.0,431.68,14201
2020-10-15 20:30:00,263.911,280.076,385.463,38.943,60.431,238.495,253.154,397.396,-50.603,59.705000000000005,25.401,285.001,479.274,37.093,37.52,581.877,8787148.599999998,50335.0,501.809,14201
2020-10-15 20:35:00,383.408,404.284,377.898,38.222,62.95499999999999,427.073,449.284,394.153,-50.24600000000001,63.502,25.408,393.331,742.738,39.349,39.437,940.262,8787202.027,50335.0,812.7,14201
2020-10-15 20:40:00,372.477,392.81,371.198,38.249,60.947,427.119,449.391,385.684,-49.884,61.267,25.758,395.231,740.4,42.892,43.456,922.704,8787270.576999998,50335.0,797.94,14201
2020-10-15 20:45:00,331.733,350.345,371.498,38.249,59.171,386.138,406.425,384.943,-49.585,59.151,25.84,339.704,668.355,44.257,44.649,828.956,8787333.496999998,50335.0,716.329,14201
2020-10-15 20:50:00,229.88,245.002,375.121,39.384,56.873,258.501,274.053,390.093,-49.798,56.94199999999999,25.652,254.164,468.585,42.748,43.30800000000001,562.391,8787382.235999998,50335.0,483.367,14201
2020-10-15 20:55:00,307.68,325.326,377.742,38.359,61.189,360.562,379.777,392.405,-49.095,61.24,25.43,289.271,620.579,41.324,41.771,774.0019999999998,8787431.223,50335.0,668.98,14201
2020-10-15 21:00:00,302.754,320.174,376.888,38.20099999999999,60.19800000000001,357.147,376.255,391.385,-48.322,60.162,25.49,282.306,615.619,42.276,42.742,763.1409999999998,8787486.97,50335.0,659.601,14201
2020-10-15 21:05:00,272.126,288.47,379.29,38.234,59.203,323.969,341.657,391.682,-48.28,59.274,25.47,239.939,561.656,41.981,42.666,689.468,8787538.99,50335.0,596.112,14201
2020-10-15 21:10:00,256.613,272.545,382.425,38.400000000000006,59.45700000000001,303.37,320.391,395.147,-49.057,59.454,25.53,204.322,529.095,41.474,42.112,648.175,8787587.12,50335.0,560.057,14201
2020-10-15 21:15:00,213.171,227.775,384.51,39.747,59.112,237.97,252.345,380.859,-49.319,58.857,25.342,170.002,445.009,40.782,41.656,523.319,8787628.65,50335.0,451.076,14201
2020-10-15 21:20:00,223.345,238.27,385.466,38.992,60.019000000000005,242.434,256.217,351.986,-48.173,59.781,25.24,171.052,459.779,40.06100000000001,40.846,539.991,8787667.573,50335.0,465.475,14201
2020-10-15 21:25:00,192.269,206.279,386.553,40.533,59.409000000000006,213.353,226.198,352.155,-47.504,59.55,25.221000000000004,153.923,403.903,39.04900000000001,39.739,471.093,8787704.093,50335.0,405.916,14201
2020-10-15 21:30:00,170.853,184.348,387.981,40.88699999999999,59.639,197.72,210.084,355.634,-48.095,59.787000000000006,24.931,143.286,364.385,37.171,37.882,427.202,8787736.156999998,50335.0,367.781,14201
2020-10-15 21:35:00,148.277,161.08,388.255,40.84,59.669,178.111,190.008,355.679,-47.87899999999999,59.759,24.641000000000005,126.956,324.766,35.478,36.268,378.431,8787765.052999998,50335.0,325.446,14201
2020-10-15 21:40:00,122.894,135.053,389.025,40.438,59.691,154.749,166.036,355.748,-47.74600000000001,59.694,24.62,111.406,280.966,33.969,34.61600000000001,321.751,8787790.156999998,50335.0,276.621,14201
2020-10-15 21:45:00,96.96,108.59,388.582,40.111,59.70000000000001,128.425,139.139,356.464,-47.242,59.676,24.473,96.367,232.511,32.417,33.006,261.062,8787811.033,50335.0,224.153,14201
2020-10-15 21:50:00,73.055,84.277,387.91,40.039,59.67699999999999,103.342,113.395,356.163,-47.127,59.71199999999999,24.17,82.75799999999998,189.758,30.55400000000001,31.136,203.93,8787827.615,50335.0,175.064,14201
2020-10-15 21:55:00,51.575,62.451,387.631,39.979,59.67399999999999,79.935,89.53,354.894,-47.138,59.68,23.97,68.274,149.708,28.823,29.383,151.378,8787840.267,50335.0,130.071,14201
2020-10-15 22:00:00,35.9,46.369,383.123,40.14,59.832,61.516,70.778,353.232,-46.998000000000005,59.741000000000014,23.850000000000005,56.391,117.592,27.21400000000001,27.758,112.367,8787849.593,50335.0,95.97,14201
2020-10-15 22:05:00,23.133,33.373,379.504,40.211,59.758,41.911,50.769,351.398,-46.825,59.74000000000001,23.673,43.893,86.63299999999998,25.998000000000005,26.417,75.646,8787856.24,50335.0,63.493,14201
2020-10-15 22:10:00,13.893,23.757,372.903,40.43600000000001,59.190000000000005,25.13,33.774,348.121,-47.572,59.367,23.284,32.762,56.69,24.699,25.038,46.979,8787860.359,50335.0,37.564,14201
2020-10-15 22:15:00,9.051,18.773,369.633,40.666,59.097,13.595,22.555,363.894,-47.332,58.92800000000001,23.021,24.097,31.459,23.321,23.564,30.454,8787862.679999998,50335.0,21.325,14201
2020-10-15 22:20:00,5.972,15.158,355.972,40.868,58.78,7.676,16.729,375.541,-48.809,58.714000000000006,22.55,12.403,14.415,21.92,22.152,22.632,8787864.083,50335.0,12.238,14201
2020-10-15 22:25:00,2.069,5.753,357.647,41.07,57.699000000000005,4.742,13.751,373.295,-50.423,58.42699999999999,21.871,7.901,9.679,20.637999999999995,20.808000000000007,14.729,8787865.0,50335.0,5.109,14201
2020-10-15 22:30:00,0.058,0.522,406.761,41.264,55.11299999999999,2.354,8.714,337.4,-50.619,57.85600000000001,21.432,4.015,5.387,19.630000000000003,19.757,9.38,8787865.0,50335.0,0.6029999999999999,14201
2020-10-15 22:35:00,0.0,0.0,397.018,41.49699999999999,52.812,0.2369999999999999,2.897,363.128,-51.624,56.228,21.152,0.7049999999999998,1.853,18.851,18.953,6.14,8787865.0,50335.0,-1.624,14201
2020-10-15 22:40:00,0.0,0.0,377.863,41.655,50.787000000000006,0.0,0.2349999999999999,386.814,-51.41900000000001,54.258,20.761,0.0,0.031,18.283,18.383,2.9,8787865.0,50335.0,-1.905,14201
2020-10-15 22:45:00,0.0,0.0,355.01,41.711,48.988,0.0,0.0,369.264,-50.908,52.149,20.571,0.0,0.0,17.774,17.864999999999995,2.614,8787865.0,50335.06,-1.899,14201
2020-10-15 22:50:00,0.0,0.0,321.823,41.697,47.52,0.0,0.0,338.049,-50.543,50.225,20.46,0.0,0.0,17.348,17.408,2.601,8787865.0,50336.0,-1.895,14201
2020-10-15 22:55:00,0.0,0.0,265.478,41.616,46.17400000000001,0.0,0.0,284.21,-49.996,48.516,20.21,0.0,0.0,17.078999999999997,17.154000000000003,2.88,8787865.0,50336.0,-2.123,14201
2020-10-15 23:00:00,0.0,0.0,180.699,41.49699999999999,45.032,0.0,0.0,199.947,-49.733,46.966,20.21,0.0,0.0,16.885,16.968,3.203,8787865.0,50336.0,-2.406,14201
2020-10-15 23:05:00,0.0,0.0,101.042,41.364,43.978,0.0,0.0,117.245,-49.736,45.628,20.043,0.0,0.0,16.947999999999997,17.047,3.095,8787865.0,50336.0,-2.3,14201
2020-10-15 23:10:00,0.0,0.0,46.523,41.18300000000001,43.036,0.0,0.0,55.252,-49.485,44.407,19.682,0.0,0.0,16.895,17.037999999999997,2.93,8787865.0,50336.0,-2.156,14201
2020-10-15 23:15:00,0.0,0.0,16.736,40.983,42.329,0.0,0.0,20.839,-49.911,43.161,19.691,0.0,0.0,16.809,16.929999999999996,2.887,8787865.0,50336.528,-2.104,14201
2020-10-15 23:20:00,0.0,0.0,6.714,40.751000000000005,41.856,0.0,0.0,7.167,-49.620000000000005,41.896,20.35,0.0,0.0,16.859,16.859,2.86,8787865.0,50337.0,-2.1,14201
2020-10-15 23:25:00,0.0,0.0,6.0,40.533,41.482,0.0,0.0,2.546,-48.991,40.794,20.549000000000003,0.0,0.0,16.819000000000003,16.895,2.871,8787865.0,50337.0,-2.103,14201
2020-10-15 23:30:00,0.0,0.0,6.0,40.348,41.162,0.0,0.0,1.37,-47.767,39.84,20.631000000000004,0.0,0.0,16.724000000000004,16.789,2.86,8787865.0,50337.0,-2.1,14201
2020-10-15 23:35:00,0.0,0.0,6.0,40.137,40.862,0.0,0.0,1.004,-46.445,38.935,20.61,0.0,0.0,16.566000000000003,16.646,2.856,8787865.0,50337.0,-2.103,14201
2020-10-15 23:40:00,0.0,0.0,6.0,39.545,40.639,0.0,0.0,0.898,-47.943000000000005,38.019000000000005,20.848,0.0,0.0,16.874,16.876,2.865,8787865.0,50337.0,-2.101,14201
2020-10-15 23:45:00,0.0,0.0,6.0,39.05,40.417,0.0,0.0,0.893,-47.93,37.306,20.89,0.0,0.0,17.01,17.005000000000003,2.857,8787865.0,50337.86,-2.1,14201
2020-10-15 23:50:00,0.0,0.0,6.0,38.863,40.176,0.0,0.0,0.806,-47.776,36.609,20.880000000000003,0.0,0.0,16.915000000000003,16.900000000000002,2.801,8787865.0,50338.0,-2.082,14201
2020-10-15 23:55:00,0.0,0.0,6.0,38.659000000000006,39.844,0.0,0.0,0.8629999999999999,-46.803,35.96,20.969999999999995,0.0,0.0,16.944000000000003,16.899,2.596,8787865.0,50338.0,-1.945,14201
