measured_on,ac_current__427,ac_power__423,ac_voltage__426,ambient_temp__428,das_battery_voltage__434,das_temp__433,dc_pos_current__425,dc_pos_voltage__424,dc_power__422,inverter_temp__432,module_temp_1__429,module_temp_2__430,module_temp_3__431,poa_irradiance__421,system_id
2020-04-15 00:00:00,1.6454,-1.1313,122.06,-0.03363,13.618,1.7454,-0.0435499999999999,0.0974799999999999,-0.0077499999999999,-0.68367,-2.7131,-2.5772,-2.1163,-3.3172,10
2020-04-15 00:01:00,1.6445,-1.1423,122.08,0.2016999999999999,13.62,1.7352,-0.04483,1.214,-0.05645,-0.6918499999999999,-2.6469,-2.5296,-2.0238,-3.0131,10
2020-04-15 00:02:00,1.6437,-1.1867,122.08,0.35565,13.621,1.7197,-0.0506899999999999,1.1786,-0.06157,-0.67459,-2.6103,-2.5295,-2.0343,-2.7367,10
2020-04-15 00:03:00,1.6467,-1.1534,122.0,0.48497,13.621,1.6975,-0.0475799999999999,0.24812,-0.01519,-0.61582,-2.6313,-2.5591,-2.0332,-2.7091,10
2020-04-15 00:04:00,1.6456,-1.1867,122.03,0.53314,13.621,1.6821,-0.04227,0.04431,0.00114,-0.61135,-2.7134,-2.6097,-2.1109,-2.8473,10
2020-04-15 00:05:00,1.6456,-1.1867,122.12,0.20633,13.619,1.6735,-0.04465,0.83298,-0.03764,-0.65341,-2.8637,-2.7199,-2.2474,-2.9302,10
2020-04-15 00:06:00,1.6473,-1.22,122.12,-0.33825,13.62,1.665,-0.04685,0.7089199999999999,-0.0351599999999999,-0.69691,-2.8666,-2.8215,-2.3982,-3.0684,10
2020-04-15 00:07:00,1.6451,-1.1534,122.16,-0.52939,13.62,1.641,-0.0459299999999999,0.0,0.00139,-0.76516,-3.0139,-2.8708,-2.4753,-3.2619,10
2020-04-15 00:08:00,1.6456,-1.1867,122.11,-0.57499,13.621,1.629,-0.04374,0.01772,-0.0006099999999999,-0.7956999999999999,-3.0954,-3.0088,-2.6304,-3.2343,10
2020-04-15 00:09:00,1.6462,-1.2311,122.12,-0.6074899999999999,13.622,1.6119,-0.04227,0.37218,-0.01536,-0.85206,-3.1549,-3.1621,-2.8128,-3.3173,10
2020-04-15 00:10:00,1.6443,-1.1645,122.16,-0.66675,13.622,1.593,-0.04191,-0.49625,0.01299,-0.91657,-3.3802,-3.2291,-2.8912,-3.3173,10
2020-04-15 00:11:00,1.6459,-1.1756,122.11,-0.6446399999999999,13.624,1.5828,-0.04392,0.06646,-0.00529,-0.94326,-3.3483,-3.2229,-2.928,-3.3172,10
2020-04-15 00:12:00,1.6454,-1.1756,122.12,-0.53961,13.624,1.5725,-0.04136,0.25255,-0.01616,-0.91081,-3.249,-3.1752,-2.8561,-3.3172,10
2020-04-15 00:13:00,1.6451,-1.1534,122.02,-0.3547699999999999,13.625,1.5536,-0.0451999999999999,-0.01772,-0.00581,-0.83572,-3.054,-3.0089,-2.6927,-3.3172,10
2020-04-15 00:14:00,1.6451,-1.1645,122.06,-0.2147699999999999,13.626,1.5365,-0.0431899999999999,-0.01772,-0.0022699999999999,-0.80307,-3.0312,-3.0026,-2.6263,-3.262,10
2020-04-15 00:15:00,1.6459,-1.1423,121.99,-0.0699499999999999,13.626,1.5177,-0.04648,0.0398799999999999,-0.00127,-0.8291199999999999,-3.0889,-2.9107,-2.5216,-3.179,10
2020-04-15 00:16:00,1.6454,-1.1313,122.05,-0.2381699999999999,13.626,1.5177,-0.04795,-0.41649,0.02254,-0.8426599999999999,-3.1089,-3.0073,-2.6053,-2.9302,10
2020-04-15 00:17:00,1.6456,-1.1645,122.07,-0.5261099999999999,13.626,1.504,-0.0481299999999999,0.11963,-0.00807,-0.89987,-3.1485,-3.0784,-2.682,-2.8197,10
2020-04-15 00:18:00,1.6454,-1.1423,121.94,-0.6600399999999998,13.627,1.4869,-0.0508699999999999,-0.3456,0.01989,-0.92704,-3.1472,-3.1057,-2.7644,-2.7644,10
2020-04-15 00:19:00,1.6451,-1.1645,121.94,-0.76275,13.626,1.4715,-0.0481299999999999,-0.2569799999999999,0.01487,-0.95891,-3.2487,-3.1248,-2.7806,-2.9579,10
2020-04-15 00:20:00,1.6451,-1.1202,122.04,-0.85335,13.627,1.4475,-0.0441,0.57157,-0.02032,-1.0279,-3.323,-3.2128,-2.8714,-2.9579,10
2020-04-15 00:21:00,1.6451,-1.2311,122.01,-0.97172,13.627,1.4372,-0.0435499999999999,0.3588899999999999,-0.0155099999999999,-1.066,-3.4129,-3.2418,-2.9762,-3.0685,10
2020-04-15 00:22:00,1.6462,-1.1867,122.05,-1.2018,13.627,1.4252,-0.0386099999999999,-0.23926,0.0073299999999999,-1.1208,-3.41,-3.3505,-3.1307,-3.1791,10
2020-04-15 00:23:00,1.6462,-1.1756,121.97,-1.3326,13.63,1.4133,-0.0402599999999999,-0.29243,0.0094199999999999,-1.1713,-3.5245,-3.364,-3.1048,-2.875,10
2020-04-15 00:24:00,1.6459,-1.1534,122.0,-1.3549,13.631,1.3944,-0.04959,0.1462199999999999,-0.01338,-1.2237,-3.555,-3.3923,-3.1539,-2.9026,10
2020-04-15 00:25:00,1.6434,-1.1978,122.06,-1.3858,13.631,1.3756,-0.0400799999999999,-0.8861499999999999,0.02936,-1.2498,-3.5274,-3.4844,-3.2717,-3.2344,10
2020-04-15 00:26:00,1.6451,-1.1202,122.1,-1.4083,13.631,1.3602,-0.0483099999999999,0.3367399999999999,-0.01784,-1.3052,-3.6118,-3.4785,-3.2472,-3.262,10
2020-04-15 00:27:00,1.6476,-1.2533,122.09,-1.4417,13.632,1.3516,-0.05142,0.2215399999999999,-0.0126,-1.3445,-3.7423,-3.5273,-3.3053,-3.0961,10
2020-04-15 00:28:00,1.6478,-1.2422,122.09,-1.4876,13.632,1.3379,-0.0475799999999999,-0.1417799999999999,0.0067499999999999,-1.4032,-3.8236,-3.6042,-3.4022,-3.2067,10
2020-04-15 00:29:00,1.6456,-1.1756,122.05,-1.5315,13.634,1.3157,-0.04666,0.64246,-0.03447,-1.4626,-3.7664,-3.6746,-3.4547,-3.1238,10
2020-04-15 00:30:00,1.6459,-1.1645,122.09,-1.557,13.633,1.3037,-0.0411699999999999,1.0191,-0.04199,-1.4981,-3.7584,-3.6702,-3.4739,-3.3173,10
2020-04-15 00:31:00,1.6456,-1.22,122.07,-1.4684,13.634,1.2815,-0.04209,0.2658499999999999,-0.01353,-1.502,-3.5136,-3.5845,-3.4219,-3.3173,10
2020-04-15 00:32:00,1.6459,-1.1978,122.04,-1.2613,13.634,1.2678,-0.0455699999999999,-0.97477,0.04496,-1.4723,-3.5138,-3.4665,-3.266,-3.262,10
2020-04-15 00:33:00,1.6465,-1.2089,122.0,-1.2044,13.636,1.2541,-0.0455699999999999,-0.0088599999999999,0.0037,-1.496,-3.6165,-3.456,-3.196,-3.0408,10
2020-04-15 00:34:00,1.6448,-1.0869,122.06,-1.2906,13.637,1.2404,-0.04648,-1.3248,0.06119,-1.4948,-3.5916,-3.5157,-3.2958,-3.2067,10
2020-04-15 00:35:00,1.647,-1.2311,122.04,-1.3367,13.637,1.2096,-0.0451999999999999,-0.31901,0.0172299999999999,-1.5315,-3.4222,-3.516,-3.2947,-3.0685,10
2020-04-15 00:36:00,1.6456,-1.1534,122.13,-1.2174,13.638,1.2027,-0.05179,-0.78868,0.0345299999999999,-1.5441,-3.4628,-3.4484,-3.2056,-2.7091,10
2020-04-15 00:37:00,1.6465,-1.1534,122.09,-1.1438,13.638,1.1925,-0.04666,0.6158799999999999,-0.034,-1.5658,-3.5233,-3.4352,-3.1451,-2.6538,10
2020-04-15 00:38:00,1.6467,-1.2311,122.1,-1.1361,13.638,1.1719,-0.04685,-0.85514,0.03722,-1.5801,-3.4574,-3.4609,-3.2389,-2.6538,10
2020-04-15 00:39:00,1.647,-1.2533,122.01,-1.1393,13.638,1.1582,-0.0424599999999999,0.32345,-0.0160499999999999,-1.5996,-3.1919,-3.4819,-3.2664,-2.6538,10
2020-04-15 00:40:00,1.6459,-1.1202,122.1,-1.1496,13.638,1.1394,-0.0435499999999999,1.0767,-0.0466,-1.6342,-4.3376,-3.4938,-3.2001,-2.6538,10
2020-04-15 00:41:00,1.6467,-1.1867,122.08,-1.1607,13.638,1.1138,-0.0463,-0.81083,0.03726,-1.645,-3.4359,-3.5763,-3.3821,-2.6538,10
2020-04-15 00:42:00,1.6462,-1.1202,122.13,-1.1481,13.639,1.1069,-0.04886,0.15951,-0.0096799999999999,-1.6661,-3.4988,-3.5495,-3.3396,-2.6538,10
2020-04-15 00:43:00,1.6454,-1.1867,122.13,-1.1552,13.64,1.083,-0.04941,0.6956299999999999,-0.03261,-1.6895,-3.4956,-3.5279,-3.2944,-2.7091,10
2020-04-15 00:44:00,1.6467,-1.2311,122.13,-1.1916,13.643,1.0641,-0.0499599999999999,-1.0501,0.05478,-1.705,-3.6617,-3.6094,-3.3715,-2.6815,10
2020-04-15 00:45:00,1.6462,-1.1534,122.15,-1.247,13.643,1.0487,-0.04703,-0.01772,0.0055599999999999,-1.7269,-3.5168,-3.6371,-3.4286,-2.6815,10
2020-04-15 00:46:00,1.6462,-1.2089,122.16,-1.3379,13.643,1.0265,-0.04612,-0.47852,0.02704,-1.77,-3.7177,-3.7162,-3.4955,-2.792,10
2020-04-15 00:47:00,1.647,-1.1978,122.09,-1.4549,13.643,1.0111,-0.0481299999999999,0.62031,-0.0295799999999999,-1.8247,-3.8673,-3.7425,-3.4824,-2.6538,10
2020-04-15 00:48:00,1.6467,-1.2311,122.12,-1.4763,13.644,0.99569,-0.0451999999999999,0.2215399999999999,-0.01734,-1.8588,-3.8635,-3.7932,-3.513,-2.6538,10
2020-04-15 00:49:00,1.6467,-1.2533,122.06,-1.4681,13.643,0.982,-0.04795,0.10634,-0.00314,-1.8725,-3.7741,-3.8544,-3.6558,-2.6538,10
2020-04-15 00:50:00,1.6448,-1.2311,122.18,-1.4422,13.642,0.95634,-0.05636,-1.1387,0.06246,-1.8883,-3.7304,-3.8788,-3.7175,-2.6538,10
2020-04-15 00:51:00,1.6459,-1.1978,122.11,-1.4406,13.644,0.94264,-0.04941,-0.78868,0.03654,-1.9064,-3.7522,-3.9049,-3.7701,-2.6538,10
2020-04-15 00:52:00,1.6467,-1.2643,122.12,-1.4431,13.645,0.92383,-0.0526999999999999,0.45194,-0.0217499999999999,-1.9524,-3.7883,-3.9561,-3.779,-2.7091,10
2020-04-15 00:53:00,1.6484,-1.3087,122.08,-1.4252,13.643,0.91015,-0.0525199999999999,0.2215399999999999,-0.01282,-1.9733,-3.8114,-3.967,-3.7985,-3.0408,10
2020-04-15 00:54:00,1.6459,-1.1978,122.12,-1.4323,13.644,0.88448,-0.0455699999999999,0.3456,-0.01819,-2.0056,-3.9464,-4.021,-3.8058,-3.1238,10
2020-04-15 00:55:00,1.6451,-1.1978,122.19,-1.4506,13.643,0.86738,-0.0406299999999999,1.1609,-0.04782,-2.0399,-3.9557,-4.0339,-3.8274,-3.1514,10
2020-04-15 00:56:00,1.647,-1.2311,122.07,-1.4635,13.646,0.85199,-0.04648,-0.4120599999999999,0.01378,-2.0439,-4.0064,-4.0164,-3.8357,-2.875,10
2020-04-15 00:57:00,1.6465,-1.1534,122.08,-1.4587,13.645,0.83489,-0.0463,0.17723,-0.00766,-2.059,-4.0,-4.0244,-3.8257,-2.875,10
2020-04-15 00:58:00,1.647,-1.2311,122.04,-1.4903,13.647,0.82121,-0.0483099999999999,-0.46966,0.0185799999999999,-2.0778,-4.0232,-4.0914,-3.902,-2.7368,10
2020-04-15 00:59:00,1.647,-1.2089,121.94,-1.5021,13.647,0.7955299999999998,-0.04703,-0.1728,0.00894,-2.1165,-4.1081,-4.0571,-3.8785,-2.792,10
2020-04-15 01:00:00,1.6462,-1.1534,122.06,-1.5021,13.646,0.7818399999999999,-0.0483099999999999,0.23483,-0.00267,-2.1324,-4.038,-4.1327,-3.911,-2.7368,10
2020-04-15 01:01:00,1.6462,-1.1867,122.06,-1.5283,13.647,0.7664499999999999,-0.0477599999999999,0.6956299999999999,-0.0384299999999999,-2.1608,-4.1102,-4.1332,-3.9051,-2.6538,10
2020-04-15 01:02:00,1.6448,-1.1091,122.11,-1.5822,13.649,0.73568,-0.0580099999999999,-1.0944,0.06396,-2.1739,-4.1751,-4.2117,-4.0237,-2.6538,10
2020-04-15 01:03:00,1.6478,-1.2422,122.02,-1.655,13.65,0.7185599999999999,-0.0477599999999999,0.38105,-0.02059,-2.2068,-4.2483,-4.2046,-3.985,-2.6538,10
2020-04-15 01:04:00,1.6476,-1.2422,121.98,-1.712,13.651,0.69976,-0.0453799999999999,-0.1107699999999999,0.0083599999999999,-2.2458,-4.332,-4.2178,-3.994,-2.6538,10
2020-04-15 01:05:00,1.6481,-1.2754,122.06,-1.769,13.654,0.68608,-0.0428199999999999,0.0708899999999999,-0.0078899999999999,-2.2731,-4.1542,-4.274,-4.1075,-2.7091,10
2020-04-15 01:06:00,1.6467,-1.2311,122.04,-1.8244,13.654,0.66897,-0.0459299999999999,-0.68234,0.0340999999999999,-2.3082,-4.3201,-4.3646,-4.165,-2.8473,10
2020-04-15 01:07:00,1.6467,-1.22,122.04,-1.8642,13.654,0.65015,-0.05106,0.47409,-0.0274,-2.3607,-4.4783,-4.372,-4.1381,-2.9579,10
2020-04-15 01:08:00,1.6473,-1.2533,122.0,-1.8896,13.655,0.6245,-0.0505099999999999,0.0044299999999999,-0.0053899999999999,-2.3886,-4.4102,-4.3915,-4.1848,-3.1238,10
2020-04-15 01:09:00,1.647,-1.2533,121.97,-1.9007,13.656,0.60911,-0.0481299999999999,0.0575999999999999,-0.00109,-2.4034,-4.481,-4.3912,-4.2046,-3.2067,10
2020-04-15 01:10:00,1.6459,-1.2089,121.99,-1.8986,13.655,0.59201,-0.0508699999999999,0.2835699999999999,-0.0065599999999999,-2.4099,-4.3935,-4.4157,-4.181,-3.2067,10
2020-04-15 01:11:00,1.647,-1.2089,122.02,-1.8876,13.657,0.56635,-0.05527,-0.0398799999999999,-0.0074,-2.4243,-4.334,-4.4258,-4.1897,-3.2343,10
2020-04-15 01:12:00,1.6465,-1.2643,122.06,-1.8915,13.659,0.54754,-0.04374,0.7177799999999999,-0.02901,-2.4425,-4.2884,-4.4808,-4.2015,-2.9579,10
2020-04-15 01:13:00,1.6467,-1.2422,122.02,-1.9003,13.659,0.5355699999999999,-0.04703,-0.18609,0.0029199999999999,-2.4617,-4.4635,-4.4986,-4.2157,-2.9579,10
2020-04-15 01:14:00,1.6459,-1.22,122.0,-1.9098,13.658,0.5219,-0.0503199999999999,0.42535,-0.0203699999999999,-2.4776,-4.4751,-4.4665,-4.1908,-3.0961,10
2020-04-15 01:15:00,1.647,-1.1645,122.06,-1.9256,13.659,0.49624,-0.0455699999999999,-0.89944,0.04218,-2.4948,-4.4659,-4.5815,-4.3294,-3.1791,10
2020-04-15 01:16:00,1.6473,-1.2422,122.04,-1.9438,13.657,0.48085,-0.0483099999999999,0.3411699999999999,-0.0195199999999999,-2.5167,-4.4397,-4.5229,-4.22,-3.2344,10
2020-04-15 01:17:00,1.6465,-1.1645,122.03,-1.9422,13.658,0.45349,-0.0523399999999999,-0.8950099999999999,0.04356,-2.5063,-4.4285,-4.4866,-4.254,-3.262,10
2020-04-15 01:18:00,1.6478,-1.3198,122.02,-1.9105,13.658,0.44152,-0.05161,0.0930499999999999,-0.00551,-2.5105,-4.5849,-4.4248,-4.1212,-3.262,10
2020-04-15 01:19:00,1.6462,-1.2533,121.97,-1.9137,13.658,0.41929,-0.0508699999999999,-1.0811,0.05505,-2.5243,-4.4803,-4.5098,-4.2657,-2.9856,10
2020-04-15 01:20:00,1.6487,-1.2533,121.95,-1.8924,13.661,0.3936399999999999,-0.05618,0.1462199999999999,-0.0044299999999999,-2.5594,-4.5817,-4.4402,-4.1136,-2.9026,10
2020-04-15 01:21:00,1.6459,-1.1867,122.03,-1.7902,13.662,0.37141,-0.03971,0.8950099999999999,-0.0405999999999999,-2.5453,-4.3801,-4.3844,-4.0449,-2.7921,10
2020-04-15 01:22:00,1.6473,-1.2311,122.03,-1.5989,13.662,0.3594399999999999,-0.0499599999999999,-0.3411699999999999,0.0168099999999999,-2.4766,-4.0312,-4.268,-4.0226,-2.6538,10
2020-04-15 01:23:00,1.6484,-1.2422,122.02,-1.4628,13.665,0.3423399999999999,-0.05215,-0.50511,0.0236899999999999,-2.4702,-4.1805,-4.2695,-4.0019,-2.6538,10
2020-04-15 01:24:00,1.6484,-1.2865,121.93,-1.3988,13.662,0.32865,-0.04666,-0.0265799999999999,0.00233,-2.4525,-4.2195,-4.1872,-3.8751,-2.6538,10
2020-04-15 01:25:00,1.6456,-1.1867,122.06,-1.316,13.661,0.29276,-0.0484899999999999,0.90388,-0.0459999999999999,-2.4536,-4.1187,-4.1954,-3.7981,-2.6539,10
2020-04-15 01:26:00,1.6476,-1.2089,122.01,-1.2456,13.663,0.27737,-0.0530699999999999,-0.55385,0.03518,-2.4055,-4.0101,-4.1859,-3.8423,-2.6539,10
2020-04-15 01:27:00,1.6487,-1.2533,122.02,-1.1571,13.663,0.26882,-0.04941,-0.6380299999999999,0.02894,-2.387,-4.2118,-4.0991,-3.7082,-2.6263,10
2020-04-15 01:28:00,1.6476,-1.2754,121.98,-1.1264,13.662,0.24487,-0.0503199999999999,-0.31458,0.01099,-2.3897,-4.4474,-4.0991,-3.7025,-2.571,10
2020-04-15 01:29:00,1.6478,-1.2533,122.05,-1.2719,13.665,0.2277899999999999,-0.0451999999999999,-0.92603,0.04166,-2.4155,-4.2361,-4.117,-3.7656,-2.5434,10
2020-04-15 01:30:00,1.6478,-1.2643,122.01,-1.4055,13.666,0.2089699999999999,-0.04227,0.3057199999999999,-0.01093,-2.4265,-4.1554,-4.1267,-3.7781,-2.6263,10
2020-04-15 01:31:00,1.6456,-1.2089,122.07,-1.5327,13.664,0.19188,-0.04868,-0.65575,0.0323099999999999,-2.418,-4.0378,-4.1231,-3.8326,-2.654,10
2020-04-15 01:32:00,1.6476,-1.2422,122.05,-1.6308,13.666,0.1799099999999999,-0.04465,0.1462199999999999,-0.00787,-2.4457,-4.1876,-4.1374,-3.7938,-2.654,10
2020-04-15 01:33:00,1.6462,-1.1202,122.01,-1.5239,13.664,0.1662299999999999,-0.04886,-1.1609,0.05476,-2.3702,-3.7997,-3.8815,-3.6865,-2.654,10
2020-04-15 01:34:00,1.6467,-1.2533,121.97,-0.8193,13.666,0.14571,-0.05215,-0.0310199999999999,0.0071799999999999,-2.1958,-3.5647,-3.5711,-3.1592,-2.654,10
2020-04-15 01:35:00,1.6478,-1.1534,122.05,-0.24106,13.666,0.1235,-0.04666,-1.0014,0.0492399999999999,-2.0174,-3.2389,-3.3577,-2.8602,-2.654,10
2020-04-15 01:36:00,1.6484,-1.2976,122.01,-0.16292,13.666,0.1132399999999999,-0.0530699999999999,-0.70449,0.03747,-1.9642,-3.1074,-3.3115,-2.7439,-2.654,10
2020-04-15 01:37:00,1.6462,-1.22,122.09,-0.3068,13.666,0.09271,-0.04886,-0.91717,0.0432,-1.9327,-3.2349,-3.2105,-2.6445,-2.6541,10
2020-04-15 01:38:00,1.6459,-1.1645,122.08,-0.34314,13.665,0.0756099999999999,-0.0457499999999999,-1.3558,0.0627599999999999,-1.8942,-3.1819,-3.207,-2.6903,-2.6541,10
2020-04-15 01:39:00,1.6476,-1.2422,122.0,-0.4165499999999999,13.665,0.0602299999999999,-0.04648,-0.8241199999999999,0.04188,-1.9247,-3.2719,-3.3027,-2.7995,-2.6541,10
2020-04-15 01:40:00,1.6462,-1.2533,122.11,-0.66612,13.665,0.04655,-0.0484899999999999,0.90831,-0.0422799999999999,-1.9606,-3.2091,-3.3237,-2.8369,-2.6541,10
2020-04-15 01:41:00,1.6459,-1.2422,122.08,-1.0051,13.664,0.03971,-0.04721,0.85514,-0.04159,-1.9903,-2.7298,-3.3865,-2.9061,-2.6541,10
2020-04-15 01:42:00,1.6484,-1.2643,122.05,-1.2549,13.665,0.02433,-0.04227,-0.19938,0.01052,-2.0108,-3.44,-3.4127,-2.9824,-2.6541,10
2020-04-15 01:43:00,1.6473,-1.2422,122.01,-1.4289,13.662,0.01065,-0.0523399999999999,0.6601799999999999,-0.03509,-2.0452,-3.5513,-3.4516,-3.0126,-2.6542,10
2020-04-15 01:44:00,1.6462,-1.2422,122.09,-1.4597,13.662,-0.00132,-0.05856,-1.0412,0.0599599999999999,-2.0308,-3.6342,-3.4544,-3.0819,-2.6542,10
2020-04-15 01:45:00,1.6481,-1.2311,122.01,-1.3307,13.663,-0.0201199999999999,-0.04868,-0.06646,0.0043899999999999,-2.0275,-3.2334,-3.4639,-3.0965,-2.6542,10
2020-04-15 01:46:00,1.649,-1.342,122.04,-1.2484,13.662,-0.03551,-0.04941,-0.07975,-0.0002,-2.0408,-3.3075,-3.5103,-3.1213,-2.6542,10
2020-04-15 01:47:00,1.6465,-1.1534,122.08,-0.98916,13.663,-0.0389299999999999,-0.04886,1.0988,-0.0517499999999999,-2.0264,-3.4263,-3.2666,-2.8535,-2.6542,10
2020-04-15 01:48:00,1.6465,-1.2754,122.07,-0.70305,13.662,-0.04918,-0.0441,-0.77095,0.0340799999999999,-1.9574,-3.3586,-3.2139,-2.7844,-2.6542,10
2020-04-15 01:49:00,1.6465,-1.2311,122.0,-0.65403,13.663,-0.06115,-0.0441,0.94375,-0.0405,-1.9116,-2.8903,-3.1193,-2.6405,-2.6542,10
2020-04-15 01:50:00,1.6478,-1.2976,122.03,-0.42969,13.664,-0.0645799999999999,-0.0475799999999999,0.56271,-0.0276,-1.8073,-2.7471,-2.9452,-2.4516,-2.6542,10
2020-04-15 01:51:00,1.6473,-1.1534,122.03,-0.13819,13.663,-0.08168,-0.05362,-0.77981,0.0411699999999999,-1.7224,-2.5483,-2.7964,-2.2816,-2.6542,10
2020-04-15 01:52:00,1.6473,-1.2865,122.08,0.09402,13.663,-0.08852,-0.0501399999999999,0.92603,-0.04641,-1.6365,-2.7439,-2.6867,-2.0534,-2.5989,10
2020-04-15 01:53:00,1.6459,-1.1867,122.09,0.10271,13.662,-0.10049,-0.05124,-0.3057199999999999,0.01372,-1.5464,-2.7381,-2.6236,-2.0419,-2.6266,10
2020-04-15 01:54:00,1.6465,-1.22,122.05,0.0843099999999999,13.662,-0.10049,-0.0459299999999999,-0.10634,0.00922,-1.4844,-3.6504,-2.6229,-2.0326,-2.6266,10
2020-04-15 01:55:00,1.6478,-1.1978,122.05,0.06288,13.662,-0.11928,-0.05362,0.6867699999999999,-0.0333099999999999,-1.5004,-2.8321,-2.5181,-1.9079,-2.6542,10
2020-04-15 01:56:00,1.6481,-1.2865,122.04,0.1481599999999999,13.661,-0.12099,-0.05161,-0.20382,0.0114299999999999,-1.4372,-2.5878,-2.449,-1.8811,-2.6542,10
2020-04-15 01:57:00,1.6467,-1.2089,122.05,0.2634099999999999,13.659,-0.12441,-0.0481299999999999,-0.36775,0.01461,-1.3771,-2.3494,-2.3874,-1.8088,-2.6266,10
2020-04-15 01:58:00,1.6467,-1.2754,122.06,0.42369,13.659,-0.1227,-0.04941,-0.65132,0.0289699999999999,-1.2998,-2.4865,-2.2799,-1.7286,-2.4884,10
2020-04-15 01:59:00,1.647,-1.2089,121.99,0.3313099999999999,13.658,-0.1380899999999999,-0.0473999999999999,0.13735,-0.00545,-1.3081,-2.4585,-2.4455,-1.8739,-2.5436,10
2020-04-15 02:00:00,1.6476,-1.2533,121.96,-0.0762599999999999,13.657,-0.1432199999999999,-0.0455699999999999,-0.1816599999999999,0.01183,-1.3774,-2.0169,-2.5743,-2.0462,-2.6542,10
2020-04-15 02:01:00,1.647,-1.2754,122.06,-0.4442999999999999,13.659,-0.14151,-0.0497799999999999,-0.7443699999999999,0.03645,-1.4314,-2.9926,-2.6806,-2.2331,-2.6543,10
2020-04-15 02:02:00,1.644,-1.1423,122.06,-0.47353,13.658,-0.14493,-0.0530699999999999,-1.4001,0.0730999999999999,-1.4184,-2.7742,-2.6783,-2.3094,-2.6543,10
2020-04-15 02:03:00,1.6456,-1.2643,121.95,-0.31712,13.66,-0.1432199999999999,-0.0451999999999999,-0.66461,0.02827,-1.3988,-2.7304,-2.6565,-2.2519,-2.6542,10
2020-04-15 02:04:00,1.6451,-1.2089,121.96,-0.0999499999999999,13.659,-0.1432199999999999,-0.04868,1.4444,-0.0708199999999999,-1.3838,-2.6358,-2.5406,-2.0747,-2.6542,10
2020-04-15 02:05:00,1.6473,-1.2533,121.97,0.02876,13.658,-0.1466399999999999,-0.0484899999999999,-0.19938,0.00875,-1.3366,-2.4601,-2.5762,-2.1274,-2.5712,10
2020-04-15 02:06:00,1.6462,-1.1867,122.03,0.0495099999999999,13.656,-0.1432199999999999,-0.0484899999999999,0.23926,-0.01362,-1.3268,-4.7751,-2.4956,-2.0497,-2.4883,10
2020-04-15 02:07:00,1.6467,-1.2311,121.96,0.1126999999999999,13.657,-0.1432199999999999,-0.0400799999999999,0.20382,-0.00872,-1.274,-2.4127,-2.4184,-1.9983,-2.5713,10
2020-04-15 02:08:00,1.6476,-1.2422,122.01,0.21614,13.656,-0.14493,-0.04886,-0.0753199999999999,-0.00046,-1.2301,-2.2658,-2.4001,-2.0121,-2.516,10
2020-04-15 02:09:00,1.6473,-1.2643,121.97,0.34093,13.659,-0.14151,-0.05106,0.2835699999999999,-0.01026,-1.2039,-2.2816,-2.3223,-1.8809,-2.4607,10
2020-04-15 02:10:00,1.6478,-1.2311,122.01,0.4088399999999999,13.656,-0.1432199999999999,-0.0503199999999999,0.4873799999999999,-0.02758,-1.1521,-2.2162,-2.2319,-1.7648,-2.4607,10
2020-04-15 02:11:00,1.6462,-1.22,122.07,0.4269899999999999,13.655,-0.14151,-0.04703,-0.8507099999999999,0.03726,-1.0991,-2.1716,-2.183,-1.7117,-2.5989,10
2020-04-15 02:12:00,1.6484,-1.2422,122.06,0.4458699999999999,13.653,-0.1432199999999999,-0.04703,-0.2614199999999999,0.00727,-1.0523,-2.0583,-2.099,-1.6478,-2.4607,10
2020-04-15 02:13:00,1.6476,-1.2311,122.08,0.498,13.653,-0.14151,-0.0433699999999999,0.0930499999999999,0.0052599999999999,-1.0072,-1.9952,-2.0294,-1.5462,-2.3777,10
2020-04-15 02:14:00,1.6476,-1.2089,122.0,0.56272,13.653,-0.13125,-0.0455699999999999,0.23483,-0.0118,-0.95983,-1.9663,-1.9491,-1.4239,-2.433,10
2020-04-15 02:15:00,1.647,-1.2422,122.07,0.55315,13.651,-0.12612,-0.04392,-0.3899099999999999,0.0243099999999999,-0.90197,-1.9933,-1.8976,-1.4266,-2.3501,10
2020-04-15 02:16:00,1.647,-1.2422,122.09,0.5420899999999998,13.651,-0.12612,-0.04465,0.2879999999999999,-0.0126999999999999,-0.85923,-1.7399,-1.8155,-1.3589,-2.433,10
2020-04-15 02:17:00,1.6473,-1.22,122.03,0.6312299999999998,13.649,-0.12099,-0.05124,0.55828,-0.03252,-0.80352,-1.7533,-1.7083,-1.2061,-2.4054,10
2020-04-15 02:18:00,1.6465,-1.1867,122.03,0.66651,13.649,-0.1124499999999999,-0.05215,-0.1417799999999999,0.0092399999999999,-0.7707399999999999,-1.6633,-1.6704,-1.1804,-2.2119,10
2020-04-15 02:19:00,1.6462,-1.1756,121.98,0.5922699999999999,13.648,-0.1022,-0.06021,-0.37661,0.02775,-0.75548,-1.7322,-1.7187,-1.2308,-2.046,10
2020-04-15 02:20:00,1.6462,-1.2422,122.01,0.57488,13.646,-0.1022,-0.0404399999999999,-0.27471,0.01192,-0.76688,-1.7258,-1.7151,-1.265,-2.2119,10
2020-04-15 02:21:00,1.6459,-1.1756,122.06,0.6837999999999999,13.648,-0.0919399999999999,-0.0459299999999999,-0.6247399999999999,0.02714,-0.7267,-1.6477,-1.6891,-1.2789,-2.1842,10
2020-04-15 02:22:00,1.6465,-1.2311,122.09,0.7572299999999998,13.645,-0.0799699999999999,-0.0457499999999999,-0.0265799999999999,0.0027,-0.73963,-1.7085,-1.7435,-1.3169,-2.1842,10
2020-04-15 02:23:00,1.6467,-1.1978,122.09,0.79984,13.646,-0.06629,-0.0473999999999999,0.49181,-0.02466,-0.76439,-1.8047,-1.7797,-1.3673,-2.2948,10
2020-04-15 02:24:00,1.6471,-1.2533,121.98,0.6323699999999999,13.648,-0.06557,-0.0457499999999999,0.21267,-0.01235,-0.81852,-1.9789,-1.9268,-1.5549,-2.4884,10
2020-04-15 02:25:00,1.6462,-1.22,122.07,0.19413,13.646,-0.05496,-0.0433699999999999,0.15065,-0.0012199999999999,-0.90334,-2.1954,-2.0939,-1.769,-2.599,10
2020-04-15 02:26:00,1.6474,-1.2089,122.07,-0.17383,13.647,-0.0395799999999999,-0.04868,-0.3145899999999999,0.01314,-0.98269,-2.3,-2.2549,-1.9914,-2.6543,10
2020-04-15 02:27:00,1.6462,-1.2089,122.06,-0.45576,13.644,-0.0363199999999999,-0.0455699999999999,0.35004,-0.01641,-1.0621,-2.4711,-2.4039,-2.1674,-2.6543,10
2020-04-15 02:28:00,1.6473,-1.2422,122.03,-0.6951199999999998,13.646,-0.01585,-0.05161,-0.27915,0.01191,-1.1399,-2.5924,-2.5134,-2.3183,-2.7372,10
2020-04-15 02:29:00,1.6479,-1.2866,121.96,-0.88327,13.646,-0.0038899999999999,-0.04301,-0.28358,0.0090399999999999,-1.2128,-2.6781,-2.6738,-2.5058,-2.7925,10
2020-04-15 02:30:00,1.6468,-1.1978,122.02,-1.0399,13.647,-0.0005999999999999,-0.04685,-0.15065,0.00489,-1.3072,-2.8108,-2.7685,-2.6369,-3.2072,10
2020-04-15 02:31:00,1.6462,-1.1756,121.93,-1.1727,13.643,0.0233,-0.0501399999999999,-0.3589,0.01644,-1.3724,-2.6673,-2.9004,-2.8139,-3.3178,10
2020-04-15 02:32:00,1.6479,-1.3198,121.96,-1.2761,13.645,0.03527,-0.05399,-0.54056,0.02323,-1.4395,-3.1712,-2.96,-2.8591,-3.3178,10
2020-04-15 02:33:00,1.6476,-1.2755,122.0,-1.3457,13.647,0.0437,-0.0455699999999999,0.50068,-0.02538,-1.5046,-3.1205,-3.0209,-2.9279,-3.3179,10
2020-04-15 02:34:00,1.6454,-1.1646,122.0,-1.3678,13.646,0.04369,-0.0426399999999999,0.21711,-0.01156,-1.5695,-3.1204,-3.1004,-3.0324,-3.2902,10
2020-04-15 02:35:00,1.6473,-1.2533,121.98,-1.351,13.646,0.0590699999999999,-0.04795,-0.0797599999999999,0.00316,-1.614,-3.2426,-3.1544,-3.0799,-3.2349,10
2020-04-15 02:36:00,1.649,-1.3198,122.02,-1.3422,13.646,0.06239,-0.05142,0.1152,-0.0061799999999999,-1.6671,-3.0452,-3.2413,-3.1776,-2.8478,10
2020-04-15 02:37:00,1.6443,-1.1424,122.09,-1.3746,13.648,0.0743499999999999,-0.04648,-1.2894,0.05818,-1.7136,-3.2848,-3.288,-3.2378,-2.9308,10
2020-04-15 02:38:00,1.6479,-1.3198,122.08,-1.4412,13.647,0.0863099999999999,-0.04191,-0.79312,0.0315,-1.7801,-3.5439,-3.3175,-3.2351,-3.2073,10
2020-04-15 02:39:00,1.647,-1.2533,121.95,-1.4871,13.648,0.10162,-0.0431899999999999,0.3677599999999999,-0.0159499999999999,-1.8225,-3.3515,-3.3758,-3.302,-3.2626,10
2020-04-15 02:40:00,1.6462,-1.22,122.01,-1.4998,13.648,0.10333,-0.0484899999999999,-0.8905899999999999,0.04182,-1.8658,-3.4623,-3.4615,-3.4135,-3.1796,10
2020-04-15 02:41:00,1.6454,-1.1424,122.08,-1.4611,13.652,0.11871,-0.04612,0.7000699999999999,-0.02895,-1.9003,-3.4424,-3.4768,-3.4101,-2.9861,10
2020-04-15 02:42:00,1.6468,-1.1978,121.98,-1.4066,13.651,0.1254899999999999,-0.0501399999999999,0.29243,-0.0178,-1.9356,-3.69,-3.4628,-3.3639,-2.8202,10
2020-04-15 02:43:00,1.647,-1.22,122.01,-1.3623,13.652,0.1254899999999999,-0.04447,-0.37662,0.0155099999999999,-1.9635,-3.5918,-3.5323,-3.4592,-2.7372,10
2020-04-15 02:44:00,1.6454,-1.1424,121.98,-1.3284,13.652,0.12548,-0.0503199999999999,-0.15065,0.0091,-1.997,-3.8068,-3.5494,-3.4555,-2.7096,10
2020-04-15 02:45:00,1.6457,-1.1424,121.95,-1.2722,13.655,0.12543,-0.04941,-0.3633299999999999,0.01403,-2.0056,-3.5151,-3.5717,-3.5165,-2.7096,10
2020-04-15 02:46:00,1.6473,-1.2422,121.99,-1.2058,13.654,0.14251,-0.0402599999999999,0.23483,-0.0048399999999999,-2.0077,-3.7071,-3.4806,-3.3688,-2.6543,10
2020-04-15 02:47:00,1.6457,-1.1091,122.05,-1.1577,13.653,0.14593,-0.0431899999999999,-1.0501,0.04748,-1.9879,-3.5647,-3.5202,-3.4364,-2.6543,10
2020-04-15 02:48:00,1.6457,-1.1645,122.04,-1.1569,13.656,0.15104,-0.04941,0.8507099999999999,-0.0412399999999999,-2.0363,-3.6671,-3.4914,-3.3302,-2.6543,10
2020-04-15 02:49:00,1.6476,-1.22,121.97,-1.1687,13.656,0.1578799999999999,-0.04868,-0.19495,0.0081899999999999,-2.0509,-3.7404,-3.4967,-3.3391,-2.5437,10
2020-04-15 02:50:00,1.6459,-1.1534,121.98,-1.1902,13.656,0.16299,-0.04209,0.2082499999999999,-0.01255,-2.0436,-3.5159,-3.46,-3.3382,-2.4884,10
2020-04-15 02:51:00,1.6465,-1.1534,122.0,-1.206,13.657,0.16466,-0.0451999999999999,-0.61145,0.02929,-2.0433,-3.4547,-3.4762,-3.3809,-2.3502,10
2020-04-15 02:52:00,1.6468,-1.1424,121.99,-1.2092,13.656,0.1663699999999999,-0.0501399999999999,0.0265799999999999,0.00124,-2.0745,-3.3392,-3.463,-3.3506,-2.0737,10
2020-04-15 02:53:00,1.6484,-1.2311,121.97,-1.183,13.657,0.16636,-0.0556299999999999,0.0930499999999999,-0.0044999999999999,-2.1023,-3.6229,-3.4207,-3.2868,-2.1013,10
2020-04-15 02:54:00,1.6476,-1.1756,121.99,-1.2012,13.656,0.1663399999999999,-0.04685,-0.13292,0.0070299999999999,-2.1038,-3.1746,-3.4473,-3.3434,-2.3502,10
2020-04-15 02:55:00,1.6468,-1.1534,121.99,-1.2131,13.657,0.1629299999999999,-0.04666,-0.23483,0.0074599999999999,-2.1122,-3.3742,-3.3318,-3.1914,-2.4607,10
2020-04-15 02:56:00,1.6459,-1.098,122.06,-1.2837,13.656,0.16463,-0.0450199999999999,-0.01772,-0.00019,-2.114,-3.4117,-3.287,-3.1059,-2.4607,10
2020-04-15 02:57:00,1.6473,-1.1534,122.0,-1.2181,13.657,0.16632,-0.04465,-0.05317,0.00124,-2.1002,-3.2961,-3.2638,-3.1027,-2.3501,10
2020-04-15 02:58:00,1.6465,-1.1645,122.02,-1.2015,13.659,0.16461,-0.0455699999999999,-0.46966,0.01601,-2.1197,-3.4906,-3.3358,-3.1417,-2.5437,10
2020-04-15 02:59:00,1.6459,-1.1645,121.89,-1.1476,13.661,0.16461,-0.04795,0.03545,0.00156,-2.1198,-3.4592,-3.3064,-3.136,-2.6543,10
2020-04-15 03:00:00,1.6465,-1.1424,121.99,-1.0693,13.657,0.16289,-0.0459299999999999,-0.32788,0.0206299999999999,-2.1201,-3.349,-3.354,-3.2065,-2.6543,10
2020-04-15 03:01:00,1.6473,-1.1645,121.96,-1.1089,13.661,0.1646,-0.0532499999999999,0.0930499999999999,-0.0036099999999999,-2.1348,-3.4827,-3.4153,-3.2283,-2.6543,10
2020-04-15 03:02:00,1.6465,-1.1645,122.02,-1.2077,13.66,0.1663,-0.0508699999999999,-0.6867699999999999,0.03089,-2.1437,-3.6335,-3.4586,-3.306,-2.6542,10
2020-04-15 03:03:00,1.6462,-1.1534,121.95,-1.1919,13.66,0.1645899999999999,-0.04959,-0.1683699999999999,0.01448,-2.1333,-3.3995,-3.4202,-3.2942,-2.6542,10
2020-04-15 03:04:00,1.6473,-1.1756,121.91,-1.0629,13.66,0.16288,-0.0404399999999999,0.53612,-0.01905,-2.1243,-3.6247,-3.3775,-3.1433,-2.6542,10
2020-04-15 03:05:00,1.6467,-1.1645,121.94,-1.126,13.658,0.1628699999999999,-0.04447,-0.35446,0.01064,-2.1328,-3.5581,-3.389,-3.1684,-2.6541,10
2020-04-15 03:06:00,1.647,-1.1202,121.99,-1.0438,13.658,0.1611499999999999,-0.04666,-1.0279,0.0512299999999999,-2.1103,-3.5663,-3.3219,-3.0935,-2.6541,10
2020-04-15 03:07:00,1.6465,-1.1313,122.0,-0.8501499999999999,13.656,0.15944,-0.0431899999999999,-1.0634,0.0427099999999999,-2.0791,-3.5207,-3.2707,-2.9993,-2.6541,10
2020-04-15 03:08:00,1.6467,-1.1424,122.06,-0.7371699999999999,13.66,0.14576,-0.0503199999999999,-0.85957,0.0399199999999999,-2.0693,-3.571,-3.2408,-2.9165,-2.6542,10
2020-04-15 03:09:00,1.6481,-1.1867,121.97,-0.67317,13.658,0.14918,-0.04227,-0.7753799999999998,0.03021,-2.0245,-3.5985,-3.2366,-2.9173,-2.5712,10
2020-04-15 03:10:00,1.6479,-1.2422,121.94,-0.66768,13.659,0.14405,-0.04612,-0.23926,0.01226,-2.0225,-3.1086,-3.3779,-3.0284,-2.6542,10
2020-04-15 03:11:00,1.649,-1.2422,122.0,-0.71435,13.66,0.13721,-0.04447,-0.36775,0.01754,-2.063,-3.5546,-3.3905,-3.0382,-2.6542,10
2020-04-15 03:12:00,1.6481,-1.1978,121.95,-0.73331,13.659,0.1252399999999999,-0.04648,0.31458,-0.01726,-2.0778,-3.6943,-3.4148,-3.0603,-2.6542,10
2020-04-15 03:13:00,1.6481,-1.1091,121.97,-0.73489,13.658,0.1252399999999999,-0.04209,-0.7665199999999999,0.02954,-2.0857,-3.6792,-3.5244,-3.2106,-2.6542,10
2020-04-15 03:14:00,1.6487,-1.2533,121.91,-0.7103899999999999,13.658,0.12182,-0.0484899999999999,-0.0753199999999999,0.00451,-2.117,-3.8375,-3.5529,-3.2541,-2.6541,10
2020-04-15 03:15:00,1.6467,-1.0869,122.01,-0.7333,13.66,0.12182,-0.0473999999999999,-1.152,0.0551699999999999,-2.102,-3.7392,-3.5973,-3.3673,-2.6541,10
2020-04-15 03:16:00,1.6476,-1.1534,121.99,-0.71437,13.66,0.12182,-0.05344,-0.64246,0.0295699999999999,-2.1105,-3.7493,-3.5271,-3.2627,-2.6541,10
2020-04-15 03:17:00,1.6454,-1.0758,121.9,-0.70016,13.661,0.12523,-0.04648,0.77095,-0.0345299999999999,-2.1278,-3.6376,-3.5566,-3.2643,-2.6542,10
2020-04-15 03:18:00,1.6459,-1.1091,122.02,-0.74994,13.661,0.11667,-0.0497799999999999,-0.8639999999999999,0.0425999999999999,-2.1321,-3.6606,-3.6118,-3.3639,-2.6542,10
2020-04-15 03:19:00,1.6484,-1.2089,121.95,-0.7540299999999999,13.661,0.10983,-0.0525199999999999,0.0044299999999999,-0.00096,-2.1397,-3.5793,-3.5979,-3.3114,-2.6542,10
2020-04-15 03:20:00,1.6467,-1.1645,121.94,-0.75255,13.66,0.10127,-0.04154,0.86843,-0.03676,-2.1712,-3.74,-3.5729,-3.2226,-2.6542,10
2020-04-15 03:21:00,1.6484,-1.1867,121.89,-0.8189199999999999,13.661,0.10298,-0.0473999999999999,-0.58486,0.02893,-2.1695,-3.5877,-3.6816,-3.3698,-2.6542,10
2020-04-15 03:22:00,1.649,-1.2089,121.93,-0.82123,13.662,0.10298,-0.04429,-0.77095,0.0335799999999999,-2.1966,-3.7791,-3.6651,-3.314,-2.6542,10
2020-04-15 03:23:00,1.6467,-1.1313,121.95,-0.81486,13.662,0.0893,-0.0505099999999999,-0.20382,0.01319,-2.2068,-3.8158,-3.6459,-3.3034,-2.6542,10
2020-04-15 03:24:00,1.6467,-1.1091,121.89,-0.79432,13.661,0.0841699999999999,-0.04666,1.1298,-0.0525199999999999,-2.2055,-3.8103,-3.631,-3.2448,-2.6542,10
2020-04-15 03:25:00,1.6459,-1.1423,121.86,-0.62783,13.663,0.0841699999999999,-0.0483099999999999,-0.9216,0.0431399999999999,-2.1784,-3.6346,-3.5665,-3.2427,-2.6542,10
2020-04-15 03:26:00,1.6478,-1.1756,121.94,-0.4541299999999999,13.661,0.07392,-0.0483099999999999,0.52283,-0.02929,-2.1901,-3.6894,-3.4887,-3.0668,-2.6542,10
2020-04-15 03:27:00,1.6467,-1.1978,121.92,-0.3719899999999999,13.662,0.0704999999999999,-0.05435,0.5183999999999999,-0.0326699999999999,-2.1657,-3.4957,-3.4685,-3.0588,-2.6542,10
2020-04-15 03:28:00,1.6476,-1.2311,121.9,-0.19824,13.662,0.05682,-0.0450199999999999,0.0708899999999999,-0.00706,-2.1694,-3.4615,-3.4465,-3.0705,-2.6542,10
2020-04-15 03:29:00,1.6478,-1.1534,121.85,-0.12243,13.662,0.05854,-0.04429,0.0044299999999999,-7e-05,-2.1684,-3.725,-3.4096,-2.98,-2.6542,10
2020-04-15 03:30:00,1.647,-1.2089,121.86,-0.18165,13.662,0.0602499999999999,-0.0503199999999999,0.95705,-0.0463799999999999,-2.1653,-3.6982,-3.4129,-2.9575,-2.6542,10
2020-04-15 03:31:00,1.6456,-1.1645,121.83,-0.30173,13.661,0.04999,-0.0506899999999999,-0.93932,0.0454099999999999,-2.1342,-3.5666,-3.4813,-3.1074,-2.6542,10
2020-04-15 03:32:00,1.647,-1.1091,121.85,-0.3972999999999999,13.661,0.0397199999999999,-0.0426399999999999,-0.19938,0.00713,-2.1445,-3.6629,-3.4372,-3.0605,-2.6542,10
2020-04-15 03:33:00,1.647,-1.1645,121.85,-0.3933499999999999,13.661,0.04143,-0.0453799999999999,0.1107699999999999,-0.0008999999999999,-2.1535,-3.644,-3.4161,-3.0302,-2.6542,10
2020-04-15 03:34:00,1.6462,-1.1313,122.0,-0.31755,13.66,0.0431399999999999,-0.04227,-0.0930499999999999,0.00496,-2.1453,-3.4768,-3.3671,-3.0191,-2.6542,10
2020-04-15 03:35:00,1.6462,-1.0869,122.07,-0.20304,13.662,0.04143,-0.0505099999999999,-1.1786,0.0599799999999999,-2.1306,-3.5301,-3.3574,-3.0237,-2.6542,10
2020-04-15 03:36:00,1.647,-1.1534,122.1,-0.2148799999999999,13.661,0.04143,-0.0441,-1.0191,0.04585,-2.1406,-3.4849,-3.3746,-3.033,-2.6542,10
2020-04-15 03:37:00,1.6454,-1.1978,122.12,-0.51095,13.66,0.0431399999999999,-0.04648,0.19938,-0.00702,-2.1739,-3.6509,-3.4022,-3.0055,-2.5713,10
2020-04-15 03:38:00,1.6476,-1.1423,122.11,-0.83564,13.662,0.04143,-0.04154,0.27471,-0.0137699999999999,-2.2078,-3.6405,-3.429,-3.1082,-2.5436,10
2020-04-15 03:39:00,1.6462,-1.1423,122.05,-0.95576,13.662,0.02605,-0.04483,0.75323,-0.0330299999999999,-2.234,-3.6696,-3.4861,-3.1674,-2.5989,10
2020-04-15 03:40:00,1.6467,-1.1313,122.05,-0.92577,13.662,0.02263,-0.0473999999999999,-0.5183999999999999,0.02246,-2.2467,-3.7562,-3.5476,-3.2575,-2.6266,10
2020-04-15 03:41:00,1.6467,-1.1423,122.09,-0.99294,13.662,0.01921,-0.05106,0.12406,-0.0016299999999999,-2.2973,-3.7396,-3.6536,-3.3734,-2.6266,10
2020-04-15 03:42:00,1.6459,-1.1313,122.08,-1.2103,13.662,0.02092,-0.04795,0.15508,-0.01362,-2.3406,-3.8117,-3.6992,-3.4433,-2.6542,10
2020-04-15 03:43:00,1.6476,-1.1978,121.98,-1.2551,13.661,0.01921,-0.04923,0.01329,-0.00369,-2.3602,-3.8329,-3.683,-3.4329,-2.6543,10
2020-04-15 03:44:00,1.647,-1.1867,122.0,-1.1547,13.663,0.01237,-0.04721,0.51397,-0.02946,-2.35,-3.6476,-3.5982,-3.3288,-2.6543,10
2020-04-15 03:45:00,1.6462,-1.1756,122.06,-0.91827,13.662,0.0021099999999999,-0.0451999999999999,-0.8950099999999999,0.0413,-2.2931,-3.5971,-3.5691,-3.3191,-2.6543,10
2020-04-15 03:46:00,1.6478,-1.22,122.05,-0.56637,13.662,0.0004,-0.0459299999999999,-0.77981,0.03742,-2.2956,-3.6856,-3.4677,-3.159,-2.599,10
2020-04-15 03:47:00,1.6478,-1.22,122.03,-0.2709699999999999,13.663,-0.00131,-0.0457499999999999,-0.2082499999999999,0.0127499999999999,-2.2566,-3.6149,-3.334,-2.9817,-2.6543,10
2020-04-15 03:48:00,1.647,-1.1756,122.09,-0.11391,13.662,0.0004,-0.0457499999999999,0.6468899999999999,-0.02535,-2.2006,-3.4384,-3.2972,-2.8648,-2.4607,10
2020-04-15 03:49:00,1.6473,-1.1423,122.09,-0.11025,13.661,-0.00131,-0.0453799999999999,-0.1816599999999999,0.00728,-2.1687,-3.531,-3.339,-2.8944,-2.3225,10
2020-04-15 03:50:00,1.6462,-1.1867,122.09,-0.1292099999999999,13.663,0.0021099999999999,-0.04227,0.4032,-0.01575,-2.151,-3.4495,-3.2704,-2.8252,-2.5713,10
2020-04-15 03:51:00,1.6473,-1.1313,122.04,0.07609,13.663,0.0004,-0.05124,0.29686,-0.01097,-2.0734,-3.2155,-3.1131,-2.6931,-2.599,10
2020-04-15 03:52:00,1.6462,-1.1423,122.06,0.27112,13.664,-0.00644,-0.0501399999999999,-0.17723,0.0096399999999999,-2.0031,-3.251,-3.0505,-2.6048,-2.6266,10
2020-04-15 03:53:00,1.647,-1.1645,122.03,0.34139,13.662,-0.0184099999999999,-0.0481299999999999,0.18609,-0.00772,-1.9793,-3.3125,-3.0668,-2.6103,-2.4331,10
2020-04-15 03:54:00,1.6467,-1.1534,121.92,0.31846,13.66,-0.0201199999999999,-0.0441,-0.1905199999999999,0.00321,-1.9839,-3.345,-3.0943,-2.67,-2.2948,10
2020-04-15 03:55:00,1.6467,-1.2089,121.93,0.15418,13.664,-0.0201199999999999,-0.0441,-0.02215,-0.0008099999999999,-2.0253,-3.4604,-3.1738,-2.7752,-1.9907,10
2020-04-15 03:56:00,1.6462,-1.1756,121.97,-0.35597,13.662,-0.0201199999999999,-0.04447,-0.37218,0.0153399999999999,-2.0846,-3.5141,-3.2998,-2.944,-2.129,10
2020-04-15 03:57:00,1.6467,-1.1534,121.97,-0.8788799999999999,13.66,-0.02525,-0.04685,0.2569799999999999,-0.0121899999999999,-2.1512,-3.6432,-3.4031,-3.0773,-2.4884,10
2020-04-15 03:58:00,1.647,-1.2089,121.89,-1.2677,13.66,-0.03721,-0.04666,-0.19938,0.0055999999999999,-2.2218,-3.7456,-3.5348,-3.2698,-2.6543,10
2020-04-15 03:59:00,1.6459,-1.1423,121.98,-1.5524,13.661,-0.04233,-0.0499599999999999,1.152,-0.05938,-2.3077,-3.8884,-3.6532,-3.3609,-2.6543,10
2020-04-15 04:00:00,1.6467,-1.1313,121.98,-1.7034,13.66,-0.03891,-0.0483099999999999,0.37218,-0.01435,-2.3536,-3.9144,-3.748,-3.5524,-2.6819,10
2020-04-15 04:01:00,1.6465,-1.1645,122.11,-1.7911,13.664,-0.03891,-0.0481299999999999,0.31902,-0.0258399999999999,-2.4108,-4.0299,-3.8291,-3.6348,-2.8202,10
2020-04-15 04:02:00,1.6443,-1.098,122.1,-1.8505,13.663,-0.04062,-0.0473999999999999,-1.121,0.0506599999999999,-2.4268,-3.9649,-3.8774,-3.7526,-2.9031,10
2020-04-15 04:03:00,1.6467,-1.1867,122.0,-1.8495,13.662,-0.04404,-0.04904,0.1284899999999999,-0.00969,-2.4674,-3.9491,-3.8622,-3.7081,-3.2902,10
2020-04-15 04:04:00,1.6481,-1.1867,122.03,-1.7708,13.662,-0.04062,-0.04721,0.6912,-0.03461,-2.4754,-3.8918,-3.8552,-3.686,-3.2902,10
2020-04-15 04:05:00,1.6462,-1.1756,122.0,-1.7446,13.662,-0.04062,-0.04959,-0.31458,0.01425,-2.4797,-4.0116,-3.9191,-3.7405,-2.9584,10
2020-04-15 04:06:00,1.6454,-1.1645,122.02,-1.7614,13.666,-0.03891,-0.0484899999999999,-0.3411699999999999,0.01625,-2.5008,-4.0967,-3.9481,-3.7982,-2.6543,10
2020-04-15 04:07:00,1.6476,-1.1645,121.9,-1.7804,13.664,-0.03891,-0.05197,-0.45637,0.02099,-2.5344,-4.0916,-3.9983,-3.8778,-2.7649,10
2020-04-15 04:08:00,1.647,-1.1645,121.92,-1.8057,13.664,-0.04404,-0.0431899999999999,0.08418,-0.0062199999999999,-2.5746,-4.1391,-4.0487,-3.9354,-2.7649,10
2020-04-15 04:09:00,1.647,-1.1645,121.86,-1.7968,13.664,-0.0543,-0.04941,0.29686,-0.01304,-2.6,-4.1833,-4.0691,-3.8948,-2.6819,10
2020-04-15 04:10:00,1.6465,-1.1534,121.89,-1.7121,13.666,-0.06456,-0.0508699999999999,-0.85957,0.04401,-2.5989,-4.2245,-4.0687,-3.9116,-2.6543,10
2020-04-15 04:11:00,1.6465,-1.1534,121.9,-1.6084,13.669,-0.06114,-0.04721,-0.07975,0.00097,-2.5868,-4.0768,-4.0624,-3.8981,-2.6819,10
2020-04-15 04:12:00,1.6467,-1.1867,121.91,-1.4784,13.669,-0.0594299999999999,-0.0473999999999999,0.01329,-0.0071799999999999,-2.5715,-4.093,-4.0435,-3.8584,-2.6543,10
2020-04-15 04:13:00,1.647,-1.1423,121.91,-1.4475,13.667,-0.06114,-0.04666,-0.03545,-0.00468,-2.5868,-4.1313,-4.1084,-3.9125,-2.6543,10
2020-04-15 04:14:00,1.6476,-1.1867,122.0,-1.4854,13.671,-0.06285,-0.05124,0.58043,-0.0285499999999999,-2.5964,-4.057,-4.1388,-3.991,-2.6543,10
2020-04-15 04:15:00,1.6456,-1.0869,121.99,-1.4823,13.67,-0.06456,-0.04941,0.95704,-0.04761,-2.6088,-4.3192,-4.1362,-3.8815,-2.6542,10
2020-04-15 04:16:00,1.6465,-1.1313,122.06,-1.54,13.671,-0.0833799999999999,-0.05106,-0.8374099999999999,0.04045,-2.6492,-4.4028,-4.2779,-4.087,-2.7095,10
2020-04-15 04:17:00,1.6459,-1.1867,122.09,-1.646,13.669,-0.08167,-0.0451999999999999,-0.95261,0.04446,-2.6911,-4.5347,-4.3609,-4.1922,-2.7371,10
2020-04-15 04:18:00,1.6487,-1.22,122.08,-1.783,13.672,-0.09192,-0.05197,-0.05317,0.00201,-2.7665,-4.7454,-4.4329,-4.2512,-2.8201,10
2020-04-15 04:19:00,1.647,-1.1534,122.04,-1.893,13.67,-0.09875,-0.04795,0.60701,-0.02373,-2.8148,-4.6186,-4.4606,-4.312,-2.8201,10
2020-04-15 04:20:00,1.6481,-1.2643,121.98,-1.9508,13.668,-0.1004599999999999,-0.05179,0.47852,-0.02562,-2.8244,-4.6232,-4.4164,-4.2261,-3.2625,10
2020-04-15 04:21:00,1.6462,-1.1756,122.0,-1.9493,13.669,-0.1004599999999999,-0.0433699999999999,0.84628,-0.03284,-2.8302,-4.522,-4.4315,-4.2448,-3.1242,10
2020-04-15 04:22:00,1.6481,-1.1756,121.9,-1.9612,13.668,-0.11755,-0.04666,-0.7177799999999999,0.03352,-2.8488,-4.6506,-4.4214,-4.2297,-3.3178,10
2020-04-15 04:23:00,1.6476,-1.22,121.83,-2.0491,13.671,-0.12268,-0.05161,0.12406,-0.00923,-2.8697,-4.6996,-4.4209,-4.1911,-3.1242,10
2020-04-15 04:24:00,1.6492,-1.2754,121.77,-1.9524,13.67,-0.1260999999999999,-0.04703,-0.4076299999999999,0.0201299999999999,-2.8675,-4.5106,-4.311,-4.0971,-3.2072,10
2020-04-15 04:25:00,1.6465,-1.1756,121.86,-1.6983,13.673,-0.13294,-0.0508699999999999,-0.24812,0.0115,-2.8114,-4.3595,-4.2791,-4.081,-2.8754,10
2020-04-15 04:26:00,1.6445,-1.1313,121.84,-1.4728,13.669,-0.14321,-0.05106,-0.99692,0.04539,-2.7838,-4.3369,-4.2687,-4.0361,-2.8201,10
2020-04-15 04:27:00,1.6495,-1.2865,121.8,-1.2949,13.671,-0.1449199999999999,-0.05691,-0.21711,0.01512,-2.7648,-4.1635,-4.2252,-3.9497,-2.6819,10
2020-04-15 04:28:00,1.649,-1.22,121.83,-1.1217,13.668,-0.15347,-0.0483099999999999,-0.1462199999999999,0.00331,-2.714,-4.2037,-4.1391,-3.8514,-2.6542,10
2020-04-15 04:29:00,1.6476,-1.1645,121.8,-0.99523,13.669,-0.16372,-0.0484899999999999,0.7665199999999999,-0.0386099999999999,-2.7029,-4.1731,-4.1523,-3.8252,-2.6819,10
2020-04-15 04:30:00,1.6462,-1.1313,121.67,-0.97773,13.67,-0.1620099999999999,-0.0501399999999999,-0.73108,0.03341,-2.6983,-4.2741,-4.1836,-3.8851,-2.6543,10
2020-04-15 04:31:00,1.6459,-1.1202,121.78,-1.1224,13.671,-0.1791099999999999,-0.05362,-1.0811,0.0623999999999999,-2.7284,-4.3358,-4.2683,-4.0265,-2.6543,10
2020-04-15 04:32:00,1.6465,-1.1756,121.77,-1.3318,13.671,-0.18937,-0.0441,-0.19495,0.01101,-2.7759,-4.3728,-4.3548,-4.0878,-2.6543,10
2020-04-15 04:33:00,1.6462,-1.0869,121.83,-1.4345,13.67,-0.2030599999999999,-0.04703,1.1166,-0.05249,-2.8176,-4.4168,-4.322,-4.0335,-2.6543,10
2020-04-15 04:34:00,1.649,-1.1867,121.69,-1.463,13.673,-0.2064699999999999,-0.0525199999999999,0.31458,-0.0177,-2.791,-4.4769,-4.2027,-3.9271,-2.6543,10
2020-04-15 04:35:00,1.6473,-1.1978,121.75,-1.4052,13.673,-0.20476,-0.05362,0.1816599999999999,-0.0091699999999999,-2.76,-4.3395,-4.1715,-3.881,-2.6543,10
2020-04-15 04:36:00,1.6459,-1.1534,121.69,-1.2233,13.674,-0.22014,-0.0497799999999999,0.8374099999999999,-0.0434,-2.7246,-4.1311,-4.1031,-3.8169,-2.6543,10
2020-04-15 04:37:00,1.647,-1.1423,121.65,-0.99961,13.675,-0.22697,-0.04612,0.15065,-0.00139,-2.685,-4.0878,-3.9988,-3.709,-2.6543,10
2020-04-15 04:38:00,1.6456,-1.1313,121.72,-0.83962,13.674,-0.24065,-0.0475799999999999,0.15951,-0.0092399999999999,-2.6759,-4.1008,-3.9996,-3.6776,-2.6543,10
2020-04-15 04:39:00,1.6473,-1.2089,121.72,-0.8062399999999998,13.671,-0.2492,-0.0505099999999999,0.6158799999999999,-0.031,-2.6673,-4.0771,-4.0197,-3.7056,-2.6543,10
2020-04-15 04:40:00,1.6465,-1.1978,121.6,-0.80388,13.674,-0.25946,-0.04886,0.8728599999999999,-0.04401,-2.6755,-4.1851,-4.015,-3.6557,-2.6543,10
2020-04-15 04:41:00,1.6467,-1.1867,121.7,-0.8100899999999999,13.672,-0.26972,-0.0497799999999999,-0.42535,0.01804,-2.6708,-4.2557,-4.0555,-3.7299,-2.6543,10
2020-04-15 04:42:00,1.647,-1.2089,121.7,-0.8273599999999999,13.672,-0.2748499999999999,-0.0501399999999999,0.0044299999999999,-0.0058399999999999,-2.6709,-4.1834,-4.1073,-3.7817,-2.6543,10
2020-04-15 04:43:00,1.6459,-1.1867,121.75,-0.90954,13.673,-0.2851,-0.0526999999999999,-1.1742,0.06296,-2.6891,-4.2519,-4.1378,-3.8099,-2.6543,10
2020-04-15 04:44:00,1.6473,-1.1645,121.66,-1.0802,13.673,-0.28852,-0.0525199999999999,-0.3367399999999999,0.01477,-2.6976,-4.2066,-4.1635,-3.8765,-2.6543,10
2020-04-15 04:45:00,1.6465,-1.1534,121.61,-1.2786,13.674,-0.29707,-0.04795,-0.27028,0.01426,-2.6876,-4.1592,-4.0839,-3.8106,-2.6543,10
2020-04-15 04:46:00,1.6467,-1.1867,121.62,-1.2976,13.674,-0.30562,-0.04666,0.62917,-0.0277999999999999,-2.7033,-4.193,-4.091,-3.746,-2.6543,10
2020-04-15 04:47:00,1.647,-1.2089,121.61,-1.3657,13.675,-0.3090399999999999,-0.0497799999999999,-0.0265799999999999,0.0030599999999999,-2.6988,-4.1518,-4.1217,-3.8125,-2.6543,10
2020-04-15 04:48:00,1.6459,-1.1645,121.65,-1.3033,13.674,-0.3158799999999999,-0.04923,1.1742,-0.0573499999999999,-2.705,-4.0604,-4.0216,-3.6974,-2.6543,10
2020-04-15 04:49:00,1.6478,-1.22,121.55,-1.1191,13.675,-0.32615,-0.04941,-0.01772,0.00135,-2.6802,-4.0829,-4.0262,-3.6347,-2.6543,10
2020-04-15 04:50:00,1.6478,-1.1645,121.58,-1.0478,13.673,-0.32956,-0.0508699999999999,0.1107699999999999,-0.00649,-2.6908,-4.128,-4.0412,-3.6819,-2.6543,10
2020-04-15 04:51:00,1.6481,-1.22,121.47,-1.0461,13.676,-0.3346899999999999,-0.05618,-0.32788,0.0154,-2.6874,-4.2394,-4.0844,-3.7215,-2.6543,10
2020-04-15 04:52:00,1.6476,-1.1645,121.54,-1.0849,13.673,-0.34493,-0.0550799999999999,0.45637,-0.02534,-2.7135,-4.2476,-4.1134,-3.7633,-2.6543,10
2020-04-15 04:53:00,1.6465,-1.1313,121.54,-1.16,13.674,-0.35519,-0.0508699999999999,1.2938,-0.06542,-2.7567,-4.2802,-4.1653,-3.8131,-2.599,10
2020-04-15 04:54:00,1.6481,-1.22,121.51,-1.2794,13.675,-0.3688699999999999,-0.04483,0.23483,-0.0137299999999999,-2.8005,-4.3672,-4.2846,-3.9682,-2.6266,10
2020-04-15 04:55:00,1.6473,-1.1867,121.47,-1.4257,13.675,-0.3688699999999999,-0.0450199999999999,0.6468899999999999,-0.0274599999999999,-2.8427,-4.4433,-4.3255,-4.0004,-2.6543,10
2020-04-15 04:56:00,1.6476,-1.1645,121.5,-1.5745,13.675,-0.37741,-0.04923,1.183,-0.0569399999999999,-2.8835,-4.5568,-4.3959,-4.065,-2.6543,10
2020-04-15 04:57:00,1.6465,-1.1534,121.6,-1.6767,13.674,-0.38938,-0.0450199999999999,-0.21268,0.00715,-2.9062,-4.5438,-4.5014,-4.2458,-2.6543,10
2020-04-15 04:58:00,1.6484,-1.2311,121.54,-1.7487,13.675,-0.38767,-0.05215,1.3425,-0.0683799999999999,-2.9503,-4.5385,-4.5147,-4.2699,-2.6543,10
2020-04-15 04:59:00,1.6476,-1.1978,121.49,-1.7991,13.676,-0.38767,-0.0526999999999999,1.5286,-0.08049,-2.9632,-4.4802,-4.5621,-4.328,-2.6543,10
2020-04-15 05:00:00,1.6473,-1.2311,121.43,-1.8268,13.673,-0.3910899999999999,-0.04703,2.499,-0.12306,-2.9809,-4.521,-4.5512,-4.3128,-2.6543,10
2020-04-15 05:01:00,1.6473,-1.1645,121.39,-1.7682,13.675,-0.4098899999999999,-0.0570999999999999,3.1458,-0.18196,-2.9784,-4.4524,-4.4826,-4.2794,-2.6543,10
2020-04-15 05:02:00,1.6481,-1.1867,121.33,-1.6578,13.675,-0.4081799999999999,-0.04923,3.0395,-0.15437,-2.9638,-4.4586,-4.4686,-4.2518,-2.5713,10
2020-04-15 05:03:00,1.647,-1.1978,121.31,-1.6262,13.675,-0.41331,-0.0501399999999999,3.3452,-0.17118,-2.9647,-4.4207,-4.425,-4.2405,-2.3778,10
2020-04-15 05:04:00,1.6465,-1.1423,121.42,-1.57,13.676,-0.4287099999999999,-0.04721,4.6036,-0.21987,-2.9587,-4.3285,-4.4154,-4.2294,-2.2395,10
2020-04-15 05:05:00,1.6484,-1.2422,121.2,-1.5327,13.677,-0.43042,-0.04685,4.8916,-0.2247899999999999,-2.9547,-4.2714,-4.3827,-4.1874,-2.0183,10
2020-04-15 05:06:00,1.6481,-1.22,121.33,-1.5074,13.676,-0.43042,-0.0453799999999999,6.8987,-0.30796,-2.9447,-4.2815,-4.3317,-4.0604,-1.9907,10
2020-04-15 05:07:00,1.649,-1.2422,121.36,-1.4647,13.676,-0.44751,-0.0455699999999999,7.838,-0.3560499999999999,-2.9518,-4.2262,-4.2614,-3.9829,-1.9907,10
2020-04-15 05:08:00,1.6481,-1.2422,121.42,-1.4184,13.677,-0.44922,-0.04886,9.6059,-0.46886,-2.925,-4.1799,-4.2093,-3.9374,-1.9907,10
2020-04-15 05:09:00,1.647,-1.1978,121.4,-1.3535,13.677,-0.45093,-0.05618,10.395,-0.58579,-2.8931,-4.0424,-4.2175,-3.9621,-1.9907,10
2020-04-15 05:10:00,1.6476,-1.1978,121.31,-1.28,13.675,-0.45093,-0.0484899999999999,10.257,-0.50073,-2.8752,-4.0948,-4.1149,-3.8451,-1.9354,10
2020-04-15 05:11:00,1.647,-1.2311,121.36,-1.2065,13.679,-0.44922,-0.04685,10.443,-0.4953199999999999,-2.8506,-4.1096,-4.078,-3.7932,-1.576,10
2020-04-15 05:12:00,1.6481,-1.2754,121.31,-1.1701,13.678,-0.45776,-0.0429999999999999,10.745,-0.46421,-2.8348,-4.1634,-4.0673,-3.809,-1.3271,10
2020-04-15 05:13:00,1.6484,-1.2422,121.37,-1.2278,13.677,-0.4697299999999999,-0.0501399999999999,10.909,-0.5391,-2.8648,-4.2343,-4.1626,-3.9064,-0.99535,10
2020-04-15 05:14:00,1.6476,-1.2643,121.33,-1.438,13.679,-0.4782699999999999,-0.0450199999999999,14.821,-0.66436,-2.9062,-4.2831,-4.1984,-3.9458,-0.80181,10
2020-04-15 05:15:00,1.6473,-1.2754,121.34,-1.5891,13.678,-0.4936599999999999,-0.0453799999999999,16.234,-0.7373199999999999,-2.931,-4.3216,-4.2548,-4.046,-0.6635699999999999,10
2020-04-15 05:16:00,1.6478,-1.2311,121.35,-1.7267,13.675,-0.4936599999999999,-0.03934,19.216,-0.75251,-2.921,-4.2477,-4.2807,-4.0912,-0.5253299999999999,10
2020-04-15 05:17:00,1.6473,-1.2976,121.31,-1.8263,13.677,-0.49195,-0.04392,21.427,-0.94123,-2.9229,-4.3759,-4.2402,-4.0558,0.13824,10
2020-04-15 05:18:00,1.6459,-1.2533,121.35,-1.7844,13.678,-0.50733,-0.04886,24.188,-1.1815,-2.919,-4.3211,-4.2773,-4.0993,0.6082699999999999,10
2020-04-15 05:19:00,1.6462,-1.3087,121.36,-1.763,13.68,-0.51075,-0.0382499999999999,27.785,-1.0598,-2.9267,-4.3353,-4.3266,-4.1522,0.94006,10
2020-04-15 05:20:00,1.6473,-1.2976,121.23,-1.7757,13.677,-0.51417,-0.03074,32.473,-0.98437,-2.9359,-4.333,-4.3717,-4.2052,1.6866,10
2020-04-15 05:21:00,1.6467,-1.2754,121.32,-1.8074,13.679,-0.5347,-0.03166,40.32,-1.2872,-2.9687,-4.4916,-4.3156,-4.0946,2.2948,10
2020-04-15 05:22:00,1.6478,-1.3753,121.37,-1.8731,13.68,-0.5312799999999999,-0.0334899999999999,46.412,-1.5588,-2.9731,-4.491,-4.3222,-4.1169,3.152,10
2020-04-15 05:23:00,1.647,-1.3087,121.36,-1.9428,13.679,-0.5312799999999999,-0.0298299999999999,53.377,-1.5915,-2.9517,-4.3266,-4.3136,-4.1787,4.645,10
2020-04-15 05:24:00,1.6481,-1.3642,121.29,-1.984,13.678,-0.5329899999999999,-0.02946,58.052,-1.7138,-2.9441,-4.2522,-4.3168,-4.1704,4.9768,10
2020-04-15 05:25:00,1.6459,-1.3087,121.3,-1.9833,13.679,-0.5483799999999999,-0.0225099999999999,71.069,-1.6272,-2.9968,-4.328,-4.3194,-4.1198,5.9721,10
2020-04-15 05:26:00,1.649,-1.3531,121.32,-1.8369,13.68,-0.55351,-0.0287299999999999,87.79999999999998,-2.5372,-2.9719,-4.1874,-4.252,-4.0934,6.691,10
2020-04-15 05:27:00,1.6478,-1.3863,121.35,-1.5117,13.678,-0.55351,-0.02836,106.9,-3.0237,-2.9246,-4.1996,-4.0647,-3.8301,7.299299999999999,10
2020-04-15 05:28:00,1.6484,-1.4085,121.34,-1.2411,13.68,-0.5586299999999998,-0.02891,132.71,-3.8178,-2.864,-3.9845,-3.9759,-3.712,8.681699999999998,10
2020-04-15 05:29:00,1.6495,-1.4418,121.27,-0.94705,13.679,-0.5723099999999999,-0.03697,158.66,-5.8581,-2.8283,-3.9847,-3.8548,-3.5308,11.253,10
2020-04-15 05:30:00,1.6481,-1.4418,121.23,-0.7502999999999999,13.678,-0.5757299999999999,-0.03422,181.88,-6.2269,-2.7638,-3.844,-3.7995,-3.4504,14.543,10
2020-04-15 05:31:00,1.6887,-4.1369,121.31,-0.5900499999999999,13.678,-0.58428,-0.01226,167.73,-2.1779,-2.6694,-3.8117,-3.6955,-3.3057,17.916,10
2020-04-15 05:32:00,1.6923,-2.7394,121.35,-0.50168,13.679,-0.5911199999999999,0.0003699999999999,157.88,0.04868,-2.574,-3.716,-3.5949,-3.1751,19.492,10
2020-04-15 05:33:00,1.6884,-1.8078,121.33,-0.6059499999999999,13.677,-0.5928299999999999,0.01226,158.19,1.9399,-2.4763,-3.6081,-3.5471,-3.1517,21.483,10
2020-04-15 05:34:00,1.689,-0.4768999999999999,121.33,-0.98191,13.676,-0.5962399999999999,0.02159,158.89,3.4295,-2.4333,-3.7054,-3.5076,-3.1072,23.28,10
2020-04-15 05:35:00,1.6892,-0.27727,121.19,-1.3443,13.676,-0.5962399999999999,0.01793,158.24,2.8387,-2.3611,-3.6875,-3.4861,-3.1272,23.944,10
2020-04-15 05:36:00,1.6942,-1.0093,121.29,-1.5017,13.677,-0.61162,0.0258,158.26,4.0882,-2.2986,-3.6614,-3.4843,-3.1584,23.114,10
2020-04-15 05:37:00,1.6942,-0.69872,121.28,-1.5054,13.677,-0.61504,0.02324,157.81,3.6736,-2.2213,-3.6885,-3.4297,-3.1347,23.225,10
2020-04-15 05:38:00,1.689,-0.08873,121.32,-1.4397,13.676,-0.61504,0.02525,158.58,4.0054,-2.1091,-3.4476,-3.4097,-3.179,24.359,10
2020-04-15 05:39:00,1.676,2.1072,121.3,-1.3677,13.676,-0.61504,0.0360499999999999,157.55,5.6778,-1.992,-3.3173,-3.3309,-3.144,27.511,10
2020-04-15 05:40:00,1.6719,3.8374,121.23,-1.2312,13.675,-0.61333,0.0570999999999999,158.13,9.0286,-1.8368,-3.1222,-3.1344,-2.9683,30.358,10
2020-04-15 05:41:00,1.6672,4.7801,121.3,-1.005,13.676,-0.61333,0.06167,157.3,9.6995,-1.6405,-3.0084,-2.9497,-2.783,32.128,10
2020-04-15 05:42:00,1.6738,5.745,121.41,-0.7308099999999998,13.674,-0.61333,0.0704499999999999,156.66,11.038,-1.46,-2.7751,-2.7744,-2.6149,33.372,10
2020-04-15 05:43:00,1.6699,7.2312,121.41,-0.5204999999999999,13.672,-0.61333,0.07613,156.96,11.95,-1.3024,-2.7944,-2.6099,-2.3868,35.059,10
2020-04-15 05:44:00,1.6661,9.7821,121.39,-0.3506699999999999,13.672,-0.61333,0.0980899999999999,156.52,15.352,-1.1085,-2.5577,-2.4948,-2.2818,39.234,10
2020-04-15 05:45:00,1.6685,10.07,121.27,-0.2266799999999999,13.671,-0.61846,0.10724,157.9,16.933,-0.96542,-2.4585,-2.3477,-2.0804,40.45,10
2020-04-15 05:46:00,1.6688,10.758,121.35,-0.13577,13.671,-0.61504,0.11785,158.15,18.638,-0.801,-2.375,-2.2363,-1.9713,41.832,10
2020-04-15 05:47:00,1.6683,12.621,121.31,-0.1097,13.673,-0.61162,0.1284599999999999,157.19,20.194,-0.6323699999999999,-2.2772,-2.15,-1.8922,44.708,10
2020-04-15 05:48:00,1.6727,14.729,121.35,-0.13813,13.671,-0.5979499999999999,0.14384,158.17,22.75,-0.4763299999999999,-2.1156,-2.062,-1.7928,47.887,10
2020-04-15 05:49:00,1.6727,15.483,121.39,-0.14321,13.668,-0.59248,0.14384,157.33,22.632,-0.3022,-2.0158,-1.9744,-1.7316,48.606,10
2020-04-15 05:50:00,1.676,16.326,121.34,-0.11952,13.666,-0.59177,0.1471399999999999,159.18,23.418,-0.1585199999999999,-1.9173,-1.8687,-1.5854,49.85,10
2020-04-15 05:51:00,1.6749,17.091,121.38,-0.0444799999999999,13.665,-0.57125,0.1583,158.77,25.131,0.04904,-1.8596,-1.7689,-1.502,50.79,10
2020-04-15 05:52:00,1.6741,18.068,121.36,0.0449799999999999,13.662,-0.5691899999999999,0.15922,157.45,25.061,0.2394699999999999,-1.8532,-1.6933,-1.4194,51.924,10
2020-04-15 05:53:00,1.6786,19.011,121.48,0.1239399999999999,13.66,-0.5498899999999999,0.16672,158.05,26.346,0.43568,-1.6262,-1.6126,-1.3622,53.583,10
2020-04-15 05:54:00,1.6777,19.909,121.42,0.16975,13.658,-0.53451,0.17935,158.49,28.429,0.63288,-1.5137,-1.5123,-1.2434,54.108,10
2020-04-15 05:55:00,1.6866,21.883,121.4,0.24012,13.659,-0.5347,0.18941,158.11,29.946,0.8265599999999999,-1.4326,-1.4105,-1.1481,56.541,10
2020-04-15 05:56:00,1.6808,24.601,121.47,0.29618,13.657,-0.52121,0.20954,157.91,33.089,1.0224,-1.2244,-1.2936,-1.0498,60.025,10
2020-04-15 05:57:00,1.6849,25.898,121.43,0.34037,13.657,-0.49557,0.2179599999999999,157.56,34.342,1.2325,-1.1424,-1.1438,-0.8787399999999999,61.076,10
2020-04-15 05:58:00,1.6874,25.0,121.36,0.3916,13.654,-0.48146,0.21485,158.7,34.102,1.4062,-1.1746,-0.99784,-0.69439,60.965,10
2020-04-15 05:59:00,1.683,25.444,121.45,0.4397699999999999,13.652,-0.4520799999999999,0.21833,157.43,34.374,1.6205,-0.98341,-0.88792,-0.6293999999999998,61.656,10
2020-04-15 06:00:00,1.6871,26.642,121.31,0.50138,13.648,-0.44695,0.2225399999999999,158.27,35.22,1.7972,-1.0757,-0.82865,-0.5708699999999999,64.062,10
2020-04-15 06:01:00,1.685,26.354,121.27,0.61672,13.647,-0.42437,0.22364,159.33,35.632,2.004,-0.6672,-0.7618899999999998,-0.5098399999999998,63.454,10
2020-04-15 06:02:00,1.6916,29.227,121.36,0.73043,13.645,-0.3984699999999999,0.21889,182.9,40.003,2.2104,-0.6839899999999999,-0.6583499999999999,-0.40991,66.55,10
2020-04-15 06:03:00,1.7046,29.759,121.39,0.8323,13.644,-0.37796,0.18301,218.43,39.76,2.4065,-0.58016,-0.5616299999999999,-0.3132499999999999,68.347,10
2020-04-15 06:04:00,1.7123,16.005,121.4,0.9255,13.642,-0.3561199999999999,0.08913,250.93,22.077,2.603,-0.4920999999999999,-0.5106,-0.2771899999999999,67.546,10
2020-04-15 06:05:00,1.7051,23.769,121.31,1.0448,13.64,-0.3186999999999999,0.12939,238.1,30.464,2.7966,-0.4575199999999999,-0.4197799999999999,-0.19353,68.181,10
2020-04-15 06:06:00,1.6968,35.027,121.32,1.1379,13.639,-0.2930599999999999,0.21504,211.96,45.565,2.9954,-0.4346999999999999,-0.3336399999999999,-0.0868099999999999,73.29699999999998,10
2020-04-15 06:07:00,1.6954,36.236,121.38,1.1717,13.638,-0.2694699999999999,0.22144,210.19,46.54,3.2028,-0.35702,-0.25527,-0.02197,76.366,10
2020-04-15 06:08:00,1.699,39.308,121.42,1.1914,13.637,-0.23368,0.2336999999999999,210.14,49.104,3.4165,-0.21306,-0.1696699999999999,0.05861,80.762,10
2020-04-15 06:09:00,1.7012,40.583,121.35,1.2539,13.635,-0.1994799999999999,0.23919,211.01,50.467,3.613,-0.1639299999999999,-0.05013,0.20868,84.245,10
2020-04-15 06:10:00,1.7017,40.605,121.37,1.257,13.633,-0.16389,0.24523,210.64,51.647,3.8079,-0.0316,0.0217399999999999,0.2648599999999999,85.59999999999998,10
2020-04-15 06:11:00,1.7012,40.461,121.31,1.2223,13.631,-0.1314599999999999,0.24395,209.86,51.194,3.9595,0.0242899999999999,0.10323,0.31717,87.12099999999998,10
2020-04-15 06:12:00,1.7012,39.463,121.43,1.1559,13.63,-0.0921499999999999,0.2505399999999999,210.42,52.719,4.1234,0.14821,0.15817,0.3536099999999999,89.305,10
2020-04-15 06:13:00,1.7061,42.734,121.36,1.1756,13.632,-0.0565099999999999,0.26389,210.44,55.534,4.3224,0.24567,0.2193799999999999,0.39704,93.673,10
2020-04-15 06:14:00,1.7067,43.477,121.43,1.2293,13.628,-0.01209,0.2660899999999999,210.16,55.925,4.5047,0.2452699999999999,0.3071099999999999,0.48829,96.438,10
2020-04-15 06:15:00,1.7056,43.001,121.39,1.2975,13.626,0.02724,0.2642599999999999,210.21,55.548,4.7193,0.3257499999999999,0.3655499999999999,0.54459,97.434,10
2020-04-15 06:16:00,1.7039,41.769,121.37,1.383,13.624,0.06463,0.25419,210.69,53.559,4.8826,0.41713,0.39227,0.56774,97.655,10
2020-04-15 06:17:00,1.7058,43.643,121.47,1.4335,13.624,0.11249,0.27139,210.25,57.055,5.0689,0.3931999999999999,0.43229,0.61343,100.7,10
2020-04-15 06:18:00,1.713,47.47,121.41,1.5828,13.622,0.16036,0.28988,210.56,61.033,5.2868,0.51494,0.48085,0.65061,106.28,10
2020-04-15 06:19:00,1.7243,53.06,121.48,1.6405,13.621,0.1995,0.32282,210.23,67.857,5.4199,0.51783,0.5384299999999999,0.7252199999999999,112.45,10
2020-04-15 06:20:00,1.7444,60.446,121.38,1.627,13.621,0.24395,0.3608799999999999,208.37,75.187,5.6216,0.66666,0.64466,0.8243099999999999,119.77,10
2020-04-15 06:21:00,1.766,67.367,121.46,1.6854,13.62,0.2918,0.40883,206.85,84.52299999999998,5.8534,0.82881,0.80396,1.0212,128.84,10
2020-04-15 06:22:00,1.7729,71.637,121.52,1.7557,13.618,0.33955,0.43573,204.71,89.188,6.073,0.98795,0.98513,1.2179,134.26,10
2020-04-15 06:23:00,1.7593,69.108,121.51,1.8845,13.616,0.3891299999999999,0.4101099999999999,206.04,84.48099999999998,6.2978,1.1886,1.161,1.4,132.11,10
2020-04-15 06:24:00,1.7546,67.799,121.55,1.9898,13.613,0.4386999999999999,0.4123,202.84,83.628,6.5268,1.3382,1.2928,1.5368,132.19,10
2020-04-15 06:25:00,1.7596,66.967,121.53,1.9851,13.611,0.4899,0.41303,205.16,84.73,6.6822,1.4546,1.4297,1.7013,132.85,10
2020-04-15 06:26:00,1.7624,69.185,121.54,1.9946,13.612,0.5412099999999999,0.42548,203.69,86.66599999999998,6.8748,1.6589,1.5498,1.7738,137.11,10
2020-04-15 06:27:00,1.772,69.307,121.52,2.0105,13.609,0.59077,0.4342599999999999,200.18,86.911,6.9967,1.7367,1.6545,1.9295,138.57,10
2020-04-15 06:28:00,1.7847,75.00799999999998,121.48,2.0295,13.606,0.64885,0.4688499999999999,203.71,95.466,7.1685,1.9336,1.76,2.013,144.6,10
2020-04-15 06:29:00,1.8145,83.06,121.47,2.0817,13.604,0.7035799999999999,0.5186199999999999,200.93,104.2,7.4527,2.0775,1.9096,2.1717,155.36,10
2020-04-15 06:30:00,1.8258,89.92499999999998,121.42,2.1839,13.607,0.7565899999999999,0.55925,196.62,109.95,7.7106,2.2317,2.0787,2.3513,162.63,10
2020-04-15 06:31:00,1.8308,90.069,121.42,2.2748,13.604,0.81298,0.55412,199.91,110.79,7.9583,2.4791,2.2228,2.4812,162.99,10
2020-04-15 06:32:00,1.8178,86.997,121.43,2.2946,13.598,0.86943,0.54076,198.47,107.33,8.1422,2.5274,2.3818,2.6479,160.39,10
2020-04-15 06:33:00,1.836,87.607,121.48,2.3818,13.597,0.92756,0.549,202.73,111.28,8.4116,2.7829,2.5268,2.7999,162.32,10
2020-04-15 06:34:00,1.8437,87.92799999999998,121.49,2.5955,13.596,0.99082,0.54076,204.22,110.37,8.6399,2.979,2.6741,2.9556,162.04,10
2020-04-15 06:35:00,1.8528,89.51399999999998,121.42,2.8353,13.592,1.0473,0.5310599999999999,209.27,111.15,8.8677,3.1024,2.7247,3.0296,161.08,10
2020-04-15 06:36:00,1.889,100.26,121.5,2.8716,13.593,1.1157,0.58066,212.0,123.03,9.101400000000002,3.1083,2.8848,3.1854,173.46,10
2020-04-15 06:37:00,1.9251,105.96,121.56,2.8059,13.592,1.1756,0.61543,212.1,130.53,9.3631,3.3624,3.04,3.344,180.87,10
2020-04-15 06:38:00,1.9246,106.34,121.49,2.8233,13.593,1.232,0.62201,214.28,133.28,9.6171,3.5578,3.2144,3.5338,181.89,10
2020-04-15 06:39:00,1.9254,109.75,121.47,2.8273,13.589,1.2988,0.64361,211.25,135.86,9.8599,3.7591,3.3282,3.6715,183.57,10
2020-04-15 06:40:00,1.9591,116.09,121.44,2.897,13.585,1.3604,0.6856999999999999,208.66,143.08,10.138,4.009,3.4786,3.8367,193.97,10
2020-04-15 06:41:00,1.9814,120.5,121.44,3.0609,13.586,1.4357,0.69283,215.79,149.51,10.403,4.1397,3.6822,4.0698,199.52,10
2020-04-15 06:42:00,2.0035,126.9,121.49,3.1012,13.583,1.499,0.70967,221.24,157.0,10.66,4.2916,3.8596,4.2274,205.63,10
2020-04-15 06:43:00,2.0454,141.42,121.63,3.0687,13.58,1.5623,0.76731,224.51,172.17,10.902,4.5154,4.0737,4.442,218.26,10
2020-04-15 06:44:00,2.102,152.55,121.63,3.1182,13.579,1.6325,0.8207499999999999,224.42,184.18,11.202,4.7911,4.2855,4.6762,229.35,10
2020-04-15 06:45:00,2.1467,161.38,121.6,3.1866,13.577,1.6976,0.8496599999999999,229.13,194.65,11.488,5.0623,4.5745,4.9664,237.92,10
2020-04-15 06:46:00,2.1497,162.21,121.67,3.181,13.574,1.773,0.84747,232.97,197.43,11.747,5.3294,4.8729,5.2421,238.83,10
2020-04-15 06:47:00,2.15,162.15,121.66,3.1462,13.572,1.8432,0.84399,235.02,198.34,12.05,5.5829,5.1675,5.5653,238.63,10
2020-04-15 06:48:00,2.1268,156.69,121.74,3.2049,13.568,1.9117,0.8262399999999999,231.94,191.65,12.351,5.8529,5.3616,5.7199,235.04,10
2020-04-15 06:49:00,1.9574,121.5,121.54,3.2651,13.568,1.9905,0.6458,233.44,150.8,12.595,5.8319,5.5131,5.8537,186.74,10
2020-04-15 06:50:00,2.041,137.42,121.57,3.3575,13.567,2.0608,0.70162,242.93,170.44,12.72,5.9509,5.6033,6.0114,215.49,10
2020-04-15 06:51:00,1.7436,55.609,121.32,3.4509,13.563,2.1344,0.30469,241.66,73.63599999999998,12.763,5.7841,5.433,5.7469,109.64,10
2020-04-15 06:52:00,1.7193,35.923,121.33,3.4271,13.561,2.2064,0.2088,242.37,50.609,12.603,5.3877,5.1109,5.4024,85.146,10
2020-04-15 06:53:00,1.7221,35.147,121.26,3.3148,13.56,2.2887,0.20349,240.37,48.92,12.319,4.9588,4.7537,4.9172,83.763,10
2020-04-15 06:54:00,1.7188,28.415,121.35,3.1637,13.559,2.3624,0.16488,241.69,39.844,11.993,4.7249,4.3215,4.4485,75.27599999999998,10
2020-04-15 06:55:00,1.7397,22.57,121.29,2.9514,13.558,2.4447,0.14219,242.03,34.413,11.695,4.3859,3.9195,4.0098,67.895,10
2020-04-15 06:56:00,1.7425,22.925,121.23,2.7157,13.558,2.5185,0.13999,241.58,33.818,11.366,3.9528,3.5722,3.5658,67.286,10
2020-04-15 06:57:00,1.7254,26.418,121.29,2.5838,13.556,2.5957,0.1647,240.68,39.631,11.088,3.5341,3.2846,3.2387,69.912,10
2020-04-15 06:58:00,1.7174,29.956,121.28,2.5094,13.556,2.6729,0.1711,240.81,41.205,10.701,3.3179,3.0196,2.934,72.4,10
2020-04-15 06:59:00,1.7207,31.52,121.27,2.4426,13.555,2.7484,0.18611,240.91,44.832,10.361,3.0427,2.8122,2.7301,74.05899999999998,10
2020-04-15 07:00:00,1.7193,34.914,121.17,2.3902,13.554,2.817,0.2082499999999999,240.92,50.167,10.055,2.89,2.6537,2.5653,77.929,10
2020-04-15 07:01:00,1.7281,44.629,121.25,2.3759,13.557,2.884,0.25327,240.47,60.922,9.9098,2.8226,2.582,2.444,87.328,10
2020-04-15 07:02:00,1.7403,55.188,121.26,2.3951,13.557,2.9527,0.29957,240.71,72.10599999999998,9.8155,2.7073,2.6069,2.4823,100.35,10
2020-04-15 07:03:00,1.745,52.36,121.25,2.4237,13.556,3.0145,0.2847399999999999,242.37,69.023,9.7584,2.7296,2.5619,2.4316,97.138,10
2020-04-15 07:04:00,1.8112,80.29699999999998,121.33,2.4419,13.558,3.0763,0.41724,244.21,101.77,9.7147,2.727,2.6641,2.6011,129.76,10
2020-04-15 07:05:00,1.9516,117.83,121.34,2.4503,13.559,3.1433,0.6178,238.31,147.03,9.7179,2.8846,2.8584,2.7877,169.97,10
2020-04-15 07:06:00,1.7913,76.593,121.25,2.4203,13.558,3.1931,0.41541,234.91,97.608,9.7265,3.0688,2.8538,2.7364,123.48,10
2020-04-15 07:07:00,1.7786,72.79999999999998,121.33,2.4037,13.559,3.2447,0.3912499999999999,232.24,90.93,9.7125,3.0249,2.9295,2.8411,120.19,10
2020-04-15 07:08:00,1.8457,87.406,121.44,2.3993,13.558,3.3048,0.4873199999999999,229.47,111.59,9.6741,3.0059,2.96,2.8716,131.52,10
2020-04-15 07:09:00,1.8986,105.35,121.4,2.4491,13.557,3.3564,0.56693,229.9,130.26,9.7718,3.1869,3.1869,3.1515,157.86,10
2020-04-15 07:10:00,1.8026,79.199,121.37,2.5013,13.555,3.3993,0.44285,227.43,100.68,9.7737,3.2369,3.1415,3.0552,125.85,10
2020-04-15 07:11:00,1.7154,39.672,121.18,2.4857,13.556,3.4698,0.23735,228.78,54.31,9.6579,3.1024,3.1088,3.0105,83.866,10
2020-04-15 07:12:00,1.7411,51.949,121.34,2.4952,13.554,3.4956,0.29829,229.71,68.537,9.4516,3.0427,2.9897,2.8546,94.647,10
2020-04-15 07:13:00,1.9439,117.42,121.59,2.5293,13.556,3.5472,0.6339,232.76,147.83,9.3866,3.1961,3.1233,3.001,165.47,10
2020-04-15 07:14:00,1.8636,100.54,121.42,2.5717,13.556,3.5885,0.5398399999999999,231.71,125.0,9.4943,3.3477,3.3074,3.1873,150.07,10
2020-04-15 07:15:00,1.8134,84.07899999999998,121.34,2.6343,13.553,3.6315,0.4695699999999999,225.56,105.8,9.5822,3.426,3.3603,3.2564,129.2,10
2020-04-15 07:16:00,1.8997,103.31,121.41,2.6327,13.556,3.6728,0.5563099999999999,231.49,129.13,9.5078,3.396,3.4405,3.3416,148.1,10
2020-04-15 07:17:00,2.0837,147.9,121.53,2.6802,13.556,3.7158,0.7835999999999999,231.2,181.12,9.6069,3.7576,3.8042,3.7004,200.98,10
2020-04-15 07:18:00,2.3127,189.8,121.72,2.7546,13.554,3.7588,0.95744,239.47,229.64,9.8205,4.1782,4.1563,4.0639,235.18,10
2020-04-15 07:19:00,2.7599,262.33,121.81,2.8861,13.553,3.8018,1.3112,241.19,316.43,10.218,4.8903,4.9769,4.8804,331.37,10
2020-04-15 07:20:00,2.1817,166.94,121.57,3.0767,13.552,3.8362,0.83593,239.64,200.39,10.645,5.3529,5.3444,5.3191,221.57,10
2020-04-15 07:21:00,2.0509,141.9,121.4,3.1893,13.549,3.881,0.72943,237.99,173.69,10.808,5.4299,5.5439,5.5319,189.15,10
2020-04-15 07:22:00,2.8099,266.47,121.9,3.2971,13.548,3.9137,1.3101,245.3,321.67,11.067,5.9936,6.1047,6.0653,330.45,10
2020-04-15 07:23:00,1.8407,93.318,121.5,3.3236,13.547,3.9584,0.48147,242.93,117.01,11.259,6.0467,6.1732,6.2063,142.76,10
2020-04-15 07:24:00,2.1182,149.95,121.7,3.3276,13.546,3.9894,0.77646,239.36,184.93,11.207,6.0621,6.1197,6.0698,193.76,10
2020-04-15 07:25:00,2.1654,163.88,121.65,3.2769,13.542,4.0342,0.83484,240.49,200.94,11.249,6.1763,6.3211,6.2016,213.75,10
2020-04-15 07:26:00,2.915,282.66,121.99,3.2723,13.542,4.0773,1.3699,250.6,343.27,11.406,6.5817,6.819,6.687,340.39,10
2020-04-15 07:27:00,2.7715,259.69,121.93,3.3619,13.542,4.1203,1.2632,248.17,313.32,11.879,7.2844,7.5284,7.3173,321.79,10
2020-04-15 07:28:00,2.9776,295.44,122.03,3.4556,13.541,4.1565,1.4525,245.82,357.08,12.171,7.766899999999999,7.9309,7.762699999999999,356.64,10
2020-04-15 07:29:00,3.096,310.5,122.05,3.6034,13.537,4.1962,1.4839,251.37,373.04,12.596,8.4498,8.6045,8.4456,377.51,10
2020-04-15 07:30:00,2.9757,291.74,122.05,3.7256,13.537,4.2375,1.3743,255.62,351.78,13.024,8.932299999999998,9.1406,8.965099999999998,353.27,10
2020-04-15 07:31:00,3.2654,337.06,122.06,3.7739,13.536,4.2789,1.578,257.12,405.63,13.447,9.5811,9.7306,9.5553,406.2,10
2020-04-15 07:32:00,3.3106,342.98,122.12,3.9063,13.535,4.322,1.6241,254.16,412.76,13.95,10.262,10.446,10.326,411.58,10
2020-04-15 07:33:00,3.3509,347.85,122.19,4.0747,13.533,4.372,1.6294,257.66,419.8,14.482,10.964,11.076,11.057,418.02,10
2020-04-15 07:34:00,3.379,351.12,122.26,4.2035,13.529,4.4168,1.6479,256.33,422.36,15.012,11.575,11.775,11.658,422.47,10
2020-04-15 07:35:00,3.4127,355.32,122.18,4.4246,13.527,4.4685,1.6929,252.97,428.27,15.542,12.159,12.313,12.237,427.09,10
2020-04-15 07:36:00,3.0871,310.01,122.0,4.7022,13.524,4.5099,1.4717,252.59,372.16,15.922,12.372,12.74,12.701,377.28,10
2020-04-15 07:37:00,2.5094,220.12,121.85,4.8737,13.522,4.5634,1.0429,256.07,267.0,16.28,12.584,12.87,12.812,284.41,10
2020-04-15 07:38:00,2.446,208.47,121.93,4.842,13.518,4.622,0.98233,258.01,252.99,16.385,12.508,12.708,12.67,274.68,10
2020-04-15 07:39:00,3.5313,372.97,122.36,4.8898,13.516,4.6704,1.7392,257.85,448.33,16.607,12.854,13.155,13.078,436.01,10
2020-04-15 07:40:00,3.1343,311.87,122.14,5.1347,13.517,4.7342,1.4925,252.33,376.43,16.97,13.483,13.566,13.672,389.72,10
2020-04-15 07:41:00,2.1195,150.92,121.66,5.3039,13.516,4.7935,0.72355,257.45,186.42,17.196,13.03,13.472,13.342,209.78,10
2020-04-15 07:42:00,2.679,244.93,122.01,5.4156,13.515,4.8417,1.188,250.97,297.86,17.275,12.998,13.408,13.23,301.1,10
2020-04-15 07:43:00,3.2432,331.69,122.21,5.3541,13.512,4.8987,1.6001,249.86,400.41,17.337,13.252,13.483,13.377,388.75,10
2020-04-15 07:44:00,3.1593,318.72,122.13,5.4068,13.51,4.9611,1.5223,253.72,386.15,17.481,13.496,13.594,13.762,387.28,10
2020-04-15 07:45:00,2.5096,218.72,121.84,5.4172,13.505,5.0234,1.0621,252.02,267.72,17.593,13.399,13.522,13.531,284.79,10
2020-04-15 07:46:00,2.2238,173.12,121.73,5.1416,13.502,5.0873,0.8448799999999999,250.25,211.46,17.369,12.868,12.936,12.87,229.68,10
2020-04-15 07:47:00,2.6515,239.77,121.88,5.0757,13.503,5.1445,1.1854,248.05,293.52,17.323,12.72,12.948,12.697,285.07,10
2020-04-15 07:48:00,3.6846,391.17,122.36,5.1347,13.502,5.212,1.9006,250.35,475.82,17.353,13.328,13.25,13.115,455.02,10
2020-04-15 07:49:00,3.7304,399.77,122.44,5.3181,13.5,5.2845,1.9286,249.18,480.57,17.752,13.83,14.206,13.921,462.9,10
2020-04-15 07:50:00,3.4748,361.12,122.26,5.514,13.497,5.3458,1.7011,256.24,436.51,18.072,14.454,14.476,14.292,428.74,10
2020-04-15 07:51:00,3.5217,368.77,122.28,5.6274,13.494,5.4115,1.7521,255.83,448.4,18.257,14.8,14.922,14.842,436.62,10
2020-04-15 07:52:00,3.8828,421.66,122.46,5.8229,13.492,5.4737,1.9677,257.77,507.16,18.541,15.325,15.457,15.554,492.0,10
2020-04-15 07:53:00,2.6375,221.87,121.87,5.8894,13.491,5.5353,1.056,257.8,272.84,18.744,15.293,15.369,15.471,292.84,10
2020-04-15 07:54:00,3.9796,431.98,122.4,5.8966,13.49,5.601,2.045,255.11,521.55,18.877,15.625,15.724,15.721,501.54,10
2020-04-15 07:55:00,3.9164,424.7,122.29,5.7834,13.488,5.6649,2.0229,252.55,510.79,19.109,16.077,16.253,16.235,491.7,10
2020-04-15 07:56:00,4.0295,437.54,122.34,5.7866,13.487,5.7337,2.0874,250.84,523.59,19.427,16.642,16.722,16.9,506.29,10
2020-04-15 07:57:00,4.0695,442.14,122.3,5.973,13.484,5.803,2.1606,245.85,531.11,19.793,17.12,17.204,17.443,511.05,10
2020-04-15 07:58:00,4.0545,444.52,122.4,6.1685,13.481,5.8635,2.1974,244.06,536.27,20.016,17.478,17.431,17.79,512.86,10
2020-04-15 07:59:00,4.0641,443.79,122.36,6.1597,13.478,5.9376,2.2089,242.79,536.13,20.303,17.936,17.661,18.147,511.72,10
2020-04-15 08:00:00,4.1767,460.68,122.43,6.1797,13.474,6.0035,2.3536,235.37,553.89,20.565,17.977,18.192,18.456,525.43,10
2020-04-15 08:01:00,4.1656,457.48,122.32,5.9734,13.473,6.0762,2.3476,235.6,553.12,20.679,18.171,18.499,18.756,521.38,10
2020-04-15 08:02:00,4.2837,474.34,122.44,5.859,13.469,6.1453,2.4303,234.49,569.86,20.941,18.696,19.083,19.155,537.46,10
2020-04-15 08:03:00,2.6755,204.26,121.79,5.7135,13.469,6.2182,1.0539,238.5,252.18,21.063,18.401,18.348,18.635,265.1,10
2020-04-15 08:04:00,4.3132,480.96,122.44,5.5557,13.466,6.2892,2.4484,236.1,578.02,20.967,18.434,18.129,18.238,535.73,10
2020-04-15 08:05:00,4.3576,480.2,122.47,5.5813,13.465,6.3619,2.4381,239.97,585.04,21.243,18.873,18.867,18.832,544.61,10
2020-04-15 08:06:00,4.3777,485.36,122.39,5.6556,13.463,6.4332,2.439,241.43,588.83,21.554,19.406,19.552,19.483,547.98,10
2020-04-15 08:07:00,4.3909,488.38,122.48,5.7077,13.462,6.506,2.4363,242.0,589.54,21.998,19.932,20.071,20.112,550.9,10
2020-04-15 08:08:00,4.403,491.02,122.52,5.934,13.46,6.5806,2.4603,239.97,590.36,22.454,20.566,20.437,20.551,553.91,10
2020-04-15 08:09:00,4.4248,494.23,122.58,6.0481,13.458,6.6554,2.4463,243.79,596.34,22.775,20.912,21.066,21.25,558.36,10
2020-04-15 08:10:00,4.4785,498.01,122.58,6.2153,13.456,6.7345,2.4781,241.88,599.4,23.163,21.648,21.369,21.643,564.56,10
2020-04-15 08:11:00,4.4922,502.71,122.63,6.434,13.451,6.8104,2.5107,242.35,608.28,23.502,22.17,21.761,22.062,569.04,10
2020-04-15 08:12:00,4.5408,505.78,122.57,6.5349,13.448,6.8818,2.5897,236.18,611.6,23.802,22.039,21.966,22.161,573.3,10
2020-04-15 08:13:00,4.5546,510.33,122.59,6.5111,13.448,6.9636,2.5659,239.41,614.21,24.293,22.599,22.273,22.679,576.47,10
2020-04-15 08:14:00,4.5838,514.03,122.6,6.7285,13.444,7.042,2.5811,238.39,615.24,24.551,22.936,22.383,23.13,580.45,10
2020-04-15 08:15:00,4.6224,517.11,122.49,6.7977,13.441,7.1222,2.5817,241.19,622.64,24.734,23.17,22.731,23.354,585.04,10
2020-04-15 08:16:00,4.6472,521.82,122.45,6.6905,13.438,7.2015,2.5646,243.96,625.59,25.049,23.52,22.982,23.622,590.23,10
2020-04-15 08:17:00,4.6937,526.44,122.5,6.8069,13.436,7.284799999999999,2.6235,241.28,632.93,25.409,23.518,23.546,24.036,595.73,10
2020-04-15 08:18:00,4.7249,530.1,122.51,7.1021,13.433,7.3651,2.6935,237.97,640.93,25.834,24.352,23.692,24.238,600.89,10
2020-04-15 08:19:00,4.7347,531.65,122.57,7.325199999999999,13.43,7.4551,2.6474,241.73,639.92,26.234,24.494,23.872,24.49,603.07,10
2020-04-15 08:20:00,4.7673,537.33,122.62,7.5202,13.429,7.5316,2.7205,238.67,649.21,26.544,24.6,24.115,24.833,607.33,10
2020-04-15 08:21:00,4.8177,542.45,122.61,7.6271,13.425,7.6189,2.7527,237.93,654.9,26.743,24.086,24.14,24.994,613.43,10
2020-04-15 08:22:00,4.8422,546.02,122.6,7.6559,13.423,7.702099999999999,2.7865,237.42,661.55,26.566,23.347,23.875,24.974,617.08,10
2020-04-15 08:23:00,4.8698,550.52,122.68,7.5736,13.421,7.7911,2.7465,241.42,663.02,26.456,23.396,24.052,25.12,622.0,10
2020-04-15 08:24:00,4.9051,555.92,122.73,7.4216,13.417,7.8768,2.7818,240.87,669.94,26.286,23.612,24.103,25.322,628.11,10
2020-04-15 08:25:00,4.9508,561.75,122.73,7.4793,13.414,7.9672,2.8361,239.11,678.13,26.052,23.116,23.88,25.269,633.83,10
2020-04-15 08:26:00,4.9748,564.52,122.69,7.5494,13.411,8.058199999999998,2.8002,244.63,684.98,26.148,22.828,23.892,25.313,638.97,10
2020-04-15 08:27:00,5.012,569.54,122.71,7.6161,13.409,8.144,2.8202,244.19,688.64,26.341,22.745,23.826,25.342,643.17,10
2020-04-15 08:28:00,5.0432,575.38,122.76,7.732199999999998,13.409,8.2351,2.8985,239.31,693.52,26.405,23.002,24.015,25.345,647.67,10
2020-04-15 08:29:00,5.0895,577.93,122.73,7.8065,13.405,8.3261,2.9388,237.53,697.99,26.601,22.554,24.065,25.734,651.59,10
2020-04-15 08:30:00,5.0849,579.23,122.72,7.8221,13.404,8.4208,2.8667,244.18,699.92,26.683,23.485,24.974,26.096,654.41,10
2020-04-15 08:31:00,5.115,582.03,122.68,7.7766,13.4,8.5088,2.8571,245.42,701.05,26.889,23.562,24.738,26.325,659.6,10
2020-04-15 08:32:00,5.1674,590.24,122.84,7.7362,13.396,8.605399999999998,2.9299,243.47,713.17,26.836,23.063,24.647,26.542,667.81,10
2020-04-15 08:33:00,5.2592,597.58,122.72,7.431199999999999,13.393,8.7001,3.0124,239.44,721.1599999999999,26.513,22.865,24.482,26.531,677.02,10
2020-04-15 08:34:00,5.3142,606.69,122.9,7.2405,13.391,8.8009,3.0234,242.99,734.5399999999998,26.214,22.893,24.566,26.629,686.71,10
2020-04-15 08:35:00,5.3664,611.76,122.83,7.1013,13.386,8.888899999999998,3.0779,239.81,738.0499999999998,26.001,22.668,24.676,26.717,691.32,10
2020-04-15 08:36:00,5.3854,614.19,122.73,6.8404,13.383,8.9837,3.1608,235.52,744.4,25.695,22.384,24.404,26.677,695.15,10
2020-04-15 08:37:00,5.4379,617.99,122.71,6.8371,13.382,9.0832,3.1642,236.2,747.33,25.589,22.198,24.377,26.805,699.02,10
2020-04-15 08:38:00,5.4481,623.02,122.81,6.703,13.381,9.178400000000002,3.2365,233.1,754.38,25.483,22.49,24.763,27.083,704.15,10
2020-04-15 08:39:00,5.4647,624.02,122.79,6.769,13.377,9.2786,3.1543,238.79,753.1699999999998,25.574,22.713,25.006,27.342,704.59,10
2020-04-15 08:40:00,5.4638,622.25,122.76,6.9369,13.376,9.369700000000002,3.1151,242.32,754.76,25.545,22.148,24.589,27.548,705.94,10
2020-04-15 08:41:00,5.5109,624.66,122.76,7.0825,13.374,9.4739,3.1484,240.32,756.45,25.52,22.316,24.771,27.507,710.17,10
2020-04-15 08:42:00,5.5219,626.33,122.82,7.1676,13.372,9.5655,3.1943,238.43,761.6,25.417,22.714,25.008,27.791,712.41,10
2020-04-15 08:43:00,5.5497,632.92,122.91,7.5349,13.368,9.6605,3.2402,238.47,772.6799999999998,25.519,22.777,24.905,27.918,717.85,10
2020-04-15 08:44:00,5.5652,636.22,122.92,7.728399999999999,13.367,9.7612,3.3037,232.95,769.5499999999998,25.528,22.367,24.831,28.047,721.6699999999998,10
2020-04-15 08:45:00,5.6004,639.13,122.95,7.694499999999999,13.365,9.8548,3.3262,234.16,778.84,25.301,22.273,24.53,27.946,726.0599999999998,10
2020-04-15 08:46:00,5.6561,647.2,122.88,7.7138,13.363,9.9536,3.2636,240.49,784.7799999999999,25.258,22.079,24.581,27.95,731.01,10
2020-04-15 08:47:00,5.6817,652.13,122.91,7.6768,13.36,10.048,3.3033,240.81,795.4299999999998,25.141,21.938,24.475,28.127,735.98,10
2020-04-15 08:48:00,5.706,656.76,122.9,7.7906,13.358,10.152,3.3301,239.12,796.24,25.322,23.087,25.258,27.993,739.2,10
2020-04-15 08:49:00,5.7335,658.19,122.97,7.915,13.356,10.233,3.3151,242.04,802.38,25.733,23.101,25.429,27.961,743.01,10
2020-04-15 08:50:00,5.7531,662.79,123.01,7.9756,13.356,10.331,3.3237,242.22,804.94,25.984,23.624,26.032,28.251,746.49,10
2020-04-15 08:51:00,5.7889,663.4,122.85,8.1651,13.355,10.427,3.3323,241.24,803.82,26.49,24.916,26.757,28.778,750.0299999999999,10
2020-04-15 08:52:00,5.7969,667.21,122.95,8.318899999999998,13.352,10.519,3.3844,239.92,811.97,26.815,25.57,27.031,29.08,754.2899999999998,10
2020-04-15 08:53:00,5.8115,668.89,123.01,8.5579,13.349,10.61,3.4448,236.53,814.77,27.159,25.134,27.403,29.666,757.49,10
2020-04-15 08:54:00,5.8305,670.55,123.07,8.532199999999998,13.349,10.704,3.4583,235.76,815.2799999999999,27.122,24.98,27.31,29.915,760.88,10
2020-04-15 08:55:00,5.8611,676.5,123.05,8.1127,13.346,10.805,3.446,237.45,818.1799999999998,27.016,25.031,27.519,30.153,765.1599999999999,10
2020-04-15 08:56:00,5.897,680.78,122.96,7.6218,13.344,10.9,3.4784,235.8,820.1799999999998,26.465,24.257,26.636,29.81,768.2799999999999,10
2020-04-15 08:57:00,5.9201,684.87,123.05,7.6151,13.343,10.992,3.4555,238.74,824.86,26.148,24.172,26.786,29.893,771.86,10
2020-04-15 08:58:00,5.9466,688.12,123.03,7.7596,13.341,11.087,3.4546,240.36,830.2799999999999,25.996,23.779,26.289,29.871,776.6599999999999,10
2020-04-15 08:59:00,5.9827,689.93,123.07,7.7201,13.338,11.183,3.4683,241.51,837.5499999999998,26.195,24.708,27.025,30.322,781.99,10
2020-04-15 09:00:00,6.0014,690.74,123.12,7.7146,13.338,11.274,3.4897,239.9,837.13,26.66,25.718,27.979,30.81,786.1,10
2020-04-15 09:01:00,6.0191,689.92,122.99,7.86,13.335,11.369,3.5155,239.44,841.6599999999999,27.09,26.484,28.715,31.476,789.08,10
2020-04-15 09:02:00,6.0254,692.38,123.0,7.9886,13.331,11.464,3.5444,237.23,840.75,27.504,26.861,28.937,31.919,791.7799999999999,10
2020-04-15 09:03:00,6.0428,695.36,123.1,8.0995,13.329,11.557,3.5896,235.73,846.15,27.608,26.843,29.164,32.34,794.01,10
2020-04-15 09:04:00,6.0574,699.43,123.08,8.3488,13.329,11.649,3.5905,235.22,844.5,27.626,26.013,28.376,32.576,797.33,10
2020-04-15 09:05:00,6.0949,704.68,123.04,8.2649,13.324,11.742,3.6289,236.0,856.4,27.267,25.667,28.219,32.253,801.75,10
2020-04-15 09:06:00,6.1176,708.73,123.01,8.0782,13.323,11.83,3.6261,235.27,853.0599999999998,27.412,25.944,28.854,32.667,804.5,10
2020-04-15 09:07:00,6.1305,711.7,123.25,8.1964,13.323,11.925,3.6184,237.58,859.63,27.595,26.091,28.756,32.895,809.5299999999999,10
2020-04-15 09:08:00,6.1473,712.53,123.31,8.4656,13.322,12.026,3.644,238.13,867.7,27.552,26.162,28.411,32.913,813.44,10
2020-04-15 09:09:00,6.1517,710.84,123.27,8.5072,13.319,12.121,3.5552,243.72,866.46,27.953,27.402,29.902,33.166,815.1699999999998,10
2020-04-15 09:10:00,6.1654,717.87,123.27,8.633,13.316,12.22,3.6586,237.86,870.19,28.438,27.523,29.822,33.354,818.01,10
2020-04-15 09:11:00,6.1665,716.62,123.31,8.6411,13.315,12.308,3.6148,238.93,863.65,28.865,28.789,31.054,33.909,821.48,10
2020-04-15 09:12:00,6.1957,720.05,123.25,8.7572,13.312,12.405,3.6722,237.33,871.4199999999998,29.276,29.227,31.38,34.135,825.88,10
2020-04-15 09:13:00,6.2442,723.58,123.39,8.542099999999998,13.308,12.502,3.7477,234.47,878.7,29.042,28.241,30.888,34.227,829.72,10
2020-04-15 09:14:00,6.2469,730.14,123.29,8.3283,13.306,12.598,3.7876,232.61,881.0,28.874,28.08,30.86,34.247,833.49,10
2020-04-15 09:15:00,6.2698,730.97,123.39,8.100099999999998,13.305,12.692,3.7697,236.06,889.7899999999998,28.595,27.937,30.728,34.33,835.58,10
2020-04-15 09:16:00,6.3153,734.15,123.52,8.074999999999998,13.303,12.79,3.7706,235.59,888.26,28.487,27.993,30.666,34.301,839.36,10
2020-04-15 09:17:00,6.3183,735.25,123.56,8.177699999999998,13.302,12.888,3.7653,237.75,895.09,28.65,28.724,30.638,34.211,842.0599999999998,10
2020-04-15 09:18:00,6.3396,740.12,123.47,8.3186,13.301,12.98,3.818,233.88,892.9199999999998,28.811,28.367,30.603,34.418,844.57,10
2020-04-15 09:19:00,6.3743,740.9,123.49,8.2384,13.298,13.079,3.7941,236.15,895.9,28.506,27.707,30.159,34.393,849.62,10
2020-04-15 09:20:00,6.3953,746.32,123.46,8.3186,13.296,13.175,3.8257,236.59,905.02,28.506,27.725,30.631,34.695,853.4199999999998,10
2020-04-15 09:21:00,6.4103,747.71,123.46,8.5034,13.296,13.265,3.8411,235.78,905.6,28.806,28.472,30.626,34.709,856.21,10
2020-04-15 09:22:00,6.45,752.88,123.47,8.7233,13.293,13.361,3.8861,234.67,911.94,29.109,28.885,31.026,34.681,860.46,10
2020-04-15 09:23:00,6.4632,754.9199999999998,123.55,9.0402,13.292,13.45,3.9113,233.38,912.77,29.589,28.672,31.273,35.025,863.77,10
2020-04-15 09:24:00,6.4721,757.0,123.54,9.1582,13.291,13.548,3.9786,229.79,914.19,29.464,28.295,30.947,34.939,866.39,10
2020-04-15 09:25:00,6.5085,759.26,123.58,9.3089,13.288,13.638,3.9645,231.99,919.66,29.746,29.614,32.088,35.483,871.33,10
2020-04-15 09:26:00,6.5286,763.01,123.55,9.499300000000002,13.288,13.733,3.9879,232.31,926.38,29.954,29.812,32.212,35.844,876.25,10
2020-04-15 09:27:00,6.56,768.13,123.58,9.2399,13.285,13.822,3.9955,233.09,931.22,30.05,30.074,32.124,35.87,882.49,10
2020-04-15 09:28:00,6.6093,771.1,123.66,9.2008,13.283,13.921,4.0441,231.16,934.81,30.093,30.123,32.365,36.138,888.9,10
2020-04-15 09:29:00,6.6534,779.58,123.64,8.83,13.281,14.009,4.0169,234.88,943.41,29.881,29.438,32.043,36.078,895.73,10
2020-04-15 09:30:00,6.6751,778.73,123.64,8.722699999999998,13.279,14.104,4.0172,235.46,945.79,29.946,30.206,32.872,36.712,899.13,10
2020-04-15 09:31:00,6.6494,777.24,123.6,8.894199999999998,13.277,14.197,4.0633,231.99,942.58,30.468,31.127,33.935,37.414,898.9099999999999,10
2020-04-15 09:32:00,6.6682,780.5599999999998,123.57,9.0029,13.275,14.295,4.0274,234.83,945.74,30.761,30.604,33.264,37.881,905.01,10
2020-04-15 09:33:00,6.7034,787.7999999999998,123.59,9.0932,13.273,14.381,3.9857,238.1,948.95,30.763,30.979,33.561,38.16,913.1,10
2020-04-15 09:34:00,6.7569,791.1699999999998,123.58,9.3426,13.271,14.473,4.0802,235.6,961.26,31.087,31.601,33.847,38.353,918.78,10
2020-04-15 09:35:00,6.7938,797.26,123.63,9.6135,13.266,14.571,4.1407,233.92,968.36,31.478,32.085,34.725,38.277,924.96,10
2020-04-15 09:36:00,6.8635,802.61,123.51,9.813,13.266,14.663,4.2415,229.53,973.35,31.945,32.298,34.999,38.731,933.8,10
2020-04-15 09:37:00,6.925,811.72,123.58,9.75,13.262,14.756,4.3793,224.25,982.04,31.77,31.691,34.326,38.863,946.44,10
2020-04-15 09:38:00,6.9886,818.96,123.57,9.4633,13.26,14.854,4.3488,228.64,994.2,31.459,31.64,34.257,38.827,952.88,10
2020-04-15 09:39:00,7.0164,824.8099999999998,123.45,9.0981,13.259,14.952,4.3168,231.44,999.03,31.466,32.278,35.054,39.068,957.47,10
2020-04-15 09:40:00,7.1085,833.1599999999999,123.37,9.0875,13.256,15.047,4.4643,226.94,1012.9,31.529,32.184,35.362,39.416,971.24,10
2020-04-15 09:41:00,7.2099,845.75,123.39,9.2075,13.255,15.142,4.4032,232.84,1025.2,31.532,32.283,35.245,39.724,985.53,10
2020-04-15 09:42:00,7.3185,860.5299999999999,123.58,9.3542,13.253,15.237,4.4391,236.55,1050.0,31.578,31.858,34.927,39.872,1006.8,10
2020-04-15 09:43:00,7.363699999999999,867.19,123.61,9.2661,13.253,15.336,4.4992,233.95,1052.5,31.708,33.336,36.244,40.535,1016.2,10
2020-04-15 09:44:00,7.3864,871.24,123.67,9.447,13.252,15.424,4.5605,231.06,1053.7,32.244,33.055,36.421,41.017,1021.0,10
2020-04-15 09:45:00,7.4042,875.0299999999999,123.66,9.434,13.251,15.53,4.6221,228.98,1058.3,32.54,33.522,36.677,41.632,1025.2,10
2020-04-15 09:46:00,7.4329,876.4299999999998,123.62,9.3648,13.248,15.625,4.6938,226.83,1064.7,32.903,34.7,37.369,42.125,1032.8,10
2020-04-15 09:47:00,7.4961,882.65,123.65,9.4794,13.245,15.722,4.7112,228.11,1074.6,32.941,34.042,37.62,42.259,1040.9,10
2020-04-15 09:48:00,7.6036,897.32,123.73,9.6068,13.241,15.812,4.8053,227.69,1093.8,33.07,35.125,38.338,42.742,1062.5,10
2020-04-15 09:49:00,7.7268,913.11,123.78,9.6279,13.242,15.909,4.9573,224.42,1112.4,33.354,35.769,38.725,43.273,1082.2,10
2020-04-15 09:50:00,7.924,938.9,123.84,9.6008,13.237,16.008,4.9473,230.75,1141.5,33.96,37.691,40.417,44.034,1119.0,10
2020-04-15 09:51:00,7.7853,921.35,123.71,9.915,13.235,16.106,4.7826,234.34,1120.7,34.899,38.91,41.576,45.062,1114.8,10
2020-04-15 09:52:00,7.7252,914.35,123.69,10.365,13.23,16.206,4.806,231.18,1110.9,35.827,40.226,42.076,45.653,1098.5,10
2020-04-15 09:53:00,5.0314,564.83,122.82,10.452,13.225,16.307,2.9554,232.1,687.09,35.88,39.274,41.59,44.765,710.07,10
2020-04-15 09:54:00,5.8932,674.32,123.02,10.312,13.224,16.415,3.5129,234.47,824.7799999999999,35.488,39.431,41.538,44.289,797.86,10
2020-04-15 09:55:00,5.0258,565.43,122.81,10.501,13.22,16.512,2.9379,234.76,688.03,35.59,38.733,40.512,43.123,658.04,10
2020-04-15 09:56:00,5.2615,597.72,122.86,10.554,13.219,16.62,3.1955,225.92,721.59,35.344,38.665,40.477,42.752,733.94,10
2020-04-15 09:57:00,3.0392,289.63,121.95,10.391,13.217,16.726,1.535,232.08,355.91,35.023,35.876,38.112,40.917,397.04,10
2020-04-15 09:58:00,2.206,164.99,121.66,10.002,13.218,16.837,0.90496,230.04,208.17,34.33,34.398,36.728,38.594,237.35,10
2020-04-15 09:59:00,2.295,183.51,121.66,9.1528,13.217,16.936,1.0175,224.25,228.2,33.456,32.211,34.299,35.551,243.61,10
2020-04-15 10:00:00,2.4733,212.51,121.75,8.9069,13.216,17.049,1.157,225.86,261.05,32.833,30.679,32.536,33.698,273.35,10
2020-04-15 10:01:00,2.5579,226.23,121.73,8.851,13.217,17.149,1.2793,217.47,278.15,32.262,29.561,31.264,32.107,283.73,10
2020-04-15 10:02:00,2.5829,231.58,121.75,8.847099999999998,13.22,17.247,1.3171,215.29,283.53,31.425,28.026,29.621,30.209,285.39,10
2020-04-15 10:03:00,2.5724,230.19,121.87,8.7999,13.22,17.345,1.3199,214.13,282.55,30.635,27.258,28.028,28.778,283.29,10
2020-04-15 10:04:00,2.5699,229.27,121.83,8.8914,13.223,17.437,1.2555,223.55,280.64,30.096,25.468,26.858,27.442,279.23,10
2020-04-15 10:05:00,2.5013,217.17,121.78,8.949999999999998,13.223,17.525,1.1787,226.99,267.48,29.456,24.87,26.083,26.22,266.14,10
2020-04-15 10:06:00,2.4709,207.76,121.68,8.9573,13.225,17.604,1.1405,229.89,262.2,28.86,24.173,25.139,25.184,258.85,10
2020-04-15 10:07:00,2.4508,205.1,121.71,8.8568,13.228,17.683,1.1217,228.34,256.11,28.315,23.156,24.211,24.336,253.74,10
2020-04-15 10:08:00,2.4742,209.93,121.64,8.7926,13.23,17.752,1.1738,221.8,260.34,27.774,22.187,23.657,23.67,256.83,10
2020-04-15 10:09:00,2.5844,227.5,121.73,8.7934,13.235,17.826,1.2332,226.26,278.84,27.495,21.638,23.005,23.19,271.93,10
2020-04-15 10:10:00,2.8594,271.14,121.9,8.6388,13.235,17.886,1.4829,225.94,335.24,27.003,21.453,22.673,22.959,314.2,10
2020-04-15 10:11:00,2.9939,291.99,122.01,8.5228,13.236,17.937,1.5664,228.22,357.47,26.748,21.24,22.461,22.86,336.57,10
2020-04-15 10:12:00,4.7744,524.44,122.59,8.387399999999998,13.238,17.988,2.7522,232.09,634.82,26.112,21.027,21.972,22.864,541.55,10
2020-04-15 10:13:00,7.8347,925.92,123.67,8.2542,13.239,18.033,4.9357,228.34,1127.0,26.359,23.453,24.147,25.179,1071.2,10
2020-04-15 10:14:00,6.2503,722.08,123.19,8.2534,13.24,18.077,3.8721,226.52,876.0599999999998,27.052,25.183,25.987,27.179,806.76,10
2020-04-15 10:15:00,4.7881,531.43,122.62,8.4503,13.238,18.11,2.9243,220.74,643.86,27.371,25.632,26.646,28.173,601.37,10
2020-04-15 10:16:00,5.4837,625.39,122.96,8.654,13.239,18.143,3.4612,219.62,759.87,27.469,26.403,27.546,29.025,703.85,10
2020-04-15 10:17:00,3.5204,367.57,122.29,8.8278,13.238,18.18,2.0685,215.49,444.79,27.597,26.495,27.457,29.136,420.25,10
2020-04-15 10:18:00,5.6002,640.42,123.05,8.839399999999998,13.238,18.207,3.7617,205.97,776.73,27.369,26.02,27.498,29.842,771.96,10
2020-04-15 10:19:00,4.3799,479.55,122.58,8.901899999999998,13.237,18.24,2.7717,209.36,581.64,27.184,25.966,27.547,29.997,543.41,10
2020-04-15 10:20:00,3.917,418.77,122.49,9.0532,13.237,18.259,2.4498,207.52,509.59,26.851,25.241,26.706,29.64,496.58,10
2020-04-15 10:21:00,2.9693,292.65,121.99,8.7652,13.233,18.287,1.7418,203.81,354.93,26.08,23.735,25.652,28.538,363.42,10
2020-04-15 10:22:00,3.7241,393.0,122.28,8.4417,13.236,18.304,2.2913,207.08,477.19,25.397,23.318,25.173,27.871,453.09,10
2020-04-15 10:23:00,2.7303,255.1,122.0,8.3388,13.237,18.322,1.5045,206.79,311.13,24.828,22.254,24.161,26.995,314.14,10
2020-04-15 10:24:00,2.7846,262.8,121.97,7.9771,13.237,18.349,1.5148,211.4,320.43,23.928,21.178,23.153,25.831,313.5,10
2020-04-15 10:25:00,4.7343,526.49,122.68,7.924699999999999,13.237,18.365,3.0014,213.51,638.56,23.554,20.883,22.938,25.666,575.01,10
2020-04-15 10:26:00,4.2454,463.32,122.37,7.8569,13.238,18.376,2.7312,206.56,563.34,23.327,21.165,23.092,25.945,522.5,10
2020-04-15 10:27:00,4.7916,532.55,122.46,7.9035,13.24,18.39,3.1441,205.83,644.93,23.191,21.362,23.27,26.371,577.66,10
2020-04-15 10:28:00,8.0846,957.0,123.71,7.9969,13.239,18.396,5.902,197.39,1165.4,23.618,23.271,25.205,28.492,1137.6,10
2020-04-15 10:29:00,7.1826,844.49,123.54,8.1749,13.237,18.411,5.3178,192.57,1023.9,24.531,25.672,27.324,30.836,1012.6,10
2020-04-15 10:30:00,7.7985,920.3900000000002,123.74,8.407199999999998,13.239,18.417,5.6973,196.08,1117.4,25.35,27.474,29.223,32.995,1098.1,10
2020-04-15 10:31:00,8.5781,1018.0,123.92,8.7048,13.236,18.433,6.0501,205.08,1241.6,26.06,29.446,30.563,35.008,1190.1,10
2020-04-15 10:32:00,8.7657,1042.9,123.96,8.846199999999998,13.234,18.433,5.9665,212.77,1269.4,26.714,31.079,32.337,36.959,1215.1,10
2020-04-15 10:33:00,8.904099999999998,1059.1,124.01,9.0827,13.233,18.437,6.0157,215.51,1296.4,27.219,32.219,33.815,38.817,1238.3,10
2020-04-15 10:34:00,8.9101,1060.3,123.99,9.4779,13.229,18.435,6.0069,214.78,1289.7,28.142,34.183,35.302,40.458,1260.5,10
2020-04-15 10:35:00,5.9009,674.89,123.05,9.6404,13.226,18.448,3.8288,214.24,819.84,28.579,33.81,35.406,40.713,793.0299999999999,10
2020-04-15 10:36:00,8.4496,1003.4,123.87,9.4962,13.225,18.458,5.717,212.82,1216.9,28.714,33.472,35.973,41.259,1195.8,10
2020-04-15 10:37:00,8.3879,998.81,123.74,9.3403,13.223,18.476,5.5794,218.24,1218.3,29.064,34.055,37.126,42.49,1166.8,10
2020-04-15 10:38:00,9.2477,1101.6,124.03,9.4276,13.22,18.48,6.1815,217.75,1345.9,29.697,36.148,38.061,43.18,1311.7,10
2020-04-15 10:39:00,8.2013,972.56,123.78,9.6302,13.217,18.493,5.4512,218.02,1188.4,30.258,37.15,38.716,44.068,1170.6,10
2020-04-15 10:40:00,7.1492,840.52,123.38,9.7554,13.214,18.517,4.6883,218.71,1025.5,30.628,37.611,39.118,44.079,992.57,10
2020-04-15 10:41:00,4.7053,524.68,122.54,9.6949,13.212,18.538,2.9006,218.68,635.9,30.74,36.382,38.168,43.031,636.54,10
2020-04-15 10:42:00,7.4752,876.61,123.32,9.6725,13.209,18.574,4.7066,225.92,1065.9,30.257,34.742,37.242,42.39,973.07,10
2020-04-15 10:43:00,8.798999999999998,1046.6,123.89,9.5498,13.206,18.595,5.5642,229.36,1276.3,30.565,37.14,38.765,43.505,1235.1,10
2020-04-15 10:44:00,8.887499999999998,1056.4,123.95,9.7713,13.203,18.633,5.7122,225.65,1289.2,31.257,38.173,39.966,44.411,1244.2,10
2020-04-15 10:45:00,8.4069,994.61,123.81,9.8764,13.202,18.672,5.313,230.05,1222.5,31.478,37.546,40.235,45.28,1201.5,10
2020-04-15 10:46:00,6.1619,712.1,123.09,9.6979,13.2,18.698,3.7802,229.24,865.25,31.162,36.66,39.682,44.685,851.85,10
2020-04-15 10:47:00,6.5105,752.6699999999998,123.08,9.6341,13.198,18.735,4.0513,226.21,916.31,30.938,35.653,39.08,43.977,879.7,10
2020-04-15 10:48:00,5.4878,623.53,122.85,9.7981,13.196,18.777,3.3883,225.46,762.0,30.939,35.515,38.778,43.673,763.71,10
2020-04-15 10:49:00,9.1151,1085.9,123.93,9.8111,13.197,18.822,5.7296,231.96,1329.1,30.66,34.514,37.805,43.12,1230.7,10
2020-04-15 10:50:00,6.5661,760.09,123.18,9.5454,13.195,18.866,3.8871,237.36,925.29,30.43,34.393,37.998,43.299,939.15,10
2020-04-15 10:51:00,6.8326,794.34,123.13,9.4104,13.195,18.913,4.1302,233.98,966.58,29.891,32.931,36.61,41.85,903.8,10
2020-04-15 10:52:00,8.9236,1063.6,123.86,9.0926,13.193,18.959,5.5406,234.68,1300.4,29.868,33.699,37.704,42.986,1268.1,10
2020-04-15 10:53:00,6.3696,739.35,123.19,9.218,13.193,19.012,3.7974,237.0,902.16,29.843,33.042,36.753,42.65,893.0299999999999,10
2020-04-15 10:54:00,5.7019,651.79,122.96,9.176100000000002,13.19,19.058,3.3238,238.4,792.6799999999998,29.363,32.044,36.007,41.592,835.86,10
2020-04-15 10:55:00,2.5911,231.59,121.82,9.4321,13.19,19.108,1.2336,234.54,289.28,28.841,30.373,34.105,39.491,307.06,10
2020-04-15 10:56:00,2.7385,253.02,121.83,9.4378,13.19,19.149,1.3405,234.92,315.06,28.041,28.139,31.98,36.959,315.51,10
2020-04-15 10:57:00,3.1555,316.1,121.97,9.1227,13.191,19.209,1.6849,231.24,389.6,27.418,26.396,30.653,35.208,371.64,10
2020-04-15 10:58:00,2.9397,286.92,122.01,8.970499999999998,13.189,19.249,1.5241,230.57,351.48,26.837,25.073,29.247,33.665,341.88,10
2020-04-15 10:59:00,6.9861,810.7799999999999,123.38,8.8453,13.191,19.293,4.3295,229.56,991.92,26.233,25.061,28.648,33.114,862.9199999999998,10
2020-04-15 11:00:00,7.652599999999999,903.63,123.66,9.0268,13.191,19.337,4.8703,225.99,1102.2,26.933,27.539,30.604,35.26,1074.0,10
2020-04-15 11:01:00,4.0775,439.42,122.4,9.1171,13.193,19.381,2.4055,222.74,533.89,27.392,27.765,30.927,35.309,527.84,10
2020-04-15 11:02:00,2.7184,252.41,121.76,9.1694,13.194,19.415,1.3753,224.22,308.33,27.364,27.004,29.898,33.899,306.85,10
2020-04-15 11:03:00,2.7179,254.49,121.83,9.3215,13.193,19.447,1.4107,221.28,312.08,26.879,25.93,28.143,32.194,303.64,10
2020-04-15 11:04:00,3.035,299.52,121.99,9.0519,13.191,19.487,1.631,223.99,365.22,25.867,24.67,26.579,30.424,344.61,10
2020-04-15 11:05:00,8.030699999999998,949.19,123.59,9.1431,13.193,19.515,5.3556,216.02,1155.8,25.536,24.924,27.082,31.187,1037.1,10
2020-04-15 11:06:00,3.0122,296.02,121.96,9.2565,13.195,19.543,1.6867,214.09,360.86,25.654,25.312,27.484,31.532,383.2,10
2020-04-15 11:07:00,2.6038,235.14,121.77,9.4008,13.196,19.581,1.3468,214.68,289.12,25.402,24.112,26.514,30.245,284.2,10
2020-04-15 11:08:00,2.5542,228.64,121.77,9.2577,13.196,19.603,1.3097,216.1,282.99,24.915,23.112,25.484,29.092,276.64,10
2020-04-15 11:09:00,2.539,225.09,121.75,9.3435,13.195,19.625,1.2641,220.62,278.88,24.367,21.795,24.216,27.922,271.72,10
2020-04-15 11:10:00,2.5652,226.35,121.71,9.2718,13.198,19.643,1.2881,217.69,280.42,23.773,21.05,23.338,26.737,274.26,10
2020-04-15 11:11:00,2.6126,236.15,121.73,9.204300000000002,13.199,19.663,1.2885,225.82,290.96,23.303,20.44,22.8,26.001,280.55,10
2020-04-15 11:12:00,2.8661,275.86,121.73,9.0441,13.199,19.686,1.4742,226.85,333.95,23.217,20.304,22.433,25.469,314.67,10
2020-04-15 11:13:00,4.0725,443.35,122.36,9.1776,13.2,19.7,2.3283,229.66,536.19,23.394,20.267,22.568,25.547,474.31,10
2020-04-15 11:14:00,3.7551,398.11,122.27,9.3596,13.2,19.72,2.104,231.46,487.41,23.52,20.402,22.713,25.733,444.63,10
2020-04-15 11:15:00,3.2359,330.23,122.07,9.5476,13.201,19.724,1.7792,224.41,399.28,23.581,20.826,22.876,25.678,388.43,10
2020-04-15 11:16:00,3.4561,358.97,122.12,9.6824,13.203,19.724,1.9064,230.54,439.17,23.607,21.104,22.963,25.456,400.68,10
2020-04-15 11:17:00,3.7217,397.91,122.23,9.7615,13.203,19.724,2.1779,222.03,483.08,23.693,20.772,22.903,25.571,442.09,10
2020-04-15 11:18:00,3.2053,324.45,122.01,9.7703,13.204,19.728,1.7918,221.63,397.12,23.538,20.669,22.711,25.477,374.07,10
2020-04-15 11:19:00,3.3811,348.81,122.12,9.5195,13.205,19.738,1.8918,225.51,426.28,23.098,20.4,22.394,25.16,400.74,10
2020-04-15 11:20:00,3.1533,319.01,122.0,9.1895,13.204,19.73,1.6652,233.2,388.31,23.009,20.698,22.717,25.201,360.74,10
2020-04-15 11:21:00,3.2552,331.97,122.21,9.1087,13.206,19.728,1.7756,228.38,405.5,23.017,20.934,22.618,25.059,378.21,10
2020-04-15 11:22:00,3.2136,325.96,122.16,9.0484,13.207,19.724,1.7067,233.67,398.77,22.991,20.547,22.456,25.026,370.76,10
2020-04-15 11:23:00,3.2773,335.81,122.25,8.866799999999998,13.207,19.724,1.7743,230.82,409.54,22.736,20.397,22.158,24.769,381.33,10
2020-04-15 11:24:00,3.2789,336.45,122.27,8.816,13.206,19.724,1.7661,232.73,410.95,22.806,20.888,22.411,24.706,383.09,10
2020-04-15 11:25:00,3.2381,331.74,122.27,8.8185,13.209,19.724,1.6941,238.14,403.39,22.813,20.578,22.24,24.67,376.16,10
2020-04-15 11:26:00,3.3613,347.05,122.26,8.749399999999998,13.208,19.72,1.7595,240.62,423.1,22.611,20.412,22.209,24.637,389.27,10
2020-04-15 11:27:00,3.9799,431.78,122.46,8.7778,13.208,19.7,2.1901,239.8,525.69,22.723,21.25,22.742,25.116,468.21,10
2020-04-15 11:28:00,3.3737,349.54,122.37,8.955,13.209,19.7,1.7527,243.47,426.63,22.849,21.646,22.912,25.386,401.88,10
2020-04-15 11:29:00,3.0968,308.77,122.21,9.2026,13.21,19.687,1.5634,241.89,378.18,22.694,21.239,22.499,25.035,356.78,10
2020-04-15 11:30:00,3.0298,299.16,122.18,9.499300000000002,13.208,19.673,1.5476,237.34,367.31,22.412,20.78,22.302,24.832,345.21,10
2020-04-15 11:31:00,3.0623,304.05,122.12,9.4936,13.21,19.653,1.595,232.67,371.06,22.196,20.498,21.996,24.532,348.74,10
2020-04-15 11:32:00,3.1692,317.72,122.12,9.3507,13.21,19.647,1.665,235.51,392.11,22.025,20.412,22.096,24.605,363.57,10
2020-04-15 11:33:00,3.2833,337.23,122.23,9.47,13.21,19.627,1.775,231.59,411.03,22.085,20.539,22.245,24.759,381.4,10
2020-04-15 11:34:00,3.2009,326.19,122.23,9.5925,13.21,19.621,1.6981,234.1,397.52,22.205,20.849,22.336,24.868,373.56,10
2020-04-15 11:35:00,3.0304,301.2,122.09,9.611,13.211,19.603,1.5471,236.33,365.6,22.182,20.701,22.176,24.781,346.87,10
2020-04-15 11:36:00,3.0232,300.34,122.01,9.5603,13.211,19.591,1.5771,231.19,364.53,22.035,20.501,21.909,24.656,344.61,10
2020-04-15 11:37:00,3.0767,306.31,122.17,9.5905,13.212,19.579,1.5889,234.53,372.63,21.999,20.329,21.996,24.648,351.31,10
2020-04-15 11:38:00,3.1555,319.23,122.14,9.5931,13.212,19.557,1.6014,243.81,390.35,21.952,20.377,22.018,24.7,364.98,10
2020-04-15 11:39:00,3.3616,348.6,122.17,9.5686,13.211,19.537,1.7608,240.02,422.8,21.965,20.53,22.04,24.58,391.04,10
2020-04-15 11:40:00,3.3109,340.46,122.2,9.6888,13.211,19.523,1.6933,243.13,411.69,22.097,20.632,22.108,24.856,392.86,10
2020-04-15 11:41:00,3.2635,331.86,122.12,9.7343,13.211,19.507,1.6955,239.73,406.46,22.109,20.489,22.066,24.795,378.83,10
2020-04-15 11:42:00,3.3707,346.36,122.1,9.4557,13.211,19.493,1.7215,246.82,424.75,21.955,20.489,22.092,24.876,394.15,10
2020-04-15 11:43:00,3.7284,397.49,122.27,9.2753,13.212,19.471,2.0159,239.69,483.04,21.971,20.71,22.377,25.063,443.01,10
2020-04-15 11:44:00,3.4062,354.51,122.19,9.2012,13.211,19.459,1.7915,239.76,429.51,21.996,20.731,22.305,25.128,399.82,10
2020-04-15 11:45:00,3.3839,351.66,122.19,9.1564,13.21,19.435,1.7845,240.47,429.13,21.742,20.515,22.107,24.88,395.46,10
2020-04-15 11:46:00,3.3616,347.31,122.09,9.1026,13.211,19.427,1.7536,239.78,420.42,21.84,20.718,22.393,25.04,391.9,10
2020-04-15 11:47:00,3.345,344.53,121.96,9.1731,13.21,19.411,1.7231,243.38,419.36,21.721,20.573,22.094,25.011,388.89,10
2020-04-15 11:48:00,4.3831,478.44,122.41,9.2522,13.209,19.393,2.3804,246.06,582.58,21.731,20.908,22.264,25.046,494.83,10
2020-04-15 11:49:00,5.8097,665.04,123.0,9.4756,13.211,19.381,3.432,237.25,814.09,22.065,22.383,23.752,26.643,760.26,10
2020-04-15 11:50:00,3.4889,364.64,122.14,9.716500000000002,13.21,19.355,1.8827,236.06,444.37,22.259,22.503,23.944,26.919,413.16,10
2020-04-15 11:51:00,3.398,352.38,122.15,9.6209,13.209,19.341,1.8257,234.74,428.51,22.342,22.562,24.207,26.953,396.52,10
2020-04-15 11:52:00,3.757,401.02,122.2,9.7526,13.208,19.333,2.0337,240.1,488.45,22.503,22.487,24.047,26.957,442.48,10
2020-04-15 11:53:00,4.4046,487.01,122.44,9.8102,13.209,19.313,2.5085,235.95,588.52,22.36,22.209,23.894,26.802,509.45,10
2020-04-15 11:54:00,3.7107,394.03,122.28,9.8258,13.208,19.295,2.0741,231.23,479.62,22.428,22.9,24.512,27.357,460.75,10
2020-04-15 11:55:00,3.2009,323.21,122.04,9.8919,13.209,19.271,1.7004,232.08,394.62,22.496,22.659,24.353,27.074,370.08,10
2020-04-15 11:56:00,3.0552,303.88,121.94,10.018,13.208,19.263,1.5836,233.4,369.62,22.508,22.503,24.174,26.868,348.21,10
2020-04-15 11:57:00,2.981,292.91,121.88,10.057,13.205,19.245,1.5356,232.85,357.54,22.352,22.046,23.712,26.462,336.12,10
2020-04-15 11:58:00,2.9408,288.07,121.91,9.7367,13.206,19.241,1.5098,231.74,349.85,22.191,21.73,23.365,26.123,329.55,10
2020-04-15 11:59:00,2.8581,274.55,121.91,9.5724,13.206,19.235,1.4502,232.34,336.92,22.108,21.61,23.288,25.864,316.41,10
2020-04-15 12:00:00,2.7978,265.02,121.93,9.471100000000002,13.205,19.219,1.425,229.01,326.34,22.118,21.272,23.075,25.562,306.34,10
2020-04-15 12:01:00,2.7639,260.33,121.91,9.4619,13.205,19.207,1.3806,230.19,317.79,21.953,20.729,22.502,25.123,298.72,10
2020-04-15 12:02:00,2.7237,253.57,121.69,9.4675,13.206,19.195,1.3617,229.51,312.52,21.807,20.926,22.403,24.668,290.91,10
2020-04-15 12:03:00,2.6517,244.26,121.76,9.421,13.207,19.179,1.3027,229.95,299.53,21.904,20.908,22.238,24.195,281.5,10
2020-04-15 12:04:00,2.5622,228.29,121.78,9.5066,13.206,19.171,1.2161,231.57,281.59,22.055,20.823,22.138,24.035,265.27,10
2020-04-15 12:05:00,2.5586,227.56,121.63,9.6127,13.21,19.149,1.2077,232.16,280.34,21.895,20.29,21.797,23.698,262.67,10
2020-04-15 12:06:00,2.614,234.42,121.8,9.6708,13.209,19.147,1.259,228.35,287.38,21.654,19.874,21.272,23.287,269.96,10
2020-04-15 12:07:00,2.6983,247.97,121.81,9.6434,13.21,19.127,1.331,228.37,304.01,21.378,19.394,20.9,22.892,282.66,10
2020-04-15 12:08:00,2.6027,236.98,121.86,9.5334,13.21,19.123,1.2669,229.23,290.34,21.164,19.062,20.574,22.665,272.48,10
2020-04-15 12:09:00,2.431,207.81,121.71,9.5268,13.21,19.109,1.1093,227.94,252.86,21.241,19.437,20.868,22.505,241.95,10
2020-04-15 12:10:00,2.3326,189.97,121.73,9.6857,13.212,19.1,1.0466,225.24,235.77,21.417,19.44,20.792,22.388,223.95,10
2020-04-15 12:11:00,2.3067,184.92,121.75,9.7872,13.211,19.078,1.041,220.55,229.57,21.387,18.903,20.253,22.072,218.59,10
2020-04-15 12:12:00,2.3114,183.75,121.65,9.6916,13.214,19.074,1.0408,219.97,228.94,21.154,18.633,19.94,21.801,217.9,10
2020-04-15 12:13:00,2.3255,183.75,121.71,9.648,13.215,19.052,1.0245,225.68,231.18,21.089,18.507,19.82,21.676,217.84,10
2020-04-15 12:14:00,2.2968,179.8,121.68,9.7198,13.213,19.038,0.99965,222.95,222.86,21.179,18.663,19.876,21.517,211.83,10
2020-04-15 12:15:00,2.2739,174.23,121.68,9.8736,13.215,19.028,0.97278,224.03,217.93,21.138,18.574,19.723,21.33,206.14,10
2020-04-15 12:16:00,2.2409,169.96,121.66,9.9893,13.216,19.014,0.95341,223.66,213.23,21.101,18.306,19.618,21.192,201.92,10
2020-04-15 12:17:00,2.2254,168.08,121.59,9.9166,13.216,18.996,0.94719,220.32,208.68,20.938,18.228,19.351,20.987,199.54,10
2020-04-15 12:18:00,2.1979,167.57,121.69,9.766,13.217,18.974,0.96108,218.1,209.6,20.702,17.917,18.998,20.654,199.41,10
2020-04-15 12:19:00,2.1979,166.63,121.75,9.609,13.217,18.959,0.93421,224.12,209.31,20.549,17.716,18.856,20.45,199.41,10
2020-04-15 12:20:00,2.196,166.52,121.68,9.551,13.215,18.949,0.93312,224.44,209.42,20.491,17.799,18.794,20.328,199.41,10
2020-04-15 12:21:00,2.188,165.75,121.63,9.591,13.217,18.925,0.92635,223.45,206.96,20.493,17.73,18.733,20.232,199.35,10
2020-04-15 12:22:00,2.1756,163.37,121.65,9.6674,13.217,18.901,0.90954,223.89,203.63,20.479,17.726,18.751,20.199,197.31,10
2020-04-15 12:23:00,2.1543,159.47,121.63,9.7949,13.217,18.883,0.90661,220.84,200.19,20.388,17.492,18.485,20.042,193.86,10
2020-04-15 12:24:00,2.1406,156.64,121.71,9.7344,13.22,18.864,0.8974699999999999,216.58,194.37,20.207,17.31,18.319,19.885,191.9,10
2020-04-15 12:25:00,2.1317,154.66,121.71,9.6476,13.219,18.842,0.88066,219.99,193.73,20.05,17.078,18.096,19.736,189.09,10
2020-04-15 12:26:00,2.0959,149.31,121.74,9.5675,13.221,18.826,0.84501,221.05,186.77,19.787,16.8,17.755,19.38,182.21,10
2020-04-15 12:27:00,2.0684,139.6,121.62,9.538900000000002,13.218,18.812,0.7854299999999999,224.0,175.9,19.452,16.425,17.305,18.943,174.26,10
2020-04-15 12:28:00,2.0262,135.15,121.63,9.461,13.22,18.786,0.7620299999999999,223.45,170.28,19.043,15.855,16.966,18.596,166.9,10
2020-04-15 12:29:00,2.0075,128.9,121.61,9.3704,13.22,18.759,0.7338799999999999,223.0,163.66,18.75,15.494,16.56,18.184,161.43,10
2020-04-15 12:30:00,2.0003,127.72,121.59,9.1788,13.221,18.737,0.7194399999999999,222.95,160.34,18.512,15.347,16.405,17.919,159.78,10
2020-04-15 12:31:00,2.0077,128.65,121.54,9.1291,13.222,18.723,0.75728,215.17,162.93,18.428,15.205,16.295,17.779,161.9,10
2020-04-15 12:32:00,2.0133,128.08,121.46,9.1348,13.223,18.688,0.75033,215.52,161.67,18.262,15.088,16.102,17.625,162.95,10
2020-04-15 12:33:00,2.01,128.34,121.52,9.2195,13.223,18.672,0.7284,222.27,161.9,18.206,15.055,15.976,17.451,161.21,10
2020-04-15 12:34:00,1.986,125.01,121.56,9.2921,13.225,18.664,0.7040899999999999,226.64,159.55,18.088,14.898,15.796,17.293,158.53,10
2020-04-15 12:35:00,1.9816,123.94,121.51,9.2636,13.224,18.627,0.6938499999999999,228.25,158.36,17.944,14.738,15.726,17.219,157.24,10
2020-04-15 12:36:00,1.9747,121.46,121.52,9.2864,13.228,18.595,0.67064,228.0,152.92,17.96,14.787,15.719,17.159,155.11,10
2020-04-15 12:37:00,1.9741,117.44,121.49,9.3451,13.228,18.575,0.6547399999999999,227.67,149.06,17.977,14.861,15.641,17.072,150.89,10
2020-04-15 12:38:00,1.9645,111.91,121.52,9.3451,13.23,18.544,0.6296899999999999,228.22,143.71,17.896,14.721,15.552,16.984,145.12,10
2020-04-15 12:39:00,1.9444,106.62,121.53,9.3302,13.23,18.509,0.61617,224.41,138.28,17.851,14.717,15.598,16.921,139.98,10
2020-04-15 12:40:00,1.9215,99.047,121.49,9.3404,13.229,18.485,0.5839999999999999,224.35,131.0,17.916,14.803,15.615,16.878,133.28,10
2020-04-15 12:41:00,1.9085,96.832,121.54,9.367400000000002,13.23,18.456,0.56901,219.15,124.68,17.995,14.856,15.605,16.709,128.2,10
2020-04-15 12:42:00,1.8931,94.073,121.45,9.4399,13.233,18.426,0.55695,216.68,120.68,17.987,14.891,15.584,16.626,124.61,10
2020-04-15 12:43:00,1.8857,90.595,121.53,9.4634,13.234,18.389,0.55366,214.47,118.72,17.984,15.037,15.563,16.415,122.26,10
2020-04-15 12:44:00,1.8843,89.952,121.45,9.4594,13.235,18.361,0.5540199999999998,212.56,117.74,17.951,14.98,15.574,16.336,120.69,10
2020-04-15 12:45:00,1.8818,89.099,121.44,9.4147,13.236,18.328,0.57504,198.66,114.22,17.928,14.959,15.526,16.116,120.58,10
2020-04-15 12:46:00,1.8915,89.232,121.39,9.4476,13.236,18.297,0.56956,201.42,114.71,17.919,15.052,15.501,16.132,120.91,10
2020-04-15 12:47:00,1.8893,90.451,121.39,9.5015,13.236,18.269,0.5635299999999999,207.42,116.88,17.949,15.182,15.488,16.02,120.91,10
2020-04-15 12:48:00,1.8884,91.891,121.4,9.5457,13.236,18.234,0.56828,209.5,119.05,17.947,15.092,15.41,16.04,121.24,10
2020-04-15 12:49:00,1.8934,91.625,121.47,9.4412,13.238,18.197,0.57815,204.82,118.39,17.839,15.069,15.211,15.773,121.93,10
2020-04-15 12:50:00,1.8961,91.248,121.43,9.3197,13.24,18.166,0.5896599999999999,205.97,121.42,17.674,14.909,15.124,15.816,123.2,10
2020-04-15 12:51:00,1.9094,92.356,121.43,9.2404,13.24,18.127,0.60063,203.52,122.24,17.478,14.851,14.986,15.667,126.34,10
2020-04-15 12:52:00,1.9284,101.09,121.42,9.1628,13.241,18.094,0.63317,206.69,130.89,17.333,14.739,14.926,15.642,133.44,10
2020-04-15 12:53:00,1.9639,111.95,121.47,9.0895,13.243,18.06,0.70043,206.66,144.7,17.294,14.838,14.936,15.627,143.9,10
2020-04-15 12:54:00,2.0199,123.01,121.56,9.1277,13.243,18.023,0.74978,212.5,159.35,17.278,14.803,15.006,15.713,154.94,10
2020-04-15 12:55:00,2.0656,135.88,121.58,9.1925,13.245,17.988,0.78159,222.32,173.77,17.324,14.923,15.102,15.843,165.21,10
2020-04-15 12:56:00,2.1097,145.36,121.58,9.222600000000002,13.245,17.953,0.8355099999999999,222.47,185.87,17.375,15.139,15.251,16.049,175.1,10
2020-04-15 12:57:00,2.1149,147.11,121.54,9.281300000000002,13.247,17.922,0.82527,224.37,185.13,17.472,15.266,15.429,16.311,176.86,10
2020-04-15 12:58:00,2.0711,138.04,121.52,9.287,13.243,17.891,0.77866,224.29,174.63,17.478,15.325,15.489,16.436,168.42,10
2020-04-15 12:59:00,2.0281,132.14,121.54,9.1721,13.246,17.852,0.72145,230.73,166.43,17.413,15.301,15.601,16.59,161.27,10
2020-04-15 13:00:00,2.0053,127.86,121.6,9.1407,13.246,17.815,0.70061,230.53,161.51,17.505,15.506,15.649,16.615,157.43,10
2020-04-15 13:01:00,2.0127,127.5,121.59,9.1976,13.246,17.777,0.7097499999999999,226.57,160.78,17.551,15.476,15.67,16.69,157.18,10
2020-04-15 13:02:00,2.0119,129.09,121.63,9.265300000000002,13.247,17.742,0.71103,227.9,162.01,17.483,15.363,15.632,16.713,157.65,10
2020-04-15 13:03:00,1.9951,125.07,121.63,9.3242,13.246,17.711,0.69952,224.87,157.29,17.464,15.39,15.627,16.627,155.08,10
2020-04-15 13:04:00,1.9918,124.21,121.7,9.427,13.247,17.676,0.7049999999999998,223.4,157.48,17.478,15.368,15.658,16.507,154.23,10
2020-04-15 13:05:00,2.0141,128.96,121.68,9.4768,13.247,17.637,0.73041,222.13,162.25,17.524,15.395,15.667,16.519,158.28,10
2020-04-15 13:06:00,2.04,137.2,121.69,9.4285,13.247,17.608,0.77629,219.78,170.59,17.497,15.483,15.687,16.574,165.47,10
2020-04-15 13:07:00,2.0662,141.33,121.63,9.4521,13.249,17.568,0.78031,225.27,175.76,17.526,15.531,15.749,16.668,169.52,10
2020-04-15 13:08:00,2.0474,136.86,121.56,9.4774,13.249,17.539,0.7576399999999999,226.86,171.85,17.602,15.621,15.773,16.549,166.35,10
2020-04-15 13:09:00,1.984,124.89,121.63,9.5073,13.249,17.51,0.6826999999999999,228.19,155.8,17.61,15.643,15.778,16.599,155.25,10
2020-04-15 13:10:00,1.9438,115.2,121.64,9.433,13.25,17.471,0.64048,228.79,146.54,17.472,15.462,15.536,16.402,146.45,10
2020-04-15 13:11:00,1.9416,113.55,121.59,9.327800000000002,13.25,17.444,0.63719,228.95,145.87,17.339,15.269,15.422,16.252,144.3,10
2020-04-15 13:12:00,1.9485,115.15,121.59,9.3546,13.25,17.405,0.6351799999999999,231.69,147.14,17.257,15.18,15.28,16.145,145.76,10
2020-04-15 13:13:00,1.9736,119.66,121.6,9.2804,13.25,17.371,0.6856299999999999,222.36,152.42,17.081,15.045,15.178,15.979,148.44,10
2020-04-15 13:14:00,1.9515,115.44,121.69,9.2273,13.249,17.344,0.6766699999999999,216.94,146.79,17.016,15.033,15.155,15.895,145.51,10
2020-04-15 13:15:00,1.9245,108.67,121.63,9.2293,13.25,17.313,0.6254899999999999,221.07,138.26,16.961,15.083,15.04,15.758,139.14,10
2020-04-15 13:16:00,1.9099,104.19,121.67,9.2309,13.251,17.278,0.59113,225.25,133.15,16.854,14.937,14.944,15.702,135.36,10
2020-04-15 13:17:00,1.9074,105.59,121.59,9.1345,13.251,17.246,0.5836299999999999,228.49,133.33,16.717,14.844,14.837,15.592,135.91,10
2020-04-15 13:18:00,1.9254,109.62,121.64,9.1653,13.252,17.215,0.62841,221.83,139.39,16.568,14.757,14.727,15.432,138.87,10
2020-04-15 13:19:00,1.9284,111.99,121.71,9.1694,13.253,17.184,0.6232999999999999,231.27,144.15,16.45,14.655,14.612,15.259,142.23,10
2020-04-15 13:20:00,1.9378,112.53,121.62,9.1239,13.253,17.154,0.61836,235.54,145.63,16.344,14.655,14.678,15.245,144.25,10
2020-04-15 13:21:00,1.9615,118.82,121.6,9.0697,13.255,17.125,0.66132,228.76,151.26,16.37,14.734,14.731,15.289,147.76,10
2020-04-15 13:22:00,1.9796,122.33,121.69,9.1137,13.255,17.085,0.6978699999999999,220.98,154.21,16.415,14.836,14.796,15.408,150.77,10
2020-04-15 13:23:00,1.9846,122.7,121.71,9.1878,13.255,17.054,0.7000699999999999,222.11,155.46,16.424,14.956,14.841,15.441,152.78,10
2020-04-15 13:24:00,1.9876,127.42,121.71,9.1298,13.255,17.021,0.7349799999999999,217.76,160.02,16.368,14.829,14.887,15.435,156.67,10
2020-04-15 13:25:00,2.0207,133.77,121.77,9.0883,13.256,16.991,0.76587,218.26,167.15,16.377,14.975,14.951,15.546,162.91,10
2020-04-15 13:26:00,2.0703,144.54,121.82,9.1113,13.257,16.958,0.81705,221.24,180.82,16.405,15.088,15.062,15.695,173.96,10
2020-04-15 13:27:00,2.2001,167.04,121.87,9.1759,13.257,16.923,0.94173,219.47,206.57,16.437,15.272,15.182,15.815,196.1,10
2020-04-15 13:28:00,2.4768,215.69,122.04,9.2565,13.259,16.891,1.2031,221.49,266.5,16.533,15.552,15.519,16.273,245.6,10
2020-04-15 13:29:00,2.4655,213.52,122.09,9.374,13.256,16.859,1.1728,226.19,265.27,16.682,15.895,15.925,16.687,242.98,10
2020-04-15 13:30:00,2.4462,212.19,122.06,9.4466,13.258,16.824,1.1333,228.75,259.25,16.839,16.261,16.259,17.003,240.41,10
2020-04-15 13:31:00,2.4429,212.2,122.05,9.5078,13.257,16.803,1.1423,227.73,260.1,16.984,16.483,16.518,17.327,240.96,10
2020-04-15 13:32:00,2.452,211.5,121.94,9.5294,13.259,16.773,1.1178,234.86,262.48,16.985,16.482,16.522,17.434,242.26,10
2020-04-15 13:33:00,2.4184,208.55,122.01,9.573,13.257,16.732,1.0923,234.41,256.05,17.015,16.546,16.614,17.497,238.26,10
2020-04-15 13:34:00,2.3616,197.46,122.0,9.5035,13.257,16.707,1.0536,232.41,244.84,16.917,16.495,16.515,17.343,228.74,10
2020-04-15 13:35:00,2.2936,186.63,121.99,9.5304,13.256,16.675,0.98688,233.7,230.64,16.893,16.485,16.7,17.466,217.86,10
2020-04-15 13:36:00,2.2707,183.53,121.93,9.474,13.256,16.643,0.96476,234.04,225.79,16.888,16.466,16.779,17.385,214.3,10
2020-04-15 13:37:00,2.3352,192.69,121.95,9.3769,13.256,16.618,1.0355,228.24,236.4,16.926,16.755,16.886,17.461,223.54,10
2020-04-15 13:38:00,3.7667,392.85,122.44,9.3413,13.256,16.595,2.0556,232.18,478.55,17.118,17.111,17.282,17.8,388.06,10
2020-04-15 13:39:00,7.4207,874.19,123.79,9.4275,13.256,16.572,4.706,226.43,1065.3,17.974,19.836,19.901,20.749,982.24,10
2020-04-15 13:40:00,2.886,279.55,122.18,9.5663,13.256,16.536,1.5356,223.34,342.96,18.693,20.866,20.91,21.982,330.61,10
2020-04-15 13:41:00,3.1351,315.38,122.23,9.7158,13.253,16.515,1.6661,230.39,383.7,18.827,20.892,20.875,22.156,345.4,10
2020-04-15 13:42:00,7.3851,868.44,123.62,9.8958,13.252,16.496,4.655,227.43,1056.8,19.208,22.073,22.058,23.692,921.58,10
2020-04-15 13:43:00,3.0114,299.16,122.25,10.006,13.251,16.471,1.5919,227.83,362.57,19.91,23.278,23.314,25.138,386.15,10
2020-04-15 13:44:00,2.811,266.96,122.12,10.026,13.249,16.45,1.4263,230.52,328.81,19.902,22.707,22.859,24.728,311.78,10
2020-04-15 13:45:00,2.746,260.27,122.06,10.08,13.248,16.443,1.3482,235.06,316.94,19.73,21.972,22.246,24.175,301.26,10
2020-04-15 13:46:00,6.0109,686.38,123.21,10.106,13.25,16.424,3.5737,236.02,833.77,19.777,22.051,22.507,24.357,719.64,10
2020-04-15 13:47:00,8.8792,1060.1,124.18,10.219,13.245,16.418,5.5496,232.74,1291.1,20.889,25.127,25.392,27.713,1219.8,10
2020-04-15 13:48:00,5.6978,652.72,123.17,10.22,13.244,16.401,3.4128,232.86,794.35,21.772,26.419,26.995,29.273,747.14,10
2020-04-15 13:49:00,4.4071,484.32,122.72,10.413,13.24,16.401,2.5926,227.77,588.72,22.262,26.604,26.733,29.733,561.37,10
2020-04-15 13:50:00,3.056,299.92,122.2,10.534,13.238,16.401,1.5983,230.1,367.75,22.11,25.64,26.046,28.575,352.23,10
2020-04-15 13:51:00,2.9874,290.52,122.22,10.548,13.234,16.401,1.548,229.6,355.33,21.859,24.687,25.173,27.408,344.17,10
2020-04-15 13:52:00,2.9777,289.3,122.15,10.415,13.233,16.401,1.501,237.12,356.07,21.525,23.905,24.408,26.128,341.08,10
2020-04-15 13:53:00,4.2263,456.36,122.56,10.323,13.23,16.401,2.3766,235.64,557.31,21.34,23.542,23.957,25.609,514.9,10
2020-04-15 13:54:00,3.1715,314.62,122.3,10.133,13.23,16.416,1.646,235.79,388.01,21.128,23.287,23.501,25.075,375.61,10
2020-04-15 13:55:00,2.7441,258.02,122.16,9.9861,13.231,16.423,1.3363,235.83,315.17,20.713,22.455,22.789,24.135,307.17,10
2020-04-15 13:56:00,2.6077,237.88,122.01,9.9955,13.23,16.429,1.2245,235.2,287.97,20.479,22.077,22.285,23.634,284.62,10
2020-04-15 13:57:00,2.5682,230.34,121.99,10.062,13.23,16.446,1.204,233.57,281.18,20.175,21.424,21.552,22.915,276.44,10
2020-04-15 13:58:00,2.5911,233.27,121.97,10.12,13.231,16.456,1.1868,240.95,285.9,19.869,20.683,21.021,22.081,279.45,10
2020-04-15 13:59:00,3.0273,293.79,122.19,10.081,13.23,16.469,1.4866,243.15,361.29,19.593,20.327,20.641,21.625,321.75,10
2020-04-15 14:00:00,2.9229,279.5,122.24,10.059,13.232,16.488,1.4332,239.43,343.22,19.579,20.318,20.688,21.647,341.21,10
2020-04-15 14:01:00,2.5112,223.96,122.03,10.009,13.233,16.503,1.1579,235.11,272.25,19.462,19.901,20.402,21.219,269.32,10
2020-04-15 14:02:00,2.5498,227.14,122.0,9.9741,13.233,16.514,1.1733,239.01,280.45,19.338,19.937,20.152,21.009,274.35,10
2020-04-15 14:03:00,4.2059,454.92,122.71,9.9634,13.233,16.528,2.3144,236.07,550.35,19.266,19.762,20.074,21.296,451.92,10
2020-04-15 14:04:00,4.7342,514.27,122.9,9.9137,13.232,16.537,2.6027,242.73,633.95,19.604,21.136,21.762,23.181,640.96,10
2020-04-15 14:05:00,2.514,222.44,122.15,10.012,13.234,16.551,1.1455,238.22,272.69,19.781,20.897,21.612,22.86,271.09,10
2020-04-15 14:06:00,2.4598,212.6,122.21,9.9666,13.232,16.573,1.1214,232.62,260.85,19.624,20.424,20.85,21.852,260.96,10
2020-04-15 14:07:00,2.4705,214.98,122.19,9.8985,13.23,16.585,1.12,235.01,263.18,19.502,20.187,20.648,21.694,261.01,10
2020-04-15 14:08:00,2.5275,222.18,122.3,9.9391,13.232,16.596,1.1625,236.49,274.85,19.456,19.929,20.347,21.33,269.9,10
2020-04-15 14:09:00,2.5584,230.27,122.26,10.077,13.232,16.607,1.2174,232.79,283.37,19.349,19.675,19.986,21.003,272.85,10
2020-04-15 14:10:00,2.6055,235.85,122.34,10.127,13.232,16.616,1.2519,230.52,288.56,19.13,19.287,19.709,20.81,278.73,10
2020-04-15 14:11:00,2.6636,245.41,122.37,10.101,13.233,16.63,1.3362,223.74,298.81,18.653,18.783,19.072,20.139,287.51,10
2020-04-15 14:12:00,2.7491,259.86,122.39,10.086,13.233,16.639,1.396,227.54,317.65,18.362,18.412,18.821,19.865,301.34,10
2020-04-15 14:13:00,2.7626,261.19,122.35,10.095,13.232,16.652,1.4223,224.27,318.97,18.151,18.243,18.567,19.445,303.94,10
2020-04-15 14:14:00,2.7196,255.56,122.43,10.047,13.236,16.658,1.3791,226.53,312.38,17.98,18.004,18.272,19.274,298.12,10
2020-04-15 14:15:00,2.7741,263.12,122.43,10.013,13.236,16.675,1.3945,229.76,320.18,17.838,17.974,18.327,19.229,302.67,10
2020-04-15 14:16:00,2.9177,284.82,122.52,10.038,13.237,16.679,1.5007,230.86,346.39,17.853,18.106,18.317,19.242,326.47,10
2020-04-15 14:17:00,2.8984,279.47,122.44,9.9948,13.236,16.698,1.4967,227.78,340.8,17.658,17.938,18.19,19.071,321.92,10
2020-04-15 14:18:00,3.7606,402.12,122.74,10.101,13.236,16.698,2.1313,228.08,485.96,17.605,18.251,18.402,19.555,448.12,10
2020-04-15 14:19:00,2.9764,291.46,122.56,10.13,13.239,16.707,1.57,226.21,355.12,17.537,18.181,18.446,19.741,338.1,10
2020-04-15 14:20:00,2.9056,280.91,122.46,10.138,13.238,16.716,1.4898,231.93,345.5,17.491,18.304,18.514,19.749,325.84,10
2020-04-15 14:21:00,2.764,260.41,122.49,10.139,13.239,16.722,1.3854,230.41,319.23,17.53,18.228,18.563,19.745,305.71,10
2020-04-15 14:22:00,3.0947,307.93,122.57,10.211,13.239,16.722,1.683,223.0,374.86,17.561,18.209,18.708,20.095,337.82,10
2020-04-15 14:23:00,2.6907,249.43,122.38,10.246,13.239,16.722,1.3631,223.19,304.08,17.629,18.508,18.658,20.115,304.72,10
2020-04-15 14:24:00,2.6215,239.27,122.33,10.266,13.24,16.722,1.2755,228.47,291.45,17.667,18.504,18.676,20.029,277.47,10
2020-04-15 14:25:00,2.7596,260.15,122.37,10.403,13.241,16.722,1.3962,227.1,316.97,17.723,18.53,18.626,19.896,300.74,10
2020-04-15 14:26:00,2.6959,252.47,122.37,10.374,13.242,16.721,1.3384,229.32,306.95,17.636,18.159,18.548,19.98,288.65,10
2020-04-15 14:27:00,2.7877,264.98,122.3,10.312,13.24,16.721,1.376,233.5,321.29,17.64,18.444,18.723,19.979,300.93,10
2020-04-15 14:28:00,2.8734,276.85,122.26,10.219,13.24,16.721,1.4799,227.7,336.98,17.767,18.733,19.06,20.375,316.04,10
2020-04-15 14:29:00,2.7725,260.77,122.27,10.189,13.241,16.721,1.3982,228.82,319.9,17.914,18.751,19.074,20.324,301.24,10
2020-04-15 14:30:00,2.6534,243.11,122.3,10.194,13.241,16.721,1.285,232.51,298.72,17.931,18.737,18.954,20.203,283.3,10
2020-04-15 14:31:00,2.5961,233.98,122.25,10.272,13.239,16.721,1.2411,231.03,286.72,17.895,18.463,18.708,20.124,272.25,10
2020-04-15 14:32:00,2.6003,233.68,122.12,10.183,13.238,16.721,1.2762,223.26,284.88,17.666,18.18,18.36,19.794,271.89,10
2020-04-15 14:33:00,2.6204,238.15,122.21,10.176,13.241,16.721,1.2762,228.48,291.58,17.55,18.105,18.303,19.701,275.62,10
2020-04-15 14:34:00,2.5851,232.27,122.16,10.21,13.241,16.721,1.2411,231.21,286.93,17.543,17.839,18.171,19.636,269.93,10
2020-04-15 14:35:00,3.1241,306.71,122.44,10.275,13.238,16.72,1.6341,230.41,377.48,17.504,17.924,18.188,19.733,345.03,10
2020-04-15 14:36:00,2.5195,222.27,122.17,10.224,13.24,16.72,1.1929,227.88,271.83,17.464,18.025,18.184,19.594,259.33,10
2020-04-15 14:37:00,2.4715,211.28,122.16,10.128,13.241,16.719,1.1477,226.57,260.03,17.288,17.587,17.902,19.294,249.22,10
2020-04-15 14:38:00,2.4498,211.31,122.12,10.071,13.241,16.718,1.17,221.55,259.2,17.058,17.152,17.606,19.123,246.93,10
2020-04-15 14:39:00,2.5426,225.07,122.17,9.9194,13.241,16.709,1.2366,224.43,277.58,16.822,17.121,17.419,18.848,259.19,10
2020-04-15 14:40:00,2.7251,251.36,122.3,9.8425,13.241,16.697,1.3665,226.53,309.39,16.792,17.236,17.585,18.934,286.8,10
2020-04-15 14:41:00,3.1266,312.43,122.48,9.8343,13.243,16.697,1.6559,229.27,379.69,16.888,17.588,17.916,19.157,339.5,10
2020-04-15 14:42:00,6.114,704.46,123.54,9.9309,13.243,16.697,3.6517,234.2,854.95,17.293,19.003,19.126,20.643,739.35,10
2020-04-15 14:43:00,7.7979,924.83,124.08,10.207,13.241,16.697,4.6874,239.91,1125.1,18.061,21.325,21.554,23.577,1021.0,10
2020-04-15 14:44:00,7.9847,951.25,124.27,10.668,13.24,16.686,4.8171,240.44,1158.5,19.022,23.589,23.865,26.565,1082.4,10
2020-04-15 14:45:00,7.636199999999999,904.8,124.03,10.997,13.238,16.674,4.5503,241.14,1097.0,19.864,25.217,25.72,28.823,999.43,10
2020-04-15 14:46:00,7.7001,912.97,124.14,11.21,13.235,16.674,4.5267,245.4,1111.3,20.6,26.59,27.544,31.038,1023.9,10
2020-04-15 14:47:00,7.7767,924.27,124.16,11.486,13.233,16.674,4.6064,243.37,1121.0,21.277,28.192,28.972,32.809,1056.2,10
2020-04-15 14:48:00,5.6212,648.61,123.53,11.404,13.226,16.674,3.2828,238.9,785.19,21.483,27.817,29.083,33.21,780.49,10
2020-04-15 14:49:00,6.4384,751.7999999999998,123.79,11.359,13.222,16.698,3.7766,241.45,911.03,21.74,28.265,29.743,33.628,840.71,10
2020-04-15 14:50:00,7.5551,894.65,124.25,11.54,13.218,16.705,4.4954,242.55,1090.4,22.35,29.162,30.746,35.062,1036.2,10
2020-04-15 14:51:00,7.5248,893.4,124.18,11.426,13.215,16.722,4.5764,237.04,1084.5,22.685,29.569,31.453,36.034,1032.3,10
2020-04-15 14:52:00,6.6618,780.71,123.73,11.391,13.209,16.74,4.0571,232.7,944.29,23.091,29.991,31.994,36.666,906.6,10
2020-04-15 14:53:00,3.4064,341.66,122.54,11.266,13.204,16.775,1.7815,235.15,420.31,22.972,29.17,31.101,35.458,419.73,10
2020-04-15 14:54:00,7.0626,831.88,123.91,11.162,13.2,16.807,4.259,237.27,1010.6,23.105,29.936,31.801,35.544,965.29,10
2020-04-15 14:55:00,6.775,797.5299999999999,123.89,11.356,13.198,16.84,4.0623,236.74,961.71,23.556,30.654,32.77,36.783,929.46,10
2020-04-15 14:56:00,6.597,775.85,123.86,11.609,13.195,16.883,3.9611,237.95,942.49,23.659,31.0,32.543,37.143,905.71,10
2020-04-15 14:57:00,3.8654,385.85,122.79,11.652,13.191,16.932,1.9655,240.1,469.37,23.428,29.761,31.639,36.38,523.87,10
2020-04-15 14:58:00,1.8808,97.991,121.94,11.01,13.189,16.987,0.53834,235.79,126.74,22.394,26.421,28.92,33.47,170.76,10
2020-04-15 14:59:00,2.4122,195.65,122.23,10.798,13.186,17.035,1.0129,238.51,241.47,21.627,24.465,27.021,31.063,268.74,10
2020-04-15 15:00:00,2.0459,137.32,122.05,10.896,13.184,17.096,0.7432499999999999,233.69,173.56,21.195,23.092,25.562,29.268,198.61,10
2020-04-15 15:01:00,2.1415,157.66,122.13,10.984,13.186,17.147,0.86279,229.29,197.69,20.575,21.44,23.953,27.569,214.96,10
2020-04-15 15:02:00,2.2322,172.37,122.24,10.941,13.187,17.206,0.98325,217.31,213.53,20.013,19.976,22.418,25.991,227.55,10
2020-04-15 15:03:00,2.7588,250.51,122.4,10.69,13.188,17.262,1.4064,217.1,307.99,19.456,18.731,21.311,24.723,279.62,10
2020-04-15 15:04:00,7.0657,832.7899999999998,123.91,10.553,13.19,17.319,4.6369,217.92,1010.6,19.248,19.587,22.046,25.577,941.63,10
2020-04-15 15:05:00,7.0886,835.0,123.98,10.769,13.189,17.369,4.5276,223.56,1012.2,19.551,21.571,23.872,27.492,964.94,10
2020-04-15 15:06:00,2.5212,221.48,122.32,10.922,13.19,17.417,1.1927,228.35,271.87,19.741,21.614,23.863,27.538,314.37,10
2020-04-15 15:07:00,3.4739,346.08,122.63,10.886,13.189,17.477,1.7855,234.76,423.2,19.543,20.799,22.949,26.447,380.27,10
2020-04-15 15:08:00,6.9204,813.38,123.81,10.764,13.189,17.521,4.104,240.54,987.09,19.624,21.909,23.861,27.492,923.29,10
2020-04-15 15:09:00,6.867,809.5299999999999,123.94,10.818,13.189,17.567,4.0366,243.24,981.81,20.0,23.67,25.522,29.023,920.7,10
2020-04-15 15:10:00,4.8712,545.45,123.29,11.176,13.19,17.614,2.7596,240.76,663.33,20.344,23.583,25.798,29.709,646.38,10
2020-04-15 15:11:00,6.4775,756.25,123.77,11.264,13.186,17.662,3.8201,240.9,920.6,20.33,24.172,26.282,30.497,883.48,10
2020-04-15 15:12:00,3.4432,344.54,122.74,11.572,13.186,17.71,1.742,241.94,420.51,20.51,24.199,26.367,30.46,444.21,10
2020-04-15 15:13:00,2.2241,172.62,122.23,11.52,13.183,17.751,0.88031,243.62,214.58,20.272,22.637,24.881,28.748,241.29,10
2020-04-15 15:14:00,2.2481,176.15,122.25,11.291,13.182,17.805,0.8909099999999999,245.59,218.79,19.837,20.926,23.256,27.03,242.9,10
2020-04-15 15:15:00,2.1894,165.33,122.19,11.045,13.181,17.848,0.8653199999999999,238.74,206.59,19.439,19.618,22.047,25.423,224.79,10
2020-04-15 15:16:00,2.1277,151.18,122.23,10.87,13.182,17.906,0.80445,236.05,189.88,19.053,18.55,20.902,24.081,208.14,10
2020-04-15 15:17:00,2.0359,133.77,122.09,10.789,13.183,17.943,0.71964,232.88,167.6,18.711,17.842,19.993,22.919,188.68,10
2020-04-15 15:18:00,1.9929,124.79,121.99,10.711,13.184,17.987,0.67979,227.37,154.56,18.404,16.963,19.089,21.897,175.56,10
2020-04-15 15:19:00,2.0138,128.31,122.12,10.592,13.185,18.03,0.7362699999999999,222.47,163.79,17.997,16.203,18.118,20.762,177.0,10
2020-04-15 15:20:00,2.1783,162.38,122.11,10.398,13.186,18.073,0.9313,216.64,201.8,17.647,15.613,17.516,20.054,206.62,10
2020-04-15 15:21:00,2.7959,260.28,122.42,10.36,13.189,18.108,1.429,222.41,318.55,17.418,15.54,17.34,19.807,311.56,10
2020-04-15 15:22:00,2.2147,173.12,122.3,10.361,13.19,18.141,0.95634,225.26,215.38,17.251,15.356,16.997,19.412,219.54,10
2020-04-15 15:23:00,2.1491,157.34,122.2,10.352,13.193,18.178,0.8561699999999999,229.55,196.54,17.044,14.957,16.576,18.968,204.58,10
2020-04-15 15:24:00,2.0932,146.19,122.26,10.172,13.194,18.201,0.8154099999999999,226.73,184.88,16.789,14.632,16.175,18.415,192.43,10
2020-04-15 15:25:00,2.0882,143.35,122.24,10.15,13.195,18.229,0.81084,224.97,182.38,16.694,14.583,16.021,18.042,190.69,10
2020-04-15 15:26:00,2.1213,153.21,122.26,10.181,13.197,18.252,0.87226,220.17,192.02,16.653,14.531,15.793,17.692,197.18,10
2020-04-15 15:27:00,2.2081,168.97,122.42,10.215,13.197,18.274,0.96402,216.64,208.93,16.621,14.497,15.717,17.573,213.29,10
2020-04-15 15:28:00,2.3081,187.64,122.35,10.163,13.201,18.295,1.0748,215.64,231.67,16.5,14.593,15.582,17.376,232.23,10
2020-04-15 15:29:00,2.3767,198.11,122.4,10.119,13.202,18.295,1.1296,215.49,243.42,16.382,14.552,15.59,17.41,243.66,10
2020-04-15 15:30:00,2.3839,199.16,122.42,10.1,13.205,18.307,1.1477,215.96,247.9,16.358,14.63,15.676,17.456,244.29,10
2020-04-15 15:31:00,2.4492,211.99,122.44,10.083,13.205,18.319,1.1815,223.22,263.7,16.323,14.731,15.853,17.608,256.0,10
2020-04-15 15:32:00,2.5107,220.11,122.33,9.9479,13.207,18.319,1.2362,220.77,272.88,16.36,15.1,16.055,17.794,264.5,10
2020-04-15 15:33:00,2.4743,214.52,122.37,9.984800000000002,13.209,18.319,1.1516,229.55,264.31,16.393,15.244,16.195,18.028,254.51,10
2020-04-15 15:34:00,2.3602,198.53,122.32,10.072,13.21,18.319,1.055,232.58,245.37,16.375,15.28,16.185,17.98,237.06,10
2020-04-15 15:35:00,2.3015,188.37,122.34,10.034,13.211,18.317,0.99728,234.16,233.5,16.303,15.225,16.017,17.777,226.49,10
2020-04-15 15:36:00,2.2491,178.11,122.25,9.9271,13.215,18.319,0.93641,237.43,222.32,16.168,15.028,15.937,17.623,216.63,10
2020-04-15 15:37:00,2.5308,223.8,122.47,9.8314,13.215,18.318,1.1589,235.79,273.34,16.016,14.935,15.763,17.436,256.24,10
2020-04-15 15:38:00,3.0091,292.46,122.48,9.652,13.217,18.318,1.544,230.85,357.23,15.979,15.331,16.138,17.774,341.24,10
2020-04-15 15:39:00,2.0582,137.86,122.12,9.6681,13.217,18.309,0.77812,226.99,176.67,15.949,15.297,15.99,17.576,177.29,10
2020-04-15 15:40:00,1.9794,122.32,122.04,9.588,13.218,18.295,0.69952,224.41,156.96,15.737,14.852,15.67,17.3,160.15,10
2020-04-15 15:41:00,1.94,112.87,122.01,9.4403,13.219,18.295,0.64085,225.41,144.45,15.519,14.459,15.256,16.82,150.51,10
2020-04-15 15:42:00,1.8956,102.92,121.92,9.4501,13.221,18.285,0.5796099999999998,226.76,131.43,15.419,14.056,14.995,16.513,139.27,10
2020-04-15 15:43:00,1.8664,94.051,121.91,9.243,13.222,18.264,0.5383,227.58,122.51,15.191,13.715,14.626,16.094,130.74,10
2020-04-15 15:44:00,1.8507,89.598,121.81,9.0604,13.224,18.246,0.5220299999999999,223.04,116.42,14.924,13.397,14.234,15.675,124.67,10
2020-04-15 15:45:00,1.8273,83.417,121.95,9.0554,13.225,18.222,0.48731,221.33,107.81,14.805,13.281,14.113,15.39,117.63,10
2020-04-15 15:46:00,1.8115,74.2,121.92,9.0782,13.228,18.201,0.44252,223.18,98.787,14.72,13.169,13.96,15.185,110.04,10
2020-04-15 15:47:00,1.7917,68.904,121.85,9.0465,13.231,18.185,0.41565,217.42,90.357,14.64,13.037,13.729,14.902,102.17,10
2020-04-15 15:48:00,1.7766,61.216,121.78,8.9686,13.232,18.156,0.37544,222.54,83.539,14.483,12.941,13.532,14.625,96.511,10
2020-04-15 15:49:00,1.7672,59.045,121.77,8.9669,13.235,18.123,0.3646599999999999,222.84,81.25199999999998,14.354,12.786,13.381,14.417,93.889,10
2020-04-15 15:50:00,1.7735,60.053,121.81,8.9221,13.236,18.098,0.3814699999999999,217.12,82.825,14.213,12.666,13.25,14.257,93.448,10
2020-04-15 15:51:00,1.7741,57.771,121.78,8.9709,13.236,18.07,0.3734299999999999,210.72,78.68899999999998,14.218,12.7,13.178,14.155,90.522,10
2020-04-15 15:52:00,1.7658,55.135,121.69,8.9473,13.241,18.035,0.3703199999999999,209.07,77.424,14.157,12.652,13.086,13.984,87.789,10
2020-04-15 15:53:00,1.7658,54.47,121.65,8.906,13.243,17.996,0.3577099999999999,208.56,74.60299999999998,14.057,12.512,13.008,13.903,85.912,10
2020-04-15 15:54:00,1.7677,53.395,121.82,8.9166,13.246,17.961,0.3568,209.5,74.751,14.045,12.554,12.938,13.773,85.25,10
2020-04-15 15:55:00,1.7573,49.219,121.8,8.8662,13.249,17.924,0.327,209.17,68.394,13.992,12.517,12.832,13.641,80.833,10
2020-04-15 15:56:00,1.7484,46.239,121.82,8.7795,13.249,17.889,0.30507,209.73,63.978,13.895,12.379,12.734,13.536,76.83,10
2020-04-15 15:57:00,1.7476,45.253,121.8,8.7057,13.249,17.839,0.3017799999999999,208.94,63.054,13.792,12.282,12.633,13.399,75.837,10
2020-04-15 15:58:00,1.7446,44.633,121.71,8.605,13.251,17.794,0.29629,209.64,62.117,13.684,12.204,12.577,13.316,75.146,10
2020-04-15 15:59:00,1.7418,43.148,121.7,8.6067,13.252,17.749,0.2953799999999999,209.46,61.872,13.633,12.114,12.53,13.256,73.988,10
2020-04-15 16:00:00,1.7382,41.276,121.82,8.635199999999998,13.255,17.709,0.2780199999999999,208.82,58.057,13.599,12.202,12.501,13.164,71.834,10
2020-04-15 16:01:00,1.7352,39.869,121.81,8.6774,13.256,17.645,0.27765,209.31,58.111,13.578,12.231,12.461,13.086,70.426,10
2020-04-15 16:02:00,1.7344,38.086,121.79,8.6889,13.258,17.602,0.26705,209.28,55.89,13.581,12.152,12.453,13.076,69.516,10
2020-04-15 16:03:00,1.733,36.524,121.74,8.6353,13.261,17.556,0.25901,209.62,54.295,13.54,12.139,12.407,13.013,67.583,10
2020-04-15 16:04:00,1.73,33.909,121.77,8.6312,13.259,17.508,0.2399999999999999,209.28,50.231,13.561,12.224,12.422,12.961,64.243,10
2020-04-15 16:05:00,1.7272,30.353,121.79,8.6805,13.263,17.454,0.2197099999999999,210.09,46.155,13.608,12.228,12.435,12.959,60.93,10
2020-04-15 16:06:00,1.7214,28.37,121.73,8.7268,13.265,17.396,0.19997,209.75,41.94,13.619,12.187,12.446,12.98,58.832,10
2020-04-15 16:07:00,1.7225,27.905,121.7,8.772299999999998,13.267,17.344,0.20563,210.31,43.247,13.671,12.186,12.484,13.006,58.694,10
2020-04-15 16:08:00,1.7256,30.243,121.76,8.745599999999998,13.268,17.288,0.21221,209.15,44.377,13.673,12.299,12.405,12.85,61.289,10
2020-04-15 16:09:00,1.7292,36.513,121.72,8.6627,13.27,17.232,0.24895,209.19,52.08,13.662,12.396,12.393,12.785,67.556,10
2020-04-15 16:10:00,1.7537,51.202,121.85,8.661099999999998,13.271,17.175,0.3359599999999999,209.15,70.3,13.687,12.356,12.5,12.932,82.54699999999998,10
2020-04-15 16:11:00,1.8821,97.43,122.02,8.6691,13.272,17.119,0.58455,213.19,124.67,13.728,12.534,12.641,13.12,131.41,10
2020-04-15 16:12:00,1.8697,94.018,122.02,8.675599999999998,13.275,17.06,0.5624299999999999,214.97,121.0,13.804,12.838,12.836,13.266,127.96,10
2020-04-15 16:13:00,1.9736,121.75,122.01,8.7224,13.275,17.0,0.7086599999999998,215.46,152.58,13.914,12.982,13.103,13.66,155.24,10
2020-04-15 16:14:00,2.1441,158.23,122.13,8.752399999999998,13.277,16.945,0.87865,220.48,193.64,14.018,13.365,13.367,13.936,189.56,10
2020-04-15 16:15:00,3.2943,337.44,122.67,8.802799999999998,13.275,16.886,1.922,213.38,410.21,14.227,14.105,14.183,14.864,386.62,10
2020-04-15 16:16:00,2.5963,232.71,122.49,8.923299999999998,13.275,16.826,1.3091,217.3,284.81,14.528,14.724,14.922,15.756,288.28,10
2020-04-15 16:17:00,3.207,323.4,122.65,9.0095,13.275,16.779,1.7902,220.68,394.46,14.705,15.246,15.375,16.381,371.06,10
2020-04-15 16:18:00,2.4927,215.38,122.36,9.0876,13.275,16.716,1.2099,217.47,263.46,14.961,15.697,15.933,17.001,286.19,10
2020-04-15 16:19:00,2.1056,149.7,122.2,9.0029,13.273,16.657,0.85818,219.15,188.04,14.961,15.579,15.812,16.911,192.62,10
2020-04-15 16:20:00,2.0681,140.31,122.09,8.9539,13.273,16.609,0.78744,221.31,174.23,14.943,15.424,15.69,16.831,180.75,10
2020-04-15 16:21:00,2.0309,134.06,122.05,9.0166,13.272,16.552,0.73333,229.26,168.07,14.982,15.428,15.692,16.728,173.82,10
2020-04-15 16:22:00,1.9901,125.97,122.07,9.1413,13.27,16.505,0.68325,228.99,156.47,15.061,15.235,15.633,16.712,163.36,10
2020-04-15 16:23:00,1.9637,118.2,122.01,9.061000000000002,13.272,16.455,0.67502,220.24,148.67,15.005,14.91,15.375,16.513,155.77,10
2020-04-15 16:24:00,1.9179,109.29,121.98,9.0317,13.271,16.414,0.61873,220.87,136.67,14.949,14.656,15.18,16.298,144.39,10
2020-04-15 16:25:00,1.8802,99.568,122.0,8.9205,13.272,16.366,0.56535,222.23,125.62,14.864,14.503,15.0,16.085,132.74,10
2020-04-15 16:26:00,1.8317,85.02299999999998,122.01,8.8777,13.271,16.317,0.4887699999999999,222.22,108.62,14.805,14.34,14.784,15.751,118.47,10
2020-04-15 16:27:00,1.7887,67.11,121.92,8.910199999999998,13.271,16.272,0.39354,220.02,86.563,14.775,14.175,14.637,15.568,100.88,10
2020-04-15 16:28:00,1.7512,47.17,121.75,8.876799999999998,13.273,16.23,0.29209,221.35,64.665,14.673,13.972,14.342,15.239,81.501,10
2020-04-15 16:29:00,1.7269,31.55,121.72,8.815799999999998,13.276,16.181,0.21276,221.9,47.192,14.545,13.788,14.057,14.77,65.46,10
2020-04-15 16:30:00,1.7402,20.295,121.74,8.7703,13.275,16.139,0.1502499999999999,222.99,33.505,14.399,13.42,13.75,14.432,54.499,10
2020-04-15 16:31:00,1.7479,11.045,121.7,8.6383,13.275,16.094,0.10492,223.0,23.393,14.202,12.915,13.328,13.89,45.665,10
2020-04-15 16:32:00,1.7355,4.7967,121.65,7.5088,13.277,16.054,0.0553799999999999,222.25,12.323,13.756,12.35,12.478,12.897,38.376,10
2020-04-15 16:33:00,1.7187,2.4482,121.51,6.4363,13.278,16.009,0.05246,215.64,11.308,13.239,11.485,11.805,12.03,33.572,10
2020-04-15 16:34:00,1.7173,1.8722,121.56,5.621,13.281,15.97,0.05045,212.21,10.707,12.678,11.059,11.204,11.185,31.971,10
2020-04-15 16:35:00,1.7184,2.0383,121.61,5.2344,13.284,15.921,0.04789,212.58,10.188,12.315,10.544,10.741,10.622,32.109,10
2020-04-15 16:36:00,1.7203,2.9135,121.55,4.8669,13.289,15.881,0.05136,220.05,11.307,11.891,10.171,10.37,10.09,34.704,10
2020-04-15 16:37:00,1.7427,9.9812,121.55,4.7715,13.291,15.832,0.08902,221.01,19.677,11.671,9.8794,10.084,9.7176,41.523,10
2020-04-15 16:38:00,1.732,28.449,121.58,4.5551,13.294,15.789,0.19339,223.12,43.187,11.306,9.6072,9.760700000000002,9.4209,58.669,10
2020-04-15 16:39:00,1.7518,52.876,121.61,4.5153,13.297,15.74,0.3253699999999999,222.04,72.21599999999998,11.119,9.6283,9.6917,9.3212,82.191,10
2020-04-15 16:40:00,1.7967,69.738,121.77,4.4393,13.301,15.693,0.41969,220.55,92.603,10.926,9.5056,9.5628,9.2222,99.668,10
2020-04-15 16:41:00,1.848,88.69499999999998,121.73,4.3202,13.303,15.638,0.51439,222.71,114.41,10.708,9.4805,9.5593,9.2396,118.28,10
2020-04-15 16:42:00,1.9144,108.23,121.85,4.3139,13.305,15.578,0.61273,222.49,136.31,10.611,9.5405,9.671,9.4128,137.85,10
2020-04-15 16:43:00,1.9588,116.75,121.8,4.3272,13.307,15.526,0.67946,216.66,147.2,10.548,9.692,9.72,9.4792,148.48,10
2020-04-15 16:44:00,1.9646,118.4,121.85,4.2914,13.31,15.46,0.6907999999999999,217.36,150.15,10.454,9.7984,9.8117,9.6017,150.86,10
2020-04-15 16:45:00,1.9484,115.41,121.83,4.3057,13.313,15.405,0.6659399999999999,218.14,145.27,10.422,9.8566,9.911,9.7904,147.65,10
2020-04-15 16:46:00,1.9181,107.33,121.85,4.3631,13.316,15.348,0.61238,218.99,134.12,10.423,9.9859,10.049,9.9796,139.26,10
2020-04-15 16:47:00,1.8707,95.999,121.84,4.3385,13.316,15.285,0.54969,223.87,123.01,10.392,9.928,9.9608,9.997000000000002,128.57,10
2020-04-15 16:48:00,1.8462,86.693,121.73,4.2319,13.32,15.214,0.5007,222.85,111.58,10.298,9.8362,9.8299,9.9519,118.17,10
2020-04-15 16:49:00,1.8156,77.387,121.74,4.1613,13.322,15.153,0.45079,222.98,100.52,10.212,9.6857,9.7722,9.896400000000002,108.86,10
2020-04-15 16:50:00,1.7817,67.073,121.61,4.0365,13.324,15.083,0.39212,222.54,87.26,10.092,9.5359,9.6433,9.742400000000002,98.59,10
2020-04-15 16:51:00,1.7575,55.872,121.55,4.0374,13.325,15.021,0.33526,220.94,74.077,10.081,9.4794,9.6273,9.7118,87.82299999999998,10
2020-04-15 16:52:00,1.7495,51.308,121.53,4.0311,13.327,14.951,0.31333,220.53,69.098,10.04,9.504600000000002,9.6295,9.6225,83.075,10
2020-04-15 16:53:00,1.7412,43.431,121.55,4.0709,13.329,14.881,0.2645199999999999,220.62,58.363,10.056,9.5592,9.6792,9.6374,74.73699999999998,10
2020-04-15 16:54:00,1.7263,37.093,121.51,4.1225,13.332,14.808,0.2382,220.52,52.522,10.071,9.5014,9.6285,9.6459,68.525,10
2020-04-15 16:55:00,1.844,81.721,121.68,4.1353,13.335,14.731,0.4738399999999999,219.98,104.18,10.056,9.5744,9.6518,9.694400000000002,125.21,10
2020-04-15 16:56:00,1.7528,51.186,121.64,4.0955,13.337,14.659,0.3168099999999999,217.92,69.044,10.035,9.5484,9.7145,9.8017,85.176,10
2020-04-15 16:57:00,1.8176,74.043,121.68,4.0566,13.341,14.583,0.44185,217.82,96.122,10.028,9.6644,9.7014,9.7544,106.46,10
2020-04-15 16:58:00,1.9085,103.1,121.74,4.0074,13.343,14.507,0.59962,217.05,130.24,10.013,9.5929,9.7911,9.918,141.47,10
2020-04-15 16:59:00,1.8766,94.064,121.69,3.9828,13.343,14.432,0.5488,220.32,120.98,9.9512,9.6562,9.8069,10.004,128.3,10
2020-04-15 17:00:00,1.8727,94.884,121.78,3.9534,13.344,14.354,0.54679,215.49,117.78,9.894,9.6735,9.753100000000002,9.9476,123.44,10
2020-04-15 17:01:00,1.9064,103.54,121.91,3.9151,13.344,14.283,0.60877,211.93,129.01,9.8693,9.7312,9.7458,9.9557,133.52,10
2020-04-15 17:02:00,1.8879,101.42,121.93,3.877,13.348,14.205,0.57862,218.4,126.35,9.86,9.7777,9.6702,9.8816,131.7,10
2020-04-15 17:03:00,1.8626,93.647,121.82,3.8054,13.35,14.124,0.51737,225.64,116.72,9.7853,9.5048,9.6171,9.901700000000002,124.19,10
2020-04-15 17:04:00,1.81,76.12,121.84,3.7193,13.351,14.044,0.4318199999999999,224.6,96.981,9.6489,9.3132,9.4612,9.7214,108.15,10
2020-04-15 17:05:00,1.7612,53.706,121.79,3.6312,13.353,13.966,0.31244,226.35,70.701,9.4225,9.0049,9.2166,9.541200000000002,87.02899999999998,10
2020-04-15 17:06:00,1.7331,35.168,121.63,3.5702,13.356,13.889,0.21847,226.86,49.579,9.2463,8.734999999999998,9.0117,9.284,69.055,10
2020-04-15 17:07:00,1.7381,20.953,121.66,3.5291,13.357,13.804,0.14754,226.42,33.397,9.075,8.547399999999998,8.8053,9.0366,55.416,10
2020-04-15 17:08:00,1.734,10.371,121.6,3.5442,13.358,13.725,0.09708,227.45,22.086,8.999399999999998,8.400299999999998,8.6227,8.8799,44.924,10
2020-04-15 17:09:00,1.716,3.2798,121.55,3.5006,13.361,13.643,0.0488099999999999,224.28,10.957,8.8442,8.2072,8.340099999999998,8.586999999999998,36.669,10
2020-04-15 17:10:00,1.7141,3.3242,121.65,3.4499,13.363,13.563,0.0478999999999999,224.84,10.771,8.6729,8.0265,8.1105,8.3491,36.836,10
2020-04-15 17:11:00,1.7191,4.3215,121.62,3.4205,13.365,13.476,0.0475399999999999,226.79,10.775,8.5852,7.8653,7.9759,8.2117,38.879,10
2020-04-15 17:12:00,1.7144,3.2245,121.62,3.414,13.369,13.394,0.0418699999999999,224.07,9.3886,8.512,7.8368,7.8522,8.0629,36.892,10
2020-04-15 17:13:00,1.7134,2.3602,121.42,3.3742,13.372,13.309,0.0362,218.35,7.9065,8.3932,7.744399999999999,7.736,7.9433,33.938,10
2020-04-15 17:14:00,1.7178,1.6732,121.44,3.3322,13.374,13.227,0.02724,210.65,5.7416,8.2798,7.6035,7.6322,7.8206,30.955,10
2020-04-15 17:15:00,1.7211,0.2548599999999999,121.45,3.291,13.377,13.139,0.0316299999999999,198.88,6.2992,8.225099999999998,7.5768,7.559999999999999,7.6959,26.814,10
2020-04-15 17:16:00,1.7269,-1.2965,121.42,3.2815,13.379,13.056,0.0301699999999999,186.85,5.6356,8.1615,7.643399999999998,7.4907,7.5986,23.169,10
2020-04-15 17:17:00,1.7225,-2.5043,121.41,3.303,13.38,12.967,0.0266899999999999,176.72,4.7469,8.1081,7.5297,7.4589,7.5823,19.772,10
2020-04-15 17:18:00,1.717,-4.0778,121.43,3.3274,13.383,12.887,0.00969,158.77,1.565,8.0477,7.3578,7.4076,7.5358,15.713,10
2020-04-15 17:19:00,1.7101,-4.1554,121.3,3.2925,13.384,12.797,0.00384,157.4,0.5769499999999999,7.9741,7.3556,7.3072,7.410999999999999,14.526,10
2020-04-15 17:20:00,1.6326,-1.23,121.28,3.2346,13.384,12.712,-0.01371,175.93,-2.4192,7.9035,7.2653,7.2324,7.3284,13.09,10
2020-04-15 17:21:00,1.6337,-1.1414,121.38,3.2133,13.389,12.618,-0.01463,160.89,-2.3098,7.8254,7.267,7.1598,7.2537,10.853,10
2020-04-15 17:22:00,1.6335,-1.1968,121.29,3.1808,13.391,12.539,-0.01408,145.51,-2.0439,7.739899999999999,7.2129,7.0664,7.1141,9.334,10
2020-04-15 17:23:00,1.6329,-1.2743,121.26,3.1721,13.393,12.448,-0.01865,142.31,-2.6545,7.6704,7.1546,7.0003,7.0347,9.2788,10
2020-04-15 17:24:00,1.6329,-1.2633,121.29,3.1806,13.396,12.362,-0.0126199999999999,136.76,-1.7348,7.6109,6.9906,6.9983,7.0614,8.588599999999998,10
2020-04-15 17:25:00,1.6321,-1.2522,121.29,3.1727,13.398,12.268,-0.0073099999999999,118.98,-0.86223,7.5711,7.0335,6.903,6.9802,7.511599999999999,10
2020-04-15 17:26:00,1.6324,-1.2411,121.3,3.1965,13.399,12.191,-0.0064,98.974,-0.65302,7.6043,7.0681,6.9138,6.9643,6.2965,10
2020-04-15 17:27:00,1.6329,-1.1968,121.28,3.2331,13.402,12.099,-0.00457,83.033,-0.3825799999999999,7.598099999999999,7.0248,6.9076,7.0114,5.9652,10
2020-04-15 17:28:00,1.6344,-1.1636,121.25,3.2458,13.402,12.012,-0.00457,92.664,-0.4178399999999999,7.589,7.01,6.9153,7.017,6.5452,10
2020-04-15 17:29:00,1.6341,-1.219,121.17,3.2284,13.404,11.922,-0.0107899999999999,101.97,-1.1103,7.5431,6.9486,6.889,6.9823,6.6557,10
2020-04-15 17:30:00,1.6338,-1.1857,121.25,3.207,13.408,11.838,-0.00969,102.79,-0.99257,7.4901,6.9053,6.8324,6.9243,6.6005,10
2020-04-15 17:31:00,1.6349,-1.2301,121.31,3.1935,13.409,11.753,-0.0089599999999999,94.82,-0.8437299999999999,7.4581,6.893,6.7815,6.8986,6.2139,10
2020-04-15 17:32:00,1.6341,-1.1857,121.24,3.1745,13.411,11.666,-0.00987,80.32599999999998,-0.79549,7.4326,6.8394,6.7446,6.8471,5.9653,10
2020-04-15 17:33:00,1.6349,-1.2411,121.2,3.1481,13.41,11.578,-0.0065799999999999,76.607,-0.49908,7.3531,6.8082,6.7016,6.7963,5.9654,10
2020-04-15 17:34:00,1.6344,-1.1857,121.21,3.1315,13.411,11.499,-0.00768,74.229,-0.58047,7.2967,6.7517,6.671,6.7644,5.9654,10
2020-04-15 17:35:00,1.6341,-1.2079,121.15,3.0586,13.412,11.411,-0.00841,67.372,-0.5765599999999999,7.1984,6.6562,6.6225,6.7151,5.3026,10
2020-04-15 17:36:00,1.6341,-1.1747,121.11,3.0396,13.414,11.329,-0.01207,64.367,-0.7777899999999999,7.1525,6.5766,6.5878,6.6601,5.3026,10
2020-04-15 17:37:00,1.635,-1.2079,121.04,3.038,13.415,11.241,-0.0095099999999999,63.314,-0.59896,7.1362,6.6206,6.5216,6.5483,5.275,10
2020-04-15 17:38:00,1.6344,-1.2412,121.14,3.0024,13.418,11.164,-0.01207,60.853,-0.73308,7.0692,6.4918,6.5114,6.6048,5.1645,10
2020-04-15 17:39:00,1.6356,-1.1858,121.1,2.9472,13.418,11.076,-0.00914,58.774,-0.5382799999999999,6.9966,6.5124,6.4282,6.4928,4.7227,10
2020-04-15 17:40:00,1.6348,-1.2302,121.2,2.8807,13.42,10.997,-0.0087799999999999,56.309,-0.48097,6.8959,6.4405,6.3801,6.451,4.2808,10
2020-04-15 17:41:00,1.6348,-1.2413,121.2,2.7999,13.422,10.913,-0.01353,51.514,-0.6943599999999999,6.8037,6.3131,6.3145,6.3966,3.977,10
2020-04-15 17:42:00,1.6351,-1.197,121.21,2.7231,13.424,10.834,-0.0074999999999999,49.621,-0.3683,6.7522,6.2994,6.2348,6.2868,3.9218,10
2020-04-15 17:43:00,1.636,-1.1526,121.13,2.6732,13.425,10.757,-0.01536,46.367,-0.71432,6.7,6.2381,6.1987,6.243,3.4247,10
2020-04-15 17:44:00,1.6362,-1.2635,121.05,2.6921,13.428,10.673,-0.0166399999999999,43.246,-0.71803,6.6894,6.2365,6.1628,6.1909,3.3419,10
2020-04-15 17:45:00,1.6357,-1.2524,121.09,2.6596,13.43,10.594,-0.0202999999999999,40.705,-0.82866,6.6369,6.113,6.1369,6.1805,3.3144,10
2020-04-15 17:46:00,1.6366,-1.2303,121.18,2.5986,13.43,10.514,-0.01865,38.106,-0.7104599999999999,6.5689,6.1089,6.0745,6.1202,2.762,10
2020-04-15 17:47:00,1.6371,-1.2968,121.09,2.5885,13.431,10.44,-0.0213999999999999,35.622,-0.76465,6.5344,6.1249,6.0315,6.0764,2.2925,10
2020-04-15 17:48:00,1.6374,-1.2636,121.03,2.5714,13.432,10.359,-0.01207,38.107,-0.4601899999999999,6.4802,5.9519,6.0306,6.1065,3.2316,10
2020-04-15 17:49:00,1.6369,-1.3079,121.04,2.5698,13.434,10.281,-0.01993,42.456,-0.84319,6.4602,5.9945,5.9839,6.0472,3.4802,10
2020-04-15 17:50:00,1.6361,-1.3079,121.01,2.5515,13.435,10.207,-0.0215799999999999,47.499,-1.0208,6.4406,5.9952,5.9615,6.0086,4.1431,10
2020-04-15 17:51:00,1.6369,-1.3079,121.04,2.4882,13.436,10.14,-0.0089599999999999,55.121,-0.4829499999999999,6.3995,5.9942,5.9098,5.9351,5.0271,10
2020-04-15 17:52:00,1.6372,-1.3412,121.04,2.4423,13.437,10.055,-0.0007299999999999,64.385,-0.0369799999999999,6.3225,5.877,5.8778,5.9241,5.7452,10
2020-04-15 17:53:00,1.6378,-1.2968,121.07,2.3953,13.439,9.981000000000002,0.0031099999999999,68.224,0.2104999999999999,6.2918,5.8189,5.8175,5.8287,5.9662,10
2020-04-15 17:54:00,1.6372,-1.4077,121.05,2.2954,13.44,9.902,-0.0029299999999999,67.056,-0.20583,6.1968,5.6605,5.7027,5.7098,5.9387,10
2020-04-15 17:55:00,1.6378,-1.3634,121.16,2.2242,13.442,9.827800000000002,-0.0089599999999999,59.958,-0.5308399999999999,6.1214,5.5485,5.5865,5.6167,5.331,10
2020-04-15 17:56:00,1.6384,-1.4077,121.21,2.1373,13.444,9.7535,-0.00969,57.133,-0.55574,6.01,5.4165,5.4496,5.496,4.8615,10
2020-04-15 17:57:00,1.6384,-1.4077,121.18,2.0971,13.446,9.674600000000002,-0.01353,56.784,-0.7730299999999999,5.9269,5.3017,5.3544,5.4044,5.2206,10
2020-04-15 17:58:00,1.6387,-1.3967,121.15,2.0813,13.449,9.604,-0.0080499999999999,56.806,-0.4511999999999999,5.874,5.3149,5.2699,5.2917,5.3035,10
2020-04-15 17:59:00,1.6378,-1.3301,121.09,2.0526,13.449,9.528,-0.01555,58.498,-0.91246,5.78,5.1658,5.1694,5.1954,5.3311,10
2020-04-15 18:00:00,1.6395,-1.4964,121.2,1.9742,13.448,9.4632,-0.00969,56.855,-0.5534799999999999,5.6943,5.0533,4.9801,5.047,4.9997,10
2020-04-15 18:01:00,1.6384,-1.4078,121.18,1.8967,13.452,9.3856,-0.0086,56.089,-0.4761099999999999,5.6063,4.8666,4.8286,4.9673,4.8339,10
2020-04-15 18:02:00,1.6389,-1.4299,121.24,1.8318,13.453,9.3132,-0.01061,57.573,-0.6097799999999999,5.539,4.7641,4.7126,4.8479,4.7235,10
2020-04-15 18:03:00,1.6398,-1.4632,121.2,1.7788,13.455,9.2396,-0.01207,54.341,-0.65071,5.4564,4.5482,4.6489,4.7997,4.6406,10
2020-04-15 18:04:00,1.6384,-1.4299,121.21,1.7021,13.457,9.1691,-0.0144499999999999,51.409,-0.7440299999999999,5.3939,4.5588,4.5398,4.6124,4.5025,10
2020-04-15 18:05:00,1.6409,-1.4299,121.24,1.6628,13.458,9.0987,-0.01299,48.672,-0.63266,5.3158,4.4023,4.532,4.6363,4.033,10
2020-04-15 18:06:00,1.6398,-1.4078,121.27,1.6565,13.459,9.0286,-0.0086,45.148,-0.38949,5.2564,4.3844,4.4493,4.5684,3.9502,10
2020-04-15 18:07:00,1.6393,-1.43,121.3,1.6265,13.461,8.959899999999998,-0.01207,41.074,-0.5009799999999999,5.1894,4.3441,4.3391,4.4188,3.3977,10
2020-04-15 18:08:00,1.6404,-1.4078,121.27,1.5742,13.463,8.8861,-0.02487,41.596,-1.0358,5.084,4.1751,4.2202,4.3351,3.3149,10
2020-04-15 18:09:00,1.6404,-1.4189,121.33,1.5031,13.462,8.823,-0.01427,43.049,-0.60658,4.9916,4.11,4.1128,4.1516,3.7292,10
2020-04-15 18:10:00,1.6406,-1.43,121.32,1.4533,13.464,8.7492,-0.00915,47.588,-0.43717,4.8334,3.9389,3.9791,4.0567,4.2265,10
2020-04-15 18:11:00,1.6398,-1.43,121.32,1.3576,13.465,8.675499999999998,-0.0164599999999999,48.407,-0.79835,4.678,3.8517,3.875,3.8862,4.0056,10
2020-04-15 18:12:00,1.6398,-1.4411,121.3,1.2541,13.468,8.6106,-0.0128,49.532,-0.63656,4.5711,3.8335,3.7375,3.679,4.5857,10
2020-04-15 18:13:00,1.6395,-1.4411,121.26,1.2107,13.469,8.535199999999998,-0.0086,53.066,-0.4573099999999999,4.445,3.7009,3.6621,3.6501,5.2763,10
2020-04-15 18:14:00,1.6412,-1.4965,121.15,1.1114,13.472,8.4703,-0.0043899999999999,70.404,-0.32466,4.307,3.7688,3.5789,3.4878,5.967,10
2020-04-15 18:15:00,1.6407,-1.4965,121.21,0.98427,13.473,8.4002,-0.0107899999999999,81.218,-0.87026,4.1398,3.6042,3.576,3.4955,5.967,10
2020-04-15 18:16:00,1.6401,-1.4743,121.25,0.93215,13.476,8.3266,-0.0138999999999999,80.62099999999998,-1.122,4.0494,3.5059,3.5391,3.4459,6.3261,10
2020-04-15 18:17:00,1.6418,-1.5408,121.18,0.86858,13.477,8.26,-0.0128,77.48999999999998,-0.9989,3.9653,3.5595,3.527,3.4402,5.9945,10
2020-04-15 18:18:00,1.6407,-1.5187,121.28,0.84094,13.478,8.1918,-0.0126199999999999,70.395,-0.90465,3.924,3.5012,3.5147,3.4448,5.9393,10
2020-04-15 18:19:00,1.6407,-1.4411,121.21,0.7753999999999999,13.482,8.1217,-0.01116,55.157,-0.6226,3.8534,3.5301,3.4814,3.3896,5.2487,10
2020-04-15 18:20:00,1.6412,-1.4743,121.25,0.73526,13.483,8.057,-0.0149999999999999,51.278,-0.7720799999999999,3.7847,3.6513,3.472,3.3908,4.6133,10
2020-04-15 18:21:00,1.6415,-1.4522,121.22,0.71947,13.487,7.9835,-0.01573,49.369,-0.7771,3.6528,3.4346,3.458,3.4106,4.6409,10
2020-04-15 18:22:00,1.6415,-1.4522,121.15,0.70745,13.488,7.9188,-0.0224999999999999,40.339,-0.8986699999999999,3.6045,3.3821,3.4428,3.3807,4.0056,10
2020-04-15 18:23:00,1.6415,-1.4743,121.14,0.68839,13.487,7.8506,-0.0201199999999999,32.713,-0.65129,3.5668,3.4749,3.4156,3.3387,3.5361,10
2020-04-15 18:24:00,1.6407,-1.4411,121.04,0.64021,13.489,7.7807,-0.03146,27.439,-0.86565,3.5111,3.4242,3.3925,3.3021,3.0388,10
2020-04-15 18:25:00,1.6423,-1.4854,121.17,0.62417,13.49,7.714299999999999,-0.0250599999999999,23.781,-0.5901899999999999,3.4724,3.3912,3.3792,3.3058,2.3482,10
2020-04-15 18:26:00,1.6418,-1.4854,121.18,0.58474,13.493,7.6445,-0.02981,21.638,-0.64178,3.4317,3.3095,3.3745,3.2975,2.293,10
2020-04-15 18:27:00,1.6429,-1.4854,121.16,0.5728999999999999,13.495,7.5799,-0.02926,20.092,-0.5895599999999999,3.4041,3.3454,3.3532,3.2833,2.0167,10
2020-04-15 18:28:00,1.6418,-1.5076,121.11,0.57779,13.495,7.5118,-0.02414,17.471,-0.4248199999999999,3.3763,3.382,3.3163,3.2266,1.9891,10
2020-04-15 18:29:00,1.6429,-1.4965,121.03,0.5372,13.498,7.452499999999999,-0.03146,14.464,-0.4550199999999999,3.356,3.3623,3.3044,3.2168,1.9339,10
2020-04-15 18:30:00,1.6396,-1.3746,121.12,0.5190299999999999,13.499,7.381,-0.02963,11.306,-0.33273,3.3461,3.2465,3.2903,3.2147,1.5748,10
2020-04-15 18:31:00,1.6443,-1.4632,121.07,0.49628,13.501,7.3112,-0.03128,9.8269,-0.3084799999999999,3.3301,3.2658,3.2658,3.1825,1.0499,10
2020-04-15 18:32:00,1.6443,-1.4965,121.1,0.49658,13.501,7.249399999999999,-0.0349399999999999,10.044,-0.35177,3.3263,3.3327,3.2288,3.1193,0.77361,10
2020-04-15 18:33:00,1.6449,-1.4522,121.09,0.5100099999999999,13.502,7.1801,-0.0374999999999999,10.195,-0.38976,3.3328,3.1682,3.2551,3.1859,0.80124,10
2020-04-15 18:34:00,1.6432,-1.43,121.03,0.50692,13.505,7.1226,-0.0409699999999999,9.8538,-0.4033499999999999,3.3378,3.2099,3.2007,3.1279,0.8841299999999999,10
2020-04-15 18:35:00,1.6435,-1.4633,121.0,0.48491,13.505,7.0572,-0.03585,10.35,-0.3721499999999999,3.3319,3.2203,3.1588,3.0832,0.71837,10
2020-04-15 18:36:00,1.6441,-1.4301,120.97,0.4627999999999999,13.508,6.9896,-0.03329,10.492,-0.34993,3.3175,3.1465,3.167,3.0963,0.6631099999999999,10
2020-04-15 18:37:00,1.6441,-1.4412,120.96,0.43785,13.511,6.9304,-0.0376799999999999,10.142,-0.38227,3.3157,3.1313,3.1256,3.0557,0.66312,10
2020-04-15 18:38:00,1.6447,-1.4079,120.97,0.43739,13.511,6.8649,-0.0351199999999999,9.6771,-0.34308,3.3154,3.1381,3.0999,3.0137,0.60787,10
2020-04-15 18:39:00,1.6455,-1.4523,120.89,0.45872,13.511,6.8094,-0.0373199999999999,9.663900000000002,-0.35469,3.3281,3.0772,3.0977,3.0327,0.66313,10
2020-04-15 18:40:00,1.6458,-1.3969,120.97,0.48192,13.516,6.7485,-0.03604,9.7702,-0.35698,3.3177,3.0986,3.0562,2.9848,0.5249899999999998,10
2020-04-15 18:41:00,1.6453,-1.4634,120.94,0.46893,13.515,6.6883,-0.03841,9.1724,-0.34732,3.3086,3.0464,3.0167,2.939,0.0276299999999999,10
2020-04-15 18:42:00,1.6458,-1.4412,120.94,0.43734,13.515,6.624,-0.04207,8.6498,-0.3713699999999999,3.2955,2.993,3.0001,2.928,0.0,10
2020-04-15 18:43:00,1.645,-1.3969,120.94,0.4306499999999999,13.516,6.5666,-0.0369499999999999,7.9456,-0.29149,3.3013,2.996,2.9748,2.8907,-0.0552599999999999,10
2020-04-15 18:44:00,1.6448,-1.3748,120.89,0.42486,13.516,6.5093,-0.03366,7.2417,-0.2458799999999999,3.305,2.9516,2.9318,2.8597,-0.0276299999999999,10
2020-04-15 18:45:00,1.6451,-1.3637,120.91,0.4295999999999999,13.516,6.4521,-0.03549,6.7944,-0.24376,3.304,2.921,2.9238,2.8566,-0.13816,10
2020-04-15 18:46:00,1.6451,-1.3415,120.94,0.4529799999999999,13.515,6.3983,-0.0347599999999999,5.2397,-0.17907,3.3169,2.9304,2.8809,2.7932,-0.2486899999999999,10
2020-04-15 18:47:00,1.6454,-1.3637,120.9,0.44571,13.515,6.3407,-0.0343899999999999,5.1026,-0.1758299999999999,3.3085,2.8653,2.8611,2.7833,-0.33159,10
2020-04-15 18:48:00,1.6443,-1.3305,120.93,0.45598,13.516,6.2851,-0.0371399999999999,4.23,-0.1597899999999999,3.312,2.8186,2.8285,2.7663,-0.44211,10
2020-04-15 18:49:00,1.6443,-1.3416,120.87,0.46575,13.516,6.2314,-0.0391499999999999,3.4505,-0.13442,3.3271,2.8267,2.8062,2.7355,-0.5526499999999999,10
2020-04-15 18:50:00,1.6457,-1.4081,120.81,0.4884899999999999,13.517,6.1804,-0.0325599999999999,3.0741,-0.0981699999999999,3.3281,2.7598,2.7902,2.7266,-0.5526499999999999,10
2020-04-15 18:51:00,1.6452,-1.3527,120.84,0.5169099999999999,13.518,6.1301,-0.04116,2.7507,-0.11433,3.339,2.7502,2.7495,2.6802,-0.58028,10
2020-04-15 18:52:00,1.6457,-1.386,120.87,0.53959,13.519,6.0748,-0.0396999999999999,2.135,-0.08079,3.3505,2.7023,2.7235,2.6499,-0.63555,10
2020-04-15 18:53:00,1.6441,-1.3527,120.92,0.55234,13.518,6.0287,-0.0365899999999999,2.4673,-0.0925799999999999,3.3692,2.6828,2.7104,2.6319,-0.52502,10
2020-04-15 18:54:00,1.6458,-1.3971,120.83,0.5618199999999999,13.52,5.9749,-0.03586,1.3067,-0.0524799999999999,3.3901,2.7419,2.6337,2.5325,-0.49739,10
2020-04-15 18:55:00,1.6444,-1.3638,120.96,0.52324,13.52,5.9263,-0.03586,0.19933,-0.00495,3.3659,2.5677,2.6286,2.5692,-0.4974,10
2020-04-15 18:56:00,1.6446,-1.3305,120.92,0.5144999999999998,13.519,5.8704,-0.03622,-0.19933,0.00776,3.3621,2.566,2.6042,2.4974,-0.5526699999999999,10
2020-04-15 18:57:00,1.6444,-1.3305,120.92,0.4994899999999999,13.521,5.8236,-0.0367699999999999,0.26134,-0.0024399999999999,3.3433,2.5699,2.5465,2.4609,-0.5803,10
2020-04-15 18:58:00,1.6455,-1.4081,121.06,0.4691799999999999,13.52,5.7771,-0.0396999999999999,-0.29235,0.0128699999999999,3.3106,2.4855,2.5251,2.4643,-0.5803,10
2020-04-15 18:59:00,1.6452,-1.386,120.95,0.46521,13.521,5.7309,-0.0420799999999999,0.38538,-0.02135,3.3003,2.5028,2.4929,2.4299,-0.6355699999999999,10
2020-04-15 19:00:00,1.6444,-1.3749,121.08,0.4581,13.522,5.6755,-0.04446,-0.20376,0.00367,3.2729,2.4385,2.4491,2.3961,-0.52504,10
2020-04-15 19:01:00,1.6463,-1.3971,121.01,0.44456,13.523,5.6342,-0.03751,-0.1284599999999999,0.00234,3.2554,2.45,2.4231,2.358,-0.5526699999999999,10
2020-04-15 19:02:00,1.6464,-1.386,121.11,0.46272,13.523,5.5913,-0.03202,0.4474,-0.01455,3.247,2.4175,2.3941,2.3489,-0.6632,10
2020-04-15 19:03:00,1.6453,-1.4082,121.03,0.48093,13.523,5.5446,-0.03805,-0.67332,0.02026,3.2347,2.357,2.3677,2.3117,-0.60794,10
2020-04-15 19:04:00,1.6442,-1.3749,120.99,0.52649,13.524,5.5068,-0.03037,-0.3986799999999999,0.00809,3.2285,2.3452,2.3692,2.3225,-0.60794,10
2020-04-15 19:05:00,1.6464,-1.4526,121.01,0.5494,13.524,5.4603,-0.03751,-0.1993399999999999,0.00854,3.2179,2.4315,2.2949,2.227,-0.52504,10
2020-04-15 19:06:00,1.6467,-1.4193,121.05,0.5179,13.527,5.4257,-0.03696,0.22592,-0.00606,3.1846,2.3373,2.2906,2.2438,-0.60794,10
2020-04-15 19:07:00,1.645,-1.3417,121.07,0.5372799999999999,13.526,5.3862,-0.0364099999999999,-0.86824,0.0294799999999999,3.1936,2.3223,2.2515,2.1771,-0.33161,10
2020-04-15 19:08:00,1.6453,-1.3861,121.15,0.51358,13.527,5.3449,-0.0389699999999999,-1.041,0.03737,3.1627,2.2227,2.2319,2.1845,-0.33161,10
2020-04-15 19:09:00,1.645,-1.4082,121.11,0.51658,13.529,5.3051,-0.0461099999999999,0.3322399999999999,-0.0066499999999999,3.1306,2.2641,2.2117,2.1586,-0.49741,10
2020-04-15 19:10:00,1.6431,-1.3084,121.12,0.51216,13.528,5.2759,-0.0321999999999999,1.2226,-0.04254,3.0877,2.1893,2.1978,2.1914,-0.38688,10
2020-04-15 19:11:00,1.6448,-1.3972,121.12,0.5216399999999999,13.529,5.2345,-0.03458,-0.0044299999999999,-0.00255,3.0879,2.2206,2.1597,2.0939,-0.41452,10
2020-04-15 19:12:00,1.645,-1.3639,121.13,0.51195,13.53,5.1999,-0.03787,1.2138,-0.04576,3.0553,2.2064,2.1448,2.1122,-0.4974299999999999,10
2020-04-15 19:13:00,1.6472,-1.4415,121.1,0.4978799999999999,13.53,5.1621,-0.0415299999999999,0.17276,-0.00674,3.0407,2.1811,2.0933,2.0324,-0.41453,10
2020-04-15 19:14:00,1.645,-1.3861,121.07,0.4844499999999999,13.531,5.1311,-0.0396999999999999,-1.2271,0.0488699999999999,3.006,2.1018,2.0735,1.9956,-0.6079799999999999,10
2020-04-15 19:15:00,1.6464,-1.4415,121.09,0.4789999999999999,13.531,5.0948,-0.0446399999999999,0.24364,-0.00736,2.9689,2.02,2.0766,2.0646,-0.55271,10
2020-04-15 19:16:00,1.6453,-1.3972,121.11,0.4918,13.534,5.0587,-0.03257,-0.6689199999999998,0.02112,2.9489,2.0551,2.0297,1.9836,-0.3039899999999999,10
2020-04-15 19:17:00,1.6451,-1.4193,121.1,0.50838,13.534,5.0207,-0.03824,-0.2613699999999999,0.01065,2.9221,1.9851,2.0156,1.9724,-0.16582,10
2020-04-15 19:18:00,1.6464,-1.3972,121.02,0.5150099999999999,13.533,4.9879,-0.04739,0.0088599999999999,0.0022799999999999,2.9139,2.0244,1.9784,1.9118,-0.24872,10
2020-04-15 19:19:00,1.6456,-1.4304,121.02,0.53756,13.535,4.9587,-0.0380599999999999,-0.25251,0.00935,2.9044,1.9858,1.966,1.9051,-0.3316299999999999,10
2020-04-15 19:20:00,1.6448,-1.4415,121.0,0.5099299999999999,13.536,4.9276,-0.0336699999999999,0.0885999999999999,-0.00248,2.8845,1.9709,1.9284,1.8909,-0.58035,10
2020-04-15 19:21:00,1.6453,-1.4748,121.06,0.4888799999999999,13.534,4.8845,-0.03751,0.47843,-0.01728,2.8518,1.9587,1.8999,1.8545,-0.3316299999999999,10
2020-04-15 19:22:00,1.6451,-1.4527,121.04,0.50575,13.535,4.8649,-0.03495,0.2746799999999999,-0.01787,2.8555,1.9199,1.9007,1.8639,-0.19345,10
2020-04-15 19:23:00,1.6457,-1.3529,121.07,0.51838,13.536,4.8375,-0.03751,-0.6955299999999999,0.02955,2.8499,1.9129,1.8732,1.7917,-0.35926,10
2020-04-15 19:24:00,1.6473,-1.4527,120.97,0.5312299999999999,13.536,4.8081,-0.04227,-0.0088599999999999,-0.00059,2.8169,1.7834,1.9024,1.862,-0.2763599999999999,10
2020-04-15 19:25:00,1.6457,-1.4083,121.1,0.5384799999999998,13.537,4.7787,-0.04025,0.6999499999999999,-0.0288999999999999,2.7951,1.8033,1.8749,1.8388,-0.3316299999999999,10
2020-04-15 19:26:00,1.6462,-1.4638,121.1,0.5258399999999999,13.536,4.7407,-0.0419,0.0841699999999999,-0.00444,2.7689,1.8622,1.8006,1.7396,-0.41454,10
2020-04-15 19:27:00,1.6448,-1.4083,121.21,0.52359,13.537,4.7165,-0.0344,-1.1031,0.0404699999999999,2.7645,1.8067,1.772,1.7018,-0.6079999999999999,10
2020-04-15 19:28:00,1.6465,-1.4305,121.18,0.51814,13.537,4.6882,-0.0354999999999999,-0.1506299999999999,0.01106,2.7467,1.8384,1.747,1.6932,-0.49746,10
2020-04-15 19:29:00,1.646,-1.486,121.18,0.53236,13.538,4.659,-0.03733,-0.09747,0.0045999999999999,2.7145,1.7119,1.7856,1.7495,-0.6632799999999999,10
2020-04-15 19:30:00,1.6452,-1.4305,121.22,0.5387699999999999,13.539,4.6383,-0.0411699999999999,0.0088599999999999,0.00553,2.7191,1.8087,1.7223,1.6535,-0.66329,10
2020-04-15 19:31:00,1.6465,-1.4527,121.23,0.51434,13.537,4.6155,-0.03678,0.1905,-0.00054,2.6829,1.6817,1.7178,1.6973,-0.63565,10
2020-04-15 19:32:00,1.6454,-1.3862,121.28,0.50328,13.541,4.5793,-0.0336699999999999,-0.0885999999999999,0.00757,2.6493,1.6658,1.6835,1.6509,-0.58038,10
2020-04-15 19:33:00,1.6454,-1.4416,121.2,0.52298,13.54,4.5413,-0.0386099999999999,0.16835,-0.00568,2.612,1.6482,1.6709,1.6284,-0.4145599999999999,10
2020-04-15 19:34:00,1.6462,-1.3972,121.24,0.55035,13.539,4.5307,-0.0331199999999999,0.62465,-0.0205,2.6091,1.6879,1.6404,1.605,-0.5527499999999999,10
2020-04-15 19:35:00,1.6435,-1.364,121.28,0.5534999999999999,13.541,4.5014,-0.0441,-1.0677,0.0486699999999999,2.5853,1.6046,1.6173,1.5613,-0.63566,10
2020-04-15 19:36:00,1.6465,-1.5081,121.24,0.5231,13.54,4.4789,-0.0415299999999999,-0.9259,0.03858,2.5416,1.5408,1.5989,1.5663,-0.6356699999999998,10
2020-04-15 19:37:00,1.646,-1.486,121.27,0.5050099999999998,13.542,4.465,-0.0340299999999999,-0.8638799999999999,0.02648,2.5148,1.558,1.587,1.5452,-0.6633,10
2020-04-15 19:38:00,1.646,-1.5081,121.18,0.5152799999999998,13.542,4.4253,-0.0312899999999999,0.04873,0.0011,2.4686,1.4699,1.5883,1.5606,-0.6633,10
2020-04-15 19:39:00,1.6465,-1.4749,121.14,0.5299399999999999,13.542,4.4063,-0.03769,-0.75312,0.02955,2.4495,1.5223,1.5542,1.5053,-0.63568,10
2020-04-15 19:40:00,1.6446,-1.3751,121.09,0.51016,13.542,4.3924,-0.03495,-1.2094,0.04168,2.4398,1.5352,1.5211,1.453,-0.66332,10
2020-04-15 19:41:00,1.6462,-1.497,121.12,0.53544,13.542,4.3665,-0.03568,0.5050299999999999,-0.01634,2.4081,1.4383,1.5461,1.5369,-0.66332,10
2020-04-15 19:42:00,1.6462,-1.4083,121.19,0.52302,13.543,4.3372,-0.03787,0.79742,-0.0297299999999999,2.3737,1.4854,1.4812,1.4755,-0.66332,10
2020-04-15 19:43:00,1.6454,-1.375,121.17,0.4946099999999999,13.543,4.3147,-0.0380599999999999,-0.2879599999999999,0.0126,2.349,1.4798,1.4635,1.4259,-0.66332,10
2020-04-15 19:44:00,1.6454,-1.4859,121.1,0.48908,13.543,4.3026,-0.0439099999999999,0.24809,-0.0119799999999999,2.3327,1.545,1.4365,1.3925,-0.66332,10
2020-04-15 19:45:00,1.6465,-1.4749,121.19,0.5187199999999998,13.544,4.2789,-0.0336699999999999,-0.49174,0.0194499999999999,2.3039,1.4239,1.475,1.4381,-0.63568,10
2020-04-15 19:46:00,1.6471,-1.5303,121.14,0.5202999999999999,13.547,4.2641,-0.03348,-0.16392,0.00384,2.2862,1.3672,1.4594,1.4325,-0.66332,10
2020-04-15 19:47:00,1.6452,-1.4194,121.29,0.51005,13.546,4.2382,-0.0411699999999999,1.2139,-0.05188,2.2574,1.4519,1.4235,1.415,-0.66332,10
2020-04-15 19:48:00,1.6466,-1.4084,121.19,0.49679,13.545,4.2214,-0.03824,0.46961,-0.01633,2.2391,1.4917,1.3818,1.3477,-0.66332,10
2020-04-15 19:49:00,1.6447,-1.4638,121.23,0.4841599999999999,13.548,4.2081,-0.0334899999999999,1.0677,-0.03425,2.2201,1.4294,1.3876,1.384,-0.66332,10
2020-04-15 19:50:00,1.6449,-1.3529,121.24,0.4848299999999999,13.548,4.1874,-0.03769,1.2006,-0.0462499999999999,2.1916,1.41,1.3873,1.3795,-0.66332,10
2020-04-15 19:51:00,1.6452,-1.3862,121.29,0.4858399999999999,13.548,4.1637,-0.0411699999999999,-0.57152,0.01912,2.1847,1.3592,1.3478,1.3039,-0.6356899999999999,10
2020-04-15 19:52:00,1.6433,-1.3197,121.3,0.5016399999999999,13.549,4.1468,-0.04209,0.18165,-0.00952,2.1614,1.3174,1.3592,1.3458,-0.6633299999999999,10
2020-04-15 19:53:00,1.6469,-1.4528,121.24,0.50778,13.55,4.1416,-0.0402599999999999,-0.1595,0.00621,2.1399,1.2838,1.3661,1.3597,-0.6633299999999999,10
2020-04-15 19:54:00,1.6458,-1.4084,121.24,0.4922699999999999,13.549,4.1213,-0.03971,0.05317,-0.0051999999999999,2.099,1.3144,1.3364,1.3187,-0.6633299999999999,10
2020-04-15 19:55:00,1.6464,-1.4417,121.3,0.5049099999999999,13.55,4.1077,-0.0358699999999999,-0.4696299999999999,0.01939,2.0712,1.3114,1.3136,1.2795,-0.6633299999999999,10
2020-04-15 19:56:00,1.6453,-1.4306,121.31,0.5010799999999999,13.55,4.0819,-0.0386099999999999,0.31013,-0.0178099999999999,2.0368,1.3522,1.2976,1.2543,-0.6633299999999999,10
2020-04-15 19:57:00,1.6453,-1.4417,121.34,0.50304,13.552,4.0667,-0.04501,0.0310199999999999,0.0041099999999999,2.0166,1.3043,1.2816,1.2426,-0.66334,10
2020-04-15 19:58:00,1.6458,-1.4528,121.35,0.5141,13.552,4.0548,-0.03824,0.06203,-0.00038,1.9961,1.2753,1.286,1.2505,-0.66334,10
2020-04-15 19:59:00,1.6458,-1.3863,121.25,0.52132,13.551,4.0359,-0.0386099999999999,-0.0044299999999999,-0.00126,1.9722,1.262,1.2875,1.2393,-0.6357,10
2020-04-15 20:00:00,1.6445,-1.4306,121.39,0.53183,13.553,4.0137,-0.03477,-0.36774,0.0077499999999999,1.9549,1.2546,1.2482,1.2035,-0.66334,10
2020-04-15 20:01:00,1.6459,-1.475,121.38,0.5389399999999999,13.553,4.0018,-0.0433699999999999,-0.06646,-0.00527,1.938,1.2376,1.2447,1.2128,-0.66334,10
2020-04-15 20:02:00,1.6456,-1.4417,121.52,0.5192299999999999,13.555,3.9794,-0.0327599999999999,-0.57598,0.02095,1.914,1.2321,1.2045,1.1598,-0.66334,10
2020-04-15 20:03:00,1.645,-1.4528,121.54,0.5129599999999999,13.555,3.9779,-0.0331199999999999,0.97474,-0.0317599999999999,1.8991,1.2526,1.2263,1.2036,-0.66336,10
2020-04-15 20:04:00,1.6456,-1.4196,121.5,0.50112,13.556,3.959,-0.03184,0.2835599999999999,-0.0148299999999999,1.8688,1.2223,1.2074,1.179,-0.66336,10
2020-04-15 20:05:00,1.6453,-1.3863,121.48,0.50463,13.555,3.9452,-0.03715,-0.3810299999999999,0.01102,1.8642,1.2389,1.1822,1.1219,-0.66335,10
2020-04-15 20:06:00,1.6456,-1.4529,121.58,0.5144499999999999,13.555,3.9282,-0.04227,-0.1107699999999999,0.00638,1.8358,1.136,1.1985,1.1594,-0.66335,10
2020-04-15 20:07:00,1.6453,-1.4307,121.59,0.5333999999999999,13.556,3.9093,-0.0362299999999999,0.5006599999999999,-0.0161999999999999,1.826,1.2447,1.171,1.1121,-0.66335,10
2020-04-15 20:08:00,1.6462,-1.4085,121.55,0.53222,13.554,3.8904,-0.0376999999999999,0.76207,-0.02502,1.7921,1.1037,1.1853,1.1739,-0.66335,10
2020-04-15 20:09:00,1.647,-1.4418,121.48,0.5177199999999998,13.555,3.8802,-0.04465,-0.80195,0.0359099999999999,1.7876,1.1559,1.1382,1.0835,-0.66335,10
2020-04-15 20:10:00,1.6467,-1.5194,121.51,0.5303499999999999,13.556,3.8682,-0.0453799999999999,0.3057199999999999,-0.01091,1.784,1.2296,1.1339,1.0658,-0.66335,10
2020-04-15 20:11:00,1.6453,-1.4085,121.55,0.5673,13.555,3.8475,-0.0404399999999999,0.91715,-0.03279,1.7442,1.15,1.1443,1.1138,-0.66334,10
2020-04-15 20:12:00,1.6462,-1.4196,121.55,0.57508,13.556,3.8408,-0.03898,-0.71777,0.0292,1.7126,1.1028,1.1212,1.0716,-0.66334,10
2020-04-15 20:13:00,1.6445,-1.3863,121.62,0.5806,13.556,3.8253,-0.03971,1.1608,-0.04696,1.6297,1.1057,1.1113,1.0893,-0.66334,10
2020-04-15 20:14:00,1.6473,-1.5083,121.56,0.57238,13.557,3.8167,-0.0411699999999999,0.01772,-0.0017099999999999,1.5572,1.0154,1.1175,1.0955,-0.66336,10
2020-04-15 20:15:00,1.6476,-1.4529,121.48,0.51812,13.556,3.803,-0.0366,0.0974799999999999,-0.0008899999999999,1.4761,1.0264,1.0938,1.0775,-0.66336,10
2020-04-15 20:16:00,1.6451,-1.4085,121.68,0.47469,13.557,3.7944,-0.0400799999999999,0.5937099999999998,-0.01951,1.386,1.1434,1.0604,1.0093,-0.66336,10
2020-04-15 20:17:00,1.6451,-1.4418,121.7,0.4727199999999999,13.556,3.7841,-0.04245,-0.6114399999999999,0.0253999999999999,1.3259,1.1003,1.0393,0.97684,-0.66337,10
2020-04-15 20:18:00,1.6451,-1.3974,121.7,0.45995,13.56,3.7653,-0.0463,-1.0146,0.04784,1.2637,1.109,1.0125,0.93232,-0.6633799999999999,10
2020-04-15 20:19:00,1.6445,-1.3752,121.66,0.44574,13.561,3.7498,-0.0378799999999999,-0.85513,0.02875,1.2027,0.9927,1.0438,0.99482,-0.6633799999999999,10
2020-04-15 20:20:00,1.6437,-1.4196,121.72,0.4422599999999999,13.561,3.7378,-0.0336699999999999,-1.2938,0.0433699999999999,1.1829,0.9984,1.0275,0.97073,-0.66337,10
2020-04-15 20:21:00,1.6462,-1.464,121.66,0.4573599999999999,13.561,3.7309,-0.03751,0.0575999999999999,-0.00125,1.1505,0.99723,1.0497,1.0249,-0.66337,10
2020-04-15 20:22:00,1.6462,-1.4085,121.72,0.4692,13.562,3.7137,-0.04154,-0.6202999999999999,0.02527,1.1233,0.9551,1.0403,1.0105,-0.66337,10
2020-04-15 20:23:00,1.647,-1.4862,121.72,0.47021,13.562,3.6948,-0.03898,-0.55384,0.02204,1.1007,0.93463,1.046,1.012,-0.6633799999999999,10
2020-04-15 20:24:00,1.6459,-1.464,121.63,0.46937,13.559,3.6794,-0.0386099999999999,-0.2215399999999999,0.00817,1.0838,0.92054,1.0135,1.005,-0.6633799999999999,10
2020-04-15 20:25:00,1.6462,-1.4196,121.69,0.4188299999999999,13.561,3.6725,-0.0380599999999999,0.6380299999999999,-0.02138,1.0605,0.95691,1.0052,0.98246,-0.6633799999999999,10
2020-04-15 20:26:00,1.647,-1.464,121.72,0.3863099999999999,13.563,3.6588,-0.0409899999999999,0.4475,-0.01742,1.0467,1.036,0.97431,0.92462,-0.63573,10
2020-04-15 20:27:00,1.6456,-1.3752,121.78,0.3887399999999999,13.562,3.6554,-0.0431899999999999,-0.8728599999999999,0.0349399999999999,1.0603,1.034,0.96875,0.8949399999999998,-0.66337,10
2020-04-15 20:28:00,1.647,-1.4972,121.77,0.37135,13.563,3.6347,-0.0380599999999999,-0.25255,0.01003,1.0296,0.95014,0.98066,0.93879,-0.66337,10
2020-04-15 20:29:00,1.6465,-1.4972,121.77,0.34544,13.563,3.633,-0.0378799999999999,-0.15064,0.01163,1.0237,0.94205,0.98676,0.95979,-0.58045,10
2020-04-15 20:30:00,1.6451,-1.3863,121.75,0.3462299999999999,13.564,3.6124,-0.0334899999999999,0.98806,-0.0328,1.0122,0.93978,0.98449,0.98165,-0.58045,10
2020-04-15 20:31:00,1.6456,-1.3974,121.8,0.3478499999999999,13.563,3.6072,-0.0338499999999999,-0.5626999999999999,0.01619,1.0446,1.0595,0.94098,0.86219,-0.63573,10
2020-04-15 20:32:00,1.6451,-1.3974,121.83,0.33799,13.565,3.5866,-0.0388,0.01772,-0.00858,1.033,0.92442,0.96629,0.93364,-0.66339,10
2020-04-15 20:33:00,1.6476,-1.4751,121.82,0.34272,13.566,3.5746,-0.03568,0.17723,-0.0072899999999999,1.0521,1.0443,0.92724,0.86407,-0.66339,10
2020-04-15 20:34:00,1.644,-1.342,121.77,0.3393999999999999,13.566,3.566,-0.0404399999999999,0.50067,-0.01907,1.0506,0.91648,0.96545,0.94628,-0.6357399999999999,10
2020-04-15 20:35:00,1.6448,-1.3087,121.72,0.3385799999999999,13.565,3.5574,-0.0380599999999999,0.42978,-0.01866,1.0768,0.91642,0.96469,0.94978,-0.6633799999999999,10
2020-04-15 20:36:00,1.6465,-1.4307,121.82,0.3346299999999999,13.567,3.5436,-0.0428199999999999,-0.4873799999999999,0.0241199999999999,1.0907,0.8763499999999999,0.96649,0.93526,-0.6633799999999999,10
2020-04-15 20:37:00,1.6451,-1.4418,121.84,0.3591699999999999,13.565,3.5368,-0.03422,-0.7177799999999999,0.02538,1.1228,0.94181,0.96027,0.8992299999999999,-0.6633799999999999,10
2020-04-15 20:38:00,1.6437,-1.342,121.85,0.3845899999999999,13.566,3.5178,-0.0366,-0.1683699999999999,0.0060699999999999,1.1406,0.95756,0.94479,0.8837399999999999,-0.66339,10
2020-04-15 20:39:00,1.6454,-1.4418,121.78,0.3909099999999999,13.565,3.5041,-0.0336699999999999,-0.92603,0.02773,1.1644,0.94304,0.92672,0.84723,-0.66339,10
2020-04-15 20:40:00,1.6454,-1.3974,121.79,0.38993,13.568,3.4955,-0.0380599999999999,-0.1905199999999999,0.01392,1.1636,0.93087,0.93726,0.8840299999999999,-0.66339,10
2020-04-15 20:41:00,1.6451,-1.3974,121.76,0.38699,13.567,3.4972,-0.0376999999999999,0.5183999999999999,-0.0178299999999999,1.1675,0.91417,0.95604,0.93759,-0.6357399999999999,10
2020-04-15 20:42:00,1.6473,-1.4418,121.8,0.38463,13.567,3.4921,-0.0380599999999999,-0.4873799999999999,0.02067,1.1801,0.8883999999999999,0.95087,0.9097,-0.6633799999999999,10
2020-04-15 20:43:00,1.6451,-1.3753,121.86,0.3761399999999999,13.566,3.4663,-0.0400799999999999,0.3899099999999999,-0.01591,1.1499,0.84903,0.9342,0.93207,-0.6633799999999999,10
2020-04-15 20:44:00,1.6462,-1.464,121.8,0.34732,13.569,3.4543,-0.0435499999999999,0.0575999999999999,-0.0032,1.1613,0.81783,0.93778,0.92004,-0.66337,10
2020-04-15 20:45:00,1.6481,-1.464,121.8,0.3417899999999999,13.566,3.4491,-0.0463,-0.38105,0.0215799999999999,1.1661,0.85738,0.94042,0.90919,-0.66337,10
2020-04-15 20:46:00,1.6473,-1.4418,121.89,0.3678299999999999,13.568,3.432,-0.03697,-0.3367399999999999,0.01035,1.1687,0.82806,0.93736,0.91181,-0.66337,10
2020-04-15 20:47:00,1.6462,-1.464,121.88,0.3520099999999999,13.568,3.4147,-0.0386099999999999,-0.9792,0.03891,1.1741,0.85197,0.89385,0.83777,-0.66336,10
2020-04-15 20:48:00,1.6448,-1.3531,121.91,0.3717599999999999,13.569,3.4148,-0.02946,-1.09,0.0327,1.211,0.93643,0.8803699999999999,0.803,-0.66336,10
2020-04-15 20:49:00,1.6462,-1.3753,121.87,0.3751499999999999,13.565,3.4044,-0.03733,-0.6867699999999999,0.02474,1.2035,0.87855,0.8891999999999999,0.83596,-0.66336,10
2020-04-15 20:50:00,1.6467,-1.4529,121.8,0.37223,13.568,3.3941,-0.0312899999999999,-0.6867699999999999,0.0199499999999999,1.2202,0.98604,0.85191,0.76885,-0.66336,10
2020-04-15 20:51:00,1.6462,-1.3309,121.92,0.37302,13.567,3.3787,-0.0406299999999999,-1.0855,0.04354,1.2358,0.90237,0.85411,0.7632499999999999,-0.63572,10
2020-04-15 20:52:00,1.644,-1.342,121.89,0.3652599999999999,13.569,3.3683,-0.0362299999999999,-1.2583,0.04424,1.2389,0.85863,0.8501199999999999,0.7841,-0.66337,10
2020-04-15 20:53:00,1.6454,-1.3974,121.94,0.34719,13.567,3.3529,-0.0453799999999999,0.06203,0.0011299999999999,1.2262,0.93109,0.82108,0.7607399999999999,-0.66337,10
2020-04-15 20:54:00,1.6443,-1.3087,122.0,0.34798,13.569,3.3512,-0.04227,1.1298,-0.0480599999999999,1.2203,0.86833,0.8562699999999999,0.8484599999999999,-0.63573,10
2020-04-15 20:55:00,1.6451,-1.4085,121.91,0.32438,13.57,3.3322,-0.0378799999999999,0.64246,-0.02189,1.2162,0.85646,0.8351699999999999,0.80323,-0.66337,10
2020-04-15 20:56:00,1.6445,-1.3863,122.04,0.26838,13.569,3.3323,-0.03422,0.11963,-0.00672,1.2141,0.81889,0.8288299999999998,0.7975999999999999,-0.63573,10
2020-04-15 20:57:00,1.6462,-1.4418,122.07,0.2470499999999999,13.566,3.3288,-0.03953,0.15065,-0.01186,1.2142,0.86441,0.82467,0.77924,-0.63573,10
2020-04-15 20:58:00,1.6462,-1.4196,122.02,0.2394,13.567,3.3151,-0.03697,0.1284899999999999,-0.0016999999999999,1.2025,0.8591199999999999,0.8073099999999999,0.75761,-0.66336,10
2020-04-15 20:59:00,1.6451,-1.4418,121.91,0.22609,13.57,3.3099,-0.0400799999999999,0.50068,-0.0142799999999999,1.1889,0.75812,0.84828,0.82059,-0.66336,10
2020-04-15 21:00:00,1.6456,-1.4196,121.93,0.2316199999999999,13.569,3.2945,-0.03751,-0.23483,0.0068799999999999,1.184,0.79227,0.82279,0.77736,-0.63572,10
2020-04-15 21:01:00,1.6448,-1.3974,122.04,0.2671999999999999,13.569,3.291,-0.0441,-0.15065,0.00134,1.1926,0.81227,0.8357,0.79808,-0.5527999999999998,10
2020-04-15 21:02:00,1.6467,-1.4085,122.08,0.2790599999999999,13.568,3.2893,-0.0353199999999999,-0.2303999999999999,0.01156,1.1966,0.79708,0.8325799999999999,0.7992099999999999,-0.58043,10
2020-04-15 21:03:00,1.6459,-1.3863,122.05,0.2964399999999999,13.569,3.2687,-0.0358699999999999,-0.24812,0.01717,1.1886,0.79695,0.81044,0.77566,-0.58043,10
2020-04-15 21:04:00,1.6448,-1.3753,121.97,0.28293,13.569,3.2567,-0.03239,-0.30129,0.0074099999999999,1.1808,0.77987,0.80259,0.75716,-0.63573,10
2020-04-15 21:05:00,1.6462,-1.4418,121.95,0.2527499999999999,13.569,3.2498,-0.0354999999999999,0.0708899999999999,0.00051,1.1774,0.76088,0.8098699999999999,0.77863,-0.60809,10
2020-04-15 21:06:00,1.6459,-1.3863,122.08,0.2116899999999999,13.571,3.2463,-0.0362299999999999,1.09,-0.0409899999999999,1.1655,0.8412,0.79151,0.76382,-0.60809,10
2020-04-15 21:07:00,1.6448,-1.3974,122.02,0.22799,13.572,3.236,-0.0382499999999999,-0.4342099999999999,0.01975,1.17,0.7370999999999999,0.81518,0.7803999999999999,-0.60808,10
2020-04-15 21:08:00,1.6473,-1.4418,121.89,0.2533,13.572,3.2274,-0.0402599999999999,-0.62031,0.0233699999999999,1.1649,0.73555,0.81364,0.7888,-0.60808,10
2020-04-15 21:09:00,1.6445,-1.3753,121.83,0.3093799999999999,13.571,3.2274,-0.03568,0.21711,-0.0077999999999999,1.1798,0.7817,0.82784,0.80867,-0.63572,10
2020-04-15 21:10:00,1.6445,-1.3753,121.9,0.3372499999999999,13.572,3.2188,-0.04465,-0.98806,0.0422799999999999,1.2067,0.7958,0.8029,0.73546,-0.66336,10
2020-04-15 21:11:00,1.6462,-1.4085,121.84,0.37755,13.572,3.2085,-0.03916,0.6601799999999999,-0.02593,1.197,0.72865,0.84436,0.83372,-0.63572,10
2020-04-15 21:12:00,1.6451,-1.3863,121.97,0.3696499999999999,13.573,3.1999,-0.0333099999999999,0.11963,0.00231,1.2012,0.7895999999999999,0.79812,0.75624,-0.60808,10
2020-04-15 21:13:00,1.6459,-1.3863,121.97,0.34844,13.574,3.1862,-0.0344,-0.60701,0.0168099999999999,1.1994,0.77081,0.7764999999999999,0.7268,-0.58045,10
2020-04-15 21:14:00,1.6459,-1.3531,121.94,0.3152699999999999,13.572,3.1879,-0.03459,0.6601799999999999,-0.0220899999999999,1.1976,0.75692,0.80449,0.78532,-0.66337,10
2020-04-15 21:15:00,1.6456,-1.3974,121.92,0.32871,13.572,3.1793,-0.0409899999999999,-0.6336,0.0248899999999999,1.2046,0.76675,0.8015299999999999,0.7582299999999998,-0.60809,10
2020-04-15 21:16:00,1.6448,-1.4418,121.99,0.3651099999999999,13.576,3.1673,-0.0360499999999999,1.0324,-0.03837,1.2067,0.82845,0.77805,0.7531999999999999,-0.63575,10
2020-04-15 21:17:00,1.6451,-1.3531,122.01,0.3580099999999999,13.574,3.1656,-0.0404399999999999,0.7753799999999998,-0.03141,1.1986,0.73799,0.7990399999999999,0.79478,-0.58047,10
2020-04-15 21:18:00,1.6462,-1.3531,122.05,0.3262399999999999,13.573,3.1673,-0.03971,-0.36775,0.01469,1.2173,0.8057199999999999,0.77236,0.72408,-0.63575,10
2020-04-15 21:19:00,1.6462,-1.3974,121.99,0.3197999999999999,13.574,3.1673,-0.04227,0.0974799999999999,-0.00721,1.213,0.84258,0.75953,0.71977,-0.6081199999999999,10
2020-04-15 21:20:00,1.6456,-1.342,121.92,0.3197999999999999,13.573,3.1501,-0.0331199999999999,0.08862,-0.00927,1.1986,0.74441,0.77281,0.7536399999999999,-0.6081199999999999,10
2020-04-15 21:21:00,1.6456,-1.3974,121.98,0.3270299999999999,13.573,3.1467,-0.0366,-0.0398799999999999,0.0005199999999999,1.2079,0.78356,0.76937,0.72606,-0.6357599999999999,10
2020-04-15 21:22:00,1.6454,-1.3309,121.97,0.3629299999999999,13.575,3.1364,-0.03715,0.3411699999999999,-0.00525,1.2026,0.77822,0.7675699999999999,0.7398799999999999,-0.60811,10
2020-04-15 21:23:00,1.6451,-1.342,121.94,0.38899,13.574,3.1244,-0.03953,0.6912,-0.0336699999999999,1.2004,0.7356099999999999,0.76615,0.75975,-0.60811,10
2020-04-15 21:24:00,1.6467,-1.4196,121.96,0.3392899999999999,13.576,3.1261,-0.0388,0.62031,-0.0238599999999999,1.205,0.78917,0.7359299999999999,0.7082399999999999,-0.6357399999999999,10
2020-04-15 21:25:00,1.6451,-1.3753,121.96,0.3102599999999999,13.574,3.1261,-0.0402599999999999,-0.45194,0.0155099999999999,1.2107,0.7629099999999999,0.74872,0.69547,-0.4698899999999999,10
2020-04-15 21:26:00,1.6454,-1.3753,121.99,0.26683,13.575,3.1158,-0.03221,0.1107699999999999,-0.0076099999999999,1.1784,0.75824,0.7383699999999999,0.6964799999999999,-0.4698899999999999,10
2020-04-15 21:27:00,1.6451,-1.3531,122.04,0.26022,13.577,3.1038,-0.03898,0.4430799999999999,-0.02255,1.1578,0.72772,0.73979,0.7184899999999999,-0.58045,10
2020-04-15 21:28:00,1.6462,-1.3642,122.01,0.29835,13.575,3.0952,-0.04703,0.21268,-0.00829,1.1655,0.69711,0.7610099999999999,0.73545,-0.60809,10
2020-04-15 21:29:00,1.6456,-1.3753,122.01,0.34336,13.575,3.0849,-0.03751,0.1284899999999999,-0.00059,1.1694,0.7513699999999999,0.72084,0.68037,-0.4698899999999999,10
2020-04-15 21:30:00,1.6454,-1.3753,121.96,0.3315799999999999,13.576,3.0849,-0.0354999999999999,0.5671399999999999,-0.0211499999999999,1.1623,0.74429,0.72016,0.69105,-0.4146,10
2020-04-15 21:31:00,1.6459,-1.3974,122.05,0.30324,13.576,3.0849,-0.0327599999999999,0.45194,-0.01495,1.151,0.68754,0.7400799999999998,0.7202,-0.5251599999999998,10
2020-04-15 21:32:00,1.6462,-1.3863,121.99,0.3087699999999999,13.576,3.0849,-0.0376999999999999,-0.15951,0.0047,1.1581,0.7145099999999999,0.7244599999999999,0.6974799999999999,-0.5527999999999998,10
2020-04-15 21:33:00,1.6462,-1.3642,121.98,0.28294,13.575,3.0831,-0.0451999999999999,0.21711,-0.01439,1.1506,0.7290999999999999,0.73052,0.6978699999999999,-0.52517,10
2020-04-15 21:34:00,1.6462,-1.3863,121.96,0.26107,13.576,3.0711,-0.03971,0.39434,-0.01455,1.1293,0.67441,0.72624,0.7212699999999999,-0.3869699999999999,10
2020-04-15 21:35:00,1.6465,-1.4307,121.93,0.23344,13.576,3.0625,-0.03422,-0.65132,0.0192799999999999,1.1236,0.66863,0.70555,0.6735999999999999,-0.4146099999999999,10
2020-04-15 21:36:00,1.6451,-1.342,122.03,0.2469899999999999,13.578,3.0642,-0.0428199999999999,-0.3633199999999999,0.01119,1.1253,0.72287,0.7093899999999999,0.67318,-0.2211299999999999,10
2020-04-15 21:37:00,1.647,-1.3863,121.99,0.25183,13.577,3.0557,-0.0353199999999999,-0.1683699999999999,0.0042399999999999,1.1081,0.68584,0.70501,0.68229,-0.0829199999999999,10
2020-04-15 21:38:00,1.6459,-1.3974,122.01,0.24867,13.578,3.0436,-0.03495,0.44751,-0.0154,1.0975,0.70004,0.7043,0.68442,-0.3869799999999999,10
2020-04-15 21:39:00,1.6459,-1.4085,121.97,0.29797,13.578,3.0436,-0.03019,0.0753199999999999,0.00269,1.0982,0.70499,0.6964799999999999,0.67944,-0.19349,10
2020-04-15 21:40:00,1.6448,-1.3974,121.98,0.29607,13.579,3.0419,-0.03568,-0.1284899999999999,0.00606,1.1099,0.7472699999999999,0.68622,0.6358,-0.24878,10
2020-04-15 21:41:00,1.6454,-1.3974,121.97,0.2534299999999999,13.578,3.0351,-0.0378799999999999,0.15508,-0.0025799999999999,1.0874,0.6821599999999999,0.6970699999999999,0.67222,-0.27642,10
2020-04-15 21:42:00,1.6459,-1.3974,122.01,0.28747,13.578,3.023,-0.03934,-0.19495,0.01153,1.0818,0.7361699999999999,0.66873,0.61902,-0.4146199999999999,10
2020-04-15 21:43:00,1.6456,-1.4085,122.04,0.32067,13.578,3.023,-0.0459299999999999,-0.32788,0.0184299999999999,1.0832,0.67798,0.6921899999999999,0.65243,-0.4975399999999999,10
2020-04-15 21:44:00,1.6456,-1.3753,122.02,0.30725,13.58,3.0213,-0.04172,-0.4342099999999999,0.0156799999999999,1.0801,0.7160199999999999,0.67129,0.6222999999999999,-0.4698999999999999,10
2020-04-15 21:45:00,1.6462,-1.342,121.92,0.2836099999999999,13.58,3.011,-0.0426399999999999,0.07975,0.00108,1.062,0.6815499999999999,0.6787199999999999,0.64463,-0.4975399999999999,10
2020-04-15 21:46:00,1.6454,-1.4085,121.99,0.2978399999999999,13.579,3.0041,-0.0309299999999999,0.2879999999999999,-0.00799,1.0452,0.69738,0.6888699999999999,0.64981,-0.6357399999999999,10
2020-04-15 21:47:00,1.6462,-1.3974,121.93,0.3381199999999999,13.579,3.0024,-0.03697,0.3899099999999999,-0.016,1.0534,0.7198,0.67507,0.6402799999999998,-0.3869699999999999,10
2020-04-15 21:48:00,1.6467,-1.3974,121.97,0.35003,13.581,3.0024,-0.0384299999999999,-0.2569799999999999,0.0074599999999999,1.0497,0.7040899999999999,0.6771099999999999,0.6366399999999999,-0.5251799999999999,10
2020-04-15 21:49:00,1.6456,-1.3198,121.93,0.3381899999999999,13.577,3.0007,-0.03202,-0.21711,0.00064,1.0537,0.68815,0.68318,0.6455499999999998,-0.55283,10
2020-04-15 21:50:00,1.6465,-1.3974,121.87,0.33977,13.578,3.0024,-0.0362299999999999,0.04431,-0.00661,1.059,0.7232399999999999,0.6742599999999999,0.63094,-0.60811,10
2020-04-15 21:51:00,1.6462,-1.3753,122.01,0.3180399999999999,13.577,2.9835,-0.03898,0.4076299999999999,-0.01341,1.04,0.69998,0.6701599999999999,0.6360799999999999,-0.5804599999999999,10
2020-04-15 21:52:00,1.6451,-1.3531,121.95,0.3567699999999999,13.581,2.9818,-0.03916,-0.02215,0.00519,1.0411,0.64216,0.6797999999999998,0.66346,-0.6357399999999999,10
2020-04-15 21:53:00,1.6456,-1.342,121.98,0.3923099999999999,13.579,2.9818,-0.03953,-0.65132,0.02261,1.0595,0.71174,0.64927,0.5882,-0.5528199999999999,10
2020-04-15 21:54:00,1.6462,-1.4418,121.96,0.32056,13.58,2.9801,-0.0433699999999999,0.49181,-0.02214,1.0365,0.74055,0.64541,0.61275,-0.63573,10
2020-04-15 21:55:00,1.647,-1.4307,121.9,0.3142499999999999,13.579,2.9767,-0.0376999999999999,-0.08862,0.00576,1.0309,0.7576899999999999,0.62705,0.5879999999999999,-0.66337,10
2020-04-15 21:56:00,1.6456,-1.3531,121.93,0.28899,13.58,2.9715,-0.04136,-0.13735,0.00519,1.0194,0.6694499999999999,0.64744,0.61052,-0.55281,10
2020-04-15 21:57:00,1.6445,-1.3531,121.95,0.32282,13.579,2.9646,-0.03934,-0.1728,0.00894,1.0133,0.6320799999999999,0.66049,0.6249799999999999,-0.5804399999999998,10
2020-04-15 21:58:00,1.6462,-1.4529,121.89,0.35125,13.579,2.9595,-0.04154,-0.13735,0.00617,1.0116,0.6801599999999999,0.64183,0.5992199999999999,-0.5804399999999998,10
2020-04-15 21:59:00,1.6481,-1.3974,121.92,0.3898699999999999,13.578,2.9595,-0.03953,0.0753199999999999,-0.0056499999999999,1.0209,0.7277299999999999,0.64395,0.5850199999999999,-0.5804399999999998,10
2020-04-15 22:00:00,1.6459,-1.3642,121.87,0.4372099999999999,13.577,2.9612,-0.04392,-0.24812,0.00332,1.0318,0.58957,0.68259,0.64424,-0.60808,10
2020-04-15 22:01:00,1.6451,-1.3198,122.04,0.45299,13.582,2.9595,-0.04429,-0.5671399999999999,0.0236199999999999,1.0421,0.6900899999999999,0.6418099999999999,0.5700899999999999,-0.63572,10
2020-04-15 22:02:00,1.644,-1.342,122.06,0.4126199999999999,13.579,2.9561,-0.04612,0.15508,-0.00969,1.0202,0.65185,0.6525699999999999,0.61067,-0.66336,10
2020-04-15 22:03:00,1.6456,-1.3309,121.97,0.39944,13.58,2.9543,-0.03934,-0.32788,0.0118499999999999,1.0192,0.6458599999999999,0.63166,0.58621,-0.66336,10
2020-04-15 22:04:00,1.6462,-1.4085,122.04,0.3860199999999999,13.579,2.9406,-0.03678,-0.32788,0.0114699999999999,1.0054,0.59372,0.6405899999999999,0.60935,-0.66336,10
2020-04-15 22:05:00,1.6456,-1.3531,122.0,0.3945799999999999,13.579,2.9389,-0.0451999999999999,-0.07975,0.00176,1.0058,0.6260799999999999,0.62751,0.58348,-0.66336,10
2020-04-15 22:06:00,1.6462,-1.342,122.0,0.41315,13.58,2.9406,-0.03916,0.4342099999999999,-0.01692,1.004,0.63846,0.62072,0.5987,-0.58043,10
2020-04-15 22:07:00,1.6465,-1.342,122.1,0.40605,13.579,2.9337,-0.03697,-0.22597,0.00466,0.99572,0.6053,0.6188,0.5903899999999999,-0.58043,10
2020-04-15 22:08:00,1.6459,-1.3531,122.12,0.3925699999999999,13.579,2.92,-0.0441,0.0088599999999999,-0.0063099999999999,0.98194,0.59647,0.59577,0.57091,-0.66336,10
2020-04-15 22:09:00,1.6467,-1.4196,122.15,0.3884799999999999,13.579,2.9166,-0.0366,0.18609,-0.0073099999999999,0.98058,0.62423,0.5851699999999999,0.5524999999999999,-0.4975299999999999,10
2020-04-15 22:10:00,1.6459,-1.3753,122.01,0.37347,13.579,2.9183,-0.04136,0.15508,-0.0085699999999999,0.97663,0.59825,0.58903,0.5684299999999999,-0.58045,10
2020-04-15 22:11:00,1.6462,-1.3863,121.96,0.3567299999999999,13.579,2.92,-0.04374,0.1417799999999999,-0.00644,0.98404,0.59076,0.59148,0.5687499999999999,-0.4422499999999999,10
2020-04-15 22:12:00,1.6456,-1.3531,121.97,0.37534,13.581,2.92,-0.03495,0.55385,-0.01964,0.9784,0.6057099999999999,0.5972,0.5780199999999999,-0.60809,10
2020-04-15 22:13:00,1.6456,-1.3531,121.99,0.3595499999999999,13.578,2.9183,-0.03697,-0.05317,-0.00139,0.98022,0.5762899999999999,0.5805599999999999,0.55144,-0.4975299999999999,10
2020-04-15 22:14:00,1.6467,-1.3974,121.94,0.36146,13.581,2.92,-0.0406299999999999,-0.02215,0.00033,0.97558,0.55603,0.59296,0.5773399999999999,-0.46988,10
2020-04-15 22:15:00,1.6454,-1.3531,121.92,0.35325,13.579,2.9183,-0.03898,0.2614199999999999,-0.0082799999999999,0.97389,0.56642,0.5813399999999999,0.57139,-0.5804399999999998,10
2020-04-15 22:16:00,1.6462,-1.3642,121.95,0.35798,13.579,2.9183,-0.04227,0.16394,-0.01069,0.96467,0.59625,0.58347,0.5571899999999999,-0.63572,10
2020-04-15 22:17:00,1.6451,-1.342,122.02,0.36881,13.581,2.9149,-0.04447,0.13292,-0.00264,0.94983,0.5799699999999999,0.5678999999999998,0.53949,-0.52517,10
2020-04-15 22:18:00,1.6459,-1.4085,122.01,0.37885,13.579,2.8994,-0.0366,0.35003,-0.00944,0.91866,0.5672399999999999,0.56227,0.5459399999999999,-0.52517,10
2020-04-15 22:19:00,1.6462,-1.3863,122.02,0.40017,13.578,2.8977,-0.04392,0.13292,-0.00236,0.91694,0.55771,0.5641,0.52788,-0.58045,10
2020-04-15 22:20:00,1.6462,-1.3642,121.91,0.39998,13.578,2.8994,-0.0408099999999999,-0.01329,0.00281,0.91011,0.56862,0.5366699999999999,0.51039,-0.5528199999999999,10
2020-04-15 22:21:00,1.6459,-1.3863,121.96,0.39038,13.578,2.8942,-0.03916,-0.0088599999999999,-0.0008599999999999,0.8957,0.54141,0.54568,0.51087,-0.60811,10
2020-04-15 22:22:00,1.6462,-1.3198,121.96,0.3966899999999999,13.578,2.8994,-0.0388,-0.39877,0.0170499999999999,0.88809,0.51249,0.56505,0.52315,-0.66339,10
2020-04-15 22:23:00,1.6462,-1.3642,121.99,0.38756,13.576,2.8977,-0.0327599999999999,-0.21268,4e-05,0.8743199999999999,0.5278399999999999,0.53424,0.49446,-0.6080999999999999,10
2020-04-15 22:24:00,1.6459,-1.3087,121.96,0.35779,13.578,2.8977,-0.02928,-0.1107699999999999,0.00623,0.8459499999999999,0.5093999999999999,0.5470399999999999,0.51934,-0.6357399999999999,10
2020-04-15 22:25:00,1.6456,-1.3642,121.97,0.3601599999999999,13.58,2.8994,-0.03404,0.2658499999999999,-0.00647,0.79656,0.5210599999999999,0.5430899999999999,0.5189399999999998,-0.5528199999999999,10
2020-04-15 22:26:00,1.6459,-1.342,122.03,0.3755899999999999,13.58,2.8977,-0.04374,0.3323099999999999,-0.0061799999999999,0.73521,0.53,0.5378199999999999,0.50372,-0.63573,10
2020-04-15 22:27:00,1.6448,-1.3087,122.07,0.38922,13.58,2.896,-0.03459,0.2879999999999999,-0.01061,0.67812,0.5581099999999999,0.51976,0.47857,-0.60809,10
2020-04-15 22:28:00,1.6451,-1.2533,122.06,0.3758,13.582,2.8994,-0.04392,-1.2982,0.05616,0.64322,0.52605,0.5224999999999999,0.433,-0.1381999999999999,10
2020-04-15 22:29:00,1.647,-1.3531,122.07,0.39981,13.581,2.896,-0.04465,-0.83298,0.03884,0.58087,0.4629699999999999,0.54891,0.49564,-0.2763999999999999,10
2020-04-15 22:30:00,1.6465,-1.2976,122.02,0.39966,13.581,2.8977,-0.03751,0.49181,-0.01728,0.52863,0.4277699999999999,0.5577499999999999,0.56059,-0.02764,10
2020-04-15 22:31:00,1.644,-1.3198,122.09,0.3696499999999999,13.58,2.8977,-0.03202,1.09,-0.03645,0.52366,0.5328899999999999,0.5080299999999999,0.4938299999999999,-0.1381999999999999,10
2020-04-15 22:32:00,1.6476,-1.3863,122.08,0.34411,13.581,2.896,-0.03898,0.1107699999999999,-0.00837,0.5303799999999999,0.59287,0.4799499999999999,0.4344899999999999,-0.05528,10
2020-04-15 22:33:00,1.647,-1.3642,122.07,0.33221,13.582,2.8977,-0.03495,0.01772,-0.0041999999999999,0.5391799999999999,0.5711399999999999,0.4887599999999999,0.4319299999999999,0.16585,10
2020-04-15 22:34:00,1.6445,-1.3309,122.15,0.3337899999999999,13.582,2.8942,-0.04136,1.3868,-0.05827,0.51443,0.54071,0.5193999999999999,0.49525,0.3040499999999999,10
2020-04-15 22:35:00,1.6445,-1.3531,122.02,0.339,13.583,2.8891,-0.04191,1.1298,-0.0446599999999999,0.51565,0.50144,0.5191999999999999,0.50144,0.3869799999999999,10
2020-04-15 22:36:00,1.6462,-1.4085,122.06,0.31456,13.584,2.8822,-0.03953,-0.5892899999999999,0.02373,0.51656,0.3993599999999999,0.5186899999999999,0.49241,0.4422599999999999,10
2020-04-15 22:37:00,1.6456,-1.3863,122.14,0.3129799999999999,13.584,2.8788,-0.0382499999999999,-0.77981,0.0307,0.51738,0.46482,0.4981999999999999,0.46127,0.52519,10
2020-04-15 22:38:00,1.6459,-1.3198,122.09,0.3135999999999999,13.585,2.8771,-0.04172,0.72664,-0.0378599999999999,0.50716,0.41269,0.5355699999999999,0.53983,0.4698999999999999,10
2020-04-15 22:39:00,1.6467,-1.3863,122.07,0.30813,13.584,2.8754,-0.03477,-0.20382,0.01095,0.5246199999999999,0.54308,0.4819999999999999,0.4258899999999999,0.4975399999999999,10
2020-04-15 22:40:00,1.6462,-1.3863,122.01,0.28287,13.586,2.8754,-0.04191,-0.42978,0.0155099999999999,0.5253299999999999,0.45927,0.50828,0.4713399999999999,0.5804599999999999,10
2020-04-15 22:41:00,1.6467,-1.4085,122.09,0.25345,13.585,2.8788,-0.03989,0.6956299999999999,-0.0304399999999999,0.52242,0.45139,0.5245499999999998,0.5316499999999998,0.55281,10
2020-04-15 22:42:00,1.6456,-1.3863,122.07,0.22423,13.586,2.8702,-0.0338499999999999,-0.10191,0.0016299999999999,0.52942,0.501,0.4889299999999999,0.45271,0.58045,10
2020-04-15 22:43:00,1.6459,-1.342,122.14,0.2084699999999999,13.587,2.8633,-0.03971,0.0974799999999999,-0.01493,0.51826,0.47564,0.4934,0.4806099999999999,0.4422499999999999,10
2020-04-15 22:44:00,1.6456,-1.342,122.11,0.19624,13.589,2.8548,-0.0404399999999999,-0.30129,0.01682,0.5245699999999999,0.51605,0.4720099999999999,0.4272599999999999,0.63573,10
2020-04-15 22:45:00,1.647,-1.4196,122.06,0.1733399999999999,13.587,2.8565,-0.03257,-0.3456,0.0108,0.52914,0.57103,0.4573999999999999,0.4112299999999999,0.38696,10
2020-04-15 22:46:00,1.6481,-1.4529,122.07,0.15995,13.587,2.853,-0.0483099999999999,0.24812,-0.0144099999999999,0.53207,0.5441399999999998,0.47525,0.4425799999999999,0.52517,10
2020-04-15 22:47:00,1.6478,-1.3974,122.11,0.1617,13.588,2.8548,-0.0331199999999999,-0.4032,0.01293,0.5358699999999998,0.44567,0.51314,0.50888,0.4975399999999999,10
2020-04-15 22:48:00,1.6454,-1.3753,122.08,0.13643,13.587,2.8462,-0.03715,-0.10191,-0.00315,0.53719,0.4789499999999999,0.50239,0.4796599999999999,0.4698999999999999,10
2020-04-15 22:49:00,1.6467,-1.4196,122.11,0.1315,13.588,2.8324,-0.0382499999999999,-0.20382,0.00766,0.54256,0.52836,0.47509,0.4459699999999999,0.5251799999999999,10
2020-04-15 22:50:00,1.6454,-1.342,122.03,0.13408,13.589,2.8324,-0.04172,-0.89058,0.03862,0.55032,0.51765,0.48214,0.43242,0.3869799999999999,10
2020-04-15 22:51:00,1.6459,-1.3531,122.08,0.13014,13.586,2.8324,-0.0426399999999999,0.1107699999999999,-0.0041,0.5460599999999999,0.46438,0.5155199999999999,0.5091299999999999,0.58047,10
2020-04-15 22:52:00,1.6456,-1.3642,122.16,0.1199699999999999,13.588,2.8376,-0.0429999999999999,-0.06646,0.0035899999999999,0.56259,0.4802,0.52353,0.51216,0.24878,10
2020-04-15 22:53:00,1.6451,-1.3198,122.13,0.0855199999999999,13.588,2.8342,-0.03678,0.2303999999999999,-0.0053,0.56552,0.5363999999999999,0.5158,0.49662,0.30406,10
2020-04-15 22:54:00,1.6459,-1.342,122.11,0.05709,13.59,2.8256,-0.03953,-0.23483,0.0079,0.5732399999999999,0.51358,0.5171299999999999,0.4929799999999999,0.27642,10
2020-04-15 22:55:00,1.6467,-1.342,122.09,0.04032,13.589,2.8136,-0.04172,-0.4120599999999999,0.0158799999999999,0.56474,0.4759499999999999,0.52212,0.51005,0.16585,10
2020-04-15 22:56:00,1.647,-1.3863,122.14,0.01389,13.589,2.8101,-0.0404399999999999,-0.37661,0.01761,0.5883,0.58687,0.49242,0.44412,0.0,10
2020-04-15 22:57:00,1.6478,-1.3642,122.13,0.01231,13.588,2.817,-0.0404399999999999,-0.3899099999999999,0.0198599999999999,0.59235,0.51707,0.5398,0.52204,-0.05528,10
2020-04-15 22:58:00,1.647,-1.3753,122.19,0.00922,13.59,2.8118,-0.03898,-0.8507099999999999,0.03316,0.59925,0.4721199999999999,0.5587699999999999,0.53747,-0.22114,10
2020-04-15 22:59:00,1.6459,-1.3198,122.17,0.00774,13.59,2.7964,-0.04191,0.4386499999999999,-0.02204,0.5865799999999999,0.4999299999999999,0.55249,0.55817,-0.13821,10
2020-04-15 23:00:00,1.647,-1.3309,122.09,0.0053699999999999,13.589,2.7964,-0.0411699999999999,-0.39434,0.01425,0.6043399999999999,0.5801899999999999,0.54681,0.5247899999999999,-0.38699,10
2020-04-15 23:01:00,1.6467,-1.3642,122.12,0.03637,13.591,2.7947,-0.04923,-0.19495,0.01178,0.61467,0.53371,0.5670899999999999,0.55147,-0.27642,10
2020-04-15 23:02:00,1.647,-1.342,122.18,0.04684,13.592,2.7913,-0.04172,0.06646,-0.0022899999999999,0.61477,0.5046899999999999,0.58281,0.5870699999999999,-0.44228,10
2020-04-15 23:03:00,1.6467,-1.3642,122.25,0.03894,13.59,2.7792,-0.0409899999999999,-0.23483,0.01532,0.61833,0.50328,0.5721699999999998,0.56791,-0.30407,10
2020-04-15 23:04:00,1.6462,-1.3198,122.22,0.01302,13.593,2.7758,-0.0400799999999999,0.16394,-0.00251,0.6248,0.5892899999999999,0.56515,0.5445499999999999,-0.49757,10
2020-04-15 23:05:00,1.6465,-1.3309,122.18,0.0202199999999999,13.592,2.7621,-0.0351399999999999,-0.3588899999999999,0.0129199999999999,0.63158,0.65076,0.5385499999999999,0.4753399999999999,-0.30407,10
2020-04-15 23:06:00,1.6454,-1.3531,122.31,-0.01295,13.592,2.7552,-0.0331199999999999,-0.0310199999999999,-3e-05,0.6232699999999999,0.56645,0.55296,0.5316499999999998,-0.49757,10
2020-04-15 23:07:00,1.6467,-1.3642,122.29,-0.08049,13.592,2.7552,-0.0382499999999999,0.4829499999999999,-0.0148299999999999,0.63538,0.5885099999999999,0.55229,0.53595,-0.44228,10
2020-04-15 23:08:00,1.6459,-1.3309,122.28,-0.11711,13.592,2.7518,-0.0409899999999999,-0.22597,0.00787,0.64332,0.60213,0.55385,0.52615,-0.58048,10
2020-04-15 23:09:00,1.6476,-1.342,122.2,-0.11316,13.592,2.7552,-0.03953,0.23483,-0.00975,0.64748,0.4997599999999999,0.6148099999999999,0.6219099999999999,-0.63577,10
2020-04-15 23:10:00,1.647,-1.4085,122.24,-0.12017,13.595,2.7312,-0.04136,0.06646,-0.0056299999999999,0.64468,0.58077,0.56018,0.54313,-0.58047,10
2020-04-15 23:11:00,1.6473,-1.3753,122.17,-0.12525,13.593,2.7346,-0.03971,-0.1816599999999999,0.01035,0.65807,0.6303699999999999,0.55368,0.53024,-0.58047,10
2020-04-15 23:12:00,1.647,-1.3974,122.33,-0.13868,13.594,2.7346,-0.0433699999999999,-0.30129,0.01693,0.6673,0.57782,0.58635,0.5593599999999999,-0.58047,10
2020-04-15 23:13:00,1.6451,-1.2643,122.37,-0.1454199999999999,13.595,2.7157,-0.04172,0.70449,-0.02947,0.6462799999999999,0.5774,0.5774,0.58166,-0.5804599999999999,10
2020-04-15 23:14:00,1.6456,-1.2865,122.32,-0.14767,13.595,2.7123,-0.03898,-1.0191,0.03919,0.67339,0.6591799999999999,0.54841,0.48307,-0.6357399999999999,10
2020-04-15 23:15:00,1.6456,-1.2865,122.33,-0.15952,13.595,2.7089,-0.04154,0.4430799999999999,-0.01787,0.66639,0.61526,0.5755,0.56911,-0.6357399999999999,10
2020-04-15 23:16:00,1.6451,-1.2754,122.36,-0.15517,13.595,2.69,-0.03989,0.0398799999999999,0.0057099999999999,0.6615999999999999,0.5792199999999998,0.5856099999999999,0.56857,-0.63575,10
2020-04-15 23:17:00,1.647,-1.2754,122.38,-0.13455,13.593,2.6883,-0.0402599999999999,-0.3633199999999999,0.0126,0.67761,0.5995,0.58459,0.55618,-0.6357599999999999,10
2020-04-15 23:18:00,1.6465,-1.2754,122.38,-0.15114,13.593,2.6848,-0.0362299999999999,-0.66905,0.02281,0.6848199999999999,0.62375,0.5747499999999999,0.5314299999999998,-0.6357599999999999,10
2020-04-15 23:19:00,1.6467,-1.2976,122.42,-0.1492999999999999,13.595,2.6711,-0.03678,-0.27914,0.01459,0.67386,0.6206,0.57657,0.54532,-0.60813,10
2020-04-15 23:20:00,1.6456,-1.3198,122.33,-0.15481,13.594,2.6711,-0.0402599999999999,-0.4032,0.01173,0.6830899999999999,0.60923,0.59148,0.5645,-0.66341,10
2020-04-15 23:21:00,1.6454,-1.2976,122.4,-0.15007,13.594,2.6677,-0.0411699999999999,-0.72664,0.0240399999999999,0.6874599999999998,0.59372,0.5958499999999999,0.56247,-0.63577,10
2020-04-15 23:22:00,1.6459,-1.2865,122.42,-0.18875,13.592,2.6711,-0.0433699999999999,-0.0575999999999999,0.00346,0.70082,0.58933,0.61277,0.60069,-0.63578,10
2020-04-15 23:23:00,1.6465,-1.3309,122.37,-0.2046099999999999,13.595,2.6505,-0.0429999999999999,-0.45194,0.0247099999999999,0.68939,0.58571,0.6056,0.58074,-0.66342,10
2020-04-15 23:24:00,1.6459,-1.2754,122.43,-0.1959299999999999,13.595,2.6505,-0.04172,1.1298,-0.0509799999999999,0.6879699999999999,0.61057,0.61767,0.63258,-0.66342,10
2020-04-15 23:25:00,1.6465,-1.3309,122.39,-0.20627,13.596,2.6454,-0.0453799999999999,0.11963,0.0007399999999999,0.7005599999999998,0.62173,0.6054,0.59191,-0.66342,10
2020-04-15 23:26:00,1.6467,-1.2976,122.35,-0.2386399999999999,13.594,2.6265,-0.0435499999999999,0.37661,-0.019,0.69369,0.62339,0.58718,0.56871,-0.63578,10
2020-04-15 23:27:00,1.6467,-1.2976,122.42,-0.2679199999999999,13.594,2.6282,-0.04136,-0.19938,0.01305,0.7011,0.58748,0.6002699999999999,0.5867799999999999,-0.66342,10
2020-04-15 23:28:00,1.6473,-1.2865,122.39,-0.25816,13.595,2.6265,-0.03989,0.2303999999999999,-0.00502,0.7165099999999999,0.65332,0.60291,0.58728,-0.6357599999999999,10
2020-04-15 23:29:00,1.6459,-1.2533,122.41,-0.2265699999999999,13.595,2.6094,-0.0455699999999999,-0.38105,0.02017,0.71279,0.66735,0.58498,0.53953,-0.6357599999999999,10
2020-04-15 23:30:00,1.6462,-1.2422,122.35,-0.20684,13.594,2.6059,-0.0473999999999999,0.04431,-0.00265,0.7072199999999998,0.6276899999999999,0.61563,0.60852,-0.6357599999999999,10
2020-04-15 23:31:00,1.647,-1.2865,122.38,-0.19978,13.594,2.5836,-0.0362299999999999,0.42092,-0.01474,0.6940899999999999,0.61385,0.5960999999999999,0.59255,-0.6633999999999999,10
2020-04-15 23:32:00,1.6465,-1.2643,122.49,-0.21162,13.595,2.5888,-0.03239,0.12406,-0.0070699999999999,0.7077799999999999,0.65168,0.60411,0.58635,-0.6633999999999999,10
2020-04-15 23:33:00,1.6465,-1.3087,122.48,-0.23668,13.596,2.587,-0.04191,-0.31901,0.0137699999999999,0.71528,0.60948,0.61872,0.60025,-0.63575,10
2020-04-15 23:34:00,1.6459,-1.2643,122.43,-0.2549799999999999,13.595,2.5699,-0.03953,0.13735,-0.0082799999999999,0.7030199999999999,0.6753299999999999,0.5943899999999999,0.56527,-0.6633799999999999,10
2020-04-15 23:35:00,1.6481,-1.3087,122.33,-0.2826199999999999,13.596,2.5699,-0.0411699999999999,-0.45637,0.02101,0.70515,0.5681,0.6235,0.61213,-0.6633799999999999,10
2020-04-15 23:36:00,1.647,-1.3642,122.41,-0.29436,13.596,2.5699,-0.0386099999999999,0.4652299999999999,-0.01819,0.72928,0.71153,0.5979299999999999,0.5716499999999999,-0.66339,10
2020-04-15 23:37:00,1.6454,-1.3087,122.33,-0.2908299999999999,13.596,2.5665,-0.0459299999999999,-0.1152,0.00922,0.72086,0.58098,0.6377899999999999,0.6384999999999998,-0.6633999999999999,10
2020-04-15 23:38:00,1.6451,-1.2643,122.41,-0.2908399999999999,13.596,2.5459,-0.0409899999999999,-0.3633199999999999,0.01055,0.71514,0.60721,0.6065,0.58023,-0.6633999999999999,10
2020-04-15 23:39:00,1.6467,-1.2865,122.37,-0.316,13.595,2.5476,-0.0360499999999999,0.0088599999999999,-0.00281,0.7239799999999998,0.6245699999999998,0.59831,0.57771,-0.66339,10
2020-04-15 23:40:00,1.6454,-1.2865,122.29,-0.35371,13.595,2.5356,-0.03495,0.95704,-0.0327,0.7112699999999998,0.63885,0.60619,0.60477,-0.6633799999999999,10
2020-04-15 23:41:00,1.6459,-1.2976,122.23,-0.35213,13.596,2.5287,-0.04191,-0.1417799999999999,0.00489,0.7164599999999999,0.63339,0.5950499999999999,0.56877,-0.6633799999999999,10
2020-04-15 23:42:00,1.6462,-1.2865,122.28,-0.35671,13.595,2.5287,-0.0360499999999999,-0.35446,0.0093299999999999,0.72784,0.54749,0.62489,0.62702,-0.6357399999999999,10
2020-04-15 23:43:00,1.6456,-1.2754,122.31,-0.36042,13.595,2.5099,-0.0384299999999999,-0.4032,0.00957,0.71675,0.58823,0.59179,0.57262,-0.58045,10
2020-04-15 23:44:00,1.6454,-1.1978,122.34,-0.36279,13.596,2.5064,-0.0378799999999999,0.27471,-0.01354,0.71331,0.64088,0.5997099999999999,0.5947299999999999,-0.6080999999999999,10
2020-04-15 23:45:00,1.6467,-1.2865,122.32,-0.36702,13.598,2.5064,-0.0366,0.0708899999999999,-0.01144,0.72038,0.59257,0.60465,0.60394,-0.60809,10
2020-04-15 23:46:00,1.6465,-1.2754,122.27,-0.36413,13.597,2.503,-0.0428199999999999,0.32788,-0.01329,0.7204599999999999,0.55005,0.62106,0.6452,-0.60809,10
2020-04-15 23:47:00,1.647,-1.342,122.37,-0.3728199999999999,13.596,2.4858,-0.04191,0.23926,-0.0067499999999999,0.71957,0.69117,0.56478,0.5434799999999999,-0.58045,10
2020-04-15 23:48:00,1.6451,-1.22,122.37,-0.3968999999999999,13.599,2.4858,-0.03422,-0.5183999999999999,0.01631,0.72879,0.6180299999999999,0.57827,0.56052,-0.6633799999999999,10
2020-04-15 23:49:00,1.6467,-1.2865,122.4,-0.40822,13.599,2.4876,-0.0429999999999999,0.32788,-0.01794,0.72199,0.5920499999999999,0.61194,0.62756,-0.58047,10
2020-04-15 23:50:00,1.6437,-1.2311,122.36,-0.43113,13.598,2.4738,-0.0408099999999999,-1.059,0.03953,0.73663,0.57759,0.59747,0.55983,-0.60811,10
2020-04-15 23:51:00,1.6456,-1.2311,122.37,-0.4385899999999999,13.599,2.467,-0.0353199999999999,-0.6158799999999999,0.0214099999999999,0.7304199999999998,0.5955099999999999,0.60475,0.5891199999999999,-0.6081199999999999,10
2020-04-15 23:52:00,1.647,-1.3198,122.38,-0.4303699999999999,13.6,2.4653,-0.03678,0.05317,-0.00894,0.72938,0.58026,0.6037,0.60938,-0.6357599999999999,10
2020-04-15 23:53:00,1.6459,-1.2533,122.34,-0.43985,13.6,2.4584,-0.0362299999999999,-0.38105,0.01544,0.73031,0.63658,0.59043,0.57693,-0.58048,10
2020-04-15 23:54:00,1.6454,-1.2643,122.36,-0.43823,13.601,2.4464,-0.0473999999999999,0.15508,-0.0024399999999999,0.72252,0.58832,0.6081999999999999,0.60536,-0.66341,10
2020-04-15 23:55:00,1.647,-1.2976,122.36,-0.44058,13.599,2.4395,-0.0388,0.64246,-0.02845,0.71848,0.59848,0.60843,0.61695,-0.66341,10
2020-04-15 23:56:00,1.6465,-1.3753,122.32,-0.44768,13.602,2.4258,-0.04209,-0.60258,0.02683,0.71609,0.5591599999999999,0.5989299999999999,0.5826,-0.66341,10
2020-04-15 23:57:00,1.6462,-1.342,122.39,-0.49728,13.6,2.4258,-0.0411699999999999,-0.01329,0.0017099999999999,0.72319,0.60319,0.57266,0.56413,-0.60813,10
2020-04-15 23:58:00,1.6459,-1.2865,122.43,-0.53592,13.599,2.4258,-0.03971,0.35003,-0.00774,0.72603,0.59609,0.59467,0.5847299999999999,-0.60814,10
2020-04-15 23:59:00,1.6456,-1.2311,122.44,-0.5509199999999999,13.6,2.419,-0.0400799999999999,0.45194,-0.01803,0.7276599999999999,0.6381999999999999,0.58281,0.5678999999999998,-0.58049,10
2020-07-15 00:00:00,1.582,-0.7087499999999999,120.87,18.158,13.181,20.631,0.00365,-0.13272,-0.00088,17.591,17.494,17.536,17.548,-3.9743,10
2020-07-15 00:01:00,1.5812,-0.69767,120.87,18.127,13.181,20.624,0.01042,-0.2212099999999999,0.0046899999999999,17.491,17.425,17.488,17.467,-3.9743,10
2020-07-15 00:02:00,1.5815,-0.7087499999999999,120.96,18.126,13.183,20.612,0.0094999999999999,0.02654,-0.0008099999999999,17.449,17.354,17.386,17.364,-4.0847,10
2020-07-15 00:03:00,1.5815,-0.6865999999999999,120.93,18.106,13.183,20.606,-0.00256,0.04424,0.0045999999999999,17.447,17.221,17.332,17.329,-4.1675,10
2020-07-15 00:04:00,1.5823,-0.6865999999999999,120.95,18.087,13.183,20.606,0.00859,0.3185399999999999,0.00587,17.433,17.185,17.318,17.314,-3.9743,10
2020-07-15 00:05:00,1.5823,-0.7087499999999999,121.08,18.068,13.182,20.598,0.0064,-0.07963,-0.0032399999999999,17.406,17.243,17.318,17.258,-3.9743,10
2020-07-15 00:06:00,1.5809,-0.74197,121.14,18.058,13.183,20.581,0.0060299999999999,-0.07963,0.0007799999999999,17.393,17.144,17.269,17.233,-3.9743,10
2020-07-15 00:07:00,1.582,-0.71982,121.07,18.018,13.186,20.579,-0.0011,-0.14157,-0.0055399999999999,17.4,17.126,17.202,17.156,-3.9743,10
2020-07-15 00:08:00,1.5809,-0.7308999999999999,120.95,17.937,13.183,20.579,0.00493,-0.5751399999999999,0.00027,17.412,17.041,17.177,17.139,-3.7535,10
2020-07-15 00:09:00,1.5823,-0.7308999999999999,121.03,17.863,13.186,20.563,0.01042,-0.63265,-0.00355,17.401,17.018,17.155,17.089,-3.0083,10
2020-07-15 00:10:00,1.5812,-0.6755299999999999,121.14,17.814,13.187,20.557,0.0115099999999999,0.97773,0.01017,17.403,17.02,17.098,17.074,-2.7047,10
2020-07-15 00:11:00,1.5823,-0.6865999999999999,121.12,17.798,13.186,20.555,0.00694,0.77865,0.0075399999999999,17.417,17.042,17.097,17.05,-2.6495,10
2020-07-15 00:12:00,1.5823,-0.71982,121.03,17.802,13.186,20.534,0.00457,-0.5795599999999999,-0.0017799999999999,17.407,17.027,17.063,16.989,-2.5943,10
2020-07-15 00:13:00,1.582,-0.69767,121.04,17.829,13.187,20.53,0.00841,0.53532,0.00255,17.396,16.956,17.078,17.074,-2.3735,10
2020-07-15 00:14:00,1.5823,-0.74197,121.01,17.83,13.188,20.52,0.0115099999999999,-0.17254,-0.00321,17.406,17.014,17.053,16.995,-2.3735,10
2020-07-15 00:15:00,1.5829,-0.7308999999999999,121.04,17.818,13.186,20.501,0.01023,-0.4556899999999999,-0.00164,17.388,16.982,17.036,17.005,-2.1251,10
2020-07-15 00:16:00,1.5823,-0.7087499999999999,121.07,17.805,13.186,20.483,0.00859,0.2742999999999999,0.0075399999999999,17.38,16.941,17.006,16.996,-2.0147,10
2020-07-15 00:17:00,1.5815,-0.69767,121.05,17.798,13.187,20.479,-0.00201,-0.0177,-0.00107,17.393,16.98,16.981,16.924,-1.9319,10
2020-07-15 00:18:00,1.5829,-0.6644499999999999,121.04,17.779,13.187,20.465,0.0031099999999999,0.3849,-0.0011299999999999,17.381,16.988,16.981,16.943,-1.8767,10
2020-07-15 00:19:00,1.5826,-0.7087499999999999,120.98,17.772,13.186,20.458,0.01042,-0.22563,-0.00572,17.402,16.909,16.991,16.986,-1.4627,10
2020-07-15 00:20:00,1.5818,-0.6755299999999999,121.09,17.765,13.189,20.438,0.01169,-0.2610199999999999,-0.00115,17.402,16.888,16.973,16.957,-1.3247,10
2020-07-15 00:21:00,1.5815,-0.68662,121.11,17.74,13.189,20.424,0.00713,0.1902399999999999,0.0014599999999999,17.405,16.91,16.949,16.938,-1.3524,10
2020-07-15 00:22:00,1.5818,-0.70877,121.1,17.706,13.189,20.411,0.00493,0.44685,-0.00181,17.399,16.855,16.934,16.952,-1.3248,10
2020-07-15 00:23:00,1.5807,-0.6533999999999999,121.04,17.68,13.189,20.387,0.00841,-0.3804899999999999,-0.00581,17.397,16.832,16.926,16.902,-1.3248,10
2020-07-15 00:24:00,1.5815,-0.69769,121.13,17.645,13.189,20.386,0.00676,0.1371499999999999,0.00095,17.408,16.831,16.931,16.908,-1.3248,10
2020-07-15 00:25:00,1.5829,-0.69769,121.15,17.623,13.189,20.368,0.00621,-0.21679,-0.0025,17.398,16.787,16.91,16.881,-1.2696,10
2020-07-15 00:26:00,1.5818,-0.69769,121.2,17.598,13.19,20.362,0.01005,0.2742999999999999,0.0085599999999999,17.399,16.752,16.897,16.887,-1.2695,10
2020-07-15 00:27:00,1.5821,-0.65339,121.24,17.575,13.19,20.341,0.00749,-0.29642,0.0059199999999999,17.382,16.736,16.885,16.832,-1.2695,10
2020-07-15 00:28:00,1.5807,-0.68661,121.17,17.584,13.19,20.335,0.00091,-0.44685,-0.00841,17.375,16.72,16.848,16.788,-1.2695,10
2020-07-15 00:29:00,1.5818,-0.68661,121.19,17.632,13.191,20.313,0.00585,-0.25661,-0.00579,17.343,16.699,16.783,16.745,-1.3247,10
2020-07-15 00:30:00,1.581,-0.65339,121.28,17.704,13.19,20.294,0.01169,0.07079,0.002,17.331,16.665,16.773,16.721,-1.3247,10
2020-07-15 00:31:00,1.5821,-0.7419799999999999,121.25,17.773,13.192,20.284,0.0094999999999999,0.1990899999999999,0.0050099999999999,17.31,16.623,16.772,16.732,-1.3247,10
2020-07-15 00:32:00,1.5821,-0.70876,121.18,17.845,13.191,20.266,0.00859,0.1990899999999999,0.0035899999999999,17.289,16.603,16.74,16.69,-1.3248,10
2020-07-15 00:33:00,1.582,-0.68661,121.2,17.902,13.191,20.263,0.00493,0.0353899999999999,-0.00181,17.288,16.617,16.756,16.696,-1.3248,10
2020-07-15 00:34:00,1.582,-0.6755299999999999,121.14,17.939,13.193,20.243,0.0089499999999999,-0.27872,-0.0051,17.264,16.613,16.71,16.654,-1.4627,10
2020-07-15 00:35:00,1.5821,-0.68662,121.2,17.961,13.193,20.229,0.0053,0.2034999999999999,0.00583,17.239,16.593,16.707,16.639,-1.4628,10
2020-07-15 00:36:00,1.5818,-0.7309299999999999,121.28,17.995,13.191,20.216,0.00329,0.07079,-4e-05,17.213,16.557,16.687,16.621,-1.4904,10
2020-07-15 00:37:00,1.5824,-0.67556,121.27,18.014,13.19,20.196,0.0073099999999999,0.56189,0.00406,17.192,16.587,16.646,16.56,-1.5731,10
2020-07-15 00:38:00,1.5821,-0.6533999999999999,121.22,18.008,13.192,20.19,-0.00055,-0.18139,-0.0053299999999999,17.195,16.527,16.643,16.568,-1.518,10
2020-07-15 00:39:00,1.581,-0.62018,121.13,17.965,13.192,20.191,0.00219,-0.31855,-0.0012999999999999,17.203,16.565,16.617,16.572,-1.3524,10
2020-07-15 00:40:00,1.5807,-0.6755499999999999,121.16,17.941,13.192,20.165,0.00384,1.1592,0.0019599999999999,17.173,16.486,16.645,16.637,-1.3248,10
2020-07-15 00:41:00,1.5815,-0.6866299999999999,121.2,17.922,13.194,20.143,0.01042,-0.30085,-0.00647,17.171,16.543,16.6,16.553,-1.3248,10
2020-07-15 00:42:00,1.5813,-0.67557,121.2,17.895,13.193,20.132,0.00877,0.1150299999999999,-0.00108,17.157,16.481,16.609,16.629,-1.3248,10
2020-07-15 00:43:00,1.5816,-0.67557,121.16,17.869,13.194,20.116,0.00512,-0.2787399999999999,0.00055,17.155,16.528,16.588,16.636,-1.3524,10
2020-07-15 00:44:00,1.5827,-0.69772,121.12,17.842,13.193,20.096,0.00841,-0.3406899999999999,-0.00283,17.139,16.571,16.582,16.664,-1.3248,10
2020-07-15 00:45:00,1.5827,-0.66451,121.15,17.832,13.192,20.091,0.00384,0.14601,0.00528,17.129,16.574,16.637,16.789,-1.3248,10
2020-07-15 00:46:00,1.5822,-0.6977299999999999,121.22,17.863,13.194,20.072,0.00329,-0.05752,0.00116,17.112,16.631,16.625,16.899,-1.3248,10
2020-07-15 00:47:00,1.5827,-0.65344,121.13,17.902,13.193,20.055,0.0056699999999999,0.17698,-0.0056499999999999,17.078,16.677,16.64,17.025,-1.3248,10
2020-07-15 00:48:00,1.5822,-0.67559,121.08,17.995,13.192,20.041,0.00841,0.4645799999999999,0.0010499999999999,17.055,16.72,16.656,17.2,-1.3248,10
2020-07-15 00:49:00,1.5816,-0.66452,121.06,18.088,13.195,20.025,0.0014599999999999,-0.6548399999999999,0.00329,17.032,16.82,16.616,17.226,-1.2972,10
2020-07-15 00:50:00,1.5825,-0.6977499999999999,121.08,18.113,13.193,20.011,-0.0007299999999999,0.25662,-0.0025899999999999,17.019,16.792,16.565,17.258,-1.3248,10
2020-07-15 00:51:00,1.583,-0.6755999999999999,121.17,18.117,13.194,20.001,0.0027399999999999,-0.7787399999999999,-0.00012,17.031,16.822,16.545,17.216,-1.2972,10
2020-07-15 00:52:00,1.5819,-0.6977499999999999,121.21,18.114,13.193,19.993,0.00713,0.23451,0.00216,17.004,16.833,16.566,17.27,-1.2696,10
2020-07-15 00:53:00,1.5822,-0.67561,121.34,18.074,13.196,19.977,0.0109599999999999,-0.01327,-0.0022499999999999,17.007,16.863,16.588,17.235,-1.2144,10
2020-07-15 00:54:00,1.583,-0.69776,121.27,18.0,13.197,19.959,0.0094999999999999,-0.0531,-0.00428,16.998,16.893,16.596,17.182,-1.242,10
2020-07-15 00:55:00,1.5825,-0.67561,121.32,17.959,13.196,19.951,0.01005,-0.26106,-0.0047499999999999,17.001,16.905,16.603,17.153,-1.1868,10
2020-07-15 00:56:00,1.5811,-0.68667,121.36,17.922,13.197,19.932,0.00713,-0.10177,-0.0004,16.983,16.889,16.61,17.136,-1.2144,10
2020-07-15 00:57:00,1.5811,-0.66452,121.33,17.905,13.196,19.911,0.0122399999999999,0.11504,-0.0027599999999999,16.972,16.935,16.622,17.075,-1.3247,10
2020-07-15 00:58:00,1.5814,-0.64237,121.27,17.891,13.196,19.903,0.00457,-0.12831,0.00247,16.969,16.918,16.689,17.082,-1.3247,10
2020-07-15 00:59:00,1.5817,-0.66452,121.37,17.869,13.195,19.892,0.00694,0.24335,0.00429,16.961,16.927,16.67,17.062,-1.3247,10
2020-07-15 01:00:00,1.5822,-0.66453,121.36,17.83,13.195,19.88,0.00859,0.0663699999999999,0.00044,16.942,16.935,16.721,17.052,-1.2971,10
2020-07-15 01:01:00,1.5817,-0.6534499999999999,121.43,17.811,13.197,19.88,0.0041999999999999,-0.75219,-0.0030599999999999,16.954,16.939,16.711,17.054,-1.3248,10
2020-07-15 01:02:00,1.58,-0.66453,121.4,17.805,13.195,19.858,0.0082199999999999,-0.22566,-0.0052599999999999,16.923,16.958,16.743,17.052,-1.3248,10
2020-07-15 01:03:00,1.5808,-0.66453,121.3,17.812,13.195,19.846,0.00969,-0.73007,-0.0077999999999999,16.921,17.066,16.776,16.984,-1.3248,10
2020-07-15 01:04:00,1.5817,-0.64238,121.4,17.824,13.196,19.832,0.00329,-1.4203,-0.00561,16.922,16.977,16.852,17.005,-1.3248,10
2020-07-15 01:05:00,1.5806,-0.66454,121.43,17.813,13.197,19.827,0.0056699999999999,0.6017599999999999,0.00649,16.896,16.957,16.89,17.094,-1.3248,10
2020-07-15 01:06:00,1.5822,-0.67561,121.43,17.8,13.194,19.81,0.0064,-0.52212,-0.0041099999999999,16.901,17.039,16.882,17.025,-1.3248,10
2020-07-15 01:07:00,1.5825,-0.69777,121.38,17.793,13.194,19.808,0.00457,-0.03982,-0.0023999999999999,16.885,17.014,16.94,17.1,-1.3248,10
2020-07-15 01:08:00,1.5811,-0.68669,121.44,17.773,13.196,19.807,0.00384,0.2566399999999999,-0.00032,16.876,16.992,16.953,17.097,-1.3248,10
2020-07-15 01:09:00,1.5817,-0.66454,121.41,17.736,13.196,19.797,0.0029199999999999,0.0619499999999999,-0.00126,16.854,16.994,16.923,17.063,-1.3248,10
2020-07-15 01:10:00,1.5803,-0.64239,121.43,17.691,13.197,19.783,0.0060299999999999,0.3805299999999999,0.0009399999999999,16.831,16.976,16.909,17.025,-1.3248,10
2020-07-15 01:11:00,1.5814,-0.6313199999999999,121.53,17.647,13.197,19.769,0.00786,-0.47788,-0.01625,16.809,16.911,16.881,16.994,-1.3524,10
2020-07-15 01:12:00,1.5817,-0.69777,121.45,17.599,13.197,19.759,0.00219,0.9292,0.0015399999999999,16.78,16.825,16.891,17.019,-1.3248,10
2020-07-15 01:13:00,1.5811,-0.66454,121.47,17.549,13.197,19.75,0.0064,-0.5398199999999999,-0.00595,16.77,16.833,16.866,16.932,-1.4352,10
2020-07-15 01:14:00,1.5817,-0.66453,121.42,17.508,13.197,19.735,0.0146199999999999,-0.6725499999999999,-0.00772,16.752,16.862,16.818,16.842,-1.4352,10
2020-07-15 01:15:00,1.5828,-0.6534499999999999,121.44,17.504,13.198,19.723,0.00347,0.3274199999999999,0.00048,16.73,16.779,16.86,16.898,-1.4628,10
2020-07-15 01:16:00,1.5817,-0.67561,121.51,17.522,13.196,19.711,0.00055,-0.88936,0.00194,16.718,16.814,16.83,16.803,-1.4904,10
2020-07-15 01:17:00,1.582,-0.65346,121.56,17.562,13.197,19.709,0.0064,0.88051,0.0068999999999999,16.711,16.82,16.824,16.8,-1.4905,10
2020-07-15 01:18:00,1.5814,-0.63131,121.54,17.593,13.198,19.709,0.00512,1.0531,0.0032299999999999,16.709,16.848,16.814,16.757,-1.7113,10
2020-07-15 01:19:00,1.5828,-0.68669,121.51,17.612,13.197,19.693,0.00585,0.07964,0.00159,16.694,16.726,16.81,16.774,-1.6836,10
2020-07-15 01:20:00,1.5831,-0.69777,121.53,17.625,13.198,19.688,0.00238,-0.60619,-0.00164,16.678,16.736,16.804,16.729,-1.7388,10
2020-07-15 01:21:00,1.5825,-0.74207,121.61,17.631,13.199,19.68,0.00457,-0.27433,0.00151,16.67,16.728,16.744,16.668,-1.8492,10
2020-07-15 01:22:00,1.5822,-0.65346,121.67,17.617,13.198,19.663,-0.00164,-1.2256,0.0087299999999999,16.655,16.716,16.66,16.526,-1.794,10
2020-07-15 01:23:00,1.5816,-0.6312999999999999,121.56,17.594,13.198,19.66,0.0031099999999999,-0.7831599999999999,-0.00231,16.64,16.682,16.656,16.523,-2.0148,10
2020-07-15 01:24:00,1.5819,-0.68667,121.52,17.581,13.198,19.64,0.0115099999999999,-0.26105,-0.0004899999999999,16.614,16.623,16.644,16.501,-2.07,10
2020-07-15 01:25:00,1.5814,-0.66454,121.56,17.564,13.199,19.639,0.00914,-1.1548,-0.01102,16.61,16.711,16.564,16.353,-1.9872,10
2020-07-15 01:26:00,1.5812,-0.6202499999999999,121.61,17.52,13.2,19.639,0.0089499999999999,0.0442499999999999,-0.0024299999999999,16.573,16.572,16.56,16.395,-2.2908,10
2020-07-15 01:27:00,1.5823,-0.67563,121.63,17.502,13.201,19.612,0.00713,-0.00442,0.00264,16.538,16.499,16.508,16.321,-2.4012,10
2020-07-15 01:28:00,1.5823,-0.67563,121.61,17.509,13.2,19.617,0.00987,-0.6504499999999999,-0.00472,16.54,16.584,16.433,16.19,-2.5116,10
2020-07-15 01:29:00,1.5825,-0.74209,121.62,17.516,13.2,19.611,0.00804,-0.2699099999999999,-0.0035599999999999,16.531,16.565,16.401,16.124,-2.6496,10
2020-07-15 01:30:00,1.582,-0.7199299999999998,121.59,17.523,13.201,19.592,0.00585,-0.92921,-0.0050699999999999,16.515,16.489,16.363,16.087,-2.6496,10
2020-07-15 01:31:00,1.5823,-0.65348,121.66,17.51,13.2,19.591,0.00768,0.32744,0.0007399999999999,16.497,16.388,16.392,16.15,-2.6772,10
2020-07-15 01:32:00,1.5823,-0.70886,121.5,17.488,13.2,19.593,-0.00457,0.1283199999999999,0.0022599999999999,16.501,16.308,16.368,16.137,-2.6772,10
2020-07-15 01:33:00,1.582,-0.67563,121.51,17.456,13.199,19.563,0.00329,1.1637,0.00438,16.456,16.292,16.289,16.067,-2.6496,10
2020-07-15 01:34:00,1.582,-0.6977799999999998,121.48,17.413,13.203,19.569,0.0054799999999999,0.49558,0.0064799999999999,16.46,16.266,16.242,16.008,-2.6496,10
2020-07-15 01:35:00,1.5826,-0.70886,121.54,17.35,13.202,19.559,0.00384,-0.37169,0.00106,16.45,16.316,16.142,15.843,-2.7048,10
2020-07-15 01:36:00,1.5815,-0.68671,121.52,17.297,13.204,19.545,0.00749,-0.5088599999999999,0.00156,16.431,16.291,16.113,15.794,-2.6496,10
2020-07-15 01:37:00,1.582,-0.6977999999999999,121.6,17.302,13.202,19.526,0.00384,0.4159399999999999,-0.00143,16.413,16.263,16.14,15.82,-2.6496,10
2020-07-15 01:38:00,1.5826,-0.68673,121.59,17.351,13.204,19.523,0.00219,-0.22567,-0.0093699999999999,16.423,16.281,16.106,15.787,-2.6496,10
2020-07-15 01:39:00,1.5829,-0.66458,121.57,17.374,13.204,19.519,0.00256,-0.4292199999999999,0.0024399999999999,16.425,16.279,16.084,15.758,-2.6496,10
2020-07-15 01:40:00,1.5829,-0.69781,121.56,17.371,13.205,19.498,0.0031099999999999,-0.3053199999999999,0.00108,16.403,16.265,16.015,15.667,-2.6495,10
2020-07-15 01:41:00,1.584,-0.71996,121.6,17.333,13.206,19.498,0.0031099999999999,-0.20355,-0.0010499999999999,16.388,16.178,16.01,15.664,-2.6771,10
2020-07-15 01:42:00,1.5832,-0.69781,121.62,17.301,13.204,19.478,0.0007299999999999,-0.29647,-0.00132,16.358,16.128,15.964,15.601,-2.6495,10
2020-07-15 01:43:00,1.5823,-0.6534999999999999,121.56,17.298,13.206,19.472,0.00713,-0.22125,0.0005299999999999,16.364,16.119,15.941,15.579,-2.6495,10
2020-07-15 01:44:00,1.5826,-0.6534999999999999,121.54,17.301,13.206,19.458,-0.0054799999999999,-0.2124,0.00396,16.352,16.134,15.952,15.565,-2.6495,10
2020-07-15 01:45:00,1.5804,-0.70888,121.6,17.342,13.206,19.442,0.0064,0.23895,0.00152,16.343,16.128,15.945,15.59,-2.5667,10
2020-07-15 01:46:00,1.5826,-0.69782,121.73,17.352,13.205,19.437,0.00585,-0.4336599999999999,-0.0008599999999999,16.344,16.039,15.901,15.56,-2.5943,10
2020-07-15 01:47:00,1.5826,-0.7310499999999999,121.79,17.336,13.207,19.424,0.00914,0.29648,0.0061999999999999,16.314,16.034,15.861,15.51,-2.6495,10
2020-07-15 01:48:00,1.5826,-0.69782,121.69,17.31,13.207,19.422,0.00493,-0.07523,0.00381,16.308,15.976,15.824,15.484,-2.5944,10
2020-07-15 01:49:00,1.5837,-0.66459,121.75,17.291,13.207,19.397,-0.00183,-1.1018,0.0056299999999999,16.289,15.945,15.769,15.387,-2.622,10
2020-07-15 01:50:00,1.5824,-0.64243,121.71,17.273,13.208,19.397,0.0007299999999999,-1.0664,-0.00217,16.266,15.831,15.753,15.395,-2.6496,10
2020-07-15 01:51:00,1.5826,-0.67566,121.72,17.261,13.206,19.383,-0.00018,-0.68146,0.0031199999999999,16.254,15.827,15.765,15.417,-2.6495,10
2020-07-15 01:52:00,1.584,-0.64243,121.73,17.249,13.206,19.371,0.00512,1.0443,0.00334,16.243,15.91,15.722,15.383,-2.5943,10
2020-07-15 01:53:00,1.5834,-0.65351,121.65,17.217,13.208,19.349,0.00384,-0.7035799999999999,-0.00445,16.214,15.796,15.625,15.375,-2.5667,10
2020-07-15 01:54:00,1.5829,-0.6313499999999999,121.7,17.171,13.207,19.343,-0.00055,-0.38055,0.00476,16.19,15.714,15.597,15.343,-2.4839,10
2020-07-15 01:55:00,1.5832,-0.66458,121.68,17.122,13.208,19.324,0.00055,0.26107,-0.00286,16.15,15.642,15.575,15.364,-2.4011,10
2020-07-15 01:56:00,1.5829,-0.6313499999999999,121.79,17.079,13.209,19.316,0.00493,-0.66375,-0.00347,16.148,15.636,15.542,15.31,-2.4563,10
2020-07-15 01:57:00,1.5837,-0.67566,121.76,17.063,13.209,19.297,0.00987,-0.9027,-0.0090299999999999,16.118,15.592,15.496,15.285,-2.4564,10
2020-07-15 01:58:00,1.5826,-0.71998,121.69,17.071,13.211,19.288,0.0053,0.36728,0.0046499999999999,16.102,15.464,15.493,15.352,-2.6496,10
2020-07-15 01:59:00,1.5835,-0.6313699999999999,121.76,17.082,13.209,19.28,0.00366,-1.093,0.0021199999999999,16.095,15.503,15.468,15.311,-2.622,10
2020-07-15 02:00:00,1.5826,-0.71998,121.8,17.104,13.209,19.258,0.00987,0.17258,0.00031,16.06,15.414,15.459,15.362,-2.6221,10
2020-07-15 02:01:00,1.5824,-0.69782,121.91,17.123,13.21,19.248,-0.0027399999999999,0.58853,-0.0041999999999999,16.048,15.42,15.425,15.36,-2.6497,10
2020-07-15 02:02:00,1.5835,-0.68674,121.81,17.141,13.21,19.228,-0.00347,-0.82306,0.00481,16.017,15.38,15.412,15.392,-2.6773,10
2020-07-15 02:03:00,1.5815,-0.65351,121.78,17.153,13.211,19.227,0.00366,0.0398299999999999,-0.0024499999999999,16.028,15.328,15.438,15.446,-2.6498,10
2020-07-15 02:04:00,1.5821,-0.67566,121.73,17.152,13.211,19.211,-0.00329,-0.7832299999999999,0.0014599999999999,16.014,15.483,15.364,15.349,-2.6498,10
2020-07-15 02:05:00,1.5829,-0.71997,121.72,17.138,13.212,19.199,0.00694,0.0177,-0.0022699999999999,15.993,15.332,15.41,15.456,-2.6498,10
2020-07-15 02:06:00,1.584,-0.7088999999999999,121.82,17.11,13.211,19.178,0.0043899999999999,-0.4026699999999999,-0.00024,15.973,15.345,15.306,15.327,-2.6498,10
2020-07-15 02:07:00,1.5824,-0.71999,121.85,17.071,13.212,19.169,0.00347,-0.76997,-0.00217,15.959,15.292,15.294,15.324,-2.6498,10
2020-07-15 02:08:00,1.5835,-0.65353,121.82,17.047,13.211,19.155,0.0047499999999999,1.0399,0.0022499999999999,15.936,15.297,15.246,15.319,-2.6774,10
2020-07-15 02:09:00,1.583,-0.5981499999999998,121.84,17.021,13.213,19.134,0.00713,0.7301499999999999,0.00627,15.922,15.263,15.213,15.269,-2.7602,10
2020-07-15 02:10:00,1.5827,-0.6978499999999999,121.89,17.003,13.212,19.128,0.00055,0.61953,-0.0047499999999999,15.892,15.171,15.228,15.322,-2.6774,10
2020-07-15 02:11:00,1.5827,-0.7089199999999999,121.87,16.969,13.214,19.108,-0.00128,0.5265999999999998,-0.00046,15.866,15.15,15.146,15.214,-2.7326,10
2020-07-15 02:12:00,1.5843,-0.63138,121.94,16.95,13.212,19.104,0.0047499999999999,0.91159,0.00474,15.86,15.165,15.121,15.183,-2.7326,10
2020-07-15 02:13:00,1.5816,-0.69784,121.89,16.93,13.212,19.084,-0.0031099999999999,-0.15931,0.00151,15.824,15.01,15.116,15.212,-3.0638,10
2020-07-15 02:14:00,1.5821,-0.68676,121.8,16.924,13.213,19.064,-0.00219,-0.6283699999999999,0.00252,15.803,15.129,15.052,15.088,-3.0638,10
2020-07-15 02:15:00,1.5835,-0.6867499999999999,121.86,16.93,13.213,19.055,-0.00366,0.38499,-0.0045599999999999,15.789,15.038,15.092,15.185,-3.3123,10
2020-07-15 02:16:00,1.584,-0.6313699999999999,121.97,16.926,13.212,19.035,0.00018,-1.2302,0.0005,15.768,15.035,15.077,15.163,-3.4779,10
2020-07-15 02:17:00,1.5846,-0.6535199999999999,121.93,16.938,13.213,19.029,0.0043899999999999,0.8629,0.00574,15.762,15.04,15.085,15.2,-3.6987,10
2020-07-15 02:18:00,1.5837,-0.6756699999999999,121.9,16.953,13.214,19.011,0.0056699999999999,-1.0178,-0.0058599999999999,15.752,14.972,15.082,15.188,-3.5882,10
2020-07-15 02:19:00,1.5829,-0.65351,121.88,16.954,13.215,19.001,0.00749,0.76111,0.0079699999999999,15.743,14.89,15.027,15.191,-3.2846,10
2020-07-15 02:20:00,1.5832,-0.6756699999999999,121.86,16.937,13.216,18.983,-0.00384,0.98679,-0.00371,15.721,14.93,14.969,15.092,-3.4778,10
2020-07-15 02:21:00,1.5824,-0.6645999999999999,121.92,16.918,13.216,18.97,0.0011,-0.99124,-0.00316,15.711,14.885,14.954,15.024,-3.6159,10
2020-07-15 02:22:00,1.584,-0.69784,121.94,16.888,13.217,18.949,0.00219,-1.0488,-0.00031,15.699,14.873,14.882,14.947,-3.6435,10
2020-07-15 02:23:00,1.5818,-0.68676,121.96,16.846,13.215,18.935,0.00238,0.8717599999999999,7e-05,15.666,14.793,14.884,14.995,-3.6435,10
2020-07-15 02:24:00,1.5832,-0.73106,121.88,16.8,13.216,18.934,0.0031099999999999,-0.53102,-0.00038,15.661,14.787,14.887,14.947,-3.5607,10
2020-07-15 02:25:00,1.5826,-0.7088999999999999,121.79,16.771,13.218,18.914,-0.00091,-0.1416,0.0051599999999999,15.637,14.716,14.869,14.978,-3.7539,10
2020-07-15 02:26:00,1.5838,-0.69783,121.91,16.702,13.217,18.893,-0.00183,0.1947,-0.00301,15.608,14.7,14.833,14.953,-3.3399,10
2020-07-15 02:27:00,1.5835,-0.7310499999999999,121.85,16.675,13.218,18.88,0.00366,-0.24338,-0.00333,15.601,14.73,14.837,14.92,-2.8154,10
2020-07-15 02:28:00,1.5837,-0.69782,121.86,16.651,13.218,18.868,0.0031099999999999,-0.17258,0.0008,15.586,14.729,14.812,14.896,-2.6774,10
2020-07-15 02:29:00,1.5843,-0.7421299999999998,121.84,16.652,13.217,18.841,0.0003699999999999,-0.03098,-0.0031099999999999,15.556,14.767,14.798,14.856,-2.7602,10
2020-07-15 02:30:00,1.5835,-0.73107,121.83,16.645,13.218,18.84,0.0,0.69033,0.0055799999999999,15.555,14.726,14.809,14.918,-2.8154,10
2020-07-15 02:31:00,1.5849,-0.73107,121.91,16.641,13.218,18.82,0.00493,-0.92486,-0.00203,15.535,14.66,14.827,14.92,-2.7878,10
2020-07-15 02:32:00,1.584,-0.70891,121.87,16.653,13.217,18.804,-0.00018,0.33631,-0.0008999999999999,15.533,14.677,14.836,14.994,-2.705,10
2020-07-15 02:33:00,1.584,-0.71998,121.81,16.661,13.221,18.796,-0.0027399999999999,0.3407299999999999,0.00063,15.547,14.819,14.792,14.892,-2.705,10
2020-07-15 02:34:00,1.5846,-0.73106,121.9,16.659,13.218,18.786,0.00347,0.9868,0.00398,15.524,14.794,14.821,14.945,-2.6498,10
2020-07-15 02:35:00,1.584,-0.6756699999999999,121.82,16.645,13.221,18.762,0.0027399999999999,1.0045,0.0012999999999999,15.498,14.774,14.778,14.896,-2.6223,10
2020-07-15 02:36:00,1.5835,-0.7199999999999999,121.76,16.631,13.219,18.758,-0.0064,1.2656,-0.00446,15.491,14.789,14.83,14.95,-2.65,10
2020-07-15 02:37:00,1.5838,-0.73107,121.76,16.637,13.221,18.734,0.0060299999999999,-0.61068,-0.0015299999999999,15.479,14.688,14.835,14.976,-2.5948,10
2020-07-15 02:38:00,1.5835,-0.73107,121.79,16.637,13.221,18.724,0.00585,0.0708,-0.00183,15.468,14.735,14.814,14.934,-2.6499,10
2020-07-15 02:39:00,1.5827,-0.73106,121.78,16.621,13.222,18.707,0.01206,-0.18143,-0.00191,15.457,14.774,14.801,14.912,-2.6499,10
2020-07-15 02:40:00,1.5827,-0.69783,121.81,16.597,13.223,18.69,-0.0007299999999999,0.12833,-0.0023,15.435,14.736,14.77,14.918,-2.6499,10
2020-07-15 02:41:00,1.5843,-0.69783,121.84,16.569,13.222,18.68,0.0014599999999999,-0.6283699999999999,0.00058,15.438,14.789,14.77,14.904,-2.6499,10
2020-07-15 02:42:00,1.5826,-0.7421299999999998,121.8,16.539,13.222,18.653,0.00055,0.29648,0.00231,15.414,14.696,14.736,14.904,-2.6499,10
2020-07-15 02:43:00,1.584,-0.7310499999999999,121.82,16.511,13.221,18.657,-0.0011,-0.15045,-0.00296,15.426,14.712,14.738,14.839,-2.7051,10
2020-07-15 02:44:00,1.584,-0.7421299999999998,121.74,16.484,13.224,18.652,-0.00585,-0.03982,-0.00222,15.422,14.696,14.72,14.805,-2.6776,10
2020-07-15 02:45:00,1.5841,-0.73107,121.72,16.46,13.224,18.625,0.00055,0.02213,0.0050299999999999,15.386,14.665,14.748,14.807,-2.7052,10
2020-07-15 02:46:00,1.5827,-0.7753799999999998,121.75,16.474,13.224,18.619,0.00128,0.16816,-0.00282,15.376,14.638,14.739,14.802,-2.65,10
2020-07-15 02:47:00,1.5849,-0.68676,121.82,16.413,13.223,18.591,0.00512,-1.0089,-0.00485,15.325,14.5,14.639,14.702,-2.6224,10
2020-07-15 02:48:00,1.5849,-0.75321,121.83,16.369,13.225,18.573,0.00164,0.73457,0.0042399999999999,15.286,14.472,14.61,14.69,-2.6224,10
2020-07-15 02:49:00,1.5843,-0.75321,121.79,16.336,13.227,18.567,-0.00164,0.18143,0.0053299999999999,15.272,14.494,14.542,14.577,-2.65,10
2020-07-15 02:50:00,1.5846,-0.75322,121.82,16.303,13.226,18.55,0.00804,0.4026899999999999,0.00317,15.248,14.475,14.505,14.536,-2.65,10
2020-07-15 02:51:00,1.5843,-0.7421499999999999,121.86,16.265,13.226,18.537,0.00238,0.69476,0.00608,15.21,14.283,14.518,14.576,-2.65,10
2020-07-15 02:52:00,1.5835,-0.73108,121.91,16.21,13.227,18.513,0.00329,-0.54873,-0.00198,15.182,14.308,14.405,14.41,-2.7052,10
2020-07-15 02:53:00,1.5849,-0.75324,121.9,16.162,13.227,18.498,0.0014599999999999,-0.25666,-0.0002599999999999,15.149,14.187,14.32,14.359,-2.6501,10
2020-07-15 02:54:00,1.5846,-0.76432,121.87,16.103,13.226,18.481,0.0014599999999999,-0.5310399999999998,-0.0033,15.109,14.071,14.291,14.355,-2.7605,10
2020-07-15 02:55:00,1.5841,-0.75324,121.84,16.088,13.226,18.473,0.00018,-0.84523,0.00253,15.098,14.157,14.237,14.26,-3.285,10
2020-07-15 02:56:00,1.5849,-0.7200199999999999,121.92,16.072,13.227,18.46,0.00128,0.3761599999999999,0.00445,15.055,14.12,14.24,14.258,-3.6992,10
2020-07-15 02:57:00,1.5852,-0.70894,121.95,16.08,13.227,18.446,-0.0014599999999999,-1.1285,0.00177,15.026,14.044,14.272,14.342,-3.8096,10
2020-07-15 02:58:00,1.586,-0.7200199999999999,121.91,16.088,13.228,18.433,-0.0014599999999999,-0.89392,0.0005999999999999,15.021,14.049,14.286,14.371,-3.9201,10
2020-07-15 02:59:00,1.5844,-0.74218,121.86,16.107,13.229,18.408,0.00201,0.21242,0.00091,15.005,13.959,14.262,14.378,-3.9477,10
2020-07-15 03:00:00,1.5844,-0.75326,121.84,16.104,13.226,18.382,0.00493,0.43369,-0.00017,14.969,13.973,14.189,14.3,-3.9477,10
2020-07-15 03:01:00,1.5844,-0.77542,121.92,16.121,13.227,18.382,-0.00091,-0.46909,0.0001,14.96,13.964,14.176,14.264,-3.8925,10
2020-07-15 03:02:00,1.5844,-0.7310999999999999,121.95,16.141,13.228,18.356,-0.00329,0.07524,0.00046,14.922,13.925,14.102,14.214,-3.9478,10
2020-07-15 03:03:00,1.5849,-0.73109,121.9,16.14,13.228,18.35,-0.00512,-0.0177,-0.00066,14.898,13.804,14.071,14.186,-3.8926,10
2020-07-15 03:04:00,1.5844,-0.72001,121.87,16.118,13.231,18.332,0.0053,-0.37173,0.0029199999999999,14.865,13.765,13.988,14.071,-3.8097,10
2020-07-15 03:05:00,1.5838,-0.7753999999999999,121.8,16.08,13.231,18.315,-0.0043899999999999,-0.01327,0.0005,14.832,13.73,13.906,14.023,-3.6717,10
2020-07-15 03:06:00,1.5833,-0.74218,121.85,16.051,13.229,18.3,-0.0007299999999999,-0.34075,-0.00715,14.808,13.704,13.888,13.973,-3.5888,10
2020-07-15 03:07:00,1.5852,-0.6978699999999999,121.89,16.048,13.23,18.286,-0.00512,-1.1639,0.01199,14.795,13.704,13.879,13.923,-3.4232,10
2020-07-15 03:08:00,1.5858,-0.72003,121.8,16.055,13.232,18.276,0.00256,-0.98686,-0.00555,14.765,13.739,13.883,13.912,-3.2575,10
2020-07-15 03:09:00,1.5858,-0.73111,121.73,16.091,13.231,18.259,-0.0007299999999999,-0.17702,-0.00131,14.741,13.802,13.902,13.977,-3.2299,10
2020-07-15 03:10:00,1.5855,-0.73111,121.79,16.115,13.231,18.241,0.0014599999999999,-0.11506,-0.00595,14.722,13.783,13.928,14.048,-3.2299,10
2020-07-15 03:11:00,1.585,-0.75327,121.83,16.085,13.233,18.228,-0.00329,0.30536,-0.00135,14.704,13.761,13.993,14.134,-3.368,10
2020-07-15 03:12:00,1.5853,-0.7864999999999999,121.84,16.138,13.232,18.199,0.0027399999999999,0.0663799999999999,0.0013799999999999,14.718,13.929,14.122,14.293,-3.5888,10
2020-07-15 03:13:00,1.5844,-0.7864999999999999,121.78,16.142,13.232,18.199,-0.00055,-0.0531099999999999,0.0076899999999999,14.793,14.116,14.231,14.426,-3.3128,10
2020-07-15 03:14:00,1.5836,-0.75327,121.82,16.075,13.233,18.178,-0.00018,-0.2168499999999999,-0.0037799999999999,14.843,14.241,14.306,14.428,-2.9263,10
2020-07-15 03:15:00,1.5842,-0.77543,122.03,16.014,13.234,18.16,0.00201,-0.28766,0.00314,14.852,14.242,14.351,14.465,-2.6503,10
2020-07-15 03:16:00,1.5842,-0.7643499999999999,122.07,15.976,13.234,18.139,-0.00329,-0.8851,0.0035699999999999,14.856,14.275,14.358,14.464,-2.7055,10
2020-07-15 03:17:00,1.5847,-0.7200499999999999,122.13,15.961,13.233,18.12,-0.0053,-0.95148,0.0079,14.848,14.194,14.339,14.447,-2.6779,10
2020-07-15 03:18:00,1.5833,-0.83082,121.79,15.946,13.234,18.104,0.00256,0.3009299999999999,0.00134,14.85,14.148,14.336,14.414,-2.6503,10
2020-07-15 03:19:00,1.5842,-0.7200499999999999,121.7,15.847,13.235,18.09,0.00585,1.1285,0.00931,14.854,14.244,14.281,14.308,-2.7055,10
2020-07-15 03:20:00,1.5847,-0.73113,121.74,15.732,13.235,18.081,0.00128,1.2037,0.00363,14.853,14.187,14.225,14.233,-2.6778,10
2020-07-15 03:21:00,1.5839,-0.77544,121.64,15.623,13.237,18.057,0.0,-0.0177,-0.0002999999999999,14.797,13.943,14.167,14.198,-2.6502,10
2020-07-15 03:22:00,1.5845,-0.73113,121.78,15.442,13.235,18.054,-0.0011,-0.97362,-0.0017899999999999,14.785,13.966,14.059,14.087,-2.6779,10
2020-07-15 03:23:00,1.5839,-0.74221,121.81,15.335,13.236,18.026,0.00165,0.21243,-0.00174,14.74,13.918,13.94,14.007,-2.7055,10
2020-07-15 03:24:00,1.5853,-0.75328,121.73,15.3,13.237,18.011,-0.0014599999999999,-0.0044299999999999,-0.00216,14.7,13.804,13.899,14.001,-2.7331,10
2020-07-15 03:25:00,1.5853,-0.7975999999999999,121.69,15.31,13.236,17.993,0.0007299999999999,0.02655,0.00042,14.679,13.827,13.898,14.008,-2.733,10
2020-07-15 03:26:00,1.585,-0.7200499999999999,121.7,15.353,13.238,17.982,0.0003699999999999,0.37617,-0.00513,14.661,13.833,13.932,14.066,-3.1747,10
2020-07-15 03:27:00,1.5861,-0.73113,121.66,15.397,13.237,17.968,-0.00329,-0.23455,-0.00076,14.641,13.781,13.923,14.084,-3.4508,10
2020-07-15 03:28:00,1.5853,-0.74221,121.63,15.436,13.238,17.947,-0.0007299999999999,-0.4027299999999999,-0.0046499999999999,14.625,13.755,13.892,14.06,-3.4784,10
2020-07-15 03:29:00,1.5858,-0.78652,121.66,15.448,13.238,17.931,0.0014599999999999,-0.5797499999999999,0.0005,14.6,13.699,13.918,14.09,-3.0919,10
2020-07-15 03:30:00,1.5853,-0.75329,121.65,15.463,13.237,17.908,0.0029199999999999,-0.78775,-0.0016299999999999,14.578,13.749,13.87,14.039,-3.1472,10
2020-07-15 03:31:00,1.5861,-0.72006,121.71,15.519,13.238,17.906,-0.0011,0.7346399999999998,0.0006899999999999,14.58,13.815,13.909,14.065,-3.2576,10
2020-07-15 03:32:00,1.585,-0.73113,121.71,15.542,13.24,17.887,0.00128,-0.73907,0.0029499999999999,14.574,13.806,13.887,14.034,-3.3129,10
2020-07-15 03:33:00,1.5842,-0.75329,121.67,15.543,13.238,17.877,-0.00366,-0.13719,-0.0020699999999999,14.56,13.802,13.889,14.047,-3.6441,10
2020-07-15 03:34:00,1.585,-0.7643699999999999,121.61,15.552,13.238,17.86,-0.0047499999999999,0.3629,-0.0009899999999999,14.54,13.669,13.919,14.127,-3.589,10
2020-07-15 03:35:00,1.5845,-0.72006,121.7,15.554,13.239,17.833,-0.00402,-0.2079999999999999,0.00054,14.521,13.76,13.878,14.053,-3.727,10
2020-07-15 03:36:00,1.5842,-0.70898,121.68,15.576,13.24,17.819,-0.0054799999999999,0.04868,-0.0054999999999999,14.51,13.721,13.965,14.132,-3.6994,10
2020-07-15 03:37:00,1.5856,-0.74221,121.74,15.647,13.24,17.819,-0.00457,-0.4823899999999999,-0.00619,14.535,13.843,13.99,14.138,-3.6441,10
2020-07-15 03:38:00,1.5845,-0.7643699999999999,121.68,15.8,13.239,17.798,-0.00201,-0.3009399999999999,-0.00193,14.526,13.786,14.078,14.257,-3.3404,10
2020-07-15 03:39:00,1.5847,-0.74221,121.81,15.973,13.238,17.774,-0.0003699999999999,0.2522599999999999,0.00393,14.522,13.841,14.135,14.351,-2.7331,10
2020-07-15 03:40:00,1.585,-0.75329,121.8,16.106,13.241,17.755,0.0031099999999999,-0.50009,-0.0054299999999999,14.537,13.998,14.137,14.333,-2.6226,10
2020-07-15 03:41:00,1.585,-0.65359,121.93,16.197,13.239,17.736,0.00238,1.3764,0.0024399999999999,14.519,13.942,14.197,14.458,-2.5398,10
2020-07-15 03:42:00,1.5864,-0.74221,122.07,16.248,13.239,17.722,-0.00256,0.5974599999999999,-0.00348,14.535,13.979,14.208,14.463,-2.3742,10
2020-07-15 03:43:00,1.5856,-0.73114,121.86,16.281,13.242,17.722,0.0027399999999999,-0.23898,-0.0009899999999999,14.559,14.058,14.235,14.467,-2.0981,10
2020-07-15 03:44:00,1.5856,-0.68683,121.82,16.284,13.24,17.703,-0.0027399999999999,-1.217,0.0041399999999999,14.573,14.051,14.224,14.452,-2.0705,10
2020-07-15 03:45:00,1.5856,-0.7643699999999999,121.82,16.277,13.24,17.683,0.0,0.4823899999999999,0.00059,14.55,13.97,14.263,14.543,-1.9877,10
2020-07-15 03:46:00,1.5856,-0.75329,121.92,16.256,13.239,17.678,-0.00201,-0.62843,0.0047699999999999,14.567,13.962,14.232,14.499,-1.8773,10
2020-07-15 03:47:00,1.5859,-0.72006,121.9,16.209,13.239,17.654,-0.00201,-0.01328,0.0019,14.549,13.933,14.202,14.455,-1.9325,10
2020-07-15 03:48:00,1.5856,-0.7422199999999999,121.9,16.151,13.241,17.633,-0.00768,0.3496199999999999,-0.0016199999999999,14.526,13.893,14.126,14.375,-1.7945,10
2020-07-15 03:49:00,1.5856,-0.70898,121.95,16.063,13.239,17.629,-0.0041999999999999,-0.54435,0.0084799999999999,14.522,13.821,14.098,14.327,-1.7393,10
2020-07-15 03:50:00,1.5848,-0.75329,121.88,15.98,13.24,17.608,0.00238,0.14162,-0.00096,14.498,13.877,14.019,14.221,-1.4908,10
2020-07-15 03:51:00,1.5853,-0.7422199999999999,121.91,15.905,13.238,17.608,-0.0014599999999999,0.04868,-0.00214,14.469,13.705,14.025,14.267,-1.8221,10
2020-07-15 03:52:00,1.5856,-0.75329,121.89,15.816,13.24,17.591,-0.00128,0.6328599999999999,-0.0008099999999999,14.453,13.688,14.039,14.245,-1.8497,10
2020-07-15 03:53:00,1.585,-0.75329,121.88,15.708,13.239,17.585,0.0007299999999999,-0.2345599999999999,-0.00222,14.446,13.746,13.993,14.142,-1.9325,10
2020-07-15 03:54:00,1.5848,-0.75329,121.94,15.607,13.24,17.566,-0.0043899999999999,0.5399199999999998,-0.0040299999999999,14.426,13.81,13.924,14.073,-2.1534,10
2020-07-15 03:55:00,1.5845,-0.7643699999999999,121.88,15.515,13.241,17.556,-0.00055,-0.29209,0.0048399999999999,14.406,13.702,13.97,14.131,-2.4571,10
2020-07-15 03:56:00,1.5856,-0.70898,122.0,15.45,13.239,17.542,0.00128,-1.2569,-0.00133,14.396,13.723,13.936,14.105,-2.5676,10
2020-07-15 03:57:00,1.5848,-0.68683,122.2,15.48,13.24,17.54,-0.0031099999999999,-0.64171,0.00063,14.397,13.933,13.991,14.105,-2.5676,10
2020-07-15 03:58:00,1.5842,-0.70898,122.28,15.677,13.241,17.523,-0.00183,0.44256,0.0020899999999999,14.387,13.978,14.096,14.267,-2.5676,10
2020-07-15 03:59:00,1.5848,-0.73114,121.9,15.872,13.24,17.521,0.00018,0.90725,0.00022,14.397,13.971,14.244,14.493,-2.5124,10
2020-07-15 04:00:00,1.5839,-0.78653,121.82,16.113,13.241,17.502,0.00238,0.4160099999999999,0.00119,14.407,13.982,14.302,14.573,-2.3743,10
2020-07-15 04:01:00,1.5848,-0.7422199999999999,121.86,16.291,13.24,17.49,0.00219,0.87184,0.00046,14.402,14.058,14.269,14.566,-2.043,10
2020-07-15 04:02:00,1.5845,-0.70898,121.95,16.387,13.24,17.484,-0.00219,1.0976,-0.00117,14.405,14.082,14.329,14.633,-1.9602,10
2020-07-15 04:03:00,1.5834,-0.73114,121.91,16.46,13.241,17.471,-0.00018,0.11507,-0.00017,14.416,14.239,14.315,14.586,-1.9602,10
2020-07-15 04:04:00,1.5837,-0.70898,121.84,16.55,13.24,17.457,-0.00183,0.03098,-0.0037799999999999,14.42,14.177,14.376,14.648,-1.9878,10
2020-07-15 04:05:00,1.5842,-0.70898,121.79,16.65,13.241,17.454,0.0011,0.1593199999999999,-0.0001299999999999,14.423,14.169,14.36,14.639,-1.8774,10
2020-07-15 04:06:00,1.5837,-0.72006,121.85,16.678,13.239,17.444,-0.00347,-0.7700599999999999,0.0040099999999999,14.42,14.181,14.357,14.637,-1.7117,10
2020-07-15 04:07:00,1.5853,-0.70898,121.8,16.652,13.24,17.434,-0.00366,0.0531099999999999,0.0015,14.413,14.133,14.362,14.679,-1.8773,10
2020-07-15 04:08:00,1.5842,-0.7422199999999999,121.78,16.621,13.24,17.425,-0.01389,-0.92938,0.01233,14.41,14.092,14.379,14.714,-1.9049,10
2020-07-15 04:09:00,1.5848,-0.72006,121.73,16.63,13.242,17.429,-0.00201,-0.80103,-0.0004499999999999,14.429,14.137,14.378,14.687,-1.9878,10
2020-07-15 04:10:00,1.585,-0.7754499999999999,121.71,16.602,13.24,17.404,0.00366,0.3275,0.00297,14.391,14.026,14.365,14.71,-2.0154,10
2020-07-15 04:11:00,1.5848,-0.73114,121.75,16.556,13.239,17.407,0.0073099999999999,-0.65056,-0.00493,14.395,14.052,14.326,14.659,-2.2363,10
2020-07-15 04:12:00,1.5848,-0.7754499999999999,121.83,16.508,13.241,17.394,-0.00366,0.49124,-0.0018699999999999,14.387,14.173,14.279,14.61,-2.1534,10
2020-07-15 04:13:00,1.5842,-0.73114,121.84,16.495,13.24,17.38,-0.00128,-0.29652,0.0029399999999999,14.375,14.094,14.327,14.632,-2.1534,10
2020-07-15 04:14:00,1.5837,-0.69791,121.8,16.46,13.24,17.38,-0.0003699999999999,-0.4514099999999999,-0.0015499999999999,14.376,14.175,14.307,14.584,-2.1258,10
2020-07-15 04:15:00,1.5839,-0.7643699999999999,121.74,16.5,13.242,17.384,-0.0041999999999999,0.5133699999999999,-0.00528,14.377,14.189,14.38,14.683,-2.1535,10
2020-07-15 04:16:00,1.5834,-0.73114,121.77,16.571,13.239,17.361,0.00055,-0.7169499999999999,-0.0027799999999999,14.37,14.131,14.37,14.657,-2.1811,10
2020-07-15 04:17:00,1.5845,-0.70898,121.79,16.553,13.241,17.363,-0.0011,-0.3805999999999999,-0.00321,14.376,14.265,14.358,14.597,-2.0154,10
2020-07-15 04:18:00,1.5848,-0.72006,121.77,16.522,13.241,17.363,-0.0065799999999999,-0.09736,0.0066699999999999,14.363,14.179,14.347,14.64,-1.9326,10
2020-07-15 04:19:00,1.585,-0.72006,121.78,16.495,13.241,17.361,0.0,0.54435,0.00576,14.351,14.225,14.334,14.607,-1.9602,10
2020-07-15 04:20:00,1.5837,-0.68683,121.77,16.448,13.241,17.35,-0.00201,-0.26554,0.0022699999999999,14.332,14.262,14.316,14.551,-2.043,10
2020-07-15 04:21:00,1.5848,-0.69791,121.75,16.504,13.241,17.334,0.00347,-0.2478299999999999,0.0020799999999999,14.321,14.219,14.398,14.641,-2.1258,10
2020-07-15 04:22:00,1.585,-0.69791,121.77,16.671,13.24,17.332,0.0031099999999999,0.2079999999999999,0.0057299999999999,14.338,14.347,14.523,14.753,-2.2086,10
2020-07-15 04:23:00,1.5842,-0.70898,121.78,16.864,13.241,17.34,-0.0027399999999999,-0.52222,0.0057999999999999,14.375,14.383,14.567,14.83,-1.9878,10
2020-07-15 04:24:00,1.585,-0.7532999999999999,121.73,16.997,13.239,17.336,0.0003699999999999,-0.61516,0.0028999999999999,14.377,14.314,14.563,14.843,-1.7945,10
2020-07-15 04:25:00,1.5853,-0.70898,121.69,17.024,13.239,17.336,0.0041999999999999,0.0708099999999999,-0.0079699999999999,14.369,14.317,14.536,14.809,-1.5184,10
2020-07-15 04:26:00,1.5845,-0.69791,121.67,17.014,13.241,17.328,-0.0043899999999999,0.3275,0.00557,14.353,14.283,14.498,14.766,-1.3528,10
2020-07-15 04:27:00,1.5859,-0.7532999999999999,121.73,17.017,13.239,17.317,0.00183,0.6328599999999999,0.0042399999999999,14.344,14.297,14.497,14.735,-1.3252,10
2020-07-15 04:28:00,1.585,-0.70898,121.7,16.993,13.239,17.315,-0.0047499999999999,-0.8674199999999999,0.00651,14.339,14.315,14.508,14.673,-1.3252,10
2020-07-15 04:29:00,1.585,-0.6425199999999999,121.7,16.96,13.24,17.315,-0.00128,-1.3498,-0.0004699999999999,14.33,14.305,14.508,14.685,-1.3252,10
2020-07-15 04:30:00,1.5839,-0.7532999999999999,121.62,16.97,13.24,17.313,-0.0049399999999999,-0.26554,-0.00177,14.323,14.412,14.604,14.801,-1.27,10
2020-07-15 04:31:00,1.5845,-0.73114,121.57,17.028,13.24,17.315,0.00018,-0.17702,-0.00269,14.331,14.387,14.62,14.877,-1.3252,10
2020-07-15 04:32:00,1.5848,-0.7532999999999999,121.6,17.053,13.241,17.315,0.0031099999999999,0.18145,-0.00578,14.325,14.354,14.589,14.857,-1.3252,10
2020-07-15 04:33:00,1.5845,-0.72006,121.61,17.04,13.239,17.311,-0.00366,-0.4823899999999999,-0.0067999999999999,14.312,14.327,14.572,14.808,-1.3252,10
2020-07-15 04:34:00,1.585,-0.7643699999999999,121.51,17.001,13.239,17.313,-0.00366,-0.3982999999999999,0.00165,14.307,14.393,14.549,14.733,-1.27,10
2020-07-15 04:35:00,1.585,-0.69791,121.49,16.938,13.238,17.315,-0.0056699999999999,0.17702,-0.0020999999999999,14.296,14.376,14.577,14.785,-1.3252,10
2020-07-15 04:36:00,1.5853,-0.70898,121.53,16.876,13.239,17.313,-0.0027399999999999,0.1947299999999999,0.00202,14.295,14.387,14.57,14.796,-1.3252,10
2020-07-15 04:37:00,1.5861,-0.7422199999999999,121.6,16.813,13.239,17.313,-0.00238,-0.14605,0.0022699999999999,14.306,14.367,14.597,14.799,-1.3252,10
2020-07-15 04:38:00,1.5853,-0.73114,121.66,16.766,13.239,17.315,-0.00201,-0.81874,0.0032499999999999,14.3,14.385,14.602,14.78,-1.3252,10
2020-07-15 04:39:00,1.585,-0.72006,121.73,16.747,13.238,17.311,-0.00201,-0.1549,0.00269,14.291,14.385,14.589,14.768,-1.408,10
2020-07-15 04:40:00,1.5859,-0.6757499999999999,121.64,16.742,13.24,17.313,0.0011,-0.39388,-0.00347,14.304,14.445,14.617,14.746,-1.3528,10
2020-07-15 04:41:00,1.5853,-0.73114,121.56,16.753,13.24,17.311,0.0041999999999999,0.11064,-0.0035799999999999,14.316,14.446,14.618,14.784,-1.3252,10
2020-07-15 04:42:00,1.5853,-0.73114,121.63,16.693,13.241,17.311,0.00018,0.37618,0.00547,14.294,14.343,14.601,14.775,-1.3252,10
2020-07-15 04:43:00,1.5856,-0.7422199999999999,121.71,16.6,13.24,17.317,0.0011,-0.0663799999999999,0.00348,14.29,14.401,14.596,14.738,-1.3252,10
2020-07-15 04:44:00,1.5842,-0.70898,121.85,16.551,13.24,17.313,0.0003699999999999,-0.18145,-0.0008899999999999,14.293,14.479,14.585,14.685,-1.3528,10
2020-07-15 04:45:00,1.585,-0.72006,121.81,16.518,13.241,17.315,-0.0003699999999999,0.1991499999999999,0.00071,14.289,14.404,14.566,14.697,-1.3804,10
2020-07-15 04:46:00,1.5848,-0.72006,121.81,16.468,13.24,17.313,0.00091,-0.3496199999999999,0.00366,14.278,14.367,14.538,14.638,-1.4633,10
2020-07-15 04:47:00,1.5856,-0.70898,121.87,16.392,13.241,17.313,0.00055,-0.0840899999999999,0.0007399999999999,14.258,14.28,14.535,14.69,-1.3528,10
2020-07-15 04:48:00,1.5853,-0.70898,121.72,16.366,13.239,17.317,-0.0049399999999999,-0.13719,-0.00217,14.259,14.33,14.532,14.673,-1.3252,10
2020-07-15 04:49:00,1.5845,-0.7422199999999999,121.61,16.375,13.239,17.313,-0.00055,0.42043,-0.00161,14.26,14.376,14.521,14.627,-1.3252,10
2020-07-15 04:50:00,1.585,-0.7532999999999999,121.51,16.387,13.239,17.309,0.00402,-0.6018799999999999,-0.0043899999999999,14.251,14.369,14.544,14.628,-1.3252,10
2020-07-15 04:51:00,1.585,-0.70898,121.49,16.396,13.239,17.315,0.0014599999999999,0.75678,0.0066299999999999,14.246,14.383,14.529,14.699,-1.3252,10
2020-07-15 04:52:00,1.5839,-0.7532999999999999,121.76,16.403,13.239,17.311,-0.0031099999999999,-0.1726,-0.00083,14.252,14.48,14.524,14.631,-1.3252,10
2020-07-15 04:53:00,1.5861,-0.72006,121.91,16.42,13.239,17.311,0.0065799999999999,0.4337099999999999,0.0003899999999999,14.269,14.479,14.556,14.671,-1.3804,10
2020-07-15 04:54:00,1.5864,-0.72006,121.83,16.418,13.24,17.315,0.00165,-0.82759,-0.0032399999999999,14.272,14.389,14.578,14.68,-1.546,10
2020-07-15 04:55:00,1.5853,-0.69791,121.84,16.443,13.239,17.317,-0.00219,0.95151,0.0041,14.251,14.377,14.573,14.737,-1.7116,10
2020-07-15 04:56:00,1.5853,-0.69791,121.83,16.458,13.239,17.317,0.00091,1.1153,0.002,14.255,14.376,14.57,14.729,-1.6841,10
2020-07-15 04:57:00,1.585,-0.6757499999999999,121.75,16.483,13.239,17.313,-0.00183,-1.1285,0.0037599999999999,14.286,14.448,14.55,14.654,-1.6012,10
2020-07-15 04:58:00,1.5856,-0.70898,121.63,16.521,13.239,17.315,0.00201,-1.279,-0.0005199999999999,14.29,14.38,14.645,14.731,-1.4356,10
2020-07-15 04:59:00,1.5842,-0.73114,121.58,16.599,13.239,17.325,-0.00219,0.0840899999999999,-0.00264,14.309,14.516,14.692,14.781,-1.3528,10
2020-07-15 05:00:00,1.5856,-0.73114,121.61,16.592,13.239,17.33,-0.00384,-0.4160099999999999,0.00481,14.319,14.579,14.679,14.756,-1.2424,10
2020-07-15 05:01:00,1.5856,-0.73114,121.74,16.647,13.236,17.325,0.00512,0.3805999999999999,0.00126,14.317,14.56,14.785,14.89,-0.74541,10
2020-07-15 05:02:00,1.5848,-0.73114,121.56,16.78,13.24,17.325,0.00238,-0.67269,0.00116,14.351,14.721,14.847,14.892,-0.57977,10
2020-07-15 05:03:00,1.5848,-0.68683,121.55,16.988,13.24,17.338,-0.0029199999999999,1.2215,-0.00119,14.366,14.789,15.041,15.15,-0.0552199999999999,10
2020-07-15 05:04:00,1.5853,-0.72006,121.46,17.266,13.24,17.338,-0.00219,-0.3186399999999999,-3e-05,14.435,14.934,15.09,15.162,-0.0552199999999999,10
2020-07-15 05:05:00,1.5842,-0.72006,121.43,17.315,13.238,17.336,-0.0060299999999999,-0.0929399999999999,0.0037499999999999,14.437,14.99,15.134,15.186,0.3312999999999999,10
2020-07-15 05:06:00,1.5859,-0.72006,121.36,17.341,13.236,17.332,0.0027399999999999,0.23898,-0.00445,14.444,14.999,15.209,15.316,0.49695,10
2020-07-15 05:07:00,1.585,-0.73114,121.36,17.357,13.238,17.332,0.0011,-0.58418,-0.00036,14.466,15.102,15.192,15.287,0.5521599999999999,10
2020-07-15 05:08:00,1.5864,-0.73114,121.31,17.469,13.238,17.33,0.00128,0.41158,0.0035899999999999,14.496,15.178,15.375,15.452,0.57977,10
2020-07-15 05:09:00,1.5848,-0.73114,121.52,17.594,13.238,17.338,-0.00457,-0.66827,-0.0002999999999999,14.536,15.203,15.335,15.466,0.63499,10
2020-07-15 05:10:00,1.5856,-0.6757499999999999,121.6,17.677,13.238,17.336,-0.0007299999999999,1.0798,-0.00447,14.522,15.213,15.44,15.568,0.57977,10
2020-07-15 05:11:00,1.5848,-0.68683,121.56,17.771,13.237,17.359,-0.00018,0.95151,-0.00206,14.556,15.288,15.495,15.64,0.35891,10
2020-07-15 05:12:00,1.5859,-0.72006,121.45,17.843,13.237,17.353,0.0014599999999999,0.8452899999999999,0.0030599999999999,14.583,15.353,15.494,15.64,0.5797799999999999,10
2020-07-15 05:13:00,1.5848,-0.7422199999999999,121.31,17.901,13.238,17.361,0.00402,-1.0798,-0.00457,14.624,15.44,15.549,15.643,0.4693399999999999,10
2020-07-15 05:14:00,1.5853,-0.72006,121.24,17.931,13.237,17.357,-0.0011,-0.8143099999999999,6e-05,14.624,15.401,15.621,15.756,0.3312999999999999,10
2020-07-15 05:15:00,1.5867,-0.70898,121.13,17.958,13.236,17.363,0.0027399999999999,0.3009399999999999,-0.0006499999999999,14.644,15.487,15.676,15.815,0.41413,10
2020-07-15 05:16:00,1.5859,-0.72006,121.18,17.97,13.235,17.367,0.00256,-0.5399199999999998,0.0001,14.681,15.526,15.685,15.79,0.27609,10
2020-07-15 05:17:00,1.5859,-0.73114,121.27,18.039,13.237,17.378,0.00256,-0.1726,0.00266,14.716,15.558,15.783,15.934,0.41413,10
2020-07-15 05:18:00,1.5853,-0.70898,121.19,18.184,13.234,17.378,-0.00384,1.1462,-0.00536,14.743,15.649,15.849,16.005,0.3865199999999999,10
2020-07-15 05:19:00,1.5859,-0.72006,121.19,18.31,13.232,17.382,0.00457,-0.17702,0.00051,14.802,15.787,15.895,16.041,0.44173,10
2020-07-15 05:20:00,1.5861,-0.72006,121.11,18.399,13.234,17.403,-0.0029199999999999,0.29652,0.0022699999999999,14.857,15.884,15.93,16.091,0.4141099999999999,10
2020-07-15 05:21:00,1.5853,-0.7422199999999999,120.95,18.44,13.234,17.405,-0.0003699999999999,0.69039,-0.00532,14.893,15.963,15.984,16.117,0.4141099999999999,10
2020-07-15 05:22:00,1.5853,-0.73114,120.97,18.475,13.23,17.417,-0.0011,0.47797,-0.00169,14.93,15.965,16.005,16.165,0.05521,10
2020-07-15 05:23:00,1.5853,-0.7532999999999999,120.99,18.505,13.235,17.425,0.0003699999999999,0.01328,-0.0052199999999999,14.972,15.953,15.981,16.138,-0.0276099999999999,10
2020-07-15 05:24:00,1.5861,-0.70898,120.98,18.487,13.233,17.44,-0.00384,0.8807,0.0045199999999999,15.011,15.982,16.014,16.141,0.0,10
2020-07-15 05:25:00,1.5859,-0.73114,121.13,18.445,13.232,17.452,-0.00018,1.1108,-0.0035799999999999,15.032,15.937,15.973,16.086,-0.2760799999999999,10
2020-07-15 05:26:00,1.5864,-0.72006,120.84,18.429,13.232,17.45,-0.00347,1.7481,-0.0033,15.037,15.93,15.956,16.067,-0.5245499999999998,10
2020-07-15 05:27:00,1.5864,-0.68683,120.93,18.472,13.231,17.452,-0.00055,2.35,-0.00725,15.048,15.925,15.97,16.083,-0.6901899999999999,10
2020-07-15 05:28:00,1.5853,-0.72006,120.94,18.567,13.232,17.467,-0.00055,2.5846,-0.0015,15.097,15.992,16.003,16.131,-0.88346,10
2020-07-15 05:29:00,1.5859,-0.70898,120.85,18.619,13.232,17.494,-0.0014599999999999,2.6332,-0.00606,15.151,16.01,16.017,16.125,-0.91107,10
2020-07-15 05:30:00,1.5861,-0.70898,120.89,18.701,13.23,17.488,-0.00201,4.4876,-0.00813,15.178,16.119,16.054,16.169,-0.8282399999999999,10
2020-07-15 05:31:00,1.5859,-0.72006,120.82,18.745,13.231,17.513,0.0053,3.3812,0.0167299999999999,15.232,16.042,16.02,16.114,-1.2148,10
2020-07-15 05:32:00,1.5856,-0.73114,121.19,18.709,13.229,17.523,0.0029199999999999,5.1514,0.0170599999999999,15.223,15.942,15.987,16.088,-1.27,10
2020-07-15 05:33:00,1.587,-0.73114,121.25,18.658,13.229,17.535,0.00256,6.6827,0.0182599999999999,15.235,15.945,15.977,16.068,-1.27,10
2020-07-15 05:34:00,1.5859,-0.70898,121.25,18.661,13.229,17.537,0.00055,8.0679,0.00553,15.245,15.998,15.994,16.063,-1.27,10
2020-07-15 05:35:00,1.587,-0.7422199999999999,120.97,18.729,13.228,17.56,0.0041999999999999,8.7229,0.03157,15.28,15.987,16.009,16.107,-1.0215,10
2020-07-15 05:36:00,1.5861,-0.72006,121.02,18.723,13.229,17.568,0.0073099999999999,9.3557,0.0641,15.281,15.974,15.98,16.048,-0.7454199999999999,10
2020-07-15 05:37:00,1.5861,-0.73114,121.18,18.739,13.229,17.581,-0.0003699999999999,10.17,-0.0043499999999999,15.301,15.95,16.011,16.051,-0.74543,10
2020-07-15 05:38:00,1.5867,-0.7754499999999999,121.3,18.693,13.228,17.608,0.0056699999999999,10.697,0.0612199999999999,15.308,15.876,15.957,16.041,-0.35891,10
2020-07-15 05:39:00,1.5875,-0.72006,121.54,18.561,13.226,17.61,0.0056699999999999,12.21,0.07248,15.266,15.858,15.841,15.873,-0.11043,10
2020-07-15 05:40:00,1.5867,-0.7643699999999999,121.32,18.392,13.225,17.627,0.0027399999999999,14.516,0.0420099999999999,15.24,15.73,15.808,15.817,0.22087,10
2020-07-15 05:41:00,1.5861,-0.7754499999999999,121.12,18.296,13.226,17.641,0.0064,19.57,0.12045,15.228,15.725,15.762,15.741,0.99392,10
2020-07-15 05:42:00,1.5867,-0.79761,121.14,18.22,13.226,17.666,0.01042,24.434,0.2547599999999999,15.218,15.671,15.69,15.691,1.3252,10
2020-07-15 05:43:00,1.5867,-0.78653,121.16,18.17,13.226,17.676,0.01188,25.465,0.29759,15.186,15.528,15.678,15.68,1.3528,10
2020-07-15 05:44:00,1.5867,-0.7754499999999999,121.35,18.113,13.226,17.695,0.01974,24.575,0.4829899999999999,15.169,15.554,15.678,15.594,1.3252,10
2020-07-15 05:45:00,1.5864,-0.7643699999999999,121.4,18.05,13.226,17.713,0.0140699999999999,27.474,0.38467,15.145,15.488,15.579,15.588,1.3804,10
2020-07-15 05:46:00,1.5861,-0.7532999999999999,121.4,18.015,13.226,17.724,0.01609,29.886,0.47493,15.119,15.451,15.535,15.543,1.8774,10
2020-07-15 05:47:00,1.5867,-0.7532999999999999,121.46,17.965,13.225,17.742,0.0177299999999999,33.258,0.5871899999999999,15.085,15.405,15.5,15.507,2.181,10
2020-07-15 05:48:00,1.5867,-0.7532999999999999,121.38,17.881,13.225,17.746,0.01938,35.471,0.68944,15.055,15.371,15.493,15.493,2.4571,10
2020-07-15 05:49:00,1.587,-0.7422199999999999,121.15,17.877,13.227,17.771,0.0179099999999999,37.777,0.67612,15.057,15.359,15.475,15.477,2.7056,10
2020-07-15 05:50:00,1.587,-0.7754499999999999,121.02,17.868,13.224,17.79,0.017,38.162,0.64836,15.045,15.35,15.414,15.421,2.7608,10
2020-07-15 05:51:00,1.587,-0.7643699999999999,121.01,17.862,13.224,17.794,0.01371,39.627,0.54302,15.001,15.235,15.403,15.461,2.7056,10
2020-07-15 05:52:00,1.587,-0.7754499999999999,120.98,17.803,13.226,17.817,0.01188,39.968,0.47669,15.003,15.309,15.325,15.326,2.8712,10
2020-07-15 05:53:00,1.587,-0.80868,121.02,17.714,13.225,17.821,0.02065,40.375,0.8337799999999999,14.964,15.254,15.241,15.234,2.7332,10
2020-07-15 05:54:00,1.5875,-0.7532999999999999,121.03,17.671,13.227,17.854,0.0166299999999999,40.167,0.66685,14.959,15.139,15.24,15.281,3.2853,10
2020-07-15 05:55:00,1.5875,-0.7532999999999999,120.99,17.633,13.227,17.872,0.02248,42.362,0.94795,14.936,15.046,15.22,15.245,3.8927,10
2020-07-15 05:56:00,1.5867,-0.7754499999999999,120.99,17.595,13.225,17.877,0.0223,45.858,1.0237,14.914,15.04,15.164,15.184,4.0031,10
2020-07-15 05:57:00,1.5875,-0.7643699999999999,121.27,17.597,13.226,17.889,0.02084,52.054,1.076,14.879,15.051,15.135,15.164,4.3896,10
2020-07-15 05:58:00,1.5872,-0.7754499999999999,121.21,17.583,13.227,17.916,0.02321,56.311,1.3019,14.897,14.968,15.082,15.114,4.9694,10
2020-07-15 05:59:00,1.5878,-0.7754499999999999,121.05,17.58,13.227,17.92,0.0226699999999999,62.481,1.4206,14.902,14.922,15.087,15.111,5.3007,10
2020-07-15 06:00:00,1.5867,-0.73114,121.06,17.585,13.225,17.922,0.02321,62.804,1.4586,14.917,14.899,15.081,15.064,5.2455,10
2020-07-15 06:01:00,1.5872,-0.7643699999999999,121.03,17.595,13.224,17.936,0.01864,63.233,1.1765,14.928,14.85,15.028,15.067,5.2732,10
2020-07-15 06:02:00,1.5872,-0.7532999999999999,121.04,17.603,13.225,17.934,0.02102,61.578,1.2933,14.925,14.884,14.962,14.949,5.2456,10
2020-07-15 06:03:00,1.587,-0.78653,120.97,17.671,13.225,17.959,0.03071,66.566,2.0395,14.925,14.803,15.036,15.103,5.3007,10
2020-07-15 06:04:00,1.587,-0.7643699999999999,120.97,17.711,13.227,17.963,0.0319899999999999,71.943,2.3157,14.916,14.81,15.003,15.052,5.7976,10
2020-07-15 06:05:00,1.5881,-0.7754499999999999,120.91,17.721,13.228,17.986,0.0277799999999999,82.28499999999998,2.2798,14.926,14.815,15.002,15.052,6.3497,10
2020-07-15 06:06:00,1.5883,-0.78653,120.89,17.708,13.226,17.981,0.0215699999999999,95.841,2.0799,14.898,14.836,14.934,15.017,7.316,10
2020-07-15 06:07:00,1.5875,-0.8418999999999999,120.94,17.669,13.226,17.991,0.02321,113.34,2.6221,14.878,14.786,14.959,15.03,8.0891,10
2020-07-15 06:08:00,1.5877,-0.83081,120.94,17.617,13.227,18.01,0.0133399999999999,125.1,1.6843,14.877,14.806,14.906,14.994,8.8069,10
2020-07-15 06:09:00,1.588,-0.84189,120.83,17.56,13.228,18.014,0.01864,132.17,2.4602,14.869,14.847,14.871,14.884,9.911,10
2020-07-15 06:10:00,1.588,-0.85297,120.86,17.518,13.228,18.032,0.01371,138.54,1.8981,14.877,14.829,14.898,14.931,9.9386,10
2020-07-15 06:11:00,1.5875,-0.85297,120.77,17.496,13.228,18.037,0.01078,142.95,1.5349,14.854,14.7,14.888,14.968,9.9386,10
2020-07-15 06:12:00,1.5875,-0.83082,120.84,17.462,13.229,18.053,0.0117,144.36,1.6885,14.863,14.67,14.867,14.891,9.9386,10
2020-07-15 06:13:00,1.588,-0.8418999999999999,121.06,17.409,13.228,18.059,0.0151699999999999,146.17,2.2195,14.85,14.704,14.833,14.86,9.9663,10
2020-07-15 06:14:00,1.5869,-0.86406,120.75,17.36,13.229,18.059,0.017,148.28,2.5242,14.836,14.663,14.807,14.829,10.132,10
2020-07-15 06:15:00,1.5883,-0.86406,120.56,17.311,13.228,18.079,0.01883,149.65,2.8218,14.833,14.627,14.814,14.833,10.436,10
2020-07-15 06:16:00,1.5869,-0.80867,120.63,17.238,13.228,18.081,0.0230299999999999,152.01,3.507,14.82,14.612,14.743,14.761,10.96,10
2020-07-15 06:17:00,1.5869,-0.86406,120.7,17.166,13.228,18.083,0.0056699999999999,153.95,0.88088,14.81,14.592,14.719,14.675,11.236,10
2020-07-15 06:18:00,1.5875,-0.8418999999999999,121.16,17.201,13.227,18.077,0.0193699999999999,156.23,3.0271,14.8,14.559,14.724,14.675,11.457,10
2020-07-15 06:19:00,1.5867,-0.80867,121.26,17.233,13.23,18.101,0.0133399999999999,159.44,2.1307,14.814,14.58,14.759,14.687,11.954,10
2020-07-15 06:20:00,1.5867,-0.8308299999999998,121.21,17.197,13.228,18.104,0.01572,161.92,2.5449,14.823,14.568,14.684,14.611,12.451,10
2020-07-15 06:21:00,1.5861,-0.8308299999999998,120.92,17.149,13.227,18.104,0.01316,165.75,2.1815,14.808,14.49,14.66,14.618,12.92,10
2020-07-15 06:22:00,1.5867,-0.87514,120.95,17.122,13.228,18.107,0.00877,167.81,1.4733,14.805,14.5,14.675,14.58,13.665,10
2020-07-15 06:23:00,1.5869,-0.86406,120.99,17.119,13.23,18.107,0.01188,171.32,2.0405,14.799,14.578,14.676,14.587,13.914,10
2020-07-15 06:24:00,1.5861,-0.86407,121.05,17.109,13.229,18.112,0.01572,174.28,2.7508,14.805,14.643,14.758,14.694,14.77,10
2020-07-15 06:25:00,1.5869,-0.84191,121.03,17.199,13.228,18.124,0.01371,177.89,2.4392,14.833,14.749,14.791,14.781,15.377,10
2020-07-15 06:26:00,1.5858,-0.8308299999999998,120.88,17.283,13.227,18.128,0.00932,181.45,1.6882,14.853,14.74,14.852,14.85,16.454,10
2020-07-15 06:27:00,1.5872,-0.87514,120.99,17.407,13.229,18.13,0.0117,188.27,2.2059,14.88,14.842,14.985,14.911,18.221,10
2020-07-15 06:28:00,1.6525,-2.0383,121.11,17.547,13.229,18.128,0.0434999999999999,170.34,7.2706,14.951,14.962,15.022,14.9,21.147,10
2020-07-15 06:29:00,1.6622,-1.5177,121.13,17.587,13.23,18.13,0.06507,157.15,10.229,15.025,14.893,15.079,15.029,22.831,10
2020-07-15 06:30:00,1.666,-2.1712,121.28,17.624,13.229,18.128,0.05575,157.24,8.759399999999998,15.093,15.01,15.12,14.991,20.512,10
2020-07-15 06:31:00,1.6641,-1.8722,121.38,17.73,13.228,18.128,0.0570299999999999,156.82,8.9442,15.142,15.109,15.219,15.093,20.622,10
2020-07-15 06:32:00,1.663,-1.1299,121.42,17.921,13.228,18.14,0.06617,156.6,10.362,15.206,15.177,15.412,15.23,22.224,10
2020-07-15 06:33:00,1.6633,0.1883199999999999,121.41,18.138,13.226,18.146,0.07202,158.79,11.431,15.288,15.464,15.572,15.446,25.205,10
2020-07-15 06:34:00,1.658,0.93054,121.37,18.314,13.227,18.15,0.07549,158.03,11.933,15.396,15.537,15.719,15.617,26.861,10
2020-07-15 06:35:00,1.6539,1.6284,121.69,18.36,13.226,18.152,0.0829799999999999,157.84,13.1,15.474,15.641,15.802,15.699,28.434,10
2020-07-15 06:36:00,1.6501,2.8802,121.68,18.443,13.227,18.152,0.0892,158.69,14.152,15.583,15.794,15.923,15.745,30.394,10
2020-07-15 06:37:00,1.6473,3.7111,121.67,18.526,13.226,18.15,0.10145,157.9,16.024,15.73,15.841,15.956,15.827,34.121,10
2020-07-15 06:38:00,1.6539,2.8248,121.43,18.621,13.224,18.166,0.0919399999999999,157.77,14.498,15.904,15.935,16.083,15.976,31.554,10
2020-07-15 06:39:00,1.6622,1.5177,121.38,18.767,13.225,18.175,0.08719,157.35,13.722,16.026,16.053,16.104,15.996,27.331,10
2020-07-15 06:40:00,1.6616,1.8389,121.46,18.886,13.224,18.175,0.0848099999999999,159.13,13.496,16.076,16.041,16.111,16.007,27.137,10
2020-07-15 06:41:00,1.6616,2.3928,121.32,19.019,13.221,18.179,0.0921199999999999,157.14,14.476,16.134,16.049,16.122,16.027,28.49,10
2020-07-15 06:42:00,1.6555,3.4341,121.37,19.128,13.224,18.196,0.10108,157.71,15.934,16.188,16.065,16.145,16.162,30.589,10
2020-07-15 06:43:00,1.6558,5.3283,121.53,19.248,13.22,18.195,0.10126,158.47,16.044,16.257,16.083,16.248,16.351,35.144,10
2020-07-15 06:44:00,1.6574,7.2004,121.67,19.367,13.219,18.193,0.1299599999999999,156.74,20.369,16.396,16.297,16.346,16.395,39.23,10
2020-07-15 06:45:00,1.6536,8.3414,121.28,19.46,13.217,18.213,0.1440299999999999,157.71,22.72,16.568,16.297,16.521,16.682,42.543,10
2020-07-15 06:46:00,1.6517,8.862,121.28,19.575,13.218,18.231,0.15006,157.4,23.621,16.794,16.576,16.609,16.783,45.635,10
2020-07-15 06:47:00,1.6508,8.950699999999998,121.28,19.688,13.215,18.244,0.1486,158.03,23.48,17.016,16.711,16.769,16.97,45.717,10
2020-07-15 06:48:00,1.6503,9.0836,121.28,19.8,13.215,18.26,0.1542699999999999,157.94,24.367,17.25,16.788,16.835,17.078,45.716,10
2020-07-15 06:49:00,1.6558,9.5489,121.19,19.899,13.213,18.284,0.1445799999999999,156.66,22.645,17.474,16.841,16.942,17.189,45.744,10
2020-07-15 06:50:00,1.6539,9.5821,121.22,19.972,13.211,18.292,0.15226,157.82,24.029,17.658,16.977,17.025,17.291,46.185,10
2020-07-15 06:51:00,1.6564,10.014,121.2,19.991,13.209,18.307,0.15719,158.21,24.872,17.837,16.918,17.057,17.395,47.013,10
2020-07-15 06:52:00,1.6594,10.103,121.31,20.039,13.207,18.339,0.1555499999999999,158.36,24.625,18.073,16.995,17.055,17.33,47.261,10
2020-07-15 06:53:00,1.6591,10.358,121.33,20.095,13.205,18.368,0.1603,156.98,25.164,18.321,16.991,17.027,17.257,47.73,10
2020-07-15 06:54:00,1.6616,10.978,121.26,20.142,13.205,18.394,0.15756,158.11,24.908,18.549,16.896,16.966,17.217,48.061,10
2020-07-15 06:55:00,1.6608,11.067,120.93,20.226,13.201,18.433,0.16633,156.81,26.085,18.801,16.746,16.969,17.182,48.365,10
2020-07-15 06:56:00,1.6649,11.432,120.89,20.405,13.198,18.472,0.17035,157.87,26.889,19.029,16.724,16.912,17.121,48.365,10
2020-07-15 06:57:00,1.6638,11.621,120.91,20.524,13.198,18.504,0.16688,157.04,26.202,19.224,16.688,16.86,17.005,48.392,10
2020-07-15 06:58:00,1.6638,11.632,121.17,20.724,13.196,18.563,0.17072,157.54,26.901,19.471,16.628,16.827,16.995,48.503,10
2020-07-15 06:59:00,1.6578,10.79,121.11,20.877,13.193,18.602,0.1502499999999999,176.27,26.421,19.684,16.577,16.803,16.974,48.917,10
2020-07-15 07:00:00,1.6798,5.8934,121.13,20.994,13.19,18.662,0.0986999999999999,207.6,20.432,19.901,16.511,16.772,16.895,49.11,10
2020-07-15 07:01:00,1.6649,10.18,121.21,21.049,13.189,18.707,0.12959,190.52,24.485,20.05,16.481,16.696,16.803,49.883,10
2020-07-15 07:02:00,1.6558,12.507,121.25,21.163,13.186,18.766,0.1582899999999999,171.84,27.202,20.26,16.371,16.662,16.752,50.158,10
2020-07-15 07:03:00,1.6569,12.618,121.36,21.292,13.186,18.829,0.1632299999999999,171.92,28.062,20.516,16.391,16.636,16.703,50.351,10
2020-07-15 07:04:00,1.6534,12.795,121.27,21.388,13.184,18.897,0.16195,171.9,27.834,20.738,16.313,16.608,16.685,50.351,10
2020-07-15 07:05:00,1.6556,13.227,121.17,21.423,13.181,18.974,0.16213,172.01,27.89,20.969,16.331,16.565,16.624,50.352,10
2020-07-15 07:06:00,1.6597,13.626,121.09,21.466,13.177,19.04,0.17182,172.53,29.646,21.13,16.198,16.517,16.61,50.352,10
2020-07-15 07:07:00,1.66,13.781,121.16,21.282,13.178,19.119,0.17035,170.75,29.09,21.31,16.214,16.484,16.534,50.352,10
2020-07-15 07:08:00,1.6602,13.781,121.12,21.1,13.176,19.204,0.1804099999999999,172.24,31.07,21.475,16.208,16.488,16.552,50.352,10
2020-07-15 07:09:00,1.6596,13.803,121.27,20.982,13.175,19.277,0.17327,171.75,29.762,21.712,16.259,16.478,16.488,50.849,10
2020-07-15 07:10:00,1.6594,14.091,121.37,20.794,13.173,19.368,0.18168,172.4,31.32,21.825,16.222,16.524,16.614,51.621,10
2020-07-15 07:11:00,1.6616,14.755,121.25,20.642,13.172,19.449,0.1818599999999999,171.3,31.156,22.034,16.219,16.535,16.607,52.42,10
2020-07-15 07:12:00,1.6688,15.099,121.11,20.63,13.171,19.537,0.18223,170.53,31.075,22.29,16.259,16.54,16.604,54.187,10
2020-07-15 07:13:00,1.6649,15.641,121.12,20.595,13.167,19.623,0.1855199999999999,171.27,31.759,22.449,16.329,16.567,16.657,56.588,10
2020-07-15 07:14:00,1.6666,16.029,121.02,20.541,13.167,19.716,0.19667,173.03,34.028,22.603,16.334,16.62,16.793,59.016,10
2020-07-15 07:15:00,1.6649,16.849,121.09,20.569,13.165,19.809,0.20307,173.18,35.171,22.747,16.444,16.67,16.831,61.997,10
2020-07-15 07:16:00,1.6671,17.624,120.88,20.473,13.163,19.896,0.1985,171.39,34.02,22.827,16.601,16.679,16.786,65.226,10
2020-07-15 07:17:00,1.6732,18.976,120.93,20.406,13.163,19.99,0.2114699999999999,172.2,36.423,23.004,16.638,16.745,16.887,68.262,10
2020-07-15 07:18:00,1.6759,20.382,120.87,20.358,13.162,20.076,0.22353,172.52,38.567,23.159,16.703,16.814,16.967,71.16,10
2020-07-15 07:19:00,1.6817,21.966,121.03,20.233,13.161,20.178,0.2376099999999999,171.72,40.809,23.242,16.804,16.924,17.046,74.058,10
2020-07-15 07:20:00,1.6819,22.442,121.09,20.25,13.16,20.262,0.24382,170.97,41.687,23.392,16.837,17.006,17.16,77.093,10
2020-07-15 07:21:00,1.6849,24.169,121.0,20.252,13.161,20.356,0.25185,171.78,43.255,23.511,16.942,17.081,17.254,80.32299999999998,10
2020-07-15 07:22:00,1.6849,25.51,120.89,20.291,13.159,20.446,0.2615399999999999,171.55,44.867,23.653,17.035,17.178,17.35,83.414,10
2020-07-15 07:23:00,1.6862,27.68,120.86,20.427,13.157,20.536,0.26683,172.0,45.892,23.86,17.2,17.266,17.406,86.973,10
2020-07-15 07:24:00,1.69,28.876,120.94,20.546,13.157,20.629,0.28309,172.04,48.707,24.044,17.279,17.405,17.564,90.01,10
2020-07-15 07:25:00,1.6925,30.227,120.82,20.653,13.153,20.722,0.29625,171.67,50.861,24.221,17.385,17.535,17.707,93.045,10
2020-07-15 07:26:00,1.6933,32.664,120.82,20.723,13.155,20.81,0.30484,171.8,52.361,24.43,17.542,17.657,17.811,96.274,10
2020-07-15 07:27:00,1.6933,33.771,120.89,20.742,13.152,20.903,0.3121499999999999,171.86,53.655,24.604,17.691,17.809,17.967,99.393,10
2020-07-15 07:28:00,1.6983,35.366,120.84,20.843,13.151,20.996,0.3335299999999999,172.48,57.522,24.84,17.845,17.977,18.149,102.57,10
2020-07-15 07:29:00,1.6996,37.636,120.76,20.997,13.15,21.076,0.34138,171.51,58.546,25.035,17.961,18.124,18.308,105.96,10
2020-07-15 07:30:00,1.7057,39.241,120.79,21.132,13.15,21.166,0.3647699999999999,172.1,62.779,25.258,18.132,18.277,18.483,109.38,10
2020-07-15 07:31:00,1.7057,41.268,120.71,21.234,13.148,21.254,0.37263,171.74,63.999,25.469,18.268,18.445,18.667,112.86,10
2020-07-15 07:32:00,1.6974,44.069,120.65,21.499,13.146,21.348,0.3527,190.66,67.032,25.746,18.461,18.64,18.85,116.25,10
2020-07-15 07:33:00,1.6954,36.383,120.67,21.724,13.144,21.431,0.26699,225.99,60.005,25.918,18.639,18.795,19.007,119.51,10
2020-07-15 07:34:00,1.7023,20.047,120.65,21.844,13.143,21.521,0.1648399999999999,247.49,40.556,26.171,18.772,18.977,19.199,123.15,10
2020-07-15 07:35:00,1.699,46.228,120.95,21.983,13.141,21.61,0.3210799999999999,217.7,69.503,26.336,18.989,19.127,19.322,126.38,10
2020-07-15 07:36:00,1.7119,52.674,120.86,22.16,13.139,21.705,0.3819299999999999,205.17,78.35899999999998,26.521,19.116,19.315,19.534,129.5,10
2020-07-15 07:37:00,1.7359,56.162,120.8,22.445,13.139,21.791,0.4086099999999999,200.42,81.87399999999998,26.759,19.282,19.495,19.695,133.14,10
2020-07-15 07:38:00,1.764,58.686,120.61,22.583,13.138,21.875,0.44478,189.71,84.33499999999998,26.942,19.465,19.642,19.836,136.1,10
2020-07-15 07:39:00,1.7813,59.683,120.49,22.522,13.133,21.966,0.47676,179.11,85.36,26.988,19.621,19.804,19.983,139.41,10
2020-07-15 07:40:00,1.7863,62.707,120.41,22.462,13.133,22.057,0.48096,184.11,88.561,27.039,19.809,19.996,20.175,143.16,10
2020-07-15 07:41:00,1.7887,66.117,120.46,22.266,13.132,22.147,0.49357,191.77,94.652,26.813,19.959,20.115,20.276,147.22,10
2020-07-15 07:42:00,1.7863,68.753,120.61,21.931,13.131,22.239,0.50453,195.62,98.678,26.477,20.121,20.222,20.341,151.22,10
2020-07-15 07:43:00,1.8031,71.532,120.41,21.673,13.131,22.327,0.5270099999999999,192.09,101.23,26.132,20.258,20.342,20.407,155.33,10
2020-07-15 07:44:00,1.8094,74.012,120.39,21.62,13.129,22.42,0.5450899999999999,192.23,104.75,25.927,20.448,20.512,20.535,159.0,10
2020-07-15 07:45:00,1.8157,78.01,120.27,21.699,13.129,22.512,0.55496,195.89,108.7,25.808,20.592,20.766,20.824,163.17,10
2020-07-15 07:46:00,1.8204,80.30299999999998,120.24,21.88,13.129,22.596,0.56081,197.79,110.9,25.711,20.862,20.958,20.968,167.53,10
2020-07-15 07:47:00,1.8325,83.46899999999998,120.5,22.048,13.129,22.682,0.58931,195.95,115.48,25.508,21.08,21.165,21.203,171.97,10
2020-07-15 07:48:00,1.8325,84.754,120.66,22.155,13.128,22.768,0.6039299999999999,194.31,117.34,25.6,21.3,21.381,21.416,175.72,10
2020-07-15 07:49:00,1.8435,86.80299999999998,120.57,22.225,13.128,22.848,0.63389,191.67,121.5,25.686,21.433,21.559,21.608,179.47,10
2020-07-15 07:50:00,1.8567,92.694,120.39,21.987,13.126,22.932,0.63754,198.92,126.81,25.588,21.394,21.595,21.708,183.16,10
2020-07-15 07:51:00,1.8713,95.374,120.16,21.852,13.125,23.017,0.6428399999999999,202.33,130.04,25.662,21.58,21.801,21.811,186.89,10
2020-07-15 07:52:00,1.8686,100.07,120.3,21.936,13.125,23.091,0.62438,214.0,133.59,25.707,21.704,21.899,21.992,190.75,10
2020-07-15 07:53:00,1.8853,103.1,120.35,21.888,13.124,23.174,0.65817,210.43,138.51,25.714,21.776,21.875,21.997,194.61,10
2020-07-15 07:54:00,1.8952,109.33,120.56,21.701,13.123,23.244,0.67479,212.85,143.6,25.768,21.806,21.915,22.053,198.17,10
2020-07-15 07:55:00,1.9093,112.11,120.32,21.55,13.121,23.327,0.69745,214.52,149.6,25.695,21.837,22.081,22.187,201.73,10
2020-07-15 07:56:00,1.9258,115.12,120.32,21.488,13.12,23.4,0.7378299999999999,207.26,152.84,25.784,22.042,22.278,22.362,205.54,10
2020-07-15 07:57:00,1.9454,118.75,120.31,21.628,13.12,23.47,0.75592,206.69,156.23,25.976,22.271,22.468,22.592,208.99,10
2020-07-15 07:58:00,1.9544,123.08,120.49,21.743,13.118,23.538,0.7613999999999999,211.11,160.72,26.101,22.466,22.587,22.731,211.8,10
2020-07-15 07:59:00,1.9748,125.88,120.58,21.724,13.118,23.614,0.7597399999999999,218.35,165.88,26.164,22.524,22.743,22.981,215.97,10
2020-07-15 08:00:00,1.9869,128.72,120.23,21.667,13.117,23.676,0.7601,223.53,169.88,26.273,22.6,22.794,23.09,219.33,10
2020-07-15 08:01:00,1.9968,132.89,120.11,21.328,13.116,23.748,0.7641099999999998,226.54,173.09,26.263,22.619,22.753,23.154,222.19,10
2020-07-15 08:02:00,2.0166,136.71,120.09,20.915,13.116,23.818,0.78822,226.86,178.81,26.232,22.617,22.717,23.188,226.41,10
2020-07-15 08:03:00,2.0408,141.36,120.21,20.446,13.115,23.878,0.8324399999999998,222.69,185.33,26.155,22.548,22.73,23.216,230.08,10
2020-07-15 08:04:00,2.0684,145.76,120.29,20.242,13.114,23.942,0.87116,217.23,189.22,26.288,22.571,22.915,23.341,234.5,10
2020-07-15 08:05:00,2.0857,149.39,120.21,20.165,13.113,24.013,0.8762699999999999,218.86,191.76,26.388,22.573,22.979,23.499,237.89,10
2020-07-15 08:06:00,2.1055,152.05,119.92,20.079,13.11,24.073,0.91007,217.0,197.48,26.451,22.613,23.096,23.632,240.78,10
2020-07-15 08:07:00,2.1275,156.74,120.45,20.015,13.109,24.139,0.94659,214.09,202.63,26.573,22.667,23.193,23.811,244.36,10
2020-07-15 08:08:00,2.1387,158.92,120.72,19.955,13.113,24.198,0.93999,219.69,206.49,26.634,22.763,23.221,23.917,247.45,10
2020-07-15 08:09:00,2.1536,163.68,120.82,19.915,13.109,24.261,0.93743,225.66,211.52,26.626,22.678,23.363,24.131,250.82,10
2020-07-15 08:10:00,2.177,166.81,120.85,19.981,13.109,24.31,0.97068,221.42,214.91,26.731,22.982,23.461,24.153,255.04,10
2020-07-15 08:11:00,2.1996,170.95,120.72,20.022,13.109,24.371,1.0092,217.51,219.5,26.884,23.07,23.645,24.379,259.26,10
2020-07-15 08:12:00,2.2227,174.65,120.5,19.863,13.107,24.43,1.0096,220.34,222.43,26.797,22.922,23.629,24.5,263.09,10
2020-07-15 08:13:00,2.2448,177.85,120.54,19.628,13.109,24.479,1.0134,226.26,229.27,26.702,22.963,23.762,24.678,266.54,10
2020-07-15 08:14:00,2.2671,182.02,120.61,19.643,13.107,24.531,1.0549,219.98,232.01,26.848,23.232,24.008,24.873,270.12,10
2020-07-15 08:15:00,2.2841,186.12,120.75,19.758,13.107,24.588,1.0629,223.31,237.34,27.053,23.305,24.2,25.171,273.73,10
2020-07-15 08:16:00,2.31,189.96,120.68,19.89,13.106,24.647,1.0989,220.31,242.11,27.317,23.654,24.412,25.401,278.03,10
2020-07-15 08:17:00,2.3447,194.58,120.43,20.132,13.105,24.694,1.1044,221.87,245.03,27.58,23.884,24.625,25.534,282.45,10
2020-07-15 08:18:00,2.3673,198.43,120.57,20.307,13.104,24.742,1.1411,221.4,252.57,27.854,24.141,24.845,25.623,286.92,10
2020-07-15 08:19:00,2.3937,203.76,120.59,20.331,13.105,24.792,1.1347,224.3,254.47,28.057,24.341,24.999,25.713,291.16,10
2020-07-15 08:20:00,2.4172,206.25,120.49,20.37,13.103,24.856,1.1493,227.46,261.38,28.214,24.673,25.254,26.062,294.7,10
2020-07-15 08:21:00,2.4309,210.4,120.37,20.471,13.103,24.909,1.1994,220.36,264.26,28.451,24.889,25.533,26.26,298.25,10
2020-07-15 08:22:00,2.4687,214.21,120.34,20.619,13.103,24.946,1.2191,220.77,269.1,28.636,25.092,25.676,26.45,302.83,10
2020-07-15 08:23:00,2.494,217.59,120.66,20.675,13.102,25.005,1.2221,225.07,275.0,28.62,25.139,25.832,26.767,306.97,10
2020-07-15 08:24:00,2.5102,222.2,120.8,20.697,13.101,25.044,1.2579,221.51,278.6,28.704,25.248,26.058,26.964,310.97,10
2020-07-15 08:25:00,2.5455,225.08,120.79,20.588,13.1,25.109,1.2568,225.59,283.5,28.625,25.321,26.127,27.215,315.22,10
2020-07-15 08:26:00,2.5684,226.7,120.51,20.627,13.098,25.153,1.3251,216.78,287.2,28.854,25.609,26.502,27.503,319.35,10
2020-07-15 08:27:00,2.6009,227.92,120.38,20.918,13.1,25.197,1.373,213.91,293.64,29.234,26.051,26.791,27.812,323.11,10
2020-07-15 08:28:00,2.6157,233.6,120.48,21.127,13.098,25.238,1.4051,209.99,295.01,29.628,26.497,27.169,27.973,327.05,10
2020-07-15 08:29:00,2.6416,236.94,120.45,21.32,13.097,25.289,1.4265,208.86,297.91,29.97,26.75,27.37,28.337,330.94,10
2020-07-15 08:30:00,2.6664,240.48,120.62,21.425,13.096,25.347,1.4312,211.06,302.06,30.335,27.152,27.636,28.616,334.63,10
2020-07-15 08:31:00,2.6865,244.36,120.79,21.559,13.095,25.396,1.4639,209.34,306.46,30.555,27.288,27.995,29.047,338.61,10
2020-07-15 08:32:00,2.6984,246.83,120.74,21.548,13.093,25.445,1.5277,203.36,310.57,30.629,27.446,28.065,29.294,342.72,10
2020-07-15 08:33:00,2.7047,247.55,120.61,21.513,13.092,25.489,1.582,198.41,313.87,30.873,27.695,28.412,29.444,346.96,10
2020-07-15 08:34:00,2.738,253.29,120.59,21.601,13.091,25.547,1.5805,201.19,317.94,31.214,27.943,28.692,29.761,350.97,10
2020-07-15 08:35:00,2.768,259.27,120.57,21.721,13.088,25.603,1.586,203.73,323.05,31.526,28.515,29.19,30.179,354.5,10
2020-07-15 08:36:00,2.8,265.67,120.49,21.951,13.09,25.649,1.6026,204.96,328.43,31.956,28.946,29.663,30.579,358.47,10
2020-07-15 08:37:00,2.8244,269.23,120.46,22.168,13.087,25.701,1.6075,207.7,333.84,32.467,29.356,30.143,30.97,361.78,10
2020-07-15 08:38:00,2.8492,274.31,120.56,22.26,13.085,25.765,1.6082,211.68,340.4,32.897,29.712,30.505,31.195,365.58,10
2020-07-15 08:39:00,2.8712,276.26,120.68,22.414,13.086,25.818,1.6117,212.72,342.82,33.33,30.257,30.954,31.592,369.17,10
2020-07-15 08:40:00,2.8962,280.58,120.78,22.752,13.083,25.871,1.6478,210.9,347.5,33.742,30.562,31.141,31.935,372.79,10
2020-07-15 08:41:00,2.9182,283.95,120.84,23.013,13.083,25.944,1.6511,213.45,352.42,34.014,30.903,31.443,32.205,376.12,10
2020-07-15 08:42:00,2.9436,285.12,120.75,23.23,13.084,26.0,1.703,207.32,353.05,34.36,31.173,31.636,32.194,380.59,10
2020-07-15 08:43:00,2.9515,289.42,120.65,23.31,13.082,26.054,1.7534,203.69,357.12,34.501,31.505,31.748,32.406,384.92,10
2020-07-15 08:44:00,2.9914,293.89,120.61,23.445,13.082,26.127,1.7652,207.12,365.61,34.752,31.756,31.977,32.676,388.81,10
2020-07-15 08:45:00,3.0253,298.01,120.62,23.566,13.078,26.184,1.774,209.12,370.95,35.007,31.941,32.153,32.94,392.82,10
2020-07-15 08:46:00,3.0443,301.84,120.7,23.584,13.079,26.252,1.7763,210.32,373.58,35.231,32.232,32.34,33.125,396.38,10
2020-07-15 08:47:00,3.0688,304.79,120.56,23.543,13.077,26.326,1.7942,211.46,379.39,35.301,32.28,32.456,33.248,400.08,10
2020-07-15 08:48:00,3.0927,308.47,120.65,23.516,13.073,26.397,1.8233,210.43,383.62,35.479,32.495,32.768,33.316,404.11,10
2020-07-15 08:49:00,3.126,313.22,120.67,23.182,13.073,26.474,1.8141,212.45,385.33,35.356,32.371,32.747,33.075,408.05,10
2020-07-15 08:50:00,3.1469,316.29,120.67,22.947,13.072,26.546,1.8792,207.47,389.86,35.404,32.584,32.88,33.156,411.64,10
2020-07-15 08:51:00,3.1866,319.94,120.57,22.939,13.069,26.627,1.8715,210.94,394.73,35.61,32.724,33.091,33.12,415.67,10
2020-07-15 08:52:00,3.2113,323.92,120.62,22.906,13.069,26.709,1.8916,211.66,400.29,35.656,32.639,32.876,33.183,420.17,10
2020-07-15 08:53:00,3.2452,328.61,120.54,22.974,13.067,26.784,1.8801,215.99,406.02,35.77,32.934,32.978,33.304,423.89,10
2020-07-15 08:54:00,3.2647,331.28,120.59,23.038,13.066,26.868,1.9295,211.59,408.18,35.982,33.105,33.227,33.648,427.81,10
2020-07-15 08:55:00,3.2931,335.45,120.55,23.181,13.066,26.939,1.9204,214.69,412.22,36.213,33.306,33.342,33.777,431.32,10
2020-07-15 08:56:00,3.3,338.21,120.7,23.164,13.065,27.002,1.9663,210.46,413.8,36.214,33.141,33.308,33.683,433.25,10
2020-07-15 08:57:00,3.3234,341.16,120.97,22.955,13.064,27.087,1.965,214.05,420.55,36.207,33.26,33.306,33.782,435.86,10
2020-07-15 08:58:00,3.3559,345.61,121.25,22.893,13.064,27.156,1.994,212.9,424.53,36.165,33.162,33.432,34.009,440.61,10
2020-07-15 08:59:00,3.3729,347.45,121.27,22.805,13.062,27.239,2.0621,206.77,426.34,36.196,33.29,33.631,34.139,443.72,10
2020-07-15 09:00:00,3.395,350.19,121.13,22.669,13.061,27.31,2.0875,205.76,429.42,36.117,33.122,33.396,34.06,446.63,10
2020-07-15 09:01:00,3.4308,354.72,121.09,22.508,13.061,27.394,2.0437,213.15,435.57,36.158,33.054,33.487,34.002,449.22,10
2020-07-15 09:02:00,3.4487,356.2,121.05,22.436,13.059,27.47,2.1204,206.34,437.53,36.263,33.264,33.715,34.258,453.11,10
2020-07-15 09:03:00,3.4602,362.06,121.11,22.477,13.058,27.545,2.1737,204.47,444.44,36.289,33.276,33.928,34.352,458.68,10
2020-07-15 09:04:00,3.5285,367.77,121.04,22.479,13.058,27.624,2.1606,208.52,450.53,36.324,33.279,33.826,34.226,463.67,10
2020-07-15 09:05:00,3.5541,369.78,121.0,22.238,13.056,27.691,2.1655,211.71,458.43,36.002,32.911,33.467,34.19,467.45,10
2020-07-15 09:06:00,3.5808,378.81,120.93,21.99,13.056,27.766,2.1573,213.96,461.49,35.71,32.752,33.466,34.116,471.06,10
2020-07-15 09:07:00,3.6064,379.65,121.03,21.917,13.056,27.836,2.1883,213.62,467.47,35.628,32.737,33.646,34.024,474.59,10
2020-07-15 09:08:00,3.6472,384.66,121.13,22.021,13.057,27.908,2.1714,216.44,469.94,35.584,32.666,33.637,34.352,480.05,10
2020-07-15 09:09:00,3.6689,386.73,121.04,22.075,13.055,27.971,2.1887,217.83,476.75,35.593,32.698,33.676,34.039,482.64,10
2020-07-15 09:10:00,3.7,392.32,121.03,21.883,13.054,28.031,2.2336,214.63,479.33,35.462,32.415,33.439,33.862,487.66,10
2020-07-15 09:11:00,3.7279,395.93,121.09,21.766,13.055,28.102,2.2619,213.5,482.86,35.34,32.439,33.338,33.599,490.91,10
2020-07-15 09:12:00,3.7674,401.88,121.04,21.706,13.055,28.155,2.244,220.05,493.75,35.173,32.585,33.401,33.554,496.29,10
2020-07-15 09:13:00,3.7957,405.57,121.13,21.815,13.055,28.22,2.3152,215.53,498.96,35.31,32.629,33.354,33.742,501.64,10
2020-07-15 09:14:00,3.8109,405.5,121.14,21.773,13.055,28.281,2.2675,220.64,500.27,35.111,32.351,33.257,33.574,503.72,10
2020-07-15 09:15:00,3.8678,410.15,121.07,21.68,13.055,28.335,2.3524,214.74,504.98,34.93,32.156,33.122,33.447,507.41,10
2020-07-15 09:16:00,3.9129,419.54,121.05,21.415,13.053,28.391,2.3743,217.5,516.36,34.768,32.171,33.112,33.531,517.48,10
2020-07-15 09:17:00,3.9771,427.72,121.02,20.932,13.054,28.444,2.3696,221.25,524.22,34.393,31.708,32.782,33.191,524.98,10
2020-07-15 09:18:00,4.0212,433.58,121.35,20.357,13.057,28.494,2.4087,221.19,532.75,33.789,31.269,32.319,32.65,529.64,10
2020-07-15 09:19:00,4.0091,435.21,121.54,20.141,13.055,28.54,2.4302,219.99,534.59,33.448,31.247,32.165,32.282,530.0,10
2020-07-15 09:20:00,3.8391,411.91,121.22,20.011,13.056,28.592,2.2795,220.43,502.79,33.255,31.115,31.853,32.082,514.5,10
2020-07-15 09:21:00,3.7365,390.64,120.92,19.789,13.056,28.635,2.1629,223.57,484.46,32.821,30.37,31.226,31.429,462.09,10
2020-07-15 09:22:00,3.1511,302.75,120.62,19.492,13.057,28.678,1.6637,225.4,375.85,32.298,29.728,30.556,30.754,391.03,10
2020-07-15 09:23:00,2.2504,169.07,120.16,19.163,13.056,28.721,0.95942,227.52,218.14,31.689,28.855,29.56,29.667,246.35,10
2020-07-15 09:24:00,1.9695,120.77,120.26,18.709,13.056,28.752,0.73292,221.58,162.21,30.687,27.582,28.068,28.493,172.73,10
2020-07-15 09:25:00,2.032,134.65,120.29,18.388,13.059,28.788,0.7899,223.53,176.56,29.732,26.49,27.063,27.367,186.68,10
2020-07-15 09:26:00,2.0499,137.89,120.34,18.174,13.062,28.816,0.78534,233.81,183.56,28.861,25.738,26.344,26.506,191.84,10
2020-07-15 09:27:00,1.9318,114.77,120.25,17.807,13.064,28.868,0.66242,236.05,156.5,28.08,25.06,25.634,25.696,163.37,10
2020-07-15 09:28:00,2.3627,191.9,120.56,17.62,13.067,28.875,1.0438,238.66,248.61,27.684,25.092,25.454,25.325,239.88,10
2020-07-15 09:29:00,2.2729,178.47,120.44,17.483,13.069,28.874,0.99225,231.86,230.09,27.341,24.876,25.173,25.007,226.47,10
2020-07-15 09:30:00,2.1233,152.92,120.4,17.393,13.07,28.888,0.8851999999999999,225.45,199.65,26.996,24.951,25.149,24.971,201.32,10
2020-07-15 09:31:00,2.0201,131.56,120.63,17.457,13.074,28.903,0.77143,223.85,172.59,26.869,25.007,25.183,25.014,180.55,10
2020-07-15 09:32:00,1.9468,114.51,120.63,17.418,13.075,28.903,0.7055,216.91,153.06,26.755,24.889,25.151,24.953,164.69,10
2020-07-15 09:33:00,1.8769,99.373,120.66,17.296,13.078,28.903,0.6306199999999998,214.81,135.44,26.445,24.296,24.593,24.515,146.92,10
2020-07-15 09:34:00,1.8356,89.378,120.66,17.016,13.078,28.885,0.57711,211.69,122.15,25.938,23.91,24.167,24.112,133.74,10
2020-07-15 09:35:00,1.8213,83.96599999999998,120.55,16.904,13.08,28.873,0.53858,210.64,113.41,25.566,23.502,23.775,23.756,125.71,10
2020-07-15 09:36:00,1.8026,75.842,120.57,16.838,13.082,28.873,0.52068,201.82,105.18,25.268,23.271,23.572,23.495,118.49,10
2020-07-15 09:37:00,1.7445,54.8,120.59,16.799,13.081,28.865,0.40215,199.76,80.315,25.026,22.899,23.191,23.243,88.92,10
2020-07-15 09:38:00,1.7568,58.507,120.72,16.735,13.084,28.822,0.4289899999999999,201.27,86.33199999999998,24.726,22.656,22.998,23.135,93.057,10
2020-07-15 09:39:00,1.7524,55.695,120.64,16.752,13.087,28.79,0.4214999999999999,195.41,82.34999999999998,24.535,22.525,22.784,22.91,89.471,10
2020-07-15 09:40:00,1.7417,50.947,120.6,16.711,13.089,28.749,0.39137,194.94,76.292,24.387,22.484,22.766,22.789,81.748,10
2020-07-15 09:41:00,1.7439,51.257,120.7,16.65,13.09,28.723,0.39922,197.08,78.68,24.279,22.4,22.503,22.549,84.39499999999998,10
2020-07-15 09:42:00,1.8273,82.437,120.76,16.523,13.093,28.672,0.5803899999999999,197.74,114.41,24.165,22.351,22.581,22.609,116.66,10
2020-07-15 09:43:00,1.8246,80.854,120.8,16.522,13.093,28.629,0.5800199999999999,192.29,111.46,24.19,22.528,22.759,22.774,119.83,10
2020-07-15 09:44:00,1.7731,66.853,120.81,16.542,13.094,28.58,0.4783,200.13,95.756,24.177,22.647,22.768,22.781,101.99,10
2020-07-15 09:45:00,1.8364,86.444,120.91,16.454,13.096,28.522,0.59975,200.48,120.1,24.079,22.582,22.704,22.816,124.71,10
2020-07-15 09:46:00,1.8072,74.811,120.79,16.394,13.098,28.47,0.53309,199.18,106.12,23.989,22.73,22.717,22.905,114.26,10
2020-07-15 09:47:00,1.7439,52.309,120.62,16.393,13.099,28.412,0.38845,199.43,77.453,23.926,22.615,22.603,22.818,86.765,10
2020-07-15 09:48:00,1.7467,51.369,120.68,16.256,13.101,28.359,0.39393,199.99,78.729,23.663,22.317,22.432,22.534,85.552,10
2020-07-15 09:49:00,1.7508,52.807,120.76,16.137,13.101,28.283,0.38955,196.2,76.42199999999998,23.471,22.119,22.246,22.361,85.27599999999998,10
2020-07-15 09:50:00,1.7379,44.54,120.61,16.055,13.105,28.222,0.34992,196.56,68.785,23.304,21.968,22.005,22.147,77.334,10
2020-07-15 09:51:00,1.7417,48.923,120.34,16.019,13.104,28.154,0.38024,195.8,74.453,23.147,21.895,21.936,21.999,81.498,10
2020-07-15 09:52:00,1.7877,66.522,120.13,16.021,13.107,28.093,0.4709999999999999,199.67,93.994,23.056,21.876,21.873,22.008,99.232,10
2020-07-15 09:53:00,1.8356,84.209,120.3,15.96,13.107,28.01,0.5752899999999999,199.02,114.63,22.964,21.867,21.769,21.881,117.85,10
2020-07-15 09:54:00,2.0589,135.3,120.55,15.913,13.108,27.937,0.8927,195.81,174.77,22.905,21.938,21.913,22.112,174.69,10
2020-07-15 09:55:00,2.3615,192.79,120.71,15.94,13.11,27.862,1.2176,198.98,242.18,22.982,22.379,22.416,22.759,239.92,10
2020-07-15 09:56:00,2.2594,176.64,120.61,16.03,13.113,27.78,1.1186,197.92,221.39,23.112,22.875,22.827,23.19,225.99,10
2020-07-15 09:57:00,2.2861,178.76,120.56,16.112,13.111,27.697,1.1661,193.68,225.84,23.188,23.144,23.128,23.587,229.38,10
2020-07-15 09:58:00,2.4144,202.89,120.58,16.219,13.113,27.623,1.2549,202.24,253.83,23.336,23.576,23.48,24.093,251.95,10
2020-07-15 09:59:00,2.3745,197.55,120.73,16.264,13.115,27.541,1.1767,209.33,246.26,23.422,23.818,23.706,24.347,243.29,10
2020-07-15 10:00:00,2.5022,216.21,120.78,16.296,13.113,27.462,1.2837,211.76,271.74,23.509,24.023,24.064,24.731,263.21,10
2020-07-15 10:01:00,2.5366,223.38,120.69,16.337,13.112,27.368,1.2945,215.14,278.43,23.626,24.346,24.341,24.982,272.17,10
2020-07-15 10:02:00,2.5026,220.5,120.63,16.317,13.116,27.294,1.2416,222.35,276.1,23.72,24.51,24.434,25.242,268.64,10
2020-07-15 10:03:00,2.4764,217.52,120.68,16.311,13.115,27.211,1.206,225.44,271.81,23.806,24.767,24.923,25.62,265.64,10
2020-07-15 10:04:00,2.3261,194.16,120.87,16.345,13.117,27.14,1.0883,226.45,246.44,23.898,24.899,24.924,25.645,239.61,10
2020-07-15 10:05:00,2.2923,188.14,120.71,16.336,13.118,27.049,1.0546,225.79,238.12,23.946,25.004,25.035,25.789,233.07,10
2020-07-15 10:06:00,2.3162,190.94,120.53,16.345,13.116,26.976,1.0864,220.73,239.79,24.033,25.12,25.296,25.905,236.32,10
2020-07-15 10:07:00,2.2989,189.39,120.53,16.465,13.118,26.918,1.0668,223.41,238.32,24.165,25.313,25.494,26.102,234.7,10
2020-07-15 10:08:00,2.2976,188.98,120.61,16.539,13.118,26.829,1.0709,221.6,237.27,24.204,25.359,25.548,26.144,233.27,10
2020-07-15 10:09:00,2.2824,188.9,120.83,16.556,13.119,26.749,1.0773,219.16,236.11,24.301,25.582,25.655,26.424,231.42,10
2020-07-15 10:10:00,2.4421,212.87,121.05,16.648,13.12,26.687,1.1945,222.69,265.81,24.52,25.948,26.106,26.674,256.45,10
2020-07-15 10:11:00,2.6184,241.38,121.12,16.643,13.119,26.598,1.3443,223.66,300.75,24.623,25.946,26.174,26.792,288.53,10
2020-07-15 10:12:00,2.7321,258.19,121.08,16.705,13.118,26.524,1.3838,230.15,318.47,24.822,26.573,26.728,27.335,308.22,10
2020-07-15 10:13:00,2.75,260.55,121.09,16.834,13.119,26.457,1.4031,229.77,322.38,25.033,27.029,27.061,27.816,314.01,10
2020-07-15 10:14:00,2.6264,242.34,121.02,16.993,13.117,26.386,1.3217,227.14,300.24,25.272,27.393,27.435,28.291,295.01,10
2020-07-15 10:15:00,2.6204,240.8,120.95,17.123,13.119,26.309,1.3633,220.02,299.89,25.438,27.45,27.596,28.411,293.32,10
2020-07-15 10:16:00,2.7435,258.91,121.01,17.123,13.118,26.243,1.5339,210.61,323.04,25.582,27.82,27.923,28.69,314.62,10
2020-07-15 10:17:00,2.8641,274.05,120.91,17.211,13.119,26.174,1.5895,213.86,339.94,25.783,28.027,28.123,28.849,332.77,10
2020-07-15 10:18:00,2.5089,223.16,120.82,17.213,13.117,26.112,1.2948,215.21,278.64,25.826,27.954,27.998,28.796,280.94,10
2020-07-15 10:19:00,2.4566,214.23,120.94,17.255,13.117,26.039,1.2475,214.19,267.21,25.85,27.868,28.009,28.807,268.17,10
2020-07-15 10:20:00,2.5282,226.58,120.84,17.302,13.116,25.983,1.2768,221.89,283.27,25.855,27.829,27.949,28.618,277.55,10
2020-07-15 10:21:00,2.5436,227.97,120.91,17.211,13.115,25.919,1.2532,226.31,283.61,25.793,27.543,27.966,28.484,278.57,10
2020-07-15 10:22:00,2.5183,223.84,120.79,17.254,13.115,25.87,1.2289,227.9,280.06,25.818,27.672,27.909,28.47,274.25,10
2020-07-15 10:23:00,2.4761,218.23,120.78,17.339,13.115,25.804,1.2112,225.65,273.3,25.849,27.731,27.993,28.456,266.83,10
2020-07-15 10:24:00,2.3924,203.68,120.78,17.298,13.116,25.759,1.1142,228.54,254.66,25.829,27.538,27.806,28.189,251.33,10
2020-07-15 10:25:00,2.3118,192.54,120.76,17.263,13.115,25.712,1.0607,227.54,241.35,25.841,27.694,27.888,28.23,238.56,10
2020-07-15 10:26:00,2.3179,192.82,120.81,17.342,13.116,25.654,1.0761,227.25,244.53,25.84,27.527,27.95,28.312,238.78,10
2020-07-15 10:27:00,2.3399,194.62,120.76,17.462,13.116,25.607,1.1137,220.04,245.03,25.959,27.591,28.036,28.428,240.11,10
2020-07-15 10:28:00,2.3317,191.96,120.79,17.469,13.115,25.561,1.125,216.0,243.0,26.038,27.605,27.957,28.299,238.59,10
2020-07-15 10:29:00,2.2612,183.0,120.81,17.475,13.116,25.519,1.0593,216.85,229.66,26.078,27.557,27.865,28.132,226.78,10
2020-07-15 10:30:00,2.2025,173.01,120.65,17.515,13.115,25.467,1.0047,218.87,219.89,26.117,27.551,27.933,28.137,215.84,10
2020-07-15 10:31:00,2.1741,167.96,120.69,17.54,13.115,25.435,0.97799,216.42,211.65,26.186,27.486,27.811,27.984,210.16,10
2020-07-15 10:32:00,2.1504,165.03,120.74,17.614,13.113,25.388,0.94255,223.16,210.31,26.159,27.412,27.621,27.875,207.67,10
2020-07-15 10:33:00,2.2146,175.47,120.77,17.617,13.114,25.348,0.95168,232.13,220.87,26.091,27.151,27.258,27.528,220.06,10
2020-07-15 10:34:00,2.3912,204.61,121.07,17.624,13.113,25.311,1.1152,230.01,256.58,26.106,27.207,27.469,27.537,249.99,10
2020-07-15 10:35:00,2.5779,234.83,121.14,17.652,13.115,25.281,1.2767,229.5,292.86,26.121,27.343,27.666,27.709,280.86,10
2020-07-15 10:36:00,2.6886,249.93,121.13,17.694,13.112,25.237,1.4192,219.9,312.02,26.261,27.698,27.965,27.952,300.2,10
2020-07-15 10:37:00,2.8941,280.84,121.27,17.725,13.115,25.216,1.563,220.78,344.8,26.478,28.133,28.447,28.499,332.79,10
2020-07-15 10:38:00,3.1304,314.35,121.32,17.858,13.112,25.17,1.7447,222.32,387.93,26.631,28.519,28.786,28.822,369.34,10
2020-07-15 10:39:00,3.126,314.29,121.46,18.01,13.111,25.142,1.7425,223.06,388.7,26.87,29.15,29.164,29.424,371.55,10
2020-07-15 10:40:00,3.0173,297.39,121.28,18.112,13.111,25.121,1.6571,223.0,369.5,27.139,29.638,29.715,30.034,355.47,10
2020-07-15 10:41:00,2.8835,278.15,120.86,18.248,13.108,25.095,1.5488,222.99,345.26,27.355,29.914,30.102,30.51,333.95,10
2020-07-15 10:42:00,2.6612,246.64,120.84,18.381,13.11,25.07,1.3816,223.06,308.22,27.469,29.933,30.133,30.647,299.49,10
2020-07-15 10:43:00,2.5467,229.23,120.69,18.398,13.108,25.05,1.2967,219.69,284.87,27.513,29.75,30.125,30.565,280.15,10
2020-07-15 10:44:00,2.5527,227.25,120.63,18.296,13.106,25.027,1.331,213.74,284.33,27.523,29.774,30.174,30.358,280.81,10
2020-07-15 10:45:00,2.6673,245.82,120.57,18.176,13.104,25.011,1.416,216.03,305.93,27.542,29.62,30.043,30.133,300.12,10
2020-07-15 10:46:00,2.7197,255.27,120.61,18.105,13.108,24.994,1.4617,216.86,316.95,27.496,29.66,29.983,30.057,310.11,10
2020-07-15 10:47:00,2.7852,264.44,120.47,18.058,13.106,24.978,1.5335,212.52,325.54,27.581,29.764,30.019,30.12,318.55,10
2020-07-15 10:48:00,4.7842,527.19,121.25,18.019,13.105,24.962,3.03,211.21,640.46,27.929,30.827,31.088,31.209,612.9,10
2020-07-15 10:49:00,3.2835,334.74,120.82,18.134,13.106,24.946,1.8886,216.83,409.42,28.407,31.367,31.91,31.94,406.46,10
2020-07-15 10:50:00,3.9624,424.85,121.04,18.307,13.105,24.949,2.4531,212.72,520.92,28.703,31.923,32.241,32.473,500.23,10
2020-07-15 10:51:00,4.1185,444.52,121.04,18.503,13.104,24.928,2.577,211.54,545.38,29.118,32.538,32.792,33.033,534.66,10
2020-07-15 10:52:00,3.5911,377.23,120.75,18.5,13.102,24.919,2.2266,205.64,457.93,29.391,32.782,32.969,33.049,457.11,10
2020-07-15 10:53:00,3.3174,340.9,120.66,18.628,13.101,24.919,2.0013,207.46,415.14,29.602,33.05,33.322,33.486,415.7,10
2020-07-15 10:54:00,4.3337,473.55,120.96,18.868,13.101,24.915,2.9007,198.34,574.64,29.99,33.591,34.06,34.313,574.72,10
2020-07-15 10:55:00,3.9696,426.13,121.36,19.017,13.099,24.925,2.6574,194.64,517.47,30.46,34.187,34.544,34.962,531.66,10
2020-07-15 10:56:00,2.9335,286.53,121.3,19.048,13.098,24.945,1.8106,195.78,354.5,30.572,34.117,34.287,34.767,366.93,10
2020-07-15 10:57:00,2.8285,273.02,121.24,19.109,13.096,24.95,1.6712,201.03,335.97,30.546,33.644,33.901,34.421,341.4,10
2020-07-15 10:58:00,2.6426,241.17,121.21,19.066,13.094,24.962,1.4663,205.35,301.03,30.379,33.114,33.443,33.916,305.12,10
2020-07-15 10:59:00,2.4595,211.99,121.1,18.947,13.092,24.982,1.2927,205.4,265.48,30.109,32.49,32.905,33.032,271.19,10
2020-07-15 11:00:00,2.3749,199.84,121.11,18.709,13.094,25.009,1.203,207.43,249.51,29.782,31.736,31.963,32.053,254.94,10
2020-07-15 11:01:00,2.3581,197.93,121.1,18.627,13.09,25.031,1.169,212.42,248.29,29.407,31.111,31.524,31.113,249.51,10
2020-07-15 11:02:00,2.3641,198.84,121.11,18.522,13.093,25.04,1.1642,215.13,250.43,29.078,30.358,30.814,30.274,249.9,10
2020-07-15 11:03:00,2.4231,206.25,121.13,18.474,13.091,25.063,1.2326,210.35,259.1,28.884,30.332,30.77,30.195,259.28,10
2020-07-15 11:04:00,2.6941,250.16,121.5,18.596,13.093,25.087,1.4927,206.95,309.25,28.827,30.214,30.561,30.097,305.62,10
2020-07-15 11:05:00,4.5534,501.69,122.38,18.707,13.093,25.11,2.9639,205.22,608.28,28.708,30.458,30.581,30.557,553.76,10
2020-07-15 11:06:00,7.7373,910.48,123.22,18.843,13.091,25.132,5.4679,203.32,1111.9,29.389,33.196,33.286,33.707,1085.9,10
2020-07-15 11:07:00,4.8229,541.7,122.23,19.153,13.09,25.152,3.2883,199.13,654.91,30.416,35.018,34.843,35.828,675.2,10
2020-07-15 11:08:00,3.5712,375.99,121.77,19.493,13.088,25.168,2.2408,205.05,459.4,30.548,34.599,34.763,35.739,465.25,10
2020-07-15 11:09:00,3.3809,349.88,121.79,19.6,13.087,25.185,2.0731,207.56,430.28,30.68,34.683,34.878,35.709,430.35,10
2020-07-15 11:10:00,3.6583,385.43,121.88,19.608,13.088,25.215,2.1975,214.88,472.09,30.825,34.647,34.542,35.681,450.94,10
2020-07-15 11:11:00,3.6569,388.1,121.79,19.598,13.086,25.227,2.2607,209.26,472.56,30.887,34.471,34.348,35.622,485.01,10
2020-07-15 11:12:00,3.0521,304.25,121.57,19.557,13.084,25.248,1.8143,205.32,372.48,30.814,33.82,34.018,35.058,376.63,10
2020-07-15 11:13:00,3.053,303.62,121.59,19.407,13.084,25.297,1.8561,200.45,372.04,30.625,33.224,33.789,34.56,377.24,10
2020-07-15 11:14:00,3.0775,309.15,121.66,19.227,13.084,25.32,1.8199,207.02,376.74,30.447,33.126,33.527,34.1,378.37,10
2020-07-15 11:15:00,3.0791,310.0,121.64,19.194,13.083,25.353,1.7947,212.3,380.93,30.207,32.618,32.894,33.558,376.94,10
2020-07-15 11:16:00,3.1099,312.25,121.54,19.235,13.083,25.379,1.8266,210.11,383.68,30.15,32.406,32.737,33.468,381.0,10
2020-07-15 11:17:00,3.1432,316.55,121.29,19.368,13.083,25.425,1.8884,205.86,388.76,30.139,32.587,32.59,33.458,387.68,10
2020-07-15 11:18:00,3.1875,320.96,121.16,19.434,13.083,25.456,1.8995,208.51,396.09,30.062,32.447,32.597,33.508,392.84,10
2020-07-15 11:19:00,3.055,302.06,121.2,19.515,13.084,25.475,1.7701,211.35,374.12,30.017,32.329,32.383,33.481,374.65,10
2020-07-15 11:20:00,3.139,313.03,121.16,19.584,13.081,25.522,1.7935,214.14,384.6,29.855,31.756,31.765,32.975,374.9,10
2020-07-15 11:21:00,5.0323,563.64,121.68,19.51,13.082,25.553,3.1639,216.88,688.1,29.845,32.386,32.504,33.536,669.52,10
2020-07-15 11:22:00,3.0175,295.96,120.97,19.471,13.082,25.59,1.6908,215.46,364.21,29.925,32.318,32.446,33.323,372.17,10
2020-07-15 11:23:00,2.8583,274.82,120.91,19.591,13.081,25.626,1.5222,222.82,339.16,29.888,32.358,32.322,33.226,340.47,10
2020-07-15 11:24:00,2.9283,283.94,121.04,19.673,13.083,25.65,1.5829,220.74,349.39,29.896,32.098,32.123,33.237,350.76,10
2020-07-15 11:25:00,2.9486,286.62,120.99,19.634,13.081,25.676,1.5958,222.64,355.21,29.771,31.974,32.044,33.305,352.0,10
2020-07-15 11:26:00,3.148,314.74,121.1,19.692,13.082,25.718,1.7736,219.75,389.33,29.915,32.081,32.364,33.47,380.61,10
2020-07-15 11:27:00,5.2809,593.68,121.78,19.785,13.08,25.76,3.2837,220.16,722.85,30.294,32.878,33.094,34.662,677.82,10
2020-07-15 11:28:00,5.198,583.3,121.66,19.94,13.079,25.793,3.1724,225.14,712.78,30.81,33.719,34.138,36.054,696.38,10
2020-07-15 11:29:00,5.3563,605.48,121.82,19.991,13.079,25.826,3.3001,223.27,737.6799999999998,31.227,34.543,35.215,37.085,703.73,10
2020-07-15 11:30:00,4.9936,557.66,121.6,20.067,13.079,25.849,3.0491,223.01,681.2,31.957,36.307,36.632,38.478,690.79,10
2020-07-15 11:31:00,3.3091,337.54,121.16,20.056,13.076,25.896,1.8939,219.24,415.22,32.315,36.105,36.708,38.426,421.33,10
2020-07-15 11:32:00,3.07,307.17,121.23,20.016,13.071,25.924,1.7218,220.11,378.94,32.394,35.772,36.258,37.946,381.72,10
2020-07-15 11:33:00,3.1119,312.16,121.72,20.102,13.07,25.976,1.8161,212.98,386.51,32.458,35.447,36.179,37.869,388.5,10
2020-07-15 11:34:00,5.4942,625.32,122.93,20.259,13.071,26.011,3.5821,211.81,759.84,32.701,36.281,36.734,38.376,721.22,10
2020-07-15 11:35:00,7.9972,948.31,123.98,20.385,13.069,26.049,5.3748,214.28,1152.2,33.356,37.853,38.306,40.667,1132.3,10
2020-07-15 11:36:00,7.1228,837.25,123.73,20.479,13.064,26.082,4.7377,215.66,1021.1,34.287,39.897,40.591,43.15,1045.9,10
2020-07-15 11:37:00,4.9861,564.61,123.05,20.582,13.064,26.137,3.1479,216.8,682.71,34.859,40.27,40.778,43.656,684.86,10
2020-07-15 11:38:00,3.9633,432.62,122.8,20.677,13.062,26.179,2.4178,218.06,527.1,34.994,39.306,40.55,43.267,536.65,10
2020-07-15 11:39:00,4.0167,439.07,122.8,20.416,13.058,26.236,2.5029,212.9,532.35,34.62,37.986,39.603,42.657,534.47,10
2020-07-15 11:40:00,4.0751,445.14,122.75,20.143,13.056,26.281,2.6163,208.22,544.98,34.164,37.154,38.847,41.986,547.27,10
2020-07-15 11:41:00,3.3913,355.16,122.17,20.132,13.055,26.341,2.0829,206.49,430.07,33.81,36.516,38.259,41.232,438.54,10
2020-07-15 11:42:00,3.1341,314.97,121.97,20.206,13.054,26.401,1.8625,208.28,387.86,33.673,35.771,37.77,40.533,391.0,10
2020-07-15 11:43:00,2.9948,292.34,121.88,20.24,13.052,26.468,1.7293,210.15,363.34,33.502,35.47,37.128,39.797,364.44,10
2020-07-15 11:44:00,2.9513,286.18,121.85,20.098,13.051,26.525,1.686,210.53,354.95,33.469,35.2,36.586,39.252,355.19,10
2020-07-15 11:45:00,2.9909,290.39,121.89,20.165,13.052,26.59,1.7722,204.08,361.51,33.394,34.635,36.235,38.818,360.7,10
2020-07-15 11:46:00,3.0953,302.6,121.92,20.196,13.052,26.658,1.9072,197.93,377.22,33.226,34.547,35.678,38.321,378.74,10
2020-07-15 11:47:00,3.2718,331.0,121.97,20.27,13.05,26.728,2.0298,200.93,407.8,33.083,34.235,35.505,38.057,405.72,10
2020-07-15 11:48:00,3.6182,376.49,122.04,20.268,13.05,26.786,2.3323,197.98,462.21,33.177,34.456,35.848,37.978,457.25,10
2020-07-15 11:49:00,7.440299999999999,869.87,123.33,20.368,13.051,26.854,5.3009,199.32,1055.5,33.856,36.46,37.396,39.97,1045.4,10
2020-07-15 11:50:00,4.1764,454.97,122.26,20.538,13.049,26.929,2.7805,198.81,552.47,34.704,37.753,38.827,41.225,564.93,10
2020-07-15 11:51:00,5.2587,593.01,122.59,20.7,13.046,26.971,3.5649,203.81,727.51,35.018,38.518,39.677,41.975,713.35,10
2020-07-15 11:52:00,3.2996,338.77,122.18,21.056,13.047,27.036,2.0482,202.15,414.05,35.386,38.996,39.925,42.068,421.61,10
2020-07-15 11:53:00,2.9915,292.61,122.04,21.262,13.045,27.093,1.7729,204.07,361.76,35.248,37.957,38.648,41.04,369.09,10
2020-07-15 11:54:00,2.7731,259.0,121.83,21.164,13.044,27.161,1.5934,203.53,324.33,34.772,36.838,37.32,39.45,330.33,10
2020-07-15 11:55:00,2.6555,239.28,121.55,20.825,13.044,27.21,1.4619,204.13,298.37,34.165,35.655,36.573,37.922,307.34,10
2020-07-15 11:56:00,2.5385,222.71,121.3,20.353,13.043,27.281,1.3619,205.32,279.62,33.584,34.718,35.495,36.633,289.32,10
2020-07-15 11:57:00,2.4627,212.74,121.24,20.179,13.043,27.34,1.2924,206.73,267.12,33.135,33.733,34.807,35.451,277.54,10
2020-07-15 11:58:00,2.4773,214.84,121.26,20.239,13.043,27.402,1.2871,211.28,271.82,32.913,33.597,34.487,34.924,278.54,10
2020-07-15 11:59:00,2.5398,225.72,121.29,20.182,13.045,27.471,1.3305,211.31,281.17,32.712,33.142,34.196,34.422,288.81,10
2020-07-15 12:00:00,2.6384,239.2,121.37,20.272,13.042,27.533,1.4131,211.52,298.91,32.722,33.251,33.969,34.303,304.01,10
2020-07-15 12:01:00,2.7414,258.13,121.55,20.357,13.046,27.59,1.5002,211.61,317.34,32.607,32.846,33.633,34.205,320.33,10
2020-07-15 12:02:00,2.9267,280.58,121.45,20.455,13.046,27.653,1.642,212.06,348.02,32.478,32.748,33.505,34.314,346.32,10
2020-07-15 12:03:00,3.1969,322.13,121.68,20.45,13.046,27.697,1.8783,210.17,394.9,32.27,32.17,33.244,34.393,388.5,10
2020-07-15 12:04:00,6.2952,724.22,122.81,20.297,13.047,27.75,4.2661,209.13,888.33,32.282,32.853,33.992,35.426,826.47,10
2020-07-15 12:05:00,6.6596,774.2,122.91,20.446,13.046,27.799,4.5306,208.59,944.98,33.185,35.071,36.105,38.044,932.62,10
2020-07-15 12:06:00,7.2794,852.6599999999999,123.43,20.684,13.043,27.855,5.1484,201.85,1036.6,33.945,36.688,37.952,40.099,994.66,10
2020-07-15 12:07:00,8.3071,981.58,123.73,20.954,13.043,27.905,5.8573,205.59,1204.2,34.931,38.573,40.175,42.947,1180.0,10
2020-07-15 12:08:00,8.4503,1001.3,123.81,21.11,13.041,27.945,5.9379,205.3,1218.9,35.874,40.721,41.948,45.478,1209.7,10
2020-07-15 12:09:00,6.922,807.1799999999998,123.31,21.097,13.038,27.996,4.6461,212.53,988.85,36.855,42.604,43.765,47.233,1023.3,10
2020-07-15 12:10:00,3.5179,369.78,122.17,21.148,13.036,28.046,2.1205,213.3,452.31,37.088,41.48,43.285,47.075,460.26,10
2020-07-15 12:11:00,2.9935,294.88,121.9,21.223,13.033,28.102,1.7058,215.29,367.23,36.701,40.185,42.237,45.699,369.26,10
2020-07-15 12:12:00,2.8065,266.3,121.87,21.287,13.033,28.157,1.5516,215.56,334.49,36.461,39.771,41.51,44.509,333.18,10
2020-07-15 12:13:00,2.6845,249.5,121.57,21.378,13.03,28.22,1.4486,213.61,309.46,36.345,38.483,40.498,43.348,311.12,10
2020-07-15 12:14:00,2.5914,234.29,121.5,21.267,13.029,28.279,1.366,213.19,291.2,35.758,36.625,38.847,41.89,293.13,10
2020-07-15 12:15:00,2.5151,222.23,121.47,21.034,13.031,28.351,1.2988,214.12,278.11,35.233,35.956,38.139,40.869,277.25,10
2020-07-15 12:16:00,2.4529,212.3,121.54,20.778,13.031,28.404,1.2566,211.93,266.27,34.694,35.098,37.095,39.655,264.8,10
2020-07-15 12:17:00,2.4303,206.14,121.67,20.814,13.031,28.464,1.2313,211.92,260.91,34.535,34.606,36.807,38.856,257.25,10
2020-07-15 12:18:00,2.4136,202.81,121.63,20.743,13.03,28.525,1.2161,209.75,255.02,34.436,34.034,36.159,38.174,253.05,10
2020-07-15 12:19:00,2.4165,202.0,121.72,20.461,13.032,28.59,1.1814,217.23,256.58,34.343,33.692,35.707,37.233,251.92,10
2020-07-15 12:20:00,2.4272,203.0,121.68,20.413,13.032,28.641,1.1848,217.47,257.56,34.241,33.259,35.139,36.696,254.41,10
2020-07-15 12:21:00,2.4737,210.5,121.6,20.553,13.031,28.7,1.2334,215.88,266.25,33.952,32.858,34.401,36.076,262.87,10
2020-07-15 12:22:00,2.5502,223.95,121.68,20.685,13.033,28.748,1.3271,212.52,281.9,33.635,32.312,33.939,35.738,277.18,10
2020-07-15 12:23:00,2.6242,235.65,121.66,20.747,13.032,28.802,1.3957,210.28,293.47,33.659,32.424,34.151,35.506,290.92,10
2020-07-15 12:24:00,2.6889,245.48,121.81,20.845,13.032,28.864,1.472,209.61,308.54,33.599,32.274,33.786,35.478,302.03,10
2020-07-15 12:25:00,2.7415,255.08,121.85,20.937,13.033,28.893,1.4978,210.64,315.46,33.58,32.162,33.836,35.52,310.21,10
2020-07-15 12:26:00,2.7652,258.75,121.81,20.885,13.033,28.934,1.5752,203.83,321.06,33.382,31.821,33.538,35.316,315.56,10
2020-07-15 12:27:00,2.7966,261.95,121.81,20.81,13.032,28.981,1.6149,200.85,324.31,33.25,31.72,33.359,35.199,321.05,10
2020-07-15 12:28:00,2.8627,271.99,121.89,20.788,13.031,29.02,1.6585,203.45,337.36,33.305,32.038,33.694,35.365,332.32,10
2020-07-15 12:29:00,2.964,287.05,122.02,20.894,13.031,29.066,1.7661,201.1,355.18,33.382,31.486,33.362,35.569,351.85,10
2020-07-15 12:30:00,3.1396,312.75,122.06,21.022,13.031,29.1,1.9449,200.08,388.95,33.469,31.683,33.602,35.667,382.88,10
2020-07-15 12:31:00,3.5235,363.59,122.1,21.09,13.031,29.137,2.1785,206.27,449.54,33.55,32.29,33.871,36.025,437.15,10
2020-07-15 12:32:00,4.2671,460.76,122.32,21.127,13.031,29.168,2.6783,211.33,565.19,33.713,33.016,34.469,36.638,540.08,10
2020-07-15 12:33:00,7.0249,813.21,122.88,21.23,13.031,29.212,4.7032,210.64,993.56,34.057,34.045,35.636,38.369,937.76,10
2020-07-15 12:34:00,5.7213,647.66,122.43,21.34,13.028,29.247,3.7226,214.83,799.2999999999998,34.616,35.735,37.282,40.473,811.9299999999998,10
2020-07-15 12:35:00,3.4537,357.12,121.79,21.207,13.027,29.285,2.0546,214.45,440.67,34.726,35.772,37.393,40.162,439.63,10
2020-07-15 12:36:00,3.2563,329.69,121.77,21.223,13.028,29.322,1.8873,213.59,403.07,35.041,35.715,37.292,40.143,404.32,10
2020-07-15 12:37:00,3.3102,337.38,121.91,21.104,13.027,29.356,1.9068,217.18,414.0,34.731,34.887,36.576,39.76,411.07,10
2020-07-15 12:38:00,3.4622,358.12,122.0,21.032,13.026,29.391,2.0202,216.15,436.74,34.769,35.138,36.546,39.586,434.23,10
2020-07-15 12:39:00,3.7312,394.52,121.92,21.14,13.026,29.433,2.2494,214.39,482.14,34.766,34.583,36.392,39.577,475.56,10
2020-07-15 12:40:00,4.2499,461.07,122.09,21.256,13.025,29.473,2.5933,217.8,564.45,34.747,34.845,36.592,39.848,550.56,10
2020-07-15 12:41:00,5.4587,617.6,122.55,21.352,13.021,29.509,3.4521,216.77,749.77,35.222,36.364,37.887,40.902,728.4,10
2020-07-15 12:42:00,5.5265,629.52,122.67,21.607,13.024,29.554,3.4551,220.7,762.5299999999999,35.736,36.951,38.543,42.23,763.27,10
2020-07-15 12:43:00,4.8097,535.85,122.55,21.626,13.021,29.603,2.9953,219.94,658.84,35.908,37.557,39.281,42.805,652.49,10
2020-07-15 12:44:00,4.4543,491.74,122.28,21.713,13.018,29.634,2.7493,218.83,601.58,36.11,37.878,39.927,43.245,598.58,10
2020-07-15 12:45:00,4.3943,482.97,122.33,21.668,13.017,29.682,2.6211,225.69,591.52,36.259,38.455,40.262,43.298,584.92,10
2020-07-15 12:46:00,4.4933,497.42,122.34,21.742,13.016,29.731,2.6695,227.86,608.2,36.605,39.072,40.77,43.622,601.02,10
2020-07-15 12:47:00,4.6472,516.37,122.33,21.782,13.014,29.773,2.7778,227.81,632.77,36.763,38.97,40.894,43.831,623.74,10
2020-07-15 12:48:00,4.6351,514.62,122.36,21.785,13.014,29.827,2.7619,226.97,626.8,36.92,39.06,40.847,44.036,621.78,10
2020-07-15 12:49:00,5.3181,601.61,122.54,21.839,13.011,29.87,3.2311,228.02,736.14,37.065,39.525,41.51,44.431,734.5599999999998,10
2020-07-15 12:50:00,3.9356,421.67,122.06,21.898,13.012,29.918,2.2687,227.47,516.09,37.183,39.997,41.847,44.62,520.68,10
2020-07-15 12:51:00,4.0369,436.94,122.14,21.979,13.011,29.975,2.4007,222.74,534.78,37.332,39.893,41.888,44.379,531.32,10
2020-07-15 12:52:00,4.9108,548.45,122.36,22.109,13.009,30.022,2.9402,229.38,674.46,37.56,40.148,42.074,44.779,652.46,10
2020-07-15 12:53:00,6.7519,779.64,122.99,22.232,13.01,30.076,4.1837,230.14,959.22,37.899,40.73,42.67,45.722,920.78,10
2020-07-15 12:54:00,8.4592,993.81,123.51,22.408,13.007,30.129,5.4869,223.23,1225.1,38.784,43.343,45.215,48.404,1259.7,10
2020-07-15 12:55:00,6.4695,746.74,122.94,22.501,13.006,30.183,4.1608,218.57,909.22,39.471,44.593,46.065,49.622,916.53,10
2020-07-15 12:56:00,6.8692,795.5,123.03,22.606,13.004,30.251,4.5022,214.64,967.44,39.765,44.875,46.515,50.508,963.96,10
2020-07-15 12:57:00,6.3572,731.32,122.69,22.764,13.003,30.307,4.0479,220.79,893.9099999999999,39.965,45.03,46.773,51.135,913.82,10
2020-07-15 12:58:00,6.204,708.96,122.58,22.751,13.001,30.371,3.7982,229.31,873.35,39.886,44.64,46.557,50.839,860.33,10
2020-07-15 12:59:00,8.2933,972.9,123.27,22.595,12.998,30.43,5.1783,231.15,1196.9,40.166,45.434,47.729,52.216,1231.4,10
2020-07-15 13:00:00,8.3285,977.68,123.36,22.599,12.999,30.492,5.3992,222.8,1201.4,40.897,46.911,49.156,53.998,1232.9,10
2020-07-15 13:01:00,8.454399999999998,992.72,123.44,22.588,12.994,30.567,5.5494,219.65,1218.8,41.501,47.962,50.604,55.308,1263.5,10
2020-07-15 13:02:00,5.0866,568.17,122.26,22.523,12.995,30.639,3.2458,215.17,696.61,41.736,47.964,50.613,55.12,712.73,10
2020-07-15 13:03:00,4.1204,442.98,121.78,22.651,12.996,30.709,2.5599,212.93,545.41,41.745,46.952,49.891,54.1,584.54,10
2020-07-15 13:04:00,7.5179,878.09,122.94,22.589,12.993,30.791,4.8867,218.2,1065.3,41.876,47.554,49.843,54.315,1063.1,10
2020-07-15 13:05:00,5.558,633.1,122.32,22.654,12.991,30.865,3.4992,219.77,769.32,42.156,47.395,49.977,54.333,799.22,10
2020-07-15 13:06:00,4.4765,487.53,121.82,22.685,12.99,30.945,2.7172,220.63,597.56,41.639,45.403,48.391,53.021,594.77,10
2020-07-15 13:07:00,3.1343,308.83,121.37,22.385,12.992,31.019,1.7793,214.85,381.04,41.123,43.825,46.898,51.465,434.53,10
2020-07-15 13:08:00,2.629,237.98,121.07,22.068,12.991,31.105,1.3894,213.62,296.62,40.33,41.815,45.255,49.494,316.89,10
2020-07-15 13:09:00,3.4052,345.65,121.45,21.977,12.991,31.174,1.9976,213.43,428.67,39.882,41.586,44.564,48.34,424.07,10
2020-07-15 13:10:00,2.6782,245.59,121.19,22.069,12.991,31.26,1.4385,211.69,304.52,39.396,39.463,42.802,46.812,326.52,10
2020-07-15 13:11:00,4.6647,513.69,121.74,21.793,12.994,31.332,2.9529,211.91,628.71,38.625,38.16,41.61,45.565,591.69,10
2020-07-15 13:12:00,5.605,631.95,122.29,21.639,12.994,31.402,3.5541,216.81,770.65,38.556,38.754,42.133,46.21,802.64,10
2020-07-15 13:13:00,7.7579,908.28,122.95,21.589,12.994,31.466,5.0655,217.48,1101.4,38.501,39.591,42.589,46.897,1063.9,10
2020-07-15 13:14:00,6.2364,715.76,122.52,21.962,12.995,31.54,3.9519,219.68,871.75,38.952,40.882,43.675,47.895,876.2899999999998,10
2020-07-15 13:15:00,8.0629,952.29,123.16,22.176,12.995,31.598,5.1505,225.16,1159.5,39.67,42.914,45.543,49.713,1166.6,10
2020-07-15 13:16:00,8.038399999999998,944.52,123.12,22.362,12.995,31.666,5.0839,228.5,1161.6,40.717,45.031,47.478,51.579,1171.7,10
2020-07-15 13:17:00,7.819499999999999,919.25,122.94,22.692,12.994,31.72,4.9696,225.41,1120.2,41.603,46.664,49.372,53.405,1145.4,10
2020-07-15 13:18:00,7.6439,896.3099999999998,122.91,22.974,12.994,31.776,4.9294,222.79,1098.2,42.027,46.997,49.596,54.396,1122.6,10
2020-07-15 13:19:00,7.643099999999999,896.47,122.96,23.093,12.992,31.839,4.9878,220.24,1098.5,42.35,47.383,50.436,55.298,1125.6,10
2020-07-15 13:20:00,7.503,882.12,122.78,23.28,12.99,31.901,4.9794,215.52,1073.2,42.611,47.947,50.895,56.103,1108.1,10
2020-07-15 13:21:00,7.6169,890.12,122.72,23.318,12.988,31.967,5.0104,217.57,1090.0,43.029,49.084,51.318,56.145,1120.4,10
2020-07-15 13:22:00,3.9341,418.46,121.43,23.29,12.987,32.015,2.3817,216.18,515.3,43.216,48.082,50.293,55.732,583.33,10
2020-07-15 13:23:00,5.6687,641.59,122.15,23.201,12.987,32.078,3.8257,205.52,782.71,42.568,45.868,48.463,53.987,804.14,10
2020-07-15 13:24:00,3.9834,428.68,121.49,22.968,12.985,32.141,2.5677,201.51,518.33,42.103,44.279,47.48,53.085,572.46,10
2020-07-15 13:25:00,3.704,389.59,121.3,22.711,12.985,32.207,2.3034,207.72,479.18,41.491,43.85,46.993,51.563,490.71,10
2020-07-15 13:26:00,3.2534,326.47,121.15,22.664,12.985,32.265,1.9172,212.73,407.71,41.24,43.733,46.525,50.391,423.88,10
2020-07-15 13:27:00,2.8692,271.8,120.99,22.775,12.986,32.325,1.6008,212.86,340.74,41.147,42.631,45.459,49.121,356.19,10
2020-07-15 13:28:00,2.9137,278.71,120.92,22.784,12.985,32.398,1.5877,217.17,344.79,40.84,41.923,44.516,47.914,361.87,10
2020-07-15 13:29:00,3.0216,293.82,120.88,22.901,12.985,32.459,1.6351,222.39,363.96,40.33,40.404,43.181,46.78,377.72,10
2020-07-15 13:30:00,3.9065,414.87,121.39,23.008,12.986,32.517,2.3063,221.9,511.53,39.824,39.766,42.214,45.814,503.86,10
2020-07-15 13:31:00,6.9174,800.32,122.47,23.031,12.986,32.56,4.3164,226.57,979.43,40.033,40.937,43.005,46.366,959.58,10
2020-07-15 13:32:00,6.8539,795.95,122.58,23.009,12.986,32.619,4.2363,228.74,968.82,40.916,42.884,45.132,48.411,1001.5,10
2020-07-15 13:33:00,3.4961,353.53,121.43,22.955,12.987,32.662,1.9234,229.91,442.1,41.249,43.245,45.252,48.443,476.0,10
2020-07-15 13:34:00,2.4199,199.56,121.0,23.099,12.985,32.721,1.1267,225.84,254.45,41.157,41.994,44.25,47.124,287.26,10
2020-07-15 13:35:00,2.4841,210.25,120.96,23.195,12.986,32.771,1.2132,221.56,268.71,40.386,39.74,42.1,45.523,284.5,10
2020-07-15 13:36:00,2.3211,182.01,120.84,22.984,12.987,32.815,1.0713,220.54,236.36,39.493,38.468,40.88,43.922,256.46,10
2020-07-15 13:37:00,2.0448,128.04,120.65,22.869,12.986,32.862,0.7847,220.86,173.33,38.915,37.509,39.896,42.527,198.31,10
2020-07-15 13:38:00,1.9672,111.72,120.51,22.679,12.987,32.906,0.70893,216.97,153.79,38.342,36.308,38.661,41.218,174.46,10
2020-07-15 13:39:00,1.9757,113.82,120.55,22.656,12.987,32.95,0.73814,209.08,154.27,37.896,35.662,37.585,40.069,170.6,10
2020-07-15 13:40:00,2.0269,126.29,120.61,22.716,12.986,32.991,0.8005799999999998,209.74,167.97,37.534,34.811,36.642,39.083,179.91,10
2020-07-15 13:41:00,2.1854,155.21,120.7,22.697,12.989,33.027,0.97731,206.61,201.76,37.115,34.31,35.948,38.261,209.91,10
2020-07-15 13:42:00,2.2928,177.84,120.69,22.677,12.99,33.08,1.0954,206.78,226.5,36.821,33.87,35.455,37.754,237.56,10
2020-07-15 13:43:00,2.4384,201.77,120.78,22.573,12.992,33.089,1.2011,214.62,257.8,36.523,33.575,34.983,37.23,260.96,10
2020-07-15 13:44:00,5.0815,556.0,121.75,22.484,12.99,33.109,3.2231,212.51,689.83,36.273,34.015,35.176,37.427,617.6,10
2020-07-15 13:45:00,8.8639,1043.3,123.12,22.595,12.993,33.124,5.9652,215.32,1284.5,37.063,37.051,38.076,40.782,1247.8,10
2020-07-15 13:46:00,6.3631,727.99,122.22,22.767,12.992,33.156,4.1866,213.63,895.23,38.133,39.688,40.458,43.569,909.47,10
2020-07-15 13:47:00,4.0795,434.35,121.39,22.793,12.992,33.164,2.471,215.96,533.52,38.542,40.001,40.871,43.729,529.29,10
2020-07-15 13:48:00,3.6143,376.13,121.2,22.882,12.991,33.189,2.1352,217.14,463.6,38.643,39.91,40.648,43.835,461.45,10
2020-07-15 13:49:00,3.344,339.73,121.12,22.9,12.992,33.192,1.9565,214.19,419.13,38.641,39.576,40.726,43.409,418.36,10
2020-07-15 13:50:00,2.9887,288.39,120.97,22.763,12.989,33.202,1.6812,210.98,354.67,38.596,39.296,40.505,43.097,363.14,10
2020-07-15 13:51:00,3.0539,298.14,120.96,22.773,12.991,33.226,1.8057,204.38,369.08,38.462,39.324,40.195,42.61,373.12,10
2020-07-15 13:52:00,3.2992,334.18,121.16,22.926,12.992,33.229,1.9518,210.72,411.28,38.424,38.77,40.024,42.612,410.39,10
2020-07-15 13:53:00,3.3008,334.54,121.0,22.836,12.99,33.237,1.9383,213.81,414.38,38.107,38.283,39.426,42.17,412.53,10
2020-07-15 13:54:00,3.3973,346.54,121.01,22.828,12.992,33.262,1.9353,221.1,427.93,38.11,38.03,39.344,42.084,421.96,10
2020-07-15 13:55:00,3.9384,419.32,121.23,22.832,12.99,33.274,2.3331,221.98,517.94,37.993,37.964,39.249,42.089,500.98,10
2020-07-15 13:56:00,3.5743,375.17,121.13,22.995,12.991,33.296,2.1263,215.93,459.03,38.22,38.796,39.833,42.322,451.14,10
2020-07-15 13:57:00,3.6349,382.05,121.07,23.157,12.991,33.3,2.2537,208.48,469.83,38.26,39.19,40.158,42.399,462.82,10
2020-07-15 13:58:00,3.4712,358.02,121.02,23.332,12.992,33.3,2.0942,210.62,441.16,38.54,39.482,40.449,42.591,439.92,10
2020-07-15 13:59:00,3.1637,316.03,121.0,23.378,12.989,33.3,1.8581,211.94,393.8,38.636,39.586,39.929,42.427,390.73,10
2020-07-15 14:00:00,3.1302,311.85,120.91,23.359,12.99,33.325,1.8182,212.68,386.65,38.554,39.044,39.385,41.665,382.63,10
2020-07-15 14:01:00,3.0779,303.17,120.8,23.16,12.992,33.337,1.7652,212.75,375.53,38.273,38.701,38.803,41.063,372.87,10
2020-07-15 14:02:00,2.9755,289.0,120.83,23.207,12.992,33.337,1.6643,214.62,357.16,38.102,38.558,38.747,40.872,356.85,10
2020-07-15 14:03:00,2.8842,273.69,120.76,23.361,12.991,33.335,1.5947,215.66,343.9,37.788,37.649,38.177,40.558,340.26,10
2020-07-15 14:04:00,2.8434,270.05,120.79,23.284,12.99,33.338,1.562,215.46,336.56,37.37,36.386,37.433,40.043,333.17,10
2020-07-15 14:05:00,2.8217,264.63,120.84,23.233,12.991,33.338,1.4949,220.25,329.21,37.084,35.997,37.089,39.711,328.32,10
2020-07-15 14:06:00,2.8071,262.71,120.81,23.104,12.99,33.359,1.4845,222.54,330.34,36.841,35.954,37.06,39.387,325.98,10
2020-07-15 14:07:00,2.8624,274.19,120.81,22.983,12.992,33.371,1.5487,219.44,339.72,36.422,35.512,36.479,38.967,334.49,10
2020-07-15 14:08:00,3.0284,295.4,120.78,22.807,12.993,33.375,1.6857,218.37,368.17,36.198,35.445,36.402,38.765,358.0,10
2020-07-15 14:09:00,3.2156,324.32,120.87,22.656,12.992,33.375,1.8516,216.54,400.85,36.015,35.001,36.345,38.74,389.46,10
2020-07-15 14:10:00,3.6722,385.58,121.06,22.514,12.993,33.375,2.1695,219.26,475.11,35.937,35.276,36.541,38.802,449.17,10
2020-07-15 14:11:00,4.6988,520.71,121.4,22.4,12.992,33.375,2.9792,214.63,639.4,36.223,36.102,37.191,39.307,607.2,10
2020-07-15 14:12:00,4.5486,502.96,121.31,22.375,12.992,33.375,2.84,215.13,611.07,36.62,36.845,37.69,39.992,598.41,10
2020-07-15 14:13:00,4.5654,501.77,121.24,22.436,12.994,33.375,2.8035,219.33,615.27,36.759,37.508,38.095,40.485,593.69,10
2020-07-15 14:14:00,5.6132,636.23,121.56,22.605,12.994,33.358,3.4341,225.74,775.2,37.121,38.54,39.05,41.651,744.08,10
2020-07-15 14:15:00,4.7677,528.77,121.29,22.61,12.992,33.34,2.8999,223.55,648.15,37.506,39.523,39.957,42.658,635.05,10
2020-07-15 14:16:00,3.8839,414.44,121.01,22.667,12.993,33.34,2.3093,221.41,510.47,37.699,39.676,40.042,42.794,487.03,10
2020-07-15 14:17:00,4.1137,444.09,120.99,22.815,12.993,33.34,2.5363,215.01,545.12,37.77,39.58,40.175,43.225,545.65,10
2020-07-15 14:18:00,3.3364,340.84,120.77,22.942,12.993,33.34,1.9464,215.16,418.82,37.693,39.518,40.263,43.009,420.15,10
2020-07-15 14:19:00,3.2517,328.72,120.84,23.002,12.994,33.34,1.8799,215.68,405.46,37.678,39.434,40.349,42.818,403.91,10
2020-07-15 14:20:00,3.3882,346.65,120.96,23.065,12.991,33.334,1.9035,225.49,429.29,37.774,39.355,40.386,42.596,421.53,10
2020-07-15 14:21:00,3.8412,409.2,121.1,23.107,12.993,33.305,2.2022,228.94,503.49,37.79,39.098,40.257,42.563,485.43,10
2020-07-15 14:22:00,4.2291,459.3,121.17,23.039,12.994,33.305,2.4751,227.69,563.5,37.67,39.184,40.152,42.759,541.39,10
2020-07-15 14:23:00,3.9211,417.8,121.09,23.186,12.994,33.302,2.2418,230.14,516.01,37.626,39.266,40.243,42.897,506.4,10
2020-07-15 14:24:00,3.5858,373.45,120.91,23.235,12.991,33.305,2.0116,229.26,461.22,37.698,39.219,40.135,42.541,455.62,10
2020-07-15 14:25:00,3.9103,418.32,121.08,23.169,12.992,33.298,2.2549,228.13,514.13,37.785,39.223,40.629,42.623,499.38,10
2020-07-15 14:26:00,5.0279,562.17,121.41,23.185,12.993,33.29,2.9771,231.38,688.8,38.148,40.28,41.253,43.206,656.74,10
2020-07-15 14:27:00,5.0521,564.99,121.4,23.304,12.992,33.266,3.0496,226.34,690.04,38.646,41.05,41.707,44.047,677.83,10
2020-07-15 14:28:00,4.5771,504.21,121.24,23.219,12.992,33.266,2.6686,232.25,619.94,38.837,41.114,42.226,44.409,603.98,10
2020-07-15 14:29:00,4.9911,557.17,121.16,23.219,12.992,33.267,2.9092,234.72,682.47,39.105,41.653,42.539,44.974,672.04,10
2020-07-15 14:30:00,5.1433,575.36,121.16,23.148,12.993,33.267,3.0726,228.92,703.37,39.448,41.985,43.377,45.469,690.16,10
2020-07-15 14:31:00,5.4072,611.27,121.26,23.044,12.988,33.252,3.2921,226.75,746.32,39.787,42.991,43.822,45.993,729.8099999999998,10
2020-07-15 14:32:00,5.7037,647.41,121.35,23.152,12.99,33.228,3.464,226.39,784.27,40.238,43.69,44.767,47.188,773.83,10
2020-07-15 14:33:00,5.737,650.45,121.49,23.431,12.988,33.231,3.4449,231.13,796.1599999999999,40.606,43.685,45.303,47.97,791.89,10
2020-07-15 14:34:00,5.7805,656.89,121.53,23.638,12.987,33.232,3.4852,230.86,804.61,40.758,43.553,45.179,48.406,797.65,10
2020-07-15 14:35:00,5.1937,583.51,121.39,23.629,12.987,33.235,3.0692,232.94,715.09,40.792,44.311,46.115,49.222,727.77,10
2020-07-15 14:36:00,4.8546,541.4,121.25,23.88,12.986,33.265,2.8674,230.36,660.75,41.245,44.644,46.504,49.431,665.16,10
2020-07-15 14:37:00,4.5898,506.0,121.14,24.154,12.983,33.266,2.7484,225.54,620.44,41.574,45.267,46.796,49.558,629.11,10
2020-07-15 14:38:00,4.4097,480.78,121.02,24.325,12.981,33.277,2.7459,215.2,590.03,41.722,44.933,46.808,49.258,581.97,10
2020-07-15 14:39:00,3.7679,396.22,120.8,24.445,12.981,33.294,2.3032,211.46,487.5,41.944,45.254,46.926,49.083,500.04,10
2020-07-15 14:40:00,3.5821,374.59,120.76,24.481,12.982,33.301,2.1378,214.65,459.12,41.934,44.459,46.219,48.383,466.13,10
2020-07-15 14:41:00,3.2824,332.09,120.62,24.359,12.98,33.31,1.9085,215.83,411.86,41.807,43.578,44.862,47.253,416.21,10
2020-07-15 14:42:00,3.3053,335.51,120.55,24.176,12.98,33.337,1.9042,216.36,411.97,41.39,42.546,43.888,45.767,417.45,10
2020-07-15 14:43:00,3.7633,395.73,120.67,23.886,12.98,33.347,2.1963,221.56,486.0,41.033,42.312,43.388,45.093,482.32,10
2020-07-15 14:44:00,3.5524,369.49,120.63,23.741,12.98,33.374,2.0827,218.82,455.75,40.895,41.884,42.871,44.89,457.92,10
2020-07-15 14:45:00,3.3482,340.43,120.57,23.705,12.98,33.392,1.8835,222.82,419.5,40.443,41.015,42.473,44.483,425.63,10
2020-07-15 14:46:00,3.1823,316.8,120.46,23.699,12.98,33.41,1.739,224.57,390.48,39.959,39.981,41.51,43.9,399.18,10
2020-07-15 14:47:00,2.901,276.22,120.3,23.7,12.979,33.444,1.5268,225.17,343.77,39.664,39.597,41.222,43.237,353.34,10
2020-07-15 14:48:00,2.9791,285.68,120.33,23.696,12.98,33.465,1.6095,221.88,357.15,39.374,38.869,40.517,42.704,362.57,10
2020-07-15 14:49:00,2.9885,285.29,120.3,23.682,12.98,33.483,1.5964,224.1,357.79,39.095,38.332,39.931,42.275,359.66,10
2020-07-15 14:50:00,2.9981,288.72,120.17,23.699,12.982,33.513,1.5962,226.79,362.0,38.774,37.766,39.549,41.779,365.56,10
2020-07-15 14:51:00,3.3067,329.21,120.71,23.687,12.981,33.519,1.8538,223.23,413.31,38.568,37.628,39.329,41.448,403.79,10
2020-07-15 14:52:00,3.6931,385.97,121.15,23.728,12.983,33.538,2.0915,229.15,479.18,38.78,38.152,39.591,41.652,466.66,10
2020-07-15 14:53:00,3.506,359.46,121.26,23.733,12.98,33.571,1.8819,237.67,447.22,39.004,38.357,39.827,41.757,453.43,10
2020-07-15 14:54:00,2.672,239.49,120.96,23.706,12.978,33.592,1.2988,233.96,303.89,39.112,38.32,39.581,41.594,322.21,10
2020-07-15 14:55:00,2.6126,231.91,120.94,23.688,12.981,33.595,1.2906,225.67,291.18,38.833,37.215,38.724,40.964,300.98,10
2020-07-15 14:56:00,2.6448,237.01,121.06,23.649,12.982,33.625,1.334,223.27,297.7,38.093,36.282,37.731,40.186,302.09,10
2020-07-15 14:57:00,2.7527,253.26,121.04,23.434,12.98,33.628,1.4124,223.83,316.2,37.408,35.324,37.075,39.605,318.1,10
2020-07-15 14:58:00,3.4889,358.55,121.38,23.367,12.98,33.638,2.0048,222.24,445.52,37.17,35.117,36.987,39.408,426.89,10
2020-07-15 14:59:00,3.8988,415.74,121.5,23.172,12.98,33.662,2.2297,231.22,515.61,36.953,34.869,36.887,39.569,493.85,10
2020-07-15 15:00:00,4.1423,450.54,121.68,22.831,12.982,33.665,2.302,239.78,552.06,36.772,35.094,37.088,39.743,537.56,10
2020-07-15 15:01:00,4.5105,494.96,121.54,23.033,12.981,33.662,2.534,240.57,609.63,36.769,35.21,37.397,40.376,592.72,10
2020-07-15 15:02:00,4.6927,520.41,121.61,23.112,12.982,33.671,2.6797,236.71,634.31,36.763,35.566,37.799,40.905,621.94,10
2020-07-15 15:03:00,3.5103,361.0,121.13,23.085,12.981,33.698,1.8905,234.6,443.28,36.711,35.795,37.945,41.016,459.39,10
2020-07-15 15:04:00,3.0342,295.09,121.0,23.05,12.982,33.699,1.5896,230.1,365.75,36.535,35.727,37.924,40.694,372.33,10
2020-07-15 15:05:00,3.8535,405.0,121.34,23.053,12.981,33.699,2.2131,226.51,502.16,36.52,35.774,38.038,40.802,472.79,10
2020-07-15 15:06:00,3.6664,381.96,121.18,23.155,12.98,33.699,2.0586,228.35,470.55,36.668,36.144,38.399,41.332,481.13,10
2020-07-15 15:07:00,3.0617,299.98,121.0,23.316,12.98,33.699,1.6402,225.99,370.63,36.617,35.628,37.963,40.981,377.09,10
2020-07-15 15:08:00,3.054,296.31,120.87,23.512,12.981,33.708,1.6247,226.22,367.5,36.403,35.266,37.629,40.612,372.05,10
2020-07-15 15:09:00,3.1377,308.15,120.93,23.318,12.981,33.714,1.7501,219.48,384.0,36.035,34.855,37.09,40.018,385.39,10
2020-07-15 15:10:00,3.1208,307.45,120.93,23.095,12.981,33.712,1.7864,212.77,379.91,35.839,34.804,36.78,39.73,384.79,10
2020-07-15 15:11:00,3.3432,336.76,120.86,22.995,12.982,33.733,1.9563,213.28,417.22,35.723,34.401,36.738,39.574,412.19,10
2020-07-15 15:12:00,3.5003,355.37,120.97,22.972,12.982,33.733,1.9808,221.84,439.38,35.917,34.999,37.213,39.995,442.74,10
2020-07-15 15:13:00,2.8162,262.48,120.69,23.142,12.981,33.734,1.4669,225.5,330.7,35.868,34.721,36.737,39.657,337.21,10
2020-07-15 15:14:00,2.839,265.29,120.62,23.233,12.982,33.731,1.462,227.01,331.86,35.893,34.548,36.521,39.412,340.13,10
2020-07-15 15:15:00,3.0025,289.7,120.71,23.31,12.983,33.733,1.6241,222.39,361.14,35.987,34.923,36.867,39.403,363.11,10
2020-07-15 15:16:00,2.9892,287.42,120.8,23.465,12.981,33.731,1.639,217.3,355.93,36.25,35.246,36.965,39.378,361.84,10
2020-07-15 15:17:00,3.3698,340.66,120.87,23.548,12.981,33.731,1.9943,211.49,421.18,36.343,35.417,37.028,39.389,415.6,10
2020-07-15 15:18:00,5.4018,609.27,121.65,23.631,12.983,33.732,3.5066,213.47,749.0,36.684,36.245,38.005,40.496,712.15,10
2020-07-15 15:19:00,6.1494,703.66,121.84,23.686,12.981,33.733,4.1215,209.46,863.2,37.323,38.087,39.661,42.422,850.48,10
2020-07-15 15:20:00,5.9444,676.46,121.76,23.809,12.981,33.73,4.0348,206.11,831.5299999999999,38.112,39.891,41.208,44.206,822.33,10
2020-07-15 15:21:00,5.7126,648.43,121.71,23.829,12.979,33.73,3.8552,204.89,789.89,38.733,40.921,42.442,45.512,795.12,10
2020-07-15 15:22:00,5.4438,615.26,121.58,23.99,12.978,33.734,3.6728,203.21,746.1799999999998,39.291,42.064,43.614,46.648,752.94,10
2020-07-15 15:23:00,6.1002,698.17,121.79,24.219,12.979,33.734,4.0741,209.07,851.82,39.659,42.991,44.232,47.595,848.9299999999998,10
2020-07-15 15:24:00,6.0828,694.05,121.74,24.32,12.977,33.733,4.0941,206.75,846.44,40.128,43.658,45.04,48.482,853.14,10
2020-07-15 15:25:00,6.3838,732.01,121.98,24.441,12.973,33.752,4.3382,207.2,898.52,40.327,44.273,45.487,49.361,897.75,10
2020-07-15 15:26:00,7.3052,851.74,122.13,24.374,12.972,33.768,4.9311,210.02,1035.6,40.956,45.761,46.884,50.709,1053.4,10
2020-07-15 15:27:00,6.7165,773.39,121.88,24.367,12.97,33.766,4.5477,206.8,940.65,41.586,46.977,48.247,51.919,967.27,10
2020-07-15 15:28:00,4.9883,553.94,121.33,24.298,12.968,33.79,3.2072,210.61,674.65,42.135,47.424,48.853,52.369,727.7999999999998,10
2020-07-15 15:29:00,3.4799,358.05,120.76,24.37,12.967,33.811,2.0505,216.54,443.87,42.136,46.956,48.115,51.406,459.9,10
2020-07-15 15:30:00,3.073,300.29,120.66,24.55,12.966,33.849,1.7228,214.98,370.41,41.691,44.798,46.387,50.288,390.74,10
2020-07-15 15:31:00,3.7657,390.13,120.86,24.688,12.964,33.879,2.3182,207.74,479.14,40.822,43.007,44.824,48.777,474.69,10
2020-07-15 15:32:00,4.3239,467.36,121.14,24.885,12.963,33.919,2.8177,203.19,573.08,40.431,42.032,44.398,48.361,606.05,10
2020-07-15 15:33:00,3.1834,313.29,120.63,24.595,12.963,33.945,1.9451,199.74,388.11,39.855,41.082,43.273,47.255,404.23,10
2020-07-15 15:34:00,4.0468,429.51,121.03,24.561,12.964,33.988,2.6796,196.71,527.95,39.367,40.09,42.483,46.355,533.25,10
2020-07-15 15:35:00,5.1471,570.34,121.67,24.46,12.962,34.034,3.55,197.78,697.76,38.957,39.657,42.259,46.056,706.5,10
2020-07-15 15:36:00,5.392,605.39,121.86,24.516,12.962,34.078,3.836,191.83,735.39,39.115,40.092,42.956,47.096,797.1,10
2020-07-15 15:37:00,5.987,682.79,121.88,24.505,12.962,34.109,4.269,195.01,831.0499999999998,39.151,40.588,43.196,47.344,834.35,10
2020-07-15 15:38:00,6.4092,734.96,122.05,24.355,12.962,34.151,4.5719,197.47,902.78,39.476,41.89,44.555,48.661,920.81,10
2020-07-15 15:39:00,6.0728,692.17,121.83,24.465,12.96,34.196,4.2834,197.31,844.95,40.183,42.887,45.436,49.738,869.22,10
2020-07-15 15:40:00,5.535,625.84,121.63,24.587,12.96,34.236,3.9648,190.89,756.74,40.369,42.912,45.46,50.252,796.13,10
2020-07-15 15:41:00,4.8407,536.61,121.52,24.484,12.958,34.276,3.4389,190.0,653.31,40.383,42.877,45.612,50.292,694.81,10
2020-07-15 15:42:00,5.033,562.27,121.3,24.535,12.958,34.321,3.726,183.51,682.94,40.786,43.84,45.985,50.313,718.15,10
2020-07-15 15:43:00,5.1431,573.93,121.5,24.538,12.957,34.349,3.7693,185.19,698.08,40.987,43.86,45.865,50.062,740.2,10
2020-07-15 15:44:00,5.1841,585.35,121.48,24.569,12.958,34.395,3.7317,189.84,708.4,41.02,43.769,45.898,50.316,744.1599999999999,10
2020-07-15 15:45:00,5.1276,576.74,121.68,24.566,12.957,34.447,3.5694,196.37,701.07,40.933,43.702,45.945,50.387,722.35,10
2020-07-15 15:46:00,5.3803,607.33,121.9,24.607,12.956,34.497,3.7357,198.02,739.58,41.177,44.731,46.754,50.658,766.9,10
2020-07-15 15:47:00,4.3538,477.04,121.42,24.792,12.955,34.546,2.9308,198.86,583.08,41.47,44.573,46.634,50.791,607.46,10
2020-07-15 15:48:00,5.0281,564.44,121.75,25.008,12.951,34.598,3.2985,209.25,690.34,41.135,43.048,45.549,50.116,695.51,10
2020-07-15 15:49:00,4.8806,544.09,121.69,25.038,12.951,34.654,3.1614,210.21,664.43,40.877,42.897,45.359,49.885,677.32,10
2020-07-15 15:50:00,4.992,558.84,121.74,25.075,12.951,34.701,3.3044,206.43,682.05,40.919,43.819,46.102,50.069,692.19,10
2020-07-15 15:51:00,4.9525,552.97,121.68,25.268,12.953,34.76,3.2701,206.62,675.66,41.353,43.866,46.384,50.467,687.31,10
2020-07-15 15:52:00,5.307,598.85,121.78,25.477,12.949,34.807,3.432,213.33,732.2,41.584,44.299,46.868,50.785,734.5299999999999,10
2020-07-15 15:53:00,5.8312,665.38,122.01,25.8,12.95,34.853,3.6638,221.93,813.6599999999999,41.908,44.668,47.227,50.885,815.76,10
2020-07-15 15:54:00,5.9188,676.55,121.96,26.078,12.949,34.914,3.6579,225.48,824.6699999999998,42.2,44.378,46.994,50.979,836.7899999999998,10
2020-07-15 15:55:00,6.3387,730.0499999999998,122.14,26.279,12.947,34.964,3.9029,228.44,891.51,42.356,44.349,47.423,51.359,905.27,10
2020-07-15 15:56:00,6.3627,732.76,122.16,26.378,12.947,35.027,3.9917,224.44,895.74,42.574,45.201,48.226,52.233,909.04,10
2020-07-15 15:57:00,6.2362,718.3,122.03,26.256,12.946,35.088,4.0413,216.58,875.34,42.845,46.285,49.072,52.9,894.5299999999999,10
2020-07-15 15:58:00,5.9685,680.63,121.93,26.206,12.945,35.142,3.7962,218.75,830.44,43.19,46.219,49.129,53.55,848.88,10
2020-07-15 15:59:00,5.3163,599.25,121.65,25.931,12.946,35.195,3.3242,220.33,732.47,43.011,45.922,49.023,53.626,756.39,10
2020-07-15 16:00:00,4.3083,471.21,121.35,25.719,12.942,35.257,2.6229,219.62,576.24,43.099,45.912,49.01,53.319,594.25,10
2020-07-15 16:01:00,3.6077,376.88,121.11,25.696,12.941,35.327,2.1094,222.26,468.87,42.937,45.047,48.252,52.364,483.13,10
2020-07-15 16:02:00,3.2731,330.82,120.87,25.738,12.942,35.41,1.8807,217.29,408.65,42.92,44.863,47.526,51.396,421.48,10
2020-07-15 16:03:00,3.5106,365.14,121.04,25.798,12.942,35.454,1.9909,225.94,449.92,42.541,44.3,46.686,50.241,459.13,10
2020-07-15 16:04:00,3.7502,397.17,121.04,25.809,12.942,35.527,2.1047,232.33,489.05,42.393,43.588,46.339,49.557,504.56,10
2020-07-15 16:05:00,3.6355,380.49,121.08,25.844,12.943,35.581,2.0355,231.43,471.04,42.339,42.357,45.805,49.176,485.11,10
2020-07-15 16:06:00,3.5691,371.95,121.1,25.481,12.942,35.658,1.9708,233.22,459.78,41.628,41.087,44.162,47.892,476.95,10
2020-07-15 16:07:00,3.327,337.43,120.92,25.047,12.943,35.713,1.8329,229.74,421.03,40.906,40.501,43.524,46.943,426.18,10
2020-07-15 16:08:00,3.0381,295.33,120.91,25.174,12.943,35.767,1.6126,228.8,369.06,40.76,39.731,42.648,45.938,380.87,10
2020-07-15 16:09:00,2.8363,268.42,120.79,24.916,12.946,35.831,1.5089,223.49,337.03,40.256,38.539,41.762,44.984,341.23,10
2020-07-15 16:10:00,3.232,324.97,121.02,24.685,12.947,35.877,1.8325,220.92,404.72,39.993,38.541,41.41,44.477,396.97,10
2020-07-15 16:11:00,3.1192,306.62,121.01,24.682,12.947,35.938,1.7043,225.0,383.45,39.946,38.492,41.121,44.084,380.93,10
2020-07-15 16:12:00,3.06,301.17,120.93,24.734,12.947,35.993,1.6928,221.2,374.45,39.834,37.919,40.693,43.625,371.69,10
2020-07-15 16:13:00,3.0595,300.32,120.99,24.831,12.947,36.035,1.7363,215.77,374.46,39.515,37.358,40.209,43.22,368.27,10
2020-07-15 16:14:00,3.0578,302.0,120.91,25.01,12.949,36.078,1.8001,206.86,372.35,39.513,37.232,40.081,42.906,372.15,10
2020-07-15 16:15:00,2.9851,289.15,120.97,25.15,12.949,36.122,1.7616,203.82,359.04,39.54,37.19,39.849,42.685,359.97,10
2020-07-15 16:16:00,2.9793,291.71,121.04,25.134,12.951,36.152,1.7561,205.87,361.49,39.324,36.853,39.328,42.38,357.85,10
2020-07-15 16:17:00,2.9146,280.26,120.92,24.946,12.95,36.191,1.6561,210.12,347.94,38.909,36.163,38.64,41.729,344.83,10
2020-07-15 16:18:00,2.8164,263.88,120.92,24.766,12.951,36.231,1.5358,216.44,332.4,38.584,36.151,38.448,41.277,325.15,10
2020-07-15 16:19:00,2.7493,253.71,120.88,24.805,12.953,36.26,1.4853,216.66,321.78,38.581,36.141,38.442,41.145,314.12,10
2020-07-15 16:20:00,2.7022,246.06,120.86,24.826,12.952,36.287,1.4365,215.49,309.58,38.637,36.187,38.334,40.964,304.36,10
2020-07-15 16:21:00,2.6623,241.46,120.89,24.955,12.953,36.313,1.4344,213.32,305.93,38.738,35.992,38.125,40.639,298.29,10
2020-07-15 16:22:00,2.6681,242.89,120.75,25.019,12.953,36.339,1.4502,209.3,303.47,38.782,35.804,37.948,40.516,298.82,10
2020-07-15 16:23:00,2.6568,239.37,120.72,24.953,12.954,36.349,1.4495,208.83,302.69,38.646,35.575,37.589,40.238,296.34,10
2020-07-15 16:24:00,2.6497,240.53,120.69,24.85,12.954,36.353,1.4431,209.42,302.2,38.344,35.305,37.147,39.955,294.63,10
2020-07-15 16:25:00,2.6574,241.56,120.82,24.571,12.956,36.366,1.4555,207.67,302.25,37.841,34.576,36.611,39.38,295.43,10
2020-07-15 16:26:00,2.6829,245.67,120.82,24.41,12.956,36.385,1.4409,214.72,309.37,37.412,34.173,36.216,38.95,298.24,10
2020-07-15 16:27:00,2.6691,242.02,120.69,24.222,12.957,36.388,1.4093,216.08,304.52,37.064,33.886,35.805,38.605,295.65,10
2020-07-15 16:28:00,2.6111,233.95,120.77,24.135,12.958,36.385,1.3567,214.72,291.31,36.762,33.779,35.689,38.299,285.42,10
2020-07-15 16:29:00,2.5491,224.38,120.74,24.177,12.96,36.385,1.3107,215.22,282.1,36.586,33.369,35.301,37.987,274.73,10
2020-07-15 16:30:00,2.5037,218.66,120.77,24.119,12.961,36.385,1.2622,217.58,274.61,36.303,33.119,35.121,37.653,267.26,10
2020-07-15 16:31:00,2.4608,209.41,120.87,24.099,12.961,36.385,1.2067,218.85,264.07,36.106,32.894,34.893,37.412,258.74,10
2020-07-15 16:32:00,2.4311,204.31,120.76,23.988,12.962,36.387,1.22,213.16,260.05,36.046,32.841,34.76,37.181,252.29,10
2020-07-15 16:33:00,2.4025,202.28,120.83,24.013,12.966,36.387,1.1859,214.94,254.87,35.884,32.681,34.556,37.021,247.63,10
2020-07-15 16:34:00,2.3871,197.51,120.81,24.073,12.964,36.387,1.1691,214.08,250.25,35.707,32.657,34.479,36.853,243.6,10
2020-07-15 16:35:00,2.3711,195.4,120.9,24.296,12.964,36.384,1.1751,211.79,248.85,35.834,32.635,34.457,36.763,242.16,10
2020-07-15 16:36:00,2.3694,194.79,120.91,24.457,12.965,36.348,1.1859,208.89,247.7,35.857,32.934,34.2,36.457,241.28,10
2020-07-15 16:37:00,2.3796,197.6,120.93,24.572,12.967,36.344,1.1592,215.54,249.85,35.883,32.777,34.312,36.361,241.89,10
2020-07-15 16:38:00,2.3697,195.94,120.94,24.698,12.968,36.339,1.1448,216.49,247.83,36.0,32.873,34.422,36.283,240.51,10
2020-07-15 16:39:00,2.3644,194.95,120.93,24.818,12.97,36.313,1.1455,217.7,249.37,36.047,32.821,34.303,36.188,239.85,10
2020-07-15 16:40:00,2.3663,195.29,120.98,24.767,12.969,36.299,1.1685,211.56,247.21,35.979,32.774,34.237,36.183,239.93,10
2020-07-15 16:41:00,2.3743,196.75,120.95,24.785,12.969,36.262,1.1583,216.55,250.81,35.986,32.907,34.366,36.27,240.86,10
2020-07-15 16:42:00,2.374,196.17,120.91,24.724,12.971,36.242,1.1267,221.09,249.04,35.881,32.766,34.256,36.287,241.09,10
2020-07-15 16:43:00,2.3595,193.3,120.93,24.727,12.972,36.203,1.0829,227.9,246.79,35.935,33.001,34.356,36.185,241.2,10
2020-07-15 16:44:00,2.3779,195.81,120.91,24.715,12.972,36.179,1.1191,222.84,249.34,35.876,32.858,34.244,36.136,241.78,10
2020-07-15 16:45:00,2.3917,197.53,120.98,24.614,12.973,36.153,1.159,215.4,249.64,35.748,32.891,34.241,36.217,243.35,10
2020-07-15 16:46:00,2.4005,197.64,121.04,24.679,12.973,36.134,1.1401,219.82,250.53,35.833,32.847,34.124,36.144,244.7,10
2020-07-15 16:47:00,2.3879,198.05,121.01,24.702,12.975,36.096,1.13,222.36,251.26,35.83,32.842,34.178,36.053,244.59,10
2020-07-15 16:48:00,2.4011,199.57,120.86,24.84,12.974,36.066,1.1684,216.13,252.49,35.846,32.877,34.063,35.821,244.92,10
2020-07-15 16:49:00,2.3741,194.18,120.9,24.684,12.974,36.031,1.1286,220.75,249.1,35.564,32.541,33.791,35.728,239.98,10
2020-07-15 16:50:00,2.3307,189.63,121.04,24.314,12.974,36.0,1.0892,220.15,239.78,35.297,32.354,33.73,35.615,234.14,10
2020-07-15 16:51:00,2.304,185.46,121.04,24.254,12.975,35.97,1.0771,218.95,235.84,35.202,32.444,33.688,35.524,229.48,10
2020-07-15 16:52:00,2.2836,184.0,120.97,24.255,12.975,35.938,1.0777,215.46,232.18,35.178,32.481,33.618,35.475,225.6,10
2020-07-15 16:53:00,2.2674,178.52,121.04,24.287,12.975,35.897,1.0463,217.31,227.29,35.238,32.352,33.61,35.506,222.24,10
2020-07-15 16:54:00,2.2504,176.51,120.93,24.319,12.978,35.868,1.0262,219.61,225.33,35.29,32.45,33.681,35.573,219.62,10
2020-07-15 16:55:00,2.2432,173.4,120.92,24.4,12.977,35.82,1.0299,215.58,222.0,35.341,32.569,33.783,35.592,216.32,10
2020-07-15 16:56:00,2.2352,171.84,120.97,24.544,12.978,35.775,1.0093,217.01,219.0,35.429,32.696,33.698,35.415,214.5,10
2020-07-15 16:57:00,2.2154,168.05,120.9,24.68,12.979,35.742,1.0149,211.29,214.43,35.469,32.689,33.668,35.286,210.36,10
2020-07-15 16:58:00,2.1918,164.96,120.96,24.75,12.98,35.698,1.002,210.43,210.84,35.436,32.518,33.557,35.25,206.7,10
2020-07-15 16:59:00,2.1756,160.58,120.87,24.779,12.979,35.663,1.0014,205.11,205.39,35.483,32.736,33.667,35.16,203.06,10
2020-07-15 17:00:00,2.1571,155.46,120.88,24.781,12.979,35.624,0.99302,202.24,200.82,35.514,32.718,33.337,34.904,198.98,10
2020-07-15 17:01:00,2.126,151.49,120.93,24.687,12.981,35.576,0.97258,201.63,196.11,35.428,32.632,33.161,34.597,194.3,10
2020-07-15 17:02:00,2.1024,146.08,120.97,24.641,12.981,35.532,0.95087,199.83,190.01,35.343,32.499,33.067,34.372,188.4,10
2020-07-15 17:03:00,2.0669,141.33,120.91,24.653,12.984,35.49,0.91017,201.67,183.49,35.368,32.561,33.165,34.28,181.84,10
2020-07-15 17:04:00,2.0297,134.12,120.98,24.719,12.983,35.439,0.86911,202.57,176.07,35.446,32.405,33.12,34.23,175.06,10
2020-07-15 17:05:00,2.0009,127.37,120.98,24.788,12.982,35.41,0.83279,202.57,168.63,35.457,32.229,32.964,34.084,168.03,10
2020-07-15 17:06:00,1.9728,120.07,120.95,24.697,12.982,35.382,0.7758399999999999,206.86,160.49,35.275,31.863,32.652,33.839,161.53,10
2020-07-15 17:07:00,1.9546,116.63,120.84,24.656,12.985,35.325,0.75322,208.75,157.22,35.157,31.747,32.534,33.681,155.99,10
2020-07-15 17:08:00,1.9351,112.43,120.83,24.506,12.986,35.267,0.72036,209.31,150.77,34.852,31.382,32.154,33.464,152.24,10
2020-07-15 17:09:00,1.9329,109.27,120.75,24.375,12.986,35.226,0.71836,203.23,145.96,34.662,31.261,32.017,33.268,149.29,10
2020-07-15 17:10:00,1.9293,110.03,120.81,24.28,12.986,35.169,0.71708,206.06,147.74,34.459,31.061,31.88,33.167,148.16,10
2020-07-15 17:11:00,1.9368,111.77,120.91,24.267,12.988,35.125,0.7108799999999998,210.41,149.51,34.3,30.999,31.755,32.956,150.01,10
2020-07-15 17:12:00,1.9552,116.19,120.86,24.312,12.988,35.08,0.7446399999999999,206.26,153.58,34.324,31.161,31.846,32.909,153.46,10
2020-07-15 17:13:00,1.9731,119.42,120.91,24.364,12.989,35.024,0.7563199999999999,207.06,156.6,34.311,31.051,31.731,32.873,156.82,10
2020-07-15 17:14:00,1.9789,120.32,120.79,24.28,12.992,34.961,0.73424,214.95,157.81,34.076,30.764,31.515,32.751,158.11,10
2020-07-15 17:15:00,1.9734,118.68,120.84,24.166,12.992,34.929,0.71891,220.4,158.44,33.875,30.796,31.451,32.654,158.11,10
2020-07-15 17:16:00,1.9662,118.49,120.84,24.086,12.992,34.873,0.72621,218.4,158.58,33.763,30.578,31.372,32.685,157.31,10
2020-07-15 17:17:00,1.964,116.53,120.74,24.093,12.992,34.823,0.73479,212.63,156.24,33.756,30.758,31.413,32.612,154.17,10
2020-07-15 17:18:00,1.9467,111.52,120.69,24.172,12.994,34.785,0.7021199999999999,214.54,150.61,33.815,30.86,31.574,32.734,150.17,10
2020-07-15 17:19:00,1.9282,106.51,120.77,24.182,12.993,34.72,0.6869699999999999,214.46,147.32,33.745,30.809,31.472,32.7,146.12,10
2020-07-15 17:20:00,1.9258,103.84,120.84,24.183,12.993,34.667,0.67949,210.8,143.21,33.619,30.657,31.293,32.582,142.59,10
2020-07-15 17:21:00,1.9104,102.13,120.84,24.113,12.994,34.614,0.6521099999999999,213.22,139.04,33.449,30.647,31.205,32.465,140.01,10
2020-07-15 17:22:00,1.9057,99.806,120.82,24.147,12.994,34.555,0.6588699999999998,207.49,136.69,33.439,30.611,31.235,32.426,137.03,10
2020-07-15 17:23:00,1.8936,95.901,120.86,24.222,12.995,34.496,0.65503,200.91,131.6,33.474,30.564,31.13,32.329,133.78,10
2020-07-15 17:24:00,1.8801,93.158,120.82,24.201,12.994,34.452,0.63039,202.38,127.55,33.354,30.346,30.935,32.195,130.52,10
2020-07-15 17:25:00,1.8639,89.563,120.96,24.181,12.995,34.394,0.59918,208.11,124.69,33.202,30.264,30.891,32.156,128.29,10
2020-07-15 17:26:00,1.8622,89.58499999999998,120.85,24.201,12.997,34.338,0.6035599999999999,207.75,125.39,33.169,30.214,30.828,32.059,127.74,10
2020-07-15 17:27:00,1.8658,89.542,120.84,24.14,12.998,34.284,0.60631,203.47,123.36,33.097,30.164,30.68,31.962,127.74,10
2020-07-15 17:28:00,1.8692,89.611,120.83,24.132,12.999,34.231,0.60724,202.8,123.14,33.059,30.142,30.774,31.952,127.71,10
2020-07-15 17:29:00,1.8672,88.792,120.82,24.161,13.0,34.185,0.60194,204.36,123.0,33.054,30.138,30.675,31.871,126.94,10
2020-07-15 17:30:00,1.8672,86.104,120.89,24.139,13.0,34.132,0.6032199999999999,199.42,120.3,33.003,30.149,30.684,31.849,124.43,10
2020-07-15 17:31:00,1.8524,83.117,120.95,24.192,13.001,34.064,0.5999299999999999,195.68,117.39,33.0,30.304,30.747,31.785,120.79,10
2020-07-15 17:32:00,1.8342,77.818,120.96,24.21,13.0,34.012,0.56142,200.65,112.66,32.996,30.241,30.54,31.61,115.5,10
2020-07-15 17:33:00,1.8174,74.302,120.9,24.151,13.002,33.944,0.54025,194.79,105.22,32.907,30.096,30.424,31.369,110.48,10
2020-07-15 17:34:00,1.8059,70.663,121.0,24.149,13.002,33.909,0.51234,196.87,100.84,32.9,30.064,30.39,31.228,106.4,10
2020-07-15 17:35:00,1.8029,68.02,121.04,24.127,13.003,33.845,0.50777,192.66,97.825,32.84,29.956,30.257,31.043,102.82,10
2020-07-15 17:36:00,1.7969,64.913,121.06,24.136,13.005,33.778,0.4825999999999999,192.07,92.683,32.77,29.822,30.163,30.861,99.457,10
2020-07-15 17:37:00,1.7793,60.147,120.94,24.142,13.004,33.73,0.4672799999999999,189.58,88.601,32.756,29.909,30.103,30.666,93.971,10
2020-07-15 17:38:00,1.7603,51.629,121.05,24.163,13.006,33.666,0.4092399999999999,187.99,76.933,32.72,29.661,30.016,30.614,85.757,10
2020-07-15 17:39:00,1.7502,44.34,120.97,24.15,13.006,33.621,0.37383,187.69,70.163,32.656,29.483,29.9,30.504,77.545,10
2020-07-15 17:40:00,1.7458,40.358,121.02,24.009,13.01,33.562,0.33733,189.46,63.909,32.505,29.257,29.722,30.405,72.27899999999998,10
2020-07-15 17:41:00,1.7409,36.497,121.22,23.95,13.01,33.508,0.31744,188.66,59.894,32.468,29.246,29.584,30.187,67.951,10
2020-07-15 17:42:00,1.726,30.291,121.32,23.931,13.01,33.442,0.2767299999999999,186.97,51.742,32.423,29.174,29.543,30.102,61.748,10
2020-07-15 17:43:00,1.7205,22.912,121.14,23.952,13.012,33.377,0.2385799999999999,188.52,44.962,32.409,29.089,29.467,29.998,54.388,10
2020-07-15 17:44:00,1.7191,16.506,121.09,23.924,13.011,33.323,0.20116,187.58,37.742,32.364,29.064,29.253,29.712,46.78,10
2020-07-15 17:45:00,1.7208,11.384,121.13,23.893,13.014,33.26,0.16958,188.19,31.916,32.265,28.793,29.1,29.546,41.102,10
2020-07-15 17:46:00,1.7186,8.8286,121.22,23.806,13.014,33.201,0.1484099999999999,189.58,28.137,32.151,28.697,28.902,29.296,37.739,10
2020-07-15 17:47:00,1.7225,7.0253,121.25,23.716,13.016,33.139,0.13874,189.86,26.337,32.048,28.544,28.747,29.092,35.616,10
2020-07-15 17:48:00,1.7181,4.7573,121.21,23.718,13.013,33.085,0.11939,189.46,22.619,32.018,28.478,28.659,28.945,33.162,10
2020-07-15 17:49:00,1.7206,2.9982,121.2,23.736,13.016,33.038,0.11044,189.11,20.889,32.001,28.406,28.55,28.803,30.791,10
2020-07-15 17:50:00,1.723,1.4161,121.16,23.747,13.015,32.955,0.09511,187.44,17.828,31.895,28.188,28.369,28.639,29.193,10
2020-07-15 17:51:00,1.7228,0.77446,121.17,23.72,13.017,32.904,0.0879899999999999,188.99,16.628,31.778,28.001,28.219,28.477,27.705,10
2020-07-15 17:52:00,1.7272,-0.1327599999999999,121.19,23.677,13.017,32.828,0.08124,187.99,15.274,31.634,27.929,28.001,28.203,26.933,10
2020-07-15 17:53:00,1.7256,-0.6417,121.16,23.665,13.018,32.77,0.0810499999999999,186.34,15.109,31.498,27.716,27.869,28.083,25.803,10
2020-07-15 17:54:00,1.7264,-0.90724,121.22,23.628,13.022,32.704,0.0750299999999999,183.98,13.81,31.365,27.505,27.753,27.955,25.555,10
2020-07-15 17:55:00,1.7262,-1.1617,121.27,23.623,13.023,32.634,0.0753999999999999,181.65,13.699,31.256,27.337,27.596,27.814,24.507,10
2020-07-15 17:56:00,1.7234,-1.2724,121.26,23.601,13.023,32.567,0.07247,181.14,13.127,31.139,27.204,27.496,27.705,24.48,10
2020-07-15 17:57:00,1.7201,-1.4272,121.29,23.576,13.025,32.508,0.07868,180.77,14.221,31.026,27.184,27.303,27.496,24.48,10
2020-07-15 17:58:00,1.7234,-1.6928,121.14,23.522,13.026,32.441,0.07868,182.39,14.349,30.84,27.013,27.225,27.452,24.535,10
2020-07-15 17:59:00,1.7173,-1.6706,120.26,23.521,13.026,32.374,0.0790499999999999,182.68,14.443,30.769,26.941,27.137,27.342,25.17,10
2020-07-15 18:00:00,1.7108,-1.4162,119.95,23.525,13.026,32.301,0.07978,184.61,14.728,30.633,26.83,27.01,27.217,25.804,10
2020-07-15 18:01:00,1.7121,-1.0843,120.01,23.483,13.028,32.238,0.08179,185.78,15.195,30.465,26.701,26.779,27.076,25.804,10
2020-07-15 18:02:00,1.7072,-0.7081,120.21,23.429,13.028,32.177,0.07868,186.72,14.695,30.31,26.624,26.673,26.961,25.803,10
2020-07-15 18:03:00,1.7083,-0.39831,120.15,23.374,13.029,32.098,0.0796,187.97,14.959,30.153,26.535,26.62,26.829,25.858,10
2020-07-15 18:04:00,1.7061,0.33193,120.13,23.326,13.029,32.041,0.0881799999999999,188.6,16.627,29.997,26.414,26.583,26.732,27.099,10
2020-07-15 18:05:00,1.7056,1.9031,120.19,23.284,13.032,31.978,0.09073,188.19,17.077,29.851,26.361,26.513,26.601,28.588,10
2020-07-15 18:06:00,1.7078,3.5849,120.21,23.254,13.03,31.919,0.1046099999999999,188.52,19.727,29.725,26.283,26.38,26.525,30.656,10
2020-07-15 18:07:00,1.7083,5.9084,120.23,23.229,13.032,31.845,0.12615,187.54,23.657,29.621,26.237,26.349,26.462,33.192,10
2020-07-15 18:08:00,1.707,7.6455,120.19,23.205,13.034,31.775,0.12433,196.03,24.305,29.534,26.173,26.289,26.346,36.171,10
2020-07-15 18:09:00,1.7092,8.2984,120.28,23.186,13.034,31.707,0.1212199999999999,208.8,25.126,29.489,26.07,26.304,26.285,39.783,10
2020-07-15 18:10:00,1.7089,18.898,120.31,23.194,13.035,31.648,0.21451,178.22,38.11,29.454,26.057,26.291,26.276,45.159,10
2020-07-15 18:11:00,1.7114,24.608,120.39,23.181,13.037,31.566,0.25541,172.72,44.102,29.376,26.037,26.271,26.295,51.446,10
2020-07-15 18:12:00,1.7152,31.136,120.38,23.163,13.036,31.505,0.29959,173.48,51.975,29.34,26.047,26.297,26.391,59.386,10
2020-07-15 18:13:00,1.7353,39.102,120.4,23.095,13.038,31.432,0.35564,171.65,61.046,29.232,26.114,26.315,26.476,69.807,10
2020-07-15 18:14:00,1.7499,48.596,120.4,23.057,13.038,31.373,0.4222799999999999,172.68,72.906,29.14,26.176,26.433,26.633,82.354,10
2020-07-15 18:15:00,1.7623,56.231,120.45,23.071,13.041,31.303,0.4701099999999999,169.68,79.757,29.115,26.323,26.502,26.686,91.591,10
2020-07-15 18:16:00,1.778,63.345,120.59,23.061,13.039,31.234,0.52963,170.83,90.5,29.022,26.408,26.462,26.801,100.77,10
2020-07-15 18:17:00,1.8306,80.518,120.65,23.034,13.041,31.164,0.65578,167.6,109.83,28.967,26.529,26.492,26.883,127.04,10
2020-07-15 18:18:00,1.816,76.25799999999998,120.57,23.087,13.04,31.106,0.64885,162.38,105.28,28.993,26.671,26.51,26.868,122.41,10
2020-07-15 18:19:00,1.8653,92.225,120.65,23.131,13.04,31.028,0.76405,157.96,120.69,28.98,26.798,26.374,27.088,148.44,10
2020-07-15 18:20:00,2.0723,142.25,120.87,23.188,13.042,30.97,1.1002,164.27,180.53,29.008,27.131,26.705,27.509,230.87,10
2020-07-15 18:21:00,1.985,126.12,120.91,23.286,13.04,30.902,1.0012,158.22,158.39,29.043,27.385,27.024,27.853,212.32,10
2020-07-15 18:22:00,1.9894,123.11,120.85,23.358,13.04,30.841,0.9835,161.99,159.14,29.071,27.55,27.263,28.237,197.57,10
2020-07-15 18:23:00,2.2005,167.4,120.95,23.463,13.041,30.775,1.3275,159.12,211.21,29.106,27.955,27.708,28.733,293.52,10
2020-07-15 18:24:00,2.2104,171.32,120.84,23.655,13.038,30.715,1.3059,164.89,215.31,29.219,28.448,28.163,29.218,294.52,10
2020-07-15 18:25:00,2.2195,171.84,120.85,23.883,13.038,30.646,1.2663,172.01,217.82,29.325,28.67,28.565,29.478,287.35,10
2020-07-15 18:26:00,2.2548,175.27,120.92,24.064,13.036,30.6,1.2347,179.19,221.22,29.447,28.984,29.013,29.673,289.94,10
2020-07-15 18:27:00,2.2451,174.49,120.98,24.242,13.034,30.537,1.1922,185.17,220.71,29.52,29.082,29.472,30.145,286.14,10
2020-07-15 18:28:00,2.2055,168.6,120.87,24.46,13.033,30.483,1.1509,185.51,213.53,29.631,29.275,29.763,30.384,279.77,10
2020-07-15 18:29:00,2.1659,160.44,120.86,24.47,13.029,30.431,1.1142,182.13,202.93,29.676,29.275,29.85,30.608,273.27,10
2020-07-15 18:30:00,2.1171,151.83,120.85,24.292,13.027,30.385,1.0695,179.76,192.23,29.654,29.206,29.787,30.733,264.99,10
2020-07-15 18:31:00,2.0836,145.11,120.84,24.338,13.027,30.358,1.0085,183.07,184.59,29.731,29.504,30.004,30.825,256.03,10
2020-07-15 18:32:00,2.0439,137.11,120.83,24.525,13.022,30.315,0.947,185.51,175.67,29.823,29.606,30.173,30.962,246.16,10
2020-07-15 18:33:00,2.0093,126.46,120.74,24.699,13.021,30.288,0.89551,182.92,163.81,29.899,29.435,30.064,30.869,236.26,10
2020-07-15 18:34:00,1.9658,118.43,120.63,24.564,13.02,30.244,0.82267,186.9,153.74,29.794,29.299,29.762,30.59,225.07,10
2020-07-15 18:35:00,1.9231,109.78,120.63,24.386,13.016,30.228,0.76844,187.63,144.2,29.656,29.181,29.696,30.52,213.9,10
2020-07-15 18:36:00,1.8895,100.89,120.6,24.222,13.014,30.209,0.71531,185.74,132.85,29.554,29.009,29.564,30.356,203.7,10
2020-07-15 18:37:00,1.8653,94.03,120.54,24.114,13.012,30.196,0.6778899999999999,187.18,126.84,29.451,28.81,29.376,30.178,195.84,10
2020-07-15 18:38:00,1.8565,88.87399999999998,120.54,24.089,13.012,30.174,0.64046,192.06,122.98,29.349,28.694,29.269,29.903,189.64,10
2020-07-15 18:39:00,1.8397,85.632,120.5,24.263,13.01,30.174,0.59555,197.56,117.61,29.376,28.633,29.152,29.668,184.57,10
2020-07-15 18:40:00,1.8028,78.86,120.46,24.433,13.009,30.174,0.53859,203.1,109.38,29.375,28.459,28.94,29.406,173.51,10
2020-07-15 18:41:00,1.7951,72.73,120.42,24.529,13.007,30.169,0.51777,198.71,102.88,29.333,28.22,28.728,29.172,164.94,10
2020-07-15 18:42:00,1.7742,66.91,120.41,24.486,13.006,30.174,0.4796199999999999,194.68,93.406,29.235,28.032,28.527,28.967,157.05,10
2020-07-15 18:43:00,1.7607,61.488,120.34,24.467,13.006,30.174,0.4472999999999999,196.5,87.893,29.126,27.772,28.303,28.736,150.05,10
2020-07-15 18:44:00,1.7571,58.113,120.2,24.511,13.005,30.175,0.4323299999999999,195.81,84.65699999999998,29.055,27.744,28.13,28.409,152.62,10
2020-07-15 18:45:00,1.7511,53.466,120.18,24.574,13.005,30.185,0.4086,193.03,78.867,29.015,27.41,27.93,28.24,141.97,10
2020-07-15 18:46:00,1.7406,47.978,120.29,24.499,13.004,30.207,0.3766499999999999,192.71,72.581,28.898,27.159,27.667,28.025,128.77,10
2020-07-15 18:47:00,1.7304,43.131,120.2,24.499,13.002,30.21,0.3405,192.28,65.467,28.832,27.002,27.451,27.766,112.0,10
2020-07-15 18:48:00,1.7324,42.368,120.19,24.553,13.002,30.239,0.3288099999999999,193.89,63.757,28.777,26.746,27.27,27.552,109.33,10
2020-07-15 18:49:00,1.7282,43.021,120.24,24.612,13.004,30.239,0.3401299999999999,193.58,65.84,28.704,26.66,27.032,27.22,108.42,10
2020-07-15 18:50:00,1.7252,38.606,120.1,24.537,13.003,30.256,0.3204099999999999,191.89,61.486,28.63,26.495,26.784,26.94,92.537,10
2020-07-15 18:51:00,1.726,38.484,120.21,24.409,13.003,30.285,0.32607,192.45,62.749,28.557,26.237,26.624,26.787,88.92499999999998,10
2020-07-15 18:52:00,1.7277,38.772,120.17,24.277,13.005,30.304,0.3224199999999999,192.84,62.179,28.48,26.082,26.479,26.615,88.65,10
2020-07-15 18:53:00,1.7346,40.288,120.17,24.196,13.004,30.321,0.3361199999999999,192.92,64.846,28.383,25.836,26.329,26.51,89.312,10
2020-07-15 18:54:00,1.7307,38.904,120.26,23.986,13.005,30.34,0.33173,191.89,63.656,28.254,25.718,26.091,26.294,92.263,10
2020-07-15 18:55:00,1.7321,37.964,120.33,23.824,13.008,30.367,0.33465,192.36,64.369,28.201,25.565,26.107,26.32,94.661,10
2020-07-15 18:56:00,1.7302,36.227,120.32,23.741,13.01,30.369,0.31256,192.81,60.268,28.191,25.627,25.99,26.121,92.207,10
2020-07-15 18:57:00,1.7304,35.342,120.38,23.697,13.012,30.369,0.3134799999999999,193.2,60.562,28.156,25.473,25.971,26.108,95.957,10
2020-07-15 18:58:00,1.7302,33.992,120.36,23.695,13.013,30.389,0.308,194.14,59.794,28.182,25.456,25.875,26.026,95.931,10
2020-07-15 18:59:00,1.7341,34.546,120.23,23.568,13.013,30.405,0.30308,193.2,58.559,28.057,25.276,25.753,25.977,93.146,10
2020-07-15 19:00:00,1.7412,35.265,120.38,23.454,13.015,30.405,0.3070999999999999,193.67,59.472,27.971,25.288,25.669,25.87,92.07,10
2020-07-15 19:01:00,1.7388,35.298,120.37,23.391,13.018,30.405,0.30491,192.83,58.789,27.924,25.214,25.613,25.863,87.712,10
2020-07-15 19:02:00,1.7376,36.803,120.58,23.352,13.018,30.405,0.3039899999999999,192.93,58.647,27.912,25.183,25.58,25.841,86.94,10
2020-07-15 19:03:00,1.7258,34.502,120.59,23.313,13.018,30.405,0.3007,192.06,57.755,27.9,25.218,25.545,25.776,79.412,10
2020-07-15 19:04:00,1.7225,31.425,120.6,23.262,13.02,30.404,0.28299,193.39,54.738,27.842,25.109,25.496,25.814,73.98,10
2020-07-15 19:05:00,1.7162,28.958,120.62,23.195,13.022,30.404,0.27533,192.89,53.109,27.832,25.099,25.465,25.765,69.431,10
2020-07-15 19:06:00,1.7137,26.977,120.67,23.191,13.022,30.404,0.2572499999999999,192.85,49.609,27.851,25.083,25.425,25.692,66.536,10
2020-07-15 19:07:00,1.712,25.118,120.58,23.142,13.025,30.404,0.24228,192.09,46.538,27.814,24.984,25.362,25.67,63.448,10
2020-07-15 19:08:00,1.709,23.956,120.51,23.113,13.025,30.396,0.2283999999999999,193.84,44.272,27.797,25.032,25.354,25.591,61.49,10
2020-07-15 19:09:00,1.7074,20.67,120.48,23.118,13.026,30.371,0.21672,192.93,41.818,27.749,24.835,25.261,25.573,57.933,10
2020-07-15 19:10:00,1.7074,18.047,120.53,23.116,13.026,30.371,0.1924299999999999,192.77,37.098,27.743,24.961,25.192,25.396,54.735,10
2020-07-15 19:11:00,1.7082,14.617,120.47,23.099,13.027,30.371,0.17363,193.12,33.529,27.707,24.798,25.184,25.448,50.957,10
2020-07-15 19:12:00,1.7071,11.209,120.49,23.084,13.03,30.349,0.1573799999999999,193.65,30.475,27.676,24.726,25.114,25.376,46.27,10
2020-07-15 19:13:00,1.7104,7.8452,120.53,23.043,13.031,30.327,0.12744,193.85,24.703,27.599,24.679,24.998,25.249,41.858,10
2020-07-15 19:14:00,1.7093,5.0125,120.46,22.967,13.033,30.306,0.1079,194.15,20.949,27.505,24.624,24.854,25.086,38.218,10
2020-07-15 19:15:00,1.7079,2.4343,120.42,22.888,13.032,30.289,0.09092,195.59,17.781,27.399,24.46,24.767,25.001,35.516,10
2020-07-15 19:16:00,1.7208,4.935,120.49,22.8,13.033,30.251,0.11593,174.08,20.028,27.293,24.339,24.664,24.88,34.495,10
2020-07-15 19:17:00,1.7189,5.8756,120.42,22.772,13.036,30.24,0.13857,158.32,21.943,27.295,24.301,24.607,24.792,34.081,10
2020-07-15 19:18:00,1.7178,6.451,120.5,22.76,13.038,30.213,0.14843,158.62,23.551,27.283,24.336,24.492,24.64,35.019,10
2020-07-15 19:19:00,1.7167,5.6211,120.54,22.736,13.038,30.178,0.1400299999999999,157.85,22.101,27.232,24.28,24.393,24.529,33.75,10
2020-07-15 19:20:00,1.7203,5.3112,120.47,22.67,13.038,30.146,0.13657,157.39,21.492,27.147,24.2,24.307,24.439,32.978,10
2020-07-15 19:21:00,1.7233,4.1494,120.51,22.589,13.041,30.114,0.12379,157.56,19.508,27.032,24.113,24.237,24.371,31.545,10
2020-07-15 19:22:00,1.7175,3.1314,120.61,22.505,13.041,30.086,0.11265,158.47,17.85,26.929,24.02,24.189,24.329,29.366,10
2020-07-15 19:23:00,1.7183,1.5823,120.5,22.454,13.042,30.057,0.10827,159.0,17.218,26.853,23.906,24.145,24.295,27.022,10
2020-07-15 19:24:00,1.7269,0.45367,120.52,22.437,13.044,30.022,0.09932,157.23,15.617,26.811,23.827,24.081,24.224,25.478,10
2020-07-15 19:25:00,1.723,-1.1508,120.45,22.414,13.046,29.979,0.08161,158.11,12.9,26.8,23.768,24.017,24.131,23.603,10
2020-07-15 19:26:00,1.7115,-2.3901,120.51,22.407,13.047,29.947,0.07431,157.82,11.728,26.808,23.831,23.891,23.957,21.508,10
2020-07-15 19:27:00,1.7057,-3.0982,120.63,22.385,13.048,29.901,0.06171,156.79,9.677,26.765,23.693,23.834,23.91,20.267,10
2020-07-15 19:28:00,1.7087,-3.6293,120.63,22.37,13.051,29.867,0.0509399999999999,158.25,8.0616,26.757,23.688,23.762,23.807,19.109,10
2020-07-15 19:29:00,1.709,-3.8838,120.65,22.347,13.051,29.827,0.05276,156.82,8.2759,26.71,23.59,23.706,23.771,18.171,10
2020-07-15 19:30:00,1.6267,-1.2503,120.61,22.309,13.05,29.792,0.03798,168.75,6.3499,26.674,23.495,23.661,23.715,16.958,10
2020-07-15 19:31:00,1.6129,-0.6307099999999999,120.69,22.273,13.052,29.739,0.0356,168.23,5.9945,26.603,23.496,23.567,23.584,15.827,10
2020-07-15 19:32:00,1.611,-0.6307099999999999,120.7,22.237,13.053,29.707,0.03871,163.85,6.3495,26.568,23.476,23.497,23.496,14.779,10
2020-07-15 19:33:00,1.6126,-0.6971,120.78,22.209,13.054,29.643,0.03524,157.45,5.5513,26.526,23.4,23.415,23.399,13.98,10
2020-07-15 19:34:00,1.6121,-0.6528399999999999,120.75,22.178,13.054,29.603,0.03012,153.01,4.6104,26.484,23.231,23.398,23.442,13.539,10
2020-07-15 19:35:00,1.6126,-0.6639,120.73,22.153,13.054,29.556,0.0385199999999999,148.88,5.735,26.463,23.235,23.33,23.338,12.629,10
2020-07-15 19:36:00,1.6091,-0.64178,120.84,22.135,13.055,29.512,0.02903,142.44,4.1379,26.432,23.178,23.262,23.262,11.968,10
2020-07-15 19:37:00,1.6105,-0.65286,120.84,22.109,13.056,29.458,0.02866,139.45,3.9927,26.405,23.077,23.221,23.242,11.251,10
2020-07-15 19:38:00,1.6099,-0.6417899999999999,120.75,22.078,13.058,29.408,0.0365199999999999,132.95,4.854,26.377,23.076,23.141,23.109,10.231,10
2020-07-15 19:39:00,1.608,-0.6418,120.66,22.053,13.058,29.359,0.03268,126.58,4.1246,26.335,22.986,23.092,23.081,9.9272,10
2020-07-15 19:40:00,1.6086,-0.6307399999999999,120.68,22.03,13.058,29.313,0.03688,120.22,4.4457,26.301,22.993,23.049,23.007,9.3481,10
2020-07-15 19:41:00,1.6103,-0.6307399999999999,120.74,22.004,13.06,29.264,0.0282999999999999,114.78,3.251,26.242,22.989,23.033,22.969,8.6036,10
2020-07-15 19:42:00,1.61,-0.66395,120.67,21.975,13.061,29.209,0.03798,108.5,4.118,26.177,22.915,23.003,22.971,8.438,10
2020-07-15 19:43:00,1.6078,-0.6196899999999999,120.69,21.955,13.063,29.158,0.0356,103.52,3.687,26.156,22.946,22.975,22.925,7.6108,10
2020-07-15 19:44:00,1.6114,-0.6196899999999999,120.6,21.932,13.063,29.104,0.0381599999999999,97.532,3.7255,26.141,22.908,22.939,22.895,7.362599999999999,10
2020-07-15 19:45:00,1.61,-0.6860899999999999,120.58,21.887,13.065,29.055,0.0401699999999999,96.034,3.8609,26.132,22.855,22.933,22.917,7.279899999999999,10
2020-07-15 19:46:00,1.6087,-0.6197,120.69,21.859,13.065,29.001,0.0335999999999999,96.46,3.2457,26.126,22.89,22.912,22.878,7.2247,10
2020-07-15 19:47:00,1.6114,-0.64183,120.63,21.845,13.065,28.947,0.0363399999999999,98.617,3.5825,26.091,22.808,22.918,22.934,7.279899999999999,10
2020-07-15 19:48:00,1.6112,-0.6529,120.55,21.829,13.067,28.898,0.03853,101.71,3.9194,26.086,22.919,22.878,22.859,7.5283,10
2020-07-15 19:49:00,1.6114,-0.71931,120.59,21.822,13.068,28.855,0.042,105.21,4.4162,26.096,22.92,22.874,22.866,7.6662,10
2020-07-15 19:50:00,1.6095,-0.71931,120.58,21.816,13.067,28.793,0.0367,109.61,4.0259,26.062,22.829,22.909,22.941,8.1902,10
2020-07-15 19:51:00,1.6087,-0.67505,120.66,21.804,13.068,28.731,0.0365199999999999,113.6,4.1439,26.04,22.809,22.882,22.92,8.4663,10
2020-07-15 19:52:00,1.6106,-0.69718,120.56,21.816,13.07,28.675,0.0365199999999999,117.48,4.2991,26.036,22.823,22.868,22.897,8.6041,10
2020-07-15 19:53:00,1.6101,-0.69718,120.53,21.803,13.072,28.621,0.03268,120.8,3.9464,26.02,22.762,22.877,22.922,8.6042,10
2020-07-15 19:54:00,1.6109,-0.67505,120.54,21.788,13.074,28.573,0.02976,125.87,3.7474,26.021,22.818,22.873,22.894,8.824899999999998,10
2020-07-15 19:55:00,1.6098,-0.70825,120.53,21.772,13.074,28.509,0.03542,129.3,4.5838,25.973,22.796,22.893,22.92,9.1282,10
2020-07-15 19:56:00,1.6096,-0.70825,120.61,21.775,13.076,28.456,0.03871,133.33,5.1643,25.94,22.757,22.89,22.933,9.8727,10
2020-07-15 19:57:00,1.6085,-0.664,120.67,21.78,13.076,28.404,0.0365199999999999,140.13,5.1149,25.923,22.854,22.875,22.894,9.9277,10
2020-07-15 19:58:00,1.6082,-0.65295,120.7,21.779,13.074,28.36,0.03177,142.86,4.5399,25.921,22.825,22.886,22.91,10.038,10
2020-07-15 19:59:00,1.6115,-0.74148,120.71,21.794,13.078,28.301,0.03415,147.0,5.0205,25.901,22.922,22.885,22.895,10.617,10
2020-07-15 20:00:00,1.6091,-0.66403,120.76,21.807,13.074,28.245,0.0270299999999999,147.65,3.9902,25.878,22.842,22.917,22.955,10.838,10
2020-07-15 20:01:00,1.6088,-0.6751,120.79,21.814,13.077,28.195,0.03013,150.85,4.5406,25.845,22.905,22.942,22.965,11.086,10
2020-07-15 20:02:00,1.6099,-0.7083,120.83,21.833,13.077,28.137,0.0308599999999999,157.21,4.8395,25.808,23.018,22.975,22.963,12.134,10
2020-07-15 20:03:00,1.6097,-0.70832,120.79,21.89,13.078,28.091,0.03305,164.36,5.427,25.773,23.003,23.079,23.112,13.375,10
2020-07-15 20:04:00,1.6072,-0.65298,120.82,21.934,13.078,28.038,0.03397,172.19,5.8469,25.747,23.08,23.074,23.096,14.257,10
2020-07-15 20:05:00,1.6089,-0.6972599999999999,120.75,21.947,13.078,27.988,0.0293999999999999,175.87,5.1689,25.726,23.091,23.137,23.159,15.085,10
2020-07-15 20:06:00,1.6078,-0.6862,120.78,21.99,13.077,27.926,0.02758,181.3,4.9986,25.684,23.165,23.187,23.208,16.023,10
2020-07-15 20:07:00,1.6089,-0.7415399999999999,120.8,22.042,13.079,27.886,0.02977,180.75,5.3799,25.652,23.187,23.273,23.319,16.326,10
2020-07-15 20:08:00,1.6092,-0.7194099999999999,120.81,22.085,13.08,27.836,0.03031,178.49,5.4009,25.593,23.269,23.294,23.303,15.416,10
2020-07-15 20:09:00,1.6098,-0.74155,120.76,22.139,13.08,27.78,0.02867,173.45,4.965,25.509,23.23,23.335,23.333,14.644,10
2020-07-15 20:10:00,1.6098,-0.6530099999999999,120.87,22.17,13.08,27.735,0.03397,165.33,5.6353,25.453,23.25,23.358,23.341,13.734,10
2020-07-15 20:11:00,1.6084,-0.6862099999999999,121.0,22.171,13.08,27.68,0.02721,155.58,4.2512,25.393,23.25,23.361,23.316,11.997,10
2020-07-15 20:12:00,1.6076,-0.6640899999999998,120.96,22.172,13.083,27.639,0.0306799999999999,138.85,4.2635,25.338,23.081,23.336,23.34,10.177,10
2020-07-15 20:13:00,1.6098,-0.65302,120.94,22.173,13.08,27.594,0.0283099999999999,122.41,3.4799,25.307,23.11,23.212,23.217,8.9632,10
2020-07-15 20:14:00,1.6084,-0.65302,120.98,22.168,13.081,27.535,0.0387199999999999,108.82,4.2117,25.227,23.008,23.151,23.146,7.639599999999999,10
2020-07-15 20:15:00,1.6087,-0.6640899999999998,120.94,22.172,13.081,27.491,0.03379,97.734,3.3012,25.165,22.995,23.055,22.967,6.9501,10
2020-07-15 20:16:00,1.6087,-0.58662,121.01,22.144,13.081,27.444,0.04073,86.167,3.4971,25.109,22.88,23.023,22.895,6.04,10
2020-07-15 20:17:00,1.609,-0.6641,120.99,22.086,13.083,27.408,0.0421899999999999,74.763,3.1676,25.081,22.905,22.935,22.713,5.5437,10
2020-07-15 20:18:00,1.6104,-0.6309099999999999,120.97,22.048,13.083,27.373,0.03415,64.41,2.2054,25.04,22.958,22.883,22.609,5.1852,10
2020-07-15 20:19:00,1.6074,-0.5645,121.08,22.043,13.085,27.317,0.0332399999999999,55.075,1.8354,24.976,22.964,22.856,22.566,4.6336,10
2020-07-15 20:20:00,1.6091,-0.61985,120.99,22.048,13.084,27.285,0.0451099999999999,51.507,2.3238,24.945,22.952,22.839,22.562,4.6337,10
2020-07-15 20:21:00,1.6099,-0.61987,121.05,22.028,13.085,27.228,0.0359799999999999,55.877,2.0089,24.89,22.857,22.841,22.637,5.0199,10
2020-07-15 20:22:00,1.6088,-0.5866599999999998,121.11,22.005,13.085,27.187,0.04055,67.026,2.6977,24.853,22.892,22.821,22.641,5.5163,10
2020-07-15 20:23:00,1.6094,-0.6530799999999999,121.05,21.966,13.086,27.133,0.04036,75.18099999999998,3.0277,24.806,22.928,22.778,22.602,5.9578,10
2020-07-15 20:24:00,1.6113,-0.7084399999999998,120.93,21.939,13.086,27.098,0.04091,78.83,3.229,24.797,22.995,22.74,22.533,5.9854,10
2020-07-15 20:25:00,1.6116,-0.67523,120.95,21.936,13.086,27.044,0.0306799999999999,77.194,2.3702,24.76,22.931,22.728,22.549,5.9854,10
2020-07-15 20:26:00,1.6092,-0.6531,121.12,21.941,13.088,27.021,0.0412799999999999,75.284,3.1055,24.744,22.837,22.771,22.653,5.9579,10
2020-07-15 20:27:00,1.6089,-0.6531,121.08,21.928,13.088,26.958,0.0348899999999999,70.96,2.4771,24.705,22.736,22.734,22.65,5.7924,10
2020-07-15 20:28:00,1.61,-0.6863099999999999,121.04,21.92,13.087,26.941,0.03781,63.004,2.3869,24.706,22.749,22.757,22.672,5.2959,10
2020-07-15 20:29:00,1.6089,-0.64204,121.11,21.909,13.089,26.883,0.0325099999999999,54.974,1.8006,24.679,22.838,22.699,22.538,5.2959,10
2020-07-15 20:30:00,1.6095,-0.60884,121.01,21.9,13.088,26.836,0.0292199999999999,48.381,1.4209,24.637,22.745,22.682,22.56,4.6891,10
2020-07-15 20:31:00,1.6098,-0.66419,121.03,21.903,13.087,26.792,0.0316,41.999,1.3242,24.6,22.64,22.651,22.588,4.1098,10
2020-07-15 20:32:00,1.6078,-0.59777,120.97,21.898,13.088,26.751,0.0332399999999999,35.193,1.1619,24.589,22.592,22.609,22.55,3.3651,10
2020-07-15 20:33:00,1.609,-0.60885,120.87,21.858,13.091,26.718,0.0292199999999999,30.625,0.89134,24.561,22.522,22.576,22.533,2.1239,10
2020-07-15 20:34:00,1.6087,-0.5977799999999999,120.93,21.824,13.089,26.682,0.03196,27.808,0.89443,24.539,22.504,22.529,22.497,1.3791,10
2020-07-15 20:35:00,1.609,-0.5977799999999999,120.92,21.804,13.091,26.646,0.02502,24.73,0.6159099999999998,24.515,22.43,22.499,22.47,1.2137,10
2020-07-15 20:36:00,1.6081,-0.5534999999999999,120.95,21.786,13.089,26.598,0.01991,20.366,0.41099,24.471,22.381,22.439,22.407,0.7447399999999998,10
2020-07-15 20:37:00,1.6079,-0.53136,121.0,21.767,13.089,26.567,0.0206399999999999,16.098,0.33048,24.457,22.386,22.387,22.356,0.08275,10
2020-07-15 20:38:00,1.6079,-0.53136,120.99,21.771,13.09,26.529,0.02082,12.352,0.25117,24.427,22.35,22.35,22.311,-0.5241,10
2020-07-15 20:39:00,1.6087,-0.5202999999999999,120.86,21.759,13.092,26.491,0.0191799999999999,9.9772,0.19455,24.405,22.35,22.301,22.237,-0.66202,10
2020-07-15 20:40:00,1.6073,-0.5092299999999998,120.96,21.762,13.093,26.464,0.02009,9.8711,0.19467,24.38,22.268,22.265,22.23,-0.7172,10
2020-07-15 20:41:00,1.6082,-0.54244,121.0,21.743,13.092,26.426,0.02119,9.9065,0.20745,24.34,22.178,22.23,22.206,-1.131,10
2020-07-15 20:42:00,1.6079,-0.5645799999999999,120.97,21.726,13.094,26.381,0.01169,9.2918,0.10863,24.301,22.155,22.184,22.14,-1.2965,10
2020-07-15 20:43:00,1.6082,-0.5202999999999999,120.85,21.714,13.093,26.347,0.01717,8.7611,0.1499099999999999,24.271,22.19,22.138,22.072,-1.2965,10
2020-07-15 20:44:00,1.6079,-0.57565,120.85,21.695,13.096,26.305,0.0178999999999999,7.2397,0.1363999999999999,24.234,22.117,22.067,22.0,-1.2689,10
2020-07-15 20:45:00,1.6074,-0.54244,120.7,21.665,13.092,26.271,0.02082,5.8864,0.12406,24.188,22.024,22.025,21.976,-1.3241,10
2020-07-15 20:46:00,1.6076,-0.5202999999999999,120.82,21.636,13.095,26.24,0.0180799999999999,5.4486,0.10273,24.142,21.99,21.967,21.908,-1.3241,10
2020-07-15 20:47:00,1.6079,-0.4649499999999999,120.87,21.605,13.096,26.2,0.01516,3.2948,0.0489599999999999,24.09,21.869,21.92,21.866,-1.4344,10
2020-07-15 20:48:00,1.6076,-0.5202999999999999,120.88,21.565,13.096,26.153,0.0157099999999999,2.4413,0.03708,24.027,21.841,21.868,21.79,-1.5448,10
2020-07-15 20:49:00,1.6074,-0.5092299999999998,120.94,21.531,13.098,26.131,0.01461,3.4894,0.04376,23.987,21.824,21.809,21.741,-1.8758,10
2020-07-15 20:50:00,1.6079,-0.47603,120.99,21.49,13.1,26.096,0.02228,3.0914,0.07134,23.921,21.691,21.763,21.732,-2.1792,10
2020-07-15 20:51:00,1.6068,-0.52031,121.01,21.479,13.099,26.053,0.01388,2.4501,0.0306699999999999,23.861,21.691,21.713,21.643,-2.3999,10
2020-07-15 20:52:00,1.6085,-0.5313799999999999,121.06,21.466,13.099,26.02,0.01754,1.9902,0.03826,23.806,21.651,21.663,21.588,-2.5655,10
2020-07-15 20:53:00,1.6071,-0.5313799999999999,120.99,21.483,13.1,25.992,0.01607,1.6143,0.02929,23.751,21.554,21.651,21.603,-2.4,10
2020-07-15 20:54:00,1.6071,-0.49817,121.03,21.457,13.099,25.951,0.01242,2.2865,0.02903,23.692,21.531,21.57,21.538,-2.2345,10
2020-07-15 20:55:00,1.6076,-0.4870999999999999,120.99,21.461,13.1,25.914,0.01059,-0.2211299999999999,-0.0011299999999999,23.622,21.45,21.539,21.483,-2.3724,10
2020-07-15 20:56:00,1.6065,-0.4870999999999999,120.94,21.464,13.101,25.878,0.02101,-0.28747,-0.00583,23.566,21.346,21.464,21.452,-2.3725,10
2020-07-15 20:57:00,1.6082,-0.5313799999999999,121.06,21.432,13.102,25.845,0.0202799999999999,1.6673,0.03287,23.518,21.331,21.389,21.358,-2.5104,10
2020-07-15 20:58:00,1.6076,-0.47603,121.13,21.414,13.104,25.805,0.0193599999999999,1.5214,0.02968,23.464,21.296,21.325,21.294,-2.5656,10
2020-07-15 20:59:00,1.6082,-0.45389,121.08,21.397,13.103,25.784,0.0157099999999999,0.54398,0.0099,23.429,21.284,21.242,21.197,-2.6207,10
2020-07-15 21:00:00,1.6074,-0.4870999999999999,121.03,21.377,13.103,25.747,0.0094999999999999,-1.0482,-0.01192,23.377,21.127,21.129,21.113,-2.6483,10
2020-07-15 21:01:00,1.6068,-0.49817,121.08,21.381,13.105,25.705,0.01041,-0.10172,-0.0003699999999999,23.315,21.05,21.107,21.085,-2.6484,10
2020-07-15 21:02:00,1.6082,-0.4649599999999999,121.15,21.385,13.106,25.665,0.01754,0.1813299999999999,0.0050699999999999,23.265,20.974,21.016,20.996,-2.7035,10
2020-07-15 21:03:00,1.6068,-0.4870999999999999,121.22,21.384,13.106,25.632,0.01133,-0.26978,-0.0050499999999999,23.217,20.892,21.009,20.99,-2.6484,10
2020-07-15 21:04:00,1.6074,-0.5313799999999999,121.24,21.409,13.106,25.592,0.01498,0.07519,-0.00668,23.168,20.908,20.988,20.95,-2.7036,10
2020-07-15 21:05:00,1.6071,-0.52031,120.92,21.441,13.107,25.564,0.01133,-0.12383,0.0022499999999999,23.131,20.847,20.917,20.886,-2.6484,10
2020-07-15 21:06:00,1.6077,-0.4870999999999999,120.73,21.419,13.104,25.539,0.0076699999999999,-0.0840299999999999,0.00319,23.088,20.787,20.886,20.871,-2.7036,10
2020-07-15 21:07:00,1.6077,-0.55352,120.64,21.398,13.106,25.497,0.01516,-0.3051599999999999,-0.00355,23.036,20.736,20.824,20.819,-2.7036,10
2020-07-15 21:08:00,1.6077,-0.5313799999999999,120.66,21.392,13.109,25.464,0.01827,0.07519,0.00062,22.989,20.722,20.761,20.793,-2.9243,10
2020-07-15 21:09:00,1.6074,-0.52031,120.47,21.37,13.11,25.427,0.0167999999999999,-0.2520899999999999,-0.00617,22.939,20.581,20.681,20.732,-2.8692,10
2020-07-15 21:10:00,1.6074,-0.49818,120.44,21.36,13.108,25.386,0.02101,0.2299799999999999,0.0079799999999999,22.879,20.499,20.602,20.638,-3.0899,10
2020-07-15 21:11:00,1.6069,-0.49819,120.45,21.332,13.109,25.343,0.0126,-0.27864,-0.0001399999999999,22.824,20.465,20.559,20.57,-3.3382,10
2020-07-15 21:12:00,1.6066,-0.5313999999999999,120.42,21.284,13.109,25.32,0.01352,0.07076,-0.00036,22.784,20.427,20.518,20.525,-3.283,10
2020-07-15 21:13:00,1.6072,-0.50926,120.42,21.263,13.113,25.293,0.01023,-0.16808,-0.00583,22.748,20.349,20.437,20.483,-3.3657,10
2020-07-15 21:14:00,1.6075,-0.48713,120.47,21.256,13.109,25.243,0.01206,-0.3538299999999999,-0.0066699999999999,22.687,20.242,20.426,20.442,-3.2553,10
2020-07-15 21:15:00,1.6069,-0.4981999999999999,120.38,21.243,13.113,25.22,0.01553,-0.21672,-0.00781,22.654,20.27,20.388,20.39,-2.9519,10
2020-07-15 21:16:00,1.608,-0.53142,120.44,21.251,13.114,25.186,0.0082199999999999,-0.51307,0.00355,22.623,20.323,20.415,20.361,-2.7588,10
2020-07-15 21:17:00,1.6075,-0.56464,120.48,21.262,13.113,25.15,0.00585,-0.2344199999999999,0.00197,22.586,20.324,20.425,20.346,-2.6485,10
2020-07-15 21:18:00,1.6075,-0.50928,120.41,21.248,13.113,25.113,0.00986,-0.1724999999999999,0.00021,22.54,20.258,20.351,20.307,-2.4553,10
2020-07-15 21:19:00,1.6075,-0.50929,120.36,21.222,13.115,25.089,0.01443,-0.2874999999999999,-0.00381,22.505,20.201,20.306,20.274,-2.4002,10
2020-07-15 21:20:00,1.6075,-0.48715,120.37,21.179,13.115,25.045,0.01535,-0.2698099999999999,-0.0036099999999999,22.448,20.123,20.22,20.187,-2.5381,10
2020-07-15 21:21:00,1.6081,-0.54251,120.46,21.113,13.117,25.018,0.0180899999999999,0.21231,0.00172,22.401,20.14,20.173,20.129,-2.6485,10
2020-07-15 21:22:00,1.6078,-0.52036,120.53,21.053,13.116,24.98,0.0168099999999999,0.03096,4e-05,22.36,20.123,20.134,20.054,-2.6209,10
2020-07-15 21:23:00,1.6075,-0.50928,120.52,20.985,13.118,24.941,0.01114,-0.47769,-0.00728,22.313,20.117,20.06,19.967,-2.6209,10
2020-07-15 21:24:00,1.6078,-0.5203499999999999,120.51,20.908,13.12,24.918,0.01461,-0.87133,-0.01239,22.286,20.055,19.995,19.877,-2.6485,10
2020-07-15 21:25:00,1.6078,-0.5535799999999998,120.46,20.844,13.12,24.88,0.01242,0.3715399999999999,0.0063,22.219,19.912,19.921,19.865,-2.6761,10
2020-07-15 21:26:00,1.6073,-0.54251,120.55,20.81,13.118,24.839,0.0137,-0.1061499999999999,0.00303,22.174,19.877,19.866,19.767,-2.7037,10
2020-07-15 21:27:00,1.6075,-0.49822,120.6,20.769,13.12,24.8,0.0106,-1.3623,-0.01485,22.132,19.802,19.85,19.766,-2.8416,10
2020-07-15 21:28:00,1.6067,-0.49823,120.65,20.732,13.12,24.776,0.01553,-0.4025,-0.00577,22.094,19.743,19.898,19.834,-3.1451,10
2020-07-15 21:29:00,1.6081,-0.5757299999999999,120.67,20.683,13.12,24.735,0.00694,-1.0306,-0.0024499999999999,22.051,19.801,19.809,19.732,-3.0347,10
2020-07-15 21:30:00,1.607,-0.56466,120.64,20.678,13.121,24.707,0.0109599999999999,-1.0704,-0.01395,22.022,19.849,19.806,19.685,-2.7037,10
2020-07-15 21:31:00,1.607,-0.50929,120.74,20.658,13.121,24.672,0.01114,-0.38923,-0.0063699999999999,21.975,19.801,19.735,19.678,-2.6485,10
2020-07-15 21:32:00,1.607,-0.57572,120.82,20.639,13.122,24.635,0.01644,1.0748,0.01659,21.912,19.636,19.752,19.788,-2.8141,10
2020-07-15 21:33:00,1.607,-0.50929,120.81,20.612,13.124,24.594,0.0137,-0.88019,-0.01354,21.873,19.629,19.726,19.749,-2.9244,10
2020-07-15 21:34:00,1.6061,-0.40964,120.83,20.634,13.122,24.557,0.01078,-0.91998,-0.0071799999999999,21.832,19.591,19.764,19.771,-3.0072,10
2020-07-15 21:35:00,1.6078,-0.53142,120.73,20.601,13.124,24.523,0.01608,-0.65902,-0.01413,21.801,19.609,19.786,19.745,-2.8141,10
2020-07-15 21:36:00,1.6075,-0.50928,120.71,20.556,13.126,24.489,0.00859,-0.37153,0.00263,21.771,19.722,19.736,19.667,-2.6761,10
2020-07-15 21:37:00,1.6069,-0.48713,120.77,20.566,13.125,24.451,0.01297,0.12384,0.0024599999999999,21.735,19.745,19.792,19.717,-2.6485,10
2020-07-15 21:38:00,1.6072,-0.4981999999999999,120.84,20.574,13.125,24.424,0.0063899999999999,-1.2163,-0.00415,21.707,19.686,19.809,19.725,-2.6485,10
2020-07-15 21:39:00,1.6069,-0.58677,120.79,20.572,13.127,24.384,0.01133,-1.1809,-0.01182,21.664,19.653,19.777,19.721,-2.5106,10
2020-07-15 21:40:00,1.6072,-0.4982099999999999,120.79,20.552,13.127,24.351,0.0089499999999999,0.7474899999999999,0.00829,21.627,19.7,19.81,19.757,-2.5106,10
2020-07-15 21:41:00,1.6072,-0.50928,120.71,20.562,13.127,24.315,0.01023,-0.0398099999999999,-0.00545,21.593,19.617,19.812,19.814,-2.483,10
2020-07-15 21:42:00,1.6075,-0.48714,120.87,20.579,13.129,24.284,0.01352,0.0884599999999999,0.0079799999999999,21.573,19.715,19.78,19.746,-2.483,10
2020-07-15 21:43:00,1.6075,-0.48715,120.94,20.579,13.127,24.262,0.0094999999999999,-0.16808,-0.00148,21.547,19.721,19.773,19.728,-2.2071,10
2020-07-15 21:44:00,1.6073,-0.52036,120.87,20.567,13.13,24.224,0.01516,-0.30962,-0.0073699999999999,21.513,19.639,19.751,19.733,-2.2623,10
2020-07-15 21:45:00,1.6064,-0.45394,120.8,20.534,13.13,24.179,0.01133,0.83154,0.00978,21.468,19.65,19.707,19.673,-2.3175,10
2020-07-15 21:46:00,1.607,-0.4650099999999999,120.87,20.486,13.128,24.155,0.0091299999999999,1.0527,0.00783,21.437,19.628,19.667,19.628,-2.483,10
2020-07-15 21:47:00,1.6076,-0.55359,120.89,20.448,13.13,24.12,0.00365,0.44674,0.00018,21.4,19.527,19.69,19.65,-2.4554,10
2020-07-15 21:48:00,1.6076,-0.53144,120.88,20.438,13.131,24.079,0.01608,0.95983,0.01324,21.367,19.558,19.668,19.61,-2.5659,10
2020-07-15 21:49:00,1.6084,-0.54252,120.86,20.456,13.132,24.053,0.0106,-1.066,-0.01007,21.359,19.621,19.65,19.537,-2.4555,10
2020-07-15 21:50:00,1.6081,-0.49823,120.85,20.466,13.132,24.02,0.01699,-0.5086699999999998,-0.0067799999999999,21.321,19.494,19.685,19.61,-2.3727,10
2020-07-15 21:51:00,1.6073,-0.58681,120.9,20.45,13.132,23.986,0.01041,0.3892399999999999,0.00462,21.285,19.524,19.593,19.505,-2.3176,10
2020-07-15 21:52:00,1.6081,-0.52038,120.93,20.424,13.132,23.951,0.0053,-1.1412,-0.0055599999999999,21.252,19.502,19.551,19.401,-2.3727,10
2020-07-15 21:53:00,1.607,-0.4650199999999999,120.9,20.395,13.132,23.918,0.01315,0.2167399999999999,0.00846,21.198,19.389,19.564,19.469,-2.3727,10
2020-07-15 21:54:00,1.6076,-0.5425299999999998,120.87,20.388,13.133,23.884,0.01589,-0.49541,-0.0068599999999999,21.179,19.406,19.5,19.383,-2.5383,10
2020-07-15 21:55:00,1.6082,-0.56467,120.82,20.379,13.134,23.856,0.0073099999999999,-1.3624,-0.01354,21.159,19.384,19.486,19.365,-2.5383,10
2020-07-15 21:56:00,1.6071,-0.6421799999999999,120.91,20.358,13.134,23.822,0.0148,-0.57945,-0.01106,21.1,19.222,19.442,19.416,-2.6486,10
2020-07-15 21:57:00,1.6071,-0.53146,121.01,20.336,13.134,23.796,0.01169,-0.8934999999999998,-0.01094,21.073,19.208,19.375,19.317,-2.6486,10
2020-07-15 21:58:00,1.6082,-0.58682,121.01,20.308,13.136,23.756,0.00932,0.68561,0.0008899999999999,21.016,19.204,19.305,19.276,-2.7037,10
2020-07-15 21:59:00,1.6073,-0.53146,121.02,20.292,13.136,23.727,0.01187,0.1327,-0.0002999999999999,20.989,19.18,19.24,19.254,-2.7313,10
2020-07-15 22:00:00,1.6073,-0.60897,121.03,20.281,13.134,23.694,0.00256,0.1194299999999999,0.0008,20.954,19.151,19.219,19.211,-2.8969,10
2020-07-15 22:01:00,1.6068,-0.5646799999999998,121.02,20.292,13.136,23.659,0.01644,0.01769,0.0024599999999999,20.927,19.128,19.223,19.239,-2.7589,10
2020-07-15 22:02:00,1.6068,-0.55361,121.11,20.318,13.137,23.628,0.0148,-0.48657,-0.00676,20.9,19.113,19.167,19.196,-2.6762,10
2020-07-15 22:03:00,1.6076,-0.53146,121.18,20.346,13.136,23.601,0.00621,-0.19463,-0.00553,20.881,19.114,19.235,19.263,-2.7038,10
2020-07-15 22:04:00,1.6079,-0.54254,121.16,20.469,13.136,23.573,0.00091,-0.38483,-0.0057999999999999,20.883,19.142,19.278,19.306,-2.6486,10
2020-07-15 22:05:00,1.6071,-0.54254,121.16,20.527,13.138,23.538,0.0089499999999999,-0.18578,-0.0051999999999999,20.849,19.091,19.305,19.329,-2.5935,10
2020-07-15 22:06:00,1.6068,-0.60897,121.2,20.566,13.137,23.505,0.0089499999999999,0.03096,-0.00107,20.841,19.143,19.372,19.371,-2.29,10
2020-07-15 22:07:00,1.6074,-0.57576,121.39,20.617,13.138,23.485,0.01206,-0.1592399999999999,-0.0062599999999999,20.837,19.151,19.321,19.368,-1.683,10
2020-07-15 22:08:00,1.6076,-0.60897,121.4,20.629,13.139,23.45,0.0096799999999999,-0.78293,-0.00732,20.803,19.148,19.286,19.343,-1.4347,10
2020-07-15 22:09:00,1.6076,-0.5868299999999999,121.35,20.64,13.14,23.419,0.01133,0.10616,0.00512,20.784,19.139,19.269,19.315,-1.3243,10
2020-07-15 22:10:00,1.6074,-0.5978999999999999,121.37,20.625,13.139,23.392,0.00694,-0.19905,0.00046,20.765,19.14,19.216,19.314,-1.6554,10
2020-07-15 22:11:00,1.6074,-0.57576,121.35,20.529,13.14,23.364,0.0146199999999999,-1.1722,-0.01904,20.75,19.085,19.148,19.259,-2.4831,10
2020-07-15 22:12:00,1.6074,-0.5868299999999999,121.46,20.463,13.142,23.329,0.00713,-1.0395,-0.00487,20.7,18.971,19.102,19.231,-2.6762,10
2020-07-15 22:13:00,1.6076,-0.60897,121.45,20.393,13.14,23.309,0.01114,-0.51753,-0.00751,20.681,19.034,19.065,19.157,-2.9521,10
2020-07-15 22:14:00,1.6074,-0.57576,121.43,20.371,13.14,23.272,0.00512,0.5529199999999999,0.00103,20.65,19.04,19.099,19.17,-3.2557,10
2020-07-15 22:15:00,1.6074,-0.5868299999999999,121.44,20.399,13.14,23.241,0.00493,-0.30079,0.0015399999999999,20.645,18.949,19.115,19.231,-3.3661,10
2020-07-15 22:16:00,1.6068,-0.57576,121.41,20.416,13.141,23.211,-0.00055,0.74755,-0.00025,20.604,18.897,19.072,19.203,-3.5592,10
2020-07-15 22:17:00,1.6074,-0.5868299999999999,121.33,20.439,13.141,23.193,0.01754,-0.28752,-0.0051799999999999,20.607,18.864,19.127,19.153,-3.6144,10
2020-07-15 22:18:00,1.6071,-0.6089799999999999,121.48,20.474,13.14,23.158,0.01315,1.0705,0.0090399999999999,20.584,18.926,19.018,19.041,-3.5868,10
2020-07-15 22:19:00,1.6071,-0.5978999999999999,121.4,20.47,13.142,23.121,0.01078,-0.7962099999999999,-0.0069899999999999,20.565,18.905,18.96,18.911,-3.6419,10
2020-07-15 22:20:00,1.6076,-0.53147,121.43,20.446,13.143,23.095,0.00566,0.6237,0.00385,20.526,18.909,18.955,18.998,-3.8075,10
2020-07-15 22:21:00,1.6071,-0.56469,121.49,20.415,13.143,23.076,0.0127899999999999,-0.40253,-0.0062199999999999,20.531,18.869,18.975,18.974,-3.8351,10
2020-07-15 22:22:00,1.6071,-0.5868299999999999,121.46,20.353,13.145,23.043,0.00621,0.16367,-0.00166,20.493,18.843,18.93,18.9,-3.973,10
2020-07-15 22:23:00,1.6068,-0.57576,121.47,20.323,13.144,23.017,0.0094999999999999,0.22117,-0.00133,20.465,18.756,18.936,18.886,-3.8626,10
2020-07-15 22:24:00,1.6071,-0.56469,121.45,20.269,13.146,22.999,0.0115099999999999,0.25656,-0.0035999999999999,20.439,18.711,18.898,18.804,-3.9178,10
2020-07-15 22:25:00,1.6074,-0.56469,121.41,20.207,13.144,22.967,0.00621,-0.0575,-0.0020699999999999,20.396,18.613,18.804,18.73,-3.9178,10
2020-07-15 22:26:00,1.6065,-0.57576,121.44,20.206,13.144,22.941,0.0106,-0.6856299999999999,-0.00352,20.371,18.644,18.739,18.647,-3.9453,10
2020-07-15 22:27:00,1.6077,-0.54254,121.57,20.279,13.147,22.912,0.00347,0.85372,0.0058599999999999,20.343,18.64,18.797,18.751,-3.9729,10
2020-07-15 22:28:00,1.6074,-0.55362,121.53,20.43,13.148,22.893,0.00804,-0.3450199999999999,-0.0028,20.382,18.793,18.847,18.795,-3.9729,10
2020-07-15 22:29:00,1.6065,-0.56469,121.48,20.654,13.148,22.863,0.01023,0.19905,0.00457,20.405,18.805,18.926,18.971,-3.9453,10
2020-07-15 22:30:00,1.6079,-0.57576,121.49,20.795,13.147,22.832,0.01352,-1.3978,-0.0180699999999999,20.433,18.947,19.005,19.111,-3.9729,10
2020-07-15 22:31:00,1.6063,-0.53147,121.5,21.014,13.148,22.808,0.0094999999999999,-1.0749,-0.01178,20.479,18.998,19.13,19.375,-3.8626,10
2020-07-15 22:32:00,1.6082,-0.55362,121.5,21.147,13.148,22.783,0.0127899999999999,-1.0395,-0.01388,20.491,19.053,19.107,19.398,-3.6418,10
2020-07-15 22:33:00,1.6066,-0.55364,121.47,21.259,13.148,22.763,0.0127899999999999,0.7254599999999999,0.0098399999999999,20.525,19.034,19.264,19.635,-3.6418,10
2020-07-15 22:34:00,1.6072,-0.5868499999999999,121.45,21.311,13.148,22.742,0.01443,0.76085,0.01099,20.559,19.127,19.205,19.591,-3.4763,10
2020-07-15 22:35:00,1.6069,-0.5093499999999999,121.35,21.408,13.148,22.71,0.01005,-0.33177,-0.0076699999999999,20.599,19.313,19.334,19.695,-3.6695,10
2020-07-15 22:36:00,1.6075,-0.59794,121.37,21.507,13.147,22.689,0.0106,-1.1723,-0.0124899999999999,20.713,19.382,19.411,19.814,-3.5591,10
2020-07-15 22:37:00,1.6066,-0.5314999999999999,121.47,21.39,13.149,22.668,0.00804,-0.81395,-0.0086599999999999,20.705,19.309,19.438,19.85,-3.4488,10
2020-07-15 22:38:00,1.6069,-0.5757999999999999,121.51,21.287,13.147,22.649,0.00329,-0.5972,-0.00337,20.704,19.269,19.383,19.812,-3.4489,10
2020-07-15 22:39:00,1.6078,-0.6200999999999999,121.44,21.177,13.149,22.626,0.0031099999999999,1.2165,0.00338,20.67,19.251,19.373,19.771,-3.642,10
2020-07-15 22:40:00,1.6064,-0.5868799999999998,121.38,21.113,13.148,22.605,0.01078,0.9865,0.0123,20.648,19.138,19.282,19.674,-3.5868,10
2020-07-15 22:41:00,1.6067,-0.6090299999999998,121.51,21.018,13.149,22.588,0.0133399999999999,0.16367,0.01179,20.611,19.019,19.177,19.53,-3.7248,10
2020-07-15 22:42:00,1.6064,-0.58689,121.63,20.935,13.148,22.567,0.0096799999999999,0.3450599999999999,0.0030799999999999,20.564,18.98,19.072,19.342,-3.9732,10
2020-07-15 22:43:00,1.6075,-0.57582,121.67,20.848,13.149,22.552,0.0146199999999999,1.2564,0.01939,20.513,18.851,19.01,19.233,-3.9732,10
2020-07-15 22:44:00,1.6067,-0.5647499999999999,121.62,20.752,13.149,22.535,0.01772,0.03096,-0.00395,20.464,18.686,18.933,19.12,-3.9732,10
2020-07-15 22:45:00,1.6076,-0.5647499999999999,121.61,20.641,13.148,22.51,0.0133399999999999,-1.3626,-0.01912,20.416,18.657,18.776,18.9,-3.9732,10
2020-07-15 22:46:00,1.6076,-0.57583,121.53,20.535,13.15,22.491,0.01261,0.44239,0.00268,20.338,18.535,18.688,18.813,-3.9733,10
2020-07-15 22:47:00,1.6065,-0.50939,121.66,20.458,13.149,22.48,0.0043899999999999,-0.76534,-0.0046499999999999,20.292,18.374,18.609,18.672,-3.9733,10
2020-07-15 22:48:00,1.6073,-0.54261,121.61,20.371,13.15,22.461,0.00347,-0.01327,-0.00372,20.251,18.341,18.5,18.508,-4.0009,10
2020-07-15 22:49:00,1.6073,-0.57583,121.6,20.298,13.151,22.438,0.00457,-0.26544,-0.00066,20.202,18.273,18.425,18.381,-3.9733,10
2020-07-15 22:50:00,1.6079,-0.58691,121.7,20.205,13.15,22.414,0.00914,-0.24775,-0.00284,20.151,18.213,18.364,18.268,-3.9734,10
2020-07-15 22:51:00,1.6076,-0.60906,121.69,20.143,13.151,22.402,0.00932,-0.13272,0.0002599999999999,20.117,18.227,18.307,18.164,-3.9734,10
2020-07-15 22:52:00,1.6073,-0.5426199999999999,121.76,20.106,13.152,22.389,0.01242,-0.54857,-0.00593,20.071,18.206,18.232,18.092,-3.9734,10
2020-07-15 22:53:00,1.6076,-0.58691,121.71,20.104,13.151,22.379,0.01169,0.2565899999999999,0.00683,20.034,18.157,18.271,18.079,-3.9734,10
2020-07-15 22:54:00,1.607,-0.57584,121.69,20.138,13.154,22.355,0.00676,-1.1104,-0.0061999999999999,20.003,18.042,18.245,18.025,-3.9734,10
2020-07-15 22:55:00,1.6076,-0.59799,121.7,20.155,13.154,22.338,0.00493,0.48664,0.0066899999999999,19.962,17.988,18.184,18.016,-3.9734,10
2020-07-15 22:56:00,1.6068,-0.59799,121.7,20.182,13.154,22.319,0.00713,0.2344799999999999,0.0024399999999999,19.932,17.995,18.203,17.972,-3.9734,10
2020-07-15 22:57:00,1.6071,-0.5647699999999999,121.78,20.221,13.155,22.293,0.0076699999999999,-0.6237899999999998,0.0009399999999999,19.916,18.093,18.181,17.874,-4.001,10
2020-07-15 22:58:00,1.6065,-0.5647699999999999,121.85,20.277,13.153,22.279,0.00457,0.66361,0.0045599999999999,19.891,18.101,18.197,17.893,-3.9734,10
2020-07-15 22:59:00,1.6071,-0.54263,121.86,20.253,13.156,22.262,0.00493,0.76536,0.0058199999999999,19.843,17.955,18.178,17.916,-3.9734,10
2020-07-15 23:00:00,1.6073,-0.5979999999999999,121.8,20.185,13.155,22.245,0.00621,0.04424,-0.00185,19.813,18.061,18.084,17.819,-4.001,10
2020-07-15 23:01:00,1.6076,-0.5315499999999999,121.67,20.091,13.155,22.225,0.00713,0.50434,0.00413,19.765,17.943,18.07,17.833,-3.9734,10
2020-07-15 23:02:00,1.6073,-0.6201499999999999,121.76,20.016,13.155,22.211,0.00932,-0.2565999999999999,0.00502,19.734,17.941,18.026,17.77,-3.9735,10
2020-07-15 23:03:00,1.6073,-0.5758499999999999,121.8,19.969,13.157,22.185,0.0089499999999999,0.09733,0.00318,19.696,17.961,18.053,17.837,-4.001,10
2020-07-15 23:04:00,1.6065,-0.6201499999999999,121.75,19.945,13.157,22.177,0.01425,-0.47338,-0.01248,19.685,17.967,18.066,17.917,-3.9736,10
2020-07-15 23:05:00,1.6065,-0.6422999999999999,121.79,19.963,13.158,22.16,0.0127899999999999,-0.03097,-0.00321,19.666,17.942,18.083,18.005,-3.9736,10
2020-07-15 23:06:00,1.6062,-0.5979999999999999,121.75,20.029,13.157,22.141,0.00512,-0.08848,0.00263,19.65,17.854,18.074,18.059,-4.0564,10
2020-07-15 23:07:00,1.6076,-0.53156,121.84,20.004,13.157,22.13,0.01206,-0.26987,-0.0006499999999999,19.631,17.819,18.019,17.987,-3.9736,10
2020-07-15 23:08:00,1.6071,-0.5758499999999999,121.88,19.807,13.158,22.105,0.0065799999999999,-0.23005,-0.00231,19.577,17.722,17.943,17.904,-3.9736,10
2020-07-15 23:09:00,1.6065,-0.5979999999999999,121.88,19.466,13.158,22.083,0.0106,0.09733,0.00035,19.518,17.647,17.833,17.819,-3.9736,10
2020-07-15 23:10:00,1.6076,-0.53156,121.8,19.224,13.158,22.079,0.00914,-0.42029,-0.00579,19.479,17.607,17.759,17.742,-3.9736,10
2020-07-15 23:11:00,1.6074,-0.53156,121.39,19.083,13.16,22.058,0.00493,-0.17254,-0.00638,19.43,17.539,17.686,17.657,-3.9736,10
2020-07-15 23:12:00,1.6074,-0.58693,121.25,19.003,13.159,22.035,0.0011,-0.61495,0.00189,19.371,17.451,17.629,17.605,-4.1115,10
2020-07-15 23:13:00,1.6065,-0.60908,121.28,18.935,13.16,22.009,0.00877,-0.02212,0.0026199999999999,19.312,17.401,17.582,17.536,-4.222,10
2020-07-15 23:14:00,1.6065,-0.5758499999999999,121.26,18.908,13.161,21.994,0.0082199999999999,0.08848,-0.00715,19.283,17.451,17.525,17.445,-4.6359,10
2020-07-15 23:15:00,1.6065,-0.58693,121.23,18.942,13.16,21.98,0.0122399999999999,-0.0840599999999999,0.0005999999999999,19.253,17.482,17.532,17.486,-4.5255,10
2020-07-15 23:16:00,1.6065,-0.52048,121.44,19.047,13.16,21.956,0.0148,0.85385,0.0144099999999999,19.233,17.505,17.602,17.615,-4.3875,10
2020-07-15 23:17:00,1.6071,-0.60908,121.52,19.148,13.161,21.944,0.0146199999999999,0.8759799999999999,0.0160299999999999,19.222,17.521,17.668,17.731,-4.0012,10
2020-07-15 23:18:00,1.6065,-0.5979999999999999,121.46,19.218,13.163,21.931,0.0089499999999999,0.96003,0.00816,19.208,17.482,17.711,17.835,-3.9736,10
2020-07-15 23:19:00,1.6071,-0.56478,121.52,19.268,13.162,21.906,0.00749,-0.49108,-0.01009,19.203,17.593,17.734,17.838,-3.9737,10
2020-07-15 23:20:00,1.6074,-0.5979999999999999,121.5,19.392,13.163,21.882,0.00932,-0.30969,-0.0001399999999999,19.213,17.598,17.779,17.921,-3.9737,10
2020-07-15 23:21:00,1.6071,-0.58693,121.44,19.485,13.163,21.865,0.0064,0.3362299999999999,0.0048999999999999,19.23,17.62,17.769,17.947,-3.9737,10
2020-07-15 23:22:00,1.606,-0.56478,121.47,19.526,13.163,21.853,0.00256,-0.0177,-0.0001,19.23,17.613,17.772,17.952,-3.9738,10
2020-07-15 23:23:00,1.6063,-0.58693,121.52,19.503,13.163,21.83,0.00694,-0.0530899999999999,0.00223,19.218,17.672,17.767,17.922,-3.9738,10
2020-07-15 23:24:00,1.6065,-0.57586,121.48,19.475,13.165,21.806,0.00932,-0.6768899999999999,-0.0061799999999999,19.195,17.676,17.681,17.814,-3.9738,10
2020-07-15 23:25:00,1.6071,-0.60908,121.49,19.424,13.165,21.789,0.0065799999999999,0.94234,0.0029199999999999,19.158,17.533,17.695,17.846,-3.9737,10
2020-07-15 23:26:00,1.6074,-0.60908,121.52,19.382,13.166,21.773,0.0122399999999999,-0.03982,0.00547,19.148,17.512,17.649,17.796,-3.9737,10
2020-07-15 23:27:00,1.6065,-0.56478,121.65,19.368,13.166,21.754,0.00786,-0.37605,-0.00576,19.135,17.542,17.643,17.784,-3.9737,10
2020-07-15 23:28:00,1.6068,-0.6312299999999998,121.52,19.361,13.165,21.739,0.0137,0.0752099999999999,0.0040699999999999,19.117,17.537,17.618,17.77,-3.9737,10
2020-07-15 23:29:00,1.606,-0.60908,121.58,19.37,13.164,21.722,0.00621,-0.3185399999999999,-0.00474,19.104,17.434,17.575,17.751,-3.9737,10
2020-07-15 23:30:00,1.6068,-0.58693,121.6,19.326,13.166,21.693,0.00932,-0.67247,-0.0094299999999999,19.071,17.374,17.482,17.64,-3.9737,10
2020-07-15 23:31:00,1.6065,-0.53156,121.58,19.27,13.167,21.678,0.01078,0.4114399999999999,0.00337,19.041,17.345,17.462,17.61,-3.9737,10
2020-07-15 23:32:00,1.6057,-0.58693,121.67,19.246,13.167,21.653,0.0115099999999999,0.0353899999999999,0.00786,19.017,17.336,17.412,17.525,-3.9737,10
2020-07-15 23:33:00,1.6071,-0.52049,121.87,19.221,13.165,21.636,0.00183,-0.93349,-0.00044,18.977,17.15,17.343,17.493,-3.9738,10
2020-07-15 23:34:00,1.6063,-0.56478,121.84,19.177,13.166,21.608,0.0003699999999999,0.0752099999999999,0.00159,18.933,17.154,17.314,17.438,-3.9738,10
2020-07-15 23:35:00,1.6063,-0.56478,121.89,19.121,13.168,21.592,0.0043899999999999,0.3627799999999999,-0.0052199999999999,18.909,17.137,17.255,17.393,-3.9738,10
2020-07-15 23:36:00,1.6068,-0.56478,121.87,19.089,13.168,21.577,0.0041999999999999,0.11945,0.00079,18.882,17.098,17.238,17.381,-3.9738,10
2020-07-15 23:37:00,1.6068,-0.57586,121.93,19.066,13.169,21.558,0.01023,0.2742999999999999,0.00481,18.848,17.035,17.235,17.412,-3.9738,10
2020-07-15 23:38:00,1.6068,-0.58693,122.01,19.037,13.168,21.535,0.00877,-0.20351,0.0061,18.828,17.04,17.232,17.374,-3.9738,10
2020-07-15 23:39:00,1.6063,-0.55371,121.92,19.014,13.171,21.52,0.00786,-0.12388,-0.00158,18.809,17.048,17.231,17.412,-3.9738,10
2020-07-15 23:40:00,1.606,-0.60908,121.96,19.014,13.171,21.487,0.01042,0.24775,-0.0043499999999999,18.776,17.033,17.205,17.388,-3.9739,10
2020-07-15 23:41:00,1.6074,-0.59801,121.89,19.009,13.17,21.474,0.00713,-0.3672,-0.0044099999999999,18.767,17.013,17.199,17.401,-3.9739,10
2020-07-15 23:42:00,1.6068,-0.57586,121.89,18.995,13.172,21.451,0.00219,0.2565999999999999,-8e-05,18.732,16.986,17.213,17.414,-3.9739,10
2020-07-15 23:43:00,1.6071,-0.6201499999999999,121.98,19.013,13.171,21.437,0.00512,0.3362299999999999,0.00254,18.722,17.01,17.22,17.447,-3.974,10
2020-07-15 23:44:00,1.6068,-0.57586,121.96,19.033,13.171,21.412,0.00987,0.3672,-0.00031,18.719,17.039,17.268,17.517,-3.974,10
2020-07-15 23:45:00,1.6071,-0.53156,121.95,19.161,13.172,21.391,-0.0029199999999999,0.18139,-0.00545,18.721,17.083,17.287,17.561,-3.974,10
2020-07-15 23:46:00,1.6065,-0.59801,121.91,19.339,13.174,21.376,0.00347,-0.29642,-0.00223,18.756,17.108,17.307,17.636,-3.974,10
2020-07-15 23:47:00,1.6068,-0.6422999999999999,121.97,19.411,13.175,21.366,0.00402,0.09733,0.0041799999999999,18.764,17.103,17.284,17.6,-3.8636,10
2020-07-15 23:48:00,1.6065,-0.54264,122.04,19.433,13.175,21.336,0.01042,-0.26545,0.0092899999999999,18.729,16.979,17.209,17.544,-3.8636,10
2020-07-15 23:49:00,1.6068,-0.59801,122.06,19.381,13.173,21.324,0.00164,0.13272,0.0138,18.693,16.927,17.154,17.447,-3.8361,10
2020-07-15 23:50:00,1.6068,-0.58693,121.72,19.229,13.174,21.288,0.01188,0.1902399999999999,-0.00353,18.637,16.823,17.056,17.302,-3.8085,10
2020-07-15 23:51:00,1.6068,-0.6312299999999998,121.17,19.001,13.176,21.276,0.00749,-0.0752099999999999,-0.0028,18.593,16.732,16.974,17.187,-3.8913,10
2020-07-15 23:52:00,1.6065,-0.6312299999999998,120.81,18.827,13.173,21.259,0.00329,-0.3362299999999999,-0.00107,18.541,16.641,16.872,17.063,-3.8913,10
2020-07-15 23:53:00,1.606,-0.60908,121.02,18.672,13.175,21.236,0.00585,-0.1371499999999999,0.00232,18.486,16.557,16.8,16.946,-3.9465,10
2020-07-15 23:54:00,1.6068,-0.60908,121.06,18.532,13.175,21.216,-0.0003699999999999,0.0530899999999999,-0.0009899999999999,18.441,16.49,16.711,16.832,-3.9741,10
2020-07-15 23:55:00,1.6071,-0.59801,120.99,18.424,13.177,21.195,0.0064,0.0575099999999999,0.00583,18.39,16.444,16.679,16.798,-3.9741,10
2020-07-15 23:56:00,1.6068,-0.56478,120.99,18.334,13.178,21.176,0.00238,-0.35393,0.0038899999999999,18.361,16.489,16.675,16.767,-3.9741,10
2020-07-15 23:57:00,1.6065,-0.6201499999999999,121.11,18.28,13.178,21.151,0.00841,0.10176,0.0020799999999999,18.333,16.538,16.721,16.84,-4.0017,10
2020-07-15 23:58:00,1.6065,-0.6533799999999998,121.15,18.285,13.177,21.141,0.01206,-0.0840599999999999,0.00181,18.318,16.524,16.703,16.845,-3.9741,10
2020-07-15 23:59:00,1.6063,-0.6533799999999998,121.03,18.363,13.179,21.122,0.00987,0.27872,0.00268,18.304,16.547,16.766,16.939,-3.9741,10
2020-10-15 00:00:00,1.708,-1.0088,121.63,5.3873,13.439,8.81,-0.0239599999999999,0.06643,0.00504,5.9717,5.0804,4.8734,4.6642,-2.0443,10
2020-10-15 00:01:00,1.7069,-1.0309,121.58,5.3833,13.438,8.803,-0.0252399999999999,0.01771,0.00191,5.9267,4.8198,4.8424,4.6712,-2.2376,10
2020-10-15 00:02:00,1.7074,-1.0198,121.6,5.3796,13.441,8.7836,-0.03055,0.2967099999999999,-0.00923,5.8932,4.8489,4.7538,4.5375,-2.1824,10
2020-10-15 00:03:00,1.7071,-1.0531,121.46,5.3731,13.441,8.7661,-0.03055,-0.3188599999999999,0.01751,5.8643,4.7946,4.6678,4.4324,-2.1271,10
2020-10-15 00:04:00,1.7077,-1.0642,121.54,5.3476,13.443,8.759,-0.0213999999999999,-0.08414,0.00706,5.8565,4.827,4.6755,4.4105,-2.2376,10
2020-10-15 00:05:00,1.7066,-1.0088,121.54,5.3439,13.445,8.7397,-0.02067,-0.2922799999999999,0.00336,5.8399,4.8941,4.6497,4.3692,-2.0719,10
2020-10-15 00:06:00,1.7069,-1.0531,121.6,5.3285,13.445,8.722099999999998,-0.02341,0.90343,-0.0212,5.8208,4.8589,4.7067,4.4706,-1.989,10
2020-10-15 00:07:00,1.7069,-1.0642,121.58,5.3222,13.446,8.722099999999998,-0.01957,-0.92114,0.01921,5.8539,4.93,4.7123,4.446,-1.989,10
2020-10-15 00:08:00,1.7077,-1.0088,121.57,5.3299,13.446,8.7028,-0.0202999999999999,-0.8148499999999999,0.01982,5.8485,4.8274,4.7154,4.4948,-1.989,10
2020-10-15 00:09:00,1.708,-1.0753,121.6,5.3423,13.446,8.6852,-0.02561,0.03986,0.0,5.8301,4.828,4.735,4.556,-1.9338,10
2020-10-15 00:10:00,1.7069,-1.0642,121.58,5.3471,13.447,8.6729,-0.0274399999999999,-0.07086,0.0061199999999999,5.8325,4.91,4.7642,4.5894,-1.6299,10
2020-10-15 00:11:00,1.7074,-1.1085,121.58,5.3508,13.448,8.6554,-0.0252399999999999,-0.66871,0.0150899999999999,5.8331,4.9162,4.8268,4.6528,-1.547,10
2020-10-15 00:12:00,1.7066,-1.0753,121.61,5.344,13.448,8.6448,-0.02963,0.76171,-0.02195,5.8309,4.9345,4.8718,4.7344,-1.3813,10
2020-10-15 00:13:00,1.7063,-0.98659,121.6,5.34,13.449,8.6378,-0.02414,0.76171,-0.0191099999999999,5.826,4.9549,4.8873,4.7767,-1.3536,10
2020-10-15 00:14:00,1.7088,-1.0531,121.6,5.3374,13.449,8.615,-0.0237799999999999,-1.0053,0.02544,5.8277,4.8798,4.877,4.7389,-1.326,10
2020-10-15 00:15:00,1.7077,-1.0864,121.47,5.345,13.45,8.599199999999998,-0.02561,-0.04429,-0.00249,5.823,4.9456,4.9195,4.8153,-1.3536,10
2020-10-15 00:16:00,1.7074,-1.0531,121.43,5.3514,13.449,8.5869,-0.02433,1.2046,-0.02928,5.8381,5.1268,4.9276,4.7747,-1.326,10
2020-10-15 00:17:00,1.7077,-1.042,121.4,5.3598,13.45,8.560499999999998,-0.0226799999999999,1.0053,-0.02195,5.8173,5.0807,4.9504,4.8328,-1.326,10
2020-10-15 00:18:00,1.708,-1.1085,121.37,5.3699,13.451,8.548299999999998,-0.02231,-0.32771,0.00696,5.8324,5.1964,4.9169,4.7676,-1.326,10
2020-10-15 00:19:00,1.7071,-1.1307,121.38,5.366,13.451,8.5325,-0.02305,-0.07971,0.0032599999999999,5.825,5.1939,4.9116,4.7461,-1.4089,10
2020-10-15 00:20:00,1.7069,-1.0974,121.35,5.3628,13.45,8.5237,-0.02579,0.62,-0.0173099999999999,5.8182,4.9851,4.9766,4.8611,-1.4918,10
2020-10-15 00:21:00,1.7071,-1.0309,121.42,5.358,13.452,8.5026,-0.02725,-1.1249,0.0321299999999999,5.8146,5.0638,4.8871,4.6976,-1.4642,10
2020-10-15 00:22:00,1.7069,-1.0864,121.37,5.3492,13.449,8.4938,-0.0237799999999999,-0.90343,0.0195199999999999,5.8015,5.0972,4.8176,4.595,-1.6852,10
2020-10-15 00:23:00,1.7077,-1.1529,121.42,5.3506,13.449,8.4763,-0.02359,0.10629,0.00011,5.7579,5.0754,4.774,4.5555,-1.8786,10
2020-10-15 00:24:00,1.7066,-1.0531,121.48,5.3545,13.45,8.4746,-0.01975,-0.44728,0.00451,5.7477,4.9074,4.7187,4.5157,-1.9891,10
2020-10-15 00:25:00,1.7069,-1.0864,121.44,5.3545,13.45,8.455199999999998,-0.0239599999999999,1.2001,-0.02841,5.6776,4.7605,4.6442,4.4575,-1.9891,10
2020-10-15 00:26:00,1.7077,-1.1307,121.43,5.3429,13.449,8.4307,-0.0224999999999999,-0.0752899999999999,0.00156,5.6389,4.5681,4.5378,4.3588,-1.989,10
2020-10-15 00:27:00,1.7069,-1.042,121.44,5.3293,13.452,8.4254,-0.02323,-1.2666,0.02886,5.6062,4.5748,4.4035,4.1715,-1.989,10
2020-10-15 00:28:00,1.7071,-1.1307,121.45,5.3085,13.452,8.3956,-0.0274399999999999,-0.248,0.00564,5.5284,4.4517,4.3142,4.097,-1.989,10
2020-10-15 00:29:00,1.7071,-1.1085,121.46,5.2836,13.449,8.3886,-0.0239599999999999,0.124,-0.0043699999999999,5.4953,4.3699,4.2204,4.0131,-2.0443,10
2020-10-15 00:30:00,1.7071,-1.0864,121.52,5.2412,13.452,8.379799999999998,-0.02707,0.36314,-0.00655,5.464,4.2842,4.1855,3.9774,-2.0167,10
2020-10-15 00:31:00,1.7074,-1.0974,121.54,5.2077,13.454,8.362299999999998,-0.02231,0.26128,-0.01065,5.4323,4.287,4.1389,3.8758,-1.989,10
2020-10-15 00:32:00,1.7077,-1.0753,121.49,5.1941,13.451,8.343,-0.0248799999999999,-0.3985699999999999,0.00613,5.4087,4.2352,4.1181,3.8352,-2.0995,10
2020-10-15 00:33:00,1.7077,-1.1085,121.56,5.1909,13.452,8.327199999999998,-0.02433,0.4561399999999999,-0.01073,5.3809,4.1565,4.0359,3.7897,-2.0719,10
2020-10-15 00:34:00,1.708,-1.0753,121.56,5.1861,13.452,8.3115,-0.0228599999999999,0.0044299999999999,-0.00023,5.3509,4.1456,3.9692,3.6792,-2.0995,10
2020-10-15 00:35:00,1.7077,-1.0974,121.62,5.1636,13.455,8.297399999999998,-0.02433,-0.5624299999999999,0.01355,5.3065,4.0805,3.871,3.612,-2.1825,10
2020-10-15 00:36:00,1.7066,-1.042,121.66,5.1388,13.453,8.2851,-0.02579,-1.1293,0.02738,5.2801,3.9468,3.8107,3.5876,-2.2377,10
2020-10-15 00:37:00,1.7069,-1.042,121.61,5.1181,13.455,8.2676,-0.02323,0.46943,-0.00829,5.2216,3.8939,3.7605,3.5389,-2.0996,10
2020-10-15 00:38:00,1.7074,-1.0642,121.63,5.0934,13.454,8.257099999999998,-0.02341,-0.34543,0.01027,5.1956,3.7993,3.6914,3.4838,-2.1824,10
2020-10-15 00:39:00,1.7071,-1.1196,121.59,5.0527,13.456,8.2343,-0.02798,0.403,-0.01754,5.148,3.71,3.6239,3.4354,-2.3482,10
2020-10-15 00:40:00,1.708,-1.1085,121.59,5.0248,13.457,8.222099999999998,-0.02305,-0.59343,0.0113399999999999,5.1188,3.6758,3.5769,3.3439,-2.8178,10
2020-10-15 00:41:00,1.7077,-1.1529,121.56,4.984,13.457,8.2011,-0.0239599999999999,0.42514,-0.00992,5.0695,3.6468,3.5268,3.3164,-2.7073,10
2020-10-15 00:42:00,1.708,-1.0974,121.5,4.9569,13.457,8.186999999999998,-0.02597,-0.1461399999999999,0.00519,5.0385,3.6242,3.4901,3.286,-2.5139,10
2020-10-15 00:43:00,1.7082,-1.1085,121.55,4.9202,13.456,8.169499999999998,-0.02579,0.0088599999999999,0.00366,4.9997,3.5493,3.4173,3.2224,-2.2653,10
2020-10-15 00:44:00,1.7085,-1.1196,121.54,4.8667,13.458,8.1538,-0.02231,-0.30557,0.0081499999999999,4.9641,3.4119,3.3829,3.2,-2.2101,10
2020-10-15 00:45:00,1.7063,-1.1196,121.49,4.8316,13.459,8.138,-0.02798,-0.3985699999999999,0.01267,4.9356,3.4313,3.3515,3.1579,-2.514,10
2020-10-15 00:46:00,1.7071,-1.1196,121.45,4.8024,13.458,8.1205,-0.0276199999999999,-0.66871,0.01686,4.9003,3.4856,3.2957,3.0597,-2.6522,10
2020-10-15 00:47:00,1.7077,-1.0531,121.49,4.7944,13.459,8.1065,-0.03164,0.09743,-0.0054599999999999,4.858,3.3245,3.2398,3.0582,-2.6798,10
2020-10-15 00:48:00,1.7069,-1.164,121.51,4.7609,13.459,8.092499999999998,-0.02853,0.11957,-0.0012199999999999,4.8172,3.2836,3.2129,3.013,-2.6246,10
2020-10-15 00:49:00,1.7074,-1.0753,121.54,4.7267,13.462,8.0644,-0.02725,0.01329,3e-05,4.784,3.3725,3.1811,2.9585,-2.5417,10
2020-10-15 00:50:00,1.7077,-1.0974,121.49,4.7147,13.463,8.0522,-0.02085,0.6465699999999999,-0.0126599999999999,4.761,3.3565,3.2011,3.0266,-2.4589,10
2020-10-15 00:51:00,1.708,-1.1196,121.49,4.7434,13.463,8.0364,-0.02359,-0.83257,0.01976,4.7621,3.419,3.2022,2.9414,-2.1273,10
2020-10-15 00:52:00,1.7077,-1.1085,121.53,4.7495,13.465,8.0119,-0.02469,0.248,-0.01537,4.7199,3.2665,3.1542,2.9471,-2.2102,10
2020-10-15 00:53:00,1.7077,-1.1196,121.47,4.743,13.464,7.9927,-0.02542,0.26128,-0.01013,4.6878,3.3043,3.0952,2.9065,-2.1274,10
2020-10-15 00:54:00,1.7063,-1.1085,121.33,4.7279,13.464,7.9682,-0.02689,0.11071,0.00396,4.6392,3.1976,3.0577,2.8803,-2.1274,10
2020-10-15 00:55:00,1.7063,-1.1085,121.27,4.6958,13.466,7.9612,-0.0202999999999999,0.24357,-0.0025899999999999,4.6236,3.1863,3.0753,2.8824,-2.4313,10
2020-10-15 00:56:00,1.7066,-1.0753,121.39,4.7003,13.467,7.9402,-0.0287199999999999,-1.1249,0.0329199999999999,4.6081,3.2802,3.0894,2.8512,-2.1274,10
2020-10-15 00:57:00,1.7071,-1.1307,121.56,4.7027,13.468,7.9245,-0.0354799999999999,-0.5491399999999999,0.0164699999999999,4.581,3.2304,3.0608,2.8685,-2.0169,10
2020-10-15 00:58:00,1.7071,-1.1085,121.61,4.6992,13.469,7.8912,-0.0267,-0.5889999999999999,0.01584,4.5525,3.2646,3.0986,2.8873,-1.9893,10
2020-10-15 00:59:00,1.7074,-1.164,121.64,4.6988,13.47,7.8737,-0.0228599999999999,-0.19486,0.00284,4.532,3.2759,3.0633,2.8646,-1.9893,10
2020-10-15 01:00:00,1.7071,-1.175,121.36,4.6797,13.471,7.8615,-0.02341,-0.61557,0.01139,4.5211,3.1802,3.029,2.8537,-1.9893,10
2020-10-15 01:01:00,1.7082,-1.1418,121.19,4.6339,13.469,7.836999999999998,-0.02414,-0.124,0.0022699999999999,4.4782,3.1414,2.9471,2.771,-1.9893,10
2020-10-15 01:02:00,1.7088,-1.0974,121.27,4.5883,13.471,7.8143,-0.02579,-0.67757,0.01452,4.4243,2.9984,2.9658,2.7969,-2.0445,10
2020-10-15 01:03:00,1.7074,-0.98659,121.21,4.5548,13.472,7.8003,-0.0276199999999999,0.10629,0.00199,4.3961,3.0337,2.9715,2.8273,-2.0169,10
2020-10-15 01:04:00,1.7082,-1.0753,121.58,4.5339,13.471,7.7811,-0.0274399999999999,0.899,-0.02525,4.3852,3.0645,2.9146,2.7237,-2.0445,10
2020-10-15 01:05:00,1.7077,-1.164,121.55,4.4845,13.472,7.7618,-0.0267,-0.5225699999999999,0.01302,4.3546,3.0592,2.8627,2.6201,-2.2103,10
2020-10-15 01:06:00,1.7058,-1.042,121.57,4.4654,13.472,7.7443,-0.02981,-0.682,0.0167,4.3405,2.9702,2.8981,2.7058,-2.4313,10
2020-10-15 01:07:00,1.7077,-1.0753,121.57,4.4427,13.473,7.718099999999998,-0.02433,-0.15057,0.0028999999999999,4.3029,2.9643,2.8455,2.6525,-2.4866,10
2020-10-15 01:08:00,1.7077,-1.1085,121.69,4.4306,13.474,7.7024,-0.02103,0.16829,-0.00136,4.292,2.9124,2.8884,2.6826,-2.5695,10
2020-10-15 01:09:00,1.7069,-1.0531,121.66,4.464,13.475,7.6745,-0.03073,-0.13286,0.0086999999999999,4.2857,3.0086,2.8785,2.6459,-2.3208,10
2020-10-15 01:10:00,1.7074,-1.1529,121.69,4.504,13.474,7.6535,-0.02835,0.6908499999999999,-0.0206299999999999,4.2638,3.0637,2.8544,2.6317,-2.4037,10
2020-10-15 01:11:00,1.7082,-1.1529,121.51,4.5271,13.475,7.636,-0.03091,0.4207099999999999,-0.01089,4.2632,3.1315,2.9386,2.6388,-2.0998,10
2020-10-15 01:12:00,1.7063,-1.0531,121.46,4.5391,13.475,7.616799999999999,-0.0288999999999999,-0.961,0.02981,4.2636,3.0909,2.8527,2.5628,-2.0446,10
2020-10-15 01:13:00,1.7077,-1.1861,121.46,4.5306,13.476,7.592399999999999,-0.0274399999999999,-0.28786,0.0066899999999999,4.2206,3.0946,2.8224,2.5318,-1.9893,10
2020-10-15 01:14:00,1.7082,-1.1085,121.47,4.5202,13.477,7.571399999999999,-0.0320099999999999,0.0,-0.00364,4.1988,3.0367,2.8621,2.5997,-1.9893,10
2020-10-15 01:15:00,1.7082,-1.2415,121.59,4.5234,13.477,7.5505,-0.03091,-0.23471,0.0077999999999999,4.189,2.9809,2.9208,2.6557,-1.9893,10
2020-10-15 01:16:00,1.7063,-1.0309,121.6,4.538,13.477,7.5298,-0.0261599999999999,-0.5225699999999999,0.01101,4.1846,3.0076,2.8811,2.5862,-1.9893,10
2020-10-15 01:17:00,1.7069,-1.0642,121.58,4.5165,13.479,7.5151,-0.02323,-1.1027,0.0273599999999999,4.174,2.9772,2.8068,2.4992,-1.9893,10
2020-10-15 01:18:00,1.7075,-1.042,121.54,4.5062,13.478,7.4907,-0.02927,-0.9876,0.03116,4.1445,2.9349,2.7638,2.4483,-2.0722,10
2020-10-15 01:19:00,1.708,-1.0753,121.51,4.4852,13.478,7.4718,-0.02414,-0.0797299999999999,0.0020899999999999,4.1121,2.889,2.7773,2.5071,-2.0169,10
2020-10-15 01:20:00,1.7083,-1.0753,121.63,4.4884,13.478,7.4656,-0.03128,0.2568699999999999,-0.0097699999999999,4.1065,2.9724,2.7957,2.4717,-2.1551,10
2020-10-15 01:21:00,1.7078,-1.1973,121.5,4.4805,13.478,7.434199999999999,-0.03073,-0.45617,0.01175,4.0862,3.051,2.7187,2.3304,-2.0722,10
2020-10-15 01:22:00,1.707,-1.0753,121.5,4.4719,13.479,7.417099999999999,-0.02543,-0.69533,0.01835,4.0786,2.9968,2.7118,2.3312,-2.1828,10
2020-10-15 01:23:00,1.7084,-1.1973,121.47,4.4743,13.48,7.386199999999999,-0.03366,0.37646,-0.0143,4.0631,2.9649,2.6778,2.3021,-2.0999,10
2020-10-15 01:24:00,1.7076,-1.0199,121.5,4.4774,13.479,7.3775,-0.03091,-0.5359,0.0156799999999999,4.0458,2.9257,2.7186,2.3386,-2.2381,10
2020-10-15 01:25:00,1.7073,-1.0754,121.53,4.4744,13.481,7.3499,-0.0263399999999999,1.0585,-0.0267,4.0033,2.9588,2.6922,2.3166,-2.0999,10
2020-10-15 01:26:00,1.7081,-0.98668,121.48,4.4569,13.482,7.3276,-0.0213999999999999,0.99209,-0.0162999999999999,3.966,2.8069,2.6676,2.323,-2.0999,10
2020-10-15 01:27:00,1.709,-1.0865,121.5,4.4194,13.479,7.3049,-0.02817,0.8902299999999999,-0.02432,3.9411,2.8399,2.6228,2.2577,-2.017,10
2020-10-15 01:28:00,1.7079,-1.0532,121.51,4.395,13.481,7.2964,-0.0265199999999999,0.54034,-0.01537,3.9318,2.7259,2.7076,2.3418,-2.1276,10
2020-10-15 01:29:00,1.7076,-1.1308,121.53,4.3664,13.48,7.2653,-0.0248799999999999,-0.63778,0.0132599999999999,3.9076,2.7709,2.6762,2.3422,-2.0171,10
2020-10-15 01:30:00,1.7084,-1.0976,121.57,4.3289,13.483,7.2461,-0.0285399999999999,0.2170199999999999,-0.0087299999999999,3.8657,2.7983,2.6279,2.3173,-2.0171,10
2020-10-15 01:31:00,1.7084,-1.1419,121.62,4.2936,13.481,7.222,-0.0261599999999999,-0.6067799999999999,0.0129999999999999,3.8309,2.7966,2.6,2.2767,-2.0447,10
2020-10-15 01:32:00,1.7082,-1.1863,121.52,4.2913,13.483,7.2047,-0.03146,0.1063,-0.00566,3.8128,2.7566,2.7057,2.3732,-2.017,10
2020-10-15 01:33:00,1.7073,-0.99779,121.55,4.3079,13.485,7.1891,-0.03531,1.218,-0.04111,3.7992,2.7995,2.7345,2.4162,-2.017,10
2020-10-15 01:34:00,1.7082,-1.0754,121.52,4.3467,13.485,7.1632,-0.0247,0.27461,-0.0033899999999999,3.8042,2.864,2.7127,2.395,-1.9894,10
2020-10-15 01:35:00,1.7071,-1.0532,121.53,4.3467,13.483,7.1441,-0.0235999999999999,-1.0807,0.02393,3.7949,2.9628,2.7019,2.3532,-1.9894,10
2020-10-15 01:36:00,1.7082,-1.0754,121.6,4.3475,13.484,7.1319,-0.02342,-0.6688,0.01465,3.7819,2.9166,2.7546,2.4165,-1.9894,10
2020-10-15 01:37:00,1.7079,-1.0865,121.52,4.3681,13.486,7.1094,-0.03293,-0.81939,0.0303399999999999,3.7882,2.9681,2.7468,2.4511,-1.9895,10
2020-10-15 01:38:00,1.7082,-0.99781,121.58,4.3832,13.486,7.0938,-0.03073,-0.7529599999999999,0.02227,3.788,3.0555,2.7989,2.4771,-1.8789,10
2020-10-15 01:39:00,1.7074,-1.0754,121.54,4.4197,13.486,7.0642,-0.02579,0.53593,-0.01259,3.766,2.8052,2.9317,2.6913,-1.6302,10
2020-10-15 01:40:00,1.7096,-1.0865,121.6,4.4881,13.485,7.0522,-0.0288999999999999,-0.6555199999999999,0.01618,3.797,2.8829,2.9309,2.6997,-1.4921,10
2020-10-15 01:41:00,1.7068,-1.0422,121.63,4.4992,13.487,7.0366,-0.0274399999999999,0.99214,-0.0269299999999999,3.765,2.9237,2.8763,2.7207,-1.4092,10
2020-10-15 01:42:00,1.7088,-1.0532,121.59,4.485,13.485,7.007,-0.0247,0.2347499999999999,-0.01254,3.7529,3.0847,2.867,2.5996,-1.6026,10
2020-10-15 01:43:00,1.7071,-1.0754,121.57,4.5042,13.487,6.9862,-0.0250599999999999,-0.81054,0.02194,3.7433,3.0461,2.8595,2.5532,-1.8789,10
2020-10-15 01:44:00,1.7071,-1.0643,121.61,4.5153,13.487,6.9706,-0.02415,-0.4252,0.01123,3.7367,3.0,2.8381,2.5651,-1.9618,10
2020-10-15 01:45:00,1.7077,-1.0865,121.57,4.5098,13.487,6.9497,-0.0310999999999999,0.25689,-0.0117699999999999,3.6867,2.9011,2.7922,2.5546,-1.9894,10
2020-10-15 01:46:00,1.708,-1.0311,121.52,4.4857,13.488,6.9341,-0.0321999999999999,-0.03543,0.0024599999999999,3.6668,2.9066,2.7666,2.483,-1.9894,10
2020-10-15 01:47:00,1.7085,-1.0865,121.54,4.4658,13.491,6.9185,-0.02964,-0.1550199999999999,0.00338,3.656,2.8873,2.7282,2.4615,-1.9894,10
2020-10-15 01:48:00,1.7068,-1.0533,121.54,4.4407,13.489,6.8924,-0.02543,-0.4694999999999999,0.01005,3.6149,2.784,2.6906,2.4345,-1.9894,10
2020-10-15 01:49:00,1.7082,-1.0754,121.61,4.4159,13.489,6.8751,-0.02964,-0.0487199999999999,0.00247,3.5863,2.7291,2.6506,2.4115,-1.9894,10
2020-10-15 01:50:00,1.7077,-1.0311,121.59,4.3952,13.492,6.8664,-0.0299999999999999,0.43407,-0.0157899999999999,3.5817,2.7359,2.6446,2.3723,-1.9894,10
2020-10-15 01:51:00,1.7074,-1.0754,121.66,4.368,13.493,6.8368,-0.0310999999999999,-0.0930099999999999,-0.00029,3.5476,2.6932,2.5963,2.3104,-2.2381,10
2020-10-15 01:52:00,1.7077,-1.0865,121.62,4.3504,13.494,6.8247,-0.0276199999999999,-0.0265799999999999,0.00333,3.5333,2.6873,2.543,2.25,-2.3763,10
2020-10-15 01:53:00,1.7074,-1.0754,121.68,4.3568,13.491,6.8056,-0.03055,-0.0797299999999999,0.0080099999999999,3.5197,2.5987,2.5584,2.2499,-2.6526,10
2020-10-15 01:54:00,1.708,-1.0422,121.66,4.3742,13.492,6.8038,-0.0287199999999999,-0.0575799999999999,0.00423,3.5356,2.6881,2.5481,2.1793,-2.8737,10
2020-10-15 01:55:00,1.7074,-1.0865,121.68,4.3879,13.491,6.7813,-0.03384,0.1063,-0.01077,3.5093,2.5579,2.5069,2.1516,-2.7908,10
2020-10-15 01:56:00,1.7071,-0.99783,121.65,4.399,13.491,6.7621,-0.0310999999999999,0.22589,-0.00649,3.4851,2.552,2.4551,2.0849,-3.0395,10
2020-10-15 01:57:00,1.7071,-1.0311,121.68,4.4383,13.49,6.7447,-0.0318299999999999,0.15059,-0.0023,3.4804,2.6124,2.4164,2.0079,-3.1223,10
2020-10-15 01:58:00,1.708,-1.0311,121.61,4.5018,13.493,6.7205,-0.0310999999999999,-0.06201,0.0045799999999999,3.463,2.5023,2.4209,1.9997,-3.3158,10
2020-10-15 01:59:00,1.708,-1.02,121.67,4.5106,13.493,6.7152,-0.0316499999999999,-0.14174,0.00436,3.4401,2.4723,2.3463,1.969,-3.2329,10
2020-10-15 02:00:00,1.7074,-0.99783,121.7,4.513,13.494,6.6944,-0.03073,-0.0575799999999999,-0.00033,3.4107,2.4535,2.3098,1.9218,-3.3433,10
2020-10-15 02:01:00,1.7074,-1.0089,121.64,4.5424,13.489,6.6735,-0.02232,-0.3366199999999999,0.0112,3.4124,2.4615,2.356,1.9277,-3.3433,10
2020-10-15 02:02:00,1.7082,-0.98675,121.62,4.5702,13.491,6.6561,-0.02214,-0.03986,-0.00132,3.4203,2.5465,2.3449,1.9201,-3.3157,10
2020-10-15 02:03:00,1.7091,-1.0311,121.65,4.5846,13.493,6.637,-0.0226799999999999,0.45622,-0.00919,3.4265,2.5202,2.3454,1.9461,-3.2052,10
2020-10-15 02:04:00,1.7085,-1.0089,121.63,4.5655,13.494,6.6318,-0.02927,-0.20818,0.0057999999999999,3.4085,2.4251,2.2673,1.8608,-3.2052,10
2020-10-15 02:05:00,1.7077,-0.97566,121.67,4.521,13.494,6.6145,-0.02836,0.5270799999999999,-0.0118099999999999,3.3465,2.351,2.1938,1.8497,-3.1775,10
2020-10-15 02:06:00,1.708,-1.0422,121.64,4.4893,13.495,6.5936,-0.03037,0.17274,0.0009899999999999,3.3079,2.3504,2.1657,1.8052,-3.2605,10
2020-10-15 02:07:00,1.708,-1.0311,121.56,4.4233,13.495,6.585,-0.02671,0.031,-0.00143,3.266,2.2561,2.1032,1.7696,-3.0947,10
2020-10-15 02:08:00,1.708,-1.02,121.59,4.3516,13.496,6.5554,-0.03348,-0.3632,0.00706,3.215,2.1371,2.0309,1.7086,-2.846,10
2020-10-15 02:09:00,1.7074,-1.0089,121.57,4.2678,13.498,6.5398,-0.02817,0.49608,-0.0174699999999999,3.1731,2.0724,1.9747,1.6786,-2.8185,10
2020-10-15 02:10:00,1.7077,-1.0644,121.58,4.1979,13.497,6.5328,-0.02653,-0.08859,0.00476,3.1463,2.0463,1.9217,1.6043,-2.8185,10
2020-10-15 02:11:00,1.7074,-1.0089,121.74,4.1112,13.499,6.5172,-0.0237799999999999,0.11516,-0.0073099999999999,3.108,1.9328,1.8591,1.563,-3.0119,10
2020-10-15 02:12:00,1.7074,-1.0422,121.82,4.0551,13.5,6.4963,-0.02781,0.1461699999999999,-0.00107,3.0771,1.8933,1.8133,1.556,-3.2054,10
2020-10-15 02:13:00,1.7077,-1.0311,121.85,4.0821,13.502,6.4807,-0.03092,-0.0753,0.00525,3.0705,1.9349,1.8485,1.5672,-3.3435,10
2020-10-15 02:14:00,1.7071,-1.0865,121.82,4.1082,13.504,6.4703,-0.0274399999999999,0.03543,-0.0037699999999999,3.0558,1.9875,1.8564,1.624,-3.3988,10
2020-10-15 02:15:00,1.7077,-1.0311,121.84,4.1436,13.503,6.4494,-0.02909,0.16388,0.0006099999999999,3.0222,1.9524,1.8122,1.6258,-3.5092,10
2020-10-15 02:16:00,1.7077,-1.0422,121.89,4.1317,13.503,6.439,-0.0247,0.02215,-0.0007699999999999,2.9933,1.8619,1.8222,1.6245,-3.5369,10
2020-10-15 02:17:00,1.708,-1.0754,121.78,4.0751,13.502,6.4251,-0.0349399999999999,0.12845,0.00114,2.9581,1.8485,1.8053,1.6062,-3.454,10
2020-10-15 02:18:00,1.7074,-1.0976,121.86,4.0051,13.504,6.4043,-0.02707,-0.3543399999999999,0.0008899999999999,2.9378,1.8062,1.7559,1.5469,-3.3159,10
2020-10-15 02:19:00,1.7082,-1.1198,121.92,3.9733,13.504,6.3869,-0.0276199999999999,0.3587699999999999,-0.01259,2.9366,1.822,1.8079,1.5634,-3.3159,10
2020-10-15 02:20:00,1.7077,-1.0865,121.87,3.9872,13.506,6.3783,-0.02726,0.0,0.00329,2.9491,1.9039,1.865,1.5567,-3.2883,10
2020-10-15 02:21:00,1.7082,-1.1198,121.85,4.0631,13.504,6.3609,-0.0314699999999999,-0.08859,0.00382,2.962,1.9062,1.8807,1.5718,-2.929,10
2020-10-15 02:22:00,1.708,-1.1309,121.74,4.1021,13.505,6.3435,-0.03055,-0.01772,0.00348,2.9382,1.832,1.8519,1.5401,-2.7633,10
2020-10-15 02:23:00,1.7074,-1.1531,121.82,4.0719,13.506,6.3244,-0.0316499999999999,-0.17274,0.0068399999999999,2.8729,1.7709,1.7971,1.4903,-2.4041,10
2020-10-15 02:24:00,1.7077,-1.142,121.78,4.0337,13.507,6.3053,-0.0314699999999999,-0.3543399999999999,0.01127,2.829,1.7481,1.712,1.4172,-2.5146,10
2020-10-15 02:25:00,1.7077,-1.1309,121.8,3.9884,13.503,6.2967,-0.02927,0.4429299999999999,-0.01324,2.7927,1.7309,1.6862,1.4226,-2.5975,10
2020-10-15 02:26:00,1.7077,-1.0865,121.86,4.0129,13.505,6.281,-0.03128,-0.08859,0.00884,2.7572,1.6458,1.65,1.4282,-2.9291,10
2020-10-15 02:27:00,1.7071,-1.142,121.8,4.0183,13.504,6.2689,-0.0288999999999999,-0.38978,0.01533,2.7323,1.6393,1.6265,1.3841,-2.8738,10
2020-10-15 02:28:00,1.7083,-1.1752,121.79,4.0088,13.505,6.2602,-0.02561,0.1683099999999999,-0.00423,2.6953,1.5994,1.5902,1.3903,-2.9014,10
2020-10-15 02:29:00,1.7083,-1.1198,121.77,4.0045,13.504,6.2342,-0.02781,0.0841599999999999,-0.0037499999999999,2.6564,1.537,1.498,1.3343,-3.15,10
2020-10-15 02:30:00,1.708,-1.1087,121.79,4.0075,13.506,6.2203,-0.03293,0.37206,-0.0053699999999999,2.6241,1.5295,1.5082,1.3565,-3.3158,10
2020-10-15 02:31:00,1.7083,-1.0865,121.81,4.0091,13.504,6.2047,-0.02927,-0.1063,-8e-05,2.59,1.4506,1.4861,1.3649,-3.4263,10
2020-10-15 02:32:00,1.7077,-1.1087,121.76,3.9743,13.502,6.196,-0.0323799999999999,-0.3764899999999999,0.0173999999999999,2.5585,1.4665,1.4261,1.3035,-3.8409,10
2020-10-15 02:33:00,1.7094,-1.1087,121.81,3.9394,13.503,6.1769,-0.02653,0.2746199999999999,-0.00768,2.506,1.3494,1.4004,1.3352,-3.979,10
2020-10-15 02:34:00,1.7069,-1.0976,121.85,3.9283,13.505,6.1561,-0.0285399999999999,-0.84599,0.02453,2.49,1.3532,1.2802,1.2284,-3.979,10
2020-10-15 02:35:00,1.7083,-1.0976,121.8,3.9345,13.504,6.1422,-0.03805,-0.30562,0.01365,2.4569,1.2909,1.2406,1.2179,-3.9791,10
2020-10-15 02:36:00,1.7077,-1.1531,121.84,3.9495,13.504,6.1318,-0.0285399999999999,0.4207799999999999,-0.01554,2.4372,1.2287,1.2244,1.2294,-3.9791,10
2020-10-15 02:37:00,1.708,-1.1309,121.78,3.9805,13.505,6.1162,-0.0301799999999999,-0.3632,0.01054,2.43,1.1895,1.1952,1.1767,-3.9791,10
2020-10-15 02:38:00,1.708,-1.02,121.73,4.0083,13.506,6.1006,-0.0263399999999999,-1.0985,0.0281399999999999,2.4164,1.1391,1.1434,1.137,-3.9238,10
2020-10-15 02:39:00,1.708,-1.0865,121.61,4.0376,13.505,6.0919,-0.03055,-1.0675,0.0319199999999999,2.3822,1.1424,1.1758,1.1822,-3.9514,10
2020-10-15 02:40:00,1.7074,-1.1641,121.71,4.0464,13.506,6.0659,-0.0301799999999999,-0.2746199999999999,0.0093699999999999,2.3518,1.1758,1.1545,1.2112,-3.979,10
2020-10-15 02:41:00,1.7077,-1.0976,121.64,4.0441,13.508,6.054,-0.02964,-0.90801,0.02768,2.3553,1.231,1.1565,1.2076,-3.9514,10
2020-10-15 02:42:00,1.7075,-1.0422,121.61,4.0292,13.508,6.0394,-0.0310999999999999,0.50939,-0.0161,2.3244,1.1241,1.2,1.3206,-3.9791,10
2020-10-15 02:43:00,1.7083,-1.0644,121.62,4.0069,13.509,6.0238,-0.03275,0.23919,-0.01133,2.3065,1.0658,1.2183,1.3665,-3.9791,10
2020-10-15 02:44:00,1.7075,-1.0755,121.61,3.9923,13.509,6.0068,-0.03567,0.50939,-0.0193,2.2809,1.1153,1.2082,1.3443,-3.9791,10
2020-10-15 02:45:00,1.7078,-1.1753,121.61,3.9748,13.509,5.9867,-0.02781,0.26577,-0.00764,2.2656,1.0809,1.2589,1.3674,-3.9791,10
2020-10-15 02:46:00,1.7078,-1.131,121.64,3.9597,13.51,5.9728,-0.03055,-0.3233599999999999,0.01349,2.2793,1.0988,1.2633,1.3569,-3.9791,10
2020-10-15 02:47:00,1.7081,-1.2086,121.59,3.961,13.511,5.9662,-0.0338499999999999,0.15504,-0.0049199999999999,2.2823,1.1437,1.3082,1.4046,-3.9793,10
2020-10-15 02:48:00,1.7078,-1.1642,121.58,3.9793,13.51,5.9494,-0.03311,-0.0841599999999999,-0.00192,2.2753,1.2253,1.2551,1.331,-3.9793,10
2020-10-15 02:49:00,1.7081,-1.1088,121.6,3.9634,13.513,5.9321,-0.0342099999999999,-0.1638999999999999,0.00222,2.243,1.1121,1.2043,1.3057,-3.9793,10
2020-10-15 02:50:00,1.7081,-1.1642,121.58,3.913,13.512,5.915,-0.03458,-0.60686,0.0239399999999999,2.2271,1.0536,1.1678,1.2458,-3.9795,10
2020-10-15 02:51:00,1.7084,-1.1199,121.6,3.8367,13.512,5.8859,-0.0287199999999999,-0.0708799999999999,0.00021,2.2184,1.1228,1.2008,1.1604,-3.9795,10
2020-10-15 02:52:00,1.7087,-1.1088,121.62,3.7645,13.512,5.8738,-0.03037,-0.28793,0.00922,2.2607,1.2078,1.3772,1.2737,-3.8413,10
2020-10-15 02:53:00,1.7076,-1.1864,121.56,3.5384,13.513,5.8699,-0.0299999999999999,0.15504,-0.00595,2.3269,1.3188,1.5166,1.4138,-3.4268,10
2020-10-15 02:54:00,1.7092,-1.1975,121.66,3.3965,13.514,5.8436,-0.02964,0.5359899999999999,-0.01557,2.3662,1.4865,1.5,1.3312,-3.3438,10
2020-10-15 02:55:00,1.7073,-1.1421,121.67,3.257,13.513,5.8245,-0.02891,-0.13289,0.00044,2.3852,1.5084,1.5304,1.3311,-3.2057,10
2020-10-15 02:56:00,1.7078,-1.0645,121.58,3.1389,13.515,5.8075,-0.0285399999999999,-0.4119599999999999,0.0098399999999999,2.3766,1.5748,1.4713,1.2466,-3.2333,10
2020-10-15 02:57:00,1.7079,-1.1199,121.62,3.0494,13.515,5.7975,-0.0263499999999999,0.57586,-0.0157799999999999,2.3671,1.5562,1.5165,1.2903,-3.2057,10
2020-10-15 02:58:00,1.7081,-1.1643,121.58,2.9931,13.515,5.794,-0.0340299999999999,-0.26578,0.00594,2.3906,1.5484,1.5598,1.2989,-3.178,10
2020-10-15 02:59:00,1.7087,-1.0755,121.57,2.935,13.517,5.7676,-0.0274399999999999,-0.20377,0.00423,2.4015,1.5119,1.6225,1.3502,-3.2333,10
2020-10-15 03:00:00,1.7081,-1.2197,121.57,2.8566,13.517,5.7621,-0.0367699999999999,-0.06201,0.00068,2.4214,1.5439,1.6431,1.3865,-3.2056,10
2020-10-15 03:01:00,1.707,-1.0977,121.55,2.805,13.516,5.7309,-0.03586,-0.6821599999999999,0.0226899999999999,2.424,1.5833,1.5954,1.26,-3.2057,10
2020-10-15 03:02:00,1.7084,-1.131,121.57,2.7596,13.518,5.7158,-0.0274399999999999,0.97896,-0.02407,2.4144,1.5787,1.5645,1.2731,-3.2334,10
2020-10-15 03:03:00,1.707,-1.1199,121.51,2.7327,13.518,5.7056,-0.03348,1.3909,-0.0474199999999999,2.395,1.4904,1.5514,1.2749,-3.3163,10
2020-10-15 03:04:00,1.7079,-1.2197,121.5,2.7096,13.518,5.6917,-0.0258,0.2214899999999999,-0.00445,2.4115,1.5559,1.5176,1.1702,-3.3162,10
2020-10-15 03:05:00,1.7081,-1.2197,121.41,2.6983,13.519,5.6687,-0.0349399999999999,-0.64673,0.0216699999999999,2.399,1.5802,1.5101,1.1187,-3.3162,10
2020-10-15 03:06:00,1.7087,-1.1531,121.37,2.6588,13.519,5.6581,-0.03257,0.01329,0.00807,2.399,1.4824,1.5172,1.1655,-3.2886,10
2020-10-15 03:07:00,1.7084,-1.131,121.39,2.6138,13.522,5.6408,-0.0299999999999999,-0.1151699999999999,0.0054799999999999,2.3943,1.5139,1.4579,1.0905,-3.3715,10
2020-10-15 03:08:00,1.7079,-1.1199,121.38,2.5681,13.52,5.6292,-0.0323799999999999,-0.75305,0.02554,2.3919,1.5136,1.4427,1.0335,-3.3439,10
2020-10-15 03:09:00,1.7087,-1.0423,121.32,2.5515,13.522,5.6172,-0.0298199999999999,-0.97897,0.0304199999999999,2.3812,1.4143,1.4157,1.0313,-3.3162,10
2020-10-15 03:10:00,1.709,-1.131,121.31,2.5436,13.522,5.5982,-0.03513,-0.95239,0.0356399999999999,2.3649,1.3781,1.4249,1.0355,-3.3715,10
2020-10-15 03:11:00,1.7084,-1.1753,121.25,2.5182,13.524,5.582,-0.02909,-0.33223,0.0160299999999999,2.3698,1.3866,1.4178,1.0341,-3.3162,10
2020-10-15 03:12:00,1.7078,-1.1975,121.2,2.4858,13.523,5.5559,-0.02927,0.5271299999999999,-0.01575,2.3507,1.3837,1.383,1.0213,-3.3162,10
2020-10-15 03:13:00,1.7081,-1.2086,121.19,2.4366,13.524,5.549,-0.0261599999999999,-0.0974499999999999,0.00791,2.3359,1.4434,1.3129,0.95119,-3.3162,10
2020-10-15 03:14:00,1.7078,-1.142,121.26,2.3683,13.524,5.5364,-0.03092,-0.4651,0.01199,2.314,1.3222,1.3364,0.97251,-3.3162,10
2020-10-15 03:15:00,1.7097,-1.131,121.31,2.3129,13.523,5.5173,-0.0321999999999999,0.76188,-0.02545,2.2963,1.3838,1.2725,0.92704,-3.3991,10
2020-10-15 03:16:00,1.7089,-1.0977,121.33,2.2747,13.525,5.4931,-0.02964,-1.0321,0.03355,2.2775,1.2835,1.2494,0.8777,-3.3439,10
2020-10-15 03:17:00,1.7087,-1.0534,121.34,2.2612,13.524,5.4783,-0.03293,-1.2182,0.04138,2.2655,1.2494,1.2352,0.87058,-3.3163,10
2020-10-15 03:18:00,1.7081,-1.131,121.25,2.2462,13.527,5.4541,-0.03019,-0.19933,0.00247,2.2354,1.1782,1.2555,0.92209,-3.3163,10
2020-10-15 03:19:00,1.7078,-1.1088,121.32,2.2389,13.528,5.442,-0.0321999999999999,-0.2790699999999999,0.01095,2.2289,1.2178,1.2433,0.94678,-3.2887,10
2020-10-15 03:20:00,1.7084,-1.1088,121.25,2.2526,13.53,5.4253,-0.03458,0.04873,-0.00023,2.2249,1.1633,1.2612,0.96893,-3.3164,10
2020-10-15 03:21:00,1.709,-1.1199,121.35,2.2541,13.53,5.4063,-0.0312899999999999,0.07974,-9e-05,2.2206,1.2399,1.2392,0.9767,-3.2611,10
2020-10-15 03:22:00,1.7081,-1.0866,121.3,2.253,13.529,5.3891,-0.02836,-0.31451,0.00911,2.2322,1.2791,1.2784,0.95071,-3.1506,10
2020-10-15 03:23:00,1.7093,-1.0977,121.29,2.2443,13.529,5.3774,-0.0314699999999999,0.2082,-0.00922,2.2261,1.273,1.2858,0.97297,-3.2059,10
2020-10-15 03:24:00,1.7104,-1.0977,121.35,2.2474,13.529,5.3618,-0.0386,0.84609,-0.03379,2.2303,1.3382,1.2992,0.98423,-3.0953,10
2020-10-15 03:25:00,1.7087,-1.1643,121.26,2.2563,13.531,5.3273,-0.0314699999999999,-0.19048,0.00161,2.228,1.2238,1.3075,0.98832,-2.7637,10
2020-10-15 03:26:00,1.7085,-1.1754,121.32,2.1964,13.531,5.3172,-0.03604,0.3411,-0.008,2.2129,1.3087,1.2634,0.94198,-2.8743,10
2020-10-15 03:27:00,1.7087,-1.1199,121.27,2.1323,13.53,5.3051,-0.02946,-0.2214899999999999,0.00123,2.2029,1.2958,1.2583,0.92411,-3.0125,10
2020-10-15 03:28:00,1.7087,-1.1532,121.29,2.0882,13.531,5.2859,-0.03055,-0.0708799999999999,0.00197,2.1801,1.2525,1.2901,0.98225,-2.819,10
2020-10-15 03:29:00,1.7084,-1.131,121.3,2.081,13.535,5.2541,-0.03458,-0.19048,0.00708,2.1602,1.2559,1.2652,0.94309,-2.736,10
2020-10-15 03:30:00,1.7079,-1.0977,121.24,2.0644,13.535,5.2385,-0.0287199999999999,-1.227,0.03273,2.1643,1.3083,1.2857,0.93309,-2.4873,10
2020-10-15 03:31:00,1.7098,-1.1864,121.31,2.0817,13.533,5.2141,-0.0314699999999999,0.23477,-0.0051399999999999,2.1383,1.273,1.3326,1.0595,-2.2663,10
2020-10-15 03:32:00,1.7078,-1.2197,121.17,2.1039,13.536,5.2032,-0.0310999999999999,-0.69545,0.02312,2.1451,1.4677,1.3394,0.99037,-2.1004,10
2020-10-15 03:33:00,1.7087,-1.1199,121.22,2.1213,13.536,5.1859,-0.03275,0.3012199999999999,-0.01243,2.1362,1.3198,1.4085,1.1375,-1.9899,10
2020-10-15 03:34:00,1.7081,-1.1421,121.2,2.1487,13.537,5.158,-0.0318299999999999,-0.2746299999999999,0.0086899999999999,2.1321,1.4235,1.4136,1.0845,-2.0176,10
2020-10-15 03:35:00,1.7081,-1.2529,121.21,2.1669,13.537,5.1421,-0.03622,0.1417499999999999,-0.0005,2.1253,1.4097,1.4458,1.1756,-1.9899,10
2020-10-15 03:36:00,1.7081,-1.0977,121.26,2.1655,13.537,5.1248,-0.0343899999999999,0.48725,-0.0183199999999999,2.1108,1.3795,1.4625,1.205,-1.9899,10
2020-10-15 03:37:00,1.7095,-1.1088,121.18,2.171,13.54,5.1091,-0.0333,0.1506099999999999,-0.0062599999999999,2.1077,1.4068,1.4437,1.1473,-1.9899,10
2020-10-15 03:38:00,1.7083,-1.1975,121.14,2.1575,13.538,5.0985,-0.0323799999999999,-0.05315,0.0032299999999999,2.0878,1.3529,1.4196,1.138,-2.0729,10
2020-10-15 03:39:00,1.7089,-1.1753,121.18,2.1393,13.541,5.0708,-0.02964,0.34993,-0.0091999999999999,2.06,1.3244,1.3924,1.1123,-2.0728,10
2020-10-15 03:40:00,1.7081,-1.1753,121.11,2.116,13.539,5.0574,-0.03769,0.05759,0.0014,2.053,1.3329,1.3719,1.1053,-2.2939,10
2020-10-15 03:41:00,1.7081,-1.2308,121.11,2.0907,13.541,5.0388,-0.0314699999999999,0.02215,-0.0022899999999999,2.0463,1.3078,1.3695,1.0802,-2.4045,10
2020-10-15 03:42:00,1.7081,-1.1753,121.15,2.0735,13.542,5.0147,-0.03531,0.01772,-0.00236,2.0248,1.2509,1.3076,1.0168,-2.3768,10
2020-10-15 03:43:00,1.7081,-1.1864,121.09,2.0543,13.542,4.9943,-0.0318299999999999,0.5271299999999999,-0.01941,1.9987,1.1934,1.2707,0.99124,-2.8743,10
2020-10-15 03:44:00,1.707,-1.1421,121.11,2.0408,13.543,4.9774,-0.0342099999999999,-0.21706,0.0024099999999999,1.9745,1.1217,1.1934,0.9053,-3.0954,10
2020-10-15 03:45:00,1.7084,-1.1975,121.06,2.0091,13.543,4.9635,-0.04025,-0.15504,0.0066899999999999,1.9479,1.0532,1.1433,0.8473699999999998,-3.206,10
2020-10-15 03:46:00,1.7076,-1.1421,121.06,1.9629,13.544,4.9458,-0.03055,0.38095,-0.01386,1.9194,1.0055,1.0857,0.75427,-3.3442,10
2020-10-15 03:47:00,1.7075,-1.1531,121.12,1.9511,13.545,4.9214,-0.03311,0.0354399999999999,0.0040499999999999,1.9055,0.92628,1.032,0.6899199999999999,-3.3166,10
2020-10-15 03:48:00,1.7095,-1.1864,121.1,1.9786,13.545,4.8886,-0.0314699999999999,-0.3012099999999999,0.0121899999999999,1.8845,0.94435,1.0189,0.66113,-3.3166,10
2020-10-15 03:49:00,1.7081,-1.1975,121.09,2.002,13.546,4.8796,-0.0323799999999999,-0.4340999999999999,0.0228599999999999,1.9017,0.94449,0.99487,0.63926,-3.3166,10
2020-10-15 03:50:00,1.7078,-1.1642,121.14,2.0012,13.545,4.8604,-0.03275,0.0442999999999999,-0.00451,1.8655,0.92735,0.93375,0.60082,-3.3166,10
2020-10-15 03:51:00,1.7086,-1.1864,121.1,2.0335,13.544,4.8432,-0.03586,-0.11074,0.00559,1.8566,0.91275,0.96385,0.56845,-3.3166,10
2020-10-15 03:52:00,1.7081,-1.1975,121.22,2.0555,13.546,4.8221,-0.03055,0.32779,-0.0121,1.8424,0.88863,0.90709,0.5606499999999999,-3.3166,10
2020-10-15 03:53:00,1.7092,-1.1975,121.22,2.0563,13.544,4.7996,-0.03531,-0.3366399999999999,0.01102,1.8198,0.8262,0.83828,0.4662299999999999,-3.3166,10
2020-10-15 03:54:00,1.7075,-1.1975,121.23,2.0276,13.545,4.8047,-0.0396999999999999,-0.3012099999999999,0.0111699999999999,1.8059,0.76756,0.7533699999999999,0.39121,-3.289,10
2020-10-15 03:55:00,1.709,-1.1643,121.52,1.9871,13.547,4.772,-0.0373199999999999,0.3145,-0.01501,1.7382,0.6550599999999999,0.69057,0.38449,-3.3166,10
2020-10-15 03:56:00,1.709,-1.1975,121.51,1.9357,13.547,4.7534,-0.03458,0.13732,-0.0027799999999999,1.7096,0.66895,0.63843,0.3010599999999999,-3.3995,10
2020-10-15 03:57:00,1.7084,-1.1199,121.38,1.8896,13.548,4.7292,-0.03769,-1.1429,0.04233,1.6895,0.62473,0.6119499999999999,0.2028099999999999,-3.3443,10
2020-10-15 03:58:00,1.7087,-1.2308,121.2,1.8386,13.55,4.7227,-0.0362299999999999,-0.2214899999999999,0.01017,1.6561,0.63807,0.58411,0.2580799999999999,-3.3443,10
2020-10-15 03:59:00,1.7079,-1.1643,120.97,1.7912,13.549,4.702,-0.03531,1.0321,-0.03645,1.6261,0.4780599999999999,0.5853,0.3494999999999999,-3.3719,10
2020-10-15 04:00:00,1.7085,-1.1643,120.96,1.7719,13.548,4.6727,-0.0323799999999999,0.0531599999999999,-0.00322,1.5909,0.49823,0.55576,0.2695,-3.3443,10
2020-10-15 04:01:00,1.709,-1.2197,121.14,1.7426,13.547,4.6662,-0.03019,0.1328999999999999,-0.0066899999999999,1.5801,0.55698,0.5839699999999999,0.3019899999999999,-3.3167,10
2020-10-15 04:02:00,1.7085,-1.1754,121.16,1.7109,13.549,4.6472,-0.0389699999999999,0.02215,-0.00367,1.5589,0.54852,0.59397,0.30773,-3.2337,10
2020-10-15 04:03:00,1.7085,-1.1421,121.21,1.6794,13.549,4.6335,-0.03549,-0.5581599999999999,0.01642,1.5565,0.6235199999999999,0.5965399999999998,0.3159799999999999,-3.2061,10
2020-10-15 04:04:00,1.7091,-1.242,121.15,1.6493,13.549,4.6142,-0.03495,-0.15062,0.00693,1.5463,0.6772099999999999,0.6985099999999999,0.44429,-2.5981,10
2020-10-15 04:05:00,1.7091,-1.242,120.75,1.6391,13.552,4.5918,-0.02909,-0.30567,0.0076499999999999,1.567,0.77034,0.7774499999999999,0.52539,-2.0453,10
2020-10-15 04:06:00,1.7094,-1.2531,120.69,1.6358,13.55,4.5694,-0.03513,0.0841699999999999,-0.00868,1.5777,0.8740999999999999,0.8804899999999999,0.65688,-1.99,10
2020-10-15 04:07:00,1.7096,-1.1976,120.64,1.6628,13.55,4.5504,-0.03458,0.0708799999999999,0.00102,1.6068,0.99975,1.026,0.79181,-1.99,10
2020-10-15 04:08:00,1.7094,-1.2531,120.68,1.6794,13.552,4.5383,-0.02946,0.16391,-0.0064599999999999,1.6337,1.1182,1.1338,0.92374,-1.9347,10
2020-10-15 04:09:00,1.7091,-1.2198,120.91,1.7186,13.552,4.5193,-0.03092,-0.30567,0.00674,1.6699,1.165,1.2374,1.0317,-1.7689,10
2020-10-15 04:10:00,1.7091,-1.1754,120.89,1.7447,13.55,4.5021,-0.02927,0.2613699999999999,-3e-05,1.6936,1.2938,1.3207,1.137,-1.4925,10
2020-10-15 04:11:00,1.7096,-1.1976,120.84,1.7645,13.552,4.4866,-0.03604,0.50502,-0.01414,1.7135,1.3668,1.403,1.2463,-1.4096,10
2020-10-15 04:12:00,1.711,-1.1754,120.9,1.7645,13.55,4.4762,-0.0331199999999999,0.7663999999999999,-0.02249,1.7449,1.5067,1.4897,1.3188,-1.3267,10
2020-10-15 04:13:00,1.7105,-1.3085,120.83,1.7866,13.549,4.4658,-0.03275,-0.52717,0.01761,1.7834,1.5176,1.6034,1.4552,-1.1885,10
2020-10-15 04:14:00,1.7096,-1.2641,120.86,1.8364,13.551,4.4365,-0.0312899999999999,0.82842,-0.02322,1.7915,1.7206,1.6632,1.5165,-1.1056,10
2020-10-15 04:15:00,1.7102,-1.253,120.88,1.8917,13.55,4.4279,-0.03348,0.8992999999999999,-0.0299299999999999,1.8324,1.7764,1.7615,1.6396,-0.7186299999999999,10
2020-10-15 04:16:00,1.7096,-1.1976,120.91,1.9518,13.55,4.4055,-0.03458,1.2891,-0.04408,1.8559,1.841,1.846,1.7496,-0.60807,10
2020-10-15 04:17:00,1.7085,-1.1865,120.75,1.9985,13.549,4.3952,-0.03348,0.46515,-0.0152199999999999,1.8923,1.8228,1.9341,1.8526,-0.33167,10
2020-10-15 04:18:00,1.7105,-1.2087,120.67,2.0488,13.551,4.3836,-0.04007,0.56705,-0.0239599999999999,1.9203,1.9819,1.9876,1.8906,-0.49751,10
2020-10-15 04:19:00,1.7108,-1.2198,120.77,2.0931,13.55,4.3723,-0.03184,-0.52719,0.01744,1.9627,2.0307,2.0173,1.9032,-0.55279,10
2020-10-15 04:20:00,1.7097,-1.2198,120.58,2.1222,13.549,4.355,-0.03971,0.05759,-0.00369,1.9688,2.0531,2.0722,1.966,-0.44223,10
2020-10-15 04:21:00,1.7086,-1.2087,120.62,2.1438,13.55,4.3434,-0.0364099999999999,-0.73985,0.0268499999999999,1.9948,2.135,2.0847,1.9494,-0.46987,10
2020-10-15 04:22:00,1.7095,-1.2531,120.64,2.1746,13.55,4.3388,-0.03166,-0.35442,0.0121,2.0099,2.0623,2.1742,2.0914,-0.27639,10
2020-10-15 04:23:00,1.71,-1.2088,120.58,2.2094,13.549,4.3232,-0.0366,-0.98796,0.0364299999999999,2.034,2.1763,2.1848,2.063,-0.1658399999999999,10
2020-10-15 04:24:00,1.7097,-1.1977,120.66,2.2308,13.548,4.3161,-0.03495,-0.8063099999999999,0.02952,2.0509,2.2407,2.2251,2.1012,-0.35931,10
2020-10-15 04:25:00,1.7083,-1.2309,120.64,2.2419,13.548,4.3056,-0.03733,-0.13291,0.0014599999999999,2.0651,2.2938,2.2662,2.1607,-0.30403,10
2020-10-15 04:26:00,1.7097,-1.1977,120.62,2.2671,13.548,4.2901,-0.03751,0.8284599999999999,-0.0266799999999999,2.0708,2.3129,2.3179,2.2365,-0.19348,10
2020-10-15 04:27:00,1.7103,-1.1755,120.69,2.2954,13.547,4.2975,-0.03769,-1.019,0.0398799999999999,2.1087,2.2998,2.3607,2.2729,-0.11056,10
2020-10-15 04:28:00,1.7087,-1.2753,120.59,2.301,13.544,4.2892,-0.0378799999999999,-0.58038,0.02357,2.1379,2.4536,2.368,2.2519,-0.11056,10
2020-10-15 04:29:00,1.7087,-1.231,120.68,2.2996,13.545,4.2737,-0.04446,0.16835,-0.0043699999999999,2.1436,2.4374,2.3949,2.317,-0.02764,10
2020-10-15 04:30:00,1.709,-1.1644,120.68,2.2939,13.547,4.2759,-0.03513,-0.7753299999999999,0.0228,2.1769,2.4275,2.4353,2.3433,-0.05528,10
2020-10-15 04:31:00,1.7098,-1.2864,120.67,2.2891,13.547,4.2692,-0.03038,-0.19494,0.00559,2.1724,2.3543,2.4803,2.4435,-0.24876,10
2020-10-15 04:32:00,1.7084,-1.2643,120.66,2.2755,13.544,4.2623,-0.03056,0.43418,-0.01393,2.1881,2.358,2.4996,2.4649,-0.05528,10
2020-10-15 04:33:00,1.7089,-1.3197,120.63,2.2951,13.545,4.2584,-0.0404399999999999,0.18608,-0.0049199999999999,2.2033,2.3979,2.5246,2.4829,-0.0829199999999999,10
2020-10-15 04:34:00,1.7103,-1.2753,120.63,2.3133,13.544,4.253,-0.03019,-0.11519,0.00161,2.2078,2.3926,2.5214,2.4881,-0.1381999999999999,10
2020-10-15 04:35:00,1.71,-1.231,120.7,2.3179,13.545,4.241,-0.0312899999999999,0.8284799999999999,-0.0261799999999999,2.2282,2.5206,2.4958,2.442,-0.02764,10
2020-10-15 04:36:00,1.7103,-1.1977,120.69,2.2878,13.544,4.2364,-0.0314699999999999,0.28798,-0.01616,2.2406,2.5329,2.494,2.4211,-0.22112,10
2020-10-15 04:37:00,1.7098,-1.2753,120.72,2.253,13.545,4.2348,-0.0411699999999999,-0.0575999999999999,0.00025,2.2595,2.5752,2.4754,2.3905,-0.22112,10
2020-10-15 04:38:00,1.7092,-1.231,120.66,2.2222,13.545,4.233,-0.0366,-0.11962,0.00498,2.2528,2.4666,2.5069,2.4468,-0.44223,10
2020-10-15 04:39:00,1.7098,-1.1977,120.7,2.2214,13.546,4.2369,-0.02964,-0.1240499999999999,0.0025,2.2702,2.5498,2.4868,2.4068,-0.60807,10
2020-10-15 04:40:00,1.7087,-1.1977,120.72,2.2317,13.544,4.2336,-0.0300099999999999,-0.94813,0.0293,2.2767,2.5407,2.4834,2.3765,-0.30403,10
2020-10-15 04:41:00,1.709,-1.1423,120.7,2.2536,13.543,4.2353,-0.0311099999999999,-0.05317,0.0047099999999999,2.2799,2.58,2.5007,2.4115,-0.35931,10
2020-10-15 04:42:00,1.7101,-1.231,120.72,2.2773,13.544,4.2357,-0.03495,0.2614,-0.01416,2.2852,2.5726,2.5018,2.4296,-0.60807,10
2020-10-15 04:43:00,1.7096,-1.1977,120.66,2.2662,13.544,4.2375,-0.03019,-0.7753499999999999,0.02093,2.2948,2.5248,2.5093,2.4165,-0.33167,10
2020-10-15 04:44:00,1.7098,-1.2088,120.71,2.2873,13.544,4.234,-0.0333,-0.3765999999999999,0.01531,2.2899,2.5921,2.4987,2.4138,-0.49751,10
2020-10-15 04:45:00,1.7096,-1.2754,120.68,2.3181,13.544,4.2309,-0.0376999999999999,-0.05317,0.0036099999999999,2.2797,2.4588,2.5423,2.5055,-0.49751,10
2020-10-15 04:46:00,1.7099,-1.2532,120.64,2.3426,13.542,4.2361,-0.0314699999999999,0.7399099999999998,-0.0233,2.3026,2.6303,2.5157,2.4336,-0.05528,10
2020-10-15 04:47:00,1.7096,-1.2421,120.68,2.3803,13.542,4.2396,-0.03715,0.52724,-0.01776,2.304,2.6352,2.5227,2.4477,-0.1381999999999999,10
2020-10-15 04:48:00,1.7099,-1.2532,120.66,2.4261,13.543,4.2347,-0.0298299999999999,0.2791299999999999,-0.01119,2.3012,2.6119,2.5199,2.4505,-0.44223,10
2020-10-15 04:49:00,1.7104,-1.2421,120.68,2.4474,13.542,4.2381,-0.0287299999999999,0.4607899999999999,-0.0137,2.3046,2.6337,2.5163,2.4434,-0.1381999999999999,10
2020-10-15 04:50:00,1.709,-1.2089,120.64,2.4428,13.543,4.245,-0.0298299999999999,-0.12406,0.0060099999999999,2.3038,2.5133,2.5416,2.4893,-0.22112,10
2020-10-15 04:51:00,1.7091,-1.1534,120.5,2.409,13.543,4.2555,-0.0258,-0.3854699999999999,0.01544,2.308,2.538,2.531,2.4736,-0.55279,10
2020-10-15 04:52:00,1.7093,-1.1978,120.43,2.3924,13.542,4.2504,-0.0329399999999999,0.0398799999999999,-0.0019,2.295,2.5321,2.5152,2.4656,-0.60807,10
2020-10-15 04:53:00,1.7107,-1.1867,120.35,2.4007,13.54,4.2607,-0.0287299999999999,-0.9393,0.0266699999999999,2.3005,2.5135,2.522,2.4576,-0.49751,10
2020-10-15 04:54:00,1.7104,-1.1423,120.4,2.4164,13.543,4.2644,-0.0354999999999999,-0.91715,0.03407,2.3041,2.4846,2.5292,2.4705,-0.55279,10
2020-10-15 04:55:00,1.7093,-1.3087,120.34,2.4212,13.543,4.2713,-0.03898,0.2303999999999999,-0.00749,2.3004,2.4278,2.5545,2.5446,-0.6357,10
2020-10-15 04:56:00,1.7096,-1.2089,120.38,2.3973,13.542,4.2747,-0.0336699999999999,-0.78866,0.0246399999999999,2.3082,2.4865,2.5191,2.4582,-0.74626,10
2020-10-15 04:57:00,1.7093,-1.2754,120.32,2.3751,13.541,4.28,-0.03404,-0.4563599999999999,0.0145,2.3092,2.5902,2.4805,2.3821,-0.6357,10
2020-10-15 04:58:00,1.7088,-1.1423,120.38,2.3711,13.539,4.2697,-0.02782,-1.0102,0.02442,2.296,2.5112,2.4616,2.3781,-0.58042,10
2020-10-15 04:59:00,1.7096,-1.1867,120.38,2.3722,13.541,4.2852,-0.0312899999999999,-0.01772,0.00395,2.2897,2.4263,2.5027,2.4638,-0.69098,10
2020-10-15 05:00:00,1.7093,-1.1202,120.42,2.369,13.542,4.2974,-0.02397,-0.19495,0.00237,2.299,2.4738,2.4887,2.425,-0.60806,10
2020-10-15 05:01:00,1.7093,-1.2311,120.31,2.3611,13.54,4.3025,-0.03495,-0.03545,0.00076,2.29,2.4125,2.5017,2.4741,-0.66334,10
2020-10-15 05:02:00,1.7105,-1.1978,120.33,2.3665,13.54,4.3008,-0.03477,0.29243,-0.00897,2.2933,2.4914,2.4731,2.4157,-0.58043,10
2020-10-15 05:03:00,1.7094,-1.22,120.27,2.3546,13.539,4.2957,-0.0274499999999999,0.22597,-0.00413,2.2888,2.5557,2.441,2.3653,-0.55279,10
2020-10-15 05:04:00,1.7091,-1.1978,120.3,2.3223,13.539,4.313,-0.0362299999999999,0.26584,-0.01027,2.2899,2.4718,2.4789,2.4251,-0.58043,10
2020-10-15 05:05:00,1.7096,-1.1756,120.28,2.3111,13.539,4.3199,-0.03404,0.15508,-0.0039699999999999,2.3018,2.4936,2.4809,2.4214,-0.60807,10
2020-10-15 05:06:00,1.7096,-1.1756,120.37,2.3403,13.539,4.3182,-0.0329399999999999,-0.15508,0.00387,2.3036,2.5011,2.4785,2.4048,-0.66335,10
2020-10-15 05:07:00,1.7085,-1.1645,120.24,2.3418,13.541,4.3286,-0.0276299999999999,0.50067,-0.01238,2.2928,2.4322,2.5002,2.4598,-0.60807,10
2020-10-15 05:08:00,1.7096,-1.1756,120.32,2.3502,13.539,4.3424,-0.03239,0.4076299999999999,-0.0141499999999999,2.308,2.4652,2.4935,2.4454,-0.49751,10
2020-10-15 05:09:00,1.7091,-1.22,120.26,2.362,13.54,4.3407,-0.0276299999999999,-0.06203,0.0003699999999999,2.3113,2.5052,2.4642,2.3927,-0.60806,10
2020-10-15 05:10:00,1.7096,-1.1867,120.18,2.3581,13.538,4.3562,-0.0272699999999999,-0.2569799999999999,0.0061999999999999,2.3162,2.525,2.4635,2.3785,-0.71862,10
2020-10-15 05:11:00,1.7091,-1.1423,120.22,2.3684,13.537,4.3614,-0.03257,-0.0088599999999999,-0.0066299999999999,2.3137,2.4616,2.4786,2.4198,-0.52515,10
2020-10-15 05:12:00,1.7096,-1.1423,120.2,2.3795,13.541,4.3631,-0.0344,0.58486,-0.0218299999999999,2.309,2.5065,2.4775,2.4131,-0.66334,10
2020-10-15 05:13:00,1.7094,-1.22,120.11,2.4165,13.538,4.3787,-0.0404399999999999,-0.23926,0.01035,2.3359,2.4258,2.5122,2.4527,-0.66334,10
2020-10-15 05:14:00,1.7099,-1.22,120.13,2.4415,13.539,4.3839,-0.0298299999999999,0.37218,-0.01142,2.3369,2.465,2.5103,2.4664,-0.69098,10
2020-10-15 05:15:00,1.7091,-1.2865,119.99,2.4423,13.539,4.3908,-0.0285499999999999,-0.24812,0.00728,2.3566,2.617,2.4719,2.3637,-0.74626,10
2020-10-15 05:16:00,1.7096,-1.0647,120.18,2.4659,13.538,4.3994,-0.03257,-0.8595599999999999,0.0273499999999999,2.3702,2.533,2.5075,2.4084,-0.60806,10
2020-10-15 05:17:00,1.7105,-1.1423,120.12,2.4761,13.538,4.3977,-0.03678,-0.88172,0.0279,2.3586,2.4577,2.5235,2.4499,-0.55278,10
2020-10-15 05:18:00,1.7099,-1.1756,120.09,2.4871,13.537,4.3994,-0.03257,0.42092,-0.01139,2.3646,2.5748,2.509,2.4396,-0.58042,10
2020-10-15 05:19:00,1.7094,-1.1867,120.11,2.4962,13.539,4.4063,-0.0272699999999999,-0.75766,0.01711,2.3772,2.5265,2.5138,2.4416,-0.6357,10
2020-10-15 05:20:00,1.7091,-1.2422,120.02,2.4942,13.538,4.4201,-0.03257,0.15508,-0.0061399999999999,2.3818,2.4611,2.5609,2.5298,-0.60806,10
2020-10-15 05:21:00,1.7091,-1.2089,120.13,2.491,13.538,4.4287,-0.0331199999999999,-0.23926,0.00962,2.3976,2.5971,2.5101,2.4287,-0.4975,10
2020-10-15 05:22:00,1.7102,-1.1978,120.11,2.4746,13.539,4.4408,-0.03074,-0.14621,0.0020899999999999,2.3984,2.5505,2.5371,2.479,-0.69098,10
2020-10-15 05:23:00,1.7093,-1.1867,120.03,2.4463,13.537,4.4433,-0.02781,-0.21267,0.0085599999999999,2.393,2.507,2.5318,2.4787,-0.60807,10
2020-10-15 05:24:00,1.709,-1.1756,120.1,2.4155,13.538,4.4379,-0.02946,-0.0088599999999999,0.00135,2.3862,2.5462,2.503,2.44,-0.66335,10
2020-10-15 05:25:00,1.7093,-1.1534,120.07,2.3931,13.538,4.4655,-0.03678,-0.48737,0.01332,2.4069,2.5265,2.5229,2.4564,-0.60807,10
2020-10-15 05:26:00,1.709,-1.1756,120.06,2.412,13.537,4.464,-0.0312899999999999,-0.2747,0.0092399999999999,2.3976,2.5108,2.5193,2.462,-0.69098,10
2020-10-15 05:27:00,1.7099,-1.1534,120.14,2.3906,13.537,4.483,-0.0285499999999999,-0.15064,0.00468,2.406,2.5377,2.5072,2.4464,-0.69098,10
2020-10-15 05:28:00,1.7093,-1.22,120.06,2.3787,13.539,4.4778,-0.03715,-0.07975,0.0037799999999999,2.3924,2.5275,2.4766,2.4093,-0.74626,10
2020-10-15 05:29:00,1.7091,-1.2421,120.03,2.3937,13.537,4.4815,-0.03239,-0.1905199999999999,0.00551,2.3861,2.5461,2.4427,2.3663,-0.66334,10
2020-10-15 05:30:00,1.7093,-1.1756,120.06,2.4008,13.538,4.4797,-0.03257,0.09747,-0.0019499999999999,2.3752,2.4792,2.4445,2.383,-0.85682,10
2020-10-15 05:31:00,1.7096,-1.1423,120.09,2.395,13.537,4.4901,-0.04136,-0.2170999999999999,0.0094699999999999,2.3736,2.4274,2.4535,2.3997,-0.93974,10
2020-10-15 05:32:00,1.7088,-1.1756,120.1,2.4124,13.537,4.5041,-0.03422,0.1107699999999999,-0.01093,2.3805,2.4442,2.4513,2.3954,-0.88446,10
2020-10-15 05:33:00,1.7096,-1.2089,120.04,2.4021,13.538,4.5023,-0.03184,-0.25255,0.00364,2.3632,2.4028,2.4212,2.371,-0.99502,10
2020-10-15 05:34:00,1.7093,-1.22,120.06,2.3577,13.537,4.5075,-0.0274499999999999,-0.08418,-0.0027599999999999,2.3543,2.3698,2.4038,2.345,-1.1332,10
2020-10-15 05:35:00,1.7099,-1.1978,120.1,2.3331,13.538,4.518,-0.0329399999999999,0.10634,-0.01031,2.3563,2.4051,2.3683,2.2961,-1.1332,10
2020-10-15 05:36:00,1.7091,-1.1756,120.16,2.3331,13.536,4.5249,-0.03019,0.39433,-0.00864,2.3391,2.3773,2.3596,2.3072,-1.0503,10
2020-10-15 05:37:00,1.7088,-1.1091,120.2,2.3167,13.537,4.5247,-0.0269,0.13736,-0.00779,2.3361,2.3637,2.341,2.278,-0.93975,10
2020-10-15 05:38:00,1.7085,-1.2532,120.09,2.3245,13.537,4.541,-0.0360499999999999,-0.5538199999999999,0.02094,2.3546,2.4409,2.3164,2.2094,-1.0779,10
2020-10-15 05:39:00,1.7082,-1.2199,120.13,2.3071,13.537,4.541,-0.03477,-0.67788,0.02307,2.3376,2.3107,2.3156,2.2399,-1.2438,10
2020-10-15 05:40:00,1.709,-1.231,120.11,2.285,13.538,4.5377,-0.0353199999999999,0.0044299999999999,-0.00379,2.3194,2.2478,2.2967,2.2252,-1.2991,10
2020-10-15 05:41:00,1.7093,-1.1867,120.06,2.2897,13.538,4.5414,-0.02836,-0.3765999999999999,0.01788,2.3068,2.2416,2.2289,2.1489,-1.3267,10
2020-10-15 05:42:00,1.7101,-1.2199,120.09,2.27,13.539,4.5586,-0.0298299999999999,0.04431,0.00139,2.3064,2.2207,2.1924,2.1025,-1.2991,10
2020-10-15 05:43:00,1.7093,-1.1978,120.02,2.253,13.539,4.5652,-0.03257,0.32343,-0.0068599999999999,2.2896,2.1409,2.1267,2.0255,-1.5755,10
2020-10-15 05:44:00,1.7093,-1.1866,119.95,2.2277,13.538,4.5628,-0.0285499999999999,0.06203,-0.00042,2.2483,2.0479,2.0146,1.8899,-1.7689,10
2020-10-15 05:45:00,1.709,-1.1534,119.91,2.1952,13.538,4.5576,-0.03275,0.6823,-0.0182599999999999,2.1978,1.9003,1.8868,1.7642,-1.99,10
2020-10-15 05:46:00,1.709,-1.2088,119.9,2.1567,13.54,4.5659,-0.03056,0.6734299999999999,-0.0191099999999999,2.153,1.808,1.7265,1.5685,-1.99,10
2020-10-15 05:47:00,1.7098,-1.1644,119.86,2.1638,13.538,4.5793,-0.0334899999999999,0.98355,-0.0402199999999999,2.1112,1.6386,1.6202,1.4507,-1.99,10
2020-10-15 05:48:00,1.709,-1.1755,119.84,2.1519,13.539,4.581,-0.03696,1.6437,-0.05373,2.0598,1.5191,1.4773,1.2972,-1.99,10
2020-10-15 05:49:00,1.7087,-1.2421,119.83,2.1138,13.539,4.5807,-0.0354999999999999,2.4677,-0.08457,1.9978,1.367,1.3635,1.1677,-2.1282,10
2020-10-15 05:50:00,1.7095,-1.1866,119.89,2.0688,13.541,4.589,-0.03019,2.6626,-0.07574,1.9538,1.3165,1.2761,1.0583,-2.4599,10
2020-10-15 05:51:00,1.7095,-1.1977,119.8,2.0333,13.542,4.5925,-0.0336699999999999,3.1987,-0.1089799999999999,1.9069,1.2342,1.1824,0.96174,-2.5152,10
2020-10-15 05:52:00,1.7095,-1.2531,119.77,1.9973,13.542,4.6026,-0.03056,3.9961,-0.117,1.8739,1.2118,1.1132,0.8669299999999999,-2.4599,10
2020-10-15 05:53:00,1.7089,-1.1977,119.83,1.9673,13.543,4.5989,-0.0263499999999999,5.0815,-0.1366499999999999,1.8362,1.1229,1.0576,0.80571,-2.377,10
2020-10-15 05:54:00,1.7095,-1.2088,119.85,1.9436,13.544,4.6041,-0.0340299999999999,5.6619,-0.1950099999999999,1.8067,1.0593,0.96281,0.70727,-2.0177,10
2020-10-15 05:55:00,1.7089,-1.3196,119.76,1.9081,13.545,4.6038,-0.04025,8.063,-0.3246899999999999,1.7654,0.9988,0.8547299999999999,0.5956,-2.0177,10
2020-10-15 05:56:00,1.7097,-1.2975,119.76,1.8638,13.544,4.5985,-0.03257,8.9269,-0.28782,1.7054,0.8344399999999998,0.7733999999999999,0.50997,-1.9901,10
2020-10-15 05:57:00,1.7094,-1.3085,119.82,1.833,13.543,4.6071,-0.0413499999999999,10.194,-0.42242,1.6886,0.82683,0.6834299999999999,0.38729,-1.9901,10
2020-10-15 05:58:00,1.7103,-1.2753,119.86,1.8156,13.544,4.6008,-0.03037,9.5783,-0.28891,1.6461,0.68776,0.63168,0.32343,-1.9901,10
2020-10-15 05:59:00,1.7089,-1.2088,119.89,1.8251,13.545,4.6011,-0.02543,11.213,-0.2851,1.6167,0.6326899999999999,0.5915099999999999,0.31308,-1.9901,10
2020-10-15 06:00:00,1.7089,-1.1644,119.96,1.8251,13.548,4.5959,-0.02525,13.282,-0.3344699999999999,1.5746,0.58274,0.49113,0.2062499999999999,-1.9901,10
2020-10-15 06:01:00,1.7089,-1.2642,120.06,1.8259,13.546,4.5956,-0.03074,14.412,-0.4461399999999999,1.5593,0.62709,0.42824,0.0950099999999999,-1.9071,10
2020-10-15 06:02:00,1.7086,-1.2864,120.04,1.8188,13.548,4.5868,-0.02818,16.17,-0.45421,1.5165,0.50395,0.4428699999999999,0.12812,-1.8242,10
2020-10-15 06:03:00,1.7089,-1.242,120.13,1.8109,13.547,4.5834,-0.02452,16.153,-0.39677,1.5088,0.5721699999999998,0.3683299999999999,0.02154,-1.6031,10
2020-10-15 06:04:00,1.7087,-1.1533,120.11,1.7983,13.549,4.5703,-0.02891,15.852,-0.4624099999999999,1.4913,0.59374,0.3252599999999999,-0.0734699999999999,-1.4925,10
2020-10-15 06:05:00,1.7089,-1.2975,120.13,1.7856,13.548,4.567,-0.02324,18.466,-0.43357,1.4596,0.50305,0.36668,0.0383799999999999,-1.3267,10
2020-10-15 06:06:00,1.7106,-1.3086,120.12,1.7763,13.548,4.5635,-0.02653,21.478,-0.57632,1.4618,0.5911899999999999,0.34686,-0.0483,-0.49751,10
2020-10-15 06:07:00,1.709,-1.3308,120.02,1.7646,13.548,4.5606,-0.02196,24.296,-0.5365699999999999,1.4376,0.53571,0.31694,-0.0611799999999999,0.0,10
2020-10-15 06:08:00,1.7076,-1.2532,120.08,1.7441,13.549,4.5486,-0.01738,29.609,-0.5150599999999999,1.3923,0.46328,0.3368399999999999,-2e-05,0.63571,10
2020-10-15 06:09:00,1.7095,-1.3308,120.01,1.7323,13.552,4.54,-0.02178,33.255,-0.72016,1.3928,0.6144,0.29193,-0.10753,1.4649,10
2020-10-15 06:10:00,1.7087,-1.2642,120.11,1.7426,13.549,4.5445,-0.01793,35.523,-0.64582,1.4045,0.54015,0.3426899999999999,-0.08802,1.7413,10
2020-10-15 06:11:00,1.7087,-1.3086,120.06,1.7521,13.551,4.5324,-0.0250699999999999,38.735,-0.96944,1.3731,0.5719499999999998,0.3468,-0.0469299999999999,1.99,10
2020-10-15 06:12:00,1.7106,-1.3419,120.07,1.7593,13.552,4.5186,-0.01574,39.625,-0.6207599999999999,1.3735,0.5240099999999999,0.38196,-0.02952,1.99,10
2020-10-15 06:13:00,1.7097,-1.3418,120.04,1.7399,13.553,4.5094,-0.02049,43.173,-0.87833,1.3706,0.64543,0.38195,-0.03876,2.3493,10
2020-10-15 06:14:00,1.7095,-1.2642,120.08,1.7043,13.551,4.5008,-0.0194,47.661,-0.9146,1.3712,0.67083,0.39245,-0.05172,3.5655,10
2020-10-15 06:15:00,1.7097,-1.3308,119.96,1.6592,13.552,4.5026,-0.01171,54.559,-0.63141,1.3815,0.68825,0.4319,-0.01081,4.4776,10
2020-10-15 06:16:00,1.7092,-1.3308,119.94,1.6323,13.552,4.4809,-0.0069499999999999,74.165,-0.53425,1.3611,0.76582,0.4682999999999999,0.09031,5.9148,10
2020-10-15 06:17:00,1.709,-1.3751,119.92,1.6267,13.554,4.4757,-0.00366,109.58,-0.42303,1.3807,0.81101,0.53127,0.14906,7.8772,10
2020-10-15 06:18:00,1.7084,-1.3086,119.81,1.6226,13.555,4.467,-0.0212299999999999,145.84,-3.1241,1.4216,0.99956,0.60347,0.16447,10.613,10
2020-10-15 06:19:00,1.7092,-1.4417,119.91,1.6455,13.556,4.4596,-0.0235999999999999,169.03,-4.0024,1.4496,1.1078,0.75721,0.35243,13.654,10
2020-10-15 06:20:00,1.7084,-1.4084,119.8,1.6748,13.555,4.4441,-0.0214099999999999,184.6,-3.9274,1.4759,1.0758,0.88638,0.5321099999999999,17.192,10
2020-10-15 06:21:00,1.7348,-3.8037,119.95,1.6812,13.556,4.4423,-0.00055,172.02,-0.3521799999999999,1.5102,1.1492,0.95337,0.59347,20.481,10
2020-10-15 06:22:00,1.7395,-1.6191,120.01,1.6796,13.556,4.4195,0.02891,154.12,4.4539,1.5305,1.2944,0.96589,0.55202,24.516,10
2020-10-15 06:23:00,1.7266,1.1311,119.9,1.6725,13.555,4.4074,0.04428,154.28,6.832,1.5602,1.4084,1.0077,0.60023,28.994,10
2020-10-15 06:24:00,1.7227,2.8833,120.0,1.6977,13.557,4.4007,0.0644099999999999,154.93,9.9775,1.6101,1.4485,1.0861,0.70282,32.559,10
2020-10-15 06:25:00,1.7214,3.3491,119.95,1.7403,13.557,4.3979,0.06532,155.94,10.191,1.6612,1.4485,1.2046,0.85758,32.366,10
2020-10-15 06:26:00,1.7178,5.9996,119.88,1.7901,13.558,4.3755,0.0936899999999999,155.74,14.593,1.7032,1.3934,1.2671,0.95709,36.511,10
2020-10-15 06:27:00,1.7158,10.047,119.96,1.8113,13.557,4.3671,0.11619,154.91,18.001,1.745,1.4672,1.319,1.0161,44.472,10
2020-10-15 06:28:00,1.7159,10.935,119.95,1.8311,13.558,4.3486,0.1249799999999999,154.43,19.298,1.7973,1.6492,1.3429,1.001,45.024,10
2020-10-15 06:29:00,1.7189,13.907,119.98,1.8461,13.557,4.3365,0.14749,155.78,22.98,1.8312,1.6739,1.4265,1.1591,49.253,10
2020-10-15 06:30:00,1.7335,20.572,120.03,1.8193,13.558,4.3311,0.1957899999999999,156.01,30.539,1.8796,1.7435,1.528,1.3061,59.563,10
2020-10-15 06:31:00,1.7269,27.126,120.13,1.7782,13.558,4.3151,0.24831,154.78,38.429,1.9521,1.8005,1.646,1.4305,71.531,10
2020-10-15 06:32:00,1.731,30.087,120.23,1.7505,13.557,4.3082,0.2700799999999999,155.77,42.071,2.0238,1.9643,1.7752,1.5795,77.777,10
2020-10-15 06:33:00,1.7374,32.549,120.22,1.7443,13.556,4.2982,0.2848999999999999,154.16,43.919,2.1356,2.1717,1.8466,1.6106,80.983,10
2020-10-15 06:34:00,1.7401,34.312,120.19,1.7308,13.557,4.29,0.30796,155.49,47.887,2.2002,2.1797,2.0175,1.8772,82.973,10
2020-10-15 06:35:00,1.7426,37.406,120.16,1.7301,13.556,4.2779,0.33084,155.15,51.324,2.3056,2.4451,2.1201,1.9338,87.83799999999998,10
2020-10-15 06:36:00,1.7531,41.898,120.2,1.7372,13.557,4.2747,0.36396,154.56,56.258,2.4087,2.5254,2.3039,2.1524,96.13,10
2020-10-15 06:37:00,1.7606,46.368,120.19,1.761,13.558,4.2578,0.3989099999999999,155.52,62.041,2.4957,2.6436,2.4816,2.3931,103.09,10
2020-10-15 06:38:00,1.7567,45.026,120.26,1.7854,13.557,4.2388,0.3839099999999999,156.41,60.058,2.5793,2.887,2.6133,2.5185,100.55,10
2020-10-15 06:39:00,1.746,39.969,120.22,1.8098,13.557,4.2373,0.34127,155.59,53.1,2.6996,3.0404,2.6988,2.5842,89.77299999999998,10
2020-10-15 06:40:00,1.7537,45.082,120.27,1.8319,13.557,4.2237,0.3778699999999999,154.85,58.511,2.797,3.0869,2.792,2.6767,96.793,10
2020-10-15 06:41:00,1.773,52.324,120.22,1.8426,13.557,4.2186,0.42563,158.14,67.333,2.8922,3.1877,2.9332,2.8568,108.9,10
2020-10-15 06:42:00,1.7915,62.416,120.32,1.871,13.558,4.2136,0.49169,162.13,79.659,3.011,3.4033,3.117,3.0548,122.8,10
2020-10-15 06:43:00,1.8026,67.052,120.28,1.8971,13.557,4.1999,0.52061,160.9,83.753,3.1429,3.4892,3.3125,3.2829,129.05,10
2020-10-15 06:44:00,1.8161,71.511,120.29,1.9175,13.558,4.1913,0.55739,161.78,90.194,3.2601,3.7397,3.4721,3.4509,134.52,10
2020-10-15 06:45:00,1.8257,77.577,120.33,1.9308,13.557,4.176,0.5601399999999999,171.59,96.14,3.3684,3.8197,3.6884,3.7209,138.64,10
2020-10-15 06:46:00,1.8343,79.73999999999998,120.32,1.9624,13.557,4.1744,0.5612399999999999,175.91,98.725,3.4982,4.1385,3.8393,3.8562,141.04,10
2020-10-15 06:47:00,1.8197,76.513,120.28,1.9838,13.559,4.1571,0.5391,179.19,96.593,3.6151,4.2285,3.9766,4.0077,133.97,10
2020-10-15 06:48:00,1.8291,78.33199999999998,120.36,2.0123,13.557,4.1487,0.53434,183.61,98.121,3.7338,4.2723,4.1672,4.2293,133.77,10
2020-10-15 06:49:00,1.863,89.72199999999998,120.42,2.0494,13.558,4.1574,0.59198,189.55,112.22,3.8568,4.4798,4.3317,4.4058,146.18,10
2020-10-15 06:50:00,1.9091,101.58,120.35,2.1055,13.556,4.1539,0.637,195.83,124.75,3.9748,4.5913,4.5166,4.6259,159.87,10
2020-10-15 06:51:00,1.9182,105.15,120.36,2.1418,13.558,4.142,0.66573,193.64,128.92,4.0935,4.8071,4.6739,4.7831,163.93,10
2020-10-15 06:52:00,1.8757,92.706,120.23,2.1402,13.554,4.1334,0.56783,200.71,113.92,4.1794,4.8042,4.8796,5.0726,143.97,10
2020-10-15 06:53:00,1.8884,99.183,120.22,2.1599,13.556,4.1282,0.5907099999999998,205.37,121.23,4.2667,4.9124,4.9822,5.1569,149.36,10
2020-10-15 06:54:00,1.9756,117.7,120.49,2.1701,13.555,4.1077,0.7005,205.64,144.19,4.3279,4.9927,5.104,5.33,173.41,10
2020-10-15 06:55:00,2.0258,128.58,120.72,2.2176,13.554,4.1112,0.7672999999999999,204.94,157.24,4.4598,5.2476,5.3391,5.5538,188.22,10
2020-10-15 06:56:00,2.0349,133.0,120.7,2.2817,13.554,4.1129,0.78175,206.0,161.06,4.6166,5.4387,5.5618,5.7947,191.21,10
2020-10-15 06:57:00,2.0644,139.43,120.74,2.3117,13.554,4.113,0.78725,216.39,170.39,4.7781,5.8364,5.8314,5.9404,194.39,10
2020-10-15 06:58:00,2.1196,149.67,120.75,2.3275,13.554,4.0992,0.84635,216.29,183.06,4.9434,5.8402,6.0575,6.3091,207.43,10
2020-10-15 06:59:00,2.1414,154.14,120.78,2.3329,13.553,4.0923,0.8405,225.35,189.39,5.0816,6.0921,6.1645,6.4491,210.78,10
2020-10-15 07:00:00,2.1607,159.38,120.72,2.355,13.551,4.0924,0.8286099999999998,233.37,193.37,5.2338,6.2377,6.3579,6.6501,212.82,10
2020-10-15 07:01:00,2.1781,163.11,120.79,2.2823,13.551,4.089,0.8566,230.51,197.44,5.3606,6.2547,6.5449,6.917,216.58,10
2020-10-15 07:02:00,2.196,163.19,120.78,2.2695,13.551,4.0924,0.8851499999999999,226.53,200.41,5.4971,6.4113,6.7463,7.1352,218.88,10
2020-10-15 07:03:00,2.2029,167.68,120.76,2.3082,13.551,4.089,0.8950299999999999,227.44,203.54,5.695,6.6558,6.9676,7.3338,220.87,10
2020-10-15 07:04:00,2.236,172.7,120.8,2.3493,13.55,4.0959,0.90913,229.33,208.47,5.8643,6.7449,7.1197,7.5594,226.15,10
2020-10-15 07:05:00,2.2879,180.42,120.8,2.3291,13.552,4.0959,0.98232,222.54,218.59,5.9987,6.8671,7.246,7.7214,236.15,10
2020-10-15 07:06:00,2.3042,183.4,120.83,2.3261,13.551,4.0926,0.97775,226.59,221.54,6.1879,7.075,7.5288,7.977299999999999,238.23,10
2020-10-15 07:07:00,2.3411,188.95,120.83,2.3602,13.551,4.096,0.99019,230.37,228.13,6.4071,7.2061,7.7397,8.2294,243.45,10
2020-10-15 07:08:00,2.3706,195.24,120.7,2.4054,13.55,4.0891,0.9869,237.94,234.82,6.6005,7.4398,7.9438,8.476599999999998,248.75,10
2020-10-15 07:09:00,2.3958,198.37,120.76,2.4409,13.548,4.0926,1.014,238.21,241.5,6.8033,7.6087,8.193799999999998,8.782299999999998,251.93,10
2020-10-15 07:10:00,2.4264,203.13,120.73,2.4979,13.549,4.0926,1.0645,231.54,246.48,7.0209,7.8484,8.460499999999998,9.025,257.1,10
2020-10-15 07:11:00,2.4598,209.97,120.82,2.5811,13.548,4.1012,1.0588,238.67,252.68,7.260399999999998,8.126699999999998,8.657999999999998,9.2314,263.1,10
2020-10-15 07:12:00,2.4931,213.87,120.83,2.6595,13.546,4.115,1.098,236.38,259.56,7.4537,8.265,8.8878,9.5483,267.3,10
2020-10-15 07:13:00,2.5367,223.43,120.8,2.6333,13.544,4.115,1.1126,239.81,266.8,7.646499999999999,8.5625,9.0584,9.6998,274.68,10
2020-10-15 07:14:00,2.5657,224.39,120.82,2.571,13.544,4.1116,1.1179,242.49,271.08,7.8,8.5899,9.1802,9.873,278.44,10
2020-10-15 07:15:00,2.5839,228.46,120.8,2.605,13.542,4.1219,1.1476,240.22,275.66,7.989,8.505,9.3379,10.15,281.34,10
2020-10-15 07:16:00,2.5996,232.62,120.83,2.6778,13.544,4.134,1.1575,240.3,278.07,8.208999999999998,8.6814,9.4944,10.289,284.41,10
2020-10-15 07:17:00,2.6297,235.4,120.8,2.7574,13.542,4.1461,1.1844,240.4,284.72,8.353199999999998,8.6807,9.6271,10.567,288.17,10
2020-10-15 07:18:00,2.6515,239.62,120.82,2.8517,13.543,4.153,1.2043,240.78,289.96,8.5476,8.9722,9.797300000000002,10.714,291.82,10
2020-10-15 07:19:00,2.7163,248.53,120.89,2.8843,13.542,4.153,1.2411,242.88,301.41,8.6764,9.1386,10.031,10.951,302.1,10
2020-10-15 07:20:00,2.7365,250.68,120.78,2.8955,13.542,4.1582,1.2502,243.62,304.57,8.8054,9.2339,10.19,11.234,304.89,10
2020-10-15 07:21:00,2.766,255.53,120.9,2.9343,13.542,4.1685,1.251,246.68,308.59,8.8883,9.3525,10.365,11.373,309.67,10
2020-10-15 07:22:00,2.7889,255.8,120.95,2.9161,13.54,4.1736,1.2332,250.1,308.43,8.9144,9.4868,10.506,11.481,311.63,10
2020-10-15 07:23:00,2.7641,253.56,120.82,2.947,13.539,4.1892,1.2493,245.43,306.55,8.927699999999998,9.4868,10.486,11.507,307.82,10
2020-10-15 07:24:00,2.7577,256.24,120.83,2.9327,13.539,4.1978,1.2565,246.08,309.18,8.8677,9.334,10.53,11.602,308.32,10
2020-10-15 07:25:00,2.7252,251.76,120.82,2.8591,13.539,4.2185,1.2341,244.35,301.52,8.855399999999998,9.4712,10.537,11.586,302.79,10
2020-10-15 07:26:00,2.7574,254.85,120.79,2.8234,13.539,4.2133,1.2746,240.65,306.52,8.8293,9.5674,10.598,11.619,304.64,10
2020-10-15 07:27:00,2.809,262.25,120.92,2.8796,13.538,4.2409,1.3223,242.09,320.14,8.7965,9.4668,10.558,11.715,314.07,10
2020-10-15 07:28:00,2.8322,267.75,120.95,2.8744,13.538,4.2478,1.3392,242.58,324.84,8.7523,9.4059,10.626,11.751,318.57,10
2020-10-15 07:29:00,3.0228,293.41,121.02,2.8028,13.536,4.2668,1.5106,235.04,354.92,8.765499999999998,9.5218,10.81,11.929,345.13,10
2020-10-15 07:30:00,3.1644,314.77,121.06,2.7561,13.535,4.2771,1.5654,242.74,379.97,8.746399999999998,9.8204,11.064,12.156,366.42,10
2020-10-15 07:31:00,3.1809,318.21,121.04,2.7796,13.533,4.2892,1.5657,243.2,380.8,8.755499999999998,9.9384,11.24,12.415,369.37,10
2020-10-15 07:32:00,3.2405,323.08,121.04,2.7897,13.534,4.303,1.5591,249.18,388.5,8.7511,10.258,11.519,12.696,375.4,10
2020-10-15 07:33:00,3.307,332.75,121.07,2.9219,13.535,4.3116,1.6503,242.76,400.59,8.780599999999998,10.554,11.793,12.979,385.87,10
2020-10-15 07:34:00,3.3376,339.75,121.07,2.9386,13.533,4.3374,1.6909,240.92,407.35,8.7978,10.718,12.011,13.241,391.9,10
2020-10-15 07:35:00,3.3837,342.42,121.1,2.9402,13.53,4.3495,1.6997,243.51,413.83,8.8063,10.993,12.317,13.558,396.27,10
2020-10-15 07:36:00,3.4027,348.04,121.11,3.0535,13.528,4.3736,1.7731,235.74,417.99,8.880599999999998,11.244,12.588,13.896,402.13,10
2020-10-15 07:37:00,3.4499,354.34,121.15,3.1614,13.529,4.3874,1.7522,244.13,427.73,8.8845,11.514,12.75,14.079,407.18,10
2020-10-15 07:38:00,3.472,357.72,121.2,3.171,13.529,4.4047,1.7665,243.6,430.28,8.8673,11.547,12.887,14.322,410.67,10
2020-10-15 07:39:00,3.5142,361.25,121.23,3.152,13.529,4.4219,1.7511,248.64,435.37,8.867,11.66,13.147,14.544,415.59,10
2020-10-15 07:40:00,3.563,368.09,121.15,3.1448,13.528,4.4357,1.813,243.45,441.34,8.898899999999998,11.979,13.415,14.848,421.12,10
2020-10-15 07:41:00,3.5872,370.13,121.19,3.1686,13.527,4.4586,1.8424,242.26,446.3,8.9391,12.249,13.55,15.098,423.6,10
2020-10-15 07:42:00,3.6145,372.91,121.2,3.1766,13.526,4.4811,1.8596,241.76,449.56,8.960599999999998,12.475,13.888,15.397,426.64,10
2020-10-15 07:43:00,3.6556,380.21,121.18,3.2814,13.523,4.4966,1.8729,243.29,455.64,9.018,12.878,14.111,15.717,433.28,10
2020-10-15 07:44:00,3.6865,383.45,121.26,3.3695,13.522,4.5089,1.877,246.0,461.7,9.0218,13.075,14.338,16.047,437.59,10
2020-10-15 07:45:00,3.6824,385.21,121.23,3.4147,13.523,4.5313,1.902,243.35,462.83,9.0853,13.356,14.798,16.402,437.53,10
2020-10-15 07:46:00,3.6487,377.11,121.22,3.4169,13.526,4.5572,1.8894,241.81,456.86,9.0648,13.452,14.831,16.458,431.56,10
2020-10-15 07:47:00,3.721,387.6,121.23,3.3804,13.523,4.5764,1.8817,248.77,468.08,9.0873,13.581,15.086,16.756,441.93,10
2020-10-15 07:48:00,3.8148,398.37,121.25,3.4121,13.521,4.604,1.9617,244.25,479.12,9.005599999999998,13.344,14.725,16.654,452.62,10
2020-10-15 07:49:00,3.8601,406.99,121.35,3.4057,13.522,4.6247,1.9772,248.47,491.26,8.908699999999998,13.402,14.861,16.825,460.8,10
2020-10-15 07:50:00,3.9197,413.59,121.32,3.4493,13.52,4.6438,2.029,246.86,500.88,8.9144,13.665,15.177,17.137,467.3,10
2020-10-15 07:51:00,3.9456,420.08,121.57,3.5524,13.518,4.6663,2.0922,241.61,505.44,9.0506,13.866,15.576,17.513,472.33,10
2020-10-15 07:52:00,3.9561,423.31,121.62,3.5372,13.517,4.697,2.126,238.3,506.62,9.0294,14.372,15.873,17.662,476.5,10
2020-10-15 07:53:00,3.9794,423.97,121.61,3.4706,13.517,4.7221,2.1205,240.96,510.92,8.9927,14.508,16.15,18.04,477.47,10
2020-10-15 07:54:00,4.0398,430.98,121.52,3.3937,13.516,4.7394,2.1796,238.47,519.73,9.0231,14.639,16.363,18.265,484.02,10
2020-10-15 07:55:00,4.1055,438.06,121.59,3.4586,13.516,4.7688,2.1919,242.63,531.77,9.0867,15.053,16.531,18.451,493.86,10
2020-10-15 07:56:00,4.1615,448.74,121.58,3.5784,13.513,4.8001,2.2506,240.09,540.31,9.0988,15.174,16.759,18.76,502.18,10
2020-10-15 07:57:00,4.2206,454.82,121.64,3.7791,13.513,4.8105,2.2786,241.82,550.99,9.0944,15.247,16.986,19.21,511.22,10
2020-10-15 07:58:00,4.074,433.22,121.49,3.8742,13.51,4.836,2.1585,243.25,525.04,9.1224,15.689,17.217,19.476,490.35,10
2020-10-15 07:59:00,3.7606,393.91,121.38,3.8972,13.508,4.8682,1.9272,246.86,475.79,9.2404,16.339,17.79,19.731,449.17,10
2020-10-15 08:00:00,3.4326,348.1,121.17,4.0148,13.509,4.8786,1.7254,242.5,418.4,9.3429,16.079,17.694,19.561,398.06,10
2020-10-15 08:01:00,3.3556,337.16,121.23,4.0532,13.506,4.9093,1.6846,242.46,408.43,9.2462,15.674,17.144,19.302,385.29,10
2020-10-15 08:02:00,3.3434,336.55,121.18,3.9841,13.506,4.9435,1.6662,244.47,407.32,9.2018,15.222,16.97,19.158,382.83,10
2020-10-15 08:03:00,3.5641,368.62,121.26,3.9492,13.504,4.9659,1.8512,240.88,445.94,9.2465,15.472,17.183,19.131,413.21,10
2020-10-15 08:04:00,3.7897,399.18,121.33,3.9045,13.504,4.9898,2.0049,241.28,483.63,9.1674,15.499,17.156,19.163,447.29,10
2020-10-15 08:05:00,3.8821,411.06,121.39,3.9157,13.506,5.0223,2.0585,242.25,498.65,9.1039,15.542,17.191,19.344,460.99,10
2020-10-15 08:06:00,3.8021,402.36,121.33,3.9132,13.506,5.05,2.0512,236.18,484.42,9.0782,15.991,17.514,19.386,451.1,10
2020-10-15 08:07:00,3.9833,425.25,121.43,3.9066,13.505,5.086,2.1987,233.66,513.89,9.0796,15.886,17.517,19.611,475.11,10
2020-10-15 08:08:00,4.191,452.8,121.6,3.8971,13.506,5.1117,2.345,234.12,548.92,8.9807,16.234,17.684,19.711,507.31,10
2020-10-15 08:09:00,4.2029,454.13,121.58,3.9328,13.507,5.1393,2.4341,225.59,548.69,8.9403,16.199,17.805,19.919,512.87,10
2020-10-15 08:10:00,4.3169,470.6,121.61,4.0161,13.503,5.171,2.5493,222.23,566.45,8.8983,16.098,17.9,20.078,531.36,10
2020-10-15 08:11:00,4.3939,479.87,121.67,3.9565,13.504,5.2024,2.5321,228.42,578.39,8.8316,16.47,18.143,20.169,538.82,10
2020-10-15 08:12:00,4.4165,483.44,121.61,3.9392,13.502,5.2301,2.542,228.76,581.5,8.8024,16.392,18.166,20.333,542.64,10
2020-10-15 08:13:00,4.4062,479.99,121.5,3.8639,13.5,5.2677,2.49,232.27,578.26,8.888,16.482,18.408,20.779,536.33,10
2020-10-15 08:14:00,4.4161,479.76,121.41,3.8186,13.499,5.2987,2.5094,231.06,579.77,8.869899999999998,16.532,18.435,20.901,538.05,10
2020-10-15 08:15:00,4.3701,475.31,121.45,3.7861,13.497,5.3298,2.5654,222.53,570.64,8.803599999999998,16.364,18.291,20.769,535.86,10
2020-10-15 08:16:00,4.3539,472.31,121.45,3.7623,13.496,5.3595,2.6282,216.03,567.75,8.71,16.471,18.358,20.731,537.63,10
2020-10-15 08:17:00,4.4157,478.67,121.46,3.7814,13.494,5.3938,2.6684,216.57,577.82,8.714,16.676,18.828,21.04,545.1,10
2020-10-15 08:18:00,4.3475,470.69,121.41,3.922,13.493,5.425,2.5435,221.62,563.67,8.7527,17.001,18.766,21.144,532.18,10
2020-10-15 08:19:00,4.2369,456.22,121.39,4.0976,13.492,5.456,2.4489,223.68,547.73,8.787,17.003,18.844,21.255,516.11,10
2020-10-15 08:20:00,4.4405,480.37,121.58,4.3019,13.491,5.4854,2.4651,236.05,582.01,8.833,17.255,18.892,21.3,536.79,10
2020-10-15 08:21:00,4.4576,484.02,121.55,4.2487,13.49,5.5235,2.4269,242.67,588.9,8.8603,17.298,18.97,21.536,541.16,10
2020-10-15 08:22:00,4.5263,494.06,121.61,4.0786,13.49,5.5511,2.4296,246.45,598.77,8.9402,18.068,19.493,21.678,550.39,10
2020-10-15 08:23:00,4.4989,491.92,121.57,4.0524,13.49,5.584,2.4613,241.32,593.86,9.043500000000002,18.188,19.931,21.977,546.19,10
2020-10-15 08:24:00,4.5911,504.81,121.53,4.0722,13.489,5.6256,2.5407,239.06,607.3,9.1665,18.621,20.271,22.489,562.27,10
2020-10-15 08:25:00,4.692,518.54,121.63,4.1452,13.488,5.6532,2.6649,234.48,624.57,9.3707,19.316,21.108,22.919,575.69,10
2020-10-15 08:26:00,4.8021,531.67,121.68,4.2708,13.486,5.6878,2.8144,227.16,639.33,9.5427,19.748,21.348,23.351,595.62,10
2020-10-15 08:27:00,4.7728,529.49,121.69,4.4006,13.483,5.7277,2.8119,227.34,639.25,9.5724,19.622,21.332,23.518,593.81,10
2020-10-15 08:28:00,4.7971,532.93,121.7,4.4866,13.483,5.764,2.7573,232.44,640.9,9.7006,20.116,21.847,23.83,593.73,10
2020-10-15 08:29:00,4.9386,550.47,121.83,4.6258,13.48,5.8039,2.7985,236.44,661.61,9.861,20.416,21.945,24.023,611.66,10
2020-10-15 08:30:00,4.8892,543.69,121.76,4.6656,13.479,5.8314,2.7934,235.85,658.82,9.7864,20.082,21.79,24.197,607.25,10
2020-10-15 08:31:00,4.888,541.43,121.7,4.6306,13.478,5.8649,2.7496,238.03,654.46,9.8246,20.503,22.192,24.282,603.85,10
2020-10-15 08:32:00,4.4218,479.82,121.47,4.5836,13.48,5.8978,2.4283,238.82,579.92,9.938300000000002,21.006,22.335,24.402,542.11,10
2020-10-15 08:33:00,4.0652,435.18,121.45,4.5345,13.479,5.9395,2.173,242.05,525.88,10.021,20.676,22.37,24.15,490.09,10
2020-10-15 08:34:00,4.6091,506.62,121.63,4.5673,13.48,5.9744,2.4684,247.79,611.75,10.022,20.077,21.781,24.035,563.07,10
2020-10-15 08:35:00,4.4064,479.14,121.54,4.5315,13.477,6.0073,2.3359,247.24,577.49,9.9463,19.737,21.461,23.715,535.02,10
2020-10-15 08:36:00,4.6949,517.11,121.65,4.7763,13.474,6.049,2.4962,249.87,623.77,9.9785,19.696,21.36,23.595,574.59,10
2020-10-15 08:37:00,5.013,556.94,121.82,4.7978,13.472,6.0838,2.732,247.55,676.11,9.9635,19.861,21.276,23.667,619.38,10
2020-10-15 08:38:00,5.0566,565.31,121.8,4.6744,13.472,6.1237,2.7873,243.79,679.46,10.091,20.412,22.053,24.193,625.08,10
2020-10-15 08:39:00,5.222,587.83,121.83,4.7002,13.472,6.1597,3.0073,234.59,705.4,10.288,21.006,22.47,24.733,653.25,10
2020-10-15 08:40:00,5.2442,587.06,121.74,4.6159,13.47,6.1954,3.0302,233.96,708.9,10.326,21.07,22.863,25.105,656.32,10
2020-10-15 08:41:00,5.3468,601.48,121.84,4.7783,13.47,6.2336,3.0587,237.27,725.7,10.358,20.926,22.887,25.322,670.0,10
2020-10-15 08:42:00,5.2367,586.13,121.82,4.9073,13.467,6.2731,3.0173,234.78,708.48,10.354,20.793,22.744,25.387,655.92,10
2020-10-15 08:43:00,5.2356,585.6,121.72,4.9448,13.464,6.3091,2.9745,238.28,708.6,10.393,21.154,22.671,25.421,651.97,10
2020-10-15 08:44:00,5.2033,582.01,121.78,4.7689,13.465,6.3455,3.046,231.02,703.65,10.441,21.732,22.83,25.479,654.56,10
2020-10-15 08:45:00,5.1426,574.65,121.72,4.7577,13.462,6.3868,2.9878,231.88,692.89,10.464,21.96,22.8,25.62,642.84,10
2020-10-15 08:46:00,5.1604,577.29,121.76,4.7999,13.459,6.4264,2.945,237.25,698.71,10.559,22.266,22.986,25.704,645.74,10
2020-10-15 08:47:00,5.2294,583.98,121.75,5.0349,13.46,6.4629,2.9429,239.58,705.03,10.666,22.008,23.188,26.086,651.57,10
2020-10-15 08:48:00,5.2666,592.17,121.7,5.0807,13.458,6.5043,3.0115,236.08,710.86,10.653,22.247,22.825,26.03,659.05,10
2020-10-15 08:49:00,5.3443,599.98,121.73,5.1102,13.458,6.5388,3.0077,241.13,725.14,10.621,21.945,23.095,26.149,669.3,10
2020-10-15 08:50:00,5.3165,597.29,121.71,5.2851,13.457,6.5857,2.9983,240.89,722.1799999999998,10.642,21.984,23.236,26.221,664.79,10
2020-10-15 08:51:00,5.4204,610.23,121.75,5.2675,13.455,6.6324,3.1251,235.75,736.71,10.712,22.18,23.075,26.119,678.95,10
2020-10-15 08:52:00,5.1575,578.1,121.74,5.2092,13.453,6.66,2.9107,239.02,695.6,10.756,22.044,23.274,26.205,647.61,10
2020-10-15 08:53:00,4.847,540.04,121.54,5.3411,13.455,6.7139,2.6725,243.01,649.23,10.743,21.486,22.776,25.984,600.57,10
2020-10-15 08:54:00,5.018,558.89,121.53,5.3311,13.453,6.7519,2.7326,247.12,675.29,10.699,21.164,22.538,25.55,621.53,10
2020-10-15 08:55:00,5.0905,567.59,121.5,5.2689,13.453,6.7988,2.7698,247.57,685.77,10.774,21.212,22.59,25.476,631.92,10
2020-10-15 08:56:00,5.1603,576.6,121.55,5.1737,13.453,6.8301,2.8464,244.67,696.46,10.828,21.62,22.794,25.562,639.74,10
2020-10-15 08:57:00,4.6139,504.48,121.35,5.2356,13.453,6.8734,2.5477,239.46,609.97,11.011,21.982,23.345,25.843,579.67,10
2020-10-15 08:58:00,4.49,491.39,121.31,5.2691,13.449,6.9168,2.5295,234.81,593.43,11.126,21.531,22.97,25.741,541.2,10
2020-10-15 08:59:00,4.4732,486.86,121.25,5.3343,13.45,6.9568,2.5134,234.7,590.21,11.153,21.251,22.722,25.523,541.29,10
2020-10-15 09:00:00,4.9258,545.47,121.43,5.4475,13.449,6.9967,2.838,232.06,657.91,11.114,21.046,22.154,25.116,604.79,10
2020-10-15 09:01:00,5.5598,628.97,121.74,5.3701,13.446,7.0454,3.3047,229.35,758.02,11.107,21.43,22.556,25.108,702.8,10
2020-10-15 09:02:00,5.5833,630.75,121.77,5.4602,13.445,7.0838,3.3153,229.31,760.1799999999998,11.216,21.947,22.994,25.505,707.24,10
2020-10-15 09:03:00,5.3226,598.42,121.68,5.4938,13.445,7.1289,3.1402,229.39,720.33,11.326,22.311,23.061,25.824,671.31,10
2020-10-15 09:04:00,5.223,584.39,121.57,5.3924,13.442,7.1707,3.0086,233.8,703.57,11.403,22.833,23.405,25.833,652.74,10
2020-10-15 09:05:00,5.4459,614.64,121.77,5.5527,13.44,7.2125,3.1168,237.67,740.73,11.456,22.539,23.493,26.227,684.03,10
2020-10-15 09:06:00,5.4428,614.82,121.75,5.5459,13.44,7.2577,3.088,239.67,740.0499999999998,11.452,22.613,23.518,26.391,678.92,10
2020-10-15 09:07:00,5.7531,652.2,121.9,5.4461,13.44,7.3013,3.3238,236.96,787.37,11.577,23.315,23.907,26.597,726.58,10
2020-10-15 09:08:00,5.8813,666.52,121.91,5.5128,13.438,7.3414,3.5062,230.05,806.5299999999999,11.705,23.476,24.167,27.069,749.1699999999998,10
2020-10-15 09:09:00,5.6753,641.13,121.58,5.7295,13.438,7.3849,3.3729,229.58,774.33,11.758,23.345,24.249,27.436,720.6,10
2020-10-15 09:10:00,5.49,617.23,121.43,5.8239,13.437,7.4372,3.1949,233.17,744.97,11.874,23.683,24.27,27.266,692.85,10
2020-10-15 09:11:00,5.4511,612.94,121.65,5.6925,13.436,7.4791,3.2236,228.31,735.7999999999998,11.986,23.89,24.383,27.264,688.85,10
2020-10-15 09:12:00,5.6742,641.52,121.79,5.6991,13.433,7.5122,3.4323,225.3,773.1599999999999,12.052,24.079,24.823,27.736,725.0499999999998,10
2020-10-15 09:13:00,5.8419,664.28,121.96,5.8014,13.432,7.552399999999999,3.5122,229.29,805.15,12.087,24.453,25.328,28.176,745.86,10
2020-10-15 09:14:00,5.8038,657.16,121.93,6.027,13.43,7.5995,3.4698,227.91,790.75,12.306,24.728,25.39,28.526,743.69,10
2020-10-15 09:15:00,5.9307,669.98,121.64,6.0252,13.43,7.639599999999999,3.592,225.71,810.57,12.127,23.37,24.895,28.365,756.95,10
2020-10-15 09:16:00,5.8667,664.89,121.54,6.0324,13.429,7.6815,3.697,216.18,799.2,12.115,23.813,24.682,28.0,755.1,10
2020-10-15 09:17:00,5.9337,667.61,121.51,5.7144,13.427,7.7287,3.8126,211.11,804.7999999999998,12.119,24.236,24.865,28.051,764.6699999999998,10
2020-10-15 09:18:00,5.9671,679.02,121.59,5.7135,13.426,7.7741,3.7843,215.87,816.87,12.198,24.72,25.394,28.494,769.59,10
2020-10-15 09:19:00,5.9712,676.57,121.76,5.9493,13.427,7.8091,3.7365,218.47,816.33,12.36,24.711,25.786,29.05,769.12,10
2020-10-15 09:20:00,5.7348,648.42,121.56,5.8725,13.425,7.8524,3.5574,219.37,779.86,12.455,25.276,25.885,29.035,735.98,10
2020-10-15 09:21:00,5.856,665.58,121.66,5.9524,13.425,7.8951,3.7051,216.66,802.7,12.503,25.45,26.263,29.428,757.69,10
2020-10-15 09:22:00,4.8375,529.65,121.31,6.2189,13.422,7.9424,3.0133,212.85,641.77,12.615,25.296,26.059,29.474,630.54,10
2020-10-15 09:23:00,6.0479,688.75,121.77,6.2747,13.421,7.984,3.8713,215.15,832.63,12.609,24.516,25.747,29.179,765.84,10
2020-10-15 09:24:00,6.1032,692.69,121.71,6.2659,13.42,8.032199999999998,3.9165,215.19,842.61,12.626,24.451,26.083,29.549,792.2799999999999,10
2020-10-15 09:25:00,6.0478,687.03,121.8,6.1282,13.419,8.076,3.9333,211.89,833.2999999999998,12.722,24.576,26.466,30.028,791.62,10
2020-10-15 09:26:00,6.1641,702.17,121.82,6.0041,13.419,8.1194,3.9053,216.85,846.83,12.813,24.535,26.58,30.332,800.34,10
2020-10-15 09:27:00,6.0424,687.49,121.83,5.9369,13.418,8.1574,3.9008,212.62,829.4199999999998,12.822,24.891,26.88,30.452,789.7899999999998,10
2020-10-15 09:28:00,5.9784,679.49,121.89,5.9882,13.416,8.2012,3.7878,216.56,820.27,12.853,24.382,26.551,30.525,774.97,10
2020-10-15 09:29:00,6.0517,689.71,121.87,5.8846,13.414,8.2499,3.7614,220.48,829.38,12.788,23.957,26.163,30.469,783.71,10
2020-10-15 09:30:00,6.0966,693.71,121.67,5.5641,13.413,8.295099999999998,3.6919,226.4,835.86,12.772,24.137,26.426,30.303,785.4199999999998,10
2020-10-15 09:31:00,6.1043,696.11,121.71,5.6677,13.414,8.3372,3.6147,232.53,840.46,12.823,24.471,26.691,30.396,786.36,10
2020-10-15 09:32:00,5.9951,678.14,121.68,5.709,13.412,8.3842,3.5049,233.29,817.76,12.989,24.92,26.862,30.554,762.9299999999998,10
2020-10-15 09:33:00,5.93,670.96,121.54,5.7178,13.41,8.4348,3.4118,236.48,806.82,13.3,25.609,27.881,31.013,758.45,10
2020-10-15 09:34:00,5.6007,628.48,121.53,5.5339,13.409,8.4752,3.2076,236.01,756.99,13.441,25.921,28.127,30.893,709.02,10
2020-10-15 09:35:00,5.8635,667.53,121.6,5.4728,13.408,8.5205,3.3186,241.96,802.9299999999998,13.64,26.718,28.557,31.396,752.95,10
2020-10-15 09:36:00,5.8747,665.43,121.6,5.6253,13.406,8.564199999999998,3.2566,245.93,800.96,13.818,27.014,28.404,31.365,760.25,10
2020-10-15 09:37:00,6.0463,687.57,121.66,5.5349,13.407,8.6186,3.482,238.9,831.57,13.984,27.837,29.056,31.598,769.75,10
2020-10-15 09:38:00,6.255,710.58,121.73,5.4908,13.405,8.65,3.6528,235.39,859.84,14.271,28.271,29.974,32.468,807.85,10
2020-10-15 09:39:00,6.304,721.2899999999998,121.78,5.609,13.402,8.7096,3.5875,242.14,868.63,14.398,28.644,30.312,32.958,820.0399999999998,10
2020-10-15 09:40:00,6.304,721.1699999999998,121.74,5.8959,13.402,8.75,3.5758,242.44,866.85,14.388,28.416,30.087,33.073,822.0499999999998,10
2020-10-15 09:41:00,6.3346,722.76,121.76,6.0504,13.402,8.798999999999998,3.7095,235.46,873.0499999999998,14.358,28.139,29.993,33.191,821.7,10
2020-10-15 09:42:00,6.4819,737.73,121.85,6.4821,13.4,8.839399999999998,3.8554,232.77,897.45,14.3,28.277,29.891,33.052,841.26,10
2020-10-15 09:43:00,6.5456,745.59,121.83,6.2729,13.399,8.8833,3.8223,235.33,899.39,14.397,28.736,30.065,33.263,849.5399999999998,10
2020-10-15 09:44:00,6.6007,750.7799999999999,121.73,6.5751,13.4,8.9289,3.8592,235.46,908.61,14.532,29.153,30.662,33.658,857.65,10
2020-10-15 09:45:00,6.5072,739.25,121.75,6.6425,13.4,8.967499999999998,3.7817,237.88,899.57,14.723,29.669,30.739,33.716,849.61,10
2020-10-15 09:46:00,6.5047,742.6,121.73,6.4643,13.4,9.015,3.8034,237.52,903.31,14.889,30.294,31.409,34.033,850.4299999999998,10
2020-10-15 09:47:00,6.5811,754.1799999999998,121.8,6.4321,13.398,9.0659,3.8728,234.87,909.57,15.126,31.046,32.081,34.603,862.4099999999999,10
2020-10-15 09:48:00,6.6475,760.63,121.78,6.631,13.396,9.1082,3.9068,235.82,921.27,15.267,31.107,32.034,35.032,873.49,10
2020-10-15 09:49:00,6.3911,731.57,121.73,6.6691,13.395,9.1505,3.7244,236.78,881.77,15.329,30.389,32.186,35.41,841.27,10
2020-10-15 09:50:00,6.2394,716.28,121.63,6.7122,13.392,9.1961,3.6547,235.66,861.1599999999999,15.41,30.238,32.342,35.544,818.72,10
2020-10-15 09:51:00,5.8004,656.73,121.52,6.6889,13.391,9.2472,3.335,238.08,793.96,15.421,30.318,32.479,35.367,752.1599999999999,10
2020-10-15 09:52:00,6.5154,744.9299999999998,121.71,6.5835,13.389,9.2948,3.8563,233.64,900.93,15.478,30.825,32.273,35.41,852.7999999999998,10
2020-10-15 09:53:00,6.4489,737.5399999999998,121.71,6.5424,13.389,9.337,3.9056,228.17,891.11,15.633,31.562,32.513,35.615,848.9199999999998,10
2020-10-15 09:54:00,6.5932,755.39,121.72,6.5584,13.385,9.3917,3.9651,231.86,919.31,15.672,31.555,32.125,35.474,868.73,10
2020-10-15 09:55:00,6.4953,742.0499999999998,121.67,6.3564,13.387,9.4446,3.9122,229.86,899.26,15.727,31.943,32.787,35.667,855.7899999999998,10
2020-10-15 09:56:00,6.602,755.0,121.68,6.2846,13.386,9.4869,3.9576,231.88,917.71,15.881,32.329,33.389,35.979,868.75,10
2020-10-15 09:57:00,6.6996,766.34,121.78,6.4665,13.383,9.5363,4.0359,232.0,936.22,16.04,32.537,33.005,36.248,886.6,10
2020-10-15 09:58:00,6.4429,735.48,121.66,6.5722,13.381,9.5858,3.8559,231.13,891.35,16.084,32.099,32.995,36.085,851.2799999999999,10
2020-10-15 09:59:00,6.0055,680.37,121.48,6.448,13.381,9.6334,3.6614,225.22,824.4299999999998,16.133,31.825,32.521,35.233,786.09,10
2020-10-15 10:00:00,6.3165,720.32,121.62,6.3293,13.377,9.6776,3.9009,222.77,868.86,16.225,32.34,33.098,35.389,833.9299999999998,10
2020-10-15 10:01:00,6.0959,690.14,121.5,6.2089,13.375,9.7359,3.7794,222.35,840.4299999999998,16.28,32.39,32.855,35.012,803.49,10
2020-10-15 10:02:00,6.1144,697.91,121.58,6.1392,13.376,9.7854,3.718,225.35,838.12,16.477,32.322,33.338,35.231,799.48,10
2020-10-15 10:03:00,6.2476,712.11,121.56,6.1208,13.374,9.8314,3.7074,231.42,858.13,16.637,32.905,33.609,35.322,820.01,10
2020-10-15 10:04:00,6.0058,678.49,121.5,6.3382,13.375,9.8739,3.6256,226.32,820.4299999999998,16.682,32.639,33.769,35.516,786.35,10
2020-10-15 10:05:00,5.9479,665.84,121.43,6.5242,13.373,9.9305,3.6638,222.96,816.7899999999998,16.625,32.396,33.273,35.482,778.3099999999998,10
2020-10-15 10:06:00,6.4301,731.82,121.59,6.7939,13.374,9.9783,3.934,225.19,886.13,16.669,32.762,33.516,35.48,844.25,10
2020-10-15 10:07:00,6.5669,750.49,121.65,7.0961,13.374,10.026,3.9201,231.4,906.95,16.79,33.309,33.879,35.75,868.0299999999999,10
2020-10-15 10:08:00,6.4379,737.23,121.71,7.2779,13.372,10.074,3.7721,236.8,892.94,16.897,33.832,34.222,36.158,854.08,10
2020-10-15 10:09:00,6.3438,722.57,121.66,7.257799999999999,13.372,10.136,3.6157,240.74,870.46,17.108,33.959,34.44,36.275,842.34,10
2020-10-15 10:10:00,6.2352,708.95,121.67,7.0853,13.37,10.175,3.6135,238.24,860.9099999999999,17.082,33.197,33.896,35.515,819.44,10
2020-10-15 10:11:00,6.3071,718.56,121.67,6.8264,13.371,10.218,3.6503,238.1,869.07,17.055,33.206,34.225,35.525,827.9199999999998,10
2020-10-15 10:12:00,6.4037,730.21,121.69,6.6291,13.368,10.269,3.7073,238.57,884.47,17.22,33.629,34.52,35.447,842.75,10
2020-10-15 10:13:00,6.4217,736.77,121.75,6.6755,13.368,10.316,3.7241,238.86,889.38,17.353,34.128,34.638,35.871,855.23,10
2020-10-15 10:14:00,6.5987,755.86,121.82,6.7654,13.366,10.358,3.9229,233.87,917.33,17.453,34.269,34.719,36.183,870.51,10
2020-10-15 10:15:00,6.5402,748.69,121.8,7.1433,13.366,10.411,3.8528,234.85,904.82,17.487,33.171,34.192,36.335,864.38,10
2020-10-15 10:16:00,6.6665,763.1799999999998,121.78,7.3456,13.364,10.456,3.8715,238.92,924.98,17.427,33.534,34.375,36.39,881.6599999999999,10
2020-10-15 10:17:00,6.776,780.33,121.83,7.4511,13.363,10.504,3.8912,241.42,939.3900000000002,17.505,33.287,34.21,36.815,906.6400000000002,10
2020-10-15 10:18:00,6.8651,787.7899999999998,121.79,7.4896,13.361,10.548,3.939,243.51,959.08,17.397,33.265,34.279,36.911,921.06,10
2020-10-15 10:19:00,6.9373,798.5599999999998,121.97,7.3658,13.359,10.595,4.0257,240.26,967.19,17.426,32.94,34.057,36.961,930.0,10
2020-10-15 10:20:00,7.0432,809.36,121.88,7.4995,13.358,10.652,4.0615,240.46,976.52,17.443,32.338,33.851,37.113,943.76,10
2020-10-15 10:21:00,7.1397,825.7999999999998,121.97,7.740599999999999,13.357,10.691,4.1056,242.88,996.95,17.333,31.827,33.778,37.345,961.49,10
2020-10-15 10:22:00,7.1304,824.0299999999999,122.07,7.6791,13.357,10.745,4.0943,244.76,1002.1,17.291,31.906,33.655,37.403,963.87,10
2020-10-15 10:23:00,6.9379,797.95,121.83,7.6283,13.354,10.793,3.9825,242.42,965.46,17.524,32.299,33.836,37.353,931.38,10
2020-10-15 10:24:00,7.016,808.64,121.97,7.521,13.352,10.839,3.9745,247.66,984.24,17.561,32.551,34.126,37.653,954.04,10
2020-10-15 10:25:00,6.8833,791.48,121.83,7.4991,13.352,10.891,3.9526,242.43,958.35,17.701,32.87,34.199,37.841,920.94,10
2020-10-15 10:26:00,7.1268,823.45,122.2,7.3291,13.35,10.927,3.9977,249.57,997.6400000000002,17.72,33.037,34.275,37.481,981.11,10
2020-10-15 10:27:00,6.8337,783.5,122.22,7.0891,13.349,10.984,3.8514,248.63,957.66,17.733,33.32,34.8,37.375,933.62,10
2020-10-15 10:28:00,6.7481,773.3099999999998,122.11,6.7746,13.349,11.02,3.7959,247.1,937.95,17.911,33.151,35.041,37.226,911.41,10
2020-10-15 10:29:00,6.8966,792.85,122.21,6.7304,13.348,11.07,3.9618,242.65,961.1,18.158,34.227,35.273,37.357,928.29,10
2020-10-15 10:30:00,6.9496,802.63,122.23,6.8512,13.346,11.118,3.9972,241.97,967.36,18.279,34.457,35.08,37.662,948.21,10
2020-10-15 10:31:00,6.6676,764.46,121.89,7.0726,13.347,11.172,3.8863,236.99,919.94,18.263,35.071,35.756,37.923,886.96,10
2020-10-15 10:32:00,6.9935,807.34,122.12,7.1667,13.348,11.215,4.2085,231.77,975.42,18.37,35.011,35.755,37.663,929.67,10
2020-10-15 10:33:00,6.6301,763.2,121.98,7.2895,13.346,11.263,3.9495,232.96,920.17,18.44,35.534,36.157,37.585,889.69,10
2020-10-15 10:34:00,6.1474,701.59,121.86,7.2092,13.346,11.314,3.6938,229.33,846.75,18.496,34.827,35.798,36.832,808.45,10
2020-10-15 10:35:00,6.4981,744.88,122.0,7.2028,13.344,11.359,4.0054,225.35,902.62,18.377,34.465,35.077,35.751,859.86,10
2020-10-15 10:36:00,6.3682,724.82,121.96,6.9675,13.343,11.405,3.8499,229.94,885.2,18.257,33.952,34.491,34.666,838.9199999999998,10
2020-10-15 10:37:00,6.4414,732.22,121.92,6.9641,13.344,11.452,3.8835,228.49,887.36,17.639,32.044,32.098,32.287,838.2,10
2020-10-15 10:38:00,6.0612,685.5,121.75,7.458999999999999,13.343,11.495,3.5933,232.92,836.73,17.195,31.369,31.275,31.38,781.46,10
2020-10-15 10:39:00,5.7921,649.08,121.73,7.2379,13.344,11.538,3.3427,236.79,791.48,17.009,31.219,30.802,31.375,738.7799999999999,10
2020-10-15 10:40:00,6.2594,706.89,121.93,7.1584,13.345,11.583,3.5958,240.01,862.89,16.905,30.494,30.269,31.161,800.9099999999999,10
2020-10-15 10:41:00,6.0123,678.28,121.78,7.0522,13.345,11.618,3.4802,237.56,826.77,16.69,30.071,30.306,30.933,764.89,10
2020-10-15 10:42:00,6.4052,731.08,121.91,7.1018,13.347,11.661,3.6217,244.81,886.6799999999998,16.76,30.439,30.414,31.264,819.0299999999999,10
2020-10-15 10:43:00,6.4969,740.4299999999998,121.98,7.0247,13.345,11.702,3.6515,246.78,901.02,16.737,30.706,30.887,31.401,843.5299999999999,10
2020-10-15 10:44:00,6.7908,778.77,122.05,7.2097,13.345,11.74,3.8616,244.65,944.79,16.881,30.707,31.08,31.504,881.71,10
2020-10-15 10:45:00,6.7566,774.23,122.02,7.4953,13.346,11.779,3.785,248.99,942.57,16.941,31.353,31.5,32.155,895.52,10
2020-10-15 10:46:00,6.4698,738.94,121.92,7.5646,13.345,11.811,3.571,251.34,897.5,16.99,31.194,30.926,32.021,855.6599999999999,10
2020-10-15 10:47:00,7.3841,853.07,122.29,7.4598,13.344,11.847,4.1679,250.48,1043.9,16.879,31.434,31.053,32.14,978.7,10
2020-10-15 10:48:00,6.8219,785.44,122.07,7.525,13.345,11.881,3.7569,253.18,951.15,16.91,31.238,31.36,33.076,930.13,10
2020-10-15 10:49:00,6.9019,790.27,122.03,7.6509,13.344,11.91,3.8002,253.65,963.75,16.83,30.553,31.634,33.711,928.58,10
2020-10-15 10:50:00,6.5628,749.38,122.03,7.7865,13.344,11.942,3.6572,250.13,914.51,16.79,30.357,31.652,34.009,867.5,10
2020-10-15 10:51:00,6.9817,804.09,122.07,7.864099999999999,13.343,11.972,4.0512,239.68,970.85,16.835,29.443,31.446,34.297,915.87,10
2020-10-15 10:52:00,6.6814,768.71,122.01,7.6283,13.342,12.007,3.8447,242.32,931.52,16.862,30.199,31.748,34.623,873.36,10
2020-10-15 10:53:00,6.6888,767.36,121.9,7.6227,13.343,12.04,3.8725,240.05,929.51,17.154,30.286,32.23,34.915,867.75,10
2020-10-15 10:54:00,6.9118,796.13,122.05,7.617499999999999,13.342,12.061,4.0291,239.22,963.82,17.335,30.426,32.272,34.509,905.49,10
2020-10-15 10:55:00,6.9453,797.4299999999998,122.05,7.7224,13.341,12.094,4.1534,232.69,966.3900000000002,17.558,31.295,32.598,35.059,909.28,10
2020-10-15 10:56:00,6.9365,797.2899999999998,121.99,7.846599999999999,13.341,12.123,4.1748,232.55,970.75,17.503,30.734,32.152,35.356,905.13,10
2020-10-15 10:57:00,6.6039,756.4299999999998,121.99,7.9086,13.338,12.148,3.9255,233.92,918.27,17.547,30.984,32.255,35.193,863.1599999999999,10
2020-10-15 10:58:00,6.5796,756.0499999999998,122.01,7.9175,13.339,12.181,3.9125,235.04,919.57,17.496,30.2,31.451,34.31,854.5399999999998,10
2020-10-15 10:59:00,6.4729,742.84,122.03,7.5995,13.336,12.216,3.7382,239.76,896.22,17.419,30.244,31.108,33.881,844.15,10
2020-10-15 11:00:00,6.4715,737.51,121.98,7.5113,13.336,12.23,3.734,239.29,893.45,17.414,30.062,30.838,33.28,837.49,10
2020-10-15 11:01:00,6.2721,714.3,122.02,7.557299999999999,13.334,12.264,3.5974,240.67,865.72,17.328,30.206,30.799,33.219,811.5,10
2020-10-15 11:02:00,6.22,714.42,121.9,7.6146,13.337,12.289,3.6789,234.42,862.4199999999998,17.431,30.651,31.193,33.416,804.9199999999998,10
2020-10-15 11:03:00,6.2809,717.22,121.85,7.66,13.335,12.316,3.7094,233.6,866.5599999999998,17.48,30.242,30.873,33.005,808.84,10
2020-10-15 11:04:00,6.3478,726.1799999999998,121.79,7.5422,13.335,12.344,3.784,232.61,880.2,17.477,30.513,31.097,32.85,819.5,10
2020-10-15 11:05:00,6.3048,719.43,121.81,7.5277,13.337,12.368,3.7363,232.85,869.9199999999998,17.516,30.259,30.661,32.292,810.71,10
2020-10-15 11:06:00,6.5474,747.99,121.85,7.5262,13.337,12.391,3.8666,235.09,908.93,17.44,30.525,30.426,32.409,843.94,10
2020-10-15 11:07:00,6.7624,776.96,121.87,7.6496,13.335,12.416,4.0005,235.59,942.52,17.372,30.691,30.443,32.509,878.82,10
2020-10-15 11:08:00,6.8161,782.96,121.85,7.5473,13.335,12.441,4.05,234.85,951.0,17.414,30.601,30.511,32.749,883.19,10
2020-10-15 11:09:00,7.033,813.07,122.08,7.312999999999999,13.335,12.468,4.2027,234.14,984.12,17.372,30.741,30.608,33.006,923.4,10
2020-10-15 11:10:00,6.6677,765.33,121.96,7.2582,13.334,12.488,3.9065,239.11,933.8,17.439,31.258,31.272,34.01,868.5,10
2020-10-15 11:11:00,6.7185,770.15,121.94,7.3807,13.334,12.515,3.9399,237.71,936.53,17.533,31.078,31.09,33.892,876.59,10
2020-10-15 11:12:00,7.0487,814.34,122.1,7.5275,13.334,12.538,4.1279,239.99,990.75,17.37,31.023,30.917,33.287,920.69,10
2020-10-15 11:13:00,7.2728,841.2999999999998,122.13,7.501699999999999,13.335,12.551,4.2186,242.57,1023.0,17.345,31.504,31.46,33.52,956.43,10
2020-10-15 11:14:00,7.3213,847.01,122.28,7.5938,13.333,12.574,4.2778,242.12,1035.5,17.527,32.183,32.093,34.174,974.7,10
2020-10-15 11:15:00,7.3452,850.39,122.17,7.4633,13.333,12.596,4.2716,241.45,1031.0,17.706,33.008,32.651,35.057,979.72,10
2020-10-15 11:16:00,7.493299999999999,868.2899999999998,122.32,7.514999999999999,13.333,12.619,4.3676,242.65,1059.9,17.959,33.67,33.603,36.107,1004.7,10
2020-10-15 11:17:00,7.6548,886.49,122.27,7.9063,13.331,12.63,4.5363,238.34,1080.5,17.856,33.069,33.393,36.568,1028.2,10
2020-10-15 11:18:00,7.0988,819.21,122.13,7.9555,13.333,12.652,4.2401,235.37,997.73,17.981,33.803,34.139,37.02,949.72,10
2020-10-15 11:19:00,6.6825,767.9199999999998,121.99,7.9458,13.33,12.673,3.8274,242.12,926.54,18.134,33.796,34.038,37.25,893.0499999999998,10
2020-10-15 11:20:00,6.4879,741.26,121.9,7.826399999999999,13.33,12.704,3.637,247.7,900.94,18.288,33.9,33.96,37.266,872.1699999999998,10
2020-10-15 11:21:00,5.745,649.16,121.68,7.884699999999999,13.329,12.727,3.1806,247.99,788.72,18.284,32.657,33.476,37.007,763.82,10
2020-10-15 11:22:00,6.36,728.2,121.88,8.0819,13.328,12.735,3.5504,248.05,881.02,18.018,31.212,32.332,36.447,833.2,10
2020-10-15 11:23:00,7.2473,836.57,122.18,8.2428,13.33,12.762,4.1964,241.95,1015.2,17.935,31.112,32.516,36.56,956.49,10
2020-10-15 11:24:00,6.9647,801.0599999999998,122.04,8.4274,13.328,12.787,3.9877,243.54,971.21,17.999,31.722,32.917,36.952,927.85,10
2020-10-15 11:25:00,7.3992,856.12,122.15,8.3488,13.326,12.812,4.4346,234.61,1039.5,18.013,32.177,33.191,37.274,982.43,10
2020-10-15 11:26:00,6.5094,745.94,121.86,8.2695,13.327,12.832,3.899,231.79,903.63,18.085,31.893,33.818,37.662,856.27,10
2020-10-15 11:27:00,7.0557,815.61,122.03,8.383,13.325,12.859,4.2468,232.82,988.86,18.225,32.22,34.012,38.005,926.28,10
2020-10-15 11:28:00,7.698299999999999,894.1799999999998,122.23,8.6417,13.324,12.878,4.6573,232.53,1082.9,18.478,33.184,34.595,38.361,1031.6,10
2020-10-15 11:29:00,8.1492,949.69,122.41,8.4975,13.325,12.896,4.9773,231.86,1154.0,18.447,33.31,34.69,37.685,1106.4,10
2020-10-15 11:30:00,7.989099999999999,929.37,122.46,8.3654,13.324,12.914,4.8253,235.3,1135.3,18.534,34.343,35.748,38.232,1086.2,10
2020-10-15 11:31:00,8.0571,938.97,122.37,8.154099999999998,13.323,12.932,4.8116,236.55,1138.1,18.922,34.95,36.66,38.907,1097.5,10
2020-10-15 11:32:00,8.1757,953.23,122.47,7.9604,13.323,12.957,4.9562,233.84,1158.9,18.89,35.493,36.493,38.676,1118.4,10
2020-10-15 11:33:00,8.064299999999998,938.93,122.37,7.8521,13.322,12.972,4.9146,232.74,1143.8,19.126,36.964,38.103,39.634,1107.0,10
2020-10-15 11:34:00,7.8813,915.24,122.4,7.7948,13.321,12.992,4.8826,228.45,1115.3,19.412,37.405,38.59,40.323,1085.6,10
2020-10-15 11:35:00,8.098499999999998,943.18,122.37,7.8479,13.32,13.012,5.1638,222.32,1148.0,19.408,37.755,38.006,40.232,1119.7,10
2020-10-15 11:36:00,8.072599999999998,940.5,122.39,7.9771,13.32,13.035,5.1067,223.58,1141.7,19.447,37.441,37.75,40.474,1113.9,10
2020-10-15 11:37:00,8.0919,944.76,122.39,7.9869,13.32,13.057,5.0067,228.57,1144.3,19.347,37.935,37.8,40.885,1114.1,10
2020-10-15 11:38:00,8.0541,937.59,122.43,8.1651,13.32,13.074,4.9102,232.14,1139.8,19.266,38.124,37.926,41.368,1109.5,10
2020-10-15 11:39:00,8.0036,931.79,122.36,8.5289,13.318,13.095,4.8441,233.78,1132.4,19.335,38.101,38.117,41.743,1103.2,10
2020-10-15 11:40:00,7.736,897.1,122.32,8.4608,13.317,13.113,4.6867,233.41,1093.8,19.39,37.97,38.596,42.141,1067.3,10
2020-10-15 11:41:00,7.3109,844.5,122.16,8.2307,13.317,13.141,4.4073,233.0,1027.5,19.329,38.023,38.073,41.758,988.58,10
2020-10-15 11:42:00,7.8705,914.51,122.22,8.1951,13.317,13.163,4.7619,233.64,1112.4,19.209,36.798,37.592,41.805,1083.5,10
2020-10-15 11:43:00,7.958999999999999,921.56,122.11,8.4778,13.316,13.181,4.7348,237.55,1124.8,19.052,36.056,37.391,41.839,1092.9,10
2020-10-15 11:44:00,7.9733,925.98,122.14,8.5021,13.316,13.206,4.8864,231.78,1132.4,19.044,35.585,37.82,42.011,1094.9,10
2020-10-15 11:45:00,7.97,924.25,122.22,8.6124,13.315,13.23,4.9182,227.6,1119.3,19.207,35.875,38.116,42.35,1092.6,10
2020-10-15 11:46:00,7.742,897.2899999999998,122.26,8.4211,13.314,13.25,4.6602,233.77,1089.4,19.311,35.704,38.357,42.822,1064.3,10
2020-10-15 11:47:00,7.7164,897.71,122.28,8.478899999999998,13.314,13.272,4.6728,233.18,1089.3,19.278,35.081,37.772,42.658,1064.5,10
2020-10-15 11:48:00,7.9719,926.15,122.14,8.7134,13.314,13.29,4.8813,230.77,1126.4,19.26,34.887,37.576,42.517,1089.3,10
2020-10-15 11:49:00,7.8898,917.1400000000002,122.14,8.7295,13.312,13.321,4.9767,224.67,1118.1,19.327,34.766,37.492,42.545,1085.7,10
2020-10-15 11:50:00,7.920099999999999,918.41,122.02,8.489,13.31,13.341,5.0323,221.62,1115.1,19.266,34.253,37.68,42.766,1091.6,10
2020-10-15 11:51:00,7.994799999999999,926.24,122.11,8.596,13.311,13.368,5.0561,224.02,1132.7,19.316,35.237,38.026,43.111,1100.3,10
2020-10-15 11:52:00,7.4165,856.2999999999998,122.08,8.797499999999998,13.309,13.396,4.6931,221.54,1040.1,19.302,34.591,37.786,43.083,1023.3,10
2020-10-15 11:53:00,7.2773,840.75,122.13,8.7367,13.31,13.419,4.6904,217.31,1018.5,19.404,34.856,38.013,42.765,991.35,10
2020-10-15 11:54:00,7.3396,852.07,122.17,8.782299999999998,13.307,13.436,4.8964,210.64,1031.4,19.565,35.253,37.59,42.454,1024.7,10
2020-10-15 11:55:00,7.394999999999999,854.5,122.08,8.7783,13.307,13.465,4.8427,214.84,1040.6,19.402,34.483,37.319,42.295,1002.4,10
2020-10-15 11:56:00,7.7451,896.86,122.29,8.8133,13.307,13.491,5.1694,211.31,1092.2,19.517,35.093,37.581,42.144,1075.7,10
2020-10-15 11:57:00,7.989,930.21,122.28,8.6825,13.305,13.518,5.3312,211.26,1126.2,19.617,35.526,38.232,41.875,1109.8,10
2020-10-15 11:58:00,7.819499999999999,907.58,122.3,8.7428,13.304,13.542,5.3,207.63,1100.5,19.825,36.322,38.493,42.832,1092.7,10
2020-10-15 11:59:00,7.9457,923.23,122.27,9.0853,13.305,13.569,5.3486,210.1,1123.7,19.784,35.77,38.381,43.054,1107.5,10
2020-10-15 12:00:00,7.9066,919.03,122.29,9.1439,13.303,13.591,5.3347,209.31,1116.6,19.829,35.614,38.842,43.624,1104.3,10
2020-10-15 12:01:00,7.8903,917.84,122.27,8.981899999999998,13.299,13.615,5.3784,206.92,1112.9,19.973,36.886,39.91,44.363,1106.9,10
2020-10-15 12:02:00,7.9471,923.08,122.23,9.1504,13.301,13.637,5.3239,211.04,1123.6,20.024,36.701,39.925,44.683,1115.4,10
2020-10-15 12:03:00,7.323299999999999,845.38,122.03,9.1798,13.3,13.668,4.8575,211.29,1026.2,20.141,37.298,39.742,44.222,1021.4,10
2020-10-15 12:04:00,7.0126,805.6,121.95,8.903399999999998,13.301,13.688,4.6496,210.24,978.09,20.227,37.215,39.397,43.402,962.33,10
2020-10-15 12:05:00,7.5311,868.9199999999998,122.04,8.7329,13.299,13.723,5.0116,210.53,1055.1,20.365,37.675,40.053,43.673,1048.4,10
2020-10-15 12:06:00,7.0454,810.2899999999998,121.92,8.7687,13.298,13.746,4.6942,209.92,985.48,20.447,37.865,40.126,43.935,980.0,10
2020-10-15 12:07:00,6.8133,781.36,121.8,8.801299999999998,13.297,13.774,4.6496,203.85,948.05,20.319,37.033,38.36,42.745,945.7,10
2020-10-15 12:08:00,7.390799999999999,855.19,122.11,8.9908,13.296,13.798,4.9648,208.19,1034.0,20.216,36.601,38.042,42.191,1020.1,10
2020-10-15 12:09:00,7.7219,898.0399999999998,122.18,9.1886,13.295,13.831,5.1378,211.84,1088.4,20.007,36.367,37.515,41.618,1071.3,10
2020-10-15 12:10:00,8.010799999999998,927.08,122.27,9.1522,13.296,13.86,5.2049,216.96,1129.1,19.878,36.655,37.391,41.831,1110.3,10
2020-10-15 12:11:00,8.160999999999998,950.82,122.36,9.0284,13.296,13.882,5.1617,224.63,1159.4,19.705,37.019,37.95,42.002,1127.4,10
2020-10-15 12:12:00,8.0552,935.42,122.3,9.025200000000002,13.297,13.913,5.0328,225.28,1133.8,19.973,37.856,39.317,42.866,1114.7,10
2020-10-15 12:13:00,8.0221,936.0,122.31,8.8452,13.295,13.943,4.9495,229.38,1135.3,20.101,38.406,39.457,42.952,1111.2,10
2020-10-15 12:14:00,7.9907,930.31,122.3,8.8323,13.295,13.965,4.9156,230.22,1131.6,20.196,39.094,39.893,43.246,1108.1,10
2020-10-15 12:15:00,7.8639,913.38,122.21,8.9112,13.294,13.99,4.9335,226.1,1115.3,20.212,38.961,39.572,42.383,1085.0,10
2020-10-15 12:16:00,7.0917,818.23,121.97,8.962099999999998,13.296,14.018,4.3709,227.5,994.94,20.204,38.628,39.15,41.892,1011.2,10
2020-10-15 12:17:00,7.7842,904.86,122.23,8.865299999999998,13.292,14.044,4.8193,227.72,1097.6,20.228,38.636,39.225,41.844,1066.0,10
2020-10-15 12:18:00,7.8322,911.3900000000002,122.22,9.054,13.294,14.075,4.9061,226.12,1109.4,20.371,38.875,39.818,42.396,1084.9,10
2020-10-15 12:19:00,7.8674,916.05,122.34,8.894199999999998,13.291,14.102,4.9047,228.07,1118.5,20.394,39.263,39.996,42.05,1092.0,10
2020-10-15 12:20:00,7.8106,903.93,122.26,8.660999999999998,13.293,14.13,4.8377,229.36,1109.4,20.507,39.796,40.132,42.91,1079.3,10
2020-10-15 12:21:00,7.9854,926.1,122.12,8.683,13.291,14.148,4.9829,227.56,1133.8,20.607,39.422,40.305,42.806,1097.7,10
2020-10-15 12:22:00,7.848099999999999,911.85,122.16,8.779099999999998,13.29,14.172,4.8613,227.44,1105.6,20.726,39.968,40.438,43.099,1089.5,10
2020-10-15 12:23:00,7.8539,909.37,122.2,8.7474,13.289,14.207,4.8589,229.24,1113.8,20.907,40.426,41.416,43.85,1090.7,10
2020-10-15 12:24:00,7.9405,922.3,122.22,8.894199999999998,13.29,14.229,4.9462,226.88,1122.2,21.218,40.77,42.181,44.764,1109.9,10
2020-10-15 12:25:00,7.814,905.61,122.24,9.0514,13.288,14.263,4.9491,223.41,1105.6,21.55,41.979,43.431,45.753,1097.7,10
2020-10-15 12:26:00,7.0286,808.33,121.87,9.2819,13.288,14.296,4.36,225.97,985.25,21.88,42.378,43.941,46.318,980.72,10
2020-10-15 12:27:00,7.9683,925.51,122.25,9.5056,13.286,14.312,4.8701,232.39,1131.6,22.152,42.842,44.202,46.172,1116.7,10
2020-10-15 12:28:00,8.142799999999998,948.53,122.32,9.7667,13.284,14.338,5.0553,227.94,1152.3,22.378,42.847,44.153,46.086,1156.2,10
2020-10-15 12:29:00,5.7562,654.13,121.45,9.8207,13.283,14.368,3.4357,229.73,789.4,22.32,42.552,43.429,45.526,821.5499999999998,10
2020-10-15 12:30:00,5.6487,635.19,121.45,9.846100000000002,13.283,14.392,3.334,231.67,772.6799999999998,22.092,40.909,41.628,44.271,769.94,10
2020-10-15 12:31:00,6.3161,716.93,121.71,10.165,13.282,14.428,3.7964,229.15,869.63,21.883,39.383,40.252,43.241,836.2999999999998,10
2020-10-15 12:32:00,6.7298,773.34,121.83,10.164,13.281,14.456,4.0729,230.12,938.35,21.634,38.801,39.25,42.291,905.19,10
2020-10-15 12:33:00,7.4757,865.64,121.98,10.155,13.281,14.484,4.5397,230.82,1048.1,21.623,38.828,39.083,42.375,1034.2,10
2020-10-15 12:34:00,6.0338,682.0,121.5,10.191,13.277,14.515,3.5741,233.3,833.07,21.46,37.928,38.515,41.456,819.38,10
2020-10-15 12:35:00,7.4688,863.14,121.95,10.28,13.281,14.55,4.5481,230.94,1049.5,21.302,37.111,37.653,41.146,1002.0,10
2020-10-15 12:36:00,7.7257,893.7799999999999,122.1,10.256,13.278,14.578,4.8624,225.07,1094.3,21.168,37.254,37.843,41.088,1062.0,10
2020-10-15 12:37:00,7.8065,906.73,122.22,10.243,13.278,14.611,4.997,221.25,1105.6,21.216,37.424,37.953,41.296,1082.2,10
2020-10-15 12:38:00,6.0702,689.52,121.56,10.332,13.276,14.637,3.7399,223.28,835.24,21.147,36.295,37.282,41.398,835.64,10
2020-10-15 12:39:00,4.6511,505.37,121.07,10.099,13.276,14.669,2.7498,223.54,615.39,20.899,34.908,36.287,40.065,601.33,10
2020-10-15 12:40:00,6.7979,778.4,121.85,9.9003,13.275,14.695,4.2395,224.52,951.86,20.738,33.84,35.52,39.308,888.52,10
2020-10-15 12:41:00,6.5573,750.49,121.64,9.8283,13.274,14.726,4.1053,222.22,912.22,20.811,34.69,36.057,39.708,883.5499999999998,10
2020-10-15 12:42:00,6.3963,730.19,121.69,9.7989,13.274,14.75,4.0264,220.03,885.82,21.019,34.736,36.322,40.041,863.3099999999998,10
2020-10-15 12:43:00,6.1115,695.11,121.57,9.7613,13.274,14.787,3.7293,225.38,840.9299999999998,21.037,34.219,36.291,39.901,803.15,10
2020-10-15 12:44:00,7.0727,815.88,121.97,9.6004,13.274,14.815,4.3731,225.97,988.04,21.094,34.996,36.301,40.229,955.91,10
2020-10-15 12:45:00,7.4366,859.77,122.02,9.5296,13.272,14.843,4.4644,233.59,1043.0,21.154,35.662,37.408,40.847,1018.6,10
2020-10-15 12:46:00,6.043,685.87,121.56,9.636,13.271,14.862,3.4767,239.68,833.64,21.115,35.713,37.451,40.919,809.01,10
2020-10-15 12:47:00,7.0838,814.26,121.9,9.6058,13.27,14.893,4.051,243.46,985.29,21.379,36.377,37.979,41.024,972.92,10
2020-10-15 12:48:00,7.654099999999999,885.97,122.03,9.56,13.272,14.921,4.4757,240.61,1076.9,21.385,36.502,37.577,40.601,1053.8,10
2020-10-15 12:49:00,7.3421,849.1599999999999,122.03,9.6964,13.271,14.944,4.3191,238.83,1031.6,21.206,36.311,37.014,40.64,1014.9,10
2020-10-15 12:50:00,6.0974,691.82,121.56,9.64,13.269,14.977,3.5157,238.77,839.4099999999999,21.257,36.835,37.77,40.819,820.7799999999999,10
2020-10-15 12:51:00,6.5494,750.9,121.78,9.6696,13.269,15.009,3.6965,247.26,914.04,21.381,36.899,37.438,41.036,904.27,10
2020-10-15 12:52:00,6.8051,776.95,121.84,9.6566,13.269,15.021,3.7903,249.86,947.12,21.458,37.424,38.175,41.366,963.41,10
2020-10-15 12:53:00,6.1965,703.06,121.57,9.7343,13.269,15.047,3.3893,252.32,855.14,21.589,37.923,38.503,41.69,894.6,10
2020-10-15 12:54:00,4.8326,530.11,121.14,9.936000000000002,13.27,15.075,2.5448,253.32,644.39,21.595,37.088,37.835,41.03,686.91,10
2020-10-15 12:55:00,5.9987,679.02,121.54,9.924600000000002,13.269,15.096,3.3872,243.79,825.23,21.613,36.943,37.758,40.613,810.4199999999998,10
2020-10-15 12:56:00,6.2846,715.17,121.63,9.8517,13.267,15.122,3.6236,239.72,868.0,21.63,36.789,37.647,40.562,844.6799999999998,10
2020-10-15 12:57:00,6.4378,735.19,121.66,9.9175,13.27,15.154,3.756,236.49,888.0599999999998,21.336,35.905,36.685,40.05,870.62,10
2020-10-15 12:58:00,5.4157,605.13,121.28,10.192,13.268,15.172,3.1325,233.81,733.0499999999998,21.322,35.521,36.743,39.753,716.41,10
2020-10-15 12:59:00,5.849,658.08,121.55,10.244,13.267,15.196,3.3508,239.51,802.51,21.463,35.3,36.428,39.235,762.22,10
2020-10-15 13:00:00,6.4711,741.71,121.87,10.265,13.268,15.222,3.7731,238.83,900.94,21.596,35.174,36.259,39.393,873.8099999999998,10
2020-10-15 13:01:00,6.2541,716.74,121.92,10.283,13.266,15.248,3.6574,236.11,863.33,21.478,34.009,35.868,39.516,817.73,10
2020-10-15 13:02:00,6.3977,733.2899999999998,121.97,10.137,13.268,15.278,3.8823,229.43,890.69,21.212,33.715,35.582,39.039,847.33,10
2020-10-15 13:03:00,5.5126,620.33,121.64,10.271,13.266,15.294,3.2886,227.73,748.77,21.287,33.751,35.271,38.924,731.96,10
2020-10-15 13:04:00,4.8551,535.48,121.42,10.381,13.265,15.326,2.8702,225.52,645.98,21.336,33.119,34.853,38.366,620.3,10
2020-10-15 13:05:00,6.3679,728.96,121.83,10.423,13.263,15.35,3.9112,224.85,879.69,21.417,33.471,34.978,38.265,839.7799999999999,10
2020-10-15 13:06:00,6.2624,716.73,121.87,10.457,13.264,15.371,3.9064,223.1,871.44,21.475,33.803,35.324,38.232,838.4,10
2020-10-15 13:07:00,6.6083,759.48,122.09,10.512,13.264,15.389,4.098,222.92,913.58,21.587,34.06,35.62,38.686,879.37,10
2020-10-15 13:08:00,6.5722,754.99,122.08,10.779,13.264,15.415,4.1625,218.52,909.96,21.588,34.726,35.931,39.268,900.4099999999999,10
2020-10-15 13:09:00,5.8552,663.14,121.85,10.544,13.263,15.439,3.7332,215.87,805.64,21.493,34.748,35.675,38.911,787.1699999999998,10
2020-10-15 13:10:00,6.6169,758.6,122.05,10.477,13.262,15.455,4.0902,225.39,922.01,21.469,34.456,35.685,39.214,884.25,10
2020-10-15 13:11:00,7.4326,861.5499999999998,122.48,10.669,13.26,15.481,4.5342,232.16,1052.8,21.372,34.508,35.999,39.978,1009.6,10
2020-10-15 13:12:00,7.325199999999999,847.09,122.4,10.964,13.262,15.506,4.4022,235.28,1035.6,21.418,35.015,36.876,40.861,1006.9,10
2020-10-15 13:13:00,6.793,781.75,122.21,11.063,13.26,15.53,4.0931,230.62,944.06,21.465,34.366,36.347,40.798,927.48,10
2020-10-15 13:14:00,5.2937,592.62,121.68,10.591,13.259,15.549,3.1134,230.2,716.69,21.23,33.266,35.604,40.019,701.08,10
2020-10-15 13:15:00,5.8639,665.25,121.85,10.574,13.259,15.567,3.3598,238.68,801.9099999999999,21.111,32.255,34.685,39.054,778.13,10
2020-10-15 13:16:00,5.6397,636.69,121.73,10.474,13.257,15.589,3.1631,243.21,769.62,20.872,32.122,34.24,38.638,749.14,10
2020-10-15 13:17:00,6.4847,743.5499999999998,122.1,10.224,13.257,15.622,3.6131,249.97,903.3,20.706,31.416,33.802,38.21,881.39,10
2020-10-15 13:18:00,6.3035,719.67,121.94,10.039,13.257,15.636,3.4254,254.92,873.15,20.51,30.614,33.723,38.367,887.08,10
2020-10-15 13:19:00,5.6708,639.18,121.84,10.038,13.257,15.655,3.0692,253.64,778.4,20.273,30.205,33.277,37.912,774.2899999999998,10
2020-10-15 13:20:00,5.6322,634.39,121.74,10.164,13.257,15.681,2.9994,256.56,769.45,20.231,30.371,33.654,37.96,778.27,10
2020-10-15 13:21:00,6.0513,692.01,121.92,10.305,13.259,15.703,3.343,249.36,833.62,20.373,30.358,33.512,38.286,818.4099999999999,10
2020-10-15 13:22:00,6.2767,719.73,121.97,10.305,13.255,15.718,3.5704,244.01,871.14,20.365,30.196,33.492,38.443,835.22,10
2020-10-15 13:23:00,6.1179,698.01,121.88,10.253,13.257,15.735,3.4675,244.21,846.6699999999998,20.409,30.957,34.302,38.666,811.65,10
2020-10-15 13:24:00,6.1225,697.42,121.77,10.445,13.256,15.753,3.4821,241.46,840.6699999999998,20.75,32.52,34.961,39.38,820.6,10
2020-10-15 13:25:00,5.6835,639.77,121.59,10.626,13.257,15.777,3.2059,242.4,777.0499999999998,20.905,31.689,34.654,39.243,751.6799999999998,10
2020-10-15 13:26:00,5.7428,649.01,121.61,10.726,13.256,15.792,3.2591,241.59,787.2999999999998,20.932,30.956,34.445,39.053,756.6799999999998,10
2020-10-15 13:27:00,6.4948,745.23,121.9,10.58,13.255,15.808,3.7913,237.68,900.81,20.844,31.448,34.771,39.023,854.88,10
2020-10-15 13:28:00,7.3813,856.65,122.24,10.439,13.256,15.825,4.4638,232.55,1037.7,20.696,31.557,34.69,39.158,986.77,10
2020-10-15 13:29:00,7.0572,813.39,122.06,10.308,13.254,15.846,4.3209,228.05,985.35,20.69,31.645,34.919,39.91,961.81,10
2020-10-15 13:30:00,7.172,827.4299999999998,122.18,10.371,13.254,15.859,4.3665,229.52,1002.1,20.934,32.505,36.051,40.805,966.3,10
2020-10-15 13:31:00,7.2781,844.21,122.19,10.388,13.254,15.881,4.4508,229.17,1019.8,21.227,33.742,37.114,41.642,995.74,10
2020-10-15 13:32:00,7.2511,839.19,122.08,10.411,13.254,15.892,4.438,229.37,1017.7,21.513,35.096,38.266,42.356,987.59,10
2020-10-15 13:33:00,7.5633,879.49,122.26,10.545,13.252,15.905,4.6465,228.78,1063.0,21.759,35.909,38.81,43.271,1041.6,10
2020-10-15 13:34:00,7.3006,847.44,122.24,10.795,13.25,15.926,4.4032,233.93,1030.1,22.052,37.434,39.21,43.565,1008.8,10
2020-10-15 13:35:00,7.3213,848.99,122.32,11.038,13.251,15.941,4.3856,234.47,1028.3,22.467,37.672,40.833,44.438,1021.8,10
2020-10-15 13:36:00,7.0148,809.61,122.09,11.221,13.25,15.961,4.2494,230.96,981.37,22.779,37.916,40.917,44.804,967.72,10
2020-10-15 13:37:00,7.0942,817.83,122.1,11.311,13.249,15.978,4.4342,223.45,990.73,22.965,38.441,41.645,45.403,981.36,10
2020-10-15 13:38:00,6.8875,792.47,121.97,11.434,13.25,15.995,4.2463,226.46,961.41,23.274,38.431,41.668,45.37,955.1,10
2020-10-15 13:39:00,6.611,758.63,121.88,11.329,13.249,16.006,4.0925,224.95,920.44,23.252,37.987,41.418,45.183,911.28,10
2020-10-15 13:40:00,5.9234,669.55,121.6,11.125,13.246,16.03,3.5888,226.86,814.25,23.308,38.275,41.651,44.799,803.6799999999998,10
2020-10-15 13:41:00,6.1579,700.87,121.77,11.113,13.245,16.049,3.7811,223.98,846.49,23.49,37.624,40.973,44.39,833.9099999999999,10
2020-10-15 13:42:00,6.3177,718.67,121.8,11.12,13.245,16.064,3.9145,222.09,869.25,23.209,36.111,39.724,43.657,858.62,10
2020-10-15 13:43:00,5.8487,659.84,121.62,11.044,13.244,16.086,3.6869,216.17,796.88,22.945,35.601,38.843,43.132,800.61,10
2020-10-15 13:44:00,5.6734,640.17,121.54,10.973,13.244,16.105,3.4741,223.15,775.5499999999998,22.738,34.699,38.398,42.405,751.47,10
2020-10-15 13:45:00,6.0082,682.6,121.69,10.868,13.244,16.131,3.6633,225.63,826.58,22.373,33.322,37.294,41.617,805.2799999999999,10
2020-10-15 13:46:00,5.8889,665.53,121.71,10.635,13.243,16.152,3.5375,229.11,810.44,22.006,33.296,37.192,40.989,783.52,10
2020-10-15 13:47:00,5.5714,628.05,121.61,10.4,13.244,16.173,3.365,225.54,759.0,21.901,32.788,36.7,40.561,741.6699999999998,10
2020-10-15 13:48:00,5.009,554.64,121.35,10.428,13.244,16.193,3.0177,222.94,672.71,21.93,32.992,36.641,40.113,651.88,10
2020-10-15 13:49:00,5.6307,632.37,121.6,10.61,13.244,16.222,3.4918,220.89,770.8099999999998,22.193,33.649,37.059,39.938,735.4,10
2020-10-15 13:50:00,5.9396,673.06,121.65,10.683,13.242,16.248,3.7481,217.2,814.11,22.432,34.331,37.402,40.306,797.5,10
2020-10-15 13:51:00,5.6061,627.53,121.54,10.878,13.241,16.265,3.4403,221.82,763.4,22.451,34.454,37.35,40.517,772.15,10
2020-10-15 13:52:00,5.8382,655.61,121.68,11.088,13.243,16.282,3.543,226.39,802.1599999999999,22.503,33.413,36.653,40.298,749.07,10
2020-10-15 13:53:00,6.553,750.24,121.81,11.081,13.242,16.305,3.9965,228.83,914.53,22.406,34.539,36.946,40.547,880.88,10
2020-10-15 13:54:00,6.791,777.2799999999999,121.95,11.068,13.243,16.327,4.1716,228.17,951.76,22.435,34.588,37.102,41.049,921.85,10
2020-10-15 13:55:00,6.2653,714.08,121.78,10.988,13.242,16.35,3.8687,225.51,872.26,22.615,35.863,38.121,41.378,844.49,10
2020-10-15 13:56:00,6.1404,698.38,121.72,10.926,13.242,16.359,3.7777,224.35,847.48,22.745,36.294,38.762,41.744,826.9299999999998,10
2020-10-15 13:57:00,5.9762,678.17,121.63,11.024,13.242,16.388,3.5817,229.84,823.21,22.893,36.538,38.874,41.692,801.94,10
2020-10-15 13:58:00,6.2556,715.1,121.9,11.085,13.242,16.407,3.7334,231.21,863.13,22.803,35.197,37.885,41.503,839.2999999999998,10
2020-10-15 13:59:00,6.4559,738.6599999999999,121.99,11.035,13.242,16.422,3.8391,234.28,899.32,22.671,36.346,38.729,41.611,873.71,10
2020-10-15 14:00:00,6.573,751.0399999999998,121.95,11.005,13.241,16.444,3.952,230.52,911.0,22.608,35.863,38.225,41.634,888.07,10
2020-10-15 14:01:00,6.5424,749.19,121.99,11.042,13.238,16.458,3.9235,232.83,913.49,22.411,35.594,38.301,41.517,885.37,10
2020-10-15 14:02:00,6.5138,747.0599999999998,122.11,10.982,13.242,16.473,4.0367,225.21,909.09,22.344,35.685,38.58,41.745,885.6699999999998,10
2020-10-15 14:03:00,6.5187,747.0399999999998,122.1,10.932,13.242,16.497,4.0359,225.04,908.2,22.404,35.78,38.649,41.889,886.94,10
2020-10-15 14:04:00,6.5882,756.97,122.21,11.008,13.24,16.515,4.0089,228.83,917.33,22.413,35.086,38.37,42.212,894.6699999999998,10
2020-10-15 14:05:00,6.3647,727.6,122.04,10.981,13.242,16.532,3.8842,226.91,881.35,22.285,35.566,38.353,42.131,862.2799999999999,10
2020-10-15 14:06:00,6.3628,728.71,122.06,11.173,13.241,16.543,3.8645,228.55,883.15,22.428,35.425,38.778,42.518,861.7799999999999,10
2020-10-15 14:07:00,6.4113,731.65,122.1,11.311,13.241,16.566,3.8023,232.85,885.27,22.526,36.258,39.069,42.694,873.08,10
2020-10-15 14:08:00,6.1666,707.19,122.0,11.451,13.242,16.583,3.6246,235.43,853.2899999999998,22.689,36.358,39.475,43.172,841.71,10
2020-10-15 14:09:00,6.1098,693.27,122.02,11.674,13.239,16.6,3.5795,237.52,850.19,22.73,36.272,39.474,42.956,830.83,10
2020-10-15 14:10:00,5.8946,669.37,121.9,11.765,13.24,16.608,3.4238,236.88,810.99,22.845,35.637,39.137,42.982,799.39,10
2020-10-15 14:11:00,6.0252,684.16,121.95,11.695,13.239,16.628,3.5036,237.55,832.0499999999998,22.651,35.169,38.548,42.53,814.85,10
2020-10-15 14:12:00,6.0999,690.64,121.85,11.541,13.24,16.638,3.5948,234.27,842.11,22.326,33.968,37.474,41.966,818.36,10
2020-10-15 14:13:00,6.1349,695.11,121.94,11.098,13.242,16.651,3.6239,233.08,844.6599999999999,21.861,33.026,36.733,41.086,820.5599999999998,10
2020-10-15 14:14:00,6.0684,688.41,121.87,10.87,13.241,16.666,3.5608,234.4,834.62,21.654,33.54,36.666,40.574,811.59,10
2020-10-15 14:15:00,5.9447,676.65,121.83,10.937,13.24,16.682,3.4747,235.69,818.88,21.633,33.593,36.245,40.24,791.32,10
2020-10-15 14:16:00,6.0789,689.88,121.65,11.063,13.24,16.699,3.5387,236.31,836.27,21.619,33.527,36.438,40.257,810.51,10
2020-10-15 14:17:00,5.9207,671.08,121.59,11.01,13.24,16.714,3.4367,236.8,813.76,21.537,33.161,36.409,40.053,792.15,10
2020-10-15 14:18:00,5.2486,584.43,121.4,10.822,13.241,16.718,2.9756,238.16,708.64,21.431,32.847,36.176,39.687,692.4,10
2020-10-15 14:19:00,4.9549,548.78,121.5,10.666,13.242,16.72,2.7451,241.98,664.4,21.304,32.151,35.372,38.959,651.13,10
2020-10-15 14:20:00,5.5093,620.43,121.81,10.889,13.242,16.739,3.0799,244.73,753.36,21.127,31.938,34.875,38.561,734.15,10
2020-10-15 14:21:00,5.7852,654.36,121.71,10.918,13.243,16.756,3.3274,239.48,796.73,20.883,31.442,34.162,37.985,760.0,10
2020-10-15 14:22:00,5.8022,655.68,121.57,11.0,13.244,16.765,3.3866,235.08,796.0399999999998,20.715,31.563,34.05,37.643,758.62,10
2020-10-15 14:23:00,5.7846,653.09,121.4,11.069,13.243,16.767,3.3744,234.46,791.09,20.733,31.519,33.831,37.429,756.4099999999999,10
2020-10-15 14:24:00,6.0015,679.04,121.54,11.17,13.243,16.781,3.6047,228.91,825.11,20.511,30.827,33.176,37.299,788.0499999999998,10
2020-10-15 14:25:00,5.9191,664.81,121.68,11.193,13.244,16.788,3.5667,227.99,813.12,20.32,30.414,33.208,37.268,779.74,10
2020-10-15 14:26:00,5.8345,658.68,121.77,11.098,13.244,16.798,3.4956,228.87,799.98,20.106,29.84,32.784,37.071,766.4099999999999,10
2020-10-15 14:27:00,5.7865,650.8,121.71,11.151,13.244,16.807,3.4435,230.06,792.15,19.905,29.772,32.396,36.771,755.5,10
2020-10-15 14:28:00,5.956,673.23,121.84,11.115,13.244,16.811,3.619,225.28,815.23,19.87,30.174,32.512,36.556,784.57,10
2020-10-15 14:29:00,5.9301,671.74,121.8,11.103,13.245,16.811,3.4888,234.01,816.32,19.966,31.032,33.17,36.828,781.2799999999999,10
2020-10-15 14:30:00,5.8039,655.17,121.8,11.069,13.244,16.809,3.3413,238.42,796.64,20.089,31.386,33.35,36.991,763.59,10
2020-10-15 14:31:00,5.3319,598.24,121.64,11.093,13.246,16.809,3.0454,238.46,726.0599999999998,20.15,31.997,33.669,37.334,699.62,10
2020-10-15 14:32:00,5.1337,571.19,121.61,11.139,13.245,16.811,2.9077,238.54,693.57,20.199,31.985,33.766,37.072,664.83,10
2020-10-15 14:33:00,5.3481,599.72,121.65,11.185,13.245,16.811,3.0602,237.71,727.5399999999998,20.209,31.775,33.407,36.824,691.92,10
2020-10-15 14:34:00,5.5936,629.29,121.66,11.275,13.247,16.809,3.2702,233.68,764.1799999999998,20.045,30.707,32.824,36.545,730.57,10
2020-10-15 14:35:00,5.5826,627.2,121.57,11.205,13.245,16.809,3.2011,237.67,760.84,20.023,31.397,33.279,36.703,727.5599999999998,10
2020-10-15 14:36:00,5.1423,572.35,121.45,11.155,13.245,16.811,2.8922,240.49,695.46,20.194,31.751,33.671,36.785,675.54,10
2020-10-15 14:37:00,4.7639,523.81,121.31,11.097,13.248,16.811,2.6041,243.62,634.42,20.38,31.831,33.921,36.613,618.5,10
2020-10-15 14:38:00,5.2142,581.82,121.45,11.041,13.248,16.811,2.8706,246.01,706.34,20.382,31.496,33.555,35.841,681.48,10
2020-10-15 14:39:00,5.7386,650.04,121.67,10.769,13.248,16.809,3.2684,240.84,787.11,20.206,31.473,33.413,35.134,755.44,10
2020-10-15 14:40:00,5.7524,648.01,121.59,10.465,13.248,16.811,3.2713,240.51,786.72,20.234,31.973,33.739,35.001,758.6699999999998,10
2020-10-15 14:41:00,5.6628,638.65,121.53,10.289,13.247,16.811,3.255,239.41,779.26,20.139,32.068,33.973,35.138,745.2,10
2020-10-15 14:42:00,5.6454,635.9,121.55,10.223,13.249,16.809,3.1916,243.49,777.0599999999998,19.851,32.227,33.983,34.814,746.5499999999998,10
2020-10-15 14:43:00,5.6292,635.94,121.51,10.399,13.249,16.811,3.2496,236.35,768.0299999999999,20.055,33.215,34.282,35.358,741.36,10
2020-10-15 14:44:00,5.565,622.76,121.54,10.678,13.252,16.809,3.2103,236.21,758.24,20.191,33.696,34.912,35.856,730.0599999999998,10
2020-10-15 14:45:00,5.5129,618.42,121.45,10.886,13.252,16.794,3.1357,238.52,747.87,20.416,34.306,35.322,36.347,726.84,10
2020-10-15 14:46:00,5.4153,606.75,121.52,11.062,13.251,16.786,3.0783,240.32,739.61,20.567,34.672,35.711,36.676,713.45,10
2020-10-15 14:47:00,5.5429,623.16,121.53,11.093,13.252,16.783,3.2163,233.63,751.4,20.637,34.226,35.386,36.489,730.15,10
2020-10-15 14:48:00,5.3914,602.37,121.38,11.014,13.253,16.767,3.1026,235.16,729.6,20.57,34.273,35.399,35.729,706.39,10
2020-10-15 14:49:00,5.3013,590.97,121.37,10.937,13.254,16.763,3.1126,230.06,716.06,20.588,34.069,35.391,35.399,693.97,10
2020-10-15 14:50:00,4.9185,543.79,121.13,10.947,13.254,16.76,2.9015,227.96,661.07,20.567,34.452,35.137,35.528,635.93,10
2020-10-15 14:51:00,5.2996,591.82,121.25,10.969,13.255,16.748,3.1437,229.47,721.21,20.583,34.629,35.216,35.66,692.94,10
2020-10-15 14:52:00,5.1762,574.11,121.18,11.018,13.256,16.727,3.0136,232.92,701.83,20.656,34.427,35.273,36.038,675.05,10
2020-10-15 14:53:00,5.1574,570.92,121.19,11.218,13.258,16.718,2.924,238.85,698.36,20.549,33.209,34.565,36.105,669.61,10
2020-10-15 14:54:00,5.2073,578.69,121.24,11.367,13.258,16.72,2.9167,240.24,700.68,20.344,32.395,33.72,35.773,680.35,10
2020-10-15 14:55:00,5.2164,581.5,121.09,11.475,13.257,16.714,2.9474,239.77,706.69,20.151,31.432,33.058,35.443,679.05,10
2020-10-15 14:56:00,5.2189,579.23,121.15,11.375,13.256,16.697,2.9194,240.89,703.16,20.056,30.979,32.798,35.356,680.24,10
2020-10-15 14:57:00,5.1971,576.98,121.11,11.397,13.256,16.687,2.9136,241.17,702.55,20.11,31.349,33.217,35.428,677.34,10
2020-10-15 14:58:00,5.1605,572.81,121.15,11.439,13.256,16.676,2.9459,235.46,693.61,20.188,31.218,33.267,35.661,668.09,10
2020-10-15 14:59:00,5.1897,577.82,121.21,11.381,13.256,16.659,2.9845,234.85,700.88,20.152,30.495,32.893,35.69,672.86,10
2020-10-15 15:00:00,5.1271,570.95,121.19,11.386,13.257,16.651,2.9286,236.32,692.06,20.225,30.983,33.085,35.832,665.74,10
2020-10-15 15:01:00,5.0814,565.51,121.36,11.516,13.256,16.638,2.9458,232.93,686.13,20.127,30.653,32.779,35.747,659.48,10
2020-10-15 15:02:00,5.0643,564.06,121.36,11.683,13.256,16.628,2.9999,227.56,682.66,20.117,30.45,32.88,35.837,659.09,10
2020-10-15 15:03:00,5.0483,559.82,121.41,11.709,13.256,16.623,3.0015,225.69,677.34,20.107,30.73,33.247,35.873,657.35,10
2020-10-15 15:04:00,5.0213,554.49,121.42,11.768,13.257,16.605,2.962,228.09,675.57,20.12,30.784,33.277,35.939,651.5,10
2020-10-15 15:05:00,4.9846,550.69,121.43,11.802,13.256,16.605,2.9023,230.59,669.21,20.246,31.528,33.498,36.09,646.72,10
2020-10-15 15:06:00,4.9502,545.1,121.4,11.841,13.257,16.585,2.8851,229.15,661.11,20.313,31.067,33.479,36.093,641.4,10
2020-10-15 15:07:00,4.9348,543.58,121.43,11.647,13.256,16.583,2.8564,231.25,660.48,20.146,30.245,32.595,35.703,637.59,10
2020-10-15 15:08:00,4.8794,535.8,121.43,11.493,13.257,16.569,2.7834,233.73,650.54,19.981,29.966,32.701,35.454,629.97,10
2020-10-15 15:09:00,4.8336,526.9,121.41,11.421,13.255,16.552,2.7261,235.98,643.27,19.973,29.97,32.831,35.467,622.05,10
2020-10-15 15:10:00,4.7898,522.48,121.35,11.564,13.257,16.539,2.7069,235.96,638.66,19.9,29.772,32.432,35.259,616.03,10
2020-10-15 15:11:00,4.789,522.94,121.24,11.771,13.256,16.537,2.7231,234.4,638.24,19.938,29.647,32.399,35.165,614.67,10
2020-10-15 15:12:00,4.7609,518.54,121.24,11.755,13.258,16.516,2.7303,231.96,633.28,19.929,29.375,32.166,34.858,611.16,10
2020-10-15 15:13:00,4.6777,506.7,121.22,11.68,13.258,16.514,2.7008,229.91,620.89,19.929,29.615,32.428,35.025,600.17,10
2020-10-15 15:14:00,4.6099,500.28,121.11,11.656,13.258,16.51,2.6451,229.47,606.94,20.005,29.526,32.394,34.936,589.43,10
2020-10-15 15:15:00,4.5644,493.07,121.18,11.644,13.256,16.491,2.584,232.24,600.08,19.984,29.113,32.05,34.781,581.49,10
2020-10-15 15:16:00,4.5253,489.45,121.07,11.767,13.257,16.486,2.5124,236.13,593.22,20.083,29.323,32.207,34.631,575.63,10
2020-10-15 15:17:00,4.4831,488.7,121.05,11.881,13.257,16.469,2.5146,234.51,589.69,20.023,29.18,31.748,34.393,570.91,10
2020-10-15 15:18:00,4.3839,473.06,120.97,11.898,13.258,16.465,2.4469,234.35,573.45,20.009,29.169,31.548,34.008,557.02,10
2020-10-15 15:19:00,4.3751,472.56,121.08,11.869,13.255,16.448,2.4124,237.12,572.03,19.935,29.013,31.154,33.513,554.95,10
2020-10-15 15:20:00,4.4016,477.01,121.09,11.759,13.257,16.446,2.4914,232.42,579.01,19.865,28.528,30.505,32.909,559.94,10
2020-10-15 15:21:00,4.3307,467.5,120.95,11.783,13.257,16.442,2.4802,230.13,570.77,19.724,28.123,30.348,32.893,549.78,10
2020-10-15 15:22:00,4.4035,477.26,121.02,11.674,13.256,16.423,2.5654,225.98,579.7,19.575,27.569,29.925,32.555,561.43,10
2020-10-15 15:23:00,4.4098,476.58,121.07,11.621,13.257,16.423,2.4932,232.25,579.03,19.389,27.289,29.386,32.114,559.67,10
2020-10-15 15:24:00,4.3773,474.0,121.05,11.558,13.258,16.419,2.4897,231.07,575.28,19.275,27.292,29.068,31.483,555.96,10
2020-10-15 15:25:00,4.3043,466.72,121.09,11.37,13.258,16.4,2.4418,231.21,564.56,19.119,27.247,28.822,31.005,546.3,10
2020-10-15 15:26:00,4.2439,457.68,121.05,11.321,13.256,16.4,2.3857,232.65,554.95,19.002,27.15,28.417,30.671,535.97,10
2020-10-15 15:27:00,4.1389,441.48,121.04,11.295,13.257,16.393,2.3078,232.81,537.36,18.844,26.96,27.897,30.144,521.0,10
2020-10-15 15:28:00,4.0282,428.85,121.07,11.362,13.257,16.378,2.2653,229.84,520.64,18.684,26.502,27.44,29.796,503.86,10
2020-10-15 15:29:00,4.1224,438.17,121.18,11.259,13.26,16.362,2.3044,230.88,532.04,18.486,26.398,27.218,29.42,515.95,10
2020-10-15 15:30:00,4.1147,438.57,121.19,11.273,13.261,16.355,2.3163,231.43,536.02,18.435,26.295,27.128,29.208,517.59,10
2020-10-15 15:31:00,4.0863,435.21,121.17,11.322,13.26,16.355,2.264,234.23,530.29,18.347,26.143,26.877,28.96,512.01,10
2020-10-15 15:32:00,4.0039,424.9,121.17,11.255,13.259,16.345,2.2292,232.2,517.62,18.147,25.729,26.42,28.38,500.53,10
2020-10-15 15:33:00,3.8711,412.15,121.36,11.18,13.26,16.332,2.1819,227.63,496.65,18.114,25.923,26.487,28.361,486.12,10
2020-10-15 15:34:00,3.8697,408.03,121.42,11.184,13.262,16.327,2.1362,233.5,498.77,17.971,25.375,26.063,28.197,482.0,10
2020-10-15 15:35:00,3.8601,407.95,121.36,11.148,13.262,16.309,2.1338,232.53,496.13,17.724,24.709,25.516,27.854,481.29,10
2020-10-15 15:36:00,3.7595,392.98,121.31,11.228,13.263,16.296,2.0238,236.59,478.81,17.643,24.448,25.37,27.59,464.58,10
2020-10-15 15:37:00,3.6628,380.15,121.33,11.363,13.263,16.287,1.9527,237.7,464.11,17.613,24.236,25.444,27.534,451.5,10
2020-10-15 15:38:00,3.5784,368.1,121.29,11.317,13.264,16.27,1.8558,241.94,449.02,17.554,24.049,25.409,27.422,438.91,10
2020-10-15 15:39:00,3.4746,353.95,121.28,11.201,13.264,16.264,1.7977,240.05,431.47,17.539,23.896,25.233,27.287,423.58,10
2020-10-15 15:40:00,3.3089,331.25,121.17,11.26,13.266,16.26,1.6761,240.6,403.25,17.539,23.545,24.892,26.962,399.98,10
2020-10-15 15:41:00,3.2318,322.19,121.11,11.265,13.266,16.241,1.6666,235.27,392.04,17.56,23.392,24.581,26.481,385.73,10
2020-10-15 15:42:00,3.2701,324.94,121.16,11.178,13.266,16.232,1.735,229.39,397.92,17.501,23.152,24.18,26.017,389.68,10
2020-10-15 15:43:00,3.2963,329.73,121.23,11.094,13.267,16.219,1.8191,220.66,401.29,17.369,23.079,23.924,25.712,399.06,10
2020-10-15 15:44:00,3.1924,313.73,121.18,11.04,13.267,16.205,1.7816,215.21,383.18,17.317,22.852,23.789,25.303,385.04,10
2020-10-15 15:45:00,3.2442,321.76,121.24,11.172,13.268,16.185,1.8399,213.73,393.24,17.247,22.486,23.55,25.308,397.96,10
2020-10-15 15:46:00,3.3147,332.99,121.23,11.293,13.268,16.173,1.8469,219.03,404.54,17.18,22.212,23.06,24.9,402.93,10
2020-10-15 15:47:00,3.1158,303.25,121.17,11.169,13.269,16.154,1.6749,219.51,367.65,17.023,21.921,22.597,24.357,371.21,10
2020-10-15 15:48:00,3.1296,305.43,121.17,11.195,13.269,16.149,1.6524,224.38,370.75,16.933,21.722,22.388,24.019,370.54,10
2020-10-15 15:49:00,3.1731,310.66,121.15,11.265,13.27,16.128,1.724,218.25,376.2,16.855,21.367,22.226,23.92,379.87,10
2020-10-15 15:50:00,3.2786,324.6,120.97,11.334,13.27,16.111,1.8087,220.13,398.13,16.797,21.226,22.316,23.964,397.21,10
2020-10-15 15:51:00,3.2894,328.05,121.05,11.184,13.271,16.094,1.8057,220.63,398.37,16.74,21.15,22.24,23.965,400.08,10
2020-10-15 15:52:00,3.2232,318.67,121.02,11.102,13.272,16.083,1.754,222.72,390.59,16.749,21.349,22.358,23.968,389.04,10
2020-10-15 15:53:00,3.18,313.57,120.92,10.993,13.271,16.066,1.7015,223.61,380.34,16.753,21.257,22.274,23.939,380.84,10
2020-10-15 15:54:00,3.1698,311.35,121.02,10.972,13.272,16.053,1.7467,216.27,377.71,16.745,21.251,22.073,23.745,385.32,10
2020-10-15 15:55:00,3.1188,303.67,120.93,10.934,13.272,16.037,1.7745,209.08,370.97,16.654,21.094,21.949,23.581,382.53,10
2020-10-15 15:56:00,3.1398,306.03,120.93,10.922,13.271,16.02,1.7708,210.07,372.01,16.597,21.196,22.072,23.461,385.87,10
2020-10-15 15:57:00,3.1924,313.38,121.0,10.956,13.273,15.996,1.7525,220.58,386.53,16.601,21.423,22.256,23.618,388.79,10
2020-10-15 15:58:00,3.199,314.52,120.92,10.967,13.275,15.987,1.7169,222.41,381.84,16.657,21.503,22.26,23.671,388.41,10
2020-10-15 15:59:00,3.1566,308.93,120.99,10.938,13.274,15.97,1.6831,223.45,376.07,16.554,21.092,21.943,23.618,382.97,10
2020-10-15 16:00:00,3.1516,306.68,120.94,10.901,13.274,15.949,1.6229,230.25,373.64,16.445,20.982,21.849,23.386,377.83,10
2020-10-15 16:01:00,3.1089,300.01,120.89,10.985,13.273,15.924,1.6039,230.75,370.11,16.404,20.784,21.779,23.321,372.45,10
2020-10-15 16:02:00,3.0224,292.16,120.83,10.954,13.275,15.906,1.5507,231.35,358.77,16.348,20.628,21.369,22.978,361.46,10
2020-10-15 16:03:00,2.9287,276.38,120.84,10.798,13.276,15.892,1.4705,230.45,338.86,16.23,20.372,20.961,22.534,345.78,10
2020-10-15 16:04:00,2.8634,265.97,120.8,10.763,13.277,15.877,1.3936,235.86,328.67,16.131,19.991,20.762,22.075,335.12,10
2020-10-15 16:05:00,2.7857,254.91,120.73,10.737,13.276,15.859,1.3566,231.08,313.5,16.052,19.831,20.579,21.743,323.03,10
2020-10-15 16:06:00,2.7675,254.66,120.69,10.774,13.276,15.842,1.3299,233.24,310.21,15.999,19.647,20.203,21.438,319.27,10
2020-10-15 16:07:00,2.7573,251.21,120.77,10.756,13.278,15.815,1.2815,239.47,306.84,15.893,19.435,20.03,21.122,319.05,10
2020-10-15 16:08:00,2.7039,241.82,120.76,10.678,13.277,15.799,1.2229,241.64,295.44,15.775,19.182,19.743,20.804,308.78,10
2020-10-15 16:09:00,2.6014,221.82,120.73,10.644,13.278,15.789,1.1406,237.82,271.28,15.681,18.922,19.447,20.423,287.52,10
2020-10-15 16:10:00,2.6061,223.06,120.51,10.628,13.277,15.764,1.162,236.84,275.2,15.577,18.498,19.008,20.088,286.86,10
2020-10-15 16:11:00,2.6433,230.62,120.47,10.548,13.276,15.746,1.1819,239.64,283.19,15.438,18.378,18.823,19.688,296.47,10
2020-10-15 16:12:00,2.6232,224.03,120.44,10.521,13.279,15.725,1.1849,232.85,275.85,15.325,18.126,18.547,19.364,289.59,10
2020-10-15 16:13:00,2.572,217.6,120.41,10.48,13.278,15.704,1.1635,230.15,267.76,15.239,18.054,18.369,19.192,282.39,10
2020-10-15 16:14:00,2.5576,215.23,120.4,10.478,13.28,15.688,1.1618,228.17,265.08,15.153,17.894,18.171,19.033,280.9,10
2020-10-15 16:15:00,2.5099,204.33,120.45,10.454,13.279,15.671,1.1123,228.79,254.49,15.077,17.69,17.913,18.713,271.68,10
2020-10-15 16:16:00,2.5003,203.58,120.53,10.363,13.281,15.641,1.1169,228.12,254.74,14.931,17.372,17.638,18.405,271.54,10
2020-10-15 16:17:00,2.4818,201.03,120.46,10.29,13.282,15.628,1.1121,224.01,249.12,14.834,17.319,17.528,18.211,269.58,10
2020-10-15 16:18:00,2.4534,199.01,120.45,10.323,13.28,15.603,1.0927,224.19,244.96,14.791,17.219,17.484,18.131,265.85,10
2020-10-15 16:19:00,2.4057,190.65,120.41,10.354,13.281,15.577,1.0426,226.76,236.43,14.726,17.032,17.32,17.873,256.38,10
2020-10-15 16:20:00,2.3787,188.74,120.32,10.336,13.281,15.554,1.0121,228.53,231.29,14.653,16.855,17.149,17.689,253.24,10
2020-10-15 16:21:00,2.3548,184.09,120.34,10.302,13.283,15.539,1.0037,226.21,227.02,14.608,16.821,16.974,17.555,248.65,10
2020-10-15 16:22:00,2.3258,179.22,120.23,10.245,13.283,15.511,0.96312,230.95,222.44,14.537,16.649,16.872,17.362,243.63,10
2020-10-15 16:23:00,2.295,174.73,120.31,10.206,13.282,15.496,0.93134,230.9,215.04,14.459,16.435,16.491,16.977,239.15,10
2020-10-15 16:24:00,2.2644,168.53,120.27,10.152,13.28,15.466,0.89917,233.55,210.0,14.328,16.171,16.391,16.817,233.88,10
2020-10-15 16:25:00,2.2085,157.17,120.27,10.109,13.281,15.443,0.8585899999999999,229.46,197.0,14.246,16.119,16.204,16.58,222.42,10
2020-10-15 16:26:00,2.162,148.59,120.22,10.138,13.282,15.426,0.80468,227.45,183.0,14.214,15.951,16.092,16.523,210.99,10
2020-10-15 16:27:00,2.1195,140.62,120.2,10.191,13.283,15.398,0.76538,232.69,178.09,14.173,15.8,15.98,16.376,204.17,10
2020-10-15 16:28:00,2.0564,128.23,120.12,10.219,13.283,15.375,0.68001,236.12,160.56,14.157,15.644,15.788,16.187,191.83,10
2020-10-15 16:29:00,1.9439,97.879,120.05,10.186,13.282,15.363,0.5231599999999998,238.29,124.68,14.104,15.314,15.515,15.872,159.56,10
2020-10-15 16:30:00,1.9307,98.333,120.07,10.156,13.283,15.337,0.5249899999999998,231.37,121.48,14.023,15.099,15.201,15.571,153.98,10
2020-10-15 16:31:00,1.8329,56.279,120.02,10.168,13.285,15.309,0.34676,229.45,79.56,13.966,14.76,14.925,15.267,109.47,10
2020-10-15 16:32:00,1.8177,52.013,119.99,10.141,13.283,15.282,0.3065499999999999,229.65,70.396,13.886,14.416,14.583,14.811,102.71,10
2020-10-15 16:33:00,1.8213,54.528,120.0,10.139,13.283,15.268,0.3275699999999999,230.32,75.504,13.843,14.209,14.35,14.554,105.85,10
2020-10-15 16:34:00,1.8323,62.161,120.03,10.153,13.284,15.241,0.3729,224.82,83.81399999999998,13.825,13.987,14.156,14.357,113.59,10
2020-10-15 16:35:00,1.8375,64.52,119.98,10.143,13.286,15.211,0.40598,213.42,86.616,13.771,13.859,13.921,14.071,115.74,10
2020-10-15 16:36:00,1.8213,58.549,120.07,10.084,13.284,15.189,0.3812999999999999,210.26,80.138,13.698,13.598,13.731,13.913,107.98,10
2020-10-15 16:37:00,1.8527,70.081,119.95,10.02,13.287,15.166,0.4586299999999999,203.72,93.462,13.658,13.484,13.535,13.667,123.77,10
2020-10-15 16:38:00,1.8201,56.798,120.0,9.9757,13.289,15.145,0.36723,206.92,75.99299999999998,13.617,13.382,13.373,13.51,109.03,10
2020-10-15 16:39:00,1.8017,47.503,119.98,9.9315,13.287,15.127,0.31495,206.75,65.11,13.526,13.007,13.175,13.349,94.48,10
2020-10-15 16:40:00,1.7934,39.55,119.98,9.9126,13.289,15.096,0.27839,208.87,58.151,13.445,12.829,12.955,13.134,86.25199999999998,10
2020-10-15 16:41:00,1.7915,33.634,119.94,9.9069,13.29,15.074,0.23727,207.68,49.266,13.395,12.585,12.737,12.887,76.92,10
2020-10-15 16:42:00,1.7869,30.887,119.92,9.8937,13.291,15.052,0.23233,207.68,48.251,13.345,12.423,12.517,12.635,74.40699999999998,10
2020-10-15 16:43:00,1.7902,31.951,119.93,9.890300000000002,13.291,15.026,0.23307,207.06,48.261,13.331,12.272,12.351,12.444,76.533,10
2020-10-15 16:44:00,1.788,23.531,119.92,9.879600000000002,13.292,15.007,0.18518,207.5,38.425,13.301,12.05,12.199,12.294,65.711,10
2020-10-15 16:45:00,1.7896,16.197,119.95,9.8526,13.295,14.984,0.1367299999999999,207.86,28.417,13.266,11.935,11.991,12.05,55.937,10
2020-10-15 16:46:00,1.7916,11.777,119.95,9.8267,13.295,14.959,0.1155299999999999,207.65,23.992,13.213,11.691,11.796,11.851,50.028,10
2020-10-15 16:47:00,1.7864,9.9046,119.98,9.7768,13.296,14.928,0.1067599999999999,207.44,22.147,13.153,11.483,11.585,11.618,47.82,10
2020-10-15 16:48:00,1.7891,10.359,119.97,9.7312,13.296,14.905,0.1016399999999999,208.0,21.134,13.067,11.304,11.413,11.446,48.234,10
2020-10-15 16:49:00,1.7933,13.793,119.91,9.702,13.298,14.878,0.12851,207.89,26.712,13.003,11.188,11.237,11.24,54.446,10
2020-10-15 16:50:00,1.7922,13.251,119.81,9.6775,13.297,14.845,0.1266799999999999,207.53,26.295,12.934,11.007,11.114,11.101,54.805,10
2020-10-15 16:51:00,1.7853,8.109899999999998,119.85,9.6406,13.298,14.824,0.0996299999999999,207.51,20.675,12.877,10.89,10.971,10.944,47.157,10
2020-10-15 16:52:00,1.7892,2.9138,120.0,9.6103,13.3,14.797,0.0627,206.69,12.984,12.812,10.759,10.837,10.8,39.841,10
2020-10-15 16:53:00,1.7919,-1.0193,119.91,9.5759,13.302,14.767,0.0478999999999999,191.95,9.2071,12.742,10.59,10.677,10.63,28.604,10
2020-10-15 16:54:00,1.7947,-1.7394,119.81,9.5349,13.303,14.734,0.0415,182.52,7.578,12.703,10.501,10.477,10.378,24.711,10
2020-10-15 16:55:00,1.8085,-2.1937,119.54,9.5327,13.305,14.712,0.03108,175.51,5.4497,12.654,10.247,10.375,10.314,22.144,10
2020-10-15 16:56:00,1.8118,-2.8806,119.51,9.5131,13.305,14.677,0.02596,170.86,4.4397,12.598,10.117,10.249,10.186,20.073,10
2020-10-15 16:57:00,1.8107,-3.213,119.57,9.4894,13.306,14.647,0.0301599999999999,166.64,5.0299,12.553,9.9772,10.113,10.039,18.527,10
2020-10-15 16:58:00,1.8085,-3.8002,119.71,9.420000000000002,13.309,14.622,0.0202899999999999,160.84,3.2623,12.512,9.8669,9.9554,9.8662,16.677,10
2020-10-15 16:59:00,1.7768,-3.5454,119.87,9.3433,13.31,14.589,0.01974,160.65,3.117,12.468,9.6632,9.8097,9.7295,15.242,10
2020-10-15 17:00:00,1.6949,-1.1523,119.94,9.225,13.311,14.557,0.00347,178.36,0.6061499999999999,12.41,9.5868,9.6566,9.5379,13.971,10
2020-10-15 17:01:00,1.6966,-1.1523,120.1,9.1352,13.312,14.526,0.0003699999999999,173.16,0.0643699999999999,12.366,9.535,9.5078,9.3508,13.447,10
2020-10-15 17:02:00,1.6963,-1.1633,120.16,9.0555,13.314,14.489,0.00347,168.69,0.58714,12.306,9.407800000000002,9.4022,9.2535,12.121,10
2020-10-15 17:03:00,1.6966,-1.119,120.23,9.0083,13.316,14.46,-0.0029199999999999,162.82,-0.4864899999999999,12.242,9.3458,9.3109,9.1566,11.182,10
2020-10-15 17:04:00,1.6947,-1.1634,120.28,8.9718,13.317,14.428,0.0,154.03,-0.0014,12.191,9.2608,9.2189,9.0205,10.133,10
2020-10-15 17:05:00,1.6956,-1.1191,120.19,8.9214,13.318,14.391,-0.00256,144.86,-0.38228,12.116,9.1519,9.1128,8.926299999999998,9.5258,10
2020-10-15 17:06:00,1.6953,-1.1523,120.0,8.858499999999998,13.319,14.358,0.00366,136.41,0.48348,12.062,9.0059,9.022,8.842399999999998,8.3385,10
2020-10-15 17:07:00,1.6945,-1.0526,120.0,8.8037,13.319,14.326,-0.0053,127.17,-0.6826299999999998,12.015,8.916399999999998,8.9206,8.7522,7.6482,10
2020-10-15 17:08:00,1.6948,-1.0859,120.05,8.728199999999998,13.323,14.297,-0.00366,117.25,-0.42641,11.968,8.8756,8.8107,8.6387,6.3229,10
2020-10-15 17:09:00,1.694,-1.2077,119.92,8.66,13.322,14.257,0.00457,102.06,0.45038,11.931,8.8354,8.6795,8.46,5.8811,10
2020-10-15 17:10:00,1.6954,-1.108,119.93,8.6173,13.322,14.217,0.01389,86.07599999999998,1.201,11.868,8.637499999999998,8.6662,8.4676,5.3013,10
2020-10-15 17:11:00,1.6954,-1.0526,120.04,8.608399999999998,13.326,14.18,0.00841,75.815,0.62521,11.82,8.6815,8.588599999999998,8.3837,4.6387,10
2020-10-15 17:12:00,1.6943,-1.1302,119.98,8.6327,13.326,14.138,0.0047499999999999,65.333,0.312,11.767,8.5667,8.5499,8.340099999999998,3.9761,10
2020-10-15 17:13:00,1.6951,-1.1081,119.91,8.6319,13.326,14.106,0.00384,56.901,0.21329,11.74,8.564899999999998,8.4824,8.241099999999998,3.6448,10
2020-10-15 17:14:00,1.6938,-1.0859,119.94,8.6303,13.329,14.06,0.00256,52.97,0.1313,11.678,8.5332,8.4367,8.231,2.6231,10
2020-10-15 17:15:00,1.6938,-1.0859,119.99,8.6156,13.33,14.023,0.0047499999999999,45.263,0.21681,11.642,8.4508,8.4025,8.1584,1.9604,10
2020-10-15 17:16:00,1.6938,-1.097,119.96,8.5913,13.332,13.982,-0.0073099999999999,41.528,-0.29418,11.602,8.327,8.375999999999998,8.1521,1.4082,10
2020-10-15 17:17:00,1.6952,-1.0527,119.93,8.5515,13.334,13.947,0.00201,35.968,0.06567,11.57,8.3407,8.295899999999998,8.015399999999998,0.77312,10
2020-10-15 17:18:00,1.6941,-1.0084,119.99,8.5313,13.334,13.903,0.0003699999999999,31.271,0.00595,11.522,8.295999999999998,8.2443,7.9903,0.0,10
2020-10-15 17:19:00,1.6952,-1.097,120.0,8.5305,13.337,13.859,0.00055,28.403,0.01435,11.477,8.314199999999998,8.1792,7.865,-0.19328,10
2020-10-15 17:20:00,1.6944,-1.1635,119.89,8.5289,13.335,13.812,-0.0056699999999999,25.317,-0.14041,11.444,8.1947,8.1142,7.776799999999999,-1.2149,10
2020-10-15 17:21:00,1.6952,-1.0195,120.08,8.505,13.337,13.772,-0.00804,24.104,-0.1935,11.396,8.1339,8.038,7.7748,-1.353,10
2020-10-15 17:22:00,1.6949,-0.98622,119.98,8.477299999999998,13.339,13.737,-0.01188,20.492,-0.23621,11.377,8.0872,7.9955,7.6651,-1.7947,10
2020-10-15 17:23:00,1.6955,-1.0749,119.99,8.4571,13.339,13.686,-0.00677,18.726,-0.12493,11.309,7.9633,7.9927,7.719,-1.988,10
2020-10-15 17:24:00,1.6977,-1.0305,119.91,8.4322,13.341,13.648,-0.01518,18.128,-0.27561,11.272,7.944099999999999,7.9406,7.6956,-1.9881,10
2020-10-15 17:25:00,1.6958,-1.0527,119.9,8.3924,13.341,13.6,-0.0062199999999999,15.556,-0.0998499999999999,11.24,7.8991,7.862,7.6092,-1.9881,10
2020-10-15 17:26:00,1.6947,-1.0416,119.86,8.360799999999998,13.342,13.566,-0.0117,15.056,-0.17499,11.214,7.8311,7.8206,7.5972,-2.209,10
2020-10-15 17:27:00,1.6947,-0.99731,119.92,8.291,13.344,13.518,-0.01883,14.414,-0.27348,11.181,7.8937,7.7299,7.437,-2.3747,10
2020-10-15 17:28:00,1.6955,-1.0195,119.95,8.1882,13.345,13.475,-0.01225,14.945,-0.1829099999999999,11.119,7.7362,7.7131,7.4448,-2.3471,10
2020-10-15 17:29:00,1.6966,-1.0638,119.93,8.1235,13.346,13.431,-0.00512,16.871,-0.0854899999999999,11.079,7.8025,7.688399999999999,7.3514,-2.0709,10
2020-10-15 17:30:00,1.6966,-1.0416,119.89,8.1017,13.35,13.385,-0.00987,19.24,-0.1865999999999999,11.029,7.7739,7.6815,7.3375,-1.9329,10
2020-10-15 17:31:00,1.6952,-1.0306,119.82,8.0912,13.348,13.334,-0.01115,20.227,-0.22264,10.974,7.6811,7.6741,7.320999999999999,-1.712,10
2020-10-15 17:32:00,1.6963,-1.0527,119.79,8.117,13.35,13.294,-0.01481,19.527,-0.28854,10.943,7.7036,7.684,7.2972,-1.7396,10
2020-10-15 17:33:00,1.6961,-1.0749,119.81,8.1293,13.35,13.247,-0.01554,17.991,-0.2796,10.901,7.694,7.632399999999999,7.3255,-1.933,10
2020-10-15 17:34:00,1.6947,-1.0527,119.78,8.1455,13.351,13.205,-0.01755,15.242,-0.27012,10.877,7.7758,7.5523,7.2117,-1.9882,10
2020-10-15 17:35:00,1.6974,-1.0527,119.76,8.1697,13.352,13.156,-0.01554,13.48,-0.2059,10.833,7.7766,7.5454,7.2259,-2.0434,10
2020-10-15 17:36:00,1.6994,-0.953,119.81,8.2084,13.352,13.104,-0.01627,9.3233,-0.14535,10.797,7.6016,7.523799999999999,7.1881,-2.292,10
2020-10-15 17:37:00,1.6988,-1.086,119.8,8.2157,13.356,13.056,-0.0190199999999999,8.880599999999998,-0.1693,10.753,7.514,7.5462,7.210499999999999,-3.148,10
2020-10-15 17:38:00,1.6969,-1.0417,119.72,8.2344,13.356,13.015,-0.01518,9.7793,-0.1487499999999999,10.714,7.4675,7.5495,7.2544,-3.4794,10
2020-10-15 17:39:00,1.6972,-0.99733,119.7,8.2515,13.357,12.969,-0.01554,8.123599999999998,-0.12463,10.689,7.5693,7.5035,7.1741,-3.949,10
2020-10-15 17:40:00,1.6975,-1.0306,119.62,8.2515,13.359,12.915,-0.01847,5.4807,-0.09972,10.657,7.562,7.4751,7.1155,-3.9766,10
2020-10-15 17:41:00,1.6966,-0.97517,119.59,8.2302,13.358,12.882,-0.01408,3.4,-0.04752,10.631,7.5997,7.466599999999999,7.1316,-3.9766,10
2020-10-15 17:42:00,1.6969,-0.96409,119.59,8.1819,13.36,12.837,-0.0201099999999999,2.6784,-0.05442,10.584,7.5301,7.3865,7.1264,-3.9766,10
2020-10-15 17:43:00,1.6975,-0.94192,119.53,8.0784,13.361,12.795,-0.0191999999999999,2.1073,-0.0408699999999999,10.542,7.4607,7.323299999999999,7.0632,-3.9766,10
2020-10-15 17:44:00,1.6977,-1.0195,119.66,7.9094,13.362,12.748,-0.01426,3.2406,-0.04497,10.47,7.4081,7.2701,7.0471,-3.9766,10
2020-10-15 17:45:00,1.6964,-0.96409,119.54,7.8052,13.362,12.705,-0.0267,1.0713,-0.03321,10.431,7.3775,7.231,6.9989,-3.9767,10
2020-10-15 17:46:00,1.6958,-0.99733,119.54,7.7341,13.365,12.65,-0.0179199999999999,1.3724,-0.03108,10.368,7.2301,7.2014,7.0169,-3.9767,10
2020-10-15 17:47:00,1.6966,-0.97517,119.56,7.7083,13.367,12.609,-0.01883,0.90312,-0.01789,10.337,7.3528,7.1839,6.9504,-3.9766,10
2020-10-15 17:48:00,1.6972,-0.96409,119.56,7.7624,13.366,12.565,-0.01463,0.6109299999999999,-0.01614,10.298,7.3322,7.2145,6.955,-3.9766,10
2020-10-15 17:49:00,1.6975,-1.0084,119.58,7.7754,13.368,12.522,-0.01408,0.2036399999999999,0.0032599999999999,10.254,7.315,7.2232,6.956,-3.9766,10
2020-10-15 17:50:00,1.6972,-0.95301,119.49,7.8289,13.367,12.473,-0.0234,0.71718,-0.01754,10.213,7.2615,7.2342,7.0091,-3.9767,10
2020-10-15 17:51:00,1.6977,-0.95301,119.53,7.870199999999999,13.37,12.426,-0.01719,0.66849,-0.01082,10.177,7.2337,7.2274,7.0114,-3.9767,10
2020-10-15 17:52:00,1.6983,-0.98625,119.58,7.8993,13.373,12.379,-0.01591,-0.73047,0.01346,10.147,7.2851,7.1456,6.9177,-3.9767,10
2020-10-15 17:53:00,1.6975,-0.99734,119.46,7.8888,13.372,12.34,-0.02212,0.5356699999999999,-0.01488,10.12,7.2892,7.135,6.9176,-3.9767,10
2020-10-15 17:54:00,1.6977,-0.94193,119.53,7.889599999999999,13.372,12.289,-0.02121,0.53568,-0.01406,10.084,7.2558,7.1934,6.9648,-3.9767,10
2020-10-15 17:55:00,1.6977,-0.97517,119.47,7.8541,13.375,12.244,-0.0202999999999999,0.7216099999999999,-0.01486,10.062,7.4703,7.2222,6.8856,-3.9767,10
2020-10-15 17:56:00,1.6969,-0.94193,119.45,7.545,13.376,12.206,-0.01865,0.81015,-0.01358,9.9621,7.402,7.3116,7.0108,-3.8386,10
2020-10-15 17:57:00,1.6977,-0.93085,119.52,7.0434,13.376,12.158,-0.01225,0.01771,0.0014599999999999,9.8205,7.4161,7.277999999999999,6.9786,-3.5348,10
2020-10-15 17:58:00,1.6975,-0.98626,119.49,6.7492,13.377,12.116,-0.0202999999999999,-0.17266,0.00642,9.7042,7.396,7.1934,6.8848,-3.3415,10
2020-10-15 17:59:00,1.698,-1.0306,119.56,6.5376,13.377,12.066,-0.0213899999999999,0.23021,-0.00523,9.5747,7.242,7.1515,6.8591,-3.3415,10
2020-10-15 18:00:00,1.6983,-1.0527,119.55,6.4198,13.377,12.028,-0.02798,-0.5799499999999999,0.0157799999999999,9.4739,7.1358,7.0755,6.7991,-3.2311,10
2020-10-15 18:01:00,1.6969,-1.0417,119.55,6.3236,13.378,11.978,-0.01938,0.41614,-0.0072899999999999,9.373,7.1439,6.9861,6.6816,-3.3692,10
2020-10-15 18:02:00,1.6972,-0.98626,119.61,6.2167,13.377,11.933,-0.01938,-0.3718699999999999,0.0085,9.2684,7.0457,6.909,6.5911,-3.3693,10
2020-10-15 18:03:00,1.698,-1.0084,119.56,6.1399,13.381,11.889,-0.02706,0.00885,-0.00263,9.1587,6.9475,6.8689,6.5503,-3.4797,10
2020-10-15 18:04:00,1.7022,-1.0195,119.63,6.1207,13.383,11.848,-0.02176,0.0885399999999999,0.00493,9.0857,6.9247,6.7928,6.4734,-3.3417,10
2020-10-15 18:05:00,1.7046,-1.0084,119.64,6.0681,13.384,11.796,-0.01481,-0.46927,0.0056699999999999,9.0019,6.7655,6.736,6.4482,-3.5074,10
2020-10-15 18:06:00,1.7024,-1.0306,119.78,5.9913,13.386,11.753,-0.0191999999999999,0.34531,-0.00572,8.9138,6.7227,6.656,6.3899,-3.4798,10
2020-10-15 18:07:00,1.7024,-1.0638,119.86,5.9137,13.388,11.71,-0.01463,-0.19922,0.00519,8.8307,6.7437,6.6076,6.3092,-3.4798,10
2020-10-15 18:08:00,1.7019,-0.98626,119.79,5.8558,13.389,11.669,-0.0263299999999999,-0.02214,0.0021299999999999,8.7522,6.6361,6.5772,6.29,-3.535,10
2020-10-15 18:09:00,1.7016,-1.0084,119.81,5.7998,13.39,11.626,-0.01408,-0.1770799999999999,-0.00029,8.681599999999998,6.6523,6.4986,6.1819,-3.3141,10
2020-10-15 18:10:00,1.7022,-1.0971,119.79,5.7462,13.39,11.584,-0.0215799999999999,-0.0974,-0.00315,8.602399999999998,6.5545,6.4675,6.1655,-3.2865,10
2020-10-15 18:11:00,1.7016,-1.0417,119.82,5.6704,13.391,11.541,-0.01883,-0.40286,0.0077099999999999,8.526199999999998,6.4795,6.4345,6.1248,-3.3141,10
2020-10-15 18:12:00,1.7035,-1.086,119.8,5.5953,13.392,11.497,-0.0213899999999999,-0.3276,0.01145,8.4574,6.4399,6.3591,6.0353,-3.2865,10
2020-10-15 18:13:00,1.7011,-1.0527,119.84,5.5738,13.395,11.455,-0.02414,0.42057,-0.00999,8.403399999999998,6.3554,6.3084,5.9852,-3.2313,10
2020-10-15 18:14:00,1.703,-1.1303,119.78,5.5347,13.397,11.414,-0.02213,0.0708499999999999,-0.00117,8.3474,6.3098,6.2318,5.9009,-3.397,10
2020-10-15 18:15:00,1.7023,-1.1082,119.9,5.5243,13.398,11.364,-0.01938,-0.5932699999999999,0.0093299999999999,8.297,6.2634,6.1742,5.8242,-3.3694,10
2020-10-15 18:16:00,1.7014,-1.0861,119.89,5.4781,13.4,11.322,-0.0256,0.23022,-0.0052399999999999,8.2339,6.2218,6.1699,5.8593,-3.3694,10
2020-10-15 18:17:00,1.7017,-1.0528,119.88,5.3923,13.401,11.27,-0.02194,-0.59326,0.0125299999999999,8.1598,6.1853,6.1277,5.7834,-3.397,10
2020-10-15 18:18:00,1.7023,-1.1082,119.96,5.35,13.402,11.227,-0.02487,0.10183,-0.0072399999999999,8.1079,6.1537,6.0876,5.7594,-3.1208,10
2020-10-15 18:19:00,1.7017,-1.075,119.85,5.3333,13.403,11.184,-0.02194,0.25678,-0.0064999999999999,8.064,6.1201,6.0562,5.7118,-3.1761,10
2020-10-15 18:20:00,1.7033,-1.0085,119.92,5.3009,13.403,11.136,-0.02066,-1.1378,0.02296,8.0243,6.0978,6.0029,5.6296,-3.2591,10
2020-10-15 18:21:00,1.7011,-1.086,119.78,5.257,13.404,11.087,-0.01975,-1.0758,0.01976,7.9545,6.0517,5.9491,5.5828,-3.2038,10
2020-10-15 18:22:00,1.702,-1.086,119.83,5.229,13.405,11.032,-0.0290699999999999,0.22136,-0.00948,7.8925,5.9613,5.8755,5.5535,-3.2038,10
2020-10-15 18:23:00,1.7023,-1.075,119.73,5.2002,13.406,10.99,-0.0213899999999999,0.78364,-0.01686,7.8493,5.8181,5.8504,5.5776,-3.3973,10
2020-10-15 18:24:00,1.7023,-1.0861,119.78,5.1699,13.408,10.947,-0.01518,-0.3010599999999999,0.00299,7.812299999999999,5.7992,5.8203,5.5285,-3.3973,10
2020-10-15 18:25:00,1.7023,-1.1969,119.81,5.1427,13.41,10.901,-0.0177399999999999,0.2656399999999999,-0.0041099999999999,7.7698,5.7537,5.8085,5.5125,-3.3697,10
2020-10-15 18:26:00,1.7026,-1.0085,119.84,5.1266,13.41,10.853,-0.03182,1.0006,-0.0376099999999999,7.7233,5.7611,5.7343,5.4558,-3.3421,10
2020-10-15 18:27:00,1.7018,-1.1305,119.81,5.0772,13.412,10.807,-0.02121,0.02214,0.00157,7.6928,5.8514,5.6321,5.3226,-3.3421,10
2020-10-15 18:28:00,1.7021,-1.0085,119.86,5.0325,13.411,10.763,-0.02213,0.92094,-0.01984,7.6382,5.6891,5.6138,5.3683,-3.3421,10
2020-10-15 18:29:00,1.7029,-1.0085,119.83,5.003,13.414,10.712,-0.02578,1.0538,-0.02027,7.599199999999998,5.6,5.55,5.3179,-3.3697,10
2020-10-15 18:30:00,1.7023,-1.0639,119.79,4.9926,13.416,10.664,-0.02048,0.86336,-0.02101,7.5709,5.5364,5.4914,5.2345,-3.4526,10
2020-10-15 18:31:00,1.7018,-1.1969,119.88,4.9815,13.417,10.614,-0.02231,0.3630599999999999,-0.0061799999999999,7.5509,5.588,5.4241,5.1039,-3.3145,10
2020-10-15 18:32:00,1.701,-1.0972,119.86,4.9609,13.418,10.566,-0.0213999999999999,1.0538,-0.0215599999999999,7.5044,5.5153,5.4013,5.0853,-3.4803,10
2020-10-15 18:33:00,1.704,-1.1526,119.81,4.9752,13.419,10.518,-0.02414,-0.16825,0.00464,7.473,5.4838,5.3473,5.001,-3.7289,10
2020-10-15 18:34:00,1.7023,-1.0861,119.83,5.0184,13.42,10.474,-0.02249,0.11069,-0.00495,7.4528,5.4304,5.3545,4.9906,-3.6185,10
2020-10-15 18:35:00,1.7005,-1.0418,119.9,5.036,13.422,10.426,-0.01957,1.1291,-0.0214799999999999,7.431,5.3874,5.3114,4.9602,-3.5633,10
2020-10-15 18:36:00,1.7024,-1.0529,119.82,5.0217,13.422,10.376,-0.02414,1.1424,-0.02893,7.386999999999999,5.2784,5.2756,4.9652,-3.6185,10
2020-10-15 18:37:00,1.7019,-1.0529,119.66,5.0072,13.423,10.325,-0.02615,0.797,-0.0205599999999999,7.359,5.1765,5.2385,4.8977,-3.7014,10
2020-10-15 18:38:00,1.7022,-1.1638,119.65,4.9743,13.422,10.284,-0.02451,-0.031,0.00079,7.3338,5.1356,5.1765,4.8512,-3.5909,10
2020-10-15 18:39:00,1.7044,-1.0973,119.69,4.9162,13.425,10.231,-0.02451,-0.13727,0.00462,7.290199999999999,5.1158,5.1018,4.7475,-3.95,10
2020-10-15 18:40:00,1.7019,-1.0529,119.72,4.8667,13.425,10.183,-0.02963,0.94758,-0.02841,7.256,5.0907,5.0132,4.678,-3.9777,10
2020-10-15 18:41:00,1.7025,-1.1195,119.76,4.8339,13.427,10.152,-0.0288999999999999,-0.51365,0.01537,7.242,5.0498,4.9583,4.5694,-3.9777,10
2020-10-15 18:42:00,1.7023,-1.0751,119.71,4.7798,13.429,10.09,-0.01372,0.65092,-0.0069899999999999,7.1705,4.8773,4.9449,4.6308,-3.9777,10
2020-10-15 18:43:00,1.7025,-1.0862,119.84,4.7057,13.428,10.046,-0.01408,1.2044,-0.01685,7.1323,4.9897,4.896,4.5614,-3.9778,10
2020-10-15 18:44:00,1.7031,-1.053,119.84,4.6691,13.428,9.9954,-0.02853,0.0398499999999999,-0.0053499999999999,7.0872,4.8803,4.8557,4.533,-3.9778,10
2020-10-15 18:45:00,1.7028,-1.0863,119.84,4.6492,13.429,9.9511,-0.0263399999999999,0.5313799999999999,-0.01549,7.0511,4.8412,4.8433,4.5101,-3.9778,10
2020-10-15 18:46:00,1.7023,-1.0308,119.83,4.6293,13.432,9.8963,-0.02743,-0.3011099999999999,0.00953,7.0121,4.8514,4.7451,4.4188,-3.9502,10
2020-10-15 18:47:00,1.7032,-1.0641,119.86,4.5815,13.433,9.851,-0.0287099999999999,0.1859899999999999,-0.00384,6.9574,4.7683,4.7521,4.4533,-3.9778,10
2020-10-15 18:48:00,1.7029,-1.0863,119.83,4.5401,13.435,9.8032,-0.0299899999999999,0.0398499999999999,0.00159,6.9234,4.744,4.6996,4.4008,-3.9502,10
2020-10-15 18:49:00,1.7018,-1.1195,119.83,4.495,13.435,9.7573,-0.02981,0.24798,-0.00627,6.8723,4.6969,4.6743,4.3678,-3.9226,10
2020-10-15 18:50:00,1.7048,-1.1195,119.79,4.4536,13.437,9.7119,-0.03109,-0.01771,0.0025999999999999,6.8343,4.6517,4.6524,4.3472,-3.895,10
2020-10-15 18:51:00,1.7057,-1.1085,119.84,4.4281,13.438,9.662400000000002,-0.02085,0.11956,-0.00152,6.7874,4.6074,4.5926,4.2803,-3.7845,10
2020-10-15 18:52:00,1.7051,-1.0752,119.84,4.3937,13.441,9.6166,-0.0237799999999999,-0.0088599999999999,0.00387,6.7476,4.5533,4.5237,4.2509,-3.9502,10
2020-10-15 18:53:00,1.7051,-1.0974,119.92,4.3841,13.44,9.5675,-0.02798,0.031,0.00119,6.7137,4.4375,4.4594,4.2006,-3.9226,10
2020-10-15 18:54:00,1.7049,-1.0974,119.93,4.3682,13.44,9.5216,-0.02231,-0.17271,0.00412,6.6703,4.449,4.444,4.1402,-3.9779,10
2020-10-15 18:55:00,1.7054,-1.0974,119.93,4.3385,13.441,9.4776,-0.0237799999999999,-0.04428,0.0044999999999999,6.6282,4.4116,4.4264,4.1211,-3.9779,10
2020-10-15 18:56:00,1.7046,-1.175,119.88,4.3099,13.441,9.4319,-0.02323,0.04871,-0.0041599999999999,6.5942,4.3739,4.4021,4.0651,-3.9779,10
2020-10-15 18:57:00,1.7038,-1.1528,119.85,4.3322,13.444,9.3843,-0.02926,0.0,-0.0002599999999999,6.5618,4.3914,4.3569,3.9909,-3.9779,10
2020-10-15 18:58:00,1.7043,-1.1639,119.86,4.3692,13.445,9.3298,-0.03091,-0.0088599999999999,0.00079,6.5223,4.3475,4.3524,3.973,-3.9779,10
2020-10-15 18:59:00,1.7041,-1.0752,119.88,4.3748,13.446,9.291200000000002,-0.02341,-0.30113,0.00696,6.499,4.3092,4.2824,3.9502,-3.9779,10
2020-10-15 19:00:00,1.7046,-1.1085,120.0,4.3581,13.447,9.2436,-0.02469,0.15057,-0.0101499999999999,6.4546,4.2591,4.2301,3.8831,-3.9779,10
2020-10-15 19:01:00,1.7041,-1.042,119.95,4.3288,13.448,9.1979,-0.02414,-0.25685,0.00685,6.4199,4.1784,4.1932,3.8059,-3.8951,10
2020-10-15 19:02:00,1.7041,-1.1085,119.94,4.2755,13.45,9.1487,-0.0261599999999999,-0.11957,0.0064,6.3711,4.1738,4.1449,3.7611,-3.978,10
2020-10-15 19:03:00,1.7043,-1.042,119.94,4.2477,13.451,9.1081,-0.0274399999999999,-0.04428,-0.0025999999999999,6.3339,4.0941,4.1202,3.7844,-3.978,10
2020-10-15 19:04:00,1.7035,-1.1085,119.92,4.2128,13.45,9.066,-0.03073,0.07528,-0.00281,6.3014,4.0714,4.0509,3.6981,-3.9503,10
2020-10-15 19:05:00,1.7032,-1.0642,119.98,4.1913,13.454,9.0203,-0.0276199999999999,0.2701399999999999,-0.0045999999999999,6.2583,3.9928,3.9964,3.652,-3.9503,10
2020-10-15 19:06:00,1.7041,-1.1196,119.96,4.1691,13.454,8.971,-0.0263399999999999,-0.2524199999999999,0.01008,6.227,3.9551,3.9347,3.5952,-3.9779,10
2020-10-15 19:07:00,1.7035,-1.1307,119.99,4.1659,13.455,8.9272,-0.03384,0.30556,-0.01026,6.1858,3.8848,3.9476,3.5884,-3.9779,10
2020-10-15 19:08:00,1.7035,-1.1307,120.06,4.1572,13.457,8.8832,-0.02908,-0.11957,0.0053,6.1536,3.9625,3.8878,3.4508,-3.9503,10
2020-10-15 19:09:00,1.7033,-1.175,119.94,4.1393,13.456,8.8445,-0.0267,-0.4118499999999999,0.01301,6.1154,3.8275,3.86,3.4548,-3.9779,10
2020-10-15 19:10:00,1.7035,-1.1418,120.09,4.1093,13.454,8.8042,-0.0274399999999999,0.4827099999999999,-0.01095,6.0777,3.7917,3.8058,3.4239,-3.9779,10
2020-10-15 19:11:00,1.7024,-1.0974,120.06,4.0799,13.456,8.747999999999998,-0.02835,-1.2621,0.03409,6.0296,3.7315,3.7152,3.3121,-3.9779,10
2020-10-15 19:12:00,1.7046,-1.1418,120.04,4.0508,13.457,8.7111,-0.02725,-0.56242,0.01255,5.9995,3.8008,3.6745,3.2296,-3.9779,10
2020-10-15 19:13:00,1.7041,-1.1196,120.03,4.0026,13.457,8.6567,-0.02561,0.2524199999999999,-0.0091599999999999,5.9421,3.7128,3.5984,3.2517,-3.9779,10
2020-10-15 19:14:00,1.7033,-1.1418,120.08,3.9509,13.459,8.6234,-0.0299999999999999,-0.4782799999999999,0.01574,5.9022,3.5831,3.5485,3.2413,-3.9779,10
2020-10-15 19:15:00,1.7022,-1.1085,120.11,3.9201,13.461,8.5724,-0.03055,-1.0363,0.02986,5.8539,3.5007,3.4781,3.1807,-3.9779,10
2020-10-15 19:16:00,1.7044,-1.1196,120.03,3.906,13.459,8.5304,-0.0261599999999999,0.04871,-0.00425,5.8053,3.3947,3.4187,3.1821,-3.9779,10
2020-10-15 19:17:00,1.7035,-1.1085,120.14,3.902,13.461,8.483,-0.02359,-1.2134,0.0270199999999999,5.783,3.4062,3.3327,3.0261,-3.9779,10
2020-10-15 19:18:00,1.7035,-1.0974,120.02,3.8728,13.463,8.4532,-0.0237799999999999,-0.90785,0.0200299999999999,5.7579,3.4255,3.3104,2.979,-3.9779,10
2020-10-15 19:19:00,1.7035,-1.1085,120.09,3.8309,13.463,8.404099999999998,-0.0276199999999999,1.0496,-0.02944,5.6819,3.3251,3.2382,2.9528,-3.9779,10
2020-10-15 19:20:00,1.703,-1.1085,120.1,3.7873,13.465,8.3656,-0.0267,1.2488,-0.03291,5.6382,3.2713,3.1618,2.8763,-3.9779,10
2020-10-15 19:21:00,1.7033,-1.1418,120.07,3.759,13.467,8.316499999999998,-0.02725,0.5491399999999999,-0.01367,5.5916,3.1694,3.1468,2.8627,-3.9779,10
2020-10-15 19:22:00,1.7033,-1.1085,120.17,3.6849,13.468,8.281399999999998,-0.02689,-0.48714,0.01315,5.5621,3.1673,3.086,2.7644,-3.9779,10
2020-10-15 19:23:00,1.7022,-1.0863,120.22,3.6531,13.466,8.2377,-0.0274399999999999,0.527,-0.01004,5.5131,3.1153,3.0934,2.7435,-3.9779,10
2020-10-15 19:24:00,1.703,-1.1307,120.19,3.6804,13.468,8.1956,-0.02835,0.031,-0.00436,5.487,3.1272,3.0396,2.6501,-3.978,10
2020-10-15 19:25:00,1.7038,-1.0753,120.14,3.6683,13.468,8.151799999999998,-0.02725,1.2843,-0.0344599999999999,5.424,2.9926,2.9926,2.6886,-3.978,10
2020-10-15 19:26:00,1.7033,-1.1085,120.11,3.6461,13.471,8.1151,-0.02469,-0.031,0.00202,5.3955,2.4715,2.9131,2.6274,-3.978,10
2020-10-15 19:27:00,1.7013,-1.0309,120.2,3.6218,13.473,8.0748,-0.02798,0.07086,0.0044799999999999,5.3529,3.22,2.8427,2.4835,-3.978,10
2020-10-15 19:28:00,1.7024,-1.0974,120.17,3.6209,13.472,8.0381,-0.02213,-0.23028,0.01051,5.3371,3.3791,2.795,2.399,-3.978,10
2020-10-15 19:29:00,1.7027,-1.0753,120.14,3.6534,13.473,7.9908,-0.02561,-0.3941399999999999,0.01182,5.308,2.9332,2.7671,2.3477,-3.978,10
2020-10-15 19:30:00,1.7033,-1.0531,120.15,3.6733,13.474,7.9541,-0.0276199999999999,-0.07086,0.00555,5.2745,2.9208,2.7327,2.309,-3.978,10
2020-10-15 19:31:00,1.7036,-1.0753,120.21,3.6756,13.472,7.9139,-0.03164,0.42514,-0.01093,5.2348,2.8646,2.6921,2.2974,-3.978,10
2020-10-15 19:32:00,1.703,-1.1085,120.18,3.6582,13.475,7.8701,-0.02853,0.682,-0.0174699999999999,5.1831,2.7823,2.6317,2.2504,-3.978,10
2020-10-15 19:33:00,1.7019,-1.0974,120.2,3.6378,13.477,7.8334,-0.0349399999999999,0.03543,-0.00317,5.1743,2.8491,2.584,2.1495,-3.9781,10
2020-10-15 19:34:00,1.7033,-1.1529,120.24,3.6187,13.476,7.788,-0.02725,0.07971,-0.00111,5.1258,2.7134,2.5699,2.1368,-3.9781,10
2020-10-15 19:35:00,1.7024,-1.1085,120.15,3.5782,13.478,7.7565,-0.0299999999999999,-0.51814,0.01423,5.0921,2.705,2.512,2.0697,-3.9781,10
2020-10-15 19:36:00,1.7041,-1.175,120.26,3.5183,13.479,7.7111,-0.02561,0.2745699999999999,-0.00711,5.0224,2.5905,2.4568,2.059,-3.9782,10
2020-10-15 19:37:00,1.7033,-1.1418,120.22,3.4921,13.482,7.676199999999999,-0.02945,0.1284299999999999,0.0008199999999999,5.0049,2.6669,2.4243,1.9565,-3.9782,10
2020-10-15 19:38:00,1.7041,-1.1639,120.26,3.4921,13.48,7.6307,-0.02707,-0.1904299999999999,0.00523,4.9607,2.5772,2.423,1.9544,-3.9782,10
2020-10-15 19:39:00,1.703,-1.1307,120.3,3.5157,13.479,7.5993,-0.03109,-0.07086,0.0014499999999999,4.953,2.7413,2.4521,1.9261,-3.9783,10
2020-10-15 19:40:00,1.7049,-1.0974,120.32,3.5427,13.481,7.5574,-0.02433,-0.05314,0.0083899999999999,4.9215,2.7259,2.4423,1.9539,-3.9783,10
2020-10-15 19:41:00,1.7047,-1.1085,120.35,3.545,13.48,7.5225,-0.0327399999999999,-0.42957,0.0137,4.911,2.8137,2.4601,1.9201,-3.9783,10
2020-10-15 19:42:00,1.7055,-1.2305,120.3,3.542,13.483,7.4771,-0.0380399999999999,0.2214299999999999,-0.0045599999999999,4.8676,2.7603,2.4852,1.9671,-3.8955,10
2020-10-15 19:43:00,1.7047,-1.1085,120.42,3.55,13.484,7.4579,-0.0336499999999999,-0.1461399999999999,0.01173,4.8687,2.878,2.5514,2.0142,-3.8955,10
2020-10-15 19:44:00,1.706,-1.1418,120.45,3.5541,13.482,7.409,-0.02908,-0.42957,0.01128,4.8436,2.915,2.5381,1.9925,-3.6745,10
2020-10-15 19:45:00,1.7041,-1.1418,120.4,3.5318,13.486,7.3731,-0.02707,-0.1993,0.0026199999999999,4.8173,2.9473,2.5089,1.9511,-3.343,10
2020-10-15 19:46:00,1.705,-1.164,120.46,3.5263,13.486,7.3354,-0.03329,0.82374,-0.02955,4.7787,2.934,2.5161,1.9754,-3.3706,10
2020-10-15 19:47:00,1.7042,-1.1196,120.43,3.5206,13.488,7.2988,-0.03146,-1.2888,0.04046,4.7693,2.8723,2.4607,1.9072,-3.4259,10
2020-10-15 19:48:00,1.7056,-1.031,120.37,3.4925,13.487,7.262699999999999,-0.03384,-0.84589,0.02274,4.7337,2.951,2.4065,1.8168,-3.4536,10
2020-10-15 19:49:00,1.7028,-1.0642,120.42,3.479,13.487,7.2196,-0.0349399999999999,-0.96991,0.0336699999999999,4.6834,2.9041,2.3354,1.7591,-3.5089,10
2020-10-15 19:50:00,1.7034,-1.0975,120.45,3.4641,13.49,7.1883,-0.02415,0.93005,-0.02655,4.6322,2.8548,2.3208,1.8067,-3.647,10
2020-10-15 19:51:00,1.7048,-1.1419,120.46,3.4662,13.494,7.1487,-0.02927,-0.0088599999999999,0.0039699999999999,4.6029,2.7463,2.3317,1.822,-3.3984,10
2020-10-15 19:52:00,1.7065,-1.1973,120.37,3.4781,13.492,7.1229,-0.0310999999999999,0.15944,-0.0020799999999999,4.5897,2.7782,2.3595,1.8108,-3.6746,10
2020-10-15 19:53:00,1.7051,-1.1308,120.45,3.4807,13.492,7.0811,-0.0310999999999999,1.1471,-0.03475,4.5399,2.782,2.3045,1.7799,-3.7575,10
2020-10-15 19:54:00,1.7051,-1.1419,120.47,3.4763,13.492,7.045,-0.02908,-1.0851,0.03113,4.529,2.8014,2.3041,1.7433,-3.8957,10
2020-10-15 19:55:00,1.7059,-1.153,120.47,3.4859,13.494,7.0121,-0.0367699999999999,0.6023399999999999,-0.0259099999999999,4.4995,2.7641,2.3227,1.8051,-3.9233,10
2020-10-15 19:56:00,1.7054,-1.1308,120.51,3.4831,13.493,6.9721,-0.03091,-0.3366,0.00945,4.4804,2.8906,2.2369,1.6569,-3.8405,10
2020-10-15 19:57:00,1.7059,-1.153,120.56,3.493,13.496,6.9446,-0.03055,-0.77951,0.02202,4.4591,2.7992,2.2545,1.6667,-3.8129,10
2020-10-15 19:58:00,1.7057,-1.1419,120.58,3.4874,13.497,6.9082,-0.0323799999999999,-1.094,0.03901,4.426,2.7088,2.2262,1.6632,-3.73,10
2020-10-15 19:59:00,1.7065,-1.1752,120.63,3.4911,13.496,6.8716,-0.0367699999999999,0.0664399999999999,-0.0032299999999999,4.4027,2.7928,2.2148,1.6263,-3.3432,10
2020-10-15 20:00:00,1.706,-1.1752,120.43,3.4868,13.498,6.8406,-0.0374999999999999,0.5270599999999999,-0.0197099999999999,4.3631,2.6393,2.1708,1.6715,-3.6195,10
2020-10-15 20:01:00,1.7051,-1.1419,120.37,3.4718,13.496,6.8077,-0.03073,0.25246,-0.01324,4.3392,2.6746,2.1673,1.6,-3.8405,10
2020-10-15 20:02:00,1.7057,-1.0754,120.41,3.4657,13.5,6.7833,-0.03091,-1.0276,0.03463,4.3422,2.7561,2.1583,1.5392,-3.7301,10
2020-10-15 20:03:00,1.7063,-1.2084,120.64,3.458,13.503,6.7418,-0.03037,-0.03543,-0.004,4.2977,2.7928,2.1122,1.5101,-3.592,10
2020-10-15 20:04:00,1.706,-1.2639,120.72,3.4381,13.502,6.7106,-0.02945,-0.36319,0.01129,4.2599,2.6171,2.1479,1.6039,-3.5091,10
2020-10-15 20:05:00,1.7046,-1.1198,120.77,3.3973,13.505,6.6758,-0.0298199999999999,0.5314999999999999,-0.01676,4.2278,2.6973,2.0909,1.4959,-3.4261,10
2020-10-15 20:06:00,1.7065,-1.1087,120.44,3.3946,13.505,6.643,-0.02963,0.8504,-0.02418,4.1836,2.6276,2.0862,1.5407,-3.4261,10
2020-10-15 20:07:00,1.7057,-1.1863,120.4,3.3779,13.505,6.6153,-0.0320099999999999,-0.34105,0.0091699999999999,4.179,2.6625,2.0298,1.439,-3.4814,10
2020-10-15 20:08:00,1.7063,-1.1863,120.33,3.3618,13.504,6.5822,-0.0325599999999999,0.42963,-0.0191799999999999,4.143,2.5811,1.9901,1.4247,-3.4815,10
2020-10-15 20:09:00,1.7052,-1.1974,120.38,3.3426,13.505,6.5459,-0.0365899999999999,-0.65109,0.02581,4.0966,2.4646,1.899,1.3378,-3.7854,10
2020-10-15 20:10:00,1.7055,-1.1752,120.65,3.3292,13.506,6.5199,-0.03329,0.2878999999999999,-0.0108299999999999,4.0458,2.3301,1.8734,1.3986,-3.9789,10
2020-10-15 20:11:00,1.7049,-1.1309,120.65,3.2902,13.504,6.4851,-0.02835,-0.5536499999999999,0.0186899999999999,4.0108,2.3042,1.7632,1.2841,-3.9789,10
2020-10-15 20:12:00,1.7055,-1.1309,120.7,3.2516,13.504,6.4575,-0.03073,-0.59794,0.0174099999999999,3.9598,2.1695,1.7077,1.2888,-3.9789,10
2020-10-15 20:13:00,1.7057,-1.1641,120.64,3.1977,13.504,6.4314,-0.0349399999999999,0.3986299999999999,-0.0153899999999999,3.9138,2.0951,1.634,1.2845,-3.9789,10
2020-10-15 20:14:00,1.7057,-1.1198,120.68,3.1401,13.504,6.3967,-0.0325599999999999,-0.03543,-0.0001399999999999,3.8698,1.9631,1.5366,1.2488,-3.9789,10
2020-10-15 20:15:00,1.7057,-1.0643,120.65,3.0806,13.504,6.3743,-0.0323799999999999,-0.1063,0.00367,3.8381,1.9029,1.475,1.2035,-3.9789,10
2020-10-15 20:16:00,1.7052,-1.1641,120.66,3.0259,13.504,6.3343,-0.0298199999999999,-0.5757999999999999,0.0175799999999999,3.7803,1.7373,1.4021,1.1645,-3.9789,10
2020-10-15 20:17:00,1.7055,-1.1752,120.68,2.976,13.505,6.3066,-0.03586,0.2923299999999999,-0.0069699999999999,3.7297,1.6326,1.3101,1.0938,-4.0342,10
2020-10-15 20:18:00,1.7049,-1.1087,120.61,2.9253,13.505,6.2771,-0.0347599999999999,0.12845,-0.00755,3.6853,1.5441,1.2421,1.0116,-3.979,10
2020-10-15 20:19:00,1.7052,-1.2196,120.59,2.8501,13.506,6.2529,-0.03366,-0.42964,0.01476,3.6631,1.5068,1.2367,0.92747,-4.0066,10
2020-10-15 20:20:00,1.7044,-1.1974,120.52,2.802,13.507,6.2202,-0.03311,0.03543,-0.0038,3.6161,1.4576,1.1342,0.91432,-3.979,10
2020-10-15 20:21:00,1.7061,-1.1531,120.61,2.8123,13.509,6.1935,-0.0325599999999999,0.4074999999999999,-0.02153,3.5921,1.4476,1.1335,0.8930099999999999,-3.979,10
2020-10-15 20:22:00,1.7061,-1.1087,120.6,2.8321,13.509,6.1657,-0.03384,-0.0354399999999999,0.00164,3.5494,1.3182,1.1246,0.9402,-3.979,10
2020-10-15 20:23:00,1.7055,-1.1309,120.63,2.8557,13.51,6.1362,-0.0320099999999999,-0.3986399999999999,0.01214,3.5182,1.338,1.0756,0.92518,-3.9791,10
2020-10-15 20:24:00,1.7058,-1.2085,120.62,2.8778,13.51,6.1118,-0.03531,0.0265799999999999,-0.00059,3.4753,1.2538,1.0701,0.95022,-3.9791,10
2020-10-15 20:25:00,1.7053,-1.1642,120.63,2.8778,13.511,6.0805,-0.0342099999999999,-0.61568,0.02305,3.4418,1.2471,1.023,0.85909,-3.9791,10
2020-10-15 20:26:00,1.705,-1.1863,120.67,2.8805,13.51,6.051,-0.03531,-0.12402,0.0076,3.398,1.1662,1.0003,0.88389,-3.9791,10
2020-10-15 20:27:00,1.7044,-1.142,120.67,2.9003,13.512,6.0214,-0.02799,0.22147,-0.0037799999999999,3.3584,1.0655,0.98601,0.93563,-3.9791,10
2020-10-15 20:28:00,1.7052,-1.1309,120.7,2.8972,13.511,5.9919,-0.0310999999999999,-0.19932,0.01247,3.3323,1.0698,0.94419,0.88316,-3.9792,10
2020-10-15 20:29:00,1.7052,-1.1863,120.7,2.913,13.515,5.9659,-0.0276199999999999,-0.11959,0.0002799999999999,3.2969,0.97392,0.95548,0.95264,-3.9792,10
2020-10-15 20:30:00,1.7055,-1.1752,120.72,2.9312,13.513,5.9329,-0.0321999999999999,-0.18603,0.0047499999999999,3.2715,1.0002,0.8973499999999999,0.88812,-3.9239,10
2020-10-15 20:31:00,1.7061,-1.1531,120.7,2.9343,13.512,5.8965,-0.0325599999999999,-0.2923399999999999,0.01346,3.2342,0.94148,0.87195,0.8740799999999999,-3.5371,10
2020-10-15 20:32:00,1.7052,-1.1752,120.7,2.924,13.514,5.8687,-0.03073,-0.16389,0.0014,3.2119,0.93397,0.8587599999999999,0.86443,-3.3989,10
2020-10-15 20:33:00,1.7041,-1.1863,120.73,2.9129,13.515,5.8444,-0.0351199999999999,-0.2923399999999999,0.0034299999999999,3.1981,0.97331,0.84062,0.8711299999999998,-3.3713,10
2020-10-15 20:34:00,1.7047,-1.1642,120.71,2.8796,13.514,5.8149,-0.0320099999999999,0.2436099999999999,-0.0115099999999999,3.1629,0.8952999999999999,0.82647,0.89885,-3.3437,10
2020-10-15 20:35:00,1.705,-1.1864,120.75,2.8468,13.516,5.7949,-0.03549,0.07087,-0.0065199999999999,3.1376,0.87704,0.82666,0.92104,-3.4543,10
2020-10-15 20:36:00,1.7053,-1.1975,120.74,2.8112,13.517,5.7728,-0.03311,-0.2746299999999999,0.01108,3.1198,0.90734,0.82644,0.91088,-3.3438,10
2020-10-15 20:37:00,1.7053,-1.1975,120.69,2.778,13.516,5.7434,-0.0365899999999999,-0.2967699999999999,0.00194,3.0873,0.8605899999999999,0.8435599999999999,0.96135,-3.3714,10
2020-10-15 20:38:00,1.7045,-1.2085,120.69,2.7551,13.516,5.7241,-0.02909,-0.0265799999999999,0.00024,3.0729,0.89224,0.86245,0.99088,-3.8412,10
2020-10-15 20:39:00,1.7047,-1.1309,120.73,2.7575,13.516,5.6998,-0.0298199999999999,-0.12402,0.0048199999999999,3.0527,0.8769099999999999,0.90672,1.0656,-3.9517,10
2020-10-15 20:40:00,1.7055,-1.2196,120.66,2.7701,13.517,5.6651,-0.03311,-0.0354399999999999,0.00299,3.0327,0.8880599999999998,0.91716,1.0626,-3.9794,10
2020-10-15 20:41:00,1.7055,-1.1864,120.77,2.7985,13.517,5.6442,-0.03604,-0.23919,-0.0004099999999999,3.0116,0.8739299999999999,0.93213,1.0776,-3.9795,10
2020-10-15 20:42:00,1.7047,-1.2196,120.74,2.812,13.517,5.6181,-0.0274399999999999,-0.0088599999999999,-0.00429,2.9954,0.88317,0.8696899999999999,1.0357,-3.786,10
2020-10-15 20:43:00,1.7058,-1.1974,120.81,2.805,13.518,5.5974,-0.03586,-0.05315,-0.00266,2.9773,0.8642999999999998,0.8636,1.0566,-3.8137,10
2020-10-15 20:44:00,1.7053,-1.1974,120.79,2.8091,13.52,5.5695,-0.0420799999999999,0.0797299999999999,-0.0060299999999999,2.9507,0.87944,0.87306,1.071,-3.5373,10
2020-10-15 20:45:00,1.7066,-1.2418,120.79,2.8201,13.522,5.5383,-0.03275,-0.2746199999999999,0.00581,2.9292,0.89624,0.81534,0.97998,-3.3439,10
2020-10-15 20:46:00,1.705,-1.2196,120.82,2.821,13.521,5.5245,-0.0314699999999999,0.11959,-0.0054599999999999,2.904,0.8644699999999998,0.78924,0.97233,-3.3439,10
2020-10-15 20:47:00,1.7058,-1.2529,120.82,2.8092,13.522,5.4984,-0.03128,0.38979,-0.0122399999999999,2.8629,0.76,0.73729,0.91472,-3.4269,10
2020-10-15 20:48:00,1.705,-1.1974,120.84,2.7862,13.522,5.4724,-0.0299999999999999,-0.16832,0.00677,2.8247,0.6812599999999999,0.68979,0.86085,-3.3716,10
2020-10-15 20:49:00,1.7052,-1.1642,120.84,2.7868,13.522,5.4464,-0.0347599999999999,0.6555499999999999,-0.02084,2.793,0.67715,0.69988,0.8446799999999999,-3.3163,10
2020-10-15 20:50:00,1.7042,-1.1531,120.81,2.8113,13.524,5.4302,-0.0318299999999999,0.09302,0.00059,2.7894,0.69486,0.6884799999999999,0.8304399999999998,-3.3163,10
2020-10-15 20:51:00,1.7061,-1.1642,120.87,2.839,13.524,5.406,-0.03311,0.21262,-0.00821,2.7546,0.53776,0.67195,0.85224,-3.3163,10
2020-10-15 20:52:00,1.7045,-1.2418,120.85,2.8396,13.524,5.3836,-0.03128,-0.12403,0.00383,2.7306,0.5676999999999999,0.5918499999999999,0.7671999999999999,-3.3162,10
2020-10-15 20:53:00,1.7053,-1.1753,120.84,2.8054,13.525,5.3637,-0.03805,0.36323,-0.0074599999999999,2.6909,0.5058399999999998,0.57899,0.7230999999999999,-3.3162,10
2020-10-15 20:54:00,1.7042,-1.1975,120.83,2.75,13.525,5.3395,-0.02945,-0.26578,0.0076699999999999,2.6659,0.5041299999999999,0.5652,0.62768,-3.1504,10
2020-10-15 20:55:00,1.7048,-1.1864,120.9,2.7081,13.527,5.317,-0.0314699999999999,-0.2524899999999999,0.00502,2.6361,0.5147399999999999,0.51546,0.59569,-2.8741,10
2020-10-15 20:56:00,1.7053,-1.1642,120.88,2.6812,13.524,5.2975,-0.0347599999999999,-0.0310099999999999,-0.00498,2.608,0.5042999999999999,0.4901099999999999,0.59306,-2.8742,10
2020-10-15 20:57:00,1.7061,-1.264,120.79,2.6463,13.526,5.2767,-0.03037,0.1151699999999999,-0.0020899999999999,2.5794,0.36192,0.48479,0.65165,-2.9847,10
2020-10-15 20:58:00,1.7059,-1.2307,120.92,2.629,13.524,5.2559,-0.03878,0.09302,-0.00151,2.5414,0.36708,0.4793,0.6206,-3.2335,10
2020-10-15 20:59:00,1.7056,-1.2307,120.98,2.6251,13.527,5.2331,-0.03092,0.4783899999999999,-0.01446,2.5326,0.55568,0.41435,0.54076,-3.3164,10
2020-10-15 21:00:00,1.7047,-1.1642,120.94,2.6227,13.525,5.2106,-0.03073,-0.75744,0.0226699999999999,2.5037,0.4854299999999999,0.42648,0.52449,-3.3164,10
2020-10-15 21:01:00,1.7042,-1.142,120.94,2.6346,13.523,5.1986,-0.04061,0.031,0.0022399999999999,2.469,0.39455,0.3938499999999999,0.5514999999999999,-3.3165,10
2020-10-15 21:02:00,1.7056,-1.2751,120.95,2.5903,13.527,5.1787,-0.03696,-0.6688699999999999,0.02383,2.4397,0.3125999999999999,0.4077899999999999,0.53917,-3.1783,10
2020-10-15 21:03:00,1.7053,-1.131,121.05,2.5301,13.527,5.1527,-0.02817,0.96122,-0.0236899999999999,2.3967,0.2793399999999999,0.36175,0.50877,-2.4873,10
2020-10-15 21:04:00,1.7051,-1.1642,121.05,2.4796,13.527,5.1304,-0.03257,0.01329,0.00032,2.3835,0.36902,0.30225,0.39459,-2.211,10
2020-10-15 21:05:00,1.704,-1.1642,121.05,2.4282,13.526,5.1223,-0.03458,-0.3942399999999999,0.01803,2.3732,0.2635199999999999,0.3203599999999999,0.42335,-2.1281,10
2020-10-15 21:06:00,1.7054,-1.1753,121.09,2.3515,13.525,5.1051,-0.03586,-0.0974499999999999,0.0075599999999999,2.3495,0.32495,0.3022199999999999,0.3839099999999999,-2.4597,10
2020-10-15 21:07:00,1.7051,-1.1532,121.12,2.2911,13.527,5.088,-0.0338499999999999,0.08859,-0.0032499999999999,2.3393,0.3666099999999999,0.3318099999999999,0.3744299999999999,-2.2387,10
2020-10-15 21:08:00,1.7043,-1.1643,121.11,2.2634,13.527,5.0676,-0.03074,-0.11074,0.0070299999999999,2.3224,0.39581,0.3446699999999999,0.3446699999999999,-1.9899,10
2020-10-15 21:09:00,1.7046,-1.1199,121.14,2.2991,13.527,5.0521,-0.0340299999999999,0.2347799999999999,-0.01188,2.3082,0.41992,0.329,0.3481699999999999,-1.9899,10
2020-10-15 21:10:00,1.7051,-1.1199,121.15,2.3292,13.53,5.0333,-0.03787,-0.3942499999999999,0.01704,2.2928,0.36046,0.3796499999999999,0.33348,-1.9899,10
2020-10-15 21:11:00,1.7046,-1.131,121.16,2.3458,13.529,5.0145,-0.03495,0.09303,-0.0035799999999999,2.2627,0.28616,0.40337,0.33731,-1.9899,10
2020-10-15 21:12:00,1.7057,-1.1865,121.18,2.3552,13.531,4.9904,-0.0323799999999999,0.09746,-0.00256,2.249,0.46139,0.3555599999999999,0.23834,-1.9899,10
2020-10-15 21:13:00,1.7051,-1.1421,121.14,2.3786,13.531,4.9715,-0.0318299999999999,0.70877,-0.02009,2.2067,0.28116,0.36286,0.2875599999999999,-2.1558,10
2020-10-15 21:14:00,1.7054,-1.1976,121.15,2.3984,13.531,4.9596,-0.03495,-0.75307,0.0279599999999999,2.2103,0.3657599999999999,0.3195899999999999,0.14623,-2.598,10
2020-10-15 21:15:00,1.7057,-1.2197,121.17,2.4381,13.531,4.9458,-0.0347599999999999,0.2835099999999999,-0.00363,2.2049,0.4100599999999999,0.3340699999999999,0.1571599999999999,-2.9296,10
2020-10-15 21:16:00,1.7052,-1.0534,121.26,2.4793,13.531,4.9356,-0.03366,0.505,-0.01573,2.1954,0.32943,0.38484,0.21576,-3.0126,10
2020-10-15 21:17:00,1.7043,-1.1865,121.24,2.5212,13.533,4.9099,-0.0316499999999999,-0.4031199999999999,0.0160399999999999,2.212,0.5854399999999998,0.3588799999999999,0.10168,-2.7362,10
2020-10-15 21:18:00,1.7049,-1.1532,121.23,2.5631,13.533,4.8874,-0.03678,-0.2879399999999999,0.0110899999999999,2.2128,0.54358,0.4427499999999999,0.1940999999999999,-2.5151,10
2020-10-15 21:19:00,1.7063,-1.1754,121.3,2.6143,13.533,4.8779,-0.0365899999999999,0.13732,-0.0035799999999999,2.2195,0.60779,0.4678999999999999,0.2285,-2.2663,10
2020-10-15 21:20:00,1.7055,-1.1976,121.22,2.6294,13.533,4.8613,-0.03604,0.19492,-0.00387,2.2112,0.57752,0.49231,0.2579,-2.0729,10
2020-10-15 21:21:00,1.7061,-1.2309,121.33,2.6154,13.535,4.8457,-0.02781,0.11518,-0.00042,2.2225,0.7918899999999999,0.4709599999999999,0.1704499999999999,-2.2111,10
2020-10-15 21:22:00,1.7066,-1.242,121.36,2.6168,13.532,4.8267,-0.0336699999999999,-0.25251,0.0092599999999999,2.2211,0.7847699999999999,0.5412599999999999,0.20881,-2.1282,10
2020-10-15 21:23:00,1.7044,-1.2087,121.34,2.6081,13.534,4.8129,-0.02909,-0.15062,0.00557,2.2093,0.8468,0.52165,0.2218799999999999,-1.99,10
2020-10-15 21:24:00,1.7055,-1.2531,121.34,2.6072,13.533,4.8111,-0.0365899999999999,-0.09746,-3e-05,2.2295,0.94514,0.5618199999999999,0.21944,-1.99,10
2020-10-15 21:25:00,1.7056,-1.2087,121.29,2.607,13.534,4.7982,-0.03074,-0.19492,0.00031,2.2187,0.96476,0.6127,0.22417,-1.99,10
2020-10-15 21:26:00,1.7047,-1.1866,121.36,2.5777,13.533,4.7743,-0.03824,-0.25695,0.0076699999999999,2.1819,0.79879,0.5602399999999998,0.22781,-1.99,10
2020-10-15 21:27:00,1.7053,-1.2198,121.36,2.5388,13.536,4.7605,-0.0344,0.3366899999999999,-0.01195,2.1489,0.78698,0.48736,0.15346,-1.99,10
2020-10-15 21:28:00,1.7058,-1.1644,121.31,2.4793,13.536,4.743,-0.03422,-0.17721,0.00515,2.1051,0.6607199999999999,0.4114599999999999,0.09173,-2.0729,10
2020-10-15 21:29:00,1.705,-1.1866,121.4,2.4247,13.535,4.7257,-0.0329399999999999,-0.25695,0.00751,2.0693,0.6120299999999999,0.3478399999999999,0.03234,-2.294,10
2020-10-15 21:30:00,1.7056,-1.1976,121.32,2.3676,13.536,4.7119,-0.02525,-0.22594,0.00598,2.0299,0.5242299999999999,0.29198,-0.0306899999999999,-2.4875,10
2020-10-15 21:31:00,1.7058,-1.1865,121.45,2.2923,13.537,4.6962,-0.02671,-0.07974,-0.00423,1.983,0.5055399999999999,0.20577,-0.10771,-3.2338,10
2020-10-15 21:32:00,1.7047,-1.1976,121.41,2.271,13.536,4.6755,-0.03916,-0.18164,0.01372,1.9338,0.30564,0.1635399999999999,-0.0845599999999999,-3.3167,10
2020-10-15 21:33:00,1.705,-1.1976,121.44,2.2557,13.537,4.6599,-0.03348,0.0354399999999999,-0.00442,1.9019,0.31695,0.1279599999999999,-0.16566,-3.3167,10
2020-10-15 21:34:00,1.7055,-1.2198,121.47,2.1923,13.54,4.6442,-0.0386099999999999,-0.4518699999999999,0.01708,1.8563,0.23147,0.0644799999999999,-0.2369999999999999,-3.3443,10
2020-10-15 21:35:00,1.7061,-1.1754,121.45,2.129,13.539,4.6425,-0.0408,0.30125,-0.01386,1.8191,0.1550999999999999,0.02646,-0.2316499999999999,-3.3167,10
2020-10-15 21:36:00,1.7058,-1.1422,121.47,2.0682,13.54,4.6201,-0.0360499999999999,-0.53161,0.0176,1.7831,0.0670899999999999,-0.04453,-0.3261299999999999,-3.2614,10
2020-10-15 21:37:00,1.7056,-1.1866,121.47,1.9891,13.541,4.6056,-0.0316499999999999,0.0841699999999999,-0.01071,1.7381,-0.01787,-0.04204,-0.3236399999999999,-3.1232,10
2020-10-15 21:38:00,1.7056,-1.1422,121.43,1.9235,13.542,4.5935,-0.02964,-0.4253,0.01536,1.7324,0.0531299999999999,-0.07839,-0.4233299999999999,-2.7086,10
2020-10-15 21:39:00,1.7056,-1.1311,121.49,1.9121,13.542,4.5763,-0.0312899999999999,-0.3189799999999999,0.01532,1.6959,0.00302,-0.0965099999999999,-0.4364899999999999,-2.5981,10
2020-10-15 21:40:00,1.7064,-1.1644,121.49,1.9144,13.544,4.5518,-0.0333,0.09746,-0.0002,1.6535,-0.0373,-0.14751,-0.40854,-2.2111,10
2020-10-15 21:41:00,1.7061,-1.1311,121.47,1.9468,13.544,4.538,-0.03056,0.0310099999999999,0.0009799999999999,1.6184,-0.11236,-0.17494,-0.3776499999999999,-2.4599,10
2020-10-15 21:42:00,1.7053,-1.1089,121.52,1.9583,13.544,4.533,-0.0321999999999999,0.33227,-0.0108299999999999,1.5957,-0.13943,-0.1721399999999999,-0.38978,-2.5428,10
2020-10-15 21:43:00,1.7053,-1.1755,121.48,1.9535,13.546,4.5217,-0.0366,0.7088499999999999,-0.02443,1.5694,-0.12665,-0.2290399999999999,-0.43675,-2.7086,10
2020-10-15 21:44:00,1.7056,-1.1644,121.49,1.9591,13.545,4.501,-0.0329399999999999,-0.78417,0.02495,1.5415,-0.1702599999999999,-0.33098,-0.53305,-2.985,10
2020-10-15 21:45:00,1.7062,-1.1755,121.52,1.9575,13.543,4.4837,-0.03751,-0.21265,0.0130899999999999,1.4908,-0.251,-0.3783099999999999,-0.56616,-3.3167,10
2020-10-15 21:46:00,1.7056,-1.1977,121.52,1.9638,13.545,4.4781,-0.03586,0.1373399999999999,-0.00909,1.471,-0.30497,-0.4102399999999999,-0.57178,-3.3443,10
2020-10-15 21:47:00,1.7059,-1.1644,121.5,1.9757,13.545,4.4626,-0.0340299999999999,0.20379,-0.01171,1.437,-0.35691,-0.43231,-0.5909999999999999,-3.3443,10
2020-10-15 21:48:00,1.7056,-1.1533,121.44,2.0011,13.545,4.4383,-0.03275,-0.2525299999999999,0.00877,1.4041,-0.40836,-0.45887,-0.6118799999999999,-3.3167,10
2020-10-15 21:49:00,1.7064,-1.1977,121.45,2.0573,13.544,4.4312,-0.02946,0.0,-0.00221,1.3884,-0.44406,-0.46682,-0.54795,-3.3443,10
2020-10-15 21:50:00,1.7067,-1.1533,121.58,2.0953,13.547,4.4105,-0.03971,0.3234099999999999,-0.0112,1.3612,-0.38028,-0.46137,-0.5311099999999999,-3.4549,10
2020-10-15 21:51:00,1.7056,-1.2087,121.56,2.1311,13.547,4.3966,-0.0336699999999999,-0.47846,0.01372,1.3459,-0.47393,-0.49242,-0.53441,-3.4549,10
2020-10-15 21:52:00,1.7064,-1.1866,121.59,2.1446,13.547,4.3826,-0.0316499999999999,0.0044299999999999,-0.00152,1.324,-0.49446,-0.5236199999999999,-0.55352,-3.4825,10
2020-10-15 21:53:00,1.7045,-1.1755,121.58,2.1603,13.549,4.3688,-0.03092,0.16392,-0.0033899999999999,1.3016,-0.5040999999999999,-0.5524799999999999,-0.5724099999999999,-3.372,10
2020-10-15 21:54:00,1.7058,-1.1976,121.6,2.1632,13.55,4.348,-0.03971,-0.53605,0.02075,1.2836,-0.60474,-0.56203,-0.57413,-3.3443,10
2020-10-15 21:55:00,1.7064,-1.2198,121.59,2.1616,13.552,4.3289,-0.03239,0.12404,-0.00151,1.2509,-0.4710099999999999,-0.62828,-0.6467899999999999,-3.3167,10
2020-10-15 21:56:00,1.7055,-1.2198,121.6,2.1648,13.55,4.3099,-0.0314699999999999,0.1328999999999999,-0.00133,1.2212,-0.56628,-0.5769499999999999,-0.55418,-3.3443,10
2020-10-15 21:57:00,1.7069,-1.2753,121.55,2.1728,13.551,4.2967,-0.0336699999999999,-0.3234099999999999,0.01152,1.2149,-0.62663,-0.6195,-0.54691,-3.5931,10
2020-10-15 21:58:00,1.7053,-1.2531,121.55,2.1609,13.55,4.2903,-0.03275,0.45632,-0.0146599999999999,1.2099,-0.6878699999999999,-0.59036,-0.4992699999999999,-3.5655,10
2020-10-15 21:59:00,1.7056,-1.2198,121.61,2.1348,13.55,4.2748,-0.0384299999999999,-0.69555,0.02348,1.2234,-0.58111,-0.6522799999999999,-0.5932,-3.4549,10
2020-10-15 22:00:00,1.7056,-1.1311,121.68,2.0895,13.55,4.2579,-0.0404399999999999,-0.7354399999999999,0.0273599999999999,1.1973,-0.6664499999999999,-0.6543499999999999,-0.5988299999999999,-3.4826,10
2020-10-15 22:01:00,1.7051,-1.1755,121.7,2.0152,13.55,4.2273,-0.0362299999999999,-0.47848,0.01515,1.1608,-0.76995,-0.67312,-0.56066,-3.3996,10
2020-10-15 22:02:00,1.7059,-1.1866,121.72,1.9498,13.554,4.2136,-0.03513,-0.22595,0.00742,1.1604,-0.64719,-0.69345,-0.5994899999999999,-3.372,10
2020-10-15 22:03:00,1.7067,-1.1644,121.76,1.8883,13.553,4.2046,-0.0409899999999999,-0.3455699999999999,0.0137699999999999,1.1344,-0.72887,-0.6647899999999999,-0.56372,-3.372,10
2020-10-15 22:04:00,1.7056,-1.2088,121.78,1.8266,13.553,4.1958,-0.0366,-0.0930399999999999,-0.0008899999999999,1.1319,-0.62605,-0.6694499999999999,-0.55415,-3.4549,10
2020-10-15 22:05:00,1.7051,-1.2088,121.79,1.7862,13.554,4.1751,-0.02946,-0.3367,0.0114,1.1345,-0.64051,-0.64476,-0.5344499999999999,-3.4273,10
2020-10-15 22:06:00,1.7051,-1.1312,121.76,1.7671,13.552,4.1532,-0.03074,-0.0442999999999999,0.00032,1.121,-0.62843,-0.64195,-0.52736,-3.4273,10
2020-10-15 22:07:00,1.7059,-1.2199,121.62,1.7663,13.552,4.15,-0.0384299999999999,0.41203,-0.01951,1.1199,-0.61102,-0.6601099999999999,-0.47721,-3.3996,10
2020-10-15 22:08:00,1.7062,-1.1533,121.59,1.7576,13.555,4.1362,-0.03824,0.1506299999999999,-0.0096699999999999,1.0933,-0.6626699999999999,-0.68188,-0.47477,-3.5378,10
2020-10-15 22:09:00,1.7062,-1.1644,121.61,1.7386,13.556,4.116,-0.0378799999999999,-0.1639299999999999,0.00594,1.058,-0.7955999999999999,-0.71086,-0.5108599999999999,-3.7313,10
2020-10-15 22:10:00,1.7057,-1.1755,121.66,1.7038,13.555,4.0972,-0.0336699999999999,0.5803899999999999,-0.0224,1.0221,-0.85302,-0.7782299999999999,-0.54973,-3.9524,10
2020-10-15 22:11:00,1.7065,-1.1534,121.64,1.6911,13.556,4.0766,-0.03696,0.3012699999999999,-0.0157099999999999,1.0048,-0.78983,-0.7940899999999999,-0.6410299999999999,-3.8419,10
2020-10-15 22:12:00,1.7068,-1.1866,121.65,1.695,13.556,4.0666,-0.0358699999999999,-0.31014,0.01226,1.0055,-0.8617799999999999,-0.7613699999999999,-0.61401,-3.8142,10
2020-10-15 22:13:00,1.7071,-1.1645,121.66,1.6974,13.556,4.0443,-0.0336699999999999,-0.11962,0.0022499999999999,0.96748,-0.90352,-0.81805,-0.64149,-3.759,10
2020-10-15 22:14:00,1.7065,-1.2199,121.65,1.6997,13.558,4.0306,-0.03422,0.0354399999999999,-0.0032,0.95507,-0.8411899999999999,-0.8076999999999999,-0.6631799999999999,-3.4549,10
2020-10-15 22:15:00,1.7057,-1.1756,121.69,1.7368,13.556,4.0119,-0.0353199999999999,0.1772199999999999,-0.00331,0.94629,-0.90838,-0.7944299999999999,-0.64137,-3.7037,10
2020-10-15 22:16:00,1.7063,-1.2088,121.71,1.7692,13.558,3.9862,-0.0331199999999999,0.0310099999999999,0.00109,0.92678,-0.89876,-0.78481,-0.67091,-3.3167,10
2020-10-15 22:17:00,1.7054,-1.1201,121.69,1.7873,13.561,3.9879,-0.0386099999999999,0.3278599999999999,-0.0204499999999999,0.91788,-0.89559,-0.7837699999999999,-0.65563,-3.3167,10
2020-10-15 22:18:00,1.7052,-1.1978,121.69,1.8094,13.557,3.9675,-0.0376999999999999,-0.57598,0.02419,0.90377,-0.90048,-0.8306799999999999,-0.68971,-3.3167,10
2020-10-15 22:19:00,1.706,-1.2421,121.71,1.8165,13.559,3.9486,-0.03953,0.4341999999999999,-0.02211,0.8712699999999999,-0.8754199999999999,-0.7984999999999999,-0.67676,-3.3167,10
2020-10-15 22:20:00,1.7057,-1.2199,121.71,1.83,13.559,3.9365,-0.04447,-0.0930399999999999,-0.002,0.8661999999999999,-0.89548,-0.8263899999999998,-0.66691,-3.3444,10
2020-10-15 22:21:00,1.706,-1.1534,121.7,1.83,13.56,3.9024,-0.0382499999999999,-0.39433,0.0112999999999999,0.8367799999999999,-0.88727,-0.84809,-0.6857499999999999,-3.3167,10
2020-10-15 22:22:00,1.7041,-1.2089,121.73,1.8071,13.561,3.8869,-0.0426399999999999,-0.0265799999999999,-0.00519,0.81623,-0.89507,-0.86443,-0.7020899999999999,-3.3167,10
2020-10-15 22:23:00,1.7041,-1.2643,121.72,1.7888,13.562,3.8783,-0.03513,-0.4341999999999999,0.01495,0.81752,-0.95432,-0.81899,-0.69084,-3.3167,10
2020-10-15 22:24:00,1.7052,-1.1978,121.75,1.7825,13.561,3.8595,-0.0336699999999999,0.07975,-0.00217,0.7979399999999999,-0.8585899999999999,-0.8122899999999998,-0.66634,-3.3167,10
2020-10-15 22:25:00,1.7052,-1.231,121.74,1.792,13.561,3.8389,-0.03751,0.0886099999999999,-0.00557,0.78073,-0.84379,-0.7939399999999999,-0.6173899999999999,-3.3444,10
2020-10-15 22:26:00,1.7046,-1.231,121.75,1.8164,13.562,3.8234,-0.04172,-0.37661,0.016,0.7730099999999999,-0.91919,-0.76893,-0.51695,-3.3444,10
2020-10-15 22:27:00,1.7052,-1.3309,121.74,1.8227,13.562,3.8132,-0.0354999999999999,0.02215,-0.0002799999999999,0.77766,-0.8995699999999999,-0.70945,-0.45394,-3.372,10
2020-10-15 22:28:00,1.7049,-1.22,121.75,1.8243,13.562,3.7995,-0.0362299999999999,-0.19938,0.0025,0.78725,-0.74041,-0.75465,-0.5439399999999999,-3.3444,10
2020-10-15 22:29:00,1.7066,-1.2311,121.75,1.8337,13.564,3.7805,-0.0408099999999999,-0.2879999999999999,0.00732,0.78812,-0.78724,-0.73241,-0.50109,-3.3167,10
2020-10-15 22:30:00,1.7052,-1.2311,121.74,1.8163,13.562,3.7703,-0.03678,0.58928,-0.021,0.78778,-0.7263399999999999,-0.77048,-0.5426999999999998,-3.3167,10
2020-10-15 22:31:00,1.7063,-1.2976,121.77,1.7831,13.564,3.7411,-0.0362299999999999,0.11963,-0.0048399999999999,0.74631,-0.82635,-0.80212,-0.59282,-3.3167,10
2020-10-15 22:32:00,1.7055,-1.1978,121.85,1.7626,13.565,3.7342,-0.0380599999999999,0.54498,-0.02015,0.73091,-0.94932,-0.8232599999999999,-0.56271,-3.3444,10
2020-10-15 22:33:00,1.7049,-1.2089,121.79,1.7207,13.566,3.7188,-0.0334899999999999,-0.10191,0.0001399999999999,0.71613,-0.87797,-0.83452,-0.62094,-3.3167,10
2020-10-15 22:34:00,1.7055,-1.2532,121.86,1.6867,13.565,3.7033,-0.0386099999999999,-0.15507,0.00867,0.70198,-1.0054,-0.87506,-0.6507899999999999,-3.372,10
2020-10-15 22:35:00,1.706,-1.22,121.81,1.6463,13.564,3.6844,-0.0338499999999999,0.4607899999999999,-0.0183299999999999,0.6652599999999999,-1.008,-0.95033,-0.74595,-3.3444,10
2020-10-15 22:36:00,1.7066,-1.1756,121.83,1.5933,13.565,3.6638,-0.0376999999999999,-0.21711,0.00833,0.6346199999999999,-1.1108,-0.96968,-0.7887899999999999,-3.3444,10
2020-10-15 22:37:00,1.7055,-1.2422,121.83,1.5649,13.567,3.6535,-0.0388,0.3367299999999999,-0.0064599999999999,0.63134,-1.0086,-1.0107,-0.8241199999999999,-3.3167,10
2020-10-15 22:38:00,1.7049,-1.22,121.79,1.549,13.568,3.6312,-0.04191,-0.15064,0.0058999999999999,0.60247,-1.091,-1.0055,-0.84882,-3.3167,10
2020-10-15 22:39:00,1.7052,-1.2311,121.82,1.5411,13.567,3.6209,-0.03495,0.1152,-0.0068599999999999,0.59426,-1.1142,-1.0045,-0.83925,-3.3167,10
2020-10-15 22:40:00,1.7055,-1.2089,121.84,1.5467,13.568,3.6106,-0.03916,-0.06646,0.00268,0.58815,-1.0384,-0.99921,-0.8560499999999999,-3.3167,10
2020-10-15 22:41:00,1.7049,-1.1867,121.86,1.5545,13.568,3.5882,-0.0384299999999999,0.42535,-0.02185,0.56855,-1.1179,-1.0153,-0.84437,-3.3168,10
2020-10-15 22:42:00,1.7055,-1.2089,121.91,1.5395,13.568,3.5728,-0.0411699999999999,-0.0886099999999999,0.0069199999999999,0.55656,-1.1456,-1.0273,-0.84001,-3.3168,10
2020-10-15 22:43:00,1.7061,-1.2311,121.84,1.5262,13.569,3.5556,-0.0441,-0.4607999999999999,0.0158599999999999,0.54069,-1.1159,-1.0504,-0.84952,-3.3168,10
2020-10-15 22:44:00,1.7061,-1.2311,121.9,1.5171,13.57,3.5504,-0.0402599999999999,0.11963,-0.00902,0.5489899999999999,-1.1033,-1.0029,-0.79207,-3.3168,10
2020-10-15 22:45:00,1.7063,-1.2422,121.88,1.4855,13.572,3.5212,-0.0406299999999999,-0.0310199999999999,0.0004099999999999,0.5231799999999999,-1.1471,-1.0601,-0.8321899999999999,-3.3168,10
2020-10-15 22:46:00,1.7063,-1.2089,121.89,1.4467,13.57,3.5109,-0.0382499999999999,0.24812,-0.00545,0.51565,-1.1119,-1.0641,-0.87392,-3.3168,10
2020-10-15 22:47:00,1.7074,-1.22,121.9,1.4243,13.57,3.4972,-0.03477,-0.08862,0.00271,0.50682,-1.1229,-1.0245,-0.8336299999999999,-3.3167,10
2020-10-15 22:48:00,1.7061,-1.2089,121.88,1.3896,13.571,3.4886,-0.0298299999999999,-0.05317,-0.0027,0.5152299999999999,-1.061,-0.99471,-0.8679299999999999,-3.2338,10
2020-10-15 22:49:00,1.7072,-1.2422,121.86,1.3264,13.571,3.48,-0.03404,-0.0575999999999999,0.00674,0.5101499999999999,-1.096,-1.0219,-0.8545,-2.4323,10
2020-10-15 22:50:00,1.7052,-1.1978,121.92,1.2688,13.574,3.4611,-0.0380599999999999,0.03545,-0.0008999999999999,0.46844,-1.0908,-1.0951,-0.95186,-2.377,10
2020-10-15 22:51:00,1.7055,-1.2754,121.9,1.2395,13.573,3.4336,-0.03184,-0.3101499999999999,0.012,0.4251699999999999,-1.1891,-1.1093,-0.9682,-2.5429,10
2020-10-15 22:52:00,1.7058,-1.2089,121.92,1.2118,13.572,3.4164,-0.0353199999999999,-0.21711,0.0085,0.40503,-1.1501,-1.133,-0.99339,-2.764,10
2020-10-15 22:53:00,1.7055,-1.22,121.93,1.1816,13.574,3.4113,-0.0378799999999999,-0.10191,-0.0008499999999999,0.39061,-1.2052,-1.1874,-1.062,-2.9851,10
2020-10-15 22:54:00,1.7061,-1.22,121.87,1.1311,13.574,3.3958,-0.03916,-0.1905199999999999,0.01157,0.35446,-1.2807,-1.2137,-1.1203,-3.2615,10
2020-10-15 22:55:00,1.705,-1.2311,121.91,1.0401,13.576,3.382,-0.04392,-0.06203,0.00762,0.32074,-1.3409,-1.2582,-1.182,-3.2891,10
2020-10-15 22:56:00,1.705,-1.2422,121.97,0.95861,13.575,3.3597,-0.0380599999999999,0.2303999999999999,-0.00598,0.2733999999999999,-1.4034,-1.3164,-1.2537,-3.2615,10
2020-10-15 22:57:00,1.7055,-1.2089,121.84,0.89385,13.576,3.346,-0.03697,-0.3854799999999999,0.01276,0.2489099999999999,-1.4316,-1.3881,-1.3146,-3.3168,10
2020-10-15 22:58:00,1.705,-1.22,121.59,0.8416599999999999,13.576,3.327,-0.0388,0.25255,-0.01112,0.20785,-1.4029,-1.405,-1.3601,-3.3168,10
2020-10-15 22:59:00,1.7061,-1.2089,121.5,0.82186,13.578,3.3219,-0.0360499999999999,-0.3367399999999999,0.01286,0.20411,-1.4074,-1.3845,-1.3247,-3.3444,10
2020-10-15 23:00:00,1.7055,-1.2754,121.49,0.7863299999999999,13.576,3.303,-0.03715,0.42535,-0.01521,0.19433,-1.4507,-1.2881,-1.1477,-3.3444,10
2020-10-15 23:01:00,1.7055,-1.2311,121.43,0.74989,13.577,3.2841,-0.04172,0.59372,-0.02215,0.1945,-1.4441,-1.2708,-1.0756,-3.4273,10
2020-10-15 23:02:00,1.7052,-1.2643,121.5,0.7656,13.577,3.2738,-0.0366,0.81969,-0.0321999999999999,0.2125499999999999,-1.2535,-1.2185,-1.029,-3.455,10
2020-10-15 23:03:00,1.7063,-1.2865,121.5,0.79325,13.578,3.2532,-0.03953,-0.72664,0.0281299999999999,0.23446,-1.0612,-1.2023,-1.0569,-3.3997,10
2020-10-15 23:04:00,1.7063,-1.2643,121.53,0.8041899999999998,13.581,3.2429,-0.03989,0.55384,-0.02604,0.21909,-1.2448,-1.1393,-0.9391,-3.3168,10
2020-10-15 23:05:00,1.7063,-1.1978,121.6,0.79859,13.58,3.224,-0.03953,0.0575999999999999,-0.0037499999999999,0.2214,-1.2125,-1.1762,-0.98309,-3.3168,10
2020-10-15 23:06:00,1.7047,-1.22,121.54,0.81359,13.582,3.2137,-0.03697,-0.90387,0.03366,0.2344799999999999,-1.2935,-1.1631,-0.9714,-3.3168,10
2020-10-15 23:07:00,1.7052,-1.2533,121.5,0.82455,13.582,3.1965,-0.0380599999999999,-0.3101499999999999,0.0106599999999999,0.21368,-1.2894,-1.1868,-1.0072,-3.3168,10
2020-10-15 23:08:00,1.7058,-1.22,121.53,0.8816399999999999,13.583,3.1776,-0.0386099999999999,-0.11963,0.0093399999999999,0.21174,-1.2315,-1.1944,-1.0056,-3.3168,10
2020-10-15 23:09:00,1.7077,-1.2754,121.5,0.91007,13.584,3.1638,-0.03678,-0.0044299999999999,0.00192,0.2114099999999999,-1.2582,-1.2489,-1.0273,-3.3168,10
2020-10-15 23:10:00,1.7061,-1.1756,121.56,0.93724,13.585,3.1656,-0.0409899999999999,-0.98363,0.03721,0.21822,-1.2599,-1.2128,-1.0069,-3.3168,10
2020-10-15 23:11:00,1.7066,-1.2865,121.53,0.99559,13.584,3.1467,-0.0386099999999999,-0.27914,0.0086999999999999,0.2127699999999999,-1.2254,-1.1641,-0.95678,-3.3167,10
2020-10-15 23:12:00,1.7061,-1.2311,121.54,1.0485,13.584,3.1226,-0.0473999999999999,0.3367399999999999,-0.01067,0.1949799999999999,-1.2133,-1.1549,-0.90624,-3.3444,10
2020-10-15 23:13:00,1.7069,-1.2754,121.52,1.0712,13.585,3.1123,-0.0400799999999999,-0.45637,0.01838,0.19943,-1.2445,-1.1818,-0.95879,-3.3168,10
2020-10-15 23:14:00,1.7072,-1.2422,121.51,1.1099,13.584,3.0883,-0.03404,0.77981,-0.02281,0.16886,-1.2788,-1.2125,-0.95312,-3.3168,10
2020-10-15 23:15:00,1.7072,-1.2422,121.47,1.1352,13.584,3.0797,-0.03148,1.0767,-0.03416,0.1701699999999999,-1.3145,-1.1819,-0.94183,-3.3168,10
2020-10-15 23:16:00,1.7058,-1.2089,121.53,1.1524,13.585,3.0642,-0.0400799999999999,1.0191,-0.03957,0.15184,-1.2873,-1.1682,-0.90392,-3.3168,10
2020-10-15 23:17:00,1.7072,-1.22,121.51,1.1808,13.585,3.0488,-0.04136,0.99249,-0.03862,0.17538,-1.2473,-1.1439,-0.88246,-3.3168,10
2020-10-15 23:18:00,1.7066,-1.2089,121.5,1.1919,13.585,3.0282,-0.0406299999999999,-1.1564,0.04662,0.1845199999999999,-1.2588,-1.1561,-0.94167,-3.3168,10
2020-10-15 23:19:00,1.7069,-1.2422,121.53,1.2013,13.585,3.0144,-0.03953,-0.97477,0.04202,0.1770799999999999,-1.2612,-1.1736,-0.91781,-3.3168,10
2020-10-15 23:20:00,1.7074,-1.3198,121.5,1.1737,13.585,2.9955,-0.04666,-0.42978,0.0184199999999999,0.15951,-1.3181,-1.1634,-0.88485,-3.3168,10
2020-10-15 23:21:00,1.7066,-1.22,121.54,1.1365,13.586,2.9904,-0.04136,0.64246,-0.0256699999999999,0.1358699999999999,-1.3753,-1.1885,-0.89358,-3.3168,10
2020-10-15 23:22:00,1.7077,-1.2754,121.44,1.0986,13.582,2.9767,-0.0386099999999999,0.41649,-0.01985,0.11357,-1.4875,-1.2601,-0.95224,-3.3721,10
2020-10-15 23:23:00,1.7074,-1.2976,121.48,1.0551,13.583,2.9543,-0.0338499999999999,-0.8374099999999999,0.02885,0.0861399999999999,-1.51,-1.3225,-1.0567,-3.3444,10
2020-10-15 23:24:00,1.7074,-1.3087,121.52,1.0393,13.584,2.944,-0.03934,-0.02215,0.00355,0.07366,-1.5568,-1.3343,-1.0215,-3.3444,10
2020-10-15 23:25:00,1.7072,-1.3087,121.53,1.0329,13.586,2.9183,-0.03697,-0.1728,0.0027799999999999,0.04565,-1.4965,-1.413,-1.1122,-3.4826,10
2020-10-15 23:26:00,1.7069,-1.2643,121.56,1.0448,13.588,2.9166,-0.04172,-0.21711,0.0089599999999999,0.0425099999999999,-1.4525,-1.3827,-1.1282,-3.4273,10
2020-10-15 23:27:00,1.7074,-1.3087,121.55,1.0663,13.584,2.896,-0.0426399999999999,-0.27914,0.01471,0.02178,-1.489,-1.4063,-1.1219,-3.4274,10
2020-10-15 23:28:00,1.7066,-1.2754,121.53,1.0883,13.587,2.8908,-0.03459,0.15508,-0.0051599999999999,0.01084,-1.4836,-1.4194,-1.1265,-3.3998,10
2020-10-15 23:29:00,1.7074,-1.2533,121.6,1.0954,13.586,2.8702,-0.0475799999999999,0.2835699999999999,-0.01598,-0.0169799999999999,-1.4901,-1.3996,-1.1009,-3.3445,10
2020-10-15 23:30:00,1.7077,-1.342,121.51,1.1112,13.587,2.853,-0.0428199999999999,0.04431,0.00199,-0.0264299999999999,-1.5067,-1.4012,-1.1061,-3.4551,10
2020-10-15 23:31:00,1.7072,-1.2754,121.57,1.13,13.59,2.8479,-0.03751,-0.55828,0.0214799999999999,-0.03089,-1.4813,-1.4199,-1.149,-3.4827,10
2020-10-15 23:32:00,1.7069,-1.3087,121.58,1.1284,13.589,2.8307,-0.03971,-0.35003,0.01315,-0.0467199999999999,-1.5164,-1.4379,-1.1621,-3.3721,10
2020-10-15 23:33:00,1.7077,-1.3087,121.55,1.1023,13.589,2.817,-0.03916,0.21268,-0.00595,-0.07899,-1.6037,-1.4767,-1.1802,-3.3445,10
2020-10-15 23:34:00,1.7074,-1.2643,121.64,1.0011,13.589,2.8084,-0.0376999999999999,-0.02215,0.0044999999999999,-0.08902,-1.6109,-1.531,-1.2786,-3.3168,10
2020-10-15 23:35:00,1.708,-1.3309,121.6,0.96319,13.59,2.7947,-0.0409899999999999,0.0088599999999999,0.0070499999999999,-0.1014,-1.5427,-1.5349,-1.3188,-3.3168,10
2020-10-15 23:36:00,1.7063,-1.3087,121.64,0.93787,13.59,2.781,-0.0457499999999999,0.0708899999999999,-0.00381,-0.11806,-1.5822,-1.5437,-1.3106,-3.3168,10
2020-10-15 23:37:00,1.7055,-1.2643,121.68,0.92043,13.59,2.7569,-0.03715,0.54498,-0.02205,-0.1386699999999999,-1.6329,-1.5352,-1.317,-3.3168,10
2020-10-15 23:38:00,1.7077,-1.2865,121.62,0.90226,13.59,2.7552,-0.0435499999999999,-0.84184,0.0364299999999999,-0.1432499999999999,-1.6724,-1.5761,-1.3921,-3.3168,10
2020-10-15 23:39:00,1.7074,-1.2533,121.61,0.88712,13.592,2.7432,-0.0388,0.13292,-0.0082,-0.15468,-1.6568,-1.5819,-1.4022,-3.3169,10
2020-10-15 23:40:00,1.7069,-1.2865,121.6,0.8688099999999999,13.593,2.7277,-0.03953,-0.32788,0.0101499999999999,-0.15747,-1.6554,-1.5634,-1.4229,-3.3169,10
2020-10-15 23:41:00,1.7072,-1.2865,121.63,0.8664399999999999,13.594,2.7089,-0.03697,0.3057199999999999,-0.0134699999999999,-0.17075,-1.5888,-1.5239,-1.3798,-3.3169,10
2020-10-15 23:42:00,1.7058,-1.342,121.61,0.91372,13.595,2.69,-0.0378799999999999,-0.12406,0.00233,-0.17271,-1.5708,-1.4767,-1.3112,-3.317,10
2020-10-15 23:43:00,1.7063,-1.2754,121.58,0.95941,13.594,2.6797,-0.03989,0.39877,-0.0170599999999999,-0.17387,-1.5749,-1.4714,-1.2868,-3.317,10
2020-10-15 23:44:00,1.7066,-1.342,121.64,1.0313,13.593,2.6694,-0.0366,-0.23926,0.0113799999999999,-0.1579099999999999,-1.5204,-1.4761,-1.2651,-3.317,10
2020-10-15 23:45:00,1.7066,-1.3087,121.59,1.0556,13.594,2.6643,-0.0384299999999999,0.04431,-0.00126,-0.17016,-1.5897,-1.4641,-1.2453,-2.93,10
2020-10-15 23:46:00,1.7077,-1.3642,121.68,1.0602,13.594,2.6454,-0.03697,0.51397,-0.02355,-0.1848299999999999,-1.5373,-1.5088,-1.2813,-2.1284,10
2020-10-15 23:47:00,1.7061,-1.3309,121.6,1.0112,13.595,2.6282,-0.04666,-0.15065,0.0092999999999999,-0.22056,-1.6153,-1.5275,-1.3328,-2.0731,10
2020-10-15 23:48:00,1.7069,-1.3309,121.66,0.95974,13.594,2.6282,-0.0380599999999999,-0.2658499999999999,0.00871,-0.22553,-1.6338,-1.5318,-1.3471,-1.9902,10
2020-10-15 23:49:00,1.7072,-1.3309,121.69,0.93362,13.595,2.6042,-0.0331199999999999,-0.0487399999999999,0.00457,-0.2624699999999999,-1.633,-1.5874,-1.4034,-1.9902,10
2020-10-15 23:50:00,1.7069,-1.2865,121.65,0.90835,13.596,2.5802,-0.03715,0.0487399999999999,-0.0079699999999999,-0.30441,-1.7151,-1.6251,-1.4547,-1.9902,10
2020-10-15 23:51:00,1.7063,-1.2976,121.67,0.8671499999999999,13.595,2.5785,-0.0406299999999999,0.57157,-0.02264,-0.3402399999999999,-1.7874,-1.6532,-1.4934,-1.9901,10
2020-10-15 23:52:00,1.7074,-1.2865,121.66,0.81261,13.595,2.5682,-0.0382499999999999,0.13292,-0.0051599999999999,-0.3719199999999999,-1.8091,-1.7192,-1.5694,-2.0731,10
2020-10-15 23:53:00,1.7072,-1.2976,121.63,0.76602,13.596,2.5579,-0.0433699999999999,0.16394,-0.00777,-0.3900799999999999,-1.8338,-1.7225,-1.6097,-2.5706,10
2020-10-15 23:54:00,1.7063,-1.2865,121.59,0.75936,13.597,2.5459,-0.03422,-0.37661,0.0119399999999999,-0.4057899999999999,-1.851,-1.664,-1.5442,-3.2064,10
2020-10-15 23:55:00,1.7058,-1.3198,121.65,0.77888,13.595,2.5322,-0.0483099999999999,-0.31901,0.01565,-0.40893,-1.7835,-1.7107,-1.5645,-3.317,10
2020-10-15 23:56:00,1.7069,-1.3198,121.66,0.79388,13.595,2.5202,-0.0431899999999999,0.21268,-0.01314,-0.41531,-1.7421,-1.7378,-1.6037,-3.317,10
2020-10-15 23:57:00,1.7074,-1.3531,121.6,0.80584,13.597,2.5013,-0.0358699999999999,-0.46966,0.0171,-0.4349,-1.8295,-1.786,-1.6147,-3.3169,10
2020-10-15 23:58:00,1.7063,-1.3974,121.67,0.8336599999999998,13.596,2.5013,-0.03642,-0.38105,0.0149599999999999,-0.44413,-1.9158,-1.7588,-1.5555,-3.3169,10
2020-10-15 23:59:00,1.7074,-1.3198,121.67,0.8376099999999999,13.596,2.479,-0.03642,0.6468899999999999,-0.02178,-0.4729599999999999,-1.8927,-1.802,-1.6151,-3.3169,10
