measured_on,ac_current__588,ac_power__584,ac_voltage__587,ambient_temp__589,das_battery_voltage__595,das_temp__594,dc_pos_current__586,dc_pos_voltage__585,dc_power__583,inverter_temp__593,module_temp_1__590,module_temp_2__591,module_temp_3__592,poa_irradiance__582,power_factor__596,system_id
2021-01-15 00:00:00,0.1603862,6.525015,238.3196,-6.330146,13.62326,-6.07309,0.0066666659999999,0.0999999899999999,0.0006666667,-7.574999,-9.675,-9.108334,-9.791667,-2.043912,0.1686422999999999,33
2021-01-15 00:01:00,0.1605731,6.524194,238.4094,-6.395426,13.61959,-6.07309,0.006,0.0999999899999999,0.0006666667,-7.633333,-9.599999,-9.116667,-9.858334,-1.95755,0.1693892999999999,33
2021-01-15 00:02:00,0.1606403999999999,6.506137,238.6145,-6.443243,13.62235,-6.084952,0.007333333,0.0999999899999999,0.0006666667,-7.591667,-9.5,-9.075,-9.883333,-1.804017,0.1690182,33
2021-01-15 00:03:00,0.1603802,6.500439,238.5632,-6.373967,13.62326,-6.093426,0.0066666659999999,0.0999999899999999,0.0007333332999999,-7.5,-9.425,-9.058333,-9.925,-1.775229,0.1695783999999999,33
2021-01-15 00:04:00,0.1601914,6.500513,238.4243,-6.225092,13.62372,-6.093426,0.007333333,0.0999999899999999,0.0006666667,-7.383333,-9.333333,-9.016666,-9.883334,-1.794421,0.1692992,33
2021-01-15 00:05:00,0.1601928,6.489438,238.423,-6.234925,13.62235,-6.104721,0.007333333,0.0999999899999999,0.0007333332999999,-7.391666,-9.325,-9.05,-9.916667,-1.736846,0.1692975999999999,33
2021-01-15 00:06:00,0.1603536,6.501434,238.4573,-6.368697,13.62418,-6.116016,0.0066666659999999,0.0999999899999999,0.0006666667,-7.4,-9.266666,-9.033334,-9.95,-1.804017,0.1692908999999999,33
2021-01-15 00:07:00,0.1604887999999999,6.538203,238.6629,-6.444986,13.62372,-6.116016,0.0066666659999999,0.0999999899999999,0.0006666667,-7.375,-9.125,-8.966666,-9.900001,-1.813612,0.1696705,33
2021-01-15 00:08:00,0.1604973,6.520087,238.5593,-6.526427,13.62418,-6.116016,0.008,0.0999999899999999,0.0008,-7.366666999999999,-9.108333,-8.983333,-9.908334,-1.813612,0.1691139999999999,33
2021-01-15 00:09:00,0.1605631999999999,6.507938,238.613,-6.597907,13.62418,-6.127312,0.008,0.0999999899999999,0.0008,-7.4,-9.091666,-9.008333,-9.966666,-1.708058,0.1695033,33
2021-01-15 00:10:00,0.1602858,6.493968,238.2278,-6.622425,13.62372,-6.138607,0.008,0.0999999899999999,0.0008,-7.466667,-9.2,-9.083333,-10.01667,-1.708058,0.1686322,33
2021-01-15 00:11:00,0.1603287999999999,6.502205,238.1827,-6.576923,13.62005,-6.138607,0.0066666659999999,0.0999999899999999,0.0007333332999999,-7.483333,-9.2,-9.125,-10.05,-1.784825,0.1686914999999999,33
2021-01-15 00:12:00,0.1603206,6.512755,238.2008,-6.540823,13.62418,-6.153859,0.007333333,0.0999999899999999,0.0006666667,-7.5,-9.175,-9.116667,-10.09167,-1.890379,0.1697786,33
2021-01-15 00:13:00,0.1604589999999999,6.506433,238.2621,-6.508488,13.62418,-6.158943,0.004666667,0.0999999899999999,0.0004666666999999,-7.574999,-9.233333,-9.183333,-10.10833,-1.995933,0.1693828,33
2021-01-15 00:14:00,0.1599878999999999,6.494386,238.0543,-6.542976,13.62326,-6.158943,0.007333333,0.0999999899999999,0.0007333332999999,-7.7,-9.3,-9.2,-10.15833,-2.120679,0.1689426,33
2021-01-15 00:15:00,0.1599669,6.482689,238.0427,-6.555649,13.62418,-6.166473,0.008,0.0999999899999999,0.0008,-7.7,-9.308333,-9.2,-10.075,-2.207042,0.1697777,33
2021-01-15 00:16:00,0.160139,6.49436,238.0466,-6.536972,13.62372,-6.181534,0.008,0.0999999899999999,0.0008,-7.716667,-9.35,-9.241666,-10.14167,-2.350979,0.1693404,33
2021-01-15 00:17:00,0.1601452999999999,6.474821,238.1333,-6.341827,13.62418,-6.181534,0.005333334,0.0999999899999999,0.0005999999999999,-7.599999999999999,-9.35,-9.25,-10.13333,-2.360575,0.1686781,33
2021-01-15 00:18:00,0.1604687999999999,6.478032,238.2811,-6.253606,13.62418,-6.187182,0.008,0.0999999899999999,0.0007333332999999,-7.558333,-9.308333,-9.25,-10.14167,-2.322191,0.1684778,33
2021-01-15 00:19:00,0.1602542999999999,6.502669,238.1915,-6.173035,13.62418,-6.204128,0.007333333,0.0999999899999999,0.0008,-7.449999,-9.266666,-9.216666,-10.14167,-2.303,0.1692543,33
2021-01-15 00:20:00,0.1603556999999999,6.515343,238.1873,-6.074804,13.62418,-6.204128,0.0066666659999999,0.0999999899999999,0.0005999999999999,-7.416667,-9.158333,-9.166667,-10.1,-2.312596,0.169596,33
2021-01-15 00:21:00,0.1603458,6.505581,238.1294,-6.062343,13.62464,-6.204128,0.0066666659999999,0.0999999899999999,0.0006666667,-7.358333,-9.133333,-9.133333,-10.06667,-2.283808,0.1697327999999999,33
2021-01-15 00:22:00,0.1604025,6.496264,238.194,-6.08873,13.62418,-6.204128,0.0066666659999999,0.0999999899999999,0.0006666667,-7.241666999999999,-9.058333,-9.099999,-10.04167,-2.235829,0.1693146,33
2021-01-15 00:23:00,0.1603533,6.526982,238.2998,-6.06682,13.62464,-6.221072,0.008,0.0999999899999999,0.0008,-7.15,-8.925,-9.025001,-9.983333,-2.235829,0.1701608,33
2021-01-15 00:24:00,0.1602109999999999,6.542171,238.2242,-6.065809,13.62693,-6.224461,0.0066666659999999,0.0999999899999999,0.0006666667,-7.1,-8.875,-8.974999,-9.925,-2.101487,0.1698325,33
2021-01-15 00:25:00,0.1603169,6.515873,238.1788,-6.14791,13.62464,-6.224461,0.006,0.0999999899999999,0.0005999999999999,-7.175,-8.858334,-8.974999,-9.95,-2.005529,0.1696882999999999,33
2021-01-15 00:26:00,0.1602455999999999,6.520859,238.1931,-6.170635,13.62556,-6.224461,0.007333333,0.0999999899999999,0.0007333332999999,-7.208332999999999,-8.783334,-8.941667,-9.891667,-1.976742,0.1692136999999999,33
2021-01-15 00:27:00,0.1604575,6.526709,238.359,-6.201408,13.6251,-6.237638,0.007333333,0.0999999899999999,0.0007333332999999,-7.258333,-8.858334,-9.0,-9.908334,-1.919167,0.1701742,33
2021-01-15 00:28:00,0.1605891,6.52556,238.5404,-6.225484,13.62693,-6.247051,0.006,0.0999999899999999,0.0005999999999999,-7.391666,-8.900000999999998,-9.041667,-9.991667,-1.938358,0.1690063,33
2021-01-15 00:29:00,0.1604501,6.535168,238.4166,-6.246748,13.6251,-6.247051,0.0066666659999999,0.0999999899999999,0.0006666667,-7.516666,-9.008333,-9.075,-10.00833,-1.947954,0.1692547,33
2021-01-15 00:30:00,0.1604409,6.511845,238.4301,-6.160231,13.62693,-6.247051,0.0066666659999999,0.0999999899999999,0.0006666667,-7.55,-9.025,-9.1,-10.00833,-2.130275,0.1698099,33
2021-01-15 00:31:00,0.1604219,6.530548,238.4527,-6.135721,13.62556,-6.248934,0.006,0.0999999899999999,0.0005999999999999,-7.5,-9.066667,-9.15,-10.03333,-2.207042,0.1697153999999999,33
2021-01-15 00:32:00,0.1605872999999999,6.518267,238.4819,-6.127222,13.62693,-6.260231,0.0066666659999999,0.0999999899999999,0.0006666667,-7.516666,-9.008333,-9.108334,-10.05,-2.283808,0.1689513,33
2021-01-15 00:33:00,0.1607775999999999,6.518164,238.5928,-6.105112,13.62739,-6.269646,0.007333333,0.0999999899999999,0.0007333332999999,-7.566665999999999,-9.066667,-9.158333,-10.075,-2.331787,0.169442,33
2021-01-15 00:34:00,0.1606728,6.509593,238.469,-6.160092,13.62648,-6.269646,0.007333333,0.0999999899999999,0.0008,-7.599999999999999,-9.166667,-9.15,-10.08333,-2.360575,0.1691405,33
2021-01-15 00:35:00,0.1607115,6.52544,238.4746,-6.132332,13.62785,-6.273411,0.007333333,0.0999999899999999,0.0006666667,-7.591667,-9.2,-9.191667,-10.06667,-2.437341,0.1694375999999999,33
2021-01-15 00:36:00,0.1606104999999999,6.535023,238.4755,-6.113665,13.62877,-6.288471,0.0066666659999999,0.0999999899999999,0.0007333332999999,-7.541666,-9.283334,-9.208333,-10.075,-2.427746,0.1690204999999999,33
2021-01-15 00:37:00,0.1605216999999999,6.547652,238.493,-6.118162,13.62785,-6.292236,0.0066666659999999,0.0999999899999999,0.0005999999999999,-7.55,-9.325,-9.291667,-10.175,-2.485321,0.1693437999999999,33
2021-01-15 00:38:00,0.1606182999999999,6.548046,238.5788,-6.101303,13.62969,-6.292236,0.005333334,0.0999999899999999,0.0005999999999999,-7.5,-9.333333,-9.283334,-10.19167,-2.523704,0.1695229,33
2021-01-15 00:39:00,0.1603967,6.517933,238.3957,-6.096171,13.62831,-6.292236,0.008,0.0999999899999999,0.0007333332999999,-7.525,-9.275,-9.233333,-10.13333,-2.466129,0.1697354,33
2021-01-15 00:40:00,0.1604802999999999,6.538,238.5116,-6.054521,13.62831,-6.304099,0.0066666659999999,0.0999999899999999,0.0007333332999999,-7.466667,-9.208333,-9.175,-10.10833,-2.475725,0.1697838,33
2021-01-15 00:41:00,0.1604438,6.52545,238.5392,-6.006554,13.62877,-6.312572,0.006,0.0999999899999999,0.0005333332999999,-7.474999999999999,-9.208333,-9.183333,-10.06667,-2.466129,0.1698151,33
2021-01-15 00:42:00,0.1605126,6.516194,238.481,-6.008752,13.62923,-6.312572,0.006,0.0999999899999999,0.0006666667,-7.474999999999999,-9.208333,-9.158333,-10.00833,-2.427746,0.1687353,33
2021-01-15 00:43:00,0.1605079,6.534654,238.5047,-6.068852,13.62969,-6.312572,0.0066666659999999,0.0999999899999999,0.0005999999999999,-7.5,-9.191667,-9.141666,-10.01667,-2.360575,0.1703438999999999,33
2021-01-15 00:44:00,0.1603176,6.548273,238.4834,-6.022654,13.62923,-6.32575,0.0066666659999999,0.0999999899999999,0.0006666667,-7.416667,-9.141666,-9.108334,-9.974999,-2.389362,0.1705164,33
2021-01-15 00:45:00,0.1605248,6.536252,238.5478,-5.961706,13.62693,-6.335163,0.006,0.0999999899999999,0.0005999999999999,-7.3,-9.0,-9.033334,-9.933333,-2.350979,0.1700637999999999,33
2021-01-15 00:46:00,0.1604901,6.529255,238.474,-5.961707,13.62923,-6.335163,0.007333333,0.0999999899999999,0.0008,-7.133333,-8.916667,-8.941667,-9.825,-2.341383,0.1700884,33
2021-01-15 00:47:00,0.1605252,6.527844,238.4633,-5.88697,13.62923,-6.335163,0.006,0.0999999899999999,0.0005999999999999,-7.025,-8.808332999999998,-8.849999,-9.724999,-2.283808,0.1694486,33
2021-01-15 00:48:00,0.1606667,6.547232,238.5171,-5.736073,13.62877,-6.335163,0.006,0.0999999899999999,0.0005999999999999,-6.85,-8.658333,-8.791667,-9.599999,-2.245425,0.1698113,33
2021-01-15 00:49:00,0.1604805,6.570711,238.4712,-5.708973,13.62831,-6.335163,0.006,0.0999999899999999,0.0005999999999999,-6.9,-8.616666999999998,-8.733333,-9.608334,-2.111083,0.1693804999999999,33
2021-01-15 00:50:00,0.1606173999999999,6.537756,238.7201,-5.757309,13.62602,-6.335163,0.007333333,0.0999999899999999,0.0007333332999999,-6.958333,-8.583332999999998,-8.708332999999998,-9.566667,-2.0727,0.1696661999999999,33
2021-01-15 00:51:00,0.1599478,6.502428,237.8353,-5.708973,13.62693,-6.335163,0.007333333,0.0999999899999999,0.0006666667,-6.858333,-8.441667,-8.591666,-9.425,-2.091892,0.1693869,33
2021-01-15 00:52:00,0.1599359999999999,6.503167,237.7958,-5.731677,13.6251,-6.335163,0.0066666659999999,0.0999999899999999,0.0006666667,-6.891666,-8.408334,-8.5,-9.375,-2.034317,0.1695371,33
2021-01-15 00:53:00,0.1600833999999999,6.497223,237.9306,-5.831292,13.62326,-6.335163,0.006,0.0999999899999999,0.0006666667,-6.858333,-8.333332999999998,-8.466666,-9.308333,-2.024721,0.1691467,33
2021-01-15 00:54:00,0.1597539,6.49662,237.8377,-5.831292,13.62372,-6.335163,0.0066666659999999,0.0999999899999999,0.0006666667,-6.775,-8.208332999999998,-8.366666999999998,-9.191667,-1.986337,0.1701757999999999,33
2021-01-15 00:55:00,0.1598034999999999,6.499857,237.7777,-5.846676,13.62418,-6.335163,0.0066666659999999,0.0999999899999999,0.0005999999999999,-6.841667,-8.258333,-8.400000999999998,-9.216666,-1.967146,0.17027,33
2021-01-15 00:56:00,0.1596842,6.483585,237.7706,-5.91994,13.62418,-6.335163,0.0066666659999999,0.0999999899999999,0.0006666667,-6.875,-8.233333,-8.391667,-9.224999,-2.024721,0.1695054,33
2021-01-15 00:57:00,0.1599955999999999,6.50123,237.9298,-5.910414,13.62418,-6.335163,0.0066666659999999,0.0999999899999999,0.0006666667,-6.883333,-8.275,-8.408334,-9.216666,-2.034317,0.1693929999999999,33
2021-01-15 00:58:00,0.1600775,6.544451,238.0436,-5.935644,13.62418,-6.333281,0.007333333,0.0999999899999999,0.0007333332999999,-7.0,-8.316667,-8.458332999999998,-9.283334,-2.0727,0.1699431999999999,33
2021-01-15 00:59:00,0.1602151,6.500835,238.0173,-5.939845,13.62418,-6.32575,0.005333334,0.1083332999999999,0.0005999999999999,-6.991666,-8.349999999999998,-8.425,-9.283334,-2.168658,0.1696339,33
2021-01-15 01:00:00,0.1600573999999999,6.504018,237.928,-5.952741,13.62418,-6.314455,0.007333333,0.2916667,0.002,-7.016666,-8.375,-8.466666,-9.308333,-2.216637,0.1697695999999999,33
2021-01-15 01:01:00,0.1600629,6.492186,237.8566,-6.009485,13.62418,-6.312572,0.008,0.2,0.0016,-7.1,-8.375,-8.491666,-9.375,-2.312596,0.1696251,33
2021-01-15 01:02:00,0.1601109,6.483708,237.8487,-6.017547,13.62418,-6.312572,0.007333333,0.2,0.001466667,-7.083333,-8.425,-8.508333,-9.408334,-2.360575,0.1697246,33
2021-01-15 01:03:00,0.1600206999999999,6.497639,237.9036,-5.99263,13.62418,-6.312572,0.007333333,0.2,0.001466667,-6.975,-8.425,-8.525,-9.391667,-2.389362,0.1698953,33
2021-01-15 01:04:00,0.1599061,6.487479,237.8909,-5.985302,13.62418,-6.312572,0.008,0.2,0.0016,-7.05,-8.449999999999998,-8.558332999999998,-9.400001,-2.398958,0.1699695,33
2021-01-15 01:05:00,0.1598750999999999,6.508945,237.818,-5.883551,13.62418,-6.302404,0.0066666659999999,0.1666667,0.001133333,-7.033333,-8.558332999999998,-8.591666,-9.433333,-2.350979,0.1709557999999999,33
2021-01-15 01:06:00,0.1598015999999999,6.502808,237.8291,-5.922711,13.62418,-6.293931,0.007333333,0.1083332999999999,0.0007333332999999,-7.158333,-8.666667,-8.666667,-9.508333,-2.389362,0.1707220999999999,33
2021-01-15 01:07:00,0.1598532,6.491358,237.8331,-6.014082,13.62418,-6.292236,0.007333333,0.0999999899999999,0.0007333332999999,-7.333332999999999,-8.783334,-8.75,-9.608334,-2.437341,0.1701710999999999,33
2021-01-15 01:08:00,0.1605408999999999,6.568611,238.5277,-6.151887,13.62418,-6.292236,0.008,0.0999999899999999,0.0008,-7.458332999999999,-8.925,-8.824999999999998,-9.691667,-2.41815,0.170498,33
2021-01-15 01:09:00,0.1600611999999999,6.513109,238.0309,-6.331537,13.62372,-6.292236,0.005333334,0.0999999899999999,0.0005333332999999,-7.599999999999999,-9.025,-8.891667,-9.783334,-2.437341,0.1701097,33
2021-01-15 01:10:00,0.1599843,6.522634,237.8803,-6.429091,13.62418,-6.292236,0.008,0.0999999899999999,0.0008,-7.683333,-9.05,-8.808332999999998,-9.708333,-2.466129,0.1705096,33
2021-01-15 01:11:00,0.1600437,6.517058,237.9501,-6.490718,13.62418,-6.292236,0.007333333,0.0999999899999999,0.0007333332999999,-7.599999999999999,-9.133333,-8.849999999999998,-9.616667,-2.475725,0.1701423,33
2021-01-15 01:12:00,0.160176,6.52146,237.9579,-6.528138,13.62418,-6.292236,0.006,0.0999999899999999,0.0005999999999999,-7.574999,-9.208333,-8.941667,-9.675,-2.523704,0.1702114,33
2021-01-15 01:13:00,0.1602187999999999,6.532612,238.0218,-6.498055,13.62418,-6.292236,0.0066666659999999,0.0999999899999999,0.0006666667,-7.508333,-9.266666,-9.016666,-9.766666,-2.629258,0.1704411,33
2021-01-15 01:14:00,0.1600034999999999,6.509758,237.949,-6.547951,13.62418,-6.292236,0.0066666659999999,0.0999999899999999,0.0007333332999999,-7.616666,-9.366667,-9.099999,-9.866667,-2.658046,0.170056,33
2021-01-15 01:15:00,0.1601323,6.525684,237.9628,-6.640419,13.62418,-6.292236,0.006,0.0999999899999999,0.0005333332999999,-7.716667,-9.391667,-9.066667,-9.825,-2.619662,0.1702621,33
2021-01-15 01:16:00,0.1600731,6.521785,237.9394,-6.660236,13.62556,-6.292236,0.0066666659999999,0.0999999899999999,0.0006666667,-7.683333,-9.400001,-9.033334,-9.766666,-2.542896,0.1703184,33
2021-01-15 01:17:00,0.1600341999999999,6.496697,237.9298,-6.643356,13.62739,-6.292236,0.0066666659999999,0.0999999899999999,0.0007333332999999,-7.616666,-9.400001,-9.041667,-9.724999,-2.494917,0.1700817,33
2021-01-15 01:18:00,0.1600051999999999,6.527532,238.0437,-6.591247,13.62693,-6.292236,0.006,0.0999999899999999,0.0005333332999999,-7.675,-9.491666,-9.108334,-9.791667,-2.514108,0.1702766,33
2021-01-15 01:19:00,0.1600182,6.504066,237.913,-6.636015,13.62785,-6.292236,0.0066666659999999,0.0999999899999999,0.0006666667,-7.775,-9.483333,-9.116667,-9.825,-2.485321,0.1702516,33
2021-01-15 01:20:00,0.1598933999999999,6.506885,237.7925,-6.590513,13.62969,-6.292236,0.006,0.0999999899999999,0.0006666667,-7.7,-9.433333,-9.041667,-9.683333,-2.398958,0.1703427999999999,33
2021-01-15 01:21:00,0.1597682,6.488808,237.7252,-6.478247,13.62969,-6.292236,0.007333333,0.0999999899999999,0.0006666667,-7.608333,-9.408334,-8.974999,-9.55,-2.350979,0.1702125999999999,33
2021-01-15 01:22:00,0.1597609,6.49723,237.7891,-6.48485,13.62969,-6.292236,0.0066666659999999,0.0999999899999999,0.0007333332999999,-7.583332999999999,-9.416667,-9.033334,-9.566667,-2.255021,0.1700753999999999,33
2021-01-15 01:23:00,0.1600495,6.515192,238.1571,-6.570698,13.62969,-6.292236,0.007333333,0.0999999899999999,0.0006666667,-7.675,-9.458333,-9.075,-9.583333,-2.235829,0.1699218999999999,33
2021-01-15 01:24:00,0.1600877,6.542382,238.1443,-6.534742,13.62969,-6.292236,0.008,0.0999999899999999,0.0008,-7.625,-9.383333,-9.066667,-9.616667,-2.235829,0.1703801,33
2021-01-15 01:25:00,0.1601397,6.502656,238.0676,-6.526671,13.62969,-6.292236,0.006,0.0999999899999999,0.0005999999999999,-7.7,-9.383334,-9.1,-9.616667,-2.216637,0.1696875999999999,33
2021-01-15 01:26:00,0.1600337,6.494865,238.1114,-6.607392,13.62969,-6.292236,0.006,0.0999999899999999,0.0005999999999999,-7.708332999999999,-9.391667,-9.075,-9.616667,-2.159062,0.1692684,33
2021-01-15 01:27:00,0.1600977,6.524913,238.1142,-6.633812,13.62969,-6.292236,0.006,0.0999999899999999,0.0005999999999999,-7.7,-9.325,-9.05,-9.566667,-2.139871,0.170306,33
2021-01-15 01:28:00,0.160193,6.525503,238.278,-6.63895,13.62969,-6.292236,0.007333333,0.0999999899999999,0.0007333332999999,-7.7,-9.3,-9.033334,-9.6,-2.082296,0.1701855999999999,33
2021-01-15 01:29:00,0.1600090999999999,6.54713,238.103,-6.682257,13.62969,-6.292236,0.006,0.0999999899999999,0.0006666667,-7.708332999999999,-9.241666,-9.0,-9.591666,-2.082296,0.1714537999999999,33
2021-01-15 01:30:00,0.1600196,6.549604,238.0384,-6.777693,13.62969,-6.292236,0.007333333,0.0999999899999999,0.0006666667,-7.791667,-9.25,-9.025,-9.616667,-2.034317,0.1702521999999999,33
2021-01-15 01:31:00,0.1600678,6.511337,238.0497,-6.849652,13.62969,-6.292236,0.006,0.0999999899999999,0.0005999999999999,-7.866666999999999,-9.325,-9.116667,-9.716666,-2.082296,0.169595,33
2021-01-15 01:32:00,0.1601364,6.544521,238.1598,-6.89022,13.62969,-6.299015,0.008,0.0999999899999999,0.0008,-7.816665999999999,-9.316667,-9.091666,-9.733333,-2.111083,0.1706189999999999,33
2021-01-15 01:33:00,0.1605859,6.58045,238.7161,-6.900858,13.62969,-6.312572,0.006,0.0999999899999999,0.0005999999999999,-7.875,-9.266666,-9.099999,-9.716666,-2.168658,0.1705784999999999,33
2021-01-15 01:34:00,0.1604571999999999,6.541864,238.5881,-6.908203,13.62969,-6.312572,0.006,0.0999999899999999,0.0005999999999999,-7.9,-9.316667,-9.108334,-9.783334,-2.149467,0.1700604,33
2021-01-15 01:35:00,0.1605889,6.55533,238.6114,-6.988998,13.62969,-6.312572,0.0066666659999999,0.0999999899999999,0.0007333332999999,-7.958332999999999,-9.366667,-9.158333,-9.833333,-2.149467,0.1705065,33
2021-01-15 01:36:00,0.1605244,6.536362,238.683,-6.988264,13.62969,-6.312572,0.0066666659999999,0.0999999899999999,0.0005999999999999,-8.016666,-9.325,-9.166667,-9.808333,-2.226233,0.1701068,33
2021-01-15 01:37:00,0.1603796,6.554606,238.6548,-6.948281,13.62969,-6.314455,0.005333334,0.0999999899999999,0.0005333332999999,-8.025,-9.275,-9.15,-9.8,-2.168658,0.1704922,33
2021-01-15 01:38:00,0.1606139,6.580778,238.8026,-6.770769,13.62969,-6.321985,0.006,0.0999999899999999,0.0005999999999999,-7.916667,-9.191667,-9.075,-9.733333,-2.168658,0.1705656,33
2021-01-15 01:39:00,0.1604570999999999,6.578123,238.7066,-6.624979,13.62969,-6.333281,0.007333333,0.0999999899999999,0.0007333332999999,-7.858333,-9.208333,-9.033334,-9.708333,-2.024721,0.1708181,33
2021-01-15 01:40:00,0.1606571,6.558364,238.7156,-6.559347,13.62969,-6.335163,0.005333334,0.0999999899999999,0.0005333332999999,-7.791667,-9.158333,-9.008333,-9.724999,-2.005529,0.1699262,33
2021-01-15 01:41:00,0.1605477999999999,6.529274,238.6669,-6.568152,13.62877,-6.335163,0.006,0.0999999899999999,0.0005999999999999,-7.783333,-9.099999,-8.983333,-9.65,-1.938358,0.1697295,33
2021-01-15 01:42:00,0.1599682,6.504979,238.0997,-6.580627,13.62969,-6.335163,0.006,0.0999999899999999,0.0005999999999999,-7.808333,-9.058333,-9.0,-9.666667,-1.8424,0.1700337,33
2021-01-15 01:43:00,0.1601972999999999,6.54275,238.2469,-6.538067,13.62969,-6.335163,0.0066666659999999,0.0999999899999999,0.0006666667,-7.858333,-9.125,-8.991666999999998,-9.641666,-1.861591,0.1712437,33
2021-01-15 01:44:00,0.1600349,6.532433,238.2088,-6.350992,13.62877,-6.335163,0.006,0.0999999899999999,0.0005999999999999,-7.65,-9.066667,-8.974999,-9.666667,-1.938358,0.1704666,33
2021-01-15 01:45:00,0.1602937999999999,6.521654,238.1735,-6.410506,13.62969,-6.338929,0.0066666659999999,0.0999999899999999,0.0006666667,-7.675,-9.016666,-8.941667,-9.641666,-1.976741,0.1699753,33
2021-01-15 01:46:00,0.1601517,6.49957,238.1603,-6.5265,13.62969,-6.355875,0.004666667,0.0999999899999999,0.0004666666999999,-7.724999999999999,-9.075,-8.991666,-9.675,-1.938358,0.1700369999999999,33
2021-01-15 01:47:00,0.1602001,6.524981,238.125,-6.527651,13.62969,-6.357758,0.007333333,0.0999999899999999,0.0008,-7.683333,-9.099999,-9.008333,-9.7,-2.043912,0.1703455,33
2021-01-15 01:48:00,0.1602034,6.530699,238.207,-6.312727,13.62969,-6.357758,0.007333333,0.0999999899999999,0.0006666667,-7.591667,-9.025,-8.933332999999998,-9.675,-2.149467,0.1702989,33
2021-01-15 01:49:00,0.1601336999999999,6.540936,238.1557,-6.226181,13.62969,-6.357758,0.008,0.0999999899999999,0.0008,-7.608333,-8.949999999999998,-8.891667,-9.583333,-2.120679,0.170346,33
2021-01-15 01:50:00,0.1600957,6.521357,238.1394,-6.265043,13.62969,-6.357758,0.007333333,0.0999999899999999,0.0007333332999999,-7.658333,-8.866666999999998,-8.849999999999998,-9.525,-2.0727,0.1702922,33
2021-01-15 01:51:00,0.1600924,6.548937,238.1568,-6.271644,13.62969,-6.357758,0.0066666659999999,0.0999999899999999,0.0006666667,-7.666667,-8.849999999999998,-8.816667,-9.458333,-1.986337,0.1696969,33
2021-01-15 01:52:00,0.1602052999999999,6.525777,238.2252,-6.209316,13.62969,-6.357758,0.006,0.0999999899999999,0.0005999999999999,-7.541666,-8.816667,-8.783334,-9.408334,-1.851996,0.1701267999999999,33
2021-01-15 01:53:00,0.1603180999999999,6.553115,238.3751,-6.157997,13.62969,-6.357758,0.008,0.0999999899999999,0.0008,-7.383333,-8.758333,-8.741666,-9.441667,-1.880783,0.1708262999999999,33
2021-01-15 01:54:00,0.1602069999999999,6.512287,238.2112,-6.026962,13.62969,-6.364535,0.0066666659999999,0.0999999899999999,0.0006666667,-7.258333,-8.675,-8.666667,-9.366667,-1.871187,0.1702685999999999,33
2021-01-15 01:55:00,0.1601942,6.528901,238.1647,-6.154125,13.62923,-6.37809,0.007333333,0.0999999899999999,0.0007333332999999,-7.391666,-8.75,-8.708332999999998,-9.433333,-1.832804,0.1700412,33
2021-01-15 01:56:00,0.1600693,6.512681,238.1274,-6.247971,13.62969,-6.37809,0.004666667,0.0999999899999999,0.0004666666999999,-7.466667,-8.791667,-8.766666,-9.525,-1.861591,0.169991,33
2021-01-15 01:57:00,0.1602946,6.533917,238.2026,-6.268503,13.62969,-6.37809,0.005333334,0.0999999899999999,0.0005999999999999,-7.516666,-8.916667,-8.816667,-9.6,-1.976741,0.1702172999999999,33
2021-01-15 01:58:00,0.1603039,6.552859,238.2277,-6.28757,13.62969,-6.37809,0.005333334,0.0999999899999999,0.0004666666999999,-7.633333,-8.949999999999998,-8.875,-9.641666,-2.120679,0.1701483,33
2021-01-15 01:59:00,0.1599974999999999,6.51945,238.0716,-6.33304,13.62969,-6.37809,0.008,0.0999999899999999,0.0008,-7.733334,-9.058333,-8.974999,-9.716666,-2.178254,0.1704611,33
2021-01-15 02:00:00,0.1601586999999999,6.515472,238.1125,-6.416659,13.62877,-6.37809,0.007333333,0.0999999899999999,0.0007333332999999,-7.891666,-9.158333,-9.075,-9.816667,-2.331787,0.1704502,33
2021-01-15 02:01:00,0.1600965,6.528162,238.0537,-6.476082,13.62969,-6.37809,0.0066666659999999,0.0999999899999999,0.0006666667,-7.974999999999999,-9.183333,-9.1,-9.816667,-2.494917,0.1699577999999999,33
2021-01-15 02:02:00,0.1599323,6.526806,238.0047,-6.498827,13.62969,-6.37809,0.0066666659999999,0.0999999899999999,0.0006666667,-7.9,-9.099999,-9.05,-9.716666,-2.485321,0.1709991999999999,33
2021-01-15 02:03:00,0.1601905999999999,6.532197,238.1746,-6.460676,13.62969,-6.37809,0.0066666659999999,0.0999999899999999,0.0006666667,-7.866666999999999,-9.099999,-9.058333,-9.7,-2.389362,0.17016,33
2021-01-15 02:04:00,0.1601178,6.522289,238.1236,-6.442017,13.62969,-6.379972,0.007333333,0.0999999899999999,0.0007333332999999,-7.8,-9.075,-9.041667,-9.675,-2.303,0.170692,33
2021-01-15 02:05:00,0.1604222999999999,6.553711,238.6183,-6.328326,13.62969,-6.379972,0.0066666659999999,0.0999999899999999,0.0006666667,-7.65,-9.041667,-8.974999,-9.6,-2.235829,0.1701595999999999,33
2021-01-15 02:06:00,0.1604588999999999,6.542593,238.6096,-6.161013,13.62969,-6.389385,0.008,0.0999999899999999,0.0008,-7.483333,-8.974999,-8.908334,-9.625,-2.226233,0.1701231,33
2021-01-15 02:07:00,0.1604756,6.57267,238.6097,-6.134496,13.62969,-6.398798,0.007333333,0.0999999899999999,0.0007333332999999,-7.508333,-9.008333,-8.974999,-9.683333,-2.091892,0.1707636999999999,33
2021-01-15 02:08:00,0.160252,6.559705,238.3508,-6.165702,13.62969,-6.400681,0.0066666659999999,0.0999999899999999,0.0006666667,-7.616666,-9.091666,-9.008333,-9.733333,-2.139871,0.1702938,33
2021-01-15 02:09:00,0.1600378,6.529052,238.0017,-6.1745,13.62969,-6.400681,0.007333333,0.0999999899999999,0.0007333332999999,-7.633333,-9.108334,-9.016666,-9.775,-2.168658,0.1701479999999999,33
2021-01-15 02:10:00,0.1600574999999999,6.524059,237.9711,-6.252222,13.62969,-6.400681,0.008,0.0999999899999999,0.0008,-7.724999999999999,-9.2,-9.116667,-9.816667,-2.226233,0.1703454,33
2021-01-15 02:11:00,0.1601016,6.54738,238.1775,-6.302087,13.62693,-6.400681,0.006,0.0999999899999999,0.0006666667,-7.808333,-9.216666,-9.091666,-9.75,-2.283808,0.1712221999999999,33
2021-01-15 02:12:00,0.1602963,6.545799,238.3374,-6.337292,13.62969,-6.400681,0.007333333,0.0999999899999999,0.0006666667,-7.8,-9.175,-9.041667,-9.724999,-2.350979,0.1706994,33
2021-01-15 02:13:00,0.1604403,6.572735,238.5134,-6.31529,13.62969,-6.400681,0.0066666659999999,0.0999999899999999,0.0006666667,-7.716667,-9.05,-8.958332999999998,-9.575,-2.226233,0.1700620999999999,33
2021-01-15 02:14:00,0.1603962999999999,6.564295,238.4552,-6.327022,13.62969,-6.400681,0.005333334,0.0999999899999999,0.0005999999999999,-7.7,-9.025001,-8.958332999999998,-9.65,-2.091892,0.1696979,33
2021-01-15 02:15:00,0.1605806999999999,6.565175,238.4998,-6.389369,13.62969,-6.400681,0.0066666659999999,0.0999999899999999,0.0005999999999999,-7.783333,-9.108334,-8.941667,-9.691667,-2.053508,0.1704539999999999,33
2021-01-15 02:16:00,0.1606453999999999,6.546333,238.5692,-6.349028,13.62923,-6.400681,0.0066666659999999,0.0999999899999999,0.0006666667,-7.8,-9.099999,-9.0,-9.641666,-2.101487,0.1712656999999999,33
2021-01-15 02:17:00,0.1605372999999999,6.573582,238.5644,-6.273487,13.62969,-6.400681,0.004666667,0.0999999899999999,0.0005333332999999,-7.808333,-9.158333,-9.05,-9.733333,-2.0727,0.1710098999999999,33
2021-01-15 02:18:00,0.1607741,6.586533,238.6842,-6.275687,13.62969,-6.400681,0.0066666659999999,0.0999999899999999,0.0005999999999999,-7.808333,-9.158334,-9.016666,-9.766666,-2.015125,0.1701115,33
2021-01-15 02:19:00,0.1604901,6.551135,238.6358,-6.264687,13.62969,-6.400681,0.008,0.0999999899999999,0.0008,-7.8,-9.233333,-9.083333,-9.833333,-1.899975,0.1704943999999999,33
2021-01-15 02:20:00,0.1602103,6.566686,238.513,-6.29842,13.62923,-6.400681,0.007333333,0.0999999899999999,0.0007333332999999,-7.808333,-9.224999,-9.066667,-9.841666,-1.909571,0.1710902,33
2021-01-15 02:21:00,0.1603733,6.577282,238.5346,-6.26762,13.62877,-6.400681,0.007333333,0.0999999899999999,0.0007333332999999,-7.8,-9.308333,-9.133333,-9.883334,-1.8424,0.1702897999999999,33
2021-01-15 02:22:00,0.1604796,6.56748,238.6051,-6.23631,13.62969,-6.395033,0.0066666659999999,0.0999999899999999,0.0006666667,-7.841667,-9.341666,-9.175,-9.958333,-1.823208,0.1703644,33
2021-01-15 02:23:00,0.1605787999999999,6.536934,238.6889,-6.101536,13.62969,-6.38562,0.005333334,0.0999999899999999,0.0005333332999999,-7.833332999999999,-9.408334,-9.208333,-9.916667,-1.851996,0.1708906,33
2021-01-15 02:24:00,0.1605903999999999,6.571733,238.6918,-5.848538,13.62877,-6.37809,0.0066666659999999,0.0999999899999999,0.0006666667,-7.816665999999999,-9.333333,-9.133333,-9.875,-1.976741,0.1706446,33
2021-01-15 02:25:00,0.1604657999999999,6.550172,238.5779,-5.410669,13.62923,-6.37809,0.0066666659999999,0.0999999899999999,0.0007333332999999,-7.541667,-9.208333,-9.058333,-9.8,-1.967146,0.1706329,33
2021-01-15 02:26:00,0.1603786,6.561445,238.5521,-5.215321,13.62923,-6.37809,0.0066666659999999,0.0999999899999999,0.0005999999999999,-7.408333,-9.158333,-9.0,-9.75,-1.890379,0.1705678999999999,33
2021-01-15 02:27:00,0.1605347,6.574863,238.4776,-4.605751,13.62739,-6.37809,0.007333333,0.0999999899999999,0.0007333332999999,-7.05,-8.866666,-8.666667,-9.425,-1.890379,0.1704753,33
2021-01-15 02:28:00,0.1604800999999999,6.566898,238.4747,-3.910145,13.62877,-6.37809,0.006,0.0999999899999999,0.0005999999999999,-6.475,-8.708332999999998,-8.441667,-9.091666,-1.640887,0.1701521,33
2021-01-15 02:29:00,0.1604928999999999,6.601131,238.4877,-3.696515,13.62739,-6.37809,0.0066666659999999,0.0999999899999999,0.0006666667,-6.308333,-8.491666999999998,-8.3,-8.808332999999998,-1.564121,0.1702839999999999,33
2021-01-15 02:30:00,0.1604347999999999,6.551127,238.4123,-3.252888,13.62464,-6.37809,0.008,0.0999999899999999,0.0008,-5.641666,-7.941665999999999,-7.741666,-8.275,-1.49695,0.1702954,33
2021-01-15 02:31:00,0.1604028999999999,6.530711,238.3243,-2.866667,13.62418,-6.369618,0.0066666659999999,0.0999999899999999,0.0006666667,-5.425,-7.716667,-7.591667,-7.908333,-1.305033,0.1703577,33
2021-01-15 02:32:00,0.1603874,6.54372,238.2854,-2.775619,13.62372,-6.357758,0.0066666659999999,0.0999999899999999,0.0006666667,-5.15,-7.333332999999999,-7.125,-7.458332999999999,-1.26665,0.1709824,33
2021-01-15 02:33:00,0.1603160999999999,6.533968,238.3264,-2.742396,13.62189,-6.338929,0.008,0.0999999899999999,0.0008,-5.033333,-7.2,-7.074999,-7.258333,-1.065138,0.1708242,33
2021-01-15 02:34:00,0.1603675,6.541605,238.4162,-3.006521,13.61959,-6.32575,0.0066666659999999,0.0999999899999999,0.0006666667,-5.266667,-7.183333,-7.091667,-7.291667,-0.9979666,0.1704836,33
2021-01-15 02:35:00,0.1603043,6.569414,238.4705,-3.28687,13.6173,-6.307488,0.007333333,0.0999999899999999,0.0007333332999999,-5.525,-7.266666,-7.074999,-7.275,-1.017158,0.1702819,33
2021-01-15 02:36:00,0.1604539,6.55002,238.4927,-3.528442,13.61868,-6.290354,0.006,0.0999999899999999,0.0005999999999999,-5.733333,-7.3,-7.108333,-7.258333,-1.180287,0.1716231,33
2021-01-15 02:37:00,0.160422,6.607761,238.472,-3.654554,13.61822,-6.263997,0.007333333,0.0999999899999999,0.0007333332999999,-5.766666,-7.283333,-7.083333,-7.208332999999999,-1.448971,0.1706062,33
2021-01-15 02:38:00,0.1604618999999999,6.561675,238.4969,-3.743404,13.61409,-6.247051,0.008,0.0999999899999999,0.0008,-5.733334,-7.241666999999999,-7.058333,-7.158333,-1.6121,0.1703027,33
2021-01-15 02:39:00,0.1603932,6.575682,238.5692,-3.931493,13.61271,-6.217683,0.007333333,0.0999999899999999,0.0007333332999999,-5.708333,-7.175,-6.958333,-7.074999,-1.698462,0.1704616999999999,33
2021-01-15 02:40:00,0.1605036,6.568697,238.548,-4.115903,13.61317,-6.198479,0.0066666659999999,0.0999999899999999,0.0006666667,-5.666667,-7.15,-6.9,-6.949999,-1.794421,0.1711058,33
2021-01-15 02:41:00,0.1605561,6.562362,238.56,-4.197662,13.61317,-6.172121,0.0066666659999999,0.0999999899999999,0.0006666667,-5.625,-7.1,-6.858333,-6.916667,-1.832804,0.1701323999999999,33
2021-01-15 02:42:00,0.1606123999999999,6.575241,238.5863,-4.241793,13.61225,-6.150469,0.0066666659999999,0.0999999899999999,0.0007333332999999,-5.683333,-7.1,-6.866667,-6.941666,-1.823208,0.1709914999999999,33
2021-01-15 02:43:00,0.1606583,6.574076,238.6597,-4.243768,13.60767,-6.121664,0.007333333,0.0999999899999999,0.0006666667,-5.825,-7.166667,-6.933333,-7.066666,-1.823208,0.1698514,33
2021-01-15 02:44:00,0.1605131999999999,6.572533,238.5706,-4.225832,13.60767,-6.091919,0.008,0.0999999899999999,0.0008,-5.941666,-7.316665999999999,-7.058333,-7.15,-1.938358,0.1709314,33
2021-01-15 02:45:00,0.1604005,6.578177,238.4578,-4.020525,13.60767,-6.067442,0.006,0.0999999899999999,0.0005999999999999,-5.949999,-7.283333,-7.058333,-7.158333,-2.120679,0.1705976999999999,33
2021-01-15 02:46:00,0.1603430999999999,6.573964,238.4196,-3.833437,13.60767,-6.039202,0.007333333,0.0999999899999999,0.0007333332999999,-5.866667,-7.3,-7.074999,-7.25,-2.216637,0.1706361,33
2021-01-15 02:47:00,0.1603816,6.574435,238.4548,-3.745758,13.60767,-6.018492,0.008,0.0999999899999999,0.0008,-5.725,-7.25,-7.058333,-7.233334,-2.245425,0.1713913,33
2021-01-15 02:48:00,0.1604974,6.5765,238.4556,-3.763181,13.60767,-5.98837,0.0066666659999999,0.0999999899999999,0.0006666667,-5.616666,-7.241666999999999,-7.008333,-7.191667,-2.130275,0.1705438,33
2021-01-15 02:49:00,0.1604568,6.559636,238.4754,-3.845237,13.60767,-5.962387,0.0066666659999999,0.0999999899999999,0.0006666667,-5.741667,-7.283333,-7.083333,-7.25,-2.101487,0.1711662999999999,33
2021-01-15 02:50:00,0.1601948,6.55289,238.3303,-3.950647,13.60767,-5.936407,0.007333333,0.0999999899999999,0.0007333332999999,-5.791667,-7.341667,-7.058333,-7.349999999999999,-2.091892,0.171137,33
2021-01-15 02:51:00,0.1603006999999999,6.549839,238.3956,-4.069251,13.60767,-5.91193,0.007333333,0.0999999899999999,0.0007333332999999,-5.949999,-7.5,-7.233333,-7.491666,-2.159062,0.1708132,33
2021-01-15 02:52:00,0.1605134,6.595666,238.4971,-4.176626,13.60767,-5.889338,0.005333334,0.0999999899999999,0.0005333332999999,-6.091667,-7.483333,-7.224999999999999,-7.508333,-2.322191,0.1711566999999999,33
2021-01-15 02:53:00,0.1605597,6.590672,238.519,-4.313063,13.60675,-5.86072,0.007333333,0.0999999899999999,0.0007333332999999,-6.183333,-7.491666,-7.291667,-7.583332999999999,-2.360575,0.1710850999999999,33
2021-01-15 02:54:00,0.160559,6.584335,238.5196,-4.472047,13.60583,-5.840765,0.008,0.0999999899999999,0.0008,-6.2,-7.508333,-7.333332999999999,-7.608333,-2.370171,0.1713598,33
2021-01-15 02:55:00,0.1604677999999999,6.574576,238.5115,-4.595902,13.60583,-5.816289,0.0066666659999999,0.0999999899999999,0.0006666667,-6.291667,-7.633333,-7.408333,-7.716667,-2.341383,0.1708832,33
2021-01-15 02:56:00,0.1603535,6.585939,238.4845,-4.722214,13.60583,-5.793509,0.007333333,0.0999999899999999,0.0007333332999999,-6.366667,-7.691667,-7.425,-7.825,-2.379767,0.1711271,33
2021-01-15 02:57:00,0.1603574,6.596449,238.4407,-4.825505,13.604,-5.769597,0.007333333,0.0999999899999999,0.0007333332999999,-6.458333,-7.708332999999999,-7.458332999999999,-7.883333,-2.466129,0.1710325,33
2021-01-15 02:58:00,0.1602842999999999,6.566659,238.4705,-4.821337,13.60354,-5.750771,0.006,0.0999999899999999,0.0005999999999999,-6.408333,-7.816665999999999,-7.558333,-7.891666,-2.571683,0.1704178,33
2021-01-15 02:59:00,0.1603696,6.567032,238.5334,-4.892159,13.60308,-5.727991,0.008,0.0999999899999999,0.0008,-6.391666,-7.891666,-7.625,-8.025,-2.590875,0.1709257999999999,33
2021-01-15 03:00:00,0.1602391,6.564491,238.486,-4.94118,13.60308,-5.709728,0.008,0.0999999899999999,0.0008,-6.441666,-8.0,-7.758333,-8.15,-2.667641,0.1707260999999999,33
2021-01-15 03:01:00,0.1602085,6.602297,238.4256,-5.010015,13.60308,-5.687136,0.0066666659999999,0.0999999899999999,0.0006666667,-6.55,-8.05,-7.825,-8.283334,-2.725217,0.1705935,33
2021-01-15 03:02:00,0.1602445,6.561119,238.3867,-5.203959,13.60354,-5.672638,0.0066666659999999,0.0999999899999999,0.0006666667,-6.741667,-8.141666,-7.858333,-8.349999,-2.801983,0.1714965,33
2021-01-15 03:03:00,0.1602907,6.583585,238.4449,-5.318418,13.604,-5.651739,0.0066666659999999,0.0999999899999999,0.0007333332999999,-6.808333,-8.15,-7.916667,-8.375,-2.87875,0.1708610999999999,33
2021-01-15 03:04:00,0.1604839,6.593067,238.5805,-5.470533,13.60445,-5.634796,0.0066666659999999,0.0999999899999999,0.0005999999999999,-6.866667,-8.216666,-7.983333,-8.458332999999998,-2.859558,0.1708093,33
2021-01-15 03:05:00,0.16053,6.598509,238.5436,-5.624893,13.60537,-5.61785,0.007333333,0.0999999899999999,0.0007333332999999,-6.983333,-8.375,-8.108333,-8.616666,-2.83077,0.1711768999999999,33
2021-01-15 03:06:00,0.1604652,6.581296,238.4546,-5.819036,13.60629,-5.600341,0.006,0.0999999899999999,0.0006666667,-7.133333,-8.466666,-8.208332999999998,-8.758333,-2.917133,0.1707869999999999,33
2021-01-15 03:07:00,0.1602947999999999,6.560312,238.2682,-6.018959,13.60721,-5.589987,0.007333333,0.0999999899999999,0.0006666667,-7.308333,-8.65,-8.341666,-8.908334,-2.965112,0.1706515,33
2021-01-15 03:08:00,0.1602305,6.549425,238.2206,-6.180746,13.60767,-5.569279,0.008,0.0999999899999999,0.0008,-7.449999,-8.766666,-8.466666,-9.05,-3.128242,0.1708523999999999,33
2021-01-15 03:09:00,0.1604826,6.572901,238.4416,-6.249979,13.60767,-5.554216,0.0066666659999999,0.0999999899999999,0.0006666667,-7.558333,-8.875,-8.566667,-9.175,-3.2242,0.1713579,33
2021-01-15 03:10:00,0.1602633,6.560165,238.3981,-6.198444,13.60767,-5.546684,0.006,0.0999999899999999,0.0005999999999999,-7.516666,-8.883333999999998,-8.583332999999998,-9.241666,-3.320158,0.1717991,33
2021-01-15 03:11:00,0.1601645999999999,6.577541,238.4288,-6.208478,13.60767,-5.54499,0.006,0.0999999899999999,0.0005999999999999,-7.483333,-8.908334,-8.666667,-9.3,-3.243392,0.1719236,33
2021-01-15 03:12:00,0.1603794,6.585472,238.393,-6.289763,13.60767,-5.528046,0.007333333,0.0999999899999999,0.0007333332999999,-7.491666,-8.824999999999998,-8.608333,-9.258333,-3.176221,0.1713248,33
2021-01-15 03:13:00,0.1603119,6.582159,238.4153,-6.307133,13.60767,-5.526352,0.0066666659999999,0.0999999899999999,0.0006666667,-7.533333,-8.891667,-8.633333,-9.275,-2.965112,0.1710859,33
2021-01-15 03:14:00,0.1604227,6.593538,238.5843,-6.251296,13.60767,-5.522587,0.006,0.0999999899999999,0.0005999999999999,-7.425,-8.841666,-8.591666,-9.208333,-2.811579,0.1716110999999999,33
2021-01-15 03:15:00,0.1603113999999999,6.570062,238.4874,-6.203527,13.60767,-5.505644,0.0066666659999999,0.0999999899999999,0.0006666667,-7.366666999999999,-8.75,-8.483333,-9.116667,-2.629258,0.1718286,33
2021-01-15 03:16:00,0.1602978999999999,6.576621,238.4813,-6.240503,13.60767,-5.503761,0.0066666659999999,0.0999999899999999,0.0006666667,-7.3,-8.75,-8.525,-9.141666,-2.466129,0.1709230999999999,33
2021-01-15 03:17:00,0.1603304999999999,6.584007,238.5267,-6.255901,13.60858,-5.503761,0.005333334,0.0999999899999999,0.0005999999999999,-7.283333,-8.783334,-8.558332999999998,-9.241666,-2.408554,0.1710985999999999,33
2021-01-15 03:18:00,0.1603463,6.597146,238.5469,-6.283035,13.60812,-5.503761,0.007333333,0.0999999899999999,0.0006666667,-7.358333,-8.858334,-8.666667,-9.341666,-2.408554,0.1707185,33
2021-01-15 03:19:00,0.1604429,6.594056,238.6866,-6.306502,13.61225,-5.503761,0.007333333,0.0999999899999999,0.0007333332999999,-7.5,-8.858334,-8.616666999999998,-9.291667,-2.475725,0.1715121,33
2021-01-15 03:20:00,0.1603941,6.609018,238.5536,-6.308702,13.61179,-5.503761,0.006,0.0999999899999999,0.0005999999999999,-7.5,-8.866666999999998,-8.666667,-9.375,-2.514108,0.1712399,33
2021-01-15 03:21:00,0.1604134,6.549107,238.5401,-6.328505,13.61317,-5.503761,0.008,0.0999999899999999,0.0008,-7.566665999999999,-8.891667,-8.716666,-9.425,-2.571683,0.1708567,33
2021-01-15 03:22:00,0.1603919,6.562263,238.513,-6.371778,13.61309,-5.503761,0.0066666659999999,0.0999999899999999,0.0006666667,-7.583332999999999,-8.925,-8.708332999999998,-9.416667,-2.542896,0.1710522999999999,33
2021-01-15 03:23:00,0.1604298999999999,6.596167,238.5738,-6.341706,13.61271,-5.503761,0.005333334,0.0999999899999999,0.0005333332999999,-7.533333,-8.908334,-8.708332999999998,-9.483334,-2.542896,0.1706916,33
2021-01-15 03:24:00,0.1603352999999999,6.59001,238.6127,-6.283454,13.61275,-5.505644,0.007333333,0.0999999899999999,0.0007333332999999,-7.566665999999999,-8.916667,-8.733333,-9.575,-2.562087,0.1711136,33
2021-01-15 03:25:00,0.1602789,6.591347,238.5035,-6.269522,13.6128,-5.518822,0.005333334,0.0999999899999999,0.0005333332999999,-7.65,-9.058333,-8.858334,-9.65,-2.523704,0.1705469,33
2021-01-15 03:26:00,0.160285,6.562437,238.535,-6.277065,13.61285,-5.526352,0.005333334,0.0999999899999999,0.0005999999999999,-7.716667,-9.091666,-8.875,-9.633333,-2.581279,0.1710917,33
2021-01-15 03:27:00,0.1601490999999999,6.572668,238.4577,-6.285363,13.61288,-5.528046,0.0066666659999999,0.0999999899999999,0.0006666667,-7.7,-9.141666,-8.916667,-9.641666,-2.610067,0.1706444,33
2021-01-15 03:28:00,0.160341,6.590653,238.563,-6.331945,13.61431,-5.541601,0.006,0.0999999899999999,0.0005333332999999,-7.716667,-9.2,-8.983333,-9.75,-2.658046,0.1712237,33
2021-01-15 03:29:00,0.1603458,6.583725,238.6243,-6.259301,13.61478,-5.546684,0.007333333,0.0999999899999999,0.0007333332999999,-7.599999999999999,-9.25,-9.016666,-9.775,-2.725217,0.171135,33
2021-01-15 03:30:00,0.1602744,6.590796,238.4668,-6.271453,13.61482,-5.548567,0.008,0.0999999899999999,0.0008,-7.675,-9.3,-9.066667,-9.891667,-2.801983,0.1715396999999999,33
2021-01-15 03:31:00,0.1602898,6.596032,238.4457,-6.364704,13.61759,-5.565513,0.0066666659999999,0.0999999899999999,0.0007333332999999,-7.841667,-9.400001,-9.133333,-9.974999,-2.821175,0.1717307999999999,33
2021-01-15 03:32:00,0.1601577999999999,6.573868,238.3843,-6.44487,13.61853,-5.573044,0.006,0.0999999899999999,0.0005333332999999,-7.949999,-9.5,-9.216666,-10.075,-2.936325,0.1707781999999999,33
2021-01-15 03:33:00,0.1603534,6.570407,238.4648,-6.552517,13.61855,-5.591869,0.007333333,0.0999999899999999,0.0007333332999999,-8.074999999999998,-9.591666,-9.25,-10.11667,-3.089858,0.1703639999999999,33
2021-01-15 03:34:00,0.1604202,6.575993,238.4508,-6.669209,13.61856,-5.591869,0.006,0.0999999899999999,0.0006666667,-8.166667,-9.65,-9.291667,-10.18333,-3.185817,0.1708701,33
2021-01-15 03:35:00,0.1604116999999999,6.563181,238.388,-6.792371,13.61858,-5.612202,0.006,0.0999999899999999,0.0005333332999999,-8.116666999999998,-9.708333,-9.35,-10.2,-3.252987,0.1707109,33
2021-01-15 03:36:00,0.1605464,6.560171,238.521,-6.852163,13.61813,-5.623499,0.004666667,0.0999999899999999,0.0005333332999999,-8.166667,-9.775,-9.391667,-10.29167,-3.2242,0.1703879,33
2021-01-15 03:37:00,0.1604462,6.577355,238.4191,-6.818699,13.6186,-5.634796,0.005333334,0.0999999899999999,0.0004666666999999,-8.183332999999998,-9.741666,-9.35,-10.225,-3.214604,0.1713097,33
2021-01-15 03:38:00,0.160368,6.572237,238.5147,-6.858874,13.61861,-5.653622,0.006,0.0999999899999999,0.0005999999999999,-8.125,-9.758333,-9.35,-10.23333,-3.137837,0.1709673999999999,33
2021-01-15 03:39:00,0.1602201,6.562235,238.4335,-6.880883,13.61999,-5.672638,0.004666667,0.0999999899999999,0.0005333332999999,-8.175,-9.716666,-9.375,-10.175,-3.061071,0.1707144999999999,33
2021-01-15 03:40:00,0.1602576,6.582117,238.4175,-6.793981,13.62092,-5.683371,0.006,0.0999999899999999,0.0005333332999999,-8.125,-9.658333,-9.358334,-10.11667,-2.926729,0.1712054,33
2021-01-15 03:41:00,0.1601219,6.564255,238.2819,-6.726641,13.62184,-5.704079,0.004666667,0.0999999899999999,0.0004666666999999,-8.033334,-9.591666,-9.316667,-10.10833,-2.744408,0.1712808,33
2021-01-15 03:42:00,0.1601109,6.560081,238.2203,-6.593575,13.62277,-5.722908,0.0066666659999999,0.0999999899999999,0.0006666667,-7.933333,-9.566667,-9.275,-10.10833,-2.514108,0.1709826,33
2021-01-15 03:43:00,0.1601622,6.562263,238.2534,-6.500019,13.62277,-5.736463,0.007333333,0.0999999899999999,0.0007333332999999,-7.958332999999999,-9.583333,-9.3,-10.14167,-2.341383,0.1715018,33
2021-01-15 03:44:00,0.160186,6.582277,238.36,-6.487308,13.62415,-5.754536,0.005333334,0.0999999899999999,0.0005999999999999,-8.016666,-9.608334,-9.316667,-10.19167,-2.303,0.1715506,33
2021-01-15 03:45:00,0.1600861,6.559141,238.2575,-6.640254,13.62416,-5.765831,0.005333334,0.0999999899999999,0.0005333332999999,-8.025,-9.683333,-9.308333,-10.14167,-2.350979,0.1706311,33
2021-01-15 03:46:00,0.1602561,6.575308,238.291,-6.705783,13.62416,-5.786542,0.0066666659999999,0.0999999899999999,0.0006666667,-8.083332999999998,-9.791667,-9.383334,-10.19167,-2.41815,0.1707307999999999,33
2021-01-15 03:47:00,0.1606907999999999,6.615564,238.8737,-6.726393,13.62416,-5.80198,0.004666667,0.0999999899999999,0.0004666666999999,-8.125,-9.825,-9.474999,-10.25,-2.562087,0.1704575,33
2021-01-15 03:48:00,0.1607808,6.602788,238.9691,-6.757305,13.62416,-5.818172,0.004666667,0.0999999899999999,0.0004666666999999,-8.258333,-9.85,-9.441667,-10.29167,-2.638854,0.1703776999999999,33
2021-01-15 03:49:00,0.1605439999999999,6.614912,238.7706,-6.809529,13.62417,-5.835117,0.006,0.0999999899999999,0.0005333332999999,-8.291667,-9.825,-9.433333,-10.19167,-2.658046,0.1702674999999999,33
2021-01-15 03:50:00,0.1603893999999999,6.572661,238.4846,-6.683779,13.62463,-5.853943,0.004666667,0.0999999899999999,0.0004666666999999,-8.241666,-9.733333,-9.441667,-10.16667,-2.64845,0.171599,33
2021-01-15 03:51:00,0.1601644999999999,6.5768,238.4618,-6.477188,13.62463,-5.867498,0.007333333,0.0999999899999999,0.0007333332999999,-8.166667,-9.75,-9.391667,-10.15,-2.514108,0.1702734999999999,33
2021-01-15 03:52:00,0.1601403,6.573997,238.3083,-6.440578,13.62509,-5.883689,0.005333334,0.0999999899999999,0.0005999999999999,-8.099999999999998,-9.783334,-9.425,-10.18333,-2.389362,0.1707847999999999,33
2021-01-15 03:53:00,0.1601328999999999,6.570374,238.2866,-6.506601,13.62555,-5.89687,0.0066666659999999,0.0999999899999999,0.0005999999999999,-8.183332999999998,-9.8,-9.441667,-10.225,-2.283808,0.171514,33
2021-01-15 03:54:00,0.1601168,6.530669,238.1328,-6.651783,13.62784,-5.91946,0.007333333,0.0999999899999999,0.0007333332999999,-8.25,-9.841666,-9.425,-10.20833,-2.379767,0.1710266,33
2021-01-15 03:55:00,0.1597475999999999,6.531328,237.8245,-6.790621,13.62968,-5.936407,0.006,0.0999999899999999,0.0005999999999999,-8.341666,-9.866667,-9.483333,-10.23333,-2.408554,0.1711563999999999,33
2021-01-15 03:56:00,0.1594459,6.486162,237.5281,-6.857267,13.62876,-5.943562,0.008,0.0999999899999999,0.0008,-8.349999999999998,-9.891667,-9.5,-10.25,-2.456533,0.1707436,33
2021-01-15 03:57:00,0.1594035,6.488853,237.423,-6.792427,13.62739,-5.962387,0.007333333,0.0999999899999999,0.0007333332999999,-8.275,-9.891667,-9.508333,-10.19167,-2.514108,0.1709054,33
2021-01-15 03:58:00,0.1596314,6.532059,237.5768,-6.60218,13.62968,-5.984982,0.005333334,0.0999999899999999,0.0005333332999999,-8.166667,-9.775,-9.458333,-10.13333,-2.523704,0.1715365,33
2021-01-15 03:59:00,0.1601158,6.573835,238.1132,-6.51572,13.62968,-5.996842,0.0066666659999999,0.0999999899999999,0.0006666667,-8.083332999999998,-9.766666,-9.433333,-10.10833,-2.408554,0.1716506999999999,33
2021-01-15 04:00:00,0.1600851,6.543921,238.0383,-6.49432,13.62968,-6.012844,0.004666667,0.0999999899999999,0.0004666666999999,-8.008333,-9.808333,-9.483333,-10.19167,-2.398958,0.171276,33
2021-01-15 04:01:00,0.1600183,6.551901,237.9343,-6.515268,13.62968,-6.027905,0.006,0.0999999899999999,0.0005999999999999,-8.141666,-9.85,-9.508333,-10.24167,-2.389362,0.1706459999999999,33
2021-01-15 04:02:00,0.1600384,6.537148,237.9066,-6.561901,13.62969,-6.042967,0.006,0.0999999899999999,0.0005999999999999,-8.199999999999998,-9.966666,-9.558333,-10.35,-2.466129,0.1713377,33
2021-01-15 04:03:00,0.1599037,6.558437,237.9236,-6.620598,13.62969,-6.056147,0.005333334,0.0999999899999999,0.0005333332999999,-8.283334,-9.991666,-9.533334,-10.35833,-2.446937,0.1710774999999999,33
2021-01-15 04:04:00,0.1600124,6.570905,238.0432,-6.758683,13.62969,-6.07309,0.007333333,0.0999999899999999,0.0007333332999999,-8.324999999999998,-9.966666,-9.474999,-10.33333,-2.437341,0.1712853,33
2021-01-15 04:05:00,0.159831,6.569413,237.9315,-6.840548,13.62969,-6.086647,0.007333333,0.0999999899999999,0.0007333332999999,-8.349999999999998,-10.08333,-9.6,-10.43333,-2.466129,0.1714287999999999,33
2021-01-15 04:06:00,0.1596586999999999,6.538361,237.8207,-6.945316,13.62969,-6.104721,0.008,0.0999999899999999,0.0008,-8.408334,-10.09167,-9.65,-10.525,-2.485321,0.1715057,33
2021-01-15 04:07:00,0.1595487999999999,6.557259,237.7369,-7.025684,13.62969,-6.116016,0.006,0.0999999899999999,0.0005999999999999,-8.533334,-10.125,-9.683333,-10.55833,-2.475725,0.1709465,33
2021-01-15 04:08:00,0.1597668999999999,6.548149,237.8097,-7.097867,13.62969,-6.136724,0.006,0.0999999899999999,0.0006666667,-8.625,-10.15833,-9.641666,-10.55833,-2.485321,0.171719,33
2021-01-15 04:09:00,0.1598268999999999,6.530375,237.8751,-7.105487,13.63106,-6.153859,0.0066666659999999,0.0999999899999999,0.0005999999999999,-8.625,-10.14167,-9.608334,-10.525,-2.41815,0.1713841999999999,33
2021-01-15 04:10:00,0.1596938,6.550622,237.7021,-7.142796,13.63244,-6.168356,0.004666667,0.0999999899999999,0.0005333332999999,-8.616666999999998,-10.14167,-9.608334,-10.45833,-2.437341,0.1708936,33
2021-01-15 04:11:00,0.1597620999999999,6.547015,237.7485,-7.216686,13.62969,-6.183416,0.004666667,0.0999999899999999,0.0004666666999999,-8.683332999999998,-10.25833,-9.7,-10.525,-2.41815,0.1710028,33
2021-01-15 04:12:00,0.1596789,6.543433,237.7081,-7.276405999999999,13.63381,-6.204128,0.008,0.0999999899999999,0.0007333332999999,-8.75,-10.275,-9.783334,-10.56667,-2.562087,0.1711774,33
2021-01-15 04:13:00,0.1597936,6.558673,237.7734,-7.350557,13.63244,-6.214294,0.0066666659999999,0.0999999899999999,0.0007333332999999,-8.8,-10.23333,-9.775,-10.59167,-2.638854,0.1705192,33
2021-01-15 04:14:00,0.1597943,6.518392,237.7838,-7.392564,13.63336,-6.231991,0.0066666659999999,0.0999999899999999,0.0005999999999999,-8.766666,-10.275,-9.775,-10.6,-2.562087,0.1706564,33
2021-01-15 04:15:00,0.1595622999999999,6.55441,237.6472,-7.470907999999999,13.63473,-6.247051,0.004666667,0.0999999899999999,0.0005333332999999,-8.708332999999998,-10.24167,-9.741666,-10.6,-2.504512,0.1708234999999999,33
2021-01-15 04:16:00,0.1595596,6.554407,237.6625,-7.51259,13.63519,-6.26588,0.005333334,0.0999999899999999,0.0004666666999999,-8.716666,-10.26667,-9.708333,-10.54167,-2.446937,0.1720575,33
2021-01-15 04:17:00,0.1594386999999999,6.526747,237.6486,-7.466649999999999,13.63519,-6.280941,0.007333333,0.0999999899999999,0.0007333332999999,-8.699999999999998,-10.29167,-9.775,-10.61667,-2.446937,0.1714299,33
2021-01-15 04:18:00,0.1593806999999999,6.522758,237.6598,-7.44562,13.63519,-6.292236,0.0066666659999999,0.0999999899999999,0.0007333332999999,-8.766666,-10.35833,-9.783334,-10.625,-2.427746,0.1713357,33
2021-01-15 04:19:00,0.1595787999999999,6.536204,237.7933,-7.471896,13.63519,-6.312572,0.007333333,0.0999999899999999,0.0006666667,-8.808332999999998,-10.275,-9.791667,-10.53333,-2.398958,0.1713126,33
2021-01-15 04:20:00,0.159426,6.559895,237.7113,-7.301805,13.63565,-6.331398,0.006,0.0999999899999999,0.0005999999999999,-8.758333,-10.125,-9.683333,-10.425,-2.350979,0.1715081,33
2021-01-15 04:21:00,0.1593332,6.536841,237.7027,-7.09012,13.63702,-6.344577,0.007333333,0.0999999899999999,0.0007333332999999,-8.558332999999998,-9.875,-9.525,-10.24167,-2.197446,0.1711241,33
2021-01-15 04:22:00,0.1594221,6.522336,237.6364,-6.990179,13.63886,-6.357758,0.007333333,0.0999999899999999,0.0007333332999999,-8.366666999999998,-9.741666,-9.408334,-10.175,-1.95755,0.1710947999999999,33
2021-01-15 04:23:00,0.1593143999999999,6.561821,237.5987,-7.08819,13.63932,-6.376396,0.006,0.0999999899999999,0.0005999999999999,-8.291667,-9.658333,-9.358334,-10.10833,-1.746441,0.1713659999999999,33
2021-01-15 04:24:00,0.1593232,6.527721,237.5582,-7.175126,13.64069,-6.37809,0.0066666659999999,0.0999999899999999,0.0006666667,-8.316667,-9.608333,-9.341666,-10.075,-1.650483,0.1713897,33
2021-01-15 04:25:00,0.1592932,6.515413,237.4222,-7.186735,13.64069,-6.400681,0.006,0.0999999899999999,0.0005999999999999,-8.4,-9.633333,-9.333333,-10.05,-1.640887,0.1707834,33
2021-01-15 04:26:00,0.1592408999999999,6.517799,237.5352,-7.149868,13.64069,-6.410095,0.007333333,0.0999999899999999,0.0007333332999999,-8.400000999999998,-9.616667,-9.341666,-10.06667,-1.756037,0.1713213,33
2021-01-15 04:27:00,0.1594593,6.539728,237.5701,-6.927988,13.64069,-6.423275,0.007333333,0.0999999899999999,0.0008,-8.283334,-9.474999,-9.241666,-9.966666,-1.804017,0.1716712,33
2021-01-15 04:28:00,0.1594767,6.513039,237.6002,-6.594857,13.63978,-6.430805,0.007333333,0.0999999899999999,0.0006666667,-8.066667,-9.35,-9.175,-9.791667,-1.832804,0.1716187999999999,33
2021-01-15 04:29:00,0.1593756,6.569643,237.6813,-6.392742,13.64024,-6.445866,0.007333333,0.0999999899999999,0.0007333332999999,-8.0,-9.291667,-9.125,-9.775,-1.756037,0.171788,33
2021-01-15 04:30:00,0.1592549,6.532509,237.5212,-6.287525,13.64069,-6.454339,0.008,0.0999999899999999,0.0008,-7.833332999999999,-9.258333,-9.108333,-9.833333,-1.669675,0.1723610999999999,33
2021-01-15 04:31:00,0.1594071,6.527544,237.5299,-6.322851,13.64069,-6.466202,0.006,0.0999999899999999,0.0005999999999999,-7.808333,-9.216666,-9.05,-9.791667,-1.736846,0.1714077,33
2021-01-15 04:32:00,0.1593826,6.553469,237.477,-6.386662,13.64069,-6.466202,0.004666667,0.0999999899999999,0.0005333332999999,-7.883333,-9.233333,-9.1,-9.808333,-1.698462,0.1721807999999999,33
2021-01-15 04:33:00,0.159549,6.518082,237.4868,-6.518689,13.64069,-6.47938,0.0066666659999999,0.0999999899999999,0.0005999999999999,-8.0,-9.275,-9.116667,-9.866667,-1.72725,0.1710376999999999,33
2021-01-15 04:34:00,0.1594001999999999,6.551613,237.6172,-6.611759,13.64024,-6.488792,0.008,0.0999999899999999,0.0008,-8.116666999999998,-9.266666,-9.191667,-9.941667,-1.813612,0.1720482999999999,33
2021-01-15 04:35:00,0.1593097,6.533268,237.5934,-6.575162,13.64024,-6.492558,0.0066666659999999,0.0999999899999999,0.0006666667,-8.099999999999998,-9.208333,-9.2,-9.974999,-1.938358,0.1715264,33
2021-01-15 04:36:00,0.1592350999999999,6.530579,237.538,-6.461915,13.64069,-6.511387,0.0066666659999999,0.0999999899999999,0.0007333332999999,-7.991666,-9.241666,-9.166667,-10.01667,-1.967146,0.1716086,33
2021-01-15 04:37:00,0.1592368999999999,6.51103,237.4444,-6.408362,13.64069,-6.511387,0.006,0.0999999899999999,0.0005333332999999,-8.066667,-9.266666,-9.216666,-10.03333,-1.995933,0.1710353,33
2021-01-15 04:38:00,0.1592123,6.550284,237.4982,-6.466999,13.64069,-6.51647,0.007333333,0.0999999899999999,0.0007333332999999,-8.25,-9.208333,-9.183333,-9.974999,-1.967146,0.1722626999999999,33
2021-01-15 04:39:00,0.1592998999999999,6.543761,237.5832,-6.516732,13.64069,-6.531719,0.0066666659999999,0.0999999899999999,0.0006666667,-8.091666,-9.125,-9.033334,-9.908334,-2.015125,0.1718347,33
2021-01-15 04:40:00,0.1591585,6.505896,237.3369,-6.301796,13.64069,-6.531719,0.0066666659999999,0.0999999899999999,0.0006666667,-7.65,-9.025,-9.008333,-9.8,-2.015125,0.1713312999999999,33
2021-01-15 04:41:00,0.1589686999999999,6.51227,237.1076,-6.353868,13.64069,-6.531719,0.006,0.0999999899999999,0.0005999999999999,-7.841667,-9.099999,-9.025,-9.833333,-1.947954,0.1718809,33
2021-01-15 04:42:00,0.1588109,6.495223,236.752,-6.398453,13.64069,-6.55431,0.006,0.0999999899999999,0.0005999999999999,-7.925,-9.2,-9.083333,-9.883334,-1.899975,0.1718571999999999,33
2021-01-15 04:43:00,0.1587007,6.507707,236.8154,-6.438801,13.64069,-6.55431,0.0066666659999999,0.0999999899999999,0.0006666667,-8.099999,-9.224999,-9.099999,-9.900001,-1.95755,0.1721179999999999,33
2021-01-15 04:44:00,0.1589581999999999,6.473429,236.9035,-6.474749,13.64069,-6.55431,0.0066666659999999,0.0999999899999999,0.0006666667,-8.25,-9.283334,-9.141666,-9.891667,-1.947954,0.1708641999999999,33
2021-01-15 04:45:00,0.1589861999999999,6.495769,236.9284,-6.473059,13.64024,-6.559958,0.0066666659999999,0.0999999899999999,0.0006666667,-8.358334,-9.325,-9.158333,-9.974999,-2.063104,0.1715291999999999,33
2021-01-15 04:46:00,0.1590165,6.493592,236.843,-6.495138,13.64069,-6.576904,0.0066666659999999,0.0999999899999999,0.0006666667,-8.458332999999998,-9.458333,-9.233333,-10.01667,-2.159062,0.1713666,33
2021-01-15 04:47:00,0.1589937999999999,6.478971,236.8341,-6.548702,13.64069,-6.576904,0.004,0.0999999899999999,0.0004666666999999,-8.5,-9.558333,-9.341666,-10.13333,-2.322191,0.1711064999999999,33
2021-01-15 04:48:00,0.1589562999999999,6.494363,236.7701,-6.62796,13.64069,-6.576904,0.006,0.0999999899999999,0.0005333332999999,-8.608334,-9.583333,-9.366667,-10.15,-2.523704,0.1715995999999999,33
2021-01-15 04:49:00,0.1589599999999999,6.490146,236.7579,-6.718403,13.64069,-6.597612,0.0066666659999999,0.0999999899999999,0.0006666667,-8.616666999999998,-9.591666,-9.325,-10.13333,-2.562087,0.1713763,33
2021-01-15 04:50:00,0.1588238999999999,6.498679,236.7273,-6.753323,13.64069,-6.599495,0.0066666659999999,0.0999999899999999,0.0006666667,-8.599999999999998,-9.691667,-9.416667,-10.18333,-2.610067,0.1718513999999999,33
2021-01-15 04:51:00,0.1587935,6.470472,236.5604,-6.694596,13.64069,-6.599495,0.0066666659999999,0.0999999899999999,0.0007333332999999,-8.508333,-9.716666,-9.375,-10.14167,-2.562087,0.1712249,33
2021-01-15 04:52:00,0.1588108,6.473895,236.5789,-6.590597,13.64069,-6.601189,0.007333333,0.0999999899999999,0.0007333332999999,-8.458332999999998,-9.733333,-9.333333,-10.125,-2.475725,0.1714474,33
2021-01-15 04:53:00,0.1588721999999999,6.480453,236.5276,-6.815644,13.64069,-6.609663,0.006,0.0999999899999999,0.0005333332999999,-8.525,-9.691667,-9.258333,-10.075,-2.274212,0.1714294,33
2021-01-15 04:54:00,0.1588411999999999,6.469736,236.5787,-7.12697,13.64069,-6.619831,0.008,0.0999999899999999,0.0008,-8.516666,-9.724999,-9.283334,-10.09167,-2.159062,0.1711726,33
2021-01-15 04:55:00,0.1587179,6.502024,236.6635,-7.318066,13.63978,-6.619831,0.007333333,0.0999999899999999,0.0007333332999999,-8.425,-9.633333,-9.216666,-9.991667,-2.168658,0.1721285999999999,33
2021-01-15 04:56:00,0.158775,6.47698,236.5472,-7.329835,13.64115,-6.619831,0.007333333,0.0999999899999999,0.0007333332999999,-8.3,-9.566667,-9.099999,-9.858334,-2.120679,0.1713663,33
2021-01-15 04:57:00,0.1588158,6.461675,236.6456,-6.955116,13.64069,-6.636774,0.0066666659999999,0.0999999899999999,0.0006666667,-7.966667,-9.408334,-8.949999999999998,-9.616667,-2.034317,0.1716461,33
2021-01-15 04:58:00,0.1585514,6.50607,236.6815,-6.766164,13.64069,-6.642422,0.0066666659999999,0.0999999899999999,0.0006666667,-7.891666,-9.391667,-8.933332999999998,-9.525001,-1.861591,0.1721466,33
2021-01-15 04:59:00,0.1585496999999999,6.496095,236.6912,-6.466725,13.64069,-6.642422,0.008,0.0999999899999999,0.0008,-7.925,-9.35,-8.816667,-9.391667,-1.823208,0.1720158,33
2021-01-15 05:00:00,0.1586728,6.501272,236.785,-6.172665,13.64115,-6.642422,0.008,0.0999999899999999,0.0008,-7.866666999999999,-9.283334,-8.758333,-9.25,-1.775229,0.172625,33
2021-01-15 05:01:00,0.1585289,6.482416,236.5845,-5.782043,13.64115,-6.642422,0.008,0.0999999899999999,0.0008,-7.65,-9.216666,-8.675,-9.166667,-1.765633,0.1715487,33
2021-01-15 05:02:00,0.1586963,6.483609,236.6138,-5.642162,13.64115,-6.642422,0.007333333,0.0999999899999999,0.0007333332999999,-7.633333,-9.241666,-8.65,-9.125,-1.640887,0.1717376999999999,33
2021-01-15 05:03:00,0.1586784,6.499218,236.5225,-5.669987,13.64115,-6.642422,0.008,0.0999999899999999,0.0008,-7.658333,-9.258333,-8.625,-9.091666,-1.631292,0.1717021,33
2021-01-15 05:04:00,0.1587166,6.475421,236.5205,-5.869224,13.64069,-6.642422,0.008,0.0999999899999999,0.0008,-7.7,-9.2,-8.533334,-9.091666,-1.506546,0.1714325999999999,33
2021-01-15 05:05:00,0.1587309,6.47636,236.4827,-6.232757,13.64069,-6.642422,0.007333333,0.0999999899999999,0.0007333332999999,-7.683333,-9.158333,-8.583332999999998,-9.075,-1.544929,0.1719704,33
2021-01-15 05:06:00,0.1588425,6.485837,236.6912,-6.326615,13.64069,-6.642422,0.0066666659999999,0.0999999899999999,0.0006666667,-7.633333,-9.099999,-8.541667,-9.0,-1.6121,0.1721503,33
2021-01-15 05:07:00,0.1585635,6.444037,236.3992,-6.199022,13.64069,-6.642422,0.007333333,0.0999999899999999,0.0008,-7.558333,-9.125,-8.541667,-8.966666,-1.631292,0.1711158999999999,33
2021-01-15 05:08:00,0.1584836,6.469481,236.2028,-6.178492,13.64069,-6.642422,0.007333333,0.0999999899999999,0.0006666667,-7.625,-9.216666,-8.65,-9.058333,-1.573717,0.1713442,33
2021-01-15 05:09:00,0.1584624,6.465728,236.2091,-6.151371,13.64069,-6.642422,0.007333333,0.0999999899999999,0.0007333332999999,-7.758333,-9.283334,-8.683332999999998,-9.058333,-1.688867,0.1721331999999999,33
2021-01-15 05:10:00,0.1586191,6.468039,236.1438,-5.919766,13.64069,-6.642422,0.007333333,0.0999999899999999,0.0007333332999999,-7.7,-9.208333,-8.591666,-9.008333,-1.679271,0.1715928999999999,33
2021-01-15 05:11:00,0.1588609,6.504698,236.3746,-5.964465,13.64069,-6.642422,0.007333333,0.0999999899999999,0.0007333332999999,-7.766666,-9.15,-8.541667,-8.933332999999998,-1.688867,0.1715677999999999,33
2021-01-15 05:12:00,0.1585420999999999,6.465643,236.0939,-6.028221,13.64069,-6.642422,0.0066666659999999,0.0999999899999999,0.0006666667,-7.741666999999999,-9.158333,-8.574999999999998,-8.908334,-1.717654,0.1715239,33
2021-01-15 05:13:00,0.1584512999999999,6.476208,236.0318,-5.976923,13.64069,-6.642422,0.008,0.0999999899999999,0.0008,-7.75,-9.191667,-8.599999,-8.916667,-1.823208,0.1716193,33
2021-01-15 05:14:00,0.1585556999999999,6.4657,236.0367,-5.875804,13.64069,-6.642422,0.0066666659999999,0.0999999899999999,0.0006666667,-7.8,-9.175,-8.616666999999998,-8.991666999999998,-1.775229,0.1723556,33
2021-01-15 05:15:00,0.1587067,6.443615,236.091,-5.864815,13.64069,-6.642422,0.008,0.0999999899999999,0.0008,-7.75,-9.133333,-8.533334,-9.008333,-1.688867,0.1717277,33
2021-01-15 05:16:00,0.1587542999999999,6.479811,236.334,-6.089957,13.64069,-6.619831,0.008,0.0999999899999999,0.0008,-7.641666,-9.15,-8.541667,-8.933332999999998,-1.6121,0.1719511,33
2021-01-15 05:17:00,0.158472,6.404322,235.9745,-6.163255,13.64069,-6.619831,0.0066666659999999,0.0999999899999999,0.0006666667,-7.583332999999999,-9.091666,-8.5,-8.816667,-1.621696,0.1709623,33
2021-01-15 05:18:00,0.1583756,6.430712,235.8394,-6.080418,13.64069,-6.619831,0.0066666659999999,0.0999999899999999,0.0006666667,-7.599999999999999,-9.125,-8.508333,-8.875,-1.650483,0.1718206999999999,33
2021-01-15 05:19:00,0.1584982,6.448154,235.932,-6.065304,13.64069,-6.616442,0.0066666659999999,0.0999999899999999,0.0006666667,-7.741666999999999,-9.116667,-8.566667,-8.900000999999998,-1.669675,0.1715327,33
2021-01-15 05:20:00,0.158611,6.450524,235.9257,-6.097942,13.64069,-6.602884,0.005333334,0.0999999899999999,0.0005999999999999,-7.8,-9.125,-8.591666,-8.900000999999998,-1.698462,0.1716921999999999,33
2021-01-15 05:21:00,0.1585197999999999,6.461334,235.8607,-6.095289,13.63978,-6.599495,0.008,0.0999999899999999,0.0007333332999999,-7.75,-9.091666,-8.516666,-8.891667,-1.717654,0.1715777,33
2021-01-15 05:22:00,0.1582012999999999,6.451269,235.8039,-6.030057,13.64069,-6.599495,0.0066666659999999,0.0999999899999999,0.0007333332999999,-7.599999999999999,-9.083333,-8.433332999999998,-8.808332999999998,-1.698462,0.1719217,33
2021-01-15 05:23:00,0.1582885,6.417553,235.7851,-5.894489,13.64069,-6.599495,0.007333333,0.0999999899999999,0.0006666667,-7.608333,-9.125,-8.558332999999998,-8.891667,-1.679271,0.1712492999999999,33
2021-01-15 05:24:00,0.1584778,6.462845,235.9458,-5.798231,13.64069,-6.5882,0.008,0.0999999899999999,0.0008,-7.741666999999999,-9.175,-8.583332999999998,-8.958332999999998,-1.736846,0.1713826,33
2021-01-15 05:25:00,0.1583764,6.441593,235.9323,-5.749601,13.64069,-6.576904,0.006,0.0999999899999999,0.0005999999999999,-7.8,-9.183333,-8.583332999999998,-9.0,-1.832804,0.171637,33
2021-01-15 05:26:00,0.1582247,6.472199,235.6967,-5.822849,13.64069,-6.576904,0.007333333,0.0999999899999999,0.0007333332999999,-7.783333,-9.191667,-8.608334,-9.0,-1.851996,0.1719897,33
2021-01-15 05:27:00,0.1581922,6.460639,235.7027,-5.913214,13.64024,-6.558075,0.0066666659999999,0.0999999899999999,0.0007333332999999,-7.8,-9.208333,-8.641666,-9.008333,-1.880783,0.1717737,33
2021-01-15 05:28:00,0.1583353999999999,6.482826,235.9509,-5.909462,13.64069,-6.55431,0.008,0.0999999899999999,0.0007333332999999,-7.791667,-9.141666,-8.599999,-8.966666,-1.95755,0.1722394999999999,33
2021-01-15 05:29:00,0.1583893,6.490346,235.9367,-5.627457,13.64069,-6.55431,0.007333333,0.0999999899999999,0.0007333332999999,-7.666667,-9.075,-8.583332999999998,-8.891667,-1.95755,0.1717654,33
2021-01-15 05:30:00,0.1585098,6.459694,236.0381,-5.424905,13.64069,-6.548662,0.007333333,0.0999999899999999,0.0007333332999999,-7.466667,-9.066667,-8.599999,-8.991666999999998,-1.880783,0.1719953999999999,33
2021-01-15 05:31:00,0.1583695,6.447218,235.8775,-5.291656,13.63978,-6.531719,0.005333334,0.0999999899999999,0.0005333332999999,-7.408333,-8.983333,-8.591666,-9.0,-1.804017,0.1709967,33
2021-01-15 05:32:00,0.1583775,6.473955,235.8791,-5.315069,13.64069,-6.531719,0.008,0.0999999899999999,0.0008,-7.574999,-8.974999,-8.608334,-9.0,-1.756037,0.1721361999999999,33
2021-01-15 05:33:00,0.1582832999999999,6.436647,235.7565,-5.408848,13.63978,-6.521553,0.007333333,0.0999999899999999,0.0007333332999999,-7.508333,-8.875,-8.599999,-9.099999,-1.794421,0.1714892,33
2021-01-15 05:34:00,0.1583263,6.459512,235.7847,-6.02052,13.63748,-6.511387,0.0066666659999999,0.0999999899999999,0.0006666667,-7.675,-8.983333,-8.716666,-9.241666,-1.736846,0.1718706999999999,33
2021-01-15 05:35:00,0.1581799999999999,6.454807,235.7053,-6.353349,13.63611,-6.511387,0.007333333,0.0999999899999999,0.0007333332999999,-7.858333,-9.025,-8.791667,-9.316667,-1.880783,0.1716794,33
2021-01-15 05:36:00,0.1580208999999999,6.419089,235.5193,-5.9779,13.63611,-6.507621,0.007333333,0.0999999899999999,0.0007333332999999,-7.558333,-8.974999,-8.691667,-9.258333,-2.053508,0.1720797,33
2021-01-15 05:37:00,0.1582755999999999,6.440418,235.4843,-5.734161,13.63519,-6.488792,0.005333334,0.0999999899999999,0.0005999999999999,-7.5,-8.983334,-8.699999999999998,-9.283334,-2.0727,0.1718006,33
2021-01-15 05:38:00,0.1581944,6.449394,235.5245,-5.699007,13.63519,-6.488792,0.007333333,0.0999999899999999,0.0006666667,-7.658333,-9.016666,-8.724999,-9.258333,-2.034317,0.1722499999999999,33
2021-01-15 05:39:00,0.1583758,6.470272,235.6829,-5.665033,13.63519,-6.477497,0.0066666659999999,0.0999999899999999,0.0006666667,-7.65,-9.008333,-8.733333,-9.275,-1.995933,0.1724654999999999,33
2021-01-15 05:40:00,0.1583497,6.453667,235.7059,-5.899148,13.63519,-6.466202,0.006,0.0999999899999999,0.0006666667,-7.691667,-9.066667,-8.783334,-9.391667,-1.938358,0.1726779,33
2021-01-15 05:41:00,0.1584306,6.467553,235.7084,-5.926983,13.63519,-6.466202,0.006,0.0999999899999999,0.0005333332999999,-7.541667,-8.974999,-8.791667,-9.391667,-1.976741,0.1714854,33
2021-01-15 05:42:00,0.1586247,6.462568,235.7661,-5.861776,13.63519,-6.466202,0.007333333,0.0999999899999999,0.0007333332999999,-7.391666,-8.824999999999998,-8.758333,-9.383334,-2.005529,0.1714750999999999,33
2021-01-15 05:43:00,0.1587086,6.444237,235.7488,-5.631498,13.63519,-6.44756,0.008,0.0999999899999999,0.0008,-7.233334,-8.708332999999998,-8.675,-9.291667,-1.976742,0.1716036,33
2021-01-15 05:44:00,0.1586421,6.47594,235.8329,-5.571229,13.63519,-6.445866,0.007333333,0.0999999899999999,0.0007333332999999,-7.308333,-8.691667,-8.633333,-9.316667,-1.8424,0.1715731,33
2021-01-15 05:45:00,0.1585581,6.432777,235.6876,-5.569767,13.63519,-6.445866,0.006,0.0999999899999999,0.0006666667,-7.466667,-8.708332999999998,-8.625,-9.25,-1.765633,0.1714355999999999,33
2021-01-15 05:46:00,0.1585775,6.432438,235.6904,-5.361,13.63519,-6.425158,0.0066666659999999,0.0999999899999999,0.0005999999999999,-7.391666,-8.591666,-8.583332999999998,-9.291667,-1.804017,0.1716298,33
2021-01-15 05:47:00,0.1590105,6.493528,236.4161,-5.302047,13.63473,-6.423275,0.008,0.0999999899999999,0.0008,-7.525,-8.625,-8.583332999999998,-9.333333,-1.746441,0.1719718,33
2021-01-15 05:48:00,0.1589593,6.498917,236.4916,-5.474039,13.63519,-6.423275,0.007333333,0.0999999899999999,0.0007333332999999,-7.724999999999999,-8.758333,-8.675,-9.441667,-1.717654,0.1726632999999999,33
2021-01-15 05:49:00,0.1590664,6.523339,236.4979,-6.039072,13.63519,-6.421392,0.007333333,0.0999999899999999,0.0007333332999999,-7.941665999999999,-8.900000999999998,-8.724999,-9.474999,-1.832804,0.1717093,33
2021-01-15 05:50:00,0.1591965999999999,6.479515,236.4191,-6.244665,13.63519,-6.406329,0.0066666659999999,0.0999999899999999,0.0006666667,-8.008333,-8.983333,-8.716666,-9.474999,-1.976741,0.1714584,33
2021-01-15 05:51:00,0.1590153,6.497281,236.3235,-6.324821,13.63427,-6.400681,0.005333334,0.0999999899999999,0.0005999999999999,-8.108333,-9.133333,-8.866666999999998,-9.625,-2.111083,0.1718187999999999,33
2021-01-15 05:52:00,0.158978,6.511467,236.2704,-6.425313,13.63519,-6.400681,0.008,0.0999999899999999,0.0007333332999999,-8.266666,-9.224999,-8.958332999999998,-9.724999,-2.216637,0.1716033999999999,33
2021-01-15 05:53:00,0.1587547,6.509932,236.2105,-6.472071,13.63519,-6.39315,0.0066666659999999,0.0999999899999999,0.0006666667,-8.3,-9.3,-8.949999999999998,-9.775,-2.293404,0.1712564,33
2021-01-15 05:54:00,0.1589571999999999,6.48357,236.2316,-6.495577,13.63519,-6.379972,0.008,0.0999999899999999,0.0008,-8.308332999999998,-9.275,-8.866666999999998,-9.733333,-2.360575,0.1725338999999999,33
2021-01-15 05:55:00,0.1591511999999999,6.465101,236.2287,-6.371913,13.63519,-6.37809,0.0066666659999999,0.0999999899999999,0.0006666667,-8.175,-9.208333,-8.783334,-9.55,-2.370171,0.1717757,33
2021-01-15 05:56:00,0.1589504999999999,6.484602,236.0645,-6.355776,13.63519,-6.37809,0.0066666659999999,0.0999999899999999,0.0006666667,-7.916667,-9.208333,-8.783334,-9.383333,-2.360575,0.1724,33
2021-01-15 05:57:00,0.1589388999999999,6.464908,236.0206,-6.31837,13.63519,-6.37809,0.0066666659999999,0.0999999899999999,0.0006666667,-7.8,-9.25,-8.741666,-9.291667,-2.283808,0.1716484,33
2021-01-15 05:58:00,0.1588740999999999,6.48763,236.0763,-6.271436,13.63519,-6.37809,0.008,0.0999999899999999,0.0008,-7.866666999999999,-9.283334,-8.791667,-9.333333,-2.293404,0.1711003,33
2021-01-15 05:59:00,0.158862,6.488325,236.025,-6.186883,13.63565,-6.376396,0.007333333,0.0999999899999999,0.0007333332999999,-7.908333,-9.241666,-8.816667,-9.291667,-2.360575,0.1719731999999999,33
2021-01-15 06:00:00,0.1587070999999999,6.442236,236.038,-6.170629,13.63565,-6.364535,0.008,0.0999999899999999,0.0008,-7.991666,-9.275,-8.875,-9.383334,-2.274212,0.171349,33
2021-01-15 06:01:00,0.1585448,6.467628,235.8208,-6.182185,13.63794,-6.357758,0.007333333,0.0999999899999999,0.0007333332999999,-8.091666,-9.316667,-8.908334,-9.474999,-2.264617,0.1715158,33
2021-01-15 06:02:00,0.1584497,6.459881,235.6906,-6.240843,13.63794,-6.357758,0.0066666659999999,0.0999999899999999,0.0006666667,-8.091666,-9.375,-8.908334,-9.5,-2.293404,0.1720974,33
2021-01-15 06:03:00,0.1582228,6.449437,235.6637,-6.206381,13.63978,-6.357758,0.0066666659999999,0.0999999899999999,0.0006666667,-8.083332999999998,-9.391667,-8.908334,-9.466666,-2.283808,0.1715868999999999,33
2021-01-15 06:04:00,0.1584849999999999,6.454105,235.7478,-6.064895,13.63978,-6.357758,0.007333333,0.0999999899999999,0.0007333332999999,-8.025,-9.433333,-8.900000999999998,-9.466666,-2.283808,0.1719287999999999,33
2021-01-15 06:05:00,0.1584702,6.434977,235.6026,-5.977679,13.63978,-6.357758,0.007333333,0.0999999899999999,0.0007333332999999,-7.983333,-9.5,-8.974999,-9.483333,-2.312596,0.1721384,33
2021-01-15 06:06:00,0.1583798999999999,6.446741,235.5061,-5.947635,13.64024,-6.357758,0.007333333,0.0999999899999999,0.0007333332999999,-8.108333,-9.566667,-9.05,-9.566667,-2.41815,0.1715588,33
2021-01-15 06:07:00,0.1584857,6.456266,235.6636,-5.894881,13.64069,-6.357758,0.0066666659999999,0.0999999899999999,0.0007333332999999,-8.183332999999998,-9.591666,-9.075,-9.641666,-2.610067,0.1718664,33
2021-01-15 06:08:00,0.1586221999999999,6.465831,235.8551,-5.793783,13.64024,-6.357758,0.007333333,0.1083332999999999,0.0008,-8.166667,-9.516666,-9.1,-9.691667,-2.5333,0.1722048999999999,33
2021-01-15 06:09:00,0.1588294,6.480717,235.9431,-5.776204,13.63932,-6.357758,0.008,0.1333332999999999,0.001,-8.133333,-9.45,-9.066667,-9.658333,-2.408554,0.1719909,33
2021-01-15 06:10:00,0.1588729999999999,6.468689,235.9005,-5.809899,13.64069,-6.357758,0.007333333,0.1499999999999999,0.001,-8.025,-9.566667,-9.125,-9.766666,-2.216637,0.1713578,33
2021-01-15 06:11:00,0.1586714999999999,6.478373,235.7269,-5.886089,13.63794,-6.357758,0.007333333,0.1499999999999999,0.001133333,-8.166667,-9.625,-9.166667,-9.825,-2.130275,0.1722305,33
2021-01-15 06:12:00,0.1587084,6.444202,235.7382,-5.920525,13.64069,-6.357758,0.0066666659999999,0.1916667,0.001266667,-8.283334,-9.691667,-9.183333,-9.866667,-2.207042,0.1720896,33
2021-01-15 06:13:00,0.1587328,6.45364,235.7604,-5.911733,13.64069,-6.357758,0.004666667,0.2,0.0009333333999999,-8.275,-9.658333,-9.15,-9.825,-2.274212,0.1718656,33
2021-01-15 06:14:00,0.1587428999999999,6.46229,235.8641,-5.854586,13.64024,-6.357758,0.007333333,0.2,0.001466667,-8.275,-9.683333,-9.158333,-9.833333,-2.264617,0.1723138999999999,33
2021-01-15 06:15:00,0.1585905,6.492569,235.9349,-5.853121,13.64024,-6.357758,0.0066666659999999,0.2,0.0013333329999999,-8.216666,-9.7,-9.15,-9.841666,-2.293404,0.1716461,33
2021-01-15 06:16:00,0.1584781,6.472053,235.8522,-5.839935,13.64069,-6.357758,0.008,0.2,0.0016,-8.233333,-9.724999,-9.224999,-9.866667,-2.322191,0.1716177999999999,33
2021-01-15 06:17:00,0.1584724999999999,6.463245,235.8204,-5.805506,13.64069,-6.357758,0.008,0.2,0.0016,-8.208332999999998,-9.741666,-9.275,-9.916667,-2.360575,0.1719727,33
2021-01-15 06:18:00,0.1585465,6.467559,235.7135,-5.77108,13.64069,-6.357758,0.0066666659999999,0.2,0.0013333329999999,-8.25,-9.716666,-9.191667,-9.875,-2.427746,0.1712065,33
2021-01-15 06:19:00,0.1586948,6.469238,235.8448,-5.766685,13.64069,-6.357758,0.006,0.2,0.0013333329999999,-8.216666,-9.75,-9.233333,-9.900001,-2.312596,0.1719563,33
2021-01-15 06:20:00,0.158756,6.479563,235.8154,-5.80793,13.63978,-6.359452,0.007333333,0.2,0.0013333329999999,-8.3,-9.766666,-9.258333,-9.95,-2.207042,0.1714573,33
2021-01-15 06:21:00,0.1586502999999999,6.4386,235.6402,-5.888464,13.64069,-6.364535,0.007333333,0.2,0.001466667,-8.316667,-9.658333,-9.216666,-9.966666,-2.149467,0.1712722,33
2021-01-15 06:22:00,0.158635,6.45398,235.7269,-5.987508,13.64069,-6.376396,0.007333333,0.2,0.001466667,-8.366666999999998,-9.666667,-9.25,-10.00833,-2.015125,0.1720261999999999,33
2021-01-15 06:23:00,0.1585633999999999,6.461874,235.6664,-6.068355,13.64069,-6.37809,0.0066666659999999,0.2666666999999999,0.001866667,-8.425,-9.775,-9.25,-10.03333,-1.890379,0.1723041999999999,33
2021-01-15 06:24:00,0.1585999999999999,6.479669,235.6933,-6.22304,13.64069,-6.37809,0.0066666659999999,0.2999999999999999,0.002,-8.375,-9.724999,-9.2,-9.95,-1.986337,0.1715850999999999,33
2021-01-15 06:25:00,0.1584842999999999,6.487944,235.699,-6.231106,13.63978,-6.37809,0.007333333,0.2999999999999999,0.002,-8.108333,-9.616667,-9.083333,-9.8,-2.043912,0.1717545,33
2021-01-15 06:26:00,0.158426,6.434072,235.5032,-6.385118,13.64069,-6.37809,0.007333333,0.2999999999999999,0.0022,-8.05,-9.683333,-9.1,-9.75,-2.091892,0.1720854,33
2021-01-15 06:27:00,0.1582204999999999,6.427544,235.3554,-6.470214,13.64069,-6.37809,0.005333334,0.4,0.0023333329999999,-7.974999999999999,-9.675,-9.108334,-9.675,-2.149467,0.1712422999999999,33
2021-01-15 06:28:00,0.1580392999999999,6.457104,235.3465,-6.267038,13.64069,-6.37809,0.007333333,0.4,0.002666667,-7.7,-9.599999,-9.025,-9.583333,-2.120679,0.1713372,33
2021-01-15 06:29:00,0.1580507999999999,6.425628,235.4409,-6.163653,13.64069,-6.37809,0.008,0.4916666,0.0038666669999999,-7.7,-9.625,-9.05,-9.583333,-2.082296,0.1721494,33
2021-01-15 06:30:00,0.1580766,6.426493,235.3308,-6.085211,13.64024,-6.37809,0.006,0.5333333999999998,0.003533333,-7.791667,-9.608333,-9.099999,-9.608334,-2.091892,0.1724723,33
2021-01-15 06:31:00,0.1578999,6.428828,235.2343,-6.014854,13.63978,-6.37809,0.006,0.6166667,0.003266667,-7.949999,-9.641666,-9.091666,-9.616667,-2.024721,0.1718581,33
2021-01-15 06:32:00,0.1583656,6.499335,235.7171,-5.69032,13.63978,-6.37809,0.007333333,0.7166666,0.0051999999999999,-7.925,-9.591666,-8.983333,-9.541667,-1.995933,0.1717016,33
2021-01-15 06:33:00,0.1583606999999999,6.414882,235.5623,-5.550556,13.64069,-6.381855,0.0066666659999999,0.8333333,0.0055333329999999,-7.766666,-9.474999,-8.875,-9.400001,-1.995933,0.1719846999999999,33
2021-01-15 06:34:00,0.1581325,6.444396,235.2494,-5.356285,13.64069,-6.383738,0.007333333,0.9666666,0.0070666669999999,-7.466667,-9.266666,-8.691667,-9.208333,-1.909571,0.1719857999999999,33
2021-01-15 06:35:00,0.1581245,6.414242,235.2076,-5.361629,13.64069,-6.37809,0.0066666659999999,1.15,0.0074666669999999,-7.308333,-9.216666,-8.558332999999998,-9.099999,-1.784825,0.1718199,33
2021-01-15 06:36:00,0.1577311999999999,6.440367,235.0106,-5.550878,13.64069,-6.379972,0.007333333,1.375,0.0097999999999999,-7.2,-9.091666,-8.425,-8.916667,-1.688867,0.1716901,33
2021-01-15 06:37:00,0.1579991,6.445087,235.282,-5.877834,13.64069,-6.37809,0.005333334,1.633333,0.0095999999999999,-7.308333,-9.099999,-8.433332999999998,-8.841666,-1.669675,0.1721362999999999,33
2021-01-15 06:38:00,0.1583693999999999,6.499085,236.018,-6.098407,13.64069,-6.37809,0.008,1.941667,0.01413333,-7.558333,-9.116667,-8.483333,-8.824999999999998,-1.698462,0.1734247999999999,33
2021-01-15 06:39:00,0.1585758999999999,6.483894,235.9597,-6.228906,13.64069,-6.37809,0.008,2.3,0.01813333,-7.691665999999999,-9.166667,-8.508333,-8.841666,-1.813612,0.1722514,33
2021-01-15 06:40:00,0.1585583999999999,6.477741,236.1445,-6.306637,13.64069,-6.37809,0.0066666659999999,2.7,0.0178,-7.808333,-9.258333,-8.583332999999998,-8.916667,-1.928762,0.1720897999999999,33
2021-01-15 06:41:00,0.1586282,6.488916,236.1039,-6.278037,13.64024,-6.37809,0.008,3.166667,0.025,-7.908333,-9.3,-8.666667,-9.016666,-2.034317,0.1722915999999999,33
2021-01-15 06:42:00,0.1587774999999999,6.492628,236.0766,-6.034651,13.64069,-6.37809,0.008,3.7,0.0292,-8.025,-9.383334,-8.716666,-9.05,-2.130275,0.1719512,33
2021-01-15 06:43:00,0.1587735,6.487368,235.9518,-5.841925,13.64069,-6.37809,0.007333333,4.325,0.03146667,-8.066667,-9.441667,-8.758333,-9.083333,-2.159062,0.1723186999999999,33
2021-01-15 06:44:00,0.1586982999999999,6.452075,235.8748,-5.902736,13.64069,-6.37809,0.0066666659999999,5.116666,0.0367999999999999,-8.191667,-9.5,-8.900000999999998,-9.158334,-2.197446,0.1713568,33
2021-01-15 06:45:00,0.1589979,6.516354,236.1703,-6.048565,13.64069,-6.37809,0.008,6.091667,0.0443333399999999,-8.316667,-9.516666,-8.908334,-9.266666,-2.322191,0.1724507999999999,33
2021-01-15 06:46:00,0.1592059,6.511384,236.4183,-6.129755,13.63978,-6.371313,0.008,7.283333,0.0574,-8.224999,-9.5,-8.858334,-9.208333,-2.322191,0.1721115,33
2021-01-15 06:47:00,0.1587501,6.452845,235.876,-6.010155,13.64024,-6.359452,0.008,8.724999,0.0687333299999999,-8.15,-9.525,-8.858334,-9.25,-2.274212,0.1720914,33
2021-01-15 06:48:00,0.1585253,6.480083,235.8786,-5.900743,13.64069,-6.357758,0.007333333,10.48333,0.0756000099999999,-8.125,-9.508333,-8.783334,-9.208333,-2.245425,0.1726195,33
2021-01-15 06:49:00,0.1586629,6.491231,236.0216,-5.990875,13.64024,-6.357758,0.0066666659999999,12.64167,0.0825333399999999,-8.066667,-9.55,-8.775,-9.191667,-2.226233,0.1719972999999999,33
2021-01-15 06:50:00,0.158834,6.518843,236.1954,-6.048038,13.64069,-6.357758,0.008,15.31667,0.1206,-8.083332999999998,-9.541667,-8.808332999999998,-9.216666,-2.226233,0.1723025,33
2021-01-15 06:51:00,0.1586168,6.477207,236.0934,-5.941781,13.64069,-6.357758,0.008,18.64167,0.1466667,-8.108334,-9.483333,-8.716666,-9.2,-2.216637,0.1720787,33
2021-01-15 06:52:00,0.1586656999999999,6.458206,235.9683,-5.688323,13.63932,-6.357758,0.008,22.85,0.1796667,-8.058332999999998,-9.400001,-8.608334,-9.075,-2.168658,0.1722751999999999,33
2021-01-15 06:53:00,0.1584883,6.496225,235.9267,-5.60997,13.64024,-6.357758,0.008,27.85833,0.2195999999999999,-7.858333,-9.358334,-8.658333,-9.025,-2.063104,0.1726662999999999,33
2021-01-15 06:54:00,0.1586374999999999,6.49007,235.934,-5.543254,13.64069,-6.353992,0.008,32.025,0.2541333,-7.608333,-9.258333,-8.5,-8.925,-2.024721,0.1721516999999999,33
2021-01-15 06:55:00,0.1590126,6.502649,236.2485,-5.392714,13.64069,-6.335163,0.008,33.16667,0.2652667,-7.25,-9.133333,-8.416667,-8.841666,-1.880783,0.171706,33
2021-01-15 06:56:00,0.1587919999999999,6.475183,235.9623,-5.339296,13.64069,-6.335163,0.008,33.36666,0.2667333,-7.175,-9.091666,-8.375,-8.841666,-1.660079,0.1720014,33
2021-01-15 06:57:00,0.1586678,6.480822,235.8461,-5.389055,13.6384,-6.335163,0.008,33.875,0.2704667,-7.333332999999999,-9.083333,-8.408334,-8.824999999999998,-1.420183,0.1721265999999999,33
2021-01-15 06:58:00,0.1584622,6.450163,235.8,-5.431503,13.63794,-6.335163,0.008,34.38333,0.2749332999999999,-7.458332999999999,-9.099999,-8.449999999999998,-8.849999999999998,-1.343417,0.1724258999999999,33
2021-01-15 06:59:00,0.1585189999999999,6.496046,235.8643,-5.491519,13.63794,-6.335163,0.008,34.5,0.276,-7.449999,-9.041667,-8.449999999999998,-8.933332999999998,-1.247458,0.1723039,33
2021-01-15 07:00:00,0.1587558,6.505024,236.3256,-5.563258,13.63794,-6.335163,0.008,34.59167,0.2766666999999999,-7.483333,-9.125,-8.558332999999998,-9.058333,-1.141904,0.1726767999999999,33
2021-01-15 07:01:00,0.1587214999999999,6.498362,236.2395,-5.584806,13.63748,-6.333281,0.008,34.60833,0.2767999999999999,-7.691667,-9.175,-8.55,-9.141666,-1.132308,0.1726554999999999,33
2021-01-15 07:02:00,0.1583206,6.48517,235.8989,-5.975829,13.63611,-6.32575,0.01133333,34.83333,0.3946,-7.75,-9.099999,-8.466666,-9.083333,-1.055542,0.1727422999999999,33
2021-01-15 07:03:00,0.1587635,6.503054,236.402,-6.439898,13.63657,-6.312572,0.0153333299999999,34.81667,0.5106667,-7.875,-9.141666,-8.591666,-9.133333,-0.8828166,0.1727361,33
2021-01-15 07:04:00,0.1588688,6.528577,236.3896,-6.266802,13.63565,-6.312572,0.016,34.8,0.5567999999999999,-7.733334,-9.033334,-8.5,-9.05,-0.8540290999999999,0.1728144,33
2021-01-15 07:05:00,0.1588932999999999,6.514208,236.2598,-6.065924,13.63427,-6.312572,0.016,34.85833,0.5577334,-7.591667,-8.958332999999998,-8.441667,-8.933332999999998,-0.6813042,0.1726444,33
2021-01-15 07:06:00,0.1588285999999999,6.523237,236.2509,-5.944265,13.63519,-6.312572,0.016,35.84167,0.5706666999999999,-7.474999999999999,-8.958332999999998,-8.383333999999998,-8.891667,-0.4893874999999999,0.1725000999999999,33
2021-01-15 07:07:00,0.1586555,6.508818,236.1878,-5.959297,13.63381,-6.299015,0.01866667,37.85,0.6798665999999999,-7.574999,-9.041667,-8.441667,-8.891667,-0.2111083,0.1721824999999999,33
2021-01-15 07:08:00,0.1586518,6.506552,236.224,-5.800138,13.63473,-6.292236,0.024,39.60833,0.9466,-7.583332999999999,-9.033334,-8.441667,-8.908334,-0.03838333,0.1726864999999999,33
2021-01-15 07:09:00,0.1586394999999999,6.544521,236.3046,-5.753994,13.63519,-6.292236,0.024,42.83333,1.0174,-7.483333,-8.949999999999998,-8.383333999999998,-8.775,0.2878749999999999,0.1732132999999999,33
2021-01-15 07:10:00,0.1587541,6.539089,236.4217,-5.829437,13.63519,-6.292236,0.02533333,51.35,1.2484,-7.408333,-8.891667,-8.316667,-8.641666,0.6525167,0.1729919,33
2021-01-15 07:11:00,0.1586526,6.517292,236.2795,-5.870463,13.63519,-6.292236,0.032,62.0,1.954133,-7.458332999999999,-8.891667,-8.358334,-8.625,1.093925,0.1732774,33
2021-01-15 07:12:00,0.1587927,6.497654,236.2734,-5.913615,13.63519,-6.275293,0.032,74.16665999999998,2.339467,-7.558333,-8.883333,-8.408334,-8.683332999999998,1.468162,0.1722633,33
2021-01-15 07:13:00,0.1587087,6.502186,236.2507,-5.589384,13.63519,-6.269646,0.0353333399999999,92.91666,3.181267,-7.425,-8.816667,-8.400000999999998,-8.616666999999998,1.890379,0.1725667999999999,33
2021-01-15 07:14:00,0.1584498,6.493844,236.2049,-5.365405,13.63519,-6.269646,0.0366666699999999,129.975,4.4974,-7.341667,-8.783334,-8.358334,-8.599999,2.379767,0.1729878,33
2021-01-15 07:15:00,0.2113775,7.363431,236.4458,-5.213221,13.63519,-6.269646,0.03333334,256.075,8.053200999999998,-7.466667,-8.808332999999998,-8.366666999999998,-8.599999,2.984304,0.1647773999999999,33
2021-01-15 07:16:00,0.2637602,5.961523,236.3411,-5.298737,13.63519,-6.252699,0.0273333299999999,286.525,7.448334,-7.608333,-8.908334,-8.383333999999998,-8.708332999999998,3.732779,0.1444485,33
2021-01-15 07:17:00,0.2630451999999999,6.830818,236.3143,-5.285058,13.63519,-6.247051,0.02933333,290.625,8.106267,-7.574999,-8.808332999999998,-8.258333,-8.599999,4.394891,0.1451018,33
2021-01-15 07:18:00,0.1589208,6.280373,236.3387,-5.072938,13.63519,-6.247051,0.02,326.5167,6.869867,-7.091667,-8.675,-8.116666999999998,-8.308332999999998,5.220133,0.165937,33
2021-01-15 07:19:00,0.1588193,6.307291,236.3525,-5.080253,13.63473,-6.247051,0.016,332.975,5.324267,-6.9,-8.599999,-8.066667,-8.25,6.122141,0.1673626,33
2021-01-15 07:20:00,0.1591241999999999,6.33373,236.3975,-5.309418,13.6329,-6.241404,0.016,335.4333,5.363733,-6.9,-8.608334,-8.025,-8.183332999999998,7.148895,0.1673169999999999,33
2021-01-15 07:21:00,0.1589496,6.326478,236.1544,-5.493757,13.63106,-6.224461,0.016,339.4667,5.4224,-7.05,-8.558332999999998,-8.016666,-8.183332999999998,9.749366,0.1680847,33
2021-01-15 07:22:00,0.1591409,6.348974,236.1916,-5.600634,13.6306,-6.224461,0.016,348.9333,5.569467,-7.2,-8.591666,-8.108334,-8.233333,21.82092,0.1674036,33
2021-01-15 07:23:00,0.1608808999999999,6.346902,236.1957,-5.595104,13.62969,-6.215989,0.016,356.9167,5.703066,-7.333332999999999,-8.525,-8.083332999999998,-8.158333,41.10855,0.1656869,33
2021-01-15 07:24:00,0.1602386,6.316792,236.2053,-5.48517,13.62969,-6.204128,0.016,360.1083,5.759867,-7.266666,-8.283334,-7.966667,-7.916667,52.68112,0.1669594,33
2021-01-15 07:25:00,0.1602331999999999,6.322874,236.3293,-5.187378,13.62969,-6.204128,0.016,360.625,5.769867,-6.866667,-7.966667,-7.741666999999999,-7.55,55.13765,0.166161,33
2021-01-15 07:26:00,0.1598856999999999,6.282828,236.201,-5.161669,13.62969,-6.200363,0.016,361.2917,5.7788,-6.708333,-7.791667,-7.724999999999999,-7.341667,58.07398,0.1670755999999999,33
2021-01-15 07:27:00,0.1586878999999999,6.290761,236.1405,-5.347723,13.62969,-6.181534,0.016,362.8916,5.804,-6.858333,-7.733333,-7.8,-7.291667,65.43398,0.1675788,33
2021-01-15 07:28:00,0.4698638,12.67716,236.0831,-5.584135,13.62969,-6.181534,0.064,315.4333,14.79253,-6.983333,-7.533333,-7.825,-7.2,74.53082999999998,0.1333255999999999,33
2021-01-15 07:29:00,0.754492,21.10389,236.003,-5.618685,13.62969,-6.158943,0.1446667,228.7083,33.0734,-6.975,-7.141666,-7.724999999999999,-6.983333,83.61808999999998,0.1185813,33
2021-01-15 07:30:00,0.7453473,21.52737,236.3457,-5.437134,13.62969,-6.158943,0.1499999999999999,229.2083,34.3808,-6.833333,-6.883333,-7.591667,-6.666667,92.27353,0.1223579999999999,33
2021-01-15 07:31:00,0.7394412,19.89403,236.0627,-5.300441,13.62969,-6.143691,0.1446667,226.1,32.757,-6.658333,-6.574999,-7.483333,-6.383333,103.2032,0.1139904999999999,33
2021-01-15 07:32:00,0.7282161999999999,18.69826,236.1588,-5.062895,13.62969,-6.129194,0.1453333,221.1667,32.21107,-6.4,-6.275,-7.358333,-6.058333,112.6263,0.1089262,33
2021-01-15 07:33:00,0.7213077,18.32174,236.2353,-4.964201,13.62969,-6.116016,0.1473333,219.5417,32.3398,-6.375,-5.983333,-7.208332999999999,-5.775,119.7752,0.1074243,33
2021-01-15 07:34:00,0.7186666,18.35865,236.151,-4.842568,13.62739,-6.104721,0.1473333,219.9833,32.4048,-6.433333,-5.758333,-6.916667,-5.508333,128.3634,0.1081926,33
2021-01-15 07:35:00,0.717887,18.31186,236.2502,-4.655487,13.62877,-6.090036,0.1459999999999999,220.1083,32.15633,-6.408333,-5.508333,-6.433333,-5.166667,136.731,0.1078938,33
2021-01-15 07:36:00,0.7158187999999999,18.09579,236.1414,-4.800082,13.62785,-6.07309,0.1479999999999999,218.7083,32.34594,-6.283333,-5.316667,-6.033333,-4.908333,144.4845,0.1068359,33
2021-01-15 07:37:00,0.7216648,18.78391,236.2239,-5.308008,13.62418,-6.061794,0.1486667,225.0333,33.21387,-6.383333,-5.025,-5.616666,-4.683333,152.2475,0.1101356,33
2021-01-15 07:38:00,0.7227940999999999,19.93654,236.208,-5.672294,13.62418,-6.041084,0.152,232.3833,34.93847,-6.541666,-4.741667,-5.258333,-4.466667,159.6938,0.1170405999999999,33
2021-01-15 07:39:00,0.7195204,26.00327,236.4144,-5.376582,13.62372,-6.027905,0.1413333,322.4667,44.85347,-6.358333,-4.491666,-4.816667,-4.125,166.3725,0.1531145999999999,33
2021-01-15 07:40:00,0.7217706,27.46229,236.529,-5.105717,13.62372,-6.007196,0.152,294.0083,44.68167,-6.258333,-4.15,-4.391667,-3.791667,173.8861,0.160534,33
2021-01-15 07:41:00,0.7261718,29.21136,236.3178,-4.89442,13.62418,-5.986676,0.1593333,294.2833,46.69114,-6.041667,-3.766666,-3.983333,-3.475,180.9678,0.1700884,33
2021-01-15 07:42:00,0.7317535,30.85176,236.4264,-4.850032,13.62143,-5.973684,0.1626667,294.7583,47.75107,-5.841667,-3.416667,-3.591666,-3.191667,187.2723,0.1780302,33
2021-01-15 07:43:00,0.7365639,32.35557,236.5229,-4.570247,13.62097,-5.947327,0.168,293.6833,49.3486,-5.725,-3.058333,-3.2,-2.875,193.8742,0.1845923999999999,33
2021-01-15 07:44:00,0.746788,33.60529,236.5227,-4.322586,13.61868,-5.929628,0.1746667,288.8167,50.355,-5.591667,-2.7,-2.85,-2.566667,201.0423,0.1899472,33
2021-01-15 07:45:00,0.7532955,34.73731,236.6948,-4.242294,13.61868,-5.902517,0.1793333,286.1917,51.12733,-5.533333,-2.35,-2.508333,-2.241667,208.8821,0.1936286,33
2021-01-15 07:46:00,0.7569947999999999,34.95415,236.3173,-4.212993,13.61868,-5.878229,0.184,278.2333,51.2762,-5.425,-2.008333,-2.133333,-1.883333,215.0618,0.1947714,33
2021-01-15 07:47:00,0.7578966999999999,36.72997,235.8461,-4.273359,13.61868,-5.850178,0.19,287.15,54.3054,-5.4,-1.658333,-1.775,-1.566667,221.4526,0.205331,33
2021-01-15 07:48:00,0.7592189999999999,37.77793,235.8986,-4.35294,13.61868,-5.823821,0.1926665999999999,284.5583,54.4016,-5.4,-1.25,-1.391667,-1.225,227.9586,0.2105831,33
2021-01-15 07:49:00,0.7658297,44.27661,235.9265,-4.417366,13.61546,-5.796897,0.2026667,313.2833,62.91607,-5.375,-0.925,-1.033333,-0.8833332999999999,233.3323,0.2445696,33
2021-01-15 07:50:00,0.7778724999999999,51.77759,236.0413,-4.385671,13.61271,-5.765831,0.2233333,319.7083,70.70113,-5.191667,-0.55,-0.7166666,-0.5666666999999999,239.9054,0.2789088,33
2021-01-15 07:51:00,0.7962607999999999,68.36774,236.0286,-4.319169,13.61317,-5.736463,0.2926667,309.3333,87.76647,-5.033333,-0.2,-0.3333333,-0.1916667,246.2099,0.3598862999999999,33
2021-01-15 07:52:00,0.8466613,108.8399,235.9539,-4.271356,13.61317,-5.709728,0.4493332999999999,299.9667,130.0662,-4.825,0.125,0.0,0.1416667,252.6679,0.5334889,33
2021-01-15 07:53:00,1.004544,172.9798,236.0307,-4.210226,13.61225,-5.676216,0.6673333999999999,302.1333,195.2004,-4.608333,0.4583333,0.3499999999999999,0.4833333,258.5117,0.7120625,33
2021-01-15 07:54:00,1.231713,242.5455,236.2315,-4.162274,13.60858,-5.644209,0.9306667,294.9417,267.9926,-4.316667,0.7583332999999999,0.7083333,0.8083333,263.396,0.8239351999999999,33
2021-01-15 07:55:00,1.420532,308.1984,236.3561,-4.077581,13.60767,-5.609001,1.228667,279.2833,336.7862,-4.166667,1.008333,0.9166667,1.083333,270.5353,0.9093652,33
2021-01-15 07:56:00,1.654458,377.6495,236.3946,-3.818381,13.60767,-5.578691,1.526,272.2833,410.4741,-4.141666,1.15,1.033333,1.175,276.8302,0.957758,33
2021-01-15 07:57:00,1.891196,436.0424,236.4542,-3.609643,13.60767,-5.543295,1.733333,274.125,470.6387,-4.058333,1.316667,1.233333,1.283333,282.3094,0.9699275,33
2021-01-15 07:58:00,2.029459,470.8245,236.4349,-3.564249,13.60721,-5.509409,1.825333,278.8917,506.4193,-3.875,1.475,1.425,1.458333,288.9401,0.9748793,33
2021-01-15 07:59:00,2.185611,507.9956,236.392,-3.514129,13.60583,-5.475895,1.930667,284.2,545.5052,-3.691667,1.741667,1.691667,1.683333,296.0602,0.9791844,33
2021-01-15 08:00:00,2.354071,549.8914,236.6518,-3.456581,13.60262,-5.437111,1.992667,297.7417,589.4607,-3.375,2.083333,1.941667,1.983333,301.8177,0.9828318,33
2021-01-15 08:01:00,2.504532,585.9268,236.4748,-3.409257,13.60216,-5.399082,2.042,309.725,628.2787,-3.158333,2.2,2.041667,2.183333,307.8727,0.9853103,33
2021-01-15 08:02:00,2.660177,623.0873,236.5252,-3.380364,13.60216,-5.349565,2.083333,321.7583,668.14,-3.0,2.55,2.383333,2.441667,313.8701,0.9875736,33
2021-01-15 08:03:00,2.783043,653.1702,236.6782,-3.38535,13.60079,-5.300428,2.124,331.0916,701.2801,-2.85,2.808333,2.608333,2.716666,319.0327,0.9891408,33
2021-01-15 08:04:00,2.850154,669.691,236.9075,-3.443553,13.59666,-5.259384,2.162,332.6333,717.489,-3.166667,2.95,2.841666,2.916667,324.6846,0.9894863,33
2021-01-15 08:05:00,2.910931,683.6463,236.8014,-3.442414,13.59666,-5.21947,2.213333,331.6333,733.1512,-3.35,3.191667,3.041667,3.208333,330.586,0.9901293,33
2021-01-15 08:06:00,2.957887,694.7583,236.7503,-3.396379,13.5962,-5.176169,2.26,330.025,744.4720999999998,-3.4,3.391666,3.45,3.541667,335.3744,0.9904995,33
2021-01-15 08:07:00,3.02626,711.3665,236.6214,-3.420708,13.59574,-5.135502,2.314,329.4333,760.7252999999998,-3.383333,3.725,3.75,3.908333,341.9571,0.9911889,33
2021-01-15 08:08:00,3.08133,725.0992999999999,236.9997,-3.369631,13.59115,-5.094458,2.360667,328.8583,775.5979999999998,-3.4,4.041667,3.933333,4.075,347.3116,0.9914615,33
2021-01-15 08:09:00,3.12808,737.0598999999999,237.0814,-3.295605,13.59115,-5.053039,2.405333,327.975,787.6058,-3.391667,4.408333,4.233333,4.333333,352.5605,0.9920493,33
2021-01-15 08:10:00,3.186655,751.4083,237.1282,-3.220793,13.59115,-5.009359,2.445333,328.875,803.0974999999999,-3.425,4.716667,4.7,4.808333,358.5963,0.9925103,33
2021-01-15 08:11:00,3.23871,763.8927999999999,237.197,-3.225371,13.58565,-4.966435,2.488,328.2583,815.625,-3.458333,5.066667,5.075,5.141667,363.9315,0.9929522,33
2021-01-15 08:12:00,3.288821,776.1685999999999,237.272,-3.304133,13.58565,-4.920496,2.535333,327.3833,828.9249,-3.458333,5.283333,5.366667,5.449999,369.5067,0.9931128,33
2021-01-15 08:13:00,3.328489,786.1658,237.5655,-3.356583,13.58565,-4.877383,2.572,326.3667,838.6933,-3.433333,5.358333,5.6,5.841667,373.5178,0.9931083,33
2021-01-15 08:14:00,3.379844,799.3868,237.6018,-3.307374,13.58519,-4.832385,2.624667,325.3,852.0223999999998,-3.358333,5.516666,5.675,6.141666,379.0354,0.9934545,33
2021-01-15 08:15:00,3.449168,814.7341,237.3192,-3.316779,13.5828,-4.787013,2.673333,325.225,868.1074,-3.283333,5.758333,6.008333,6.425,385.6565,0.9937426,33
2021-01-15 08:16:00,3.50686,828.1038999999998,237.2895,-3.294464,13.57978,-4.740509,2.706667,326.4667,882.6843,-3.158333,6.066666,6.383333,6.675,391.7211,0.9941425,33
2021-01-15 08:17:00,3.557353,841.0608999999998,237.35,-3.248372,13.57917,-4.696455,2.759333,325.1833,895.9113999999998,-3.1,6.308333,6.766666,6.958333,397.1139,0.9945133,33
2021-01-15 08:18:00,3.60679,852.7935,237.4288,-3.209306,13.57902,-4.649951,2.795333,325.3667,908.3651,-2.966666,6.741667,6.983333,7.208332999999999,402.4012,0.9946538,33
2021-01-15 08:19:00,3.658378,865.2653,237.4421,-3.191237,13.57701,-4.599682,2.835333,325.225,921.2778,-2.916667,7.075,7.041667,7.425,407.9188,0.9949079,33
2021-01-15 08:20:00,3.69265,873.1236,237.4764,-3.20851,13.57374,-4.550544,2.860667,325.25,929.5374,-2.833333,7.449999,7.574999,7.849999999999999,411.5269,0.9950309,33
2021-01-15 08:21:00,3.744415,886.0632,237.4193,-3.250977,13.5731,-4.50404,2.928,322.1417,942.0391,-2.725,7.708332999999999,7.866666,8.191667,417.1596,0.9952353,33
2021-01-15 08:22:00,3.790657,897.7773999999998,237.6643,-3.21126,13.57259,-4.454714,2.972,321.55,954.5957,-2.733333,7.591667,7.825,8.433332999999998,422.1111,0.9953142,33
2021-01-15 08:23:00,3.844063,910.6672,237.6186,-2.997855,13.57295,-4.40275,3.013333,321.4833,967.652,-2.716666,7.4,7.849999999999999,8.508333,427.8014,0.9955404,33
2021-01-15 08:24:00,3.902791,924.1989,237.5268,-3.137638,13.57288,-4.356061,3.057333,321.5917,982.0799,-2.633333,7.941667,8.25,8.683332999999998,433.7317,0.9957114,33
2021-01-15 08:25:00,3.961464,938.8716,237.6168,-3.178153,13.57191,-4.306169,3.104667,321.6083,997.3696,-2.483333,8.341666,8.625,9.025001,440.583,0.9958423,33
2021-01-15 08:26:00,3.997279,947.0249,237.695,-3.093357,13.56724,-4.253264,3.13,321.4917,1005.334,-2.416667,8.75,9.0,9.383333,444.3734,0.9959407,33
2021-01-15 08:27:00,4.031909,956.7343,238.0081,-2.938617,13.56722,-4.203185,3.158,321.6584,1014.827,-2.291667,9.058333,9.224999,9.658334,448.7203,0.9959494,33
2021-01-15 08:28:00,4.081865,966.9022,237.6155,-2.849628,13.56669,-4.154798,3.198,320.9333,1025.428,-2.241667,9.108333,9.466666,9.933333,453.5182,0.9961419,33
2021-01-15 08:29:00,4.131133,978.8494,237.5164,-2.897136,13.563,-4.097376,3.240667,320.8167,1038.598,-2.383333,9.516666,9.825,10.14167,458.9015,0.9963022,33
2021-01-15 08:30:00,4.17758,990.0522,237.6297,-2.918212,13.56158,-4.049931,3.307333,317.7667,1049.94,-2.391667,9.791667,10.06667,10.38333,464.1696,0.996357,33
2021-01-15 08:31:00,4.222431,1001.373,237.71,-2.824192,13.56063,-3.997969,3.327333,319.7333,1063.047,-2.283333,9.966666,10.325,10.70833,469.4665,0.9964173,33
2021-01-15 08:32:00,4.263249,1013.436,238.3369,-2.683216,13.56153,-3.944124,3.384,317.725,1074.08,-2.216667,10.11667,10.56667,10.93333,474.821,0.9963395,33
2021-01-15 08:33:00,4.302269,1024.866,238.7549,-2.722258,13.56058,-3.890654,3.422,317.8083,1086.195,-2.175,10.325,10.725,11.08333,479.878,0.9964922,33
2021-01-15 08:34:00,4.368316,1038.012,238.3062,-2.729106,13.55599,-3.836997,3.466666,317.7166,1100.202,-2.125,10.425,10.81667,11.10833,485.7794,0.9968936,33
2021-01-15 08:35:00,4.412793,1049.701,238.3568,-2.741625,13.55596,-3.778822,3.502667,317.6917,1111.807,-2.158333,10.64167,11.09167,11.29167,491.1723,0.9967839,33
2021-01-15 08:36:00,4.456347,1060.318,238.4299,-2.64658,13.55301,-3.728742,3.538,317.75,1123.249,-1.95,10.9,11.375,11.54167,495.9606,0.9969366,33
2021-01-15 08:37:00,4.497731,1070.587,238.4741,-2.449306,13.55043,-3.669436,3.559334,319.025,1134.402,-1.791667,10.89167,11.49167,11.825,501.1808,0.9969268,33
2021-01-15 08:38:00,4.52993,1072.997,238.5189,-2.252118,13.55002,-3.615967,3.556,318.725,1132.643,-1.716667,11.19167,11.71667,12.09167,506.1706,0.9968582,33
2021-01-15 08:39:00,4.579781,1090.628,238.6443,-2.179805,13.55005,-3.558733,3.670667,314.95,1154.889,-1.675,11.375,11.90833,12.29167,510.6134,0.9969956,33
2021-01-15 08:40:00,4.620786,1101.373,238.8368,-2.059277,13.54781,-3.503381,3.672667,317.7833,1166.146,-1.55,11.18333,11.99167,12.575,514.9987,0.9971085,33
2021-01-15 08:41:00,4.667552,1113.218,238.9041,-1.895383,13.54496,-3.442381,3.736667,315.5333,1178.331,-1.316667,11.54167,12.25,12.875,520.7178,0.9971936,33
2021-01-15 08:42:00,4.704307,1121.953,239.0169,-1.838969,13.54373,-3.387218,3.75,316.7166,1186.542,-1.233333,11.86667,12.64167,13.20833,525.2855,0.9972639,33
2021-01-15 08:43:00,4.736557,1130.289,239.0972,-1.698599,13.54219,-3.327912,3.812667,313.9917,1196.374,-1.133333,11.99167,12.71667,13.68333,528.8839,0.9973297,33
2021-01-15 08:44:00,4.781085,1141.69,239.2353,-1.603988,13.53836,-3.252604,3.850667,313.9833,1207.948,-1.05,11.9,12.79167,13.85,534.2768,0.9973035,33
2021-01-15 08:45:00,4.823482,1152.08,239.3279,-1.450874,13.53816,-3.18991,3.884667,313.925,1218.734,-0.9,11.7,12.80833,13.975,538.95,0.9972829,33
2021-01-15 08:46:00,4.861702,1161.126,239.3258,-1.392614,13.53717,-3.127781,3.915334,313.9833,1228.426,-0.8916667,12.11667,13.16667,14.225,543.412,0.9973744,33
2021-01-15 08:47:00,4.900198,1170.597,239.2474,-1.534294,13.5333,-3.064711,3.947333,313.9666,1238.26,-0.9333333,12.475,13.49167,14.35833,547.9029,0.9975297,33
2021-01-15 08:48:00,4.944353,1180.524,239.265,-1.542906,13.53232,-3.007852,3.988667,313.3083,1248.989,-0.9166667,12.55,13.59167,14.625,552.7968,0.9975048,33
2021-01-15 08:49:00,4.984424,1190.35,239.208,-1.306709,13.53175,-2.943275,4.028,312.725,1258.788,-0.7249999999999999,12.525,13.59167,14.94167,557.5083,0.9975779,33
2021-01-15 08:50:00,5.015205,1198.794,239.5072,-1.106013,13.528,-2.88077,4.048,313.3667,1267.661,-0.5999999999999999,12.61667,13.575,15.075,561.7209,0.9975954,33
2021-01-15 08:51:00,5.059334,1209.91,239.4984,-1.052025,13.52657,-2.81638,4.11,311.475,1278.85,-0.6083332999999999,12.78333,13.88333,15.23333,566.9314,0.9975848,33
2021-01-15 08:52:00,5.102642,1220.338,239.5269,-1.126763,13.52648,-2.755381,4.118667,313.6833,1291.085,-0.5999999999999999,12.975,14.15833,15.35833,571.9212,0.9976888,33
2021-01-15 08:53:00,5.1506,1231.963,239.5711,-0.9415286,13.52416,-2.693063,4.168667,312.7333,1302.57,-0.4166667,12.75,14.08333,15.59167,577.5635,0.9977448,33
2021-01-15 08:54:00,5.193513,1242.945,239.6586,-0.7855379999999998,13.52087,-2.626603,4.22,311.4917,1313.563,-0.3083332999999999,12.83333,14.15,15.625,582.6782,0.997718,33
2021-01-15 08:55:00,5.236986,1254.321,239.8592,-0.8515133,13.52085,-2.560521,4.248,312.2833,1325.468,-0.4,12.43333,13.95,15.425,587.8791,0.9977638,33
2021-01-15 08:56:00,5.287126,1266.313,239.8335,-1.121775,13.5153,-2.494437,4.296,311.85,1338.164,-0.5916666,12.30833,13.78333,15.24167,593.3775,0.9976809,33
2021-01-15 08:57:00,5.33917,1277.938,239.7472,-1.190843,13.51527,-2.427789,4.328,312.4,1351.393,-0.6416667,12.30833,13.79167,15.20833,598.4825,0.9977751,33
2021-01-15 08:58:00,5.37787,1287.334,239.7216,-1.354444,13.51525,-2.365096,4.374667,311.3083,1360.761,-0.675,11.975,13.5,15.15833,602.1961,0.9978209,33
2021-01-15 08:59:00,5.42653,1300.109,239.8345,-1.364255,13.51429,-2.293552,4.423334,310.8583,1373.667,-0.6999999999999998,11.9,13.25,15.1,607.6849,0.9977899,33
2021-01-15 09:00:00,5.473184,1310.825,239.8116,-1.325181,13.51015,-2.228975,4.458,310.8583,1384.996,-0.6583333,11.90833,13.3,15.125,612.7323,0.9978783,33
2021-01-15 09:01:00,5.516483,1321.033,239.8182,-1.257248,13.50875,-2.163081,4.476,312.125,1396.24,-0.525,11.975,13.375,15.21667,617.2903,0.9978537,33
2021-01-15 09:02:00,5.559855,1331.022,239.7626,-1.210783,13.50854,-2.099822,4.52,311.125,1405.437,-0.4333332999999999,12.09167,13.45,15.275,622.0307,0.997893,33
2021-01-15 09:03:00,5.600422,1340.391,239.6776,-1.311385,13.50597,-2.035057,4.552,311.475,1416.778,-0.5333333999999998,11.98333,13.30833,15.21667,626.272,0.9979646,33
2021-01-15 09:04:00,5.644771,1350.65,239.5651,-1.293378,13.50372,-1.97274,4.547333,313.9667,1426.789,-0.4749999999999999,12.19167,13.48333,15.29167,631.2331,0.9980242,33
2021-01-15 09:05:00,5.688643,1361.63,239.7504,-1.193947,13.50374,-1.908726,4.626,311.1584,1438.483,-0.2999999999999999,12.61667,13.85833,15.35833,636.5204,0.997943,33
2021-01-15 09:06:00,5.71378,1369.212,239.7857,-1.091826,13.5038,-1.844903,4.669333,309.925,1446.276,-0.1666667,13.075,14.25,15.84167,641.088,0.9979806,33
2021-01-15 09:07:00,5.759859,1379.555,239.8233,-1.000632,13.49957,-1.782585,4.702,310.2583,1457.681,-0.1416667,13.11667,14.325,16.13333,645.9819,0.997916,33
2021-01-15 09:08:00,5.798805,1388.582,239.7964,-1.015495,13.49788,-1.723468,4.734,310.2667,1467.942,-0.125,13.11667,14.24167,16.19167,650.4919,0.9979892,33
2021-01-15 09:09:00,5.845508,1399.427,239.7771,-0.9773047,13.49772,-1.659832,4.756667,310.8833,1477.746,-0.05833333,13.06667,14.225,16.18333,655.7216,0.9979007,33
2021-01-15 09:10:00,5.88089,1408.611,239.8936,-0.9162879,13.49618,-1.600904,4.792,310.4833,1486.963,-0.01666667,13.30833,14.475,16.43333,659.8478,0.9979043,33
2021-01-15 09:11:00,5.918936,1417.668,239.9139,-0.9448311,13.49185,-1.54028,4.828667,310.2166,1496.773,-0.03333334,13.70833,14.95833,16.75833,664.7897,0.9978552,33
2021-01-15 09:12:00,5.964381,1428.204,239.821,-1.038197,13.49179,-1.480034,4.862667,310.2166,1507.899,-0.05833333,13.775,15.09167,16.75833,669.8083,0.997938,33
2021-01-15 09:13:00,5.99914,1436.677,239.901,-0.9572485,13.49158,-1.421482,4.9,310.375,1519.956,0.05,13.925,15.2,16.95833,674.3951,0.9979714,33
2021-01-15 09:14:00,6.027887,1443.974,239.9884,-1.078474,13.49152,-1.360859,4.936,308.65,1522.856,-0.05833333,13.86667,15.13333,17.05,677.533,0.997834,33
2021-01-15 09:15:00,6.058122,1452.389,240.0898,-1.139813,13.4882,-1.30626,4.999333,306.4083,1530.556,-0.0749999999999999,13.70833,15.025,17.10833,681.9567,0.9978939,33
2021-01-15 09:16:00,6.093994,1460.056,240.0223,-1.041008,13.48491,-1.245825,5.01,307.675,1539.328,0.0083333339999999,14.16667,15.35,17.25833,685.7662,0.9978511,33
2021-01-15 09:17:00,6.129051,1468.701,240.0616,-0.8950999,13.48577,-1.184636,5.062,307.1417,1555.887,0.04166667,13.99167,15.16667,17.20833,690.0459,0.9979133,33
2021-01-15 09:18:00,6.15275,1476.148,240.2743,-1.000755,13.48522,-1.130226,5.078667,306.4167,1555.11,-0.0083333339999999,13.81667,15.025,17.04167,693.0878,0.9980322,33
2021-01-15 09:19:00,6.188498,1484.769,240.3261,-1.054522,13.48332,-1.068097,5.104667,307.5,1569.079,-0.03333334,13.83333,14.9,16.84167,697.262,0.997991,33
2021-01-15 09:20:00,6.213911,1490.695,240.3578,-1.102964,13.48008,-0.9948597,5.122667,307.7917,1574.447,-0.05833333,14.15,15.175,17.24167,700.0064,0.9980192,33
2021-01-15 09:21:00,6.228631,1495.301,240.4794,-0.9995274,13.47947,-0.9421441,5.12,307.775,1576.698,0.1083332999999999,14.61667,15.75,17.8,703.0195,0.9980922,33
2021-01-15 09:22:00,6.255386,1502.107,240.4997,-0.7622326999999999,13.47919,-0.8866043,5.164667,306.4417,1582.495,0.225,14.84167,15.94167,18.175,706.8674,0.9981241,33
2021-01-15 09:23:00,6.275393,1506.662,240.5677,-0.5624234999999999,13.4788,-0.8337005,5.171333,307.75,1591.078,0.3666667,15.24167,16.38333,18.65,710.0436,0.9981415,33
2021-01-15 09:24:00,6.294737,1511.852,240.6056,-0.4156522999999999,13.47746,-0.7802318,5.21,306.4833,1595.839,0.4583333,15.825,16.84167,18.98333,713.1526,0.998116,33
2021-01-15 09:25:00,6.319992,1517.513,240.5155,-0.3696978,13.47254,-0.7284562,5.261333,305.3583,1606.417,0.5,16.25833,17.25833,19.40833,717.0774,0.9981238,33
2021-01-15 09:26:00,6.337007,1519.941,240.4641,-0.2164444,13.47338,-0.6742344,5.292667,303.7417,1605.536,0.6416667,16.75833,17.7,19.88333,720.2344,0.9979771,33
2021-01-15 09:27:00,6.370712,1527.357,240.1816,-0.2871575,13.47313,-0.6241544,5.278667,305.5583,1613.939,0.5333333,16.275,17.375,19.85833,723.6506,0.9980298,33
2021-01-15 09:28:00,6.398535,1533.594,240.1099,-0.3848941,13.46982,-0.5671082,5.324667,304.6667,1621.167,0.5166667,16.64167,17.76667,19.775,726.8748,0.9980529,33
2021-01-15 09:29:00,6.427391,1542.312,240.333,-0.248557,13.46739,-0.5160866,5.330667,305.2333,1626.351,0.5666666999999999,16.35,17.74167,19.91667,731.2025,0.9979718,33
2021-01-15 09:30:00,6.461147,1550.159,240.3392,-0.2659671,13.46727,-0.4626181999999999,5.364,305.9083,1640.021,0.5583333,16.05,17.375,19.94167,734.561,0.998061,33
2021-01-15 09:31:00,6.500412,1560.767,240.4815,-0.3253383,13.46721,-0.4099021999999999,5.413333,304.65,1647.992,0.5833333,15.95833,17.375,19.88333,739.3206,0.997964,33
2021-01-15 09:32:00,6.53528,1567.654,240.3762,-0.3743063999999999,13.46706,-0.3547378999999999,5.409334,307.0,1660.085,0.6083332999999999,15.78333,17.075,19.74167,742.7845999999998,0.9979578,33
2021-01-15 09:33:00,6.570738,1576.505,240.352,-0.3917602,13.46519,-0.302777,5.443333,305.95,1664.663,0.6083332999999999,15.725,17.11667,19.725,745.98,0.9979993,33
2021-01-15 09:34:00,6.609317,1582.144,239.8483,-0.1825645999999999,13.46143,-0.2519432999999999,5.464,305.8667,1670.368,0.8499999999999999,16.55,17.86667,20.225,749.6552,0.9980128,33
2021-01-15 09:35:00,6.633165,1588.491,239.9144,0.0759433999999999,13.46138,-0.2001689,5.506667,304.2917,1675.053,1.1,16.86667,18.21667,20.78333,753.6375,0.9980555,33
2021-01-15 09:36:00,6.657421,1594.373,239.8754,0.2037725,13.46088,-0.1431216999999999,5.569334,302.8417,1685.653,1.166667,16.98333,18.43333,21.06667,757.14,0.9981074,33
2021-01-15 09:37:00,6.678406,1600.582,240.0745,0.1271904,13.45945,-0.09398302,5.575333,303.5,1691.161,1.116667,16.99167,18.49167,21.20833,761.1511,0.9981189,33
2021-01-15 09:38:00,6.712059,1608.875,240.0826,0.2894400999999999,13.45622,-0.03863176,5.65,300.575,1698.232,1.175,17.03333,18.8,21.35,765.6131,0.9980896,33
2021-01-15 09:39:00,6.745347,1618.18,240.2708,0.07189781,13.4557,0.0105066299999999,5.64,302.8083,1706.369,1.016667,16.48333,18.06667,20.90833,769.3939,0.9980049,33
2021-01-15 09:40:00,6.790376,1629.237,240.2993,-0.2336523,13.45568,0.0641635299999999,5.683333,302.675,1718.811,0.7583332999999999,16.25833,17.76667,20.64167,773.616,0.9981241,33
2021-01-15 09:41:00,6.821415,1637.077,240.3608,-0.1419613999999999,13.45565,0.1189505,5.682667,304.3917,1728.778,0.8249999999999998,16.30833,17.74167,20.53333,777.8286,0.9980986,33
2021-01-15 09:42:00,6.85742,1644.856,240.2915,-0.1237777999999999,13.45196,0.1703491,5.730667,303.5,1738.652,0.9333333,16.68333,17.96667,20.65833,781.6094,0.998078,33
2021-01-15 09:43:00,6.886406,1652.083,240.3197,0.0672376799999999,13.4501,0.2240067,5.776667,302.1,1744.261,1.191667,17.14167,18.39167,21.075,785.8699,0.9979789,33
2021-01-15 09:44:00,6.91415,1658.507,240.341,-0.0050460699999999,13.45008,0.2767213,5.779333,302.7166,1749.353,1.225,17.06667,18.34167,20.95,789.0748999999998,0.9979487,33
2021-01-15 09:45:00,6.931395,1663.96,240.5044,0.006312082,13.44915,0.3284953999999999,5.817333,302.15,1756.603,1.191667,16.775,18.36667,20.9,792.0879999999999,0.9980698,33
2021-01-15 09:46:00,6.947252,1670.162,240.8685,0.0750004199999999,13.44455,0.377634,5.864,300.6083,1762.159,1.216667,17.11667,18.45833,21.1,795.1586999999998,0.9980469,33
2021-01-15 09:47:00,6.977488,1676.746,240.7363,0.1675134,13.44408,0.4311039999999999,5.846,302.8416,1769.973,1.258333,17.23333,18.53333,21.24167,798.6707,0.9980138,33
2021-01-15 09:48:00,6.989433,1682.829,241.2853,-0.0263055399999999,13.44453,0.4793014999999999,5.858,303.3917,1776.91,1.125,16.975,18.475,21.16667,801.9429,0.9980071,33
2021-01-15 09:49:00,6.99596,1684.061,241.2258,0.1059865,13.44452,0.5284404999999999,5.866,303.0917,1777.544,1.291667,17.41667,18.8,21.58333,802.5282999999998,0.9980444,33
2021-01-15 09:50:00,7.010825,1686.002,240.9454,0.2218478999999999,13.44359,0.5785198,5.898,301.8833,1780.42,1.4,17.725,18.89167,21.71667,804.1404,0.9980871,33
2021-01-15 09:51:00,7.021931,1688.693,241.0317,0.2367651,13.44083,0.6244579999999998,5.897333,302.4167,1783.168,1.433333,18.21667,19.475,22.16667,806.7120999999999,0.9981084,33
2021-01-15 09:52:00,7.022743,1688.251,240.9211,0.4974913999999999,13.439,0.6735967,5.954667,299.3417,1781.726,1.758333,19.28333,20.4,22.80833,808.4777,0.9981117,33
2021-01-15 09:53:00,7.059708,1698.538,240.9517,0.6707781999999999,13.43899,0.7219826999999999,6.004667,298.7,1792.403,2.075,19.60833,20.54167,23.15,814.5999,0.9981656,33
2021-01-15 09:54:00,7.090862,1705.235,240.9112,0.826745,13.43834,0.7718753999999999,6.019333,298.9917,1799.774,2.25,20.00833,20.98333,23.5,818.9659,0.9981661,33
2021-01-15 09:55:00,7.105474,1709.5,241.0452,0.9708512,13.43532,0.8193177999999999,6.05,298.4167,1804.347,2.316667,20.3,21.25833,24.01666,823.1594,0.9981195,33
2021-01-15 09:56:00,7.134691,1716.569,241.0366,0.8992651,13.43308,0.8710921,6.075333,298.4583,1812.491,2.141667,19.925,21.04167,23.85,827.0263999999999,0.9981489,33
2021-01-15 09:57:00,7.163677,1723.744,241.0297,0.7873415999999999,13.43311,0.9200433,6.151333,295.8083,1818.555,2.091667,20.26667,21.20833,23.975,830.4233,0.9981651,33
2021-01-15 09:58:00,7.194712,1732.047,241.0983,0.7320935,13.43272,0.970123,6.123333,298.7,1828.75,2.033333,19.90833,21.1,23.95833,834.8087,0.998201,33
2021-01-15 09:59:00,7.225186,1741.206,241.4139,0.6562027,13.43001,1.018321,6.151333,299.0833,1838.801,1.95,19.875,21.13333,24.01666,838.9253,0.9981198,33
2021-01-15 10:00:00,7.275706999999999,1746.902,240.366,0.6692658,13.42737,1.071037,6.180666,298.55,1844.447,1.925,19.625,20.95833,24.0,841.9384,0.9981387,33
2021-01-15 10:01:00,7.322278,1756.163,240.2601,0.6496387,13.4272,1.122811,6.201334,299.0667,1853.667,1.891667,19.2,20.76667,23.825,845.8726,0.9980524,33
2021-01-15 10:02:00,7.350196999999999,1762.559,240.1917,0.5762005,13.42611,1.173456,6.271333,296.8083,1860.243,1.8,18.79167,20.425,23.51666,848.7898,0.9980626,33
2021-01-15 10:03:00,7.399929,1771.309,239.7753,0.4882180999999999,13.42408,1.221842,6.23,300.3667,1870.126,1.708333,18.40833,20.11667,23.0,852.014,0.9980306,33
2021-01-15 10:04:00,7.439613999999999,1780.188,239.6977,0.4017548,13.42218,1.280394,6.277334,299.6333,1880.387,1.758333,18.85833,20.40833,23.24167,856.8982999999998,0.9980684,33
2021-01-15 10:05:00,7.471603,1786.223,239.5172,0.5020478,13.42104,1.329344,6.323333,298.3917,1886.248,1.85,18.9,20.45833,23.45833,860.3911,0.9981552,33
2021-01-15 10:06:00,7.491964,1792.164,239.5829,0.5163767999999999,13.42099,1.38545,6.349333,298.1667,1892.176,1.925,18.675,20.55,23.55833,863.4619,0.997962,33
2021-01-15 10:07:00,7.519453,1799.143,239.7418,0.6833502999999999,13.42087,1.433269,6.354666,299.125,1900.345,1.983333,18.80833,20.64167,23.81667,867.5977,0.9978857,33
2021-01-15 10:08:00,7.534508,1804.711,239.9223,0.8227092999999999,13.42079,1.477325,6.435333,296.25,1906.025,2.075,19.00833,20.75833,23.89166,870.3995999999999,0.9979084,33
2021-01-15 10:09:00,7.550408,1813.116,240.5123,0.627344,13.41982,1.527217,6.409334,298.775,1913.468,1.841667,18.9,20.69167,23.58333,874.2188,0.9977999,33
2021-01-15 10:10:00,7.574919999999999,1819.878,240.718,0.7294912,13.41697,1.573721,6.490667,296.2667,1922.249,1.883333,18.64167,20.56667,23.65833,878.6136,0.9977953,33
2021-01-15 10:11:00,7.618312999999999,1830.409,240.7276,0.7395774,13.41099,1.619094,6.499334,297.3917,1931.87,1.816667,18.625,20.4,23.5,882.7974,0.9978296,33
2021-01-15 10:12:00,7.668697,1841.903,240.65,0.7012935999999999,13.41503,1.663713,6.506667,299.0667,1944.878,1.833333,18.35,20.05,23.25,887.5474,0.997869,33
2021-01-15 10:13:00,7.696683,1848.496,240.6837,0.7914199,13.41409,1.707581,6.499334,300.3333,1951.752,1.941667,18.79167,20.60833,23.525,892.067,0.9978245,33
2021-01-15 10:14:00,7.731575,1857.998,240.7166,0.7875299,13.41129,1.750506,6.594667,297.4666,1960.152,1.941667,18.6,20.66667,23.56667,896.5866,0.9978057,33
2021-01-15 10:15:00,7.76441,1866.325,240.8106,0.7932772,13.40942,1.795126,6.614666,297.8416,1969.513,1.975,18.50833,20.675,23.60833,900.9815,0.9978454,33
2021-01-15 10:16:00,7.79164,1872.998,240.8265,0.8905119,13.4094,1.841064,6.632667,298.4417,1978.232,2.108333,19.33333,21.26667,24.25833,906.3647,0.997925,33
2021-01-15 10:17:00,7.819601999999999,1879.959,240.7745,0.98037,13.40936,1.883237,6.689333,296.9333,1985.338,2.25,19.475,21.38333,24.36667,910.99,0.9979011,33
2021-01-15 10:18:00,7.863915,1891.477,240.9289,0.7222838,13.40844,1.928047,6.733334,296.5083,1996.174,2.083333,18.975,20.94167,24.01666,916.2197000000002,0.997835,33
2021-01-15 10:19:00,7.899517999999999,1901.211,240.9049,0.6087014,13.40566,1.974548,6.796,295.0,2008.827,1.925,18.825,20.75833,23.825,918.8394,0.9977195,33
2021-01-15 10:20:00,7.942871,1906.716,240.8713,0.7705741,13.40381,2.016533,6.821333,295.5916,2009.721,2.033333,18.675,20.81667,23.8,923.9251,0.9978525,33
2021-01-15 10:21:00,7.96823,1916.374,240.8867,0.7532778,13.40379,2.057575,6.836667,295.9167,2022.103,2.025,18.80833,20.85,23.78333,927.2261,0.9978004,33
2021-01-15 10:22:00,8.042009999999998,1932.186,240.7084,0.666889,13.40286,2.102385,6.894,296.2583,2040.966,2.1,18.8,20.96667,23.94167,935.7664,0.9977961,33
2021-01-15 10:23:00,8.072938,1939.209,240.6856,0.6885807,13.40194,2.139851,6.893333,297.175,2047.969,2.225,19.01667,21.15833,24.11667,940.0366,0.9978709,33
2021-01-15 10:24:00,8.000441999999998,1924.277,240.8011,0.597105,13.40192,2.183907,6.882667,295.3416,2030.548,2.05,18.85833,21.06667,24.025,931.3619,0.9980266,33
2021-01-15 10:25:00,8.167318,1963.03,240.8461,0.6977788999999999,13.39825,2.224572,7.032,295.0167,2082.65,2.125,18.68333,21.16667,24.025,952.7798,0.9976082,33
2021-01-15 10:26:00,8.057900999999998,1936.431,240.8844,0.754568,13.39824,2.263921,6.888,297.2,2037.18,2.225,18.70833,21.06667,23.94167,938.9042,0.9980755,33
2021-01-15 10:27:00,7.981365,1918.999,240.8206,0.6514309999999999,13.39801,2.304964,6.830667,296.5833,2031.228,2.158333,18.525,20.99167,23.80833,928.061,0.9974896,33
2021-01-15 10:28:00,6.984758,1675.103,240.3845,0.6072343,13.39777,2.345065,5.907333,299.7583,1791.789,2.05,18.10833,20.41667,23.43333,805.004,0.9956735,33
2021-01-15 10:29:00,7.098206,1705.734,240.3365,0.4501532999999999,13.39783,2.38272,5.913333,304.5667,1780.568,1.958333,17.5,19.64167,22.6,815.8664999999999,0.9981802,33
2021-01-15 10:30:00,7.575336,1825.321,240.582,0.1813621,13.39785,2.42207,6.421333,299.0833,1929.731,1.791667,17.36667,19.39167,22.46667,870.3804,0.9965785,33
2021-01-15 10:31:00,7.748659,1862.51,240.4201,0.4567301999999999,13.39655,2.456145,6.718667,292.5833,1977.819,2.025,18.05833,19.95,22.8,897.1624,0.9983193,33
2021-01-15 10:32:00,7.543351999999999,1809.682,240.1626,0.8031753999999999,13.39645,2.493612,6.432667,297.4917,1884.299,2.433333,18.53333,20.3,23.025,867.9622,0.9978957,33
2021-01-15 10:33:00,7.034499,1681.032,239.8331,0.7176548999999999,13.39349,2.528442,5.828,304.6917,1807.587,2.441667,18.29167,20.05833,22.90833,808.1226,0.9983318,33
2021-01-15 10:34:00,6.808075,1628.859,239.7064,0.6199101,13.39315,2.560448,5.530667,311.275,1698.81,2.341667,17.95,19.65833,22.53333,787.981,0.996222,33
2021-01-15 10:35:00,7.38217,1774.772,239.7389,0.5628155,13.39186,2.594148,6.016,309.675,1876.194,2.316667,18.14167,19.84167,22.675,856.8502999999998,0.9977369,33
2021-01-15 10:36:00,7.618331999999999,1821.15,239.9315,0.4792098,13.39162,2.628037,6.382,302.1,1915.746,2.15,17.39167,19.40833,22.4,875.6101,0.9965701,33
2021-01-15 10:37:00,7.599826,1822.352,239.8146,0.2999513999999999,13.39155,2.662302,6.448667,297.3667,1925.443,2.033333,17.825,19.6,22.40833,870.2555999999998,0.9977252,33
2021-01-15 10:38:00,7.47741,1786.129,239.9433,0.4119262,13.39134,2.691108,6.445333,293.4417,1898.911,2.241667,17.98333,19.7,22.66667,861.4563,0.9978201,33
2021-01-15 10:39:00,7.389013,1767.295,239.8687,0.4691119999999999,13.39082,2.722172,6.324,295.05,1870.297,2.425,18.35833,19.90833,22.5,847.763,0.9976866,33
2021-01-15 10:40:00,7.013628,1678.387,239.8101,0.7126212,13.38978,2.752672,6.118,289.975,1775.651,2.466666,17.925,19.575,22.21667,809.1205999999999,0.9960468,33
2021-01-15 10:41:00,7.223505,1726.666,239.809,0.4716342,13.38922,2.784301,6.094667,299.7083,1813.346,2.133333,17.45833,19.2,21.71667,822.6987,0.9984042,33
2021-01-15 10:42:00,7.293904999999999,1745.489,239.8122,0.4192171,13.38917,2.809718,6.273333,293.3,1840.63,2.083333,17.33333,19.09167,21.59167,835.1829,0.9980463,33
2021-01-15 10:43:00,7.13866,1714.463,239.7334,0.7233737999999998,13.38678,2.836642,6.078667,296.8416,1785.81,2.366667,17.51667,19.24167,21.71667,816.0104,0.9963217,33
2021-01-15 10:44:00,7.430100999999999,1773.223,239.7154,0.6512664999999999,13.38675,2.864694,6.258667,299.3917,1883.385,2.241667,17.35833,19.1,21.65833,847.5135,0.9984284,33
2021-01-15 10:45:00,7.221973,1732.977,239.6843,0.6750234,13.3853,2.890486,6.055334,300.6417,1849.198,2.35,17.56667,19.44167,21.76666,822.9962,0.9979396,33
2021-01-15 10:46:00,5.893242,1406.948,239.2016,0.8053751999999998,13.38526,2.916845,4.858667,305.925,1487.736,2.55,17.54167,19.19167,21.4,665.7493,0.9966836,33
2021-01-15 10:47:00,6.437942,1541.019,239.2597,0.9225798,13.38522,2.940189,5.370667,302.8333,1612.889,2.808333,17.29167,18.85833,21.19167,729.4656,0.9976718,33
2021-01-15 10:48:00,6.935482,1662.068,239.6646,0.7033479999999999,13.38518,2.963913,5.758,303.7333,1759.857,2.8,17.13333,18.75,21.225,787.6068,0.9953259,33
2021-01-15 10:49:00,6.071584,1458.078,239.3348,1.001505,13.38516,2.985752,5.107334,298.925,1551.865,3.233333,17.35833,18.80833,21.25833,685.5359,0.9973319,33
2021-01-15 10:50:00,5.058692,1203.989,238.8712,0.9013246,13.38511,3.010226,4.13,308.0333,1287.545,3.0,16.4,17.9,20.43333,568.1501,0.9961862,33
2021-01-15 10:51:00,5.649366,1348.109,238.9295,0.639465,13.3851,3.032443,4.704667,303.9667,1388.53,2.658333,16.00833,17.59167,19.775,634.5628,0.997373,33
2021-01-15 10:52:00,7.238688,1729.031,239.32,0.8449412,13.38507,3.053153,6.115334,300.0583,1786.552,2.775,16.60833,18.0,20.23333,823.6008,0.9979922,33
2021-01-15 10:53:00,7.509443,1795.633,239.5211,1.081234,13.38506,3.071604,6.264,302.225,1928.418,2.975,17.8,18.89167,21.13333,854.7296,0.9955977,33
2021-01-15 10:54:00,7.210339,1730.068,239.3681,1.167082,13.38412,3.09608,6.131333,296.15,1828.986,2.875,17.80833,19.16667,21.475,820.4437,0.997952,33
2021-01-15 10:55:00,7.133772,1703.44,239.273,1.119021,13.38456,3.116411,5.887333,305.625,1785.341,2.816667,17.95,19.15,21.54167,812.9398,0.9977731,33
2021-01-15 10:56:00,6.97394,1666.929,239.3039,1.009977,13.38318,3.135614,5.903334,297.9917,1756.431,2.783333,18.225,19.35,21.525,793.1242999999998,0.9987813,33
2021-01-15 10:57:00,7.25572,1733.845,239.127,1.007233,13.3795,3.153688,6.055334,301.9583,1826.728,2.891666,18.60833,19.7,21.725,826.4219,0.998269,33
2021-01-15 10:58:00,7.412637,1766.994,239.145,1.146744,13.37949,3.173457,6.304667,296.5667,1856.724,2.941667,18.98333,19.99167,22.19167,847.0338,0.99823,33
2021-01-15 10:59:00,7.885147,1880.618,239.2974,1.030201,13.37902,3.19379,6.645334,299.1333,1987.323,2.916667,19.10833,20.375,22.69167,903.7932,0.997907,33
2021-01-15 11:00:00,7.374334,1773.709,239.6054,0.971538,13.37947,3.215065,6.112,304.3333,1871.092,2.691667,19.16667,20.45,22.825,845.7767,0.9955055,33
2021-01-15 11:01:00,7.778221,1863.077,239.7535,1.030722,13.37947,3.231633,6.605333,298.0833,1944.389,2.691667,18.89167,20.5,22.925,895.2336,0.9978964,33
2021-01-15 11:02:00,7.744784,1855.627,239.5095,0.8947937,13.379,3.254226,6.571333,297.5417,1972.596,2.591667,18.7,20.51667,23.075,888.9099999999999,0.9976714,33
2021-01-15 11:03:00,7.979657999999999,1905.555,239.3948,0.8397061999999998,13.37762,3.271172,6.880667,292.7667,2000.912,2.608333,19.40833,21.05,23.38333,919.3767,0.998039,33
2021-01-15 11:04:00,8.058092999999998,1926.058,239.5037,1.07932,13.37533,3.291504,6.894667,295.425,2040.303,2.816667,19.775,21.39166,23.99167,930.5751,0.997731,33
2021-01-15 11:05:00,8.26167,1970.721,239.3819,0.928257,13.37395,3.314095,7.062,295.4333,2079.667,2.733333,19.925,21.50833,24.10833,955.4666,0.9978357,33
2021-01-15 11:06:00,8.328089999999998,1990.149,239.4241,0.9591923,13.37394,3.327652,7.11,296.025,2105.852,2.708333,20.36667,21.85833,24.66667,965.2352,0.9978173,33
2021-01-15 11:07:00,8.421793,2009.079,239.364,1.138738,13.37394,3.351374,7.230667,294.0333,2119.592,2.833333,20.65,22.3,24.925,977.0285,0.9979103,33
2021-01-15 11:08:00,8.496517,2033.842,239.9844,1.365038,13.37394,3.367188,7.293999999999999,294.7667,2150.205,2.95,21.175,22.89166,25.65833,990.8177,0.9978091,33
2021-01-15 11:09:00,8.484769,2030.952,239.9093,1.44278,13.37393,3.388651,7.34,292.5417,2146.705,3.025,21.2,23.025,25.79167,990.4146,0.9978023,33
2021-01-15 11:10:00,8.496468999999998,2031.365,239.6162,1.213784,13.37393,3.406726,7.322,293.4083,2148.551,2.95,21.5,23.125,26.00833,991.5182,0.9978108,33
2021-01-15 11:11:00,8.49159,2030.381,239.6805,1.301439,13.37393,3.431578,7.337334,292.475,2145.566,2.991667,21.81667,23.31667,26.18333,991.3935,0.9978458,33
2021-01-15 11:12:00,8.489373,2029.295,239.5681,1.374346,13.37301,3.449652,7.357999999999999,291.5667,2145.427,3.066667,21.775,23.41667,26.50833,990.9617,0.997855,33
2021-01-15 11:13:00,8.49137,2029.041,239.52,1.265994,13.37026,3.474503,7.354,291.5916,2144.701,2.941667,21.75,23.39166,26.60833,990.9904,0.9978743,33
2021-01-15 11:14:00,8.480577999999998,2026.3,239.4243,1.285327,13.36889,3.490882,7.312666,292.8,2140.464,3.05,22.23333,23.66667,26.75833,990.5682,0.9978676,33
2021-01-15 11:15:00,8.498569,2031.74,239.5097,1.379754,13.36843,3.514606,7.360667,291.5167,2145.433,3.116667,21.89166,23.55833,26.80833,992.8328,0.9978926,33
2021-01-15 11:16:00,8.498926,2031.295,239.5453,1.382557,13.36843,3.539644,7.356667,291.8917,2147.265,3.033333,22.51666,23.9,27.125,993.6101000000002,0.9978101,33
2021-01-15 11:17:00,8.494593,2033.58,239.8499,1.504316,13.36843,3.562614,7.379333,291.2583,2149.055,3.15,22.775,24.15,27.18333,995.4813,0.9977702,33
2021-01-15 11:18:00,8.503921999999998,2031.132,239.4249,1.827954,13.36751,3.584454,7.360667,291.7,2147.245,3.516667,23.41667,24.8,27.94167,995.9131000000002,0.9978629,33
2021-01-15 11:19:00,8.48494,2027.01,239.4424,1.992589,13.36797,3.625873,7.394,289.6333,2141.623,3.741667,23.95,25.20833,28.13333,996.2297,0.9978361,33
2021-01-15 11:20:00,8.478478,2025.796,239.482,2.086734,13.36476,3.657314,7.386667,290.075,2142.415,3.858333,24.18333,25.45,28.56667,996.3833,0.9978053,33
2021-01-15 11:21:00,8.471457,2027.392,239.7661,2.129225,13.36292,3.684615,7.414666999999999,289.0083,2143.308,3.875,24.68333,25.89166,28.86667,998.4752,0.9977449,33
2021-01-15 11:22:00,8.458187,2026.126,240.1151,2.214746,13.36292,3.71323,7.408,289.05,2140.041,3.925,24.55,25.74167,29.0,998.6575,0.9977682,33
2021-01-15 11:23:00,8.481431,2028.563,239.7211,1.941588,13.36292,3.74147,7.45,287.8917,2144.999,3.8,25.03333,26.09167,29.34167,999.9818,0.9978054,33
2021-01-15 11:24:00,8.485939,2027.754,239.4951,2.105502,13.36292,3.772159,7.403334,289.7,2144.507,3.791667,24.41667,26.19167,29.34167,1000.193,0.9977763,33
2021-01-15 11:25:00,8.49479,2031.592,239.6512,2.048307,13.36063,3.806237,7.390666,290.725,2147.639,3.641667,24.075,26.15,29.23333,1001.815,0.9977525,33
2021-01-15 11:26:00,8.514032999999998,2036.405,239.7088,2.085634,13.35742,3.842007,7.441333,289.375,2152.724,3.616667,23.83333,25.85,29.175,1003.465,0.9977673,33
2021-01-15 11:27:00,8.529199,2040.196,239.6918,1.948172,13.35742,3.875709,7.487332999999999,288.1833,2157.476,3.575,23.78333,25.76666,29.325,1005.528,0.9977673,33
2021-01-15 11:28:00,8.550003999999998,2044.227,239.5811,1.959596,13.35705,3.911479,7.507333,287.8667,2160.538,3.6,23.89166,25.79167,28.94167,1007.476,0.9977931,33
2021-01-15 11:29:00,8.578898,2052.769,239.7084,1.876943,13.35511,3.943862,7.509333,289.1417,2170.015,3.508333,23.325,25.15833,28.70833,1010.297,0.9977157,33
2021-01-15 11:30:00,8.607476999999998,2058.418,239.6959,1.943532,13.35111,3.981518,7.504667,290.025,2175.938,3.691667,23.54167,25.60833,29.075,1013.214,0.9977121,33
2021-01-15 11:31:00,8.553679,2047.146,239.8372,2.106086,13.35102,4.017287,7.518,287.825,2165.999,3.95,23.93333,26.175,29.58333,1008.119,0.9976609,33
2021-01-15 11:32:00,8.201456,1961.709,239.703,2.058061,13.35082,4.054754,7.131333,290.4,2076.958,4.083333,24.425,26.41667,30.04167,963.2393,0.9975989,33
2021-01-15 11:33:00,8.142170999999998,1947.096,239.6644,2.341228,13.35067,4.093914,7.143333,288.2,2057.913,4.516666,24.89166,26.88333,30.26666,957.7217,0.9975566,33
2021-01-15 11:34:00,7.92994,1898.675,239.93,2.322907,13.35013,4.131569,6.967333,287.8917,2008.997,4.75,25.46667,27.325,30.475,932.0336,0.997515,33
2021-01-15 11:35:00,8.130351,1945.475,239.854,2.42469,13.34905,4.169223,7.08,290.6167,2052.068,4.925,25.18333,27.01666,30.4,958.9019,0.9975676,33
2021-01-15 11:36:00,8.364105,2003.833,240.1067,2.208403,13.34488,4.203112,7.351333999999999,287.8667,2119.246,4.8,25.18333,27.04167,30.36667,988.9849,0.9974661,33
2021-01-15 11:37:00,8.075089,1933.358,239.9531,2.086735,13.34476,4.246037,7.099333,287.4167,2044.405,4.658333,25.24167,26.99167,30.5,950.3616,0.9974849,33
2021-01-15 11:38:00,7.927818,1891.024,240.0455,2.258332,13.34471,4.287269,7.024666,285.225,1998.235,4.5,24.79167,26.70833,30.26666,932.3599,0.9975743,33
2021-01-15 11:39:00,8.274787,1985.135,240.3323,2.379356,13.34418,4.328311,7.245332999999999,289.4167,2093.877,4.375,24.01666,26.21667,29.725,976.136,0.9975166,33
2021-01-15 11:40:00,8.334234999999998,2001.149,240.7617,2.111446,13.34046,4.369542,7.293999999999999,290.05,2112.5,4.025,23.39166,25.63333,29.325,982.4693,0.9974976,33
2021-01-15 11:41:00,8.651915,2074.915,240.5029,1.871997,13.33951,4.410585,7.577333,289.7417,2190.69,3.816667,23.01666,25.13333,28.775,1019.912,0.9975802,33
2021-01-15 11:42:00,8.681117999999998,2082.228,240.248,1.934298,13.33897,4.451818,7.622,288.8167,2202.229,3.958333,23.09167,25.21667,28.78333,1023.108,0.9975238,33
2021-01-15 11:43:00,8.719526999999998,2089.567,240.1692,2.101648,13.33885,4.48947,7.664666999999999,288.5667,2209.221,4.141667,23.2,25.225,28.73333,1028.03,0.9976323,33
2021-01-15 11:44:00,8.72668,2090.992,240.1863,2.280727,13.33846,4.52882,7.698667,286.925,2209.228,4.358333,23.58333,25.65833,29.11667,1029.105,0.9975896,33
2021-01-15 11:45:00,8.710032,2087.529,240.2605,2.5312,13.33757,4.569863,7.665333,287.8416,2206.522,4.541667,24.05833,26.25,29.85833,1028.702,0.9975494,33
2021-01-15 11:46:00,8.69923,2085.273,240.2912,2.751384,13.3353,4.607329,7.733334,285.1167,2204.919,4.925,24.75,26.74167,29.80833,1030.161,0.9975238,33
2021-01-15 11:47:00,8.694644999999998,2083.656,240.1297,2.605429,13.3327,4.646677,7.636,288.4583,2204.737,4.958333,24.8,26.80833,30.18333,1029.556,0.9975342,33
2021-01-15 11:48:00,8.681678,2081.796,240.1373,2.651842,13.33259,4.687909,7.637333,288.2,2197.751,4.741666,24.49167,26.36667,30.125,1028.836,0.997641,33
2021-01-15 11:49:00,8.758509999999998,2099.631,240.1686,2.511176,13.33226,4.725374,7.714667,287.9,2220.094,4.508333,24.15833,26.39166,29.96667,1037.118,0.9977725,33
2021-01-15 11:50:00,8.763595,2101.53,240.3408,2.63694,13.32896,4.768301,7.749333,286.625,2221.201,4.75,24.98333,27.3,30.775,1040.534,0.99775,33
2021-01-15 11:51:00,8.777972,2104.99,240.3056,2.898199,13.32787,4.808779,7.74,287.525,2224.682,4.933333,25.125,27.24167,30.94167,1044.679,0.9977648,33
2021-01-15 11:52:00,8.822917,2115.554,240.2449,2.657696,13.32545,4.853399,7.839333,285.3917,2236.0,4.908333,25.85,27.75833,31.35833,1051.415,0.9977911,33
2021-01-15 11:53:00,8.847436,2121.62,240.2608,2.982922,13.32628,4.894629,7.839333,286.3083,2243.175,5.183333,26.44167,28.40833,31.875,1057.518,0.9978089,33
2021-01-15 11:54:00,8.925584,2143.373,240.412,3.107175,13.32614,4.937556,7.961334,284.7917,2265.109,5.141666,26.1,28.23333,32.08333,1070.233,0.9978656,33
2021-01-15 11:55:00,8.988547,2158.455,240.5218,3.355127,13.32564,4.978598,8.055333,283.5833,2283.056,5.425,27.45,29.525,33.01667,1082.122,0.9978831,33
2021-01-15 11:56:00,8.99592,2159.505,240.6619,3.622122,13.32322,5.025102,8.104,281.875,2283.489,5.7,27.725,29.775,33.44167,1085.692,0.9978707,33
2021-01-15 11:57:00,8.929783,2144.354,240.5258,3.79297,13.32044,5.070287,8.026667,282.2333,2272.697,5.85,27.78333,29.8,33.475,1078.389,0.9977605,33
2021-01-15 11:58:00,6.984683,1662.726,239.5141,3.983051,13.32036,5.117543,6.216,284.3417,1757.573,6.233333,27.38333,29.625,32.34167,826.1436,0.9971073,33
2021-01-15 11:59:00,8.821213,2115.565,240.2312,3.883562,13.32031,5.164234,7.934,282.275,2248.222,5.908333,26.675,28.85,31.96667,1061.155,0.9976134,33
2021-01-15 12:00:00,7.404499999999999,1770.086,239.9305,3.456467,13.31844,5.210549,6.532,285.6167,1912.837,5.341667,26.03333,28.15,31.6,874.6794,0.9969707,33
2021-01-15 12:01:00,6.22123,1479.721,239.2051,3.306926,13.31472,5.258934,5.512,284.925,1553.232,5.416667,25.19167,27.28333,30.475,728.9185999999999,0.9973633,33
2021-01-15 12:02:00,8.265167,1980.08,240.1456,3.329151,13.3147,5.308262,7.25,289.4917,2063.498,5.383333,24.9,26.83333,30.18333,979.6098,0.9967089,33
2021-01-15 12:03:00,8.790844,2111.683,240.5251,3.12885,13.31465,5.354764,7.777999999999999,286.875,2234.992,5.325,24.98333,27.16667,30.475,1048.23,0.9977542,33
2021-01-15 12:04:00,8.593699,2061.447,240.4243,3.309096,13.31463,5.39769,7.702,282.75,2177.351,5.525,25.56667,27.83333,31.14166,1023.856,0.9977757,33
2021-01-15 12:05:00,8.803466,2113.232,240.4868,3.365841,13.31278,5.444193,7.763334,287.7917,2234.636,5.466667,25.23333,27.6,31.225,1053.392,0.9977927,33
2021-01-15 12:06:00,8.790694,2109.887,240.5219,3.610026,13.30955,5.490131,7.821333,285.4,2231.959,5.508333,25.25833,27.78333,31.35,1051.176,0.9978521,33
2021-01-15 12:07:00,8.680315,2079.092,240.2729,3.359859,13.30908,5.53475,7.666,286.925,2200.09,5.191667,24.73333,27.61667,31.2,1034.738,0.9974508,33
2021-01-15 12:08:00,8.683331,2082.85,240.2986,3.18878,13.30905,5.575982,7.734,284.8583,2204.211,4.975,24.65,27.23333,30.975,1035.016,0.9978656,33
2021-01-15 12:09:00,8.633096999999998,2070.359,240.2647,3.226907,13.30721,5.619661,7.690667,284.7333,2187.691,4.933333,24.775,27.075,30.96667,1028.146,0.9978512,33
2021-01-15 12:10:00,8.218828999999998,1971.712,240.387,3.362574,13.30719,5.661081,7.261332999999999,285.6333,2113.301,4.983333,24.36667,26.775,30.55,971.626,0.9974049,33
2021-01-15 12:11:00,7.014105,1670.67,239.8732,3.535136,13.30169,5.702123,6.152667,288.4583,1787.188,5.2,24.33333,26.925,30.40833,820.3574,0.9974102,33
2021-01-15 12:12:00,7.329046,1755.472,239.8885,3.440729,13.30351,5.743167,6.292667,295.6917,1839.334,5.041667,22.875,25.84167,29.21667,856.9846,0.9977646,33
2021-01-15 12:13:00,8.338739,1993.836,240.2811,3.288963,13.3035,5.782139,7.312666,289.7833,2090.007,5.075,23.21667,25.90833,29.4,982.4885,0.9980428,33
2021-01-15 12:14:00,8.661853,2077.273,240.345,3.344531,13.30349,5.819603,7.628666,288.175,2197.736,5.2,23.85833,26.275,29.78333,1024.768,0.9977872,33
2021-01-15 12:15:00,8.651215,2074.121,240.3914,3.66801,13.30348,5.857261,7.623999999999999,287.8416,2194.947,5.35,24.28333,26.725,30.2,1025.497,0.9977395,33
2021-01-15 12:16:00,8.635866999999998,2070.862,240.4564,3.322845,13.30348,5.888701,7.607999999999999,287.85,2190.228,5.1,24.10833,26.525,30.10833,1023.683,0.9977424,33
2021-01-15 12:17:00,8.596947999999998,2062.086,240.5475,3.361494,13.30347,5.924282,7.574667,287.8,2180.5,5.075,24.34167,26.68333,30.38333,1019.365,0.9977472,33
2021-01-15 12:18:00,8.561460999999998,2052.795,240.4261,3.30891,13.30209,5.96194,7.542,287.7833,2170.852,5.016666,24.21667,26.525,30.21667,1014.97,0.9977123,33
2021-01-15 12:19:00,8.550732,2050.733,240.5575,3.308144,13.30072,5.995451,7.523333,288.1167,2167.16,5.058333,24.25833,26.65,30.15,1013.262,0.9977331,33
2021-01-15 12:20:00,8.559834,2054.604,240.5974,3.680461,13.29796,6.027455,7.584666999999999,286.6583,2173.332,5.366667,24.76666,26.925,30.48333,1016.947,0.9977701,33
2021-01-15 12:21:00,8.518110999999998,2043.943,240.5339,3.839752,13.29842,6.059647,7.514667,287.5833,2164.705,5.65,25.09167,27.375,30.79167,1011.919,0.9977168,33
2021-01-15 12:22:00,8.429458,2021.285,240.445,3.981138,13.29796,6.0926,7.435333,287.5167,2137.751,5.658333,24.875,27.275,30.9,1000.327,0.9978283,33
2021-01-15 12:23:00,8.380798999999998,2009.596,240.322,3.938563,13.29796,6.125168,7.399333,286.8833,2124.276,5.483333,24.58333,27.15833,30.45,992.6985,0.9977667,33
2021-01-15 12:24:00,8.282151,1989.097,240.4686,4.00694,13.2975,6.157549,7.311333,287.8167,2102.61,5.449999,24.0,26.70833,29.925,980.5693,0.9978087,33
2021-01-15 12:25:00,8.472213,2031.92,240.373,3.578216,13.29795,6.184096,7.395334,290.7,2148.107,5.216667,23.55833,26.38333,29.575,1001.815,0.997905,33
2021-01-15 12:26:00,8.404844,2015.734,240.3082,3.63335,13.29658,6.216105,7.354667,289.7166,2128.063,5.341667,24.15833,26.66667,29.93333,992.6218,0.9978713,33
2021-01-15 12:27:00,8.56445,2054.598,240.5959,3.479333,13.29474,6.247732,7.57,286.9167,2172.632,5.275,23.85833,26.575,29.825,1014.001,0.9977846,33
2021-01-15 12:28:00,8.558232999999998,2054.546,240.4773,3.629483,13.2952,6.272208,7.548,287.7917,2171.893,5.449999,24.35,26.85,30.13333,1015.729,0.997796,33
2021-01-15 12:29:00,8.527492,2046.484,240.5769,3.856228,13.29336,6.300828,7.525333,287.475,2163.437,5.541667,23.89166,26.725,30.08333,1010.758,0.9978116,33
2021-01-15 12:30:00,8.487928999999998,2034.048,240.4355,3.685464,13.29245,6.326431,7.502665999999999,286.6583,2152.364,5.516666,24.38333,27.15,30.44167,1004.703,0.997781,33
2021-01-15 12:31:00,8.446656,2027.533,240.5332,3.806718,13.29245,6.375002,7.463333999999999,287.1917,2142.455,5.616667,24.275,26.85,30.29167,1001.824,0.9977167,33
2021-01-15 12:32:00,8.477315,2035.339,240.6661,3.450319,13.29245,6.400801,7.476667,287.9167,2153.097,5.258334,24.04167,26.46667,30.1,1003.993,0.9977128,33
2021-01-15 12:33:00,8.405272,2017.288,240.5921,3.351236,13.29245,6.42358,7.398666999999999,288.5833,2136.417,5.241667,23.99167,26.4,30.01666,994.5217,0.9976748,33
2021-01-15 12:34:00,8.452603,2029.113,240.6603,3.435183,13.29245,6.449936,7.411333,289.775,2145.972,5.333333,24.34167,26.43333,29.99167,1001.815,0.9977946,33
2021-01-15 12:35:00,8.496614,2038.404,240.5189,3.645909,13.29245,6.469703,7.520667,286.55,2153.962,5.383333,24.275,26.49167,30.15,1006.929,0.9978158,33
2021-01-15 12:36:00,8.488734,2038.029,240.6055,3.701942,13.29244,6.494746,7.524667,286.525,2154.872,5.516666,24.75,26.83333,30.4,1007.409,0.9978146,33
2021-01-15 12:37:00,8.498558,2042.608,240.8612,3.925988,13.29198,6.514328,7.506,287.5916,2158.741,5.633333,24.96667,27.13333,30.85833,1010.691,0.9977772,33
2021-01-15 12:38:00,8.50922,2045.468,240.8984,3.946858,13.29198,6.535789,7.512667,287.7,2161.263,5.741667,24.85833,27.41667,30.90833,1013.301,0.9977233,33
2021-01-15 12:39:00,8.515430999999998,2046.967,240.9371,3.934241,13.28924,6.554615,7.556,286.6,2164.933,5.591667,24.475,27.29167,30.7,1013.781,0.9977279,33
2021-01-15 12:40:00,8.511749,2045.073,240.8547,4.067581,13.28786,6.578147,7.553333,286.1083,2161.323,5.7,24.975,27.35,30.85833,1013.387,0.9977279,33
2021-01-15 12:41:00,8.461164,2031.151,240.8418,3.935107,13.28695,6.597538,7.511332999999999,285.7417,2146.741,6.008333,25.55833,27.80833,31.35833,1007.169,0.9976945,33
2021-01-15 12:42:00,8.479654,2035.175,240.6463,4.155168,13.28695,6.618248,7.501333,286.8917,2152.57,6.308333,26.39166,28.375,31.61667,1011.89,0.9977582,33
2021-01-15 12:43:00,8.422959,2021.407,240.6471,4.320533,13.28695,6.635197,7.483334,285.2166,2136.395,6.508333,26.41667,28.45,31.88333,1005.144,0.997741,33
2021-01-15 12:44:00,8.423325999999998,2021.531,240.5766,4.191168,13.28557,6.661177,7.509333,284.625,2135.777,6.574999,26.96667,28.9,32.30833,1007.524,0.9978163,33
2021-01-15 12:45:00,8.406684999999998,2018.535,240.5935,4.487314,13.28649,6.680002,7.474667,285.7,2136.49,6.566666,27.05833,29.175,32.50833,1006.689,0.9977279,33
2021-01-15 12:46:00,8.215464,1970.49,240.4168,4.578111,13.28466,6.700522,7.270667,286.6,2082.79,6.441666,26.68333,28.85833,32.41667,980.4255,0.9977568,33
2021-01-15 12:47:00,8.412591,2019.16,240.4941,4.53355,13.28191,6.721043,7.516,283.9833,2134.107,6.325,26.51666,28.79167,32.3,1006.708,0.9977314,33
2021-01-15 12:48:00,8.407379,2017.072,240.4787,4.456445,13.28053,6.745523,7.492,284.6833,2132.839,6.3,26.40833,29.00833,32.25834,1005.519,0.9977872,33
2021-01-15 12:49:00,8.389112,2014.573,240.7384,4.371324,13.28145,6.771315,7.460001,285.7166,2130.794,6.275,26.175,29.00833,32.24166,1003.81,0.9977915,33
2021-01-15 12:50:00,8.396511,2017.632,240.6827,4.102141,13.28145,6.792212,7.457333,286.2917,2135.248,5.949999,25.2,28.00833,31.58333,1003.168,0.9978278,33
2021-01-15 12:51:00,8.398561,2017.29,240.7434,4.044842,13.28145,6.812921,7.474667,285.3333,2133.043,5.975,25.41667,28.325,31.56667,1002.861,0.9977331,33
2021-01-15 12:52:00,8.385871,2013.16,240.6311,4.232253,13.28145,6.836836,7.418667,286.425,2124.589,6.2,25.83333,28.65,32.03333,1001.258,0.9978277,33
2021-01-15 12:53:00,8.375634,2011.508,240.7134,4.328505,13.28145,6.857733,7.420667,285.6083,2119.23,6.266666,25.86667,28.91667,32.05833,1000.951,0.9978219,33
2021-01-15 12:54:00,8.375529999999998,2010.378,240.6189,4.517818,13.28099,6.882206,7.458666,285.5167,2129.602,6.291667,25.775,28.75,31.88333,999.9913,0.9977737,33
2021-01-15 12:55:00,8.364122,2007.31,240.6094,4.708475,13.2787,6.902349,7.433334,284.6833,2116.187,6.541667,26.16667,28.98333,32.30833,999.2524,0.9977927,33
2021-01-15 12:56:00,8.345809,2003.378,240.6234,4.750421,13.27668,6.927015,7.392666,287.625,2126.662,6.625,25.60833,28.825,32.31667,998.3504,0.9978577,33
2021-01-15 12:57:00,8.342843,2002.374,240.5569,4.495829,13.2755,6.945845,7.396,285.2083,2108.894,6.358333,25.36667,28.69167,32.15,997.055,0.9978998,33
2021-01-15 12:58:00,8.332021,2001.52,240.8041,4.489131,13.27526,6.97126,7.399333,286.45,2120.055,6.291667,25.3,28.38333,31.68333,995.1262,0.9977847,33
2021-01-15 12:59:00,8.306708999999998,1999.885,241.3662,4.572095,13.27514,6.992533,7.369333,286.0917,2107.853,6.358333,25.36667,28.38333,32.03333,994.1282,0.997704,33
2021-01-15 13:00:00,8.303262999999998,1995.909,240.9785,4.696437,13.2744,7.015123,7.346,286.4,2104.704,6.566666,25.75,28.7,32.33333,992.8328,0.9978576,33
2021-01-15 13:01:00,8.281862999999998,1989.402,240.8752,5.010026,13.27388,7.040166,7.364665999999999,285.9667,2106.411,6.983333,26.29167,28.98333,32.58333,991.0959,0.9977883,33
2021-01-15 13:02:00,8.271910999999998,1989.026,240.976,4.772159,13.2728,7.065584,7.388667,284.075,2098.419,6.699999,25.59167,28.19167,32.075,990.4338,0.9977605,33
2021-01-15 13:03:00,8.288847,1991.305,240.7791,4.38915,13.27041,7.086292,7.370667,285.9833,2107.935,6.208333,24.9,27.70833,31.38333,989.3784,0.9977463,33
2021-01-15 13:04:00,8.292804999999998,1992.323,240.8112,4.429505,13.26895,7.110766,7.319333999999999,287.8333,2106.424,6.316666,24.90833,27.90833,31.31667,988.3611,0.9977556,33
2021-01-15 13:05:00,8.289640999999998,1990.221,240.6229,4.234051,13.26884,7.13298,7.285334,288.9083,2104.702,6.275,24.81667,27.65,31.35833,987.9774000000002,0.997786,33
2021-01-15 13:06:00,8.285702,1988.374,240.5465,4.522006,13.2688,7.159344,7.304667,287.875,2102.929,6.466667,24.89166,27.99167,31.38333,987.0273,0.9977391,33
2021-01-15 13:07:00,8.273013,1986.631,240.7075,4.622103,13.26868,7.176287,7.297333,287.9,2101.284,6.608333,24.88333,28.04167,31.325,986.1349,0.9978073,33
2021-01-15 13:08:00,8.267455,1984.545,240.6001,4.679961,13.26865,7.200384,7.292667,287.9583,2099.883,6.583333,24.75833,27.99167,31.375,984.8491,0.997853,33
2021-01-15 13:09:00,8.248385,1981.663,240.8433,4.844647,13.26859,7.221091999999999,7.310666999999999,286.575,2095.05,6.8,24.94167,28.14166,31.39166,983.7839,0.9977551,33
2021-01-15 13:10:00,8.232542999999998,1978.22,240.885,4.914821,13.26809,7.241800999999999,7.266666,287.75,2091.171,6.858333,24.575,27.99167,31.39166,981.9512,0.9977644,33
2021-01-15 13:11:00,8.235155,1980.486,241.0181,4.5819,13.26806,7.260255,7.272667,287.8833,2092.975,6.508333,24.48333,27.95833,31.01666,981.3658,0.9977474,33
2021-01-15 13:12:00,8.228301,1978.936,241.0858,4.621993,13.26755,7.286613,7.256667,288.4833,2093.419,6.358333,24.21667,27.9,30.675,979.8881,0.997716,33
2021-01-15 13:13:00,8.232917999999998,1978.387,240.922,4.731755,13.2657,7.303934,7.268,287.9,2092.474,6.466667,24.4,27.95833,30.79167,978.9956,0.9977407,33
2021-01-15 13:14:00,8.217815,1974.532,240.9087,4.868929,13.26337,7.325770999999999,7.24,288.45,2088.529,6.616667,24.50833,27.78333,31.05833,977.8442,0.9977369,33
2021-01-15 13:15:00,8.186662999999998,1970.199,241.2832,4.721115,13.2629,7.338949,7.236,287.8333,2083.075,6.591667,24.64166,27.40833,30.81667,975.282,0.9976311,33
2021-01-15 13:16:00,8.169499,1967.389,241.4803,4.535946,13.26287,7.363425,7.244,286.925,2078.896,6.558333,24.69167,27.45833,30.825,973.6508,0.9975974,33
2021-01-15 13:17:00,8.149266,1962.018,241.3635,4.614817,13.26285,7.37849,7.209333,287.8,2074.956,6.758333,25.16667,27.89166,31.21667,972.2209,0.9976497,33
2021-01-15 13:18:00,8.135277999999998,1958.104,241.4152,4.734053,13.26147,7.398823,7.168667,288.7417,2070.169,6.75,25.25,27.68333,31.10833,971.0887,0.9976451,33
2021-01-15 13:19:00,8.115095999999998,1955.119,241.4246,4.723829,13.26236,7.421413,7.143333,289.4083,2066.998,6.891666,25.225,27.71667,31.25,969.2654,0.997674,33
2021-01-15 13:20:00,8.110779,1954.547,241.4519,4.878074,13.26098,7.434591,7.132,289.75,2066.63,6.875,24.95833,27.5,30.975,968.7281,0.9976408,33
2021-01-15 13:21:00,8.102144,1951.418,241.5006,5.097629,13.25867,7.455864,7.199333,286.5583,2062.701,6.833333,25.025,27.48333,30.875,966.3292,0.9976187,33
2021-01-15 13:22:00,8.088411,1947.853,241.4936,5.196211,13.25729,7.469985999999999,7.156666,287.825,2060.204,6.958333,24.725,27.55833,30.78333,964.3428,0.997622,33
2021-01-15 13:23:00,8.080835,1945.818,241.4276,4.932307,13.25729,7.4907,7.146667,287.85,2057.126,6.825,24.7,27.375,30.68333,962.155,0.9976559,33
2021-01-15 13:24:00,8.063745,1941.503,241.4726,4.946932,13.25636,7.509525,7.109334,288.8917,2054.606,6.949999,25.175,27.49167,30.75,960.5812,0.9975314,33
2021-01-15 13:25:00,8.053898999999998,1939.499,241.4622,4.906452,13.25636,7.528351,7.152667,286.5417,2049.569,6.866667,24.99167,27.275,30.61667,959.0075,0.9975855,33
2021-01-15 13:26:00,8.030955,1934.239,241.5111,4.89496,13.25726,7.543976,7.124667,286.9,2044.324,6.949999,25.35,27.59167,30.89166,956.8484,0.9975712,33
2021-01-15 13:27:00,8.011155,1929.467,241.5146,5.010973,13.25726,7.561864,7.105333,287.2166,2040.68,7.05,25.21667,27.61667,31.025,954.9485,0.9976099,33
2021-01-15 13:28:00,8.002586,1926.398,241.4373,5.020847,13.25725,7.578812,7.073333,287.7166,2035.576,7.1,25.44167,27.58333,31.24167,952.7894,0.9975745,33
2021-01-15 13:29:00,7.979561999999999,1920.813,241.3909,5.360896,13.25725,7.597637,7.058667,287.8583,2031.603,7.291667,25.70833,27.88333,31.39166,951.0237,0.9975767,33
2021-01-15 13:30:00,7.960556,1917.24,241.5879,5.416685,13.25725,7.611192,7.088667,285.9917,2027.625,7.266666,25.275,27.725,31.23333,949.095,0.9974037,33
2021-01-15 13:31:00,7.961273,1917.259,241.4735,5.287764,13.25633,7.63303,7.051333,287.5667,2028.058,7.116666,25.0,27.5,31.05,947.6172,0.9974915,33
2021-01-15 13:32:00,7.931231999999999,1911.363,241.6979,5.366072,13.25679,7.646207999999999,7.036667,287.2667,2021.242,7.291667,25.24167,28.04167,31.225,944.6138,0.9974585,33
2021-01-15 13:33:00,7.919234,1907.88,241.6156,5.169737,13.25586,7.665034,7.007333,287.875,2017.052,7.175,25.83333,28.5,31.41667,943.1648,0.9974022,33
2021-01-15 13:34:00,7.901192,1903.534,241.6479,5.327144,13.25357,7.685749,7.021333,286.5916,2013.017,7.25,25.63333,28.60833,31.425,941.3608,0.9974033,33
2021-01-15 13:35:00,7.892325999999999,1901.092,241.5711,5.092766,13.25174,7.695915,6.982,287.8917,2009.902,7.233333,25.1,28.31667,31.475,939.6528,0.9974694,33
2021-01-15 13:36:00,7.883126,1897.9,241.4363,5.270048,13.25174,7.713612,6.968,287.875,2006.423,7.25,25.15833,28.15833,31.48333,937.9927,0.9975072,33
2021-01-15 13:37:00,7.848886,1890.213,241.439,5.237986,13.25174,7.728672,6.942,287.8667,1998.16,7.266666,25.5,28.25,31.38333,934.5765,0.9974663,33
2021-01-15 13:38:00,7.840776,1887.246,241.3162,5.375097,13.25173,7.751263,6.936,287.875,1996.962,7.333332999999999,25.73333,28.61667,31.65,932.9356,0.9975091,33
2021-01-15 13:39:00,7.820872999999998,1882.489,241.4107,5.559137,13.25173,7.770088,6.912667,287.9083,1991.184,7.55,25.49167,28.69167,31.79167,930.6998,0.9975621,33
2021-01-15 13:40:00,7.797701,1875.886,241.2741,5.720236,13.2499,7.778938,6.858,288.975,1982.282,7.7,25.71667,28.70833,31.85,928.3968,0.9976497,33
2021-01-15 13:41:00,7.770428,1869.437,241.2384,5.83625,13.25127,7.799841,6.866667,287.8,1976.215,7.925,25.99167,28.74167,32.06667,925.211,0.9976153,33
2021-01-15 13:42:00,7.758736,1867.452,241.2684,5.794679,13.25127,7.816784,6.861333,287.9,1975.034,7.875,25.63333,28.31667,31.825,924.2514,0.9976273,33
2021-01-15 13:43:00,7.760582,1867.492,241.2645,5.380486,13.24944,7.835609,6.788,291.0083,1975.604,7.383333,24.71667,27.275,31.15833,922.7545,0.9976496,33
2021-01-15 13:44:00,7.754750999999999,1865.887,241.2454,5.408196,13.24669,7.8582,6.831333,288.8416,1973.457,7.491666,25.23333,27.59167,31.30833,921.0368,0.9976135,33
2021-01-15 13:45:00,7.727544,1859.092,241.3174,5.567214,13.24623,7.867047999999999,6.844667,287.175,1966.055,7.608333,25.35833,28.0,31.4,917.5439,0.9976216,33
2021-01-15 13:46:00,7.707938,1854.532,241.2353,5.688964,13.24623,7.887946999999999,6.789333,288.775,1960.17,7.658333,24.91667,27.7,31.25,914.8667,0.9976478,33
2021-01-15 13:47:00,7.697428999999999,1851.156,241.1774,5.793164,13.24623,7.904896,6.796667,287.875,1957.223,7.691665999999999,25.025,27.75833,31.1,912.5349,0.9976527,33
2021-01-15 13:48:00,7.68321,1847.389,241.094,5.678213,13.24623,7.925604,6.765333,288.775,1953.64,7.641666,24.81667,27.39166,30.94167,910.7789,0.9976225,33
2021-01-15 13:49:00,7.671087,1843.782,241.0282,5.605406,13.24623,7.946312,6.748,288.8167,1949.446,7.683333,25.11667,27.81667,31.10833,908.5718,0.9976475,33
2021-01-15 13:50:00,7.654442,1840.548,241.0292,5.766056,13.24623,7.956854,6.716,289.625,1944.733,7.708332999999999,24.61667,27.74167,30.88333,906.9213,0.9976621,33
2021-01-15 13:51:00,7.650895,1838.611,240.9054,5.578342,13.24623,7.979825,6.706667,289.675,1942.841,7.741666999999999,24.25,27.58333,30.81667,905.3764,0.9976507,33
2021-01-15 13:52:00,7.642971,1835.43,240.7463,5.476994,13.24623,7.99489,6.672,290.7,1939.901,7.733334,24.325,27.75833,30.73333,903.2173,0.9976475,33
2021-01-15 13:53:00,7.622482,1829.124,240.632,5.597862,13.24612,8.015598,6.69,289.0917,1934.021,7.816665999999999,24.65833,28.05833,30.95,899.9068,0.9976671,33
2021-01-15 13:54:00,7.599718,1823.334,240.5913,5.621537,13.24578,8.036305999999998,6.627333,291.0417,1928.907,7.875,24.81667,28.03333,30.85,897.4118999999998,0.9976335,33
2021-01-15 13:55:00,7.576952,1818.064,240.6224,5.69598,13.24423,8.044967,6.654667,288.8667,1923.021,7.891666,24.64166,28.025,30.94167,894.4276,0.9976453,33
2021-01-15 13:56:00,7.553496,1814.26,240.7571,5.71952,13.24085,8.069817,6.634666,289.1083,1917.907,7.891666,24.46667,27.61667,30.51666,891.9998,0.9976802,33
2021-01-15 13:57:00,7.540992,1811.11,240.804,5.796605,13.2388,8.081112,6.602667,289.9833,1914.767,8.016666,24.45,27.60833,30.6,890.2822,0.9976243,33
2021-01-15 13:58:00,7.527949999999999,1807.315,240.6768,5.692642,13.23964,8.099944,6.596,289.675,1911.256,7.825,24.21667,27.31667,30.23333,887.4417999999998,0.9976621,33
2021-01-15 13:59:00,7.516124999999999,1804.304,240.7087,5.679418,13.23941,8.118771,6.578,289.975,1907.374,7.741666999999999,23.775,26.9,29.89166,884.9085,0.9976625,33
2021-01-15 14:00:00,7.490164,1798.769,240.6283,5.791841,13.23935,8.129689,6.584667,288.6667,1900.838,7.908333,24.15833,27.375,29.98333,881.5692,0.9977221,33
2021-01-15 14:01:00,7.479523,1795.998,240.6893,5.87101,13.23923,8.146632999999998,6.528,290.9666,1899.787,7.883333,24.03333,27.26666,29.925,879.8899,0.9977201,33
2021-01-15 14:02:00,7.452858,1790.84,240.846,5.900386,13.23869,8.167341,6.495333,291.5417,1893.607,7.983333,23.81667,27.15833,29.85,877.5964,0.9978518,33
2021-01-15 14:03:00,7.438385,1785.145,240.7259,5.874851,13.23909,8.176757,6.488667,291.025,1888.72,8.091666,23.98333,27.025,29.96667,874.8615999999998,0.997849,33
2021-01-15 14:04:00,7.408212,1779.075,240.8328,5.837601,13.23899,8.193704999999998,6.484,289.9167,1880.654,8.133333,23.96667,27.2,29.95,871.34,0.9977687,33
2021-01-15 14:05:00,7.383486,1772.883,240.7914,5.89579,13.2385,8.21253,6.448667,290.625,1874.364,8.316667,24.74167,27.78333,30.34167,868.6916,0.9978897,33
2021-01-15 14:06:00,7.362482,1768.354,240.7966,6.043314,13.23429,8.222884,6.446,289.975,1869.359,8.433332999999998,24.35,27.60833,30.3,866.8683,0.9979364,33
2021-01-15 14:07:00,7.341265,1764.301,240.8789,5.886148,13.23396,8.244158,6.391333,291.8167,1864.945,8.199999999999998,23.65,27.14166,29.76666,863.8647999999998,0.9979784,33
2021-01-15 14:08:00,7.331655999999999,1762.246,240.8885,5.790826,13.23375,8.257336,6.412666,290.6583,1863.769,8.008333,23.575,26.6,29.43333,860.9860999999999,0.9979035,33
2021-01-15 14:09:00,7.316602999999998,1758.494,240.9722,5.915667,13.23365,8.279925999999998,6.425333,289.4,1860.059,8.074999999999998,23.26666,26.55,29.175,858.0786,0.997925,33
2021-01-15 14:10:00,7.295339,1754.342,241.114,5.948697,13.2336,8.289341999999998,6.376667,290.7,1853.376,8.216666,23.1,26.38333,28.96667,855.4204999999998,0.9978297,33
2021-01-15 14:11:00,7.27458,1748.655,241.0371,5.953377,13.22937,8.302525,6.314,292.75,1849.035,8.233333,23.48333,26.63333,29.15,852.6377,0.997857,33
2021-01-15 14:12:00,7.240704,1741.109,241.1338,5.987786,13.23347,8.317584999999998,6.329333,290.9417,1841.668,8.366666999999998,23.74167,26.70833,29.40833,849.3751999999998,0.9978686,33
2021-01-15 14:13:00,7.222054,1735.574,240.9649,6.219292,13.23339,8.336976,6.319334,290.3667,1835.583,8.599999,23.775,26.89166,29.58333,846.9378,0.9978314,33
2021-01-15 14:14:00,7.205039,1731.526,240.9778,6.138577,13.23244,8.345447999999998,6.277334,291.6,1830.779,8.491666999999998,23.575,26.58333,29.35833,844.7403,0.997797,33
2021-01-15 14:15:00,7.17894,1725.495,241.0574,6.232901,13.23331,8.366156,6.255333,291.575,1824.456,8.566667,23.725,26.84167,29.58333,841.4489999999998,0.9978201,33
2021-01-15 14:16:00,7.155668,1720.005,241.0374,6.174759,13.23327,8.379333,6.235333,291.5167,1817.923,8.625,23.59167,26.89166,29.53333,838.647,0.9978434,33
2021-01-15 14:17:00,7.134926,1715.654,241.0961,6.075449,13.23142,8.390629,6.220667,291.5833,1813.994,8.541667,23.74167,27.0,29.38333,836.2097,0.9978849,33
2021-01-15 14:18:00,7.113283,1709.399,241.0024,6.067029,13.23045,8.405694,6.18,292.5167,1808.374,8.458332999999998,23.725,27.075,29.38333,833.0239,0.9978902,33
2021-01-15 14:19:00,7.07648,1699.514,240.9321,6.170925,13.22861,8.418875,6.138,292.8167,1798.041,8.541667,24.26666,27.56667,29.66667,829.032,0.9978428,33
2021-01-15 14:20:00,7.016881,1686.863,241.0253,6.429874,13.22766,8.435817999999998,6.034667,295.275,1783.161,8.808332999999998,24.70833,27.7,29.975,824.6755,0.9978681,33
2021-01-15 14:21:00,6.943789,1669.161,240.9002,6.361974,13.22811,8.452762,5.931334,297.4833,1765.574,8.958332999999998,24.96667,27.98333,30.28333,821.0290999999999,0.9978206,33
2021-01-15 14:22:00,6.8773,1655.977,241.1348,6.257334,13.22763,8.46368,5.853333,299.05,1751.521,8.783334,24.60833,27.55,30.09167,818.1694999999999,0.9977964,33
2021-01-15 14:23:00,6.864595,1650.26,240.9404,6.370225,13.22716,8.478740999999998,5.834667,299.125,1744.861,8.883333,24.50833,27.68333,30.225,815.5114999999998,0.997782,33
2021-01-15 14:24:00,6.918262,1661.727,240.641,6.302361,13.22761,8.49004,5.967333,294.7083,1757.885,8.816667,23.96667,27.40833,29.89166,815.0125,0.9976842,33
2021-01-15 14:25:00,6.788268,1629.478,240.3725,6.26682,13.22803,8.505103999999998,5.694666,302.475,1726.481,8.824999999999998,23.93333,26.99167,29.58333,812.1817,0.9975864,33
2021-01-15 14:26:00,6.599533,1583.233,240.4099,6.434141,13.228,8.52393,5.441333,307.6167,1676.508,8.875,24.25,27.26666,29.91667,808.5833,0.9975479,33
2021-01-15 14:27:00,6.48508,1554.861,240.526,6.500881,13.22793,8.537107,5.301333,310.3417,1647.877,8.866666999999998,23.525,26.73333,29.53333,805.1191,0.9976304,33
2021-01-15 14:28:00,6.396244,1532.863,240.4198,6.25643,13.22814,8.551603,5.164,314.0,1621.822,8.616666999999998,23.55833,26.475,29.3,801.6262,0.9976153,33
2021-01-15 14:29:00,6.506958,1560.687,240.2341,6.164683,13.22783,8.566853,5.332,310.025,1647.686,8.574999999999998,23.125,26.025,28.825,798.1812999999999,0.9977483,33
2021-01-15 14:30:00,6.637457,1589.07,240.1458,6.233134,13.22633,8.578148,5.504667,305.4,1684.64,8.641666,22.83333,25.85,28.53333,794.89,0.9976229,33
2021-01-15 14:31:00,6.257995,1498.409,239.9954,6.241588,13.22721,8.595093,5.034667,314.0583,1588.777,8.699999999999998,22.84167,25.525,28.19167,791.6658,0.9974726,33
2021-01-15 14:32:00,6.221121,1485.599,240.0552,6.19652,13.22526,8.612040999999998,5.14,306.9083,1565.827,8.55,22.31667,25.33333,27.98333,788.7677999999999,0.9976587,33
2021-01-15 14:33:00,6.546842,1568.633,240.2484,6.172642,13.22431,8.625218999999998,5.816,284.9666,1657.12,8.516666,22.175,25.11667,27.725,785.3229,0.9977173,33
2021-01-15 14:34:00,6.52536,1562.408,240.1369,6.05146,13.22379,8.634632,5.804667,284.3083,1651.066,8.466666,22.55,25.41667,27.65833,781.9548,0.9977233,33
2021-01-15 14:35:00,6.498389,1558.18,240.3515,5.864006,13.22373,8.653458,5.735333,287.1833,1645.704,8.25,22.59167,25.54167,27.63333,778.1548,0.9977321,33
2021-01-15 14:36:00,6.680219,1601.876,240.4025,5.769936,13.22233,8.657223,5.763334,294.0833,1691.887,8.108333,22.45,25.43333,27.30833,775.0842,0.997779,33
2021-01-15 14:37:00,6.568079,1574.425,240.1142,6.138626,13.22227,8.667389,5.529333,300.4083,1667.709,8.441667,22.30833,25.4,27.475,772.8292,0.9976106,33
2021-01-15 14:38:00,5.904798,1416.262,239.8018,6.196678,13.22226,8.677555,4.678,318.7667,1507.065,8.525,22.05833,25.29167,27.50833,769.2979,0.9973314,33
2021-01-15 14:39:00,5.8183,1385.507,239.7655,6.150677,13.22222,8.690737999999998,4.733333,311.9917,1454.171,8.533334,22.43333,25.49167,27.55,765.5458999999998,0.9976259,33
2021-01-15 14:40:00,6.366785,1523.156,239.8413,6.095891,13.2222,8.700153,5.623333,286.3833,1611.824,8.466666,22.0,25.24167,27.275,761.8803,0.9979694,33
2021-01-15 14:41:00,6.365555,1522.165,239.8054,6.129444,13.22218,8.700153,5.627333,286.625,1610.828,8.458332999999998,21.56667,24.88333,27.05833,759.2703,0.9978786,33
2021-01-15 14:42:00,6.331181,1515.676,240.0891,6.172204,13.22245,8.711449,5.588666,286.1833,1602.782,8.483333,21.45,24.61667,26.83333,755.2016999999998,0.9978108,33
2021-01-15 14:43:00,6.308854,1509.099,239.8679,6.226379,13.22259,8.722744,5.55,287.1,1591.959,8.566667,21.725,24.675,26.90833,752.0925999999998,0.9978834,33
2021-01-15 14:44:00,6.281929,1502.892,239.8971,6.189977,13.22292,8.722744,5.569334,285.0083,1587.779,8.733333,21.875,24.91667,26.85833,748.7725,0.9978018,33
2021-01-15 14:45:00,6.270772,1499.596,239.7906,6.168709,13.22287,8.737804,5.558667,284.925,1584.241,8.658334,21.65,24.66667,26.94167,747.3809999999999,0.9978251,33
2021-01-15 14:46:00,6.207989,1482.315,239.7777,6.208393,13.22274,8.745335,5.476,285.8833,1567.347,8.625,21.49167,24.5,26.73333,738.572,0.9977357,33
2021-01-15 14:47:00,6.068257,1451.991,239.823,6.3654,13.22289,8.745335,5.244667,292.8083,1540.128,8.733333,21.525,24.30833,26.55,737.1038,0.9977171,33
2021-01-15 14:48:00,5.957543,1420.839,239.5992,6.241936,13.22304,8.745335,4.984667,302.175,1501.195,8.55,21.33333,23.825,26.33333,735.6164999999999,0.9977202,33
2021-01-15 14:49:00,5.979156,1432.9,239.7591,6.079834,13.22197,8.756629999999998,5.124667,294.975,1518.923,8.408334,21.175,23.65833,25.95833,726.0399,0.9974415,33
2021-01-15 14:50:00,5.776659,1385.513,239.7445,6.161145,13.22284,8.767925,4.868,300.9667,1470.656,8.683332999999998,21.76666,24.10833,26.16667,722.8445,0.9974759,33
2021-01-15 14:51:00,5.41856,1297.001,239.5644,6.251081,13.22267,8.767925,4.476,306.4,1373.364,8.891666,22.10833,24.23333,26.18333,705.025,0.9974255,33
2021-01-15 14:52:00,5.229372,1252.118,239.6956,6.175886,13.22263,8.769809,4.250667,310.8333,1327.993,8.949999999999998,22.38333,24.35,26.40833,712.7305,0.9970834,33
2021-01-15 14:53:00,4.882211,1166.287,239.3871,6.091305,13.22254,8.78864,3.925333,315.075,1244.558,9.0,22.51666,24.25833,26.33333,702.722,0.9950566,33
2021-01-15 14:54:00,3.116193,744.1834,238.6003,6.115327,13.22248,8.790523999999998,2.472667,316.775,835.5916999999998,9.066667,22.125,24.05833,26.03333,468.862,0.9862316,33
2021-01-15 14:55:00,1.920711,440.3414,237.8196,6.310894,13.22243,8.790523999999998,1.513333,320.2417,476.659,9.191667,20.83333,22.75833,24.875,312.0373,0.9669294,33
2021-01-15 14:56:00,3.103942,728.8963,238.4945,6.203077,13.22236,8.798994999999998,2.402,328.0417,768.3008,8.991666999999998,20.39167,22.125,24.2,561.836,0.9915268,33
2021-01-15 14:57:00,3.298736,783.7635,239.0304,6.154049,13.22234,8.809160999999998,2.561333,325.7917,845.8207999999998,8.824999999999998,20.3,22.1,24.23333,653.6585,0.9922073,33
2021-01-15 14:58:00,2.701311,639.2045,238.7429,6.257105,13.22228,8.810855999999998,2.121333,322.7667,709.0889,9.033334,20.50833,22.33333,24.35833,585.9119,0.9796254,33
2021-01-15 14:59:00,2.095561,486.904,238.4103,6.197866,13.22241,8.810855999999998,1.652,320.2917,532.0049,9.066667,20.35,22.01666,24.1,479.475,0.9734848,33
2021-01-15 15:00:00,2.293131,530.3109,238.402,6.288369,13.22267,8.833446999999998,1.788,325.5667,562.7169,9.283334,20.36667,21.99167,23.89166,585.8064,0.9776561,33
2021-01-15 15:01:00,2.452778,575.9932,238.7258,6.452484,13.22213,8.833446999999998,1.872,331.125,625.6475,9.508333,21.19167,22.96667,24.91667,711.2239,0.9833683,33
2021-01-15 15:02:00,2.233843,521.1874,238.8132,6.418236,13.22208,8.833446999999998,1.665333,339.7833,568.9828,9.375,21.5,23.15833,25.45,718.4688,0.9793125,33
2021-01-15 15:03:00,1.974293,459.5271,238.7334,6.342006,13.22061,8.854155,1.456667,342.9167,505.2791,9.175,22.225,23.69167,25.95833,717.8835,0.9720507,33
2021-01-15 15:04:00,1.665593,380.2449,238.4486,6.401443,13.2183,8.85792,1.22,341.3916,426.4887,9.325,22.825,24.09167,26.15,598.0411,0.9563283,33
2021-01-15 15:05:00,1.277604,263.5318,237.5829,6.435091,13.21731,8.878628,0.888,331.025,302.1899,9.216666,21.43333,22.85,24.89166,248.4745,0.8775619,33
2021-01-15 15:06:00,1.194513,232.669,237.0859,6.325212,13.21701,8.878628,0.7986667,328.5583,261.5102,9.175,19.91667,21.58333,23.36667,180.085,0.8221579,33
2021-01-15 15:07:00,1.169502,227.7233,237.1958,6.38602,13.21723,8.893693,0.8033333,321.7583,259.5652,9.275,18.51667,20.16667,22.00833,149.3208,0.8157225,33
2021-01-15 15:08:00,1.189907,233.5724,237.5707,6.384316,13.21714,8.901225999999998,0.8293333,318.2667,262.2289,9.525001,17.33333,19.00833,20.81667,141.433,0.8221967,33
2021-01-15 15:09:00,1.212386,239.1138,237.5345,6.241594,13.21617,8.901225999999998,0.8359999999999999,323.3,270.7959,9.441667,16.325,18.025,19.68333,149.6086,0.828859,33
2021-01-15 15:10:00,1.228339,243.8688,237.147,6.075747,13.21698,8.903109,0.8306666,331.0,273.5579,9.183333,15.34167,17.01667,18.625,177.3694,0.8349052,33
2021-01-15 15:11:00,1.238106,246.7165,237.3044,6.040449,13.21741,8.916285999999998,0.8093333,341.5833,276.265,9.033334,14.68333,16.375,17.95,226.8071,0.8366339999999999,33
2021-01-15 15:12:00,1.252698,250.2173,237.3737,6.040171,13.21688,8.923816999999998,0.8213333,345.4167,283.1693,9.066667,14.28333,15.95833,17.43333,276.3408,0.839646,33
2021-01-15 15:13:00,1.247176,246.5578,237.4907,5.938781,13.21731,8.923816999999998,0.8026667,353.9167,283.9889,8.916667,14.44167,15.88333,17.39167,353.7312,0.8265666999999999,33
2021-01-15 15:14:00,1.261174,252.9673,237.557,5.961952,13.21773,8.910639,0.814,351.425,286.2638,8.949999999999998,14.59167,16.1,17.425,340.8824,0.8442429999999999,33
2021-01-15 15:15:00,1.236831,248.124,237.4824,5.933212,13.21906,8.901225999999998,0.7973333,353.9083,282.1096,8.916667,14.80833,16.28333,17.49167,356.0246,0.8464475,33
2021-01-15 15:16:00,1.234115,244.8218,237.4628,5.869653,13.21996,8.901225999999998,0.782,354.8667,280.4645,8.758333,14.93333,16.30833,17.50833,371.4163,0.8341429,33
2021-01-15 15:17:00,1.223704,238.9582,237.5011,5.860376,13.22037,8.901225999999998,0.7813333999999998,354.325,274.673,8.716666,14.95833,16.35,17.59167,367.7219,0.8201298,33
2021-01-15 15:18:00,1.201705,234.558,237.4737,5.914439,13.22081,8.89746,0.7593332999999999,350.4917,266.8169,8.783334,15.09167,16.4,17.53333,327.8896,0.8221589999999999,33
2021-01-15 15:19:00,1.169091,226.824,237.7967,5.88765,13.22171,8.878628,0.7366667,351.3583,259.0057,8.699999999999998,15.05,16.39167,17.39167,315.1272,0.8123059,33
2021-01-15 15:20:00,1.162665,224.0433,237.4245,5.841938,13.22215,8.878628,0.7219999,353.0166,255.2513,8.566667,15.125,16.39167,17.225,335.8829,0.8094035,33
2021-01-15 15:21:00,1.151484,219.491,237.5145,5.774124,13.22213,8.87298,0.7293332999999999,347.6167,254.1956,8.449999999999998,15.05833,16.28333,17.075,272.2818,0.8027009,33
2021-01-15 15:22:00,1.112069,210.1598,237.3295,5.747799,13.22165,8.856037,0.7026666999999999,342.15,241.5278,8.466666,14.45,15.70833,16.50833,203.0382,0.7909249999999999,33
2021-01-15 15:23:00,1.127383,214.1074,237.1674,5.697611,13.22211,8.846624,0.7099999999999999,343.7417,246.0894,8.425,13.825,15.15,15.93333,222.4986,0.7955263,33
2021-01-15 15:24:00,1.119856,212.1213,237.0593,5.657924,13.22209,8.833446999999998,0.7086666,342.5667,239.8654,8.449999999999998,13.46667,14.75,15.50833,199.5741,0.7929155,33
2021-01-15 15:25:00,1.138123,217.2737,237.081,5.652029,13.22223,8.824034,0.7233334,344.4583,248.4283,8.491666999999998,13.075,14.28333,15.075,226.8359,0.8003502,33
2021-01-15 15:26:00,1.151816,220.7373,237.0988,5.681643,13.22252,8.810855999999998,0.7286667,348.8916,253.7779,8.608334,12.99167,14.19167,14.95,267.7525,0.805706,33
2021-01-15 15:27:00,1.168182,225.1455,237.265,5.592159,13.22245,8.792218,0.7286667,354.775,258.2612,8.391666,13.225,14.44167,15.11667,362.6265,0.8125059,33
2021-01-15 15:28:00,1.159216,222.9999,237.4853,5.631998,13.22242,8.773575,0.7146666999999999,358.0333,256.0641,8.341666,13.83333,14.9,15.65,429.9029,0.8089806,33
2021-01-15 15:29:00,1.127546,214.9875,237.4214,5.663791,13.22326,8.754747,0.684,358.9417,246.1493,8.433332999999998,14.41667,15.5,16.25,440.9093,0.8007379,33
2021-01-15 15:30:00,1.086074,200.7039,237.1632,5.620276,13.22462,8.743451999999998,0.6546667,351.6667,232.2379,8.316667,14.94167,15.825,16.39167,320.4337,0.7750614,33
2021-01-15 15:31:00,1.029076,180.6885,236.8796,5.519413,13.22639,8.722744,0.6133332999999999,341.3167,210.7538,8.099999,14.3,15.23333,15.80833,182.5703,0.7402767999999998,33
2021-01-15 15:32:00,1.004701,172.3509,236.6791,5.502618,13.22729,8.703918,0.5999999999999999,335.6083,201.627,8.0,13.6,14.55833,15.01667,149.4455,0.7250969999999999,33
2021-01-15 15:33:00,0.9811689,164.9497,236.8706,5.502006,13.22772,8.686971,0.5753333999999999,334.3416,193.8549,8.166667,13.16667,14.11667,14.525,144.494,0.7078594999999999,33
2021-01-15 15:34:00,0.9662037,158.3584,236.9316,5.464326,13.22769,8.662306,0.5613333999999999,330.6,185.5499,8.216666,12.48333,13.425,13.9,123.8822,0.6919549,33
2021-01-15 15:35:00,0.9578395,155.6062,236.6315,5.350634,13.22767,8.645927,0.5506667,334.1167,183.9263,8.108333,11.85833,12.78333,13.2,127.3079,0.6859787,33
2021-01-15 15:36:00,0.9574728,155.5627,236.604,5.355783,13.22809,8.623336999999998,0.542,339.65,183.7819,8.025,11.26667,12.15833,12.675,158.2737,0.6852287999999999,33
2021-01-15 15:37:00,0.9646892,158.0432,236.7993,5.32304,13.22806,8.600742,0.54,347.2583,187.3918,8.033334,11.175,12.04167,12.53333,215.7239,0.6879826,33
2021-01-15 15:38:00,0.9731278,161.0065,237.2249,5.300591,13.22797,8.570617999999998,0.542,349.8833,189.4677,8.025,11.46667,12.26667,12.85,387.9499,0.6951024999999998,33
2021-01-15 15:39:00,0.9550583,150.4581,237.0697,5.32793,13.22747,8.551603,0.502,353.6667,178.7861,7.974999999999999,12.08333,12.78333,13.30833,279.7761,0.6679049,33
2021-01-15 15:40:00,0.9199733,139.8418,236.9946,5.30484,13.23017,8.525812,0.4866667,346.0,168.9197,7.941665999999999,11.825,12.55833,13.04167,222.94,0.6392322,33
2021-01-15 15:41:00,0.9181823,138.9112,237.2018,5.292407,13.23195,8.495689,0.4673333,353.8083,167.1761,7.933333,12.1,12.7,13.25,320.9326,0.6379006999999999,33
2021-01-15 15:42:00,0.9074975,135.4026,237.238,5.32115,13.2333,8.473093,0.4533332999999999,355.0916,161.8865,7.875,12.45,13.075,13.625,355.564,0.6292001,33
2021-01-15 15:43:00,0.8920320999999999,130.1433,237.187,5.332209,13.23324,8.444288999999998,0.432,356.6333,152.2478,7.741666999999999,13.025,13.59167,14.1,401.9695,0.6153809,33
2021-01-15 15:44:00,0.8771596999999999,125.7958,237.1662,5.33356,13.23322,8.420757,0.4259999999999999,357.1833,152.4527,7.625,13.725,14.28333,14.84167,447.9623,0.6047037,33
2021-01-15 15:45:00,0.8625593,120.846,237.2925,5.398334,13.23319,8.390629,0.4173333,358.825,149.8275,7.8,14.75,15.13333,15.775,492.1991,0.5888147999999999,33
2021-01-15 15:46:00,0.8577495,118.8022,237.6431,5.483335,13.23317,8.364273,0.4139999999999999,357.7166,148.4128,8.15,15.95833,16.0,16.925,521.639,0.5799302,33
2021-01-15 15:47:00,0.8593222,117.0023,237.7105,5.587933,13.23316,8.340364,0.404,354.7,143.9139,8.416667,16.725,16.25833,17.85833,510.6039,0.5722365,33
2021-01-15 15:48:00,0.8505249,111.7043,237.2564,5.739409,13.23221,8.311937,0.388,352.3833,136.7225,8.508333,17.35833,16.05,18.63333,502.4762,0.5548384,33
2021-01-15 15:49:00,0.8399602,108.3008,237.1302,5.736957,13.23312,8.287459,0.382,352.3916,135.2647,8.391666,17.93333,15.575,19.225,494.8763,0.5430334,33
2021-01-15 15:50:00,0.8282361999999999,103.262,237.0539,5.675926,13.2331,8.262983,0.3653333,348.1,127.6482,8.05,18.575,14.875,19.75,487.8905,0.5261609999999999,33
2021-01-15 15:51:00,0.817702,97.50887,236.8325,5.574376,13.23309,8.242274999999998,0.3506667,350.1333,122.8219,7.8,18.51667,14.00833,20.2,480.2426,0.5033996,33
2021-01-15 15:52:00,0.8147944999999999,92.81403,237.2233,5.689108,13.23308,8.217800999999998,0.3373333,347.6416,117.9811,7.908333,17.33333,13.05,20.49167,472.9114,0.4808186999999999,33
2021-01-15 15:53:00,0.8029813,86.14364999999998,236.7682,5.858191,13.23307,8.201235,0.3186667,347.8,111.3352,7.991666,15.68333,12.125,20.60833,465.0812,0.4534931999999999,33
2021-01-15 15:54:00,0.8021454999999998,79.89532,236.4617,5.906704,13.23307,8.174873,0.3019999999999999,340.4333,103.4634,8.016666,14.525,11.38333,20.825,456.896,0.4204414,33
2021-01-15 15:55:00,0.7939625,74.13229,236.3554,5.871115,13.23305,8.157928,0.2793333,343.0333,96.67046,8.074999999999998,13.45,10.73333,21.03333,449.5935,0.3950658,33
2021-01-15 15:56:00,0.7915988999999999,68.96053,236.3457,5.864392,13.23305,8.139855,0.266,337.85,90.4356,8.025,12.4,10.01667,21.08333,443.1355,0.369099,33
2021-01-15 15:57:00,0.7914543,63.15401,236.6754,5.932192,13.23304,8.126301,0.2533332999999999,328.675,83.46693,8.158333,11.5,9.366666,21.06667,402.6316,0.3384910999999999,33
2021-01-15 15:58:00,0.7868996999999999,60.30764,236.8134,5.934965,13.23396,8.105593,0.2399999999999999,335.4417,80.75732999999998,8.241666,10.76667,8.875,20.78333,342.7535,0.3241812,33
2021-01-15 15:59:00,0.7820422,59.64453,236.7399,5.962683,13.23441,8.090528,0.2393333,333.5833,79.72954,8.308332999999998,10.08333,8.366666,20.63333,401.5472,0.3221202,33
2021-01-15 16:00:00,0.7752858,59.06469,236.7099,5.923236,13.23441,8.081112,0.2379999999999999,340.975,81.03187,8.408334,9.525,7.958332999999999,20.34167,407.4679,0.3222645,33
2021-01-15 16:01:00,0.7751451999999999,59.49357,236.8214,5.919121,13.23532,8.058521,0.2379999999999999,339.8333,81.0116,8.474999,8.916667,7.566665999999999,19.91667,405.8941,0.3233969999999999,33
2021-01-15 16:02:00,0.7814457999999999,61.66859,237.0244,5.839255,13.23576,8.041577,0.2419999999999999,338.1167,81.56592999999998,8.341666,8.491666999999998,7.291667,19.90833,409.0511,0.3321687999999999,33
2021-01-15 16:03:00,0.7830504,61.41859,237.0524,5.765852,13.23711,8.038189,0.2486666999999999,330.0333,82.11513999999998,8.058332999999998,8.066667,6.949999,20.01667,408.6097,0.3307805999999999,33
2021-01-15 16:04:00,0.7878557,63.7272,237.0527,5.712444,13.23704,8.015598,0.25,339.2,84.47473999999998,7.908333,7.658333,6.675,20.09167,381.7798,0.3400844,33
2021-01-15 16:05:00,0.7897317,63.28842,236.9111,5.660419,13.23655,7.998655,0.2533332999999999,334.275,84.84247,7.958332999999999,7.25,6.383333,19.79167,257.7345,0.3381741999999999,33
2021-01-15 16:06:00,0.783838,61.98288,236.6265,5.693326,13.23788,7.993007999999999,0.256,321.9666,82.62614,8.108334,6.908333,6.116666,18.78333,136.9325,0.3340989999999999,33
2021-01-15 16:07:00,0.7809422,61.49895,236.9053,5.591021,13.23738,7.977941999999999,0.2493333,323.5583,80.90813,7.991666999999999,6.566666,5.925,17.70833,109.5076,0.3320753,33
2021-01-15 16:08:00,0.7754588,58.20082,236.6387,5.489188,13.23828,7.961937,0.2426667,321.6583,78.0826,7.825,6.25,5.708333,16.575,73.25458999999998,0.3171081,33
2021-01-15 16:09:00,0.769154,54.32747,236.3503,5.574463,13.23869,7.950077,0.2353333,310.8083,73.83106999999998,8.041667,5.941666,5.449999,15.51667,48.74683,0.2988432999999999,33
2021-01-15 16:10:00,0.7626699999999998,49.15989,236.1921,5.624361,13.23883,7.935017,0.2233333,301.2,67.73267,8.216666,5.683333,5.283333,14.525,35.05358,0.2729118999999999,33
2021-01-15 16:11:00,0.752916,45.10766,236.2635,5.63256,13.23452,7.921839,0.2099999999999999,304.2,64.13987,8.416667,5.375,5.058333,13.525,31.61827,0.2529313,33
2021-01-15 16:12:00,0.7496897999999999,40.462,236.567,5.569809,13.23903,7.904896,0.1933333,304.2583,59.15733,8.5,5.133333,4.858333,12.575,28.02943,0.2279894,33
2021-01-15 16:13:00,0.7432435,36.96079,236.6515,5.402691,13.23898,7.887946999999999,0.184,299.8917,55.4532,8.466666,4.883333,4.675,11.63333,25.63047,0.2098139,33
2021-01-15 16:14:00,0.7362132,32.10576,236.6448,5.244868,13.2389,7.865354,0.1739999999999999,284.6,49.9912,8.366666999999998,4.583333,4.45,10.81667,23.58656,0.1841513999999999,33
2021-01-15 16:15:00,0.7291642,28.96693,236.6156,5.162429,13.23888,7.848786999999998,0.1633332999999999,283.7917,46.54134,8.291667,4.308333,4.241667,10.075,21.98405,0.1680115,33
2021-01-15 16:16:00,0.7221324,26.69336,236.6675,5.046996,13.23972,7.824314,0.158,283.65,44.8098,8.208332999999998,4.141667,4.075,9.391666,36.91517,0.1558836,33
2021-01-15 16:17:00,0.713343,25.885,236.6412,4.980144,13.24336,7.805488999999999,0.1533333,282.8,43.57074,7.75,3.991667,3.975,9.066667,124.4196,0.1537819,33
2021-01-15 16:18:00,0.7169214999999999,26.44733,236.604,4.936281,13.24424,7.778938,0.1586666999999999,282.9333,44.69027,7.7,3.883333,3.9,9.316667,247.3518,0.1558972,33
2021-01-15 16:19:00,0.7200714,26.68064,236.8052,4.844982,13.24421,7.755028,0.16,283.0417,45.316,7.9,3.716666,3.75,9.8,292.6537,0.1560708,33
2021-01-15 16:20:00,0.7212691,26.1923,237.3238,4.748141,13.24419,7.724907,0.16,282.825,45.24533,7.949999,3.55,3.625,10.20833,296.7703,0.1530972999999999,33
2021-01-15 16:21:00,0.7227333,26.67046,237.3545,4.687049,13.24415,7.697609,0.16,283.0167,45.25067,7.891666,3.4,3.475,10.5,292.5002,0.1558267999999999,33
2021-01-15 16:22:00,0.7207082999999999,27.05342,237.1572,4.736765,13.24323,7.67445,0.16,283.55,45.37201,7.666667,3.225,3.383333,10.83333,286.925,0.1581498,33
2021-01-15 16:23:00,0.7194812,28.17164,237.3735,4.848173,13.24412,7.644325,0.166,282.95,46.8018,7.366666,3.15,3.35,11.05,281.2827,0.1642492,33
2021-01-15 16:24:00,0.7172534,28.13866,237.1864,4.912452,13.24594,7.612885999999999,0.1626667,298.075,48.88907,7.058333,3.116667,3.283333,11.24167,277.166,0.1650212,33
2021-01-15 16:25:00,0.7178552999999999,30.02478,237.1447,4.955124,13.2473,7.59199,0.1686667,284.2917,47.27414,7.05,3.025,3.241667,11.4,270.4778,0.1766709999999999,33
2021-01-15 16:26:00,0.7167643999999999,28.14198,237.051,4.98423,13.2482,7.561864,0.168,280.3583,47.1184,6.916667,3.008333,3.2,11.48333,258.5981,0.1656835,33
2021-01-15 16:27:00,0.7157002,28.81022,237.1102,5.004786,13.24911,7.538893,0.168,279.325,46.92801,6.883333,3.016666,3.175,11.55,249.7987,0.1685809,33
2021-01-15 16:28:00,0.7139284999999999,28.91187,237.0088,5.009361,13.2491,7.511408,0.168,279.8917,47.0022,7.033333,2.925,3.116667,11.63333,242.0933,0.1711719999999999,33
2021-01-15 16:29:00,0.7126462,28.2666,236.9189,4.968572,13.24955,7.485051,0.168,279.9583,47.0386,6.983333,2.908333,3.041667,11.51667,211.4346,0.1674113999999999,33
2021-01-15 16:30:00,0.7107653999999999,27.35497,236.8736,4.931649,13.24908,7.457559,0.1633332999999999,279.9667,45.91413,6.858333,2.85,3.016666,11.20833,148.0253,0.1619313,33
2021-01-15 16:31:00,0.7148864,25.29027,237.0552,4.926969,13.24954,7.430825999999999,0.1553333,280.0083,43.68193,6.816666,2.825,2.958333,10.63333,71.77683,0.1487440999999999,33
2021-01-15 16:32:00,0.7186432,22.89236,237.2116,4.892347,13.24953,7.402776,0.1466667,279.9917,41.2634,6.891666,2.725,2.883333,9.833333,21.25477,0.1338392999999999,33
2021-01-15 16:33:00,0.7161846,21.10149,237.0083,4.779993,13.24986,7.376419,0.1393332999999999,279.975,39.18547,6.75,2.633333,2.775,9.058333,17.89623,0.1246409,33
2021-01-15 16:34:00,0.7154317,19.54797,237.054,4.693876,13.24997,7.342714,0.1346667,280.175,37.90967,6.683333,2.55,2.708333,8.341666,16.78311,0.1154213999999999,33
2021-01-15 16:35:00,0.7315483,16.04669,237.0369,4.610725,13.25124,7.307699,0.13,219.45,29.46673,6.6,2.616667,2.633333,7.666667,16.01544,0.0925594599999999,33
2021-01-15 16:36:00,0.7535812,13.12629,236.8973,4.580074,13.25362,7.277201,0.128,193.45,24.66987,6.583333,2.633333,2.6,7.016666,15.46848,0.0740400499999999,33
2021-01-15 16:37:00,0.7532754,12.58019,236.71,4.521109,13.2561,7.236341,0.1253333,194.5583,24.58687,6.725,2.55,2.541667,6.5,14.90233,0.0690851999999999,33
2021-01-15 16:38:00,0.7540814999999998,12.11425,236.712,4.50333,13.25623,7.202267,0.1213333,194.0667,23.57093,6.683333,2.458333,2.441667,5.983333,14.41294,0.0667123899999999,33
2021-01-15 16:39:00,0.7537753999999999,11.89285,236.7624,4.439937,13.25632,7.165554,0.12,193.425,23.191,6.816666,2.408333,2.35,5.533333,14.20183,0.06525002,33
2021-01-15 16:40:00,0.7530546999999999,12.2084,236.7296,4.416184,13.25647,7.136935,0.1226667,193.475,23.7244,6.725,2.308333,2.308333,5.075,14.16345,0.0668299799999999,33
2021-01-15 16:41:00,0.7531299,12.65565,236.8433,4.266695,13.25651,7.08441,0.1266666999999999,194.6417,24.53907,6.758333,2.241667,2.25,4.633333,14.42254,0.0696955799999999,33
2021-01-15 16:42:00,0.7506589999999999,13.01476,236.805,4.14556,13.2571,7.040166,0.128,193.425,24.70827,6.916667,2.1,2.133333,4.233333,14.71041,0.07400065,33
2021-01-15 16:43:00,0.7496494999999999,13.2388,236.7688,4.082053,13.25989,7.001945,0.1286666999999999,193.4,24.9308,6.891666,2.0,2.041667,3.875,14.80637,0.07479695,33
2021-01-15 16:44:00,0.7496815,13.16331,236.6468,4.078862,13.26226,6.965988,0.128,193.5083,24.784,6.808333,1.908333,1.975,3.558333,14.71041,0.0756256899999999,33
2021-01-15 16:45:00,0.7733721,12.99654,236.5695,4.064297,13.26232,6.925131,0.1273333,189.425,24.17913,6.733334,1.816667,1.9,3.225,14.39375,0.070873,33
2021-01-15 16:46:00,0.7987121,11.82935,236.574,3.910046,13.26281,6.882206,0.1213333,191.2083,23.24873,6.574999,1.7,1.8,2.925,13.72204,0.06254429,33
2021-01-15 16:47:00,0.7947328,11.09364,236.4801,3.807877,13.26562,6.841919,0.116,188.1917,22.00213,6.533333,1.566667,1.725,2.583333,12.91599,0.0589671699999999,33
2021-01-15 16:48:00,0.7954233,9.951828,236.4808,3.730382,13.26701,6.794094,0.1106667,188.8083,21.0044,6.6,1.433333,1.633333,2.341667,12.12913,0.05279836,33
2021-01-15 16:49:00,0.8058997,9.033679,236.3374,3.614054,13.26798,6.751171,0.1053333,188.7667,19.91127,6.558333,1.35,1.55,2.083333,11.19834,0.04652419,33
2021-01-15 16:50:00,0.8071454,7.877592,236.4465,3.523018,13.268,6.702028,0.098,188.1917,18.56673,6.608333,1.241667,1.466667,1.841667,10.16199,0.0400049099999999,33
2021-01-15 16:51:00,0.8104103999999999,6.82135,236.3164,3.472757,13.27031,6.654211,0.09133333,188.1917,17.3078,6.608333,1.166667,1.391667,1.616667,9.116041,0.03701472,33
2021-01-15 16:52:00,0.8074746999999999,6.15325,236.3164,3.367078,13.27263,6.603374,0.0859999999999999,188.4417,16.3162,6.533333,1.016667,1.283333,1.366667,8.204437,0.03250447,33
2021-01-15 16:53:00,0.8090747999999999,5.481342,236.4567,3.275222,13.27264,6.552732,0.0800000099999999,189.25,15.12333,6.158333,0.9833333,1.266667,1.225,7.398386999999999,0.02881333,33
2021-01-15 16:54:00,0.8046972,4.861208,236.3337,3.315282,13.27359,6.503407,0.07600001,190.675,14.6278,6.025,0.9333333,1.266667,1.141667,6.669104,0.0257815599999999,33
2021-01-15 16:55:00,0.8007503999999999,3.781292,236.2792,3.308674,13.27451,6.453325,0.0719999999999999,189.625,13.635,6.083333,0.8666666,1.216667,0.9583333,6.006991,0.02083167,33
2021-01-15 16:56:00,0.7998032,3.032807,235.9665,3.282001,13.27728,6.400423,0.06533334,187.9833,12.4338,6.141666,0.7916667,1.158333,0.8166666999999999,5.36407,0.01819993,33
2021-01-15 16:57:00,0.7979819999999999,2.892629,235.9043,3.177815,13.27866,6.347517,0.064,188.975,12.08427,6.05,0.7583332999999999,1.091667,0.675,5.01862,0.01406658,33
2021-01-15 16:58:00,0.7980477999999999,2.337118,235.8985,3.179824,13.27913,6.293861,0.0606666699999999,188.45,11.44347,5.566666,0.7749998999999999,1.183333,0.6583333,4.961046,0.01286845,33
2021-01-15 16:59:00,0.8005337999999999,2.191296,235.8663,3.220624,13.27914,6.240955,0.0586666699999999,187.325,11.12747,5.525,0.75,1.175,0.6416667,4.932258,0.0101096899999999,33
2021-01-15 17:00:00,0.7989336,1.888439,235.6891,3.291578,13.28006,6.184473,0.056,186.1917,10.43,5.491666,0.6666667,1.075,0.5333333999999998,4.778725,0.008874233,33
2021-01-15 17:01:00,0.7998334999999999,1.401252,236.058,3.242451,13.28418,6.134205,0.056,188.0,10.51073,5.516666,0.6416667,1.025,0.4,4.423679,0.0088130919999999,33
2021-01-15 17:02:00,0.8011686,0.8229941,237.0052,3.151206,13.28522,6.077724,0.05,188.35,9.539866,5.291667,0.6083332999999999,1.025,0.375,4.011058,0.006312395,33
2021-01-15 17:03:00,0.8029368,0.6085557,237.2228,3.177379,13.28547,6.025949,0.048,189.1083,9.0716,5.508333,0.6166667,0.9833333,0.2999999999999999,3.665608,0.00378803,33
2021-01-15 17:04:00,0.8035061,0.6396758999999999,237.0464,3.532758,13.2861,5.971165,0.04866667,188.6667,9.193467,5.5,0.6999999999999998,1.075,0.3416666999999999,3.79995,0.004533912,33
2021-01-15 17:05:00,0.802505,1.000977,237.1296,3.759112,13.28989,5.917316,0.048,189.6667,9.0908,5.583333,0.6666667,1.083333,0.2833333,4.068633,0.0044424419999999,33
2021-01-15 17:06:00,0.8019872999999998,0.3300206,236.9816,3.961412,13.29146,5.864604,0.048,189.35,9.1012,5.708333,0.675,1.1,0.3416666999999999,4.011058,0.0050023389999999,33
2021-01-15 17:07:00,0.8040848,0.4908120999999999,236.9609,4.620142,13.29105,5.814332,0.04666667,189.2167,8.813399999999998,5.875,1.016667,1.425,0.5916666,3.771162,0.002316128,33
2021-01-15 17:08:00,0.8080785,0.1557194,237.056,4.565195,13.29169,5.761618,0.0426666699999999,187.5583,8.131866999999998,6.066666,0.8083333,1.225,0.4583333,3.608033,0.0018788699999999,33
2021-01-15 17:09:00,0.271187,4.233047,237.0493,4.400769,13.29174,5.714737,0.02866667,271.6083,7.575134,6.125,0.6416667,1.216667,0.4083333,3.003495,0.1098115,33
2021-01-15 17:10:00,0.2687126,5.349358,236.8664,4.661338,13.29184,5.664658,0.0273333299999999,274.7583,7.225733,5.991666,0.7166666,1.341667,0.5583333,2.226233,0.1223875,33
2021-01-15 17:11:00,0.3720876,4.198262,236.9498,4.875632,13.29192,5.617777,0.02866667,238.7083,6.5044,6.033333,0.8666666,1.408333,0.625,1.756037,0.1022376,33
2021-01-15 17:12:00,0.1616431999999999,5.809439,236.9582,4.940847,13.29196,5.570711,0.02133333,276.2083,5.947334,6.116666,0.8499999999999999,1.45,0.6916666,1.257054,0.1510691,33
2021-01-15 17:13:00,0.1612581999999999,5.888809,236.964,4.911987,13.29388,5.524019,0.016,288.4583,4.6304,6.066666,0.8083333,1.391667,0.75,0.6621124999999999,0.1529903,33
2021-01-15 17:14:00,0.1611718,5.922052,236.85,4.782416,13.2939,5.484671,0.016,271.7833,4.378533,5.875,0.8083333,1.458333,0.7583332999999999,0.03838333,0.1558621,33
2021-01-15 17:15:00,0.1610019,5.979377,236.7176,4.950368,13.29626,5.442311,0.016,234.7667,3.831067,5.941666,1.291667,1.666667,0.975,-0.5565583,0.1565139,33
2021-01-15 17:16:00,0.1608401999999999,6.020447,236.6909,5.955639,13.29766,5.401079,0.016,115.2667,2.068,6.266666,1.6,2.025,1.45,-0.9116041,0.1579996999999999,33
2021-01-15 17:17:00,0.1605761,6.058587,236.6087,6.283587,13.29769,5.365496,0.0153333299999999,34.4,0.5300667,6.558333,1.55,2.066667,1.491667,-0.9116041,0.1589092,33
2021-01-15 17:18:00,0.160611,6.071392,236.6895,5.938893,13.29727,5.329913,0.01133333,34.20833,0.4106667,6.408333,1.541667,2.1,1.541667,-1.026754,0.1591621,33
2021-01-15 17:19:00,0.1605024999999999,6.058134,236.5928,6.187396,13.29774,5.302802,0.008,34.14167,0.2732,6.483333,1.808333,2.375,1.891667,-1.343417,0.1595457,33
2021-01-15 17:20:00,0.1602783,6.111379,236.5198,6.463448,13.29778,5.273996,0.008,34.1,0.2727999999999999,6.641666,1.975,2.55,2.083333,-1.506546,0.1600147,33
2021-01-15 17:21:00,0.1602744,6.131373,236.5395,6.009741,13.29733,5.247826,0.008,33.60833,0.2693999999999999,6.416667,2.058333,2.7,2.266667,-1.49695,0.1612802,33
2021-01-15 17:22:00,0.1603316999999999,6.107281,236.5221,5.739068,13.2969,5.223539,0.008,33.24166,0.2660666999999999,6.225,2.225,2.808333,2.433333,-1.6121,0.160519,33
2021-01-15 17:23:00,0.1599459,6.1367,236.5575,5.727406,13.29554,5.204714,0.008,33.025,0.2642667,6.233334,2.291667,2.858333,2.508333,-1.698462,0.1615629,33
2021-01-15 17:24:00,0.1597722,6.14925,236.3827,5.842645,13.29692,5.18419,0.0066666659999999,32.96667,0.2198667,6.325,2.283333,2.858333,2.55,-1.851996,0.1624877,33
2021-01-15 17:25:00,0.1597293999999999,6.118723,236.2566,5.878966,13.29602,5.1712,0.007333333,32.675,0.2397333,6.341667,2.283333,2.85,2.558333,-1.928762,0.1612854,33
2021-01-15 17:26:00,0.1597139999999999,6.137336,236.2362,6.094177,13.29603,5.151433,0.005333334,32.48333,0.1951333,6.4,2.625,3.075,2.85,-2.111083,0.1624105,33
2021-01-15 17:27:00,0.1597852999999999,6.134989,236.1144,6.312214,13.29421,5.139572,0.005333334,31.675,0.1694667,6.541666,2.916667,3.433333,3.2,-2.139871,0.1617926,33
2021-01-15 17:28:00,0.1599194999999999,6.166908,236.237,6.593041,13.29284,5.126392,0.006,28.825,0.1539333,6.75,3.108333,3.641667,3.466666,-1.938358,0.1621584,33
2021-01-15 17:29:00,0.1596209,6.151972,236.1869,6.656421,13.29239,5.116978,0.003333333,25.90833,0.0878666599999999,6.758333,3.116667,3.641667,3.466666,-1.784825,0.1625485,33
2021-01-15 17:30:00,0.1596833,6.17292,236.0799,6.414558,13.2924,5.116978,0.004,22.81667,0.0921333399999999,6.6,3.108333,3.65,3.483333,-1.765633,0.1628869,33
2021-01-15 17:31:00,0.1596722999999999,6.169947,236.1559,6.136948,13.29194,5.103423,0.0013333329999999,19.48333,0.04053334,6.466667,2.991667,3.55,3.416667,-1.851996,0.1629309999999999,33
2021-01-15 17:32:00,0.1594757,6.204462,236.1649,6.193012,13.29241,5.096645,0.002666667,16.375,0.0443333399999999,6.441666,3.1,3.65,3.491667,-2.024721,0.1638873999999999,33
2021-01-15 17:33:00,0.1595582,6.207334,236.3322,6.170883,13.29241,5.096645,0.002666667,13.71667,0.03733334,6.325,3.15,3.691667,3.583333,-2.091892,0.1637482,33
2021-01-15 17:34:00,0.1596179,6.179328,236.2268,6.252264,13.2915,5.096645,0.0013333329999999,11.55833,0.01493333,6.375,3.2,3.733333,3.641667,-2.178254,0.1636497,33
2021-01-15 17:35:00,0.1593467,6.190905,236.0292,6.459944,13.29242,5.096645,0.004,9.766666,0.0323999999999999,6.516666,3.333333,3.883333,3.808333,-2.178254,0.1642776,33
2021-01-15 17:36:00,0.1594174999999999,6.225658,236.049,6.731729,13.2915,5.096645,0.0,8.291667,0.006066667,6.658333,3.5,4.075,3.95,-2.082296,0.1640619,33
2021-01-15 17:37:00,0.1595446,6.238721,236.1724,6.853672,13.29013,5.096645,0.002666667,7.1,0.0193333299999999,6.7,3.625,4.216667,4.133333,-1.967146,0.1645143,33
2021-01-15 17:38:00,0.1596179,6.235088,236.2807,6.836262,13.28738,5.108506,0.0013333329999999,6.091667,0.0038666669999999,6.716667,3.658333,4.275,4.225,-1.909571,0.1645736999999999,33
2021-01-15 17:39:00,0.1595090999999999,6.266909,236.2901,6.873228,13.28693,5.116978,0.0013333329999999,5.266666,0.0109999999999999,6.766666,3.75,4.358333,4.316667,-1.880783,0.1652475999999999,33
2021-01-15 17:40:00,0.1594459,6.214935,236.2395,6.834579,13.28693,5.128275,0.0006666667,4.566667,0.003133334,6.683333,3.683333,4.258334,4.225,-1.861591,0.1651618,33
2021-01-15 17:41:00,0.1593455,6.241979,236.181,6.774536,13.28556,5.139572,0.0013333329999999,3.958333,0.0052666659999999,6.675,3.591666,4.175,4.075,-1.909571,0.164305,33
2021-01-15 17:42:00,0.1599345,6.265687,236.6773,6.69928,13.28556,5.146349,0.0013333329999999,3.45,0.0045333329999999,6.591667,3.625,4.166667,4.008333,-2.053508,0.1644463999999999,33
2021-01-15 17:43:00,0.1596201999999999,6.261587,236.3521,6.621499,13.28281,5.159904,0.002,3.0,0.0060000009999999,6.55,3.533333,4.108333,3.991667,-2.207042,0.1656403999999999,33
2021-01-15 17:44:00,0.15955,6.256907,236.2745,6.453096,13.2819,5.180613,0.002666667,2.666667,0.0070666669999999,6.483333,3.358333,3.983333,3.833333,-2.312596,0.1649131,33
2021-01-15 17:45:00,0.1594038999999999,6.246664,236.1404,6.298686,13.28144,5.182495,0.004666667,2.383333,0.009666667,6.375,3.15,3.733333,3.616667,-2.514108,0.1654866999999999,33
2021-01-15 17:46:00,0.1594908999999999,6.232705,236.2337,6.22138,13.28144,5.199442,0.004,2.108333,0.0086,6.316666,3.05,3.641667,3.475,-2.83077,0.1652339999999999,33
2021-01-15 17:47:00,0.1596014,6.292452,236.2725,6.32248,13.28144,5.208479,0.0,1.9,0.0013333329999999,6.258333,3.033333,3.65,3.408333,-2.965112,0.1655511,33
2021-01-15 17:48:00,0.1597868,6.273904,236.4289,6.317265,13.28144,5.225422,0.0013333329999999,1.725,0.002266667,6.225,3.008333,3.583333,3.325,-2.9939,0.1655817,33
2021-01-15 17:49:00,0.1596364999999999,6.26918,236.3029,6.281842,13.28144,5.227116,0.0013333329999999,1.566667,0.0020666669999999,6.233334,2.975,3.575,3.375,-2.888345,0.1655923,33
2021-01-15 17:50:00,0.1596712,6.286526,236.2672,6.320429,13.28144,5.245754,0.0013333329999999,1.425,0.001866667,6.241667,3.008333,3.616667,3.366667,-2.87875,0.1657808,33
2021-01-15 17:51:00,0.1594307,6.301821,236.2755,6.379714,13.28144,5.260817,0.0013333329999999,1.291667,0.001733333,6.3,2.95,3.6,3.366667,-2.83077,0.1662886,33
2021-01-15 17:52:00,0.1595292,6.295051,236.3486,6.619101,13.28144,5.268349,0.002666667,1.175,0.0030666669999999,6.35,3.108333,3.741667,3.5,-2.801983,0.1654779,33
2021-01-15 17:53:00,0.1595506999999999,6.308369,236.4904,6.779112,13.28144,5.287174,0.003333333,1.041667,0.003533334,6.449999,3.183333,3.758333,3.533333,-2.667641,0.1664652,33
2021-01-15 17:54:00,0.1595486,6.312988,236.4995,6.666246,13.28144,5.297718,0.003333333,0.9416667,0.0025999999999999,6.441666,3.141667,3.683333,3.5,-2.542896,0.1660121,33
2021-01-15 17:55:00,0.1595551,6.290414,236.4599,6.589894,13.28053,5.311275,0.0013333329999999,0.8583332999999999,0.0018,6.366667,3.166667,3.783333,3.483333,-2.523704,0.1661704,33
2021-01-15 17:56:00,0.1594203999999999,6.285698,236.4159,6.586895,13.28144,5.322571,0.004,0.7916667,0.002666667,6.375,3.241667,3.808333,3.541667,-2.456533,0.1660471,33
2021-01-15 17:57:00,0.1595722,6.293629,236.432,6.517362,13.28144,5.337255,0.003333333,0.7083333,0.0023333329999999,6.291667,3.191667,3.808333,3.583333,-2.427746,0.1658224,33
2021-01-15 17:58:00,0.159719,6.321043,236.6124,6.437232,13.28144,5.354198,0.002666667,0.65,0.002266667,6.283333,3.116667,3.7,3.516667,-2.360575,0.1660608,33
2021-01-15 17:59:00,0.1594481,6.30245,236.4889,6.377669,13.28144,5.36173,0.004666667,0.5999999999999999,0.0028,6.241667,2.966666,3.533333,3.325,-2.475725,0.1669453999999999,33
2021-01-15 18:00:00,0.1592476999999999,6.31707,236.3405,6.380573,13.28144,5.376793,0.002666667,0.5749999999999998,0.0011999999999999,6.208333,2.991667,3.55,3.208333,-2.552491,0.1671139,33
2021-01-15 18:01:00,0.1599045,6.370911,236.9126,6.369201,13.28144,5.395431,0.003333333,0.5083332999999999,0.001733333,6.141666,2.875,3.441667,3.125,-2.677237,0.1657697999999999,33
2021-01-15 18:02:00,0.1600764,6.375029,237.2988,6.268829,13.28144,5.397125,0.003333333,0.5,0.002,6.116667,2.808333,3.333333,3.066667,-2.744408,0.1669962,33
2021-01-15 18:03:00,0.1596993999999999,6.350523,236.944,6.213649,13.28144,5.414071,0.002,0.4916666,0.0005999999999999,6.041666,2.775,3.35,3.016667,-2.821175,0.1673743,33
2021-01-15 18:04:00,0.1595983,6.358833,236.7396,6.052927,13.28144,5.41972,0.0013333329999999,0.4166667,0.0008666667,6.033333,2.566667,3.125,2.783333,-2.955517,0.1671788999999999,33
2021-01-15 18:05:00,0.1595192,6.357011,236.7344,6.005397,13.28144,5.440052,0.002,0.4,0.0005333332999999,5.949999,2.533333,3.075,2.708333,-3.147433,0.1670889999999999,33
2021-01-15 18:06:00,0.1593194,6.33384,236.5049,5.948974,13.28144,5.440052,0.002,0.4,0.001066667,5.9,2.566667,3.116667,2.741667,-3.214604,0.1670755999999999,33
2021-01-15 18:07:00,0.1597094,6.369087,237.0398,6.203873,13.28144,5.440052,0.002666667,0.4,0.0008,6.0,2.741667,3.266666,2.891666,-3.137837,0.1675143,33
2021-01-15 18:08:00,0.1602370999999999,6.392791,237.4182,6.700779,13.28144,5.458878,0.0006666667,0.4,0.0005333332999999,6.291667,2.908333,3.475,3.108333,-2.87875,0.1675002999999999,33
2021-01-15 18:09:00,0.1598888,6.34683,237.0062,6.55759,13.28144,5.462643,0.002,0.3666667,0.0005333332999999,6.225,2.841666,3.391667,3.116667,-2.619662,0.1674317999999999,33
2021-01-15 18:10:00,0.1598103999999999,6.34754,236.7233,6.496878,13.28144,5.468291,0.002,0.325,0.0008666667,6.141666,2.908333,3.433333,3.183333,-2.523704,0.1671494,33
2021-01-15 18:11:00,0.1596837999999999,6.356644,236.7831,6.622942,13.2787,5.485237,0.0013333329999999,0.3083332999999999,0.0004,6.175,3.016666,3.541667,3.308333,-2.456533,0.1680949999999999,33
2021-01-15 18:12:00,0.1598031,6.351259,236.9345,6.699978,13.28144,5.485237,0.0006666667,0.2999999999999999,0.0,6.241667,3.025,3.608333,3.333333,-2.389362,0.1675609,33
2021-01-15 18:13:00,0.1600913999999999,6.402727,237.3463,6.640142,13.28144,5.49032,0.002,0.2999999999999999,0.0008,6.216667,3.041667,3.608333,3.366667,-2.360575,0.1675323,33
2021-01-15 18:14:00,0.1600708999999999,6.410608,237.2787,6.576175,13.28144,5.505569,0.002,0.2999999999999999,0.0005999999999999,6.175,3.108333,3.691667,3.358333,-2.331787,0.1671161999999999,33
2021-01-15 18:15:00,0.160217,6.403416,237.3511,6.593859,13.28144,5.516865,0.002666667,0.2999999999999999,0.0008,6.158333,3.25,3.816667,3.508333,-2.293404,0.1682860999999999,33
2021-01-15 18:16:00,0.159917,6.433069,237.3343,7.042964,13.28144,5.52816,0.002,0.2999999999999999,0.0004,6.466667,3.458333,4.05,3.775,-2.264617,0.1679278999999999,33
2021-01-15 18:17:00,0.1597063,6.387548,237.2917,6.975327,13.28144,5.533244,0.003333333,0.2999999999999999,0.0011999999999999,6.441666,3.35,3.966666,3.691667,-2.0727,0.1686186,33
2021-01-15 18:18:00,0.1598323,6.410104,237.5181,6.877184,13.28144,5.548496,0.0013333329999999,0.2999999999999999,0.0004,6.333333,3.325,3.883333,3.658333,-2.0727,0.1682636999999999,33
2021-01-15 18:19:00,0.1596485,6.409525,237.4738,6.918131,13.28144,5.561674,0.0013333329999999,0.2999999999999999,0.0002,6.366667,3.425,4.0,3.683333,-2.207042,0.1687992,33
2021-01-15 18:20:00,0.1595903999999999,6.429866,237.4115,7.061535,13.28099,5.571087,0.0006666667,0.2999999999999999,0.0004,6.433333,3.466666,4.033333,3.775,-2.043912,0.1684879,33
2021-01-15 18:21:00,0.1596564,6.444107,237.3946,7.042898,13.28144,5.579559,0.003333333,0.2999999999999999,0.001,6.4,3.558333,4.116666,3.816667,-2.063104,0.1681215,33
2021-01-15 18:22:00,0.1597346,6.404239,237.397,6.978453,13.27961,5.591419,0.002,0.2999999999999999,0.0005999999999999,6.358333,3.566667,4.158333,3.85,-2.053508,0.1677269,33
2021-01-15 18:23:00,0.1596659,6.406162,237.497,6.945454,13.27732,5.608365,0.002,0.2999999999999999,0.0004,6.333333,3.525,4.058333,3.841666,-2.053508,0.1682817,33
2021-01-15 18:24:00,0.1595526999999999,6.413428,237.3403,6.880366,13.27549,5.625309,0.004,0.2999999999999999,0.0011999999999999,6.291667,3.5,4.075,3.858333,-2.043912,0.1681508999999999,33
2021-01-15 18:25:00,0.159467,6.436438,237.4149,6.858836,13.27595,5.636604,0.002,0.2999999999999999,0.0008,6.275,3.65,4.233333,3.916667,-2.120679,0.1689522,33
2021-01-15 18:26:00,0.1593183,6.421703,237.5269,6.931354,13.27595,5.653551,0.002666667,0.2999999999999999,0.0008,6.3,3.708333,4.258333,3.891666,-2.082296,0.1687357999999999,33
2021-01-15 18:27:00,0.1594887,6.46615,237.5845,6.895,13.27595,5.660706,0.0,0.2999999999999999,0.0,6.316666,3.766666,4.333333,3.95,-2.034317,0.1697655,33
2021-01-15 18:28:00,0.1595152,6.456498,237.6085,6.893818,13.27595,5.679531,0.0013333329999999,0.2916667,0.0004,6.35,3.908333,4.433333,4.1,-2.063104,0.1694520999999999,33
2021-01-15 18:29:00,0.1593893999999999,6.436543,237.5683,6.854661,13.27595,5.698169,0.003333333,0.2916667,0.0008,6.333333,3.866667,4.425,4.133333,-2.034317,0.1688784,33
2021-01-15 18:30:00,0.1593248999999999,6.419597,237.5223,6.840982,13.27457,5.713043,0.0013333329999999,0.2666666999999999,0.0005333332999999,6.258333,3.816667,4.408333,4.058333,-2.015125,0.1692919,33
2021-01-15 18:31:00,0.1595694,6.460181,237.7347,6.789132,13.27595,5.727541,0.002666667,0.2999999999999999,0.0008,6.225,3.833333,4.375,4.0,-2.0727,0.1694672999999999,33
2021-01-15 18:32:00,0.159556,6.443478,237.8308,6.90346,13.27503,5.74279,0.002,0.2916667,0.0005999999999999,6.316666,3.966666,4.533333,4.125,-2.130275,0.1693428999999999,33
2021-01-15 18:33:00,0.1596108,6.462576,237.9371,7.082695,13.27503,5.75597,0.002,0.275,0.0005333332999999,6.466667,4.041667,4.641667,4.25,-2.063104,0.1697454999999999,33
2021-01-15 18:34:00,0.1596215,6.459629,237.9419,6.997605,13.27457,5.778563,0.004,0.2583332999999999,0.001066667,6.425,4.058333,4.633333,4.266667,-1.938358,0.169583,33
2021-01-15 18:35:00,0.1596385999999999,6.464306,237.9224,6.844534,13.27228,5.793058,0.0013333329999999,0.275,0.0004,6.291667,4.008333,4.566667,4.133333,-1.995933,0.1697886,33
2021-01-15 18:36:00,0.1596461999999999,6.484808,237.8905,6.784167,13.27091,5.808308,0.002,0.2583332999999999,0.0005333332999999,6.25,3.925,4.458333,4.066667,-2.053508,0.1692564,33
2021-01-15 18:37:00,0.1596778,6.486511,237.8887,6.756797,13.27137,5.830898,0.002,0.2333332999999999,0.0004666666999999,6.208333,3.825,4.341667,3.95,-2.197446,0.1699064,33
2021-01-15 18:38:00,0.1597826,6.490423,238.0456,6.741009,13.27045,5.839373,0.0013333329999999,0.2166666999999999,0.0003333333999999,6.133333,3.666667,4.216667,3.858333,-2.331787,0.169377,33
2021-01-15 18:39:00,0.1600169999999999,6.47875,238.2106,6.662922,13.27045,5.856886,0.005333334,0.225,0.001066667,6.066666,3.608333,4.191667,3.775,-2.427746,0.1695782,33
2021-01-15 18:40:00,0.1597792,6.467178,238.1158,6.513623,13.27045,5.873829,0.002,0.2083333,0.0005333332999999,6.041666,3.55,4.083333,3.675,-2.514108,0.1693774999999999,33
2021-01-15 18:41:00,0.159898,6.500101,238.2239,6.404772,13.27045,5.887007,0.0013333329999999,0.2083333,0.0003333333999999,5.958333,3.45,4.025,3.583333,-2.571683,0.1697242999999999,33
2021-01-15 18:42:00,0.1600046,6.493915,238.2756,6.364933,13.27045,5.89642,0.0013333329999999,0.2166666999999999,0.0002666667,5.925,3.4,3.941667,3.5,-2.590875,0.1699059,33
2021-01-15 18:43:00,0.1601099,6.505174,238.3452,6.394523,13.27045,5.916752,0.002666667,0.225,0.0006666667,5.949999,3.475,4.025,3.5,-2.64845,0.1701518999999999,33
2021-01-15 18:44:00,0.1593653999999999,6.425944,237.4744,6.612848,13.27045,5.916752,0.002,0.2,0.0002666667,6.083333,3.533333,4.075,3.6,-2.600471,0.1695948999999999,33
2021-01-15 18:45:00,0.1590969,6.452108,237.3281,6.701552,13.27045,5.935577,0.002,0.2,0.0005333332999999,6.141666,3.491667,4.058333,3.608333,-2.475725,0.1706791,33
2021-01-15 18:46:00,0.1592731,6.458226,237.3842,6.744537,13.27045,5.939342,0.002666667,0.2,0.0005333332999999,6.175,3.491667,4.033333,3.583333,-2.446937,0.1695435,33
2021-01-15 18:47:00,0.1592314,6.459585,237.4099,6.727762,13.27091,5.959682,0.002666667,0.2083333,0.0005333332999999,6.133333,3.375,3.95,3.516667,-2.475725,0.1698129999999999,33
2021-01-15 18:48:00,0.1592724,6.444446,237.4658,6.654298,13.27045,5.959682,0.004,0.2,0.0006666667,6.116666,3.358333,3.95,3.533333,-2.475725,0.1697881,33
2021-01-15 18:49:00,0.1594848,6.459597,237.5123,6.589187,13.27091,5.976625,0.002666667,0.2,0.0005333332999999,6.091667,3.291666,3.866667,3.383333,-2.504512,0.1700753,33
2021-01-15 18:50:00,0.1593826999999999,6.459425,237.47,6.508505,13.26908,5.982273,0.004,0.2,0.0008,6.008333,3.233333,3.816667,3.308333,-2.581279,0.169723,33
2021-01-15 18:51:00,0.1595521,6.459474,237.5137,6.400497,13.27091,5.984156,0.003333333,0.2,0.0006666667,5.966667,3.225,3.858333,3.316667,-2.64845,0.1694858999999999,33
2021-01-15 18:52:00,0.1596115999999999,6.46869,237.5494,6.256582,13.27366,6.002981,0.002,0.2,0.0005333332999999,5.875,3.083333,3.641667,3.141667,-2.686833,0.1694913,33
2021-01-15 18:53:00,0.1595360999999999,6.468236,237.5632,6.08712,13.27274,6.004864,0.002666667,0.2,0.0005333332999999,5.783333,3.041667,3.633333,3.058333,-2.821175,0.1697759,33
2021-01-15 18:54:00,0.1597107,6.479757,237.6279,5.920723,13.2732,6.004864,0.003333333,0.2,0.0006666667,5.691666,2.983333,3.608333,3.016666,-2.926729,0.1693383,33
2021-01-15 18:55:00,0.1596352,6.480134,237.5202,5.813574,13.27503,6.004864,0.002666667,0.2,0.0005333332999999,5.608333,2.841666,3.45,2.883333,-2.936325,0.1700792,33
2021-01-15 18:56:00,0.159585,6.472792,237.6252,5.893574,13.27411,6.004864,0.002,0.2,0.0004,5.55,2.85,3.491667,2.875,-3.032283,0.1700813999999999,33
2021-01-15 18:57:00,0.1596556,6.489454,237.6284,6.171637,13.27549,6.006558,0.004666667,0.2,0.0008,5.791667,2.891666,3.533333,2.933333,-3.013091,0.1695513999999999,33
2021-01-15 18:58:00,0.1594471,6.459244,237.2146,6.133435,13.27503,6.013336,0.0013333329999999,0.2083333,0.0004666666999999,5.8,2.791666,3.425,2.8,-2.83077,0.1701988999999999,33
2021-01-15 18:59:00,0.1594488,6.475239,237.276,6.016147,13.27595,6.016724,0.002666667,0.2,0.0004,5.716667,2.766666,3.4,2.766666,-2.792387,0.1709749999999999,33
2021-01-15 19:00:00,0.159193,6.469695,237.0763,5.93099,13.27595,6.006558,0.002666667,0.2,0.0006666667,5.591667,2.683333,3.333333,2.75,-2.754004,0.1706874999999999,33
2021-01-15 19:01:00,0.1592296,6.481646,237.1434,5.817146,13.27595,6.004864,0.003333333,0.2,0.0006666667,5.533333,2.608333,3.241667,2.683333,-2.7636,0.1705583,33
2021-01-15 19:02:00,0.1591393,6.471849,237.08,5.863573,13.27595,6.004864,0.0013333329999999,0.2,0.0002666667,5.5,2.7,3.358333,2.741667,-2.754004,0.1700104,33
2021-01-15 19:03:00,0.1589060999999999,6.446869,236.849,6.059988,13.27595,6.004864,0.0013333329999999,0.2,0.0002666667,5.616666,2.775,3.4,2.841666,-2.677237,0.1707489,33
2021-01-15 19:04:00,0.1589821999999999,6.470416,236.9463,6.304137,13.27595,6.004864,0.0013333329999999,0.2,0.0002666667,5.783333,2.975,3.6,3.083333,-2.504512,0.1700869,33
2021-01-15 19:05:00,0.1588884999999999,6.452638,236.7568,6.54534,13.27595,6.004864,0.003333333,0.2,0.0006666667,5.9,2.95,3.616667,3.066667,-2.235829,0.1705049999999999,33
2021-01-15 19:06:00,0.1587249,6.463753,236.6332,6.465429,13.2764,6.004864,0.0013333329999999,0.2,0.0002666667,5.841667,2.9,3.525,2.991667,-2.082296,0.1706829,33
2021-01-15 19:07:00,0.1591644,6.477593,237.1384,6.35482,13.27686,6.004864,0.0013333329999999,0.2083333,0.0002666667,5.7,2.833333,3.425,2.941667,-2.120679,0.1710827,33
2021-01-15 19:08:00,0.1594383,6.471667,237.3088,6.191037,13.27732,5.991686,0.002,0.2,0.0002666667,5.641666,2.775,3.391666,2.883333,-2.235829,0.1705551999999999,33
2021-01-15 19:09:00,0.1594362,6.485859,237.3948,6.043826,13.27686,5.982273,0.0013333329999999,0.2,0.0004,5.533333,2.675,3.25,2.766666,-2.427746,0.1709698,33
2021-01-15 19:10:00,0.159086,6.444201,236.894,5.938129,13.2787,5.982273,0.004,0.2,0.0008,5.449999,2.558333,3.183333,2.625,-2.5333,0.1697779,33
2021-01-15 19:11:00,0.1589073,6.46508,236.7233,5.87313,13.28053,5.982273,0.0,0.2,0.0,5.408333,2.558333,3.2,2.658333,-2.715621,0.1708414,33
2021-01-15 19:12:00,0.1588602,6.448599,236.7833,5.891702,13.28007,5.982273,0.0013333329999999,0.2,0.0002666667,5.408333,2.583333,3.183333,2.591667,-2.658046,0.1707877999999999,33
2021-01-15 19:13:00,0.1589996999999999,6.490784,236.8349,6.010977,13.28053,5.961565,0.002,0.2,0.0004,5.466667,2.641667,3.266666,2.675,-2.686833,0.1709753,33
2021-01-15 19:14:00,0.1591055,6.48604,236.9267,6.175468,13.28144,5.959682,0.0006666667,0.2,0.0001333333,5.541666,2.666667,3.241667,2.716666,-2.638854,0.1705526,33
2021-01-15 19:15:00,0.1591552,6.477575,236.7936,6.166187,13.28144,5.959682,0.0013333329999999,0.2,0.0002666667,5.583333,2.658333,3.241667,2.691667,-2.466129,0.1702398,33
2021-01-15 19:16:00,0.1592627,6.454757,236.7654,6.067036,13.28099,5.951208,0.0,0.2,0.0,5.491666,2.566667,3.158333,2.625,-2.514108,0.1702514,33
2021-01-15 19:17:00,0.1590968,6.456654,236.7775,6.159418,13.28144,5.939342,0.002,0.2,0.0004,5.483333,2.716666,3.316667,2.708333,-2.562087,0.1707486,33
2021-01-15 19:18:00,0.1589957999999999,6.458971,236.7882,6.202255,13.28144,5.939342,0.0013333329999999,0.2,0.0002666667,5.533333,2.7,3.358333,2.791667,-2.485321,0.1705154,33
2021-01-15 19:19:00,0.1591994999999999,6.490752,236.9288,6.214978,13.28144,5.92993,0.0013333329999999,0.2,0.0001333333,5.574999,2.825,3.433333,2.941667,-2.466129,0.1709919,33
2021-01-15 19:20:00,0.1593767,6.493584,237.2488,6.19681,13.28144,5.916752,0.002,0.2,0.0005333332999999,5.541666,2.758333,3.383333,2.983333,-2.446937,0.1707594,33
2021-01-15 19:21:00,0.1597314,6.52644,237.5451,6.071861,13.28144,5.916752,0.0006666667,0.2,0.0,5.458333,2.625,3.225,2.808333,-2.466129,0.1715396999999999,33
2021-01-15 19:22:00,0.1593653999999999,6.50392,237.3346,5.984027,13.28144,5.916752,0.002,0.2,0.0004,5.375,2.6,3.275,2.808333,-2.629258,0.1710811999999999,33
2021-01-15 19:23:00,0.1592872999999999,6.51232,237.1969,5.980457,13.28144,5.916752,0.0006666667,0.2,0.0002666667,5.35,2.525,3.2,2.766666,-2.629258,0.171375,33
2021-01-15 19:24:00,0.1592752,6.49948,237.1938,5.971636,13.28144,5.901503,0.0006666667,0.2,0.0001333333,5.291667,2.575,3.241667,2.833333,-2.696429,0.1709685,33
2021-01-15 19:25:00,0.1592396,6.49935,237.1416,5.910843,13.28144,5.89642,0.0013333329999999,0.2,0.0002666667,5.283333,2.558333,3.241667,2.883333,-2.677237,0.1712513,33
2021-01-15 19:26:00,0.1592199,6.51679,237.0417,6.118651,13.28099,5.89642,0.0013333329999999,0.2,0.0001333333,5.4,2.733333,3.4,3.058333,-2.686833,0.1718123,33
2021-01-15 19:27:00,0.1591461999999999,6.462245,236.9043,6.209267,13.28144,5.881359,0.004,0.2,0.0009333333999999,5.533333,2.666667,3.391666,3.1,-2.5333,0.1706334999999999,33
2021-01-15 19:28:00,0.1589164,6.47183,236.7081,6.130349,13.28144,5.873829,0.002666667,0.2,0.0005333332999999,5.433333,2.666667,3.308333,3.008333,-2.437341,0.1713875,33
2021-01-15 19:29:00,0.1585757999999999,6.48481,236.4791,6.036094,13.28144,5.873829,0.0006666667,0.2,0.0001333333,5.341667,2.525,3.208333,2.916667,-2.379767,0.1720086,33
2021-01-15 19:30:00,0.1588795,6.500496,236.9204,5.919682,13.28144,5.873829,0.002666667,0.2,0.0005333332999999,5.208333,2.4,3.083333,2.783333,-2.466129,0.1716573999999999,33
2021-01-15 19:31:00,0.1587293999999999,6.490456,236.8366,5.835266,13.28144,5.864416,0.0013333329999999,0.2,0.0002666667,5.116666,2.408333,3.083333,2.716666,-2.64845,0.1717558999999999,33
2021-01-15 19:32:00,0.1583527,6.444094,236.3891,5.784937,13.28144,5.851238,0.0013333329999999,0.2,0.0002666667,5.158333,2.275,2.933333,2.558333,-2.715621,0.17135,33
2021-01-15 19:33:00,0.1580058,6.452343,235.9305,5.686069,13.28144,5.849543,0.0013333329999999,0.2,0.0002666667,5.025,2.225,2.95,2.483333,-2.811579,0.1711606,33
2021-01-15 19:34:00,0.1579147999999999,6.437336,235.7696,5.855323,13.28144,5.830898,0.002,0.2,0.0004,5.083333,2.316667,3.0,2.558333,-2.859558,0.1718184,33
2021-01-15 19:35:00,0.1577689999999999,6.42281,235.6937,5.858183,13.2819,5.830898,0.002,0.2,0.0002666667,5.116666,2.2,2.891666,2.45,-2.811579,0.17249,33
2021-01-15 19:36:00,0.1580366,6.434756,236.1815,5.741798,13.28144,5.825251,0.0006666667,0.2,0.0002666667,5.041667,2.116667,2.791667,2.316667,-2.859558,0.1719377,33
2021-01-15 19:37:00,0.1583767,6.490261,236.4976,5.649109,13.28282,5.808308,0.004,0.2,0.0008,4.95,2.091667,2.766666,2.333333,-2.83077,0.1723146999999999,33
2021-01-15 19:38:00,0.1586847999999999,6.478814,236.6178,5.619277,13.28557,5.804919,0.002666667,0.2,0.0005333332999999,4.966667,2.016667,2.741667,2.241667,-2.725217,0.1719996,33
2021-01-15 19:39:00,0.1586468,6.488779,236.7477,5.515129,13.28648,5.787975,0.002,0.2,0.0004,4.908333,1.991667,2.708333,2.158333,-2.773196,0.1719634999999999,33
2021-01-15 19:40:00,0.1585654,6.487726,236.6256,5.55139,13.28694,5.78421,0.003333333,0.2,0.0006666667,4.9,2.041667,2.708333,2.133333,-2.811579,0.1718092,33
2021-01-15 19:41:00,0.1584083,6.505991,236.6022,5.646908,13.28648,5.765385,0.0013333329999999,0.2,0.0001333333,4.925,1.958333,2.641667,2.091667,-2.754004,0.1717935999999999,33
2021-01-15 19:42:00,0.1585906,6.490672,236.6109,5.708044,13.28557,5.752204,0.002666667,0.2,0.0006666667,4.958333,1.991667,2.616667,2.091667,-2.792387,0.1720555,33
2021-01-15 19:43:00,0.1591248,6.508452,236.9706,5.794371,13.28694,5.74279,0.004666667,0.2,0.0009333333999999,5.0,2.0,2.65,2.1,-2.754004,0.1715333,33
2021-01-15 19:44:00,0.1595866,6.578614,237.6201,5.790902,13.28694,5.734318,0.003333333,0.2,0.0005333332999999,4.975,1.966667,2.591667,2.016667,-2.658046,0.1720269,33
2021-01-15 19:45:00,0.1591335,6.522358,236.9789,5.842885,13.28694,5.720575,0.002,0.2,0.0005333332999999,4.991666,2.008333,2.683333,2.1,-2.638854,0.1712822,33
2021-01-15 19:46:00,0.1591535,6.497742,236.9339,5.807823,13.28694,5.705512,0.0006666667,0.2,0.0001333333,5.025,1.975,2.575,2.075,-2.590875,0.1709082,33
2021-01-15 19:47:00,0.1592676,6.52017,237.097,5.792173,13.28694,5.699863,0.002666667,0.2,0.0005333332999999,4.991666,2.041667,2.708333,2.116667,-2.523704,0.1727317999999999,33
2021-01-15 19:48:00,0.1594035,6.552488,237.2791,5.75192,13.28694,5.684614,0.002,0.2,0.0004,4.991666,1.975,2.658333,2.108333,-2.5333,0.1722944999999999,33
2021-01-15 19:49:00,0.1593618,6.532105,237.3193,5.753527,13.28694,5.677649,0.002,0.2,0.0004,5.05,2.033333,2.666667,2.15,-2.542896,0.1727167,33
2021-01-15 19:50:00,0.1591404999999999,6.549801,237.3327,5.909279,13.2874,5.65694,0.002666667,0.2,0.0005333332999999,5.166667,2.158333,2.85,2.325,-2.5333,0.1729219999999999,33
2021-01-15 19:51:00,0.1592036,6.540482,237.2642,6.074964,13.28694,5.65694,0.0013333329999999,0.2,0.0002666667,5.283333,2.341666,3.0,2.508333,-2.475725,0.1713221,33
2021-01-15 19:52:00,0.1592899999999999,6.548286,237.4479,6.206173,13.28694,5.646772,0.002,0.2,0.0004,5.408333,2.491667,3.183333,2.725,-2.350979,0.1727259999999999,33
2021-01-15 19:53:00,0.1592419999999999,6.590147,237.5837,6.174599,13.28694,5.636604,0.003333333,0.2,0.0006666667,5.441666,2.491667,3.208333,2.775,-2.178254,0.172123,33
2021-01-15 19:54:00,0.1590626,6.547939,237.6158,6.043932,13.28694,5.636604,0.0006666667,0.2,0.0001333333,5.275,2.316667,2.991667,2.516667,-2.082296,0.1726118,33
2021-01-15 19:55:00,0.159009,6.550613,237.5391,5.8789,13.28694,5.621544,0.0006666667,0.2,0.0001333333,5.1,2.283333,2.958333,2.441667,-2.264617,0.1728268,33
2021-01-15 19:56:00,0.1590464,6.536648,237.5894,5.74778,13.28694,5.614014,0.0013333329999999,0.2,0.0002666667,5.05,2.25,2.925,2.425,-2.398958,0.1726911999999999,33
2021-01-15 19:57:00,0.1591567999999999,6.592933,237.6852,5.718555,13.28694,5.608365,0.002,0.2,0.0004,4.983333,2.15,2.883333,2.316667,-2.475725,0.1727169,33
2021-01-15 19:58:00,0.1591770999999999,6.575859,237.6458,5.648018,13.28694,5.591419,0.0013333329999999,0.2,0.0002666667,4.966667,2.191667,2.866667,2.316667,-2.5333,0.1723823999999999,33
2021-01-15 19:59:00,0.1592234999999999,6.589166,237.9052,5.737337,13.28694,5.591419,0.002666667,0.2,0.0005333332999999,4.933333,2.175,2.875,2.341667,-2.600471,0.1730921,33
2021-01-15 20:00:00,0.1590491,6.568319,237.7258,5.933546,13.28694,5.57617,0.0,0.1833333,0.0,5.125,2.35,3.025,2.5,-2.619662,0.1732131,33
2021-01-15 20:01:00,0.1591428,6.580004,237.7802,6.116289,13.28694,5.571087,0.0013333329999999,0.2,0.0001333333,5.283333,2.4,3.075,2.583333,-2.5333,0.1729465,33
2021-01-15 20:02:00,0.1592501,6.587534,237.9703,6.064162,13.28694,5.571087,0.002666667,0.2,0.0006666667,5.3,2.491667,3.15,2.658333,-2.303,0.1728311999999999,33
2021-01-15 20:03:00,0.1587289,6.530605,237.3878,6.236749,13.28694,5.567322,0.002,0.2,0.0004,5.466667,2.708333,3.391666,2.916667,-2.235829,0.1730318,33
2021-01-15 20:04:00,0.1586115999999999,6.530619,237.0874,6.166546,13.28694,5.548496,0.003333333,0.2,0.0006666667,5.483333,2.766666,3.408333,3.016667,-2.101487,0.1729516,33
2021-01-15 20:05:00,0.1583988,6.547279,236.9599,6.034452,13.28694,5.548496,0.0006666667,0.1916667,0.0001333333,5.325,2.716666,3.35,2.925,-2.034317,0.1734657,33
2021-01-15 20:06:00,0.15848,6.52481,236.9221,6.059446,13.28694,5.548496,0.003333333,0.2,0.0006666667,5.283333,2.791667,3.4,2.975,-2.111083,0.1732973999999999,33
2021-01-15 20:07:00,0.1586295,6.529064,236.9597,6.092926,13.28694,5.543412,0.0013333329999999,0.2,0.0002666667,5.308333,2.825,3.433333,3.066667,-2.111083,0.1725093,33
2021-01-15 20:08:00,0.1588353,6.537621,237.0994,6.142458,13.28694,5.545107,0.0013333329999999,0.2,0.0002666667,5.358333,2.825,3.491667,3.108333,-2.120679,0.1727884,33
2021-01-15 20:09:00,0.1588919,6.572896,237.1081,6.071344,13.28694,5.533244,0.002666667,0.2,0.0005333332999999,5.291667,2.775,3.383333,3.008333,-2.120679,0.1728391,33
2021-01-15 20:10:00,0.1587859,6.545238,237.1594,5.985569,13.28694,5.52816,0.002,0.2,0.0004,5.166667,2.808333,3.458333,3.0,-2.159062,0.173237,33
2021-01-15 20:11:00,0.1587102,6.528364,237.1464,5.883432,13.28373,5.52816,0.002,0.2,0.0004,5.116666,2.733333,3.383333,2.916667,-2.197446,0.1726426,33
2021-01-15 20:12:00,0.1587533,6.565601,237.1324,5.821999,13.28694,5.52816,0.0013333329999999,0.2,0.0002666667,5.108333,2.783333,3.383333,2.883333,-2.245425,0.172884,33
2021-01-15 20:13:00,0.1588689,6.549747,237.117,5.968426,13.28694,5.52816,0.0006666667,0.1916667,0.0001333333,5.25,2.875,3.483333,3.025,-2.331787,0.1734245,33
2021-01-15 20:14:00,0.1589259,6.547546,237.1955,6.182648,13.28694,5.52816,0.002666667,0.2,0.0005333332999999,5.366667,2.975,3.65,3.175,-2.274212,0.1732909,33
2021-01-15 20:15:00,0.1588079,6.551443,237.1443,6.171941,13.28694,5.52816,0.002666667,0.2,0.0004,5.441666,3.041667,3.658333,3.233333,-2.18785,0.1732522,33
2021-01-15 20:16:00,0.158781,6.554333,237.1076,6.23119,13.28694,5.52816,0.003333333,0.2,0.0008,5.425,3.016666,3.633333,3.266667,-2.130275,0.1728358999999999,33
2021-01-15 20:17:00,0.1587488,6.547819,237.1362,6.279735,13.28511,5.52816,0.002666667,0.2,0.0005333332999999,5.508333,3.116667,3.691667,3.333333,-2.082296,0.1734998,33
2021-01-15 20:18:00,0.1588361,6.569532,237.2763,6.194074,13.28694,5.52816,0.003333333,0.2,0.0006666667,5.366667,2.991667,3.616667,3.233333,-2.0727,0.1732916999999999,33
2021-01-15 20:19:00,0.1588396,6.555304,237.1675,6.089834,13.28694,5.52816,0.0013333329999999,0.2,0.0002666667,5.366667,3.041667,3.716666,3.216666,-2.101487,0.1730789,33
2021-01-15 20:20:00,0.1588001,6.577685,237.3053,5.959044,13.28511,5.536633,0.0006666667,0.2,0.0001333333,5.225,2.825,3.5,3.05,-2.139871,0.1735754999999999,33
2021-01-15 20:21:00,0.1588342,6.551407,237.2463,5.864471,13.28603,5.548496,0.003333333,0.2,0.0006666667,5.05,2.775,3.4,2.925,-2.283808,0.1730065,33
2021-01-15 20:22:00,0.1588246,6.572378,237.2225,5.853756,13.28603,5.548496,0.0006666667,0.2,0.0001333333,5.058333,2.816667,3.441667,2.991667,-2.408554,0.1742701,33
2021-01-15 20:23:00,0.1587794999999999,6.560821,237.1738,5.951613,13.28694,5.548496,0.0013333329999999,0.2,0.0002666667,5.141666,2.908333,3.516667,3.075,-2.408554,0.1730185999999999,33
2021-01-15 20:24:00,0.1588959,6.581874,237.3588,6.264349,13.28648,5.548496,0.0013333329999999,0.2,0.0002666667,5.441666,3.066667,3.708333,3.266666,-2.360575,0.1733519,33
2021-01-15 20:25:00,0.1587926,6.575285,237.2402,6.217241,13.28557,5.548496,0.0006666667,0.2,0.0001333333,5.4,2.975,3.583333,3.166667,-2.120679,0.1731905,33
2021-01-15 20:26:00,0.158719,6.554798,237.2411,6.22295,13.28465,5.548496,0.002,0.1916667,0.0002666667,5.391666,3.108333,3.733333,3.283333,-2.18785,0.1733909999999999,33
2021-01-15 20:27:00,0.158807,6.566971,237.276,6.350008,13.28557,5.548496,0.0013333329999999,0.2,0.0004,5.441666,3.05,3.608333,3.291667,-2.082296,0.1733056,33
2021-01-15 20:28:00,0.1588667,6.577228,237.2216,6.203016,13.28419,5.563557,0.002,0.1916667,0.0002666667,5.325,2.958333,3.583333,3.191667,-2.111083,0.1732508,33
2021-01-15 20:29:00,0.1588720999999999,6.570335,237.5411,6.049174,13.28282,5.571087,0.002,0.2,0.0005333332999999,5.166667,2.866667,3.516667,3.091666,-2.149467,0.1740252999999999,33
2021-01-15 20:30:00,0.1587195999999999,6.579224,237.3201,5.891334,13.28328,5.571087,0.002,0.2,0.0004,5.05,2.725,3.35,2.966666,-2.303,0.1735897,33
2021-01-15 20:31:00,0.1587919999999999,6.580658,237.3193,5.76703,13.28373,5.571087,0.0006666667,0.2,0.0,4.941667,2.641667,3.258333,2.825,-2.456533,0.1738952,33
2021-01-15 20:32:00,0.1587105,6.576041,237.3544,5.728447,13.28373,5.571087,0.0013333329999999,0.1916667,0.0004,4.891667,2.575,3.2,2.75,-2.629258,0.173831,33
2021-01-15 20:33:00,0.1586782999999999,6.583633,237.2679,5.732733,13.28465,5.571087,0.002666667,0.2,0.0005333332999999,4.916667,2.608333,3.216666,2.758333,-2.677237,0.1732249999999999,33
2021-01-15 20:34:00,0.1588128,6.589809,237.4615,6.017744,13.28419,5.571087,0.0006666667,0.2,0.0001333333,5.125,2.775,3.383333,2.925,-2.64845,0.1734893,33
2021-01-15 20:35:00,0.1587746999999999,6.579652,237.3831,6.284061,13.28465,5.571087,0.0013333329999999,0.2,0.0001333333,5.341667,2.916667,3.508333,3.116667,-2.485321,0.1744667,33
2021-01-15 20:36:00,0.1586417,6.588365,237.25,6.443214,13.28511,5.571087,0.002,0.2,0.0005333332999999,5.491666,3.1,3.741667,3.358333,-2.264617,0.173886,33
2021-01-15 20:37:00,0.1586076999999999,6.559694,237.2471,6.448923,13.28603,5.571087,0.002666667,0.1916667,0.0005333332999999,5.525,3.25,3.841666,3.491667,-2.130275,0.1737332,33
2021-01-15 20:38:00,0.1586895999999999,6.563401,237.2374,6.481748,13.28419,5.571087,0.002666667,0.1916667,0.0004,5.633333,3.433333,4.041667,3.733333,-1.995933,0.1742504,33
2021-01-15 20:39:00,0.1589583,6.606919,237.4411,6.442743,13.28236,5.586336,0.0006666667,0.2,0.0002666667,5.558333,3.616667,4.216667,3.916666,-1.880783,0.1738445,33
2021-01-15 20:40:00,0.1589533999999999,6.598135,237.3121,6.7788,13.28144,5.591419,0.002666667,0.2,0.0004,5.808333,3.933333,4.458333,4.291667,-1.899975,0.1737385999999999,33
2021-01-15 20:41:00,0.1586945999999999,6.572745,237.3332,6.871967,13.28144,5.593302,0.0006666667,0.2,0.0001333333,5.9,4.033333,4.6,4.45,-1.746441,0.1732121,33
2021-01-15 20:42:00,0.1587976,6.56862,237.3702,6.701516,13.28144,5.614014,0.0013333329999999,0.2,0.0004,5.816666,4.058333,4.583333,4.483333,-1.621696,0.1739267999999999,33
2021-01-15 20:43:00,0.1589165999999999,6.597038,237.3283,6.616306,13.28099,5.621544,0.002,0.2,0.0004,5.7,4.066667,4.608333,4.525,-1.621696,0.1739006999999999,33
2021-01-15 20:44:00,0.1589168,6.603489,237.4647,6.734764,13.28144,5.636604,0.003333333,0.2,0.0006666667,5.758333,4.125,4.675,4.525,-1.669675,0.1740259,33
2021-01-15 20:45:00,0.1588382999999999,6.599493,237.3854,6.720213,13.28144,5.648467,0.002,0.2,0.0002666667,5.741667,4.125,4.675,4.558333,-1.708058,0.1741773,33
2021-01-15 20:46:00,0.1588738,6.59071,237.3775,6.635948,13.28144,5.65694,0.0006666667,0.2,0.0002666667,5.691667,4.216667,4.733333,4.6,-1.679271,0.1743473,33
2021-01-15 20:47:00,0.1587967,6.609292,237.3381,6.589112,13.28053,5.675766,0.002,0.2,0.0002666667,5.666667,4.15,4.691667,4.566667,-1.765633,0.1741191,33
2021-01-15 20:48:00,0.1588422999999999,6.587307,237.3949,6.659822,13.27778,5.688003,0.002666667,0.2,0.0005333332999999,5.75,4.241667,4.783333,4.691667,-1.823208,0.1740778,33
2021-01-15 20:49:00,0.1588512,6.581891,237.4518,6.642155,13.2764,5.701746,0.002,0.2,0.0005333332999999,5.783333,4.366667,4.9,4.775,-1.765633,0.1742599,33
2021-01-15 20:50:00,0.1587049,6.568489,237.4115,6.84041,13.27595,5.722458,0.002666667,0.2,0.0005333332999999,5.916667,4.558333,5.05,4.933333,-1.717654,0.173632,33
2021-01-15 20:51:00,0.1587826,6.584963,237.3561,6.756056,13.27595,5.739401,0.002666667,0.1916667,0.0004,5.908333,4.533333,5.05,4.975,-1.631292,0.1737007,33
2021-01-15 20:52:00,0.158867,6.609919,237.5309,6.663281,13.27595,5.752204,0.002,0.2,0.0004,5.825,4.475,5.0,4.916667,-1.592908,0.1736966,33
2021-01-15 20:53:00,0.1587909,6.60127,237.4337,6.495092,13.27595,5.77668,0.0006666667,0.2,0.0002666667,5.716667,4.4,4.908333,4.825,-1.573717,0.1738434,33
2021-01-15 20:54:00,0.1588386,6.625358,237.5517,6.295485,13.27595,5.794753,0.0006666667,0.2,0.0001333333,5.558333,4.441667,4.916667,4.766667,-1.688867,0.1749361,33
2021-01-15 20:55:00,0.1587305,6.590815,237.3957,6.631029,13.27549,5.812073,0.002,0.2,0.0004,5.758333,4.558333,5.016666,4.916667,-1.756037,0.1743789,33
2021-01-15 20:56:00,0.1586596,6.612104,237.3738,6.815292,13.27503,5.830898,0.002666667,0.2,0.0004,5.908333,4.641667,5.091667,4.991666,-1.736846,0.1740158,33
2021-01-15 20:57:00,0.1586183999999999,6.60621,237.3029,6.753765,13.2732,5.847848,0.002666667,0.2,0.0006666667,5.816666,4.633333,5.083333,4.983333,-1.650483,0.1744805,33
2021-01-15 20:58:00,0.1585561,6.600484,237.2573,6.796612,13.27137,5.870064,0.0006666667,0.2,0.0001333333,5.908333,4.725,5.2,5.075,-1.650483,0.1750942,33
2021-01-15 20:59:00,0.1585608,6.61883,237.5223,7.121242,13.27045,5.888889,0.0013333329999999,0.2333332999999999,0.0003333333999999,6.2,4.916667,5.341667,5.316667,-1.573717,0.1746680999999999,33
2021-01-15 21:00:00,0.1585969999999999,6.60725,237.3659,7.101655,13.27045,5.909975,0.002666667,0.25,0.0005999999999999,6.266666,5.016666,5.466667,5.391666,-1.410587,0.1745895,33
2021-01-15 21:01:00,0.1588415,6.621064,237.7962,7.035584,13.27045,5.928047,0.003333333,0.2833333,0.0007333332999999,6.15,5.033333,5.483333,5.441666,-1.295437,0.174319,33
2021-01-15 21:02:00,0.1586315,6.636801,237.6838,6.970303,13.27045,5.951208,0.0013333329999999,0.2916667,0.0005999999999999,6.141666,5.066667,5.466667,5.416667,-1.237862,0.1750105,33
2021-01-15 21:03:00,0.1585388,6.637713,237.666,6.8151,13.27045,5.97286,0.002666667,0.2999999999999999,0.0008,6.0,5.016666,5.433333,5.341667,-1.26665,0.1751667,33
2021-01-15 21:04:00,0.1588256,6.632912,237.9191,6.764658,13.27045,5.997334,0.0013333329999999,0.2999999999999999,0.0004,5.991666,5.025,5.449999,5.341667,-1.285842,0.1748768,33
2021-01-15 21:05:00,0.1587523999999999,6.618637,237.8977,6.742393,13.26999,6.01503,0.002666667,0.2999999999999999,0.0008,6.016666,5.041667,5.425,5.341667,-1.353012,0.1752401,33
2021-01-15 21:06:00,0.1588382999999999,6.633733,237.9333,6.721033,13.26908,6.036491,0.002666667,0.2999999999999999,0.0005999999999999,6.008333,5.083333,5.458333,5.3,-1.343417,0.1750099,33
2021-01-15 21:07:00,0.1588197,6.616654,237.7413,6.865115,13.26862,6.057953,0.0013333329999999,0.2999999999999999,0.0005999999999999,6.1,5.1,5.491666,5.333333,-1.324225,0.1745802999999999,33
2021-01-15 21:08:00,0.1589164999999999,6.632336,237.7374,6.968538,13.26587,6.079418,0.002666667,0.2999999999999999,0.0008,6.175,5.175,5.558333,5.366667,-1.333821,0.1743531,33
2021-01-15 21:09:00,0.1590177,6.638542,237.9128,6.969836,13.26541,6.090717,0.003333333,0.2999999999999999,0.0008,6.183333,5.15,5.525,5.308333,-1.3818,0.1741574999999999,33
2021-01-15 21:10:00,0.1592058,6.680953,238.078,6.893826,13.26495,6.116697,0.002,0.2999999999999999,0.0008,6.083333,5.133333,5.533333,5.266667,-1.372204,0.1747467,33
2021-01-15 21:11:00,0.1594909999999999,6.700877,238.4395,6.914308,13.26495,6.13364,0.0006666667,0.2999999999999999,0.0002,6.15,5.141667,5.55,5.225,-1.458567,0.1747686,33
2021-01-15 21:12:00,0.1594677999999999,6.669754,238.2546,6.737729,13.26495,6.152466,0.0013333329999999,0.2999999999999999,0.0002,5.983333,5.091667,5.466667,5.141667,-1.410587,0.1741188999999999,33
2021-01-15 21:13:00,0.1593747,6.635877,237.9446,6.715986,13.26495,6.166397,0.0013333329999999,0.2999999999999999,0.0005999999999999,5.975,5.075,5.516666,5.158333,-1.6121,0.1740484999999999,33
2021-01-15 21:14:00,0.1592442,6.666688,237.9975,6.726142,13.26495,6.176563,0.003333333,0.2916667,0.0008,5.949999,4.958333,5.416667,5.075,-1.640887,0.1747547999999999,33
2021-01-15 21:15:00,0.159356,6.678233,238.0018,6.699505,13.26495,6.199162,0.002666667,0.2916667,0.0009333333999999,5.791667,4.783333,5.241667,4.883333,-1.784825,0.1748807,33
2021-01-15 21:16:00,0.1594300999999999,6.667781,237.9752,6.680964,13.26495,6.21987,0.002666667,0.275,0.0008,5.691666,4.666667,5.125,4.758334,-1.832804,0.1741657,33
2021-01-15 21:17:00,0.1591519999999999,6.665929,237.9412,6.476761,13.26541,6.226835,0.0013333329999999,0.25,0.0004,5.55,4.466667,4.95,4.558333,-1.986337,0.1747254,33
2021-01-15 21:18:00,0.1587987999999999,6.613654,237.5867,6.469885,13.26495,6.242085,0.002,0.2083333,0.0004666666999999,5.533333,4.408333,4.883333,4.508333,-2.149467,0.1743121,33
2021-01-15 21:19:00,0.1587587,6.653383,237.7413,6.373423,13.26462,6.25338,0.0013333329999999,0.2,0.0002666667,5.5,4.308333,4.75,4.375,-2.216637,0.1746566,33
2021-01-15 21:20:00,0.1589685999999999,6.634417,237.6183,6.206986,13.2668,6.264675,0.002,0.2,0.0004,5.375,4.208333,4.591667,4.175,-2.245425,0.1746885,33
2021-01-15 21:21:00,0.1592909,6.675139,238.0559,6.092754,13.26826,6.264675,0.002,0.2083333,0.0004,5.291667,4.133333,4.541667,4.066667,-2.350979,0.1751991,33
2021-01-15 21:22:00,0.1593106,6.66315,238.1131,5.979347,13.26874,6.274091,0.0013333329999999,0.2,0.0002666667,5.191667,3.95,4.383333,3.925,-2.322191,0.1745564,33
2021-01-15 21:23:00,0.1591475,6.66559,238.1901,5.88397,13.26925,6.287273,0.0006666667,0.2,0.0001333333,5.1,3.858333,4.25,3.775,-2.408554,0.1748909999999999,33
2021-01-15 21:24:00,0.1593505,6.669942,238.2435,5.780385,13.2702,6.287273,0.002666667,0.2,0.0005333332999999,5.0,3.741667,4.116666,3.6,-2.485321,0.1747795,33
2021-01-15 21:25:00,0.1591103,6.656498,238.1406,5.766811,13.27022,6.287273,0.002666667,0.2,0.0005333332999999,4.933333,3.666667,4.025,3.483333,-2.571683,0.1744171999999999,33
2021-01-15 21:26:00,0.1591073,6.671926,238.1152,5.686069,13.27026,6.287273,0.0,0.2,0.0,4.875,3.525,3.908333,3.35,-2.552491,0.1756693,33
2021-01-15 21:27:00,0.159141,6.686821,238.1062,5.553856,13.26935,6.287273,0.004,0.2,0.0008,4.7,3.391667,3.766666,3.158333,-2.677237,0.1750708,33
2021-01-15 21:28:00,0.1591733999999999,6.658518,238.0988,5.633901,13.2703,6.287273,0.002,0.2,0.0004,4.766667,3.325,3.7,3.083333,-2.754004,0.1745331,33
2021-01-15 21:29:00,0.1591742999999999,6.676684,238.2198,5.683927,13.27031,6.287273,0.0006666667,0.2,0.0001333333,4.725,3.15,3.6,2.933333,-2.7636,0.1753153,33
2021-01-15 21:30:00,0.1589957999999999,6.65766,238.022,5.619534,13.27033,6.272208,0.0006666667,0.2,0.0001333333,4.65,3.025,3.458333,2.8,-2.859558,0.174664,33
2021-01-15 21:31:00,0.1590911999999999,6.677732,238.0261,5.550528,13.27356,6.264675,0.002666667,0.2,0.0005333332999999,4.541667,2.925,3.425,2.716666,-2.965112,0.1740881,33
2021-01-15 21:32:00,0.1590002,6.665351,238.0202,5.621272,13.27494,6.264675,0.0006666667,0.2,0.0,4.55,2.933333,3.375,2.7,-3.089858,0.1751664,33
2021-01-15 21:33:00,0.1588412999999999,6.649747,238.0483,5.991535,13.27404,6.247732,0.002666667,0.1916667,0.0006666667,4.833333,3.0,3.483333,2.85,-2.984304,0.1752381,33
2021-01-15 21:34:00,0.1589364,6.68107,238.1813,6.145576,13.27588,6.24039,0.0006666667,0.2,0.0001333333,5.016666,3.091666,3.608333,2.975,-2.686833,0.1754676,33
2021-01-15 21:35:00,0.1590123,6.672676,238.1448,6.0923,13.27589,6.228529,0.002666667,0.2,0.0005333332999999,5.008333,3.125,3.583333,3.033333,-2.504512,0.17413,33
2021-01-15 21:36:00,0.1589068999999999,6.655207,238.0004,6.010542,13.27589,6.221752,0.002666667,0.1916667,0.0005333332999999,4.925,3.125,3.625,3.058333,-2.341383,0.1749815,33
2021-01-15 21:37:00,0.158884,6.671406,237.9566,6.001578,13.2759,6.214222,0.0006666667,0.2,0.0001333333,4.891667,3.083333,3.608333,3.091666,-2.322191,0.1754493,33
2021-01-15 21:38:00,0.1588826999999999,6.675591,237.9547,5.884378,13.27591,6.199162,0.002,0.1916667,0.0002666667,4.833333,3.108333,3.608333,3.083333,-2.245425,0.1748725999999999,33
2021-01-15 21:39:00,0.1590666,6.673112,238.0641,5.960726,13.27591,6.184096,0.002,0.2,0.0005333332999999,4.908333,3.158333,3.683333,3.141667,-2.341383,0.1752305999999999,33
2021-01-15 21:40:00,0.1590831,6.663074,238.0305,6.065317,13.27592,6.176563,0.002666667,0.2,0.0004,4.975,3.166667,3.741667,3.208333,-2.216637,0.1752098,33
2021-01-15 21:41:00,0.1590954,6.667459,238.0015,5.97935,13.27592,6.174869,0.0013333329999999,0.2,0.0004,4.925,3.158333,3.683333,3.133333,-2.197446,0.1751108,33
2021-01-15 21:42:00,0.1591485,6.679776,238.0677,5.672086,13.27638,6.156231,0.0,0.2,0.0,4.775,3.016666,3.575,3.05,-2.216637,0.1752593,33
2021-01-15 21:43:00,0.1592139999999999,6.67035,238.1098,5.3915,13.27684,6.148701,0.002,0.2,0.0004,4.591667,2.95,3.516666,2.966666,-2.370171,0.1742607999999999,33
2021-01-15 21:44:00,0.1589656999999999,6.651354,237.9515,5.502956,13.2773,6.13364,0.0013333329999999,0.1916667,0.0002666667,4.608333,2.966666,3.55,2.983333,-2.542896,0.1751323999999999,33
2021-01-15 21:45:00,0.1587942,6.645355,237.7614,5.615001,13.28051,6.123474,0.002,0.2,0.0004,4.658333,2.891666,3.491667,2.95,-2.552491,0.1747006999999999,33
2021-01-15 21:46:00,0.1587772,6.645765,237.666,5.912832,13.28143,6.10766,0.002,0.2,0.0004,4.8,2.891667,3.5,2.991667,-2.638854,0.1749897,33
2021-01-15 21:47:00,0.158701,6.644762,237.6476,5.923028,13.28143,6.090717,0.002,0.2,0.0004,4.766667,2.858333,3.483333,2.983333,-2.610067,0.1747480999999999,33
2021-01-15 21:48:00,0.1587866,6.658212,237.7521,5.841455,13.28098,6.081301,0.0013333329999999,0.1916667,0.0002666667,4.741667,2.85,3.441667,2.95,-2.600471,0.1744889,33
2021-01-15 21:49:00,0.1591558999999999,6.657522,237.8763,5.531008,13.28144,6.068119,0.0006666667,0.2,0.0001333333,4.65,2.808333,3.4,2.908333,-2.562087,0.1750105999999999,33
2021-01-15 21:50:00,0.1590303,6.65224,237.8407,5.448731,13.28144,6.049481,0.002666667,0.2,0.0005333332999999,4.566667,2.7,3.375,2.858333,-2.552491,0.1750105,33
2021-01-15 21:51:00,0.158925,6.679986,237.7794,5.375671,13.28144,6.036491,0.0013333329999999,0.1749999999999999,0.0002666667,4.475,2.683333,3.308333,2.791667,-2.542896,0.174653,33
2021-01-15 21:52:00,0.1589729,6.661152,237.8047,5.361417,13.28144,6.020113,0.003333333,0.1916667,0.0005999999999999,4.475,2.7,3.291666,2.816667,-2.542896,0.1754598,33
2021-01-15 21:53:00,0.1589358999999999,6.692556,237.876,5.432661,13.28144,6.004864,0.0013333329999999,0.2,0.0002666667,4.525,2.716666,3.266666,2.783333,-2.475725,0.1746866,33
2021-01-15 21:54:00,0.1591334,6.687389,237.9704,5.401402,13.28144,5.987921,0.0,0.2,0.0,4.55,2.683333,3.275,2.75,-2.408554,0.1749346,33
2021-01-15 21:55:00,0.1593006999999999,6.684549,238.0622,5.3873,13.28144,5.970978,0.002666667,0.1916667,0.0005333332999999,4.483333,2.65,3.283333,2.783333,-2.370171,0.1752056999999999,33
2021-01-15 21:56:00,0.1591589999999999,6.669541,237.9556,5.206958,13.28144,5.957987,0.002,0.2,0.0004,4.366667,2.55,3.15,2.683333,-2.264617,0.1746767999999999,33
2021-01-15 21:57:00,0.1591227,6.680023,237.9523,5.188289,13.28144,5.939342,0.0006666667,0.1833333,0.0001333333,4.266667,2.525,3.158333,2.675,-2.360575,0.1750954,33
2021-01-15 21:58:00,0.159191,6.661757,238.0012,5.406657,13.28144,5.916752,0.0006666667,0.1916667,0.0001333333,4.366667,2.591667,3.166667,2.758333,-2.379767,0.1744569,33
2021-01-15 21:59:00,0.1593285999999999,6.688036,238.0903,5.522037,13.2819,5.904891,0.002,0.2,0.0004,4.441667,2.6,3.141667,2.733333,-2.360575,0.1753880999999999,33
2021-01-15 22:00:00,0.1593181999999999,6.696133,238.1615,5.651824,13.2819,5.888889,0.002666667,0.2,0.0004,4.583333,2.666667,3.25,2.8,-2.303,0.1754228999999999,33
2021-01-15 22:01:00,0.1592075,6.679981,238.065,5.639616,13.2819,5.873829,0.002,0.2,0.0005333332999999,4.625,2.725,3.375,2.941667,-2.159062,0.1745892,33
2021-01-15 22:02:00,0.1591338999999999,6.686729,238.1185,5.670614,13.28419,5.851238,0.002,0.2,0.0004,4.625,2.816667,3.425,3.016666,-2.053508,0.1757361,33
2021-01-15 22:03:00,0.1587703,6.633045,237.6191,5.840141,13.28603,5.834288,0.0013333329999999,0.2,0.0002666667,4.791667,2.883333,3.5,3.083333,-2.005529,0.1748523999999999,33
2021-01-15 22:04:00,0.1587802,6.652875,237.6153,5.809149,13.28557,5.829016,0.0013333329999999,0.2,0.0002666667,4.8,2.925,3.491667,3.1,-1.890379,0.1754532,33
2021-01-15 22:05:00,0.1588487,6.686384,237.7516,5.625525,13.28648,5.808308,0.0,0.2,0.0,4.575,2.825,3.383333,3.025,-1.899975,0.1755741,33
2021-01-15 22:06:00,0.1587888,6.635722,237.6522,5.771384,13.28648,5.799836,0.002,0.2,0.0004,4.65,2.933333,3.508333,3.041667,-2.082296,0.1755780999999999,33
2021-01-15 22:07:00,0.1588249999999999,6.665781,237.7141,6.129507,13.28694,5.787975,0.0013333329999999,0.2,0.0001333333,4.908333,3.0,3.566667,3.141667,-2.149467,0.1755596,33
2021-01-15 22:08:00,0.1589451,6.678463,237.8841,6.087709,13.28648,5.780445,0.002,0.2,0.0005333332999999,4.916667,3.05,3.625,3.241667,-2.015125,0.1751715,33
2021-01-15 22:09:00,0.1591022,6.693785,237.9642,6.136919,13.28603,5.765385,0.003333333,0.2,0.0006666667,4.941667,3.033333,3.616667,3.241667,-2.015125,0.1756927,33
2021-01-15 22:10:00,0.1591837999999999,6.684246,238.0649,6.016368,13.28603,5.754087,0.002,0.2,0.0004,4.766667,2.883333,3.508333,3.108333,-1.928762,0.1747189,33
2021-01-15 22:11:00,0.1590291,6.692196,237.9716,5.437012,13.28099,5.74279,0.0013333329999999,0.2,0.0001333333,4.516666,2.691667,3.325,2.866667,-1.976742,0.1755724999999999,33
2021-01-15 22:12:00,0.1591712,6.701557,238.1234,4.990019,13.28511,5.74279,0.0013333329999999,0.2,0.0004,4.208333,2.508333,3.108333,2.6,-2.283808,0.1751728999999999,33
2021-01-15 22:13:00,0.1592529,6.695003,238.2264,4.592454,13.28465,5.722458,0.0006666667,0.1916667,0.0001333333,3.883333,2.316667,2.9,2.366667,-2.638854,0.1752553,33
2021-01-15 22:14:00,0.1592052999999999,6.704971,238.2969,4.329029,13.28419,5.711161,0.0,0.2,0.0,3.733333,2.216667,2.841666,2.233333,-2.897941,0.1755935,33
2021-01-15 22:15:00,0.1591701,6.706369,238.3404,4.04899,13.28465,5.699863,0.003333333,0.2,0.0005333332999999,3.55,2.1,2.725,2.108333,-3.032283,0.1764524,33
2021-01-15 22:16:00,0.1590613999999999,6.708556,238.2299,3.828401,13.28648,5.68292,0.002,0.2,0.0005333332999999,3.491667,2.0,2.575,1.916667,-3.214604,0.1756011,33
2021-01-15 22:17:00,0.1590887,6.702288,238.2915,3.689411,13.28694,5.664471,0.003333333,0.2,0.0006666667,3.4,1.916667,2.55,1.85,-3.262583,0.1760856,33
2021-01-15 22:18:00,0.1590825999999999,6.687677,238.3281,3.774019,13.28694,5.650162,0.0013333329999999,0.2,0.0002666667,3.425,1.908333,2.541667,1.858333,-3.300967,0.1756215999999999,33
2021-01-15 22:19:00,0.1590986,6.717114,238.2816,4.123919,13.28648,5.630957,0.002,0.2,0.0004,3.466666,1.875,2.466667,1.841667,-3.272179,0.1757476,33
2021-01-15 22:20:00,0.1591026,6.718301,238.3705,4.447331,13.28786,5.608365,0.0013333329999999,0.2,0.0002666667,3.691667,1.833333,2.475,1.841667,-3.128242,0.1764526999999999,33
2021-01-15 22:21:00,0.1591555,6.709978,238.4158,4.290845,13.28923,5.58803,0.0013333329999999,0.2,0.0002666667,3.658333,1.825,2.441667,1.8,-2.965112,0.1758914,33
2021-01-15 22:22:00,0.1592459,6.707666,238.39,4.041686,13.29061,5.571087,0.002666667,0.2,0.0005333332999999,3.55,1.825,2.433333,1.725,-2.888345,0.1755728,33
2021-01-15 22:23:00,0.1592746999999999,6.712761,238.3872,3.840525,13.29244,5.548496,0.0006666667,0.2083333,0.0001333333,3.475,1.816667,2.425,1.683333,-2.840366,0.17594,33
2021-01-15 22:24:00,0.1592718999999999,6.693821,238.3841,3.665487,13.29198,5.529854,0.0006666667,0.2,0.0001333333,3.383333,1.8,2.416667,1.658333,-2.734812,0.1756138999999999,33
2021-01-15 22:25:00,0.1594513999999999,6.727344,238.4266,3.667314,13.29244,5.502369,0.003333333,0.2083333,0.0005333332999999,3.35,1.783333,2.408333,1.7,-2.658046,0.1759109,33
2021-01-15 22:26:00,0.1591540999999999,6.695857,238.207,3.832807,13.29244,5.481472,0.002,0.2083333,0.0004666666999999,3.416667,1.8,2.416667,1.658333,-2.571683,0.1756115,33
2021-01-15 22:27:00,0.1592327,6.70094,238.1292,3.88256,13.29244,5.458878,0.0013333329999999,0.2083333,0.0004,3.408333,1.783333,2.366667,1.691667,-2.523704,0.175682,33
2021-01-15 22:28:00,0.159312,6.715432,238.19,3.895149,13.29244,5.434969,0.0006666667,0.2166666999999999,0.0001333333,3.408333,1.675,2.316667,1.625,-2.446937,0.1759304999999999,33
2021-01-15 22:29:00,0.1595099,6.72587,238.49,4.069688,13.29244,5.410305,0.0,0.275,0.0,3.475,1.716667,2.325,1.675,-2.370171,0.1757064,33
2021-01-15 22:30:00,0.1599994999999999,6.755181,239.017,4.268518,13.29381,5.392042,0.0006666667,0.2666666999999999,0.0002,3.541667,1.75,2.383333,1.683333,-2.226233,0.1755724999999999,33
2021-01-15 22:31:00,0.1601167,6.732302,239.021,4.228566,13.29473,5.363613,0.0013333329999999,0.2999999999999999,0.0002,3.608333,1.816667,2.416667,1.783333,-2.101487,0.1748819,33
2021-01-15 22:32:00,0.1599192999999999,6.761627,238.9779,4.192463,13.29427,5.344032,0.0013333329999999,0.275,0.0005999999999999,3.633333,1.808333,2.441667,1.808333,-1.95755,0.1759429999999999,33
2021-01-15 22:33:00,0.159612,6.715204,238.6013,4.100989,13.29656,5.320688,0.0006666667,0.2916667,0.0002,3.55,1.841667,2.433333,1.783333,-1.871187,0.1752417,33
2021-01-15 22:34:00,0.1594579999999999,6.748085,238.7597,4.041492,13.29794,5.302802,0.0006666667,0.2999999999999999,0.0002,3.525,1.808333,2.416667,1.733333,-1.8424,0.1769414,33
2021-01-15 22:35:00,0.1594545,6.743091,238.7883,4.004923,13.29656,5.277761,0.002666667,0.2999999999999999,0.0008,3.483333,1.9,2.525,1.783333,-1.823208,0.1759140999999999,33
2021-01-15 22:36:00,0.159422,6.754456,238.6262,3.907196,13.29794,5.258934,0.002666667,0.2999999999999999,0.0008,3.45,1.941667,2.508333,1.858333,-1.756037,0.1766767999999999,33
2021-01-15 22:37:00,0.1594281999999999,6.742878,238.5638,3.990341,13.29748,5.233894,0.0,0.2999999999999999,0.0,3.491667,1.991667,2.566667,1.908333,-1.775229,0.1765879999999999,33
2021-01-15 22:38:00,0.1594878999999999,6.722963,238.4799,4.148467,13.29794,5.217892,0.0006666667,0.2999999999999999,0.0002,3.541667,2.0,2.55,1.933333,-1.72725,0.1761687,33
2021-01-15 22:39:00,0.1593557999999999,6.734106,238.608,4.149251,13.29794,5.194358,0.002666667,0.2999999999999999,0.0008,3.575,2.025,2.608333,1.991667,-1.669675,0.1764734,33
2021-01-15 22:40:00,0.1594606,6.718962,238.6774,4.018203,13.29794,5.17873,0.002,0.2999999999999999,0.0005999999999999,3.491667,1.991667,2.616667,1.975,-1.621696,0.1757494,33
2021-01-15 22:41:00,0.1595648,6.733414,238.5924,3.959117,13.29794,5.154821,0.002,0.2999999999999999,0.0005999999999999,3.516666,2.066667,2.658333,2.0,-1.544929,0.1756595,33
2021-01-15 22:42:00,0.159449,6.720457,238.6136,3.914441,13.29794,5.139572,0.0013333329999999,0.2999999999999999,0.0002,3.516666,2.091667,2.65,2.0,-1.535333,0.175491,33
2021-01-15 22:43:00,0.1594260999999999,6.718098,238.5715,3.858287,13.29794,5.117166,0.002,0.2999999999999999,0.0008,3.5,2.083333,2.691667,2.066667,-1.525737,0.176433,33
2021-01-15 22:44:00,0.1595753,6.748577,238.7675,3.852322,13.29794,5.09834,0.0013333329999999,0.2999999999999999,0.0004,3.466666,2.041667,2.6,1.975,-1.544929,0.1760566,33
2021-01-15 22:45:00,0.1596814,6.715511,238.6355,3.841527,13.29794,5.0797,0.002666667,0.2999999999999999,0.0005999999999999,3.408333,2.0,2.591667,1.9,-1.516142,0.1753442,33
2021-01-15 22:46:00,0.1594695999999999,6.746513,238.6904,3.863338,13.29794,5.057108,0.002666667,0.2999999999999999,0.0008,3.416667,2.008333,2.583333,1.9,-1.602504,0.1759786,33
2021-01-15 22:47:00,0.1595408,6.748678,238.6998,3.867301,13.29931,5.0396,0.0006666667,0.2999999999999999,0.0004,3.458333,2.091667,2.658333,1.958333,-1.602504,0.1757362,33
2021-01-15 22:48:00,0.1595086,6.715088,238.7307,3.89813,13.30114,5.021714,0.0,0.2999999999999999,0.0,3.483333,2.075,2.666667,1.983333,-1.602504,0.1757045,33
2021-01-15 22:49:00,0.1601501999999999,6.795486,239.397,3.919261,13.3016,5.00345,0.002,0.2999999999999999,0.0005999999999999,3.5,2.091667,2.658333,1.966667,-1.554525,0.1759706,33
2021-01-15 22:50:00,0.1605318,6.79505,239.8085,3.942506,13.30114,4.984436,0.002666667,0.2999999999999999,0.0005999999999999,3.483333,2.091667,2.691667,1.966667,-1.525737,0.1753912,33
2021-01-15 22:51:00,0.1601151,6.798052,239.3431,4.145111,13.30252,4.965607,0.0006666667,0.2999999999999999,0.0004,3.566667,2.208333,2.825,2.091667,-1.506546,0.1755248,33
2021-01-15 22:52:00,0.1597154,6.753736,239.0837,4.332808,13.30252,4.946969,0.0013333329999999,0.3083332999999999,0.0004,3.691667,2.291667,2.891667,2.225,-1.391396,0.1754362999999999,33
2021-01-15 22:53:00,0.1596220999999999,6.769915,239.1539,4.209734,13.30343,4.932096,0.0013333329999999,0.3083332999999999,0.0004666666999999,3.683333,2.35,2.958333,2.333333,-1.257054,0.1758288,33
2021-01-15 22:54:00,0.1596911,6.783718,239.4013,3.903301,13.30343,4.920989,0.002666667,0.3416666999999999,0.0007333332999999,3.575,2.308333,2.875,2.308333,-1.065138,0.1756916,33
2021-01-15 22:55:00,0.1597914,6.762676,239.3721,3.665921,13.30343,4.902348,0.002,0.3666667,0.0008666667,3.475,2.333333,2.858333,2.308333,-1.1515,0.1759443,33
2021-01-15 22:56:00,0.1596266,6.748603,239.2468,3.856639,13.30343,4.887287,0.0013333329999999,0.3916666999999999,0.0005333332999999,3.575,2.366667,2.891667,2.333333,-1.180287,0.1755516,33
2021-01-15 22:57:00,0.1599159,6.798124,239.3298,4.001801,13.30343,4.879757,0.003333333,0.3916666999999999,0.001266667,3.666667,2.391667,2.925,2.375,-1.093925,0.1764852,33
2021-01-15 22:58:00,0.1600121999999999,6.750715,239.2176,4.043795,13.30297,4.859425,0.0013333329999999,0.4,0.0005333332999999,3.633333,2.341666,2.891667,2.316667,-1.113117,0.1753435,33
2021-01-15 22:59:00,0.1600519,6.787378,239.4913,4.407018,13.30386,4.844362,0.002666667,0.4,0.0008,3.791667,2.483333,3.0,2.433333,-1.228267,0.1760569999999999,33
2021-01-15 23:00:00,0.1598583,6.76334,239.3208,4.675195,13.30379,4.83683,0.0013333329999999,0.4,0.0008,3.941667,2.516667,3.033333,2.516667,-1.113117,0.1759342,33
2021-01-15 23:01:00,0.1598391999999999,6.767509,239.3658,5.11795,13.30376,4.821581,0.002666667,0.3916666999999999,0.0007333332999999,4.308333,2.85,3.375,2.816667,-1.1515,0.1755762999999999,33
2021-01-15 23:02:00,0.1596597999999999,6.763735,239.2533,5.622612,13.30326,4.816498,0.002,0.4,0.001066667,4.566667,3.141666,3.575,3.083333,-1.093925,0.1761764,33
2021-01-15 23:03:00,0.1595208999999999,6.774358,239.1019,6.695923,13.30368,4.799555,0.002,0.4,0.0005333332999999,5.358333,3.475,3.941667,3.508333,-1.026754,0.1763743,33
2021-01-15 23:04:00,0.1597069,6.76859,239.2504,7.216444,13.30321,4.793907,0.002,0.4,0.001066667,5.641666,3.675,4.133333,3.766666,-0.5373666,0.1763030999999999,33
2021-01-15 23:05:00,0.1597331999999999,6.75696,239.1118,7.061803,13.30225,4.793907,0.002,0.4,0.0008,5.641666,3.758333,4.233334,3.925,-0.1247458,0.1759511,33
2021-01-15 23:06:00,0.1595992,6.758869,238.8633,6.686775,13.29857,4.793907,0.003333333,0.4,0.0013333329999999,5.366667,3.716666,4.225,3.925,0.01919167,0.1763778,33
2021-01-15 23:07:00,0.1596812,6.750812,238.828,6.305777,13.29717,4.793907,0.004,0.4,0.0013333329999999,5.158333,3.725,4.208333,3.925,-0.03838333,0.1754322,33
2021-01-15 23:08:00,0.1598377,6.74465,238.965,5.927301,13.29807,4.793907,0.0013333329999999,0.3916666999999999,0.0008,4.975,3.633333,4.158333,3.825,-0.2398957999999999,0.1763028,33
2021-01-15 23:09:00,0.1597845,6.757123,239.0526,5.168962,13.29805,4.793907,0.0013333329999999,0.4,0.0005333332999999,4.566667,3.466666,3.95,3.575,-0.5085791,0.1762515,33
2021-01-15 23:10:00,0.159836,6.755391,239.0827,4.812656,13.29804,4.793907,0.002666667,0.4,0.0008,4.325,3.4,3.841666,3.45,-0.9883708,0.1763388999999999,33
2021-01-15 23:11:00,0.1596934,6.756952,239.0061,4.58643,13.29711,4.793907,0.0013333329999999,0.4,0.0005333332999999,4.158333,3.275,3.741667,3.308333,-1.237862,0.1757385999999999,33
2021-01-15 23:12:00,0.1596505,6.782489,238.9897,4.609268,13.29618,4.799555,0.002,0.4,0.001066667,4.141667,3.291666,3.775,3.333333,-1.525737,0.175883,33
2021-01-15 23:13:00,0.1598447,6.755522,239.0268,4.647963,13.29755,4.814615,0.002666667,0.4,0.0008,4.208333,3.241667,3.733333,3.275,-1.583312,0.1755105999999999,33
2021-01-15 23:14:00,0.1597609999999999,6.740811,239.0385,4.709983,13.29754,4.816498,0.0006666667,0.3916666999999999,0.0005333332999999,4.2,3.266666,3.708333,3.266666,-1.650483,0.1765558,33
2021-01-15 23:15:00,0.1598740999999999,6.77859,239.1525,5.025588,13.29662,4.816498,0.0006666667,0.4,0.0002666667,4.308333,3.283333,3.716666,3.3,-1.698462,0.1757655999999999,33
2021-01-15 23:16:00,0.1597986999999999,6.776895,239.0926,5.005352,13.29478,4.819887,0.0006666667,0.4,0.0002666667,4.375,3.266666,3.675,3.275,-1.602504,0.1752602,33
2021-01-15 23:17:00,0.1597406,6.772289,238.9502,4.664119,13.29752,4.830053,0.0013333329999999,0.4,0.0002666667,4.208333,3.158333,3.583333,3.15,-1.516142,0.1763555,33
2021-01-15 23:18:00,0.1596713999999999,6.756195,239.0487,4.69882,13.2966,4.83683,0.002,0.4,0.001066667,4.158333,3.125,3.525,3.066667,-1.535333,0.1763349999999999,33
2021-01-15 23:19:00,0.1595224,6.759406,238.9121,4.685217,13.29522,4.83683,0.003333333,0.3916666999999999,0.001066667,4.108333,3.075,3.541667,3.05,-1.458567,0.1764484,33
2021-01-15 23:20:00,0.1596159,6.77477,239.0151,4.684501,13.29632,4.83683,0.003333333,0.3916666999999999,0.0016,4.066667,3.108333,3.541667,3.033333,-1.439375,0.1761890999999999,33
2021-01-15 23:21:00,0.1595408,6.755135,238.9206,4.677341,13.29612,4.83683,0.003333333,0.3833332999999999,0.001,4.091667,3.058333,3.491667,2.966666,-1.429779,0.1759595999999999,33
2021-01-15 23:22:00,0.1596217,6.771896,238.9175,4.603437,13.29789,4.848127,0.0013333329999999,0.3916666999999999,0.0008,4.041667,3.0,3.441667,2.916667,-1.439375,0.1758887,33
2021-01-15 23:23:00,0.1595723,6.772937,239.0234,4.659389,13.2974,4.857542,0.003333333,0.3583333,0.0011999999999999,4.016666,3.025,3.5,2.958333,-1.583312,0.176742,33
2021-01-15 23:24:00,0.1597363,6.751737,239.0833,4.912527,13.29778,4.859425,0.003333333,0.3083332999999999,0.0008,4.166667,2.991667,3.491667,2.983333,-1.592908,0.1760848999999999,33
2021-01-15 23:25:00,0.159637,6.735656,238.9833,4.895351,13.29731,4.859425,0.003333333,0.3166667,0.0011999999999999,4.125,2.941667,3.466666,2.966666,-1.49695,0.1757592,33
2021-01-15 23:26:00,0.1596144999999999,6.756792,238.9698,4.765801,13.29681,4.859425,0.003333333,0.2999999999999999,0.001,4.016666,2.9,3.366667,2.858333,-1.429779,0.1763111,33
2021-01-15 23:27:00,0.15952,6.789081,238.9716,4.74361,13.29678,4.859425,0.0006666667,0.3083332999999999,0.0002,3.975,2.875,3.35,2.833333,-1.477758,0.1763933,33
2021-01-15 23:28:00,0.159468,6.774931,238.9152,4.747452,13.29722,4.861119,0.004666667,0.2999999999999999,0.0011999999999999,3.991667,2.841666,3.325,2.791666,-1.564121,0.1764434,33
2021-01-15 23:29:00,0.1595804999999999,6.779758,239.001,4.740819,13.29673,4.864508,0.0013333329999999,0.2999999999999999,0.0005999999999999,4.008333,2.8,3.316667,2.75,-1.621696,0.1768991,33
2021-01-15 23:30:00,0.1596693999999999,6.772402,239.0237,4.715309,13.29809,4.866202,0.002666667,0.2999999999999999,0.0005999999999999,3.983333,2.716666,3.2,2.691667,-1.660079,0.1762877999999999,33
2021-01-15 23:31:00,0.1595420999999999,6.770435,238.9442,4.668203,13.29806,4.876368,0.003333333,0.2999999999999999,0.001,3.933333,2.616667,3.125,2.608333,-1.736846,0.17624,33
2021-01-15 23:32:00,0.1594888999999999,6.773608,238.9333,4.573685,13.2982,4.876368,0.002,0.2999999999999999,0.0005999999999999,3.9,2.566667,3.066667,2.533333,-1.765633,0.1771633,33
2021-01-15 23:33:00,0.1595107,6.792436,239.0276,4.743164,13.29803,4.879757,0.002,0.2916667,0.0008,3.975,2.641667,3.141667,2.616667,-1.832804,0.1770938,33
2021-01-15 23:34:00,0.1596356999999999,6.776293,239.1605,5.095204,13.29797,4.874674,0.0013333329999999,0.2999999999999999,0.0004,4.183333,2.633333,3.2,2.675,-1.784825,0.1765727,33
2021-01-15 23:35:00,0.1596791999999999,6.766161,239.258,5.172534,13.29838,4.879757,0.002,0.2999999999999999,0.0005999999999999,4.291667,2.666667,3.258333,2.725,-1.650483,0.1764196,33
2021-01-15 23:36:00,0.1596635999999999,6.783617,239.1099,4.96909,13.2983,4.878063,0.0013333329999999,0.2999999999999999,0.0004,4.183333,2.658333,3.225,2.758333,-1.573717,0.1767469999999999,33
2021-01-15 23:37:00,0.1595604999999999,6.764439,239.0502,5.201149,13.29828,4.879757,0.005333334,0.2833333,0.001533333,4.241667,2.716666,3.283333,2.808333,-1.516142,0.1771156,33
2021-01-15 23:38:00,0.1596055999999999,6.752461,239.0816,5.315587,13.29822,4.879757,0.002666667,0.2916667,0.0005999999999999,4.2,2.666667,3.2,2.741667,-1.439375,0.1771039,33
2021-01-15 23:39:00,0.1596953,6.783487,239.144,5.324883,13.2982,4.879757,0.002,0.2999999999999999,0.0005999999999999,4.166667,2.633333,3.225,2.733333,-1.429779,0.1761041,33
2021-01-15 23:40:00,0.1599139,6.779968,239.3542,5.484322,13.29816,4.879757,0.002666667,0.2999999999999999,0.0008,4.325,2.75,3.341666,2.841666,-1.468162,0.1759012,33
2021-01-15 23:41:00,0.1596964999999999,6.79511,239.2067,5.813791,13.29813,4.879757,0.002,0.2999999999999999,0.0008,4.558333,2.875,3.458333,3.0,-1.477758,0.1758385,33
2021-01-15 23:42:00,0.1597842999999999,6.790067,239.2568,6.159484,13.29812,4.879757,0.002666667,0.2999999999999999,0.0008,4.841667,3.041667,3.616667,3.225,-1.343417,0.1768768,33
2021-01-15 23:43:00,0.1599527,6.796343,239.3414,6.17948,13.29808,4.879757,0.002666667,0.2999999999999999,0.0008,4.75,2.941667,3.508333,3.125,-1.065138,0.176603,33
2021-01-15 23:44:00,0.1599278,6.826733,239.4592,6.239451,13.29808,4.879757,0.003333333,0.2999999999999999,0.001,4.741667,2.958333,3.433333,3.091666,-0.9403916,0.1767798999999999,33
2021-01-15 23:45:00,0.1600018,6.808762,239.6319,6.261504,13.29714,4.885405,0.002666667,0.2999999999999999,0.0008,4.633333,2.891667,3.425,2.975,-0.9691792,0.1762956,33
2021-01-15 23:46:00,0.1599567,6.804322,239.5361,6.358347,13.29667,4.902348,0.0006666667,0.2999999999999999,0.0002,4.6,2.933333,3.441667,3.025,-1.03635,0.1759462,33
2021-01-15 23:47:00,0.1599013,6.803151,239.4209,6.36049,13.29757,4.902348,0.002,0.2999999999999999,0.0005999999999999,4.575,2.875,3.425,3.008333,-1.074733,0.1762182999999999,33
2021-01-15 23:48:00,0.1597701,6.790099,239.3812,6.355495,13.29664,4.902348,0.004666667,0.2999999999999999,0.0014,4.525,2.85,3.441667,2.983333,-1.199479,0.1765611,33
2021-01-15 23:49:00,0.1598227,6.824188,239.4258,6.268223,13.29526,4.905737,0.003333333,0.2999999999999999,0.001,4.533333,2.808333,3.358333,2.975,-1.343417,0.1765752999999999,33
2021-01-15 23:50:00,0.1601625999999999,6.794472,239.6693,6.380057,13.29479,4.922684,0.002666667,0.2999999999999999,0.0005999999999999,4.6,2.791666,3.391666,3.025,-1.49695,0.1767065999999999,33
2021-01-15 23:51:00,0.1602484,6.857464,239.9794,6.410749,13.29479,4.922684,0.002666667,0.2999999999999999,0.001,4.616666,2.75,3.291667,2.975,-1.439375,0.1772282,33
2021-01-15 23:52:00,0.1603513,6.847857,240.0043,6.4186,13.2934,4.922684,0.002,0.2999999999999999,0.0005999999999999,4.558333,2.633333,3.166667,2.85,-1.448971,0.1771982,33
2021-01-15 23:53:00,0.1601648,6.796302,239.7174,6.328699,13.2934,4.937744,0.003333333,0.2999999999999999,0.0008,4.483333,2.65,3.208333,2.775,-1.448971,0.1768455999999999,33
2021-01-15 23:54:00,0.1601746,6.808933,239.7561,6.065625,13.29248,4.945274,0.002666667,0.2999999999999999,0.001,4.35,2.616667,3.166667,2.716666,-1.410587,0.1768805,33
2021-01-15 23:55:00,0.1603138,6.821539,239.8728,5.892781,13.29247,4.945274,0.0013333329999999,0.3083332999999999,0.0002,4.275,2.491667,3.025,2.591667,-1.391396,0.1764660999999999,33
2021-01-15 23:56:00,0.1600512,6.802371,239.7108,5.768163,13.29247,4.957135,0.002,0.325,0.0008666667,4.183333,2.45,2.983333,2.508333,-1.343417,0.1769102999999999,33
2021-01-15 23:57:00,0.1600281,6.833954,239.7685,5.582952,13.29247,4.965607,0.002666667,0.3666667,0.0007333332999999,4.083333,2.4,2.95,2.483333,-1.324225,0.1771412,33
2021-01-15 23:58:00,0.1599685999999999,6.815553,239.6857,5.427824,13.29246,4.965607,0.0013333329999999,0.375,0.0005333332999999,3.991667,2.358333,2.858333,2.4,-1.362608,0.1769302,33
2021-01-15 23:59:00,0.160054,6.84686,239.6708,5.312702,13.29246,4.965607,0.002666667,0.4,0.001066667,3.925,2.366667,2.916667,2.425,-1.3818,0.1772324999999999,33
