utc_measured_on,ac_power_inv_28678,dc_power_inv_28678,dc_voltage_inv_28678,temperature_inverter_inv_28678,temperature_inverter_inv_28678_2,ac_power_inv_28679,dc_power_inv_28679,dc_voltage_inv_28679,temperature_inverter_inv_28679,temperature_inverter_inv_28679_2,temperature_ambient_o_5200,irradiance_ghi_o_5200,irradiance_poa_o_5200,temperature_module_o_5200,temperature_module_o_5200_2,dc_current_meter_3106,ac_energy_other_meter_3106,ac_energy_other_meter_3106_2,ac_power_meter_3106,system_id
2022-01-15 00:00:00,0.0,0.0,6.356,27.252,19.311,0.0,0.0,18.9,-50.078,18.898000000000003,5.304,18.531,20.893,,-1.2459999999999996,1.6,985263.0,60155.0,-0.987,14201
2022-01-15 00:05:00,0.0,0.0,6.46,26.909,18.843,0.0,0.0,18.9,-49.726,18.284,4.903000000000001,18.531,20.893,,-1.3820000000000003,1.6,985263.0,60155.0,-1.024,14201
2022-01-15 00:10:00,0.0,0.0,6.648,26.546,18.366000000000003,0.0,0.0,18.9,-49.579,17.657,4.761,18.531,20.893,,-1.4719999999999998,1.6,985263.0,60155.0,-1.032,14201
2022-01-15 00:15:00,0.0,0.0,6.776,26.169,17.914,0.0,0.0,18.9,-50.661,17.166,4.605,18.531,20.893,,-1.4999999999999996,1.6,985263.0,60155.0,-1.037,14201
2022-01-15 00:20:00,0.0,0.0,6.918,25.804,17.525999999999996,0.0,0.0,18.9,-50.577,16.616,4.109,18.531,20.893,,-1.515,1.6,985263.0,60155.0,-1.015,14201
2022-01-15 00:25:00,0.0,0.0,7.158,25.458,17.125999999999998,0.0,0.0,18.9,-49.739,16.144,4.113,18.531,20.893,,-1.6070000000000009,1.6,985263.0,60155.0,-1.031,14201
2022-01-15 00:30:00,0.0,0.0,7.3,24.991,16.737000000000002,0.0,0.0,18.9,-48.872,15.81,4.359000000000002,18.531,20.893,,-1.6949999999999992,1.6,985263.0,60155.0,-1.031,14201
2022-01-15 00:35:00,0.0,0.0,7.416,24.559,16.383,0.0,0.0,18.9,-47.919,15.394000000000002,4.205000000000002,18.531,20.893,,-1.6680000000000008,1.6,985263.0,60155.0,-1.053,14201
2022-01-15 00:40:00,0.0,0.0,7.469,24.191000000000003,16.083,0.0,0.0,18.9,-47.859,14.935999999999998,3.5859999999999994,18.531,20.893,,-1.515,1.6,985263.0,60155.0,-1.031,14201
2022-01-15 00:45:00,0.0,0.0,7.503999999999999,23.83,15.792000000000002,0.0,0.0,18.9,-46.773,14.556000000000004,4.344000000000001,18.531,20.893,,-1.5549999999999995,1.6,985263.0,60155.0,-1.008,14201
2022-01-15 00:50:00,0.0,0.0,7.763,23.504,15.505,0.0,0.0,18.9,-46.748,14.183000000000002,4.510000000000002,18.531,20.893,,-1.743999999999999,1.6,985263.0,60155.157,-1.026,14201
2022-01-15 00:55:00,0.0,0.0,7.817999999999999,23.177,15.186,0.0,0.0,18.9,-46.604000000000006,13.841,3.919999999999999,18.531,20.893,,-1.826,1.6,985263.0,60156.0,-1.025,14201
2022-01-15 01:00:00,0.0,0.0,7.881999999999999,22.904,14.859999999999998,0.0,0.0,18.9,-46.514,13.518,3.680999999999999,18.531,20.893,,-1.981,1.6,985263.0,60156.0,-1.043,14201
2022-01-15 01:05:00,0.0,0.0,7.961999999999998,22.598,14.564999999999998,0.0,0.0,18.9,-47.045,13.195,4.294,18.531,20.893,,-2.119999999999999,1.6,985263.0,60156.0,-1.071,14201
2022-01-15 01:10:00,0.0,0.0,7.989,22.283,14.271000000000004,0.0,0.0,18.9,-47.141,12.908,4.615000000000001,18.531,20.893,,-2.176,1.6,985263.0,60156.0,-1.045,14201
2022-01-15 01:15:00,0.0,0.0,8.038999999999998,22.0,14.002999999999998,0.0,0.0,18.9,-48.108,12.622,4.668,18.531,20.893,,-2.1720000000000006,1.6,985263.0,60156.0,-1.054,14201
2022-01-15 01:20:00,0.0,0.0,8.217,21.688,13.681,0.0,0.0,18.9,-48.449000000000005,12.349999999999998,4.009,18.531,20.893,,-2.261000000000001,1.6,985263.0,60156.0,-1.03,14201
2022-01-15 01:25:00,0.0,0.0,8.326,21.403,13.461,0.0,0.0,18.9,-48.453,12.073999999999998,3.9979999999999984,18.531,20.893,,-2.299000000000001,1.6,985263.0,60156.0,-0.996,14201
2022-01-15 01:30:00,0.0,0.0,8.582,21.114,13.194,0.0,0.0,18.9,-48.649,11.867,4.217999999999999,18.531,20.893,,-2.301,1.6,985263.0,60156.0,-0.987,14201
2022-01-15 01:35:00,0.0,0.0,8.797,20.876999999999995,12.906999999999998,0.0,0.0,18.9,-48.549,11.716,4.459000000000001,18.531,20.893,,-2.2110000000000003,1.6,985263.0,60156.0,-1.022,14201
2022-01-15 01:40:00,0.0,0.0,8.896,20.558000000000003,12.597,0.0,0.0,18.9,-48.379,11.563,3.895999999999999,18.531,20.893,,-2.248,1.6,985263.0,60156.0,-1.048,14201
2022-01-15 01:45:00,0.0,0.0,8.907999999999998,20.273,12.391,0.0,0.0,18.9,-48.54299999999999,11.355,3.1820000000000013,18.531,20.893,,-2.4650000000000007,1.6,985263.0,60156.0,-0.999,14201
2022-01-15 01:50:00,0.0,0.0,9.083,19.883,12.146,0.0,0.0,18.9,-49.059,11.162,3.5890000000000004,18.531,20.893,,-2.462,1.6,985263.0,60156.515,-1.028,14201
2022-01-15 01:55:00,0.0,0.0,9.118,19.595,11.896,0.0,0.0,18.9,-49.475,10.963,3.7609999999999975,18.531,20.893,,-2.1419999999999995,1.6,985263.0,60157.0,-1.074,14201
2022-01-15 02:00:00,0.0,0.0,9.129,19.369,11.497000000000002,0.0,0.0,18.9,-49.906000000000006,10.9,4.510999999999999,18.531,20.893,,-1.6779999999999993,1.6,985263.0,60157.0,-1.047,14201
2022-01-15 02:05:00,0.0,0.0,9.149,19.135,11.196,0.0,0.0,18.9,-49.339000000000006,10.9,5.015000000000001,18.531,20.893,,-1.1440000000000003,1.6,985263.0,60157.0,-1.024,14201
2022-01-15 02:10:00,0.0,0.0,9.204,18.824,10.942,0.0,0.0,18.9,-50.881,10.806999999999997,5.32,18.531,20.893,,-0.9000000000000005,1.6,985263.0,60157.0,-1.025,14201
2022-01-15 02:15:00,0.0,0.0,9.169,18.575000000000003,10.699000000000002,0.0,0.0,18.9,-50.907,10.786,5.440999999999999,18.531,20.893,,-0.6439999999999991,1.6,985263.0,60157.0,-1.074,14201
2022-01-15 02:20:00,0.0,0.0,9.129,18.317,10.491,0.0,0.0,18.9,-51.385,10.699999999999998,5.437,18.531,20.893,,-0.7060000000000007,1.6,985263.0,60157.0,-1.061,14201
2022-01-15 02:25:00,0.0,0.0,9.133,18.144,10.291,0.0,0.0,18.9,-52.684,10.614,5.579999999999998,18.531,20.893,,-0.5159999999999993,1.6,985263.0,60157.0,-1.02,14201
2022-01-15 02:30:00,0.0,0.0,9.169,17.93,10.121,0.0,0.0,18.9,-53.638000000000005,10.582999999999998,5.601000000000001,18.531,20.893,,-0.4329999999999993,1.6,985263.0,60157.0,-1.041,14201
2022-01-15 02:35:00,0.0,0.0,9.118,17.506999999999998,10.084,0.0,0.0,18.9,-53.612,10.476,5.404000000000002,18.531,20.893,,-0.7790000000000002,1.6,985263.0,60157.0,-1.06,14201
2022-01-15 02:40:00,0.0,0.0,9.188,17.349000000000004,9.932,0.0,0.0,18.9,-53.17,10.391,5.177000000000001,18.531,20.893,,-1.0199999999999991,1.6,985263.0,60157.0,-1.06,14201
2022-01-15 02:45:00,0.0,0.0,9.218,17.172,9.787,0.0,0.0,18.9,-53.418,10.303999999999998,5.437,18.531,20.893,,-0.8840000000000003,1.6,985263.0,60157.153,-1.091,14201
2022-01-15 02:50:00,0.0,0.0,9.258,16.900000000000002,9.699,0.0,0.0,18.9,-64.971,10.291999999999998,5.679999999999998,18.531,20.893,,-0.5230000000000009,1.811,985263.0,60158.0,-1.258,14201
2022-01-15 02:55:00,0.0,0.0,9.399,16.868999999999996,9.649,0.0,0.0,18.9,-80.0,10.531000000000002,5.481,18.531,20.893,,-0.7089999999999996,2.1,985263.0,60158.0,-1.5,14201
2022-01-15 03:00:00,0.0,0.0,9.338,16.691,9.514,0.0,0.0,18.9,-66.451,10.689,5.460000000000002,18.531,20.893,,-0.6219999999999991,1.821,985263.0,60158.0,-1.26,14201
2022-01-15 03:05:00,0.0,0.0,9.316,16.526,9.399,0.0,0.0,18.9,-58.29,10.731000000000002,5.461,18.531,20.893,,-0.5429999999999997,1.689,985263.0,60158.0,-1.18,14201
2022-01-15 03:10:00,0.0,0.0,9.431,16.448,9.302999999999995,0.0,0.0,18.9,-63.444,10.701999999999998,5.360000000000001,18.531,20.893,,-0.6740000000000002,1.789,985263.0,60158.0,-1.284,14201
2022-01-15 03:15:00,0.0,0.0,9.434,16.177000000000003,9.300000000000002,0.0,0.0,18.9,-79.16400000000002,10.903,5.477999999999999,18.531,20.893,,-0.4499999999999992,2.028,985263.0,60158.0,-1.45,14201
2022-01-15 03:20:00,0.0,0.0,9.55,16.078,9.241,0.0,0.0,18.9,-59.74,10.954,5.361,18.531,20.893,,-0.6369999999999996,1.701,985263.0,60158.0,-1.188,14201
2022-01-15 03:25:00,0.0,0.0,9.669,16.197999999999997,9.152,0.0,0.0,18.9,-68.813,10.927,5.260999999999999,18.531,20.893,,-1.0189999999999997,1.858,985263.0,60158.0,-1.321,14201
2022-01-15 03:30:00,0.0,0.0,9.787,15.94,9.025,0.0,0.0,18.9,-80.0,11.232,4.925000000000001,18.531,20.893,,-1.4669999999999996,2.1,985263.0,60158.0,-1.5,14201
2022-01-15 03:35:00,0.0,0.0,9.792,15.948,8.955,0.0,0.0,18.9,-72.579,11.352,4.7810000000000015,18.531,20.893,,-1.7950000000000008,1.951,985263.0,60158.987,-1.383,14201
2022-01-15 03:40:00,0.0,0.0,9.791,15.916,8.84,0.0,0.0,18.9,-56.949000000000005,11.301,4.425999999999999,18.531,20.893,,-2.069,1.648,985263.0,60159.0,-1.174,14201
2022-01-15 03:45:00,0.0,0.0,9.882,15.771,8.729999999999999,0.0,0.0,18.9,-53.644000000000005,11.067,4.400000000000001,18.531,20.893,,-2.048,1.6,985263.0,60159.0,-1.126,14201
2022-01-15 03:50:00,0.0,0.0,9.842,15.687000000000005,8.611,0.0,0.0,18.9,-53.871,10.928999999999998,4.320000000000001,18.531,20.893,,-2.035,1.6,985263.0,60159.0,-1.132,14201
2022-01-15 03:55:00,0.0,0.0,9.811000000000002,15.668,8.445,0.0,0.0,18.9,-53.597,10.82,4.538,18.531,20.893,,-1.7049999999999994,1.6,985263.0,60159.0,-1.131,14201
2022-01-15 04:00:00,0.0,0.0,9.741,15.316000000000004,8.375999999999998,0.0,0.0,18.9,-54.008,10.660000000000002,4.443,18.531,20.893,,-1.5800000000000007,1.6,985263.0,60159.0,-1.151,14201
2022-01-15 04:05:00,0.0,0.0,9.807,15.491,8.258000000000001,0.0,0.0,18.9,-53.84,10.498,4.221,18.531,20.893,,-1.81,1.6,985263.0,60159.0,-1.153,14201
2022-01-15 04:10:00,0.0,0.0,9.87,15.293,8.052999999999997,0.0,0.0,18.9,-53.894000000000005,10.383,4.3980000000000015,18.531,20.893,,-1.7219999999999993,1.6,985263.0,60159.0,-1.174,14201
2022-01-15 04:15:00,0.0,0.0,9.802,15.137999999999998,7.806000000000004,0.0,0.0,18.9,-52.944,10.265,4.4190000000000005,18.531,20.893,,-1.3100000000000005,1.6,985263.0,60159.0,-1.149,14201
2022-01-15 04:20:00,0.0,0.0,9.772,14.979,7.7429999999999986,0.0,0.0,18.9,-52.854000000000006,10.135,4.382,18.531,20.893,,-1.3980000000000006,1.6,985263.0,60159.0,-1.141,14201
2022-01-15 04:25:00,0.0,0.0,9.773,14.752000000000002,7.596999999999999,0.0,0.0,18.9,-52.471,9.99,3.9419999999999984,18.531,20.893,,-1.709,1.6,985263.0,60159.55,-1.172,14201
2022-01-15 04:30:00,0.0,0.0,9.685,14.629,7.43,0.0,0.0,18.9,-52.237,9.855,4.039999999999999,18.531,20.893,,-1.701000000000001,1.6,985263.0,60160.0,-1.156,14201
2022-01-15 04:35:00,0.0,0.0,9.624,14.544999999999996,7.295,0.0,0.0,18.9,-52.84,9.729,4.002000000000001,18.531,20.893,,-1.775,1.6,985263.0,60160.0,-1.167,14201
2022-01-15 04:40:00,0.0,0.0,9.635,14.525000000000002,7.200000000000001,0.0,0.0,18.9,-52.752,9.561000000000002,3.901,18.531,20.893,,-1.7470000000000003,1.6,985263.0,60160.0,-1.167,14201
2022-01-15 04:45:00,0.0,0.0,9.515,14.317,7.154999999999998,0.0,0.0,18.9,-52.81,9.378000000000002,3.980000000000001,18.531,20.893,,-1.7559999999999991,1.6,985263.0,60160.0,-1.168,14201
2022-01-15 04:50:00,0.0,0.0,9.577,14.254,7.017999999999998,0.0,0.0,18.9,-52.83500000000001,9.234,3.82,18.531,20.893,,-1.5810000000000004,1.6,985263.0,60160.0,-1.164,14201
2022-01-15 04:55:00,0.0,0.0,9.628,14.191,6.936,0.0,0.0,18.9,-53.044,9.061000000000002,3.721999999999998,18.531,20.893,,-1.7429999999999997,1.6,985263.0,60160.0,-1.172,14201
2022-01-15 05:00:00,0.0,0.0,9.578,14.036,6.819,0.0,0.0,18.9,-52.806,8.899000000000001,3.580999999999999,18.531,20.893,,-2.035,1.6,985263.0,60160.0,-1.189,14201
2022-01-15 05:05:00,0.0,0.0,9.531,14.028,6.800000000000001,0.0,0.0,18.9,-52.958,8.721,3.5029999999999992,18.531,20.893,,-2.4079999999999995,1.6,985263.0,60160.0,-1.185,14201
2022-01-15 05:10:00,0.0,0.0,9.421,13.931999999999997,6.732000000000002,0.0,0.0,18.9,-53.481,8.497999999999998,3.3400000000000003,18.531,20.893,,-2.6590000000000007,1.6,985263.0,60160.0,-1.187,14201
2022-01-15 05:15:00,0.0,0.0,9.494,13.883000000000004,6.695000000000001,0.0,0.0,18.9,-53.707,8.284999999999998,3.519000000000001,18.531,20.893,,-2.7999999999999994,1.6,985263.0,60160.017,-1.172,14201
2022-01-15 05:20:00,0.0,0.0,9.503,13.748,6.610000000000001,0.0,0.0,18.9,-53.21600000000001,8.074,3.499000000000001,18.531,20.893,,-2.789999999999999,1.6,985263.0,60161.0,-1.163,14201
2022-01-15 05:25:00,0.0,0.0,9.554,13.663000000000002,6.553000000000001,0.0,0.0,18.9,-53.118,7.934999999999999,3.580999999999999,18.531,20.893,,-2.7059999999999995,1.6,985263.0,60161.0,-1.159,14201
2022-01-15 05:30:00,0.0,0.0,9.483,13.607000000000005,6.497000000000001,0.0,0.0,18.9,-52.805,7.785,3.245000000000001,18.531,20.893,,-2.7949999999999995,1.6,985263.0,60161.0,-1.155,14201
2022-01-15 05:35:00,0.0,0.0,9.375,13.481,6.417000000000002,0.0,0.0,18.9,-52.756,7.635999999999998,3.099999999999999,18.531,20.893,,-2.905,1.6,985263.0,60161.0,-1.17,14201
2022-01-15 05:40:00,0.0,0.0,9.366,13.401000000000002,6.342,0.0,0.0,18.9,-52.674,7.450999999999999,2.8230000000000013,18.531,20.893,,-3.1869999999999994,1.6,985263.0,60161.0,-1.183,14201
2022-01-15 05:45:00,0.0,0.0,9.368,13.341,6.219000000000001,0.0,0.0,18.9,-52.342,7.293999999999999,2.263,18.531,20.893,,-3.529,1.6,985263.0,60161.0,-1.193,14201
2022-01-15 05:50:00,0.0,0.0,9.316,13.236000000000002,6.175999999999998,0.0,0.0,18.9,-52.859,7.108999999999999,2.202,18.531,20.893,,-3.684,1.6,985263.0,60161.0,-1.171,14201
2022-01-15 05:55:00,0.0,0.0,9.363,13.128000000000002,6.096,0.0,0.0,18.9,-52.672,6.882,1.9590000000000016,18.531,20.893,,-3.858000000000001,1.6,985263.0,60161.0,-1.189,14201
2022-01-15 06:00:00,0.0,0.0,9.302,13.008,5.999999999999998,0.0,0.0,18.9,-52.77,6.677,2.3359999999999994,18.531,20.893,,-3.951,1.6,985263.0,60161.0,-1.173,14201
2022-01-15 06:05:00,0.0,0.0,9.144,12.938,5.904000000000001,0.0,0.0,18.9,-53.051,6.495000000000001,2.539,18.531,20.893,,-4.0,1.6,985263.0,60161.0,-1.169,14201
2022-01-15 06:10:00,0.0,0.0,9.13,12.844,5.863000000000001,0.0,0.0,18.9,-52.992,6.302999999999999,1.8839999999999988,18.531,20.893,,-4.0920000000000005,1.6,985263.0,60161.553,-1.173,14201
2022-01-15 06:15:00,0.0,0.0,9.090000000000002,12.726,5.799,0.0,0.0,18.9,-53.487,6.106,1.4820000000000002,18.531,20.893,,-4.025000000000001,1.6,985263.0,60162.0,-1.192,14201
2022-01-15 06:20:00,0.0,0.0,8.997,12.627,5.708,0.0,0.0,18.9,-53.063,5.957,2.1699999999999995,18.531,20.893,,-3.7760000000000007,1.6,985263.0,60162.0,-1.179,14201
2022-01-15 06:25:00,0.0,0.0,8.811999999999998,12.550000000000002,5.640999999999998,0.0,0.0,18.9,-53.281,5.831999999999999,1.9880000000000009,18.531,20.893,,-3.886000000000001,1.6,985263.0,60162.0,-1.185,14201
2022-01-15 06:30:00,0.0,0.0,8.705,12.451,5.554,0.0,0.0,18.9,-53.175,5.650999999999999,1.3040000000000005,18.531,20.893,,-4.265,1.6,985263.0,60162.0,-1.189,14201
2022-01-15 06:35:00,0.0,0.0,8.660999999999998,12.342,5.447,0.0,0.0,18.9,-54.105,5.472,1.2190000000000012,18.531,20.893,,-4.484000000000001,1.6,985263.0,60162.0,-1.188,14201
2022-01-15 06:40:00,0.0,0.0,8.627,12.231,5.3450000000000015,0.0,0.0,18.9,-53.873000000000005,5.305,1.399,18.531,20.893,,-4.577000000000002,1.6,985263.0,60162.0,-1.183,14201
2022-01-15 06:45:00,0.0,0.0,8.593,12.152000000000005,5.293,0.0,0.0,18.9,-53.751000000000005,5.172999999999999,1.502000000000001,18.531,20.893,,-4.655000000000001,1.6,985263.0,60162.0,-1.165,14201
2022-01-15 06:50:00,0.0,0.0,8.444,12.014,5.137999999999998,0.0,0.0,18.9,-53.54299999999999,5.065,0.9670000000000004,18.531,20.893,,-4.763,1.6,985263.0,60162.0,-1.181,14201
2022-01-15 06:55:00,0.0,0.0,8.34,11.972,5.0440000000000005,0.0,0.0,18.9,-53.857,4.923000000000002,0.5210000000000015,18.531,20.893,,-4.788,1.6,985263.0,60162.0,-1.173,14201
2022-01-15 07:00:00,0.0,0.0,8.298,11.826,4.925000000000001,0.0,0.0,18.9,-53.851,4.812,0.6790000000000004,18.531,20.893,,-4.529,1.603,985263.0,60162.127,-1.184,14201
2022-01-15 07:05:00,0.0,0.0,8.151,11.712000000000002,4.800000000000001,0.0,0.0,18.9,-53.823,4.759999999999999,0.6419999999999999,18.531,20.893,,-4.477,1.608,985263.0,60163.0,-1.196,14201
2022-01-15 07:10:00,0.0,0.0,8.038999999999998,11.646999999999998,4.688000000000001,0.0,0.0,18.9,-53.882,4.635000000000002,0.3609999999999994,18.531,20.893,,-4.517,1.6,985263.0,60163.0,-1.163,14201
2022-01-15 07:15:00,0.0,0.0,8.045,11.562,4.595000000000001,0.0,0.0,18.9,-53.471,4.515999999999999,0.2999999999999994,18.531,20.893,,-4.638000000000001,1.6,985263.0,60163.0,-1.196,14201
2022-01-15 07:20:00,0.0,0.0,7.881,11.457,4.505000000000001,0.0,0.0,18.9,-53.412,4.371,0.3770000000000016,18.531,20.893,,-4.855,1.6,985263.0,60163.0,-1.193,14201
2022-01-15 07:25:00,0.0,0.0,7.752,11.377,4.439000000000001,0.0,0.0,18.9,-53.787,4.222,0.6579999999999981,18.531,20.893,,-4.961,1.6,985263.0,60163.0,-1.179,14201
2022-01-15 07:30:00,0.0,0.0,7.614,11.275999999999998,4.373999999999999,0.0,0.0,18.9,-54.022,4.061000000000002,0.9600000000000009,18.531,20.893,,-4.772000000000001,1.6,985263.0,60163.0,-1.185,14201
2022-01-15 07:35:00,0.0,0.0,7.429999999999999,11.189,4.278999999999999,0.0,0.0,18.9,-53.725,3.972,1.04,18.531,20.893,,-4.595000000000001,1.6,985263.0,60163.0,-1.189,14201
2022-01-15 07:40:00,0.0,0.0,7.484,11.114,4.200000000000001,0.0,0.0,18.9,-54.16,3.8560000000000016,0.9600000000000009,18.531,20.893,,-4.818,1.6,985263.0,60163.0,-1.187,14201
2022-01-15 07:45:00,0.0,0.0,7.397,11.037,4.118,0.0,0.0,18.9,-54.114,3.745,0.5489999999999994,18.531,20.893,,-5.086000000000001,1.6,985263.0,60163.0,-1.179,14201
2022-01-15 07:50:00,0.0,0.0,6.835,10.925,4.000000000000002,0.0,0.0,18.9,-54.896,3.6609999999999983,0.1609999999999997,18.531,20.893,,-5.332,1.613,985263.0,60163.0,-1.195,14201
2022-01-15 07:55:00,0.0,0.0,6.477,10.883,3.895999999999999,0.0,0.0,18.9,-54.195,3.5530000000000013,0.0019999999999991,18.531,20.893,,-5.38,1.6,985263.0,60163.76,-1.197,14201
2022-01-15 08:00:00,0.0,0.0,6.366,10.792000000000002,3.808,0.0,0.0,18.9,-53.734,3.460000000000001,0.0,18.531,20.893,,-5.21,1.6,985263.0,60164.0,-1.172,14201
2022-01-15 08:05:00,0.0,0.0,6.098,10.683,3.7510000000000017,0.0,0.0,18.9,-53.712,3.325,-0.0409999999999991,18.531,20.893,,-5.187000000000001,1.6,985263.0,60164.0,-1.181,14201
2022-01-15 08:10:00,0.0,0.0,6.0,10.631999999999998,3.6439999999999984,0.0,0.0,18.9,-53.724,3.225,-0.3190000000000006,18.531,20.893,,-5.186000000000001,1.6,985263.0,60164.0,-1.177,14201
2022-01-15 08:15:00,0.0,0.0,6.0,10.517,3.5999999999999983,0.0,0.0,18.9,-53.34,3.1110000000000007,-0.1210000000000002,18.531,20.893,,-5.089,1.6,985263.0,60164.0,-1.156,14201
2022-01-15 08:20:00,0.0,0.0,6.443,10.461,3.521000000000001,0.0,0.0,18.9,-53.946,3.02,-0.0009999999999995,18.531,20.893,,-5.001999999999999,1.612,985263.0,60164.0,-1.19,14201
2022-01-15 08:25:00,0.0,0.0,6.226,10.374000000000002,3.4480000000000013,0.0,0.0,18.9,-54.047,2.5209999999999986,-0.2389999999999994,18.531,20.893,,-5.0,2.651,985263.0,60164.0,-2.011,14201
2022-01-15 08:30:00,0.0,0.0,6.091,10.301,3.3530000000000006,0.0,0.0,18.9,-54.032,0.0599999999999982,-0.5379999999999994,18.531,20.893,,-5.077,3.356,985263.0,60164.0,-2.582,14201
2022-01-15 08:35:00,0.0,0.0,6.159,10.255000000000004,3.276,0.0,0.0,18.9,-58.596,0.0,-0.6610000000000009,18.531,20.893,,-5.103000000000001,3.355,985263.0,60164.698,-2.591,14201
2022-01-15 08:40:00,0.0,0.0,6.0,10.154,3.203,0.0,0.0,18.9,-74.94400000000002,0.0,-0.5209999999999995,18.531,20.893,,-5.1930000000000005,3.365,985263.0,60165.0,-2.583,14201
2022-01-15 08:45:00,0.0,0.0,6.0,10.092,3.175000000000002,0.0,0.0,18.9,-78.989,0.0,-0.1849999999999991,18.531,20.893,,-5.1370000000000005,3.365,985263.0,60165.0,-2.588,14201
2022-01-15 08:50:00,0.0,0.0,6.0,10.047999999999998,3.094999999999999,0.0,0.0,18.9,-79.66499999999998,0.0,-0.0999999999999997,18.531,20.893,,-4.928000000000001,3.346,985263.0,60165.0,-2.582,14201
2022-01-15 08:55:00,0.0,0.0,6.0,9.651,3.0080000000000005,0.0,0.0,18.9,-78.99600000000001,0.0,-0.1399999999999992,18.531,20.893,,-4.742,3.358,985263.0,60165.02,-2.584,14201
2022-01-15 09:00:00,0.0,0.0,6.0,9.593,2.989999999999999,0.0,0.0,18.9,-80.0,0.0,0.076999999999998,18.531,20.893,,-4.687,3.508,985263.0,60166.0,-2.691,14201
2022-01-15 09:05:00,0.0,0.0,6.0,7.026,1.0129999999999997,0.0,0.0,18.9,-78.081,0.0,-0.0360000000000008,18.531,20.893,,-4.757999999999999,5.262,985263.0,60166.0,-3.993,14201
2022-01-15 09:10:00,0.0,0.0,6.0,6.35,0.0,0.0,0.0,18.9,-72.825,0.0,-0.3590000000000002,18.531,20.893,,-4.954000000000001,5.274,985263.0,60166.0,-3.996,14201
2022-01-15 09:15:00,0.0,0.0,6.0,5.837,0.0,0.0,0.0,18.9,-65.39399999999999,0.0,-0.6960000000000002,18.531,20.893,,-5.153000000000001,5.281,985263.0,60166.667,-3.997,14201
2022-01-15 09:20:00,0.0,0.0,6.0,5.447,0.0,0.0,0.0,18.9,-74.536,0.0,-0.7599999999999992,18.531,20.893,,-5.294999999999999,5.297,985263.0,60167.0,-4.005,14201
2022-01-15 09:25:00,0.0,0.0,6.0,5.11,0.0,0.0,0.0,18.9,-65.241,0.0,-0.6010000000000006,18.531,20.893,,-5.318,5.292,985263.0,60167.0,-3.997,14201
2022-01-15 09:30:00,0.0,0.0,6.0,4.343,0.0,0.0,0.0,18.9,-54.49,0.0,-0.4209999999999997,18.531,20.893,,-5.390000000000001,5.508,985263.0,60167.688,-4.191,14201
2022-01-15 09:35:00,0.0,0.0,6.0,4.088000000000002,0.0,0.0,0.0,18.9,-57.08899999999999,0.0,-0.4389999999999992,18.531,20.893,,-5.361,5.316,985263.0,60168.0,-4.031,14201
2022-01-15 09:40:00,0.0,0.0,6.0,3.9610000000000016,0.0,0.0,0.0,18.9,-63.556,0.0,-0.5589999999999998,18.531,20.893,,-5.4190000000000005,5.276,985263.0,60168.0,-3.999,14201
2022-01-15 09:45:00,0.0,0.0,6.0,3.8170000000000015,0.0,0.0,0.0,18.9,-75.28799999999998,0.0,-0.8170000000000006,18.531,20.893,,-5.541,5.491,985263.0,60168.72,-4.201,14201
2022-01-15 09:50:00,0.0,0.0,6.0,3.6310000000000007,0.0,0.0,0.0,18.9,-64.221,0.0,-0.6410000000000002,18.531,20.893,,-5.479000000000001,5.591,985263.0,60169.0,-4.296,14201
2022-01-15 09:55:00,0.0,0.0,6.0,3.5260000000000007,0.0,0.0,0.0,18.9,-54.27000000000001,0.0,-0.3800000000000005,18.531,20.893,,-5.388999999999999,5.58,985263.0,60169.0,-4.293,14201
2022-01-15 10:00:00,0.0,0.0,6.0,3.4530000000000007,0.0,0.0,0.0,18.9,-56.241,0.0,-0.4599999999999996,18.531,20.893,,-5.262,5.574,985263.0,60169.93,-4.29,14201
2022-01-15 10:05:00,0.0,0.0,6.0,3.3829999999999987,0.0,0.0,0.0,18.9,-75.637,0.0,-0.7369999999999995,18.531,20.893,,-5.216,5.572,985263.0,60170.0,-4.285,14201
2022-01-15 10:10:00,0.0,0.0,6.0,3.301,0.0,0.0,0.0,18.9,-75.63899999999998,0.0,-1.0780000000000003,18.531,20.893,,-5.416999999999999,5.591,985263.0,60170.107,-4.289,14201
2022-01-15 10:15:00,0.0,0.0,6.0,3.299999999999999,0.0,0.0,0.0,18.9,-62.897,0.0,-1.0000000000000004,18.531,20.893,,-5.532,5.603,985263.0,60171.0,-4.296,14201
2022-01-15 10:20:00,0.0,0.0,6.0,3.2990000000000013,0.0,0.0,0.0,18.9,-64.27499999999999,0.0,-0.9600000000000009,18.531,20.893,,-5.675000000000001,5.806,985263.0,60171.0,-4.487,14201
2022-01-15 10:25:00,0.0,0.0,6.0,3.206000000000001,0.0,0.0,0.0,18.9,-54.164,0.0,-1.0780000000000003,18.531,20.893,,-5.842999999999999,5.617,985263.0,60171.367,-4.319,14201
2022-01-15 10:30:00,0.0,0.0,6.0,3.1230000000000007,0.0,0.0,0.0,18.9,-54.354,0.0,-1.101,18.531,20.893,,-6.0,5.593,985263.0,60172.0,-4.293,14201
2022-01-15 10:35:00,0.0,0.0,6.0,3.076,0.0,0.0,0.0,18.9,-54.459,0.0,-1.0000000000000004,18.531,20.893,,-5.989000000000001,5.575,985263.0,60172.0,-4.295,14201
2022-01-15 10:40:00,0.0,0.0,6.0,2.911999999999999,0.0,0.0,0.0,18.9,-53.831,0.0,-1.2179999999999995,18.531,20.893,,-5.807,5.6,985263.0,60172.563,-4.291,14201
2022-01-15 10:45:00,0.0,0.0,6.0,2.767000000000001,0.0,0.0,0.0,18.9,-53.951,0.0,-1.4800000000000009,18.531,20.893,,-5.781,5.681,985263.0,60173.0,-4.353,14201
2022-01-15 10:50:00,0.0,0.0,6.0,2.6980000000000004,0.0,0.0,0.0,18.9,-53.34799999999999,0.0,-1.5399999999999991,18.531,20.893,,-5.786,5.83,985263.0,60173.0,-4.474,14201
2022-01-15 10:55:00,0.0,0.0,6.0,2.6030000000000006,0.0,0.0,0.0,18.9,-53.517,0.0,-1.6599999999999997,18.531,20.893,,-5.700000000000001,5.618,985263.0,60173.821,-4.295,14201
2022-01-15 11:00:00,0.0,0.0,6.0,2.537000000000001,0.0,0.0,0.0,18.9,-54.112,0.0,-1.5200000000000005,18.531,20.893,,-5.673,5.601,985263.0,60174.0,-4.285,14201
2022-01-15 11:05:00,0.0,0.0,6.0,2.5,0.0,0.0,0.0,18.9,-54.027,0.0,-1.4789999999999992,18.531,20.893,,-5.671999999999999,5.597,985263.0,60174.017,-4.292,14201
2022-01-15 11:10:00,0.0,0.0,6.0,2.4989999999999983,0.0,0.0,0.0,18.9,-54.231,0.0,-1.5800000000000007,18.531,20.893,,-5.796,5.663,985263.0,60175.0,-4.348,14201
2022-01-15 11:15:00,0.0,0.0,6.0,2.4810000000000008,0.0,0.0,0.0,18.9,-54.391,0.0,-1.4999999999999996,18.531,20.893,,-5.800000000000001,5.842,985263.0,60175.0,-4.5,14201
2022-01-15 11:20:00,0.0,0.0,6.0,2.4000000000000004,0.0,0.0,0.0,18.9,-57.217,0.0,-1.4999999999999996,18.531,20.893,,-5.797000000000001,5.614,985263.0,60175.273,-4.304,14201
2022-01-15 11:25:00,0.0,0.0,6.0,2.4000000000000004,0.0,0.0,0.0,18.9,-54.081,0.0,-1.4800000000000009,18.531,20.893,,-5.700000000000001,5.595,985263.0,60176.0,-4.288,14201
2022-01-15 11:30:00,0.0,0.0,6.0,2.4010000000000016,0.0,0.0,0.0,18.9,-53.776,0.0,-1.2019999999999993,18.531,20.893,,-5.611,5.583,985263.0,60176.0,-4.289,14201
2022-01-15 11:35:00,0.0,0.0,6.099,2.397,0.0,0.0,0.0,18.9,-53.864,0.0,-1.1990000000000005,18.531,20.893,,-5.354,5.583,985263.0,60176.47,-4.292,14201
2022-01-15 11:40:00,0.0,0.0,9.476,2.4000000000000004,0.0,0.0,0.0,18.9,-53.463,0.0,-1.2000000000000002,18.531,20.893,,-5.223999999999999,5.569,985263.0,60177.0,-4.298,14201
2022-01-15 11:45:00,0.0,0.0,18.408,2.368,0.0,0.0,0.0,21.32,-53.52,0.0,-1.2000000000000002,18.531,20.893,,-4.918,5.721,985263.0,60177.0,-4.422,14201
2022-01-15 11:50:00,0.0,0.0,38.281,2.388999999999998,0.0,0.0,0.0,41.168,-53.545,0.0,-1.3189999999999993,18.531,20.893,,-4.940999999999999,5.686,985263.0,60177.717,-4.388,14201
2022-01-15 11:55:00,0.0,0.0,78.15999999999998,2.347999999999999,0.0,0.0,0.0,84.435,-53.713,0.0,-1.5590000000000002,18.531,20.893,,-5.014,5.58,985263.0,60178.0,-4.292,14201
2022-01-15 12:00:00,0.0,0.0,149.863,2.3050000000000006,0.0,0.0,0.0,155.96,-53.48800000000001,0.0,-1.4420000000000006,18.531,20.893,,-5.046,5.697,985263.0,60178.0,-4.4,14201
2022-01-15 12:05:00,0.0,0.0,229.602,2.3000000000000003,0.0,0.0,0.0,258.86,-50.32500000000001,0.0,-1.2999999999999998,18.531,20.893,,-4.842,6.39,985263.0,60178.95,-5.016,14201
2022-01-15 12:10:00,0.0,0.0,311.565,2.342000000000001,0.0,0.0,0.0,335.828,-50.792,0.0,-1.2000000000000002,18.531,20.893,,-4.63,5.685,985263.0,60179.0,-4.393,14201
2022-01-15 12:15:00,0.0,0.0,381.782,2.3910000000000013,0.0,0.0,0.0,398.62,-50.106,0.0,-1.2399999999999995,18.531,20.893,,-4.622000000000001,5.695,985263.0,60179.357,-4.397,14201
2022-01-15 12:20:00,0.0,0.0,408.269,2.4000000000000004,0.0,0.0,0.0,426.421,-50.14399999999999,0.0,-1.2600000000000005,18.531,20.893,,-4.578,5.867,985263.0,60180.0,-4.538,14201
2022-01-15 12:25:00,0.0,0.0,419.901,2.423000000000002,0.0,0.0,0.0,435.813,-50.322,0.0,-1.0409999999999997,18.531,20.893,,-4.489000000000001,5.78,985263.0,60180.0,-4.484,14201
2022-01-15 12:30:00,0.0,0.0,430.826,2.493999999999998,0.0,0.0449999999999999,0.04,443.091,-50.366,0.0,-1.001,18.531,20.893,,-4.288999999999999,5.896,985263.0,60180.67,-4.417,14201
2022-01-15 12:35:00,0.0599999999999999,0.3659999999999999,439.198,2.534,0.0,0.0129999999999999,0.0149999999999999,455.127,-51.24,0.0,-0.8799999999999997,18.531,20.893,,-4.037,5.913,985263.0,60181.0,-4.456,14201
2022-01-15 12:40:00,0.114,0.643,457.545,2.6039999999999983,0.0,1.669,1.722,435.78,-50.995,0.0,-0.8199999999999995,18.531,20.893,,-3.682,6.852,985263.0,60181.0,-2.718,14201
2022-01-15 12:45:00,4.788,15.134,418.535,2.7030000000000007,0.0,2.869,2.962,443.094,-50.276,0.0,-0.9000000000000005,18.531,20.893,,-3.2010000000000005,11.09,985263.0,60181.0,3.594,14201
2022-01-15 12:50:00,7.594,21.744,414.924,2.760000000000002,0.0,3.55,3.657,448.285,-50.187,0.0,-0.6020000000000003,18.531,20.893,,-2.777,13.025,985263.717,60181.0,7.282,14201
2022-01-15 12:55:00,10.367,24.55,413.598,3.0189999999999984,0.0,4.611,4.741,453.079,-49.989,0.0,-0.0810000000000006,18.531,20.893,,-2.289,16.789,985264.38,60181.0,11.452,14201
2022-01-15 13:00:00,13.868,28.299,416.483,3.23,0.0,5.816,5.983,459.12,-49.956,0.0,0.0400000000000015,18.531,20.893,,-1.7999999999999992,21.424,985265.563,60181.0,16.268,14201
2022-01-15 13:05:00,14.501,28.945,416.956,3.419000000000002,0.0,5.994,6.191,458.761,-49.843,0.0,0.2400000000000012,18.531,20.893,,-1.388,22.156,985266.936,60181.0,16.922,14201
2022-01-15 13:10:00,16.233,30.663,417.851,3.5689999999999995,0.0,18.142,18.694,393.068,-50.75,0.0,0.2999999999999994,18.531,20.893,,-1.1529999999999991,39.302,985268.997,60181.0,31.723,14201
2022-01-15 13:15:00,19.989,34.442,417.691,3.743999999999998,0.0389999999999997,21.22,21.86,399.666,-50.82,0.6400000000000005,0.3799999999999986,18.531,20.893,,-0.9909999999999995,47.302,985271.98,60181.0,38.716,14201
2022-01-15 13:20:00,22.874,37.586,420.987,3.865999999999997,0.8480000000000013,25.17,25.926,397.507,-51.528,1.3120000000000016,0.3999999999999993,18.531,20.893,,-0.7840000000000004,55.485,985275.473,60181.0,45.73,14201
2022-01-15 13:25:00,27.43,42.252,423.548,4.03,1.4449999999999994,30.735,31.645,421.267,-50.767,1.6660000000000017,0.459,18.531,20.893,,-0.5950000000000008,67.793,985279.697,60181.0,56.302,14201
2022-01-15 13:30:00,32.969,48.134,427.08,4.136,1.7329999999999994,36.935,38.039,427.23,-50.504,2.031,0.5600000000000015,18.531,20.893,,-0.3999999999999993,81.696,985284.897,60181.0,68.358,14201
2022-01-15 13:35:00,35.983,51.281,428.653,4.378000000000001,1.9900000000000004,40.174,41.384,427.935,-50.562,2.303999999999999,0.6600000000000013,18.531,20.893,,-0.2030000000000006,88.86499999999998,985290.9,60181.0,74.808,14201
2022-01-15 13:40:00,39.768,55.186,429.529,4.686000000000002,2.285,44.284,45.603,431.144,-50.407,2.576999999999998,0.7400000000000004,18.531,20.893,,-0.1279999999999997,98.224,985297.443,60181.0,83.03499999999998,14201
2022-01-15 13:45:00,45.794,61.452,433.066,4.974999999999999,2.6570000000000014,50.834,52.36,438.03,-47.78999999999999,3.3160000000000007,0.8190000000000018,18.531,20.893,,-0.1090000000000005,114.156,985304.83,60181.0,96.771,14201
2022-01-15 13:50:00,59.37,75.506,436.525,6.058999999999999,5.62,65.596,67.559,445.384,-42.788,8.509999999999998,0.8999999999999985,18.531,20.893,,-0.0040000000000004,150.884,985314.147,60181.0,128.255,14201
2022-01-15 13:55:00,78.831,95.572,443.627,6.812000000000001,13.047,86.918,89.507,451.354,-44.657,15.595,1.0190000000000017,18.531,20.893,,0.4470000000000002,200.175,985326.478,60181.0,170.564,14201
2022-01-15 14:00:00,114.227,132.196,449.549,7.366999999999998,22.404000000000003,125.78,129.74,458.102,-45.53399999999999,24.786,1.1800000000000013,18.531,20.893,,1.6190000000000009,289.79,985343.727,60181.0,247.557,14201
2022-01-15 14:05:00,129.574,148.04,449.252,8.184000000000001,34.033,143.352,148.421,459.172,-46.013,37.09,1.3199999999999987,18.531,20.893,,2.9820000000000007,328.077,985366.267,60181.0,280.087,14201
2022-01-15 14:10:00,130.868,149.354,447.948,9.590000000000002,45.038,146.077,151.661,459.006,-45.55800000000001,48.746,1.46,18.531,20.893,,3.667,331.966,985390.113,60181.0,283.928,14201
2022-01-15 14:15:00,130.505,148.998,445.409,11.206,53.929,144.189,149.643,456.336,-45.135,57.94899999999999,1.5599999999999998,18.531,20.893,,4.323,331.134,985412.767,60181.0,283.03,14201
2022-01-15 14:20:00,180.736,201.012,443.648,11.089,60.664,202.822,215.493,454.619,-46.35399999999999,60.409000000000006,1.6989999999999996,18.531,20.893,,6.287000000000001,460.298,985441.545,60181.0,394.143,14201
2022-01-15 14:25:00,166.665,186.277,442.049,12.149,60.215,185.969,196.453,451.35,-46.659,59.43899999999999,1.878000000000001,18.531,20.893,,8.333000000000002,421.837,985473.837,60181.0,360.847,14201
2022-01-15 14:30:00,158.59,177.613,438.791,13.717999999999998,59.877,178.104,187.691,450.426,-46.548,60.879000000000005,1.639999999999999,18.531,20.893,,8.125,404.914,985502.017,60181.0,346.448,14201
2022-01-15 14:35:00,177.328,197.001,438.127,13.447,60.261,199.165,211.269,448.676,-47.7,59.05799999999999,1.86,18.531,20.893,,8.795000000000002,451.031,985533.093,60181.0,386.666,14201
2022-01-15 14:40:00,185.406,205.335,438.428,13.752,60.295,208.24,221.423,446.907,-47.126,60.015,1.7800000000000002,18.531,20.893,,9.16,470.699,985566.0,60181.0,404.036,14201
2022-01-15 14:45:00,181.981,201.815,438.489,14.803,59.91799999999999,204.529,217.19,444.237,-47.553,59.578,1.8000000000000012,102.082,123.113,,9.981,461.899,985599.638,60181.0,396.427,14201
2022-01-15 14:50:00,183.513,203.273,437.287,15.109,59.859,207.759,220.817,443.736,-47.282,60.392,1.936,289.95,347.65,,10.650999999999998,468.826,985632.74,60181.0,401.7,14201
2022-01-15 14:55:00,169.201,188.102,431.537,15.823,59.912,190.974,202.036,442.962,-47.78999999999999,60.44400000000001,1.921,279.974,318.954,,10.875000000000002,430.766,985665.05,60181.0,368.971,14201
2022-01-15 15:00:00,162.996,181.658,432.146,16.334000000000003,60.048,183.836,194.16,442.342,-48.27799999999999,60.26199999999999,1.9200000000000017,274.252,305.068,,10.699999999999998,415.048,985694.987,60181.0,355.554,14201
2022-01-15 15:05:00,180.61,199.826,432.897,16.963,60.123,202.444,215.149,441.067,-49.068000000000005,60.229000000000006,2.120000000000001,296.857,335.726,,10.883,459.605,985725.623,60181.0,394.002,14201
2022-01-15 15:10:00,200.991,220.903,431.715,16.987,59.81700000000001,226.5,242.183,440.352,-48.55,59.96,2.120000000000001,310.3,361.216,,10.87,511.046,985760.983,60181.0,438.087,14201
2022-01-15 15:15:00,214.455,234.867,431.918,17.27,60.08200000000001,239.648,257.076,441.399,-47.844,60.05300000000001,2.1399999999999983,326.042,406.453,,11.084,544.821,985797.953,60181.0,466.99,14201
2022-01-15 15:20:00,293.386,317.267,429.549,17.098,60.606,326.576,355.62,438.763,-47.925,60.568000000000005,2.239999999999998,409.723,561.597,,12.899,742.993,985843.63,60181.0,637.114,14201
2022-01-15 15:25:00,323.887,349.07,426.03,17.562,60.197,361.299,395.279,434.399,-47.231,60.26899999999999,2.418999999999999,450.907,622.035,,15.08,817.9199999999998,985900.48,60181.0,701.859,14201
2022-01-15 15:30:00,265.776,288.308,423.522,17.995999999999995,59.546,301.735,327.849,431.8,-47.416,59.50500000000001,2.6599999999999984,402.552,524.256,,16.108999999999998,674.708,985955.207,60181.0,578.623,14201
2022-01-15 15:35:00,181.761,200.615,425.692,18.903,59.358,204.116,217.375,435.108,-47.362,59.34,2.5010000000000017,297.867,356.983,,15.178,461.402,985994.63,60181.0,395.486,14201
2022-01-15 15:40:00,260.403,282.513,426.155,18.801,60.462,293.07,317.592,437.63,-47.465,60.42699999999999,2.398000000000001,404.899,505.583,,14.592,661.368,986034.36,60181.0,568.002,14201
2022-01-15 15:45:00,251.033,272.656,425.762,19.073,60.072,284.36,307.714,436.565,-47.012,60.010000000000005,2.698999999999998,403.631,493.841,,15.318999999999996,638.639,986080.605,60181.0,547.485,14201
2022-01-15 15:50:00,337.202,362.86,423.444,18.839,60.723000000000006,381.456,418.337,431.678,-45.088,60.953,2.901999999999999,514.002,627.805,,16.48,857.662,986133.074,60181.0,736.87,14201
2022-01-15 15:55:00,316.762,341.331,418.108,18.589,59.767,356.889,390.513,427.661,-47.103,59.787000000000006,2.8799999999999986,549.462,663.52,,18.781,802.743,986194.226,60181.0,689.172,14201
2022-01-15 16:00:00,290.576,313.76,414.819,20.122,59.189,328.037,357.783,421.476,-46.751000000000005,59.283,2.7200000000000006,493.799,572.687,,19.328000000000003,735.885,986250.77,60181.0,630.792,14201
2022-01-15 16:05:00,301.569,325.362,418.77,19.76,60.614,349.406,381.95,432.397,-46.597,60.39,3.138999999999999,472.104,542.63,,19.407,770.326,986302.107,60181.0,664.359,14201
2022-01-15 16:10:00,284.729,307.483,417.319,19.728,59.167,318.351,346.322,431.427,-45.440000000000005,59.54400000000001,3.218999999999998,,,,19.642,722.503,986356.63,60181.0,623.151,14201
2022-01-15 16:15:00,265.757,287.959,421.408,20.017000000000003,60.172,309.009,335.956,426.956,-46.331,59.95,3.199999999999999,428.077,477.853,,20.055,678.19,986409.02,60181.0,582.941,14201
2022-01-15 16:20:00,141.029,157.778,418.47,22.248000000000005,57.778000000000006,159.624,166.964,426.96,-46.019000000000005,59.12599999999999,3.2600000000000007,271.724,274.309,,17.780000000000005,358.519,986443.701,60181.0,306.963,14201
2022-01-15 16:25:00,132.79,149.326,421.812,22.665,60.37899999999999,150.133,156.197,430.579,-45.633,59.72,3.3600000000000008,255.8,251.987,,14.602,337.54,986468.597,60181.0,288.863,14201
2022-01-15 16:30:00,123.545,140.158,426.212,23.064,60.417,140.011,144.952,433.021,-46.158,59.836,3.0600000000000014,238.335,233.277,,12.657000000000002,314.212,986492.027,60181.0,268.74,14201
2022-01-15 16:35:00,101.444,117.282,424.695,23.837,58.914,115.067,118.527,431.502,-43.88000000000001,59.73100000000001,2.92,194.055,189.709,,11.080999999999998,258.283,986512.387,60181.0,220.647,14201
2022-01-15 16:40:00,87.108,102.297,425.38,23.497,60.094,98.997,101.962,430.934,-40.285,59.861,3.040000000000001,166.079,161.522,,9.692,222.267,986529.343,60181.0,189.756,14201
2022-01-15 16:45:00,95.134,110.467,427.017,24.51,57.68099999999999,107.103,110.318,433.256,-41.463,59.571,3.2010000000000005,181.114,170.092,,8.737999999999998,242.428,986545.31,60181.0,207.234,14201
2022-01-15 16:50:00,122.701,138.917,428.417,23.511,60.901,138.804,143.203,437.111,-37.752,60.649000000000015,3.280000000000002,231.378,219.805,,9.008,313.115,986565.177,60181.0,267.653,14201
2022-01-15 16:55:00,132.317,148.707,427.45,24.256,60.548,150.219,155.875,436.532,-36.913,60.033,3.3589999999999995,243.007,234.733,,10.103999999999996,337.387,986588.668,60181.0,288.649,14201
2022-01-15 17:00:00,121.941,138.028,425.936,24.511,58.972,138.357,142.851,434.254,-34.614000000000004,59.834,3.460000000000001,222.523,217.498,,10.857,310.097,986612.133,60181.0,265.192,14201
2022-01-15 17:05:00,107.699,123.403,425.936,24.371,59.916,122.265,125.934,432.355,-37.039,59.882,3.2990000000000013,192.863,189.121,,10.527,274.682,986632.492,60181.0,234.856,14201
2022-01-15 17:10:00,113.968,129.831,426.344,24.949,60.453,129.593,133.472,434.373,-37.168,60.038,3.458999999999999,202.692,199.365,,10.408,290.824,986652.74,60181.0,248.817,14201
2022-01-15 17:15:00,122.21,138.226,426.144,24.836,59.112,138.631,143.063,435.069,-37.766,60.010000000000005,3.4199999999999995,215.729,214.236,,10.169999999999998,311.917,986673.957,60181.0,266.786,14201
2022-01-15 17:20:00,145.03,161.996,426.391,24.342,60.714000000000006,165.129,172.503,437.161,-38.163,60.184,3.3999999999999986,259.011,259.158,,10.208999999999998,371.079,986698.11,60181.0,317.605,14201
2022-01-15 17:25:00,162.479,180.032,426.252,24.321,60.28800000000001,185.346,195.23,438.03,-38.404,60.071,3.299999999999999,291.028,292.232,,10.852,415.0,986726.4,60181.0,355.723,14201
2022-01-15 17:30:00,177.181,195.239,425.598,24.230999999999995,60.231,202.311,214.067,437.192,-40.763000000000005,60.09900000000001,3.5389999999999984,318.01,322.145,,11.502,452.471,986757.427,60181.0,387.903,14201
2022-01-15 17:35:00,193.445,212.147,426.201,23.950000000000003,60.241,220.372,234.342,436.983,-40.389,60.124,3.621999999999999,351.316,355.518,,11.977,494.196,986791.05,60181.0,423.308,14201
2022-01-15 17:40:00,193.963,212.881,426.484,23.724,59.87899999999999,220.904,235.023,435.521,-40.078,59.939,3.8809999999999993,355.235,360.058,,12.628000000000002,495.266,986826.783,60181.0,424.28,14201
2022-01-15 17:45:00,203.769,222.895,426.234,23.759,59.962,233.072,248.853,436.095,-40.273,60.02300000000001,3.699999999999998,376.428,383.232,,12.183,519.219,986863.608,60181.0,445.177,14201
2022-01-15 17:50:00,157.105,174.61,423.237,23.891,59.649,179.934,189.334,433.387,-40.499,59.566,3.980000000000001,293.95,293.435,,12.309,400.684,986896.507,60181.0,343.161,14201
2022-01-15 17:55:00,132.953,149.718,425.347,24.053,59.739,151.58,157.544,432.034,-39.56,59.772,3.980000000000001,257.859,253.012,,11.805,338.504,986922.7,60181.0,289.682,14201
2022-01-15 18:00:00,97.597,112.98,423.77,25.019,59.681,111.097,114.426,430.732,-39.24699999999999,59.650000000000006,3.800000000000002,192.069,185.537,,10.236,248.267,986943.497,60181.0,212.153,14201
2022-01-15 18:05:00,75.464,90.02899999999998,422.197,25.421000000000003,59.54,86.001,88.58799999999998,429.893,-39.213,59.63699999999999,3.54,147.929,141.61,,8.657,192.172,986959.107,60181.0,164.142,14201
2022-01-15 18:10:00,70.071,84.561,421.564,26.353,58.616000000000014,79.81999999999998,82.212,429.082,-38.706,58.838,3.621,131.706,128.961,,7.633999999999999,179.178,986972.003,60181.0,152.929,14201
2022-01-15 18:15:00,70.68,85.232,424.927,25.976,61.065000000000005,80.66899999999998,83.09,430.06,-37.523,59.996,3.499000000000001,132.766,130.547,,7.121,181.103,986984.787,60181.0,154.463,14201
2022-01-15 18:20:00,73.926,88.48,425.01,26.61,57.120000000000005,84.357,86.899,432.317,-47.3,60.598000000000006,3.3999999999999986,140.633,136.374,,6.66,189.173,986998.003,60181.0,161.247,14201
2022-01-15 18:25:00,66.262,80.453,425.005,26.763,59.28399999999999,75.804,78.09,430.344,-68.234,54.643,3.3600000000000008,129.283,122.343,,6.475999999999998,169.207,987010.96,60181.0,144.143,14201
2022-01-15 18:30:00,56.772,70.842,421.288,26.302,60.824000000000005,64.76,66.695,425.951,-51.852,55.661,3.460000000000001,111.548,105.357,,6.300999999999999,145.433,987021.937,60181.0,123.669,14201
2022-01-15 18:35:00,59.115,73.393,423.384,26.971,55.91499999999999,67.431,69.459,427.885,-52.859,57.215,3.4199999999999995,116.276,109.639,,6.255,151.895,987032.267,60181.0,129.204,14201
2022-01-15 18:40:00,56.543,70.546,423.29,26.798,57.14,64.443,66.373,426.732,-55.332,58.621,3.3800000000000017,116.137,104.333,,6.273999999999999,144.535,987043.08,60181.0,122.863,14201
2022-01-15 18:45:00,41.926,55.586,417.455,27.199,58.04299999999999,47.778,49.208,420.215,-52.56699999999999,58.743,3.460000000000001,88.68,77.38599999999998,,5.988,107.466,987051.95,60181.0,90.95,14201
2022-01-15 18:50:00,38.79,52.265,416.476,27.701000000000004,57.982000000000006,44.114,45.432,417.853,-51.923,57.70000000000001,3.4199999999999995,80.299,71.384,,5.674,99.882,987059.033,60181.0,84.36,14201
2022-01-15 18:55:00,43.789,57.467,420.274,28.274,58.070000000000014,49.849,51.338,421.101,-50.06,57.164,3.4199999999999995,90.45,79.946,,5.432,112.602,987066.557,60181.0,95.389,14201
2022-01-15 19:00:00,48.694,62.341,421.044,28.578,58.828,55.251,56.898,424.139,-48.368,56.85099999999999,3.479,98.771,88.229,,5.316000000000002,124.918,987074.856,60181.0,105.921,14201
2022-01-15 19:05:00,55.872,69.817,423.569,29.184,59.759,63.507,65.404,429.95,-60.269000000000005,57.463,3.4199999999999995,113.999,101.748,,5.442,143.341,987084.355,60181.0,121.799,14201
2022-01-15 19:10:00,64.855,79.093,425.56,28.123,61.20099999999999,73.494,75.70699999999998,432.023,-80.0,59.042,3.5410000000000017,130.5,116.734,,5.789999999999998,165.7,987095.29,60181.0,141.005,14201
2022-01-15 19:15:00,70.029,84.34,425.982,27.846,57.171,79.188,81.546,433.16,-80.0,61.474,3.5600000000000005,146.852,126.511,,6.204000000000001,178.115,987107.703,60181.0,151.539,14201
2022-01-15 19:20:00,65.097,79.119,425.226,27.998,59.27799999999999,73.721,75.936,430.611,-80.0,55.68899999999999,3.4199999999999995,139.119,117.171,,6.243999999999998,165.828,987119.847,60181.0,140.991,14201
2022-01-15 19:25:00,56.253,69.982,423.806,27.738,60.491000000000014,63.629,65.545,428.329,-80.0,55.042,3.499000000000001,125.82,102.675,,6.196,143.109,987130.927,60181.0,121.485,14201
2022-01-15 19:30:00,49.513,62.961,420.751,27.138,56.365,55.933,57.611,426.073,-78.64000000000001,54.354,3.4210000000000007,108.88,91.152,,5.819000000000002,126.41,987140.24,60181.0,107.174,14201
2022-01-15 19:35:00,55.881,69.561,423.154,27.434999999999995,57.34,63.334,65.224,429.779,-80.0,55.06499999999999,3.5800000000000014,121.117,100.618,,5.746,142.837,987149.82,60181.0,121.3,14201
2022-01-15 19:40:00,53.089,66.559,421.709,27.558,59.616,60.041,61.83,429.367,-78.988,55.103,3.519999999999999,114.548,96.536,,5.648999999999999,135.55,987159.603,60181.0,115.027,14201
2022-01-15 19:45:00,55.125,68.814,424.438,28.254000000000005,60.64800000000001,62.54,64.426,428.29,-80.0,56.370000000000005,3.64,117.434,99.907,,5.7650000000000015,141.025,987169.38,60181.0,119.725,14201
2022-01-15 19:50:00,57.815,71.568,423.924,27.424000000000003,58.745000000000005,65.479,67.454,429.347,-80.0,57.20000000000001,3.6600000000000006,126.593,106.593,,5.848000000000002,147.477,987179.657,60181.0,125.26,14201
2022-01-15 19:55:00,54.696,68.212,423.097,27.587,56.29,61.993,63.864,428.268,-80.0,57.805,3.5800000000000014,120.714,101.888,,5.804000000000001,139.475,987189.827,60181.0,118.609,14201
2022-01-15 20:00:00,51.355,64.691,420.415,27.867,57.533,58.066,59.825,427.64,-80.0,58.121,3.519999999999999,113.495,95.48,,5.74,130.705,987199.417,60181.0,111.056,14201
2022-01-15 20:05:00,51.446,64.809,422.371,27.932,58.49000000000001,58.269,60.036,427.065,-80.0,58.396,3.619999999999999,112.013,95.748,,5.775000000000001,131.521,987208.587,60181.0,111.595,14201
2022-01-15 20:10:00,55.087,68.565,422.703,28.585,60.414000000000016,62.345,64.211,428.118,-80.0,58.02499999999999,3.5999999999999983,120.149,101.995,,5.784999999999998,140.472,987218.267,60181.0,119.352,14201
2022-01-15 20:15:00,50.31,63.735,421.703,27.664,59.021,56.901,58.605,427.061,-80.0,57.703,3.519999999999999,111.509,93.428,,5.804999999999999,128.31,987227.847,60181.0,108.803,14201
2022-01-15 20:20:00,47.604,60.956,420.306,27.705,56.011,53.967,55.582,425.576,-80.0,57.313,3.6190000000000015,104.104,88.899,,5.582999999999999,121.795,987236.59,60181.0,103.154,14201
2022-01-15 20:25:00,46.299,59.663,420.871,27.808,57.114,52.565,54.153,424.977,-80.0,56.937,3.601,100.81,85.471,,5.5870000000000015,118.679,987245.136,60181.0,100.381,14201
2022-01-15 20:30:00,42.86,55.923,417.708,27.93,58.42,48.55,49.998,422.801,-80.0,56.013,3.699999999999998,93.856,79.37699999999998,,5.717,109.631,987253.173,60181.0,92.619,14201
2022-01-15 20:35:00,40.78,54.069,417.554,28.32,58.67400000000001,46.365,47.759,423.353,-80.0,55.282,3.64,90.172,76.611,,5.638000000000002,104.599,987260.703,60181.0,88.363,14201
2022-01-15 20:40:00,39.872,53.257,419.744,28.315,59.481,45.404,46.75,423.649,-80.0,53.656000000000006,3.519999999999999,89.41299999999998,75.971,,5.369000000000001,102.146,987268.0,60181.0,86.382,14201
2022-01-15 20:45:00,35.683,48.97,417.515,28.872,59.12799999999999,40.556,41.765,418.923,-80.0,53.156,3.559,78.706,67.747,,5.179000000000001,91.272,987274.82,60181.0,77.227,14201
2022-01-15 20:50:00,34.883,48.205,416.895,29.245999999999995,58.30200000000001,39.8,40.997,421.498,-80.0,52.513,3.579,75.156,66.399,,5.174999999999999,89.446,987281.133,60181.0,75.619,14201
2022-01-15 20:55:00,36.42,49.645,417.423,29.65900000000001,57.816,41.43,42.67,421.412,-80.0,51.962,3.5609999999999986,75.961,70.093,,5.11,93.298,987287.537,60181.0,78.93399999999998,14201
2022-01-15 21:00:00,36.287,49.473,417.912,29.873,56.51899999999999,41.684,42.924,420.368,-80.0,52.374,3.6609999999999983,77.20099999999998,69.883,,5.183,93.371,987294.207,60181.0,78.94499999999998,14201
2022-01-15 21:05:00,32.274,45.247,415.41,30.304,55.870000000000005,36.93,38.04,417.312,-80.0,51.811,3.6600000000000006,71.705,64.883,,5.083,82.813,987300.387,60181.0,69.817,14201
2022-01-15 21:10:00,34.034,47.009,418.273,30.539,55.369,39.149,40.315,421.217,-80.0,50.721,3.519999999999999,71.665,68.935,,4.738,87.239,987306.28,60181.0,73.71899999999998,14201
2022-01-15 21:15:00,33.19,46.174,417.946,30.571,54.943000000000005,38.192,39.345,417.095,-80.0,50.066,3.460000000000001,68.359,66.548,,4.532000000000001,84.96599999999998,987312.413,60181.0,71.766,14201
2022-01-15 21:20:00,32.081,45.117,417.21,30.599,54.27100000000001,36.96,38.074,416.751,-80.0,49.458,3.479,65.41,64.644,,4.312999999999999,82.339,987318.277,60181.0,69.439,14201
2022-01-15 21:25:00,31.472,44.431,417.098,30.526,53.782,36.288,37.392,417.55,-80.0,48.847,3.4199999999999995,62.871,61.992,,4.205000000000002,80.93899999999998,987324.027,60181.0,68.162,14201
2022-01-15 21:30:00,28.205,40.963,414.327,30.727,52.983,32.531,33.509,413.076,-80.0,48.414,3.460000000000001,55.711,55.086,,4.139000000000001,72.72499999999998,987329.462,60181.0,60.983,14201
2022-01-15 21:35:00,22.925,35.31,412.871,30.682,52.298,26.519,27.317,408.044,-80.0,47.223,3.460000000000001,46.659,46.523,,3.966000000000002,59.213,987334.043,60181.0,49.295,14201
2022-01-15 21:40:00,19.032,31.365,410.243,30.735,51.31100000000001,22.337,23.012,406.826,-80.0,45.743,3.3999999999999986,38.935,39.529,,3.691,49.781,987337.737,60181.0,41.093,14201
2022-01-15 21:45:00,16.919,29.06,408.505,30.616,49.887,18.609,19.166,400.295,-80.0,44.409,3.3589999999999995,34.543,35.458,,3.4360000000000017,43.156,987340.943,60181.0,35.369,14201
2022-01-15 21:50:00,15.581,27.618,409.172,30.512,48.856,12.302,12.671,419.973,-80.0,42.74,3.3600000000000008,31.137,31.878,,3.3160000000000007,33.64,987343.653,60181.0,27.334,14201
2022-01-15 21:55:00,11.054,22.537,400.782,30.434,47.663,4.357,4.485,449.712,-80.0,39.883,3.3199999999999994,23.283,23.543,,3.2430000000000008,19.202,987345.43,60181.0,14.448,14201
2022-01-15 22:00:00,7.235,18.77,398.079,30.222000000000005,46.574000000000005,3.227,3.33,441.106,-80.0,37.167,3.3199999999999994,16.382,17.591,,3.050999999999999,14.364,987346.213,60181.0,9.097,14201
2022-01-15 22:05:00,2.616,7.982999999999999,429.416,30.015,45.248,2.448,2.522,436.59,-80.0,34.562,3.22,13.884,13.87,,2.8520000000000008,8.449999999999998,987347.0,60181.0,3.489,14201
2022-01-15 22:10:00,0.26,0.804,446.893,29.349,43.07,1.934,1.998,431.978,-80.0,32.025,3.099999999999999,10.748,11.437,,2.7110000000000016,5.377,987347.0,60181.743,0.498,14201
2022-01-15 22:15:00,0.031,0.136,434.711,29.011000000000006,40.492,0.5889999999999999,0.6099999999999999,433.592,-80.0,30.076,3.099999999999999,5.673,5.657,,2.5159999999999982,3.525,987347.0,60182.0,-1.11,14201
2022-01-15 22:20:00,0.0,0.0,418.057,28.693,37.682,0.0,0.0,432.893,-80.0,28.238,3.059,1.415,1.538,,2.2250000000000014,2.502,987347.0,60182.0,-1.664,14201
2022-01-15 22:25:00,0.0,0.0,398.123,28.394,35.518,0.0,0.0,413.605,-80.0,26.658,2.999999999999999,0.122,0.1029999999999999,,1.9590000000000016,2.327,987347.0,60182.0,-1.654,14201
2022-01-15 22:30:00,0.0,0.0,378.057,28.044,33.73799999999999,0.0,0.0,395.515,-80.0,25.384,2.9600000000000017,0.0,0.0,,1.8839999999999988,2.204,987347.0,60182.0,-1.577,14201
2022-01-15 22:35:00,0.0,0.0,348.46,27.68,31.774,0.0,0.0,369.487,-80.0,24.51,2.9600000000000017,0.0,0.0,,1.7789999999999988,2.187,987347.0,60182.0,-1.561,14201
2022-01-15 22:40:00,0.0,0.0,295.601,27.358,29.994,0.0,0.0,319.536,-80.0,23.76,2.938999999999999,0.0,0.0,,1.6630000000000007,2.189,987347.0,60182.0,-1.57,14201
2022-01-15 22:45:00,0.0,0.0,207.647,27.058000000000007,28.22,0.0,0.0,230.461,-80.0,23.175,2.92,0.0,0.0,,1.5610000000000015,2.258,987347.0,60182.0,-1.603,14201
2022-01-15 22:50:00,0.0,0.0,118.251,26.757,26.799000000000003,0.0,0.0,133.389,-80.0,22.573,2.8999999999999995,0.0,0.0,,1.604,2.53,987347.0,60182.9,-1.846,14201
2022-01-15 22:55:00,0.0,0.0,57.75,26.44,25.615,0.0,0.0,65.288,-80.0,21.842,2.8999999999999995,0.0,0.0,,1.6750000000000005,2.149,987347.0,60183.0,-1.503,14201
2022-01-15 23:00:00,0.0,0.0,27.974,26.108,24.272,0.0,0.0,32.707,-80.0,21.57,2.8799999999999986,0.0,0.0,,1.5630000000000008,2.055,987347.0,60183.0,-1.446,14201
2022-01-15 23:05:00,0.0,0.0,14.243,25.742,23.336,0.0,0.0,19.411,-80.0,21.059,2.7999999999999994,0.0,0.0,,1.6580000000000004,2.084,987347.0,60183.0,-1.475,14201
2022-01-15 23:10:00,0.0,0.0,10.468,25.321,22.694,0.0,0.0,18.9,-80.0,20.433,2.7999999999999994,0.0,0.0,,1.7109999999999994,2.099,987347.0,60183.0,-1.495,14201
2022-01-15 23:15:00,0.0,0.0,9.113,24.786,21.948,0.0,0.0,18.9,-80.0,19.901,2.698999999999998,0.0,0.0,,1.7830000000000013,2.099,987347.0,60183.0,-1.496,14201
2022-01-15 23:20:00,0.0,0.0,8.636,24.276,21.456000000000003,0.0,0.0,18.9,-80.0,19.183,2.7,0.0,0.0,,1.900000000000001,2.099,987347.0,60183.0,-1.496,14201
2022-01-15 23:25:00,0.0,0.0,8.545,23.845,20.782,0.0,0.0,18.9,-80.0,18.873000000000005,2.7,0.0,0.0,,1.900000000000001,2.096,987347.0,60183.0,-1.497,14201
2022-01-15 23:30:00,0.0,0.0,8.324999999999998,23.430000000000003,20.12,0.0,0.0,18.9,-80.0,18.36,2.640000000000001,0.0,0.0,,1.8619999999999988,2.1,987347.0,60183.96,-1.5,14201
2022-01-15 23:35:00,0.0,0.0,8.082,23.043,19.489,0.0,0.0,18.9,-80.0,17.882,2.618999999999999,0.0,0.0,,1.8009999999999988,2.1,987347.0,60184.0,-1.5,14201
2022-01-15 23:40:00,0.0,0.0,8.115999999999998,22.683000000000007,18.917,0.0,0.0,18.9,-80.0,17.733,2.6,0.0,0.0,,1.8000000000000012,2.1,987347.0,60184.0,-1.499,14201
2022-01-15 23:45:00,0.0,0.0,8.293,22.350000000000005,18.423,0.0,0.0,18.9,-80.0,17.345,2.6,0.0,0.0,,1.7939999999999994,2.099,987347.0,60184.0,-1.499,14201
2022-01-15 23:50:00,0.0,0.0,8.098,21.996,17.918999999999997,0.0,0.0,18.9,-80.0,17.073,2.6,0.0,0.0,,1.7249999999999983,2.1,987347.0,60184.0,-1.5,14201
2022-01-15 23:55:00,0.0,0.0,8.006999999999998,21.635,17.52,0.0,0.0,18.9,-80.0,16.642,2.5400000000000014,0.0,0.0,,1.7000000000000013,2.097,987347.0,60184.0,-1.5,14201
2022-04-15 00:00:00,0.0,0.0,327.56,40.352,48.218,0.0,0.0,342.454,-49.922,49.716,24.622,0.0,0.0,22.587,22.503,2.639,1444981.0,62337.817,-2.001,14201
2022-04-15 00:05:00,0.0,0.0,244.859,40.307,46.161,0.0,0.0,263.146,-49.923,48.694,24.608,0.0,0.0,22.72,22.64,2.7,1444981.0,62338.0,-2.011,14201
2022-04-15 00:10:00,0.0,0.0,157.806,39.974,42.153,0.0,0.0,175.359,-49.764,47.712,23.376999999999995,2.541,1.547,22.506000000000004,22.369000000000003,2.723,1444981.0,62338.0,-2.065,14201
2022-04-15 00:15:00,0.0,0.0,92.95,38.93300000000001,39.412,0.0,0.0,106.766,-50.107,46.386,22.014000000000003,1.791,1.593,21.672000000000004,21.48,2.837,1444981.0,62338.0,-2.184,14201
2022-04-15 00:20:00,0.0,0.0,47.62,38.472,36.875,0.0,0.0,55.601,-51.165,45.375,21.406,0.315,0.0709999999999999,20.771,20.53400000000001,2.451,1444981.0,62338.0,-1.862,14201
2022-04-15 00:25:00,0.0,0.0,21.888,38.712,35.98,0.0,0.0,26.907,-52.90200000000001,44.419,20.994,0.0,0.0,19.991,19.71400000000001,2.382,1444981.0,62338.0,-1.802,14201
2022-04-15 00:30:00,0.0,0.0,9.292,39.149,35.603,0.0,0.0,18.9,-54.47,43.169,20.803000000000004,0.0,0.0,19.384,19.081,2.377,1444981.0,62338.79,-1.822,14201
2022-04-15 00:35:00,0.0,0.0,6.67,39.353,34.93300000000001,0.0,0.0,18.9,-51.897000000000006,42.225,20.571,0.0,0.0,19.106,18.809,2.304,1444981.0,62339.0,-1.799,14201
2022-04-15 00:40:00,0.0,0.0,6.14,39.235,34.189,0.0,0.0,18.9,-49.278,41.402,20.408,0.0,0.0,19.008,18.783,2.3,1444981.0,62339.0,-1.796,14201
2022-04-15 00:45:00,0.0,0.0,6.011,38.927,33.224000000000004,0.0,0.0,18.9,-48.038,40.708,20.284,0.0,0.0,19.0,18.704,2.3,1444981.0,62339.0,-1.791,14201
2022-04-15 00:50:00,0.0,0.0,6.0,38.584,32.46,0.0,0.0,18.9,-47.525000000000006,40.011,20.185,0.0,0.0,18.913000000000004,18.619000000000003,2.3,1444981.0,62339.0,-1.726,14201
2022-04-15 00:55:00,0.0,0.0,6.0,38.29,32.076,0.0,0.0,18.9,-46.685,39.225,20.063,0.0,0.0,18.666,18.367,2.3,1444981.0,62339.0,-1.726,14201
2022-04-15 01:00:00,0.0,0.0,6.0,37.986,31.403,0.0,0.0,18.9,-46.502,38.616,20.0,0.0,0.0,18.591,18.276,2.3,1444981.0,62339.0,-1.744,14201
2022-04-15 01:05:00,0.0,0.0,6.0,37.724,30.685,0.0,0.0,18.9,-48.465,38.03,19.94,0.0,0.0,18.691,18.384,2.114,1444981.0,62339.987,-1.586,14201
2022-04-15 01:10:00,0.0,0.0,6.0,37.413,29.708,0.0,0.0,18.9,-49.959,37.538,20.0,0.0,0.0,19.019,18.694,1.718,1444981.0,62340.0,-1.244,14201
2022-04-15 01:15:00,0.0,0.0,6.0,37.12100000000001,29.174,0.0,0.0,18.9,-50.515,37.071,20.0,0.0,0.0,19.107000000000003,18.8,1.719,1444981.0,62340.0,-1.206,14201
2022-04-15 01:20:00,0.0,0.0,6.081,36.869,28.846,0.0,0.0,18.9,-53.578,36.527,19.985,0.0,0.0,18.985,18.671,1.729,1444981.0,62340.0,-1.261,14201
2022-04-15 01:25:00,0.0,0.0,6.195,36.62,28.568,0.0,0.0,18.9,-64.74799999999999,35.900000000000006,19.976,0.0,0.0,18.845,18.569,1.907,1444981.0,62340.0,-1.383,14201
2022-04-15 01:30:00,0.0,0.0,6.003,36.334,28.098000000000003,0.0,0.0,18.9,-65.733,35.395,19.888,0.0,0.0,18.563,18.294,1.926,1444981.0,62340.0,-1.367,14201
2022-04-15 01:35:00,0.0,0.0,6.102,36.025000000000006,27.917000000000005,0.0,0.0,18.9,-77.596,34.837,19.8,0.0,0.0,18.402,18.163,2.132,1444981.0,62340.0,-1.542,14201
2022-04-15 01:40:00,0.0,0.0,6.041,35.786,27.558,0.0,0.0,18.9,-79.91499999999998,34.469,19.8,0.0,0.0,18.415000000000003,18.139,2.181,1444981.0,62340.0,-1.581,14201
2022-04-15 01:45:00,0.0,0.0,6.164,35.49,27.295,0.0,0.0,18.9,-79.32899999999998,34.183,19.8,0.0,0.0,18.592,18.352000000000004,2.2,1444981.0,62340.327,-1.6,14201
2022-04-15 01:50:00,0.0,0.0,6.358,35.232,27.004999999999995,0.0,0.0,18.9,-80.0,34.023,19.8,0.0,0.0,18.696,18.414,2.2,1444981.0,62341.0,-1.597,14201
2022-04-15 01:55:00,0.0,0.0,6.411,34.807,26.693,0.0,0.0,18.9,-80.0,33.875,19.8,0.0,0.0,18.840000000000003,18.585,2.2,1444981.0,62341.0,-1.589,14201
2022-04-15 02:00:00,0.0,0.0,6.203,34.267,26.323,0.0,0.0,18.9,-76.56099999999998,33.753,19.8,0.0,0.0,18.901,18.697000000000003,2.134,1444981.0,62341.0,-1.543,14201
2022-04-15 02:05:00,0.0,0.0,7.264999999999999,33.998,26.221,0.0,0.0,18.9,-80.0,33.568,19.688,0.0,0.0,18.820999999999994,18.585,2.2,1444981.0,62341.0,-1.58,14201
2022-04-15 02:10:00,0.0,0.0,7.26,33.751000000000005,25.999,0.0,0.0,18.9,-80.0,33.446,19.6,0.0,0.0,18.539,18.325000000000003,2.2,1444981.0,62341.0,-1.578,14201
2022-04-15 02:15:00,0.0,0.0,7.503999999999999,33.50300000000001,25.875,0.0,0.0,18.9,-80.0,33.375,19.509,0.0,0.0,18.14,17.917999999999996,2.2,1444981.0,62341.0,-1.572,14201
2022-04-15 02:20:00,0.0,0.0,6.629,33.278,25.709000000000003,0.0,0.0,18.9,-79.66499999999998,33.25,19.324,0.0,0.0,17.732,17.5,2.2,1444981.0,62341.0,-1.583,14201
2022-04-15 02:25:00,0.0,0.0,7.595,33.051,25.393000000000004,0.0,0.0,18.9,-79.328,33.2,19.296,0.0,0.0,17.688000000000002,17.405,2.2,1444981.0,62341.617,-1.577,14201
2022-04-15 02:30:00,0.0,0.0,7.937999999999999,32.87800000000001,25.132,0.0,0.0,18.9,-78.31999999999998,33.099,19.324,0.0,0.0,17.636,17.38,2.144,1444981.0,62342.0,-1.495,14201
2022-04-15 02:35:00,0.0,0.0,7.501,32.64,25.065999999999995,0.0,0.0,18.9,-56.314,32.815,19.28400000000001,0.0,0.0,17.476,17.219,1.748,1444981.0,62342.0,-1.104,14201
2022-04-15 02:40:00,0.0,0.0,7.472,32.43300000000001,24.928000000000004,0.0,0.0,18.9,-53.898,32.504,19.200000000000003,0.0,0.0,17.129,16.879,1.7,1444981.0,62342.0,-1.088,14201
2022-04-15 02:45:00,0.0,0.0,6.459,32.218,24.834,0.0,0.0,18.9,-55.510000000000005,32.205,19.104000000000003,0.0,0.0,16.944000000000003,16.715,1.7,1444981.0,62342.0,-1.045,14201
2022-04-15 02:50:00,0.0,0.0,7.098,31.987,24.719999999999995,0.0,0.0,18.9,-67.28500000000001,31.994000000000003,19.117,0.0,0.0,17.262999999999998,16.987,1.944,1444981.0,62342.0,-1.321,14201
2022-04-15 02:55:00,0.0,0.0,6.318,31.773,24.521,0.0,0.0,18.9,-56.651,31.769000000000005,19.200000000000003,0.0,0.0,17.57,17.304,1.792,1444981.0,62342.0,-1.158,14201
2022-04-15 03:00:00,0.0,0.0,6.902,31.561,24.312,0.0,0.0,18.9,-52.585,31.468,19.18,0.0,0.0,17.720000000000002,17.503,1.7,1444981.0,62342.0,-1.063,14201
2022-04-15 03:05:00,0.0,0.0,6.647,31.403,24.105,0.0,0.0,18.9,-53.496,31.252,19.200000000000003,0.0,0.0,17.939,17.700000000000003,1.7,1444981.0,62342.0,-1.059,14201
2022-04-15 03:10:00,0.0,0.0,6.676,31.219,23.855,0.0,0.0,18.9,-51.615,30.961,19.200000000000003,0.0,0.0,18.176,17.946,1.7,1444981.0,62342.0,-1.049,14201
2022-04-15 03:15:00,0.0,0.0,6.096,31.040000000000003,23.781,0.0,0.0,18.9,-53.374,30.637000000000008,19.200000000000003,0.0,0.0,18.251,18.000000000000004,1.7,1444981.0,62342.54,-1.046,14201
2022-04-15 03:20:00,0.0,0.0,6.61,30.84,23.600000000000005,0.0,0.0,18.9,-53.54,30.335,19.236,0.0,0.0,18.200000000000003,17.993000000000002,1.7,1444981.0,62343.0,-1.07,14201
2022-04-15 03:25:00,0.0,0.0,6.594,30.686000000000003,23.493,0.0,0.0,18.9,-57.596,29.98,19.264000000000003,0.0,0.0,18.251,18.019,1.779,1444981.0,62343.0,-1.166,14201
2022-04-15 03:30:00,0.0,0.0,6.665,30.518000000000004,23.126,0.0,0.0,18.9,-80.0,29.824,19.24,0.0,0.0,18.352000000000004,18.111000000000004,2.2,1444981.0,62343.0,-1.519,14201
2022-04-15 03:35:00,0.0,0.0,6.603,30.334000000000003,22.924,0.0,0.0,18.9,-79.582,29.744,19.200000000000003,0.0,0.0,18.232,18.004,2.196,1444981.0,62343.0,-1.518,14201
2022-04-15 03:40:00,0.0,0.0,8.647,30.182,22.776,0.0,0.0,18.9,-80.0,29.681,19.124,0.0,0.0,17.864999999999995,17.642000000000003,2.2,1444981.0,62343.0,-1.513,14201
2022-04-15 03:45:00,0.0,0.0,7.154,29.902,22.746,0.0,0.0,18.9,-80.0,29.687,19.043,0.0,0.0,17.554,17.331,2.2,1444981.0,62343.0,-1.512,14201
2022-04-15 03:50:00,0.0,0.0,9.151,29.448,22.569000000000003,0.0,0.0,18.9,-80.0,29.7,19.0,0.0,0.0,17.512,17.269000000000002,2.2,1444981.0,62343.0,-1.519,14201
2022-04-15 03:55:00,0.0,0.0,6.125,29.293,22.125,0.0,0.0,18.9,-80.0,29.7,19.0,0.0,0.0,17.525000000000002,17.269000000000002,2.199,1444981.0,62343.057,-1.525,14201
2022-04-15 04:00:00,0.0,0.0,6.215,29.167000000000005,22.133,0.0,0.0,18.9,-80.0,29.7,18.964,0.0,0.0,17.596,17.381999999999998,2.2,1444981.0,62344.0,-1.526,14201
2022-04-15 04:05:00,0.0,0.0,6.354,29.059,21.961,0.0,0.0,18.9,-80.0,29.723,18.996,0.0,0.0,17.83,17.622,2.2,1444981.0,62344.0,-1.524,14201
2022-04-15 04:10:00,0.0,0.0,6.241,28.87400000000001,21.966,0.0,0.0,18.9,-80.0,29.635000000000005,19.0,0.0,0.0,18.005999999999997,17.796,2.2,1444981.0,62344.0,-1.527,14201
2022-04-15 04:15:00,0.0,0.0,6.034,28.766,21.965000000000003,0.0,0.0,18.9,-80.0,29.597999999999995,19.0,0.0,0.0,18.031,17.840999999999998,2.2,1444981.0,62344.0,-1.533,14201
2022-04-15 04:20:00,0.0,0.0,6.063,28.592,21.926,0.0,0.0,18.9,-80.0,29.584,18.944,0.0,0.0,18.006999999999998,17.798000000000002,2.199,1444981.0,62344.0,-1.536,14201
2022-04-15 04:25:00,0.0,0.0,6.068,28.492,21.655,0.0,0.0,18.9,-80.0,29.6,18.899999999999995,0.0,0.0,17.976000000000006,17.729,2.2,1444981.0,62344.0,-1.543,14201
2022-04-15 04:30:00,0.0,0.0,6.009,28.328,21.426,0.0,0.0,18.9,-80.0,29.555,18.899999999999995,0.0,0.0,18.076,17.86,2.2,1444981.0,62344.0,-1.566,14201
2022-04-15 04:35:00,0.0,0.0,6.06,28.208,21.368,0.0,0.0,18.9,-80.0,29.426000000000005,18.899999999999995,0.0,0.0,18.1,17.902999999999995,2.199,1444981.0,62344.317,-1.556,14201
2022-04-15 04:40:00,0.0,0.0,6.739,28.128,21.324,0.0,0.0,18.9,-80.0,29.478,18.843,0.0,0.0,18.028,17.836,2.2,1444981.0,62345.0,-1.565,14201
2022-04-15 04:45:00,0.0,0.0,6.007,27.937000000000005,21.281,0.0,0.0,18.9,-80.0,29.335,18.879999999999995,0.0,0.0,17.948999999999998,17.730999999999998,2.2,1444981.0,62345.0,-1.57,14201
2022-04-15 04:50:00,0.0,0.0,6.0,27.869,21.162,0.0,0.0,18.9,-80.0,29.323999999999995,18.76,0.0,0.0,17.9,17.700000000000003,2.2,1444981.0,62345.0,-1.564,14201
2022-04-15 04:55:00,0.0,0.0,6.0,27.761000000000006,21.09,0.0,0.0,18.9,-80.0,29.4,18.72,0.0,0.0,17.808,17.603,2.2,1444981.0,62345.0,-1.545,14201
2022-04-15 05:00:00,0.0,0.0,6.0,27.687999999999995,21.082,0.0,0.0,18.9,-80.0,29.362999999999992,18.724,0.0,0.0,17.749,17.529,2.2,1444981.0,62345.0,-1.566,14201
2022-04-15 05:05:00,0.0,0.0,6.0,27.574,21.099000000000004,0.0,0.0,18.9,-80.0,29.175,18.7,0.0,0.0,17.505000000000003,17.404,2.2,1444981.0,62345.0,-1.527,14201
2022-04-15 05:10:00,0.0,0.0,6.009,27.495,21.183000000000003,0.0,0.0,18.9,-80.0,29.014,18.7,0.0,0.0,17.4,17.259999999999998,2.2,1444981.0,62345.0,-1.541,14201
2022-04-15 05:15:00,0.0,0.0,6.006,27.367,21.196,0.0,0.0,18.9,-80.0,28.963,18.620000000000005,0.0,0.0,17.346,17.198,2.2,1444981.0,62345.58,-1.524,14201
2022-04-15 05:20:00,0.0,0.0,6.026,27.292000000000005,21.094,0.0,0.0,18.9,-80.0,28.992,18.531,0.0,0.0,16.674999999999997,16.834999999999997,2.2,1444981.0,62346.0,-1.529,14201
2022-04-15 05:25:00,0.0,0.0,6.008,27.165000000000003,21.097,0.0,0.0,18.9,-80.0,28.868,18.512,0.0,0.0,16.748,16.749000000000002,2.2,1444981.0,62346.0,-1.529,14201
2022-04-15 05:30:00,0.0,0.0,6.003,27.084,21.02,0.0,0.0,18.9,-80.0,28.814000000000004,18.468000000000004,0.0,0.0,17.151,17.02,2.2,1444981.0,62346.0,-1.533,14201
2022-04-15 05:35:00,0.0,0.0,6.0,27.018000000000004,20.971,0.0,0.0,18.9,-80.0,28.899,18.4,0.0,0.0,17.128,16.947000000000003,2.2,1444981.0,62346.0,-1.551,14201
2022-04-15 05:40:00,0.0,0.0,6.0,26.923,20.928,0.0,0.0,18.9,-80.0,28.87400000000001,18.363,0.0,0.0,17.183,16.947000000000003,2.2,1444981.0,62346.0,-1.545,14201
2022-04-15 05:45:00,0.0,0.0,6.0,26.818,20.888,0.0,0.0,18.9,-80.0,28.814000000000004,18.3,0.0,0.0,17.129,16.900000000000002,2.2,1444981.0,62346.0,-1.541,14201
2022-04-15 05:50:00,0.0,0.0,6.0,26.755000000000003,20.607000000000003,0.0,0.0,18.9,-80.0,28.928000000000004,18.131000000000004,0.0,0.0,16.724000000000004,16.383,2.2,1444981.0,62346.0,-1.55,14201
2022-04-15 05:55:00,0.0,0.0,6.003,26.667000000000005,20.327,0.0,0.0,18.9,-80.0,29.0,17.896,0.0,0.0,14.711,14.432,2.2,1444981.0,62346.84,-1.564,14201
2022-04-15 06:00:00,0.0,0.0,6.363,26.591,20.215,0.0,0.0,18.9,-80.0,29.0,17.392,0.0,0.0,13.261,13.023999999999996,2.16,1444981.0,62347.0,-1.515,14201
2022-04-15 06:05:00,0.0,0.0,6.788,26.428000000000004,20.231,0.0,0.0,18.9,-80.0,28.846,17.009,0.0,0.0,12.664,12.405,2.119,1444981.0,62347.0,-1.5,14201
2022-04-15 06:10:00,0.0,0.0,6.677,26.269,20.300000000000004,0.0,0.0,18.9,-80.0,28.573,16.907,0.0,0.0,12.472,12.196000000000002,2.107,1444981.0,62347.0,-1.5,14201
2022-04-15 06:15:00,0.0,0.0,6.118,26.144,20.315,0.0,0.0,18.9,-80.0,28.366000000000003,16.86,0.0,0.0,12.906,12.935,2.1,1444981.0,62347.0,-1.5,14201
2022-04-15 06:20:00,0.0,0.0,6.164,25.98,20.302,0.0,0.0,18.9,-80.0,28.141,16.86,0.0,0.0,14.146,14.07,2.103,1444981.0,62347.0,-1.5,14201
2022-04-15 06:25:00,0.0,0.0,6.086,25.852999999999994,20.300000000000004,0.0,0.0,18.9,-80.0,28.093000000000004,16.78,0.0,0.0,14.834,14.630000000000004,2.1,1444981.0,62347.0,-1.5,14201
2022-04-15 06:30:00,0.0,0.0,6.096,25.76,20.300000000000004,0.0,0.0,18.9,-80.0,28.000000000000004,16.8,0.0,0.0,15.097,14.902,2.101,1444981.0,62347.0,-1.5,14201
2022-04-15 06:35:00,0.0,0.0,6.098,25.622,20.300000000000004,0.0,0.0,18.9,-80.0,27.757,16.743000000000002,0.0,0.0,15.233,15.11,2.1,1444981.0,62347.85,-1.5,14201
2022-04-15 06:40:00,0.0,0.0,6.352,25.514000000000003,20.366,0.0,0.0,18.9,-80.0,27.578,16.623,0.0,0.0,15.29,15.169000000000002,2.1,1444981.0,62348.0,-1.5,14201
2022-04-15 06:45:00,0.0,0.0,6.334,25.437000000000005,20.401,0.0,0.0,18.9,-80.0,27.271,16.604,0.0,0.0,15.102,14.909,2.1,1444981.0,62348.0,-1.5,14201
2022-04-15 06:50:00,0.0,0.0,6.13,25.333,20.406,0.0,0.0,18.9,-80.0,27.081000000000003,16.519999999999996,0.0,0.0,15.164,15.063,2.101,1444981.0,62348.0,-1.5,14201
2022-04-15 06:55:00,0.0,0.0,6.142,25.236000000000004,20.406,0.0,0.0,18.9,-80.0,27.019000000000005,16.444000000000003,0.0,0.0,15.165,15.072000000000005,2.1,1444981.0,62348.0,-1.5,14201
2022-04-15 07:00:00,0.0,0.0,6.073,25.259,20.316,0.0,0.0,18.9,-80.0,27.145,16.322999999999997,0.0,0.0,14.964000000000002,14.854,2.1,1444981.0,62348.0,-1.5,14201
2022-04-15 07:05:00,0.0,0.0,6.003,25.186,20.300000000000004,0.0,0.0,18.9,-80.0,26.887000000000004,16.3,0.0,0.0,14.988,14.877999999999998,2.1,1444981.0,62348.0,-1.5,14201
2022-04-15 07:10:00,0.0,0.0,7.354,25.151,20.300000000000004,0.0,0.0,18.9,-80.0,26.533,16.323999999999998,0.0,0.0,14.993999999999996,14.992,2.101,1444981.0,62348.0,-1.5,14201
2022-04-15 07:15:00,0.0,0.0,7.348,25.055,20.300000000000004,0.0,0.0,18.9,-80.0,26.69,16.144,0.0,0.0,14.617,14.579,2.101,1444981.0,62348.787,-1.496,14201
2022-04-15 07:20:00,0.0,0.0,6.004,24.999,20.300000000000004,0.0,0.0,18.9,-80.0,26.789,15.987000000000002,0.0,0.0,13.944,13.886,2.1,1444981.0,62349.0,-1.484,14201
2022-04-15 07:25:00,0.0,0.0,6.007,24.723,20.279000000000003,0.0,0.0,18.9,-80.0,26.871,15.972999999999995,0.0,0.0,13.699,13.613,2.1,1444981.0,62349.0,-1.491,14201
2022-04-15 07:30:00,0.0,0.0,6.0,24.876,20.168000000000003,0.0,0.0,18.9,-80.0,26.97,16.083,0.0,0.0,13.867,13.785999999999998,2.1,1444981.0,62349.0,-1.493,14201
2022-04-15 07:35:00,0.0,0.0,6.0,24.844,20.079,0.0,0.0,18.9,-80.0,27.007,16.037,0.0,0.0,14.027000000000005,13.928,2.1,1444981.0,62349.0,-1.496,14201
2022-04-15 07:40:00,0.0,0.0,6.0,24.706,20.0,0.0,0.0,18.9,-80.0,27.041,16.117,0.0,0.0,14.134999999999998,13.987000000000002,2.1,1444981.0,62349.0,-1.497,14201
2022-04-15 07:45:00,0.0,0.0,6.0,24.634,20.0,0.0,0.0,18.9,-80.0,27.0,16.353,0.0,0.0,14.173000000000002,14.047,2.1,1444981.0,62349.0,-1.499,14201
2022-04-15 07:50:00,0.0,0.0,6.0,24.568,19.94,0.0,0.0,18.9,-80.0,26.99900000000001,16.400000000000002,0.0,0.0,14.282000000000002,14.111,2.1,1444981.0,62349.0,-1.494,14201
2022-04-15 07:55:00,0.0,0.0,6.0,24.569,19.899999999999995,0.0,0.0,18.9,-80.0,26.995,16.191,0.0,0.0,14.351,14.172,2.1,1444981.0,62349.597,-1.491,14201
2022-04-15 08:00:00,0.0,0.0,6.0,24.488,19.82,0.0,0.0,18.9,-80.0,27.004999999999995,16.099999999999998,0.0,0.0,14.213,14.047,2.1,1444981.0,62350.0,-1.496,14201
2022-04-15 08:05:00,0.0,0.0,6.0,24.527,19.735,0.0,0.0,18.9,-80.0,27.003,15.967,0.0,0.0,13.951999999999998,13.836999999999998,2.1,1444981.0,62350.0,-1.496,14201
2022-04-15 08:10:00,0.0,0.0,6.0,24.458,19.7,0.0,0.0,18.9,-80.0,27.002,15.884000000000002,0.0,0.0,13.900000000000002,13.726,2.1,1444981.0,62350.0,-1.5,14201
2022-04-15 08:15:00,0.0,0.0,6.0,24.397,19.689000000000004,0.0,0.0,18.9,-80.0,27.021,15.8,0.0,0.0,13.872,13.699999999999998,2.1,1444981.0,62350.0,-1.495,14201
2022-04-15 08:20:00,0.0,0.0,6.0,24.445999999999994,19.578,0.0,0.0,18.9,-80.0,27.099,15.764,0.0,0.0,13.829,13.683,2.1,1444981.0,62350.0,-1.473,14201
2022-04-15 08:25:00,0.0,0.0,6.0,24.349,19.488,0.0,0.0,18.9,-80.0,27.111000000000004,15.604,0.0,0.0,13.828,13.683,2.1,1444981.0,62350.0,-1.471,14201
2022-04-15 08:30:00,0.0,0.0,6.0,24.419,19.365,0.0,0.0,18.9,-80.0,27.187,15.697000000000005,0.0,0.0,13.900000000000002,13.738,2.1,1444981.0,62350.0,-1.465,14201
2022-04-15 08:35:00,0.0,0.0,6.0,24.309000000000005,19.3,0.0,0.0,18.9,-80.0,27.165000000000003,15.619999999999996,0.0,0.0,13.969,13.802,2.1,1444981.0,62350.393,-1.477,14201
2022-04-15 08:40:00,0.0,0.0,6.0,24.28400000000001,19.203,0.0,0.0,18.9,-80.0,27.186,15.716,0.0,0.0,14.105000000000002,13.929000000000002,2.1,1444981.0,62351.0,-1.463,14201
2022-04-15 08:45:00,0.0,0.0,6.0,24.24,19.199,0.0,0.0,18.9,-80.0,27.129,15.8,0.0,0.0,14.24,14.039,2.099,1444981.0,62351.0,-1.456,14201
2022-04-15 08:50:00,0.0,0.0,6.0,24.165000000000003,19.122,0.0,0.0,18.9,-80.0,27.019000000000005,15.76,0.0,0.0,14.361000000000002,14.163999999999998,2.1,1444981.0,62351.0,-1.463,14201
2022-04-15 08:55:00,0.0,0.0,6.0,24.087000000000003,19.101,0.0,0.0,18.9,-80.0,26.992,15.8,0.0,0.0,14.36,14.194,2.1,1444981.0,62351.0,-1.471,14201
2022-04-15 09:00:00,0.0,0.0,6.0,24.024,19.1,0.0,0.0,18.9,-80.0,26.9,15.703,0.0,0.0,14.234999999999998,14.064,2.1,1444981.0,62351.0,-1.459,14201
2022-04-15 09:05:00,0.0,0.0,6.0,24.007,19.1,0.0,0.0,18.9,-80.0,26.877,15.567,0.0,0.0,14.122000000000002,13.936,2.099,1444981.0,62351.0,-1.446,14201
2022-04-15 09:10:00,0.0,0.0,6.0,23.952000000000005,19.1,0.0,0.0,18.9,-80.0,26.814,15.537,0.0,0.0,14.080999999999998,13.887999999999998,2.1,1444981.0,62351.0,-1.473,14201
2022-04-15 09:15:00,0.0,0.0,6.0,23.833,19.085,0.0,0.0,18.9,-80.0,26.601,15.528,0.0,0.0,13.878000000000002,13.699,2.1,1444981.0,62351.147,-1.488,14201
2022-04-15 09:20:00,0.0,0.0,6.0,23.742000000000004,19.017,0.0,0.0,18.9,-80.0,26.596,15.4,0.0,0.0,13.502999999999998,13.331,2.1,1444981.0,62352.0,-1.477,14201
2022-04-15 09:25:00,0.0,0.0,6.0,23.732000000000003,18.950000000000003,0.0,0.0,18.9,-80.0,26.565,15.226,0.0,0.0,13.188,13.008,2.1,1444981.0,62352.0,-1.48,14201
2022-04-15 09:30:00,0.0,0.0,6.0,23.699,18.885,0.0,0.0,18.9,-80.0,26.6,15.063,0.0,0.0,12.895,12.694,2.1,1444981.0,62352.0,-1.478,14201
2022-04-15 09:35:00,0.0,0.0,6.0,23.56,18.757000000000005,0.0,0.0,18.9,-80.0,26.6,15.023000000000003,0.0,0.0,12.547999999999998,12.324,2.1,1444981.0,62352.0,-1.478,14201
2022-04-15 09:40:00,0.0,0.0,6.0,23.541000000000004,18.683000000000003,0.0,0.0,18.9,-80.0,26.6,14.787,0.0,0.0,11.988999999999995,11.73,2.1,1444981.0,62352.0,-1.468,14201
2022-04-15 09:45:00,0.0,0.0,6.0,23.459000000000003,18.600000000000005,0.0,0.0,18.9,-80.0,26.587000000000003,14.688,0.0,0.0,11.568999999999996,11.293,2.1,1444981.0,62352.0,-1.461,14201
2022-04-15 09:50:00,0.0,0.0,6.0,23.414,18.518000000000004,0.0,0.0,18.9,-80.0,26.525,14.523,0.0,0.0,11.145,10.831,2.1,1444981.0,62352.0,-1.458,14201
2022-04-15 09:55:00,0.0,0.0,6.0,23.364,18.5,0.0,0.0,18.9,-80.0,26.495,14.407000000000002,0.0,0.0,10.647,10.303999999999998,2.099,1444981.0,62352.0,-1.455,14201
2022-04-15 10:00:00,0.0,0.0,6.0,23.292,18.473,0.0,0.0,18.9,-80.0,26.327,14.444,0.0,0.0,10.423000000000002,10.139,2.1,1444981.0,62352.914,-1.46,14201
2022-04-15 10:05:00,0.0,0.0,8.586999999999998,23.244000000000003,18.4,0.0,0.0,18.9,-80.0,26.299,14.24,0.0,0.0,10.22,9.961,2.1,1444981.0,62353.0,-1.466,14201
2022-04-15 10:10:00,0.0,0.0,20.263,23.227,18.321,0.0,0.0,23.312,-80.0,26.227,14.011,0.0,0.0,10.014,9.781,2.1,1444981.0,62353.0,-1.488,14201
2022-04-15 10:15:00,0.0,0.0,49.705,23.154,18.217,0.0,0.0,54.181,-80.0,26.2,13.976,0.0,0.0,9.8,9.622999999999998,2.099,1444981.0,62353.0,-1.461,14201
2022-04-15 10:20:00,0.0,0.0,113.436,23.086,18.195000000000004,0.0,0.0,123.899,-80.0,26.142,13.966,0.0,0.0,9.451,9.261000000000005,2.166,1444981.0,62353.0,-1.514,14201
2022-04-15 10:25:00,0.0,0.0,192.793,23.036,18.104,0.0,0.0,207.241,-76.972,26.033,13.900000000000002,0.0,0.0,9.475,9.28,2.602,1444981.0,62353.0,-1.876,14201
2022-04-15 10:30:00,0.0,0.0,285.437,22.962,18.067,0.0,0.0,304.041,-80.0,25.926,13.667,0.0,0.0,9.194,9.07,2.195,1444981.0,62353.0,-1.523,14201
2022-04-15 10:35:00,0.0,0.0,345.883,22.88,17.998,0.0,0.0,361.476,-80.0,25.9,13.677,0.0,0.0,8.874,8.705999999999998,2.195,1444981.0,62353.11,-1.516,14201
2022-04-15 10:40:00,0.0,0.0,387.913,22.873000000000005,17.916000000000004,0.0,0.0,399.282,-80.0,25.881000000000004,13.608,0.0,0.002,8.487999999999998,8.32,2.307,1444981.0,62354.0,-1.52,14201
2022-04-15 10:45:00,0.041,0.2839999999999999,424.51,22.858000000000004,17.9,0.0509999999999999,0.0529999999999999,434.068,-79.66299999999998,25.852000000000004,13.443,2.951,3.792,8.272999999999998,8.052999999999997,2.478,1444981.0,62354.0,-1.509,14201
2022-04-15 10:50:00,2.267,6.5,421.914,22.815,18.085,2.072,2.17,422.309,-78.301,26.07,13.477,10.507,11.564,8.336000000000002,8.189999999999996,9.459,1444981.0,62354.0,3.344,14201
2022-04-15 10:55:00,10.057,21.819,399.759,22.869,19.969,4.324,4.492,432.061,-78.29099999999998,26.646,13.347,18.993,21.122,8.281,8.309999999999999,20.05,1444981.741,62354.0,13.498,14201
2022-04-15 11:00:00,15.417,27.486,404.157,22.927000000000003,22.212000000000003,7.469,7.657,435.713,-77.52500000000002,27.181,13.187000000000005,27.743,30.576,8.621,8.587000000000002,29.214,1444983.21,62354.0,22.643,14201
2022-04-15 11:05:00,21.884,34.327,409.179,22.950000000000003,24.693,23.163,23.869,381.282,-79.66399999999999,28.945,13.14,38.751,42.271,8.957,8.866999999999999,55.92,1444986.09,62354.0,45.238,14201
2022-04-15 11:10:00,29.638,42.413,411.241,23.063,27.446,31.997,33.105,404.181,-78.30000000000001,31.43,13.257,50.915,56.0,9.435,9.296,75.533,1444990.573,62354.0,62.277,14201
2022-04-15 11:15:00,38.925,52.174,422.518,23.248000000000005,30.741,41.245,42.593,412.166,-76.82899999999998,34.16,13.355,70.445,70.573,10.011,9.816,97.311,1444996.527,62354.0,81.22,14201
2022-04-15 11:20:00,51.618,65.827,443.28,23.518000000000004,34.717,52.533,54.107,419.149,-75.973,37.385000000000005,13.588,129.176,168.723,10.78,10.567,125.729,1445004.303,62354.0,105.725,14201
2022-04-15 11:25:00,62.207,76.712,446.684,23.987,39.374,67.647,69.674,392.931,-76.839,41.531,13.892999999999995,154.964,305.619,11.922,11.736,156.464,1445014.12,62354.0,131.967,14201
2022-04-15 11:30:00,69.672,84.641,446.301,24.814,44.243,93.711,96.371,372.666,-71.714,47.476,14.073,175.321,354.023,13.447,13.223,196.771,1445026.455,62354.0,166.211,14201
2022-04-15 11:35:00,80.122,94.976,441.294,25.643,49.493,125.057,129.19,366.308,-77.68399999999998,55.53399999999999,14.273,199.91,413.759,15.303,14.869000000000003,246.332,1445042.117,62354.0,208.447,14201
2022-04-15 11:40:00,91.776,106.913,438.158,26.513,55.176,160.27,168.817,361.101,-74.90399999999998,61.42900000000001,14.492,228.676,478.067,17.379,16.535,303.657,1445061.387,62354.0,257.014,14201
2022-04-15 11:45:00,107.073,122.514,431.544,27.178,61.312,194.836,211.999,354.682,-80.0,60.50299999999999,14.797,256.246,544.592,20.300000000000004,18.962000000000003,368.241,1445085.16,62354.0,311.64,14201
2022-04-15 11:50:00,204.401,221.432,358.613,27.352,60.66,224.319,252.187,353.232,-80.0,60.333000000000006,14.914,277.197,585.799,22.780000000000005,21.188,527.987,1445116.067,62354.0,449.148,14201
2022-04-15 11:55:00,249.644,267.819,337.941,27.256,60.10399999999999,255.7,294.097,350.887,-79.58,60.322,15.150000000000002,293.821,629.383,25.418,23.959,621.714,1445158.467,62354.0,530.8,14201
2022-04-15 12:00:00,268.348,287.348,337.435,27.167,60.13399999999999,271.429,315.206,348.91,-79.66499999999998,60.232,15.316000000000004,302.976,639.429,27.309,26.264,666.489,1445204.457,62354.0,568.96,14201
2022-04-15 12:05:00,233.987,251.482,335.279,26.960000000000004,59.618,244.179,279.632,349.727,-80.0,59.651,15.324,278.634,548.502,27.853,27.105,583.468,1445250.28,62354.0,498.63,14201
2022-04-15 12:10:00,200.69,216.969,338.672,28.020000000000003,60.12800000000001,212.077,238.021,352.007,-79.66499999999998,60.05300000000001,15.3,258.204,462.361,26.261000000000003,25.608,509.502,1445284.403,62354.0,433.752,14201
2022-04-15 12:15:00,174.408,190.382,367.597,27.912000000000003,58.835,188.244,206.216,370.982,-80.0,58.596,15.377000000000002,234.102,380.851,26.003000000000004,25.344000000000005,437.733,1445322.217,62354.0,372.734,14201
2022-04-15 12:20:00,140.433,156.371,415.542,28.171000000000006,59.82199999999999,154.421,162.541,423.959,-80.0,60.024000000000015,15.266,207.471,276.907,23.283,22.915000000000003,356.7,1445348.777,62354.0,302.737,14201
2022-04-15 12:25:00,165.043,181.877,416.706,28.023,60.347,181.184,195.213,426.783,-80.0,60.33400000000001,15.18,230.039,319.458,21.821,21.604000000000003,420.986,1445376.317,62354.0,356.58,14201
2022-04-15 12:30:00,233.899,253.391,416.695,27.603,60.984,245.393,282.033,425.765,-80.0,61.068000000000005,15.216,290.007,449.688,22.058000000000007,21.880000000000003,597.257,1445410.76,62354.0,507.335,14201
2022-04-15 12:35:00,245.125,264.937,412.073,27.851,59.90099999999999,259.502,300.073,421.25,-79.325,59.892,15.416000000000004,310.025,473.557,24.205,24.093000000000004,625.284,1445456.703,62354.0,531.511,14201
2022-04-15 12:40:00,245.713,265.462,412.073,28.346000000000004,60.041,260.187,298.381,421.071,-79.66299999999998,60.017,15.518,320.157,478.057,24.755,24.796000000000003,629.782,1445499.68,62354.0,534.59,14201
2022-04-15 12:45:00,314.973,337.617,406.529,26.629,60.784000000000006,323.669,389.483,417.563,-78.63299999999998,61.346,15.594,386.386,616.863,25.608,25.657,801.972,1445550.757,62354.0,682.939,14201
2022-04-15 12:50:00,266.338,286.765,406.158,28.010000000000005,59.684,281.454,329.594,417.282,-79.582,59.47200000000001,15.72,345.942,522.041,26.727,26.85,679.833,1445603.033,62354.0,579.78,14201
2022-04-15 12:55:00,229.843,248.68,409.348,28.576000000000004,59.49700000000001,245.314,279.596,415.804,-79.333,59.24399999999999,15.662999999999998,308.04,444.106,26.369000000000003,26.262999999999995,583.714,1445647.611,62354.0,497.744,14201
2022-04-15 13:00:00,135.507,150.948,413.301,29.884,58.661,153.303,160.69,419.233,-78.03699999999998,58.135000000000005,15.546,217.801,265.794,24.361000000000004,24.111,342.105,1445682.12,62354.0,290.994,14201
2022-04-15 13:05:00,102.554,116.961,415.506,30.239,59.601,114.94,118.378,421.952,-79.66099999999999,59.937,15.285,185.228,200.597,21.518,21.193,258.86,1445702.543,62354.0,219.973,14201
2022-04-15 13:10:00,102.249,116.628,415.221,30.217,60.57599999999999,114.327,117.691,423.934,-80.0,60.36500000000001,15.162999999999998,184.758,196.601,19.715,19.495,258.559,1445720.643,62354.0,219.607,14201
2022-04-15 13:15:00,101.043,115.294,417.274,30.652,58.843,112.89,116.293,424.856,-80.0,59.969,15.1,184.41,191.918,19.047,18.803,255.27,1445738.933,62354.0,216.827,14201
2022-04-15 13:20:00,99.386,113.67,419.433,30.76,60.542,111.278,114.554,425.58,-74.232,59.65200000000001,15.08,184.162,189.452,18.823,18.574,250.428,1445756.86,62354.0,213.079,14201
2022-04-15 13:25:00,97.512,111.593,418.817,30.963000000000005,60.303,108.789,112.054,425.823,-76.49000000000001,59.837,15.1,184.451,187.0,18.469000000000005,18.264000000000003,245.486,1445774.478,62354.0,208.819,14201
2022-04-15 13:30:00,97.255,111.449,417.886,31.233,59.111,108.267,111.572,425.26,-79.32899999999998,60.077,15.1,187.085,183.896,18.332000000000004,18.058000000000003,244.678,1445791.8,62354.0,208.351,14201
2022-04-15 13:35:00,100.067,114.152,418.258,31.207,60.516,110.995,114.406,425.331,-77.972,60.10399999999999,15.1,196.806,188.588,18.316,18.044,251.487,1445809.413,62354.0,214.199,14201
2022-04-15 13:40:00,106.11,120.635,417.061,31.319,60.374,117.764,121.302,424.948,-76.02799999999998,60.10499999999999,15.023000000000003,212.186,199.656,18.125,17.951999999999998,266.612,1445827.7,62354.0,227.11,14201
2022-04-15 13:45:00,111.68,126.659,415.221,31.239,59.815000000000005,123.742,127.494,424.626,-66.005,59.928,15.0,223.178,207.11,18.204,18.114,280.609,1445847.173,62354.0,239.029,14201
2022-04-15 13:50:00,117.262,132.205,415.886,31.302,59.79099999999999,129.767,133.622,424.845,-79.58,60.037,15.0,235.964,216.869,18.367,18.306,294.249,1445867.513,62354.0,250.626,14201
2022-04-15 13:55:00,126.553,141.625,415.492,31.262999999999995,60.083000000000006,139.95,144.398,425.219,-78.557,60.035,15.018,253.407,232.918,18.840000000000003,18.772,317.905,1445889.22,62354.0,270.725,14201
2022-04-15 14:00:00,133.743,148.922,415.768,31.026000000000003,60.09100000000001,147.98,152.851,423.92,-74.04299999999998,59.999,15.1,266.335,247.37,19.385,19.377,335.802,1445912.482,62354.0,286.145,14201
2022-04-15 14:05:00,137.762,153.056,415.087,30.829,60.05499999999999,152.312,157.739,424.308,-76.56999999999998,59.93,15.252,274.811,254.47,19.823,19.793,345.798,1445936.732,62354.0,294.465,14201
2022-04-15 14:10:00,141.755,157.098,415.306,30.812,60.02300000000001,156.261,162.12,422.254,-80.0,60.04,15.303,290.641,263.259,20.073,20.089,356.596,1445961.568,62354.0,302.998,14201
2022-04-15 14:15:00,155.296,171.157,415.47,30.973,60.127,169.622,178.953,422.253,-79.66399999999999,60.12200000000001,15.283,318.017,287.886,20.532,20.54,391.744,1445987.933,62354.0,332.358,14201
2022-04-15 14:20:00,167.644,183.889,415.987,31.212000000000003,60.037,182.449,195.098,421.702,-79.66299999999998,60.031,15.237000000000002,334.209,311.723,20.862,20.963000000000005,422.806,1446016.977,62354.0,359.424,14201
2022-04-15 14:25:00,172.221,188.643,415.259,31.214,60.059,185.937,200.799,421.353,-79.66399999999999,60.05499999999999,15.550000000000002,339.24,319.182,21.972,21.938,432.076,1446047.11,62354.0,369.23,14201
2022-04-15 14:30:00,172.886,189.328,412.423,31.286,59.964000000000006,187.064,201.727,419.698,-80.0,59.991,15.484999999999998,340.09,324.453,22.332,22.444,433.11,1446078.043,62354.0,370.203,14201
2022-04-15 14:35:00,185.411,202.391,409.546,31.33,60.059,199.973,217.87,419.091,-79.649,60.08200000000001,15.38,354.573,349.984,22.350000000000005,22.539,465.288,1446109.793,62354.0,398.118,14201
2022-04-15 14:40:00,213.106,231.044,409.814,31.212000000000003,60.25,225.991,254.131,418.029,-80.0,60.22999999999999,15.513999999999998,384.903,406.897,22.715,22.991,536.331,1446145.183,62354.0,458.928,14201
2022-04-15 14:45:00,225.005,243.363,408.675,31.117,60.127,238.81,269.561,416.476,-80.0,60.225,15.657000000000002,398.987,434.162,23.965,24.326,566.209,1446184.317,62354.0,485.037,14201
2022-04-15 14:50:00,268.065,288.272,407.388,30.561,60.284000000000006,279.256,326.347,415.591,-80.0,60.407,15.699999999999998,454.019,524.346,25.05,25.451000000000004,676.762,1446228.95,62354.0,579.794,14201
2022-04-15 14:55:00,262.57,282.394,401.997,29.622,59.882,274.379,319.207,414.76,-79.66399999999999,59.958,16.14,441.893,517.636,27.355000000000004,27.53,660.792,1446277.96,62354.0,566.266,14201
2022-04-15 15:00:00,218.607,236.546,403.468,31.477,59.60499999999999,233.797,265.068,413.114,-80.0,59.444,16.311,367.953,434.989,27.503,27.701000000000004,552.021,1446320.834,62354.0,472.253,14201
2022-04-15 15:05:00,195.406,212.458,406.68,31.699,59.62800000000001,208.196,233.78,413.555,-80.0,59.56,16.045,321.935,390.662,25.807,26.258,493.634,1446357.99,62354.0,421.828,14201
2022-04-15 15:10:00,240.975,259.776,407.035,30.934,60.41300000000001,250.855,291.081,414.889,-80.0,60.438,15.950999999999995,390.649,477.425,25.094,25.515000000000004,609.126,1446397.073,62354.0,520.949,14201
2022-04-15 15:15:00,240.264,259.029,402.083,30.727,60.088,248.303,288.051,415.154,-80.0,60.14,16.2,386.768,476.167,25.591,25.994,605.258,1446439.104,62354.0,517.08,14201
2022-04-15 15:20:00,404.004,430.624,396.22,28.312,62.495000000000005,392.414,488.756,413.463,-80.0,63.382000000000005,16.429000000000002,678.435,818.845,28.036,28.278,1004.12,1446495.89,62354.0,866.4679999999998,14201
2022-04-15 15:25:00,450.519,479.366,387.005,28.03400000000001,61.131,435.772,550.775,405.234,-80.0,61.80100000000001,16.848,790.022,940.666,33.492,34.014,1114.835,1446574.063,62354.0,962.375,14201
2022-04-15 15:30:00,490.127,521.13,381.589,28.374,61.412,476.527,605.337,398.321,-80.0,62.465,17.217,913.011,1068.737,38.982,39.62100000000001,1213.5,1446658.187,62354.0,1042.956,14201
2022-04-15 15:35:00,481.546,511.951,372.283,28.773,60.167,470.328,597.453,389.661,-80.0,63.330000000000005,17.335,910.077,1049.372,41.181,42.275000000000006,1194.543,1446744.773,62354.0,1030.665,14201
2022-04-15 15:40:00,483.608,514.005,372.195,29.135,60.151,467.423,595.753,387.064,-80.0,63.219,17.798000000000002,928.308,1055.876,42.329,43.69899999999999,1197.703,1446830.463,62354.0,1030.441,14201
2022-04-15 15:45:00,473.249,502.753,372.087,29.440000000000005,59.90899999999999,445.358,564.397,392.736,-80.0,62.41799999999999,17.86,918.399,1031.386,43.118,44.937,1156.917,1446914.84,62354.0,996.96,14201
2022-04-15 15:50:00,471.465,500.813,373.0,29.913,59.773,454.748,574.991,387.813,-80.0,62.04400000000001,17.844999999999995,927.051,1031.538,41.78999999999999,43.858,1161.046,1446998.399,62354.0,999.9,14201
2022-04-15 15:55:00,482.114,511.911,373.003,30.062,60.156,465.809,592.49,385.056,-79.312,62.717,17.897999999999996,950.589,1046.559,40.314,42.236,1191.809,1447082.473,62354.0,1027.455,14201
2022-04-15 16:00:00,479.684,509.188,373.47,30.18,60.02499999999999,464.179,593.81,387.317,-78.59099999999998,64.00800000000001,17.814999999999998,954.718,1041.1,40.539,42.196,1188.68,1447168.24,62354.0,1025.006,14201
2022-04-15 16:05:00,473.425,502.445,373.726,30.387,59.86700000000001,460.365,585.33,386.871,-80.0,63.502,18.103,955.557,1029.19,41.253,42.851,1173.983,1447252.94,62354.0,1011.873,14201
2022-04-15 16:10:00,475.498,504.55,373.861,30.599,59.981,461.838,587.899,385.835,-79.66499999999998,63.34499999999999,18.013,972.467,1033.909,42.371,42.846,1177.796,1447337.423,62354.0,1015.309,14201
2022-04-15 16:15:00,472.591,501.252,373.665,30.773,59.987,459.354,583.148,385.654,-80.0,63.06700000000001,18.323,972.891,1027.964,43.929,41.938,1169.199,1447421.96,62354.0,1007.963,14201
2022-04-15 16:20:00,470.8,499.196,373.772,30.982000000000003,59.999,455.417,579.71,385.643,-80.0,63.191,18.644,975.328,1024.282,43.733,42.533,1164.037,1447505.667,62354.0,1002.76,14201
2022-04-15 16:25:00,469.514,497.669,373.844,31.225,59.93,457.29,578.868,384.825,-80.0,62.954,18.654000000000003,984.88,1027.331,43.626,42.565000000000005,1161.596,1447589.113,62354.0,1000.6,14201
2022-04-15 16:30:00,469.193,497.105,373.224,31.282,59.87799999999999,454.063,576.123,384.683,-79.24400000000001,62.508,18.165000000000003,986.583,1017.992,43.669,41.961,1158.911,1447672.567,62354.0,997.94,14201
2022-04-15 16:35:00,467.316,495.039,374.107,31.418000000000006,60.0,455.337,575.563,384.907,-78.988,62.645,18.42,990.129,1023.057,43.661,42.76199999999999,1155.901,1447755.493,62354.0,995.621,14201
2022-04-15 16:40:00,467.563,495.17,373.56,31.561,60.05599999999999,451.067,572.929,385.363,-79.582,63.55199999999999,19.057,993.036,1019.653,42.305,42.493,1153.549,1447838.247,62354.0,992.884,14201
2022-04-15 16:45:00,464.198,491.526,372.819,31.793,59.985,448.168,567.023,383.912,-79.66099999999999,63.179,19.185,991.048,1010.587,43.932,42.622,1143.907,1447920.83,62354.0,984.1160000000002,14201
2022-04-15 16:50:00,461.231,488.156,368.36,31.894,59.852,447.232,563.023,380.817,-80.0,62.733,18.987,995.008,1011.921,44.214,43.616,1136.499,1448002.48,62354.0,977.579,14201
2022-04-15 16:55:00,457.354,483.954,367.889,32.179,59.916,443.841,560.372,380.711,-80.0,62.237,19.497,996.141,1010.482,44.452,44.46000000000001,1129.328,1448083.537,62354.0,971.482,14201
2022-04-15 17:00:00,460.705,487.445,368.447,32.099999999999994,59.908,446.605,565.285,383.842,-80.0,62.353,18.888,1008.547,1017.525,42.940000000000005,42.663,1138.742,1448164.803,62354.0,979.021,14201
2022-04-15 17:05:00,458.801,485.287,367.66,32.303,60.09100000000001,443.606,561.082,380.707,-80.0,62.685,19.73,1003.607,1012.931,45.519000000000005,43.894000000000005,1131.706,1448246.193,62354.0,972.917,14201
2022-04-15 17:10:00,460.393,486.991,367.797,32.712999999999994,60.16900000000001,446.862,565.482,379.916,-80.0,62.78800000000001,19.855999999999995,1019.777,1025.495,47.023,45.851,1138.706,1448327.257,62354.0,978.879,14201
2022-04-15 17:15:00,420.561,444.95,365.511,32.99,58.88499999999999,413.798,519.381,381.993,-80.0,60.268,19.672,930.526,937.293,45.605,44.641,1044.735,1448404.49,62354.0,899.0779999999999,14201
2022-04-15 17:20:00,467.059,493.695,367.756,33.01500000000001,60.971,452.647,575.202,384.569,-80.0,62.838,19.868,1036.162,1045.822,43.1,41.049,1148.219,1448484.477,62354.0,993.601,14201
2022-04-15 17:25:00,461.409,487.659,367.426,33.203,60.13000000000001,441.867,564.707,382.016,-80.0,63.353,19.977,1019.021,1029.163,43.297,41.545,1131.343,1448566.867,62354.0,978.183,14201
2022-04-15 17:30:00,444.063,469.3,366.321,33.48,59.653000000000006,427.055,543.645,379.83,-80.0,62.057,19.949,981.7410000000002,995.293,45.779,44.842,1089.85,1448646.927,62354.0,941.7,14201
2022-04-15 17:35:00,447.466,472.778,367.595,33.608,59.90299999999999,431.601,547.479,379.519,-80.0,61.16,19.813,994.935,1009.979,46.136,45.12800000000001,1097.731,1448725.36,62354.0,949.63,14201
2022-04-15 17:40:00,451.567,477.041,367.399,33.800000000000004,60.150000000000006,434.575,552.912,379.598,-80.0,62.42400000000001,20.290000000000003,1004.295,1022.531,46.548,45.949000000000005,1112.77,1448804.853,62354.0,957.776,14201
2022-04-15 17:45:00,450.914,476.329,367.888,33.79600000000001,59.925,433.553,553.24,381.251,-80.0,62.86,20.198,1001.737,1024.215,43.221,42.4,1111.746,1448884.777,62354.0,957.372,14201
2022-04-15 17:50:00,446.312,471.416,368.3,33.764,59.83099999999999,429.978,548.034,381.604,-79.66099999999999,62.971,20.651000000000003,988.301,1017.424,43.401,42.483,1101.108,1448964.437,62354.0,948.445,14201
2022-04-15 17:55:00,450.584,475.953,368.405,33.831,60.12800000000001,434.031,552.9,383.543,-80.0,63.17700000000001,20.921,994.404,1026.001,41.336,40.745,1111.408,1449043.575,62354.0,956.971,14201
2022-04-15 18:00:00,442.035,466.937,371.618,34.001999999999995,59.893,421.743,538.861,382.552,-80.0,62.150000000000006,20.623,969.529,1001.046,42.004000000000005,41.896,1087.967,1449121.927,62354.0,936.182,14201
2022-04-15 18:05:00,441.259,466.05,370.126,34.108000000000004,59.998,424.165,539.386,382.285,-79.312,62.204,20.520000000000003,969.55,1008.133,43.79600000000001,43.105,1086.317,1449200.7,62354.0,935.75,14201
2022-04-15 18:10:00,438.558,463.029,367.321,34.230999999999995,59.77700000000001,423.288,537.59,381.861,-80.0,61.658,20.758,962.287,1005.626,45.163,43.862,1081.266,1449278.323,62354.0,931.879,14201
2022-04-15 18:15:00,438.737,463.153,367.389,34.415,60.05,427.948,541.658,382.586,-78.30400000000002,61.90299999999999,21.062000000000005,963.623,1018.782,44.255,44.013,1085.746,1449356.007,62354.0,935.343,14201
2022-04-15 18:20:00,434.55,458.691,367.717,34.311,59.882,422.216,534.415,382.624,-79.58,61.690000000000005,20.719,946.777,1005.43,42.246,41.889,1074.262,1449433.25,62354.0,925.601,14201
2022-04-15 18:25:00,437.264,461.577,369.236,34.876999999999995,60.155,425.455,538.243,381.423,-80.0,61.962,21.290000000000003,952.145,1015.825,45.072,44.715,1080.403,1449510.947,62354.0,931.177,14201
2022-04-15 18:30:00,437.552,461.803,367.422,35.103,60.061,422.243,536.569,381.028,-80.0,61.876000000000005,21.411,946.223,1018.848,46.879,46.55199999999999,1076.933,1449588.183,62354.0,928.012,14201
2022-04-15 18:35:00,413.178,436.135,367.547,35.327,59.27100000000001,401.045,507.642,379.207,-80.0,60.777,21.594000000000005,891.6,969.529,47.734,46.909,1022.091,1449663.113,62354.0,879.784,14201
2022-04-15 18:40:00,428.908,452.725,371.101,35.248999999999995,60.18099999999999,412.267,526.486,383.441,-80.0,61.209,21.682,919.53,1009.799,46.1,45.482,1059.827,1449738.37,62354.0,912.264,14201
2022-04-15 18:45:00,428.282,451.942,367.885,35.364,60.118,413.166,526.393,379.821,-80.0,61.77499999999999,21.902,916.715,1017.399,46.543,45.586,1058.058,1449814.403,62354.0,910.394,14201
2022-04-15 18:50:00,421.051,444.134,362.153,35.462999999999994,59.787000000000006,406.109,518.477,376.343,-80.0,61.24,21.667000000000005,899.102,1007.779,48.604000000000006,47.212,1041.199,1449890.0,62354.0,896.227,14201
2022-04-15 18:55:00,429.842,453.372,362.827,35.525,60.09900000000001,415.342,533.078,379.088,-80.0,61.41,21.956,919.431,1042.972,48.317,47.169,1065.911,1449965.243,62354.0,918.09,14201
2022-04-15 19:00:00,429.603,453.197,367.203,35.53999999999999,60.10499999999999,415.405,532.292,381.005,-80.0,62.162000000000006,22.286,904.852,1037.352,46.078,45.097,1065.034,1450041.767,62354.0,916.94,14201
2022-04-15 19:05:00,426.482,449.85,366.668,35.501999999999995,59.929,412.592,527.468,381.379,-80.0,61.870000000000005,21.693,891.0839999999998,1035.314,45.908,45.345,1057.548,1450118.04,62354.0,911.049,14201
2022-04-15 19:10:00,426.21,449.571,367.23,35.527,59.966,414.594,528.564,380.563,-80.0,61.535,21.64,887.8479999999998,1044.123,45.151,45.643,1057.156,1450193.76,62354.0,910.381,14201
2022-04-15 19:15:00,420.287,443.333,367.517,35.474000000000004,59.733,410.241,521.093,380.906,-80.0,60.63,21.52,862.1219999999998,1028.17,44.922,45.612,1044.003,1450268.63,62354.0,899.191,14201
2022-04-15 19:20:00,411.387,433.878,364.87,35.59700000000001,59.75,403.269,512.401,379.493,-80.0,60.527,21.812,837.782,1012.474,46.349,46.949,1022.522,1450343.313,62354.0,880.455,14201
2022-04-15 19:25:00,391.51,412.983,365.197,35.756,59.343,385.018,486.309,382.815,-80.0,59.42400000000001,21.926,788.1649999999998,960.262,45.73499999999999,45.934,972.691,1450415.603,62354.0,837.9299999999998,14201
2022-04-15 19:30:00,410.11,432.437,366.438,35.764,60.235,404.208,510.079,381.378,-76.54399999999998,59.534000000000006,21.767,819.426,1017.361,45.992,46.107,1021.099,1450486.093,62354.0,879.486,14201
2022-04-15 19:35:00,399.32,421.185,366.34,35.859,60.083000000000006,392.732,493.333,377.882,-79.83199999999998,59.749,22.297000000000004,785.6559999999998,988.626,47.483,47.182,993.68,1450559.003,62354.0,855.717,14201
2022-04-15 19:40:00,391.422,413.021,371.481,35.989999999999995,59.82299999999999,383.981,481.516,379.217,-79.66499999999998,59.538,22.236,753.519,959.272,47.734,46.891,968.267,1450629.601,62354.0,833.99,14201
2022-04-15 19:45:00,380.209,401.235,369.784,36.125,59.454,373.162,468.353,378.968,-80.0,59.39999999999999,22.111000000000004,723.642,936.303,46.738,45.507,943.579,1450697.953,62354.0,812.533,14201
2022-04-15 19:50:00,391.912,413.322,366.744,36.092,60.043000000000006,384.741,483.927,379.556,-79.66000000000001,60.07300000000001,21.92,739.341,976.92,46.277,45.807,972.806,1450766.093,62354.0,837.883,14201
2022-04-15 19:55:00,401.038,422.858,365.199,36.181,60.439,393.9,496.819,378.676,-80.0,60.475,22.308,751.034,1010.456,46.595,46.42,996.093,1450837.417,62354.0,857.37,14201
2022-04-15 20:00:00,400.831,422.562,365.069,36.221,59.991,396.984,500.216,381.025,-80.0,60.149,22.497,738.6409999999998,1017.736,46.819,46.329,999.502,1450908.757,62354.0,860.59,14201
2022-04-15 20:05:00,385.14,406.148,363.826,36.279,59.801,384.083,480.797,378.78,-79.66399999999999,59.74499999999999,22.816,691.123,973.435,47.60999999999999,47.362,959.473,1450979.76,62354.0,825.5,14201
2022-04-15 20:10:00,361.123,381.12,369.301,36.330000000000005,59.2,359.518,448.172,379.579,-80.0,59.065000000000005,22.600000000000005,632.609,901.457,46.768,46.46,900.025,1451045.977,62354.0,774.226,14201
2022-04-15 20:15:00,393.515,414.829,365.928,36.347,60.331,384.39,486.045,381.313,-80.0,60.273,22.511000000000003,685.438,989.763,46.063,45.782,977.025,1451112.953,62354.0,842.393,14201
2022-04-15 20:20:00,389.028,410.065,365.318,36.357,60.13499999999999,383.942,482.685,379.782,-80.0,60.066,22.631,667.509,981.624,46.162,45.758,966.347,1451183.043,62354.0,833.11,14201
2022-04-15 20:25:00,392.307,413.557,367.623,36.368,60.062,386.89,484.706,380.638,-80.0,60.019000000000005,22.281,653.227,984.57,46.044,45.544,971.9620000000002,1451252.472,62354.0,838.4,14201
2022-04-15 20:30:00,395.549,416.98,367.471,36.421,60.194,386.36,487.023,380.039,-80.0,60.13000000000001,22.336,641.376,991.677,46.97999999999999,46.216,977.84,1451322.86,62354.0,843.595,14201
2022-04-15 20:35:00,393.212,414.494,367.39,36.4,59.86500000000001,387.161,486.822,381.44,-80.0,59.94200000000001,22.338,625.61,987.822,45.581,45.139,975.772,1451392.95,62354.0,841.173,14201
2022-04-15 20:40:00,375.313,395.813,367.844,36.276,59.493,373.242,467.383,381.838,-80.0,59.563,22.303,584.199,939.088,44.43600000000001,44.297,934.904,1451462.368,62354.0,805.375,14201
2022-04-15 20:45:00,380.468,401.148,369.57,36.14000000000001,59.585,383.345,473.513,383.901,-80.0,59.55599999999999,22.099,588.318,945.72,42.93,43.299,950.345,1451528.76,62354.0,818.932,14201
2022-04-15 20:50:00,394.389,415.734,368.494,36.02700000000001,60.50399999999999,389.555,490.234,383.726,-80.0,60.51200000000001,22.123,602.617,982.3,43.652,44.36,980.182,1451598.794,62354.0,844.909,14201
2022-04-15 20:55:00,381.271,401.95,367.713,36.063,59.818000000000005,380.55,476.262,382.649,-80.0,59.848000000000006,22.372,561.965,954.849,44.704,45.467,952.05,1451668.04,62354.0,820.352,14201
2022-04-15 21:00:00,379.795,400.372,367.631,36.137,59.827,379.024,474.207,383.509,-80.0,59.796,22.319,544.073,949.448,44.438,44.954,947.509,1451736.28,62354.0,816.889,14201
2022-04-15 21:05:00,376.095,396.501,367.988,36.095,59.844,372.375,467.198,383.401,-80.0,59.733,22.146,524.054,935.025,43.999,44.188,936.194,1451803.907,62354.0,806.999,14201
2022-04-15 21:10:00,372.711,392.928,367.67,36.099,59.81700000000001,370.961,463.752,384.606,-80.0,59.804,22.198,506.208,924.526,44.419,44.404,929.102,1451870.787,62354.0,800.7319999999999,14201
2022-04-15 21:15:00,369.495,389.647,369.741,36.063,59.871,367.579,460.849,386.446,-80.0,59.87199999999999,22.160000000000004,489.513,916.932,42.871,43.163,922.501,1451937.39,62354.0,795.051,14201
2022-04-15 21:20:00,366.669,386.757,370.611,36.202,59.97599999999999,365.588,456.698,385.768,-80.0,59.845,22.434999999999995,472.789,906.148,43.557,43.641,914.694,1452003.313,62354.0,788.6069999999999,14201
2022-04-15 21:25:00,360.329,380.168,369.766,36.246,59.74199999999999,362.977,451.513,385.954,-80.0,59.782,22.423,456.024,895.08,43.190000000000005,43.309,902.302,1452068.463,62354.0,777.643,14201
2022-04-15 21:30:00,357.043,376.795,373.615,36.103,59.69800000000001,361.06,448.865,389.604,-80.0,59.79900000000001,22.044,439.714,882.932,41.703,42.211,896.139,1452133.017,62354.0,772.177,14201
2022-04-15 21:35:00,351.487,370.997,373.672,36.109,59.796,357.295,441.91,389.71,-80.0,59.741000000000014,22.271,417.811,867.057,42.485,42.779,883.038,1452196.96,62354.0,760.568,14201
2022-04-15 21:40:00,345.275,364.544,373.734,36.202,59.79999999999999,352.547,434.396,389.378,-80.0,59.715,22.36,401.824,853.034,42.64,42.522,868.0589999999999,1452259.887,62354.0,747.831,14201
2022-04-15 21:45:00,340.167,359.16,373.739,36.323,59.748,350.094,428.425,389.046,-79.66399999999999,59.73,22.11,385.521,842.941,42.027,42.225,856.352,1452321.8,62354.0,737.633,14201
2022-04-15 21:50:00,311.891,329.897,375.751,36.62,59.25399999999999,324.303,395.203,388.791,-79.331,59.16799999999999,22.195,344.585,770.443,42.39000000000001,42.231,788.677,1452381.667,62354.0,678.906,14201
2022-04-15 21:55:00,328.837,347.48,378.349,36.781,60.273,335.305,414.224,390.788,-79.316,60.275000000000006,22.180000000000003,348.344,805.832,41.955000000000005,41.754,830.095,1452438.569,62354.0,714.22,14201
2022-04-15 22:00:00,121.911,134.386,382.371,39.077,55.703,137.311,151.86,391.655,-79.66099999999999,54.728,22.164,143.257,296.704,39.999,39.901,304.431,1452482.05,62354.0,260.528,14201
2022-04-15 22:05:00,209.853,224.884,393.501,39.979,61.14,219.669,256.578,406.917,-57.978,60.109,21.572,219.556,500.889,33.376999999999995,33.251000000000005,534.083,1452504.357,62354.0,460.31,14201
2022-04-15 22:10:00,340.544,359.695,388.864,36.869,62.47899999999999,347.789,432.127,402.399,-76.631,63.129000000000005,21.553,352.039,815.3859999999999,34.831,34.711,859.498,1452559.633,62354.0,741.226,14201
2022-04-15 22:15:00,310.648,328.607,385.446,36.861,59.732,322.57,395.623,396.237,-80.0,59.671,22.067,325.217,747.2419999999998,39.056,38.911,787.061,1452619.273,62354.0,677.957,14201
2022-04-15 22:20:00,277.361,294.069,385.717,37.397,59.25,283.563,339.016,399.645,-80.0,58.88100000000001,22.181,265.378,672.365,39.99,39.521,690.728,1452672.023,62354.0,594.106,14201
2022-04-15 22:25:00,263.734,280.095,389.855,37.787,59.611,254.569,295.542,375.932,-76.446,59.178,22.023000000000003,234.595,640.869,39.143,38.731,629.935,1452718.89,62354.0,542.081,14201
2022-04-15 22:30:00,166.905,180.469,392.833,39.069,58.72699999999999,167.59,185.429,351.259,-76.72600000000001,58.17800000000001,21.809000000000005,156.949,399.646,36.735,36.639,395.668,1452755.683,62354.0,339.859,14201
2022-04-15 22:35:00,159.93,173.303,400.258,39.904,59.641,161.947,177.483,357.492,-78.738,60.22099999999999,21.447000000000003,151.702,383.792,33.344,32.989000000000004,388.316,1452780.353,62354.0,334.118,14201
2022-04-15 22:40:00,193.187,207.541,401.817,38.52700000000001,60.215,203.293,224.365,360.387,-80.0,60.22999999999999,21.317,185.404,467.743,32.427,32.102000000000004,471.311,1452815.437,62354.0,405.231,14201
2022-04-15 22:45:00,129.8,142.48,400.626,39.623,59.03600000000001,142.756,149.677,358.591,-80.0,59.114,21.403,146.267,316.16,31.696,31.271,320.039,1452843.27,62354.0,274.707,14201
2022-04-15 22:50:00,153.129,166.191,392.324,39.348000000000006,60.298,173.971,189.645,361.457,-80.0,60.403000000000006,21.3,169.839,395.148,29.904000000000003,29.914,390.998,1452868.313,62354.0,335.961,14201
2022-04-15 22:55:00,110.394,121.953,366.249,39.688,59.44800000000001,131.967,138.118,357.842,-69.40199999999999,59.689,21.3,129.285,283.976,29.623,29.533,282.644,1452893.44,62354.0,242.383,14201
2022-04-15 23:00:00,73.093,84.595,395.709,40.698,59.25399999999999,87.443,90.05599999999998,355.399,-53.132,59.092,21.184999999999995,97.26,191.609,27.339,27.241,189.453,1452908.21,62354.0,161.976,14201
2022-04-15 23:05:00,81.376,92.298,372.685,40.041,60.197,102.621,105.706,359.506,-54.758,60.39500000000001,21.043,108.488,220.219,25.753,25.733,215.15,1452923.9,62354.0,184.452,14201
2022-04-15 23:10:00,57.656,68.553,382.729,40.446,59.71399999999999,83.616,86.105,359.322,-53.98,59.760000000000005,20.965,91.308,182.831,24.771,24.682,164.831,1452937.373,62354.0,140.852,14201
2022-04-15 23:15:00,36.503,46.973,386.506,40.205000000000005,59.73100000000001,66.017,68.0,359.495,-52.416,59.737,20.703,77.071,150.461,23.529,23.417,119.986,1452947.42,62354.0,101.986,14201
2022-04-15 23:20:00,25.598,35.941,389.004,40.225,57.695,48.425,49.867,360.34,-56.127,58.844,20.603,62.852,112.832,22.283,22.159,87.22,1452954.663,62354.0,73.40399999999998,14201
2022-04-15 23:25:00,17.219,27.465,384.959,40.103,58.22,31.211,32.152,357.998,-61.382,58.914,20.482,47.267,78.965,20.893,20.76,58.04,1452959.703,62354.0,47.557,14201
2022-04-15 23:30:00,10.836,20.796,378.1,40.159,58.30799999999999,11.676,12.049,396.761,-59.158,58.166,20.149,23.492,28.949,19.162000000000003,19.137,28.525,1452962.617,62354.0,21.013,14201
2022-04-15 23:35:00,7.628999999999999,17.584,378.541,40.229,58.24,3.16,3.243,419.044,-79.659,55.582,19.867,15.924,17.972,17.415000000000003,17.489,16.634,1452963.657,62354.0,9.419,14201
2022-04-15 23:40:00,4.753,12.878,382.195,40.133,57.809,2.16,2.227,415.146,-79.66399999999999,53.316,19.305,12.0,12.952,15.931999999999997,15.950999999999995,13.0,1452964.0,62354.0,5.165,14201
2022-04-15 23:45:00,0.0,0.2369999999999999,423.828,40.132,55.824000000000005,0.752,0.761,413.446,-77.305,51.306,18.396,4.991,4.874,14.473,14.409,4.782,1452964.0,62354.0,-1.436,14201
2022-04-15 23:50:00,0.0,0.108,405.279,40.088,53.426,0.0,0.0,416.517,-66.766,48.91,17.846999999999998,0.266,0.5789999999999998,13.136,13.105,2.932,1452964.0,62354.0,-2.015,14201
2022-04-15 23:55:00,0.0,0.0,372.654,39.935,51.396,0.0,0.0,386.424,-53.248000000000005,46.569,17.525999999999996,0.0,0.0,12.172,12.161,2.351,1452964.0,62354.0,-1.8,14201
2022-07-15 00:00:00,13.464,22.999,366.196,43.727,59.078,5.636,5.813,413.171,-46.022,55.115,25.065000000000005,,,25.571,25.280000000000005,23.352,2004877.45,63787.0,17.838,14201
2022-07-15 00:05:00,11.702,21.345,365.405,44.204,59.080000000000005,5.1,5.254,412.598,-46.663,54.39900000000001,25.046000000000006,,,25.045,24.782,20.764,2004878.688,63787.0,15.461,14201
2022-07-15 00:10:00,8.330999999999998,17.812,360.66,44.577000000000005,58.89199999999999,3.215,3.312,408.901,-46.061,53.67,24.94,,,24.489,24.244000000000003,15.783,2004879.967,63787.0,10.133,14201
2022-07-15 00:15:00,2.427,6.382,385.938,45.149,58.195,1.958,1.913,395.605,-45.63700000000001,52.896,24.93,,,23.911,23.657,8.449,2004880.603,63787.0,2.422,14201
2022-07-15 00:20:00,0.0359999999999999,0.136,404.425,45.169,56.036,0.253,0.262,410.537,-45.212,51.873,24.630000000000003,,,23.285,23.045,3.134,2004881.0,63787.0,-1.724,14201
2022-07-15 00:25:00,0.0,0.0,401.386,45.177,54.054,0.024,0.025,412.334,-45.177,50.424,24.376,,,22.733,22.508,2.889,2004881.0,63787.0,-1.88,14201
2022-07-15 00:30:00,0.0,0.0,389.917,45.125,52.473000000000006,0.0109999999999999,0.0109999999999999,399.86,-45.367,49.044,24.32,,,22.284,22.069,2.673,2004881.0,63787.608,-1.87,14201
2022-07-15 00:35:00,0.0,0.0,379.159,44.42600000000001,51.12199999999999,0.0,0.0,390.721,-43.972,47.837,24.029000000000003,,,21.856,21.64700000000001,2.516,2004881.0,63788.0,-1.815,14201
2022-07-15 00:40:00,0.0,0.0,361.013,43.627,49.89000000000001,0.0,0.0,374.479,-44.103,46.63399999999999,23.632,,,21.530999999999995,21.33,2.504,2004881.0,63788.0,-1.807,14201
2022-07-15 00:45:00,0.0,0.0,304.867,43.471,48.728,0.0,0.0,321.988,-43.984,45.54900000000001,23.39,,,21.269,21.174000000000003,2.516,2004881.0,63788.0,-1.817,14201
2022-07-15 00:50:00,0.0,0.0,246.607,43.322,47.693,0.0,0.0,264.257,-44.27000000000001,44.623,23.34,,,21.046000000000003,20.892,2.908,2004881.0,63788.0,-2.201,14201
2022-07-15 00:55:00,0.0,0.0,185.097,43.147,46.705000000000005,0.0,0.0,200.505,-45.699,43.74,23.535,,,20.744000000000003,20.556,2.964,2004881.0,63788.0,-2.248,14201
2022-07-15 01:00:00,0.0,0.0,112.605,42.956,45.825,0.0,0.0,124.704,-46.095,42.888000000000005,23.44,,,20.74900000000001,20.544,3.157,2004881.0,63788.637,-2.402,14201
2022-07-15 01:05:00,0.0,0.0,56.138,42.814,45.101,0.0,0.0,63.569,-45.33500000000001,42.027,23.540000000000003,,,20.77,20.6,2.863,2004881.0,63789.0,-2.159,14201
2022-07-15 01:10:00,0.0,0.0,26.959,42.65,44.398,0.0,0.0,32.35,-45.47200000000001,41.27,23.355,,,20.701,20.503,2.8,2004881.0,63789.0,-2.1,14201
2022-07-15 01:15:00,0.0,0.0,11.868,42.482,43.775000000000006,0.0,0.0,19.086,-45.67700000000001,40.607,23.16,,,20.700000000000003,20.500000000000004,2.8,2004881.0,63789.0,-2.1,14201
2022-07-15 01:20:00,0.0,0.0,6.305,42.332,43.144,0.0,0.0,18.9,-45.142,39.936,23.076,,,20.697,20.433,2.8,2004881.0,63789.0,-2.1,14201
2022-07-15 01:25:00,0.0,0.0,6.0,42.155,42.623000000000005,0.0,0.0,18.9,-46.362,39.32,22.771,,,20.630000000000003,20.414,2.8,2004881.0,63789.01,-2.1,14201
2022-07-15 01:30:00,0.0,0.0,6.0,41.97999999999999,42.164,0.0,0.0,18.9,-46.905,38.688,22.606,,,20.690999999999995,20.536,2.8,2004881.0,63790.0,-2.1,14201
2022-07-15 01:35:00,0.0,0.0,6.0,41.828,41.665,0.0,0.0,18.9,-47.324,38.152,22.694,,,20.601,20.456000000000003,2.8,2004881.0,63790.0,-2.1,14201
2022-07-15 01:40:00,0.0,0.0,6.0,41.651,41.275000000000006,0.0,0.0,18.9,-48.732,37.655,22.700000000000003,,,20.584,20.39700000000001,2.801,2004881.0,63790.0,-2.1,14201
2022-07-15 01:45:00,0.0,0.0,6.0,41.481,40.929,0.0,0.0,18.9,-52.271,37.163,22.55,,,20.553000000000004,20.392000000000003,2.801,2004881.0,63790.0,-2.101,14201
2022-07-15 01:50:00,0.0,0.0,6.0,41.303,40.646,0.0,0.0,18.9,-56.34,36.767,22.5,,,20.500000000000004,20.368,2.857,2004881.0,63790.0,-2.135,14201
2022-07-15 01:55:00,0.0,0.0,6.0,41.158,40.301,0.0,0.0,18.9,-52.22,36.345,22.52,,,20.422000000000004,20.242,2.801,2004881.0,63790.342,-2.1,14201
2022-07-15 02:00:00,0.0,0.0,6.0,41.01,39.946,0.0,0.0,18.9,-51.426,35.986000000000004,22.5,,,20.35,20.200000000000003,2.8,2004881.0,63791.0,-2.1,14201
2022-07-15 02:05:00,0.0,0.0,6.0,40.84700000000001,39.658,0.0,0.0,18.9,-50.18,35.61299999999999,22.5,,,20.33900000000001,20.200000000000003,2.801,2004881.0,63791.0,-2.1,14201
2022-07-15 02:10:00,0.0,0.0,6.0,40.697,39.351,0.0,0.0,18.9,-46.41900000000001,35.268,22.5,,,20.366,20.192,2.8,2004881.0,63791.0,-2.1,14201
2022-07-15 02:15:00,0.0,0.0,6.0,40.55800000000001,39.088,0.0,0.0,18.9,-45.547,34.923,22.355000000000004,,,20.317,20.138,2.801,2004881.0,63791.0,-2.1,14201
2022-07-15 02:20:00,0.0,0.0,6.0,40.408,38.83500000000001,0.0,0.0,18.9,-50.081,34.595,22.233999999999995,,,20.244,20.048,2.8,2004881.0,63791.0,-2.1,14201
2022-07-15 02:25:00,0.0,0.0,6.0,40.236,38.668,0.0,0.0,18.9,-48.986,34.197,22.335,,,20.200000000000003,20.062,2.8,2004881.0,63791.678,-2.103,14201
2022-07-15 02:30:00,0.0,0.0,6.0,40.057,38.481,0.0,0.0,18.9,-45.426,33.887,22.454,,,20.205,20.185,2.801,2004881.0,63792.0,-2.101,14201
2022-07-15 02:35:00,0.0,0.0,6.0,39.545,38.279,0.0,0.0,18.9,-45.693,33.572,22.465,,,20.22,20.161,2.8,2004881.0,63792.0,-2.1,14201
2022-07-15 02:40:00,0.0,0.0,6.0,39.143,38.082,0.0,0.0,18.9,-44.546,33.286,22.23,,,20.300000000000004,20.200000000000003,2.8,2004881.0,63792.0,-2.1,14201
2022-07-15 02:45:00,0.0,0.0,6.0,39.019,37.904,0.0,0.0,18.9,-44.679,33.031,22.31,,,20.300000000000004,20.172,2.788,2004881.0,63792.0,-2.1,14201
2022-07-15 02:50:00,0.0,0.0,6.0,38.911,37.692,0.0,0.0,18.9,-43.481,32.759,22.399999999999995,,,20.381,20.200000000000003,2.65,2004881.0,63792.0,-2.008,14201
2022-07-15 02:55:00,0.0,0.0,6.0,38.733,37.518,0.0,0.0,18.9,-44.491,32.514,22.48,,,20.4,20.200000000000003,2.517,2004881.0,63792.957,-1.906,14201
2022-07-15 03:00:00,0.0,0.0,6.0,38.499,37.27700000000001,0.0,0.0,18.9,-46.087,32.335,22.638,,,20.467,20.245,2.417,2004881.0,63793.0,-1.855,14201
2022-07-15 03:05:00,0.0,0.0,6.0,38.34799999999999,37.014,0.0,0.0,18.9,-45.721,32.11600000000001,23.190999999999995,,,20.644,20.402999999999995,2.398,2004881.0,63793.0,-1.801,14201
2022-07-15 03:10:00,0.0,0.0,6.0,38.676,36.76500000000001,0.0,0.0,18.9,-45.212,31.957,23.540000000000003,,,20.77,20.539,2.393,2004881.0,63793.0,-1.8,14201
2022-07-15 03:15:00,0.0,0.0,6.0,39.172,36.463,0.0,0.0,18.9,-43.440000000000005,31.816,23.477,,,20.773000000000003,20.529000000000003,2.38,2004881.0,63793.0,-1.8,14201
2022-07-15 03:20:00,0.0,0.0,6.0,39.131,36.166,0.0,0.0,18.9,-43.708,31.574000000000005,23.154,,,20.700000000000003,20.500000000000004,2.336,2004881.0,63793.0,-1.8,14201
2022-07-15 03:25:00,0.0,0.0,6.0,39.001000000000005,35.859,0.0,0.0,18.9,-44.829,31.421,23.086,,,20.700000000000003,20.504,2.344,2004881.0,63793.41,-1.8,14201
2022-07-15 03:30:00,0.0,0.0,6.0,38.856,35.56399999999999,0.0,0.0,18.9,-47.391,31.257000000000005,23.175,,,20.77,20.616,2.338,2004881.0,63794.0,-1.8,14201
2022-07-15 03:35:00,0.0,0.0,6.0,38.65,35.274,0.0,0.0,18.9,-48.052,31.082999999999995,22.9,,,20.804,20.614,2.33,2004881.0,63794.0,-1.8,14201
2022-07-15 03:40:00,0.0,0.0,6.0,38.505,34.910999999999994,0.0,0.0,18.9,-48.765,30.896,22.71,,,20.724000000000004,20.595,2.26,2004881.0,63794.0,-1.735,14201
2022-07-15 03:45:00,0.0,0.0,6.0,38.342000000000006,34.662,0.0,0.0,18.9,-48.763000000000005,30.707,22.614999999999995,,,20.700000000000003,20.537,2.096,2004881.0,63794.0,-1.597,14201
2022-07-15 03:50:00,0.0,0.0,6.0,38.17600000000001,34.369,0.0,0.0,18.9,-49.72,30.529000000000003,22.789,,,20.769000000000005,20.6,1.857,2004881.0,63794.0,-1.355,14201
2022-07-15 03:55:00,0.0,0.0,6.0,37.986,34.07300000000001,0.0,0.0,18.9,-49.337,30.369,23.010000000000005,,,20.8,20.6,1.8,2004881.0,63794.0,-1.3,14201
2022-07-15 04:00:00,0.0,0.0,6.0,37.806,33.798,0.0,0.0,18.9,-50.034,30.283,23.009,,,20.8,20.6,1.8,2004881.0,63794.0,-1.3,14201
2022-07-15 04:05:00,0.0,0.0,6.0,37.641,33.553,0.0,0.0,18.9,-50.281,30.128000000000004,22.695,,,20.734,20.511,1.8,2004881.0,63794.724,-1.3,14201
2022-07-15 04:10:00,0.0,0.0,6.0,37.479,33.326,0.0,0.0,18.9,-49.16,30.0,22.45,,,20.612000000000005,20.4,1.8,2004881.0,63795.0,-1.3,14201
2022-07-15 04:15:00,0.0,0.0,6.0,37.302,33.078,0.0,0.0,18.9,-48.375,29.844,22.399999999999995,,,20.6,20.4,1.8,2004881.0,63795.0,-1.3,14201
2022-07-15 04:20:00,0.0,0.0,6.0,37.182,32.864,0.0,0.0,18.9,-49.204,29.696,22.475,,,20.628,20.465,1.8,2004881.0,63795.0,-1.3,14201
2022-07-15 04:25:00,0.0,0.0,6.0,37.051,32.647,0.0,0.0,18.9,-48.604000000000006,29.612,22.390000000000004,,,20.711,20.538,1.8,2004881.0,63795.0,-1.3,14201
2022-07-15 04:30:00,0.0,0.0,6.0,36.872,32.462,0.0,0.0,18.9,-46.62799999999999,29.461,22.325000000000003,,,20.819,20.645,1.8,2004881.0,63795.0,-1.3,14201
2022-07-15 04:35:00,0.0,0.0,6.0,36.705000000000005,32.294,0.0,0.0,18.9,-47.655,29.318,22.2,,,20.901,20.717,1.8,2004881.0,63795.0,-1.3,14201
2022-07-15 04:40:00,0.0,0.0,6.0,36.54900000000001,32.128,0.0,0.0,18.9,-47.037000000000006,29.190000000000005,22.255,,,20.901,20.715000000000003,1.8,2004881.0,63795.0,-1.3,14201
2022-07-15 04:45:00,0.0,0.0,6.0,36.423,31.989999999999995,0.0,0.0,18.9,-43.788,29.072000000000003,22.633,,,21.034,20.87,1.8,2004881.0,63795.0,-1.3,14201
2022-07-15 04:50:00,0.0,0.0,6.0,36.276,31.886000000000006,0.0,0.0,18.9,-46.134,28.934,23.023,,,21.335000000000004,21.145000000000003,1.8,2004881.0,63795.543,-1.3,14201
2022-07-15 04:55:00,0.0,0.0,6.0,36.086,31.745999999999995,0.0,0.0,18.9,-47.035,28.825000000000003,23.159,,,21.493,21.267000000000003,1.8,2004881.0,63796.0,-1.3,14201
2022-07-15 05:00:00,0.0,0.0,6.0,35.94,31.62,0.0,0.0,18.9,-47.083000000000006,28.737999999999992,23.246,,,21.529000000000003,21.329,1.8,2004881.0,63796.0,-1.3,14201
2022-07-15 05:05:00,0.0,0.0,6.0,35.823,31.489,0.0,0.0,18.9,-47.824000000000005,28.657,23.475,,,21.64,21.435,1.8,2004881.0,63796.0,-1.3,14201
2022-07-15 05:10:00,0.0,0.0,6.0,35.70099999999999,31.346,0.0,0.0,18.9,-48.946,28.581000000000003,23.61,,,21.772,21.579,1.8,2004881.0,63796.0,-1.3,14201
2022-07-15 05:15:00,0.0,0.0,6.0,35.559999999999995,31.152,0.0,0.0,18.9,-49.733,28.5,23.640000000000004,,,21.9,21.728,1.8,2004881.0,63796.0,-1.3,14201
2022-07-15 05:20:00,0.0,0.0,6.0,35.476000000000006,30.972,0.0,0.0,18.9,-48.502,28.469999999999995,23.734,,,21.985,21.819,1.8,2004881.0,63796.0,-1.3,14201
2022-07-15 05:25:00,0.0,0.0,6.0,35.347,30.883,0.0,0.0,18.9,-49.041,28.401,23.875,,,22.036,21.833,1.8,2004881.0,63796.0,-1.3,14201
2022-07-15 05:30:00,0.0,0.0,6.0,35.248,30.802000000000003,0.0,0.0,18.9,-49.554,28.341,23.885,,,22.073,21.9,1.8,2004881.0,63796.0,-1.3,14201
2022-07-15 05:35:00,0.0,0.0,6.0,35.14,30.735,0.0,0.0,18.9,-50.478,28.3,23.875,,,22.082999999999995,21.9,1.8,2004881.0,63796.373,-1.3,14201
2022-07-15 05:40:00,0.0,0.0,6.0,35.011,30.64,0.0,0.0,18.9,-50.414,28.207,23.879999999999995,,,22.084,21.940000000000005,1.8,2004881.0,63797.0,-1.3,14201
2022-07-15 05:45:00,0.0,0.0,6.0,34.604,30.511,0.0,0.0,18.9,-51.018,28.186000000000003,23.846,,,22.1,21.996,1.8,2004881.0,63797.0,-1.3,14201
2022-07-15 05:50:00,0.0,0.0,6.0,34.33,30.37,0.0,0.0,18.9,-51.568000000000005,28.1,23.8,,,22.055,21.907,1.8,2004881.0,63797.0,-1.3,14201
2022-07-15 05:55:00,0.0,0.0,6.0,34.233,30.266,0.0,0.0,18.9,-51.365,28.065,23.875,,,22.047,21.919,1.8,2004881.0,63797.0,-1.3,14201
2022-07-15 06:00:00,0.0,0.0,6.0,34.15200000000001,30.200000000000003,0.0,0.0,18.9,-50.466,28.000000000000004,23.899999999999995,,,22.149,22.0,1.8,2004881.0,63797.0,-1.3,14201
2022-07-15 06:05:00,0.0,0.0,6.0,34.068000000000005,30.113,0.0,0.0,18.9,-51.02700000000001,27.941000000000003,23.899999999999995,,,22.2,22.06,1.8,2004881.0,63797.0,-1.3,14201
2022-07-15 06:10:00,0.0,0.0,6.0,33.956,30.02,0.0,0.0,18.9,-51.056,27.9,23.879999999999995,,,22.216,22.047,1.8,2004881.0,63797.0,-1.3,14201
2022-07-15 06:15:00,0.0,0.0,6.0,33.897,29.944,0.0,0.0,18.9,-50.324000000000005,27.886,23.87400000000001,,,22.208,22.0,1.8,2004881.0,63797.0,-1.3,14201
2022-07-15 06:20:00,0.0,0.0,6.0,33.869,29.826000000000004,0.0,0.0,18.9,-49.784,27.801,24.0,,,22.211,22.0,1.8,2004881.0,63797.18,-1.3,14201
2022-07-15 06:25:00,0.0,0.0,6.0,33.752,29.697000000000003,0.0,0.0,18.9,-50.093,27.800000000000004,24.0,,,22.2,22.0,1.8,2004881.0,63798.0,-1.3,14201
2022-07-15 06:30:00,0.0,0.0,6.0,33.733,29.601,0.0,0.0,18.9,-49.287,27.729,23.945,,,22.2,22.0,1.8,2004881.0,63798.0,-1.3,14201
2022-07-15 06:35:00,0.0,0.0,6.0,33.645999999999994,29.593,0.0,0.0,18.9,-48.977,27.69,23.885,,,22.203,22.0,1.8,2004881.0,63798.0,-1.3,14201
2022-07-15 06:40:00,0.0,0.0,6.0,33.608,29.504999999999995,0.0,0.0,18.9,-49.77700000000001,27.600000000000005,23.72,,,22.188,21.984,1.8,2004881.0,63798.0,-1.3,14201
2022-07-15 06:45:00,0.0,0.0,6.0,33.551,29.409,0.0,0.0,18.9,-50.552,27.600000000000005,23.815999999999995,,,22.124,21.9,1.8,2004881.0,63798.0,-1.3,14201
2022-07-15 06:50:00,0.0,0.0,6.0,33.526,29.303000000000004,0.0,0.0,18.9,-50.607,27.600000000000005,23.840000000000003,,,22.1,21.9,1.8,2004881.0,63798.0,-1.3,14201
2022-07-15 06:55:00,0.0,0.0,6.0,33.471,29.224000000000004,0.0,0.0,18.9,-50.578,27.511000000000003,23.784,,,22.142,21.9,1.8,2004881.0,63798.0,-1.3,14201
2022-07-15 07:00:00,0.0,0.0,6.0,33.44,29.141,0.0,0.0,18.9,-50.235,27.5,23.76,,,22.168,21.9,1.8,2004881.0,63798.0,-1.3,14201
2022-07-15 07:05:00,0.0,0.0,6.0,33.319,29.054,0.0,0.0,18.9,-50.261,27.49,23.815000000000005,,,22.211,21.968,1.8,2004881.0,63798.0,-1.3,14201
2022-07-15 07:10:00,0.0,0.0,6.093,33.289,28.975,0.0,0.0,18.909,-50.457,27.401,23.899999999999995,,,22.239,21.98,1.8,2004881.0,63798.983,-1.3,14201
2022-07-15 07:15:00,0.0,0.0,6.263,33.22999999999999,28.899,0.0,0.0,19.251,-50.66,27.399999999999995,23.824,,,22.119,21.852,1.8,2004881.0,63799.0,-1.3,14201
2022-07-15 07:20:00,0.0,0.0,6.056,33.215,28.811000000000003,0.0,0.0,18.904,-50.044,27.357,23.795,,,21.976,21.8,1.8,2004881.0,63799.0,-1.3,14201
2022-07-15 07:25:00,0.0,0.0,6.02,33.112,28.800000000000004,0.0,0.0,18.908,-50.477,27.3,23.96,,,21.9,21.783,1.8,2004881.0,63799.0,-1.3,14201
2022-07-15 07:30:00,0.0,0.0,6.037,33.108,28.729,0.0,0.0,18.916,-50.792,27.229000000000003,23.805,,,22.084,21.957,1.8,2004881.0,63799.0,-1.3,14201
2022-07-15 07:35:00,0.0,0.0,6.026,33.059999999999995,28.7,0.0,0.0,18.9,-51.504,27.2,23.616,,,22.283,22.153,1.8,2004881.0,63799.0,-1.3,14201
2022-07-15 07:40:00,0.0,0.0,6.0,32.980000000000004,28.623,0.0,0.0,18.9,-52.048,27.134,23.59,,,22.395000000000003,22.244,1.8,2004881.0,63799.0,-1.3,14201
2022-07-15 07:45:00,0.0,0.0,6.0,32.895,28.600000000000005,0.0,0.0,18.9,-52.183,27.1,23.66,,,22.559,22.385000000000005,1.8,2004881.0,63799.0,-1.3,14201
2022-07-15 07:50:00,0.0,0.0,6.0,32.82300000000001,28.544,0.0,0.0,18.9,-51.671,27.055,23.645000000000003,,,22.588,22.399999999999995,1.8,2004881.0,63799.0,-1.3,14201
2022-07-15 07:55:00,0.0,0.0,6.0,32.781,28.499,0.0,0.0,18.9,-51.564,27.0,23.615,,,22.568,22.387,1.8,2004881.0,63799.803,-1.3,14201
2022-07-15 08:00:00,0.0,0.0,6.005,32.758,28.433,0.0,0.0,18.9,-51.328,26.974000000000004,23.790000000000003,,,22.644000000000005,22.443,1.8,2004881.0,63800.0,-1.3,14201
2022-07-15 08:05:00,0.0,0.0,6.0,32.663000000000004,28.4,0.0,0.0,18.9,-51.281,26.9,24.009,,,22.727999999999994,22.595,1.8,2004881.0,63800.0,-1.3,14201
2022-07-15 08:10:00,0.0,0.0,6.0,32.652,28.394,0.0,0.0,18.9,-51.889,26.872,24.024,,,22.833,22.701000000000004,1.8,2004881.0,63800.0,-1.3,14201
2022-07-15 08:15:00,0.0,0.0,6.0,32.590999999999994,28.305,0.0,0.0,18.9,-51.366,26.793,23.964,,,22.984,22.836,1.8,2004881.0,63800.0,-1.3,14201
2022-07-15 08:20:00,0.0,0.0,6.0,32.501000000000005,28.3,0.0,0.0,18.9,-52.101,26.700000000000003,23.995,,,22.734,22.602,1.8,2004881.0,63800.0,-1.3,14201
2022-07-15 08:25:00,0.0,0.0,6.0,32.4,28.278,0.0,0.0,18.9,-51.486,26.657,24.0,,,22.456,22.329,1.8,2004881.0,63800.0,-1.3,14201
2022-07-15 08:30:00,0.0,0.0,6.0,32.34,28.203,0.0,0.0,18.9,-51.58899999999999,26.6,24.0,,,22.290000000000003,22.155000000000005,1.8,2004881.0,63800.0,-1.3,14201
2022-07-15 08:35:00,0.0,0.0,6.0,32.285,28.127,0.0,0.0,18.9,-51.707,26.6,23.965,,,22.131000000000004,22.009,1.8,2004881.0,63800.0,-1.3,14201
2022-07-15 08:40:00,0.0,0.0,6.0,32.258,28.047,0.0,0.0,18.9,-52.120000000000005,26.6,23.784,,,22.123,22.0,1.8,2004881.0,63800.595,-1.3,14201
2022-07-15 08:45:00,0.0,0.0,6.0,32.215,27.843000000000004,0.0,0.0,18.9,-52.05799999999999,26.506000000000004,23.744,,,22.198,22.015,1.8,2004881.0,63801.0,-1.3,14201
2022-07-15 08:50:00,0.0,0.0,6.0,32.187,27.651,0.0,0.0,18.9,-52.142,26.5,23.59,,,22.297000000000004,22.11,1.8,2004881.0,63801.0,-1.3,14201
2022-07-15 08:55:00,0.0,0.0,6.0,32.123999999999995,27.477,0.0,0.0,18.9,-52.432,26.5,23.595,,,22.324,22.2,1.8,2004881.0,63801.0,-1.3,14201
2022-07-15 09:00:00,0.0,0.0,6.0,32.035,27.399999999999995,0.0,0.0,18.9,-51.925,26.5,23.655,,,22.336,22.2,1.8,2004881.0,63801.0,-1.3,14201
2022-07-15 09:05:00,0.0,0.0,6.005,31.996,27.399999999999995,0.0,0.0,18.9,-51.944,26.5,23.68,,,22.3,22.160000000000004,1.8,2004881.0,63801.0,-1.3,14201
2022-07-15 09:10:00,0.0,0.0,6.0,31.986,27.366,0.0,0.0,18.9,-52.68299999999999,26.439,23.684000000000005,,,22.3,22.147,1.8,2004881.0,63801.0,-1.3,14201
2022-07-15 09:15:00,0.0,0.0,6.0,31.988,27.3,0.0,0.0,18.9,-52.375,26.399999999999995,23.635000000000005,,,22.269,22.1,1.8,2004881.0,63801.0,-1.3,14201
2022-07-15 09:20:00,0.0,0.0,6.0,31.996,27.3,0.0,0.0,18.9,-52.03,26.399999999999995,23.645000000000003,,,22.205,22.1,1.8,2004881.0,63801.0,-1.3,14201
2022-07-15 09:25:00,0.0,0.0,6.0,31.951,27.3,0.0,0.0,18.9,-51.851,26.348,23.525,,,22.232000000000003,22.1,1.8,2004881.0,63801.417,-1.3,14201
2022-07-15 09:30:00,0.0,0.0,6.0,31.877,27.28,0.0,0.0,18.9,-52.247,26.3,23.425000000000004,,,22.264,22.1,1.8,2004881.0,63802.0,-1.3,14201
2022-07-15 09:35:00,0.0,0.0,8.684,31.872,27.202,0.0,0.0,18.9,-52.501000000000005,26.274,23.344,,,22.135000000000005,22.001,1.8,2004881.0,63802.0,-1.3,14201
2022-07-15 09:40:00,0.0,0.0,19.474,31.83,27.17,0.0,0.0,26.295,-52.655,26.203000000000003,23.315,,,21.994000000000003,21.859,1.8,2004881.0,63802.0,-1.3,14201
2022-07-15 09:45:00,0.0,0.0,42.005,31.812,27.136000000000006,0.0,0.0,53.227,-52.795,26.205,23.4,,,21.901000000000003,21.8,1.901,2004881.0,63802.0,-1.38,14201
2022-07-15 09:50:00,0.0,0.0,88.096,31.789,27.112,0.0,0.0,105.906,-52.647,26.2,23.415000000000003,,,21.972,21.845,2.321,2004881.0,63802.0,-1.71,14201
2022-07-15 09:55:00,0.0,0.0,155.371,31.772,27.1,0.0,0.0,170.569,-52.283,26.184999999999995,23.5,,,22.007,21.9,1.82,2004881.0,63802.0,-1.321,14201
2022-07-15 10:00:00,0.0,0.0,215.644,31.772,27.1,0.0,0.0,241.477,-52.332,26.149999999999995,23.483999999999995,,,22.004999999999995,21.837000000000003,1.899,2004881.0,63802.0,-1.399,14201
2022-07-15 10:05:00,0.0,0.0,269.428,31.69100000000001,27.068,0.0,0.0,290.135,-51.892,26.105000000000004,23.4,,,21.974000000000004,21.812,1.9,2004881.0,63802.0,-1.4,14201
2022-07-15 10:10:00,0.0,0.0,303.098,31.719,27.0,0.0,0.0,321.673,-52.30800000000001,26.100000000000005,23.4,,,21.869,21.711,1.9,2004881.0,63802.783,-1.4,14201
2022-07-15 10:15:00,0.0,0.0,330.575,31.665000000000003,27.0,0.0,0.0,347.249,-52.027,26.027,23.4,,,21.8,21.700000000000003,1.925,2004881.0,63803.0,-1.418,14201
2022-07-15 10:20:00,0.0,0.0,365.983,31.644,27.0,0.0,0.0,379.999,-51.783,26.0,23.305,,,21.8,21.700000000000003,2.05,2004881.0,63803.0,-1.457,14201
2022-07-15 10:25:00,0.0,0.0,390.994,31.58900000000001,26.997,0.008,0.016,401.475,-51.952,26.0,23.15,,,21.714,21.616,2.109,2004881.0,63803.0,-1.466,14201
2022-07-15 10:30:00,0.041,0.1719999999999999,404.397,31.566,26.996,0.646,0.668,401.531,-51.829,26.075000000000003,23.1,,,21.604000000000003,21.49,3.771,2004881.0,63803.0,-0.7229999999999999,14201
2022-07-15 10:35:00,0.049,0.136,415.912,31.572000000000003,27.034,1.89,1.947,396.971,-51.797,26.688,23.1,,,21.6,21.473,5.147,2004881.0,63803.0,0.563,14201
2022-07-15 10:40:00,5.133,13.183,375.683,31.535999999999994,27.69,2.803,2.893,404.64,-51.607,27.345,23.1,,,21.687000000000005,21.562,12.951,2004881.0,63803.0,7.069,14201
2022-07-15 10:45:00,7.667,18.306,365.845,31.634,29.787000000000003,2.988,3.084,409.064,-51.581,28.023,22.989,,,21.711,21.58900000000001,15.727,2004881.753,63803.0,9.853,14201
2022-07-15 10:50:00,11.11,21.761,369.188,31.663,31.656,4.614,4.706,415.507,-51.760000000000005,28.703,22.81,,,21.791,21.611,20.467,2004882.617,63803.0,14.946,14201
2022-07-15 10:55:00,15.073,26.138,373.98,31.658,33.595,5.92,6.1,422.09,-51.714,29.424000000000003,22.625,,,21.697,21.534,25.935,2004884.319,63803.0,20.34,14201
2022-07-15 11:00:00,16.336,27.429,375.27,31.704,35.57300000000001,5.997,6.173,423.893,-51.746,30.167000000000005,22.584000000000003,,,21.751999999999995,21.59,27.872,2004885.957,63803.0,22.111,14201
2022-07-15 11:05:00,22.178,33.357,379.982,31.737,37.553,23.894,24.612,365.607,-51.969,31.883,22.5,,,21.816,21.669,56.212,2004888.83,63803.0,46.276,14201
2022-07-15 11:10:00,25.987,37.313,382.903,31.98,39.863,27.944,28.776,371.158,-51.59,34.602999999999994,22.5,,,21.927,21.763,65.353,2004893.037,63803.0,54.365,14201
2022-07-15 11:15:00,30.039,41.303,384.224,32.096000000000004,42.275000000000006,32.536,33.496,381.891,-52.208,37.367,22.5,,,22.117,21.939000000000004,75.536,2004897.937,63803.0,63.175,14201
2022-07-15 11:20:00,35.487,47.042,386.787,32.401,44.87199999999999,38.215,39.38,386.66,-51.822,40.266,22.555,,,22.311000000000003,22.172,88.587,2004903.62,63803.0,74.62999999999998,14201
2022-07-15 11:25:00,41.883,53.871,392.121,32.733,47.82599999999999,45.272,46.652,393.062,-52.054,43.526,22.600000000000005,,,22.528,22.446,104.517,2004910.475,63803.0,88.412,14201
2022-07-15 11:30:00,46.564,58.868,393.215,32.993,50.835,50.516,52.024,396.129,-52.057,46.996,22.712000000000003,,,22.823,22.844000000000005,116.211,2004918.247,63803.0,98.448,14201
2022-07-15 11:35:00,52.03,64.412,393.329,33.367,53.95900000000001,56.294,57.988,396.697,-50.642,50.615,22.800000000000004,,,23.183,23.264000000000003,129.85,2004926.874,63803.0,110.168,14201
2022-07-15 11:40:00,65.553,78.534,410.275,33.779,57.966,71.207,73.34,412.399,-50.603,54.97200000000001,22.896,,,23.516,23.69,163.52,2004937.293,63803.0,139.075,14201
2022-07-15 11:45:00,71.102,84.012,404.232,33.477000000000004,61.232,76.97,79.281,410.437,-50.598000000000006,59.848000000000006,23.03,,,24.266,24.483,177.228,2004949.277,63803.0,150.785,14201
2022-07-15 11:50:00,84.277,97.456,402.431,34.232,59.547,91.159,93.899,408.559,-50.64,60.205000000000005,23.059999999999995,,,25.245,25.358999999999995,210.104,2004963.02,63803.0,178.865,14201
2022-07-15 11:55:00,92.425,105.769,399.264,33.637,59.97599999999999,100.383,103.393,406.934,-50.039,60.712,23.116,,,26.44,26.471000000000004,230.077,2004978.94,63803.0,196.037,14201
2022-07-15 12:00:00,97.821,111.276,398.692,33.941,60.531,106.516,109.709,406.33,-49.61300000000001,59.978,23.216,,,27.317,27.304,244.258,2004995.407,63803.0,208.16,14201
2022-07-15 12:05:00,114.032,127.825,399.977,33.967000000000006,60.125,124.292,128.027,406.585,-49.388000000000005,60.047,23.26,,,28.119,28.078000000000003,285.082,2005014.06,63803.0,243.069,14201
2022-07-15 12:10:00,160.646,176.012,399.848,33.656,60.24700000000001,175.02,183.294,408.516,-48.17400000000001,60.438,23.335,,,29.197,29.131,401.605,2005038.467,63803.0,342.449,14201
2022-07-15 12:15:00,176.976,192.928,397.048,33.724999999999994,60.19199999999999,193.099,203.908,404.247,-45.788,60.206,23.51,,,31.051,31.007,440.494,2005069.007,63803.0,375.928,14201
2022-07-15 12:20:00,157.535,172.624,392.244,33.919,59.798,172.817,181.134,402.07,-44.557,59.797,23.675,,,32.089,31.989999999999995,393.696,2005098.485,63803.0,336.158,14201
2022-07-15 12:25:00,158.876,174.041,391.081,34.096,59.91,172.868,181.375,401.315,-44.66499999999999,59.938,23.944,,,32.776,32.71,395.003,2005127.033,63803.0,337.128,14201
2022-07-15 12:30:00,140.82,155.386,391.692,34.468,59.758,153.591,159.786,400.185,-44.02700000000001,59.743,23.984,,,32.696,32.74,350.367,2005153.58,63803.0,298.93,14201
2022-07-15 12:35:00,122.163,136.177,391.554,34.714000000000006,59.83899999999999,131.561,135.768,398.277,-45.28,59.752,24.151,,,32.674,32.699,302.406,2005176.0,63803.0,258.36,14201
2022-07-15 12:40:00,134.889,149.151,392.039,35.042,60.05599999999999,147.034,152.402,398.487,-42.978,60.141,24.235,,,32.491,32.47200000000001,336.462,2005199.25,63803.0,287.017,14201
2022-07-15 12:45:00,128.39,142.274,391.075,35.308,59.928,138.949,143.507,397.453,-42.226,59.874,24.335,,,32.419000000000004,32.376999999999995,318.241,2005222.488,63803.0,271.557,14201
2022-07-15 12:50:00,196.302,212.659,390.378,34.599999999999994,60.78600000000001,210.823,223.915,401.6,-39.583000000000006,60.829,24.432,,,32.806,32.681000000000004,487.619,2005249.157,63803.0,417.181,14201
2022-07-15 12:55:00,237.574,255.288,386.643,33.634,60.31700000000001,262.676,282.43,398.882,-40.38699999999999,60.55100000000001,24.732000000000003,,,35.288,35.181000000000004,592.525,2005290.057,63803.0,507.649,14201
2022-07-15 13:00:00,277.745,297.268,383.209,33.7,60.94200000000001,306.864,332.991,395.58,-41.209,61.30300000000001,24.82,,,37.915,37.684,692.577,2005336.423,63803.0,593.419,14201
2022-07-15 13:05:00,282.569,302.087,380.632,34.325,59.940000000000005,315.1,342.168,394.061,-41.900000000000006,59.875,24.855000000000004,,,39.417,39.33,714.228,2005383.977,63803.0,611.538,14201
2022-07-15 13:10:00,337.926,359.6,373.988,33.869,61.121,375.567,411.372,389.5,-41.282,61.57600000000001,25.006000000000004,,,41.291,41.463,843.379,2005441.887,63803.0,723.315,14201
2022-07-15 13:15:00,290.892,310.541,371.572,34.116,59.329,314.216,341.842,383.607,-42.275000000000006,59.083000000000006,25.235,,,42.801,43.112,713.582,2005500.037,63803.0,610.222,14201
2022-07-15 13:20:00,239.057,256.546,376.852,35.456999999999994,59.373,257.766,277.541,386.037,-44.54,58.945,25.300000000000004,,,41.862,42.114,592.331,2005541.467,63803.0,505.826,14201
2022-07-15 13:25:00,246.234,263.855,375.48,35.073,59.531,271.205,292.478,389.594,-44.534000000000006,59.60499999999999,25.412000000000003,,,41.274,41.474,616.797,2005585.826,63803.0,526.665,14201
2022-07-15 13:30:00,211.338,227.815,377.579,35.839,59.215,234.551,251.07,387.507,-45.542,59.165000000000006,25.46,,,41.080000000000005,41.177,529.672,2005628.631,63803.0,451.704,14201
2022-07-15 13:35:00,215.322,231.876,379.966,35.861999999999995,60.233,236.988,253.57,390.964,-44.854000000000006,60.05100000000001,25.702,,,40.075,40.29,537.005,2005664.95,63803.0,458.383,14201
2022-07-15 13:40:00,232.776,250.032,379.722,35.619,60.149,255.111,273.922,391.186,-42.21000000000001,60.20900000000001,25.855,,,39.845,40.134,582.438,2005703.723,63803.0,497.273,14201
2022-07-15 13:45:00,287.522,306.876,377.866,35.681999999999995,60.96399999999999,319.042,346.442,390.197,-42.348,61.343,26.271,,,41.291,41.414,719.157,2005751.223,63803.0,615.648,14201
2022-07-15 13:50:00,256.712,274.656,376.378,35.936,59.57300000000001,283.182,305.767,388.117,-42.087,59.379000000000005,26.315999999999995,,,42.235,42.664,639.858,2005798.977,63803.0,548.684,14201
2022-07-15 13:55:00,230.409,247.335,378.072,36.137,59.429,256.113,275.274,388.788,-44.858,59.38900000000001,26.032,,,41.742,42.141,575.893,2005843.223,63803.0,492.904,14201
2022-07-15 14:00:00,227.885,244.659,378.935,36.102,59.86,251.256,269.795,390.037,-43.248000000000005,59.82599999999999,26.207,,,41.038,41.234,566.234,2005883.947,63803.0,485.717,14201
2022-07-15 14:05:00,245.742,263.2,380.418,36.232,60.206,270.047,290.709,391.334,-42.774,60.217,26.140000000000004,,,40.84700000000001,41.01,610.244,2005925.577,63803.0,524.713,14201
2022-07-15 14:10:00,297.037,316.373,378.175,36.224,60.853,324.307,352.428,389.053,-43.053,60.986,26.18,,,41.014,41.246,735.551,2005973.821,63803.0,632.197,14201
2022-07-15 14:15:00,327.059,347.72,374.398,36.3,61.04299999999999,361.999,395.55,386.402,-44.02700000000001,61.537000000000006,26.441,,,43.085,42.917,808.2619999999998,2006031.253,63803.0,696.308,14201
2022-07-15 14:20:00,241.224,258.318,376.829,36.705000000000005,58.268,267.686,288.044,386.368,-44.477,57.783,26.700000000000003,,,43.341,43.075,604.373,2006079.077,63803.0,519.07,14201
2022-07-15 14:25:00,433.358,459.084,366.421,36.66,64.291,464.522,512.593,399.491,-44.179,65.192,26.763,,,44.672,44.411,1060.904,2006138.02,63803.0,913.08,14201
2022-07-15 14:30:00,397.656,421.35,359.614,36.93,61.175,447.963,494.378,373.397,-44.141,64.33800000000001,27.306,,,49.445,49.45,991.708,2006213.472,63803.0,853.619,14201
2022-07-15 14:35:00,363.281,385.252,359.694,37.283,59.08400000000001,402.949,443.092,372.406,-43.784,62.1,27.345,,,50.314,50.524,898.628,2006283.65,63803.0,771.5549999999998,14201
2022-07-15 14:40:00,402.99,426.801,359.978,37.438,60.039,435.401,480.332,376.395,-44.862,60.007,27.219999999999995,,,50.447,50.623,995.358,2006347.13,63803.0,854.772,14201
2022-07-15 14:45:00,444.605,470.396,350.414,37.703,63.811,472.066,522.014,378.923,-44.926,65.969,27.413,,,53.285,53.517,1077.252,2006424.71,63803.0,926.345,14201
2022-07-15 14:50:00,399.321,422.609,352.207,38.037,60.723000000000006,463.695,512.746,366.591,-44.578,64.948,27.596,,,54.094,54.392,1017.195,2006498.813,63803.0,873.782,14201
2022-07-15 14:55:00,393.948,416.849,351.642,38.088,59.34,452.024,499.306,366.204,-47.639,64.344,27.453000000000003,,,52.489,53.117,996.601,2006570.64,63803.0,855.428,14201
2022-07-15 15:00:00,427.226,452.136,350.362,38.301,63.49000000000001,471.737,521.221,395.188,-47.921,67.283,27.778,,,53.357,54.07,1053.01,2006646.713,63803.0,904.21,14201
2022-07-15 15:05:00,387.909,410.605,354.852,38.344,60.252,420.155,462.548,377.19,-48.94,62.885000000000005,27.780000000000005,,,52.638000000000005,52.478,949.997,2006716.2,63803.0,818.183,14201
2022-07-15 15:10:00,400.166,423.596,362.646,38.312,59.186,421.89,464.407,383.921,-49.099,61.43099999999999,27.711,,,50.07,49.874,973.283,2006780.713,63803.0,836.7609999999999,14201
2022-07-15 15:15:00,399.272,422.236,355.172,38.443000000000005,62.346,456.668,504.267,372.692,-48.478,66.816,27.995000000000005,,,52.391,52.465,1004.092,2006856.487,63803.0,861.59,14201
2022-07-15 15:20:00,193.054,207.45,364.021,39.165,54.163,274.501,296.556,370.81,-49.16,58.453,28.148,,,50.49,50.996,546.683,2006912.764,63803.0,467.666,14201
2022-07-15 15:25:00,358.898,380.434,367.498,39.5,62.643,296.911,321.723,390.388,-49.8,57.82,27.628,,,44.13399999999999,44.488,786.0499999999998,2006951.47,63803.0,672.835,14201
2022-07-15 15:30:00,393.314,416.367,355.132,38.772,66.346,466.649,514.935,397.088,-51.888000000000005,69.73,28.307,,,48.541,48.723000000000006,1007.2,2007025.653,63803.0,860.547,14201
2022-07-15 15:35:00,430.317,454.604,356.671,38.845,60.35600000000001,407.075,446.771,391.422,-51.443,61.625,28.291,,,50.138000000000005,50.229,997.41,2007089.437,63803.0,852.7609999999999,14201
2022-07-15 15:40:00,467.614,493.676,349.602,39.116,66.89500000000001,499.354,552.366,391.105,-51.466,70.077,28.598,,,53.81300000000001,54.132,1138.767,2007169.973,63803.0,975.571,14201
2022-07-15 15:45:00,449.09,474.038,349.052,39.18600000000001,65.041,489.008,540.836,380.671,-49.494,70.703,28.972000000000005,,,56.002,56.218,1107.143,2007249.0,63803.0,947.732,14201
2022-07-15 15:50:00,384.639,406.204,349.134,39.761,62.91599999999999,423.263,465.927,368.346,-47.893,68.67500000000001,29.232,,,56.661,56.918000000000006,950.381,2007324.515,63803.0,812.725,14201
2022-07-15 15:55:00,401.284,423.497,348.3,40.305,61.014,425.577,468.381,366.583,-45.739,62.886,29.017,,,54.716,54.925,977.503,2007391.13,63803.0,835.4009999999998,14201
2022-07-15 16:00:00,282.69,299.896,354.179,40.572,58.17700000000001,318.541,346.28,367.411,-45.483,60.947,29.241,,,55.046,54.456,706.878,2007455.063,63803.0,602.243,14201
2022-07-15 16:05:00,250.454,266.292,363.314,41.011,56.827,274.404,295.478,375.167,-46.179,56.62599999999999,28.982,,,49.986,49.62199999999999,623.191,2007497.767,63803.0,531.131,14201
2022-07-15 16:10:00,288.788,306.153,366.796,40.708,60.603,368.275,402.287,378.229,-46.453,61.469,28.892000000000003,,,47.99,47.45,778.969,2007546.791,63803.0,663.89,14201
2022-07-15 16:15:00,231.206,246.167,365.536,40.728,58.213,261.75,281.411,376.114,-46.74,58.896,29.056,,,48.615,48.099,584.8,2007597.607,63803.0,497.242,14201
2022-07-15 16:20:00,433.585,457.887,366.117,40.447,67.07300000000001,445.668,490.191,394.655,-47.774,64.89799999999998,29.278,,,50.02799999999999,49.362,1038.727,2007655.59,63803.0,887.0309999999998,14201
2022-07-15 16:25:00,290.796,307.972,360.532,40.38399999999999,56.976000000000006,355.931,388.282,374.552,-48.035,62.114,29.576000000000004,,,52.162,51.117,765.384,2007717.973,63803.0,651.267,14201
2022-07-15 16:30:00,233.662,248.769,364.015,40.307,57.179,324.595,352.858,373.164,-47.031,58.84900000000001,29.28400000000001,,,50.758,49.742,656.408,2007771.743,63803.0,559.018,14201
2022-07-15 16:35:00,158.059,170.61,367.698,40.347,58.11299999999999,178.001,186.89,375.746,-47.298,54.898,29.261,,,47.325,46.791,399.368,2007806.847,63803.0,338.617,14201
2022-07-15 16:40:00,174.944,188.141,373.515,40.422,59.923,188.687,198.479,382.437,-47.677,59.18,29.336,,,43.541,43.055,433.91,2007835.907,63803.0,368.342,14201
2022-07-15 16:45:00,406.802,429.703,374.994,40.473,64.84899999999999,376.88,411.685,393.994,-47.467000000000006,63.89199999999999,29.165000000000003,,,44.429,43.80199999999999,934.097,2007882.213,63803.0,796.852,14201
2022-07-15 16:50:00,499.829,527.66,377.331,40.721,70.762,499.831,551.581,416.895,-47.68299999999999,69.405,29.387999999999995,,,51.948,51.074,1181.101,2007959.8,63803.0,1008.165,14201
2022-07-15 16:55:00,347.082,366.887,352.235,41.045,65.96100000000001,416.846,457.864,381.061,-47.495,69.47700000000002,30.022,,,58.52000000000001,58.062,898.075,2008037.199,63803.0,765.277,14201
2022-07-15 17:00:00,441.45,465.438,348.492,41.211,64.015,487.633,538.584,388.67,-47.34700000000001,66.765,30.164,,,59.04899999999999,58.671,1095.741,2008104.627,63803.0,935.675,14201
2022-07-15 17:05:00,164.877,177.518,353.65,41.445,55.248000000000005,281.171,304.52,357.025,-49.343,62.74700000000001,31.088,,,57.471,57.018,525.755,2008163.667,63803.0,447.103,14201
2022-07-15 17:10:00,160.681,173.433,366.558,41.587,57.857,266.722,287.114,372.117,-52.79900000000001,57.581,29.660000000000007,,,50.344,49.771,502.338,2008199.703,63803.0,427.771,14201
2022-07-15 17:15:00,150.118,162.636,369.925,41.7,59.557,174.7,183.094,375.511,-50.502,57.109,29.409,,,46.007,45.481,387.628,2008229.442,63803.0,329.358,14201
2022-07-15 17:20:00,204.362,218.582,371.526,41.834,60.468,281.706,303.331,385.109,-50.388,60.897,29.42,,,43.56699999999999,43.122,584.075,2008261.957,63803.0,496.705,14201
2022-07-15 17:25:00,426.429,449.822,364.742,41.769000000000005,67.97200000000001,425.741,467.779,379.009,-49.458,65.36999999999999,29.346000000000004,,,47.26,46.658,1006.743,2008322.013,63803.0,858.539,14201
2022-07-15 17:30:00,453.857,478.431,359.238,41.557,65.87700000000001,469.707,518.286,390.913,-48.85499999999999,68.086,29.608,,,53.3,52.37199999999999,1091.418,2008395.64,63803.0,931.718,14201
2022-07-15 17:35:00,481.881,508.075,354.132,41.723,70.75500000000001,499.858,552.751,399.294,-49.908,71.45700000000001,29.948000000000004,,,58.91,57.779,1155.672,2008476.357,63803.0,985.54,14201
2022-07-15 17:40:00,370.684,391.764,340.652,41.906,67.346,429.613,473.666,376.325,-49.034000000000006,71.913,30.72,,,62.0,61.542,937.229,2008553.473,63803.0,803.081,14201
2022-07-15 17:45:00,125.621,137.035,352.23,42.046,53.181,140.072,145.005,360.023,-49.614,54.66100000000001,30.469,,,55.95000000000001,55.583,316.442,2008594.066,63803.0,268.093,14201
2022-07-15 17:50:00,172.881,186.017,367.083,42.26,59.673,191.103,201.329,376.867,-49.357,58.666,29.96,,,48.295,47.956,434.001,2008620.62,63803.0,368.218,14201
2022-07-15 17:55:00,372.557,392.978,358.852,42.271,63.848000000000006,436.837,480.711,391.597,-49.255,66.739,30.184999999999995,,,48.254000000000005,47.467000000000006,965.09,2008668.987,63803.0,823.0449999999998,14201
2022-07-15 18:00:00,318.625,336.61,349.489,42.23800000000001,61.816,379.898,417.364,364.945,-49.452,68.116,31.498,,,53.716,52.73,821.6269999999998,2008737.867,63803.0,699.275,14201
2022-07-15 18:05:00,461.089,485.741,351.873,42.370000000000005,65.30199999999999,434.691,478.378,389.173,-48.725,62.74700000000001,31.488,,,54.458000000000006,53.407,1063.591,2008799.303,63803.0,905.147,14201
2022-07-15 18:10:00,193.986,207.464,355.572,42.411,57.716,221.246,236.099,365.887,-47.894000000000005,58.584,30.541,,,54.368,52.906,490.269,2008856.339,63803.0,415.494,14201
2022-07-15 18:15:00,380.709,401.735,363.163,42.289,63.644000000000005,438.946,483.076,388.498,-48.359,64.195,30.624,,,50.607,48.657,973.577,2008907.73,63803.0,830.34,14201
2022-07-15 18:20:00,406.133,427.976,351.287,42.242,63.042,451.54,498.443,366.28,-48.782,66.924,30.633,,,53.516,51.760000000000005,1017.925,2008977.983,63803.0,868.74,14201
2022-07-15 18:25:00,488.338,514.516,351.512,42.321,69.799,499.81,552.938,394.247,-48.52,70.93900000000001,30.757,,,57.532,56.18899999999999,1165.805,2009056.547,63803.0,996.02,14201
2022-07-15 18:30:00,379.119,399.704,340.217,42.568,68.23700000000001,419.946,462.854,359.209,-48.576,70.69999999999999,30.991,,,58.834,58.41499999999999,941.148,2009134.713,63803.0,801.556,14201
2022-07-15 18:35:00,438.66,462.28,350.664,42.627,63.886,456.155,503.334,378.5,-49.043,64.363,30.648,,,56.831,56.345,1063.532,2009199.841,63803.0,906.522,14201
2022-07-15 18:40:00,406.003,428.108,338.624,42.833,70.219,391.34,429.723,369.341,-49.007000000000005,68.576,31.192,,,59.889,59.852,934.403,2009277.64,63803.0,797.355,14201
2022-07-15 18:45:00,260.909,276.393,350.818,42.844,57.631999999999984,347.43,379.299,366.179,-49.09,59.303,30.779,,,54.921,54.98,726.6839999999999,2009332.047,63803.0,617.984,14201
2022-07-15 18:50:00,491.328,517.87,372.219,42.708,67.534,499.771,552.537,405.14,-48.963,67.871,30.586,,,53.84,53.506,1173.819,2009399.817,63803.0,1000.942,14201
2022-07-15 18:55:00,266.381,282.572,355.401,42.779,62.717,385.621,422.901,374.143,-48.482,67.43900000000001,30.667,,,55.605,54.83899999999999,770.005,2009470.98,63803.0,654.464,14201
2022-07-15 19:00:00,232.376,247.522,359.618,42.553,57.026,306.817,333.863,368.813,-48.34599999999999,60.739,30.159,,,50.184,49.934000000000005,630.727,2009524.413,63803.0,535.592,14201
2022-07-15 19:05:00,121.833,133.451,367.209,42.44,56.804,136.616,141.082,373.772,-49.686,54.34,29.788,,,44.7,44.664,305.33,2009552.06,63803.0,259.457,14201
2022-07-15 19:10:00,83.07299999999998,93.856,368.012,42.618,58.989,94.248,97.099,374.855,-49.244,58.67600000000001,29.836,,,40.339000000000006,40.147,209.026,2009570.309,63803.0,177.403,14201
2022-07-15 19:15:00,69.58,80.00199999999998,372.074,42.79900000000001,59.919,78.345,80.688,378.379,-48.654,59.67699999999999,29.637,,,37.114,37.06,175.044,2009583.347,63803.0,148.403,14201
2022-07-15 19:20:00,63.774,74.173,373.673,42.877,59.726,72.013,74.171,381.134,-48.129,59.843,29.405,,,35.484,35.218,160.477,2009595.31,63803.0,135.997,14201
2022-07-15 19:25:00,61.873,72.165,374.753,42.986,60.038,69.181,71.257,381.238,-48.272,59.923,29.380000000000003,,,34.480999999999995,34.187000000000005,155.248,2009606.313,63803.0,131.565,14201
2022-07-15 19:30:00,87.08799999999998,97.909,379.053,43.003,60.35600000000001,94.77,97.598,388.173,-48.366,60.346,29.396,,,34.085,33.937,216.712,2009618.857,63803.0,184.038,14201
2022-07-15 19:35:00,133.894,145.89,385.25,42.84,60.463,146.402,151.134,393.243,-48.442,60.575,29.424000000000003,,,34.747,34.645999999999994,333.036,2009638.553,63803.0,283.386,14201
2022-07-15 19:40:00,115.253,126.692,381.268,42.68,59.571,128.244,132.278,390.231,-48.12800000000001,59.695,29.512,,,35.884,35.685,286.551,2009661.837,63803.0,243.743,14201
2022-07-15 19:45:00,95.238,106.158,379.129,42.592,59.86,107.644,110.862,388.56,-47.805,59.757,29.639,,,36.011,35.690000000000005,240.453,2009679.447,63803.0,204.374,14201
2022-07-15 19:50:00,112.639,124.131,380.444,42.545,60.12800000000001,125.917,129.692,390.871,-48.149,60.16900000000001,29.663,,,35.841,35.591,283.296,2009697.817,63803.0,240.96,14201
2022-07-15 19:55:00,166.673,179.809,385.767,42.367,60.67800000000001,182.413,190.843,394.074,-48.541,60.685,29.331,,,36.237,36.046,415.016,2009722.013,63803.0,353.716,14201
2022-07-15 20:00:00,227.425,242.27,384.031,42.055,60.858,233.999,248.913,394.857,-48.496,60.672,29.236,,,37.75,37.864,547.955,2009756.247,63803.0,467.763,14201
2022-07-15 20:05:00,425.578,448.582,376.678,41.760000000000005,65.449,436.955,479.776,398.131,-48.04900000000001,65.166,29.644,,,41.881,42.095,1021.545,2009810.402,63803.0,874.626,14201
2022-07-15 20:10:00,468.345,493.517,364.498,41.716,71.19500000000001,490.726,541.802,400.541,-48.16,70.622,29.974,,,50.261,50.551,1124.935,2009891.23,63803.0,964.586,14201
2022-07-15 20:15:00,382.451,403.032,353.045,41.851,64.393,434.592,478.468,366.07,-47.686,66.501,30.378999999999994,,,53.93000000000001,53.71,963.448,2009964.047,63803.0,825.2369999999999,14201
2022-07-15 20:20:00,406.19,428.084,347.562,42.015,66.02199999999999,443.966,489.234,374.176,-47.255,67.196,30.994,,,55.04,54.84700000000001,995.245,2010036.463,63803.0,852.792,14201
2022-07-15 20:25:00,343.986,363.186,357.78,42.08200000000001,59.62800000000001,373.904,408.961,371.687,-47.39500000000001,60.41,30.751,,,52.666,52.686,849.807,2010096.793,63803.0,726.6359999999999,14201
2022-07-15 20:30:00,275.588,292.289,360.614,42.045,59.062,351.193,383.551,373.56,-47.139,60.944,30.34,,,51.516,51.698,730.364,2010155.487,63803.0,625.565,14201
2022-07-15 20:35:00,275.151,292.31,369.258,41.94199999999999,59.121,280.367,302.771,380.875,-47.047,58.031,30.376,,,49.843,49.882,654.128,2010205.1,63803.0,554.58,14201
2022-07-15 20:40:00,119.515,131.034,365.821,41.976,54.631,133.603,138.01,374.927,-48.921,54.874,30.329,,,47.056,46.57,298.042,2010240.287,63803.0,253.761,14201
2022-07-15 20:45:00,73.61199999999998,84.248,367.848,42.357,59.134,84.403,86.946,375.624,-49.32599999999999,58.56900000000001,29.612,,,41.991,41.235,185.611,2010257.387,63803.0,157.666,14201
2022-07-15 20:50:00,44.099,54.232,368.436,42.464,58.868,50.731,52.266,373.479,-49.28,59.402,29.14700000000001,,,37.297,36.767,111.755,2010267.503,63803.0,94.478,14201
2022-07-15 20:55:00,45.808,56.004,375.177,42.804,60.05100000000001,48.84,50.303,382.339,-49.194,60.044,28.83900000000001,,,33.837,33.304,112.678,2010274.797,63803.0,95.139,14201
2022-07-15 21:00:00,50.429,60.758,379.784,42.854000000000006,60.319,56.781,58.517,388.407,-48.508,60.07399999999999,28.452,,,31.557,31.145000000000007,125.686,2010284.173,63803.0,106.337,14201
2022-07-15 21:05:00,20.699,30.241,367.035,42.844,58.002,22.392,23.067,381.532,-48.896,58.51199999999999,28.284,,,30.794,30.501999999999995,51.61,2010289.75,63803.0,42.201,14201
2022-07-15 21:10:00,20.379,30.197,369.36,43.182,58.52700000000001,21.907,22.572,381.589,-50.093,58.81499999999999,28.089,,,30.093,29.801,50.924,2010293.19,63803.0,41.606,14201
2022-07-15 21:15:00,24.608,34.476,370.056,43.444,59.678,23.451,24.155,363.831,-49.928,59.629000000000005,27.943,,,29.516,29.198,57.767,2010296.688,63803.0,47.639,14201
2022-07-15 21:20:00,24.629,34.509,370.253,43.904,61.18300000000001,25.16,25.949,369.571,-48.148,61.127,27.693,,,29.211,28.913000000000004,58.895,2010301.203,63803.0,48.697,14201
2022-07-15 21:25:00,11.248,20.665,362.852,43.296,58.60800000000001,3.863,3.98,406.608,-49.925,57.77,26.498,,,28.277,27.955,18.953,2010303.587,63803.0,13.42,14201
2022-07-15 21:30:00,1.558,4.267,392.976,42.985,56.171,1.643,1.693,396.491,-49.485,55.141000000000005,25.145,,,26.657,26.362,7.162,2010304.0,63803.0,1.285,14201
2022-07-15 21:35:00,9.848,17.296,384.089,42.618,54.471,3.787,3.901,408.645,-48.541,53.901,24.086,,,25.114999999999995,24.815,18.439,2010304.503,63803.0,12.73,14201
2022-07-15 21:40:00,30.358,40.669,390.23,42.181,56.599,28.43,29.274,375.154,-47.713,51.462,23.161,,,23.916,23.576000000000004,70.206,2010307.528,63803.0,58.704,14201
2022-07-15 21:45:00,39.34,49.746,390.072,42.046,58.485,40.165,41.373,396.344,-46.338,53.974,22.17,,,22.695,22.36,94.292,2010313.363,63803.0,79.70999999999998,14201
2022-07-15 21:50:00,44.883,55.664,392.807,41.923,61.39399999999999,48.23,49.67,399.957,-46.918,56.27599999999999,21.607000000000003,,,22.31,21.964,109.943,2010320.76,63803.0,93.189,14201
2022-07-15 21:55:00,41.886,52.541,391.079,41.113,59.0,46.224,47.611,398.264,-47.924,57.462,21.751999999999995,,,22.284,21.901000000000003,103.629,2010328.413,63803.0,87.80299999999998,14201
2022-07-15 22:00:00,33.531,44.027,389.092,40.707,59.57300000000001,36.769,37.87,397.554,-48.17700000000001,56.604000000000006,21.668,,,21.989999999999995,21.666000000000004,82.509,2010334.957,63803.0,69.553,14201
2022-07-15 22:05:00,33.345,43.995,393.515,40.459,61.04900000000001,35.717,36.784,405.969,-48.806,55.96199999999999,21.656,,,22.204,21.996,81.583,2010340.515,63803.0,68.759,14201
2022-07-15 22:10:00,56.621,67.552,398.21,39.733,59.625,56.337,58.012,410.925,-49.844,59.18,21.995,,,22.826,22.570999999999994,135.503,2010347.41,63803.0,115.749,14201
2022-07-15 22:15:00,188.458,203.471,404.042,38.919,61.648,213.273,228.245,417.373,-46.766,63.103,22.033,,,25.044,24.718000000000004,466.275,2010373.887,63803.0,402.869,14201
2022-07-15 22:20:00,106.573,118.94,401.08,38.20099999999999,55.722,107.311,111.685,415.879,-51.401,55.888,22.133,,,25.323,24.956,252.206,2010394.523,63803.0,217.204,14201
2022-07-15 22:25:00,88.82599999999998,100.943,402.623,38.056,60.99499999999999,89.967,93.409,415.387,-52.291,60.71,22.212000000000003,,,24.866,24.567,209.723,2010413.96,63803.0,179.314,14201
2022-07-15 22:30:00,59.249,70.628,399.103,37.914,59.121,62.746,64.623,413.885,-71.721,57.78,22.052000000000003,,,23.87400000000001,23.614,143.895,2010424.863,63803.0,122.419,14201
2022-07-15 22:35:00,76.48999999999998,88.381,403.185,38.403,61.14799999999999,77.50499999999998,79.839,417.343,-69.47999999999999,61.38000000000001,22.237,,,23.809,23.572,182.707,2010436.08,63803.0,155.686,14201
2022-07-15 22:40:00,132.123,145.312,405.522,38.546,60.45499999999999,137.212,143.156,417.896,-55.759,60.273,22.43,,,24.549,24.353,322.706,2010452.237,63803.0,275.067,14201
2022-07-15 22:45:00,153.796,167.643,401.943,38.215,59.63699999999999,190.25,201.339,413.659,-52.046,60.314,22.773,,,27.828,27.726000000000003,405.078,2010482.442,63803.0,347.085,14201
2022-07-15 22:50:00,335.351,355.48,394.33,37.214000000000006,63.311,365.174,397.718,407.097,-50.473,62.667,23.071,,,32.224999999999994,31.928,827.572,2010524.63,63803.0,711.373,14201
2022-07-15 22:55:00,339.672,359.729,383.503,36.693,60.64500000000001,374.235,408.479,394.642,-50.436,60.931,23.896,,,38.883,38.606,840.701,2010584.347,63803.0,722.001,14201
2022-07-15 23:00:00,313.636,332.455,376.525,36.725,59.54400000000001,338.669,368.14,393.839,-48.84,59.346,24.408,,,42.211,41.999,767.35,2010642.33,63803.0,658.612,14201
2022-07-15 23:05:00,182.273,196.714,381.014,37.608,57.305,182.842,192.676,393.484,-50.675,57.26199999999999,24.386000000000003,,,42.044,41.911,428.162,2010685.013,63803.0,368.015,14201
2022-07-15 23:10:00,215.572,230.872,381.773,37.579,60.49499999999999,199.618,210.79,395.581,-52.27900000000001,60.033,24.591,,,40.387,40.468,488.746,2010717.307,63803.0,418.51,14201
2022-07-15 23:15:00,170.89,184.749,382.957,38.158,59.39,167.374,176.03,351.959,-52.539,59.55200000000001,24.753000000000004,,,39.73,39.897,398.945,2010748.393,63803.0,341.851,14201
2022-07-15 23:20:00,171.719,185.616,383.004,38.233,59.792,176.174,185.857,350.95,-51.755,59.955000000000005,24.973000000000003,,,38.564,38.259,411.033,2010778.07,63803.0,351.156,14201
2022-07-15 23:25:00,161.368,175.075,387.362,38.452,59.905,163.889,172.07,351.716,-50.777,59.87799999999999,24.98,,,37.036,36.999,384.788,2010806.289,63803.0,328.363,14201
2022-07-15 23:30:00,140.881,153.876,387.598,38.759,59.73,144.57,150.606,351.36,-51.31100000000001,59.775000000000006,25.096,,,36.029,35.89,337.769,2010832.03,63803.0,287.993,14201
2022-07-15 23:35:00,119.286,131.75,385.467,38.93899999999999,59.70000000000001,124.917,128.843,352.332,-51.937000000000005,59.75299999999999,25.047,,,34.469,34.529,288.837,2010854.237,63803.0,246.338,14201
2022-07-15 23:40:00,98.288,110.262,387.94,39.063,59.69200000000001,105.296,108.459,352.026,-54.335,59.74199999999999,24.767000000000003,,,32.446,32.684999999999995,240.612,2010873.1,63803.0,205.1,14201
2022-07-15 23:45:00,74.827,86.312,388.002,40.289,59.64,84.07899999999998,86.593,350.68,-51.303,59.721,24.624,,,30.465,30.661,187.644,2010888.223,63803.0,159.823,14201
2022-07-15 23:50:00,52.202,63.24,386.584,40.607,59.63300000000001,63.36,65.266,347.763,-46.371,59.690000000000005,24.448,,,29.222,29.174,136.219,2010899.597,63803.0,115.737,14201
2022-07-15 23:55:00,39.0,49.675,384.377,40.217000000000006,59.966,53.738,55.34,346.773,-43.721,59.95,24.4,,,28.302000000000003,28.05,109.725,2010908.252,63803.0,92.981,14201
2022-10-15 00:00:00,0.0,0.0,6.0,36.931,32.048,0.0,0.0,18.9,-44.80800000000001,29.85100000000001,12.137999999999998,,,7.169000000000001,7.298999999999999,1.6,2595841.0,65407.0,-1.169,14201
2022-10-15 00:05:00,0.0,0.0,6.0,36.671,31.436,0.0,0.0,18.9,-45.013000000000005,29.162000000000003,12.119,,,7.432,7.563,1.6,2595841.0,65407.0,-1.133,14201
2022-10-15 00:10:00,0.0,0.0,6.0,36.330000000000005,30.785,0.0,0.0,18.9,-43.898,28.545,11.868000000000002,,,7.511999999999999,7.677000000000001,1.6,2595841.0,65407.0,-1.116,14201
2022-10-15 00:15:00,0.0,0.0,6.0,36.036,30.214,0.0,0.0,18.9,-42.276,28.000000000000004,11.619999999999996,,,7.153,7.239999999999998,1.6,2595841.0,65407.0,-1.121,14201
2022-10-15 00:20:00,0.0,0.0,6.0,35.73499999999999,29.619000000000003,0.0,0.0,18.9,-41.819,27.483,11.685,,,6.861999999999998,6.864999999999999,1.6,2595841.0,65407.0,-1.132,14201
2022-10-15 00:25:00,0.0,0.0,6.0,35.456,29.116,0.0,0.0,18.9,-42.499,26.971,11.674,,,6.800000000000001,6.807,1.6,2595841.0,65407.0,-1.117,14201
2022-10-15 00:30:00,0.0,0.0,6.0,35.12800000000001,28.611,0.0,0.0,18.9,-43.352,26.481,11.500000000000002,,,6.935,6.892,1.6,2595841.0,65407.163,-1.114,14201
2022-10-15 00:35:00,0.0,0.0,6.0,34.493,28.188,0.0,0.0,18.9,-43.562,25.996,11.48,,,7.364,7.218000000000002,1.6,2595841.0,65408.0,-1.114,14201
2022-10-15 00:40:00,0.0,0.0,6.0,34.050000000000004,27.757,0.0,0.0,18.9,-43.013000000000005,25.54,11.437,,,7.432,7.242000000000002,1.6,2595841.0,65408.0,-1.116,14201
2022-10-15 00:45:00,0.0,0.0,6.0,33.764,27.33,0.0,0.0,18.9,-44.86999999999999,25.171,11.46,,,7.112000000000001,6.97,1.6,2595841.0,65408.0,-1.127,14201
2022-10-15 00:50:00,0.0,0.0,6.0,33.456,26.955,0.0,0.0,18.9,-44.24499999999999,24.823,11.295000000000002,,,6.959999999999999,6.834999999999998,1.6,2595841.0,65408.0,-1.112,14201
2022-10-15 00:55:00,0.0,0.0,6.0,33.151999999999994,26.616,0.0,0.0,18.9,-45.05200000000001,24.409,11.243999999999998,,,7.230999999999999,7.2109999999999985,1.6,2595841.0,65408.0,-1.108,14201
2022-10-15 01:00:00,0.0,0.0,6.0,32.885,26.237000000000005,0.0,0.0,18.9,-44.76,24.047,11.338,,,7.120000000000001,7.061000000000001,1.6,2595841.0,65408.0,-1.107,14201
2022-10-15 01:05:00,0.0,0.0,6.0,32.609,25.869,0.0,0.0,18.9,-45.853,23.726,11.174,,,6.724,6.666,1.6,2595841.0,65408.0,-1.111,14201
2022-10-15 01:10:00,0.0,0.0,6.0,32.368,25.533,0.0,0.0,18.9,-46.251000000000005,23.422,11.099999999999998,,,6.482,6.412000000000002,1.6,2595841.0,65408.0,-1.118,14201
2022-10-15 01:15:00,0.0,0.0,6.0,32.085,25.226000000000003,0.0,0.0,18.9,-46.68300000000001,23.104,11.14,,,6.44,6.302999999999999,1.6,2595841.0,65408.0,-1.112,14201
2022-10-15 01:20:00,0.0,0.0,6.0,31.788,24.933000000000003,0.0,0.0,18.9,-48.522,22.766000000000005,11.119999999999996,,,6.390999999999999,6.365999999999998,1.6,2595841.0,65408.0,-1.109,14201
2022-10-15 01:25:00,0.0,0.0,6.0,31.556,24.632,0.0,0.0,18.9,-49.55799999999999,22.489,11.184,,,6.44,6.527000000000002,1.6,2595841.0,65408.607,-1.112,14201
2022-10-15 01:30:00,0.0,0.0,6.0,31.319,24.363,0.0,0.0,18.9,-50.642,22.225,11.32,,,6.412000000000002,6.397999999999999,1.6,2595841.0,65409.0,-1.115,14201
2022-10-15 01:35:00,0.0,0.0,6.0,31.017000000000003,24.068,0.0,0.0,18.9,-51.465,21.995,11.277,,,6.224000000000001,6.297000000000001,1.6,2595841.0,65409.0,-1.117,14201
2022-10-15 01:40:00,0.0,0.0,6.0,30.766,23.804,0.0,0.0,18.9,-52.245,21.714,11.157,,,6.343,6.3870000000000005,1.6,2595841.0,65409.0,-1.119,14201
2022-10-15 01:45:00,0.0,0.0,6.0,30.510000000000005,23.537000000000003,0.0,0.0,18.9,-53.485,21.412000000000003,11.099999999999998,,,6.311,6.375000000000001,1.6,2595841.0,65409.0,-1.117,14201
2022-10-15 01:50:00,0.0,0.0,6.0,30.236000000000004,23.287000000000003,0.0,0.0,18.9,-53.69800000000001,21.24,11.058000000000002,,,6.376,6.400000000000001,1.6,2595841.0,65409.0,-1.115,14201
2022-10-15 01:55:00,0.0,0.0,6.0,29.866,23.056,0.0,0.0,18.9,-52.828,21.024,10.999999999999998,,,6.373999999999999,6.363999999999999,1.6,2595841.0,65409.0,-1.112,14201
2022-10-15 02:00:00,0.0,0.0,6.0,29.322000000000003,22.828,0.0,0.0,18.9,-51.856,20.834,11.02,,,6.290000000000002,6.32,1.6,2595841.0,65409.0,-1.121,14201
2022-10-15 02:05:00,0.0,0.0,6.0,29.117,22.607,0.0,0.0,18.9,-51.663,20.605,10.812,,,6.260000000000001,6.403,1.6,2595841.0,65409.0,-1.124,14201
2022-10-15 02:10:00,0.0,0.0,6.0,28.863,22.391,0.0,0.0,18.9,-51.336,20.38,10.699999999999998,,,6.224000000000001,6.219999999999999,1.6,2595841.0,65409.0,-1.119,14201
2022-10-15 02:15:00,0.0,0.0,6.0,28.618,22.15,0.0,0.0,18.9,-52.377,20.187999999999995,10.722,,,6.604,6.587,1.6,2595841.0,65409.09,-1.116,14201
2022-10-15 02:20:00,0.0,0.0,6.0,28.405000000000005,21.953,0.0,0.0,18.9,-53.18999999999999,20.0,10.592999999999998,,,6.477,6.575999999999998,1.6,2595841.0,65410.0,-1.116,14201
2022-10-15 02:25:00,0.0,0.0,6.0,28.168,21.764000000000003,0.0,0.0,18.9,-53.477,19.806,10.5,,,6.136000000000001,6.187000000000001,1.6,2595841.0,65410.0,-1.129,14201
2022-10-15 02:30:00,0.0,0.0,6.0,27.944,21.573,0.0,0.0,18.9,-54.342000000000006,19.598,10.5,,,5.999999999999998,6.033999999999998,1.6,2595841.0,65410.0,-1.123,14201
2022-10-15 02:35:00,0.0,0.0,6.0,27.72,21.391,0.0,0.0,18.9,-61.718,19.486,10.562999999999995,,,5.864,5.826000000000001,1.704,2595841.0,65410.0,-1.197,14201
2022-10-15 02:40:00,0.0,0.0,6.0,27.487000000000005,21.234,0.0,0.0,18.9,-58.803,19.375,10.598,,,5.9,6.043000000000001,1.681,2595841.0,65410.0,-1.173,14201
2022-10-15 02:45:00,0.0,0.0,6.0,27.265,21.043,0.0,0.0,18.9,-62.01199999999999,19.268,10.398,,,5.748999999999999,6.219000000000001,1.729,2595841.0,65410.0,-1.211,14201
2022-10-15 02:50:00,0.0,0.0,6.0,27.057,20.861000000000004,0.0,0.0,18.9,-63.445,19.200000000000003,10.336,,,5.63,5.948999999999999,1.722,2595841.0,65410.0,-1.207,14201
2022-10-15 02:55:00,0.0,0.0,6.0,26.833,20.678,0.0,0.0,18.9,-67.50200000000001,19.307,10.259,,,5.528000000000001,5.621,1.832,2595841.0,65410.0,-1.312,14201
2022-10-15 03:00:00,0.0,0.0,6.0,26.623000000000005,20.512,0.0,0.0,18.9,-64.122,19.28400000000001,10.140000000000002,,,5.488,5.559,1.776,2595841.0,65410.0,-1.282,14201
2022-10-15 03:05:00,0.0,0.0,6.0,26.418000000000003,20.313,0.0,0.0,18.9,-54.286,19.133000000000003,10.2,,,5.537,5.789000000000001,1.607,2595841.0,65410.093,-1.134,14201
2022-10-15 03:10:00,0.0,0.0,6.0,26.219,20.171,0.0,0.0,18.9,-72.58,19.175,10.238000000000005,,,5.447999999999998,5.582000000000002,1.932,2595841.0,65411.0,-1.367,14201
2022-10-15 03:15:00,0.0,0.0,6.0,26.014,19.96,0.0,0.0,18.9,-69.48700000000001,19.382000000000005,10.181999999999997,,,5.379,5.362000000000001,1.897,2595841.0,65411.0,-1.343,14201
2022-10-15 03:20:00,0.0,0.0,6.0,25.818,19.779,0.0,0.0,18.9,-64.334,19.309999999999995,10.2,,,5.408999999999998,5.350000000000001,1.792,2595841.0,65411.0,-1.284,14201
2022-10-15 03:25:00,0.0,0.0,6.0,25.651000000000003,19.665000000000003,0.0,0.0,18.9,-77.795,19.434,10.239,,,5.411000000000001,5.405,2.058,2595841.0,65411.0,-1.46,14201
2022-10-15 03:30:00,0.0,0.0,6.0,25.464,19.489,0.0,0.0,18.9,-79.74899999999998,19.684,10.091,,,5.404000000000002,5.447,2.1,2595841.0,65411.0,-1.485,14201
2022-10-15 03:35:00,0.0,0.0,6.0,25.239,19.329,0.0,0.0,18.9,-76.28799999999998,19.795,9.922,,,5.660000000000001,5.693,2.014,2595841.0,65411.0,-1.403,14201
2022-10-15 03:40:00,0.0,0.0,6.0,25.031,19.174,0.0,0.0,18.9,-79.66599999999998,19.962000000000003,10.062000000000005,,,5.972999999999998,6.021000000000001,2.1,2595841.0,65411.0,-1.46,14201
2022-10-15 03:45:00,0.0,0.0,6.0,24.635000000000005,19.098,0.0,0.0,18.9,-80.0,20.152,10.02,,,6.138000000000001,6.253000000000001,2.1,2595841.0,65411.0,-1.48,14201
2022-10-15 03:50:00,0.0,0.0,6.0,24.47,18.965,0.0,0.0,18.9,-80.0,20.200000000000003,10.08,,,6.453999999999998,6.583000000000002,2.1,2595841.0,65411.513,-1.5,14201
2022-10-15 03:55:00,0.0,0.0,6.0,24.279000000000003,18.790000000000003,0.0,0.0,18.9,-80.0,20.31,10.183,,,6.613,6.575,2.1,2595841.0,65412.0,-1.493,14201
2022-10-15 04:00:00,0.0,0.0,6.0,24.127,18.646,0.0,0.0,18.9,-80.0,20.417000000000005,10.197,,,6.490999999999999,6.377,2.1,2595841.0,65412.0,-1.458,14201
2022-10-15 04:05:00,0.0,0.0,6.0,23.925,18.517000000000003,0.0,0.0,18.9,-80.0,20.552000000000003,10.18,,,6.16,6.126999999999999,2.1,2595841.0,65412.0,-1.465,14201
2022-10-15 04:10:00,0.0,0.0,6.0,23.719,18.419,0.0,0.0,18.9,-80.0,20.617000000000004,10.142,,,5.923,5.884,2.1,2595841.0,65412.0,-1.48,14201
2022-10-15 04:15:00,0.0,0.0,6.0,23.583,18.241,0.0,0.0,18.9,-80.0,20.717,10.18,,,5.987000000000001,6.055000000000001,2.1,2595841.0,65412.0,-1.499,14201
2022-10-15 04:20:00,0.0,0.0,6.0,23.410999999999994,18.102,0.0,0.0,18.9,-79.33199999999998,20.799,10.172999999999998,,,6.197000000000001,6.2090000000000005,2.087,2595841.0,65412.0,-1.473,14201
2022-10-15 04:25:00,0.0,0.0,6.0,23.284,17.961999999999996,0.0,0.0,18.9,-77.98399999999998,20.797,10.003000000000002,,,6.014999999999999,5.999999999999998,2.027,2595841.0,65412.0,-1.429,14201
2022-10-15 04:30:00,0.0,0.0,6.0,23.124,17.897000000000006,0.0,0.0,18.9,-59.98799999999999,20.617999999999995,9.952,,,5.7330000000000005,5.677000000000001,1.685,2595841.0,65412.093,-1.184,14201
2022-10-15 04:35:00,0.0,0.0,6.0,23.011,17.767000000000003,0.0,0.0,18.9,-53.082,20.283,9.8,,,5.513999999999999,5.471,1.6,2595841.0,65413.0,-1.164,14201
2022-10-15 04:40:00,0.0,0.0,6.0,22.85,17.650000000000002,0.0,0.0,18.9,-67.141,20.162000000000003,9.925000000000002,,,5.496999999999998,5.447,1.854,2595841.0,65413.0,-1.329,14201
2022-10-15 04:45:00,0.0,0.0,6.0,22.721000000000004,17.532999999999998,0.0,0.0,18.9,-66.669,20.031,10.0,,,5.757000000000001,5.855,1.784,2595841.0,65413.0,-1.252,14201
2022-10-15 04:50:00,0.0,0.0,6.0,22.625,17.447000000000003,0.0,0.0,18.9,-51.843,19.775,9.849999999999998,,,5.892999999999999,5.982999999999999,1.606,2595841.0,65413.0,-1.124,14201
2022-10-15 04:55:00,0.0,0.0,6.0,22.483,17.316,0.0,0.0,18.9,-50.718,19.468,9.68,,,5.704999999999999,5.759,1.6,2595841.0,65413.0,-1.12,14201
2022-10-15 05:00:00,0.0,0.0,6.0,22.390000000000004,17.223,0.0,0.0,18.9,-52.945,19.191000000000003,9.743,,,5.418000000000001,5.437,1.6,2595841.0,65413.0,-1.168,14201
2022-10-15 05:05:00,0.0,0.0,6.0,22.312000000000005,17.083000000000002,0.0,0.0,18.9,-58.127,18.944,9.737000000000002,,,5.142999999999998,5.113999999999999,1.665,2595841.0,65413.0,-1.223,14201
2022-10-15 05:10:00,0.0,0.0,6.0,22.164,16.977,0.0,0.0,18.9,-70.399,18.904,9.849,,,5.086000000000001,5.0,1.872,2595841.0,65413.0,-1.328,14201
2022-10-15 05:15:00,0.0,0.0,6.0,22.125,16.872,0.0,0.0,18.9,-62.394000000000005,18.75,9.917,,,5.003000000000001,4.876999999999999,1.723,2595841.0,65413.0,-1.213,14201
2022-10-15 05:20:00,0.0,0.0,6.0,22.033,16.742,0.0,0.0,18.9,-72.67500000000001,18.695,9.725,,,4.869999999999999,4.799,1.98,2595841.0,65413.297,-1.403,14201
2022-10-15 05:25:00,0.0,0.0,6.0,21.936000000000003,16.680999999999997,0.0,0.0,18.9,-66.909,18.649999999999995,9.609,,,4.799,4.720999999999999,1.836,2595841.0,65414.0,-1.32,14201
2022-10-15 05:30:00,0.0,0.0,6.0,21.834,16.567,0.0,0.0,18.9,-62.36500000000001,18.481,9.720000000000002,,,4.797,4.685,1.753,2595841.0,65414.0,-1.279,14201
2022-10-15 05:35:00,0.0,0.0,6.0,21.695,16.458000000000002,0.0,0.0,18.9,-80.0,18.609,9.7,,,4.800000000000001,4.747000000000002,2.1,2595841.0,65414.0,-1.499,14201
2022-10-15 05:40:00,0.0,0.0,6.0,21.689,16.37,0.0,0.0,18.9,-80.0,18.713000000000005,9.739999999999998,,,4.711,4.800000000000001,2.1,2595841.0,65414.0,-1.485,14201
2022-10-15 05:45:00,0.0,0.0,6.0,21.631,16.3,0.0,0.0,18.9,-60.313,18.619000000000003,9.621,,,4.6030000000000015,4.710000000000001,1.723,2595841.0,65414.0,-1.215,14201
2022-10-15 05:50:00,0.0,0.0,6.0,21.549000000000003,16.207,0.0,0.0,18.9,-57.561,18.359,9.637,,,4.6370000000000005,4.707,1.632,2595841.0,65414.0,-1.186,14201
2022-10-15 05:55:00,0.0,0.0,6.0,21.431,16.117,0.0,0.0,18.9,-57.794,18.24900000000001,9.64,,,4.774000000000002,4.847,1.685,2595841.0,65414.0,-1.244,14201
2022-10-15 06:00:00,0.0,0.0,6.0,21.404,16.047,0.0,0.0,18.9,-57.437,18.035,9.52,,,4.724,4.768,1.655,2595841.0,65414.0,-1.199,14201
2022-10-15 06:05:00,0.0,0.0,6.0,21.271,15.967,0.0,0.0,18.9,-75.88799999999999,18.046,9.441,,,4.6320000000000014,4.653,1.999,2595841.0,65414.076,-1.416,14201
2022-10-15 06:10:00,0.0,0.0,6.0,21.266,15.886,0.0,0.0,18.9,-80.0,18.188,9.558,,,4.5710000000000015,4.546,2.1,2595841.0,65415.0,-1.492,14201
2022-10-15 06:15:00,0.0,0.0,6.0,21.151,15.8,0.0,0.0,18.9,-80.0,18.311,9.377,,,4.475,4.376999999999999,2.104,2595841.0,65415.0,-1.496,14201
2022-10-15 06:20:00,0.0,0.0,6.0,21.05,15.746,0.0,0.0,18.9,-80.0,18.435,9.38,,,4.442000000000002,4.392,2.103,2595841.0,65415.0,-1.5,14201
2022-10-15 06:25:00,0.0,0.0,6.0,20.96,15.650999999999998,0.0,0.0,18.9,-80.0,18.554,9.422999999999998,,,4.4830000000000005,4.424,2.1,2595841.0,65415.0,-1.497,14201
2022-10-15 06:30:00,0.0,0.0,6.0,20.887,15.599999999999998,0.0,0.0,18.9,-80.0,18.652,9.477,,,4.500000000000001,4.515999999999999,2.1,2595841.0,65415.0,-1.499,14201
2022-10-15 06:35:00,0.0,0.0,6.0,20.81,15.523,0.0,0.0,18.9,-79.08300000000001,18.773,9.320000000000002,,,4.483999999999998,4.508000000000002,2.1,2595841.0,65415.0,-1.495,14201
2022-10-15 06:40:00,0.0,0.0,6.0,20.772,15.431,0.0,0.0,18.9,-78.99299999999998,18.871,9.321,,,4.422999999999998,4.402,2.076,2595841.0,65415.0,-1.485,14201
2022-10-15 06:45:00,0.0,0.0,6.0,20.664,15.362000000000002,0.0,0.0,18.9,-80.0,18.995,9.42,,,4.439000000000001,4.341,2.1,2595841.0,65415.0,-1.5,14201
2022-10-15 06:50:00,0.0,0.0,6.0,20.594,15.274,0.0,0.0,18.9,-77.57099999999998,19.011000000000006,9.377,,,4.622000000000001,4.576000000000001,2.049,2595841.0,65415.91,-1.463,14201
2022-10-15 06:55:00,0.0,0.0,6.0,20.482,15.2,0.0,0.0,18.9,-76.73,19.015,9.194,,,4.517999999999998,4.448,2.019,2595841.0,65416.0,-1.441,14201
2022-10-15 07:00:00,0.0,0.0,6.0,20.422999999999995,15.122000000000002,0.0,0.0,18.9,-79.66499999999998,19.059,9.263000000000002,,,4.6000000000000005,4.509,2.074,2595841.0,65416.0,-1.479,14201
2022-10-15 07:05:00,0.0,0.0,6.0,20.318,15.043,0.0,0.0,18.9,-71.857,19.096,9.282,,,4.4830000000000005,4.382,1.946,2595841.0,65416.0,-1.402,14201
2022-10-15 07:10:00,0.0,0.0,6.0,20.286999999999995,14.972,0.0,0.0,18.9,-54.072,18.737000000000005,9.153,,,4.361999999999998,4.266000000000002,1.6,2595841.0,65416.0,-1.192,14201
2022-10-15 07:15:00,0.0,0.0,6.0,20.236000000000004,14.893999999999998,0.0,0.0,18.9,-54.031,18.499,9.063,,,4.304,4.254,1.6,2595841.0,65416.0,-1.189,14201
2022-10-15 07:20:00,0.0,0.0,6.0,20.132,14.8,0.0,0.0,18.9,-54.70099999999999,18.25,9.24,,,4.300000000000001,4.149000000000002,1.615,2595841.0,65416.0,-1.163,14201
2022-10-15 07:25:00,0.0,0.0,6.0,20.051,14.723999999999998,0.0,0.0,18.9,-53.889,17.970000000000002,9.163000000000002,,,4.420000000000002,4.229000000000001,1.6,2595841.0,65416.0,-1.14,14201
2022-10-15 07:30:00,0.0,0.0,6.0,19.957,14.668,0.0,0.0,18.9,-54.047,17.695,9.202,,,4.472,4.300000000000001,1.6,2595841.0,65416.0,-1.17,14201
2022-10-15 07:35:00,0.0,0.0,6.0,19.878,14.594,0.0,0.0,18.9,-55.289,17.471999999999998,9.26,,,4.481000000000002,4.290000000000001,1.611,2595841.0,65416.447,-1.201,14201
2022-10-15 07:40:00,0.0,0.0,6.0,19.753000000000004,14.5,0.0,0.0,18.9,-54.928,17.309,9.195999999999998,,,4.329000000000001,4.200000000000001,1.609,2595841.0,65417.0,-1.201,14201
2022-10-15 07:45:00,0.0,0.0,6.0,19.696,14.419000000000002,0.0,0.0,18.9,-53.793,17.024,9.113,,,4.231,4.126,1.6,2595841.0,65417.0,-1.162,14201
2022-10-15 07:50:00,0.0,0.0,6.0,19.649,14.349000000000002,0.0,0.0,18.9,-52.824000000000005,16.755,8.977,,,4.337999999999999,4.234000000000001,1.6,2595841.0,65417.0,-1.148,14201
2022-10-15 07:55:00,0.0,0.0,6.0,19.57,14.300000000000002,0.0,0.0,18.9,-53.52,16.512,9.028,,,4.509,4.574999999999999,1.6,2595841.0,65417.0,-1.175,14201
2022-10-15 08:00:00,0.0,0.0,6.0,19.453,14.239,0.0,0.0,18.9,-53.289,16.338,9.224999999999998,,,4.608999999999999,4.658,1.6,2595841.0,65417.0,-1.193,14201
2022-10-15 08:05:00,0.0,0.0,6.0,19.426,14.177,0.0,0.0,18.9,-54.729000000000006,16.165000000000003,9.397,,,4.698,4.691999999999999,1.6,2595841.0,65417.0,-1.182,14201
2022-10-15 08:10:00,0.0,0.0,6.0,19.361000000000004,14.095999999999998,0.0,0.0,18.9,-54.267,15.972999999999995,9.146999999999998,,,4.608000000000001,4.527000000000001,1.6,2595841.0,65417.0,-1.136,14201
2022-10-15 08:15:00,0.0,0.0,6.0,19.332,14.004,0.0,0.0,18.9,-53.209,15.877,8.827999999999998,,,4.501,4.410000000000001,1.6,2595841.0,65417.0,-1.151,14201
2022-10-15 08:20:00,0.0,0.0,6.0,19.248,13.965,0.0,0.0,18.9,-53.453,15.674,8.566,,,4.605999999999998,4.504,1.6,2595841.0,65417.0,-1.184,14201
2022-10-15 08:25:00,0.0,0.0,6.0,19.199,13.898,0.0,0.0,18.9,-54.07,15.481000000000002,8.599999999999998,,,4.621,4.485,1.6,2595841.0,65417.077,-1.188,14201
2022-10-15 08:30:00,0.0,0.0,6.0,19.132,13.804,0.0,0.0,18.9,-54.045,15.323,8.804999999999998,,,4.510000000000002,4.349999999999999,1.6,2595841.0,65418.0,-1.139,14201
2022-10-15 08:35:00,0.0,0.0,6.0,19.050000000000004,13.742,0.0,0.0,18.9,-53.473,15.135,8.96,,,4.292,4.193999999999999,1.6,2595841.0,65418.0,-1.128,14201
2022-10-15 08:40:00,0.0,0.0,6.0,19.006000000000004,13.699999999999998,0.0,0.0,18.9,-54.12899999999999,14.933,8.836999999999998,,,4.081,4.149000000000002,1.601,2595841.0,65418.0,-1.138,14201
2022-10-15 08:45:00,0.0,0.0,6.0,18.934,13.629,0.0,0.0,18.9,-57.596,14.789,8.66,,,3.9149999999999983,3.928,1.632,2595841.0,65418.0,-1.199,14201
2022-10-15 08:50:00,0.0,0.0,6.0,18.896,13.57,0.0,0.0,18.9,-54.473,14.697,8.714000000000002,,,3.801,3.7390000000000017,1.6,2595841.0,65418.0,-1.185,14201
2022-10-15 08:55:00,0.0,0.0,6.0,18.819000000000003,13.499999999999998,0.0,0.0,18.9,-54.625,14.556000000000004,8.557,,,3.789,3.699999999999998,1.619,2595841.0,65418.0,-1.164,14201
2022-10-15 09:00:00,0.0,0.0,6.0,18.784,13.439,0.0,0.0,18.9,-54.502,14.368000000000002,8.355999999999998,,,3.658000000000001,3.6340000000000017,1.6,2595841.0,65418.0,-1.12,14201
2022-10-15 09:05:00,0.0,0.0,6.0,18.751,13.394999999999998,0.0,0.0,18.9,-53.159,14.228,8.26,,,3.5999999999999983,3.5319999999999987,1.6,2595841.0,65418.0,-1.138,14201
2022-10-15 09:10:00,0.0,0.0,6.0,18.675,13.316999999999998,0.0,0.0,18.9,-53.246,14.092,8.343000000000002,,,3.5770000000000004,3.5249999999999995,1.6,2595841.0,65418.0,-1.176,14201
2022-10-15 09:15:00,0.0,0.0,6.0,18.618,13.299,0.0,0.0,18.9,-53.496,13.948,8.383,,,3.5360000000000014,3.536999999999999,1.6,2595841.0,65418.0,-1.162,14201
2022-10-15 09:20:00,0.0,0.0,6.0,18.584,13.228000000000002,0.0,0.0,18.9,-56.782,13.817,8.499999999999998,,,3.6439999999999984,3.5999999999999983,1.653,2595841.0,65418.693,-1.165,14201
2022-10-15 09:25:00,0.0,0.0,6.0,18.539,13.156,0.0,0.0,18.9,-56.38,13.699999999999998,8.561999999999998,,,3.6149999999999993,3.6310000000000007,1.637,2595841.0,65419.0,-1.148,14201
2022-10-15 09:30:00,0.0,0.0,6.0,18.471,13.1,0.0,0.0,18.9,-54.088,13.56,8.455,,,3.692999999999999,3.728,1.6,2595841.0,65419.0,-1.119,14201
2022-10-15 09:35:00,0.0,0.0,6.0,18.439000000000004,13.088,0.0,0.0,18.9,-53.849,13.470000000000002,8.372999999999998,,,3.6759999999999993,3.658000000000001,1.6,2595841.0,65419.0,-1.123,14201
2022-10-15 09:40:00,0.0,0.0,6.0,18.380000000000003,13.0,0.0,0.0,18.9,-53.583,13.361,8.114,,,3.518,3.489999999999998,1.6,2595841.0,65419.0,-1.118,14201
2022-10-15 09:45:00,0.0,0.0,6.0,18.293000000000003,12.927,0.0,0.0,18.9,-61.681,13.316,8.040000000000001,,,3.4820000000000007,3.392999999999999,1.738,2595841.0,65419.0,-1.224,14201
2022-10-15 09:50:00,0.0,0.0,6.0,18.305,12.898,0.0,0.0,18.9,-54.903,13.206,8.0,,,3.448999999999999,3.4060000000000006,1.616,2595841.0,65419.0,-1.132,14201
2022-10-15 09:55:00,0.0,0.0,6.0,18.182,12.836,0.0,0.0,18.9,-63.66900000000001,13.142,8.079999999999998,,,3.4999999999999982,3.7170000000000014,1.765,2595841.0,65419.0,-1.238,14201
2022-10-15 10:00:00,0.0,0.0,6.0,18.175,12.762,0.0,0.0,18.9,-74.74199999999999,13.372000000000002,8.083999999999998,,,3.499000000000001,3.8900000000000015,2.026,2595841.0,65419.0,-1.444,14201
2022-10-15 10:05:00,0.0,0.0,6.0,18.056,12.697,0.0,0.0,18.9,-53.677,13.247,8.177000000000001,,,3.511000000000001,3.8439999999999994,1.6,2595841.0,65419.0,-1.117,14201
2022-10-15 10:10:00,0.0,0.0,6.0,18.088000000000005,12.608,0.0,0.0,18.9,-53.479000000000006,13.133,8.062999999999997,,,3.4999999999999982,3.723,1.6,2595841.0,65419.699,-1.119,14201
2022-10-15 10:15:00,0.0,0.0,6.0,18.020000000000003,12.57,0.0,0.0,18.9,-53.089000000000006,13.045,8.223,,,3.4999999999999982,3.743,1.6,2595841.0,65420.0,-1.117,14201
2022-10-15 10:20:00,0.0,0.0,6.0,17.924999999999997,12.5,0.0,0.0,18.9,-52.961,12.967,8.306000000000001,,,3.5049999999999986,3.6879999999999984,1.6,2595841.0,65420.0,-1.117,14201
2022-10-15 10:25:00,0.0,0.0,6.0,17.914,12.5,0.0,0.0,18.9,-53.293000000000006,12.899,8.354,,,3.531000000000001,3.574,1.6,2595841.0,65420.0,-1.119,14201
2022-10-15 10:30:00,0.0,0.0,6.0,17.878999999999998,12.471,0.0,0.0,18.9,-53.213,12.789,8.143,,,3.489999999999998,3.4999999999999982,1.6,2595841.0,65420.0,-1.115,14201
2022-10-15 10:35:00,0.0,0.0,6.053,17.854000000000003,12.412,0.0,0.0,18.9,-53.48,12.672999999999998,8.153,,,3.399000000000001,3.4269999999999987,1.6,2595841.0,65420.0,-1.117,14201
2022-10-15 10:40:00,0.0,0.0,7.82,17.814999999999998,12.365,0.0,0.0,18.9,-52.78999999999999,12.574000000000002,8.122999999999998,,,3.304999999999999,3.3530000000000006,1.6,2595841.0,65420.0,-1.117,14201
2022-10-15 10:45:00,0.0,0.0,13.822,17.747,12.303999999999998,0.0,0.0,19.674,-52.961,12.478,8.243000000000002,,,3.299999999999999,3.396,1.6,2595841.0,65420.0,-1.116,14201
2022-10-15 10:50:00,0.0,0.0,29.555,17.715,12.3,0.0,0.0,36.193,-53.103,12.352,8.297000000000002,,,3.4280000000000004,3.604000000000001,1.6,2595841.0,65420.0,-1.116,14201
2022-10-15 10:55:00,0.0,0.0,69.104,17.688000000000002,12.226,0.0,0.0,82.41899999999998,-52.984,12.266,8.030000000000001,,,3.4700000000000006,3.662,1.6,2595841.0,65420.0,-1.12,14201
2022-10-15 11:00:00,0.0,0.0,147.966,17.647000000000002,12.18,0.0,0.0,173.242,-52.481,12.154000000000002,7.923000000000004,,,3.628,3.726000000000001,1.7,2595841.0,65420.207,-1.211,14201
2022-10-15 11:05:00,0.0,0.0,283.578,17.589000000000002,12.105999999999998,0.0,0.0,309.503,-50.01599999999999,12.058,7.933999999999998,,,4.06,3.938,2.316,2595841.0,65421.0,-1.719,14201
2022-10-15 11:10:00,0.0,0.0,352.643,17.506000000000004,12.1,0.0,0.0,371.681,-50.861,11.965,7.8,,,4.356000000000001,4.246,1.7,2595841.0,65421.0,-1.205,14201
2022-10-15 11:15:00,0.0,0.0,386.426,17.492,12.082,0.0,0.0,398.838,-51.96,11.9,7.777000000000003,,,4.124999999999998,3.956999999999999,1.7,2595841.0,65421.0,-1.203,14201
2022-10-15 11:20:00,0.0,0.0,407.737,17.451,12.003000000000002,0.0,0.0,419.331,-51.795,11.9,7.684000000000002,,,3.85,3.709999999999999,1.769,2595841.0,65421.0,-1.203,14201
2022-10-15 11:25:00,0.0,0.0,422.789,17.403000000000002,12.009,0.019,0.02,435.399,-51.53,11.9,7.655999999999999,,,3.756000000000002,3.604000000000001,1.964,2595841.0,65421.0,-1.205,14201
2022-10-15 11:30:00,0.035,0.168,436.118,17.388999999999996,12.043,0.0,0.0,448.503,-51.327,11.9,7.953999999999998,,,3.8090000000000006,3.680999999999999,2.01,2595841.0,65421.0,-1.242,14201
2022-10-15 11:35:00,0.0359999999999999,0.536,445.539,17.379,12.095,1.547,1.593,421.995,-51.608,12.244,7.93,,,4.227999999999999,4.227999999999999,5.286,2595841.0,65421.0,0.45,14201
2022-10-15 11:40:00,0.0439999999999999,0.337,455.65,17.331,12.101,2.445,2.712,431.634,-52.248000000000005,12.947,7.991999999999998,,,4.496,4.656000000000001,5.927,2595841.333,65421.0,1.435,14201
2022-10-15 11:45:00,5.674,16.531,413.072,17.337999999999997,13.078,4.172,4.281,449.897,-52.446,13.682,8.157000000000004,,,4.617000000000001,4.757999999999999,15.89,2595842.0,65421.0,9.486,14201
2022-10-15 11:50:00,8.176999999999998,20.947,415.905,17.554,15.379,9.003999999999998,9.256,450.016,-51.581,14.495,8.183,,,4.940999999999999,5.208000000000001,24.219,2595842.94,65421.0,17.074,14201
2022-10-15 11:55:00,10.926,24.302,433.83,17.723,17.421,29.69,30.563,373.356,-51.432,16.756,8.350999999999999,,,5.447,5.831,51.03,2595845.407,65421.0,41.215,14201
2022-10-15 12:00:00,14.559,28.068,440.813,18.016,19.546,45.214,46.503,333.915,-50.376000000000005,20.314000000000004,8.486,,,5.938000000000001,6.185000000000001,73.21599999999998,2595849.64,65421.0,60.777,14201
2022-10-15 12:05:00,19.919,33.592,441.389,18.332000000000004,21.676,67.489,69.557,349.788,-50.444,24.829,8.929000000000002,,,6.668000000000001,6.810999999999999,106.752,2595855.757,65421.0,89.76999999999998,14201
2022-10-15 12:10:00,81.196,94.227,356.181,18.613,26.301,99.139,102.311,372.803,-49.842,31.721000000000004,9.151,,,7.457999999999998,7.598,219.193,2595867.03,65421.0,185.592,14201
2022-10-15 12:15:00,112.874,126.759,351.452,19.309999999999995,34.865,131.592,137.6,373.646,-51.073,41.365,9.558,,,8.184000000000001,8.348999999999998,296.038,2595885.357,65421.0,251.067,14201
2022-10-15 12:20:00,138.288,153.099,352.389,20.404,45.20700000000001,158.382,167.757,367.865,-50.675,52.982,10.181999999999997,,,9.029999999999998,9.163000000000002,359.089,2595908.53,65421.0,304.65,14201
2022-10-15 12:25:00,158.947,174.274,346.611,21.801,56.623000000000005,185.04,197.917,365.813,-50.452000000000005,61.14,10.767,,,9.949999999999998,10.047999999999998,415.53,2595936.12,65421.0,353.1,14201
2022-10-15 12:30:00,177.821,193.82,345.921,22.545,60.788,210.143,226.078,365.859,-51.605,60.50399999999999,11.211,,,10.892000000000005,11.021,468.064,2595967.42,65421.0,397.947,14201
2022-10-15 12:35:00,197.14,213.823,344.692,23.130000000000003,60.579,239.698,259.624,364.929,-51.584,60.517,11.755,,,11.835,11.97,527.083,2596002.657,65421.0,448.052,14201
2022-10-15 12:40:00,214.511,231.733,340.127,23.588,60.193,266.46,289.898,363.033,-51.646,60.199000000000005,12.574999999999998,,,12.72,12.898,579.848,2596041.89,65421.0,493.165,14201
2022-10-15 12:45:00,230.132,247.941,338.316,23.887,60.031,290.037,316.848,363.046,-52.391,60.268,13.209,,,13.631999999999998,13.843,626.536,2596084.64,65421.0,533.095,14201
2022-10-15 12:50:00,246.03,264.788,348.609,23.519,60.189,310.281,339.783,364.966,-51.87199999999999,60.263,13.814,,,14.277,14.442,670.37,2596130.577,65421.0,570.344,14201
2022-10-15 12:55:00,290.3,312.493,401.128,23.629,60.419,356.631,391.154,412.459,-51.071,60.857,14.28,,,14.666,14.874000000000002,778.884,2596181.873,65421.0,663.013,14201
2022-10-15 13:00:00,299.499,322.021,399.545,23.982,60.156,377.281,415.091,414.634,-50.129000000000005,60.491000000000014,14.773,,,14.695,15.105,814.092,2596238.787,65421.0,692.911,14201
2022-10-15 13:05:00,304.687,327.161,394.392,24.169,60.085,385.943,424.8,414.12,-50.715,60.333000000000006,15.255000000000004,,,15.117,15.535,830.879,2596297.084,65421.0,706.821,14201
2022-10-15 13:10:00,309.87,332.565,394.692,24.178,60.10499999999999,393.477,433.323,412.25,-49.318000000000005,60.25800000000001,15.582999999999998,,,15.566,16.046000000000003,845.7319999999999,2596356.542,65421.0,719.34,14201
2022-10-15 13:15:00,314.214,337.043,393.532,24.445000000000004,60.068,399.778,440.449,410.314,-48.054,60.187,15.836,,,16.567,16.996,853.946,2596417.067,65421.0,729.6119999999999,14201
2022-10-15 13:20:00,318.307,341.096,388.386,24.755,60.071,404.497,446.054,408.655,-49.133,60.124,16.087000000000003,,,17.058,17.581000000000003,863.508,2596478.094,65421.0,738.822,14201
2022-10-15 13:25:00,321.223,344.108,388.982,25.235,60.05200000000001,408.055,450.154,404.971,-50.936,60.116,16.326999999999998,,,17.769999999999996,18.175,871.047,2596539.953,65421.0,744.9249999999998,14201
2022-10-15 13:30:00,324.09,346.94,386.86,25.58,60.06499999999999,411.882,454.557,402.254,-48.287000000000006,60.123,16.510000000000005,,,18.020000000000003,18.405000000000005,878.909,2596602.417,65421.0,751.4389999999999,14201
2022-10-15 13:35:00,326.498,349.308,382.816,26.031,60.027,414.798,457.82,399.318,-45.864,60.16,16.789,,,19.386000000000003,19.497,885.826,2596665.24,65421.0,756.86,14201
2022-10-15 13:40:00,328.234,350.99,382.327,26.556,60.033,417.282,460.814,398.037,-43.295,60.149,17.044,,,20.277,20.074,891.14,2596728.423,65421.0,760.836,14201
2022-10-15 13:45:00,329.481,352.208,380.546,26.945000000000004,60.05100000000001,419.8,463.358,395.757,-43.52,60.069,17.310999999999996,,,21.038,20.732,895.212,2596792.047,65421.0,764.0399999999998,14201
2022-10-15 13:50:00,329.879,352.45,376.474,27.408,60.035,421.969,465.897,394.076,-44.35900000000001,60.16100000000001,17.571,,,21.905,21.569000000000003,898.392,2596855.86,65421.0,766.364,14201
2022-10-15 13:55:00,331.205,353.788,376.829,27.757,60.02499999999999,425.765,470.531,394.262,-47.557,60.103,17.642999999999997,,,21.841,21.619,905.338,2596919.887,65421.0,771.539,14201
2022-10-15 14:00:00,332.222,354.779,376.467,28.05,60.02100000000001,428.092,473.048,394.423,-48.923,60.146,17.951999999999998,,,22.87,22.492999999999995,909.245,2596984.27,65421.0,774.653,14201
2022-10-15 14:05:00,333.258,355.738,376.361,28.328,59.99699999999999,429.556,474.607,393.47,-47.829,60.222,18.266,,,25.215,24.592,912.435,2597049.05,65421.0,776.889,14201
2022-10-15 14:10:00,333.452,355.829,375.243,28.656,59.967,430.91,476.258,391.554,-45.652,60.16100000000001,18.751,,,26.875,25.818,914.498,2597113.83,65421.0,778.431,14201
2022-10-15 14:15:00,333.486,355.63,373.16,28.968,59.953,431.648,476.902,390.728,-46.25300000000001,59.928,18.692,,,27.783,26.853,914.454,2597178.684,65421.0,778.839,14201
2022-10-15 14:20:00,334.03,356.252,376.71,29.194,59.97200000000001,432.231,477.696,390.128,-45.92100000000001,59.916,18.684000000000005,,,28.216,29.159,912.412,2597243.662,65421.0,780.116,14201
2022-10-15 14:25:00,334.061,356.016,372.554,29.468,59.992,432.218,477.36,389.723,-44.911,59.94899999999999,18.772,,,29.4,31.461,912.308,2597308.547,65421.0,779.301,14201
2022-10-15 14:30:00,333.602,355.367,370.397,29.942,59.985,432.72,477.857,389.094,-43.25,60.069,19.309000000000005,,,30.925000000000004,33.479000000000006,911.191,2597373.508,65421.0,779.195,14201
2022-10-15 14:35:00,333.493,355.329,375.429,30.280000000000005,59.985,431.73,476.584,389.98,-43.158,59.938,19.36,,,31.242,34.069,909.605,2597438.537,65421.0,777.9829999999998,14201
2022-10-15 14:40:00,332.535,354.239,375.422,30.544,59.959,430.026,474.604,387.738,-41.766,59.97599999999999,19.619,,,32.074,34.626999999999995,906.525,2597503.117,65421.0,775.351,14201
2022-10-15 14:45:00,330.656,352.081,370.578,30.77,59.913,428.538,472.884,386.279,-41.97899999999999,60.018,19.944,,,33.462,36.132,902.304,2597567.651,65421.0,771.486,14201
2022-10-15 14:50:00,329.251,350.486,370.843,31.008,59.928,426.73,470.89,386.767,-39.903,60.010000000000005,20.135,,,35.648,37.272000000000006,897.913,2597631.853,65421.0,768.068,14201
2022-10-15 14:55:00,328.428,349.583,370.584,31.217,59.95,427.586,471.743,386.53,-42.189,59.952,20.280000000000005,,,36.513,37.275000000000006,895.509,2597695.863,65421.0,767.768,14201
2022-10-15 15:00:00,326.979,348.011,372.227,31.389000000000003,59.94400000000001,426.715,470.685,387.549,-43.22899999999999,59.998,20.566,,,36.557,37.07,892.62,2597759.627,65421.0,765.0839999999998,14201
2022-10-15 15:05:00,325.766,346.659,371.673,31.573000000000004,59.923,425.919,469.653,387.753,-43.217,60.069,20.721,,,37.36,37.648,890.596,2597823.297,65421.0,763.152,14201
2022-10-15 15:10:00,323.425,344.071,371.082,31.803000000000004,59.954,423.143,466.606,386.218,-42.314,59.982,21.184000000000005,,,38.792,38.95700000000001,885.402,2597886.64,65421.0,757.851,14201
2022-10-15 15:15:00,323.816,344.365,370.502,31.958,59.97699999999999,423.511,467.046,386.553,-42.772,59.89999999999999,21.001,,,38.187,38.837,886.21,2597949.85,65421.0,758.624,14201
2022-10-15 15:20:00,324.613,345.372,376.122,32.09799999999999,59.982,424.834,468.526,389.556,-42.804,59.96,20.910999999999994,,,37.132,37.849,888.7279999999998,2598013.207,65421.0,760.621,14201
2022-10-15 15:25:00,322.574,343.16,374.995,32.261,59.965,422.883,466.253,388.331,-42.833,60.03,21.448,,,38.59,38.89,883.614,2598076.4,65421.0,756.206,14201
2022-10-15 15:30:00,320.912,341.212,371.24,32.399,59.882,420.888,463.862,386.87,-43.545,59.891,21.483,,,39.591,39.945,879.37,2598139.297,65421.0,752.546,14201
2022-10-15 15:35:00,321.257,341.623,374.79,32.536,59.968,421.227,464.231,387.352,-43.275000000000006,59.93,21.404,,,39.04,39.373,880.245,2598201.96,65421.0,753.337,14201
2022-10-15 15:40:00,319.905,340.157,376.745,32.654,59.92699999999999,420.3,463.111,387.2,-43.249,59.945000000000014,21.576,,,39.573,39.593,877.3859999999999,2598264.617,65421.0,751.043,14201
2022-10-15 15:45:00,318.069,338.185,374.19,32.779,59.892,419.143,461.611,387.388,-42.735,59.894000000000005,21.407,,,39.691,40.065000000000005,873.491,2598327.11,65421.0,747.6549999999999,14201
2022-10-15 15:50:00,316.709,336.646,375.327,32.864999999999995,59.94200000000001,417.814,459.952,387.492,-42.988,59.97200000000001,21.663,,,39.966,40.561,869.729,2598389.353,65421.0,744.505,14201
2022-10-15 15:55:00,315.623,335.467,375.232,33.035,59.93500000000001,415.785,457.729,386.542,-43.178,59.934000000000005,21.887000000000004,,,40.432,40.881,866.341,2598451.183,65421.0,741.331,14201
2022-10-15 16:00:00,314.999,334.767,376.628,33.175000000000004,59.97699999999999,414.258,455.936,386.238,-43.330000000000005,59.953,22.131000000000004,,,40.878,41.884,863.44,2598512.957,65421.0,739.2329999999998,14201
2022-10-15 16:05:00,314.925,334.637,376.152,33.344,59.999,413.605,455.255,387.457,-43.013000000000005,60.015,22.497,,,41.287,42.456,862.6319999999998,2598574.61,65421.0,738.768,14201
2022-10-15 16:10:00,314.063,333.681,376.437,33.415,59.899,413.002,454.423,386.929,-42.431,59.956,22.328,,,41.325,42.322,860.537,2598636.037,65421.0,737.0689999999998,14201
2022-10-15 16:15:00,313.613,333.225,376.328,33.552,59.94899999999999,411.769,453.091,386.587,-42.968,59.928,22.433000000000003,,,41.358,42.43300000000001,858.325,2598697.317,65421.0,735.259,14201
2022-10-15 16:20:00,312.636,332.198,377.051,33.61,59.89999999999999,411.059,452.308,387.882,-44.964000000000006,59.93500000000001,22.157,,,40.973,42.144,856.3379999999999,2598758.477,65421.0,733.418,14201
2022-10-15 16:25:00,311.746,331.204,376.879,33.637,59.931,411.465,452.429,389.938,-43.585,59.94799999999999,22.163,,,40.092,40.722,856.001,2598819.641,65421.0,732.755,14201
2022-10-15 16:30:00,311.634,331.015,376.901,33.675,59.95,411.297,452.208,390.39,-43.303,59.956,22.203,,,40.22,40.811,855.446,2598880.743,65421.0,732.505,14201
2022-10-15 16:35:00,312.584,331.945,376.366,33.751000000000005,59.958,412.536,453.787,390.93,-43.264,59.967,22.056,,,39.588,40.49,857.8719999999998,2598941.817,65421.0,734.5979999999998,14201
2022-10-15 16:40:00,312.472,331.957,379.388,33.72200000000001,59.968,412.342,453.503,391.13,-42.144,59.991,22.144,,,38.923,39.92400000000001,857.705,2599003.027,65421.0,734.4869999999999,14201
2022-10-15 16:45:00,312.265,331.755,382.302,33.669000000000004,59.969,411.637,452.759,392.588,-41.73100000000001,60.016,22.370000000000005,,,38.405,39.572,857.423,2599064.2,65421.0,733.594,14201
2022-10-15 16:50:00,311.246,330.605,379.486,33.79900000000001,59.922,411.206,452.007,392.173,-42.595,60.016,22.58,,,39.1,39.95,855.349,2599125.263,65421.0,732.123,14201
2022-10-15 16:55:00,311.111,330.493,380.95,33.784,59.958,411.588,452.519,393.537,-42.674,59.945000000000014,22.373,,,38.03,39.1,855.7659999999998,2599186.147,65421.0,732.3139999999999,14201
2022-10-15 17:00:00,311.009,330.412,382.139,33.840999999999994,59.94899999999999,413.269,454.556,394.466,-42.900000000000006,60.024000000000015,22.392,,,37.379,38.051,857.875,2599247.449,65421.0,733.764,14201
2022-10-15 17:05:00,309.64,328.867,379.763,33.83500000000001,59.892,412.366,453.45,394.411,-43.25,59.97500000000001,22.368,,,37.597,38.115,855.12,2599308.51,65421.0,731.316,14201
2022-10-15 17:10:00,308.424,327.438,376.231,33.983,59.961,408.051,448.603,391.313,-43.42499999999999,60.043000000000006,23.291,,,38.964,39.475,848.288,2599369.197,65421.0,725.7279999999998,14201
2022-10-15 17:15:00,307.479,326.513,376.917,34.121,59.921,406.234,446.558,390.525,-43.067,59.94799999999999,23.210000000000004,,,40.014,40.456,845.0159999999998,2599429.54,65421.0,722.893,14201
2022-10-15 17:20:00,307.286,326.236,376.328,34.319,60.01200000000001,405.012,445.168,388.026,-42.875,59.921,23.501,,,40.898,41.287,843.398,2599489.733,65421.0,721.3099999999998,14201
2022-10-15 17:25:00,309.053,328.076,376.389,34.666,59.983,406.474,446.64,390.116,-44.122,59.897000000000006,23.135,,,40.817,41.15,847.115,2599549.907,65421.0,724.602,14201
2022-10-15 17:30:00,308.759,327.797,376.696,34.678,59.913,406.904,447.228,390.461,-45.409,59.92699999999999,23.028,,,40.08500000000001,40.565,847.371,2599610.402,65421.0,724.844,14201
2022-10-15 17:35:00,307.137,326.027,376.327,34.796,59.89999999999999,404.744,444.792,388.872,-46.338,59.956,23.143,,,40.761,40.829,843.419,2599670.71,65421.0,721.129,14201
2022-10-15 17:40:00,306.353,325.053,373.676,34.917,59.963,403.706,443.466,386.657,-45.877,59.983,23.496,,,41.277,41.408,840.912,2599730.677,65421.0,718.914,14201
2022-10-15 17:45:00,307.203,326.054,373.379,35.14,60.02300000000001,403.022,443.062,386.343,-45.92499999999999,60.005,23.53,,,41.382,41.531,841.822,2599790.637,65421.0,719.496,14201
2022-10-15 17:50:00,308.203,327.006,373.455,35.258,59.958,404.05,443.884,386.189,-46.333,59.97699999999999,23.591,,,40.915,40.659,844.1029999999998,2599850.607,65421.0,721.424,14201
2022-10-15 17:55:00,308.832,327.572,370.328,35.355,59.966,404.216,444.085,386.568,-45.148,60.010000000000005,23.698000000000004,,,41.413,40.873,844.596,2599910.78,65421.0,722.235,14201
2022-10-15 18:00:00,310.597,329.391,371.204,35.451,59.98599999999999,406.892,447.074,386.384,-45.304,60.079,23.812,,,41.14000000000001,41.02,850.1,2599971.14,65421.0,726.681,14201
2022-10-15 18:05:00,312.488,331.513,374.64,35.466,60.02599999999999,409.167,449.807,386.417,-45.515,60.004000000000005,23.543,,,39.892,39.313,855.3959999999998,2600031.803,65421.0,731.0639999999999,14201
2022-10-15 18:10:00,310.013,328.925,373.047,35.482,59.925,407.172,447.576,388.169,-45.503,59.968,23.831,,,39.643,38.97,850.388,2600092.48,65421.0,726.546,14201
2022-10-15 18:15:00,306.355,325.094,373.941,35.522,59.854000000000006,402.306,441.983,388.944,-45.847,59.873,24.083,,,39.591,38.91,840.8379999999999,2600152.91,65421.0,717.453,14201
2022-10-15 18:20:00,312.973,331.93,375.481,35.57899999999999,60.13000000000001,408.095,448.695,386.652,-45.63,60.107,24.075,,,39.42600000000001,39.067,856.493,2600213.217,65421.0,730.168,14201
2022-10-15 18:25:00,313.304,332.099,371.28,35.621,60.029,406.008,446.222,386.066,-44.84,59.973000000000006,24.129,,,39.829,39.93300000000001,854.263,2600273.93,65421.0,728.2809999999998,14201
2022-10-15 18:30:00,314.567,333.408,370.721,35.696,59.984,408.064,448.477,386.257,-44.907,59.97899999999999,24.072,,,39.61,39.499,858.0779999999999,2600334.753,65421.0,731.644,14201
2022-10-15 18:35:00,315.416,334.267,370.685,35.695,59.98799999999999,409.266,450.012,386.325,-45.04900000000001,60.0,23.987,,,39.033,38.376000000000005,860.272,2600395.777,65421.0,733.797,14201
2022-10-15 18:40:00,315.382,334.249,370.28,35.844,60.019000000000005,407.991,448.447,384.692,-45.477,60.114,24.49900000000001,,,39.448,39.13399999999999,858.056,2600456.924,65421.0,732.35,14201
2022-10-15 18:45:00,315.918,334.789,370.436,35.967,59.97699999999999,408.773,449.473,386.646,-45.592000000000006,60.02300000000001,24.357000000000003,,,39.257,38.654,859.672,2600518.063,65421.0,733.763,14201
2022-10-15 18:50:00,315.612,334.441,370.28,36.068,59.952,408.288,448.71,386.526,-45.038,60.0,24.744,,,39.157,38.552,858.2559999999999,2600579.13,65421.0,732.748,14201
2022-10-15 18:55:00,315.632,334.464,370.962,36.161,59.99699999999999,408.585,449.211,385.94,-44.822,59.97400000000001,24.824,,,39.996,39.845,858.1079999999998,2600640.123,65421.0,733.092,14201
2022-10-15 19:00:00,316.474,335.28,370.799,36.256,60.032,408.912,449.417,386.045,-45.20700000000001,59.957,24.688,,,39.133,39.075,859.1459999999998,2600701.283,65421.0,734.038,14201
2022-10-15 19:05:00,316.571,335.41,370.338,36.316,59.998,408.274,448.768,383.492,-45.349,59.91799999999999,24.691,,,38.803,38.736,858.544,2600762.445,65421.0,733.517,14201
2022-10-15 19:10:00,318.264,337.148,370.942,36.426,60.009,409.076,449.72,384.721,-45.361,59.917,24.796000000000003,,,38.384,38.468,861.658,2600823.767,65421.0,736.438,14201
2022-10-15 19:15:00,318.892,337.786,370.492,36.442,59.966,408.031,448.605,383.936,-45.199,59.89999999999999,24.729000000000003,,,38.014,38.142,860.8339999999998,2600885.143,65421.0,735.8869999999998,14201
2022-10-15 19:20:00,318.052,336.885,370.216,36.509,59.955000000000005,408.067,448.51,382.572,-44.123000000000005,59.93500000000001,24.899,,,37.509,38.07,859.0059999999999,2600946.31,65421.0,735.0399999999998,14201
2022-10-15 19:25:00,319.042,337.918,370.402,36.57599999999999,60.057,408.091,448.477,382.876,-43.54299999999999,60.022000000000006,24.972,,,37.388000000000005,37.957,860.017,2601007.5,65421.0,735.472,14201
2022-10-15 19:30:00,318.879,337.772,370.59,36.585,59.923,406.56,446.833,382.484,-43.452,59.86,24.92,,,36.607,37.127,858.4099999999999,2601068.897,65421.0,734.052,14201
2022-10-15 19:35:00,318.694,337.507,370.822,36.62899999999999,59.973000000000006,405.899,445.995,382.48,-43.627,59.91799999999999,24.899999999999995,,,36.14500000000001,36.622,857.664,2601130.057,65421.0,733.254,14201
2022-10-15 19:40:00,320.469,339.362,370.446,36.678,60.016,404.703,444.777,383.358,-43.035,59.928,24.870000000000005,,,35.764,35.92,858.297,2601191.207,65421.0,734.1559999999998,14201
2022-10-15 19:45:00,319.404,338.114,370.485,36.716,59.916,403.288,442.896,382.314,-43.37100000000001,59.908,25.001,,,35.586,35.767,854.9539999999998,2601252.193,65421.0,731.3039999999999,14201
2022-10-15 19:50:00,318.166,336.782,370.262,36.828,59.999,401.084,440.557,383.769,-43.042,59.97699999999999,25.047,,,36.098,36.188,850.7029999999999,2601312.967,65421.0,727.736,14201
2022-10-15 19:55:00,316.722,335.302,370.428,36.968,59.959,398.565,437.591,383.845,-43.36,59.915,25.12400000000001,,,35.846000000000004,36.139,845.8239999999998,2601373.525,65421.0,723.231,14201
2022-10-15 20:00:00,297.378,315.279,373.131,36.989,59.531,371.679,406.785,386.313,-43.295,59.186,24.98,,,34.773,35.080000000000005,790.964,2601431.98,65421.0,676.517,14201
2022-10-15 20:05:00,314.968,333.414,371.164,37.06,60.224,393.981,432.083,386.562,-43.679,60.226,24.964,,,34.132,34.294999999999995,837.8579999999998,2601489.897,65421.0,716.443,14201
2022-10-15 20:10:00,300.551,318.438,371.969,37.168,59.82599999999999,374.78,410.216,387.246,-42.736,59.71199999999999,24.977,,,33.815000000000005,33.772,799.932,2601547.287,65421.0,684.02,14201
2022-10-15 20:15:00,309.357,327.549,370.489,37.136,60.02300000000001,384.454,421.391,385.133,-42.74700000000001,60.038,24.961,,,33.691,33.611,820.568,2601606.057,65421.0,701.99,14201
2022-10-15 20:20:00,305.578,323.581,370.635,37.235,59.868000000000016,378.802,414.752,385.821,-43.158,59.859,25.085000000000004,,,33.562000000000005,33.522000000000006,809.308,2601664.097,65421.0,692.249,14201
2022-10-15 20:25:00,300.962,318.745,370.278,37.296,59.87199999999999,373.185,408.4,384.878,-43.158,59.75299999999999,25.101,,,33.172,33.12,797.27,2601721.31,65421.0,681.842,14201
2022-10-15 20:30:00,290.82,308.301,371.05,37.405,59.678,361.513,395.012,386.848,-43.758,59.54900000000001,25.0,,,32.38,32.165,771.3089999999999,2601777.166,65421.0,659.932,14201
2022-10-15 20:35:00,288.615,305.829,370.131,37.499,59.874,360.258,393.516,386.177,-44.11,59.82599999999999,25.06,,,31.956,31.901000000000003,767.32,2601832.183,65421.0,656.314,14201
2022-10-15 20:40:00,282.953,299.956,370.799,37.58500000000001,59.803,356.016,388.567,385.76,-44.122,59.769000000000005,25.016,,,31.417000000000005,31.712,755.759,2601886.357,65421.0,646.236,14201
2022-10-15 20:45:00,280.701,297.737,375.256,37.556,59.892,354.271,386.673,387.246,-44.11300000000001,59.893,24.84,,,30.608,30.76,751.493,2601940.04,65421.0,641.958,14201
2022-10-15 20:50:00,273.436,290.197,374.709,37.575,59.787000000000006,347.898,379.419,388.528,-44.264,59.795,24.96,,,30.19,30.297,735.119,2601993.04,65421.0,628.437,14201
2022-10-15 20:55:00,264.718,281.266,376.324,37.75,59.756,339.888,370.215,390.539,-44.47,59.71199999999999,24.855999999999995,,,29.494000000000003,29.731,715.47,2602044.673,65421.0,611.471,14201
2022-10-15 21:00:00,257.22,273.351,376.131,37.75,59.789000000000016,332.52,361.898,390.381,-44.51,59.69200000000001,24.724000000000004,,,28.65900000000001,28.862,698.044,2602095.123,65421.0,596.457,14201
2022-10-15 21:05:00,246.294,262.032,376.646,37.983,59.781,323.65,351.533,390.806,-44.508,59.75299999999999,24.876999999999995,,,28.223,28.44,674.743,2602143.923,65421.0,576.288,14201
2022-10-15 21:10:00,235.464,250.822,376.93,38.17699999999999,59.725,313.443,339.612,393.134,-44.298,59.70700000000001,24.776,,,27.586,27.871,650.068,2602191.03,65421.0,554.908,14201
2022-10-15 21:15:00,223.151,238.292,382.863,38.232,59.724,289.805,313.05,395.531,-43.579,59.446,24.616000000000003,,,26.783,27.079,607.151,2602235.973,65421.0,518.442,14201
2022-10-15 21:20:00,206.753,221.199,382.424,38.29,59.656,256.231,275.51,376.793,-43.604000000000006,59.249,24.516,,,25.973,26.289,547.985,2602276.937,65421.0,467.481,14201
2022-10-15 21:25:00,184.298,198.16,382.629,38.604000000000006,59.603,233.216,250.256,357.368,-43.325,59.50999999999999,24.416000000000004,,,25.324,25.636000000000003,494.521,2602313.963,65421.0,421.52,14201
2022-10-15 21:30:00,161.916,175.195,382.754,38.899,59.691,210.967,225.046,358.27,-43.541,59.639,24.336,,,24.725,24.999,441.833,2602347.163,65421.0,376.267,14201
2022-10-15 21:35:00,140.511,153.139,387.991,39.42699999999999,59.702000000000005,188.491,199.851,359.527,-43.723000000000006,59.706,24.271,,,24.174,24.444000000000003,389.926,2602376.64,65421.0,331.802,14201
2022-10-15 21:40:00,118.953,131.072,388.846,40.027,59.690000000000005,166.485,175.062,359.479,-43.375,59.732,24.12,,,23.616,23.861,338.538,2602402.502,65421.0,287.777,14201
2022-10-15 21:45:00,97.066,108.485,388.265,39.852,59.672,144.368,150.234,360.333,-43.258,59.725,24.030999999999995,,,22.975000000000005,23.218,286.365,2602424.68,65421.0,243.222,14201
2022-10-15 21:50:00,76.73399999999998,87.80899999999998,388.128,40.024,59.70100000000001,123.883,127.8,358.342,-45.899,59.728,23.856,,,22.44,22.653,238.097,2602443.17,65421.0,202.129,14201
2022-10-15 21:55:00,57.069,67.618,385.63,40.617,59.69200000000001,102.921,106.002,360.06,-48.146,59.719,23.769,,,21.832,22.062,189.59,2602458.3,65421.0,160.71,14201
2022-10-15 22:00:00,39.683,50.055,383.703,40.596,59.775000000000006,81.077,83.545,357.396,-49.055,59.729000000000006,23.476,,,21.126999999999995,21.334000000000003,143.188,2602469.977,65421.0,121.103,14201
2022-10-15 22:05:00,27.488,37.599,381.899,40.481,59.79999999999999,59.895,61.74,353.472,-53.155,59.434,23.155,,,20.41,20.519,103.79,2602478.653,65421.0,87.208,14201
2022-10-15 22:10:00,16.453,26.494,380.291,40.321,59.532,39.722,40.936,350.003,-51.23799999999999,60.278000000000006,22.631,,,19.872,19.863,67.168,2602484.56,65421.0,55.615,14201
2022-10-15 22:15:00,8.793,18.407,372.567,40.254,59.19400000000001,22.91,23.585,343.345,-50.248,59.046,22.468000000000004,,,19.250000000000004,19.157,39.717,2602488.12,65421.0,30.725,14201
2022-10-15 22:20:00,5.068,12.908,380.927,40.24699999999999,58.994,4.048,4.112,422.023,-51.322,56.272000000000006,22.017000000000003,,,18.439000000000004,18.361000000000004,14.687,2602489.623,65421.0,8.000999999999998,14201
2022-10-15 22:25:00,0.068,0.1769999999999999,425.399,40.218,57.45099999999999,2.543,2.654,411.028,-50.368,54.587,21.525,,,17.531,17.492,5.943,2602490.0,65421.0,0.999,14201
2022-10-15 22:30:00,0.0,0.132,419.485,40.162000000000006,55.28,1.518,1.505,400.398,-51.327,53.168,21.251,,,16.854,16.779,5.383,2602490.0,65421.0,-0.004,14201
2022-10-15 22:35:00,0.027,0.127,408.643,40.123000000000005,53.42,0.2929999999999999,0.311,413.194,-50.489,51.7,21.120000000000005,,,16.317999999999998,16.157,2.851,2602490.0,65421.817,-1.321,14201
2022-10-15 22:40:00,0.0,0.0,396.112,40.055,51.725,0.0,0.0,408.412,-49.908,49.851000000000006,20.859,,,15.699999999999998,15.52,2.434,2602490.0,65422.0,-1.669,14201
2022-10-15 22:45:00,0.0,0.0,377.812,39.845,50.147,0.0,0.0,390.892,-49.835,48.079,20.448,,,14.971,14.778,2.4,2602490.0,65422.0,-1.8,14201
2022-10-15 22:50:00,0.0,0.0,351.867,39.693000000000005,48.618,0.0,0.0,368.393,-49.43600000000001,46.377,19.952,,,14.363,14.27,2.397,2602490.0,65422.0,-1.8,14201
2022-10-15 22:55:00,0.0,0.0,311.686,39.678,47.186,0.0,0.0,331.927,-49.243,44.912,19.58,,,13.77,13.674,2.397,2602490.0,65422.0,-1.8,14201
2022-10-15 23:00:00,0.0,0.0,246.231,39.663,45.893,0.0,0.0,270.316,-49.721,43.662,19.655000000000005,,,13.768,13.707999999999998,2.431,2602490.0,65422.0,-1.831,14201
2022-10-15 23:05:00,0.0,0.0,159.755,39.61,44.779,0.0,0.0,188.947,-50.365,42.428,19.989,,,13.621999999999998,13.473999999999998,2.659,2602490.0,65422.057,-2.028,14201
2022-10-15 23:10:00,0.0,0.0,77.06699999999998,39.62100000000001,43.87800000000001,0.0,0.0,97.132,-51.31100000000001,41.139,20.036,,,13.988000000000005,13.812000000000005,2.351,2602490.0,65423.0,-1.789,14201
2022-10-15 23:15:00,0.0,0.0,32.971,39.585,42.87,0.0,0.0,41.174,-51.603,40.002,19.892,,,14.08,14.027000000000005,2.217,2602490.0,65423.0,-1.638,14201
2022-10-15 23:20:00,0.0,0.0,12.776,39.791,41.827,0.0,0.0,20.0,-51.827,39.055,19.756,,,13.69,13.797999999999998,2.029,2602490.0,65423.0,-1.492,14201
2022-10-15 23:25:00,0.0,0.0,6.221,39.784,40.939,0.0,0.0,18.9,-52.069,38.131,19.907,,,13.664,13.662,1.9,2602490.0,65423.0,-1.4,14201
2022-10-15 23:30:00,0.0,0.0,6.0,39.707,40.191,0.0,0.0,18.9,-52.063,37.24,19.96,,,13.739,13.655,1.9,2602490.0,65423.0,-1.4,14201
2022-10-15 23:35:00,0.0,0.0,6.0,39.534,39.411,0.0,0.0,18.9,-51.858,36.434,19.604,,,13.774,13.618,1.9,2602490.0,65423.0,-1.4,14201
2022-10-15 23:40:00,0.0,0.0,6.0,39.22,38.589,0.0,0.0,18.9,-51.84700000000001,35.688,18.719,,,13.302,13.181,1.9,2602490.0,65423.0,-1.4,14201
2022-10-15 23:45:00,0.0,0.0,6.0,39.059,37.744,0.0,0.0,18.9,-50.502,34.903,17.983999999999998,,,12.796,12.681,1.604,2602490.0,65423.0,-1.124,14201
2022-10-15 23:50:00,0.0,0.0,6.0,38.843,37.112,0.0,0.0,18.9,-48.765,34.111000000000004,18.547000000000004,,,12.957999999999998,12.895,1.6,2602490.0,65423.837,-1.126,14201
2022-10-15 23:55:00,0.0,0.0,6.0,38.584,36.494,0.0,0.0,18.9,-50.17,33.495,18.94,,,13.140999999999998,13.133,1.6,2602490.0,65424.0,-1.12,14201
