measured_on,ac_current__588,ac_power__584,ac_voltage__587,ambient_temp__589,das_battery_voltage__595,das_temp__594,dc_pos_current__586,dc_pos_voltage__585,dc_power__583,inverter_temp__593,module_temp_1__590,module_temp_2__591,module_temp_3__592,poa_irradiance__582,power_factor__596,system_id
2022-04-15 00:00:00,0.1555055999999999,6.768547,237.8289,5.540726,13.30114,4.965607,0.003333333,0.7416666,0.0023999999999999,5.258333,2.175,2.75,2.625,-1.669675,0.1821422,33
2022-04-15 00:01:00,0.1555069,6.775364,237.8071,5.864424,13.29748,4.965607,0.002,0.6999999999999998,0.0014,5.633333,2.316667,2.916667,2.791667,-1.631292,0.1814086,33
2022-04-15 00:02:00,0.1553984999999999,6.758698,237.7975,5.99157,13.29931,4.965607,0.0006666667,0.7749998999999999,0.0004666666999999,5.616666,2.425,3.041667,2.941667,-1.439375,0.1809944,33
2022-04-15 00:03:00,0.1558479,6.784602,238.3422,6.000139,13.29931,4.965607,0.002,0.8,0.0016,5.55,2.475,3.1,3.041667,-1.295437,0.1813506,33
2022-04-15 00:04:00,0.1560005999999999,6.817186,238.5637,5.801548,13.29931,4.965607,0.0006666667,0.8,0.0005333332999999,5.183333,2.466666,3.083333,3.025,-1.170692,0.1818529,33
2022-04-15 00:05:00,0.1560349,6.820724,238.6021,4.756065,13.29794,4.975021,0.002,0.8,0.0016,3.675,2.333333,2.916667,2.808333,-1.132308,0.1819763,33
2022-04-15 00:06:00,0.1560170999999999,6.837581,238.5708,3.823646,13.29839,4.988201,0.004666667,0.8,0.003733333,2.875,2.25,2.808333,2.583333,-1.468162,0.1824653,33
2022-04-15 00:07:00,0.1560062,6.840963,238.5583,3.350215,13.29794,4.988201,0.002,0.8,0.0016,2.775,2.158333,2.7,2.491667,-1.861591,0.1826149,33
2022-04-15 00:08:00,0.1560156,6.804591,238.6219,3.228925,13.29839,4.988201,0.003333333,0.8,0.0021333329999999,2.925,2.108333,2.641667,2.375,-2.168658,0.1815826,33
2022-04-15 00:09:00,0.1560047,6.815362,238.4962,3.154984,13.29977,4.988201,0.004666667,0.8,0.004266667,2.908333,2.008333,2.541667,2.25,-2.235829,0.1820369,33
2022-04-15 00:10:00,0.1556904,6.776693,238.1204,3.184417,13.3016,4.988201,0.002,0.8,0.0016,3.075,1.975,2.508333,2.183333,-2.41815,0.1814400999999999,33
2022-04-15 00:11:00,0.1556796,6.758218,238.0732,3.370315,13.29885,4.988201,0.002,0.8,0.0016,3.45,1.958333,2.475,2.15,-2.41815,0.1811784999999999,33
2022-04-15 00:12:00,0.1556705999999999,6.804,238.0329,3.473647,13.30252,4.988201,0.0006666667,0.8,0.0005333332999999,3.55,1.891667,2.383333,2.066667,-2.379767,0.1825911,33
2022-04-15 00:13:00,0.1559752,6.845135,238.3079,3.360683,13.30252,4.975021,0.002666667,0.8,0.0016,3.075,1.8,2.341666,1.95,-2.274212,0.1825365999999999,33
2022-04-15 00:14:00,0.1562114,6.829492,238.6285,3.459591,13.30343,4.965607,0.003333333,0.8,0.0032,3.25,1.783333,2.333333,1.925,-2.235829,0.1817921999999999,33
2022-04-15 00:15:00,0.1561155999999999,6.818065,238.7001,3.901403,13.30343,4.965607,0.0013333329999999,0.8,0.0005333332999999,3.75,1.808333,2.358333,2.033333,-2.226233,0.1818702,33
2022-04-15 00:16:00,0.156177,6.830591,238.7853,4.015394,13.30343,4.965607,0.0013333329999999,0.8,0.001066667,3.758333,1.908333,2.416667,2.133333,-2.034317,0.1823845,33
2022-04-15 00:17:00,0.1560353999999999,6.832106,238.6796,4.09622,13.30343,4.955441,0.0013333329999999,0.8,0.0016,3.825,1.95,2.441667,2.141667,-1.880783,0.1827691999999999,33
2022-04-15 00:18:00,0.1559008,6.796944,238.3449,4.43211,13.30343,4.945274,0.002666667,0.8,0.0021333329999999,4.308333,2.008333,2.525,2.241667,-1.746441,0.1817662999999999,33
2022-04-15 00:19:00,0.1558510999999999,6.786118,238.2864,4.53023,13.30343,4.945274,0.0013333329999999,0.8,0.001066667,4.333333,2.05,2.458333,2.275,-1.592908,0.1810717,33
2022-04-15 00:20:00,0.1557534999999999,6.807185,238.2711,4.499436,13.30343,4.945274,0.003333333,0.8,0.0021333329999999,4.175,2.05,2.491667,2.241667,-1.516142,0.1819098,33
2022-04-15 00:21:00,0.1557475,6.780207,238.2416,4.566562,13.30343,4.941509,0.002,0.8,0.0021333329999999,4.358333,2.058333,2.541667,2.266667,-1.458567,0.1815896999999999,33
2022-04-15 00:22:00,0.1556892,6.801016,238.1245,4.809745,13.30343,4.922684,0.003333333,0.8,0.002666667,4.65,2.1,2.6,2.283333,-1.429779,0.1821377999999999,33
2022-04-15 00:23:00,0.1557147999999999,6.770383,238.1457,4.742459,13.30343,4.922684,0.0013333329999999,0.8,0.001066667,4.358333,2.2,2.691667,2.383333,-1.257054,0.181377,33
2022-04-15 00:24:00,0.1557215,6.795707,238.1794,5.166781,13.30252,4.922684,0.002,0.8,0.0016,4.966667,2.283333,2.766666,2.525,-1.045946,0.1818428,33
2022-04-15 00:25:00,0.1556479,6.817772,238.132,5.527859,13.30343,4.922684,0.004,0.8,0.0032,5.383333,2.433333,2.9,2.675,-1.093925,0.1824828,33
2022-04-15 00:26:00,0.1556729,6.785316,238.1763,6.067715,13.30343,4.920989,0.003333333,0.8,0.0021333329999999,5.933333,2.733333,3.25,3.066667,-1.084329,0.1816017,33
2022-04-15 00:27:00,0.1556136999999999,6.790253,238.0177,6.406347,13.30343,4.922684,0.002,0.8,0.0021333329999999,6.141666,2.941667,3.458333,3.35,-0.9691792,0.1819115,33
2022-04-15 00:28:00,0.1557475,6.783692,238.1388,6.514099,13.30297,4.922684,0.002,0.8,0.0016,6.075,3.0,3.5,3.416667,-0.7484749,0.1816329,33
2022-04-15 00:29:00,0.1557688999999999,6.787123,238.1996,6.374953,13.30343,4.922684,0.0013333329999999,0.8,0.001066667,5.733333,3.016667,3.458333,3.441667,-0.5757499,0.1818443999999999,33
2022-04-15 00:30:00,0.1558506,6.805463,238.254,6.364248,13.30343,4.922684,0.002,0.8,0.0016,5.816666,3.05,3.483333,3.491667,-0.6525167,0.1826681,33
2022-04-15 00:31:00,0.1557795999999999,6.813691,238.2038,6.30929,13.30343,4.922684,0.0013333329999999,0.8,0.001066667,5.725,3.025,3.425,3.325,-0.6237291999999999,0.1824851999999999,33
2022-04-15 00:32:00,0.1556734999999999,6.807793,238.1564,5.762212,13.30343,4.922684,0.002666667,0.8,0.0021333329999999,4.466667,2.95,3.316667,3.166667,-0.7004958,0.1827218999999999,33
2022-04-15 00:33:00,0.1555719,6.813448,238.124,5.139596,13.30343,4.922684,0.002666667,0.7833333,0.0020666669999999,3.45,2.75,3.158333,2.983333,-1.026754,0.1824302999999999,33
2022-04-15 00:34:00,0.1556208,6.804018,238.1092,4.818068,13.30343,4.924566,0.0006666667,0.7166666,0.0005333332999999,3.425,2.716666,3.108333,2.908333,-1.400992,0.1819306,33
2022-04-15 00:35:00,0.1556238,6.803864,238.1532,4.13816,13.30343,4.941509,0.002,0.7416666,0.0014,3.166667,2.675,3.058333,2.816667,-1.669675,0.1820497,33
2022-04-15 00:36:00,0.1556834,6.814791,238.0887,3.974961,13.30297,4.945274,0.003333333,0.7666667,0.002466667,3.541667,2.641667,3.041667,2.791666,-1.899975,0.1821857,33
2022-04-15 00:37:00,0.1557065,6.807922,238.1042,4.123325,13.30343,4.945274,0.004,0.7583332999999999,0.0030666669999999,3.908333,2.616667,3.066667,2.783333,-1.967146,0.1822440999999999,33
2022-04-15 00:38:00,0.1558036999999999,6.807563,238.0987,4.218634,13.30297,4.945274,0.002,0.7249999999999999,0.0014,3.916667,2.625,3.041667,2.8,-1.995933,0.1827057,33
2022-04-15 00:39:00,0.1558245,6.803634,238.1281,4.243712,13.30343,4.945274,0.002,0.7083333,0.0014,3.95,2.608333,3.016666,2.783333,-1.976742,0.1817324999999999,33
2022-04-15 00:40:00,0.1558194,6.785804,238.0649,4.402438,13.30343,4.957135,0.0013333329999999,0.6999999999999998,0.0009333333999999,4.341667,2.633333,3.05,2.783333,-1.947954,0.1820808999999999,33
2022-04-15 00:41:00,0.1557755999999999,6.808996,238.0108,4.66872,13.30252,4.965607,0.002,0.6999999999999998,0.0009333333999999,4.791667,2.675,3.058333,2.825,-1.784825,0.1820554,33
2022-04-15 00:42:00,0.1557555999999999,6.79881,238.0705,4.833358,13.30297,4.965607,0.0013333329999999,0.7083333,0.001466667,4.85,2.708333,3.083333,2.825,-1.688867,0.1822826999999999,33
2022-04-15 00:43:00,0.1558045999999999,6.838199,238.2247,4.96861,13.30343,4.965607,0.0006666667,0.6999999999999998,0.0004666666999999,4.916667,2.675,3.058333,2.758333,-1.660079,0.1826673,33
2022-04-15 00:44:00,0.1557246999999999,6.831888,238.2413,5.0931,13.30343,4.965607,0.002,0.6999999999999998,0.0009333333999999,4.941667,2.625,3.0,2.691667,-1.669675,0.1828649,33
2022-04-15 00:45:00,0.1558112,6.822598,238.2704,5.109553,13.30343,4.965607,0.0006666667,0.6999999999999998,0.0009333333999999,4.775,2.558333,2.941667,2.641667,-1.660079,0.181724,33
2022-04-15 00:46:00,0.1557645,6.829893,238.2771,5.023704,13.30343,4.965607,0.002,0.6999999999999998,0.0014,4.525,2.516667,2.883333,2.55,-1.640887,0.1830512,33
2022-04-15 00:47:00,0.1558107,6.817518,238.2505,4.663689,13.30343,4.965607,0.0,0.6999999999999998,0.0,3.808333,2.391667,2.775,2.425,-1.660079,0.1826031999999999,33
2022-04-15 00:48:00,0.1557394,6.833691,238.116,4.140097,13.30343,4.965607,0.002,0.6999999999999998,0.0014,3.283333,2.3,2.716666,2.266667,-1.880783,0.1827548,33
2022-04-15 00:49:00,0.1553904,6.786624,237.6702,3.936552,13.30343,4.965607,0.002,0.6999999999999998,0.0014,3.366667,2.275,2.708333,2.225,-2.120679,0.1818615,33
2022-04-15 00:50:00,0.155348,6.792974,237.6459,3.880631,13.30297,4.965607,0.002666667,0.6999999999999998,0.001866667,3.433333,2.216667,2.691667,2.208333,-2.255021,0.1828211999999999,33
2022-04-15 00:51:00,0.1553089,6.814936,237.7211,4.397971,13.30343,4.965607,0.002,0.6999999999999998,0.0014,4.508333,2.35,2.775,2.358333,-2.350979,0.1823471999999999,33
2022-04-15 00:52:00,0.1553635999999999,6.798813,237.8178,5.267571,13.30343,4.965607,0.002,0.6999999999999998,0.0014,5.45,2.508333,2.95,2.55,-2.207042,0.1828886,33
2022-04-15 00:53:00,0.1554278,6.806293,237.7637,5.797271,13.30343,4.965607,0.003333333,0.6999999999999998,0.0023333329999999,5.766666,2.575,3.025,2.691667,-1.823208,0.1823033,33
2022-04-15 00:54:00,0.1553088,6.802614,237.587,5.678648,13.30343,4.965607,0.002,0.6999999999999998,0.0014,5.15,2.583333,2.975,2.675,-1.554525,0.1827049,33
2022-04-15 00:55:00,0.1555309,6.807686,237.8332,5.113096,13.30343,4.965607,0.002666667,0.6999999999999998,0.001866667,4.225,2.541667,2.925,2.575,-1.420183,0.182763,33
2022-04-15 00:56:00,0.1558696,6.86799,238.3952,4.488252,13.30343,4.965607,0.0013333329999999,0.6666667,0.0008666667,3.608333,2.433333,2.8,2.45,-1.477758,0.1833729,33
2022-04-15 00:57:00,0.1560198999999999,6.862132,238.4303,3.985023,13.30343,4.963912,0.002,0.675,0.0009333333999999,3.341666,2.416667,2.708333,2.308333,-1.6121,0.1822651999999999,33
2022-04-15 00:58:00,0.1560052,6.872858,238.4756,3.647077,13.30343,4.948663,0.0,0.6666667,0.0004,3.125,2.3,2.616667,2.225,-1.784825,0.1831793999999999,33
2022-04-15 00:59:00,0.1559594,6.840819,238.4864,3.472232,13.30343,4.945274,0.004666667,0.5999999999999999,0.0028,3.075,2.266667,2.575,2.125,-1.967146,0.1832966,33
2022-04-15 01:00:00,0.1556707,6.815006,238.2252,3.483712,13.30343,4.945274,0.0013333329999999,0.6083332999999999,0.0008,3.258333,2.191667,2.458333,2.0,-2.120679,0.1826513999999999,33
2022-04-15 01:01:00,0.1553286999999999,6.790927,237.792,3.336859,13.30389,4.943392,0.002666667,0.6083332999999999,0.0016,3.041667,2.166667,2.483333,1.991667,-2.226233,0.1832024999999999,33
2022-04-15 01:02:00,0.1553195,6.798899,237.7623,2.935323,13.30343,4.924566,0.002,0.5999999999999999,0.0011999999999999,2.566667,2.1,2.441667,1.875,-2.264617,0.1824014999999999,33
2022-04-15 01:03:00,0.1554318,6.810953,237.9219,2.961446,13.30527,4.922684,0.002666667,0.5999999999999999,0.0016,2.733333,2.125,2.458333,1.916667,-2.312596,0.1833909,33
2022-04-15 01:04:00,0.1556739,6.839571,238.1423,3.087937,13.3071,4.91421,0.0013333329999999,0.5999999999999999,0.0008,2.966666,2.108333,2.45,1.95,-2.264617,0.1832051,33
2022-04-15 01:05:00,0.1559396,6.851696,238.3988,3.286377,13.30893,4.902348,0.0013333329999999,0.5999999999999999,0.0004,3.233333,2.133333,2.516667,1.983333,-2.255021,0.182422,33
2022-04-15 01:06:00,0.1558586999999999,6.821307,238.3306,3.459477,13.30893,4.891052,0.0013333329999999,0.6083332999999999,0.001266667,3.491667,2.133333,2.583333,2.041667,-2.159062,0.1829036,33
2022-04-15 01:07:00,0.1558427,6.831467,238.2079,3.702814,13.30893,4.879757,0.002,0.5999999999999999,0.0011999999999999,3.733333,2.208333,2.6,2.125,-2.034317,0.1834099999999999,33
2022-04-15 01:08:00,0.155501,6.786306,237.752,4.122915,13.30847,4.879757,0.0006666667,0.625,0.0004666666999999,4.158333,2.233333,2.658333,2.216667,-1.919167,0.1829604,33
2022-04-15 01:09:00,0.1553448,6.787244,237.7113,4.694455,13.30893,4.861119,0.0006666667,0.5999999999999999,0.0004,4.866667,2.408333,2.841666,2.4,-1.736846,0.1830411999999999,33
2022-04-15 01:10:00,0.1554199,6.796165,237.7672,5.061611,13.30893,4.857542,0.002,0.5999999999999999,0.0008,5.1,2.475,2.975,2.55,-1.506546,0.1826852999999999,33
2022-04-15 01:11:00,0.1554734999999999,6.81616,237.9133,5.176485,13.30893,4.844362,0.0006666667,0.5999999999999999,0.0008,4.958333,2.508333,2.991667,2.608333,-1.343417,0.1832091999999999,33
2022-04-15 01:12:00,0.1558929,6.863693,238.5027,5.299834,13.30985,4.83683,0.002,0.5999999999999999,0.0011999999999999,5.025,2.608333,3.116667,2.725,-1.199479,0.1831964,33
2022-04-15 01:13:00,0.1558941,6.858776,238.3736,5.377775,13.30893,4.83683,0.002,0.5999999999999999,0.0011999999999999,5.016666,2.65,3.125,2.858333,-1.132308,0.1826174,33
2022-04-15 01:14:00,0.1559822999999999,6.847024,238.4299,5.375629,13.30893,4.83683,0.002,0.5999999999999999,0.0011999999999999,5.0,2.716666,3.208333,2.916667,-1.03635,0.1827552,33
2022-04-15 01:15:00,0.155595,6.803294,237.9643,5.23905,13.30893,4.83683,0.002,0.5999999999999999,0.0011999999999999,4.841667,2.758333,3.25,2.95,-0.9403916,0.1830373,33
2022-04-15 01:16:00,0.1555428,6.818738,237.8965,5.205888,13.30893,4.835136,0.0013333329999999,0.5999999999999999,0.0008,4.841667,2.833333,3.366667,3.075,-0.8636249999999999,0.1825355999999999,33
2022-04-15 01:17:00,0.1556317999999999,6.814373,238.0337,5.123224,13.30893,4.823275,0.002666667,0.5999999999999999,0.0016,4.691667,2.808333,3.35,3.066667,-0.8924123999999999,0.1829856,33
2022-04-15 01:18:00,0.1555748,6.840537,238.0149,5.066373,13.30893,4.816498,0.002666667,0.5999999999999999,0.0011999999999999,4.716667,2.858333,3.383333,3.083333,-0.9116041,0.1829298,33
2022-04-15 01:19:00,0.1558864,6.85164,238.3922,5.534714,13.30893,4.816498,0.002,0.5999999999999999,0.0016,5.6,2.983333,3.566667,3.325,-1.017158,0.1832773,33
2022-04-15 01:20:00,0.1558741999999999,6.8392,238.4233,5.947365,13.30893,4.823275,0.0013333329999999,0.5999999999999999,0.0008,5.833333,3.025,3.625,3.425,-0.8636249999999999,0.1832741,33
2022-04-15 01:21:00,0.1559296,6.867796,238.3588,6.047947,13.30847,4.831747,0.002666667,0.5999999999999999,0.0016,5.758333,3.066667,3.616667,3.475,-0.7004958,0.1833123,33
2022-04-15 01:22:00,0.1559589,6.867313,238.3403,5.982319,13.30893,4.83683,0.002,0.5999999999999999,0.0011999999999999,5.591667,3.108333,3.675,3.483333,-0.6525167,0.1826266,33
2022-04-15 01:23:00,0.1556531999999999,6.824352,238.0397,5.814196,13.30801,4.835136,0.002,0.5999999999999999,0.0011999999999999,5.316667,3.175,3.766666,3.55,-0.6429207999999998,0.1834499,33
2022-04-15 01:24:00,0.1558055999999999,6.824468,238.1395,5.963745,13.30664,4.83683,0.0006666667,0.5999999999999999,0.0004,5.75,3.3,3.883333,3.683333,-0.6717083,0.182366,33
2022-04-15 01:25:00,0.155611,6.818665,237.9245,6.318588,13.30343,4.83683,0.002666667,0.5999999999999999,0.0016,6.225,3.341666,3.958333,3.825,-0.5853458,0.1830844,33
2022-04-15 01:26:00,0.1556554,6.838841,237.9229,6.499854,13.30343,4.83683,0.002,0.5999999999999999,0.0011999999999999,6.283333,3.35,3.958333,3.791666,-0.4701958,0.1836928999999999,33
2022-04-15 01:27:00,0.1556044,6.842041,237.9621,6.603596,13.30343,4.85001,0.003333333,0.5999999999999999,0.0016,6.4,3.383333,4.008333,3.808333,-0.4701958,0.182612,33
2022-04-15 01:28:00,0.1555841,6.850898,238.0865,6.678605,13.30343,4.859425,0.0006666667,0.5999999999999999,0.0008,6.283333,3.358333,4.008333,3.85,-0.4222167,0.1833274,33
2022-04-15 01:29:00,0.1556638999999999,6.833443,238.1119,6.652475,13.30343,4.861119,0.002,0.5999999999999999,0.0011999999999999,6.133333,3.333333,3.95,3.825,-0.4797915999999999,0.1833748,33
2022-04-15 01:30:00,0.1557876,6.874215,238.3306,6.613273,13.30343,4.879757,0.004666667,0.5999999999999999,0.0028,6.058333,3.283333,3.891667,3.766666,-0.4893874999999999,0.1831668999999999,33
2022-04-15 01:31:00,0.1556714999999999,6.846306,238.173,6.531232,13.30343,4.879757,0.002666667,0.5916666,0.0011999999999999,5.841667,3.191667,3.775,3.675,-0.5853458,0.1833705999999999,33
2022-04-15 01:32:00,0.1555972999999999,6.844731,238.0413,6.467127,13.30343,4.88917,0.002,0.5916666,0.001533333,5.783333,3.108333,3.725,3.533333,-0.6525167,0.1839692,33
2022-04-15 01:33:00,0.1557164,6.874586,238.1717,6.42104,13.30343,4.902348,0.0006666667,0.5916666,0.0004,5.825,3.141667,3.691667,3.508333,-0.7580708,0.183295,33
2022-04-15 01:34:00,0.1556416999999999,6.844385,238.0415,6.330103,13.30206,4.91421,0.0013333329999999,0.5999999999999999,0.0004,5.816666,3.2,3.658333,3.5,-0.7100916,0.1833396999999999,33
2022-04-15 01:35:00,0.1555001,6.839939,237.8231,6.235056,13.30206,4.922684,0.002666667,0.5999999999999999,0.002,5.7,3.233333,3.775,3.525,-0.6908999,0.183766,33
2022-04-15 01:36:00,0.1555062,6.838846,237.8167,6.153704,13.30114,4.937744,0.004,0.5999999999999999,0.002,5.583333,3.2,3.683333,3.416667,-0.5853458,0.1842684,33
2022-04-15 01:37:00,0.1557951999999999,6.85159,238.3184,6.045545,13.29931,4.945274,0.003333333,0.5916666,0.0023333329999999,5.425,3.15,3.616667,3.35,-0.5661540999999999,0.1839797,33
2022-04-15 01:38:00,0.1560246,6.87357,238.5829,5.953714,13.29885,4.965607,0.0013333329999999,0.5999999999999999,0.0008,5.375,3.15,3.6,3.333333,-0.7196875,0.1833803,33
2022-04-15 01:39:00,0.1560435,6.897826,238.5553,5.90819,13.29794,4.969372,0.002,0.5999999999999999,0.0008,5.466667,3.15,3.666667,3.3,-0.8348374,0.1835056999999999,33
2022-04-15 01:40:00,0.1559401,6.870766,238.5769,5.984836,13.29794,4.988201,0.002,0.5999999999999999,0.0016,5.658333,3.208333,3.716666,3.383333,-0.9499875,0.1836560999999999,33
2022-04-15 01:41:00,0.1556923,6.839311,238.0538,6.077181,13.29794,5.00345,0.003333333,0.5916666,0.002,5.741667,3.175,3.65,3.425,-1.026754,0.1838806,33
2022-04-15 01:42:00,0.1556576,6.843732,238.0011,6.044407,13.29794,5.008533,0.002666667,0.5999999999999999,0.0016,5.658333,3.116667,3.666667,3.391667,-1.055542,0.1836091,33
2022-04-15 01:43:00,0.1556661,6.839791,238.0465,6.036516,13.29794,5.029245,0.002666667,0.5333333999999998,0.0014,5.616666,3.15,3.683333,3.4,-1.017158,0.1832819,33
2022-04-15 01:44:00,0.1556114,6.849808,238.0335,6.135126,13.29794,5.037905,0.004,0.525,0.0021333329999999,5.791667,3.233333,3.75,3.425,-0.978775,0.1836871999999999,33
2022-04-15 01:45:00,0.1558919,6.875933,238.3549,6.372789,13.29794,5.05146,0.002,0.5,0.0006666667,6.108333,3.25,3.766666,3.5,-1.017158,0.1841349999999999,33
2022-04-15 01:46:00,0.1560190999999999,6.876063,238.6014,6.552639,13.29794,5.066521,0.003333333,0.5,0.0016666669999999,6.2,3.241667,3.783333,3.533333,-0.9403916,0.1838015,33
2022-04-15 01:47:00,0.1560584,6.885235,238.6866,6.577837,13.2961,5.085348,0.004,0.5,0.0023333329999999,6.241667,3.208333,3.766666,3.5,-0.9595833,0.1835411,33
2022-04-15 01:48:00,0.1561369,6.908812,238.7808,6.552718,13.29794,5.096645,0.003333333,0.5,0.0016666669999999,6.133333,3.183333,3.716666,3.433333,-0.9307957,0.183749,33
2022-04-15 01:49:00,0.1556946999999999,6.837678,238.1125,6.52512,13.29748,5.111895,0.004,0.5,0.002,6.008333,3.233333,3.791666,3.45,-0.9116041,0.1835295999999999,33
2022-04-15 01:50:00,0.1555913999999999,6.826437,237.9214,6.517536,13.2961,5.120743,0.002666667,0.5,0.001,6.025,3.241667,3.775,3.45,-1.017158,0.1841303,33
2022-04-15 01:51:00,0.1554924,6.827639,237.9959,6.550583,13.29702,5.139572,0.003333333,0.5,0.002,6.066666,3.291666,3.816667,3.45,-1.03635,0.1837389,33
2022-04-15 01:52:00,0.1556805,6.872699,238.1768,6.552612,13.2961,5.148044,0.002666667,0.5,0.0013333329999999,5.983333,3.333333,3.891667,3.508333,-1.065138,0.1842148999999999,33
2022-04-15 01:53:00,0.156059,6.905226,238.6223,6.616704,13.29519,5.16367,0.0013333329999999,0.5,0.0003333333999999,6.091667,3.341666,3.916667,3.6,-1.084329,0.1840489999999999,33
2022-04-15 01:54:00,0.155958,6.908115,238.6405,6.710371,13.29473,5.182495,0.0006666667,0.4916666,0.0006666667,6.141666,3.391667,3.891667,3.633333,-1.113117,0.1842356,33
2022-04-15 01:55:00,0.1559307,6.895857,238.6375,6.817231,13.2929,5.190969,0.004666667,0.5,0.002,6.541667,3.508333,3.95,3.625,-1.093925,0.1842125,33
2022-04-15 01:56:00,0.1557323999999999,6.857873,238.3639,6.874692,13.29244,5.202831,0.002666667,0.5,0.0016666669999999,6.6,3.433333,3.925,3.6,-0.8636249999999999,0.1839843999999999,33
2022-04-15 01:57:00,0.1554993,6.847009,238.126,7.02605,13.29244,5.221657,0.004,0.5,0.002,6.616666,3.566667,4.025,3.716666,-0.7580708,0.1836394,33
2022-04-15 01:58:00,0.1556161,6.843456,238.2012,7.093238,13.29244,5.225422,0.004666667,0.4916666,0.002,6.591667,3.566667,4.041667,3.758333,-0.7004958,0.1841403,33
2022-04-15 01:59:00,0.1555996,6.861512,238.1297,6.99732,13.29244,5.245754,0.002,0.5,0.0013333329999999,6.316666,3.55,4.083333,3.75,-0.5469623999999998,0.1841424,33
2022-04-15 02:00:00,0.1557066,6.881544,238.4162,6.836433,13.29244,5.264583,0.004666667,0.5,0.0023333329999999,5.908333,3.491667,3.991667,3.683333,-0.5853458,0.1843807,33
2022-04-15 02:01:00,0.1559079999999999,6.873203,238.5697,6.699368,13.29152,5.275879,0.002,0.5,0.001,5.683333,3.45,3.9,3.625,-0.8732206999999998,0.1834479,33
2022-04-15 02:02:00,0.1560433,6.913783,238.6606,6.63976,13.29244,5.292634,0.0013333329999999,0.5,0.0006666667,5.691666,3.4,3.8,3.533333,-1.199479,0.1842089,33
2022-04-15 02:03:00,0.1554798,6.849143,238.1271,6.576321,13.29244,5.311275,0.003333333,0.5,0.0016666669999999,5.791667,3.433333,3.85,3.483333,-1.410587,0.1842668,33
2022-04-15 02:04:00,0.1553760999999999,6.830846,237.9177,6.546737,13.29244,5.318806,0.0013333329999999,0.5,0.0006666667,5.816666,3.391667,3.725,3.425,-1.535333,0.1846250999999999,33
2022-04-15 02:05:00,0.1554387,6.890018,237.8743,6.506827,13.29198,5.333866,0.002666667,0.5,0.001,5.758333,3.341666,3.7,3.366667,-1.660079,0.1845287999999999,33
2022-04-15 02:06:00,0.1554088999999999,6.848161,237.9001,6.554406,13.29244,5.35081,0.0006666667,0.5,0.0006666667,5.916667,3.425,3.708333,3.358333,-1.784825,0.183999,33
2022-04-15 02:07:00,0.1555608,6.836586,238.0074,6.771963,13.29244,5.357964,0.004,0.5583333,0.0022,6.258333,3.466666,3.725,3.391667,-1.746441,0.1831076,33
2022-04-15 02:08:00,0.1555180999999999,6.860432,238.0606,6.767922,13.29244,5.376793,0.003333333,0.5999999999999999,0.0016,6.133333,3.466666,3.7,3.35,-1.698462,0.1844185999999999,33
2022-04-15 02:09:00,0.1556063,6.889418,238.0725,6.742482,13.29152,5.392042,0.0013333329999999,0.5999999999999999,0.0011999999999999,6.1,3.558333,3.733333,3.325,-1.775229,0.1842797999999999,33
2022-04-15 02:10:00,0.1558215,6.918766,238.5361,6.719025,13.29244,5.397125,0.0,0.5999999999999999,0.0,6.116666,3.55,3.683333,3.283333,-1.736846,0.1846168,33
2022-04-15 02:11:00,0.1559030999999999,6.914997,238.551,6.700912,13.28923,5.41972,0.002666667,0.5999999999999999,0.0016,6.066666,3.525,3.666667,3.233333,-1.708058,0.1847217999999999,33
2022-04-15 02:12:00,0.1557775999999999,6.889472,238.5227,6.65933,13.29198,5.436663,0.002,0.5999999999999999,0.0011999999999999,6.066666,3.55,3.616667,3.2,-1.708058,0.1839208,33
2022-04-15 02:13:00,0.155414,6.84296,238.0165,6.564722,13.29106,5.441935,0.002,0.5999999999999999,0.0011999999999999,5.958333,3.416667,3.5,3.058333,-1.602504,0.1843085999999999,33
2022-04-15 02:14:00,0.1555372999999999,6.883085,238.0542,6.453016,13.29106,5.455112,0.002,0.5999999999999999,0.0011999999999999,5.875,3.366667,3.416667,2.975,-1.554525,0.1841152,33
2022-04-15 02:15:00,0.155345,6.855412,237.8761,6.361792,13.29061,5.464525,0.0013333329999999,0.5999999999999999,0.0008,5.716667,3.266666,3.316667,2.916667,-1.564121,0.1840587999999999,33
2022-04-15 02:16:00,0.1554416,6.904155,237.9632,6.304938,13.29106,5.483354,0.002,0.55,0.0006666667,5.591667,3.191667,3.266666,2.841666,-1.708058,0.1846015,33
2022-04-15 02:17:00,0.1557928,6.897079,238.3671,6.346073,13.29152,5.485237,0.0013333329999999,0.5,0.001,5.85,3.266666,3.358333,2.875,-1.938358,0.1845005999999999,33
2022-04-15 02:18:00,0.1554417999999999,6.824106,237.9046,6.421956,13.29198,5.500486,0.004,0.5,0.0016666669999999,5.933333,3.316667,3.333333,2.866667,-1.976741,0.1843866999999999,33
2022-04-15 02:19:00,0.1554542999999999,6.866724,237.9728,6.384927,13.29244,5.505569,0.002666667,0.5,0.0016666669999999,5.766666,3.2,3.258333,2.783333,-1.928762,0.1839677999999999,33
2022-04-15 02:20:00,0.1552997,6.852185,237.8888,6.340467,13.29244,5.522512,0.003333333,0.5,0.0016666669999999,5.65,3.2,3.258333,2.741667,-1.95755,0.1841943,33
2022-04-15 02:21:00,0.1554989,6.854068,238.0157,6.303282,13.29244,5.52816,0.002,0.5,0.001,5.725,3.225,3.191667,2.7,-1.986337,0.1844880999999999,33
2022-04-15 02:22:00,0.1554655,6.875784,238.0843,6.273304,13.29152,5.52816,0.0006666667,0.5,0.0003333333999999,5.791667,3.183333,3.208333,2.691667,-1.986337,0.1840794,33
2022-04-15 02:23:00,0.1553885999999999,6.885065,238.0377,6.274525,13.29106,5.545107,0.0013333329999999,0.525,0.0006666667,5.775,3.141667,3.175,2.641667,-1.95755,0.1845721999999999,33
2022-04-15 02:24:00,0.1553053,6.884491,237.9375,6.235794,13.29198,5.548496,0.003333333,0.5916666,0.0016,5.658333,3.1,3.166667,2.633333,-1.995933,0.1841509,33
2022-04-15 02:25:00,0.1548667,6.788235,237.1132,6.2001,13.29198,5.548496,0.0013333329999999,0.5999999999999999,0.0011999999999999,5.733333,3.091666,3.141667,2.616667,-2.091892,0.1836384,33
2022-04-15 02:26:00,0.1547118,6.797775,237.0997,6.219757,13.29152,5.556026,0.0,0.5416667,0.0,5.824999,3.108333,3.191667,2.666667,-2.0727,0.184539,33
2022-04-15 02:27:00,0.1549729,6.8346,237.3255,6.354711,13.29152,5.571087,0.002,0.5,0.001,6.0,3.166667,3.2,2.666667,-1.967146,0.1841459,33
2022-04-15 02:28:00,0.1548745,6.80271,237.3634,6.555215,13.29244,5.571087,0.003333333,0.5,0.0013333329999999,6.325,3.241667,3.225,2.716666,-1.928762,0.1839995,33
2022-04-15 02:29:00,0.1546268,6.796227,236.9048,6.627982,13.29244,5.571087,0.002,0.5,0.0013333329999999,6.25,3.183333,3.191667,2.691667,-1.851996,0.1841565,33
2022-04-15 02:30:00,0.1545717,6.786399,236.8498,6.568773,13.29244,5.571087,0.003333333,0.5,0.0016666669999999,6.016666,3.1,3.225,2.725,-1.832804,0.1843934,33
2022-04-15 02:31:00,0.1545516999999999,6.805953,236.8684,6.551466,13.29244,5.574476,0.002,0.5,0.001,6.041666,3.091666,3.216666,2.766666,-1.880783,0.1841378999999999,33
2022-04-15 02:32:00,0.1545569,6.76912,236.8067,6.541983,13.29244,5.591419,0.003333333,0.5,0.0016666669999999,6.05,3.05,3.233333,2.758333,-1.95755,0.1843694999999999,33
2022-04-15 02:33:00,0.1546884,6.805925,236.8621,6.492754,13.29244,5.591419,0.0006666667,0.5,0.0003333333999999,6.0,3.066667,3.191667,2.716666,-2.005529,0.1834899,33
2022-04-15 02:34:00,0.1545059,6.764148,236.7435,6.458506,13.29244,5.591419,0.0013333329999999,0.5,0.0006666667,5.925,3.05,3.175,2.733333,-1.967146,0.184499,33
2022-04-15 02:35:00,0.1544639999999999,6.770374,236.5642,6.427109,13.29244,5.591419,0.0013333329999999,0.5,0.0006666667,5.975,3.083333,3.141667,2.725,-2.034317,0.1849464,33
2022-04-15 02:36:00,0.1544246,6.803174,236.5912,6.378582,13.29244,5.591419,0.0013333329999999,0.5,0.0003333333999999,6.125,3.15,3.225,2.725,-1.995933,0.184793,33
2022-04-15 02:37:00,0.1548388,6.839586,236.9832,6.42996,13.29244,5.591419,0.003333333,0.4833333,0.001933333,6.458333,3.25,3.275,2.8,-1.813612,0.184584,33
2022-04-15 02:38:00,0.1550296999999999,6.85113,237.3836,6.512141,13.29244,5.600833,0.003333333,0.4333332999999999,0.0011999999999999,6.375,3.241667,3.325,2.85,-1.554525,0.1846751,33
2022-04-15 02:39:00,0.1549592999999999,6.831811,237.3448,6.516024,13.29244,5.614014,0.0006666667,0.4,0.0005333332999999,6.208333,3.308333,3.4,2.883333,-1.448971,0.184044,33
2022-04-15 02:40:00,0.1548588999999999,6.819947,237.1407,6.582372,13.29244,5.614014,0.0006666667,0.4,0.0002666667,6.416667,3.316667,3.433333,3.016666,-1.324225,0.1837619,33
2022-04-15 02:41:00,0.1546984,6.820472,236.8794,6.56525,13.29244,5.614014,0.003333333,0.4,0.001066667,6.308333,3.283333,3.458333,3.008333,-1.400992,0.1842969999999999,33
2022-04-15 02:42:00,0.1546517,6.783512,236.787,6.525299,13.29244,5.614014,0.002,0.4,0.001066667,6.15,3.208333,3.441667,3.016667,-1.391396,0.1842883999999999,33
2022-04-15 02:43:00,0.1546375999999999,6.811914,236.8959,6.504608,13.29244,5.614014,0.003333333,0.4,0.001066667,6.083333,3.225,3.466666,3.016666,-1.477758,0.1843594,33
2022-04-15 02:44:00,0.154729,6.804942,236.9446,6.526011,13.29244,5.614014,0.003333333,0.4,0.0016,6.283333,3.291667,3.483333,3.025,-1.592908,0.1842815999999999,33
2022-04-15 02:45:00,0.1547669999999999,6.797055,236.9993,6.762873,13.29244,5.629074,0.002,0.4,0.0005333332999999,6.758333,3.441667,3.591666,3.1,-1.525737,0.1847254,33
2022-04-15 02:46:00,0.1545579,6.812759,236.9761,7.086918,13.29244,5.636604,0.0013333329999999,0.4,0.0008,7.216667,3.708333,3.766666,3.2,-1.343417,0.1843519999999999,33
2022-04-15 02:47:00,0.1546484999999999,6.811355,237.0091,7.240133,13.29244,5.636604,0.002,0.4,0.0008,7.191666,3.675,3.758333,3.183333,-1.03635,0.1843735,33
2022-04-15 02:48:00,0.1545551,6.825499,237.0314,7.270769999999998,13.29244,5.636604,0.002,0.4,0.0008,7.091667,3.741667,3.766666,3.183333,-0.8828166,0.185335,33
2022-04-15 02:49:00,0.1543989,6.826693,236.86,7.188118,13.29244,5.636604,0.0006666667,0.4,0.0002666667,6.699999,3.641667,3.725,3.166667,-0.8540290999999999,0.1847524999999999,33
2022-04-15 02:50:00,0.1549346,6.818944,237.325,7.079085,13.29198,5.636604,0.002,0.4,0.0008,6.425,3.6,3.716666,3.158333,-0.8444333,0.1850470999999999,33
2022-04-15 02:51:00,0.1549152,6.837781,237.2183,7.038888,13.29244,5.648467,0.0006666667,0.4,0.0002666667,6.475,3.633333,3.741667,3.283333,-0.9595833,0.1845536,33
2022-04-15 02:52:00,0.1549845,6.869682,237.3297,7.04805,13.29244,5.65694,0.003333333,0.4,0.001066667,6.65,3.691667,3.766666,3.291666,-0.978775,0.1840589,33
2022-04-15 02:53:00,0.1548911,6.832523,237.1905,7.127873,13.28923,5.65694,0.002,0.4,0.001066667,6.9,3.791667,3.833333,3.291667,-0.9499875,0.1852496999999999,33
2022-04-15 02:54:00,0.1544325,6.782797,236.6859,7.221221,13.29061,5.65694,0.0,0.4,0.0,7.058333,3.991667,3.975,3.416667,-0.9595833,0.1845252,33
2022-04-15 02:55:00,0.1542659999999999,6.771962,236.6319,7.234882,13.29015,5.666353,0.002666667,0.4,0.001066667,6.925,4.116666,4.066667,3.491667,-0.9403916,0.1843235,33
2022-04-15 02:56:00,0.1542138,6.786688,236.5461,7.308576999999999,13.28831,5.679531,0.004,0.4,0.0016,7.091667,4.175,4.1,3.583333,-0.9307957,0.1852003,33
2022-04-15 02:57:00,0.1542774,6.774374,236.4749,7.290767,13.28831,5.679531,0.002,0.4,0.0008,6.866667,4.125,4.108333,3.6,-0.9116041,0.1850444,33
2022-04-15 02:58:00,0.1543873,6.817106,236.4952,7.302489999999999,13.28694,5.699863,0.002,0.4,0.0008,6.875,4.141667,4.1,3.641667,-0.9403916,0.1851859999999999,33
2022-04-15 02:59:00,0.1544599999999999,6.788091,236.5664,7.272566999999999,13.28694,5.699863,0.002,0.4,0.0005333332999999,6.825,4.141666,4.141666,3.675,-1.007563,0.184626,33
2022-04-15 03:00:00,0.1544380999999999,6.784274,236.5163,7.25695,13.28694,5.714926,0.0013333329999999,0.4,0.0008,6.833333,4.341667,4.283333,3.741667,-1.209075,0.1850057,33
2022-04-15 03:01:00,0.1542668,6.787458,236.4111,7.363481,13.28694,5.722458,0.002,0.4,0.0008,7.041666,4.383333,4.3,3.766666,-1.247458,0.1846472,33
2022-04-15 03:02:00,0.1543826,6.794081,236.4678,7.411186,13.28694,5.736013,0.002666667,0.4,0.001066667,6.858333,4.358333,4.308333,3.791667,-1.189883,0.1840852,33
2022-04-15 03:03:00,0.1544436999999999,6.786727,236.6096,7.355972,13.28694,5.74279,0.002666667,0.4,0.001066667,6.733334,4.333333,4.341667,3.883333,-1.141904,0.1844721,33
2022-04-15 03:04:00,0.1546192,6.825794,236.922,7.328576,13.28694,5.750322,0.003333333,0.4,0.0013333329999999,6.725,4.3,4.316667,3.866667,-1.180287,0.1850233,33
2022-04-15 03:05:00,0.154457,6.817184,236.6752,7.302276,13.28694,5.765385,0.003333333,0.3916666999999999,0.001066667,6.741667,4.208333,4.275,3.866667,-1.333821,0.1852901999999999,33
2022-04-15 03:06:00,0.1540979,6.777636,236.3248,7.22888,13.28648,5.786093,0.003333333,0.3916666999999999,0.0013333329999999,6.583333,4.183333,4.258334,3.808333,-1.516142,0.1841718,33
2022-04-15 03:07:00,0.1542221,6.789332,236.1901,7.188006,13.28373,5.787975,0.002,0.4,0.001066667,6.633333,4.275,4.35,3.916667,-1.6121,0.1850591,33
2022-04-15 03:08:00,0.1541144,6.77692,236.2775,7.357180999999998,13.28465,5.808308,0.002,0.4,0.0005333332999999,6.825,4.458333,4.491666,4.133333,-1.698462,0.1843365999999999,33
2022-04-15 03:09:00,0.1543604,6.803442,236.4294,7.555557,13.28465,5.815838,0.003333333,0.4,0.0016,7.283333,4.55,4.641667,4.2,-1.554525,0.1844305,33
2022-04-15 03:10:00,0.1543255,6.783339,236.4165,7.618988,13.28144,5.830898,0.0006666667,0.4,0.0002666667,7.183333,4.566667,4.65,4.225,-1.324225,0.1841059999999999,33
2022-04-15 03:11:00,0.1542447999999999,6.775824,236.4376,7.54484,13.28144,5.839373,0.002,0.4,0.0005333332999999,6.983333,4.566667,4.683333,4.216667,-1.247458,0.1847960999999999,33
2022-04-15 03:12:00,0.1541908999999999,6.814665,236.3889,7.605537,13.28144,5.853121,0.003333333,0.4,0.0016,7.208332999999999,4.583333,4.7,4.258334,-1.189883,0.18497,33
2022-04-15 03:13:00,0.1543032,6.764389,236.4171,7.776371,13.28144,5.873829,0.004,0.4,0.0013333329999999,7.433333,4.666667,4.741667,4.358333,-1.209075,0.1845812,33
2022-04-15 03:14:00,0.1542921999999999,6.826448,236.4424,8.119199999999998,13.28144,5.885124,0.002,0.4,0.001066667,7.783333,4.816667,4.983333,4.633333,-1.065138,0.1859051999999999,33
2022-04-15 03:15:00,0.1543137,6.817291,236.5101,8.341298999999998,13.28144,5.903197,0.002,0.4,0.0005333332999999,8.008333,5.008333,5.208333,4.891667,-0.8828166,0.1854653,33
2022-04-15 03:16:00,0.1546486,6.842177,236.9867,8.448636999999998,13.28144,5.916752,0.004,0.375,0.001733333,7.958332999999999,5.091667,5.358333,5.1,-0.6045375,0.1849393,33
2022-04-15 03:17:00,0.1544792,6.804133,236.7805,8.462849,13.28144,5.93746,0.003333333,0.3499999999999999,0.0008,7.949999,5.175,5.408333,5.208333,-0.3934290999999999,0.1854435,33
2022-04-15 03:18:00,0.1542907,6.804234,236.5284,8.495807,13.28099,5.956293,0.002666667,0.3166667,0.001066667,7.925,5.166667,5.441666,5.233334,-0.2878749999999999,0.1851531999999999,33
2022-04-15 03:19:00,0.154257,6.791925,236.4946,8.523602,13.27824,5.978508,0.002666667,0.3166667,0.0008,8.074999999999998,5.266667,5.516666,5.316667,-0.4222167,0.1848525,33
2022-04-15 03:20:00,0.154313,6.805001,236.4529,8.640793999999998,13.27595,6.004864,0.002666667,0.3083332999999999,0.0008,8.166667,5.3,5.6,5.433333,-0.5277707999999999,0.1851830999999999,33
2022-04-15 03:21:00,0.1541944,6.81312,236.4533,8.780756999999998,13.27595,6.025572,0.002,0.325,0.0005999999999999,8.375,5.425,5.708333,5.6,-0.5661540999999999,0.1852764,33
2022-04-15 03:22:00,0.1543569999999999,6.803083,236.5888,8.887470999999998,13.2755,6.05287,0.0006666667,0.3166667,0.0002,8.391666,5.541666,5.833333,5.775,-0.5949415999999998,0.185033,33
2022-04-15 03:23:00,0.1542167,6.793831,236.4205,8.853248,13.27553,6.081301,0.0013333329999999,0.2999999999999999,0.0004,8.266666,5.533333,5.825,5.758333,-0.6237291999999999,0.1850419,33
2022-04-15 03:24:00,0.1544912,6.839323,236.7322,8.935122,13.27238,6.105778,0.0013333329999999,0.2999999999999999,0.0004,8.408334,5.708333,5.958333,5.883333,-0.7292832999999999,0.1855686,33
2022-04-15 03:25:00,0.1546182,6.834167,236.8935,9.058635,13.27151,6.139288,0.003333333,0.3083332999999999,0.001066667,8.541667,5.85,6.2,6.133333,-0.7388791,0.1851752999999999,33
2022-04-15 03:26:00,0.1548629,6.866745,237.3438,9.090119,13.27016,6.168091,0.0013333329999999,0.2999999999999999,0.0004,8.5,5.925,6.266666,6.258333,-0.6141332999999999,0.1852988,33
2022-04-15 03:27:00,0.1548813,6.859893,237.3537,9.028005,13.27021,6.19916,0.0,0.3083332999999999,0.0,8.408334,5.975,6.291667,6.283333,-0.5565583,0.1853151,33
2022-04-15 03:28:00,0.1545279,6.814228,236.8727,9.025795,13.26977,6.231918,0.002,0.2999999999999999,0.0004,8.425,6.091667,6.433333,6.416667,-0.6525167,0.1850022,33
2022-04-15 03:29:00,0.1541703,6.778158,236.4306,9.076068,13.26843,6.270325,0.002666667,0.2999999999999999,0.001,8.5,6.158333,6.525,6.541667,-0.6141332999999999,0.1854463,33
2022-04-15 03:30:00,0.1540603,6.794513,236.3764,9.205539000000002,13.26478,6.306288,0.0006666667,0.3083332999999999,0.0002,8.724999,6.266666,6.616666,6.65,-0.6141332999999999,0.1852033999999999,33
2022-04-15 03:31:00,0.1540479999999999,6.790587,236.2684,9.307387,13.26481,6.343751,0.0006666667,0.2999999999999999,0.0002,8.783334,6.25,6.566666,6.633333,-0.6045374,0.1857776999999999,33
2022-04-15 03:32:00,0.1541086,6.831197,236.4461,9.267804000000002,13.26483,6.394585,0.003333333,0.3166667,0.001,8.733334,6.341667,6.716667,6.775,-0.5949415999999998,0.1857519,33
2022-04-15 03:33:00,0.1543383,6.836874,236.7355,9.393167,13.26438,6.444288,0.003333333,0.3166667,0.001066667,8.891667,6.541666,6.908333,6.983333,-0.7196875,0.1861009,33
2022-04-15 03:34:00,0.1543817,6.845702,236.8062,9.34681,13.25936,6.484013,0.003333333,0.325,0.001133333,8.716666,6.508333,6.883333,6.983333,-0.6141332999999999,0.1849926,33
2022-04-15 03:35:00,0.1544056,6.861514,236.8289,9.266734,13.25937,6.526941,0.002,0.3583333,0.0004,8.666667,6.566666,7.008333,7.1,-0.6141332999999999,0.1851635,33
2022-04-15 03:36:00,0.1539852999999999,6.784218,236.3213,9.245785,13.25938,6.570805,0.002,0.3583333,0.001,8.691667,6.691666,7.074999,7.199999,-0.5757499,0.1864584,33
2022-04-15 03:37:00,0.1537536999999999,6.791903,236.0193,9.303178,13.2592,6.616366,0.002,0.3833332999999999,0.0007333332999999,8.766666,6.8,7.15,7.266666,-0.6141332999999999,0.185251,33
2022-04-15 03:38:00,0.153948,6.793705,236.0659,9.352836000000002,13.25895,6.659859,0.0013333329999999,0.3916666999999999,0.0005333332999999,8.816667,6.808333,7.15,7.3,-0.5661540999999999,0.1849865,33
2022-04-15 03:39:00,0.1538991,6.791565,236.0321,9.341856000000002,13.25551,6.710876,0.002,0.4,0.0008,8.8,6.883333,7.233333,7.4,-0.5757499,0.1856822999999999,33
2022-04-15 03:40:00,0.1539503,6.809216,236.0919,9.363244000000002,13.25311,6.753053,0.002666667,0.4,0.001066667,8.816667,6.933333,7.275,7.408333,-0.5469623999999998,0.1857024999999999,33
2022-04-15 03:41:00,0.1537876,6.789785,236.0495,9.306294,13.25283,6.803507,0.002,0.3916666999999999,0.0008,8.683332999999998,6.866667,7.2,7.341667,-0.5949415999999998,0.1862814999999999,33
2022-04-15 03:42:00,0.1538429,6.794358,236.042,9.316422,13.25278,6.850767,0.0013333329999999,0.4,0.0002666667,8.75,6.941666,7.266666,7.366666999999999,-0.6525167,0.1851787,33
2022-04-15 03:43:00,0.1539425,6.792464,236.1369,9.494102,13.25169,6.893125,0.004666667,0.4,0.0021333329999999,8.925,7.016666,7.4,7.525,-0.7196875,0.1856829,33
2022-04-15 03:44:00,0.1541320999999999,6.84999,236.3648,9.502633,13.24977,6.940195,0.002666667,0.4,0.001066667,8.849999,7.05,7.408333,7.508333,-0.6621124999999999,0.1862978,33
2022-04-15 03:45:00,0.1543883,6.834004,236.6769,9.437648,13.24694,6.988956,0.002666667,0.3916666999999999,0.001066667,8.766666,7.083333,7.458332999999999,7.558333,-0.6525167,0.1864987999999999,33
2022-04-15 03:46:00,0.1542386,6.846099,236.6375,9.43443,13.24683,7.038471,0.003333333,0.4,0.0013333329999999,8.766666,7.008333,7.341667,7.425,-0.6717083,0.1861151,33
2022-04-15 03:47:00,0.1539816,6.813667,236.2877,9.358387,13.24679,7.086104,0.0013333329999999,0.3916666999999999,0.0005333332999999,8.675,6.975,7.325,7.358333,-0.7100916,0.1860014999999999,33
2022-04-15 03:48:00,0.1538677,6.811933,236.1191,9.275906,13.24668,7.132982,0.002666667,0.4,0.001066667,8.633333,7.05,7.383333,7.433333,-0.8348374,0.1853191999999999,33
2022-04-15 03:49:00,0.1539953,6.792244,236.1607,9.366695,13.24528,7.178546,0.002666667,0.3916666999999999,0.0008,8.849999,7.158333,7.533333,7.558333,-0.9307957,0.185957,33
2022-04-15 03:50:00,0.1538082,6.788693,236.0444,9.498812,13.24201,7.224293,0.0006666667,0.3916666999999999,0.0005333332999999,8.974999,7.275,7.583332999999999,7.675,-0.8924123999999999,0.1859097999999999,33
2022-04-15 03:51:00,0.1537143,6.804369,236.0106,9.483691,13.24105,7.269669,0.004,0.4,0.0016,8.925,7.275,7.616666,7.683333,-0.7868583,0.1857161,33
2022-04-15 03:52:00,0.1538345,6.797527,236.0785,9.437621,13.24102,7.316735,0.002,0.4,0.0005333332999999,8.891667,7.291667,7.666667,7.733334,-0.7772624,0.185949,33
2022-04-15 03:53:00,0.1539307,6.82485,236.1282,9.472518,13.24097,7.365309,0.002666667,0.3916666999999999,0.001266667,8.916667,7.325,7.75,7.791667,-0.8348374,0.1851787,33
2022-04-15 03:54:00,0.1539389999999999,6.805248,236.0707,9.46627,13.24096,7.413883,0.002,0.3666667,0.0007333332999999,8.991666999999998,7.483333,7.858333,7.883333,-0.8252416,0.185747,33
2022-04-15 03:55:00,0.1537834999999999,6.78985,235.8256,9.442311,13.23863,7.459631,0.002666667,0.3416666999999999,0.001066667,8.908334,7.408333,7.766666,7.783333,-0.8348374,0.1853667,33
2022-04-15 03:56:00,0.1536872,6.782944,235.772,9.465563,13.23587,7.50576,0.002,0.3083332999999999,0.0004,8.941667,7.491666,7.833332999999999,7.849999999999999,-0.9020083,0.1854739,33
2022-04-15 03:57:00,0.1537384,6.800492,235.89,9.436271,13.23538,7.551132,0.0013333329999999,0.325,0.0004,8.933332999999998,7.508333,7.883333,7.908333,-0.9403916,0.1867795999999999,33
2022-04-15 03:58:00,0.153839,6.823415,236.0865,9.537108000000002,13.23507,7.595378,0.002666667,0.3083332999999999,0.001,9.166667,7.675,8.033334,8.066667,-0.9403916,0.1860909,33
2022-04-15 03:59:00,0.153699,6.819784,235.905,9.596056,13.23491,7.642443,0.002666667,0.3166667,0.0009333333999999,9.208333,7.741666999999999,8.116666,8.15,-0.9499875,0.1860017999999999,33
2022-04-15 04:00:00,0.1536943,6.823931,235.941,9.637673,13.23497,7.687065999999998,0.004,0.2999999999999999,0.001,9.308333,7.766666,8.183332999999998,8.216666,-0.9020083,0.185747,33
2022-04-15 04:01:00,0.1536229,6.780575,235.8527,9.627557,13.23498,7.732437,0.002666667,0.2999999999999999,0.001,9.233333,7.816665999999999,8.208332999999998,8.241666,-0.8636249999999999,0.1856132,33
2022-04-15 04:02:00,0.1536965999999999,6.795639,235.8374,9.564472,13.23411,7.778750999999998,0.002666667,0.2999999999999999,0.0005999999999999,9.25,7.875,8.208332999999998,8.25,-0.9212,0.1851573,33
2022-04-15 04:03:00,0.1536482999999999,6.788016,235.8419,9.526429,13.23211,7.822432,0.003333333,0.2999999999999999,0.001,9.258333,7.991666,8.366666999999998,8.333332999999998,-0.9883708,0.1862499,33
2022-04-15 04:04:00,0.1534913,6.783143,235.6819,9.553685,13.22913,7.86686,0.0013333329999999,0.2999999999999999,0.0005999999999999,9.316667,8.066667,8.425,8.441667,-0.9979666,0.18525,33
2022-04-15 04:05:00,0.1536079999999999,6.773765,235.6995,9.553244,13.22891,7.910542999999999,0.0013333329999999,0.2999999999999999,0.0002,9.349999,8.074999999999998,8.416667,8.383333,-0.9499874,0.1856416999999999,33
2022-04-15 04:06:00,0.1534660999999999,6.787875,235.6055,9.518794,13.2288,7.954971999999999,0.002,0.2999999999999999,0.0008,9.308333,8.074999999999998,8.449999999999998,8.358334,-0.978775,0.1866574,33
2022-04-15 04:07:00,0.1535391,6.813896,235.6314,9.573227,13.22854,7.996771,0.0013333329999999,0.2999999999999999,0.0004,9.425,8.175,8.574999999999998,8.466666,-1.007563,0.186424,33
2022-04-15 04:08:00,0.1535495,6.7825,235.6314,9.632582,13.22849,8.037812,0.0013333329999999,0.2999999999999999,0.0004,9.483334,8.191667,8.583332999999998,8.466666,-1.026754,0.1863403999999999,33
2022-04-15 04:09:00,0.1534354,6.77429,235.3725,9.611455,13.22834,8.07923,0.002666667,0.2916667,0.0008,9.5,8.25,8.608333,8.474999,-0.9979666,0.18626,33
2022-04-15 04:10:00,0.1534417999999999,6.779717,235.3741,9.546172,13.22688,8.120464999999998,0.003333333,0.2999999999999999,0.0008,9.358334,8.15,8.516666,8.408334,-1.007563,0.1861840999999999,33
2022-04-15 04:11:00,0.1534143,6.761339,235.4135,9.58824,13.2213,8.159810999999998,0.002,0.2916667,0.0008,9.441667,8.241666,8.599999,8.441667,-1.084329,0.186041,33
2022-04-15 04:12:00,0.1535150999999999,6.776329,235.3828,9.687445,13.22303,8.203117,0.002,0.2999999999999999,0.0004,9.566667,8.258333,8.599999,8.441667,-1.132308,0.1857271,33
2022-04-15 04:13:00,0.153387,6.763617,235.2715,9.802251,13.22254,8.237192,0.0013333329999999,0.2999999999999999,0.0005999999999999,9.666667,8.258333,8.625,8.441667,-1.113117,0.1856252999999999,33
2022-04-15 04:14:00,0.1534683,6.780689,235.3719,9.769235,13.22244,8.278046,0.0006666667,0.2999999999999999,0.0002,9.533334,8.183332999999998,8.5,8.383333,-1.113117,0.1864252,33
2022-04-15 04:15:00,0.1532739999999999,6.769434,235.243,9.728621,13.22241,8.319091,0.002,0.2999999999999999,0.0005999999999999,9.474999,8.183332999999998,8.466666,8.333332999999998,-1.122712,0.1867611,33
2022-04-15 04:16:00,0.1531646999999999,6.741695,235.2059,9.743474,13.22235,8.356743,0.002666667,0.2999999999999999,0.0005999999999999,9.45,8.15,8.491666999999998,8.349999999999998,-1.199479,0.1858200999999999,33
2022-04-15 04:17:00,0.1532014999999999,6.764681,235.2294,9.725465,13.22231,8.396278,0.0006666667,0.2999999999999999,0.0004,9.416667,8.158334,8.449999999999998,8.333332999999998,-1.170692,0.1863201999999999,33
2022-04-15 04:18:00,0.1533596,6.78555,235.3726,9.674968,13.22228,8.431675999999998,0.002,0.2999999999999999,0.0004,9.316667,8.091666,8.425,8.291667,-1.170692,0.1863972999999999,33
2022-04-15 04:19:00,0.153265,6.772656,235.3198,9.641856,13.22041,8.467444999999998,0.002666667,0.2999999999999999,0.001,9.3,8.041667,8.341666,8.166667,-1.26665,0.1864136,33
2022-04-15 04:20:00,0.1532118,6.757935,235.2868,9.610387,13.22226,8.506985999999998,0.002,0.2999999999999999,0.0005999999999999,9.266666,7.974999999999999,8.308332999999998,8.15,-1.3818,0.1870942999999999,33
2022-04-15 04:21:00,0.1532669999999999,6.741571,235.2013,9.604266,13.2208,8.537107,0.0013333329999999,0.2999999999999999,0.0004,9.283334,7.991666,8.316667,8.158334,-1.400992,0.1855967,33
2022-04-15 04:22:00,0.1533540999999999,6.755921,235.2748,9.656602,13.21984,8.5725,0.0,0.2999999999999999,0.0,9.325,7.958332999999999,8.233333,8.108334,-1.458567,0.185941,33
2022-04-15 04:23:00,0.153148,6.77951,235.1514,9.678611,13.21793,8.604508,0.0013333329999999,0.2999999999999999,0.0002,9.325,7.949999,8.25,8.116666999999998,-1.448971,0.186785,33
2022-04-15 04:24:00,0.1532579,6.764516,235.2689,9.726604,13.21695,8.638396999999998,0.002666667,0.2999999999999999,0.0008,9.35,7.941665999999999,8.266666,8.091666,-1.448971,0.1860878,33
2022-04-15 04:25:00,0.1537812,6.825567,235.9915,9.665206,13.21691,8.665694,0.004,0.2999999999999999,0.0014,9.224999,7.933333,8.266666,8.099999,-1.487354,0.1867813999999999,33
2022-04-15 04:26:00,0.1535796,6.797865,235.8124,9.621125,13.21684,8.69827,0.002,0.2999999999999999,0.0005999999999999,9.224999,7.849999999999999,8.175,7.991666,-1.410587,0.1860778999999999,33
2022-04-15 04:27:00,0.153651,6.822104,235.7742,9.521862,13.21682,8.730273999999998,0.0013333329999999,0.2999999999999999,0.0004,9.016666,7.816665999999999,8.158334,7.933333,-1.516142,0.1860866999999999,33
2022-04-15 04:28:00,0.1537236999999999,6.825638,235.8969,9.567573,13.21677,8.754747,0.0013333329999999,0.2999999999999999,0.0004,9.125,7.875,8.199999999999998,7.966667,-1.564121,0.1857729999999999,33
2022-04-15 04:29:00,0.1536563,6.801793,235.8704,9.630519,13.21675,8.78299,0.002666667,0.2999999999999999,0.0005999999999999,9.191667,7.9,8.191667,8.0,-1.583312,0.1867755,33
2022-04-15 04:30:00,0.1536237,6.79782,235.8921,9.604378,13.21672,8.812926,0.0013333329999999,0.2999999999999999,0.0005999999999999,9.141666,7.833332999999999,8.166667,7.933333,-1.525737,0.1865169999999999,33
2022-04-15 04:31:00,0.1535372,6.805601,235.7748,9.620326,13.21669,8.840977,0.0013333329999999,0.2999999999999999,0.0004,9.175,7.933333,8.3,8.025,-1.554525,0.1861733,33
2022-04-15 04:32:00,0.1535641,6.821384,235.8404,9.632918,13.21576,8.869215,0.0013333329999999,0.2999999999999999,0.0004,9.183333,7.875,8.258333,7.966667,-1.506546,0.1865093999999999,33
2022-04-15 04:33:00,0.1534057,6.796533,235.669,9.565162,13.21527,8.893693,0.0006666667,0.2999999999999999,0.0002,9.075,7.833332999999999,8.208332999999998,7.933333,-1.506546,0.186529,33
2022-04-15 04:34:00,0.1533663,6.795509,235.6153,9.478459,13.21252,8.921934,0.002,0.2999999999999999,0.0005999999999999,9.0,7.75,8.066667,7.791667,-1.544929,0.1867215,33
2022-04-15 04:35:00,0.1533992,6.786165,235.6932,9.459147,13.21113,8.940948,0.0006666667,0.2999999999999999,0.0,9.025,7.8,8.058332999999998,7.841667,-1.631292,0.1867983,33
2022-04-15 04:36:00,0.1533876,6.773569,235.602,9.552754,13.2102,8.968622,0.002666667,0.2999999999999999,0.001,9.099999,7.825,8.125,7.841667,-1.669675,0.1864614,33
2022-04-15 04:37:00,0.1533749,6.807553,235.6469,9.560178,13.21111,8.993095999999998,0.002666667,0.2999999999999999,0.0005999999999999,9.033334,7.741666999999999,8.05,7.775,-1.679271,0.1859739,33
2022-04-15 04:38:00,0.1536011999999999,6.813474,235.7331,9.523419,13.21109,9.013811,0.0006666667,0.2999999999999999,0.0004,8.983333,7.691665999999999,8.025,7.708332999999999,-1.506546,0.1858596,33
2022-04-15 04:39:00,0.1534769,6.789037,235.5375,9.524923,13.21109,9.040167,0.004,0.3583333,0.001466667,9.016666,7.691665999999999,7.983333,7.733334,-1.746441,0.186895,33
2022-04-15 04:40:00,0.1533024,6.782499,235.3926,9.526707,13.21107,9.058992000000002,0.003333333,0.4,0.0013333329999999,9.016666,7.75,8.041667,7.766666,-1.756037,0.1853303,33
2022-04-15 04:41:00,0.1533212999999999,6.779709,235.349,9.515751,13.21107,9.081395,0.0006666667,0.4,0.0002666667,9.0,7.7,8.0,7.7,-1.708058,0.1863054,33
2022-04-15 04:42:00,0.1534754,6.777679,235.4243,9.430816,13.21106,9.100040000000002,0.0013333329999999,0.5,0.0006666667,8.933332999999998,7.724999999999999,8.033334,7.741666999999999,-1.698462,0.1870032,33
2022-04-15 04:43:00,0.1533784,6.782684,235.3904,9.408267,13.21106,9.115101,0.0006666667,0.5416667,0.0003333333999999,8.925,7.708332999999999,8.016666,7.708332999999999,-1.679271,0.1871263,33
2022-04-15 04:44:00,0.1533604,6.791559,235.3776,9.46585,13.21106,9.135809,0.0013333329999999,0.6166667,0.0008666667,9.008333,7.733334,8.058332999999998,7.791667,-1.660079,0.1863402999999999,33
2022-04-15 04:45:00,0.1533069,6.781743,235.3984,9.433587,13.21105,9.154634,0.0006666667,0.7249999999999999,0.0004666666999999,8.908334,7.75,8.099999,7.808333,-1.631292,0.186788,33
2022-04-15 04:46:00,0.1532496999999999,6.77346,235.2464,9.386920000000002,13.21105,9.169696,0.0013333329999999,0.8416666,0.001133333,8.875,7.783333,8.091666,7.758333,-1.564121,0.1866643,33
2022-04-15 04:47:00,0.1531945999999999,6.787046,235.2034,9.3757,13.21104,9.190411,0.0013333329999999,1.008333,0.0014,8.849999999999998,7.741666999999999,8.074999999999998,7.733333,-1.525737,0.1873874,33
2022-04-15 04:48:00,0.1534173,6.789528,235.3506,9.333778,13.21104,9.201706,0.0013333329999999,1.191667,0.001466667,8.824999999999998,7.675,8.0,7.633333,-1.631292,0.1863407,33
2022-04-15 04:49:00,0.1532158,6.778276,235.1647,9.277633,13.21058,9.218649,0.0006666667,1.425,0.0009333333999999,8.75,7.641666,8.0,7.625,-1.679271,0.1860406,33
2022-04-15 04:50:00,0.1530123999999999,6.738668,234.9314,9.241353,13.21104,9.235592,0.0,1.716667,0.0,8.716666,7.566665999999999,7.891666,7.533333,-1.72725,0.1863876999999999,33
2022-04-15 04:51:00,0.1528478,6.744789,234.7752,9.226145,13.20966,9.24877,0.0013333329999999,2.058333,0.002666667,8.691667,7.591667,7.966667,7.591667,-1.756037,0.1862347,33
2022-04-15 04:52:00,0.1529378999999999,6.727486,234.8328,9.225188,13.20874,9.259877,0.0013333329999999,2.416667,0.0031333329999999,8.716666,7.591667,7.941665999999999,7.566665999999999,-1.717654,0.18682,33
2022-04-15 04:53:00,0.1528335,6.739096,234.6778,9.199553000000002,13.20874,9.27682,0.002,2.875,0.0056666659999999,8.691667,7.516666,7.9,7.491666,-1.688867,0.186612,33
2022-04-15 04:54:00,0.1528791999999999,6.78934,234.6882,9.17286,13.20737,9.278515,0.0013333329999999,3.366667,0.0044666669999999,8.658333,7.525,7.866666999999999,7.483333,-1.72725,0.1873233,33
2022-04-15 04:55:00,0.1529443,6.748064,234.7706,9.155253,13.20645,9.29923,0.0006666667,4.0,0.002666667,8.633333,7.458332999999999,7.825,7.474999999999999,-1.72725,0.1863248999999999,33
2022-04-15 04:56:00,0.1528931,6.717417,234.6494,9.129183,13.20645,9.308643,0.002,4.8,0.0094666679999999,8.641666,7.483333,7.849999999999999,7.425,-1.736846,0.1868442999999999,33
2022-04-15 04:57:00,0.1529182,6.752673,234.6501,9.197364,13.20736,9.346294,0.002,5.791667,0.0112666699999999,8.724999,7.55,7.916667,7.491666,-1.688867,0.1866606,33
2022-04-15 04:58:00,0.1530333,6.73807,234.7227,9.196654,13.20782,9.346294,0.0013333329999999,7.05,0.0094,8.724999,7.491666,7.825,7.416667,-1.602504,0.1866443,33
2022-04-15 04:59:00,0.152861,6.712827,234.4644,9.192124,13.20736,9.353825,0.0013333329999999,8.608333,0.0051999999999999,8.683332999999998,7.474999999999999,7.833332999999999,7.4,-1.650483,0.1868016999999999,33
2022-04-15 05:00:00,0.1528586,6.735001,234.5666,9.153251,13.20782,9.368885,0.0013333329999999,10.55,0.0195999999999999,8.633333,7.433333,7.75,7.349999999999999,-1.669675,0.1859394,33
2022-04-15 05:01:00,0.1527214,6.725642,234.4277,9.151124,13.2069,9.368885,0.002,12.98333,0.02586667,8.633333,7.433333,7.808333,7.375,-1.688867,0.1865369,33
2022-04-15 05:02:00,0.1527351,6.718927,234.4408,9.187978,13.20828,9.380184000000002,0.002666667,16.04167,0.03133333,8.675,7.349999999999999,7.716667,7.3,-1.679271,0.1862991,33
2022-04-15 05:03:00,0.1528509,6.743357,234.4785,9.177281,13.20874,9.391483,0.003333333,19.93333,0.07806667,8.633333,7.3,7.666667,7.224999999999999,-1.717654,0.1864930999999999,33
2022-04-15 05:04:00,0.1526755999999999,6.704309,234.2781,9.114827,13.20965,9.391483,0.004666667,24.89166,0.1168667,8.574999999999998,7.325,7.716667,7.283333,-1.72725,0.1865198,33
2022-04-15 05:05:00,0.1526067999999999,6.722468,234.2589,9.142508,13.20919,9.391483,0.002666667,29.91667,0.0792666699999999,8.675,7.433333,7.758333,7.316665999999999,-1.669675,0.1863022,33
2022-04-15 05:06:00,0.1525043,6.733742,234.1641,9.104892,13.20782,9.391483,0.006,32.64167,0.1739333,8.599999,7.308333,7.675,7.25,-1.583312,0.1865086,33
2022-04-15 05:07:00,0.1525210999999999,6.710259,234.1806,9.085730000000002,13.20782,9.391483,0.0066666659999999,32.9,0.2192667,8.55,7.224999999999999,7.599999999999999,7.166667,-1.583312,0.1866776,33
2022-04-15 05:08:00,0.1527352999999999,6.740458,234.3505,9.060806,13.20828,9.408426,0.008,33.16667,0.2651999999999999,8.558332999999998,7.233334,7.591667,7.183333,-1.573717,0.1861577,33
2022-04-15 05:09:00,0.1526406999999999,6.73325,234.1854,9.020318,13.20874,9.414074,0.008,33.225,0.2657333,8.483333,7.191666,7.55,7.091667,-1.554525,0.1864416,33
2022-04-15 05:10:00,0.1520947,6.656698,233.5116,9.000443,13.20874,9.414074,0.008,33.44167,0.2674,8.474999,7.125,7.516666,7.1,-1.468162,0.1865561,33
2022-04-15 05:11:00,0.1524301,6.720944,234.0651,8.977017,13.20874,9.414074,0.008,33.6,0.2686,8.449999999999998,7.141666,7.5,7.058333,-1.391396,0.1870766,33
2022-04-15 05:12:00,0.1534405,6.805464,235.367,8.970629,13.20874,9.414074,0.008,33.90833,0.271,8.491666999999998,7.125,7.508333,7.066666,-1.228267,0.185887,33
2022-04-15 05:13:00,0.1535569,6.817163,235.4637,8.999738,13.21011,9.414074,0.008,34.25,0.2739332999999999,8.525,7.083333,7.449999,7.083333,-1.074733,0.1873678,33
2022-04-15 05:14:00,0.1533573,6.79514,235.2432,8.979860999999998,13.21011,9.414074,0.009333334,34.3,0.3201333,8.516666,7.074999,7.466667,7.066666,-0.9212,0.1861437,33
2022-04-15 05:15:00,0.1531840999999999,6.775033,235.0598,8.976312999999998,13.21011,9.414074,0.01266667,34.40833,0.4356667,8.508333,7.091667,7.483333,7.066666,-0.8348374,0.1872786999999999,33
2022-04-15 05:16:00,0.1531738,6.781042,234.8991,8.984123999999998,13.20965,9.414074,0.016,34.5,0.529,8.5,7.133333,7.541666,7.058333,-0.5661540999999999,0.1872567,33
2022-04-15 05:17:00,0.1531638999999999,6.77334,234.9396,8.982705,13.20965,9.414074,0.016,35.075,0.5592,8.516666,7.108333,7.5,7.083333,-0.2878749999999999,0.1866229,33
2022-04-15 05:18:00,0.1532749999999999,6.776068,235.1737,9.011811,13.20782,9.414074,0.016,36.99166,0.5894667,8.574999999999998,7.158333,7.5,7.066666,0.0287875,0.1869488,33
2022-04-15 05:19:00,0.1533017,6.781178,235.1331,8.96856,13.20782,9.402779,0.02,38.85833,0.7486667,8.491666999999998,7.066666,7.408333,6.991666,0.3166625,0.1865617,33
2022-04-15 05:20:00,0.1533019999999999,6.774137,235.128,8.92389,13.20782,9.391483,0.024,42.55833,1.011,8.508333,7.1,7.458332999999999,7.041666,0.5373666,0.1868787,33
2022-04-15 05:21:00,0.153248,6.758528,235.0299,9.026116,13.20874,9.391483,0.024,49.95,1.1818,8.65,7.216667,7.533333,7.083333,0.978775,0.1863026,33
2022-04-15 05:22:00,0.1533353,6.774117,235.1127,9.107746,13.20736,9.391483,0.0273333299999999,58.60833,1.546533,8.691667,7.224999999999999,7.574999,7.15,1.400992,0.1865067,33
2022-04-15 05:23:00,0.1534457999999999,6.80036,235.1441,9.076516,13.20782,9.391483,0.032,67.96667,2.1488,8.641666,7.158333,7.508333,7.074999,1.967146,0.1859765999999999,33
2022-04-15 05:24:00,0.1534489,6.773464,234.9916,8.965781,13.20644,9.391483,0.03333334,79.21666999999998,2.557534,8.483333,7.108333,7.474999999999999,7.041666,2.379767,0.1858780999999999,33
2022-04-15 05:25:00,0.1533857999999999,6.773786,234.9719,8.946613,13.20828,9.391483,0.03733334,97.55,3.564934,8.441667,7.141666,7.5,7.041666,2.859558,0.1863113,33
2022-04-15 05:26:00,0.1533403,6.764914,234.9053,8.97572,13.2069,9.391483,0.03066667,222.725,6.276,8.516666,7.125,7.566665999999999,7.091667,3.348946,0.1869514999999999,33
2022-04-15 05:27:00,0.2439991,6.838012,234.8974,8.959393999999998,13.20782,9.391483,0.0259999999999999,274.725,6.783667,8.491666999999998,7.025,7.5,7.041666,3.895908,0.1608911,33
2022-04-15 05:28:00,0.3086721,7.922100999999999,234.9091,8.931072,13.20919,9.374535,0.03533333,253.8917,7.890333,8.508333,7.025,7.408333,7.0,4.3757,0.1517829,33
2022-04-15 05:29:00,0.3649178,6.041778,234.9996,9.063136,13.20874,9.368885,0.0379999999999999,256.8583,9.419467,8.675,7.066666,7.516666,7.05,4.874683,0.1124523,33
2022-04-15 05:30:00,0.3636105,5.784266,234.9537,9.080881,13.20965,9.368885,0.03866667,262.4,9.484667,8.625,7.041667,7.483333,7.033333,5.498412,0.1075121,33
2022-04-15 05:31:00,0.4171658999999999,6.724833,234.9672,9.109271,13.20965,9.368885,0.042,260.9083,10.42813,8.65,7.016666,7.441665999999999,7.008333,6.122141,0.1026213,33
2022-04-15 05:32:00,0.3390209,6.679143,234.9861,9.034745,13.20874,9.368885,0.042,269.9083,10.4796,8.525,6.933333,7.325,6.941666,6.688295,0.1106274,33
2022-04-15 05:33:00,0.8000490999999998,5.345499,234.9382,9.127014,13.20965,9.368885,0.064,187.2083,12.07847,8.666665999999998,7.108333,7.366666999999999,6.983333,7.235258,0.0277656499999999,33
2022-04-15 05:34:00,0.803053,5.971033,234.7361,9.043780000000002,13.20782,9.359472,0.0686666699999999,187.6917,12.7604,8.533334,7.041666,7.341667,6.949999,7.887775,0.02832801,33
2022-04-15 05:35:00,0.8034177,6.380491,234.6325,8.875585,13.2069,9.348177,0.07266667,187.5167,13.61493,8.324999999999998,6.908333,7.241666999999999,6.841667,8.617058,0.0331321099999999,33
2022-04-15 05:36:00,0.8036031999999999,7.095379,234.4676,8.809084999999998,13.20644,9.346294,0.07933334,187.1,14.74913,8.324999999999998,6.941666,7.216667,6.816666,9.269574,0.03712548,33
2022-04-15 05:37:00,0.8037885,7.780331999999999,234.6382,8.877252,13.20736,9.346294,0.082,187.45,15.24593,8.508333,7.0,7.325,6.875,9.970071,0.04193248,33
2022-04-15 05:38:00,0.8038954,9.0594,234.8038,8.935472,13.20644,9.346294,0.08866667,187.9917,16.6668,8.566667,6.983333,7.283333,6.9,10.87208,0.0456560999999999,33
2022-04-15 05:39:00,0.8025339,9.850323,234.7272,9.012141,13.20415,9.346294,0.09466666,188.4917,17.683,8.608334,7.091667,7.4,6.983333,11.81247,0.0517033,33
2022-04-15 05:40:00,0.8025145,10.80499,234.7604,8.966794,13.20553,9.329351,0.1006667,189.0917,18.9588,8.608333,6.991666,7.258333,6.933333,12.91599,0.0591187499999999,33
2022-04-15 05:41:00,0.8010498999999999,12.2465,234.6272,8.940392,13.20553,9.308643,0.1073333,189.2083,20.14847,8.691667,7.033333,7.375,6.916667,14.24981,0.0666156299999999,33
2022-04-15 05:42:00,0.8004257999999999,14.30443,234.7239,8.964803,13.20507,9.301113,0.122,189.7,22.86413,8.966666,7.058333,7.425,7.0,16.121,0.0765904099999999,33
2022-04-15 05:43:00,0.8002671999999998,15.80145,234.7764,9.108186000000002,13.20553,9.301113,0.1286666999999999,191.3667,24.49493,9.45,7.108333,7.449999,7.058333,17.44522,0.08593001,33
2022-04-15 05:44:00,0.8025672,16.22333,234.794,9.174188,13.2037,9.301113,0.136,191.475,26.0338,9.608334,7.183333,7.5,7.2,17.90582,0.08909715,33
2022-04-15 05:45:00,0.8005904999999999,16.77218,234.6285,9.25295,13.20461,9.301113,0.138,192.2333,26.39347,9.599999,7.191666,7.474999999999999,7.25,18.39521,0.09244695,33
2022-04-15 05:46:00,0.7986877,18.21828,234.6883,9.329516000000002,13.20461,9.312408,0.1439999999999999,187.475,27.0756,9.775,7.216667,7.483333,7.258333,19.14369,0.0966532799999999,33
2022-04-15 05:47:00,0.7979302,18.56144,234.6727,9.396276,13.20049,9.344412,0.1446667,187.9833,27.0288,9.658334,7.25,7.5,7.291667,19.04773,0.100546,33
2022-04-15 05:48:00,0.8002365999999999,19.59437,234.7712,9.444972000000002,13.19957,9.346294,0.1526666999999999,189.0833,28.77507,9.608334,7.25,7.533333,7.308333,19.98812,0.1040515,33
2022-04-15 05:49:00,0.8039372,21.48907,234.8354,9.426531,13.20003,9.346294,0.1633332999999999,188.7167,30.7022,9.724999,7.224999999999999,7.474999999999999,7.325,21.6386,0.1128526,33
2022-04-15 05:50:00,0.8036492,22.27935,234.7887,9.511582,13.20003,9.35759,0.1686667,189.7083,31.7758,9.916667,7.375,7.641666,7.449999,22.99162,0.1183906,33
2022-04-15 05:51:00,0.8033962,23.40361,235.0275,9.547694000000002,13.20003,9.368885,0.1759999999999999,188.9583,33.28747,10.125,7.391666,7.658333,7.516666,24.4022,0.1245696,33
2022-04-15 05:52:00,0.8037834999999999,24.3525,235.1238,9.558280000000002,13.19957,9.380184000000002,0.182,188.55,34.1942,10.2,7.366666999999999,7.574999,7.508333,25.18906,0.1292291999999999,33
2022-04-15 05:53:00,0.7741668,26.40442,235.2128,9.547592000000002,13.19912,9.391483,0.166,255.525,40.1534,10.10833,7.158333,7.458332999999999,7.441665999999999,25.46734,0.1459661999999999,33
2022-04-15 05:54:00,0.760966,35.35152,235.7577,9.52883,13.195,9.410309,0.1886666999999999,264.4167,49.63073,9.974999,7.158333,7.608333,7.599999999999999,26.2446,0.1964444999999999,33
2022-04-15 05:55:00,0.7630164999999999,38.51585,235.8109,9.547868,13.19454,9.432899,0.1933333,275.7,53.03173,10.14167,7.183333,7.625,7.625,27.25216,0.2136547,33
2022-04-15 05:56:00,0.7608147,39.00348,235.6001,9.573096,13.19408,9.446077,0.2013332999999999,265.9833,53.609,10.36667,7.216667,7.633333,7.65,28.00064,0.2175613,33
2022-04-15 05:57:00,0.7613193,39.96952,235.6004,9.658555,13.19133,9.467731,0.2079999999999999,270.6,55.99187,10.65,7.1,7.508333,7.583332999999999,28.57639,0.2222193,33
2022-04-15 05:58:00,0.7658772,42.21759,235.8768,9.65621,13.18904,9.485243,0.2119999999999999,271.325,57.7414,10.39167,7.224999999999999,7.65,7.758333,29.26729,0.2338284999999999,33
2022-04-15 05:59:00,0.7591556999999999,40.45547,235.7658,9.629385,13.18904,9.511599,0.2186666999999999,252.0583,55.1152,10.33333,7.558333,7.791667,7.908333,30.25566,0.2260293999999999,33
2022-04-15 06:00:00,0.7602261999999999,40.77796,235.989,9.646543,13.18904,9.532307,0.224,251.9917,56.33786,10.45,7.566665999999999,7.783333,7.908333,31.37837,0.2270389999999999,33
2022-04-15 06:01:00,0.7607834,41.89628,235.8454,9.678563,13.18904,9.558662,0.228,248.6,56.7556,10.6,7.55,7.758333,7.916667,33.00966,0.2335025,33
2022-04-15 06:02:00,0.7596908,40.79138,235.7727,9.717456,13.18904,9.581257,0.2326667,238.275,55.54353,10.65,7.491666,7.733334,7.858333,34.96721,0.2271546,33
2022-04-15 06:03:00,0.7561204,39.76183,235.8057,9.77309,13.18675,9.611382,0.2393333,229.675,54.79473,10.64167,7.425,7.625,7.833332999999999,37.38536,0.2228492,33
2022-04-15 06:04:00,0.7584762999999999,42.51159,235.754,9.750994,13.18538,9.63962,0.2433333,235.6833,57.105,10.875,7.666667,7.908333,8.099999,40.12018,0.2370054,33
2022-04-15 06:05:00,0.7629352,46.08424,235.5782,9.808532,13.18355,9.665977,0.248,251.4833,62.07027,11.08333,7.683333,7.875,8.116666999999998,42.90297,0.2557316,33
2022-04-15 06:06:00,0.7697087,50.54531,235.6361,9.814307,13.18355,9.697987,0.25,270.6583,66.84693,11.15,7.449999,7.808333,8.099999,45.87767,0.2781063999999999,33
2022-04-15 06:07:00,0.7789839,55.06149,235.7043,9.823869,13.18355,9.728107,0.2566667,281.275,72.42946999999998,11.14167,7.366666999999999,7.766666,8.058332999999998,48.78521,0.3003533999999999,33
2022-04-15 06:08:00,0.7748433,52.77588,235.8226,9.803622,13.18325,9.757478,0.266,257.0167,68.6648,11.00833,7.541667,7.833332999999999,8.116666999999998,51.86547,0.2884483999999999,33
2022-04-15 06:09:00,0.7654035,47.99164,235.7431,9.850422,13.18173,9.787981,0.2766666999999999,228.3167,63.4174,11.21667,7.633333,7.841667,8.133333,54.8114,0.2667857,33
2022-04-15 06:10:00,0.7654906,49.39238,235.7988,9.846522,13.18135,9.818102,0.2866667,224.3333,64.15166,11.075,7.625,7.816665999999999,8.175,57.64217,0.2719571,33
2022-04-15 06:11:00,0.7695368,52.67728,235.7845,9.893651,13.17542,9.848226,0.2939999999999999,237.975,69.21647,11.18333,7.691665999999999,7.891666,8.208332999999998,60.70324,0.2896195999999999,33
2022-04-15 06:12:00,0.783946,60.96186,235.7573,9.91527,13.17685,9.878351,0.2959999999999999,269.2333,78.87907,11.20833,7.599999999999999,7.958332999999999,8.316667,63.85067,0.3283811999999999,33
2022-04-15 06:13:00,0.7971827999999999,67.80975,235.8862,9.969214,13.17733,9.916002,0.2926667,298.125,86.88947,11.31667,7.591667,8.066667,8.375,67.26679,0.359609,33
2022-04-15 06:14:00,0.7995157,70.48142,235.4655,10.04067,13.17782,9.944245,0.3126667,285.9833,89.34533999999998,11.53333,7.608333,8.074999999999998,8.441667,70.83643,0.3741249999999999,33
2022-04-15 06:15:00,0.8025603,73.3857,235.7794,10.11114,13.17756,9.980017,0.32,290.5667,92.28754,11.56667,7.75,8.175,8.508333,74.24295999999998,0.3874218999999999,33
2022-04-15 06:16:00,0.8092747,77.97404,236.2329,10.1658,13.17651,10.01202,0.322,303.7333,97.6032,11.66667,7.816665999999999,8.275,8.65,77.66867,0.4068864999999999,33
2022-04-15 06:17:00,0.8123658999999999,80.63153,236.2547,10.2299,13.17572,10.0478,0.3273332999999999,311.3,101.4357,11.725,7.883333,8.324999999999998,8.716666,80.76813,0.4196417,33
2022-04-15 06:18:00,0.8125681999999999,84.35326,236.3423,10.21586,13.17288,10.0798,0.334,315.95,105.2915,11.475,8.108333,8.533334,8.916667,84.19383999999998,0.4386226999999999,33
2022-04-15 06:19:00,0.8164133,88.44788,236.1909,10.26199,13.17171,10.11745,0.3559999999999999,308.4333,109.2575,11.45,8.258333,8.666667,9.091666,87.85944,0.4575271,33
2022-04-15 06:20:00,0.820975,92.41053,236.6543,10.33458,13.17157,10.15323,0.372,304.875,113.2516,11.575,8.375,8.841666,9.208333,91.56344,0.4739453,33
2022-04-15 06:21:00,0.8226132,96.08298,236.6851,10.34462,13.17143,10.18523,0.3993333,294.275,117.0061,11.69167,8.508333,8.991666999999998,9.375,95.3442,0.4928923,33
2022-04-15 06:22:00,0.8285991999999999,100.7453,236.6749,10.38204,13.17035,10.21912,0.4173333,293.8,122.3035,11.71667,8.599999,9.116667,9.466666,99.19212,0.5121978999999999,33
2022-04-15 06:23:00,0.8392178999999999,105.5457,236.4404,10.42535,13.16938,10.25677,0.436,292.55,126.8774,11.875,8.691667,9.241666,9.583333,103.1744,0.5304992,33
2022-04-15 06:24:00,0.8454243999999999,109.9702,236.1676,10.44365,13.16783,10.29066,0.45,295.0667,132.3459,11.83333,8.841666,9.325,9.691667,106.8208,0.5497537,33
2022-04-15 06:25:00,0.8587556,115.6465,236.1761,10.45251,13.1655,10.32643,0.4713334,294.375,138.3589,11.81667,8.958332999999998,9.400001,9.766666,110.8319,0.5684383,33
2022-04-15 06:26:00,0.8707922999999999,120.7376,236.1278,10.45122,13.1654,10.36409,0.4913332999999999,294.2333,144.1533,11.86667,9.041667,9.508333,9.883334,114.8717,0.5859347999999999,33
2022-04-15 06:27:00,0.8850972999999999,126.2614,236.0916,10.4129,13.16625,10.39797,0.502,302.4417,150.8547,11.70833,9.158334,9.633333,9.966666,118.8732,0.6017103,33
2022-04-15 06:28:00,0.9038815,134.6437,236.2343,10.45575,13.16529,10.43375,0.5,321.15,159.9926,11.81667,9.25,9.741666,10.08333,123.0474,0.6287569,33
2022-04-15 06:29:00,0.9191609,140.6898,236.2113,10.48539,13.16521,10.46764,0.5213333,321.5667,166.9988,11.84167,9.375,9.841666,10.16667,126.8953,0.6464680999999999,33
2022-04-15 06:30:00,0.9378751,147.4003,236.4587,10.48458,13.16519,10.50717,0.544,320.8,174.0661,11.775,9.458333,9.916667,10.25833,130.9064,0.6626071,33
2022-04-15 06:31:00,0.9548573,153.9223,236.7549,10.50549,13.16513,10.54295,0.5626666999999999,320.2,179.5501,11.84167,9.508333,10.0,10.325,134.8119,0.6776503999999999,33
2022-04-15 06:32:00,0.9726901,160.4103,236.8857,10.5434,13.16465,10.57307,0.5833333,321.3833,187.0371,11.99167,9.533334,10.0,10.38333,138.5734,0.6937277,33
2022-04-15 06:33:00,0.9919807,167.4586,236.8693,10.4954,13.1614,10.61637,0.6066667,321.4917,194.4243,11.93333,9.683333,10.14167,10.50833,142.7188,0.7099836,33
2022-04-15 06:34:00,1.009817,173.8785,236.3132,10.49202,13.15863,10.64838,0.6253334,322.6417,200.8541,12.03333,9.875,10.3,10.65,146.8162,0.7260587,33
2022-04-15 06:35:00,1.031384,181.1207,236.2534,10.52261,13.15953,10.68603,0.6526667,322.4167,209.9862,11.96667,9.974999,10.41667,10.75833,150.8177,0.7414715,33
2022-04-15 06:36:00,1.052359,188.5526,236.1467,10.56853,13.15949,10.72557,0.6753333,320.8333,216.0,12.23333,10.03333,10.50833,10.84167,154.4833,0.7550187999999999,33
2022-04-15 06:37:00,1.075509,195.418,236.1686,10.54629,13.15948,10.75569,0.6993333999999999,320.8167,223.68,12.01667,10.16667,10.65,10.96667,158.3121,0.7670369,33
2022-04-15 06:38:00,1.09737,202.8753,236.3307,10.54433,13.159,10.79335,0.7239999999999999,322.15,232.6003,12.00833,10.325,10.70833,11.06667,162.1888,0.7797353999999999,33
2022-04-15 06:39:00,1.123781,210.918,236.3489,10.56479,13.15808,10.82723,0.7426667,322.7083,238.7557,12.275,10.39167,10.83333,11.18333,166.3917,0.7915773999999999,33
2022-04-15 06:40:00,1.148519,218.8453,236.3768,10.60764,13.15852,10.86866,0.7673333,322.7667,246.9594,12.55,10.53333,10.95833,11.31667,170.4604,0.8039891,33
2022-04-15 06:41:00,1.172566,226.7587,236.8364,10.61847,13.15547,10.90706,0.7953333,322.8416,256.077,12.65,10.66667,11.075,11.44167,174.433,0.8138872,33
2022-04-15 06:42:00,1.202297,235.2751,236.7905,10.58312,13.15394,10.94245,0.8273334,322.0916,265.5979,12.325,10.725,11.175,11.49167,178.7608,0.8241437999999999,33
2022-04-15 06:43:00,1.228157,243.4047,236.9917,10.57173,13.15219,10.98199,0.8506667,323.1,274.1835,12.5,10.9,11.275,11.60833,182.6567,0.833971,33
2022-04-15 06:44:00,1.260356,252.875,236.6408,10.57803,13.15303,11.02153,0.8873332999999999,320.9,283.8622,12.64167,11.01667,11.44167,11.74167,187.0516,0.845146,33
2022-04-15 06:45:00,1.292382,261.2986,236.1857,10.59732,13.15281,11.05919,0.9126666,321.45,292.5257,12.49167,11.15,11.5,11.875,191.2737,0.8534179,33
2022-04-15 06:46:00,1.325551,270.516,236.0989,10.67039,13.15269,11.09684,0.9446667,320.9583,302.5305,12.91667,11.25833,11.65833,11.98333,195.659,0.8617421,33
2022-04-15 06:47:00,1.355063,279.3009,236.246,10.70029,13.15258,11.13449,0.9746667,320.0333,311.2693,12.88333,11.425,11.75,12.11667,199.5741,0.8695302999999999,33
2022-04-15 06:48:00,1.385853,288.2092,236.3708,10.73967,13.15152,11.17384,1.002,320.975,320.7739,12.88333,11.55833,11.88333,12.225,203.614,0.8770122999999999,33
2022-04-15 06:49:00,1.393184,297.125,236.3775,10.78382,13.1501,11.21018,1.035333,320.9417,331.3966,13.24167,11.75833,12.06667,12.40833,208.1912,0.8985279,33
2022-04-15 06:50:00,1.374826,306.2464,236.6319,10.85711,13.14674,11.2516,1.064667,320.9833,340.8494,13.54167,11.88333,12.225,12.575,212.5381,0.9380259,33
2022-04-15 06:51:00,1.409584,315.6262,237.0051,10.85707,13.1467,11.28548,1.097333,320.0417,350.3405,13.45833,12.025,12.35,12.63333,216.8562,0.9412475,33
2022-04-15 06:52:00,1.44665,325.3814,237.0996,10.90843,13.14662,11.32126,1.126,320.8833,360.4492,13.75833,12.2,12.44167,12.74167,221.2895,0.9454446,33
2022-04-15 06:53:00,1.484702,335.649,237.3171,10.94003,13.14656,11.36343,1.16,320.9083,371.3879,13.70833,12.33333,12.59167,12.9,225.8859,0.9492199,33
2022-04-15 06:54:00,1.527001,345.7937,236.9094,10.94599,13.14606,11.39694,1.192667,321.0167,381.937,13.65,12.53333,12.73333,13.08333,230.4439,0.9527163,33
2022-04-15 06:55:00,1.562937,356.0398,237.4542,10.98202,13.1428,11.43648,1.228667,319.95,392.0521,13.725,12.70833,12.94167,13.25833,235.0691,0.9563444,33
2022-04-15 06:56:00,1.604879,367.0539,237.5125,11.04799,13.14186,11.47413,1.262,320.8917,404.0504,14.0,12.90833,13.125,13.46667,239.9534,0.9595933,33
2022-04-15 06:57:00,1.645427,377.1458,237.4898,11.07249,13.14043,11.50991,1.295333,320.925,414.8418,13.76667,13.04167,13.18333,13.51667,244.5402,0.9620735,33
2022-04-15 06:58:00,1.684401,387.5726,237.9832,11.10088,13.14087,11.5517,1.33,320.9167,425.7463,13.39167,13.24167,13.38333,13.68333,249.2901,0.9639204,33
2022-04-15 06:59:00,1.722287,397.7651,238.2449,11.15554,13.14084,11.58371,1.362667,320.7917,436.2459,13.95,13.41667,13.51667,13.825,253.8194,0.9660125,33
2022-04-15 07:00:00,1.763448,408.0407,238.2321,11.16307,13.14081,11.61948,1.394,320.8833,446.3946,13.975,13.6,13.65833,13.99167,258.291,0.9679765,33
2022-04-15 07:01:00,1.806604,419.01,238.3436,11.17432,13.1408,11.65543,1.438,318.7667,457.4991,13.8,13.69167,13.75,14.075,262.945,0.9699383,33
2022-04-15 07:02:00,1.849809,429.417,238.1583,11.21951,13.13843,11.6914,1.464,320.9083,468.679,14.10833,13.875,13.89167,14.23333,267.7621,0.9719414,33
2022-04-15 07:03:00,1.894383,440.101,237.8004,11.23858,13.1357,11.72529,1.498,320.8833,479.8023,14.19167,14.01667,14.0,14.35,272.4161,0.974126,33
2022-04-15 07:04:00,1.936587,450.3151,237.7344,11.26615,13.1356,11.75918,1.542,318.7333,490.6759,14.28333,14.18333,14.08333,14.45833,276.6479,0.9755204,33
2022-04-15 07:05:00,1.982842,461.6187,237.6912,11.30516,13.13557,11.79532,1.58,318.3583,502.0448,14.38333,14.4,14.325,14.675,281.3498,0.9769144,33
2022-04-15 07:06:00,2.024,472.1497,237.806,11.37064,13.13551,11.8311,1.620667,317.1667,513.0153,14.475,14.60833,14.51667,14.825,285.4664,0.9781349,33
2022-04-15 07:07:00,2.067362,483.5677,238.1781,11.40904,13.13546,11.8631,1.659333,317.2583,525.3463,14.25833,14.79167,14.66667,14.96667,290.2068,0.979208,33
2022-04-15 07:08:00,2.106984,494.1141,238.6907,11.43024,13.13453,11.89699,1.693333,317.1333,536.1259,14.5,14.90833,14.76667,15.03333,294.7072,0.9800466,33
2022-04-15 07:09:00,2.151165,504.859,238.5597,11.47759,13.13355,11.93088,1.728667,317.2,547.2492,14.70833,15.10833,14.91667,15.18333,299.0829,0.9812331,33
2022-04-15 07:10:00,2.196887,516.2484,238.6501,11.43323,13.13079,11.96703,1.766667,317.2,559.2978,14.075,15.10833,14.90833,15.18333,304.1207,0.9821702,33
2022-04-15 07:11:00,2.24068,526.9852,238.6637,11.45444,13.12984,12.00091,1.800667,317.1833,570.4941,14.2,15.25833,14.95833,15.28333,308.7939,0.9830985,33
2022-04-15 07:12:00,2.290004,538.6928,238.4388,11.48677,13.12845,12.03179,1.840667,317.1583,582.726,14.21667,15.34167,14.975,15.275,314.2251,0.9840669,33
2022-04-15 07:13:00,2.33548,549.3083,238.2554,11.55163,13.12981,12.06342,1.875333,317.1333,593.6405,14.325,15.5,15.15833,15.45833,318.6584,0.9847578,33
2022-04-15 07:14:00,2.378709,559.894,238.2874,11.62087,13.12978,12.09731,1.910667,317.1583,604.8693,14.53333,15.65,15.325,15.66667,323.1877,0.9854584,33
2022-04-15 07:15:00,2.422941,570.4424,238.1712,11.68962,13.12932,12.12649,1.944667,316.825,615.4243,14.78333,15.9,15.54167,15.88333,327.5921,0.9863045,33
2022-04-15 07:16:00,2.465436,581.5032,238.4474,11.74509,13.12838,12.15793,1.982667,316.5583,626.5083,14.84167,16.09167,15.63333,15.98333,332.6491,0.9868881,33
2022-04-15 07:17:00,2.51168,593.4645,238.7401,11.76325,13.12516,12.19371,2.038,313.9833,638.848,14.45833,16.175,15.68333,16.05833,337.6198,0.9872663,33
2022-04-15 07:18:00,2.555805,604.2598,238.8296,11.83523,13.12469,12.22119,2.072,314.3416,650.4249,15.40833,16.525,16.00833,16.33333,342.0435,0.9879119,33
2022-04-15 07:19:00,2.601713,616.0958,239.016,11.91498,13.12423,12.25433,2.118,313.4083,662.7438,15.56667,16.70833,16.23333,16.53333,346.7358,0.9885917,33
2022-04-15 07:20:00,2.644753,626.0209,238.8299,11.94019,13.12422,12.2901,2.15,313.45,672.8209,15.33333,16.95,16.375,16.68333,350.6701,0.9891005,33
2022-04-15 07:21:00,2.688448,636.9421,238.8712,11.99964,13.1233,12.31777,2.186667,313.4083,684.4344,15.53333,17.11667,16.45833,16.84167,355.3145,0.989662,33
2022-04-15 07:22:00,2.738337,648.0826,238.5066,12.01004,13.12192,12.35637,2.224667,313.3833,696.1085,15.05,17.28333,16.64167,16.99167,360.2947,0.9903246,33
2022-04-15 07:23:00,2.783049,659.2588,238.6001,12.05853,13.11916,12.38649,2.261333,313.3167,707.655,15.025,17.34167,16.65833,17.01667,365.4477,0.9906574,33
2022-04-15 07:24:00,2.830457,670.5432,238.4795,12.04164,13.11916,12.42038,2.298667,313.3333,719.1038,14.65833,17.43333,16.81667,17.06667,370.38,0.991343,33
2022-04-15 07:25:00,2.875131,681.3591,238.554,11.95127,13.1187,12.45277,2.350667,311.5667,731.3583999999998,14.55833,17.55,16.91667,17.20833,375.2834,0.9916191,33
2022-04-15 07:26:00,2.92056,693.6304,238.8834,12.04657,13.11869,12.481,2.394,311.25,744.0582,14.975,17.76667,17.05,17.31667,380.4844,0.9919944,33
2022-04-15 07:27:00,2.968885,705.0361,238.794,12.1058,13.11869,12.51904,2.444,309.6833,755.8088,15.04167,17.95833,17.13333,17.33333,385.3687,0.992594,33
2022-04-15 07:28:00,3.011881,716.1944,239.0317,12.06611,13.11869,12.54916,2.474667,310.275,766.9944,14.85,18.14167,17.3,17.475,390.1474,0.9926817,33
2022-04-15 07:29:00,3.05355,725.9651,238.9972,12.10938,13.11869,12.60225,2.513334,309.65,777.2322,14.86667,18.375,17.58333,17.63333,394.0817,0.9931509,33
2022-04-15 07:30:00,3.098543,735.3642999999998,238.4891,12.28949,13.11731,12.63915,2.544,309.625,786.9444999999998,15.625,18.69167,17.8,17.88333,398.1407,0.9935362,33
2022-04-15 07:31:00,3.143892,746.1853999999998,238.3375,12.39222,13.11639,12.66852,2.580667,309.6833,798.2039,15.48333,18.73333,17.83333,17.93333,402.6891,0.9939296,33
2022-04-15 07:32:00,3.187948,756.9052,238.3644,12.38194,13.11319,12.70053,2.617333,309.675,809.4056,15.20833,18.94167,18.025,18.125,407.3815,0.9942506,33
2022-04-15 07:33:00,3.231661,768.1817,238.6888,12.3179,13.11318,12.73799,2.655333,309.5916,821.2023,14.88333,19.06667,18.14167,18.225,412.3042,0.9943285,33
2022-04-15 07:34:00,3.263441,777.774,239.3298,12.29502,13.11318,12.76868,2.687333,309.5667,830.8279,14.81667,19.30833,18.33333,18.39167,416.2864,0.9942055,33
2022-04-15 07:35:00,3.307682,788.9135999999999,239.382,12.40579,13.11318,12.79975,2.726,309.2833,842.4502999999999,14.71667,19.56667,18.61667,18.65833,421.3818,0.9943561,33
2022-04-15 07:36:00,3.348401,798.3301,239.3766,12.43116,13.11181,12.83496,2.764,308.65,852.0091,13.93333,19.75833,18.69167,18.79167,425.556,0.9945064,33
2022-04-15 07:37:00,3.387909,807.9281999999998,239.3926,12.49625,13.11135,12.87393,2.809333,307.4917,862.7396999999999,13.73333,20.10833,19.06667,19.11667,429.7398,0.9947178,33
2022-04-15 07:38:00,3.438478,818.7763999999999,238.8851,12.61427,13.10769,12.90876,2.86,305.9333,874.0969,13.925,20.25833,19.21667,19.29167,434.5281,0.9952257,33
2022-04-15 07:39:00,3.479399,828.8699,238.9655,12.69318,13.10769,12.94396,2.896,305.9333,885.1550999999998,13.975,20.48333,19.375,19.35833,439.0189,0.9954512,33
2022-04-15 07:40:00,3.523709,839.6395,238.9346,12.56422,13.10769,12.97917,2.931333,305.9083,895.6115,13.50833,20.375,19.31667,19.375,443.6921,0.9956439,33
2022-04-15 07:41:00,3.568889,850.1282,238.8423,12.66415,13.10769,13.01494,2.966666,305.9083,906.7192,13.95833,20.6,19.5,19.525,448.4132,0.9957495,33
2022-04-15 07:42:00,3.611981,860.2913999999998,238.8239,12.67135,13.10723,13.05523,3.002667,305.9333,917.7766,14.34167,20.81667,19.60833,19.64167,452.9041,0.9959025,33
2022-04-15 07:43:00,3.647472,869.2007,238.9376,12.71146,13.10722,13.08686,3.039333,305.1917,926.548,15.025,21.05,19.83333,19.9,457.1647,0.9959838,33
2022-04-15 07:44:00,3.699862,881.9375999999999,238.8884,12.74351,13.10585,13.12734,3.084,304.9583,939.4382,14.58333,21.11667,19.90833,19.875,462.4807,0.9961383,33
2022-04-15 07:45:00,3.740977,893.3230999999998,239.3331,12.71887,13.10239,13.16255,3.114,305.9,951.6303,14.46667,21.25833,19.93333,19.91667,467.4226,0.9961932,33
2022-04-15 07:46:00,3.778214,902.7969,239.559,12.8023,13.10175,13.19945,3.146,305.875,961.4664,14.75833,21.45833,20.15,20.19167,471.5968,0.9961931,33
2022-04-15 07:47:00,3.816305,910.3835,239.2611,12.86703,13.10182,13.23879,3.192,304.15,969.9418,15.30833,21.70833,20.38333,20.39167,475.3584,0.9962842,33
2022-04-15 07:48:00,3.855597,919.9627,239.0915,12.9693,13.1018,13.27061,3.227333,303.825,979.6472,16.10833,22.00833,20.63333,20.61667,479.3502,0.9964295,33
2022-04-15 07:49:00,3.894994,929.7602,239.1283,12.98897,13.09917,13.31279,3.238,305.9167,989.6176,16.10833,22.11667,20.73333,20.7,483.8411,0.9965759,33
2022-04-15 07:50:00,3.941296,940.1907,238.9245,13.06471,13.09922,13.34837,3.297333,303.6667,1000.26,16.19167,22.24167,20.88333,20.925,488.7638,0.9966672,33
2022-04-15 07:51:00,3.985571,950.4775,238.8536,12.95402,13.09612,13.39186,3.336,303.05,1010.581,15.35833,22.18333,20.89167,20.89167,493.245,0.9968424,33
2022-04-15 07:52:00,4.027387,959.8856,238.7385,12.91303,13.0959,13.4297,3.374666,302.2417,1017.256,15.66667,22.48333,21.08333,21.04167,497.1697,0.9968554,33
2022-04-15 07:53:00,4.062813,969.278,238.8922,12.999,13.09579,13.46001,3.393333,302.0667,1026.908,16.01667,22.625,21.19167,21.1,501.6605,0.9969397,33
2022-04-15 07:54:00,4.102757,979.3448,239.1205,13.12368,13.09555,13.50369,3.431333,301.4583,1031.148,15.79167,22.56667,21.075,21.03333,506.3433,0.9970129,33
2022-04-15 07:55:00,4.13929,990.6832,239.6276,13.14466,13.09549,13.54153,3.481333,302.2417,1051.136,15.80833,22.83333,21.26667,21.30833,511.122,0.9968496,33
2022-04-15 07:56:00,4.181913,1000.114,239.5884,13.14607,13.09532,13.57881,3.522667,302.2,1063.933,15.79167,23.10833,21.51666,21.56667,515.4306,0.9970389,33
2022-04-15 07:57:00,4.213913,1008.418,239.6617,13.25064,13.09388,13.62212,3.559334,301.3,1073.016,15.85,23.18333,21.75,21.7,519.3168,0.9970135,33
2022-04-15 07:58:00,4.253046,1018.257,239.8192,13.13807,13.09286,13.65732,3.594667,300.975,1081.261,15.00833,23.15833,21.58333,21.64166,523.7885,0.9970651,33
2022-04-15 07:59:00,4.292662,1027.611,239.8401,13.13774,13.09003,13.69215,3.6,302.5333,1088.372,14.35833,23.425,21.79167,21.83333,528.2602,0.9971016,33
2022-04-15 08:00:00,4.330593,1035.649,239.6413,13.19724,13.08952,13.73753,3.643333,301.575,1098.113,13.89167,23.73333,22.14166,22.1,532.0026,0.9971998,33
2022-04-15 08:01:00,4.354545,1042.285,239.8186,13.20026,13.08759,13.77499,3.684,300.6583,1106.419,13.725,24.075,22.33333,22.275,534.9197,0.9972248,33
2022-04-15 08:02:00,4.399526,1051.385,239.291,13.27803,13.0894,13.81472,3.720667,300.5833,1115.534,13.75,24.05833,22.39166,22.33333,539.0843,0.997413,33
2022-04-15 08:03:00,4.439632,1061.612,239.3528,13.31832,13.08887,13.85425,3.748,300.2083,1126.54,13.79167,24.10833,22.40833,22.40833,544.0262,0.9975083,33
2022-04-15 08:04:00,4.474802,1069.255,239.4003,13.20208,13.08838,13.8921,3.789333,300.0917,1134.263,13.58333,24.13333,22.45833,22.40833,547.615,0.9974033,33
2022-04-15 08:05:00,4.521041,1079.311,239.0008,13.35203,13.0856,13.9273,3.822667,299.7083,1147.125,13.85833,24.33333,22.575,22.49167,552.2978,0.997604,33
2022-04-15 08:06:00,4.568798,1090.077,238.8046,13.4723,13.08465,13.96872,3.872667,299.6417,1159.627,13.88333,24.35833,22.68333,22.675,557.2588,0.997773,33
2022-04-15 08:07:00,4.605305,1098.953,238.8788,13.44246,13.08372,14.00637,3.912,298.45,1166.498,13.76667,24.55833,22.85833,22.74167,561.2123,0.9978414,33
2022-04-15 08:08:00,4.637751,1107.443,238.9933,13.42502,13.08367,14.04799,3.931333,298.5833,1172.722,13.69167,24.65,22.925,22.8,565.3577,0.9978898,33
2022-04-15 08:09:00,4.670952,1115.179,239.0038,13.37407,13.08366,14.08564,3.968,298.4583,1183.859,13.675,24.69167,23.08333,22.99167,568.889,0.9979227,33
2022-04-15 08:10:00,4.701574,1121.986,238.89,13.49202,13.08364,14.12122,3.994,298.5583,1191.759,13.80833,24.96667,23.3,23.175,572.0844,0.9980137,33
2022-04-15 08:11:00,4.732563,1130.234,238.9967,13.66909,13.08088,14.16603,4.020667,297.6083,1195.97,14.03333,25.38333,23.65,23.575,576.4409,0.9980104,33
2022-04-15 08:12:00,4.768724,1139.395,239.1351,13.77366,13.08315,14.19954,4.063333,297.3167,1207.139,14.04167,25.575,23.75,23.71667,581.0276,0.9978857,33
2022-04-15 08:13:00,4.804039,1147.657,239.1546,13.84741,13.08222,14.24303,4.113333,295.7833,1213.498,14.09167,25.84167,24.04167,23.95833,585.4225,0.9978886,33
2022-04-15 08:14:00,4.827847,1153.023,239.1524,13.96359,13.07718,14.28257,4.142,295.9833,1224.939,14.3,26.35833,24.50833,24.41667,588.3973,0.9978865,33
2022-04-15 08:15:00,4.857263,1161.175,239.2668,13.98043,13.07808,14.32399,4.158667,295.9667,1230.939,14.25833,26.375,24.50833,24.525,592.5235,0.9979808,33
2022-04-15 08:16:00,4.897612,1171.123,239.3563,13.87562,13.07807,14.36673,4.183333,296.9666,1242.728,14.03333,26.4,24.51666,24.53333,597.7148,0.9980094,33
2022-04-15 08:17:00,4.938736,1180.427,239.2725,13.86366,13.07806,14.40815,4.23,295.95,1250.459,13.99167,26.54167,24.70833,24.60833,602.2249,0.9980327,33
2022-04-15 08:18:00,4.970233,1188.713,239.432,13.93297,13.0776,14.45352,4.262,295.9583,1260.097,14.225,26.65833,24.75,24.74167,606.2263,0.9980726,33
2022-04-15 08:19:00,5.000125,1195.754,239.428,14.07071,13.07759,14.49494,4.286666,295.925,1268.204,14.39167,27.04167,25.10833,25.08333,609.6425,0.9981039,33
2022-04-15 08:20:00,5.039055,1205.363,239.4154,14.14809,13.07301,14.53786,4.340667,294.5833,1277.893,14.4,27.15833,25.09167,25.08333,614.2005,0.9981406,33
2022-04-15 08:21:00,5.074367,1212.741,239.311,14.26212,13.07255,14.5774,4.369334,294.7,1286.746,14.55,27.34167,25.30833,25.275,618.2115,0.9982358,33
2022-04-15 08:22:00,5.102763,1220.419,239.4299,14.25716,13.07254,14.62579,4.392667,294.7,1294.278,14.48333,27.69167,25.54167,25.43333,621.6469,0.9981973,33
2022-04-15 08:23:00,5.127271,1226.529,239.4419,14.20793,13.07254,14.67135,4.401333,295.6083,1299.98,14.45,27.99167,25.81667,25.76666,625.6675,0.9981773,33
2022-04-15 08:24:00,5.167027,1235.513,239.3433,14.33183,13.07254,14.71164,4.461333,293.9,1310.513,14.675,28.15,25.88333,25.9,630.3503,0.9982387,33
2022-04-15 08:25:00,5.203374,1243.757,239.2191,14.24629,13.07253,14.75739,4.483333,294.3833,1318.397,14.425,28.10833,26.03333,25.88333,634.8891,0.9983065,33
2022-04-15 08:26:00,5.23214,1251.181,239.3287,14.17529,13.07162,14.80013,4.529334,293.1,1327.392,14.33333,28.375,26.11667,26.03333,638.1708,0.9983831,33
2022-04-15 08:27:00,5.260853,1258.539,239.3834,14.16628,13.07117,14.84795,4.573333,291.85,1333.867,14.275,28.53333,26.2,26.0,641.4431,0.998441,33
2022-04-15 08:28:00,5.297564,1266.505,239.242,14.26558,13.06753,14.89031,4.578667,293.4417,1342.642,14.4,28.41667,26.10833,25.825,645.5405,0.9984529,33
2022-04-15 08:29:00,5.332358,1275.506,239.321,14.35569,13.06668,14.93681,4.624667,292.475,1351.544,14.44167,28.45833,26.09167,26.05,649.6475,0.9985495,33
2022-04-15 08:30:00,5.365133,1283.801,239.4725,14.31711,13.06604,14.97823,4.644,293.4333,1361.99,14.23333,28.95,26.53333,26.5,654.3878,0.9984095,33
2022-04-15 08:31:00,5.389393,1290.088,239.5677,14.27675,13.06631,15.02699,4.690667,291.5667,1367.023,14.35,29.33333,26.88333,26.7,657.7656,0.9984035,33
2022-04-15 08:32:00,5.413301,1295.739,239.5951,14.3806,13.06641,15.06898,4.682667,293.3833,1373.22,14.55,29.78333,27.38333,27.16667,661.5272,0.99843,33
2022-04-15 08:33:00,5.439521,1302.059,239.5879,14.48368,13.06599,15.11303,4.732,291.925,1380.454,14.68333,29.95,27.50833,27.25,665.2599,0.9984562,33
2022-04-15 08:34:00,5.467348,1308.061,239.5031,14.49416,13.06292,15.15784,4.768667,290.9833,1387.148,14.58333,30.225,27.73333,27.49167,668.3018,0.998342,33
2022-04-15 08:35:00,5.492616,1314.494,239.4883,14.41695,13.06054,15.20623,4.792,290.7833,1392.588,14.45833,30.59167,28.03333,27.84167,672.0345,0.9984736,33
2022-04-15 08:36:00,5.53141,1324.384,239.5947,14.21232,13.06037,15.25292,4.826667,291.05,1403.8,14.25,30.60833,27.98333,27.94167,676.8804,0.9984846,33
2022-04-15 08:37:00,5.558822,1330.939,239.6129,14.25427,13.06025,15.29547,4.88,288.9833,1409.811,14.56667,30.84167,28.31667,28.06667,680.143,0.9984565,33
2022-04-15 08:38:00,5.600536,1341.436,239.6533,14.33717,13.06016,15.34385,4.888,291.0,1421.086,14.60833,30.7,28.1,28.175,685.603,0.9985248,33
2022-04-15 08:39:00,5.630346,1348.381,239.6975,14.34537,13.06002,15.38847,4.940667,289.4,1429.058,14.58333,31.275,28.625,28.56667,689.5757,0.9985324,33
2022-04-15 08:40:00,5.658412,1355.019,239.6788,14.40726,13.05953,15.43272,4.967333,289.0916,1435.193,14.60833,31.425,28.86667,28.69167,693.5292,0.9984944,33
2022-04-15 08:41:00,5.686637,1362.201,239.6997,14.36175,13.05711,15.47978,4.994667,289.1417,1443.356,14.55833,31.50833,28.99167,28.99167,696.8974,0.9984378,33
2022-04-15 08:42:00,5.73292,1373.986,239.7573,14.3053,13.05571,15.52365,5.056667,288.2083,1455.898,14.525,31.325,28.63333,28.65,702.7988,0.9984639,33
2022-04-15 08:43:00,5.772048,1382.446,239.7259,14.41277,13.05426,15.56921,5.048,290.3667,1464.995,14.76667,31.81667,28.93333,28.875,707.3184,0.9983971,33
2022-04-15 08:44:00,5.814478,1392.608,239.6755,14.65613,13.05421,15.61383,5.139333,287.2,1475.27,14.975,32.26667,29.50833,29.39166,713.4693,0.9984331,33
2022-04-15 08:45:00,5.839722,1398.094,239.6744,14.55239,13.05418,15.65808,5.134667,288.775,1482.199,14.79167,32.34167,29.625,29.275,716.6743,0.9984176,33
2022-04-15 08:46:00,5.86304,1403.675,239.6023,14.60642,13.05274,15.70778,5.154,288.8167,1487.793,14.875,32.28333,29.68333,29.24167,719.5435,0.9984906,33
2022-04-15 08:47:00,5.894621,1411.768,239.6425,14.29876,13.0541,15.74751,5.228,286.2,1495.494,14.525,32.325,29.63333,29.26666,723.3051,0.9985204,33
2022-04-15 08:48:00,5.925848,1418.933,239.6536,14.01583,13.05039,15.79665,5.216,288.45,1504.061,14.53333,32.7,30.00833,29.38333,726.8171,0.9984288,33
2022-04-15 08:49:00,5.945713,1425.39,239.9806,14.31727,13.04946,15.83807,5.259333,287.2583,1510.123,14.95833,33.1,30.16667,29.65833,730.3963999999999,0.9984787,33
2022-04-15 08:50:00,5.979809,1432.661,239.7696,14.55884,13.04852,15.87873,5.303333,286.2333,1516.992,15.01667,32.925,29.93333,29.54167,734.1867999999998,0.9984861,33
2022-04-15 08:51:00,6.006596,1438.309,239.7233,14.77283,13.0485,15.92278,5.321333,286.5833,1524.742,15.13333,33.24166,30.23333,30.025,738.0250999999998,0.9984979,33
2022-04-15 08:52:00,6.014635,1441.264,239.7316,14.83887,13.04848,15.96628,5.318,287.25,1527.113,15.39167,33.875,30.95833,30.61667,740.7310999999999,0.9984879,33
2022-04-15 08:53:00,6.053783,1449.281,239.5702,14.78423,13.04846,16.01184,5.383333,285.3,1534.9,15.21667,33.73333,30.83333,30.49167,745.1164,0.9984477,33
2022-04-15 08:54:00,6.093833,1459.091,239.6067,14.43721,13.04845,16.05627,5.41,285.9917,1546.311,14.78333,33.88334,30.90833,30.58333,749.9527,0.9984801,33
2022-04-15 08:55:00,6.122189,1466.157,239.69,14.47757,13.04843,16.10277,5.427333,286.3167,1553.206,14.99167,34.50834,31.51666,31.025,754.3668,0.9985065,33
2022-04-15 08:56:00,6.14496,1473.657,239.9141,14.47813,13.04751,16.1649,5.454667,286.2667,1560.658,14.85833,34.35833,31.39166,30.98333,758.9152,0.9985304,33
2022-04-15 08:57:00,6.182454,1482.95,239.9686,14.16365,13.04612,16.21253,5.539333,283.8083,1570.813,14.50833,33.85,30.88333,30.3,762.3313,0.998538,33
2022-04-15 08:58:00,6.226607,1491.212,239.6959,14.2712,13.04291,16.2581,5.561333,284.125,1579.888,14.825,34.05,31.10833,30.375,765.9202,0.998615,33
2022-04-15 08:59:00,6.25499,1495.749,239.3172,14.64972,13.04291,16.29745,5.563334,284.9583,1584.64,15.33333,34.50834,31.60833,30.71667,769.01,0.9987034,33
2022-04-15 09:00:00,6.273128,1500.172,239.281,14.99662,13.0429,16.33906,5.588667,284.3333,1588.456,15.55,34.825,31.85833,31.05,771.4665999999999,0.9986389,33
2022-04-15 09:01:00,6.304608,1507.004,239.1516,14.76362,13.04289,16.37595,5.617333,284.3167,1596.27,15.26667,35.04167,32.15,31.39166,776.1589,0.9986842,33
2022-04-15 09:02:00,6.343932,1518.277,239.3101,14.65637,13.04289,16.42359,5.66,284.45,1608.461,15.4,35.0,32.21666,31.26666,782.1178999999998,0.9987646,33
2022-04-15 09:03:00,6.392977,1529.595,239.3304,12.99385,13.04288,16.46708,5.702667,284.3917,1620.599,13.58333,34.14167,31.91667,30.75,788.0866,0.9987128,33
2022-04-15 09:04:00,6.452429,1542.69,239.2039,11.06264,13.04288,16.50643,5.726,285.6417,1634.624,11.925,33.175,31.15833,30.20833,792.7020999999999,0.9986085,33
2022-04-15 09:05:00,6.496033,1552.732,239.2203,10.39339,13.04242,16.5437,5.791334,284.4083,1645.892,11.35833,33.4,31.10833,30.075,795.696,0.9986351,33
2022-04-15 09:06:00,6.522898,1560.05,239.3049,10.56002,13.04287,16.57063,5.816,284.4417,1653.797,11.75833,33.66667,31.46667,30.23333,798.8914,0.9986789,33
2022-04-15 09:07:00,6.545387,1565.21,239.3391,10.77466,13.04287,16.60376,5.837333,284.125,1658.454,11.775,34.15,31.8,30.76666,801.9525,0.9987075,33
2022-04-15 09:08:00,6.566114,1570.74,239.3259,10.11917,13.04272,16.62447,5.836667,285.3833,1663.303,10.90833,33.78333,31.30833,30.275,804.15,0.9987221,33
2022-04-15 09:09:00,6.668048,1598.185,239.4143,9.612627,13.04243,16.64725,5.955333,284.3833,1691.291,10.61667,33.51667,31.25833,29.81667,816.7876999999999,0.998683,33
2022-04-15 09:10:00,6.774616,1623.085,239.5377,9.798813,13.04248,16.66175,5.999333,286.9417,1719.588,11.125,33.6,31.38333,29.75,829.1951,0.9986759,33
2022-04-15 09:11:00,2.46327,550.8325,237.5044,9.925468,13.04251,16.6721,2.036667,289.85,717.9258,11.0,32.63334,30.43333,28.84167,295.9738,0.9137806,33
2022-04-15 09:12:00,1.082297,198.4428,236.2128,9.738374,13.04308,16.6866,0.7833333,287.6667,225.1826,10.61667,30.00833,28.21667,26.475,116.1192,0.7753797,33
2022-04-15 09:13:00,4.659423,1120.028,237.987,10.0932,13.04537,16.6866,4.058,289.7,1054.068,11.34167,28.775,27.04167,25.4,556.5487,0.9263987,33
2022-04-15 09:14:00,6.890755,1650.38,239.5726,9.976522,13.04686,16.67832,6.030666,290.025,1747.342,11.31667,29.18333,27.625,26.03333,829.7133,0.9985477,33
2022-04-15 09:15:00,6.91115,1653.856,239.6416,9.806188,13.04626,16.65139,6.022666,290.9666,1752.338,11.20833,29.31667,27.975,26.39166,832.0834,0.9985685,33
2022-04-15 09:16:00,6.922191,1658.777,239.8065,9.749738,13.04745,16.6369,6.060667,289.9333,1756.503,11.08333,29.94167,28.49167,27.125,835.9217999999998,0.9985836,33
2022-04-15 09:17:00,6.941698,1663.245,239.875,9.759241,13.04727,16.61619,6.124667,287.8333,1762.12,10.64167,30.79167,28.90833,27.81667,840.7197,0.9986083,33
2022-04-15 09:18:00,6.942779,1664.227,240.0047,10.03633,13.04719,16.60169,6.138667,287.3,1763.621,11.00833,31.875,29.6,28.725,842.4949,0.9986756,33
2022-04-15 09:19:00,6.961219,1667.697,239.7772,10.54676,13.04833,16.58719,6.187334,285.6333,1766.714,11.33333,32.61666,30.56667,30.025,848.3868,0.9986694,33
2022-04-15 09:20:00,7.003761,1678.31,239.7558,10.85746,13.04918,16.56648,6.232,285.3083,1777.127,10.96667,31.56667,30.36667,30.44167,855.2766,0.9985862,33
2022-04-15 09:21:00,7.044048,1688.595,239.7838,10.79197,13.05265,16.54577,6.23,287.2583,1787.92,10.30833,30.50833,29.725,30.10833,859.8442,0.9986734,33
2022-04-15 09:22:00,7.102468,1702.437,239.8219,10.48944,13.05209,16.53749,6.336,284.8,1803.792,10.35,30.3,29.90833,30.41667,867.3098,0.9986744,33
2022-04-15 09:23:00,7.141199,1711.766,239.8721,10.40628,13.05245,16.51471,6.326,286.925,1813.996,10.49167,29.61667,29.65833,30.59167,872.2996,0.9986516,33
2022-04-15 09:24:00,7.165828,1717.121,239.8379,10.04907,13.05233,16.50021,6.378666,285.5167,1820.75,10.24167,28.73333,29.38333,30.5,875.1879,0.9986093,33
2022-04-15 09:25:00,7.194984,1724.386,239.9029,10.04569,13.05137,16.48365,6.372667,286.9167,1827.142,10.475,28.4,29.425,30.71667,877.5389,0.9985802,33
2022-04-15 09:26:00,7.220881,1730.305,239.841,10.42692,13.05216,16.45465,6.386,287.275,1834.248,10.94167,28.91667,29.80833,31.275,881.3196,0.9986008,33
2022-04-15 09:27:00,7.219261,1728.543,239.8229,10.33728,13.05212,16.43808,6.375333,287.1417,1831.399,10.71667,28.69167,29.91667,31.55,880.4367999999998,0.9985755,33
2022-04-15 09:28:00,7.20342,1725.687,239.851,10.22652,13.05205,16.41323,6.388,286.2917,1828.65,10.59167,28.86667,30.09167,31.625,879.957,0.9986266,33
2022-04-15 09:29:00,7.218027,1728.692,239.7465,9.755983,13.05246,16.38838,6.364666,287.8833,1831.132,10.16667,29.4,30.35,31.69167,882.2120999999999,0.9986267,33
2022-04-15 09:30:00,7.222968,1729.52,239.7465,9.689762,13.05288,16.36146,6.400667,286.375,1833.691,10.21667,29.78333,30.725,31.98333,882.6726999999998,0.9986158,33
2022-04-15 09:31:00,7.218161,1728.89,239.8138,9.978565,13.05603,16.3368,6.404667,285.95,1831.183,10.625,30.38333,31.25,32.125,884.3423,0.9986755,33
2022-04-15 09:32:00,7.215169999999999,1728.886,239.8939,10.31509,13.05647,16.31194,6.413333,285.7667,1832.074,11.03333,30.54167,31.36667,32.40833,885.5322,0.9986083,33
2022-04-15 09:33:00,7.244246999999999,1734.804,239.6929,10.07695,13.05734,16.28502,6.423334,286.375,1838.826,10.45833,30.63333,31.56667,32.69167,889.7064,0.9985952,33
2022-04-15 09:34:00,7.270523,1741.501,239.6854,9.804721,13.05687,16.25603,6.45,286.375,1846.039,10.09167,29.96667,31.2,32.69167,892.3356999999999,0.9985712,33
2022-04-15 09:35:00,7.289085,1746.55,239.8459,10.04365,13.0573,16.23532,6.492,285.0916,1850.685,10.21667,30.11667,31.35,32.89167,894.9745,0.9986327,33
2022-04-15 09:36:00,7.316963,1753.364,239.7706,9.876905,13.05757,16.20839,6.556667,283.45,1857.232,10.41667,31.19167,31.975,33.18333,899.5997,0.9987257,33
2022-04-15 09:37:00,7.345386,1759.983,239.7886,10.1597,13.0577,16.18561,6.559333,284.4083,1864.405,10.80833,31.78333,32.66667,34.03333,905.9714,0.9986484,33
2022-04-15 09:38:00,7.401242,1770.621,239.463,10.39219,13.05759,16.15869,6.619333,283.425,1875.52,10.78333,31.925,32.94167,34.275,913.6,0.9985304,33
2022-04-15 09:39:00,7.424921,1777.4,239.5537,10.53248,13.05757,16.14212,6.648666,283.45,1883.46,10.95833,32.78333,33.475,34.71667,919.5207,0.998497,33
2022-04-15 09:40:00,7.446570999999999,1783.779,239.8637,10.39339,13.05749,16.12141,6.712,281.7,1890.151,10.60833,33.18333,33.75,35.025,923.9155,0.9984985,33
2022-04-15 09:41:00,7.474176,1793.472,240.1167,10.75284,13.05764,16.10898,6.775333,280.5333,1899.255,11.075,32.825,33.80833,35.4,929.7018,0.9983511,33
2022-04-15 09:42:00,7.53824,1810.084,240.2079,10.6258,13.05786,16.09242,6.807333,281.9417,1917.416,10.675,32.5,33.7,35.53333,938.2421,0.998333,33
2022-04-15 09:43:00,7.625662,1831.67,240.2152,10.59133,13.05776,16.07999,6.870667,282.6083,1940.089,10.56667,31.68333,33.28333,35.74166,950.2273,0.9983566,33
2022-04-15 09:44:00,7.647539,1833.54,240.1352,10.80927,13.05771,16.06757,6.921333,280.625,1942.371,10.925,32.40833,33.85833,36.10833,951.4077,0.9983134,33
2022-04-15 09:45:00,7.63461,1831.72,240.2839,11.05584,13.05804,16.06192,6.941333,279.4167,1939.562,11.19167,32.51667,34.00834,36.45,951.945,0.9982095,33
2022-04-15 09:46:00,7.644375,1835.098,240.2901,11.24293,13.05764,16.04497,6.933334,280.625,1944.463,11.23333,32.33333,33.95,36.65833,954.3727,0.9982448,33
2022-04-15 09:47:00,7.672164999999999,1839.46,240.1389,11.00342,13.05829,16.04497,6.941333,281.0333,1950.922,10.66667,32.15833,33.84167,36.79167,957.7505000000002,0.9982156,33
2022-04-15 09:48:00,7.679872999999999,1842.085,240.0835,11.20338,13.05748,16.04497,6.977333,279.725,1950.746,11.06667,32.18333,33.9,36.76667,959.8616,0.998271,33
2022-04-15 09:49:00,7.724054,1853.915,240.2073,11.06703,13.05484,16.04497,7.022667,279.8,1964.006,11.21667,32.04167,33.94167,36.85833,966.0317,0.9982895,33
2022-04-15 09:50:00,7.749943,1857.867,240.1038,10.72566,13.05359,16.04497,7.061333,278.9417,1970.319,10.95833,32.6,34.275,36.78333,968.066,0.9982452,33
2022-04-15 09:51:00,7.713705,1849.656,240.1935,10.44205,13.05317,16.04497,7.014667,279.45,1959.873,10.79167,33.13334,34.48333,36.3,964.1509,0.998244,33
2022-04-15 09:52:00,7.723618,1852.655,240.1973,10.47812,13.05331,16.04497,7.066,277.7667,1962.734,11.075,33.6,34.78333,36.50834,966.9048,0.9982094,33
2022-04-15 09:53:00,7.745704,1858.984,240.1177,10.50286,13.05334,16.04497,7.044,279.7083,1968.196,10.85,33.39167,34.41667,36.53333,969.9276,0.9982719,33
2022-04-15 09:54:00,7.814720999999999,1876.076,240.2558,10.32603,13.05295,16.04497,7.075333,280.9917,1987.27,10.725,33.73333,34.725,36.43333,979.9648,0.9982083,33
2022-04-15 09:55:00,7.894682,1895.369,240.267,10.61536,13.05346,16.04497,7.187334,279.7417,2008.62,10.88333,32.5,34.125,36.325,988.553,0.998292,33
2022-04-15 09:56:00,7.870223,1885.701,240.2782,10.37274,13.0535,16.04497,7.145333,279.65,1999.967,10.69167,33.40833,34.59167,36.58333,983.4001,0.9982228,33
2022-04-15 09:57:00,7.830267,1879.428,240.3068,10.69173,13.05355,16.04497,7.146667,278.75,1991.953,11.05833,33.95,35.14167,37.0,981.8456,0.9982502,33
2022-04-15 09:58:00,7.812017,1876.904,240.6375,10.331,13.05357,16.04497,7.154667,277.8917,1988.407,10.65,34.38334,35.575,37.41667,980.9532,0.9982134,33
2022-04-15 09:59:00,7.818049,1877.996,240.5187,10.64436,13.05362,16.04497,7.169334,277.475,1988.811,11.05833,34.775,35.90833,38.15,983.4769,0.9982877,33
2022-04-15 10:00:00,7.813776,1875.992,240.4372,10.74477,13.05317,16.04497,7.206,275.8583,1987.681,11.125,35.475,36.475,38.69167,986.0774,0.9982421,33
2022-04-15 10:01:00,7.818187,1877.905,240.545,10.79425,13.05366,16.04497,7.192667,276.7333,1990.861,10.49167,35.43333,36.45833,39.20833,989.1096,0.9983585,33
2022-04-15 10:02:00,7.804829,1874.833,240.4662,11.11015,13.05277,16.04497,7.141333,278.0833,1984.964,10.93333,35.55833,36.64167,39.45,988.9944,0.9983034,33
2022-04-15 10:03:00,7.853252,1887.326,240.3853,10.92067,13.05278,16.04497,7.250667,275.9833,1999.146,11.08333,36.19167,37.1,39.53333,995.9035,0.9983901,33
2022-04-15 10:04:00,7.904477,1898.426,240.4534,10.55773,13.05052,16.06004,7.267334,277.1,2012.861,10.65,36.15,37.225,39.96667,1004.453,0.9983558,33
2022-04-15 10:05:00,7.941864,1907.011,240.4009,11.23469,13.04915,16.06757,7.362,274.7833,2022.077,11.15,35.6,36.85833,40.04167,1010.192,0.9983411,33
2022-04-15 10:06:00,7.970246999999999,1913.33,240.312,11.44357,13.04825,16.07792,7.402,274.1917,2028.534,11.29167,35.94167,37.20833,40.26667,1013.953,0.9983222,33
2022-04-15 10:07:00,7.998913,1920.323,240.3995,11.53445,13.04826,16.09242,7.451334,273.125,2035.136,11.51667,35.725,37.15833,40.76667,1018.06,0.9982503,33
2022-04-15 10:08:00,8.028935,1929.123,240.4937,11.49333,13.04827,16.10484,7.460667,274.45,2043.138,11.30833,36.30833,37.79167,41.075,1024.633,0.9982342,33
2022-04-15 10:09:00,7.590378,1835.557,240.0052,11.38865,13.04828,16.11727,7.105333,273.1833,1939.714,11.625,36.76667,37.90833,41.0,961.7327,0.9981368,33
2022-04-15 10:10:00,8.193908,1967.787,240.3215,10.8931,13.04829,16.14212,7.648666999999999,272.8583,2085.398,11.34167,37.11666,38.18333,41.11666,1046.214,0.9982014,33
2022-04-15 10:11:00,8.268352999999998,1988.147,240.5204,11.28789,13.04601,16.15455,7.72,273.1,2105.949,11.6,36.8,38.125,41.50834,1059.677,0.9981785,33
2022-04-15 10:12:00,8.380281999999998,2016.386,240.6589,11.19067,13.0483,16.18768,7.884666,271.2333,2136.526,11.53333,37.625,38.61666,41.90833,1076.873,0.9981778,33
2022-04-15 10:13:00,8.471673,2037.47,240.6139,11.41837,13.04831,16.21668,7.998,270.3667,2159.609,11.875,38.40833,39.18333,42.35,1091.584,0.9981974,33
2022-04-15 10:14:00,7.963757,1871.357,240.3907,11.64749,13.04465,16.24153,7.439333,271.2083,2120.233,12.13333,38.975,39.675,42.14167,1016.861,0.9976358,33
2022-04-15 10:15:00,2.257857,516.212,237.5854,11.63378,13.04694,16.26431,2.066667,272.9083,584.2527,11.625,35.60833,36.9,39.925,280.5822,0.9766192,33
2022-04-15 10:16:00,5.782858,1416.931,239.3734,11.28757,13.04328,16.28295,5.484667,272.4583,1505.802,11.25,35.35,36.475,39.06667,735.914,0.992721,33
2022-04-15 10:17:00,6.646551,1639.72,239.5261,10.88245,13.04283,16.30366,6.091333,281.7333,1591.549,11.06667,34.59167,35.44167,38.35,840.5662,0.994979,33
2022-04-15 10:18:00,8.266495,1985.193,240.6189,11.51081,13.04283,16.32361,7.594667,277.05,2106.777,11.675,34.70833,35.91667,39.30833,1043.422,0.9981257,33
2022-04-15 10:19:00,8.200255,1969.563,240.6241,11.62553,13.04283,16.34075,7.567332999999999,275.9917,2088.695,11.44167,34.93333,36.30833,39.7,1038.711,0.9981799,33
2022-04-15 10:20:00,8.221919,1975.696,240.5894,11.28347,13.04284,16.36353,7.593333999999999,275.95,2093.844,11.3,36.45833,37.2,40.275,1047.769,0.9982147,33
2022-04-15 10:21:00,8.274387,1990.148,240.6106,11.02045,13.04284,16.38424,7.676667,275.0667,2109.655,11.46667,37.16667,37.85833,40.59167,1058.814,0.9981947,33
2022-04-15 10:22:00,8.390558999999998,2017.444,240.589,10.82297,13.04147,16.40702,7.838667,273.2083,2138.45,11.09167,37.69167,38.14167,40.58333,1075.885,0.9981905,33
2022-04-15 10:23:00,8.48117,2040.279,240.7294,10.98521,13.04284,16.43187,7.896667,274.225,2165.251,11.34167,38.50834,38.91667,41.225,1092.178,0.9981621,33
2022-04-15 10:24:00,8.403289,2018.848,240.8428,11.1729,13.0428,16.45051,7.858666999999999,272.2,2141.455,11.71667,39.25,39.41667,41.65,1081.498,0.9981427,33
2022-04-15 10:25:00,8.425748,2027.091,240.5858,11.25048,13.0424,16.45879,7.904,272.3,2148.555,11.74167,38.64167,39.36666,42.2,1088.129,0.9982039,33
2022-04-15 10:26:00,2.933752,680.2803,237.8226,11.38217,13.04229,16.48986,2.680667,272.9333,878.6024999999998,11.64167,37.56667,38.28333,40.70833,377.9127,0.9612689,33
2022-04-15 10:27:00,2.878121,671.0468,237.4981,11.25283,13.04205,16.49814,2.595333,279.9333,713.8821,11.31667,34.675,35.775,38.16667,357.5407,0.9738991,33
2022-04-15 10:28:00,8.040955,1976.187,240.1127,11.50676,13.04187,16.51678,7.487332999999999,276.025,1930.108,11.26667,34.075,35.05,37.96667,1015.182,0.998652,33
2022-04-15 10:29:00,8.670341,2084.281,240.7129,11.81212,13.04177,16.53749,8.007334,276.0333,2209.894,11.70833,34.38334,35.41667,38.55,1100.066,0.9983048,33
2022-04-15 10:30:00,8.701997999999998,2092.999,240.7681,11.80601,13.04111,16.57477,8.065333,275.3167,2219.418,11.44167,34.96667,35.70833,39.03333,1107.042,0.9982991,33
2022-04-15 10:31:00,8.613491,2079.436,240.7202,11.87623,13.04152,16.60169,8.079333,273.8167,2232.37,11.525,35.06667,35.83333,39.28333,1096.564,0.9983987,33
2022-04-15 10:32:00,3.226889,761.6273999999999,238.1998,11.93033,13.04137,16.61826,2.825333,287.675,936.3849,11.675,34.55,35.29167,38.56667,416.6798,0.9799141,33
2022-04-15 10:33:00,6.268688,1536.965,239.1394,12.02807,13.04131,16.64311,5.828667,278.3583,1480.026,11.45,33.44167,33.84167,37.16667,791.7138,0.9892569,33
2022-04-15 10:34:00,7.098664,1667.216,239.4878,12.27742,13.04077,16.66175,6.593334,273.6667,1798.582,11.875,33.68333,34.38334,37.81667,880.552,0.9912767,33
2022-04-15 10:35:00,8.756795,2100.68,240.4469,11.93118,13.03886,16.66382,8.062666999999998,276.9333,2226.292,11.80833,33.46667,34.75,38.23333,1108.146,0.9979246,33
2022-04-15 10:36:00,8.727594,2095.851,240.6106,12.2122,13.03882,16.69074,8.140667,273.1917,2224.644,12.525,34.4,35.60833,39.03333,1109.077,0.9980965,33
2022-04-15 10:37:00,8.689698,2086.405,240.6674,12.11623,13.03644,16.69903,8.046666999999998,274.9917,2214.316,12.73333,35.9,36.975,39.675,1109.557,0.9981158,33
2022-04-15 10:38:00,8.672162999999998,2084.594,240.7455,12.09483,13.03597,16.71974,8.096667,273.175,2211.361,12.725,37.14167,37.925,40.525,1113.424,0.9980552,33
2022-04-15 10:39:00,8.721349,2098.81,240.8329,12.07488,13.03545,16.7363,8.226,270.7333,2225.467,12.49167,38.325,38.875,41.5,1126.618,0.9980565,33
2022-04-15 10:40:00,8.768122,2109.104,240.8559,11.80439,13.03542,16.76323,8.301999999999998,269.375,2234.771,12.25833,39.01667,39.48333,42.06667,1136.732,0.9980817,33
2022-04-15 10:41:00,8.795656,2115.789,240.9355,11.79919,13.03539,16.78601,8.310667,270.1167,2244.385,12.29167,39.70833,40.20833,42.64167,1143.257,0.9980354,33
2022-04-15 10:42:00,8.764431999999998,2106.656,240.8263,12.01755,13.0349,16.81293,8.320000999999998,268.2083,2233.184,12.325,38.925,40.2,43.20833,1139.793,0.9980488,33
2022-04-15 10:43:00,8.658562,2080.614,240.9234,12.31973,13.03169,16.83571,8.236667,267.7417,2209.861,12.79167,39.875,40.98333,44.09999,1125.121,0.9980063,33
2022-04-15 10:44:00,8.011207,1923.59,240.6633,12.33911,13.02982,16.8647,7.47,272.5333,2057.391,12.85,40.03333,41.44167,44.28333,1034.181,0.997595,33
2022-04-15 10:45:00,7.013223,1675.51,240.1119,12.3486,13.02981,16.89784,6.652667,266.4917,1810.323,12.875,40.08333,41.16667,43.54167,890.5508,0.9974124,33
2022-04-15 10:46:00,3.730356,857.0547,238.5796,12.66433,13.02979,16.9434,3.514,255.4333,974.4512,13.44167,38.4,39.25,41.1,469.217,0.9818165,33
2022-04-15 10:47:00,2.010609,474.1104,237.2731,13.05492,13.02886,16.98087,1.882667,272.3167,514.6885,13.79167,35.675,36.66667,38.10833,252.0729,0.9700159,33
2022-04-15 10:48:00,3.730208,892.8748,237.7856,13.44842,13.02977,17.01815,3.510667,280.625,830.9811999999998,14.04167,34.30833,34.98333,36.4,478.2851,0.9779954,33
2022-04-15 10:49:00,7.451613,1748.991,239.6065,13.61336,13.02975,17.04714,6.813334,270.0333,1855.264,13.33333,34.06667,34.75834,36.7,914.9531,0.9921992,33
2022-04-15 10:50:00,2.037067,399.7472,237.143,13.48723,13.02974,17.07199,1.473333,274.8917,555.4385,13.075,33.88334,34.3,35.78333,221.4718,0.9542515,33
2022-04-15 10:51:00,1.40802,312.5102,236.462,13.53542,13.02973,17.10098,1.221333,283.725,344.0999,13.20833,31.85833,32.31667,33.58333,174.884,0.9392989,33
2022-04-15 10:52:00,5.786176,1343.652,238.2283,13.68553,13.02973,17.12998,5.113333,284.275,1293.303,13.475,31.26666,31.43333,32.54167,705.2649,0.9852878,33
2022-04-15 10:53:00,9.052758,2172.019,240.2401,13.96069,13.0288,17.1569,8.286666999999998,277.3,2309.398,14.275,33.375,33.04167,34.0,1135.792,0.998138,33
2022-04-15 10:54:00,8.96939,2152.282,240.3956,14.47651,13.02697,17.17968,8.272,275.425,2270.972,15.175,35.88333,35.23333,36.23333,1137.759,0.9981356,33
2022-04-15 10:55:00,9.005101,2161.963,240.2392,15.02468,13.02468,17.21282,8.422,271.9417,2294.668,15.3,37.1,36.63334,37.96667,1154.244,0.9981515,33
2022-04-15 10:56:00,9.070352,2177.469,240.2817,15.12172,13.02421,17.24802,8.524667,270.95,2308.531,15.18333,38.44167,38.10833,39.38334,1172.496,0.9981586,33
2022-04-15 10:57:00,9.048751,2167.545,240.2171,14.94412,13.02421,17.28267,8.553333,268.4083,2294.018,14.83333,39.60833,39.24166,40.33333,1172.611,0.9981825,33
2022-04-15 10:58:00,8.912152,2134.147,240.0408,14.91421,13.0242,17.32898,8.415333999999998,268.1833,2260.718,15.01667,40.33333,40.125,41.26667,1158.62,0.9981704,33
2022-04-15 10:59:00,8.765425999999998,2100.533,240.4101,14.11864,13.02356,17.37247,8.316667,268.2167,2234.001,14.675,40.81667,40.5,41.54167,1138.632,0.9981825,33
2022-04-15 11:00:00,8.687977999999998,2081.282,240.0583,14.09144,13.0233,17.42218,8.263332999999998,268.6417,2218.78,15.0,41.775,41.30833,41.95833,1131.915,0.9980764,33
2022-04-15 11:01:00,8.749002,2095.652,240.0351,13.94764,13.0229,17.46981,8.300667,267.7083,2222.349,14.75,42.30833,41.85,42.34167,1141.568,0.9981353,33
2022-04-15 11:02:00,8.788659,2107.453,240.0921,13.71405,13.01835,17.51556,8.420667,265.8083,2236.474,14.625,42.8,42.20833,42.65,1151.701,0.9982309,33
2022-04-15 11:03:00,8.776752999999998,2103.747,240.067,13.35776,13.01842,17.56112,8.356,266.5833,2229.867,14.43333,43.3,42.675,42.59167,1151.011,0.9982019,33
2022-04-15 11:04:00,8.703716,2088.124,240.1841,12.76143,13.01798,17.61252,8.370667,264.7417,2214.169,14.01667,43.19167,42.625,42.50834,1144.553,0.9982135,33
2022-04-15 11:05:00,8.323271999999998,2000.702,240.1844,12.68835,13.01802,17.65657,8.128,259.7333,2117.792,14.21667,44.49166,43.49166,43.65833,1097.111,0.9985266,33
2022-04-15 11:06:00,8.413821999999998,2021.286,240.4025,12.8223,13.01804,17.70552,8.118667,264.6083,2147.983,14.08333,44.8,43.95,43.85,1108.952,0.9982247,33
2022-04-15 11:07:00,8.560508,2056.534,240.5764,13.19789,13.01623,17.7541,8.232666999999998,264.4583,2178.397,14.55833,44.45833,43.58333,43.86666,1132.145,0.9981377,33
2022-04-15 11:08:00,8.575618,2061.311,240.5773,14.19977,13.01351,17.79966,8.328666999999998,263.5667,2188.784,15.25833,43.72499,42.20833,42.55833,1131.205,0.9982184,33
2022-04-15 11:09:00,8.665026,2082.392,240.5657,14.6969,13.0126,17.85143,8.375999999999998,263.6667,2208.324,15.54167,44.08333,42.58333,42.5,1140.378,0.998117,33
2022-04-15 11:10:00,8.694891,2089.175,240.5963,15.03183,13.01309,17.89718,8.349334,266.5833,2225.277,15.85,43.95833,42.49166,42.3,1145.867,0.9981076,33
2022-04-15 11:11:00,8.669855,2083.688,240.6118,15.79816,13.01295,17.94877,8.349999999999998,263.2417,2202.639,16.41667,43.00833,41.525,41.48333,1141.472,0.99817,33
2022-04-15 11:12:00,8.507771,2041.368,240.5499,16.40252,13.01267,17.99471,8.278,261.9167,2165.781,16.99167,43.375,41.375,41.525,1119.594,0.9980796,33
2022-04-15 11:13:00,8.645535,2076.209,240.5281,16.7198,13.01202,18.05251,8.293334,266.125,2206.016,17.10833,43.97499,41.9,41.8,1139.812,0.9980801,33
2022-04-15 11:14:00,8.638066,2074.021,240.563,16.9953,13.01051,18.10579,8.311999999999998,264.8083,2201.691,17.28333,44.35833,41.90833,41.65833,1139.006,0.9981027,33
2022-04-15 11:15:00,8.611603,2067.801,240.529,17.22997,13.00663,18.16509,8.283334,264.8083,2193.678,17.48333,44.8,42.74166,42.3,1137.74,0.9981963,33
2022-04-15 11:16:00,8.614518,2067.707,240.3965,17.1345,13.00656,18.22515,8.308667,265.075,2202.201,17.05,44.74166,42.625,42.13334,1138.114,0.9981883,33
2022-04-15 11:17:00,8.609873999999998,2068.234,240.5706,16.92086,13.00637,18.28088,8.291333,263.6,2185.486,16.95833,44.89167,42.81667,42.375,1138.344,0.9981176,33
2022-04-15 11:18:00,8.615508,2072.376,240.8261,16.77604,13.00265,18.3447,8.310667,264.7417,2198.704,16.825,44.48333,42.26667,41.95833,1140.801,0.9980696,33
2022-04-15 11:19:00,8.668334,2086.857,240.9819,16.5215,13.00071,18.40438,8.316667,266.05,2211.485,16.775,44.25,42.075,41.35,1146.846,0.9981108,33
2022-04-15 11:20:00,8.687466,2091.72,240.9178,16.46465,13.00062,18.47028,8.29,267.4666,2216.446,16.775,43.84166,41.78333,41.00834,1149.36,0.9981512,33
2022-04-15 11:21:00,8.741317,2103.234,240.9504,15.74479,13.00057,18.53297,8.374667,268.325,2246.97,15.91667,43.48333,41.225,40.29167,1152.536,0.9981993,33
2022-04-15 11:22:00,8.744115,2102.672,240.8559,15.48583,13.00047,18.59492,8.311334,267.0583,2219.437,16.4,43.875,42.05,40.73333,1151.548,0.9982018,33
2022-04-15 11:23:00,8.758153,2106.383,240.7543,15.52651,12.99999,18.65761,8.445333,264.65,2234.385,16.58333,44.63333,42.79167,41.55,1156.653,0.998201,33
2022-04-15 11:24:00,8.787745,2114.115,240.8686,14.9091,12.99534,18.7139,8.479333,264.7,2244.134,15.80833,45.34166,43.55,42.68333,1164.483,0.9981885,33
2022-04-15 11:25:00,8.778629999999998,2113.324,240.9048,14.28885,12.99485,18.77227,8.531333,263.0333,2243.68,15.15833,45.55,44.15833,43.4,1166.345,0.9981377,33
2022-04-15 11:26:00,8.826142,2123.079,240.7134,14.02167,12.99481,18.83176,8.554,264.3416,2259.4,15.05,45.96666,44.24166,43.60833,1173.062,0.9981709,33
2022-04-15 11:27:00,8.824365999999998,2125.313,240.7225,13.47977,12.99478,18.89012,8.542666,264.05,2255.152,14.89167,46.56667,45.05,44.18333,1177.466,0.9984261,33
2022-04-15 11:28:00,8.437001,2042.975,240.3716,13.33137,12.99476,18.94642,8.279999999999998,259.4417,2147.672,14.58333,47.33333,45.65833,45.20833,1131.09,0.9962454,33
2022-04-15 11:29:00,8.832934,2122.716,240.866,13.70669,12.99472,18.99838,8.66,260.4917,2258.113,14.89167,47.11666,45.85833,45.61666,1182.379,0.9981651,33
2022-04-15 11:30:00,6.484868,1509.351,239.8248,13.83597,12.99471,19.05467,6.17,266.5583,1783.7,13.71667,45.80833,44.88333,45.725,842.6965,0.993094,33
2022-04-15 11:31:00,2.907326,753.2695,237.6293,14.0023,12.99468,19.10871,2.930667,265.1417,629.1484,13.50833,43.24166,42.85,43.76666,383.2959,0.9753434,33
2022-04-15 11:32:00,6.740125,1602.903,239.6417,14.56235,12.99421,19.1586,6.222,273.1333,1847.076,14.36667,43.65,43.21666,44.31667,899.9068,0.9929069,33
2022-04-15 11:33:00,4.881441,1160.969,238.5534,15.23929,12.99419,19.20755,4.446667,275.875,1085.414,15.31667,42.11666,41.93333,42.45,622.0019,0.987855,33
2022-04-15 11:34:00,8.896435999999998,2133.948,240.6498,15.06238,12.99417,19.25725,8.668667,264.6167,2299.54,15.21667,42.6,42.36666,43.49166,1165.203,0.9981847,33
2022-04-15 11:35:00,8.957525999999998,2152.172,240.8323,15.04316,12.99188,19.30281,8.643333,264.1583,2286.743,15.625,43.7,43.60833,44.425,1184.164,0.9981311,33
2022-04-15 11:36:00,8.913693999999998,2143.666,240.733,15.54012,12.98958,19.35026,8.658666999999998,262.8083,2272.052,16.025,43.97499,43.95833,45.14166,1185.143,0.998195,33
2022-04-15 11:37:00,9.0798,2176.79,240.9158,15.65104,12.98911,19.40542,8.900665999999998,259.9583,2318.964,15.375,45.23333,45.15,46.75,1214.746,0.9981754,33
2022-04-15 11:38:00,2.812964,645.6799,237.9731,15.67733,12.9891,19.45513,2.654667,261.575,830.7068,15.325,44.19167,44.15833,45.6,366.8487,0.9776015,33
2022-04-15 11:39:00,6.746296,1677.421,239.3266,15.04602,12.9891,19.5084,6.608,266.3583,1614.522,14.31667,42.525,42.51667,44.375,897.0952,0.9945524,33
2022-04-15 11:40:00,9.007737,2167.677,240.7432,15.08729,12.98909,19.5583,8.83,260.725,2295.64,14.84167,44.05,43.85,46.15833,1200.487,0.9982569,33
2022-04-15 11:41:00,2.154979,502.7198,237.7106,15.26757,12.98909,19.60706,2.030667,262.55,691.8201,14.65833,42.40833,42.14167,44.36666,287.3856,0.9707279,33
2022-04-15 11:42:00,5.095528,1306.497,238.7316,15.55635,12.98908,19.6545,4.989334,270.425,1191.12,15.1,40.50833,39.98333,41.65,654.8484,0.9884714,33
2022-04-15 11:43:00,8.926764,2144.997,240.8287,15.64472,12.98908,19.70044,8.593332999999998,264.8,2278.749,15.425,41.36666,41.25834,43.47499,1171.056,0.9981215,33
2022-04-15 11:44:00,8.836192,2123.421,240.7685,15.27671,12.98893,19.74243,8.508,264.725,2253.943,15.225,42.15,42.13334,44.66667,1165.068,0.9981826,33
2022-04-15 11:45:00,8.761732999999998,2106.355,240.8607,15.65557,12.98772,19.79307,8.474,263.775,2236.333,15.85833,43.08333,42.56667,44.99166,1161.326,0.998133,33
2022-04-15 11:46:00,8.761013,2105.918,240.6799,16.18215,12.98702,19.83788,8.440666999999998,264.7417,2233.453,16.64167,43.54167,43.38333,45.30833,1163.936,0.9981787,33
2022-04-15 11:47:00,8.801398,2117.918,240.8153,16.47981,12.98507,19.8857,8.556666,262.8333,2247.409,17.29167,44.09999,43.39166,44.49166,1173.11,0.998251,33
2022-04-15 11:48:00,8.896392,2140.823,240.7474,17.26584,12.98344,19.93183,8.607333,264.0333,2270.784,18.1,44.66667,43.65,44.71666,1190.123,0.9982058,33
2022-04-15 11:49:00,7.388784,1775.057,240.1496,17.8262,12.98246,19.98285,6.974,270.7417,1936.989,18.45833,45.275,44.375,45.15833,1015.258,0.997248,33
2022-04-15 11:50:00,3.030718,703.9212,238.0228,18.00777,12.98227,20.03594,2.740667,280.7917,850.0685999999998,18.175,43.81667,42.63334,43.45,428.7322,0.9825938,33
2022-04-15 11:51:00,8.502843,2039.504,239.9941,17.81843,12.98174,20.08677,7.98,271.9917,2019.887,17.325,42.84166,42.06667,43.625,1086.076,0.997855,33
2022-04-15 11:52:00,9.120765,2192.347,240.7802,17.92701,12.98026,20.14212,8.879333,261.9833,2328.305,17.63333,44.14166,42.83333,44.31667,1217.164,0.9981082,33
2022-04-15 11:53:00,5.7176,1348.641,239.2565,17.79464,12.97834,20.1907,5.594,260.8,1605.189,17.75833,44.35833,42.70833,43.46666,775.7270999999998,0.9812604,33
2022-04-15 11:54:00,1.652712,374.8667,237.1243,17.55234,12.97646,20.24718,1.526,266.925,417.265,17.49167,41.50834,39.70833,40.25,209.6977,0.9571822,33
2022-04-15 11:55:00,1.54848,350.4614,236.8544,17.41914,12.97634,20.295,1.409333,274.7167,385.6099,17.3,38.55833,36.64167,37.3,194.5171,0.9520844,33
2022-04-15 11:56:00,1.789724,408.7355,236.8732,17.3969,12.97632,20.33529,1.619333,278.4583,440.4973,17.35,36.075,34.23333,34.66667,221.7597,0.966685,33
2022-04-15 11:57:00,8.333911,2013.829,240.098,17.28697,12.97625,20.3737,7.567999999999999,280.85,1963.843,17.2,36.40833,34.55833,34.93333,1044.199,0.9965898,33
2022-04-15 11:58:00,9.544599,2298.884,241.2755,16.99674,12.97621,20.40985,8.995333999999998,271.3,2448.277,16.99167,38.05,36.44167,36.79167,1238.361,0.9981589,33
2022-04-15 11:59:00,9.299438,2240.729,241.4468,16.92098,12.97618,20.43997,8.868,268.3333,2381.907,17.05,39.55833,37.73333,38.05,1214.113,0.9981437,33
2022-04-15 12:00:00,9.032071,2178.311,241.143,17.34431,12.97613,20.47085,8.664666,266.6167,2311.312,17.71667,40.98333,38.98333,39.075,1165.827,0.9972577,33
2022-04-15 12:01:00,4.453916,1053.106,238.9567,17.60559,12.97612,20.50248,4.384,256.6667,1244.015,17.85833,40.60833,38.55833,38.525,629.3331,0.977482,33
2022-04-15 12:02:00,2.493441,586.9048,237.8974,17.21926,12.97563,20.53862,2.329333,270.5083,642.533,17.04167,37.9,35.83333,35.66667,314.8777,0.9861609,33
2022-04-15 12:03:00,8.743615,2106.053,240.5838,16.88036,12.97565,20.56799,8.202001,272.6583,2096.365,16.68333,37.825,35.9,35.94167,1112.416,0.9985933,33
2022-04-15 12:04:00,8.167103,1955.469,240.7337,16.85406,12.97477,20.58832,7.682667,270.6333,2225.736,17.01667,38.35833,36.29167,36.48333,1083.561,0.9933925,33
2022-04-15 12:05:00,7.562293,1816.124,240.207,16.75625,12.97499,20.62221,7.518,258.1667,1879.459,17.03333,38.59167,36.5,36.43333,950.2082,0.9910311,33
2022-04-15 12:06:00,7.717679999999999,1829.745,240.1672,16.80852,12.97528,20.63803,7.208666,273.0833,2008.102,17.15,38.28333,36.475,36.11666,1006.641,0.9915569,33
2022-04-15 12:07:00,1.912638,442.0391,237.5162,16.63663,12.97502,20.66288,1.736,276.675,520.8846,16.90833,36.54167,35.03333,34.33333,241.4024,0.9736316,33
2022-04-15 12:08:00,7.612159,1844.62,239.7331,16.30751,12.97403,20.67192,6.938667,279.5916,1778.473,16.5,35.11666,33.5,32.98333,909.1284,0.9949409,33
2022-04-15 12:09:00,9.358464,2252.284,241.1321,16.34395,12.97471,20.68999,8.714667,274.4917,2395.254,16.725,36.6,34.85,34.375,1199.719,0.9981783,33
2022-04-15 12:10:00,9.297811,2237.102,241.0018,16.32369,12.97464,20.68999,8.706666999999998,272.9667,2376.59,16.65,37.44167,35.66667,35.11666,1195.401,0.9982631,33
2022-04-15 12:11:00,7.779877,1861.243,240.1904,16.45859,12.9713,20.68999,7.284,273.0417,2030.385,16.96667,38.75834,37.08333,36.38334,1004.549,0.9883992,33
2022-04-15 12:12:00,7.864457,1902.175,239.8678,16.57098,12.97394,20.70581,7.355333,271.675,1984.616,16.86667,39.075,37.375,36.70833,1011.545,0.9971375,33
2022-04-15 12:13:00,9.281083,2227.563,240.6033,16.84427,12.97434,20.71711,8.785334,269.1833,2340.611,17.275,39.9,37.93333,37.59167,1200.41,0.998229,33
2022-04-15 12:14:00,9.08284,2184.718,240.9084,17.42212,12.97377,20.71711,8.578666999999998,270.5083,2323.07,17.96667,40.80833,38.48333,37.88334,1182.514,0.9982068,33
2022-04-15 12:15:00,8.970801,2158.211,241.0597,17.72356,12.97419,20.7284,8.504666,269.35,2292.599,18.14167,41.575,39.725,39.28333,1172.39,0.9982567,33
2022-04-15 12:16:00,8.880784,2133.297,240.9619,17.70184,12.97228,20.74421,8.404,269.775,2268.878,17.86667,42.08333,39.91667,39.75,1167.957,0.9981056,33
2022-04-15 12:17:00,8.842931,2127.271,240.8989,17.75778,12.9727,20.74647,8.391999999999998,269.1,2257.969,17.93333,42.26667,40.05,40.05833,1162.478,0.9982648,33
2022-04-15 12:18:00,8.816624,2118.907,240.7706,17.69427,12.96899,20.77133,8.380667,268.55,2251.46,17.91667,42.325,40.4,40.0,1157.286,0.9983084,33
2022-04-15 12:19:00,8.780111,2111.456,240.8954,17.44316,12.96895,20.78714,8.409333,266.525,2241.23,17.7,42.90833,40.93333,40.70833,1155.559,0.9982715,33
2022-04-15 12:20:00,8.771283,2111.631,241.0786,17.57234,12.96847,20.79844,8.437333,265.6917,2241.582,17.875,43.14167,41.1,40.85,1157.814,0.9983113,33
2022-04-15 12:21:00,8.811564,2122.114,240.9588,17.94985,12.96841,20.81199,8.442,266.8917,2251.216,18.40833,43.80833,41.65,41.53333,1167.717,0.998333,33
2022-04-15 12:22:00,7.966462,1912.824,240.3965,17.8393,12.9684,20.83233,7.683333,265.6083,2165.247,18.04167,44.025,41.93333,41.825,1082.199,0.9965894,33
2022-04-15 12:23:00,6.788947,1621.356,239.7596,17.70296,12.96792,20.85266,6.326666,272.9417,1658.503,17.78333,42.56667,40.575,40.28333,887.1826999999998,0.9934074,33
2022-04-15 12:24:00,7.654419,1858.403,240.4472,17.31571,12.96744,20.87525,7.443333,265.1167,2012.696,17.54167,42.925,41.05833,40.54167,991.4414,0.9980482,33
2022-04-15 12:25:00,3.764283,902.699,238.8794,17.52899,12.96834,20.89107,3.440666,279.85,966.1273,17.89167,41.9,40.31667,39.64167,446.1966,0.9901845,33
2022-04-15 12:26:00,3.77326,897.7949,238.6334,17.58817,12.96832,20.90688,3.491333,273.8833,919.4982,17.60833,39.76667,37.95833,37.50834,471.0306,0.9834408,33
2022-04-15 12:27:00,9.014636,2195.584,241.3224,17.4228,12.96694,20.9227,8.635333,268.3333,2239.913,17.45833,40.15833,38.175,38.04167,1152.191,0.9978261,33
2022-04-15 12:28:00,9.069583,2187.261,241.5847,17.10942,12.96463,20.93851,8.649333,268.5667,2323.821,17.25,40.94167,38.9,38.83333,1185.738,0.9981708,33
2022-04-15 12:29:00,9.082037,2192.769,241.6287,17.54027,12.966,20.9611,8.674666,268.4583,2326.763,17.98333,42.36666,40.425,40.225,1198.625,0.9982066,33
2022-04-15 12:30:00,9.058717,2189.061,241.7778,18.02244,12.96644,20.97692,8.774667,265.0667,2335.832,18.60833,43.35833,41.55,41.35833,1206.206,0.9979342,33
2022-04-15 12:31:00,9.246265,2230.733,241.6647,18.43839,12.96643,20.99725,9.009334,263.3,2361.023,19.00833,44.61666,42.13334,42.05833,1236.183,0.9982863,33
2022-04-15 12:32:00,8.9182,2155.867,241.503,18.68757,12.96277,21.01532,8.737999999999998,261.65,2292.262,18.98333,45.41667,42.70833,43.03333,1186.554,0.998346,33
2022-04-15 12:33:00,8.807280999999998,2121.6,241.4136,18.28007,12.96276,21.0447,8.596667,261.9083,2253.279,18.325,45.7,43.68333,43.84999,1177.543,0.9981785,33
2022-04-15 12:34:00,8.795009,2118.651,241.3288,18.64382,12.96276,21.07632,8.617333,260.9333,2249.791,18.94167,46.46666,44.09166,44.24166,1179.846,0.9981088,33
2022-04-15 12:35:00,8.435933999999998,2037.154,241.3693,18.39432,12.96275,21.1057,8.226666,262.2583,2161.795,18.5,46.78333,44.35833,44.53333,1128.518,0.99801,33
2022-04-15 12:36:00,8.808389,2123.605,241.404,18.7928,12.96229,21.13733,8.650000999999998,261.0083,2247.633,18.83333,45.80833,44.03333,44.64166,1184.337,0.9981606,33
2022-04-15 12:37:00,5.247542,1251.876,239.8905,19.0325,12.96183,21.17799,5.216667,254.6583,1327.761,19.25,45.31667,43.325,43.51666,686.0732,0.9863662,33
2022-04-15 12:38:00,8.647527,2098.852,241.3364,18.54602,12.95725,21.2164,8.868,250.7667,2227.751,18.75833,45.775,43.73333,43.99166,1169.847,0.9982757,33
2022-04-15 12:39:00,8.879479,2141.341,241.5922,18.97042,12.95679,21.25255,8.663332999999998,262.1833,2276.858,19.75,46.64166,45.025,45.46666,1196.169,0.9980443,33
2022-04-15 12:40:00,8.65116,2080.952,241.3885,19.33781,12.95679,21.29999,8.494666999999998,259.7833,2211.258,19.95,47.78333,45.75833,46.20833,1163.965,0.9978909,33
2022-04-15 12:41:00,8.512686999999998,2040.649,240.4659,19.40282,12.95404,21.34743,8.322001,260.0167,2165.592,19.6,47.84166,45.25,46.04167,1143.382,0.9979926,33
2022-04-15 12:42:00,8.435418,2022.059,240.386,19.30804,12.95267,21.39902,8.219334,260.9917,2146.773,19.24167,47.65833,45.43333,46.10833,1130.83,0.9980262,33
2022-04-15 12:43:00,8.357944,2004.05,240.3585,19.30365,12.95175,21.45136,8.152667,260.9417,2128.191,19.40833,48.05,45.63333,46.375,1121.187,0.9980839,33
2022-04-15 12:44:00,8.320537,1999.32,240.7019,19.09039,12.95038,21.50332,8.131999999999998,261.0833,2123.411,19.26667,46.99166,44.3,45.01666,1115.755,0.9980394,33
2022-04-15 12:45:00,8.313427,1996.081,240.6041,19.38076,12.94763,21.55303,8.09,261.9333,2119.596,19.95833,47.05,44.30833,45.09166,1111.725,0.9980271,33
2022-04-15 12:46:00,8.295315999999998,1993.132,240.7005,19.32089,12.94672,21.60405,8.048667,262.7417,2114.677,19.625,46.72499,43.575,44.05,1106.102,0.9980298,33
2022-04-15 12:47:00,8.337156999999998,2001.934,240.3366,19.08757,12.94671,21.65469,8.030666999999998,264.7583,2124.534,19.175,45.78333,42.84166,43.29167,1106.812,0.9981477,33
2022-04-15 12:48:00,8.388224,2012.097,240.1138,18.35105,12.9458,21.69762,8.050667,265.35,2134.886,18.45,45.36666,42.98333,43.06667,1110.996,0.9981307,33
2022-04-15 12:49:00,8.410705,2016.352,240.1235,17.97511,12.94625,21.74055,8.113334,263.8333,2141.125,18.26667,45.00833,42.775,42.58333,1111.62,0.9980863,33
2022-04-15 12:50:00,8.396729,2013.124,240.1552,18.20133,12.9458,21.78328,8.063333999999998,265.2417,2138.209,18.575,45.025,42.88333,42.525,1110.506,0.9981112,33
2022-04-15 12:51:00,8.391959,2013.127,240.2341,18.74425,12.9458,21.82413,8.105333,263.8333,2137.588,19.20833,44.2,41.65833,41.23333,1108.06,0.9981019,33
2022-04-15 12:52:00,8.423140999999998,2020.677,240.1592,18.81769,12.94488,21.86254,8.106667,264.7917,2145.536,19.05,43.05,40.29167,40.25833,1108.789,0.9981597,33
2022-04-15 12:53:00,8.456668,2028.988,240.1896,18.53795,12.94397,21.897,8.026667,268.6083,2155.691,18.7,42.25834,39.325,39.24166,1107.349,0.9982346,33
2022-04-15 12:54:00,8.463513,2029.391,240.1583,18.37201,12.94442,21.93258,8.028,268.575,2156.244,18.63333,42.13333,39.08333,39.26667,1105.056,0.998114,33
2022-04-15 12:55:00,8.473478999999998,2032.5,240.183,18.40438,12.94442,21.96195,8.042666,268.4666,2158.508,18.79167,42.0,38.91667,38.81667,1104.816,0.9980876,33
2022-04-15 12:56:00,8.482276,2035.402,240.3203,18.57297,12.94351,21.98907,8.022667,269.4417,2161.365,19.06667,42.18333,39.09167,39.25,1105.709,0.9980745,33
2022-04-15 12:57:00,8.483518,2035.641,240.3943,18.87417,12.94351,22.0126,8.089334,267.3083,2162.189,19.45,42.68333,39.69167,39.90833,1107.465,0.9980007,33
2022-04-15 12:58:00,8.477371,2033.129,240.2526,19.25695,12.94305,22.04555,8.042666,268.5083,2159.351,19.825,42.83333,39.60833,39.93333,1107.417,0.9980578,33
2022-04-15 12:59:00,8.445647,2025.877,240.356,19.38023,12.94305,22.06588,8.038667,267.5833,2151.562,19.7,43.15,40.2,40.36666,1103.799,0.9980526,33
2022-04-15 13:00:00,8.430564999999998,2023.568,240.326,19.23214,12.94488,22.09619,8.032666,267.5167,2148.119,19.46667,43.48333,40.71667,40.88334,1105.21,0.9979768,33
2022-04-15 13:01:00,8.476043,2034.115,240.2366,19.15214,12.94213,22.11332,8.126666999999998,265.9167,2159.694,19.41667,43.8,40.775,41.3,1112.618,0.9980409,33
2022-04-15 13:02:00,8.485124,2035.394,240.1879,19.01925,12.94213,22.14495,8.109999999999998,266.5833,2162.053,19.06667,43.85833,41.25834,41.675,1113.145,0.9981254,33
2022-04-15 13:03:00,8.525195,2042.284,239.9055,18.4738,12.94259,22.16754,8.194,264.7,2168.853,18.775,44.13333,41.75,42.20833,1119.191,0.9981045,33
2022-04-15 13:04:00,8.466635999999998,2031.002,240.4867,18.293,12.94076,22.19465,8.144667,264.775,2157.735,18.7,44.3,41.69167,42.31667,1114.757,0.9979827,33
2022-04-15 13:05:00,8.371378,2011.26,240.636,18.14088,12.94076,22.21913,8.001333,266.9167,2136.665,18.525,44.35,42.23333,42.05833,1102.523,0.99799,33
2022-04-15 13:06:00,8.380829,2013.466,240.5647,17.9497,12.94076,22.23532,8.009334,267.0083,2137.946,18.26667,44.10833,41.85833,41.975,1104.183,0.9979149,33
2022-04-15 13:07:00,8.401256,2017.326,240.5697,18.37667,12.94076,22.26243,8.093999999999998,264.7166,2142.723,18.90833,44.75833,42.625,42.73333,1107.532,0.9979751,33
2022-04-15 13:08:00,8.364981,2008.297,240.6185,18.97244,12.94076,22.28069,8.049334,264.775,2131.699,19.625,45.675,43.41667,43.56667,1105.881,0.9979859,33
2022-04-15 13:09:00,8.348853999999998,2005.329,240.5933,18.85982,12.94076,22.30761,8.070666,263.8,2129.156,19.05,46.0,43.78333,44.01667,1107.263,0.9979966,33
2022-04-15 13:10:00,8.344388,2003.359,240.5334,18.56926,12.94076,22.33473,8.059333,263.7833,2125.848,18.675,45.8,43.61666,43.49166,1107.82,0.9980237,33
2022-04-15 13:11:00,7.967065,1932.416,240.2053,18.29746,12.94076,22.36542,7.684667,265.6917,2044.216,18.48333,45.70833,43.65,43.5,1049.218,0.9978678,33
2022-04-15 13:12:00,7.865731,1887.865,239.97,18.81863,12.9403,22.40476,7.659334,261.85,1997.106,19.3,45.89166,43.80833,43.73333,1025.363,0.9985033,33
2022-04-15 13:13:00,4.982228,1149.369,238.7787,18.37774,12.93848,22.42566,4.814,259.1833,1262.816,18.625,44.81667,42.80833,42.64167,644.7248,0.9864178,33
2022-04-15 13:14:00,8.469526999999998,2030.535,240.3169,18.0218,12.93893,22.45447,8.234,261.5333,2138.887,18.25833,44.525,42.5,42.48333,1112.906,0.9980807,33
2022-04-15 13:15:00,8.373986999999998,2009.347,240.5851,17.87169,12.93802,22.4748,8.055333,264.7833,2134.694,18.20833,45.22499,43.425,43.3,1103.463,0.9979984,33
2022-04-15 13:16:00,8.28827,1988.717,240.572,17.81943,12.9371,22.49965,7.974667,264.7166,2112.729,18.49167,45.53333,43.875,43.95833,1094.27,0.9980185,33
2022-04-15 13:17:00,8.304814,1991.495,240.5703,18.00387,12.93619,22.52639,8.010667,264.6833,2118.967,18.675,44.76667,43.18333,42.96666,1093.829,0.9981956,33
2022-04-15 13:18:00,7.723213,1858.999,240.2641,18.36144,12.93528,22.55161,7.307333,269.475,1961.977,18.85833,44.74166,43.05833,42.64167,1012.648,0.9960661,33
2022-04-15 13:19:00,8.457293,2034.804,240.5996,18.69833,12.93528,22.57797,8.212666999999998,261.9833,2169.272,19.01667,45.25833,43.50833,43.34166,1127.136,0.9971507,33
2022-04-15 13:20:00,7.101091,1720.131,240.012,18.85274,12.93528,22.59454,6.979333,259.4917,1801.814,19.04167,45.05833,43.26667,43.22499,934.0391,0.9940581,33
2022-04-15 13:21:00,8.391679,2015.91,240.8704,19.05435,12.93528,22.61732,8.140667,262.9083,2141.717,19.225,45.35833,43.50833,43.65,1111.696,0.9980602,33
2022-04-15 13:22:00,8.317018,1997.606,240.838,19.21574,12.93528,22.64651,8.067332999999998,262.925,2122.581,19.31667,45.95833,43.86666,43.94167,1102.993,0.9979973,33
2022-04-15 13:23:00,8.235933,1978.986,240.72,19.71997,12.93528,22.67136,7.923333999999999,265.075,2101.293,19.73333,45.97499,43.65833,43.81667,1092.62,0.9980373,33
2022-04-15 13:24:00,8.190087999999998,1966.14,240.6381,19.71462,12.93345,22.69847,7.928,263.2833,2087.851,19.73333,45.55833,43.35833,43.90833,1086.152,0.9980767,33
2022-04-15 13:25:00,8.151422999999998,1956.501,240.5212,19.71762,12.93162,22.72765,7.841999999999999,264.8667,2077.399,19.575,45.34999,42.45833,43.25,1078.639,0.9980998,33
2022-04-15 13:26:00,8.110523,1941.939,239.9988,19.89397,12.92979,22.75739,7.844,262.6,2061.202,19.79167,45.425,43.04167,43.43333,1070.05,0.9980966,33
2022-04-15 13:27:00,8.074307,1935.366,240.0604,19.76826,12.92979,22.7911,7.760665999999999,264.725,2054.124,19.71667,44.86666,42.55833,43.13333,1063.669,0.9981753,33
2022-04-15 13:28:00,8.071135,1933.357,239.9742,19.08803,12.92979,22.81143,7.722,265.675,2052.051,18.80833,44.51666,42.71666,42.95833,1060.829,0.9982502,33
2022-04-15 13:29:00,8.029999999999998,1923.832,240.0282,19.16925,12.92979,22.84306,7.736,263.8,2041.58,19.00833,44.69167,42.825,43.24166,1055.906,0.998173,33
2022-04-15 13:30:00,8.013287,1920.29,239.9889,18.78869,12.92979,22.87036,7.698,264.7583,2037.176,18.625,44.0,42.39167,42.49166,1050.964,0.9981136,33
2022-04-15 13:31:00,8.036258,1926.966,240.0502,18.35118,12.92842,22.89728,7.687334,266.325,2046.33,18.25833,43.15833,41.18333,41.65,1050.024,0.9981585,33
2022-04-15 13:32:00,8.067403,1935.678,240.1965,18.16655,12.92939,22.91987,7.682667,267.525,2054.764,18.19167,42.65833,40.9,41.075,1050.715,0.9982145,33
2022-04-15 13:33:00,8.083595,1938.743,240.1332,18.02316,12.92937,22.92684,7.636,269.5083,2058.575,18.1,42.1,40.3,40.48333,1049.659,0.9981447,33
2022-04-15 13:34:00,8.031159,1925.262,240.0152,18.01487,12.92944,22.95376,7.646667,267.35,2044.777,18.14167,42.13334,40.68333,40.53333,1041.052,0.9980898,33
2022-04-15 13:35:00,7.973871,1909.648,240.0945,18.11209,12.92947,22.96732,7.583999999999999,267.3,2028.989,18.34167,42.55,41.125,41.19167,1032.684,0.9981027,33
2022-04-15 13:36:00,7.909975,1896.359,240.18,18.73453,12.92951,22.97862,7.520667,267.5667,2012.425,19.01667,42.5,40.90833,41.10833,1025.814,0.9981554,33
2022-04-15 13:37:00,7.908064,1896.472,240.1525,18.63389,12.92955,22.98088,7.470666999999999,269.4667,2013.688,18.68333,41.825,39.89167,40.2,1023.501,0.9982124,33
2022-04-15 13:38:00,7.901149,1892.673,239.9801,18.40982,12.92956,23.0029,7.459333,269.3416,2009.038,18.41667,41.96666,40.21667,40.175,1019.289,0.9981949,33
2022-04-15 13:39:00,7.877868999999999,1887.521,239.9821,18.45689,12.92917,23.01024,7.460667,268.5083,2003.187,18.56667,41.93333,40.20833,40.11666,1016.016,0.9982458,33
2022-04-15 13:40:00,7.868343,1884.887,239.9243,18.90553,12.92909,23.01024,7.418,269.7333,2001.082,19.11667,41.7,39.63334,39.80833,1014.155,0.9982271,33
2022-04-15 13:41:00,7.866298999999999,1885.174,239.9649,18.56938,12.92886,23.02248,7.404,270.4,2001.163,18.425,40.89167,39.21666,39.31667,1011.833,0.9982191,33
2022-04-15 13:42:00,7.878548,1887.57,239.8878,17.90272,12.92873,23.03227,7.410667,270.5,2004.405,17.95833,41.39167,39.74166,39.63334,1013.483,0.9983012,33
2022-04-15 13:43:00,7.869751,1884.942,239.8896,17.95292,12.92861,23.03717,7.424,269.5417,2001.929,18.36667,41.51667,39.8,39.325,1012.6,0.9983237,33
2022-04-15 13:44:00,7.84786,1880.85,239.9738,18.68905,12.92846,23.03961,7.356667,271.275,1994.934,18.95,41.26667,39.61666,39.15833,1009.424,0.9983245,33
2022-04-15 13:45:00,7.857513,1884.63,240.1008,18.43752,12.92841,23.03717,7.38,271.0333,1999.53,18.43333,40.98333,39.64167,39.06667,1011.084,0.998286,33
2022-04-15 13:46:00,7.871704,1887.499,240.0715,18.22042,12.92825,23.03717,7.36,272.3583,2003.993,18.36667,41.15833,39.81667,39.38334,1013.157,0.9983011,33
2022-04-15 13:47:00,7.887596,1891.191,240.0452,18.13976,12.92821,23.02003,7.376667,272.1083,2007.252,18.3,41.76667,40.29167,39.86666,1016.851,0.9982414,33
2022-04-15 13:48:00,7.912508,1896.993,240.0106,17.55928,12.92812,23.01024,7.423333999999999,271.3,2013.544,17.59167,41.18333,39.8,39.33333,1018.847,0.9982677,33
2022-04-15 13:49:00,7.904211,1892.481,239.918,17.50651,12.92806,22.99801,7.372667,272.55,2010.317,17.675,41.64167,40.28333,39.38334,1016.371,0.9982451,33
2022-04-15 13:50:00,7.832893,1876.049,240.0509,18.39747,12.92802,22.98088,7.389999999999999,269.4167,1992.314,18.93333,41.59167,39.825,39.48333,1007.658,0.998254,33
2022-04-15 13:51:00,7.781048,1864.028,240.0381,18.79334,12.92795,22.98088,7.258,272.5583,1978.441,19.025,41.04167,38.86666,38.54167,998.0242,0.9983289,33
2022-04-15 13:52:00,7.757476999999998,1858.39,239.9484,19.21036,12.92793,22.98088,7.280667,271.0083,1973.176,19.51667,40.825,38.54167,38.51667,993.2646,0.9983206,33
2022-04-15 13:53:00,7.748084999999999,1856.074,239.9034,19.1826,12.92787,22.98088,7.236665999999999,272.2583,1970.602,19.21667,40.55833,37.93333,37.825,989.6566,0.9982579,33
2022-04-15 13:54:00,7.731013,1852.714,240.0085,18.98179,12.92785,22.98088,7.222667,272.225,1966.256,18.99167,40.4,37.8,37.86666,986.941,0.9982595,33
2022-04-15 13:55:00,7.705134,1848.041,240.2288,19.02838,12.92782,22.98088,7.236666999999998,271.0167,1961.319,19.14167,40.825,38.175,38.19167,986.1541,0.9982854,33
2022-04-15 13:56:00,7.70244,1844.442,239.8732,19.22836,12.92779,22.9628,7.193333,272.1917,1958.518,19.34167,40.125,37.9,37.63334,982.8723,0.9982833,33
2022-04-15 13:57:00,7.669519,1836.88,239.9405,19.59774,12.92778,22.95376,7.135334,273.1583,1949.496,19.79167,40.3,37.91667,37.79167,978.5542,0.9981983,33
2022-04-15 13:58:00,7.636831,1827.347,239.7643,19.94819,12.92774,22.95376,7.097333,273.0833,1939.007,20.03333,40.775,38.89167,38.74166,975.3492,0.9981753,33
2022-04-15 13:59:00,7.620419,1822.258,239.5508,19.7768,12.92774,22.95376,7.136667,271.075,1934.447,19.51667,40.725,38.775,38.74166,974.0154,0.9980568,33
2022-04-15 14:00:00,7.60192,1818.239,239.6489,19.41796,12.92771,22.95376,7.111333,271.2833,1929.588,19.15,40.675,38.20833,38.53333,970.4553,0.9979603,33
2022-04-15 14:01:00,7.562041,1809.962,239.8336,19.7255,12.92789,22.95376,7.103333,270.3167,1920.894,19.575,40.6,38.73333,39.15833,966.5978,0.9980103,33
2022-04-15 14:02:00,7.546439999999999,1804.701,239.6006,19.70678,12.92813,22.95376,7.068666,270.9666,1915.379,19.525,40.66667,38.9,39.425,963.105,0.9979566,33
2022-04-15 14:03:00,7.262123,1738.21,239.4767,19.75607,12.92806,22.95376,6.734667,273.8167,1843.006,19.575,40.95,39.14167,39.425,924.3569,0.9975725,33
2022-04-15 14:04:00,7.494468999999999,1794.061,239.8913,19.34924,12.92802,22.95376,6.994667,272.2333,1905.082,19.175,40.88334,39.39167,39.48333,957.3187,0.9979649,33
2022-04-15 14:05:00,7.478664,1791.406,239.9153,19.39858,12.92794,22.95376,7.015333,271.0667,1901.312,19.34167,40.775,38.86666,39.1,955.8409,0.9979632,33
2022-04-15 14:06:00,7.479536,1791.452,239.9069,19.27079,12.92792,22.95376,6.985333,272.1083,1900.418,19.19167,40.24166,37.98333,38.14167,953.3268,0.9979181,33
2022-04-15 14:07:00,7.468898,1788.203,239.9061,19.31357,12.92788,22.95828,6.968667,272.2083,1897.363,19.33333,40.59167,38.64167,38.86666,951.2061,0.9979776,33
2022-04-15 14:08:00,7.439692,1780.807,239.9107,18.88091,12.92785,22.96958,6.942,272.1667,1890.209,18.525,41.05,39.35833,39.51667,949.0854,0.9980808,33
2022-04-15 14:09:00,7.403211,1770.108,239.702,18.76721,12.92782,22.98088,6.918,271.6833,1879.819,18.80833,41.58333,39.58333,40.06667,945.2567,0.9979346,33
2022-04-15 14:10:00,7.348576,1757.688,239.5946,18.68863,12.92688,22.98088,6.919333,269.3917,1875.449,18.6,41.56667,39.68333,39.81667,940.2188000000002,0.9976813,33
2022-04-15 14:11:00,7.172474,1711.885,239.475,18.98203,12.92503,22.98088,6.758,269.3416,1809.48,18.83333,41.43333,38.94167,39.45,912.1414,0.9978423,33
2022-04-15 14:12:00,7.329721,1752.066,239.4496,18.58364,12.92683,22.98088,6.818,272.4917,1858.672,18.30833,41.59166,39.38334,40.175,934.1064,0.997883,33
2022-04-15 14:13:00,7.302342999999999,1743.443,239.3358,18.45355,12.92682,22.98088,6.810667,271.6083,1850.402,18.30833,42.03333,40.43333,40.80833,930.6998,0.9979513,33
2022-04-15 14:14:00,7.273649,1739.043,239.5185,18.43616,12.92406,22.98088,6.827333,270.2667,1845.453,18.44167,41.51667,39.65,40.225,927.6484,0.998092,33
2022-04-15 14:15:00,7.204977,1723.139,239.6995,18.87084,12.92588,22.98088,6.742,271.2667,1829.11,19.14167,41.81667,39.84167,40.225,918.4651,0.9980664,33
2022-04-15 14:16:00,7.220189999999999,1726.403,239.5082,19.25583,12.92267,22.98088,6.731333,272.1917,1831.747,19.275,41.275,39.31667,39.66667,919.3767,0.9980639,33
2022-04-15 14:17:00,7.218488,1726.118,239.6481,19.4017,12.92494,22.98088,6.77,270.2917,1830.678,19.275,41.5,39.80833,40.075,919.5591,0.9980606,33
2022-04-15 14:18:00,7.191588,1719.805,239.6195,19.52071,12.9231,23.00045,6.758,269.9833,1824.655,19.46667,41.61666,40.20833,40.45833,917.2656,0.9980387,33
2022-04-15 14:19:00,7.19919,1721.06,239.4406,19.5625,12.92309,23.01024,6.710667,272.1083,1825.432,19.44167,41.45,39.75834,39.95,917.1985,0.9980983,33
2022-04-15 14:20:00,7.188475,1717.788,239.4014,19.67218,12.92263,23.01024,6.694,272.2167,1822.356,19.725,41.31667,39.55833,39.56667,914.6172,0.9981673,33
2022-04-15 14:21:00,7.180153,1717.663,239.634,19.70203,12.92216,23.01024,6.693333,272.2667,1822.069,19.775,40.975,38.86666,38.875,913.4561,0.9981676,33
2022-04-15 14:22:00,7.161829,1711.292,239.4302,19.89839,12.92245,23.01024,6.672,272.125,1816.27,19.95,40.8,38.80833,38.83333,909.1092000000002,0.9981278,33
2022-04-15 14:23:00,7.148346,1707.797,239.3922,19.87831,12.92259,23.03717,6.658667,272.0916,1812.083,19.59167,40.29167,38.175,38.45833,905.6835,0.9981467,33
2022-04-15 14:24:00,7.124546,1700.392,239.2073,19.63376,12.9225,23.03961,6.582667,274.0,1803.883,19.31667,40.425,37.95833,38.6,900.6935999999998,0.9982069,33
2022-04-15 14:25:00,7.100091,1696.788,239.3856,19.75587,12.92248,23.05543,6.611333,272.1833,1799.767,19.66667,40.475,38.45833,38.65833,898.7840999999999,0.998257,33
2022-04-15 14:26:00,7.087206,1693.47,239.4581,19.89698,12.92242,23.06672,6.599333,272.1083,1796.193,19.925,40.38333,38.60833,38.725,897.2007,0.9982471,33
2022-04-15 14:27:00,7.05295,1684.72,239.2097,20.03924,12.9224,23.07162,6.588667,271.3667,1788.495,19.98333,40.71667,38.875,39.15,893.3816,0.9983173,33
2022-04-15 14:28:00,6.996829,1670.633,239.2582,20.34881,12.92236,23.09609,6.508,272.225,1772.822,20.21667,40.99166,39.24166,39.625,886.3574999999998,0.9982851,33
2022-04-15 14:29:00,6.971659,1664.829,239.2611,20.22205,12.92187,23.10513,6.490667,272.175,1766.827,19.96667,40.89167,39.01667,39.63334,882.5766999999998,0.9982683,33
2022-04-15 14:30:00,6.950185,1660.544,239.3589,20.0648,12.92186,23.1232,6.473333,272.1667,1761.851,19.69167,40.875,38.95,39.475,880.4561,0.9982789,33
2022-04-15 14:31:00,6.926465,1653.971,239.2956,19.90758,12.92136,23.13789,6.449333,272.275,1756.854,19.69167,40.84167,39.25834,39.43333,876.1762999999999,0.9983239,33
2022-04-15 14:32:00,6.884232,1644.335,239.4754,19.7704,12.91998,23.15257,6.426667,271.1917,1745.052,19.53333,40.98333,39.58333,39.95833,870.7066,0.9983335,33
2022-04-15 14:33:00,6.85404,1639.13,239.3929,19.52081,12.91767,23.17969,6.391333,272.5583,1739.991,19.375,40.96667,39.225,39.75834,868.5571999999999,0.9983264,33
2022-04-15 14:34:00,6.873888,1641.947,239.2414,19.62786,12.91674,23.18948,6.398,272.2167,1741.894,19.55833,40.83333,38.975,39.46667,868.6916,0.9983459,33
2022-04-15 14:35:00,6.852623,1637.026,239.3324,19.69131,12.91673,23.20905,6.367333,272.8833,1738.088,19.56667,40.95,38.86666,39.33333,865.5057,0.9983473,33
2022-04-15 14:36:00,6.831636,1632.056,239.3012,19.73678,12.91672,23.23353,6.360667,272.1167,1731.285,19.55,40.75,38.71666,39.34167,862.4158,0.9983213,33
2022-04-15 14:37:00,6.801153,1623.531,239.1965,19.77847,12.91671,23.23843,6.314,272.9417,1723.471,19.60833,40.70833,39.05,39.7,858.6063,0.9983439,33
2022-04-15 14:38:00,6.801363,1625.02,239.1661,18.27973,12.9167,23.25876,6.278667,274.625,1723.889,18.15833,38.85,37.21667,37.74166,855.6508,0.998359,33
2022-04-15 14:39:00,6.807814,1624.864,239.0767,17.89334,12.91669,23.26554,6.246666,276.0167,1724.366,17.975,38.45,36.69167,36.71667,851.5438,0.9983298,33
2022-04-15 14:40:00,6.79711,1621.132,238.9388,18.06851,12.91668,23.29001,6.232,275.8833,1719.939,18.275,38.53333,37.025,36.8,848.3579999999998,0.9982731,33
2022-04-15 14:41:00,6.758593,1612.13,239.0649,18.1765,12.91668,23.29491,6.181334,276.9333,1712.173,18.29167,38.6,37.03333,36.85,843.3586,0.9982587,33
2022-04-15 14:42:00,6.725869,1603.99,238.9058,18.08808,12.91667,23.29491,6.168,275.9,1702.436,18.36667,38.95,37.43333,37.14167,838.9924,0.998291,33
2022-04-15 14:43:00,6.685669,1593.915,238.9848,17.77814,12.91667,23.29491,6.13,276.0167,1693.31,18.0,38.75,37.26667,36.875,833.0526999999998,0.9983132,33
2022-04-15 14:44:00,6.634518,1582.795,239.0272,18.24678,12.91666,23.29491,6.083333,275.9417,1679.122,18.76667,39.10833,37.76667,37.24166,827.5542,0.9983595,33
2022-04-15 14:45:00,6.581213,1571.055,239.258,18.77343,12.91666,23.29491,5.998667,277.8667,1668.47,19.18333,39.08333,37.95,37.44167,822.4876,0.9983651,33
2022-04-15 14:46:00,6.55035,1563.745,239.0851,18.74909,12.91666,23.29491,6.02,275.525,1658.185,18.9,38.95833,37.75834,37.48333,817.9296,0.9983892,33
2022-04-15 14:47:00,6.553343,1564.04,238.9678,18.34213,12.91665,23.29491,6.014,275.9,1659.398,18.36667,38.45,37.46667,37.00834,817.2578999999998,0.9983842,33
2022-04-15 14:48:00,6.546386,1561.782,238.9637,18.14657,12.91665,23.29491,6.005333,275.975,1657.124,18.20833,38.0,36.94167,36.36666,814.7917,0.9983719,33
2022-04-15 14:49:00,6.548508,1562.706,239.0285,17.81577,12.91665,23.29491,5.941333,279.0917,1658.601,17.975,37.625,36.55,36.00834,814.264,0.9983866,33
2022-04-15 14:50:00,6.508561,1553.783,239.1943,18.20643,12.91665,23.29491,5.959333,276.5833,1648.854,18.6,38.00834,37.05,36.375,809.9267,0.9983479,33
2022-04-15 14:51:00,6.496401,1550.898,239.0789,18.12706,12.91665,23.29491,5.924,277.875,1645.639,18.35833,37.49166,36.49166,36.05,807.9211,0.9983352,33
2022-04-15 14:52:00,6.498842,1550.528,238.9743,17.85773,12.91756,23.28267,5.902667,278.7583,1645.638,18.05,37.70833,36.71667,36.3,806.6545,0.9983949,33
2022-04-15 14:53:00,6.465324,1542.02,238.9806,18.36534,12.9171,23.26554,5.865334,279.125,1637.811,18.7,38.14167,36.88334,36.69167,803.8044999999998,0.9983783,33
2022-04-15 14:54:00,6.433186,1534.578,239.0051,18.56991,12.9171,23.26554,5.86,277.9,1629.125,18.84167,38.05,36.925,36.76667,799.7550999999999,0.9982842,33
2022-04-15 14:55:00,6.371148,1520.29,238.9658,18.24407,12.91755,23.26328,5.771333,279.7583,1614.248,18.35833,37.50834,36.5,36.2,791.4451,0.9983673,33
2022-04-15 14:56:00,6.375359,1521.464,239.0702,18.24004,12.91801,23.24069,5.779333,278.9917,1613.331,18.59167,37.83333,36.93333,36.35833,792.1648,0.9982748,33
2022-04-15 14:57:00,6.242117,1489.579,238.9626,18.64479,12.91755,23.23843,5.666,278.7917,1581.136,18.91667,38.14167,37.25834,36.68333,775.5256,0.9982134,33
2022-04-15 14:58:00,6.332905,1511.018,238.8897,18.37417,12.91801,23.23843,5.722666,279.6833,1599.131,18.50833,37.475,36.5,36.06667,786.2729,0.9982428,33
2022-04-15 14:59:00,6.223906,1485.19,238.8884,17.97878,12.91709,23.23843,5.608667,280.1083,1576.998,18.21667,36.65833,35.71667,34.96667,768.8948,0.9981651,33
2022-04-15 15:00:00,6.272386,1497.9,239.0558,17.62206,12.91664,23.23843,5.692667,280.4833,1590.38,17.925,36.4,35.34167,34.34167,774.6812,0.9983292,33
2022-04-15 15:01:00,6.274919,1497.493,239.3162,17.68015,12.91709,23.23109,5.678667,279.7417,1590.068,18.06667,36.775,35.825,34.75834,774.2109,0.9983673,33
2022-04-15 15:02:00,6.219481,1487.35,239.5978,17.80559,12.91755,23.20905,5.616667,281.025,1578.582,18.1,36.95833,36.00834,35.025,769.5761999999999,0.9982567,33
2022-04-15 15:03:00,6.209856,1486.83,239.8451,18.32432,12.91755,23.20905,5.638,279.7667,1577.447,18.45,37.25,36.075,35.375,769.6625,0.9981621,33
2022-04-15 15:04:00,6.169217,1476.441,239.9883,18.44589,12.91755,23.19437,5.620667,278.525,1566.675,18.45,36.91667,35.96667,35.05833,764.3751999999998,0.9979954,33
2022-04-15 15:05:00,6.214231,1489.451,239.672,18.03152,12.91801,23.17969,5.658,279.675,1579.049,18.025,36.26667,35.21667,34.45,770.1807,0.9982658,33
2022-04-15 15:06:00,4.126084,949.7442,238.6777,18.21741,12.91663,23.17969,3.621333,286.9,1050.505,18.48333,36.175,35.25,34.31667,505.5564,0.9790385,33
2022-04-15 15:07:00,2.508179,572.6346,237.8743,17.97857,12.91755,23.17969,2.106,293.0417,696.8128,17.90833,34.2,33.325,32.48333,312.0277,0.9661296,33
2022-04-15 15:08:00,6.088591,1474.574,239.7257,17.77078,12.91801,23.15257,5.433333,287.275,1461.933,17.95833,34.11666,33.325,32.35,739.7907,0.9981238,33
2022-04-15 15:09:00,6.309581,1510.043,239.9612,17.94687,12.91618,23.14278,5.649333,283.4,1602.679,18.2,34.59167,33.73333,33.00834,775.9382,0.9983642,33
2022-04-15 15:10:00,6.263856,1499.87,240.012,18.00368,12.91709,23.1232,5.616,283.5583,1593.026,18.28333,35.01667,34.10833,33.375,771.313,0.9983184,33
2022-04-15 15:11:00,6.231247,1493.29,240.0592,17.9904,12.91846,23.1232,5.588,282.5167,1578.912,18.20833,34.68333,33.73333,32.89167,768.2614999999998,0.9982405,33
2022-04-15 15:12:00,6.195314,1481.865,239.8759,17.45808,12.91938,23.09835,5.51,285.7,1576.358,17.70833,34.475,33.51667,32.46667,762.0145999999999,0.9981299,33
2022-04-15 15:13:00,6.131138,1467.491,239.8125,17.50947,12.91709,23.09609,5.464,284.2083,1554.512,17.9,34.96667,34.10833,33.0,754.5779,0.9981179,33
2022-04-15 15:14:00,6.090421,1457.74,239.6955,17.77912,12.91938,23.06917,5.432667,284.1583,1542.685,18.18333,35.39167,34.54167,33.41667,751.1137999999999,0.998184,33
2022-04-15 15:15:00,6.048744,1447.489,240.0248,18.01695,12.91892,23.06672,5.459333,281.95,1541.044,18.28333,35.09167,34.16667,33.35833,746.0376,0.9980223,33
2022-04-15 15:16:00,5.987388,1435.701,240.4263,18.27526,12.91801,23.05091,5.386,283.4417,1527.152,18.5,35.10833,34.06667,33.40833,739.3877,0.998027,33
2022-04-15 15:17:00,5.961959,1428.664,240.0286,18.57906,12.91755,23.03961,5.378,282.175,1516.944,18.775,35.6,34.66667,33.96667,736.5186,0.9981213,33
2022-04-15 15:18:00,5.969261,1428.417,239.7999,18.24711,12.91709,23.03961,5.378,281.35,1513.685,18.125,35.08333,34.18333,33.7,736.2979,0.9982843,33
2022-04-15 15:19:00,6.002151,1438.846,239.6675,17.80385,12.91663,23.01024,5.412667,282.9,1528.872,17.9,34.61666,33.79167,33.08333,741.0766,0.9982781,33
2022-04-15 15:20:00,6.050686,1450.948,239.8388,17.78435,12.91572,23.01024,5.414,284.475,1545.627,18.1,35.13334,34.23333,33.4,748.8012,0.9969108,33
2022-04-15 15:21:00,5.858614,1404.743,239.6573,18.16877,12.91709,23.01024,5.290667,280.3667,1500.939,18.58333,35.46667,34.69167,33.90833,722.2782999999998,0.9983463,33
2022-04-15 15:22:00,5.874012,1404.675,239.5522,18.20793,12.91709,22.99801,5.296,280.7667,1469.633,18.49167,35.55,34.76667,34.08333,724.85,0.9980661,33
2022-04-15 15:23:00,5.761262,1378.441,239.6359,18.49126,12.91663,22.98088,5.172667,283.4,1466.09,18.825,35.88334,35.13334,34.59167,713.6517,0.9980273,33
2022-04-15 15:24:00,5.722967,1368.435,239.5532,18.75694,12.91663,22.98088,5.12,283.4666,1453.436,19.09167,35.98333,35.15833,34.6,708.8633,0.9980964,33
2022-04-15 15:25:00,5.611036,1341.32,239.677,18.31311,12.91663,22.98088,5.033333,281.2,1417.201,18.4,35.65,34.80833,34.35833,694.1146,0.9979818,33
2022-04-15 15:26:00,5.509971,1320.474,239.7709,18.2115,12.91663,22.98088,5.02,279.4666,1406.268,18.45,35.225,34.55833,33.79167,683.1657,0.9977112,33
2022-04-15 15:27:00,5.303242,1268.739,239.7504,18.25258,12.91663,22.98088,4.746,284.3583,1347.258,18.44167,35.00834,34.16667,33.55,655.0115,0.9977496,33
2022-04-15 15:28:00,4.500959,1068.834,239.3202,18.08551,12.91663,22.98088,4.020667,286.2667,1165.233,18.275,34.61666,33.7,33.01667,554.1594,0.9968321,33
2022-04-15 15:29:00,5.041893,1204.566,239.6319,17.91907,12.91663,22.98088,4.474667,286.05,1276.72,18.16667,34.33333,33.33333,32.775,619.2095,0.9976323,33
2022-04-15 15:30:00,5.201826,1245.645,239.9177,18.23796,12.91663,22.98088,4.63,285.0,1314.034,18.56667,34.275,33.38334,32.88334,641.5486,0.9977942,33
2022-04-15 15:31:00,5.227373,1254.233,240.4072,18.60116,12.91663,22.98088,4.697333,283.0667,1330.124,18.79167,33.99166,33.06667,32.50834,645.0319,0.9979753,33
2022-04-15 15:32:00,5.203677,1247.452,240.215,18.40499,12.91663,22.98088,4.654,284.7,1324.992,18.49167,33.975,33.125,32.7,641.1744,0.998003,33
2022-04-15 15:33:00,5.245896,1258.155,240.254,18.68184,12.91572,22.98088,4.692,284.3167,1332.902,18.84167,33.725,32.89167,32.55833,647.0854,0.9978831,33
2022-04-15 15:34:00,5.206262,1250.835,240.3679,18.92776,12.91663,22.97862,4.654,285.0917,1329.236,19.05,33.56667,32.85833,32.36666,643.2375,0.9977713,33
2022-04-15 15:35:00,5.009758,1202.374,240.4033,18.92221,12.91663,22.97862,4.488,283.3917,1281.035,18.98333,33.29167,32.45,32.13334,617.1848,0.9975407,33
2022-04-15 15:36:00,4.951076,1187.444,240.3837,18.86938,12.91663,22.97862,4.409334,286.6667,1255.46,18.85833,33.25,32.45,32.10833,610.698,0.9977445,33
2022-04-15 15:37:00,5.13457,1231.721,240.3372,18.66697,12.91618,22.96958,4.548,287.5,1307.003,18.59167,33.36666,32.575,32.31667,633.2194,0.9978532,33
2022-04-15 15:38:00,5.099766,1222.561,240.3601,18.62516,12.91663,22.96054,4.513333,287.5167,1298.259,18.7,33.5,32.70833,32.375,629.4099,0.9979032,33
2022-04-15 15:39:00,5.074765,1217.664,240.2783,18.81411,12.91618,22.95828,4.529334,285.3833,1292.504,19.06667,33.64167,32.94167,32.73333,627.1165,0.9978393,33
2022-04-15 15:40:00,5.055426,1212.09,240.3383,18.88432,12.91572,22.95828,4.541334,283.1583,1288.543,18.90833,33.59167,32.84167,32.54167,624.0746,0.9977906,33
2022-04-15 15:41:00,4.981043,1196.644,240.3829,18.90827,12.91435,22.95376,4.432,286.5167,1271.802,18.89167,33.35,32.46667,32.29167,616.3212,0.9977319,33
2022-04-15 15:42:00,4.726061,1130.427,240.0224,18.67605,12.91389,22.95376,4.206,285.05,1201.554,18.575,33.19167,32.40833,32.19167,580.6727,0.9974923,33
2022-04-15 15:43:00,3.65338,863.4066,239.323,18.54251,12.91526,22.95376,3.196667,286.8,970.3967,18.48333,32.875,32.15,31.84167,452.4723,0.9872687,33
2022-04-15 15:44:00,4.339468,1045.765,239.0419,18.63084,12.91572,22.95376,3.864667,287.1167,1054.577,18.61667,32.41667,31.725,31.49167,526.3794,0.9946374,33
2022-04-15 15:45:00,4.869409,1164.593,239.6595,18.82624,12.91481,22.95376,4.303333,287.45,1237.935,18.90833,32.69167,32.15833,32.00833,598.5209,0.9975069,33
2022-04-15 15:46:00,4.842228,1159.444,239.8107,19.00974,12.91389,22.95376,4.285333,287.5167,1231.856,19.19167,32.6,32.10833,31.98333,596.5153,0.9975712,33
2022-04-15 15:47:00,4.84593,1157.905,239.7237,18.93885,12.91252,22.95376,4.298666,285.6417,1229.713,19.00833,32.575,32.11666,32.14167,596.1987,0.9975472,33
2022-04-15 15:48:00,4.768554,1140.354,239.7069,19.03167,12.91161,22.95828,4.228667,287.2417,1213.418,19.13333,32.66667,32.175,32.05833,587.7927,0.9974541,33
2022-04-15 15:49:00,4.701401,1125.383,239.7817,19.17149,12.91115,22.97636,4.186667,285.5583,1197.63,19.23333,32.8,32.46667,32.41667,580.8549,0.9973455,33
2022-04-15 15:50:00,4.63129,1105.141,239.1948,19.05305,12.91069,22.98088,4.088,287.2917,1178.857,19.04167,32.55833,32.11666,31.975,570.0788,0.997341,33
2022-04-15 15:51:00,4.460569,1061.862,238.9153,18.56082,12.91115,22.98088,3.967334,285.3416,1129.7,18.50833,32.41667,32.00834,31.7,547.9221,0.9970602,33
2022-04-15 15:52:00,4.481625,1066.512,238.8425,18.74511,12.91115,22.98088,3.997333,283.825,1137.337,18.80833,32.51667,32.25,32.0,551.2902,0.9971344,33
2022-04-15 15:53:00,4.331114,1031.517,238.6203,18.8063,12.91115,22.98088,3.832667,284.65,1095.609,18.79167,32.24166,31.94167,31.75,532.9622,0.9970316,33
2022-04-15 15:54:00,4.391284,1043.715,238.3796,18.6581,12.91115,22.99801,3.876,287.0833,1108.476,18.79167,32.45833,32.11666,31.90833,539.6888,0.9971405,33
2022-04-15 15:55:00,4.406368,1047.503,238.2528,18.73928,12.91115,23.01024,3.87,288.35,1117.211,18.94167,32.38334,31.95,31.725,542.1646,0.9971942,33
2022-04-15 15:56:00,4.400292,1047.579,238.3032,18.55707,12.91115,23.01024,3.886,286.5417,1115.141,18.83333,32.35833,31.90833,31.7,541.7231,0.9971443,33
2022-04-15 15:57:00,4.169811,990.6489,238.3676,18.14928,12.91115,23.01024,3.654,288.0417,1055.231,18.325,31.7,31.25833,31.00833,511.5442,0.9966516,33
2022-04-15 15:58:00,4.115431,978.0738,238.2496,18.20567,12.91069,23.01024,3.591333,290.5083,1040.803,18.51667,31.54167,31.23333,30.75,506.1034,0.9966236,33
2022-04-15 15:59:00,4.318079,1026.982,238.4414,18.29939,12.91115,23.01759,3.787333,288.75,1091.824,18.65,31.64166,31.19167,30.96667,531.1293,0.9968933,33
2022-04-15 16:00:00,4.22089,1002.31,238.4493,18.41836,12.91115,23.03961,3.672,290.0167,1070.567,18.55,31.60833,31.025,30.86667,518.1846,0.9965969,33
2022-04-15 16:01:00,3.876524,919.2410000000002,238.8706,18.22071,12.91115,23.03961,3.405334,289.35,986.2722,18.3,31.24167,30.8,30.49167,476.5099,0.995515,33
2022-04-15 16:02:00,4.109442,978.6717000000002,239.077,18.2061,12.91069,23.03961,3.614,288.6417,1039.521,18.41667,31.025,30.59167,30.24167,506.3049,0.996093,33
2022-04-15 16:03:00,4.129992,983.5092,239.0832,18.2757,12.91115,23.03961,3.595333,290.875,1049.011,18.61667,31.29167,30.89166,30.53333,509.1645,0.9960552,33
2022-04-15 16:04:00,4.03199,958.5427,238.9751,18.33416,12.91069,23.03961,3.522667,289.9167,1019.187,18.48333,31.21667,30.625,30.38333,496.8242,0.9960056,33
2022-04-15 16:05:00,4.105414,977.2932,238.9511,18.49419,12.91115,23.03961,3.594667,289.3167,1040.781,18.55833,31.31667,30.98333,30.74167,507.1589,0.9961762,33
2022-04-15 16:06:00,4.028156,956.7719,238.8841,18.60827,12.90932,23.03961,3.532667,288.125,1021.125,18.68333,31.43333,31.1,30.99167,496.8914,0.9958696,33
2022-04-15 16:07:00,3.906003,929.1093,238.7752,18.59552,12.90932,23.05317,3.445333,287.4417,989.6057,18.68333,31.53333,31.05833,31.00833,482.7855,0.9955859,33
2022-04-15 16:08:00,3.916157,929.0969,238.6449,18.6412,12.90612,23.06672,3.436666,287.75,990.6977,18.73333,31.39166,31.025,31.03333,482.6224,0.9956922,33
2022-04-15 16:09:00,3.695303,877.0499999999998,238.5731,18.58346,12.90566,23.06672,3.227333,290.05,937.9047,18.775,31.3,30.85833,30.85,456.0227,0.9951585,33
2022-04-15 16:10:00,3.719374,883.9433,238.6082,18.05089,12.90566,23.07896,3.236667,291.2917,943.8022,18.16667,30.78333,30.30833,30.30833,459.8707,0.99518,33
2022-04-15 16:11:00,3.735078,887.2807,238.5454,17.90108,12.90429,23.09609,3.252667,289.2833,940.1854,18.04167,30.53333,30.1,29.975,461.406,0.9952963,33
2022-04-15 16:12:00,3.894515,926.7852,238.6563,17.6642,12.90566,23.09609,3.411333,290.1167,989.2681,17.78333,29.85,29.425,29.13333,482.4497,0.9956132,33
2022-04-15 16:13:00,3.717132,882.2603,238.6138,17.60156,12.90566,23.10513,3.244,288.6333,939.0444,17.83333,29.55833,29.1,28.63333,459.3333,0.995037,33
2022-04-15 16:14:00,3.55791,842.8438,238.6735,17.42813,12.90566,23.1232,3.088667,291.8083,901.1575,17.83333,29.05,28.75,28.09167,439.4604,0.994565,33
2022-04-15 16:15:00,3.798669,904.957,238.7256,16.89588,12.90566,23.1232,3.329333,289.8833,961.4257,17.4,28.70833,28.44167,27.76666,472.5756,0.9956343,33
2022-04-15 16:16:00,3.731291,885.6939999999998,238.8079,16.43641,12.90566,23.1232,3.213333,293.2,946.6019,17.3,28.43333,28.375,27.41667,462.5959,0.9950885,33
2022-04-15 16:17:00,3.703956,880.5223999999998,238.8593,15.81567,12.90566,23.1232,3.188667,294.925,935.3741,16.79167,27.79167,28.0,27.125,460.2545,0.9952405,33
2022-04-15 16:18:00,2.92212,676.6296,238.5693,15.58693,12.90566,23.1232,2.454667,295.475,782.9275,16.65,27.45,27.75,26.79167,366.2441,0.9449862,33
2022-04-15 16:19:00,2.019509,452.8905,237.6905,15.37975,12.90566,23.1232,1.756667,289.875,463.1185,16.26667,26.05833,26.58333,25.61667,244.1947,0.9329839,33
2022-04-15 16:20:00,2.982712,705.9468,238.3352,15.33425,12.90566,23.1232,2.584667,291.1833,763.3049999999998,16.10833,25.95,26.35833,25.49167,368.7583,0.9911203,33
2022-04-15 16:21:00,2.994469,705.1318,238.3857,15.3985,12.90612,23.10513,2.594667,293.7,745.2292999999999,16.10833,25.69167,26.16667,25.36667,368.8638,0.9909959,33
2022-04-15 16:22:00,3.515608,834.7686,238.641,15.46982,12.90749,23.09609,2.979333,298.7,889.1575,16.40833,25.925,26.35,25.49167,434.7872,0.9943054,33
2022-04-15 16:23:00,3.353815,794.2421,238.56,15.44573,12.90992,23.07651,2.824,299.625,851.1844999999998,16.23333,25.88333,26.28333,25.48333,413.638,0.9935437,33
2022-04-15 16:24:00,3.40262,807.8388999999999,238.5558,15.39099,12.91158,23.06672,2.91,296.9167,866.0440999999998,15.94167,25.85833,26.25,25.39166,420.0959,0.9938974,33
2022-04-15 16:25:00,3.181973,754.2539,238.6094,15.30834,12.91153,23.04187,2.741333,295.7,809.3925,15.80833,25.78333,26.15833,25.31667,391.5196,0.9928114,33
2022-04-15 16:26:00,3.151533,746.5712999999998,238.5674,15.36044,12.9115,23.02493,2.708,294.3667,798.5882,15.9,25.65833,26.19167,25.25833,387.3166,0.992362,33
2022-04-15 16:27:00,3.136476,742.4011,238.3468,15.17816,12.91144,23.01024,2.693333,296.8833,795.1915,15.44167,25.43333,25.89166,25.15,385.4742,0.9925954,33
2022-04-15 16:28:00,3.49473,826.9153,238.4463,15.03824,12.91142,22.99801,2.974,297.1583,884.9000999999998,15.5,25.45,26.04167,25.20833,430.0372,0.9944339,33
2022-04-15 16:29:00,3.308748,779.9319,237.9631,15.13432,12.91228,22.98088,2.804,294.75,856.981,15.56667,25.56667,26.16667,25.325,411.7092,0.9919546,33
2022-04-15 16:30:00,1.366835,302.3556,236.9428,15.26364,12.91547,22.95376,1.124667,293.35,341.6841,15.725,24.90833,25.51666,24.75833,164.2039,0.9334736,33
2022-04-15 16:31:00,1.271555,275.8707,236.8096,15.2733,12.91681,22.94397,1.052,294.825,311.3156,15.6,23.89166,24.71667,24.03333,151.7101,0.9216289,33
2022-04-15 16:32:00,1.230424,266.5612,236.7595,15.10156,12.91633,22.91761,1.013333,294.475,298.7735,15.41667,23.325,24.06667,23.45,146.9122,0.9164567,33
2022-04-15 16:33:00,1.283545,276.1859,236.8826,15.10573,12.91678,22.89483,1.036,296.5083,308.4004,15.41667,22.7,23.41667,22.86667,151.3934,0.9072487,33
2022-04-15 16:34:00,1.252235,249.8096,236.614,14.98742,12.91675,22.86113,0.9413334,296.8667,280.0082,15.28333,22.15,22.88333,22.33333,137.0477,0.8432562,33
2022-04-15 16:35:00,1.23514,243.6385,236.6084,15.02548,12.91682,22.83101,0.92,297.0417,273.5984,15.675,21.825,22.54167,21.93333,133.8907,0.8349809999999999,33
2022-04-15 16:36:00,1.208839,234.7472,236.4913,14.85389,12.91716,22.7911,0.8766667,300.9,265.0632,15.54167,21.20833,21.96667,21.425,130.1291,0.8239107,33
2022-04-15 16:37:00,1.167618,223.418,236.5939,14.59021,12.92123,22.75307,0.8413333,298.5333,252.3149,15.19167,20.65833,21.325,20.83333,125.168,0.8111181,33
2022-04-15 16:38:00,1.139799,215.8977,236.3308,14.5191,12.92209,22.71071,0.82,299.9417,244.5359,15.18333,20.31667,21.05833,20.51667,122.3181,0.8008228,33
2022-04-15 16:39:00,1.646474,370.5689,236.817,14.5211,12.92249,22.66232,1.388,298.4667,394.7554,15.19167,20.15833,20.8,20.3,202.0499,0.9436154,33
2022-04-15 16:40:00,1.979546,461.761,237.8608,14.54356,12.92474,22.61544,1.661333,301.1167,505.9611,15.43333,20.20833,20.86667,20.35833,248.2922,0.9752654,33
2022-04-15 16:41:00,1.894384,436.0721,237.699,14.61403,12.92788,22.56818,1.600667,301.1167,470.3628,15.55,20.3,20.90833,20.4,236.9403,0.9720954,33
2022-04-15 16:42:00,1.910328,443.9951,237.9272,14.55408,12.92741,22.51885,1.597333,300.4333,489.5544,15.44167,20.33333,20.91667,20.33333,240.0397,0.9732479,33
2022-04-15 16:43:00,1.886644,437.9963,237.9565,14.38179,12.92782,22.46802,1.588,303.0916,474.6111,15.39167,20.23333,20.78333,20.2,237.9383,0.9727128,33
2022-04-15 16:44:00,2.079813,488.2795,238.1203,14.35409,12.92802,22.4187,1.732,303.3667,537.1801,15.31667,20.29167,20.80833,20.25833,263.9814,0.9787908,33
2022-04-15 16:45:00,1.460858,328.4026,237.8668,14.38226,12.92822,22.3705,1.214,301.1583,360.8883,15.45833,20.25833,20.73333,20.1,181.5532,0.9406839,33
2022-04-15 16:46:00,1.305119,274.487,237.8645,14.50468,12.92812,22.32117,1.012667,297.1167,317.1021,15.59167,20.19167,20.63333,19.925,153.0439,0.8619845,33
2022-04-15 16:47:00,1.056402,188.9535,237.5084,14.43543,12.92809,22.27165,0.7226667,297.25,216.8413,15.35,19.69167,20.14167,19.36667,108.1258,0.7581742,33
2022-04-15 16:48:00,1.003926,170.8316,237.3232,14.34488,12.92935,22.2212,0.6553333,299.3167,197.7247,15.075,19.11667,19.60833,18.85,98.37647,0.7215850999999999,33
2022-04-15 16:49:00,0.9637745,157.6114,237.2982,14.25508,12.93127,22.16528,0.6099999999999999,298.9083,182.9343,14.775,18.65,19.14167,18.35,91.68818,0.6900848,33
2022-04-15 16:50:00,0.943249,150.1036,237.3306,14.29483,12.93419,22.1105,0.5826666999999999,300.0667,175.1649,14.79167,18.23333,18.66667,17.98333,88.12811999999998,0.6719403999999999,33
2022-04-15 16:51:00,0.9343688,147.0581,237.5161,14.33745,12.93432,22.05232,0.5733333,299.2,171.5139,14.68333,17.99167,18.4,17.7,86.42966,0.661397,33
2022-04-15 16:52:00,0.9407976,150.683,237.3817,14.25036,12.93441,21.98454,0.5906666999999999,297.2583,174.7952,14.45833,17.70833,18.15833,17.43333,88.11853,0.6720829999999999,33
2022-04-15 16:53:00,0.9849761,170.5754,237.6033,14.21773,12.93867,21.91582,0.662,299.2833,194.6933,14.61667,17.50833,17.95,17.25833,97.34972,0.7188478999999999,33
2022-04-15 16:54:00,1.138669,223.0546,237.7255,14.2391,12.94008,21.84221,0.8413333,301.1333,248.3875,14.55,17.425,17.825,17.11667,122.7979,0.8118222,33
2022-04-15 16:55:00,1.281766,265.5468,237.8346,14.22799,12.94021,21.76427,0.9886667,298.9833,293.5409,14.33333,17.46667,17.84167,17.20833,143.1794,0.8614201999999999,33
2022-04-15 16:56:00,1.391672,301.8526,238.2054,14.14941,12.94162,21.6931,1.109333,303.9167,330.295,14.425,17.5,17.9,17.23333,162.2175,0.9054989,33
2022-04-15 16:57:00,1.878043,436.4374,238.4462,14.15733,12.94306,21.61798,1.587333,302.725,468.3013,14.43333,17.75833,18.10833,17.525,237.6216,0.9718444,33
2022-04-15 16:58:00,2.190703,514.7681,238.5308,14.24884,12.94586,21.53947,1.82,306.7083,558.072,14.51667,18.29167,18.575,18.04167,283.4225,0.9820251,33
2022-04-15 16:59:00,1.864738,431.8247,238.408,14.46334,12.9459,21.47847,1.541333,302.7417,476.5168,14.65,18.51667,18.84167,18.35,236.4509,0.9708874,33
2022-04-15 17:00:00,1.729279,398.7097,238.3901,14.35775,12.94642,21.41521,1.452667,301.4417,436.1565,14.45833,18.65,18.98333,18.45833,219.6678,0.9652967,33
2022-04-15 17:01:00,1.699804,390.2287,238.596,14.33777,12.94963,21.35195,1.414,301.8,429.1183,14.39167,18.75,19.06667,18.51667,216.3764,0.9631508,33
2022-04-15 17:02:00,1.796298,415.8634,238.6766,14.27802,12.95014,21.29999,1.505333,303.1083,452.2154,14.48333,18.91667,19.175,18.65833,234.6373,0.9687626,33
2022-04-15 17:03:00,1.644671,375.0171,238.3466,14.25457,12.95153,21.24577,1.350667,302.65,415.5662,14.55833,19.04167,19.30833,18.76667,212.4997,0.959811,33
2022-04-15 17:04:00,1.560688,352.6588,236.5511,14.27117,12.94881,21.20058,1.298,300.225,387.6529,14.7,19.06667,19.31667,18.76667,201.5892,0.954773,33
2022-04-15 17:05:00,1.642568,373.2596,236.604,14.14508,12.95021,21.1441,1.351333,304.225,408.8049,14.76667,18.95,19.275,18.64167,215.9254,0.9602299,33
2022-04-15 17:06:00,1.62071,370.9206,236.8356,14.23926,12.95159,21.10344,1.346,302.6833,407.4468,14.81667,19.03333,19.325,18.69167,216.6643,0.9594354,33
2022-04-15 17:07:00,1.562308,351.2845,236.8281,14.33845,12.95162,21.05599,1.248,307.7083,392.9061,14.725,19.0,19.30833,18.65833,208.4886,0.9535415,33
2022-04-15 17:08:00,1.292717,284.6251,236.6928,14.28159,12.95163,21.01306,1.030667,307.3917,317.9208,14.64167,18.925,19.19167,18.53333,174.433,0.9281344,33
2022-04-15 17:09:00,1.282987,282.2397,236.6365,14.26227,12.95164,20.97466,1.019333,309.225,314.2394,14.65833,18.75,19.025,18.34167,178.3673,0.9278775,33
2022-04-15 17:10:00,1.350595,303.1962,236.5564,14.254,12.95165,20.93399,1.088667,311.45,336.3065,14.825,18.73333,18.99167,18.28333,202.2706,0.9380297,33
2022-04-15 17:11:00,1.413479,316.6207,236.7388,14.21293,12.95258,20.89558,1.110667,317.3833,352.0464,14.61667,18.775,19.00833,18.35833,219.14,0.9439068,33
2022-04-15 17:12:00,1.398348,311.5663,236.799,14.16609,12.95579,20.86395,1.103333,314.3167,347.0343,14.55,18.74167,19.03333,18.29167,217.7486,0.9418491,33
2022-04-15 17:13:00,1.386271,306.7677,236.7707,14.13384,12.95717,20.83007,1.11,307.7083,343.7498,14.69167,18.75833,18.98333,18.175,215.3017,0.9397292,33
2022-04-15 17:14:00,1.262752,275.4745,236.7525,14.1633,12.95718,20.79618,0.986,310.5833,309.5589,14.69167,18.85,19.025,18.20833,205.6867,0.923436,33
2022-04-15 17:15:00,1.190529,232.1265,236.5508,14.28022,12.95718,20.77585,0.874,296.1917,260.2573,14.78333,18.775,18.975,18.13333,184.3168,0.8285301,33
2022-04-15 17:16:00,1.134751,212.8156,236.5303,14.24533,12.95719,20.74421,0.8726667,267.2917,238.4528,14.85833,18.625,18.825,17.95,156.9111,0.7969218,33
2022-04-15 17:17:00,0.9956422,167.8598,236.4713,14.09819,12.95719,20.72162,0.7339999999999999,261.125,191.6193,14.65833,18.425,18.55833,17.675,125.5999,0.7168263999999999,33
2022-04-15 17:18:00,1.023319,180.3202,236.2624,13.98416,12.95674,20.69225,0.8213333,247.025,203.1365,14.59167,18.40833,18.35833,17.44167,150.2324,0.7426679,33
2022-04-15 17:19:00,0.9897897,165.7235,236.4137,13.8631,12.9572,20.67192,0.76,245.5083,188.3289,14.50833,18.2,18.05,17.225,165.8736,0.7114456,33
2022-04-15 17:20:00,0.9277797,143.9226,236.384,13.83433,12.95949,20.64217,0.6533334,255.4833,167.4583,14.51667,18.05,17.75833,17.01667,177.0719,0.6589247,33
2022-04-15 17:21:00,0.912787,139.27,236.6046,13.77677,12.96178,20.60414,0.5959999999999999,272.1583,162.4611,14.50833,17.78333,17.475,16.90833,176.6401,0.6449808,33
2022-04-15 17:22:00,0.9089394,136.6832,236.6367,13.82161,12.9627,20.57703,0.5493333,293.9167,161.3561,14.58333,17.66667,17.29167,16.825,166.1327,0.6365355999999999,33
2022-04-15 17:23:00,0.9058225,134.8582,236.5942,13.85114,12.9627,20.54314,0.5093332999999999,312.0333,159.9124,14.50833,17.325,17.05833,16.68333,150.8945,0.6291541,33
2022-04-15 17:24:00,0.8870325,126.718,236.8808,13.84276,12.9627,20.50925,0.4859999999999999,309.5167,150.8159,14.43333,17.03333,16.825,16.44167,149.4743,0.6036635,33
2022-04-15 17:25:00,0.868592,118.1518,237.5093,13.71794,12.9627,20.46859,0.4593333,308.0,142.1734,14.35,16.7,16.55,16.13333,123.0282,0.5749952999999999,33
2022-04-15 17:26:00,0.8552403,113.1068,237.5171,13.6552,12.96179,20.43376,0.442,306.9666,136.0612,14.325,16.425,16.35,15.9,132.6048,0.5565341,33
2022-04-15 17:27:00,0.8470271,110.3414,237.3867,13.69727,12.96316,20.38725,0.436,305.7166,133.4983,14.24167,16.14167,16.08333,15.63333,134.0346,0.5489559,33
2022-04-15 17:28:00,0.8442104,108.7607,237.425,13.58293,12.96499,20.33755,0.4273333,308.0083,131.6066,14.20833,15.83333,15.84167,15.325,136.0209,0.5415269999999999,33
2022-04-15 17:29:00,0.8451927,109.06,237.3897,13.44386,12.96682,20.28427,0.4306667,303.8917,131.057,14.025,15.53333,15.60833,15.1,124.9377,0.5418414,33
2022-04-15 17:30:00,0.8373085999999998,104.4743,237.2988,13.36982,12.96408,20.23137,0.4226667,300.3833,127.244,13.93333,15.36667,15.44167,14.9,112.8566,0.5258342999999999,33
2022-04-15 17:31:00,0.8279307,98.71194,237.355,13.39986,12.96545,20.16811,0.398,303.0417,121.2783,14.01667,15.21667,15.34167,14.79167,90.89172,0.5019552,33
2022-04-15 17:32:00,0.8207045,91.57996,237.3771,13.42395,12.96637,20.10936,0.3773332999999999,298.4083,113.5042,14.04167,15.05833,15.19167,14.61667,69.41625,0.4710513,33
2022-04-15 17:33:00,0.8151464,85.06131999999998,237.2032,13.33227,12.96454,20.0446,0.3579999999999999,294.4167,105.9105,13.89167,14.83333,15.0,14.425,57.68055,0.4399554,33
2022-04-15 17:34:00,0.8092074,80.46219,237.0005,13.32116,12.96545,19.97607,0.342,294.3833,100.6583,13.81667,14.63333,14.825,14.25833,53.95737,0.4192465,33
2022-04-15 17:35:00,0.8028992999999999,77.81049,237.0389,13.26629,12.96591,19.91224,0.324,302.525,98.0614,13.68333,14.43333,14.61667,14.06667,51.92305,0.4087049999999999,33
2022-04-15 17:36:00,0.8033314,77.6791,237.2109,13.15659,12.96911,19.80888,0.3273332999999999,297.2,97.5406,13.6,14.25833,14.49167,13.88333,50.77155,0.4074478999999999,33
2022-04-15 17:37:00,0.8004681999999999,76.64926,237.2058,13.05861,12.96957,19.73998,0.32,302.825,96.68173,13.475,14.1,14.30833,13.70833,50.83872,0.4030002999999999,33
2022-04-15 17:38:00,0.8062844,79.85353,237.2228,12.92233,12.97049,19.66316,0.3333333,301.3917,100.0674,13.2,13.89167,14.11667,13.50833,51.62558,0.4165532,33
2022-04-15 17:39:00,0.8115136,83.73489999999998,237.2482,12.82271,12.97232,19.58503,0.3453333,302.575,103.9571,13.09167,13.75,13.98333,13.33333,53.47757,0.4345886999999999,33
2022-04-15 17:40:00,0.8155343999999999,89.23977999999998,236.3516,12.79107,12.97323,19.50803,0.3733332999999999,296.975,110.6107,13.06667,13.725,14.00833,13.33333,55.92451,0.4625677,33
2022-04-15 17:41:00,0.821241,92.38241,236.1796,12.75565,12.97369,19.42726,0.3793332999999999,299.325,113.5353,13.15833,13.75833,14.00833,13.3,57.27753,0.475076,33
2022-04-15 17:42:00,0.8191806999999999,90.86767,236.2175,12.73745,12.97552,19.34404,0.376,296.75,111.7957,13.18333,13.76667,14.00833,13.3,56.98965,0.4692392,33
2022-04-15 17:43:00,0.8132972,86.80648999999998,236.0576,12.69942,12.9776,19.26347,0.3626667,294.6,107.3485,13.11667,13.71667,13.96667,13.28333,55.54068,0.4506329,33
2022-04-15 17:44:00,0.8121270999999999,82.19233,236.1184,12.6667,12.97916,19.17422,0.3466666999999999,294.2917,102.2347,13.10833,13.675,13.925,13.20833,53.78464,0.4271571,33
2022-04-15 17:45:00,0.8068562,80.03835999999998,235.9819,12.6132,12.97991,19.09157,0.3286666999999999,303.175,100.2467,13.125,13.64167,13.90833,13.175,52.22052,0.4187312999999999,33
2022-04-15 17:46:00,0.8044092999999999,79.34106,236.03,12.5566,12.98228,19.0093,0.328,300.4333,98.04433,13.0,13.50833,13.775,13.025,51.37609,0.417804,33
2022-04-15 17:47:00,0.8051340999999999,78.75065999999998,236.1349,12.51738,12.9839,18.92684,0.3293333,300.15,99.11481,13.05,13.51667,13.76667,13.025,51.04023,0.4154765999999999,33
2022-04-15 17:48:00,0.8025417,78.33654,235.9888,12.50398,12.98581,18.83854,0.3286666999999999,301.8833,98.92081,13.01667,13.50833,13.78333,12.99167,50.45489,0.4151173,33
2022-04-15 17:49:00,0.8022635,77.96026,235.997,12.46965,12.98962,18.75043,0.3266666999999999,299.8167,98.09067,13.01667,13.45833,13.75,13.04167,49.15945,0.4103666999999999,33
2022-04-15 17:50:00,0.8034379,76.32532999999998,235.9747,12.39689,12.99157,18.66401,0.322,299.2417,95.9566,12.84167,13.41667,13.6,12.79167,47.76805,0.4026079,33
2022-04-15 17:51:00,0.7998802999999999,75.4406,236.1342,12.38426,12.99208,18.57364,0.3173332999999999,297.65,95.07313,12.84167,13.225,13.50833,12.69167,46.67413,0.3979087,33
2022-04-15 17:52:00,0.8010854,74.3866,236.2254,12.33305,12.99542,18.48553,0.322,292.4333,94.08573,12.66667,13.125,13.36667,12.575,46.06,0.3939157999999999,33
2022-04-15 17:53:00,0.7993118999999999,74.25051,236.2134,12.30293,12.99728,18.39177,0.3173332999999999,295.775,93.7962,12.61667,13.0,13.28333,12.46667,45.65697,0.3931862999999999,33
2022-04-15 17:54:00,0.7980728,72.55932,236.118,12.2782,12.99738,18.30404,0.3086667,297.2917,91.91821,12.59167,12.95,13.21667,12.39167,44.78375,0.3830803999999999,33
2022-04-15 17:55:00,0.7973356,70.78049,236.1953,12.27852,12.99741,18.21875,0.3113332999999999,286.7667,89.7594,12.46667,12.81667,13.05,12.25833,43.91053,0.3768349999999999,33
2022-04-15 17:56:00,0.793906,66.91416,236.4295,12.28558,13.00021,18.12687,0.3039999999999999,282.1,85.6986,12.5,12.80833,13.05833,12.24167,42.38479,0.3564341999999999,33
2022-04-15 17:57:00,0.7891645,63.41415,236.3064,12.25494,13.00301,18.03952,0.278,295.3,82.71626999999998,12.35833,12.675,12.94167,12.125,39.90907,0.3414049,33
2022-04-15 17:58:00,0.7809850999999999,57.43441,236.2752,12.21575,13.00349,17.95272,0.2613332999999999,287.0,75.5434,12.325,12.675,12.91667,12.1,36.98234,0.3143004999999999,33
2022-04-15 17:59:00,0.7725011,52.25294,236.2347,12.2463,13.00627,17.86593,0.2386667,290.9,69.67294,12.30833,12.6,12.85833,12.05,34.00763,0.285748,33
2022-04-15 18:00:00,0.7660601999999999,46.85842,236.1573,12.20131,13.0082,17.77895,0.218,290.1833,63.8278,12.275,12.5,12.75,11.95833,31.22484,0.2588075,33
2022-04-15 18:01:00,0.7590759,42.00254,236.2906,12.1782,13.00941,17.69479,0.2013332999999999,290.0083,58.844,12.25833,12.41667,12.65833,11.86667,28.72992,0.2340550999999999,33
2022-04-15 18:02:00,0.7528306,38.40415,236.3297,12.13556,13.00912,17.60593,0.1886666999999999,288.2083,54.57314,12.225,12.28333,12.55,11.75,26.69561,0.2154116,33
2022-04-15 18:03:00,0.7445024999999998,35.26239,236.2257,12.13226,13.00973,17.51763,0.1753333,292.0083,51.56427,12.19167,12.15833,12.43333,11.60833,24.92038,0.1976818999999999,33
2022-04-15 18:04:00,0.736665,31.91388,236.3884,12.12014,13.01084,17.42895,0.1646667,290.3,48.03407,12.225,12.10833,12.33333,11.56667,23.17393,0.1847284999999999,33
2022-04-15 18:05:00,0.7307982,28.91257,236.8165,12.03019,13.01456,17.34555,0.154,289.9833,44.84347,12.20833,12.03333,12.275,11.50833,21.50426,0.1676150999999999,33
2022-04-15 18:06:00,0.7291417,26.03367,236.9743,11.9788,13.01568,17.25706,0.1419999999999999,290.1833,41.5972,12.10833,11.83333,12.15833,11.33333,19.77701,0.1508894,33
2022-04-15 18:07:00,0.7273821999999999,23.54577,236.9076,11.94929,13.01573,17.17554,0.1333332999999999,290.1667,38.86893,12.00833,11.70833,11.98333,11.175,18.32804,0.1371893999999999,33
2022-04-15 18:08:00,0.7234411,21.54091,236.8799,11.90505,13.01584,17.0927,0.1266666999999999,290.225,36.95687,12.025,11.55,11.83333,11.075,17.22452,0.12562,33
2022-04-15 18:09:00,0.7200733,19.56338,236.8718,11.85017,13.01866,17.01118,0.12,288.5,34.706,11.95833,11.5,11.75,10.98333,15.96747,0.1147577999999999,33
2022-04-15 18:10:00,0.7305523,14.52843,236.7606,11.81222,13.02101,16.92476,0.1166667,213.425,26.01447,11.91667,11.49167,11.55833,10.80833,14.24981,0.0852314799999999,33
2022-04-15 18:11:00,0.7513494,9.584015,236.8228,11.77293,13.01926,16.844,0.104,192.825,20.1398,11.825,11.39167,11.45833,10.71667,12.38822,0.0533119099999999,33
2022-04-15 18:12:00,0.7582288,8.203058,236.8295,11.74985,13.02157,16.7653,0.09333333,191.4917,18.19053,11.69167,11.24167,11.29167,10.56667,10.95844,0.0455767799999999,33
2022-04-15 18:13:00,0.7628285999999999,6.795458,236.7916,11.69931,13.02119,16.68246,0.0859999999999999,191.6083,16.58127,11.55,11.13333,11.175,10.44167,9.845325,0.037891,33
2022-04-15 18:14:00,0.7714842,5.918781,236.869,11.65436,13.02168,16.60583,0.0806666699999999,190.7083,15.42373,11.59167,11.075,11.11667,10.36667,9.125637,0.03224888,33
2022-04-15 18:15:00,0.7889819,5.899316,236.9074,11.59818,13.02538,16.52506,0.07666667,189.325,14.58693,11.53333,10.99167,11.01667,10.26667,8.626654,0.0315348199999999,33
2022-04-15 18:16:00,0.7873216,5.043455,236.9463,11.54124,13.02724,16.44844,0.07266667,189.375,13.77567,11.43333,10.93333,10.975,10.23333,7.849391,0.0270074499999999,33
2022-04-15 18:17:00,0.7837093,4.491032,236.9745,11.48646,13.0268,16.36974,0.0686666699999999,189.8167,13.14833,11.35833,10.81667,10.81667,10.10833,7.360004,0.02403925,33
2022-04-15 18:18:00,0.776684,3.875419,237.1534,11.43799,13.0277,16.29312,0.064,190.4667,12.1808,11.25833,10.775,10.80833,10.08333,6.880212,0.02031356,33
2022-04-15 18:19:00,0.7768462,3.43844,236.9477,11.42291,13.02865,16.21668,0.064,190.7667,12.22293,11.19167,10.73333,10.775,10.025,6.582741,0.0189075699999999,33
2022-04-15 18:20:00,0.7776174999999999,3.385048,236.9049,11.41614,13.03272,16.13798,0.064,190.1167,12.19467,11.24167,10.71667,10.76667,10.03333,6.410017,0.0185405,33
2022-04-15 18:21:00,0.7777612999999999,3.276074,236.9786,11.43311,13.03316,16.06041,0.0613333299999999,189.7,11.761,11.18333,10.7,10.725,10.0,6.150928,0.01779472,33
2022-04-15 18:22:00,0.7783872,2.942936,236.9899,11.41334,13.0336,15.98699,0.05733334,189.7833,10.88807,11.11667,10.65,10.675,9.933333,5.911033,0.01498007,33
2022-04-15 18:23:00,0.7797787999999999,2.771932,236.8732,11.33492,13.03569,15.91281,0.05666667,189.2,10.7208,11.06667,10.55,10.58333,9.891667,5.613562,0.01361056,33
2022-04-15 18:24:00,0.7815242,2.341619,236.9624,11.29405,13.03857,15.84014,0.05533333,189.25,10.57513,11.01667,10.53333,10.54167,9.825,5.373666,0.01344156,33
2022-04-15 18:25:00,0.7787068,2.297441,235.9371,11.25002,13.038,15.76577,0.056,187.7417,10.38753,10.99167,10.5,10.51667,9.816667,5.18175,0.01183356,33
2022-04-15 18:26:00,0.7792521,1.800624,235.7803,11.20792,13.039,15.69535,0.05466667,189.5083,10.4888,10.95833,10.54167,10.55833,9.858334,5.124175,0.01206744,33
2022-04-15 18:27:00,0.7798669,1.992428,235.8447,11.17098,13.04064,15.62588,0.05,188.0917,9.399333,10.9,10.61667,10.65833,9.95,4.893875,0.01024557,33
2022-04-15 18:28:00,0.7801820999999999,1.834737,235.7064,11.14011,13.04443,15.55472,0.048,187.4917,9.018399,10.95833,10.69167,10.7,9.983333,4.567616,0.0083485069999999,33
2022-04-15 18:29:00,0.7816408999999999,1.218229,235.7128,11.12409,13.04503,15.48355,0.048,189.2667,9.0624,10.94167,10.70833,10.7,10.025,4.289338,0.007089548,33
2022-04-15 18:30:00,0.7830574,0.9297509,235.6879,11.12023,13.0452,15.41464,0.0446666699999999,188.3417,8.542866999999998,11.04167,10.8,10.81667,10.09167,3.943887,0.005251088,33
2022-04-15 18:31:00,0.4192294999999999,3.57901,235.7295,11.09329,13.04525,15.34592,0.03266667,235.0167,7.497867,11.05833,10.78333,10.85833,10.16667,3.531266,0.0833513399999999,33
2022-04-15 18:32:00,0.2954138,6.249749,235.7301,11.08246,13.04589,15.28342,0.032,247.25,7.292932999999999,11.075,10.68333,10.83333,10.08333,3.252987,0.1265708999999999,33
2022-04-15 18:33:00,0.2175735,6.189595,235.5925,11.05586,13.04822,15.21432,0.02533333,265.125,6.622334,10.98333,10.59167,10.76667,10.04167,2.792387,0.1517298,33
2022-04-15 18:34:00,0.1564537,6.016472,235.6836,11.05831,13.05106,15.15163,0.01666667,288.9666,4.9736,11.01667,10.55,10.76667,10.05833,2.398958,0.1624382,33
2022-04-15 18:35:00,0.1561809999999999,6.078238,235.692,11.01719,13.05113,15.08705,0.016,288.1333,4.612534,11.08333,10.59167,10.80833,10.09167,2.149467,0.1648332999999999,33
2022-04-15 18:36:00,0.15597,6.153531,235.6576,10.97344,13.05118,15.01495,0.016,286.4417,4.585867,11.08333,10.60833,10.79167,10.11667,2.034317,0.1669491999999999,33
2022-04-15 18:37:00,0.1560251,6.20739,235.8647,10.98072,13.05171,14.96825,0.016,283.1833,4.536267,11.14167,10.65833,10.9,10.2,1.832804,0.1674522,33
2022-04-15 18:38:00,0.15576,6.206539,235.6885,10.94686,13.05356,14.89822,0.016,278.7167,4.466267,11.14167,10.7,10.88333,10.23333,1.631292,0.1675910999999999,33
2022-04-15 18:39:00,0.1558572,6.237938,235.8867,10.9325,13.05637,14.85247,0.016,271.7,4.3592,11.05833,10.63333,10.85,10.2,1.343417,0.1687125999999999,33
2022-04-15 18:40:00,0.1556004,6.259919,236.0332,10.92271,13.057,14.78808,0.016,260.7333,4.188,10.99167,10.69167,10.85,10.19167,0.9979666,0.1694602,33
2022-04-15 18:41:00,0.1557115,6.304453,236.2432,10.93417,13.05733,14.7476,0.016,248.6833,3.993867,10.93333,10.83333,10.8,10.15,0.7676665999999999,0.1704233,33
2022-04-15 18:42:00,0.1556476,6.318807,236.219,10.85956,13.0576,14.69112,0.016,239.6667,3.844133,10.86667,10.86667,10.85,10.20833,0.7676665999999999,0.1710745999999999,33
2022-04-15 18:43:00,0.1556456,6.347151,236.1073,10.79786,13.05773,14.63972,0.016,231.45,3.7196,10.925,10.89167,10.86667,10.24167,0.7772624,0.1717109,33
2022-04-15 18:44:00,0.1556829999999999,6.373217,236.1892,10.74195,13.05894,14.58569,0.01733333,200.8083,3.553267,10.78333,10.89167,10.84167,10.23333,0.4893874999999999,0.1727943999999999,33
2022-04-15 18:45:00,0.1555275999999999,6.366415,236.1632,10.66907,13.06221,14.53372,0.016,81.39167,1.479733,10.60833,10.83333,10.85,10.18333,0.2207041999999999,0.1721351999999999,33
2022-04-15 18:46:00,0.1555125,6.374398,236.1939,10.61328,13.06288,14.4812,0.016,34.48333,0.5533333,10.625,10.81667,10.85833,10.21667,0.09595832,0.1722569999999999,33
2022-04-15 18:47:00,0.1556165999999999,6.396357,236.341,10.58339,13.06388,14.4298,0.0153333299999999,34.13334,0.5235332999999999,10.575,10.75833,10.775,10.11667,-0.03838333,0.1724190999999999,33
2022-04-15 18:48:00,0.1554192,6.376996,236.1538,10.54877,13.064,14.37652,0.01133333,34.075,0.4089999999999999,10.525,10.65833,10.65833,10.00833,-0.2398957999999999,0.1726679999999999,33
2022-04-15 18:49:00,0.1555202,6.412045,236.1704,10.57026,13.06411,14.32418,0.008,33.95833,0.2717999999999999,10.43333,10.56667,10.59167,9.933333,-0.4893874999999999,0.1735298,33
2022-04-15 18:50:00,0.155401,6.41773,236.1817,10.56049,13.06462,14.25904,0.008,33.45,0.2679332999999999,10.425,10.475,10.525,9.908334,-0.80605,0.1735662,33
2022-04-15 18:51:00,0.1555825,6.451441,236.374,10.50071,13.06796,14.20745,0.008,33.3,0.2664,10.33333,10.475,10.50833,9.833333,-1.045946,0.1746638,33
2022-04-15 18:52:00,0.1554987999999999,6.477082,236.318,10.42495,13.06936,14.15191,0.008,33.2,0.2656666999999999,10.3,10.39167,10.44167,9.758333,-1.285842,0.1743193,33
2022-04-15 18:53:00,0.1552627,6.412164,235.9527,10.35049,13.06943,14.09769,0.008,33.14167,0.2651999999999999,10.20833,10.23333,10.31667,9.633333,-1.458567,0.1746264999999999,33
2022-04-15 18:54:00,0.1551240999999999,6.439331,235.7039,10.26286,13.06993,14.05006,0.007333333,32.94167,0.2417333,10.125,10.18333,10.23333,9.508333,-1.688867,0.1749410999999999,33
2022-04-15 18:55:00,0.1549126999999999,6.429373,235.5933,10.20779,13.06997,13.9947,0.006,32.80833,0.1968666,10.1,10.09167,10.14167,9.458333,-1.813612,0.1759198999999999,33
2022-04-15 18:56:00,0.1550145,6.474808,235.6641,10.13099,13.07002,13.94519,0.002666667,32.71667,0.0874,10.025,10.025,10.06667,9.400001,-1.976741,0.1744999,33
2022-04-15 18:57:00,0.1550131999999999,6.462887,235.6848,10.09429,13.07187,13.89191,0.002666667,32.44167,0.08673334,10.01667,9.933333,10.0,9.275001,-2.101487,0.1759118,33
2022-04-15 18:58:00,0.1549654,6.464779,235.6705,10.04907,13.07513,13.83863,0.0013333329999999,32.20833,0.0431333299999999,9.916667,9.75,9.866667,9.125,-2.18785,0.174707,33
2022-04-15 18:59:00,0.1549809,6.514845,235.6851,9.95838,13.0756,13.78516,0.0006666667,31.06667,0.0426666699999999,9.900001,9.691667,9.758333,9.025,-2.370171,0.1758337,33
2022-04-15 19:00:00,0.1548417,6.442515,235.506,9.852504,13.07563,13.72999,0.0006666667,28.3,0.01866667,9.858334,9.65,9.683333,8.991666999999998,-2.446937,0.1756091999999999,33
2022-04-15 19:01:00,0.1545181999999999,6.479702,235.1591,9.814635,13.07748,13.68048,0.0013333329999999,25.725,0.03413333,9.816667,9.483333,9.566667,8.841666,-2.514108,0.1769889,33
2022-04-15 19:02:00,0.154622,6.475235,235.3078,9.775648,13.0807,13.62212,0.002,22.93333,0.0456666699999999,9.724999,9.433333,9.525001,8.741666,-2.552491,0.1765828999999999,33
2022-04-15 19:03:00,0.154719,6.456327,235.572,9.688165,13.08118,13.56695,0.0013333329999999,19.81667,0.02586667,9.675,9.391667,9.433333,8.716666,-2.514108,0.1760448,33
2022-04-15 19:04:00,0.1546453999999999,6.497354,235.5498,9.657660000000002,13.08119,13.51348,0.0,16.75833,0.0,9.683333,9.308333,9.375,8.625,-2.552491,0.1772121999999999,33
2022-04-15 19:05:00,0.1545399,6.493046,235.5649,9.587208,13.08212,13.45625,0.0,14.03333,0.0,9.616667,9.224999,9.291667,8.591666,-2.552491,0.1770789999999999,33
2022-04-15 19:06:00,0.1544393,6.473915,235.5316,9.506347000000002,13.08625,13.40203,0.0,11.75,0.0,9.541667,9.116667,9.241666,8.5,-2.629258,0.1773600999999999,33
2022-04-15 19:07:00,0.1545487,6.486778,235.6627,9.460702,13.08672,13.34479,0.0,9.858333,0.0,9.65,9.099999,9.191667,8.474999,-2.629258,0.1777005999999999,33
2022-04-15 19:08:00,0.1546177,6.513517,235.7956,9.434155,13.08672,13.28963,0.0006666667,8.3,0.005666667,9.575,9.033334,9.15,8.408334,-2.706025,0.1774811,33
2022-04-15 19:09:00,0.154696,6.514119,235.8024,9.377275,13.08719,13.23108,0.0006666667,7.05,0.0048666669999999,9.5,8.966666,9.091666,8.316667,-2.686833,0.178059,33
2022-04-15 19:10:00,0.1546673,6.523986,235.735,9.321417,13.09172,13.17215,0.0,5.983333,0.0,9.516666,8.916667,9.05,8.266666,-2.725217,0.1777534,33
2022-04-15 19:11:00,0.1545907,6.497314,235.6489,9.276513,13.09273,13.11774,0.0006666667,5.141667,0.0033333339999999,9.508333,8.891667,9.008333,8.266666,-2.859558,0.1776444,33
2022-04-15 19:12:00,0.1545806999999999,6.547397,235.6411,9.264041,13.09304,13.05542,0.0006666667,4.458333,0.003,9.558333,8.849999999999998,8.958332999999998,8.224999,-2.840366,0.1783979,33
2022-04-15 19:13:00,0.1544691,6.523066,235.6307,9.206569,13.09316,13.0012,0.0,3.883333,0.0,9.5,8.791667,8.875,8.141666,-2.821175,0.1783934,33
2022-04-15 19:14:00,0.154289,6.500469,235.5574,9.183909000000002,13.09378,12.94001,0.0,3.416667,0.0,9.416667,8.658333,8.758333,8.041667,-2.754004,0.1780813,33
2022-04-15 19:15:00,0.1541343,6.518077,235.428,9.141883,13.09806,12.88353,0.0,3.016667,0.0,9.458333,8.616666999999998,8.758333,8.016666,-2.754004,0.1785954999999999,33
2022-04-15 19:16:00,0.1542096,6.54576,235.4694,9.075511,13.09905,12.82328,0.0,2.7,0.0,9.433333,8.616666999999998,8.716666,8.008333,-2.715621,0.1784216,33
2022-04-15 19:17:00,0.1545167,6.573912,235.8696,9.01858,13.09923,12.7668,0.0006666667,2.441667,0.0016,9.333333,8.5,8.625,7.916667,-2.619662,0.1789985,33
2022-04-15 19:18:00,0.1545657,6.551982,236.0461,8.962906999999998,13.10019,12.71013,0.0006666667,2.225,0.001466667,9.175,8.425,8.574999999999998,7.841667,-2.629258,0.179151,33
2022-04-15 19:19:00,0.1546091,6.556354,236.0704,8.900261999999998,13.10442,12.6529,0.0,2.041667,0.0,9.058333,8.3,8.441667,7.7,-2.629258,0.1789003999999999,33
2022-04-15 19:20:00,0.1546686999999999,6.554157,236.0945,8.870502,13.10493,12.5966,0.0,1.858333,0.0,8.974999,8.208332999999998,8.308332999999998,7.574999,-2.658046,0.1793153,33
2022-04-15 19:21:00,0.1546773999999999,6.567894,236.0762,8.826931999999998,13.10499,12.53786,0.0006666667,1.725,0.001133333,8.849999999999998,8.091666,8.241666,7.458332999999999,-2.686833,0.179515,33
2022-04-15 19:22:00,0.1546225,6.549549,236.0968,8.798446999999998,13.10506,12.47931,0.0,1.575,0.0,8.883333,8.074999999999998,8.191667,7.433333,-2.754004,0.1786069,33
2022-04-15 19:23:00,0.1545585999999999,6.575696,236.05,8.835896,13.106,12.42208,0.0,1.458333,0.0,8.875,8.008333,8.099999,7.275,-2.744408,0.1787372999999999,33
2022-04-15 19:24:00,0.1545959,6.589238,236.065,8.883264,13.10928,12.36767,0.0,1.35,0.0,8.900000999999998,7.949999,8.033334,7.224999999999999,-2.792387,0.1786387999999999,33
2022-04-15 19:25:00,0.1540908,6.534013,235.2966,8.883958,13.11068,12.30987,0.0,1.241667,0.0,8.916667,7.908333,7.991666,7.175,-2.782791,0.1783521999999999,33
2022-04-15 19:26:00,0.153999,6.543574,235.1236,8.826603999999998,13.11072,12.25433,0.0006666667,1.141667,0.0007333333999999,8.808332999999998,7.933333,7.974999999999999,7.15,-2.734812,0.1791499,33
2022-04-15 19:27:00,0.1540407,6.539629,235.1428,8.739058,13.11075,12.19559,0.0,1.058333,0.0,8.658333,7.841667,7.883333,7.125,-2.686833,0.1792247999999999,33
2022-04-15 19:28:00,0.1540517,6.560895,235.0709,8.693253999999998,13.11397,12.14023,0.0006666667,1.0,0.0,8.616666999999998,7.8,7.841667,7.066666,-2.64845,0.1797284,33
2022-04-15 19:29:00,0.1541859999999999,6.575599,235.4439,8.597454,13.11629,12.08601,0.0,0.9,0.0006666667,8.466666,7.683333,7.733333,6.925,-2.638854,0.1799428999999999,33
2022-04-15 19:30:00,0.1545796999999999,6.586863,236.0498,8.495466,13.1163,12.03198,0.0006666667,0.9,0.0006000000999999,8.333332999999998,7.525,7.608333,6.808333,-2.725217,0.1798174999999999,33
2022-04-15 19:31:00,0.1545757,6.623001,236.0793,8.399255,13.11633,11.9802,0.0,0.9,0.0,8.291667,7.449999,7.508333,6.766666,-2.849962,0.1798974999999999,33
2022-04-15 19:32:00,0.1546578,6.643468,236.1209,8.386412,13.11634,11.92655,0.0006666667,0.9,0.0,8.258333,7.333332999999999,7.391666,6.6,-2.917133,0.1804591,33
2022-04-15 19:33:00,0.1546831999999999,6.608397,236.1133,8.39709,13.11635,11.86875,0.0006666667,0.9,0.0011999999999999,8.25,7.275,7.325,6.558333,-2.974708,0.1797656,33
2022-04-15 19:34:00,0.1546785,6.617328,236.2126,8.357436,13.12003,11.81528,0.002,0.9,0.0018,8.241666,7.216667,7.283333,6.525,-3.003495,0.179623,33
2022-04-15 19:35:00,0.1547732,6.637036,236.2675,8.261867,13.12187,11.75918,0.0013333329999999,0.9,0.0006000000999999,8.141666,7.158333,7.258333,6.483333,-2.9939,0.1800279999999999,33
2022-04-15 19:36:00,0.1546199,6.611469,236.1641,8.135317,13.12188,11.70834,0.0,0.9,0.0006000000999999,8.091666,7.166667,7.233334,6.483333,-2.926729,0.1799671999999999,33
2022-04-15 19:37:00,0.1547331999999999,6.632288,236.1801,8.071324,13.12188,11.65186,0.0013333329999999,0.9,0.0011999999999999,8.0,7.108333,7.2,6.425,-2.917133,0.1802776,33
2022-04-15 19:38:00,0.1547405,6.605539,236.2631,8.046971,13.12373,11.59877,0.0,0.9,0.0,8.0,7.066666,7.166667,6.366667,-2.87875,0.1796126,33
2022-04-15 19:39:00,0.1546578,6.650046,236.2226,8.025244,13.12648,11.54756,0.0006666667,0.8916667,0.0006000000999999,8.008333,7.008333,7.083333,6.291667,-2.936325,0.1807415,33
2022-04-15 19:40:00,0.1542033999999999,6.594934,235.6303,7.935413999999998,13.12603,11.49296,0.0006666667,0.8916667,0.0005333332999999,7.849999999999999,6.9,7.0,6.241667,-2.955517,0.1803377999999999,33
2022-04-15 19:41:00,0.1542587,6.57833,235.5495,7.913115,13.1277,11.44401,0.0,0.8833334,0.0,7.908333,6.941666,7.033333,6.2,-2.945921,0.1799179999999999,33
2022-04-15 19:42:00,0.1542745,6.607779,235.5604,7.857988,13.12785,11.38715,0.002,0.8833334,0.001733333,7.891666,6.883333,7.008333,6.166667,-2.907537,0.1806763,33
2022-04-15 19:43:00,0.1542690999999999,6.58578,235.6508,7.779505999999999,13.13004,11.33255,0.0013333329999999,0.8916667,0.0011999999999999,7.808333,6.841667,6.933333,6.15,-2.917133,0.1799669,33
2022-04-15 19:44:00,0.1545465,6.61358,236.0607,7.732109,13.13286,11.27984,0.0,0.8833334,0.0,7.816665999999999,6.733333,6.833333,6.058333,-2.936325,0.1799700999999999,33
2022-04-15 19:45:00,0.1546075,6.6488,236.108,7.691809,13.13399,11.22712,0.0006666667,0.8583332999999999,0.0006000000999999,7.716667,6.666667,6.8,6.008333,-2.926729,0.1807479999999999,33
2022-04-15 19:46:00,0.154623,6.637597,236.0411,7.646492,13.13389,11.17365,0.0013333329999999,0.8916667,0.001133333,7.716667,6.641666,6.766666,5.966667,-2.888345,0.1803273,33
2022-04-15 19:47:00,0.1542399,6.59034,235.5211,7.599707,13.1347,11.11943,0.0,0.9,0.0,7.683333,6.608333,6.658333,5.941666,-2.87875,0.1802072,33
2022-04-15 19:48:00,0.1540419,6.586149,235.3185,7.526213,13.1381,11.06483,0.0,0.9,0.0,7.558333,6.508333,6.574999,5.816666,-2.859558,0.1801759,33
2022-04-15 19:49:00,0.1539225999999999,6.572357,235.2744,7.478821,13.13955,11.01212,0.0006666667,0.9,0.0,7.5,6.466667,6.566666,5.8,-2.792387,0.1804147,33
2022-04-15 19:50:00,0.1539906,6.595336,235.2873,7.467703,13.13977,10.9594,0.0013333329999999,0.9,0.0018,7.525,6.491666,6.583333,5.825,-2.667641,0.1809706,33
2022-04-15 19:51:00,0.1541883,6.586857,235.4312,7.455758999999999,13.13982,10.90725,0.0013333329999999,0.9,0.0006000000999999,7.491666,6.433333,6.55,5.775,-2.600471,0.1801634,33
2022-04-15 19:52:00,0.1544464999999999,6.626564,235.7635,7.424972999999999,13.13994,10.85548,0.0006666667,0.9,0.0011999999999999,7.449999,6.416667,6.508333,5.725,-2.590875,0.1807678,33
2022-04-15 19:53:00,0.1544556,6.605894,235.9049,7.394672,13.14277,10.80276,0.0,0.9,0.0,7.433333,6.375,6.475,5.691666,-2.610067,0.1804753,33
2022-04-15 19:54:00,0.1541563,6.595582,235.4469,7.363914,13.14558,10.74251,0.0006666667,0.9,0.0006000000999999,7.375,6.283333,6.408333,5.675,-2.504512,0.1806549,33
2022-04-15 19:55:00,0.1540581,6.591804,235.323,7.347871999999998,13.14567,10.6785,0.0,0.9,0.0,7.341667,6.241667,6.3,5.591667,-2.600471,0.1810460999999999,33
2022-04-15 19:56:00,0.1540013,6.59644,235.3745,7.332775,13.14569,10.62955,0.0006666667,0.9,0.0,7.358333,6.158333,6.25,5.541666,-2.629258,0.1804634,33
2022-04-15 19:57:00,0.1542451,6.60055,235.4985,7.317663999999999,13.14761,10.5806,0.0,0.9,0.0006000000999999,7.391666,6.158333,6.258333,5.533333,-2.696429,0.1804887,33
2022-04-15 19:58:00,0.1543278999999999,6.614014,235.6495,7.261282999999999,13.15038,10.53165,0.0013333329999999,0.9,0.0011999999999999,7.241666999999999,6.008333,6.066666,5.408333,-2.715621,0.1814456999999999,33
2022-04-15 19:59:00,0.1541296,6.612833,235.5598,7.193268,13.15134,10.47893,0.0,0.9,0.0,7.183333,5.933333,6.033333,5.333333,-2.677237,0.1810613,33
2022-04-15 20:00:00,0.1541246,6.612663,235.5107,7.076345,13.15138,10.42998,0.0006666667,0.9,0.0006000000999999,7.05,5.858333,5.933333,5.241667,-2.64845,0.1800186,33
2022-04-15 20:01:00,0.1542123,6.620602,235.6616,7.036333,13.15094,10.38103,0.0,0.9,0.0,7.016666,5.858333,5.925,5.216667,-2.600471,0.1806363,33
2022-04-15 20:02:00,0.1543672,6.666284,235.8699,7.047841,13.1519,10.3302,0.0006666667,0.9,0.0006000000999999,7.025,5.775,5.9,5.141667,-2.5333,0.1816309999999999,33
2022-04-15 20:03:00,0.1544386,6.647499,235.949,6.982908,13.15603,10.28125,0.0006666667,0.9,0.0,6.925,5.7,5.775,5.083333,-2.456533,0.1817082999999999,33
2022-04-15 20:04:00,0.1543098,6.640053,235.8736,6.94385,13.15697,10.23041,0.0,0.9,0.0006000000999999,6.9,5.65,5.75,5.066667,-2.494917,0.1814654,33
2022-04-15 20:05:00,0.1544087,6.635202,235.8501,6.908834,13.15699,10.18147,0.0,0.9,0.0,6.816666,5.583333,5.691666,5.0,-2.552491,0.1812832,33
2022-04-15 20:06:00,0.1544380999999999,6.629529,235.9492,6.899221,13.15701,10.1344,0.0,0.9,0.0,6.816666,5.558333,5.658333,5.016666,-2.5333,0.1816397999999999,33
2022-04-15 20:07:00,0.1545574999999999,6.641699,236.1082,6.852337,13.15702,10.08356,0.0,0.9,0.0,6.758333,5.491666,5.633333,4.941667,-2.5333,0.1816830999999999,33
2022-04-15 20:08:00,0.1544995,6.643065,235.9133,6.865783,13.16115,10.03462,0.0006666667,0.9,0.0,6.758333,5.4,5.525,4.841667,-2.571683,0.1813438,33
2022-04-15 20:09:00,0.1543703999999999,6.649426,235.8644,6.884674,13.16025,9.987547,0.0,0.9,0.0006000000999999,6.808333,5.375,5.475,4.833333,-2.638854,0.1812786999999999,33
2022-04-15 20:10:00,0.1537218999999999,6.569933,234.8468,6.863216,13.16254,9.938597,0.0013333329999999,0.9,0.0011999999999999,6.783333,5.325,5.416667,4.783333,-2.658046,0.181285,33
2022-04-15 20:11:00,0.1536588999999999,6.592916,234.7974,6.831531,13.16118,9.891529,0.0006666667,0.9,0.0006000000999999,6.725,5.375,5.466667,4.858333,-2.629258,0.1810144999999999,33
2022-04-15 20:12:00,0.1536711,6.627559,234.9101,6.820049,13.16256,9.842578,0.0006666667,0.9,0.0006000000999999,6.708333,5.358333,5.466667,4.816667,-2.590875,0.1808258,33
2022-04-15 20:13:00,0.1537254,6.601196,234.8661,6.835632,13.16257,9.799276,0.0006666667,0.9,0.0006000000999999,6.716667,5.325,5.441666,4.808333,-2.610067,0.1816041999999999,33
2022-04-15 20:14:00,0.1538124999999999,6.610277,234.9953,6.756107,13.16382,9.753526,0.0,0.9,0.0,6.666667,5.308333,5.408333,4.758334,-2.562087,0.1811095,33
2022-04-15 20:15:00,0.1537746,6.592147,234.9611,6.653625,13.16806,9.711164,0.0013333329999999,0.9,0.0011999999999999,6.574999,5.291667,5.391666,4.766667,-2.514108,0.1813439,33
2022-04-15 20:16:00,0.1536289999999999,6.601494,234.8732,6.522128,13.16843,9.664096,0.0013333329999999,0.9,0.0011999999999999,6.458333,5.2,5.308333,4.675,-2.494917,0.1816635,33
2022-04-15 20:17:00,0.1537377,6.589783,234.9803,6.425567,13.16887,9.617029,0.002,0.9,0.0018,6.441666,5.183333,5.275,4.633333,-2.514108,0.1818354,33
2022-04-15 20:18:00,0.1537944,6.590851,234.9739,6.37438,13.16974,9.571843,0.0013333329999999,0.9,0.0011999999999999,6.458333,5.15,5.258334,4.583333,-2.523704,0.1820437,33
2022-04-15 20:19:00,0.1537082999999999,6.59756,234.7853,6.231176,13.17337,9.526659,0.0006666667,0.9166667,0.0006000000999999,6.341667,5.083333,5.141667,4.541667,-2.562087,0.1819439999999999,33
2022-04-15 20:20:00,0.1536413,6.58328,234.7991,6.14417,13.17381,9.48204,0.0006666667,0.9416667,0.0006666667,6.25,5.033333,5.141667,4.5,-2.571683,0.1816502,33
2022-04-15 20:21:00,0.1537433,6.608856,234.86,6.025442,13.17377,9.438547,0.0006666667,0.975,0.0006666667,6.175,4.975,5.116666,4.45,-2.5333,0.1820552,33
2022-04-15 20:22:00,0.1537963,6.641452,234.9961,5.976636,13.17377,9.39148,0.002,1.0,0.002,6.166667,4.925,5.125,4.458333,-2.638854,0.1818024,33
2022-04-15 20:23:00,0.1541629999999999,6.669939,235.4957,6.05792,13.17602,9.348177,0.0,1.0,0.0,6.35,4.966667,5.125,4.516666,-2.715621,0.181956,33
2022-04-15 20:24:00,0.1539928,6.646678,235.1064,6.122124,13.17799,9.299228,0.0013333329999999,1.0,0.0013333329999999,6.475,4.975,5.125,4.533333,-2.715621,0.1820243,33
2022-04-15 20:25:00,0.1535475,6.583227,234.4445,6.1359,13.17965,9.257618,0.0013333329999999,1.0,0.0013333329999999,6.475,5.008333,5.125,4.491666,-2.638854,0.1822916,33
2022-04-15 20:26:00,0.1533993999999999,6.601948,234.2798,6.141193,13.17957,9.211119,0.0,1.0,0.0,6.508333,5.0,5.125,4.475,-2.677237,0.1821219,33
2022-04-15 20:27:00,0.1535478999999999,6.584193,234.3124,6.055768,13.17954,9.165932,0.0,1.0,0.0,6.35,4.975,5.1,4.433333,-2.638854,0.1815701999999999,33
2022-04-15 20:28:00,0.1535679,6.592323,234.3748,5.959857,13.18129,9.118866,0.002,1.0,0.002,6.2,4.833333,5.016666,4.383333,-2.600471,0.1812788999999999,33
2022-04-15 20:29:00,0.153499,6.607489,234.2959,5.894431,13.185,9.077255,0.0013333329999999,1.0,0.0013333329999999,6.158333,4.725,4.916667,4.258334,-2.619662,0.1816031999999999,33
2022-04-15 20:30:00,0.1532994,6.563155,234.1865,5.82024,13.18532,9.032637,0.0013333329999999,1.0,0.0006666667,6.016666,4.608333,4.791667,4.175,-2.658046,0.181454,33
2022-04-15 20:31:00,0.1533712,6.555294,234.1371,5.740236,13.18544,8.989332,0.002,1.0,0.002,5.966667,4.533333,4.791667,4.116666,-2.725217,0.182447,33
2022-04-15 20:32:00,0.1535493,6.616184,234.4381,5.656201,13.18562,8.941325,0.002,1.0,0.002666667,5.841667,4.45,4.7,4.016666,-2.706025,0.1821907,33
2022-04-15 20:33:00,0.1538005,6.610012,234.8033,5.562497,13.18669,8.899340999999998,0.0013333329999999,1.0,0.0013333329999999,5.741667,4.375,4.608333,3.983333,-2.754004,0.1818983,33
2022-04-15 20:34:00,0.1540102999999999,6.657946,235.0221,5.465106,13.18998,8.852272,0.0006666667,1.0,0.0006666667,5.65,4.283333,4.583333,3.916667,-2.83077,0.1816574,33
2022-04-15 20:35:00,0.1536352,6.632082,234.5347,5.431783,13.19063,8.807843,0.0006666667,1.0,0.0006666667,5.608333,4.191667,4.491666,3.85,-2.87875,0.1821386,33
2022-04-15 20:36:00,0.1534677,6.602866,234.4765,5.446654,13.19158,8.762278999999998,0.0013333329999999,1.008333,0.0013333329999999,5.625,4.175,4.433333,3.833333,-2.849962,0.1819148999999999,33
2022-04-15 20:37:00,0.1535912999999999,6.5993,234.4998,5.448781,13.19307,8.718979,0.0013333329999999,1.008333,0.0014,5.55,4.133333,4.433333,3.825,-2.773196,0.1824041,33
2022-04-15 20:38:00,0.1536580999999999,6.587406,234.5079,5.465225,13.19588,8.67285,0.0006666667,1.0,0.0006666667,5.558333,4.083333,4.391667,3.8,-2.696429,0.1819269,33
2022-04-15 20:39:00,0.1537150999999999,6.606234,234.5967,5.505386,13.19548,8.628984,0.0013333329999999,1.0,0.0013333329999999,5.525,4.066667,4.383333,3.808333,-2.715621,0.1820641,33
2022-04-15 20:40:00,0.1534399999999999,6.568559,234.0124,5.538493,13.19739,8.583797,0.0006666667,1.008333,0.0006666667,5.566666,4.041667,4.391667,3.858333,-2.590875,0.1817573,33
2022-04-15 20:41:00,0.1531941,6.563667,233.6756,5.535633,13.19741,8.53692,0.002,1.033333,0.0020666669999999,5.475,4.0,4.391667,3.808333,-2.514108,0.1823034,33
2022-04-15 20:42:00,0.1531139,6.546737,233.6256,5.505562,13.19749,8.495687999999998,0.0,1.083333,0.0,5.458333,3.975,4.333333,3.808333,-2.475725,0.1819275999999999,33
2022-04-15 20:43:00,0.1532992,6.592718,233.8317,5.470179,13.20178,8.454831999999998,0.0013333329999999,1.058333,0.0014,5.433333,3.958333,4.3,3.766666,-2.427746,0.1828374,33
2022-04-15 20:44:00,0.1532438,6.574645,233.7336,5.438568,13.20212,8.411341999999998,0.0006666667,1.091667,0.0007333333999999,5.391666,3.891666,4.266667,3.758333,-2.475725,0.1821648999999999,33
2022-04-15 20:45:00,0.1532193,6.559068,233.765,5.424763,13.20347,8.369920999999998,0.0013333329999999,1.1,0.001466667,5.308333,3.808333,4.216667,3.641667,-2.466129,0.182181,33
2022-04-15 20:46:00,0.1531540999999999,6.54859,233.5636,5.370575,13.20345,8.328127999999998,0.0006666667,1.091667,0.0007333333999999,5.216667,3.758333,4.116666,3.541667,-2.5333,0.1823762999999999,33
2022-04-15 20:47:00,0.1531547,6.561857,233.6376,5.373965,13.2038,8.287459,0.0,1.1,0.0,5.225,3.758333,4.1,3.525,-2.494917,0.1825298999999999,33
2022-04-15 20:48:00,0.1532134,6.579849,233.7872,5.379206,13.20756,8.244346,0.0013333329999999,1.1,0.001466667,5.183333,3.716666,4.058333,3.525,-2.494917,0.1821222999999999,33
2022-04-15 20:49:00,0.1531199,6.595757,233.7405,5.398939,13.20924,8.205,0.0,1.1,0.0,5.216667,3.716666,4.016666,3.491667,-2.494917,0.1823554,33
2022-04-15 20:50:00,0.1534245999999999,6.603455,234.0631,5.37923,13.20978,8.159810999999998,0.0,1.1,0.0,5.208333,3.666667,3.966666,3.483333,-2.398958,0.1827579,33
2022-04-15 20:51:00,0.1534034,6.617311,234.1035,5.331085,13.20996,8.120464999999998,0.0006666667,1.1,0.0007333333999999,5.1,3.625,3.925,3.425,-2.41815,0.1822660999999999,33
2022-04-15 20:52:00,0.1531983,6.570238,233.8488,5.335363,13.2101,8.079231,0.0006666667,1.1,0.0007333333999999,5.083333,3.566667,3.891667,3.375,-2.389362,0.1833131,33
2022-04-15 20:53:00,0.1532293999999999,6.605071,233.9012,5.325194,13.21017,8.041389,0.0006666667,1.1,0.0007333333999999,5.075,3.633333,3.858333,3.366667,-2.389362,0.1828496,33
2022-04-15 20:54:00,0.1533007999999999,6.584499,233.8624,5.362736,13.21033,8.000536999999998,0.002,1.1,0.001466667,5.15,3.7,3.891666,3.391666,-2.350979,0.1818354,33
2022-04-15 20:55:00,0.1531213999999999,6.567261,233.7067,5.4199,13.21357,7.962125999999999,0.0013333329999999,1.1,0.001466667,5.191667,3.683333,3.925,3.408333,-2.293404,0.1818429,33
2022-04-15 20:56:00,0.1535431999999999,6.623102,234.1859,5.390587,13.21552,7.923720999999999,0.0,1.1,0.0007333333999999,5.141667,3.708333,3.908333,3.425,-2.264617,0.1826064,33
2022-04-15 20:57:00,0.1533718,6.579714,233.8836,5.353101,13.21602,7.882863999999999,0.0,1.1,0.0,5.133333,3.666667,3.866667,3.358333,-2.274212,0.1825069,33
2022-04-15 20:58:00,0.1531463,6.570503,233.7041,5.365057,13.21608,7.85067,0.002,1.1,0.0022,5.116666,3.625,3.783333,3.266666,-2.264617,0.1823032,33
2022-04-15 20:59:00,0.1533033,6.598403,233.7902,5.303169,13.21614,7.811136,0.0006666667,1.1,0.0007333333999999,5.058333,3.541667,3.725,3.2,-2.312596,0.1825597999999999,33
2022-04-15 21:00:00,0.1532746,6.597125,233.8706,5.242452,13.21708,7.773478,0.0006666667,1.108333,0.0007333333999999,5.016666,3.491667,3.658333,3.175,-2.437341,0.1832946,33
2022-04-15 21:01:00,0.1532429999999999,6.620994,233.8837,5.221171,13.22082,7.738085,0.0,1.1,0.0,4.966667,3.466666,3.616667,3.1,-2.514108,0.1825121,33
2022-04-15 21:02:00,0.1533591,6.60384,234.0407,5.1519,13.22175,7.697609,0.0006666667,1.108333,0.0007333333999999,4.908333,3.483333,3.591666,3.083333,-2.494917,0.1818929,33
2022-04-15 21:03:00,0.1534046,6.612695,233.9452,5.126814,13.22179,7.66127,0.0006666667,1.108333,0.0007333333999999,4.908333,3.425,3.55,3.083333,-2.437341,0.1825054,33
2022-04-15 21:04:00,0.1533444999999999,6.594016,233.9689,5.097507,13.22181,7.629265,0.0006666667,1.108333,0.0007333333999999,4.85,3.4,3.516667,2.966666,-2.485321,0.1827,33
2022-04-15 21:05:00,0.1532795,6.62267,233.982,5.015261,13.22184,7.593683999999999,0.0,1.116667,0.0,4.775,3.341666,3.458333,2.908333,-2.398958,0.1828134999999999,33
2022-04-15 21:06:00,0.1533721,6.585126,233.9742,4.958238,13.22186,7.561864,0.0013333329999999,1.108333,0.001533333,4.725,3.325,3.458333,2.916667,-2.427746,0.1831739,33
2022-04-15 21:07:00,0.1535977,6.62951,234.298,4.914861,13.22416,7.524396999999999,0.002,1.141667,0.002266667,4.725,3.275,3.425,2.883333,-2.494917,0.1828543,33
2022-04-15 21:08:00,0.1535246,6.595866,234.1793,4.929506,13.22694,7.475634,0.0006666667,1.175,0.0008,4.808333,3.366667,3.475,2.916667,-2.466129,0.1823999,33
2022-04-15 21:09:00,0.1533516,6.602684,234.0248,4.942881,13.22649,7.432709,0.002666667,1.191667,0.0023999999999999,4.791667,3.333333,3.45,2.866667,-2.408554,0.182174,33
2022-04-15 21:10:00,0.1534079999999999,6.616988,234.1025,4.882986,13.22742,7.397316,0.0006666667,1.183333,0.0016,4.683333,3.266666,3.4,2.825,-2.398958,0.1825792,33
2022-04-15 21:11:00,0.1533466,6.577349,234.1254,4.850814,13.22769,7.365307999999998,0.0,1.191667,0.0,4.683333,3.2,3.341666,2.741667,-2.475725,0.1834703,33
2022-04-15 21:12:00,0.1534688999999999,6.576473,234.1555,4.82442,13.22788,7.327654,0.0,1.183333,0.0,4.675,3.175,3.308333,2.691667,-2.446937,0.1830490999999999,33
2022-04-15 21:13:00,0.1535272,6.608337,234.163,4.846977,13.22782,7.298851,0.0013333329999999,1.191667,0.0016,4.725,3.175,3.266666,2.666667,-2.504512,0.1823657999999999,33
2022-04-15 21:14:00,0.1538799999999999,6.687596,234.7721,4.94459,13.23147,7.262138,0.0006666667,1.191667,0.0007333333999999,4.825,3.258333,3.308333,2.766666,-2.456533,0.1830174,33
2022-04-15 21:15:00,0.1544427999999999,6.722497,235.6661,4.996196,13.23279,7.231635,0.0006666667,1.191667,0.0008,4.841667,3.25,3.3,2.725,-2.389362,0.1837224,33
2022-04-15 21:16:00,0.1544587,6.688051,235.686,4.991989,13.23323,7.200384,0.0013333329999999,1.2,0.0016,4.85,3.233333,3.316667,2.708333,-2.398958,0.1834201,33
2022-04-15 21:17:00,0.1546117999999999,6.720476,235.89,4.937366,13.23228,7.16951,0.0,1.2,0.0,4.775,3.258333,3.3,2.716666,-2.341383,0.1831842999999999,33
2022-04-15 21:18:00,0.1545243,6.721318,235.8042,4.889224,13.23317,7.13298,0.0,1.2,0.0,4.7,3.158333,3.233333,2.616667,-2.303,0.1837534,33
2022-04-15 21:19:00,0.1545919,6.717324,235.9081,4.843647,13.23316,7.103989,0.0006666667,1.2,0.0,4.666667,3.133333,3.183333,2.575,-2.389362,0.1834282999999999,33
2022-04-15 21:20:00,0.15454,6.714048,235.8853,4.794734,13.23313,7.073114,0.002,1.2,0.0023999999999999,4.591667,3.075,3.116667,2.5,-2.456533,0.1830478,33
2022-04-15 21:21:00,0.1545092999999999,6.717132,235.9115,4.733286,13.23312,7.041861,0.0013333329999999,1.2,0.0023999999999999,4.608333,2.983333,3.075,2.45,-2.523704,0.1837014999999999,33
2022-04-15 21:22:00,0.1547213,6.722792,236.0004,4.680447,13.2331,7.011358,0.0,1.208333,0.0,4.575,2.958333,3.025,2.45,-2.64845,0.1834076,33
2022-04-15 21:23:00,0.1548750999999999,6.743473,236.1815,4.688485,13.23309,6.978037,0.0013333329999999,1.2,0.0008,4.558333,2.908333,3.016666,2.383333,-2.677237,0.1832989999999999,33
2022-04-15 21:24:00,0.1547657,6.76276,236.4068,4.692794,13.23308,6.955257,0.0006666667,1.208333,0.0016666669999999,4.55,2.908333,3.008333,2.366667,-2.64845,0.1830524,33
2022-04-15 21:25:00,0.1550205,6.799009,236.9136,4.624133,13.23628,6.923248,0.002666667,1.2,0.0032,4.458333,2.908333,2.958333,2.35,-2.552491,0.1843089,33
2022-04-15 21:26:00,0.1551099,6.776211,236.9953,4.560215,13.23627,6.889548,0.0006666667,1.2,0.0008,4.4,2.85,2.941667,2.325,-2.542896,0.1833509,33
2022-04-15 21:27:00,0.1551327,6.803513,237.0271,4.531051,13.23808,6.86338,0.0,1.208333,0.0,4.341667,2.85,2.925,2.3,-2.494917,0.1839146,33
2022-04-15 21:28:00,0.1552002,6.811962,237.1023,4.580002,13.23897,6.835142,0.002666667,1.208333,0.003266667,4.383333,2.866667,2.941667,2.4,-2.494917,0.1841682,33
2022-04-15 21:29:00,0.1551611,6.784972,236.9125,4.675698,13.2389,6.797859,0.0013333329999999,1.2,0.0008,4.45,2.866667,2.891667,2.358333,-2.398958,0.1831906,33
2022-04-15 21:30:00,0.1553736,6.7906,237.1882,4.716413,13.23886,6.776398,0.0006666667,1.216667,0.0016666669999999,4.425,2.833333,2.891666,2.308333,-2.341383,0.1825901,33
2022-04-15 21:31:00,0.1556414999999999,6.805343,237.6474,4.692828,13.23882,6.74364,0.0006666667,1.233333,0.0008666667,4.383333,2.766666,2.866667,2.275,-2.312596,0.1835922,33
2022-04-15 21:32:00,0.1558377,6.839186,237.8528,4.638008,13.23877,6.712571,0.0006666667,1.275,0.0008,4.308333,2.766666,2.833333,2.266667,-2.303,0.1834446,33
2022-04-15 21:33:00,0.1555102999999999,6.792102,237.4548,4.637924,13.24013,6.687532,0.0006666667,1.241667,0.0,4.283333,2.766666,2.808333,2.275,-2.360575,0.183055,33
2022-04-15 21:34:00,0.155233,6.808283,237.0963,4.645814,13.24098,6.661177,0.002666667,1.283333,0.0033333339999999,4.283333,2.758333,2.833333,2.266667,-2.370171,0.1842202,33
2022-04-15 21:35:00,0.1551000999999999,6.785496,236.9355,4.638669,13.24231,6.631241,0.0006666667,1.283333,0.0016666669999999,4.291667,2.725,2.808333,2.233333,-2.293404,0.1836064,33
2022-04-15 21:36:00,0.1551686999999999,6.804493,236.9356,4.550108,13.24451,6.605068,0.002,1.283333,0.0025999999999999,4.15,2.625,2.716666,2.166667,-2.341383,0.1837156,33
2022-04-15 21:37:00,0.1550298,6.786147,236.8582,4.437157,13.24471,6.578147,0.0,1.291667,0.0,4.008333,2.541667,2.658333,2.075,-2.408554,0.1833563,33
2022-04-15 21:38:00,0.1550032,6.768305,236.801,4.262461,13.24486,6.548967,0.002666667,1.3,0.003466667,3.783333,2.425,2.566667,1.983333,-2.5333,0.183173,33
2022-04-15 21:39:00,0.1551834,6.768637,237.0374,4.13749,13.24509,6.519411,0.003333333,1.3,0.003466667,3.808333,2.441667,2.575,1.975,-2.677237,0.1835241,33
2022-04-15 21:40:00,0.1552551,6.798948,237.0942,4.21015,13.24511,6.494746,0.0013333329999999,1.3,0.0025999999999999,4.008333,2.4,2.575,2.016667,-2.734812,0.1840046999999999,33
2022-04-15 21:41:00,0.1552297,6.783926,237.0199,4.285999,13.24582,6.469703,0.0013333329999999,1.3,0.0008666667,4.125,2.383333,2.558333,1.933333,-2.83077,0.1840193,33
2022-04-15 21:42:00,0.155413,6.82298,237.192,4.183626,13.24911,6.440523,0.0013333329999999,1.3,0.0025999999999999,3.925,2.316667,2.475,1.875,-2.782791,0.183516,33
2022-04-15 21:43:00,0.155782,6.869871,237.8419,3.936987,13.24975,6.411155,0.0,1.3,0.0,3.733333,2.241667,2.433333,1.808333,-2.792387,0.1838415999999999,33
2022-04-15 21:44:00,0.1557283999999999,6.86194,237.8198,3.703659,13.24989,6.384418,0.002666667,1.3,0.0025999999999999,3.466666,2.158333,2.35,1.725,-2.859558,0.1836436999999999,33
2022-04-15 21:45:00,0.1554193,6.794659,237.4454,3.616011,13.25088,6.354294,0.0013333329999999,1.3,0.0025999999999999,3.475,2.083333,2.325,1.708333,-2.945921,0.1830127,33
2022-04-15 21:46:00,0.1550985,6.811221,237.1448,3.452684,13.25103,6.324549,0.002,1.3,0.0025999999999999,3.266666,1.991667,2.25,1.616667,-2.926729,0.183544,33
2022-04-15 21:47:00,0.1550974,6.786716,237.1423,3.436639,13.25107,6.295745,0.002,1.3,0.001733333,3.325,1.883333,2.166667,1.591667,-3.022687,0.1833461,33
2022-04-15 21:48:00,0.1552196,6.795832,237.274,3.526628,13.25164,6.264676,0.002,1.3,0.003466667,3.475,1.8,2.15,1.55,-3.022687,0.1834157999999999,33
2022-04-15 21:49:00,0.1556578999999999,6.861286,237.7406,3.701418,13.25626,6.230224,0.0013333329999999,1.3,0.001733333,3.6,1.741667,2.116667,1.55,-3.099454,0.1837573999999999,33
2022-04-15 21:50:00,0.1556045,6.844388,237.7255,3.831985,13.25679,6.201042,0.002666667,1.3,0.003466667,3.75,1.775,2.133333,1.591667,-3.041879,0.1833442,33
2022-04-15 21:51:00,0.1556679,6.830545,237.7072,3.887773,13.25684,6.168091,0.0006666667,1.3,0.0008666667,3.791666,1.7,2.1,1.566667,-2.907537,0.1839267,33
2022-04-15 21:52:00,0.1557360999999999,6.849787,237.8149,3.915472,13.25687,6.139288,0.002,1.3,0.0025999999999999,3.7,1.65,2.1,1.525,-2.888345,0.1836084,33
2022-04-15 21:53:00,0.1558663,6.87384,237.9093,3.968097,13.25694,6.111049,0.0006666667,1.308333,0.0,3.75,1.658333,2.075,1.516667,-2.869154,0.1842288,33
2022-04-15 21:54:00,0.1557282999999999,6.847663,237.8091,3.992699,13.25696,6.081301,0.002666667,1.3,0.004333334,3.691667,1.675,2.083333,1.55,-2.782791,0.1836537,33
2022-04-15 21:55:00,0.1558508,6.866356,237.9271,3.985914,13.257,6.054564,0.0013333329999999,1.308333,0.0008666667,3.708333,1.708333,2.141667,1.625,-2.610067,0.1839741,33
2022-04-15 21:56:00,0.1558591,6.84505,237.8739,3.967546,13.25702,6.021996,0.0013333329999999,1.3,0.0025999999999999,3.666667,1.733333,2.15,1.608333,-2.542896,0.1833867999999999,33
2022-04-15 21:57:00,0.1558421,6.857807,238.018,4.045531,13.25888,5.995451,0.0006666667,1.316667,0.0,3.7,1.783333,2.25,1.741667,-2.475725,0.1836555,33
2022-04-15 21:58:00,0.1559569,6.862708,238.219,4.054445,13.26073,5.967213,0.0013333329999999,1.316667,0.0018,3.675,1.758333,2.25,1.766667,-2.437341,0.1837784,33
2022-04-15 21:59:00,0.1559236,6.865439,238.1585,4.072416,13.26257,5.94085,0.0013333329999999,1.3,0.0025999999999999,3.733333,1.8,2.275,1.808333,-2.322191,0.1835344999999999,33
2022-04-15 22:00:00,0.15594,6.866832,238.1569,4.057534,13.2626,5.916752,0.002,1.308333,0.001733333,3.716666,1.766667,2.241667,1.825,-2.331787,0.1833539999999999,33
2022-04-15 22:01:00,0.1559106,6.857372,238.1254,4.025725,13.26261,5.890772,0.0006666667,1.308333,0.0018,3.733333,1.783333,2.233333,1.825,-2.331787,0.1834469,33
2022-04-15 22:02:00,0.1555555999999999,6.843938,237.6535,3.9517,13.26263,5.866299,0.002,1.3,0.0025999999999999,3.683333,1.808333,2.266667,1.883333,-2.331787,0.1836125999999999,33
2022-04-15 22:03:00,0.1555512,6.818905,237.4206,3.958808,13.26309,5.837678,0.0006666667,1.333333,0.0008666667,3.716666,1.791667,2.275,1.891667,-2.466129,0.1833523,33
2022-04-15 22:04:00,0.1555585999999999,6.790682,237.3633,3.935189,13.26402,5.81772,0.0013333329999999,1.35,0.0018,3.658333,1.716667,2.216667,1.808333,-2.485321,0.1841451,33
2022-04-15 22:05:00,0.1557087,6.859996,237.6661,3.858094,13.26678,5.793058,0.0013333329999999,1.35,0.001866667,3.625,1.675,2.108333,1.75,-2.552491,0.1836762999999999,33
2022-04-15 22:06:00,0.1560061,6.870453,238.0484,3.785147,13.2677,5.765384,0.003333333,1.366667,0.0045333329999999,3.591666,1.625,2.058333,1.725,-2.629258,0.1836255,33
2022-04-15 22:07:00,0.1560758999999999,6.863033,238.3279,3.730371,13.26817,5.739401,0.0013333329999999,1.391667,0.0018,3.591666,1.591667,2.066667,1.683333,-2.715621,0.1835054999999999,33
2022-04-15 22:08:00,0.1560108,6.869627,238.3376,3.688133,13.26817,5.713043,0.002666667,1.391667,0.003733333,3.558333,1.491667,1.975,1.6,-2.7636,0.1843269999999999,33
2022-04-15 22:09:00,0.1559638999999999,6.872799,238.2054,3.681183,13.26818,5.689697,0.002,1.383333,0.0028,3.575,1.491667,2.0,1.575,-2.83077,0.1838306,33
2022-04-15 22:10:00,0.1556289999999999,6.806669,237.579,3.69458,13.26818,5.664471,0.002,1.4,0.0028,3.575,1.441667,1.975,1.516667,-2.821175,0.1830454,33
2022-04-15 22:11:00,0.1553556,6.784973,237.2446,3.703532,13.26681,5.643383,0.0006666667,1.4,0.0,3.541667,1.483333,1.975,1.508333,-2.7636,0.1835022,33
2022-04-15 22:12:00,0.1556061,6.833866,237.3733,3.663671,13.26819,5.621544,0.0013333329999999,1.4,0.0028,3.45,1.516667,2.025,1.508333,-2.706025,0.1829006,33
2022-04-15 22:13:00,0.1556590999999999,6.815054,237.5039,3.711343,13.26819,5.589725,0.002,1.4,0.0028,3.558333,1.55,2.075,1.583333,-2.638854,0.1831216,33
2022-04-15 22:14:00,0.1556487,6.823645,237.4536,3.748111,13.26911,5.569204,0.0006666667,1.391667,0.0009333333999999,3.558333,1.558333,2.1,1.6,-2.552491,0.1832539,33
2022-04-15 22:15:00,0.1556872,6.843155,237.6197,3.774575,13.27278,5.543412,0.002,1.4,0.0028,3.6,1.55,2.075,1.591667,-2.562087,0.1827743,33
2022-04-15 22:16:00,0.1555849,6.788052,237.4915,3.781304,13.27369,5.524395,0.0013333329999999,1.4,0.001866667,3.666667,1.558333,2.125,1.633333,-2.514108,0.1832783,33
2022-04-15 22:17:00,0.1554978999999999,6.823699,237.5016,3.800522,13.27354,5.497097,0.002666667,1.4,0.003733333,3.708333,1.541667,2.1,1.625,-2.562087,0.1837571,33
2022-04-15 22:18:00,0.1556692,6.829751,237.6304,3.794427,13.27415,5.479588,0.002666667,1.391667,0.003666667,3.641667,1.541667,2.083333,1.608333,-2.590875,0.1836171,33
2022-04-15 22:19:00,0.1555526999999999,6.830738,237.4453,3.793529,13.27451,5.455112,0.003333333,1.4,0.004666667,3.641667,1.491667,2.091667,1.566667,-2.542896,0.1828824,33
2022-04-15 22:20:00,0.1556221,6.836993,237.572,3.731464,13.27458,5.433275,0.002,1.391667,0.0028,3.525,1.541667,2.108333,1.6,-2.542896,0.1840003,33
2022-04-15 22:21:00,0.1556696999999999,6.825257,237.5719,3.680972,13.27479,5.406539,0.002,1.4,0.0028,3.516666,1.591667,2.191667,1.675,-2.552491,0.1831632,33
2022-04-15 22:22:00,0.1556855,6.819571,237.7111,3.662309,13.27583,5.388653,0.002666667,1.4,0.003733333,3.525,1.6,2.216667,1.741667,-2.523704,0.1836209,33
2022-04-15 22:23:00,0.1558253,6.840181,237.8329,3.666066,13.27869,5.367378,0.0013333329999999,1.4,0.001866667,3.516667,1.65,2.216667,1.758333,-2.456533,0.183735,33
2022-04-15 22:24:00,0.1556635,6.839801,237.6976,3.623805,13.28066,5.347421,0.003333333,1.391667,0.003733333,3.441667,1.65,2.258333,1.791667,-2.41815,0.1832851,33
2022-04-15 22:25:00,0.1555206,6.789963,237.4565,3.512526,13.28071,5.324453,0.0006666667,1.4,0.0008666667,3.291666,1.691667,2.25,1.75,-2.341383,0.1830121,33
2022-04-15 22:26:00,0.1552435,6.805439,237.0868,3.45689,13.28085,5.306191,0.0006666667,1.4,0.0009333333999999,3.275,1.633333,2.208333,1.733333,-2.303,0.1833203999999999,33
2022-04-15 22:27:00,0.1554058,6.759583,237.3499,3.477985,13.28089,5.287174,0.002666667,1.4,0.003733333,3.333333,1.666667,2.25,1.766667,-2.331787,0.1829236999999999,33
2022-04-15 22:28:00,0.1553949,6.785723,237.2486,3.493078,13.28097,5.266466,0.002666667,1.4,0.003733333,3.358333,1.65,2.233333,1.75,-2.303,0.182833,33
2022-04-15 22:29:00,0.1556594,6.841838,237.5295,3.42154,13.28103,5.242365,0.0,1.4,0.0009333333999999,3.3,1.7,2.258333,1.783333,-2.274212,0.1837917,33
2022-04-15 22:30:00,0.1558442999999999,6.849403,237.8256,3.431087,13.28107,5.225422,0.0006666667,1.4,0.0009333333999999,3.291666,1.716667,2.283333,1.833333,-2.274212,0.1843048999999999,33
2022-04-15 22:31:00,0.1558085999999999,6.858948,237.8583,3.402414,13.28113,5.204714,0.0013333329999999,1.4,0.001866667,3.291666,1.725,2.283333,1.8,-2.235829,0.1833956999999999,33
2022-04-15 22:32:00,0.1559951,6.840122,238.0374,3.359575,13.28115,5.18419,0.0006666667,1.4,0.0009333333999999,3.258333,1.716667,2.291667,1.825,-2.226233,0.1832751,33
2022-04-15 22:33:00,0.1560207,6.852048,238.1508,3.275559,13.28304,5.165552,0.0013333329999999,1.4,0.001866667,3.191667,1.683333,2.233333,1.775,-2.255021,0.1840049,33
2022-04-15 22:34:00,0.1558939,6.853485,238.0735,3.226784,13.28534,5.141266,0.0006666667,1.4,0.0009333333999999,3.15,1.675,2.25,1.8,-2.274212,0.1838536,33
2022-04-15 22:35:00,0.1559238,6.823668,238.0539,3.158279,13.28629,5.124509,0.0006666667,1.4,0.0009333333999999,3.1,1.716667,2.291667,1.816667,-2.283808,0.1839067,33
2022-04-15 22:36:00,0.1559615,6.872823,238.0969,3.090901,13.28494,5.101728,0.004,1.408333,0.004733333,3.025,1.725,2.283333,1.8,-2.255021,0.1843602,33
2022-04-15 22:37:00,0.1560878,6.866977,238.2781,3.108469,13.28679,5.083465,0.0013333329999999,1.408333,0.0028,3.091666,1.758333,2.283333,1.816667,-2.274212,0.1835871,33
2022-04-15 22:38:00,0.1560312,6.879437,238.1736,3.107596,13.28682,5.05899,0.002,1.4,0.0028,3.075,1.758333,2.283333,1.841667,-2.235829,0.1833909,33
2022-04-15 22:39:00,0.1559318,6.852766,238.0081,3.178406,13.28682,5.042988,0.002,1.4,0.001866667,3.2,1.808333,2.325,1.908333,-2.235829,0.1835226,33
2022-04-15 22:40:00,0.1560662999999999,6.853969,238.1016,3.192043,13.2873,5.017948,0.002,1.4,0.003733333,3.241667,1.816667,2.333333,1.9,-2.178254,0.1829014999999999,33
2022-04-15 22:41:00,0.1559614,6.864263,238.0386,3.185846,13.2896,5.001756,0.002666667,1.4,0.003733333,3.191667,1.8,2.316667,1.908333,-2.168658,0.1839238,33
2022-04-15 22:42:00,0.15601,6.867079,238.0992,3.132382,13.29145,4.980669,0.002666667,1.358333,0.003666667,3.1,1.725,2.283333,1.85,-2.159062,0.1831762,33
2022-04-15 22:43:00,0.156228,6.879793,238.33,3.087566,13.29237,4.963912,0.002,1.308333,0.002666667,3.041667,1.725,2.266667,1.833333,-2.139871,0.1840285999999999,33
2022-04-15 22:44:00,0.1561020999999999,6.894459,238.2776,3.036364,13.29146,4.941509,0.002666667,1.3,0.0025999999999999,2.991667,1.758333,2.275,1.833333,-2.168658,0.1834821,33
2022-04-15 22:45:00,0.1560958,6.880775,238.2414,3.003109,13.29193,4.922684,0.002,1.3,0.003466667,2.983333,1.791667,2.283333,1.883333,-2.0727,0.1837164,33
2022-04-15 22:46:00,0.1560514,6.900537,238.2844,2.971929,13.29239,4.902348,0.0006666667,1.3,0.0008666667,2.983333,1.758333,2.3,1.883333,-2.034317,0.1840883,33
2022-04-15 22:47:00,0.1562387,6.864071,238.3495,2.985618,13.2924,4.881639,0.0013333329999999,1.3,0.001733333,3.008333,1.8,2.333333,1.891667,-2.034317,0.1837076,33
2022-04-15 22:48:00,0.1563276,6.891042,238.4169,3.094806,13.29241,4.864508,0.002,1.308333,0.001733333,3.108333,1.808333,2.333333,1.916667,-2.015125,0.1836641,33
2022-04-15 22:49:00,0.1561203999999999,6.880079,238.1834,3.115519,13.29241,4.844362,0.0013333329999999,1.3,0.0025999999999999,3.083333,1.816667,2.316667,1.908333,-1.995933,0.1839102,33
2022-04-15 22:50:00,0.1562067,6.881853,238.1402,3.131055,13.29287,4.828358,0.0013333329999999,1.3,0.001733333,3.1,1.791667,2.258333,1.9,-1.938358,0.1832527999999999,33
2022-04-15 22:51:00,0.1563331,6.899079,238.2834,3.125058,13.29333,4.805202,0.0013333329999999,1.3,0.001733333,3.083333,1.808333,2.308333,1.925,-1.95755,0.1840261,33
2022-04-15 22:52:00,0.1563863,6.908918,238.4985,3.098462,13.29471,4.790142,0.0013333329999999,1.366667,0.001866667,3.041667,1.833333,2.35,1.966667,-1.928762,0.1841034,33
2022-04-15 22:53:00,0.1563341,6.887168,238.5297,3.113774,13.29471,4.769619,0.002,1.4,0.0028,3.158333,1.8,2.35,1.975,-1.976742,0.1833073,33
2022-04-15 22:54:00,0.1562398,6.893147,238.4427,3.179076,13.29609,4.75098,0.0013333329999999,1.391667,0.001866667,3.225,1.816667,2.35,1.958333,-1.995933,0.183953,33
2022-04-15 22:55:00,0.1562209,6.90674,238.4922,3.189627,13.29747,4.732152,0.0013333329999999,1.316667,0.001733333,3.183333,1.75,2.291667,1.925,-2.034317,0.1836797,33
2022-04-15 22:56:00,0.1560931,6.879817,238.3757,3.157636,13.29792,4.713137,0.003333333,1.375,0.0035999999999999,3.125,1.733333,2.266667,1.9,-2.091892,0.1836134,33
2022-04-15 22:57:00,0.1560829,6.905834,238.3733,3.14472,13.29793,4.702406,0.0013333329999999,1.4,0.0028,3.116667,1.666667,2.183333,1.85,-2.101487,0.1837087,33
2022-04-15 22:58:00,0.1561761999999999,6.867851,238.5601,3.168313,13.29793,4.678684,0.0013333329999999,1.391667,0.001866667,3.133333,1.708333,2.2,1.866667,-2.130275,0.1832212,33
2022-04-15 22:59:00,0.1562955,6.912353,238.5968,3.214301,13.29793,4.665127,0.0006666667,1.391667,0.0009333333999999,3.166667,1.7,2.258333,1.866667,-2.0727,0.1835386,33
2022-04-15 23:00:00,0.1558688,6.868058,238.1287,3.146657,13.29793,4.632746,0.002666667,1.4,0.0028,3.058333,1.7,2.183333,1.883333,-2.053508,0.1838214,33
2022-04-15 23:01:00,0.1560166,6.890651,238.2819,3.090028,13.29793,4.61279,0.0006666667,1.4,0.001866667,2.966666,1.7,2.191667,1.858333,-1.986337,0.1838663,33
2022-04-15 23:02:00,0.1561956999999999,6.925045,238.5737,2.966945,13.29702,4.599609,0.0006666667,1.4,0.0009333333999999,2.816667,1.65,2.141667,1.816667,-1.95755,0.183983,33
2022-04-15 23:03:00,0.1563668,6.93218,238.6128,2.926969,13.29839,4.582666,0.003333333,1.375,0.003666667,2.825,1.616667,2.116667,1.791667,-2.005529,0.1842939,33
2022-04-15 23:04:00,0.1562177999999999,6.885883,238.3994,2.89428,13.30114,4.56798,0.002666667,1.3,0.004333334,2.825,1.575,2.091667,1.725,-2.082296,0.183127,33
2022-04-15 23:05:00,0.1561991,6.868093,238.4434,2.877394,13.30206,4.553294,0.002,1.3,0.0025999999999999,2.8,1.541667,2.033333,1.675,-2.130275,0.1839425,33
2022-04-15 23:06:00,0.1560269,6.872873,238.2782,2.85896,13.30252,4.53635,0.002666667,1.358333,0.002666667,2.791666,1.5,1.991667,1.65,-2.178254,0.1836182,33
2022-04-15 23:07:00,0.1560764,6.90109,238.3337,2.757996,13.30252,4.51376,0.002666667,1.4,0.004666667,2.675,1.458333,1.975,1.608333,-2.18785,0.1835994,33
2022-04-15 23:08:00,0.1562282,6.904991,238.5435,2.804093,13.30343,4.505286,0.002666667,1.4,0.003733333,2.75,1.441667,1.941667,1.6,-2.178254,0.1838125999999999,33
2022-04-15 23:09:00,0.1561323,6.890023,238.5235,2.815529,13.30343,4.485893,0.002,1.408333,0.0028,2.791666,1.425,1.9,1.575,-2.178254,0.1833238,33
2022-04-15 23:10:00,0.1561296,6.888369,238.3787,2.773123,13.30343,4.470833,0.0006666667,1.408333,0.0009333333999999,2.741667,1.358333,1.875,1.516667,-2.207042,0.1839353,33
2022-04-15 23:11:00,0.1559859,6.877478,238.3117,2.673043,13.30343,4.455584,0.002,1.425,0.0028,2.566667,1.358333,1.858333,1.491667,-2.207042,0.1834629999999999,33
2022-04-15 23:12:00,0.1561914,6.90103,238.4542,2.629118,13.30343,4.435438,0.0013333329999999,1.4,0.001866667,2.625,1.341667,1.841667,1.433333,-2.207042,0.1826948999999999,33
2022-04-15 23:13:00,0.1563163999999999,6.932462,238.5727,2.64233,13.30343,4.422823,0.0006666667,1.4,0.0009333333999999,2.641667,1.308333,1.816667,1.441667,-2.293404,0.1839386,33
2022-04-15 23:14:00,0.1564707999999999,6.92351,238.7913,2.585165,13.30343,4.403808,0.0013333329999999,1.4,0.001866667,2.525,1.3,1.791667,1.416667,-2.264617,0.1843742999999999,33
2022-04-15 23:15:00,0.1568827999999999,6.964033,239.5866,2.52387,13.30343,4.384979,0.0013333329999999,1.416667,0.001866667,2.5,1.283333,1.8,1.391667,-2.283808,0.1841499,33
2022-04-15 23:16:00,0.1567675,6.970303,239.5801,2.586451,13.30343,4.371424,0.002,1.491667,0.002933333,2.583333,1.25,1.758333,1.383333,-2.264617,0.1839589,33
2022-04-15 23:17:00,0.1567416,6.981692,239.5925,2.603081,13.30389,4.351469,0.003333333,1.5,0.005,2.658333,1.183333,1.691667,1.35,-2.264617,0.1838963,33
2022-04-15 23:18:00,0.1570483,6.958122,239.77,2.56051,13.30481,4.336972,0.002,1.5,0.003,2.566667,1.191667,1.7,1.3,-2.303,0.1841837,33
2022-04-15 23:19:00,0.1570453,6.958195,239.6867,2.564161,13.30618,4.319838,0.002,1.5,0.002,2.55,1.208333,1.725,1.341667,-2.283808,0.1845548999999999,33
2022-04-15 23:20:00,0.1568616999999999,6.972025,239.5734,2.589382,13.30664,4.299129,0.0,1.5,0.001,2.608333,1.225,1.741667,1.383333,-2.207042,0.1840314,33
2022-04-15 23:21:00,0.1569106,6.975545,239.4575,2.637325,13.30893,4.28388,0.002666667,1.5,0.004,2.683333,1.2,1.741667,1.341667,-2.178254,0.1844080999999999,33
2022-04-15 23:22:00,0.157082,6.978064,239.7215,2.639127,13.30893,4.265617,0.002666667,1.5,0.004,2.625,1.108333,1.658333,1.283333,-2.197446,0.1847066,33
2022-04-15 23:23:00,0.1572443,7.008047,239.9817,2.604272,13.30893,4.254508,0.002666667,1.5,0.003,2.533333,1.066667,1.6,1.225,-2.178254,0.1841091,33
2022-04-15 23:24:00,0.1571336999999999,6.984365,239.8956,2.590608,13.30893,4.23587,0.0013333329999999,1.5,0.002,2.533333,0.9583333,1.508333,1.108333,-2.235829,0.1841062,33
2022-04-15 23:25:00,0.1572067,6.992092,240.0223,2.573882,13.30893,4.217045,0.002666667,1.5,0.005,2.5,0.8583332999999999,1.358333,0.9666666,-2.350979,0.1843711,33
2022-04-15 23:26:00,0.1570669,7.002903,239.8524,2.522466,13.30908,4.198028,0.0013333329999999,1.5,0.002,2.391667,0.7249999999999999,1.225,0.8666666,-2.514108,0.1841202999999999,33
2022-04-15 23:27:00,0.1570073999999999,6.980062,239.8222,2.454734,13.30938,4.183531,0.0013333329999999,1.5,0.001,2.208333,0.6083332999999999,1.091667,0.6666667,-2.64845,0.1841853,33
2022-04-15 23:28:00,0.1572282999999999,6.973287,240.0288,2.319297,13.30978,4.170353,0.0013333329999999,1.5,0.003,1.908333,0.4833333,0.9583333,0.45,-2.773196,0.1847101999999999,33
2022-04-15 23:29:00,0.1570589,7.014083,240.0029,2.164685,13.30975,4.151715,0.0006666667,1.5,0.001,1.675,0.3499999999999999,0.7749998999999999,0.2416667,-2.840366,0.1837299,33
2022-04-15 23:30:00,0.1570351,6.973557,239.8887,2.055166,13.31289,4.129309,0.003333333,1.5,0.005,1.6,0.1666667,0.6333332999999999,0.0916666599999999,-2.9939,0.1839471,33
2022-04-15 23:31:00,0.1571138,6.974154,239.9034,2.009194,13.31387,4.112177,0.002666667,1.5,0.004,1.733333,0.0916666599999999,0.55,-0.025,-3.166625,0.1839721,33
2022-04-15 23:32:00,0.1572357,6.997993,239.9839,1.990761,13.31511,4.084499,0.003333333,1.5,0.005,1.808333,0.03333334,0.4916666,-0.08333334,-3.281775,0.1844660999999999,33
2022-04-15 23:33:00,0.1572177999999999,6.990469,240.0008,2.133706,13.31524,4.06925,0.003333333,1.5,0.004,1.975,0.0666666699999999,0.5749999999999998,-0.05833333,-3.243392,0.1840093999999999,33
2022-04-15 23:34:00,0.1572801,6.946259,239.7881,2.265053,13.31497,4.045341,0.002666667,1.508333,0.005066667,2.125,0.04166667,0.5166667,-0.05,-3.070666,0.1843706,33
2022-04-15 23:35:00,0.1572712,7.010731,239.9751,2.311211,13.31529,4.029714,0.0013333329999999,1.508333,0.002,2.191667,0.01666667,0.4666666999999999,-0.125,-2.907537,0.1845490999999999,33
2022-04-15 23:36:00,0.1571422,6.991158,239.8506,2.246165,13.31522,4.004297,0.002666667,1.558333,0.0041999999999999,1.991667,-0.03333334,0.4249999999999999,-0.2,-2.754004,0.1846415999999999,33
2022-04-15 23:37:00,0.1570021,6.997774,239.9296,2.169885,13.31507,3.988483,0.002,1.516667,0.002,1.808333,-0.0666666699999999,0.3499999999999999,-0.275,-2.706025,0.1835523,33
2022-04-15 23:38:00,0.1566326,6.948269,239.1391,2.104744,13.31503,3.965137,0.002666667,1.5,0.005,1.741667,-0.05,0.3583333,-0.2666666999999999,-2.64845,0.1838631,33
2022-04-15 23:39:00,0.1563321,6.908379,238.8125,2.114125,13.31586,3.947251,0.002666667,1.5,0.003,1.85,-0.0916666599999999,0.4083333,-0.225,-2.638854,0.1833689,33
2022-04-15 23:40:00,0.1562695,6.893353,238.6441,2.115341,13.31855,3.924093,0.003333333,1.5,0.005,2.0,-0.0749999999999999,0.4083333,-0.2,-2.667641,0.1829576,33
2022-04-15 23:41:00,0.1561289999999999,6.91362,238.5406,2.096483,13.31896,3.906018,0.002,1.5,0.004,2.033333,-0.0916666599999999,0.3666667,-0.225,-2.734812,0.1844696999999999,33
2022-04-15 23:42:00,0.1560568,6.879557,238.3187,2.070467,13.31936,3.888699,0.002,1.5,0.003,2.05,-0.0749999999999999,0.3583333,-0.2666666999999999,-2.811579,0.1835634999999999,33
2022-04-15 23:43:00,0.1561152,6.889681,238.3218,2.045562,13.32025,3.868178,0.0,1.5,0.0,2.033333,-0.0916666599999999,0.3333333,-0.2999999999999999,-3.416116,0.1838071,33
2022-04-15 23:44:00,0.1560742,6.870947,238.3072,2.041324,13.32019,3.843889,0.002666667,1.5,0.003,2.075,-0.0916666599999999,0.3416666999999999,-0.3499999999999999,-2.811579,0.1838413999999999,33
2022-04-15 23:45:00,0.1562426,6.898935,238.4186,2.06029,13.32017,3.826946,0.002666667,1.5,0.004,2.125,-0.0749999999999999,0.4333332999999999,-0.2416667,-2.821175,0.1840033,33
2022-04-15 23:46:00,0.1560400999999999,6.861784,238.1657,2.149939,13.32059,3.806614,0.0013333329999999,1.5,0.003,2.241667,0.0083333339999999,0.5166667,-0.125,-2.821175,0.1835448,33
2022-04-15 23:47:00,0.1561259,6.860362,238.2532,2.21933,13.32267,3.784019,0.0013333329999999,1.5,0.002,2.3,0.0749999999999999,0.5999999999999999,0.0,-2.715621,0.1836503999999999,33
2022-04-15 23:48:00,0.1562754,6.875997,238.4659,2.255101,13.32513,3.765193,0.002,1.5,0.003,2.275,0.1749999999999999,0.6916666,0.1499999999999999,-2.504512,0.1831830999999999,33
2022-04-15 23:49:00,0.156256,6.882433,238.4936,2.274791,13.32502,3.741093,0.002,1.5,0.003,2.333333,0.2416667,0.7833333,0.2333332999999999,-2.350979,0.1834301999999999,33
2022-04-15 23:50:00,0.1561286,6.887855,238.4031,2.27558,13.32591,3.727538,0.0013333329999999,1.5,0.002,2.291667,0.275,0.8333333,0.2916667,-2.18785,0.1843217,33
2022-04-15 23:51:00,0.1559456999999999,6.863487,238.2495,2.265629,13.32582,3.707582,0.002,1.5,0.003,2.308333,0.3416666999999999,0.8916667,0.375,-2.149467,0.1831334,33
2022-04-15 23:52:00,0.1559348,6.895041,238.2862,2.217292,13.32579,3.693087,0.0013333329999999,1.5,0.002,2.258333,0.4083333,0.9166667,0.4249999999999999,-2.024721,0.1843017,33
2022-04-15 23:53:00,0.1562128999999999,6.932096,238.4704,2.191476,13.32574,3.675955,0.002,1.5,0.003,2.241667,0.4749999999999999,0.9333333,0.4749999999999999,-1.967146,0.1847892999999999,33
2022-04-15 23:54:00,0.1561287,6.920611,238.444,2.183647,13.3257,3.655243,0.003333333,1.5,0.004,2.241667,0.4749999999999999,0.9916666,0.5583333,-2.043912,0.1845652,33
2022-04-15 23:55:00,0.1560126,6.878916,238.2943,2.1641,13.32568,3.645077,0.004,1.5,0.006,2.2,0.4416666,0.9916666,0.5666666999999999,-2.034317,0.1837486999999999,33
2022-04-15 23:56:00,0.1560516,6.892858,238.2435,2.153987,13.32563,3.629262,0.0006666667,1.5,0.002,2.191667,0.4833333,0.9583333,0.5833333,-2.024721,0.1840449999999999,33
2022-04-15 23:57:00,0.1559705,6.879246,238.1401,2.142747,13.3257,3.612316,0.002,1.5,0.002,2.191667,0.5083332999999999,1.041667,0.6083332999999999,-2.015125,0.1840581,33
2022-04-15 23:58:00,0.1560189999999999,6.879555,238.1917,2.141115,13.32604,3.597067,0.002,1.5,0.004,2.166667,0.5,0.9916666,0.5916666,-2.005529,0.1838111,33
2022-04-15 23:59:00,0.1560428,6.884918,238.2761,2.181782,13.32736,3.578806,0.0013333329999999,1.5,0.002,2.183333,0.5083332999999999,1.066667,0.6333332999999999,-1.95755,0.1838892,33
2022-07-15 00:00:00,0.1521667999999999,6.896464,235.1561,22.75376,12.90497,24.04272,0.0,0.2999999999999999,0.0,22.40833,21.875,22.11667,21.85,-1.573717,0.1920802,33
2022-07-15 00:01:00,0.1524716999999999,6.938396,235.4744,22.79994,12.90223,24.04272,0.0,0.2999999999999999,0.0,22.45833,21.86667,22.10833,21.86667,-1.544929,0.1917321999999999,33
2022-07-15 00:02:00,0.1530246,6.999828,236.1244,22.85027,12.90497,24.04272,0.0006666667,0.2999999999999999,0.0002,22.475,21.81667,22.125,21.875,-1.516142,0.1915524,33
2022-07-15 00:03:00,0.1530025,7.001552,236.6726,22.85606,12.90497,24.01824,0.0,0.2999999999999999,0.0,22.43333,21.85833,22.15,21.875,-1.506546,0.1918933999999999,33
2022-07-15 00:04:00,0.1528607999999999,6.992711,236.5142,22.82565,12.90406,24.01335,0.0,0.2999999999999999,0.0,22.39166,21.825,22.1,21.84167,-1.400992,0.1920117,33
2022-07-15 00:05:00,0.1528606,6.982206,236.4862,22.81462,12.90497,24.01335,0.0,0.2999999999999999,0.0,22.375,21.81667,22.09167,21.79167,-1.468162,0.1915353999999999,33
2022-07-15 00:06:00,0.1530364999999999,6.999072,236.6268,22.80644,12.90497,24.00657,0.0,0.2999999999999999,0.0,22.34167,21.825,22.13333,21.85,-1.49695,0.1917242999999999,33
2022-07-15 00:07:00,0.1535063999999999,7.022183,237.1243,22.76676,12.90543,23.98624,0.0,0.2999999999999999,0.0,22.30833,21.75833,22.01666,21.75,-1.49695,0.1914797,33
2022-07-15 00:08:00,0.1534996,7.03965,237.1991,22.77779,12.90543,23.98624,0.0,0.2999999999999999,0.0,22.31667,21.79167,22.00833,21.75,-1.516142,0.1925178999999999,33
2022-07-15 00:09:00,0.1530199999999999,7.003378,236.7189,22.83431,12.90588,23.98624,0.0,0.2999999999999999,0.0,22.41666,21.80833,22.04167,21.74167,-1.544929,0.1919239,33
2022-07-15 00:10:00,0.1530191999999999,6.993534,236.7148,22.89495,12.9036,23.96421,0.0,0.2999999999999999,0.0,22.48333,21.81667,22.025,21.75,-1.525737,0.1915878,33
2022-07-15 00:11:00,0.1531168,7.008879,236.7727,22.92067,12.90086,23.95687,0.0,0.2999999999999999,0.0,22.48333,21.80833,22.01666,21.75833,-1.458567,0.1914744999999999,33
2022-07-15 00:12:00,0.1533019999999999,7.056838,237.2615,22.92618,12.9036,23.95687,0.0,0.2999999999999999,0.0,22.48333,21.80833,22.05833,21.74167,-1.420183,0.192463,33
2022-07-15 00:13:00,0.1535978,7.128432,237.998,22.90036,12.90268,23.93729,0.0,0.2916667,0.0,22.425,21.825,22.04167,21.75833,-1.429779,0.1934624,33
2022-07-15 00:14:00,0.1538105999999999,7.139517,238.233,22.92294,12.90177,23.9275,0.0,0.2999999999999999,0.0,22.48333,21.88333,22.09167,21.79167,-1.391396,0.1932782999999999,33
2022-07-15 00:15:00,0.1539067,7.10991,238.3336,22.93673,12.90177,23.9275,0.0,0.2916667,0.0,22.48333,21.825,22.025,21.74167,-1.333821,0.1923742,33
2022-07-15 00:16:00,0.1538346999999999,7.10029,238.1618,22.93328,12.90131,23.9275,0.0,0.2999999999999999,0.0,22.45833,21.83333,22.09167,21.74167,-1.410587,0.1923668,33
2022-07-15 00:17:00,0.1537098,7.102845,238.1819,22.94017,12.90131,23.9275,0.0,0.2999999999999999,0.0,22.48333,21.85833,22.06667,21.725,-1.372204,0.192287,33
2022-07-15 00:18:00,0.1538693999999999,7.088976,238.1995,22.93427,12.90131,23.92505,0.0,0.2999999999999999,0.0,22.49167,21.81667,22.03333,21.71667,-1.3818,0.1919402,33
2022-07-15 00:19:00,0.1537004999999999,7.085427,237.9193,22.91151,12.90177,23.90302,0.0,0.2999999999999999,0.0,22.5,21.85833,22.05833,21.75,-1.362608,0.1926210999999999,33
2022-07-15 00:20:00,0.1536304,7.101044,237.8522,22.91625,12.90131,23.89813,0.0,0.2999999999999999,0.0,22.48333,21.86667,22.075,21.76667,-1.353012,0.1932717999999999,33
2022-07-15 00:21:00,0.1534582999999999,7.103377,237.8789,22.94038,12.90177,23.89813,0.0,0.2999999999999999,0.0,22.50833,21.9,22.125,21.81667,-1.257054,0.1926035,33
2022-07-15 00:22:00,0.1538302,7.088279,238.0946,22.97276,12.90177,23.89813,0.0,0.2999999999999999,0.0,22.55833,21.95,22.15833,21.825,-1.209075,0.1924741,33
2022-07-15 00:23:00,0.1540998,7.091846,238.4547,23.01273,12.90131,23.89813,0.0,0.2999999999999999,0.0,22.60833,22.0,22.19167,21.85,-1.170692,0.191469,33
2022-07-15 00:24:00,0.1536361,7.07262,237.9246,23.03509,12.90131,23.89568,0.0,0.2999999999999999,0.0,22.65,21.99167,22.19167,21.86667,-1.084329,0.1930381999999999,33
2022-07-15 00:25:00,0.153597,7.089138,237.8412,23.0298,12.90131,23.88834,0.0,0.2999999999999999,0.0,22.61667,22.0,22.225,21.86667,-1.055542,0.1930881999999999,33
2022-07-15 00:26:00,0.153727,7.116474,238.0472,22.97918,12.90131,23.86876,0.0,0.2999999999999999,0.0,22.54167,22.0,22.20833,21.825,-1.084329,0.1923977,33
2022-07-15 00:27:00,0.1538525,7.09748,238.1226,22.9523,12.90131,23.86876,0.0,0.2999999999999999,0.0,22.5,21.975,22.225,21.825,-1.141904,0.1926791999999999,33
2022-07-15 00:28:00,0.1542418,7.179065,238.9873,22.93852,12.90131,23.86876,0.0,0.2999999999999999,0.0,22.5,21.95833,22.18333,21.81667,-1.113117,0.1932375,33
2022-07-15 00:29:00,0.1541549999999999,7.176598,239.0458,22.93921,12.90131,23.86876,0.0,0.2999999999999999,0.0,22.49167,21.925,22.13333,21.80833,-1.189883,0.1929074,33
2022-07-15 00:30:00,0.1543712999999999,7.187866,239.2591,22.94196,12.90131,23.86876,0.0,0.2999999999999999,0.0,22.5,21.925,22.13333,21.775,-1.189883,0.1931818999999999,33
2022-07-15 00:31:00,0.1546300999999999,7.221214,239.6747,22.94678,12.90131,23.86876,0.0,0.2999999999999999,0.0,22.51666,21.925,22.14166,21.79167,-1.247458,0.1931153999999999,33
2022-07-15 00:32:00,0.1550069,7.231153,240.0639,22.96884,12.90131,23.86876,0.0,0.2999999999999999,0.0,22.55,21.91666,22.15833,21.8,-1.305033,0.1928624999999999,33
2022-07-15 00:33:00,0.154723,7.18804,239.7013,22.96884,12.90131,23.86876,0.0,0.2999999999999999,0.0,22.48333,21.91666,22.15833,21.79167,-1.353012,0.1931786,33
2022-07-15 00:34:00,0.1545385,7.21471,239.4451,22.91508,12.90131,23.86876,0.0,0.2999999999999999,0.0,22.38333,21.90833,22.11667,21.78333,-1.372204,0.1929004,33
2022-07-15 00:35:00,0.1544705,7.16958,239.4344,22.86545,12.90131,23.86876,0.0,0.2999999999999999,0.0,22.325,21.86667,22.09167,21.73333,-1.448971,0.1922021999999999,33
2022-07-15 00:36:00,0.1543954999999999,7.169832,239.0614,22.83436,12.90131,23.86387,0.0,0.2999999999999999,0.0,22.33333,21.84167,22.09167,21.71667,-1.49695,0.1933677,33
2022-07-15 00:37:00,0.1540480999999999,7.11822,238.6461,22.84698,12.9016,23.85652,0.0,0.2999999999999999,0.0,22.35,21.875,22.09167,21.775,-1.573717,0.1920037,33
2022-07-15 00:38:00,0.1535789999999999,7.081476,238.2398,22.88451,12.90175,23.85407,0.0,0.2999999999999999,0.0,22.4,21.9,22.09167,21.80833,-1.535333,0.1922396,33
2022-07-15 00:39:00,0.1535246,7.053806,238.116,22.89178,12.90209,23.85652,0.0,0.2999999999999999,0.0,22.38333,21.9,22.09167,21.8,-1.49695,0.1920455,33
2022-07-15 00:40:00,0.1535979,7.098082,238.1342,22.86192,12.90205,23.86387,0.0,0.2999999999999999,0.0,22.36667,21.89166,22.1,21.775,-1.477758,0.1922635,33
2022-07-15 00:41:00,0.1538084999999999,7.100988,238.4265,22.8568,12.90194,23.86632,0.0,0.2999999999999999,0.0,22.375,21.89166,22.08333,21.775,-1.506546,0.1918283,33
2022-07-15 00:42:00,0.1541269,7.146128,238.8438,22.83587,12.90188,23.85163,0.0,0.2999999999999999,0.0,22.325,21.85,22.08333,21.76667,-1.525737,0.1923902999999999,33
2022-07-15 00:43:00,0.1533297999999999,7.018814,237.2949,22.79711,12.90181,23.84184,0.0,0.2999999999999999,0.0,22.3,21.85833,22.06667,21.71667,-1.487354,0.1922246,33
2022-07-15 00:44:00,0.1532077,7.037956,237.2787,22.78156,12.90207,23.83939,0.0,0.2999999999999999,0.0,22.30833,21.85,22.09167,21.725,-1.458567,0.1919887,33
2022-07-15 00:45:00,0.1531381,7.009609,237.2148,22.81671,12.90123,23.83939,0.0,0.2999999999999999,0.0,22.4,21.85833,22.08333,21.75,-1.3818,0.1925432,33
2022-07-15 00:46:00,0.1530638,7.035501,237.1393,22.85945,12.90242,23.83939,0.0,0.2999999999999999,0.0,22.44167,21.88333,22.10833,21.75,-1.353012,0.1922383,33
2022-07-15 00:47:00,0.1531946999999999,7.029232,237.1702,22.87462,12.90234,23.83939,0.0,0.2999999999999999,0.0,22.48333,21.88333,22.10833,21.75833,-1.353012,0.1922258,33
2022-07-15 00:48:00,0.1531853,7.036693,237.2969,22.89943,12.90402,23.83939,0.0,0.2999999999999999,0.0,22.44167,21.85833,22.08333,21.74167,-1.314629,0.1917617,33
2022-07-15 00:49:00,0.1531684,7.032755,237.291,22.9201,12.90301,23.83939,0.0,0.2999999999999999,0.0,22.44167,21.83333,22.1,21.76667,-1.353012,0.1932377,33
2022-07-15 00:50:00,0.1531962,7.042929,237.3368,22.93871,12.90385,23.83939,0.0,0.2999999999999999,0.0,22.46667,21.86667,22.06667,21.78333,-1.400992,0.1917456999999999,33
2022-07-15 00:51:00,0.1532049,7.06352,237.4283,22.93044,12.90282,23.83939,0.0,0.3083332999999999,0.0,22.44167,21.825,22.025,21.725,-1.391396,0.1930026,33
2022-07-15 00:52:00,0.1537235999999999,7.082466,237.884,22.91252,12.90461,23.83939,0.0,0.3166667,0.0,22.43333,21.825,22.04167,21.71667,-1.420183,0.1927495999999999,33
2022-07-15 00:53:00,0.1537400999999999,7.096593,238.0582,22.90563,12.90359,23.83939,0.0,0.3083332999999999,0.0,22.40833,21.8,22.01666,21.71667,-1.477758,0.1929736,33
2022-07-15 00:54:00,0.1533084,7.072822,237.5196,22.92079,12.90279,23.83939,0.0,0.3499999999999999,0.0,22.475,21.80833,22.03333,21.71667,-1.477758,0.1918485,33
2022-07-15 00:55:00,0.1531849999999999,7.041548,237.3297,22.94629,12.90485,23.83939,0.0,0.4,0.0,22.48333,21.79167,22.00833,21.69167,-1.506546,0.1925871,33
2022-07-15 00:56:00,0.1532945,7.035374,237.3919,22.9394,12.90641,23.83939,0.0,0.4,0.0,22.475,21.79167,21.94167,21.66667,-1.525737,0.1927801,33
2022-07-15 00:57:00,0.1532833,7.04446,237.4143,22.92561,12.90559,23.83939,0.0,0.4,0.0,22.45,21.76666,21.98333,21.675,-1.564121,0.1921609,33
2022-07-15 00:58:00,0.1528925999999999,6.989471,236.5296,22.88426,12.9063,23.83939,0.0,0.4833333,0.0,22.4,21.775,21.99167,21.69167,-1.544929,0.1922745999999999,33
2022-07-15 00:59:00,0.1527478999999999,6.960622,236.193,22.85876,12.90717,23.83939,0.0,0.5,0.0,22.38333,21.76667,21.95833,21.66667,-1.544929,0.1919781,33
2022-07-15 01:00:00,0.1525611,6.977926,236.1644,22.84566,12.90703,23.83939,0.0,0.5833333,0.0,22.38333,21.75833,21.94167,21.625,-1.477758,0.1908001,33
2022-07-15 01:01:00,0.1526714,6.992077,236.3352,22.84458,12.90651,23.83487,0.0,0.5999999999999999,0.0,22.4,21.8,21.96667,21.63333,-1.544929,0.191704,33
2022-07-15 01:02:00,0.1530347,7.009306,236.6747,22.87373,12.90643,23.82131,0.0,0.6833333,0.0,22.425,21.76667,21.98333,21.65,-1.554525,0.1922030999999999,33
2022-07-15 01:03:00,0.1526185999999999,6.958424,236.1828,22.87521,12.90711,23.81454,0.0,0.6999999999999998,0.0,22.43333,21.725,21.925,21.60833,-1.564121,0.1919206,33
2022-07-15 01:04:00,0.1525522,6.961249,236.1291,22.87432,12.90722,23.81227,0.0,0.6999999999999998,0.0,22.40833,21.75,21.95,21.6,-1.6121,0.1922128999999999,33
2022-07-15 01:05:00,0.1526115,6.976377,236.2514,22.88604,12.90611,23.81227,0.0,0.6999999999999998,0.0,22.4,21.76667,21.99167,21.65833,-1.6121,0.1924281999999999,33
2022-07-15 01:06:00,0.1528698,7.006144,236.4952,22.84262,12.90799,23.81227,0.0,0.6999999999999998,0.0,22.34167,21.73333,21.94167,21.63333,-1.525737,0.1927557,33
2022-07-15 01:07:00,0.1527835999999999,6.99692,236.441,22.78057,12.90814,23.81227,0.0,0.6999999999999998,0.0,22.26667,21.7,21.89166,21.59167,-1.564121,0.1929886,33
2022-07-15 01:08:00,0.1526912,6.995139,236.3155,22.80539,12.90664,23.81227,0.0,0.6999999999999998,0.0,22.325,21.68333,21.89166,21.6,-1.640887,0.1920713,33
2022-07-15 01:09:00,0.1526877,7.010159,236.3618,22.85985,12.90787,23.81227,0.0,0.7749998999999999,0.0,22.4,21.69167,21.90833,21.60833,-1.679271,0.1923396,33
2022-07-15 01:10:00,0.1529708999999999,7.033201,236.5919,22.8502,12.90804,23.81227,0.0,0.8,0.0,22.33333,21.7,21.925,21.60833,-1.708058,0.1923953999999999,33
2022-07-15 01:11:00,0.1533906999999999,7.046347,237.0728,22.80057,12.90809,23.81227,0.0,0.8,0.0,22.28333,21.68333,21.90833,21.60833,-1.717654,0.1926047999999999,33
2022-07-15 01:12:00,0.1530331,6.991731,236.6604,22.74748,12.90827,23.81227,0.0,0.8,0.0,22.20833,21.59167,21.81667,21.51666,-1.736846,0.1920351999999999,33
2022-07-15 01:13:00,0.1523651,6.905645,235.3107,22.6875,12.90832,23.81227,0.0,0.8,0.0,22.15833,21.525,21.78333,21.43333,-1.8424,0.1916007999999999,33
2022-07-15 01:14:00,0.1522396,6.932978,235.2737,22.63233,12.90841,23.81227,0.0,0.8,0.0,22.09167,21.43333,21.66667,21.34167,-1.938358,0.1916046,33
2022-07-15 01:15:00,0.1523048999999999,6.958555,235.3305,22.62543,12.90822,23.81227,0.0,0.8,0.0,22.2,21.35833,21.59167,21.275,-2.034317,0.1916953,33
2022-07-15 01:16:00,0.1528295,6.980933,235.9075,22.61402,12.90809,23.80983,0.0,0.8,0.0,22.225,21.31667,21.50833,21.2,-2.168658,0.1918094999999999,33
2022-07-15 01:17:00,0.1529375,6.964462,235.9836,22.59271,12.90823,23.7927,0.0,0.8,0.0,22.20833,21.225,21.48333,21.16667,-2.245425,0.1917378,33
2022-07-15 01:18:00,0.1529102,6.970564,236.011,22.56359,12.90828,23.78291,0.0,0.8,0.0,22.13333,21.23333,21.475,21.175,-2.303,0.1921431999999999,33
2022-07-15 01:19:00,0.1526528,6.929543,235.8011,22.56773,12.90841,23.78291,0.0,0.8,0.0,22.11667,21.225,21.425,21.075,-2.331787,0.1920582999999999,33
2022-07-15 01:20:00,0.1524421,6.922804,235.4786,22.57117,12.90936,23.78291,0.0,0.8,0.0,22.125,21.125,21.4,21.04167,-2.341383,0.191895,33
2022-07-15 01:21:00,0.1523412,6.947877,235.4808,22.65876,12.91035,23.78291,0.0,0.8,0.0,22.24167,21.125,21.4,21.09167,-2.389362,0.1918438,33
2022-07-15 01:22:00,0.1525511,6.963102,235.5805,22.66787,12.90858,23.77067,0.0,0.8,0.0,22.21667,21.13333,21.39166,21.05833,-2.312596,0.1925948,33
2022-07-15 01:23:00,0.1525063,6.931228,235.5814,22.70103,12.91044,23.75353,0.0,0.8,0.0,22.25833,21.11667,21.4,21.08333,-2.264617,0.1914279999999999,33
2022-07-15 01:24:00,0.1525217,6.944934,235.6636,22.72792,12.91005,23.75353,0.0,0.8,0.0,22.24167,21.1,21.38333,21.05,-2.197446,0.1923448,33
2022-07-15 01:25:00,0.1526892,6.987895,235.9006,22.75274,12.90641,23.75353,0.0,0.8,0.0,22.28333,21.0,21.31667,20.99167,-2.178254,0.1923372999999999,33
2022-07-15 01:26:00,0.1525729,6.966568,235.8322,22.72999,12.90874,23.75353,0.0,0.7583332999999999,0.0,22.21667,20.94167,21.28333,20.96667,-2.168658,0.1928613,33
2022-07-15 01:27:00,0.1526594,6.973594,235.8251,22.63375,12.90675,23.72906,0.0,0.6999999999999998,0.0,22.125,20.90833,21.25833,20.9,-2.139871,0.1923488999999999,33
2022-07-15 01:28:00,0.1519769,6.838771,234.0811,22.54057,12.9079,23.72417,0.0,0.7083333,0.0,22.00833,20.89167,21.18333,20.85833,-2.178254,0.1911366999999999,33
2022-07-15 01:29:00,0.1518671,6.85516,234.0588,22.45848,12.90798,23.72417,0.0,0.6999999999999998,0.0,21.95833,20.81667,21.16667,20.8,-2.226233,0.1910553,33
2022-07-15 01:30:00,0.1519348,6.844908,234.1167,22.42863,12.90802,23.70609,0.0,0.6999999999999998,0.0,22.00833,20.78333,21.09167,20.69167,-2.245425,0.1914479,33
2022-07-15 01:31:00,0.1521058,6.857606,234.3453,22.45544,12.90857,23.69705,0.0,0.6999999999999998,0.0,22.10833,20.725,21.08333,20.66667,-2.379767,0.1909181,33
2022-07-15 01:32:00,0.1517844999999999,6.868038,234.0244,22.42371,12.90986,23.69705,0.0,0.6999999999999998,0.0,21.95833,20.66667,21.03333,20.60833,-2.504512,0.1916627999999999,33
2022-07-15 01:33:00,0.1516633,6.846983,233.9356,22.31331,12.90959,23.69705,0.0,0.6999999999999998,0.0,21.775,20.55833,20.91667,20.49167,-2.658046,0.1915901999999999,33
2022-07-15 01:34:00,0.1516729,6.843599,233.9526,22.21768,12.91082,23.67258,0.0,0.6999999999999998,0.0,21.69167,20.5,20.85,20.4,-2.811579,0.1917928999999999,33
2022-07-15 01:35:00,0.1521556,6.878733,234.3243,22.18447,12.90931,23.66768,0.0,0.6999999999999998,0.0,21.66667,20.36667,20.76667,20.29167,-2.917133,0.1911215,33
2022-07-15 01:36:00,0.1523777,6.881533,234.6354,22.12196,12.90822,23.64321,0.0,0.6999999999999998,0.0,21.63333,20.25833,20.64167,20.175,-2.974708,0.1914192,33
2022-07-15 01:37:00,0.1517893999999999,6.856535,234.0995,22.09565,12.90999,23.63832,0.0,0.7083333,0.0,21.6,20.23333,20.58333,20.14167,-3.041879,0.1909288,33
2022-07-15 01:38:00,0.1519249,6.889526,234.1575,22.10876,12.91073,23.61629,0.0,0.7166666,0.0,21.61667,20.20833,20.58333,20.13333,-3.013091,0.1916737,33
2022-07-15 01:39:00,0.1519889,6.865609,234.3389,22.15386,12.91082,23.60894,0.0,0.7249999999999999,0.0,21.65833,20.125,20.525,20.125,-2.955517,0.1921433999999999,33
2022-07-15 01:40:00,0.1521767,6.899216,234.399,22.09235,12.9101,23.58409,0.0,0.7249999999999999,0.0,21.53333,20.1,20.55,20.00833,-2.869154,0.1920239,33
2022-07-15 01:41:00,0.1526581999999999,6.909424,234.8782,22.04245,12.91207,23.58183,0.0,0.7333332999999999,0.0,21.43333,20.05,20.475,19.96667,-2.773196,0.1911585,33
2022-07-15 01:42:00,0.1523245,6.905346,234.5881,22.01129,12.90988,23.55491,0.0,0.7666667,0.0,21.48333,20.01667,20.44167,19.96667,-2.715621,0.1920987,33
2022-07-15 01:43:00,0.152696,6.962484,235.334,22.03738,12.91003,23.54512,0.0,0.7416666,0.0,21.54167,20.025,20.43333,19.95,-2.638854,0.1925574999999999,33
2022-07-15 01:44:00,0.1528047999999999,6.936926,235.4702,22.00699,12.9119,23.52309,0.0,0.75,0.0,21.51666,19.95,20.4,19.89167,-2.619662,0.1925261,33
2022-07-15 01:45:00,0.1528065,6.967274,235.449,21.94625,12.91204,23.50728,0.0,0.7416666,0.0,21.4,19.89167,20.30833,19.775,-2.571683,0.1923702999999999,33
2022-07-15 01:46:00,0.1527915,6.951643,235.3289,21.85265,12.91162,23.49109,0.0,0.7333332999999999,0.0,21.225,19.81667,20.20833,19.675,-2.658046,0.1914124,33
2022-07-15 01:47:00,0.1527960999999999,6.960564,235.4347,21.73898,12.91353,23.46661,0.0,0.7083333,0.0,21.09167,19.75833,20.175,19.575,-2.821175,0.1923478999999999,33
2022-07-15 01:48:00,0.1527774,6.961343,235.5452,21.68594,12.91313,23.45437,0.0,0.7583332999999999,0.0,21.14167,19.70833,20.10833,19.49167,-2.965112,0.1924433,33
2022-07-15 01:49:00,0.1527242,6.960301,235.5242,21.58977,12.91362,23.43498,0.0,0.75,0.0,21.00833,19.575,20.0,19.38333,-3.051475,0.1922835,33
2022-07-15 01:50:00,0.1527612999999999,6.948731,235.533,21.48189,12.91415,23.41013,0.0,0.7333332999999999,0.0,20.90833,19.44167,19.89167,19.275,-3.10905,0.192139,33
2022-07-15 01:51:00,0.1528832,6.963285,235.5888,21.42352,12.91417,23.39055,0.0,0.7583332999999999,0.0,20.88333,19.44167,19.84167,19.16667,-3.166625,0.192048,33
2022-07-15 01:52:00,0.1529214,6.983744,235.6776,21.38328,12.91422,23.35873,0.0,0.7333332999999999,0.0,20.9,19.31667,19.725,19.06667,-3.252987,0.1919721,33
2022-07-15 01:53:00,0.1530083999999999,6.990309,235.7532,21.37286,12.91424,23.3401,0.0,0.7416666,0.0,20.89167,19.15833,19.58333,18.975,-3.33935,0.1924634,33
2022-07-15 01:54:00,0.1529206999999999,6.989445,235.7724,21.33164,12.91426,23.31694,0.0,0.75,0.0,20.825,19.125,19.56667,18.90833,-3.262583,0.1920958,33
2022-07-15 01:55:00,0.1530556999999999,6.969175,235.8324,21.30637,12.91429,23.29246,0.0,0.7583332999999999,0.0,20.85,19.125,19.54167,18.88333,-3.310562,0.1916123,33
2022-07-15 01:56:00,0.1530492,7.010193,235.8757,21.29524,12.9143,23.26554,0.0,0.7333332999999999,0.0,20.94167,19.125,19.56667,18.90833,-3.252987,0.1922694,33
2022-07-15 01:57:00,0.1531507,6.992567,235.9358,21.31643,12.91433,23.23843,0.0,0.7833333,0.0,20.98333,19.19167,19.65,18.90833,-3.166625,0.1917365,33
2022-07-15 01:58:00,0.1530903,6.978415,235.8604,21.39187,12.91434,23.2213,0.0,0.7749998999999999,0.0,21.05,19.14167,19.6,18.90833,-2.974708,0.1922572999999999,33
2022-07-15 01:59:00,0.153112,7.005584,235.8925,21.45057,12.91436,23.19437,0.0,0.75,0.0,21.09167,19.13333,19.6,18.90833,-2.936325,0.1918175,33
2022-07-15 02:00:00,0.1530282,6.986284,235.749,21.52838,12.91437,23.17065,0.0,0.7833333,0.0,21.08333,19.13333,19.6,18.93333,-2.83077,0.1922337,33
2022-07-15 02:01:00,0.1529329,6.983399,235.6792,21.53014,12.91438,23.14278,0.0006666667,0.7916667,0.0004666666999999,21.08333,19.1,19.59167,18.95,-2.792387,0.1923398,33
2022-07-15 02:02:00,0.1529448999999999,7.006603,235.8881,21.61692,12.91714,23.1232,0.0,0.7916667,0.0,21.19167,19.11667,19.59167,18.96667,-2.590875,0.1926882,33
2022-07-15 02:03:00,0.1533245,7.041451,236.6168,21.64502,12.91805,23.09609,0.0,0.8,0.0,21.18333,19.09167,19.56667,18.95833,-2.437341,0.1924762999999999,33
2022-07-15 02:04:00,0.1534964,7.060709,236.9326,21.64334,12.91624,23.07651,0.0,0.8,0.0,21.16667,19.11667,19.58333,18.95833,-2.456533,0.1928014999999999,33
2022-07-15 02:05:00,0.1533976,7.051704,236.7808,21.61233,12.91716,23.05317,0.0,0.8,0.0,21.10833,19.11667,19.625,19.0,-2.466129,0.1926511999999999,33
2022-07-15 02:06:00,0.1535198999999999,7.080367,236.9214,21.58646,12.91853,23.02738,0.0,0.8,0.0,21.09167,19.15,19.61667,18.98333,-2.466129,0.1930949999999999,33
2022-07-15 02:07:00,0.1537107,7.082754,237.0834,21.59792,12.91899,23.0078,0.0,0.8,0.0,21.1,19.11667,19.55833,19.00833,-2.456533,0.1927781,33
2022-07-15 02:08:00,0.1536298,7.100311,237.3512,21.59518,12.919,22.98577,0.0,0.8,0.0,21.1,19.15833,19.64167,19.025,-2.398958,0.192897,33
2022-07-15 02:09:00,0.1537256999999999,7.08728,237.2261,21.59959,12.91901,22.96054,0.0,0.8,0.0,21.13333,19.2,19.68333,19.025,-2.283808,0.1925263999999999,33
2022-07-15 02:10:00,0.153544,7.089048,236.9792,21.64448,12.91992,22.94397,0.0,0.8,0.0,21.16667,19.26667,19.725,19.15,-2.226233,0.1932828,33
2022-07-15 02:11:00,0.1531579999999999,6.983972,236.3901,21.63068,12.91535,22.91987,0.0,0.8,0.0,21.11667,19.25,19.73333,19.16667,-2.139871,0.1928329,33
2022-07-15 02:12:00,0.1535415,7.066634,237.0477,21.6564,12.91947,22.89728,0.0,0.8,0.0,21.19167,19.325,19.8,19.23333,-2.168658,0.1928117,33
2022-07-15 02:13:00,0.153807,7.087914,237.8185,21.74079,12.91856,22.88015,0.0,0.8,0.0,21.31667,19.33333,19.85833,19.28333,-2.120679,0.1932286,33
2022-07-15 02:14:00,0.1535049,7.088379,237.402,21.74974,12.9181,22.86565,0.0,0.8,0.0,21.30833,19.40833,19.9,19.3,-2.063104,0.1928292,33
2022-07-15 02:15:00,0.1534132,7.084272,237.2457,21.74142,12.91993,22.8408,0.0,0.8,0.0,21.28333,19.425,19.925,19.35,-2.024721,0.1932522999999999,33
2022-07-15 02:16:00,0.1535304,7.066123,237.2581,21.72639,12.91993,22.82856,0.0,0.8,0.0,21.25,19.45,19.89167,19.375,-1.871187,0.1936602,33
2022-07-15 02:17:00,0.1534715,7.069176,237.2455,21.72836,12.91993,22.80917,0.0,0.8,0.0,21.275,19.51667,20.0,19.45,-1.832804,0.1930960999999999,33
2022-07-15 02:18:00,0.1533642,7.069,237.2459,21.73109,12.91948,22.78432,0.0,0.8,0.0,21.35,19.61667,20.11667,19.53333,-1.765633,0.1924883,33
2022-07-15 02:19:00,0.1534335,7.070042,237.2452,21.82504,12.91994,22.78432,0.0,0.8,0.0,21.55,19.68333,20.10833,19.6,-1.688867,0.193464,33
2022-07-15 02:20:00,0.1534115,7.064147,237.2854,21.93306,12.91994,22.75495,0.0,0.8,0.0,21.64166,19.73333,20.21667,19.675,-1.660079,0.1922946,33
2022-07-15 02:21:00,0.1534110999999999,7.066488,237.3119,22.02225,12.91994,22.74817,0.0,0.8,0.0,21.63333,19.84167,20.29167,19.75,-1.669675,0.1925970999999999,33
2022-07-15 02:22:00,0.1535190999999999,7.109158,237.2977,22.1089,12.91857,22.72784,0.0,0.8,0.0,21.675,19.975,20.35833,19.9,-1.650483,0.1930486999999999,33
2022-07-15 02:23:00,0.1535762,7.099493,237.4559,22.13168,12.91994,22.72784,0.0,0.8,0.0,21.6,20.01667,20.45,20.01667,-1.6121,0.1931195,33
2022-07-15 02:24:00,0.1535265,7.098588,237.3704,22.0498,12.91994,22.69847,0.0,0.8,0.0,21.56667,20.00833,20.44167,20.00833,-1.535333,0.1923739999999999,33
2022-07-15 02:25:00,0.1536937999999999,7.114798,237.4275,22.00423,12.91994,22.69847,0.0,0.8,0.0,21.51666,19.98333,20.39167,19.98333,-1.6121,0.1934964999999999,33
2022-07-15 02:26:00,0.1538982999999999,7.111845,237.6049,21.96817,12.91994,22.6804,0.0,0.8,0.0,21.525,20.0,20.4,20.0,-1.717654,0.1929899999999999,33
2022-07-15 02:27:00,0.1540171999999999,7.125824,237.8747,21.95084,12.91994,22.67136,0.0,0.8,0.0,21.51666,20.03333,20.45,20.05833,-1.832804,0.1935416,33
2022-07-15 02:28:00,0.1541506,7.133542,238.1485,21.95498,12.91994,22.67136,0.0,0.8,0.0,21.475,20.075,20.5,20.10833,-1.851996,0.1923472,33
2022-07-15 02:29:00,0.1537268,7.092587,237.5527,21.90479,12.91994,22.6578,0.0,0.8,0.0,21.43333,20.05,20.5,20.10833,-1.851996,0.1927798,33
2022-07-15 02:30:00,0.1534367,7.08076,237.2887,21.82559,12.91948,22.64424,0.0,0.8,0.0,21.36667,20.025,20.41667,20.06667,-1.871187,0.1926155,33
2022-07-15 02:31:00,0.1534046,7.062523,237.1839,21.73264,12.91994,22.6418,0.0,0.8,0.0,21.24167,19.98333,20.36667,19.975,-1.899975,0.1923833,33
2022-07-15 02:32:00,0.1533934,7.080907,237.1921,21.63745,12.91994,22.62956,0.0,0.8,0.0,21.175,19.925,20.34167,19.93333,-2.015125,0.1927393,33
2022-07-15 02:33:00,0.1533775,7.065054,237.1672,21.60062,12.91994,22.61487,0.0,0.8,0.0,21.2,19.925,20.275,19.875,-2.159062,0.1927543999999999,33
2022-07-15 02:34:00,0.1534083,7.068614,237.1072,21.64415,12.91994,22.61487,0.0,0.8,0.0,21.26667,19.9,20.28333,19.9,-2.18785,0.1933067,33
2022-07-15 02:35:00,0.1533316999999999,7.054029,237.0934,21.66235,12.91994,22.60132,0.0,0.8,0.0,21.3,19.94167,20.31667,19.90833,-2.168658,0.1924633,33
2022-07-15 02:36:00,0.1534346,7.071365,237.1216,21.6619,12.91994,22.58776,0.0,0.8,0.0,21.3,19.95,20.275,19.89167,-2.149467,0.1932539,33
2022-07-15 02:37:00,0.1536973,7.091354,237.5744,21.70473,12.91994,22.58776,0.0,0.8,0.0,21.4,19.93333,20.29167,19.90833,-2.178254,0.1926515,33
2022-07-15 02:38:00,0.1534676,7.059905,237.3515,21.74661,12.91994,22.56818,0.0,0.8,0.0,21.45,19.9,20.25833,19.88333,-2.168658,0.1925375,33
2022-07-15 02:39:00,0.1533439,7.076939,237.1472,21.75615,12.91994,22.55839,0.0,0.8,0.0,21.45,19.89167,20.23333,19.80833,-2.18785,0.1929599999999999,33
2022-07-15 02:40:00,0.1533521999999999,7.085103,237.2522,21.73611,12.91994,22.55839,0.0,0.8,0.0,21.40833,19.9,20.275,19.78333,-2.235829,0.1931883,33
2022-07-15 02:41:00,0.1534112,7.088372,237.2499,21.71864,12.91994,22.55613,0.0,0.8,0.0,21.38333,19.89167,20.24167,19.79167,-2.245425,0.1933059,33
2022-07-15 02:42:00,0.1536026,7.10444,237.3549,21.72227,12.91994,22.53354,0.0,0.8,0.0,21.38333,19.93333,20.28333,19.875,-2.18785,0.1931167,33
2022-07-15 02:43:00,0.153338,7.073843,237.2261,21.73797,12.91994,22.53128,0.0,0.8,0.0,21.40833,19.9,20.29167,19.85833,-2.139871,0.1932281,33
2022-07-15 02:44:00,0.1534249,7.05648,237.1333,21.79593,12.9204,22.52639,0.0,0.8,0.0,21.48333,19.93333,20.30833,19.90833,-2.101487,0.193254,33
2022-07-15 02:45:00,0.1534581999999999,7.079703,237.142,21.8329,12.91994,22.50191,0.0,0.8,0.0,21.55833,19.95,20.275,19.89167,-2.024721,0.1934565,33
2022-07-15 02:46:00,0.1538012,7.086452,237.6067,21.84809,12.91994,22.50191,0.0,0.8,0.0,21.51666,19.94167,20.25833,19.86667,-1.995933,0.1926479,33
2022-07-15 02:47:00,0.1535102,7.068959,237.2261,21.90819,12.92086,22.50191,0.0,0.8,0.0,21.56667,19.94167,20.30833,19.93333,-1.890379,0.1933574999999999,33
2022-07-15 02:48:00,0.153144,7.03098,236.872,21.90221,12.92086,22.48836,0.0,0.8,0.0,21.53333,19.95833,20.29167,19.93333,-1.804017,0.1927397,33
2022-07-15 02:49:00,0.1531791999999999,7.043303,236.8842,21.88035,12.91994,22.4748,0.0,0.7833333,0.0,21.51666,20.0,20.325,19.90833,-1.775229,0.1928093999999999,33
2022-07-15 02:50:00,0.1531870999999999,7.035902,236.8606,21.8541,12.92086,22.4748,0.0,0.6999999999999998,0.0,21.425,20.0,20.34167,19.94167,-1.746441,0.1929819999999999,33
2022-07-15 02:51:00,0.1534192,7.065842,237.109,21.87752,12.92177,22.46576,0.0,0.6083332999999999,0.0,21.475,20.06667,20.4,20.00833,-1.746441,0.1924004,33
2022-07-15 02:52:00,0.1533306999999999,7.049714,237.0278,21.91813,12.92177,22.44769,0.0,0.5999999999999999,0.0,21.53333,20.13333,20.44167,20.04167,-1.698462,0.1932014,33
2022-07-15 02:53:00,0.1533644999999999,7.064459,237.0429,21.92573,12.92314,22.44769,0.0,0.5333333999999998,0.0,21.50833,20.125,20.45,20.09167,-1.660079,0.1926762999999999,33
2022-07-15 02:54:00,0.1534223,7.080532,237.1715,21.905,12.9204,22.44769,0.0,0.5,0.0,21.45,20.13333,20.45,20.1,-1.602504,0.1927030999999999,33
2022-07-15 02:55:00,0.153396,7.082745,237.2295,21.87737,12.92314,22.44769,0.0,0.55,0.0,21.4,20.14167,20.49167,20.1,-1.640887,0.1926534,33
2022-07-15 02:56:00,0.1535632,7.093467,237.3628,21.85213,12.9236,22.44524,0.0,0.5999999999999999,0.0,21.425,20.13333,20.48333,20.11667,-1.688867,0.1936247,33
2022-07-15 02:57:00,0.1536522999999999,7.100023,237.5434,21.868,12.9236,22.41832,0.0,0.5749999999999998,0.0,21.525,20.25,20.575,20.24167,-1.698462,0.1928739999999999,33
2022-07-15 02:58:00,0.1535344999999999,7.087624,237.3832,21.94743,12.92223,22.41832,0.0,0.5,0.0,21.56667,20.3,20.61667,20.28333,-1.708058,0.1929877,33
2022-07-15 02:59:00,0.1533943,7.07846,237.3611,21.97644,12.92177,22.41832,0.0,0.5,0.0,21.54167,20.325,20.66667,20.31667,-1.640887,0.1929564,33
2022-07-15 03:00:00,0.1535198999999999,7.103114,237.4834,21.9723,12.9236,22.41832,0.0,0.4166667,0.0,21.575,20.375,20.70833,20.38333,-1.573717,0.1934555,33
2022-07-15 03:01:00,0.154001,7.102708,237.9162,22.0524,12.9236,22.41832,0.0,0.4,0.0,21.575,20.45,20.79167,20.45833,-1.573717,0.1937026,33
2022-07-15 03:02:00,0.1538152,7.085859,237.5704,22.12954,12.92223,22.41606,0.0,0.4,0.0,21.65833,20.575,20.95833,20.60833,-1.458567,0.1929352,33
2022-07-15 03:03:00,0.1533211999999999,7.07644,237.0605,22.24193,12.92268,22.39799,0.0,0.3916666999999999,0.0,21.8,20.75833,21.14167,20.8,-1.410587,0.1931017999999999,33
2022-07-15 03:04:00,0.1532166,7.048405,236.9666,22.28485,12.92406,22.39121,0.0,0.325,0.0,21.8,20.91667,21.24167,20.98333,-1.305033,0.1932435,33
2022-07-15 03:05:00,0.1532690999999999,7.04048,236.9313,22.30831,12.92406,22.39121,0.0,0.3166667,0.0,21.80833,21.0,21.34167,21.10833,-1.218671,0.1933914999999999,33
2022-07-15 03:06:00,0.1532413,7.088311,236.8655,22.2669,12.92451,22.39121,0.0,0.2999999999999999,0.0,21.725,21.08333,21.39166,21.2,-1.103521,0.1928956,33
2022-07-15 03:07:00,0.1531424999999999,7.015719,236.7684,22.24845,12.92268,22.39347,0.0,0.2999999999999999,0.0,21.725,21.13333,21.43333,21.25,-1.084329,0.1932707999999999,33
2022-07-15 03:08:00,0.1532693,7.051973,236.895,22.26339,12.92314,22.40703,0.0,0.2999999999999999,0.0,21.74167,21.175,21.51666,21.29167,-1.026754,0.193473,33
2022-07-15 03:09:00,0.1531806,7.04777,236.8276,22.1601,12.92314,22.41832,0.0,0.2999999999999999,0.0,21.59167,21.13333,21.44167,21.275,-1.055542,0.1926644,33
2022-07-15 03:10:00,0.1531726999999999,7.040879,236.723,22.06413,12.92314,22.41832,0.0,0.2999999999999999,0.0,21.51666,21.1,21.40833,21.19167,-1.113117,0.1929975999999999,33
2022-07-15 03:11:00,0.1532517999999999,7.071983,236.6877,22.04273,12.92314,22.41832,0.0,0.2999999999999999,0.0,21.55833,21.03333,21.35833,21.15833,-1.228267,0.1922388999999999,33
2022-07-15 03:12:00,0.1531824,7.048941,236.7202,22.05032,12.92131,22.41832,0.0,0.2999999999999999,0.0,21.59167,21.06667,21.38333,21.15833,-1.353012,0.1935345,33
2022-07-15 03:13:00,0.1533989,7.074408,236.8771,22.07104,12.92268,22.41832,0.0,0.275,0.0,21.60833,21.10833,21.41666,21.2,-1.429779,0.1928765,33
2022-07-15 03:14:00,0.153293,7.062888,236.8495,22.01579,12.92268,22.41832,0.0,0.2999999999999999,0.0,21.58333,21.08333,21.39166,21.18333,-1.468162,0.192908,33
2022-07-15 03:15:00,0.1533132,7.04846,236.851,22.03419,12.92086,22.42566,0.0,0.2916667,0.0,21.575,21.15833,21.45,21.24167,-1.468162,0.1934123,33
2022-07-15 03:16:00,0.1533538,7.071058,236.9209,22.10319,12.9204,22.44769,0.0,0.2999999999999999,0.0,21.65,21.18333,21.48333,21.25,-1.410587,0.1929501,33
2022-07-15 03:17:00,0.1537090999999999,7.090218,237.4326,22.02239,12.92131,22.44769,0.0,0.2999999999999999,0.0,21.55,21.175,21.45833,21.26667,-1.333821,0.1930416,33
2022-07-15 03:18:00,0.1536820999999999,7.126648,237.4788,21.98303,12.92086,22.44769,0.0,0.2999999999999999,0.0,21.54167,21.18333,21.46667,21.25,-1.333821,0.1938449999999999,33
2022-07-15 03:19:00,0.1536926999999999,7.109098,237.4808,22.01203,12.91994,22.44769,0.0,0.2999999999999999,0.0,21.56667,21.18333,21.48333,21.28333,-1.362608,0.1938089,33
2022-07-15 03:20:00,0.1536066,7.102863,237.4252,22.07764,12.91994,22.44769,0.0006666667,0.2999999999999999,0.0002,21.675,21.2,21.48333,21.28333,-1.343417,0.1938168,33
2022-07-15 03:21:00,0.1534849,7.086121,237.3062,22.13382,12.91994,22.45899,0.0,0.2999999999999999,0.0,21.69167,21.175,21.45833,21.25,-1.3818,0.1928893999999999,33
2022-07-15 03:22:00,0.1535686,7.084128,237.2293,22.24699,12.91994,22.4748,0.0,0.2999999999999999,0.0,21.81667,21.2,21.46667,21.28333,-1.372204,0.1933244,33
2022-07-15 03:23:00,0.1531045,7.021589,236.6716,22.20488,12.91948,22.4748,0.0,0.2999999999999999,0.0,21.73333,21.14167,21.40833,21.25,-1.343417,0.1933506999999999,33
2022-07-15 03:24:00,0.1531207,7.053798,236.5925,22.15693,12.91994,22.47932,0.0,0.2999999999999999,0.0,21.65833,21.1,21.41666,21.18333,-1.372204,0.1923034999999999,33
2022-07-15 03:25:00,0.153194,7.06931,236.6927,22.14338,12.91994,22.49062,0.0,0.2999999999999999,0.0,21.60833,21.10833,21.38333,21.175,-1.391396,0.1938478999999999,33
2022-07-15 03:26:00,0.1534551,7.063747,236.7787,22.17747,12.91994,22.50191,0.0,0.2999999999999999,0.0,21.66667,21.10833,21.4,21.2,-1.420183,0.1928137,33
2022-07-15 03:27:00,0.1532515,7.047388,236.7618,22.12292,12.91994,22.50191,0.0,0.2999999999999999,0.0,21.59167,21.09167,21.39166,21.175,-1.420183,0.1929797,33
2022-07-15 03:28:00,0.1531752,7.009937,236.5655,22.04628,12.91994,22.50191,0.0,0.2999999999999999,0.0,21.5,21.09167,21.38333,21.19167,-1.420183,0.1936365999999999,33
2022-07-15 03:29:00,0.1531552999999999,7.065231,236.5731,21.97214,12.91994,22.50925,0.0,0.2999999999999999,0.0,21.44167,21.09167,21.35,21.15,-1.477758,0.1927774999999999,33
2022-07-15 03:30:00,0.153015,7.043152,236.3835,21.92161,12.91994,22.52639,0.0,0.2999999999999999,0.0,21.38333,21.05,21.35,21.125,-1.439375,0.1936319,33
2022-07-15 03:31:00,0.1529625,7.04088,236.244,21.9341,12.91948,22.53128,0.0,0.2999999999999999,0.0,21.46667,21.05833,21.34167,21.14167,-1.564121,0.1929828,33
2022-07-15 03:32:00,0.153083,7.009246,236.3379,21.95482,12.91994,22.53128,0.0,0.2999999999999999,0.0,21.49167,21.04167,21.34167,21.11667,-1.516142,0.193118,33
2022-07-15 03:33:00,0.1531152,7.04105,236.2361,21.97223,12.91994,22.54935,0.0,0.2999999999999999,0.0,21.45,21.0,21.29167,21.075,-1.535333,0.1925336,33
2022-07-15 03:34:00,0.1530821,7.013098,236.2305,21.94586,12.91994,22.55613,0.0,0.2999999999999999,0.0,21.425,21.01667,21.28333,21.06667,-1.525737,0.1936545,33
2022-07-15 03:35:00,0.1530548999999999,7.009043,236.2517,21.98887,12.91994,22.55839,0.0,0.3166667,0.0,21.48333,21.025,21.29167,21.075,-1.535333,0.1929607999999999,33
2022-07-15 03:36:00,0.1530609,7.041349,236.2272,22.03721,12.91994,22.55839,0.0,0.3083332999999999,0.0,21.49167,21.0,21.30833,21.075,-1.506546,0.1937244999999999,33
2022-07-15 03:37:00,0.1529303999999999,7.01032,236.0912,22.02479,12.92086,22.55839,0.0,0.3166667,0.0,21.49167,21.0,21.25,21.06667,-1.516142,0.1929124999999999,33
2022-07-15 03:38:00,0.1528733999999999,7.013841,236.0967,21.93331,12.9204,22.56084,0.0,0.3333333,0.0,21.375,21.0,21.225,21.05,-1.477758,0.1932231,33
2022-07-15 03:39:00,0.1527733,7.009231,236.0587,21.84077,12.91994,22.58776,0.0,0.3916666999999999,0.0,21.275,20.94167,21.20833,20.99167,-1.458567,0.1925343999999999,33
2022-07-15 03:40:00,0.1528065,7.017641,236.0067,21.80692,12.91994,22.58776,0.0,0.4,0.0,21.275,20.90833,21.2,20.99167,-1.420183,0.1933792,33
2022-07-15 03:41:00,0.1527903999999999,7.001709,235.9996,21.83801,12.92086,22.58776,0.0,0.3916666999999999,0.0,21.33333,20.925,21.18333,20.96667,-1.439375,0.1935627,33
2022-07-15 03:42:00,0.1526856,7.008055,235.923,21.8684,12.92177,22.58776,0.0,0.375,0.0,21.39166,20.9,21.16667,20.95833,-1.420183,0.1925775,33
2022-07-15 03:43:00,0.1527058,7.008288,235.944,21.90708,12.92086,22.58776,0.0,0.375,0.0,21.4,20.9,21.2,20.975,-1.439375,0.1936256,33
2022-07-15 03:44:00,0.1527661999999999,7.026178,235.9179,22.11859,12.92086,22.59002,0.0,0.4,0.0,21.625,20.975,21.24167,21.05,-1.468162,0.1933786999999999,33
2022-07-15 03:45:00,0.1527665,7.042126,236.0168,22.23095,12.92223,22.61261,0.0,0.375,0.0,21.64166,20.98333,21.23333,21.08333,-1.3818,0.1935387,33
2022-07-15 03:46:00,0.1528506,7.004751,235.9475,22.18144,12.92177,22.61487,0.0,0.3916666999999999,0.0,21.55833,20.95833,21.23333,21.08333,-1.343417,0.1932919999999999,33
2022-07-15 03:47:00,0.1527986,7.006446,235.8451,22.15037,12.92131,22.61487,0.0,0.3916666999999999,0.0,21.53333,20.99167,21.275,21.08333,-1.362608,0.1927733,33
2022-07-15 03:48:00,0.1525780999999999,6.984678,235.7888,22.19318,12.92268,22.61487,0.0,0.4,0.0,21.60833,21.06667,21.31667,21.13333,-1.362608,0.1931236,33
2022-07-15 03:49:00,0.152484,7.023489,235.715,22.09859,12.92131,22.61487,0.0,0.4,0.0,21.5,21.0,21.26667,21.11667,-1.343417,0.1932735999999999,33
2022-07-15 03:50:00,0.1525592,6.97935,235.6967,21.94666,12.92314,22.61487,0.0,0.4,0.0,21.35,20.96667,21.24167,21.08333,-1.314629,0.1933748,33
2022-07-15 03:51:00,0.1527042999999999,7.023876,235.9048,21.81932,12.9236,22.62222,0.0,0.4,0.0,21.20833,20.95833,21.25,21.05,-1.362608,0.1934163999999999,33
2022-07-15 03:52:00,0.1526651,6.993642,235.864,21.85029,12.92314,22.63935,0.0,0.4,0.0,21.30833,21.0,21.29167,21.075,-1.468162,0.1939474999999999,33
2022-07-15 03:53:00,0.1524746999999999,7.002371,235.7077,21.87762,12.92268,22.6418,0.0,0.4,0.0,21.31667,21.025,21.29167,21.1,-1.420183,0.1933736,33
2022-07-15 03:54:00,0.1525399,6.97876,235.7149,21.82964,12.92177,22.64424,0.0,0.4166667,0.0,21.25833,21.05,21.31667,21.1,-1.429779,0.1939148,33
2022-07-15 03:55:00,0.1525449999999999,7.022224,235.7225,21.8849,12.92131,22.64424,0.0,0.4916666,0.0,21.35,21.10833,21.375,21.15,-1.391396,0.1932704,33
2022-07-15 03:56:00,0.1526696999999999,7.006445,235.7798,21.93257,12.92406,22.64424,0.0,0.5,0.0,21.39166,21.11667,21.39166,21.14167,-1.333821,0.1931422,33
2022-07-15 03:57:00,0.1526347999999999,6.98717,235.699,21.97815,12.9236,22.64424,0.0,0.5,0.0,21.44167,21.13333,21.40833,21.19167,-1.305033,0.1932327,33
2022-07-15 03:58:00,0.1525094999999999,6.96764,235.7478,22.17149,12.92314,22.64424,0.0,0.5416667,0.0,21.64166,21.20833,21.43333,21.225,-1.285842,0.1937538,33
2022-07-15 03:59:00,0.1524726999999999,6.996698,235.7662,22.09554,12.92268,22.64424,0.0,0.5999999999999999,0.0,21.49167,21.2,21.45833,21.225,-1.1515,0.1935601,33
2022-07-15 04:00:00,0.1525037999999999,6.991497,235.6425,22.21844,12.92451,22.64424,0.0,0.6166667,0.0,21.66667,21.25,21.48333,21.3,-1.189883,0.1944239,33
2022-07-15 04:01:00,0.1525349,7.001711,235.6645,22.23289,12.92314,22.66006,0.0,0.6999999999999998,0.0,21.6,21.23333,21.48333,21.26667,-1.161096,0.1931228999999999,33
2022-07-15 04:02:00,0.1524152,7.005016,235.5618,22.17861,12.9236,22.67136,0.0,0.7583332999999999,0.0,21.525,21.18333,21.40833,21.21667,-1.170692,0.1932125,33
2022-07-15 04:03:00,0.1524708999999999,7.011801,235.5749,22.05779,12.92268,22.67136,0.0,0.8333333,0.0,21.4,21.15,21.4,21.19167,-1.189883,0.1943053999999999,33
2022-07-15 04:04:00,0.1524061999999999,6.992349,235.4905,22.00254,12.92497,22.67136,0.0,0.9416667,0.0,21.40833,21.14167,21.41666,21.175,-1.257054,0.1932022999999999,33
2022-07-15 04:05:00,0.1524385,7.00238,235.5167,21.96525,12.92314,22.67136,0.0,1.066667,0.0,21.36667,21.1,21.35833,21.11667,-1.285842,0.1931790999999999,33
2022-07-15 04:06:00,0.1523338999999999,6.976398,235.457,21.90723,12.92451,22.67136,0.0,1.225,0.0,21.3,21.05833,21.33333,21.04167,-1.343417,0.1932828,33
2022-07-15 04:07:00,0.1524086,6.999475,235.5134,21.82848,12.92223,22.67136,0.0,1.4,0.0,21.225,21.00833,21.25833,21.0,-1.429779,0.1931793,33
2022-07-15 04:08:00,0.1522544999999999,6.980143,235.3582,21.76975,12.92406,22.67136,0.0,1.625,0.0,21.19167,20.95,21.2,20.93333,-1.525737,0.1933883,33
2022-07-15 04:09:00,0.1521861999999999,6.990856,235.2614,21.72829,12.92497,22.67136,0.0,1.883333,0.0,21.15,20.91667,21.19167,20.88333,-1.631292,0.1941866999999999,33
2022-07-15 04:10:00,0.1521026,6.979259,235.2523,21.66749,12.92451,22.67136,0.0,2.15,0.0,21.11667,20.85833,21.1,20.81667,-1.660079,0.193726,33
2022-07-15 04:11:00,0.152267,6.977356,235.2833,21.67509,12.91948,22.67136,0.0,2.483333,0.0,21.16667,20.78333,21.04167,20.74167,-1.823208,0.193557,33
2022-07-15 04:12:00,0.1525912,7.024107,235.8004,21.68822,12.92314,22.67136,0.0,2.866667,0.0,21.2,20.73333,20.975,20.66667,-1.890379,0.1933087,33
2022-07-15 04:13:00,0.1529553999999999,7.064841,236.3556,21.65366,12.92497,22.67136,0.0,3.316667,0.0,21.14167,20.65833,20.90833,20.6,-1.938358,0.1943927,33
2022-07-15 04:14:00,0.1528045,7.058201,236.2438,21.61634,12.92314,22.67136,0.0,3.875,0.0,21.06667,20.64167,20.89167,20.56667,-2.024721,0.1943846999999999,33
2022-07-15 04:15:00,0.1530022,7.077659,236.3902,21.62256,12.92406,22.67136,0.0,4.575,0.0,21.1,20.6,20.85833,20.525,-2.005529,0.1936699,33
2022-07-15 04:16:00,0.1531405,7.082089,236.5323,21.59837,12.92451,22.67136,0.0,5.441666,0.0,21.075,20.55,20.80833,20.46667,-1.995933,0.1938117,33
2022-07-15 04:17:00,0.1531636,7.060628,236.6134,21.52026,12.9236,22.67136,0.0,6.533333,0.0,20.95,20.5,20.79167,20.425,-1.995933,0.1943243,33
2022-07-15 04:18:00,0.1531767,7.070594,236.4883,21.44698,12.92451,22.67136,0.0,7.8,0.0,20.9,20.48333,20.74167,20.4,-1.995933,0.1941693999999999,33
2022-07-15 04:19:00,0.1531336,7.044369,236.4561,21.43177,12.92497,22.67136,0.0,9.341666,0.0,20.91667,20.45,20.71667,20.375,-2.015125,0.1937942,33
2022-07-15 04:20:00,0.1530496,7.069206,236.4312,21.46219,12.92543,22.67136,0.0,11.25833,0.0,20.975,20.41667,20.70833,20.34167,-2.024721,0.1936355999999999,33
2022-07-15 04:21:00,0.153202,7.051756,236.5099,21.41034,12.92543,22.67136,0.0,13.64167,0.0,20.875,20.375,20.66667,20.29167,-1.967146,0.1927096,33
2022-07-15 04:22:00,0.1531889999999999,7.081309,236.5712,21.376,12.92543,22.6578,0.0,16.55833,0.0,20.875,20.33333,20.6,20.24167,-2.015125,0.1935688,33
2022-07-15 04:23:00,0.1531472,7.042606,236.4509,21.35273,12.92543,22.64424,0.0,20.23333,0.0,20.875,20.29167,20.575,20.24167,-1.967146,0.1936191999999999,33
2022-07-15 04:24:00,0.1530377,7.057763,236.3895,21.34097,12.92451,22.64424,0.0,24.78333,0.0,20.86667,20.24167,20.50833,20.15833,-1.995933,0.1934067999999999,33
2022-07-15 04:25:00,0.1529967,7.06459,236.3165,21.30985,12.92543,22.64424,0.0013333329999999,29.125,0.03986667,20.84167,20.225,20.53333,20.11667,-2.005529,0.1938176,33
2022-07-15 04:26:00,0.1530923999999999,7.063176,236.4264,21.23803,12.92543,22.62711,0.0,31.78333,0.0,20.76667,20.19167,20.49167,20.05,-1.995933,0.19388,33
2022-07-15 04:27:00,0.1532709999999999,7.084242,236.8225,21.18287,12.92451,22.61487,0.0013333329999999,32.01667,0.02133333,20.675,20.125,20.44167,20.0,-1.976741,0.1941232,33
2022-07-15 04:28:00,0.1533244,7.101123,236.923,21.22299,12.92543,22.61487,0.0013333329999999,32.21667,0.0643999999999999,20.81667,20.16667,20.49167,20.075,-1.995933,0.1945338,33
2022-07-15 04:29:00,0.1533115999999999,7.092723,236.9717,21.24813,12.92543,22.60132,0.002,32.39167,0.06480001,20.825,20.14167,20.45833,20.01667,-1.851996,0.1937588,33
2022-07-15 04:30:00,0.153694,7.158593,237.4373,21.20964,12.92543,22.58776,0.007333333,32.5,0.2166666999999999,20.76667,20.08333,20.38333,19.96667,-1.784825,0.1945493,33
2022-07-15 04:31:00,0.1536837,7.143316,237.3637,21.18404,12.92543,22.58776,0.005333334,32.5,0.1733333,20.75,20.05833,20.36667,19.925,-1.679271,0.1942717999999999,33
2022-07-15 04:32:00,0.1536945,7.152225,237.4525,21.14642,12.92543,22.56818,0.008,32.675,0.2611999999999999,20.775,20.09167,20.375,19.925,-1.6121,0.1945330999999999,33
2022-07-15 04:33:00,0.1539311999999999,7.141747,237.5913,21.12207,12.92543,22.55839,0.008,32.79166,0.2623332999999999,20.73333,20.10833,20.40833,19.94167,-1.458567,0.1943002,33
2022-07-15 04:34:00,0.153778,7.14188,237.4083,21.09786,12.92543,22.55839,0.008,32.84166,0.2626666999999999,20.68333,20.1,20.40833,19.96667,-1.324225,0.1939413,33
2022-07-15 04:35:00,0.153671,7.111352,237.3347,21.13867,12.92543,22.55839,0.008,32.91667,0.2632667,20.75833,20.175,20.48333,20.04167,-1.113117,0.1936293,33
2022-07-15 04:36:00,0.1538192999999999,7.137493,237.3976,21.19419,12.92543,22.5358,0.008,33.03333,0.2641999999999999,20.81667,20.2,20.46667,20.05833,-0.9403916,0.1937854,33
2022-07-15 04:37:00,0.1537021,7.164423,237.4326,21.21456,12.92543,22.53128,0.008,33.05,0.2644667,20.9,20.18333,20.43333,20.05,-0.7580708,0.1943631,33
2022-07-15 04:38:00,0.1537307,7.119598,237.4066,21.27889,12.92543,22.53128,0.008,33.45833,0.2672667,20.925,20.18333,20.45,20.075,-0.5853458,0.1935915,33
2022-07-15 04:39:00,0.1536401,7.147274,237.3578,21.30107,12.92543,22.50925,0.008,33.675,0.2693334,20.95,20.175,20.45833,20.08333,-0.4701958,0.1942870999999999,33
2022-07-15 04:40:00,0.1535271,7.142065,237.3378,21.36839,12.9236,22.50191,0.014,33.78333,0.4504,21.00833,20.2,20.5,20.10833,-0.2782792,0.1937714,33
2022-07-15 04:41:00,0.1535720999999999,7.132641,237.4098,21.45413,12.92543,22.50191,0.016,33.85,0.5412,21.1,20.21667,20.49167,20.175,-0.09595832,0.1941046999999999,33
2022-07-15 04:42:00,0.1536762999999999,7.149799,237.3748,21.56059,12.92497,22.50191,0.016,34.84167,0.5557334,21.15,20.26667,20.55,20.25,0.07676666,0.1945964,33
2022-07-15 04:43:00,0.1533398,7.090849,236.7756,21.70585,12.92543,22.49513,0.016,36.00834,0.5746666999999999,21.29167,20.38333,20.68333,20.375,0.3262583,0.1930871,33
2022-07-15 04:44:00,0.1538523,7.137019,237.5074,21.77036,12.92451,22.48158,0.016,37.09167,0.5917333999999999,21.35,20.5,20.79167,20.50833,0.5565583,0.1942512,33
2022-07-15 04:45:00,0.1539681,7.157071,237.5679,21.88447,12.92497,22.4748,0.01666667,39.175,0.6499333,21.46667,20.58333,20.9,20.60833,0.8444333,0.1945214,33
2022-07-15 04:46:00,0.1540995,7.157902,237.5973,22.01708,12.92543,22.4748,0.0233333299999999,43.0,0.9668667,21.58333,20.65,20.90833,20.7,1.199479,0.1941711,33
2022-07-15 04:47:00,0.1540139,7.143476,237.561,22.0081,12.92406,22.4748,0.024,49.01667,1.1634,21.51666,20.63333,20.91667,20.7,1.564121,0.193496,33
2022-07-15 04:48:00,0.1537196,7.136533,237.4067,21.88792,12.9236,22.4748,0.024,56.86666,1.3468,21.35,20.64167,20.91667,20.7,1.871187,0.1941567999999999,33
2022-07-15 04:49:00,0.1536786,7.084974,237.1092,21.7615,12.9236,22.4748,0.0273333299999999,67.70834,1.787267,21.25833,20.65,20.91667,20.68333,2.255021,0.1930551,33
2022-07-15 04:50:00,0.1533832,7.065478,236.6043,21.76564,12.92268,22.4748,0.032,86.23332999999998,2.6992,21.30833,20.63333,20.90833,20.65,2.936325,0.1933066,33
2022-07-15 04:51:00,0.1534245999999999,7.072824,236.6143,21.99014,12.9236,22.4748,0.0353333399999999,172.45,5.626934,21.625,20.66667,20.95,20.74167,3.6848,0.1934292,33
2022-07-15 04:52:00,0.337496,6.786708,236.6257,22.07785,12.92406,22.4748,0.02666667,259.6583,6.186467,21.675,20.55,20.96667,20.7,4.481254,0.1384741999999999,33
2022-07-15 04:53:00,0.3630622,6.322884,236.6995,22.10132,12.92497,22.4748,0.0379999999999999,247.9333,8.668599999999998,21.65833,20.575,20.95833,20.7,5.440837,0.1321251,33
2022-07-15 04:54:00,0.3617799999999999,7.169264,237.0632,22.16622,12.92543,22.4748,0.0379999999999999,257.675,9.009267,21.825,20.6,20.96667,20.69167,6.553954,0.1252486999999999,33
2022-07-15 04:55:00,0.4086109,8.424063999999998,236.6717,22.19245,12.92543,22.4748,0.04066667,261.3583,9.855334,21.89166,20.55833,20.925,20.675,7.647878999999999,0.1300393,33
2022-07-15 04:56:00,0.8011175999999999,7.976642,236.7132,22.17381,12.92497,22.4748,0.07266667,189.2,13.6098,21.80833,20.7,20.88333,20.60833,8.425141,0.0419631899999999,33
2022-07-15 04:57:00,0.8018547,8.963440999999998,236.8244,22.10132,12.92543,22.4748,0.0800000099999999,190.2167,15.22467,21.61667,20.65,20.89167,20.575,9.04887,0.0471407599999999,33
2022-07-15 04:58:00,0.8025339,9.875474,237.3764,21.9791,12.92543,22.4748,0.0846666699999999,191.125,16.0476,21.41666,20.63333,20.89167,20.55833,9.854920000000002,0.0517406099999999,33
2022-07-15 04:59:00,0.8008737999999999,11.17857,237.4489,21.88447,12.9236,22.4748,0.0926666599999999,191.55,17.64293,21.39166,20.66667,20.925,20.58333,10.85289,0.05870819,33
2022-07-15 05:00:00,0.7974582,12.2395,237.4093,21.83919,12.92497,22.47028,0.1013333,191.9667,19.30927,21.375,20.59167,20.83333,20.5,11.68772,0.0647287299999999,33
2022-07-15 05:01:00,0.7947418,13.12421,237.4249,21.77065,12.92543,22.45221,0.1073333,192.7833,20.57053,21.31667,20.55,20.81667,20.45,12.45539,0.0714448899999999,33
2022-07-15 05:02:00,0.7903462,14.23605,237.005,21.71707,12.92543,22.44769,0.116,190.6333,21.92393,21.28333,20.55833,20.80833,20.40833,13.29023,0.07660487,33
2022-07-15 05:03:00,0.7869661,15.66288,236.8776,21.60926,12.92543,22.44769,0.122,191.8583,23.35313,21.05,20.55,20.79167,20.39167,14.25941,0.0838094399999999,33
2022-07-15 05:04:00,0.7803035,17.02432,236.8142,21.47031,12.92543,22.44769,0.1313332999999999,193.35,25.20074,20.9,20.51667,20.73333,20.35833,15.55484,0.094098,33
2022-07-15 05:05:00,0.6242248,15.94245,237.0689,21.31543,12.92543,22.44769,0.1193333,220.15,26.04527,20.75,20.44167,20.7,20.38333,17.54118,0.1325085,33
2022-07-15 05:06:00,0.6677385,20.33186,237.4139,21.19024,12.92543,22.44769,0.1179999999999999,259.2,25.98447,20.66667,20.38333,20.7,20.48333,19.37399,0.1319971,33
2022-07-15 05:07:00,0.7592984999999999,26.31328,237.2599,21.09823,12.92543,22.44769,0.1613333,232.7583,37.39093,20.56667,20.45833,20.68333,20.56667,20.41993,0.1455564,33
2022-07-15 05:08:00,0.7547604,27.54115,236.7619,21.07816,12.92543,22.44769,0.1686667,232.7917,39.1174,20.53333,20.45,20.66667,20.60833,21.05326,0.1546464999999999,33
2022-07-15 05:09:00,0.7531974999999999,28.79038,236.7053,21.04426,12.92406,22.44769,0.1753333,232.8083,40.79914,20.58333,20.46667,20.7,20.70833,21.55224,0.1615387,33
2022-07-15 05:10:00,0.7540653,29.82551,236.7669,21.09753,12.92543,22.44769,0.1786667,233.0333,41.48914,20.70833,20.45833,20.69167,20.75,22.08001,0.1673453,33
2022-07-15 05:11:00,0.7589262,31.11832,237.2853,21.18332,12.92451,22.44769,0.184,232.7167,42.81067,20.80833,20.5,20.69167,20.83333,22.70374,0.1725901,33
2022-07-15 05:12:00,0.7587734,32.34098,237.3788,21.25871,12.92543,22.44769,0.1913333,233.0417,44.4554,20.85833,20.5,20.70833,20.9,23.41383,0.1789062999999999,33
2022-07-15 05:13:00,0.7598542999999999,33.93207,237.3758,21.30575,12.92451,22.44769,0.1993332999999999,232.0417,46.08327,20.9,20.51667,20.725,20.9,24.29665,0.1887918,33
2022-07-15 05:14:00,0.7628898,37.67444,237.119,21.3424,12.92543,22.44769,0.2086667,247.2417,50.87286,20.89167,20.55833,20.75,20.89167,25.39057,0.2081182,33
2022-07-15 05:15:00,0.7660458,40.9952,236.9868,21.33479,12.92543,22.44769,0.214,256.15,54.9656,20.875,20.46667,20.775,20.83333,25.96632,0.2247414,33
2022-07-15 05:16:00,0.7672094,43.30236,236.5896,21.32788,12.92543,22.44769,0.2266667,255.6333,57.2922,20.88333,20.48333,20.75833,20.74167,27.3961,0.2373562999999999,33
2022-07-15 05:17:00,0.7740249999999999,49.66636,236.5831,21.27186,12.92543,22.44769,0.2373333,274.6083,64.54253,20.825,20.34167,20.76667,20.75,30.83141,0.2711501,33
2022-07-15 05:18:00,0.7803177,53.56586,236.6412,21.2967,12.92543,22.46351,0.2686666999999999,256.4917,68.90514,20.88333,20.49167,20.80833,20.80833,33.65258,0.2883383999999999,33
2022-07-15 05:19:00,0.7856458,57.82317,236.7637,21.37718,12.92543,22.4748,0.2873333,256.3167,72.79667,21.325,20.48333,20.95,20.84167,35.97478,0.3075739,33
2022-07-15 05:20:00,0.8002466999999999,66.05691,237.2644,21.39617,12.92543,22.49513,0.2999999999999999,275.2333,82.09147,21.775,20.33333,21.075,20.89167,38.44091,0.3451391999999999,33
2022-07-15 05:21:00,0.8053419,69.6831,237.2561,21.37506,12.92497,22.50925,0.3306666999999999,258.6083,85.10207,22.03333,20.41667,21.10833,20.94167,41.16612,0.3646653,33
2022-07-15 05:22:00,0.8101454,76.22790999999998,237.1632,21.43524,12.92497,22.54032,0.3493333,268.7167,93.0172,22.26666,20.325,21.10833,20.96667,44.08326,0.3940855999999999,33
2022-07-15 05:23:00,0.8197944999999999,83.90093,237.1062,21.50596,12.92451,22.56329,0.37,276.1167,101.5883,22.44167,20.275,21.08333,21.01667,47.12513,0.4318324,33
2022-07-15 05:24:00,0.8220336,90.12167,237.0174,21.59937,12.92406,22.60132,0.3933333,278.7417,108.9339,22.61667,20.31667,21.075,21.11667,50.34933,0.4625679999999999,33
2022-07-15 05:25:00,0.8265923,95.29255,236.4951,21.60626,12.91994,22.64613,0.404,285.3583,114.9859,22.63333,20.44167,21.21667,21.29167,53.17051,0.4863501,33
2022-07-15 05:26:00,0.8338269999999999,99.73573,236.3868,21.62911,12.91994,22.68962,0.4246667,282.0083,119.4763,22.55833,20.49167,21.275,21.38333,55.08008,0.5056401999999999,33
2022-07-15 05:27:00,0.8392064999999999,101.8101,237.4778,21.79005,12.91994,22.7461,0.4333332999999999,281.3167,121.684,23.03333,20.475,21.33333,21.44167,56.34673,0.5101812,33
2022-07-15 05:28:00,0.8444648,104.0224,237.9755,21.82876,12.91994,22.80747,0.446,277.6917,123.6995,22.76666,20.475,21.375,21.45,57.44065,0.5162159,33
2022-07-15 05:29:00,0.8481138,105.4043,238.4291,21.86677,12.9172,22.87092,0.45,279.5667,125.6064,22.975,20.55833,21.56667,21.66667,58.2563,0.5189226,33
2022-07-15 05:30:00,0.8503815999999998,106.0221,238.5225,22.02749,12.91445,22.94378,0.4493332999999999,281.8583,126.6849,23.25,20.69167,21.65833,21.80833,58.86084,0.5231647,33
2022-07-15 05:31:00,0.8489717,106.281,238.4525,22.07363,12.91445,23.0174,0.458,275.8917,126.0673,23.25,20.775,21.78333,21.95833,59.33104,0.5247245,33
2022-07-15 05:32:00,0.8484038999999999,106.9223,238.3451,22.13653,12.914,23.09534,0.4606666999999999,276.3583,127.3077,23.525,20.88333,21.88333,22.11667,59.87799,0.5289778,33
2022-07-15 05:33:00,0.8488042,108.0458,237.8229,22.34151,12.914,23.17799,0.46,280.1417,128.6567,24.025,21.00833,21.98333,22.26667,60.62647,0.5352784,33
2022-07-15 05:34:00,0.8519048999999999,110.3198,237.7948,22.50666,12.91034,23.26158,0.466,281.925,131.313,23.99167,21.14167,22.10833,22.475,61.61484,0.5430949,33
2022-07-15 05:35:00,0.857666,112.271,237.863,22.72177,12.90897,23.3593,0.4793333,278.675,133.2426,24.39166,21.35833,22.33333,22.75,62.90068,0.5494577,33
2022-07-15 05:36:00,0.8633157999999999,115.043,238.068,22.87939,12.90897,23.45475,0.4866667,280.25,136.1731,24.65833,21.35833,22.3,22.78333,64.37844,0.5574771,33
2022-07-15 05:37:00,0.8719069999999999,117.9205,238.5494,23.01237,12.90577,23.55246,0.4986667,279.9,139.3787,24.38333,21.28333,22.19167,22.73333,65.8658,0.5656027,33
2022-07-15 05:38:00,0.8772273999999999,120.374,238.517,23.00591,12.90348,23.65545,0.5026667,282.7917,141.9789,24.25,21.4,22.14166,22.90833,67.32436,0.5741667,33
2022-07-15 05:39:00,0.8815963,122.0482,238.3256,22.94421,12.90348,23.76107,0.502,286.5833,143.6473,24.10833,21.53333,22.1,23.05833,68.49506,0.5797187999999999,33
2022-07-15 05:40:00,0.8851035999999999,123.7454,238.2039,22.9917,12.90302,23.87384,0.5173333,282.7583,146.0581,24.30833,21.65,22.15833,23.24167,69.34908,0.5862823,33
2022-07-15 05:41:00,0.8852596,124.8712,237.7745,23.10857,12.90257,23.98775,0.5206667,281.8917,146.7253,24.79167,21.725,22.21667,23.38333,70.03039,0.5927189,33
2022-07-15 05:42:00,0.8832832,124.7041,237.6894,23.39957,12.90074,24.10636,0.5306665999999999,276.0,146.4339,25.08333,21.94167,22.375,23.625,70.50059,0.5933853,33
2022-07-15 05:43:00,0.8831307999999999,124.8838,237.6402,23.68608,12.89799,24.22817,0.5246667,279.65,146.7165,25.26666,22.06667,22.5,23.775,70.76926,0.5946713,33
2022-07-15 05:44:00,0.8814737,124.3069,237.7664,23.85192,12.89799,24.3464,0.526,277.4917,145.9431,25.5,22.15,22.56667,23.90833,70.88441,0.5922049,33
2022-07-15 05:45:00,0.8848479,124.452,238.1584,24.00537,12.89754,24.46878,0.522,280.8917,146.638,25.85,22.35,22.775,24.10833,71.04755,0.5893072,33
2022-07-15 05:46:00,0.8855226,125.2124,238.1692,24.11635,12.89799,24.60094,0.53,277.4666,146.8555,25.9,22.575,22.96667,24.34167,71.6137,0.5930235,33
2022-07-15 05:47:00,0.8905256,127.1675,238.1815,24.23453,12.89342,24.74441,0.5333333999999998,279.3583,148.9413,26.09167,22.7,23.08333,24.49167,72.54448999999998,0.5985175,33
2022-07-15 05:48:00,0.8941649999999999,128.9511,238.2156,24.29629,12.89251,24.88712,0.5413333999999999,279.0,150.8327,26.15,22.74167,23.125,24.55,73.70559,0.6044393,33
2022-07-15 05:49:00,0.8969257,130.8319,238.0592,24.45829,12.89251,25.02079,0.5526667,277.475,153.141,26.51666,22.85,23.225,24.66667,74.79951,0.6114471999999999,33
2022-07-15 05:50:00,0.8973845,132.2317,237.3918,24.6766,12.89251,25.15239,0.5546666999999998,280.05,155.1278,26.65,22.88333,23.28333,24.75833,75.33687999999998,0.6203098,33
2022-07-15 05:51:00,0.8965015,131.4835,237.3823,24.83235,12.88885,25.29152,0.554,277.75,154.0532,26.51666,22.98333,23.35833,24.85833,74.90506999999998,0.6169457,33
2022-07-15 05:52:00,0.891642,128.7784,237.4033,25.2129,12.88646,25.43178,0.538,281.3,151.6932,26.90833,22.95,23.3,24.83333,73.27378,0.6082471,33
2022-07-15 05:53:00,0.8836895,124.8798,237.1614,25.65343,12.88659,25.57261,0.5206667,281.5583,146.9213,26.9,22.88333,23.225,24.825,70.78846,0.5954289999999999,33
2022-07-15 05:54:00,0.8758259,119.9851,237.6365,25.51292,12.88343,25.71588,0.5046667,280.8833,142.1321,26.59167,22.98333,23.325,24.89166,68.73495,0.5763019999999999,33
2022-07-15 05:55:00,0.8663811999999999,116.0332,237.6476,25.44811,12.88211,25.8601,0.4899999999999999,279.9583,137.5451,27.03333,23.34167,23.68333,25.26667,66.52791,0.5630669,33
2022-07-15 05:56:00,0.8584709,111.6029,237.7309,25.41988,12.88092,26.00657,0.4773333,278.0583,133.087,26.83333,23.2,23.575,25.15833,64.46481,0.5464286,33
2022-07-15 05:57:00,0.8465251999999999,107.4288,237.1863,25.61983,12.88083,26.15493,0.4626666999999999,277.35,128.5813,26.68333,23.01666,23.375,25.00833,62.59362,0.5351525,33
2022-07-15 05:58:00,0.8401655999999998,104.1325,237.0702,25.57372,12.88054,26.29783,0.4513332999999999,275.8,124.9785,26.33333,22.91666,23.29167,24.89166,60.91435,0.5222155,33
2022-07-15 05:59:00,0.8312321999999999,99.47171,236.9996,25.38365,12.88,26.43866,0.4353332999999999,275.7583,120.2731,26.44167,22.83333,23.21667,24.81667,59.27346,0.5047401999999999,33
2022-07-15 06:00:00,0.8230857999999999,94.9817,237.0184,25.18656,12.87528,26.58005,0.4159999999999999,276.0417,115.2828,26.06667,22.7,23.09167,24.65,57.12399,0.4864068999999999,33
2022-07-15 06:01:00,0.8158358,90.01265999999998,237.3491,25.0547,12.87471,26.71466,0.3946666999999999,277.625,109.974,26.20833,22.80833,23.18333,24.69167,55.2624,0.4644503999999999,33
2022-07-15 06:02:00,0.8120722999999999,86.224,237.441,24.85006,12.87463,26.84928,0.3833332999999999,273.2083,105.1036,26.03333,22.75833,23.14166,24.63333,53.73666,0.4472870999999999,33
2022-07-15 06:03:00,0.8095233,82.30486999999998,237.4035,24.59384,12.87415,26.97975,0.3766667,266.9667,100.7749,25.725,22.7,23.15833,24.50833,52.34526,0.428134,33
2022-07-15 06:04:00,0.8070956999999999,79.13697,237.3367,24.52522,12.87264,27.09873,0.3599999999999999,269.4083,97.32627,25.525,22.68333,23.125,24.43333,50.92508,0.4125352999999999,33
2022-07-15 06:05:00,0.8016643,74.74106999999998,236.8696,24.34053,12.8713,27.22525,0.3486667,266.9333,93.53448,25.425,22.65833,23.125,24.375,49.25541,0.3938169999999999,33
2022-07-15 06:06:00,0.800189,72.22888,236.8314,24.09587,12.8698,27.33595,0.3206667,281.6583,90.14474,25.075,22.58333,23.06667,24.23333,49.07309,0.3813098999999999,33
2022-07-15 06:07:00,0.8019791,73.54459,236.7829,24.01767,12.87093,27.44402,0.324,283.85,91.93647,25.0,22.6,23.03333,24.18333,50.84832,0.3874881,33
2022-07-15 06:08:00,0.8033888,75.5022,237.0287,24.0945,12.87027,27.54418,0.336,278.025,93.13073,25.25833,22.60833,23.025,24.175,52.23972,0.3958342,33
2022-07-15 06:09:00,0.8052607,75.79568,237.2683,24.2925,12.86834,27.63907,0.3346665999999999,281.475,94.21627,25.54167,22.58333,23.025,24.11667,53.79424,0.3957956999999999,33
2022-07-15 06:10:00,0.807255,76.23261999999998,237.2644,24.55158,12.86721,27.73396,0.334,282.5417,94.21567,25.725,22.55,23.025,24.09167,55.88613,0.3979694999999999,33
2022-07-15 06:11:00,0.8077908,77.48950999999998,237.1108,24.57218,12.86396,27.82471,0.3513333,271.95,95.3812,25.50833,22.53333,23.04167,24.08333,58.14115,0.4045078999999999,33
2022-07-15 06:12:00,0.8090884999999999,77.52889,237.2124,24.30014,12.86654,27.91545,0.3439999999999999,280.7166,96.672,25.28333,22.5,23.01666,24.04167,60.76081,0.4028400999999999,33
2022-07-15 06:13:00,0.807977,77.28649,237.3372,24.28604,12.86602,28.00375,0.342,280.375,95.84821,25.53333,22.55,23.075,24.08333,62.61281,0.4021097,33
2022-07-15 06:14:00,0.8084976,76.7304,237.4182,24.38693,12.86593,28.09431,0.3346665999999999,285.1167,95.38254,25.54167,22.58333,23.11667,24.09167,64.41682,0.3992387,33
2022-07-15 06:15:00,0.8063742999999999,76.27746,237.0926,24.31718,12.86082,28.17508,0.3293333,289.1917,95.18467,25.5,22.58333,23.125,24.11667,66.81579,0.3983960999999999,33
2022-07-15 06:16:00,0.8092314999999999,76.7774,238.3661,24.44602,12.85758,28.26131,0.33,290.575,95.95541,25.30833,22.59167,23.13333,24.10833,69.18595,0.3970928,33
2022-07-15 06:17:00,0.8102751,77.24258,239.2525,24.42067,12.85977,28.34245,0.3293333,292.85,96.02407,25.38333,22.66667,23.24167,24.15833,71.95914,0.3976947,33
2022-07-15 06:18:00,0.8119355,78.96729999999998,239.4939,24.30482,12.85792,28.42586,0.336,293.1333,98.60226,25.175,22.75,23.29167,24.225,74.86669,0.4053317,33
2022-07-15 06:19:00,0.8144631,80.81689,239.8467,24.2437,12.85786,28.49947,0.3439999999999999,291.65,100.159,25.14166,22.76667,23.325,24.23333,78.04291,0.4131014,33
2022-07-15 06:20:00,0.8162141,82.50991,240.1784,24.27721,12.856,28.58306,0.3513333,289.45,101.5894,25.41667,22.85833,23.38333,24.3,81.17114999999998,0.4196598,33
2022-07-15 06:21:00,0.8183236,83.69409,240.2076,24.29052,12.85551,28.6514,0.3626667,283.6,102.6443,25.45833,22.85833,23.41666,24.30833,82.908,0.4255118,33
2022-07-15 06:22:00,0.8155468,83.76486,239.7951,24.05897,12.85502,28.73048,0.3666667,281.375,103.1341,24.96667,22.9,23.40833,24.29167,82.81202999999998,0.4279261999999999,33
2022-07-15 06:23:00,0.8174337,87.33967,239.34,24.23728,12.85409,28.79882,0.37,288.8833,106.4689,25.175,22.9,23.48333,24.3,85.63321,0.4457844999999999,33
2022-07-15 06:24:00,0.8147501,87.27205999999998,239.1917,24.1996,12.8536,28.86697,0.3926666999999999,271.4083,106.5298,25.14166,22.90833,23.49167,24.28333,87.15894,0.447435,33
2022-07-15 06:25:00,0.8215776999999999,94.70179,239.2244,24.09521,12.85313,28.92967,0.4153334,278.275,114.6495,24.83333,22.975,23.51666,24.33333,94.43259,0.4799289999999999,33
2022-07-15 06:26:00,0.8313277,99.98548,239.4426,24.05952,12.85174,28.99368,0.4193333,288.7,120.7268,24.75833,23.05833,23.59167,24.375,98.18456,0.5007715999999999,33
2022-07-15 06:27:00,0.8376126,103.0939,240.2209,24.0329,12.84898,29.04828,0.4219999999999999,296.6417,124.7315,24.58333,23.13333,23.66667,24.425,99.79666,0.5114571,33
2022-07-15 06:28:00,0.8481572,108.2638,240.9342,24.10518,12.85034,29.10005,0.4386667,297.2667,130.0281,24.61667,23.16667,23.725,24.49167,104.4698,0.5278705999999999,33
2022-07-15 06:29:00,0.8535768999999999,112.609,239.233,24.09868,12.84987,29.15616,0.4526666999999999,297.2083,134.3296,24.65,23.26666,23.81667,24.55833,108.3178,0.5503979,33
2022-07-15 06:30:00,0.8533998999999999,111.78,239.1476,24.0966,12.84986,29.20511,0.4526666999999999,296.0167,134.1127,24.58333,23.28333,23.9,24.58333,105.7461,0.5469595999999999,33
2022-07-15 06:31:00,0.8634196,117.8021,239.2766,24.20932,12.84985,29.25538,0.4746667,296.25,139.6302,24.64166,23.4,23.975,24.65,111.0526,0.5677204,33
2022-07-15 06:32:00,0.8873227999999999,126.1731,239.2437,24.38032,12.8497,29.29605,0.5006667,298.1417,148.7539,24.78333,23.54167,24.09167,24.75,118.6909,0.5919185999999999,33
2022-07-15 06:33:00,0.9006115999999998,131.7302,239.2803,24.19807,12.8494,29.34688,0.5193333,299.7917,155.0679,24.26666,23.60833,24.11667,24.76667,122.8458,0.6095812,33
2022-07-15 06:34:00,0.9114695,137.5495,239.2598,23.99283,12.84945,29.39677,0.544,297.8416,161.6002,23.95833,23.7,24.20833,24.85,127.1448,0.6290328,33
2022-07-15 06:35:00,0.9228694,143.2269,239.2525,24.21414,12.84902,29.42934,0.562,298.4917,167.1523,24.375,23.85,24.35833,25.0,130.8488,0.6471577,33
2022-07-15 06:36:00,0.9345245,148.1955,239.0841,24.42136,12.84731,29.47453,0.5759999999999998,299.9833,172.3698,24.575,24.0,24.49167,25.125,134.0346,0.6619378,33
2022-07-15 06:37:00,0.9479772,153.6886,238.787,24.47002,12.84677,29.52197,0.5959999999999999,300.2583,178.5101,24.68333,24.125,24.64166,25.25833,137.6906,0.6773502999999998,33
2022-07-15 06:38:00,0.9530619,155.7946,238.6893,24.42463,12.84515,29.56264,0.6046667,300.05,181.4532,24.69167,24.25833,24.75,25.36667,137.9497,0.6846113,33
2022-07-15 06:39:00,0.9587445,159.4962,238.7361,24.55,12.84414,29.60782,0.6233332999999999,297.1833,184.4238,24.85,24.4,24.90833,25.49167,139.4562,0.6941485,33
2022-07-15 06:40:00,0.9872294,170.2678,238.9309,24.58356,12.84354,29.65865,0.6566667,300.0333,195.9756,24.93333,24.51666,25.04167,25.58333,148.1021,0.7193026,33
2022-07-15 06:41:00,1.004729,176.9577,239.2194,24.54048,12.84267,29.69819,0.6773333999999999,301.075,203.5039,24.74167,24.61667,25.125,25.7,151.854,0.7335989,33
2022-07-15 06:42:00,1.023236,183.0629,238.1619,24.56832,12.84247,29.74338,0.6999999999999998,300.3,209.5987,24.70833,24.74167,25.23333,25.78333,155.2318,0.7488498999999998,33
2022-07-15 06:43:00,1.041069,189.2717,238.056,24.71574,12.8424,29.78385,0.7199999999999999,301.0333,216.1429,24.84167,24.85833,25.35833,25.93333,158.6671,0.7615306,33
2022-07-15 06:44:00,1.059836,195.3265,237.8756,24.75063,12.84228,29.82584,0.7453334,299.0083,222.4755,24.86667,25.05,25.56667,26.08333,161.6994,0.7722577999999999,33
2022-07-15 06:45:00,1.078369,201.2876,237.7855,25.06593,12.84192,29.8682,0.77,298.2583,229.0315,25.175,25.24167,25.725,26.3,164.7029,0.7825469999999999,33
2022-07-15 06:46:00,1.101096,208.4413,237.8749,25.08919,12.83989,29.91903,0.7893333,300.675,236.6977,25.275,25.34167,25.84167,26.41666,168.8099,0.7930106999999998,33
2022-07-15 06:47:00,1.122165,215.2914,237.9581,24.99343,12.84153,29.9614,0.8133333,300.3583,243.6985,25.21667,25.51666,25.95833,26.50833,172.4467,0.8037157,33
2022-07-15 06:48:00,1.145469,222.4292,238.0265,24.92318,12.83992,30.00658,0.8379999999999999,300.025,250.8091,25.28333,25.66667,26.14166,26.64166,176.2083,0.8134392999999999,33
2022-07-15 06:49:00,1.169133,229.6495,237.9617,24.89143,12.83939,30.05458,0.8613334,300.7417,258.3201,25.33333,25.81667,26.25,26.76667,179.9603,0.8231184999999999,33
2022-07-15 06:50:00,1.192599,237.056,237.9203,24.70348,12.83686,30.0913,0.888,300.9917,266.4726,25.2,25.89166,26.35833,26.875,184.1632,0.8329126,33
2022-07-15 06:51:00,1.219462,244.8196,237.9417,24.56932,12.83633,30.13648,0.9153333,300.9833,274.8751,25.10833,26.06667,26.51666,26.98333,188.3854,0.8411488999999999,33
2022-07-15 06:52:00,1.245398,252.2237,237.9742,24.50683,12.83574,30.17037,0.9433333,300.3833,282.7401,25.175,26.21667,26.675,27.08333,192.2813,0.8484015,33
2022-07-15 06:53:00,1.271787,260.1547,238.0642,24.66919,12.83519,30.21274,0.9686667,300.0583,289.8133,25.14166,26.40833,26.825,27.26666,196.0141,0.8564072,33
2022-07-15 06:54:00,1.29731,267.564,237.9999,24.77552,12.83513,30.2391,0.9933333,301.0167,298.3891,25.4,26.55,27.01666,27.38333,199.6989,0.8639761999999999,33
2022-07-15 06:55:00,1.322145,274.7982,238.0111,24.73041,12.83502,30.27995,1.02,300.0583,305.4454,25.43333,26.68333,27.125,27.49167,203.47,0.8707468,33
2022-07-15 06:56:00,1.349332,282.2378,238.014,24.71506,12.83499,30.30819,1.044667,301.0333,313.8457,25.45,26.79167,27.25833,27.60833,207.2796,0.8761693,33
2022-07-15 06:57:00,1.375008,289.2373,237.9446,24.80224,12.8349,30.34207,1.071333,300.3333,321.0677,25.58333,27.05,27.45,27.79167,210.6861,0.8819156,33
2022-07-15 06:58:00,1.35296,295.7285,237.7657,24.80795,12.83487,30.36467,1.102667,298.8667,328.7645,25.475,27.18333,27.56667,27.93333,214.1022,0.9168466,33
2022-07-15 06:59:00,1.355877,302.5971,237.7592,24.90757,12.83482,30.40138,1.12,301.0333,336.519,25.6,27.44167,27.76666,28.14166,217.7007,0.9358206,33
2022-07-15 07:00:00,1.389045,310.7081,237.603,25.18025,12.83477,30.4268,1.153333,299.425,344.724,25.925,27.69167,28.06667,28.375,221.4526,0.9384875,33
2022-07-15 07:01:00,1.419701,318.6794,237.4802,25.3119,12.83475,30.46069,1.186667,298.1333,352.953,25.75,27.85,28.175,28.51666,225.0798,0.9423046,33
2022-07-15 07:02:00,1.449499,326.4029,237.457,25.1463,12.83379,30.49966,1.21,298.4917,360.528,25.73333,27.91667,28.25,28.575,229.0237,0.945405,33
2022-07-15 07:03:00,1.481053,334.4392,237.4312,24.88779,12.83378,30.51943,1.244667,297.2667,369.3875,25.675,27.91667,28.28333,28.625,232.8141,0.9484131,33
2022-07-15 07:04:00,1.511128,342.5891,237.5847,24.9531,12.83283,30.55614,1.273333,297.2833,377.7332,25.75833,28.14166,28.375,28.75833,236.6332,0.9513851,33
2022-07-15 07:05:00,1.545439,351.0779,237.5696,24.71668,12.83053,30.58156,1.3,297.8416,386.5759,25.08333,28.20833,28.35,28.75833,240.8746,0.9535628,33
2022-07-15 07:06:00,1.564076,355.0896,237.5685,24.61711,12.83051,30.61338,1.315333,297.65,391.1083,25.19167,28.29167,28.475,28.79167,242.0165,0.9546759,33
2022-07-15 07:07:00,1.533847,346.8505,237.4525,24.6937,12.82912,30.63748,1.326,291.1,385.6596,25.3,28.55,28.59167,28.96667,247.7164,0.9521725,33
2022-07-15 07:08:00,1.571182,358.6449,237.5065,24.90611,12.82911,30.66289,1.386667,285.1833,395.7263,25.56667,28.83333,28.85,29.16667,253.0421,0.9555649,33
2022-07-15 07:09:00,1.57981,360.9322,237.5416,25.13102,12.82909,30.69395,1.424667,278.7833,395.8075,25.85,29.075,29.03333,29.41666,256.7365,0.9562691,33
2022-07-15 07:10:00,1.688053,386.3817,237.5517,25.19309,12.82909,30.71937,1.459333,291.9417,423.7655,25.875,29.21667,29.18333,29.53333,259.9031,0.9625697,33
2022-07-15 07:11:00,1.73986,400.4963,237.6007,25.25851,12.82908,30.7542,1.476667,297.2583,438.1255,25.90833,29.375,29.36667,29.7,263.9334,0.9660032,33
2022-07-15 07:12:00,1.766423,407.0006,237.6525,25.32099,12.82816,30.77529,1.501333,296.9333,445.4475,26.0,29.55,29.49167,29.925,266.7737,0.9673593,33
2022-07-15 07:13:00,1.799453,415.7433,237.7146,25.38475,12.82906,30.80918,1.534667,296.725,454.209,26.05833,29.85,29.68333,30.11667,270.9863,0.9692019,33
2022-07-15 07:14:00,1.837656,425.2455,237.7732,25.48346,12.82906,30.84307,1.568667,296.5916,464.4986,25.93333,30.0,29.84167,30.28333,275.7267,0.9707366,33
2022-07-15 07:15:00,1.873756,434.0572,237.7755,25.2798,12.82905,30.8762,1.601333,295.975,473.1591,25.85833,30.1,29.95,30.4,280.0448,0.9720894,33
2022-07-15 07:16:00,1.908191,442.7562,237.7714,25.25328,12.82813,30.91028,1.633333,295.65,481.981,25.8,30.275,30.09167,30.61667,284.0558,0.9734878,33
2022-07-15 07:17:00,1.949839,452.9335,237.6717,25.45045,12.82904,30.94323,1.678,294.125,492.8507,26.04167,30.46667,30.26666,30.84167,288.6331,0.9750648,33
2022-07-15 07:18:00,1.979532,459.1447,237.5218,25.45176,12.82904,30.98314,1.7,293.375,499.2332,25.875,30.69167,30.41667,30.975,290.9169,0.9755873,33
2022-07-15 07:19:00,1.866354,431.8734,237.5748,25.34816,12.82675,31.0142,1.606,293.5083,470.6044,25.84167,30.71667,30.45,31.00833,272.7423,0.9717221,33
2022-07-15 07:20:00,1.995712,463.9469,237.5563,25.32324,12.82401,31.04715,1.720667,293.475,504.1653,25.93333,30.74167,30.53333,31.05,291.4254,0.9766145,33
2022-07-15 07:21:00,1.991132,460.576,237.6504,25.2536,12.824,31.07859,1.705333,293.5,502.0111,25.94167,30.825,30.56667,31.11667,288.5371,0.975825,33
2022-07-15 07:22:00,1.9403,450.3893,237.6293,25.21862,12.824,31.11719,1.673333,293.4583,489.6467,26.0,30.8,30.65,31.1,281.5801,0.974762,33
2022-07-15 07:23:00,2.024319,472.8801,237.6101,25.22977,12.82354,31.1458,1.755333,293.475,513.1868,26.175,30.89166,30.775,31.19167,294.1507,0.9774308,33
2022-07-15 07:24:00,2.110624,493.4038,238.0171,25.26949,12.82217,31.17216,1.825333,293.4667,534.8648,26.35,31.05833,30.88333,31.35,305.2242,0.9793063,33
2022-07-15 07:25:00,2.142844,499.7957,237.5757,25.34375,12.82354,31.19607,1.850667,293.4583,541.3088,26.31667,31.25833,31.05833,31.54167,308.1222,0.9803908,33
2022-07-15 07:26:00,2.188726,509.7349,237.5399,25.37519,12.82354,31.22714,1.892667,291.575,552.9941,26.23333,31.575,31.21667,31.70833,312.9393,0.9811926,33
2022-07-15 07:27:00,1.759256,404.9497,237.4438,25.29632,12.82354,31.26027,1.504667,290.075,453.1301,26.0,31.64166,31.20833,31.66667,249.3669,0.9629418,33
2022-07-15 07:28:00,1.484626,333.7959,237.2229,25.46858,12.82216,31.27741,1.272,290.3583,367.2003,26.31667,31.5,31.1,31.425,207.8937,0.947736,33
2022-07-15 07:29:00,1.310789,281.772,237.0853,25.37618,12.82353,31.29717,1.083333,286.625,319.7802,26.325,31.25,30.91667,31.19167,176.7457,0.9060779,33
2022-07-15 07:30:00,1.373205,291.5279,236.9158,25.21953,12.82353,31.3273,1.145333,287.6083,314.7672,26.09167,30.95833,30.61667,30.95,182.3112,0.8880145999999999,33
2022-07-15 07:31:00,2.012182,463.2277,237.2177,25.32779,12.82262,31.33332,1.74,290.975,501.0475,26.31667,31.21667,30.8,31.15833,280.4478,0.9761928,33
2022-07-15 07:32:00,2.150708,501.5534,237.4427,25.34013,12.82307,31.33332,1.875333,291.3667,541.3531,26.43333,31.425,31.025,31.3,301.5203,0.9805741,33
2022-07-15 07:33:00,1.865351,430.8294,237.2738,25.37235,12.82353,31.33332,1.604667,289.7417,477.3332,26.325,31.575,31.125,31.45,259.0203,0.9697821,33
2022-07-15 07:34:00,2.236937,517.986,237.1374,25.30558,12.82262,31.35742,1.963333,289.8917,550.3257,26.13333,31.61667,31.11667,31.48333,309.2833,0.9812732,33
2022-07-15 07:35:00,2.399598,561.691,237.2516,25.25539,12.8217,31.36947,2.085333,291.6833,606.9855,26.30833,31.74167,31.34167,31.725,332.8027,0.9854826,33
2022-07-15 07:36:00,2.670093,628.8752,237.37,25.09493,12.82262,31.36947,2.334667,290.125,675.2592,26.15,31.93333,31.51666,31.93333,369.7754,0.9896476,33
2022-07-15 07:37:00,2.694749,634.7518,237.788,25.09436,12.82033,31.3723,2.348,290.9583,682.7691,26.28333,32.24166,31.825,32.325,372.2415,0.9906824,33
2022-07-15 07:38:00,2.714823,640.6245,238.1524,25.19908,12.82216,31.38359,2.376,290.1584,688.7379,26.28333,32.51667,32.11666,32.65833,374.4294,0.9894652,33
2022-07-15 07:39:00,2.744267,647.336,237.9388,25.20127,12.82033,31.40336,2.402667,289.7583,695.6171,26.26666,32.66667,32.275,32.86666,377.2602,0.9899945,33
2022-07-15 07:40:00,2.778192,654.3174,237.4329,25.22939,12.81942,31.40336,2.428667,289.8,702.9932,26.44167,33.00834,32.54167,33.11666,380.3404,0.9905462,33
2022-07-15 07:41:00,2.81167,662.1862,237.3584,25.19041,12.81851,31.42445,2.464,288.875,711.064,25.96667,33.23333,32.58333,33.25,383.8525,0.9906588,33
2022-07-15 07:42:00,2.840125,669.1232,237.4511,25.31606,12.81805,31.43951,2.498,287.925,718.7258,26.5,33.64167,33.01667,33.55833,387.0095,0.9907883,33
2022-07-15 07:43:00,2.870936,676.7535,237.5083,25.43944,12.81805,31.43951,2.526,287.9083,726.3402999999998,26.78333,33.95,33.25834,33.81667,390.4257,0.991107,33
2022-07-15 07:44:00,2.900108,685.295,238.0819,25.73045,12.81805,31.46775,2.566667,286.725,735.0780999999998,27.09167,34.49166,33.61666,34.34167,394.216,0.9910333,33
2022-07-15 07:45:00,2.933139,693.812,238.2034,25.67178,12.81805,31.4734,2.597333,286.7166,743.9764,27.01666,34.78333,33.90833,34.59167,398.1023,0.9914437,33
2022-07-15 07:46:00,2.971477,701.5579,237.6919,25.6849,12.81805,31.49449,2.627333,286.7166,752.6063,26.875,35.025,34.15,34.925,401.7679,0.9919387,33
2022-07-15 07:47:00,3.010565,710.1589,237.3724,25.53702,12.81805,31.51557,2.664667,285.9333,761.1552,26.725,35.05833,34.21667,34.99166,405.6926,0.992249,33
2022-07-15 07:48:00,3.043784,717.5933,237.3208,25.40168,12.81805,31.54569,2.690666,286.05,768.9385,26.95,35.45833,34.63334,35.4,409.0128,0.9925847,33
2022-07-15 07:49:00,3.07931,726.6568,237.177,25.39221,12.81759,31.54852,2.725333,286.0667,778.6287,27.03333,35.53333,34.8,35.58333,413.3981,0.9931979,33
2022-07-15 07:50:00,3.109624,733.6944999999998,237.3492,25.61758,12.81805,31.57958,2.767333,284.15,785.8365,27.23333,36.1,35.16667,36.025,416.7086,0.9930758,33
2022-07-15 07:51:00,3.133018,740.8135,237.8681,25.94752,12.81759,31.59765,2.793333,284.55,794.0811,27.55,36.29167,35.4,36.275,420.0,0.9929273,33
2022-07-15 07:52:00,3.14169,742.563,237.8083,25.86037,12.81713,31.61572,2.783334,286.0833,795.5351,27.275,36.575,35.55833,36.325,420.0672,0.9928589,33
2022-07-15 07:53:00,3.207862,757.6473999999998,237.3581,25.66011,12.81668,31.63982,2.843333,285.425,810.7048,27.31667,36.325,35.525,36.20833,427.9837,0.9936242,33
2022-07-15 07:54:00,3.245309,766.0932,237.3325,25.3897,12.81439,31.66035,2.876667,285.4,820.2904999999998,26.64166,36.61666,35.50834,36.375,431.8029,0.9936185,33
2022-07-15 07:55:00,3.277438,773.6540999999999,237.3377,25.57786,12.81439,31.68576,2.912667,284.5167,827.952,27.05833,36.99166,35.86666,36.55,434.9599,0.9937312,33
2022-07-15 07:56:00,3.311236,781.9781,237.309,25.71495,12.81302,31.71288,2.95,283.7667,836.2202,26.99167,36.95833,35.93333,36.69167,438.6735,0.9940636,33
2022-07-15 07:57:00,3.327775,788.9050999999998,238.3871,25.94728,12.81257,31.72794,2.972,284.125,843.7305,27.16667,37.2,36.175,37.175,441.8689,0.9938903,33
2022-07-15 07:58:00,3.349723,797.4235,239.2055,25.9819,12.81257,31.75806,3.022,282.225,852.3427,27.35833,37.35,36.31667,37.21667,445.4386,0.9940917,33
2022-07-15 07:59:00,3.387733,805.4430999999998,238.711,25.99611,12.81257,31.77613,3.055333,282.075,861.0284,27.475,37.40833,36.35833,37.30833,449.1138,0.9944971,33
2022-07-15 08:00:00,3.422672,813.32,238.5667,25.84542,12.81257,31.79703,3.088667,281.7417,869.2711,27.5,37.625,36.59167,37.375,452.9713,0.9947384,33
2022-07-15 08:01:00,3.45489,820.7808999999999,238.5936,25.97892,12.81257,31.8281,3.117333,281.7667,877.7166999999998,27.59167,38.00834,36.84167,37.71666,456.445,0.9948428,33
2022-07-15 08:02:00,3.48324,827.7924,238.5926,26.08036,12.80982,31.84918,3.144667,281.4583,884.5728,27.54167,38.24166,37.075,37.94167,459.4677,0.9948779,33
2022-07-15 08:03:00,3.507192,835.3121,239.1475,26.11331,12.80983,31.8763,3.190666,279.8417,891.897,27.09167,38.425,37.25834,38.26667,462.8838,0.9947395,33
2022-07-15 08:04:00,3.540029,842.7152999999998,239.0392,26.06448,12.808,31.90039,3.222,279.4583,900.1702,27.09167,38.55833,37.39167,38.425,466.6357,0.994965,33
2022-07-15 08:05:00,3.579348,850.863,238.522,26.00233,12.80708,31.92148,3.248667,280.1333,908.5794,26.925,38.725,37.6,38.725,470.5125,0.9951375,33
2022-07-15 08:06:00,3.615291,859.1404,238.5419,25.96441,12.80754,31.9516,3.268,281.0917,917.8066,27.34167,38.66667,37.63334,38.625,474.0245,0.9952294,33
2022-07-15 08:07:00,3.644057,866.4414,238.6486,25.98713,12.80708,31.97269,3.322667,278.5917,925.2259,27.25,39.04167,37.8,38.88334,477.4023,0.9953685,33
2022-07-15 08:08:00,3.675566,874.0467,238.6664,26.01182,12.80708,32.00583,3.350667,278.525,932.3156,27.03333,39.2,38.05,39.275,480.9336,0.995416,33
2022-07-15 08:09:00,3.702757,881.1316,238.8655,26.04449,12.80708,32.02861,3.363333,279.8167,940.4698,26.5,39.20833,38.13334,39.56667,484.3784,0.9952003,33
2022-07-15 08:10:00,3.73404,889.3599,239.0332,26.08071,12.80708,32.04273,3.388667,280.1083,948.2612,27.04167,39.36666,38.29167,39.49166,488.1208,0.9951934,33
2022-07-15 08:11:00,3.780067,899.3124,238.739,26.26003,12.80343,32.07586,3.445333,278.525,958.9969,27.13333,39.11666,38.2,39.83333,492.6021,0.9951862,33
2022-07-15 08:12:00,3.816467,906.9212,238.5011,26.25465,12.80708,32.10297,3.488,277.35,966.3132,27.35833,39.45833,38.43333,39.81667,496.5844,0.9951851,33
2022-07-15 08:13:00,3.841214,912.9617,238.6094,26.51951,12.80708,32.12406,3.486,279.525,973.6304,27.825,39.95,38.91667,40.19167,499.8181,0.9952489,33
2022-07-15 08:14:00,3.876089,922.1584,238.7069,26.3274,12.80663,32.15117,3.54,277.8917,982.9134,27.35,39.80833,38.75,40.1,504.1459,0.9954147,33
2022-07-15 08:15:00,3.916924,931.6423,238.6712,26.22312,12.80617,32.18732,3.569333,278.45,993.3469,27.44167,40.11666,38.91667,40.06667,508.3201,0.9954862,33
2022-07-15 08:16:00,3.947455,938.6494,238.6482,26.30212,12.80571,32.19033,3.601333,277.9083,999.8337,27.66667,40.53333,39.15,40.2,512.072,0.995527,33
2022-07-15 08:17:00,3.982103,946.7054,238.4937,26.25976,12.80526,32.22347,3.629333,278.2166,1009.123,27.69167,40.75834,39.41667,40.4,515.92,0.9956995,33
2022-07-15 08:18:00,4.016263,954.4729,238.396,26.34538,12.80297,32.25058,3.671333,277.125,1016.631,27.75833,41.05,39.625,40.59167,519.9502,0.9959126,33
2022-07-15 08:19:00,4.025661,955.643,238.2702,26.32159,12.80343,32.27166,3.7,275.175,1018.835,27.34167,41.35,39.73333,40.75834,520.1133,0.9958683,33
2022-07-15 08:20:00,4.074585,967.9384,238.2831,26.18249,12.80206,32.29576,3.728667,276.675,1029.617,26.775,41.19167,39.71667,40.625,526.2546,0.99602,33
2022-07-15 08:21:00,4.111641,977.2431,238.3539,25.89303,12.8016,32.3289,3.760667,277.075,1040.784,26.53333,41.20833,39.80833,40.91667,530.6879,0.9960695,33
2022-07-15 08:22:00,4.149192,985.8892,238.3504,26.14825,12.8016,32.34095,3.783334,277.3083,1048.382,27.175,41.85833,40.24166,41.375,535.054,0.9961336,33
2022-07-15 08:23:00,4.182644,993.8777,238.2829,26.54236,12.8016,32.36806,3.832667,275.7833,1056.128,27.68333,42.01667,40.48333,41.55833,538.8444,0.9961042,33
2022-07-15 08:24:00,4.215446,1002.358,238.4559,26.40671,12.8016,32.39818,3.888667,274.575,1066.653,27.26666,41.99166,40.54167,41.55833,543.0186,0.9960692,33
2022-07-15 08:25:00,4.250487,1010.272,238.3149,26.32422,12.8016,32.40722,3.924,275.0,1078.5,27.20833,42.10833,40.575,41.78333,547.2983,0.996145,33
2022-07-15 08:26:00,4.283165,1017.805,238.2736,26.28666,12.8016,32.44036,3.924,275.8167,1081.765,27.15,42.30833,40.86666,42.05,550.9927,0.9963198,33
2022-07-15 08:27:00,4.306847,1024.787,238.6258,26.29468,12.8016,32.46445,3.96,275.4083,1089.954,27.00833,42.375,40.93333,42.3,554.3801,0.9962175,33
2022-07-15 08:28:00,4.333751,1033.612,239.149,26.41632,12.8016,32.47651,3.999333,275.1917,1099.379,27.38333,42.21667,40.875,42.05,558.4295,0.9961507,33
2022-07-15 08:29:00,4.366502,1041.373,239.2279,26.1303,12.80023,32.48855,4.058667,274.325,1112.733,27.375,42.61666,41.16667,42.28333,562.6324,0.9961131,33
2022-07-15 08:30:00,4.4029,1050.507,239.2133,26.08493,12.8016,32.51265,4.06,274.7333,1114.493,26.98333,42.95833,41.25834,42.575,566.6435,0.9960985,33
2022-07-15 08:31:00,4.432655,1056.915,239.1436,26.25648,12.80114,32.53675,4.121334,272.7417,1122.624,27.35,43.475,41.725,42.83333,570.4915,0.9960951,33
2022-07-15 08:32:00,4.470256,1065.576,238.9807,26.43696,12.80069,32.5488,4.149333,274.1167,1137.31,27.66667,43.56667,41.75834,42.86666,575.1166,0.9962999,33
2022-07-15 08:33:00,4.507315,1072.964,238.8492,26.66309,12.80023,32.5648,4.163333,274.6833,1144.133,27.65,43.69167,42.00834,43.18333,579.358,0.9964901,33
2022-07-15 08:34:00,4.463291,1063.967,238.9161,26.92497,12.7984,32.58721,4.143333,273.8917,1134.526,26.99167,43.01666,41.66667,43.275,574.5601,0.9964829,33
2022-07-15 08:35:00,4.419256,1049.675,238.8287,26.92998,12.79658,32.60227,4.076666,273.4167,1119.551,26.54167,43.05,41.74166,43.55,565.5592,0.996222,33
2022-07-15 08:36:00,4.49235,1068.523,238.7485,26.96499,12.79612,32.62336,4.183333,273.3917,1136.402,26.475,43.59166,42.05833,43.9,577.0838,0.9966342,33
2022-07-15 08:37:00,4.60969,1098.068,238.8002,26.96354,12.79612,32.6354,4.288667,272.65,1168.209,26.34167,43.40833,42.025,44.00833,591.9382,0.9966567,33
2022-07-15 08:38:00,4.638372,1104.539,238.7406,26.9469,12.79612,32.66553,4.326,271.6917,1174.641,26.69167,43.45833,42.25,44.48333,595.1719,0.9967263,33
2022-07-15 08:39:00,4.666085,1111.251,238.7373,26.77176,12.79576,32.69565,4.371334,270.5167,1182.184,26.50833,43.76666,42.56667,44.75833,598.9527,0.9967397,33
2022-07-15 08:40:00,4.69696,1119.247,238.7912,26.65279,12.79569,32.70168,4.398,270.7083,1189.456,26.825,44.14166,42.90833,45.00833,603.3476,0.9967392,33
2022-07-15 08:41:00,4.72101,1126.151,239.0375,26.64439,12.79531,32.7318,4.42,271.0583,1197.434,27.0,44.075,43.00833,45.325,607.4546,0.9968793,33
2022-07-15 08:42:00,4.739261,1133.343,239.6501,26.65289,12.79534,32.76381,4.443333,271.425,1205.477,27.20833,44.93333,43.58333,45.66667,611.6863,0.9967744,33
2022-07-15 08:43:00,4.731596,1133.199,240.3303,26.71203,12.79493,32.77021,4.438667,271.3833,1204.085,27.78333,45.14167,43.78333,45.61666,611.7919,0.9965174,33
2022-07-15 08:44:00,4.7999,1152.48,240.388,26.86393,12.79542,32.79129,4.516667,271.3583,1223.974,28.425,45.76666,44.175,46.05833,623.0958,0.9967048,33
2022-07-15 08:45:00,4.84339,1162.394,240.489,27.04104,12.79544,32.81238,4.576667,270.0583,1235.058,28.44167,45.825,44.34999,46.18333,629.3139,0.9966536,33
2022-07-15 08:46:00,4.892776,1174.006,240.4671,27.05313,12.79371,32.8425,4.638,269.1167,1246.951,27.58333,45.73333,44.38333,46.28333,635.9734,0.9967973,33
2022-07-15 08:47:00,4.945879,1185.989,240.3088,27.02295,12.79043,32.86058,4.662,270.4417,1259.917,26.875,45.45,44.29167,46.63333,642.3643,0.996784,33
2022-07-15 08:48:00,4.981936,1194.038,240.2655,27.18331,12.792,32.87865,4.712667,269.2917,1268.208,27.4,46.44167,45.09166,47.24166,647.6707,0.9966629,33
2022-07-15 08:49:00,5.021389,1203.349,240.2009,27.72494,12.79053,32.90746,4.786,267.375,1278.385,27.89166,46.375,45.14167,47.36666,653.2363,0.9966968,33
2022-07-15 08:50:00,5.059814,1212.73,240.2607,27.61941,12.78901,32.91706,4.804667,268.1667,1287.556,27.53333,46.33333,45.2,47.65833,658.8019,0.9967377,33
2022-07-15 08:51:00,5.087255,1219.087,240.3447,27.43631,12.78934,32.95321,4.844667,267.3333,1296.808,27.275,46.775,45.45833,47.88333,662.2756,0.9967119,33
2022-07-15 08:52:00,4.977499,1192.782,240.4108,27.38317,12.78927,32.98634,4.718,268.8417,1267.012,27.45,46.38333,45.375,47.91667,648.1409,0.9966411,33
2022-07-15 08:53:00,4.949183,1185.647,240.3052,27.15272,12.78911,33.0014,4.735333,266.3,1258.183,27.71667,46.75833,45.46666,47.875,643.7173,0.9966826,33
2022-07-15 08:54:00,5.212366,1251.188,240.5351,27.48134,12.78771,33.0287,4.996,266.0917,1328.003,28.375,47.38333,46.04167,48.28333,680.8243,0.9969559,33
2022-07-15 08:55:00,5.236716,1257.487,240.7288,27.77075,12.78899,33.06391,5.008667,266.6917,1335.325,28.58333,47.73333,46.25,48.50833,684.9217,0.9969562,33
2022-07-15 08:56:00,5.210804,1250.183,240.6363,27.66665,12.78893,33.07897,4.984,266.3,1327.61,28.66667,47.825,46.39166,48.48333,681.4193,0.996922,33
2022-07-15 08:57:00,5.214046,1252.014,240.8896,27.37979,12.78797,33.10966,4.991333,266.4,1331.9,28.15833,47.94167,46.36666,48.8,683.3289,0.9967728,33
2022-07-15 08:58:00,5.109786,1228.974,241.4176,27.6157,12.78517,33.13846,4.916667,265.6833,1303.793,28.1,48.11666,46.66667,49.13333,670.9022,0.9965801,33
2022-07-15 08:59:00,5.074839,1219.274,241.3262,27.82449,12.78378,33.1716,4.864666,265.4167,1299.438,28.49167,48.54167,46.91667,49.20833,665.4422,0.9964643,33
2022-07-15 09:00:00,4.866044,1168.542,241.1243,27.99955,12.78326,33.1957,4.663333,265.4084,1245.872,28.6,48.20833,46.83333,49.375,637.4319,0.9963923,33
2022-07-15 09:01:00,4.191933,1005.71,240.979,28.19757,12.78324,33.22036,4.015334,267.275,1067.594,28.51666,47.96666,46.625,49.01666,548.3059,0.995441,33
2022-07-15 09:02:00,4.502798,1079.863,240.9607,28.00957,12.7832,33.2582,4.303333,266.075,1151.382,28.2,47.575,46.36666,48.9,588.1382,0.9957936,33
2022-07-15 09:03:00,4.231388,1012.891,240.9632,27.48333,12.78318,33.28531,4.038667,267.2583,1076.82,27.56667,46.89166,45.89167,48.54167,550.0331,0.9955956,33
2022-07-15 09:04:00,5.025753,1207.311,241.3166,27.73467,12.78316,33.31733,4.816,267.9833,1271.454,27.59167,46.21666,45.30833,48.09166,656.7964,0.9969261,33
2022-07-15 09:05:00,5.332551,1283.827,241.4791,27.98882,12.78313,33.35084,5.1,267.2833,1364.716,28.50833,46.93333,45.72499,48.04167,698.663,0.9968181,33
2022-07-15 09:06:00,5.302328,1276.187,241.4388,27.89434,12.78309,33.35987,5.102667,265.1583,1356.638,28.75,46.93333,45.85833,47.80833,694.508,0.9967795,33
2022-07-15 09:07:00,5.091417,1224.821,241.4221,27.36797,12.78267,33.39508,4.874,267.3667,1302.269,28.63333,46.80833,45.72499,47.21666,665.7397,0.9955323,33
2022-07-15 09:08:00,5.345605,1289.65,241.5105,27.2346,12.78164,33.41636,5.133334,267.2833,1366.176,28.625,47.24166,46.175,47.43333,701.7048,0.9969537,33
2022-07-15 09:09:00,5.450599,1313.074,241.5352,27.37236,12.78231,33.43443,5.259333,265.1333,1393.926,28.84167,47.73333,46.54167,47.775,716.0506,0.9969257,33
2022-07-15 09:10:00,5.356095,1289.515,241.4993,27.41468,12.78211,33.46003,5.136,266.425,1371.57,28.48333,47.94167,46.28333,47.63333,702.5589,0.996834,33
2022-07-15 09:11:00,5.306253,1279.099,241.4768,27.34781,12.78156,33.47284,5.122667,265.0167,1358.121,28.33333,48.45833,46.65,47.66667,697.3292,0.9968881,33
2022-07-15 09:12:00,5.37381,1294.947,241.3449,27.45751,12.77997,33.49693,5.208,264.2667,1373.14,28.31667,49.09999,47.05833,48.175,707.2416,0.9970395,33
2022-07-15 09:13:00,5.360925,1287.323,241.1588,27.77599,12.78129,33.50898,5.152667,264.8833,1369.404,28.10833,49.05,47.125,48.70833,703.8735,0.997034,33
2022-07-15 09:14:00,5.331037,1281.547,241.0029,27.97166,12.78068,33.52179,5.154,264.4083,1357.043,27.975,49.06667,47.45,49.06667,701.4745,0.9971018,33
2022-07-15 09:15:00,5.475935,1315.554,240.9622,27.79237,12.78153,33.54739,5.290667,264.2417,1396.659,28.30833,49.05,47.25833,48.50833,720.695,0.9969554,33
2022-07-15 09:16:00,5.368383,1290.289,240.8946,27.52162,12.77916,33.57299,5.142667,265.9666,1372.413,28.70833,48.70833,47.18333,48.025,705.2361,0.996736,33
2022-07-15 09:17:00,4.847114,1158.514,240.5877,27.1954,12.77999,33.5858,4.622667,266.3917,1232.535,28.5,48.15833,46.74166,47.51667,631.7225,0.9963143,33
2022-07-15 09:18:00,5.486257,1317.68,240.8632,26.95394,12.77904,33.60086,5.246,267.5916,1397.361,27.95833,48.50833,46.51666,47.40833,720.2153,0.9971194,33
2022-07-15 09:19:00,5.513886,1323.353,240.9216,27.22728,12.77983,33.62194,5.284667,266.025,1404.31,28.39166,48.79167,46.93333,47.75,722.4031,0.996866,33
2022-07-15 09:20:00,5.634266,1354.279,240.9817,27.4297,12.77796,33.61291,5.418667,265.4417,1437.558,28.43333,49.43333,47.45833,48.575,741.6427999999999,0.9969342,33
2022-07-15 09:21:00,5.648244,1358.572,241.1577,27.50437,12.77876,33.62194,5.448667,264.8,1442.126,28.625,49.08333,47.34166,48.15,743.8594,0.9969025,33
2022-07-15 09:22:00,5.682308,1363.321,240.6472,27.35835,12.77869,33.62194,5.446667,265.7166,1447.059,28.93333,49.04167,47.41667,47.91667,746.5173999999998,0.9971449,33
2022-07-15 09:23:00,5.689909,1367.505,240.941,27.22321,12.77954,33.62194,5.488667,264.6583,1452.114,28.95,49.66667,47.88333,48.35833,749.3002,0.9972038,33
2022-07-15 09:24:00,5.700019,1369.909,240.9309,27.45849,12.78083,33.62514,5.494667,264.8,1454.281,28.925,49.86666,48.09166,48.84999,752.342,0.9972239,33
2022-07-15 09:25:00,5.74135,1374.621,239.9165,27.58829,12.7808,33.66035,5.519333,264.5667,1459.894,28.95833,50.1,48.34999,49.125,755.2784,0.9971667,33
2022-07-15 09:26:00,5.759825,1378.053,239.8017,27.94286,12.78072,33.66035,5.554667,263.6083,1463.735,28.98333,49.68333,48.30833,49.44167,757.7061,0.9971955,33
2022-07-15 09:27:00,5.780941,1383.965,239.9447,27.70898,12.7807,33.67315,5.557333,264.5167,1469.397,28.175,49.4,48.11666,49.26666,760.5368999999998,0.9971371,33
2022-07-15 09:28:00,5.815645,1386.382,239.0117,27.50116,12.78111,33.69556,5.611333,262.3167,1471.65,28.2,50.00833,48.55,49.81667,762.8782,0.9971874,33
2022-07-15 09:29:00,5.816957,1386.82,238.9931,27.66947,12.78108,33.69876,5.588,263.65,1472.653,28.3,50.29167,48.95833,50.39166,764.6823,0.9972339,33
2022-07-15 09:30:00,5.840603,1391.679,238.7897,27.99568,12.77923,33.70177,5.635334,262.4083,1478.425,28.74167,50.69167,49.40833,50.74166,768.6838,0.9972093,33
2022-07-15 09:31:00,5.889229,1398.817,237.8254,27.93003,12.78057,33.73189,5.68,261.7,1485.471,28.69167,50.54167,49.25833,50.69167,773.1938,0.9974082,33
2022-07-15 09:32:00,5.924559,1406.179,237.802,27.48029,12.78101,33.73491,5.681334,262.9667,1493.376,28.175,50.66667,49.425,50.83333,777.5791,0.9974841,33
2022-07-15 09:33:00,5.959956,1412.264,237.3542,28.04461,12.78053,33.73811,5.742,261.3917,1500.159,28.71667,49.9,49.125,51.10833,781.5806,0.9977369,33
2022-07-15 09:34:00,5.994831,1421.07,237.3754,28.41958,12.78097,33.77331,5.739334,263.2917,1509.954,28.625,49.2,48.91667,51.15,786.4169,0.9977261,33
2022-07-15 09:35:00,6.025618,1427.372,237.3353,28.52307,12.78096,33.77331,5.804,261.3583,1516.336,29.025,49.49166,49.15,51.22499,790.639,0.9977341,33
2022-07-15 09:36:00,6.049585,1432.923,237.248,28.62568,12.78094,33.77651,5.852667,260.15,1521.945,29.46667,50.125,49.65833,51.69167,794.9763,0.9977415,33
2022-07-15 09:37:00,6.055624,1438.814,238.0518,28.8382,12.78002,33.81172,5.868666,260.5583,1528.297,29.075,49.9,49.45833,51.93333,799.2657,0.9975226,33
2022-07-15 09:38:00,6.06509,1444.017,238.5209,28.69656,12.78092,33.82979,5.904,259.85,1533.753,28.98333,50.025,49.75833,52.325,802.8066,0.9976165,33
2022-07-15 09:39:00,6.083635,1447.856,238.4435,28.82574,12.77954,33.84787,5.88,261.75,1538.763,28.14166,49.625,49.40833,52.40833,805.8676,0.9977233,33
2022-07-15 09:40:00,6.104033,1450.525,238.0734,28.86283,12.78045,33.85427,5.882667,262.1333,1541.432,28.18333,50.31667,50.0,52.89166,808.4297,0.9980071,33
2022-07-15 09:41:00,6.130968,1453.923,237.4921,29.21616,12.78044,33.88628,5.939333,260.0916,1544.24,29.00833,50.75,50.44167,53.175,811.4524,0.9981579,33
2022-07-15 09:42:00,6.142368,1458.682,237.9821,29.30126,12.77678,33.90868,5.961334,259.8667,1548.75,29.18333,50.80833,50.31667,53.23333,815.2332,0.9979326,33
2022-07-15 09:43:00,6.153065,1464.871,238.5261,28.30707,12.7754,33.92469,6.018,258.65,1555.882,28.29167,50.95,50.34166,53.16667,819.1386999999999,0.9976342,33
2022-07-15 09:44:00,6.166302,1468.845,238.697,28.28839,12.77175,33.94389,6.004,259.9,1559.941,28.09167,50.53333,50.18333,53.58333,821.7487,0.9975285,33
2022-07-15 09:45:00,6.174175,1473.343,239.1332,28.44129,12.769,33.96309,6.068666,257.5917,1562.781,28.61667,51.675,50.54167,53.43333,825.2608,0.9973721,33
2022-07-15 09:46:00,6.184568,1475.237,239.1169,28.72835,12.76991,33.99924,6.055334,258.9167,1567.424,29.14166,52.525,51.35833,54.11666,828.8112999999998,0.9974008,33
2022-07-15 09:47:00,6.216881,1483.137,238.9813,29.07602,12.76991,34.03765,6.150667,256.0667,1574.113,29.2,52.08333,51.05,54.25833,833.8875,0.9975147,33
2022-07-15 09:48:00,6.278162,1495.565,238.5014,29.15356,12.76991,34.06325,6.204,256.075,1586.896,28.63333,51.90833,50.93333,54.31667,841.7368,0.9977245,33
2022-07-15 09:49:00,6.330462,1508.384,238.5776,29.05979,12.7699,34.11446,6.256667,256.0916,1601.255,28.59167,52.6,51.6,54.86666,850.8721,0.9977103,33
2022-07-15 09:50:00,6.405355,1526.535,238.521,28.87222,12.76899,34.13686,6.336,256.1667,1620.703,29.0,52.65,51.71666,54.89167,862.5789999999998,0.9977847,33
2022-07-15 09:51:00,6.489593,1546.137,238.4776,28.25557,12.76944,34.17527,6.416,256.1917,1642.31,28.85,52.90833,52.03333,55.01666,874.9288,0.9977707,33
2022-07-15 09:52:00,6.542091,1560.341,238.839,28.35283,12.7699,34.20407,6.478666,256.05,1657.438,29.40833,54.175,52.875,55.875,886.7029,0.9976942,33
2022-07-15 09:53:00,6.603846,1576.648,238.9987,28.93904,12.7699,34.23929,6.616667,253.3417,1674.47,30.05833,54.35,53.15,56.375,899.3694,0.9976878,33
2022-07-15 09:54:00,6.690181,1597.896,239.0189,29.36798,12.77035,34.26809,6.660667,255.2833,1698.128,30.125,53.65,52.88333,55.86666,912.9859,0.9976966,33
2022-07-15 09:55:00,6.796363,1619.515,238.4741,29.19167,12.77035,34.3001,6.808667,252.9,1720.037,29.375,54.325,53.36666,56.59999,927.9074,0.997798,33
2022-07-15 09:56:00,6.910862,1647.492,238.4645,29.11201,12.76989,34.34171,6.903333,253.975,1749.908,29.10833,53.6,53.15,56.93333,945.6021,0.9978383,33
2022-07-15 09:57:00,6.987856,1672.14,239.7208,29.04476,12.76989,34.38011,7.021333,253.525,1778.016,29.45833,54.71666,54.05833,57.66667,962.5771,0.997674,33
2022-07-15 09:58:00,7.054796,1699.351,241.1055,29.63131,12.77035,34.41852,7.202,250.8667,1804.063,29.74167,54.175,53.58333,57.275,979.6002,0.9976462,33
2022-07-15 09:59:00,7.163334,1727.627,241.3651,29.69645,12.76989,34.46012,7.304,251.55,1834.933,29.31667,54.22499,53.81667,57.68333,998.811,0.9975564,33
2022-07-15 10:00:00,7.337009,1767.945,241.4048,29.33618,12.76989,34.50493,7.45,252.4667,1874.782,29.05833,54.06667,53.94167,57.90833,1026.341,0.9975428,33
2022-07-15 10:01:00,6.725599,1623.81,241.0995,29.13404,12.76989,34.54974,6.835333,250.9417,1738.277,28.98333,53.76667,53.91667,58.26666,929.769,0.9971817,33
2022-07-15 10:02:00,5.812811,1406.437,240.6381,29.38004,12.76989,34.59135,5.890666,251.5167,1514.35,29.09167,53.925,53.69167,57.99166,794.1223,0.9967313,33
2022-07-15 10:03:00,4.974575,1190.968,240.4457,29.47954,12.7676,34.63936,4.965333,255.1417,1267.666,29.36667,53.55833,53.25833,57.39167,666.7664,0.9966606,33
2022-07-15 10:04:00,4.539219,1089.715,240.311,29.34716,12.76852,34.69057,4.506667,256.325,1166.393,29.025,52.36666,52.35,56.49166,605.8425,0.9958906,33
2022-07-15 10:05:00,4.292791,1025.819,239.9487,29.45533,12.7676,34.73236,4.222,258.8667,1092.283,29.34167,52.08333,51.84999,55.40833,568.8506,0.9957871,33
2022-07-15 10:06:00,4.596645,1094.596,239.8623,29.76254,12.76669,34.78564,4.472667,261.3416,1160.154,30.00833,51.43333,50.66667,54.20833,604.4607,0.9964104,33
2022-07-15 10:07:00,4.649668,1111.527,239.6133,29.79488,12.76486,34.83046,4.556,259.125,1183.067,29.475,50.35,49.95833,53.43333,611.0146,0.996568,33
2022-07-15 10:08:00,4.617049,1101.005,239.4556,29.12644,12.76441,34.88167,4.468667,261.9167,1172.028,29.40833,50.20833,49.775,52.74166,602.4456,0.9965411,33
2022-07-15 10:09:00,4.41649,1053.723,239.2471,28.38758,12.76441,34.91198,4.251334,262.9583,1125.072,28.85,49.71666,49.175,51.96666,575.0399,0.9960918,33
2022-07-15 10:10:00,4.075958,970.6206,239.0631,28.40092,12.76441,34.96074,3.916667,263.5417,1036.866,29.19167,49.34166,48.88333,51.20833,530.1122,0.995619,33
2022-07-15 10:11:00,4.005312,952.1626,239.0137,28.43169,12.75847,34.99915,3.838667,264.4583,1015.238,28.95833,48.55,48.13333,50.6,519.0482,0.9954707,33
2022-07-15 10:12:00,4.080772,970.8262,239.3561,28.43459,12.76486,35.03962,3.908,265.025,1031.225,28.78333,47.5,47.36666,50.08333,526.8976,0.9956165,33
2022-07-15 10:13:00,4.072839,969.8723,239.0109,28.49379,12.76349,35.07182,3.864,267.2083,1035.119,28.775,46.96666,46.9,49.575,524.9017,0.9954628,33
2022-07-15 10:14:00,4.215014,1014.672,240.1089,28.55383,12.76441,35.11023,4.003334,268.5333,1075.409,28.5,46.05833,46.10833,48.98333,544.1893,0.9959069,33
2022-07-15 10:15:00,4.047029,967.8686,239.9822,28.70267,12.76395,35.14694,3.865333,266.2583,1032.652,28.48333,46.2,46.275,48.98333,520.881,0.9954666,33
2022-07-15 10:16:00,3.851215,917.2278,239.2571,29.13807,12.76441,35.1893,3.68,265.7667,978.9055,29.16667,45.54167,45.7,48.36666,495.3369,0.9952474,33
2022-07-15 10:17:00,3.856354,918.5048,239.0577,29.04456,12.76441,35.21246,3.628,269.3667,975.6373,28.75,44.25833,44.84166,47.71666,495.0778,0.9956017,33
2022-07-15 10:18:00,4.031206,961.7913,239.3162,28.72467,12.76441,35.26197,3.824667,267.4,1017.914,28.54167,44.03333,44.71666,47.40833,518.4149,0.9960942,33
2022-07-15 10:19:00,4.433632,1062.413,239.5046,28.88366,12.76304,35.29398,4.247334,267.5833,1098.051,28.64166,43.91667,44.48333,47.25,565.2521,0.9970346,33
2022-07-15 10:20:00,5.789828,1382.981,240.3276,28.85953,12.76441,35.32655,5.438667,269.2333,1490.576,28.85,45.43333,45.55833,48.04167,754.2133,0.9979565,33
2022-07-15 10:21:00,5.171955,1239.54,240.0132,29.09553,12.76441,35.36345,4.968,265.7083,1308.079,29.30833,45.275,45.6,48.44167,669.4821,0.9971665,33
2022-07-15 10:22:00,5.048958,1215.126,240.0715,29.34554,12.76441,35.40223,4.778667,269.4333,1306.448,29.11667,45.44167,45.775,48.825,655.5297,0.9964997,33
2022-07-15 10:23:00,4.549572,1085.183,239.688,29.50635,12.76441,35.44629,4.333333,268.3583,1153.536,29.41667,45.69167,46.06667,48.83333,586.2382,0.9969227,33
2022-07-15 10:24:00,5.067791,1208.39,239.8657,29.64957,12.76395,35.49919,4.798,265.7,1295.668,29.29167,45.59166,46.01667,49.01667,659.8478,0.9960578,33
2022-07-15 10:25:00,3.944218,940.1958,239.6674,29.69182,12.76304,35.53892,3.735333,267.8417,1000.605,29.13333,45.04167,45.45,48.59166,510.8821,0.9956407,33
2022-07-15 10:26:00,3.931403,939.2813000000002,239.9138,29.18013,12.76258,35.58787,3.744,268.3,1005.849,28.21667,44.48333,44.95833,48.025,509.6635,0.995536,33
2022-07-15 10:27:00,3.926861,937.2332,239.1822,29.10484,12.76075,35.64171,3.719333,268.0333,994.2394,28.31667,44.38333,44.8,47.875,508.1281,0.9957583,33
2022-07-15 10:28:00,4.070117,965.7798,237.7668,29.12649,12.76212,35.6852,3.853333,267.3417,1028.618,28.475,44.59999,44.80833,47.6,521.783,0.9963415,33
2022-07-15 10:29:00,4.354841,1029.111,237.7608,29.22192,12.75984,35.74112,4.065333,268.8,1084.94,29.33333,45.04167,45.01667,47.59166,554.6967,0.9972277,33
2022-07-15 10:30:00,5.108375,1216.5,238.8819,29.18501,12.75984,35.78518,4.787333,270.2166,1268.283,29.55833,45.59166,45.44167,47.95,655.4913,0.9937072,33
2022-07-15 10:31:00,5.888789,1411.163,239.4189,29.27189,12.75893,35.83601,5.654,265.6917,1468.496,29.475,46.10833,46.0,48.69167,760.8152,0.998209,33
2022-07-15 10:32:00,7.029051,1682.589,239.9577,29.1689,12.75893,35.88797,6.832666,261.5167,1811.553,29.41667,47.375,47.15833,50.0,933.7129,0.9975412,33
2022-07-15 10:33:00,5.998795,1438.783,239.83,28.88033,12.75893,35.93203,5.773333,263.9917,1533.245,29.09167,47.7,47.625,50.28333,786.7143999999998,0.997821,33
2022-07-15 10:34:00,5.734601,1374.399,239.9656,28.57058,12.75893,35.97947,5.608667,260.15,1458.064,28.975,47.89166,47.81667,50.45,753.2441,0.9978418,33
2022-07-15 10:35:00,5.152031,1234.782,239.6493,28.89156,12.75893,36.02014,4.976,262.575,1320.085,29.06667,47.475,47.65833,50.675,671.3245,0.9974639,33
2022-07-15 10:36:00,4.679043,1116.321,239.3836,28.84111,12.75893,36.07097,4.458667,265.3416,1193.462,29.35,48.225,48.03333,50.475,607.2914,0.9972113,33
2022-07-15 10:37:00,4.312871,1026.101,239.1418,28.71189,12.75893,36.11992,4.109334,265.35,1095.229,29.575,48.275,48.05833,50.525,559.5906,0.99674,33
2022-07-15 10:38:00,4.332412,1035.215,239.0345,28.78894,12.75893,36.16699,4.168,265.0583,1098.388,30.025,48.575,48.14167,50.45833,563.736,0.9969973,33
2022-07-15 10:39:00,4.812077,1146.299,239.1962,29.27779,12.75893,36.21444,4.616,265.3667,1212.073,30.15,48.79167,48.24166,50.66667,622.616,0.9976556,33
2022-07-15 10:40:00,4.914309,1172.028,239.238,29.70367,12.75893,36.26188,4.692,265.1667,1250.134,29.79167,48.96666,48.4,50.75833,635.5608,0.997546,33
2022-07-15 10:41:00,4.672262,1112.384,239.0148,29.84689,12.75893,36.31271,4.429333,266.65,1185.942,29.60833,48.375,48.10833,50.78333,604.1345,0.9973915,33
2022-07-15 10:42:00,4.656416,1110.386,239.2288,29.58289,12.75893,36.38049,4.438,266.375,1182.146,29.14166,47.46666,47.49166,50.3,601.2365,0.9973924,33
2022-07-15 10:43:00,4.527238,1083.037,239.9661,29.55963,12.75801,36.42586,4.374,263.8416,1149.607,28.70833,47.09999,47.08333,50.025,583.868,0.9969187,33
2022-07-15 10:44:00,6.318285,1527.419,240.6324,29.44919,12.75618,36.48103,6.114,264.825,1564.963,28.69167,47.05833,47.23333,50.39167,828.9265,0.9963009,33
2022-07-15 10:45:00,4.663752,1121.512,240.2312,29.47413,12.7539,36.52169,4.414667,267.2917,1243.825,29.31667,47.60833,47.79167,50.925,606.7253,0.996268,33
2022-07-15 10:46:00,4.303491,1028.453,239.7954,29.7364,12.75527,36.5793,4.08,267.5583,1098.25,29.09167,47.15,47.23333,50.33333,554.2649,0.9963658,33
2022-07-15 10:47:00,3.979621,950.2224,240.1444,29.74111,12.75344,36.62675,3.801333,266.3333,1014.48,29.28333,46.75833,47.01666,50.18333,511.0645,0.9955483,33
2022-07-15 10:48:00,3.92507,937.0703,240.2722,29.74983,12.75344,36.6708,3.759333,265.6083,999.9609,29.74167,46.575,46.85,49.98333,503.4933,0.9952795,33
2022-07-15 10:49:00,3.825994,910.989,239.9418,29.56541,12.75344,36.71994,3.662,265.0333,972.3803,29.075,46.5,46.525,49.58333,489.1188,0.9951016,33
2022-07-15 10:50:00,3.730556,885.5801,239.5005,28.81604,12.75344,36.76456,3.532666,267.225,947.3103,29.20833,46.33333,46.29167,48.95833,474.1781,0.9948905,33
2022-07-15 10:51:00,3.55155,842.4881,239.2386,28.92417,12.75344,36.80862,3.352667,268.15,902.2591000000002,29.625,46.175,46.175,48.75833,451.0905,0.9943223,33
2022-07-15 10:52:00,3.423602,810.6776999999998,239.1102,29.34011,12.75344,36.82989,3.216666,269.1167,868.0488,30.10833,45.15833,45.45,48.11666,432.8776,0.9938841,33
2022-07-15 10:53:00,3.317318,785.7242,239.0602,29.45348,12.75344,36.87188,3.110667,270.05,841.847,30.14166,45.0,45.24166,47.575,418.6278,0.9934499,33
2022-07-15 10:54:00,3.243763,767.9679999999998,238.7831,29.17383,12.75344,36.8956,3.029333,271.2667,823.0655,29.45,43.85833,44.36666,46.98333,408.2835,0.9933586,33
2022-07-15 10:55:00,3.19463,756.4719,238.6346,29.13206,12.75344,36.92271,2.976,272.2166,810.457,28.93333,43.34166,43.725,46.38333,401.1346,0.9933251,33
2022-07-15 10:56:00,3.169175,752.2759,239.0492,29.17716,12.75344,36.93627,2.963333,271.8333,805.8397,28.75833,42.7,43.20833,45.79167,397.469,0.9929838,33
2022-07-15 10:57:00,3.163172,751.4285,239.1918,29.02493,12.75337,36.95773,2.992666,269.0333,804.7802,28.54167,42.31667,42.59167,45.14166,396.1736,0.9928498,33
2022-07-15 10:58:00,3.210959,764.4773,239.1075,29.18481,12.75302,36.97919,2.998667,273.3,818.1772999999998,28.83333,42.275,42.45833,44.9,401.48,0.9933021,33
2022-07-15 10:59:00,3.243063,770.7191,239.0336,29.42949,12.75269,36.97919,3.005333,274.75,824.6658,29.375,42.26667,42.46667,44.84999,403.8022,0.9933908,33
2022-07-15 11:00:00,3.300716,784.4724999999999,238.9479,29.64052,12.75224,37.00969,3.078,272.5417,838.9904,29.9,42.19167,42.41667,44.79167,409.4254,0.9935279,33
2022-07-15 11:01:00,3.148655,743.4783,238.7608,29.20038,12.75183,37.01986,2.897333,274.075,799.3900999999998,29.68333,42.29167,42.48333,44.4,389.3509,0.9925336,33
2022-07-15 11:02:00,2.966684,701.0478,238.9144,29.03912,12.75071,37.03774,2.770667,270.9083,752.3438,29.44167,42.425,42.525,44.45833,368.9597,0.9913507,33
2022-07-15 11:03:00,2.895994,684.5313,238.8917,28.97708,12.75156,37.0449,2.702667,271.5667,734.8967,29.625,42.45833,42.45833,44.15833,359.7861,0.9907632,33
2022-07-15 11:04:00,2.864442,677.2596,238.7614,28.85109,12.75144,37.06279,2.655333,273.6833,727.1372,29.775,42.60833,42.45,43.89166,355.8711,0.9906327,33
2022-07-15 11:05:00,2.851978,674.6839,238.8303,28.80487,12.75108,37.06279,2.629333,275.6167,724.4532,30.1,42.625,42.35833,43.74166,354.8155,0.9904535,33
2022-07-15 11:06:00,2.85859,676.699,238.7907,28.87088,12.74952,37.06279,2.666667,272.4667,726.3393999999998,29.86667,42.23333,42.08333,43.53333,355.2857,0.990769,33
2022-07-15 11:07:00,2.873487,680.2523,238.6214,28.83553,12.75069,37.06279,2.695333,270.6417,728.9446,29.14166,41.55833,41.6,43.23333,357.1761,0.9909644,33
2022-07-15 11:08:00,2.899641,687.3152,238.7612,28.94642,12.75046,37.06279,2.697333,273.7417,737.5445999999998,29.16667,41.425,41.49166,43.16667,360.4579,0.9912093,33
2022-07-15 11:09:00,2.93919,697.2554,238.8166,29.20957,12.75039,37.06279,2.760667,270.9,746.832,29.43333,41.08333,41.25,43.025,365.5149,0.9915176,33
2022-07-15 11:10:00,2.988541,709.5484,238.8366,29.09748,12.75014,37.06617,2.78,273.7917,759.988,29.36667,40.95833,41.175,42.98333,371.589,0.9919351,33
2022-07-15 11:11:00,3.040416,722.3561999999998,238.9427,29.17785,12.75007,37.07634,2.834666,273.4,773.7564999999998,29.26666,40.91667,41.15833,42.96666,378.4404,0.9922388,33
2022-07-15 11:12:00,3.084657,736.3869999999998,240.3572,29.14057,12.74994,37.08312,2.874,274.6833,788.1744,28.925,41.05833,41.23333,43.15,385.3302,0.9924269,33
2022-07-15 11:13:00,3.119385,749.8354,241.8616,29.25502,12.74985,37.10006,2.940666,273.15,802.3674,29.34167,41.09167,41.39167,43.28333,392.5751,0.9919646,33
2022-07-15 11:14:00,3.184745,765.8967,241.6622,29.26867,12.74978,37.10345,2.994667,274.0333,818.4127999999998,29.525,41.36666,41.525,43.30833,401.4129,0.9923539,33
2022-07-15 11:15:00,3.276743,787.2811,241.3275,29.17489,12.74968,37.10345,3.08,273.7667,841.0847,29.75833,41.7,41.74166,43.38333,412.6784,0.992836,33
2022-07-15 11:16:00,3.37377,813.9103,241.9871,29.3516,12.74965,37.10345,3.166,275.0916,868.3223,29.85,41.725,41.84167,43.66667,427.0241,0.992997,33
2022-07-15 11:17:00,3.504591,847.4860999999999,242.3601,29.56223,12.74955,37.10345,3.313334,273.5083,902.9675,30.01666,41.63333,41.91667,43.8,444.834,0.9935661,33
2022-07-15 11:18:00,3.643348,881.6956,242.4083,29.62655,12.74953,37.08989,3.434,274.3833,938.9628,30.04167,41.21667,41.83333,43.89166,463.4883,0.9941986,33
2022-07-15 11:19:00,3.825762,926.5605,242.4127,29.26684,12.74947,37.06279,3.622667,273.1667,984.9577,29.7,41.19167,41.91667,43.91667,486.7007,0.9947434,33
2022-07-15 11:20:00,4.031837,974.3611,242.4157,29.08467,12.74943,37.06279,3.808,272.925,1036.433,29.20833,41.38334,42.11666,44.20833,511.2852,0.9951373,33
2022-07-15 11:21:00,4.087981,982.3517,241.4703,28.98403,12.74941,37.06279,3.822667,273.8833,1046.577,29.11667,41.175,42.03333,44.30833,517.2154,0.9953446,33
2022-07-15 11:22:00,4.163144,1004.649,241.496,28.7698,12.74936,37.06279,3.912,273.8167,1067.706,29.14166,41.60833,42.39167,44.575,530.3521,0.9956157,33
2022-07-15 11:23:00,4.409899,1064.54,241.6889,28.84291,12.74935,37.08651,4.162667,272.825,1128.616,29.28333,42.13334,42.84166,45.14167,562.8724,0.9960747,33
2022-07-15 11:24:00,4.660206,1123.535,241.8451,29.13761,12.74886,37.10345,4.403333,272.0083,1190.801,29.15833,42.50834,43.125,45.49166,594.4714,0.9963627,33
2022-07-15 11:25:00,5.369977,1292.028,241.7365,29.45361,12.7493,37.10345,5.129333,268.3417,1366.023,29.40833,43.41667,43.94167,46.4,684.4707,0.9970647,33
2022-07-15 11:26:00,5.272966,1270.387,241.4674,29.67844,12.74928,37.10345,5.026667,268.2166,1350.786,30.075,44.125,44.76667,47.14166,674.5583,0.9969814,33
2022-07-15 11:27:00,5.356754,1289.832,241.7725,29.73074,12.74927,37.10345,5.126,267.925,1364.096,30.40833,44.74166,45.34166,47.69167,688.7217,0.9970389,33
2022-07-15 11:28:00,5.173459,1255.194,242.1764,29.5467,12.74834,37.10345,4.967333,266.65,1345.834,30.41666,45.54167,45.9,48.15,673.637,0.9964123,33
2022-07-15 11:29:00,4.599201,1110.881,242.6054,29.49949,12.74513,37.12717,4.387333,268.775,1182.437,30.49167,45.85833,46.275,48.51667,598.137,0.9960926,33
2022-07-15 11:30:00,4.473387,1077.566,242.3587,29.52554,12.74512,37.14412,4.266667,268.5833,1148.259,30.19167,45.775,46.33333,48.76666,580.7782,0.9959906,33
2022-07-15 11:31:00,4.28556,1030.716,241.9568,29.76486,12.7442,37.15842,4.072667,268.875,1099.17,29.95833,45.7,46.18333,48.74166,555.8002,0.9957398,33
2022-07-15 11:32:00,4.064814,977.0368,241.8565,29.68596,12.74373,37.18705,3.89,266.9666,1043.976,29.28333,46.2,46.5,48.98333,527.0703,0.9953647,33
2022-07-15 11:33:00,3.834624,920.7047,241.9627,29.6196,12.74373,37.2006,3.657333,267.8083,983.2493,29.91667,46.275,46.54167,48.84999,496.6323,0.9946237,33
2022-07-15 11:34:00,3.695925,888.1898999999999,242.2858,29.48,12.74372,37.22771,3.542,267.2917,948.3508,29.90833,45.7,46.05833,48.28333,478.8225,0.9942618,33
2022-07-15 11:35:00,3.635448,874.4421999999998,242.2894,28.79376,12.74372,37.25275,3.478667,268.0,933.0576,29.3,45.22499,45.71666,47.9,470.7428,0.9939076,33
2022-07-15 11:36:00,3.601419,866.1583,242.2059,28.96773,12.74279,37.27063,3.411333,270.95,924.8162,29.6,45.09166,45.58333,47.76666,465.6953,0.9938023,33
2022-07-15 11:37:00,3.579898,861.6674,242.2228,29.24036,12.74248,37.27063,3.424667,268.5833,919.9189,29.55833,44.31667,44.925,47.39166,462.5191,0.9938568,33
2022-07-15 11:38:00,3.573531,860.8972,242.3018,29.43053,12.74413,37.30998,3.413333,269.1667,918.6811,29.39166,44.325,44.825,47.25,461.55,0.993948,33
2022-07-15 11:39:00,3.593929,866.2179999999998,242.1987,29.45067,12.74407,37.32711,3.417333,270.6417,924.0471,29.44167,44.40833,44.76666,47.11666,464.5631,0.9941378,33
2022-07-15 11:40:00,3.67678,888.4429,242.1449,29.2472,12.74404,37.35423,3.524,269.4083,945.9451,29.68333,44.60833,44.96666,47.15833,476.6154,0.9943905,33
2022-07-15 11:41:00,3.967215,957.0532,242.0845,29.11198,12.74398,37.36496,3.804667,269.1083,1014.797,29.76667,44.88333,45.09166,47.23333,511.4579,0.9951804,33
2022-07-15 11:42:00,5.259437,1271.125,242.4424,29.09305,12.74259,37.39715,5.156,265.375,1310.306,30.08333,45.54167,45.4,47.475,672.0154,0.9971144,33
2022-07-15 11:43:00,7.560823,1837.305,243.0245,29.59082,12.74391,37.42426,7.508,259.3333,1935.551,30.71667,47.45,47.15833,49.40833,997.3525,0.9965577,33
2022-07-15 11:44:00,7.995173,1933.034,242.8823,29.71531,12.74403,37.43782,7.993333,258.725,2038.762,30.075,48.53333,48.3,50.86666,1069.926,0.9976154,33
2022-07-15 11:45:00,8.747918999999998,2127.301,243.6632,29.94855,12.74337,37.48433,8.899333,254.3917,2270.607,30.525,50.3,50.35833,53.25833,1205.476,0.9969971,33
2022-07-15 11:46:00,8.501369999999998,2065.93,243.369,30.21243,12.74055,37.52367,8.73,251.825,2185.679,30.79167,52.49166,52.325,55.2,1180.921,0.9972721,33
2022-07-15 11:47:00,8.031774999999998,1948.214,243.1536,30.19278,12.74097,37.56979,8.343999999999998,247.7167,2083.314,30.75,54.55,54.2,57.125,1124.852,0.9969174,33
2022-07-15 11:48:00,8.415751,2041.333,243.1745,30.45397,12.73944,37.618,8.907999999999998,244.7583,2162.664,30.61667,55.81667,55.575,58.79167,1192.8,0.9971306,33
2022-07-15 11:49:00,8.719348,2113.417,243.1982,30.63793,12.73899,37.68238,9.182,244.0667,2253.769,30.46667,57.63333,57.21666,60.68333,1254.444,0.9971004,33
2022-07-15 11:50:00,7.960554,1929.95,242.9091,30.87217,12.73885,37.75299,8.389334,243.0417,2054.615,30.85,58.675,58.35,61.84166,1138.977,0.9970391,33
2022-07-15 11:51:00,7.600605,1840.714,242.6223,31.22412,12.7388,37.81963,7.983334,245.0417,1959.925,31.4,59.275,58.93333,62.71666,1085.625,0.997194,33
2022-07-15 11:52:00,6.808907,1649.401,242.1439,31.64469,12.73872,37.90548,7.1,244.4833,1760.602,31.175,58.97499,58.9,62.9,962.0878,0.9969573,33
2022-07-15 11:53:00,5.623117,1356.353,241.6318,31.88623,12.73591,37.98776,5.786,248.075,1452.897,31.13333,58.25833,58.21666,62.22499,778.5866999999998,0.9969928,33
2022-07-15 11:54:00,5.276614,1268.9,241.3202,31.38445,12.73496,38.08792,5.364,251.0417,1345.719,31.04167,56.375,56.93333,60.86666,721.0499999999998,0.9971051,33
2022-07-15 11:55:00,4.915665,1184.714,241.0998,31.17019,12.73305,38.18092,4.889333,255.3917,1262.756,31.275,55.45,56.25,59.68333,664.4346,0.9965956,33
2022-07-15 11:56:00,4.252164,1023.255,240.5828,31.08245,12.73314,38.29728,4.222,255.25,1101.454,31.08333,53.525,54.68333,58.5,567.296,0.9956796,33
2022-07-15 11:57:00,3.012834,718.0164,239.8963,30.79543,12.7325,38.37277,2.958667,256.25,773.9924999999998,29.93333,51.78333,52.83333,56.70833,398.3902,0.9911725,33
2022-07-15 11:58:00,2.764618,654.2985,239.7923,30.69671,12.73334,38.45166,2.696667,260.3333,703.1284,30.21667,49.80833,51.21666,55.10833,362.3962,0.9893163,33
2022-07-15 11:59:00,2.769242,658.8074,239.7565,30.43662,12.73327,38.52527,2.722,260.0333,706.4226,30.25,48.425,49.85833,53.23333,361.3023,0.9894373,33
2022-07-15 12:00:00,2.87008,685.9348,239.8926,29.73303,12.73273,38.5825,2.810667,261.6833,732.1020999999998,30.1,47.5,48.81667,51.59166,372.5582,0.9905784,33
2022-07-15 12:01:00,3.03605,727.6794999999998,240.0639,29.94412,12.73179,38.63447,2.95,266.2417,781.395,30.14166,46.78333,48.025,50.85833,391.3372,0.9919229,33
2022-07-15 12:02:00,3.17528,759.0965,240.2042,29.96041,12.73307,38.67777,3.048667,267.625,813.6142999999998,30.15833,46.80833,47.79167,50.53333,405.3951,0.9926804,33
2022-07-15 12:03:00,3.272284,782.7655999999998,239.6351,30.30752,12.73305,38.71354,3.166,265.3583,836.8506,30.03333,46.2,47.10833,50.03333,415.8066,0.9934949,33
2022-07-15 12:04:00,3.440714,822.5176,239.8139,30.64857,12.733,38.75421,3.310667,266.5583,876.9401,30.13333,45.91667,46.74166,49.625,435.2094,0.9941502,33
2022-07-15 12:05:00,3.862449,924.7061,240.4204,30.44302,12.73297,38.78734,3.686,267.8667,980.6160000000002,30.175,45.825,46.575,49.4,487.9289,0.9953368,33
2022-07-15 12:06:00,3.90096,934.2027,240.4327,30.5535,12.73294,38.81596,3.729333,266.7,999.2252,30.48333,46.05,46.68333,49.275,492.3238,0.9952995,33
2022-07-15 12:07:00,3.767909,899.9760999999999,240.2196,30.61919,12.73291,38.84985,3.586667,267.925,961.6212,30.54167,45.35833,46.2,48.875,474.274,0.9949676,33
2022-07-15 12:08:00,3.776376,904.8935,240.2949,30.65983,12.73289,38.86115,3.618,266.8167,961.8825,30.63333,44.74166,45.8,48.53333,477.2871,0.9951516,33
2022-07-15 12:09:00,3.986637,954.627,240.2424,30.5456,12.73286,38.86473,3.775333,269.4333,1013.48,30.39166,44.59166,45.55,48.14167,503.4358,0.9958552,33
2022-07-15 12:10:00,4.379672,1050.569,240.6465,30.70899,12.73285,38.90407,4.195333,268.1583,1111.278,30.85,44.625,45.625,48.34166,554.8886,0.9966695,33
2022-07-15 12:11:00,5.094716,1228.159,241.4263,30.58298,12.72461,38.90407,4.926,266.2917,1294.592,30.3,44.90833,45.96666,48.8,650.6454,0.9973073,33
2022-07-15 12:12:00,5.383306,1298.025,241.6296,30.54168,12.73282,38.90407,5.239334,263.2417,1377.749,30.34167,45.525,46.50833,49.4,691.9747,0.9972083,33
2022-07-15 12:13:00,5.916103,1426.417,241.8589,30.36627,12.73281,38.9342,5.799334,261.5583,1506.743,30.56667,46.48333,47.3,50.05833,766.3135,0.9974267,33
2022-07-15 12:14:00,6.582214,1585.754,241.7787,30.6853,12.73279,38.94926,6.455333,261.4667,1680.715,31.00833,47.05,48.14167,51.26666,860.9477,0.9977233,33
2022-07-15 12:15:00,5.122491,1231.385,240.9995,31.0748,12.73279,38.94926,5.071333,257.875,1302.071,31.23333,47.55,48.51667,51.69167,667.8316,0.9957851,33
2022-07-15 12:16:00,6.769748,1629.391,241.6027,30.93994,12.73277,38.95641,6.718667,257.9917,1723.884,30.78333,48.375,49.26666,52.55,896.5001999999998,0.9976816,33
2022-07-15 12:17:00,7.28449,1756.736,242.0371,30.95805,12.7314,38.99218,7.269999999999999,257.1167,1859.566,31.00833,49.53333,50.575,53.86666,978.3623,0.9975234,33
2022-07-15 12:18:00,7.683165,1858.163,242.5591,31.04069,12.73276,38.99218,7.706,256.9,1971.434,31.20833,50.0,51.30833,54.825,1049.045,0.997466,33
2022-07-15 12:19:00,7.612217,1837.765,242.5047,31.19298,12.73276,39.02607,7.785334,251.2417,1953.358,31.01666,50.99166,52.24166,55.825,1044.324,0.9974777,33
2022-07-15 12:20:00,8.173327,1968.832,242.3936,31.42373,12.73275,39.03736,8.356668,251.2667,2090.454,31.425,52.47499,53.36666,56.90833,1135.763,0.9974069,33
2022-07-15 12:21:00,7.628964,1835.335,242.2729,31.72964,12.73275,39.06749,7.994,244.85,1958.668,31.85,53.50833,54.425,58.025,1059.38,0.9954298,33
2022-07-15 12:22:00,8.312393,2013.548,242.7001,31.51899,12.73274,39.10044,8.585333999999998,249.2833,2138.633,32.03333,55.30833,55.91667,58.97499,1175.758,0.9972014,33
2022-07-15 12:23:00,8.281427,2010.305,243.2735,31.5722,12.73183,39.12548,8.638,247.7917,2136.076,32.20833,56.04167,56.89167,60.16667,1182.878,0.997036,33
2022-07-15 12:24:00,6.50709,1569.006,242.5366,31.5762,12.73182,39.17067,6.858,242.375,1711.497,32.18333,56.775,57.425,60.15833,909.7713,0.9958587,33
2022-07-15 12:25:00,5.805765,1399.623,241.9293,31.33013,12.73045,39.21208,5.934,250.275,1523.645,31.65833,56.70833,57.16667,59.88333,795.1395,0.996283,33
2022-07-15 12:26:00,6.455538,1559.311,241.6332,31.6752,12.72954,39.23016,6.703333,249.9417,1591.582,31.79167,56.01666,56.75,59.925,884.8509,0.9955792,33
2022-07-15 12:27:00,8.480664,2052.725,242.4509,32.27391,12.72954,39.28137,9.070001,241.3417,2180.084,32.075,56.74166,57.64167,61.35833,1212.693,0.9972124,33
2022-07-15 12:28:00,8.593738,2076.969,242.189,32.53428,12.72816,39.31902,9.148,242.6833,2209.092,31.53333,58.025,58.71666,62.66667,1245.645,0.9972042,33
2022-07-15 12:29:00,8.561892999999998,2070.663,242.6803,32.59406,12.72725,39.36797,9.239333,238.0583,2207.248,31.25833,58.88333,59.58333,63.85833,1250.635,0.9970095,33
2022-07-15 12:30:00,8.448963,2045.402,242.8396,32.6615,12.72725,39.41316,9.098001,239.675,2175.659,31.1,59.49166,60.06667,64.70834,1237.008,0.9969975,33
2022-07-15 12:31:00,8.29946,2009.925,242.8386,33.02884,12.72724,39.48075,9.003332999999998,237.8083,2146.458,31.825,59.91667,60.625,65.14167,1215.408,0.9969634,33
2022-07-15 12:32:00,8.413456999999998,2036.433,242.7187,33.16017,12.72724,39.54646,9.109334,237.575,2160.674,32.225,59.625,60.575,65.075,1233.909,0.9970208,33
2022-07-15 12:33:00,8.053449,1950.478,242.3187,32.73302,12.72679,39.6067,8.626666999999998,239.8583,2090.375,32.3,58.85833,60.65833,65.35,1173.474,0.9969752,33
2022-07-15 12:34:00,6.409204,1532.152,241.2723,32.64233,12.72633,39.67824,6.810667,239.2917,1663.555,32.20833,57.55,59.59166,64.18333,911.6233,0.9959373,33
2022-07-15 12:35:00,6.082253,1469.507,240.9972,32.19986,12.7245,39.73849,6.204,249.85,1568.482,32.01667,57.74166,59.33333,63.2,848.2717,0.9966652,33
2022-07-15 12:36:00,6.313192,1525.553,240.7796,32.16218,12.72268,39.79911,6.571333,247.4417,1560.137,31.81667,56.55833,58.375,62.525,868.7106999999999,0.9968782,33
2022-07-15 12:37:00,8.016133,1934.176,241.625,32.59055,12.72176,39.86124,8.420667,243.6583,2056.15,32.0,56.34999,58.175,62.875,1138.987,0.9973249,33
2022-07-15 12:38:00,8.064904,1942.776,241.6173,32.96182,12.72176,39.92525,8.464667,245.2417,2072.46,31.99167,56.325,58.21666,63.04167,1146.932,0.9973899,33
2022-07-15 12:39:00,6.722455,1630.437,241.3247,33.02855,12.72176,39.97044,6.963333,245.8917,1770.26,31.85833,56.63333,58.39166,63.1,946.2451,0.9953259,33
2022-07-15 12:40:00,4.527212,1084.19,240.2664,33.19395,12.7213,40.03445,4.608667,250.5833,1155.858,32.25833,55.11666,56.97499,61.55,611.696,0.9960863,33
2022-07-15 12:41:00,6.674742,1594.673,240.9854,32.94011,12.72176,40.08792,6.832666,249.725,1666.797,31.70833,54.425,56.43333,61.00833,908.6006000000002,0.9978866,33
2022-07-15 12:42:00,7.55501,1821.222,241.4929,32.50218,12.72176,40.13838,7.827333,247.5,1924.279,31.875,55.40833,57.13333,61.525,1052.116,0.9974378,33
2022-07-15 12:43:00,7.378129999999999,1778.477,241.6345,32.2182,12.72176,40.19109,7.718,243.9667,1886.907,32.14167,56.075,57.70833,62.2,1031.706,0.9958594,33
2022-07-15 12:44:00,7.611898,1833.06,241.6585,32.4842,12.72176,40.24155,7.969334,243.3167,1939.457,31.89166,56.54167,58.18333,62.95833,1071.403,0.9972763,33
2022-07-15 12:45:00,7.979377,1923.964,241.6239,32.93772,12.72176,40.29878,8.428,241.3,2027.872,32.04167,56.81667,58.36666,63.29167,1136.838,0.9972932,33
2022-07-15 12:46:00,7.653435,1843.939,241.8244,33.51483,12.72176,40.33418,8.042666,245.1333,1980.304,32.84167,58.23333,59.43333,63.69167,1088.196,0.9972553,33
2022-07-15 12:47:00,6.563974,1581.903,241.3178,33.39143,12.7213,40.40308,6.652,252.125,1693.714,31.60833,58.225,59.31667,63.875,920.4035,0.9964039,33
2022-07-15 12:48:00,6.077059,1461.879,241.053,33.67829,12.72176,40.46145,6.131333,252.475,1560.052,32.49166,58.61666,59.48333,63.64166,845.1241999999999,0.9971209,33
2022-07-15 12:49:00,6.611146,1593.721,240.9315,33.79687,12.72039,40.51529,6.841333,247.0333,1673.011,32.3,57.80833,58.71666,63.38333,912.6597,0.9979112,33
2022-07-15 12:50:00,5.859552,1407.948,240.1331,33.72128,12.71902,40.58081,6.022667,246.95,1511.308,32.14167,57.14166,57.85833,62.54167,799.6208,0.9969538,33
2022-07-15 12:51:00,4.394461,1054.67,239.4539,34.04385,12.71902,40.64671,4.439333,249.2833,1143.143,32.75,57.18333,57.4,61.20833,588.7139,0.9953348,33
2022-07-15 12:52:00,3.365542,798.613,238.9311,34.18137,12.71902,40.70469,3.374666,252.375,855.0136,32.74166,55.59166,55.41667,58.76667,441.6002,0.9931173,33
2022-07-15 12:53:00,3.359024,797.5701,239.0447,34.13581,12.7213,40.77191,3.326667,254.3417,856.6839,32.26667,53.375,53.81667,57.525,435.9579,0.9929566,33
2022-07-15 12:54:00,2.910075,686.2021,238.7779,34.11943,12.72176,40.82669,2.85,258.5583,738.0924999999999,32.15833,52.21666,52.76666,55.94167,373.0092,0.9903952,33
2022-07-15 12:55:00,2.805561,661.2927,238.6172,33.92955,12.72176,40.88035,2.746,259.4333,713.6792,31.825,50.22499,50.825,54.2,357.1665,0.9895404,33
2022-07-15 12:56:00,2.823644,664.6733,238.5364,33.30165,12.72176,40.9357,2.738,261.775,717.7964,31.18333,49.18333,49.84166,53.26666,356.4852,0.9898089,33
2022-07-15 12:57:00,2.698224,632.621,238.3817,32.87795,12.7213,40.99105,2.614,259.675,681.5108,30.875,48.09166,48.65,52.11666,337.7445,0.9883754,33
2022-07-15 12:58:00,2.614405,611.4099,237.237,32.6854,12.7213,41.04245,2.501333,262.6833,659.7996,30.85833,47.79167,48.21666,51.46666,324.5503,0.9888484,33
2022-07-15 12:59:00,2.528648,593.2979,238.4109,32.92876,12.71993,41.07013,2.412,264.1,638.4547,31.55,47.35833,47.86666,50.65833,313.4863,0.9877625,33
2022-07-15 13:00:00,2.448135,576.3824,239.4475,32.92988,12.71674,41.10966,2.348,264.4,622.0283,31.16667,46.40833,46.95833,49.95,303.641,0.986054,33
2022-07-15 13:01:00,2.386824,561.7155,239.5734,32.42971,12.71537,41.14525,2.28,266.3833,607.2806,30.94167,45.125,45.96666,48.99166,294.9375,0.9849885,33
2022-07-15 13:02:00,2.312992,543.3514,239.7048,31.95621,12.71614,41.16502,2.2,266.1833,588.3045,30.625,44.225,45.05833,47.86666,284.8331,0.9835925,33
2022-07-15 13:03:00,2.21033,516.8592,239.6119,31.63638,12.71585,41.19269,2.074,269.4,560.9236,30.875,43.54167,44.46666,47.15833,271.0919,0.9816546,33
2022-07-15 13:04:00,2.081689,483.3385,238.9732,31.95681,12.71563,41.19269,1.964,266.3333,526.2105,31.16667,43.23333,43.96666,46.38333,253.6275,0.978426,33
2022-07-15 13:05:00,1.940245,448.1411,238.8181,31.78516,12.71688,41.19269,1.818667,266.875,488.8399,31.025,42.7,43.375,45.525,235.712,0.9742396,33
2022-07-15 13:06:00,1.799672,413.8221,239.2146,31.6034,12.71617,41.19269,1.683333,267.175,452.5903,31.09167,42.45833,42.9,45.16667,218.1133,0.9686571,33
2022-07-15 13:07:00,1.666026,381.4453,239.8311,31.86571,12.71474,41.19269,1.56,267.5333,419.4646,31.09167,42.05833,42.46666,44.55,201.6756,0.9618215,33
2022-07-15 13:08:00,1.54379,350.6975,239.8389,32.15358,12.71685,41.19269,1.453333,264.725,387.615,31.625,41.68333,41.95833,43.61666,186.2647,0.9536483,33
2022-07-15 13:09:00,1.432526,321.7725,239.6886,32.41696,12.71723,41.18874,1.312,269.9833,356.635,32.01667,41.30833,41.50834,43.08333,172.0917,0.9439995,33
2022-07-15 13:10:00,1.339699,298.045,239.5755,32.28493,12.71484,41.14525,1.241333,265.5667,331.6479,31.05,40.425,40.625,42.34167,160.2408,0.9341162,33
2022-07-15 13:11:00,1.263432,278.3484,239.5788,32.01485,12.71521,41.14525,1.138667,272.0333,311.1093,30.54167,40.06667,40.225,41.75834,150.5586,0.9239308,33
2022-07-15 13:12:00,1.203833,263.4362,240.2621,32.02863,12.71607,41.10571,1.094667,267.7833,294.2893,30.66667,39.71667,39.8,41.28333,142.2294,0.9131992,33
2022-07-15 13:13:00,1.218436,250.6469,240.0817,32.1842,12.7173,41.08199,1.052,265.8833,280.7323,31.175,39.5,39.475,40.65,134.9654,0.8646137999999999,33
2022-07-15 13:14:00,1.193279,238.8203,240.0239,32.25803,12.71817,41.05036,0.9926667,268.4666,267.5459,31.025,38.925,39.10833,40.23333,128.421,0.8365996,33
2022-07-15 13:15:00,1.152436,226.2189,239.4624,32.27857,12.71667,41.01478,0.94,268.9583,254.0348,30.85833,38.64167,38.83333,39.98333,121.7039,0.8237967,33
2022-07-15 13:16:00,1.109581,212.9428,239.3982,31.97015,12.71934,40.97919,0.8853334,269.6,239.7038,30.39166,38.175,38.36666,39.53333,114.9389,0.8045573999999999,33
2022-07-15 13:17:00,1.067229,199.8229,239.5201,31.81235,12.71927,40.9357,0.8399999999999999,267.8917,226.257,30.56667,37.9,38.05,39.10833,108.2122,0.7839844,33
2022-07-15 13:18:00,1.027817,186.7974,239.8224,31.51794,12.7201,40.88826,0.79,267.3917,212.2415,30.13333,37.49166,37.65833,38.75,101.8022,0.7593655999999999,33
2022-07-15 13:19:00,0.9941246,174.2078,239.9196,31.16048,12.71916,40.84552,0.7366667,269.25,199.2419,29.725,36.99166,37.18333,38.175,95.68964,0.7332984999999999,33
2022-07-15 13:20:00,0.9636077,162.8296,239.8654,31.32347,12.72041,40.79563,0.6993333999999999,267.15,187.8878,30.65833,36.99166,37.09167,37.86666,89.71142999999998,0.7077869,33
2022-07-15 13:21:00,0.9362385,152.7537,239.8659,31.41382,12.7205,40.74423,0.66,265.7833,176.3171,31.03333,36.76667,36.70833,37.35833,84.04031,0.6796425,33
2022-07-15 13:22:00,0.9119821,142.6246,240.1652,31.35211,12.72068,40.67702,0.62,265.5333,165.4766,31.08333,36.625,36.45,37.01667,78.77218999999998,0.6519648,33
2022-07-15 13:23:00,0.8912805,132.9621,240.0299,31.42327,12.72055,40.60811,0.5733333,270.2417,155.6213,31.35833,36.45833,36.29167,36.73333,73.86871999999998,0.6217116999999999,33
2022-07-15 13:24:00,0.8730885,123.7631,240.3005,31.55635,12.72047,40.52697,0.5413333999999999,268.65,146.3541,31.525,36.19167,35.975,36.35,69.20515,0.5911897999999999,33
2022-07-15 13:25:00,0.8584104,115.4904,239.6691,31.66706,12.72068,40.45373,0.506,268.8416,136.7228,31.51666,35.88334,35.68333,35.95833,64.76228,0.5624869,33
2022-07-15 13:26:00,0.8414762,107.6057,239.5715,31.77173,12.72116,40.36863,0.4786667,265.7083,127.8553,31.41666,35.58333,35.35,35.575,60.47293,0.5345992,33
2022-07-15 13:27:00,0.8286746,100.025,240.0629,31.7865,12.72279,40.28749,0.4433333999999999,269.725,120.0852,31.28333,35.34167,35.01667,35.175,56.6538,0.5037236,33
2022-07-15 13:28:00,0.819,93.84087,240.4933,31.51032,12.72424,40.19881,0.4193333,268.2833,113.1297,30.93333,35.08333,34.725,34.85,53.39122,0.4762111,33
2022-07-15 13:29:00,0.8122416,88.44884,240.6496,31.30243,12.72623,40.10355,0.4,267.4,107.4755,30.76667,34.89167,34.51667,34.55833,50.45489,0.4517474,33
2022-07-15 13:30:00,0.8121,83.67574999999998,240.468,31.02791,12.72637,40.00809,0.3826667,265.5167,101.8443,30.54167,34.60833,34.25834,34.175,47.86401,0.4279021,33
2022-07-15 13:31:00,0.8075858999999999,78.27262,240.3647,30.89569,12.72643,39.91019,0.3559999999999999,270.2417,96.67661,30.63333,34.46667,34.1,33.975,45.63778,0.4048170999999999,33
2022-07-15 13:32:00,0.8005025,74.46702999999998,239.5892,30.81657,12.72658,39.80325,0.3393333,271.6333,92.46574,30.7,34.29166,33.95,33.75,43.64185,0.3877467,33
2022-07-15 13:33:00,0.7949293,71.84304,239.6204,30.82558,12.72662,39.69707,0.3366666999999999,262.5333,88.61840999999998,30.71667,34.125,33.78333,33.525,41.83783,0.3763369999999999,33
2022-07-15 13:34:00,0.7898237,66.43716,239.4353,30.71349,12.72946,39.58034,0.3253332999999999,254.8583,83.24679999999998,30.59167,34.13334,33.60833,33.31667,40.10099,0.3518627999999999,33
2022-07-15 13:35:00,0.7885132,65.78561,239.3161,30.73131,12.73224,39.45815,0.3093333999999999,267.6333,82.92941,30.39166,33.68333,33.325,32.99166,38.59444,0.3481727,33
2022-07-15 13:36:00,0.7857537,62.49213,239.8604,30.84995,12.73139,39.34914,0.2893333,272.0833,79.122,30.63333,33.675,33.39167,33.05833,37.19345,0.3330691,33
2022-07-15 13:37:00,0.7848792,61.18699,240.265,30.93275,12.7319,39.2262,0.2899999999999999,270.6917,78.43367,30.85833,33.73333,33.39167,33.025,36.12831,0.3262182,33
2022-07-15 13:38:00,0.7848186,60.18827,240.2856,30.96921,12.73239,39.11493,0.2886667,264.8,76.47974,30.875,33.63334,33.275,32.86666,35.28388,0.3200374,33
2022-07-15 13:39:00,0.7840842999999998,58.29977,240.442,30.88332,12.73154,38.99651,0.2853333,260.2583,74.4304,30.64166,33.53333,33.08333,32.65,34.66015,0.310134,33
2022-07-15 13:40:00,0.780302,56.30333,240.4743,30.82843,12.73201,38.87527,0.2826666999999999,254.325,72.20059999999998,30.59167,33.43333,32.94167,32.55,34.29551,0.2995352,33
2022-07-15 13:41:00,0.780811,56.13527,240.46,30.86569,12.7325,38.7687,0.2753333,266.3333,72.99267,30.66667,33.19167,32.86666,32.4,34.14198,0.2983334999999999,33
2022-07-15 13:42:00,0.7810251,56.42274,240.4767,30.6087,12.73252,38.63052,0.2726666999999999,267.6583,73.06946999999998,30.33333,33.05,32.775,32.25833,33.87329,0.3011836,33
2022-07-15 13:43:00,0.777703,55.19048,240.3967,30.48094,12.73255,38.48818,0.268,267.3583,71.73127,30.33333,33.00833,32.7,32.2,33.59501,0.2961523999999999,33
2022-07-15 13:44:00,0.7770495,55.00769,240.509,30.43069,12.73622,38.37277,0.268,267.6667,71.87766,30.33333,32.875,32.64167,32.06667,33.33592,0.2948646999999999,33
2022-07-15 13:45:00,0.7758207999999999,54.23517,240.5929,30.31298,12.7376,38.24965,0.264,267.4,70.631,30.29167,32.65833,32.41667,31.925,33.08643,0.2909148999999999,33
2022-07-15 13:46:00,0.7724115999999999,53.49054,240.4315,30.14472,12.73809,38.13084,0.256,271.175,69.32613,30.275,32.51667,32.25,31.825,32.96169,0.2902709,33
2022-07-15 13:47:00,0.7730185,55.22629,240.3398,30.01403,12.73809,38.00564,0.264,268.3,70.65407,30.28333,32.26667,32.23333,31.55,32.59704,0.2958236,33
2022-07-15 13:48:00,0.7755741,55.86084,240.2211,29.9666,12.73811,37.8876,0.2686666999999999,268.175,71.939,30.21667,32.1,32.05833,31.30833,33.05764,0.299345,33
2022-07-15 13:49:00,0.7782966,57.73694,240.3171,30.01192,12.73857,37.76334,0.2753333,269.7166,74.2162,30.29167,32.00834,31.89166,31.21667,33.54703,0.3056705,33
2022-07-15 13:50:00,0.7830962999999999,59.20028,240.3119,30.12233,12.73995,37.64303,0.2886667,261.875,75.515,30.41666,31.88333,31.73333,31.08333,34.47783,0.3130920999999999,33
2022-07-15 13:51:00,0.7842894999999999,60.22555,240.3141,30.11249,12.74133,37.51651,0.3013333,253.1,75.82294,30.21667,31.8,31.61667,30.98333,36.09952,0.3189145999999999,33
2022-07-15 13:52:00,0.7923833999999998,66.05454,240.3506,29.82086,12.74316,37.3964,0.3073332999999999,273.2833,83.50360999999998,29.8,31.525,31.45,30.74167,38.03788,0.3459493,33
2022-07-15 13:53:00,0.7962770999999998,69.9599,240.4106,29.51139,12.74363,37.2776,0.3246666999999999,271.3833,87.89507,29.40833,31.34167,31.21667,30.54167,39.91867,0.3646183,33
2022-07-15 13:54:00,0.8008847,72.97745,240.5271,29.17529,12.74363,37.1588,0.3253332999999999,277.875,90.13467,28.89166,31.15833,31.05833,30.36667,41.98177,0.3762264,33
2022-07-15 13:55:00,0.8063548,78.27115999999998,240.5945,28.86613,12.74364,37.04132,0.3519999999999999,276.375,96.37,28.675,31.15833,31.0,30.26667,44.22719,0.403791,33
2022-07-15 13:56:00,0.8104714,83.24503,240.6218,28.7904,12.74364,36.91273,0.37,273.6333,101.1004,28.69167,30.70833,30.64166,29.98333,46.25191,0.4234651999999999,33
2022-07-15 13:57:00,0.8180789,87.27227999999998,240.937,28.76156,12.7441,36.79544,0.3946666999999999,272.85,107.0421,28.66667,30.51666,30.41667,29.675,48.20946,0.4438292999999999,33
2022-07-15 13:58:00,0.8213415,92.73718,240.8387,28.63307,12.74639,36.66779,0.4066666999999999,278.175,112.5766,28.49167,30.44167,30.28333,29.49167,50.69478,0.4685797999999999,33
2022-07-15 13:59:00,0.8230446,98.98502,239.0892,28.48617,12.74913,36.54541,0.432,275.5333,118.4482,28.3,30.45,30.33333,29.44167,53.59273,0.5000213,33
2022-07-15 14:00:00,0.8344694999999999,105.6648,239.0758,28.40131,12.74913,36.42586,0.4613334,275.325,126.2238,28.375,30.59167,30.46667,29.6,56.94167,0.527499,33
2022-07-15 14:01:00,0.8506827999999999,113.2734,239.9783,28.32968,12.74913,36.30254,0.4879999999999999,275.5833,134.2855,28.33333,30.61667,30.54167,29.63333,60.62647,0.5511654999999999,33
2022-07-15 14:02:00,0.8654106,121.0187,240.1653,28.25667,12.74914,36.18055,0.5153334,276.1583,141.7705,28.175,30.58333,30.40833,29.55833,64.34006,0.5786765999999999,33
2022-07-15 14:03:00,0.8772932,128.3136,240.4416,28.05744,12.75079,36.06702,0.5433333999999999,276.25,149.4045,27.95833,30.40833,30.26666,29.375,67.38194,0.6044203,33
2022-07-15 14:04:00,0.8869966999999999,133.5222,240.5181,27.75327,12.75185,35.9388,0.5613333999999999,278.6917,155.5524,27.70833,29.80833,29.86667,28.78333,68.78293,0.6242613,33
2022-07-15 14:05:00,0.8969125,138.1318,240.4564,27.3922,12.75451,35.82189,0.5819999999999999,274.4417,159.7187,27.325,29.08333,29.34167,28.10833,69.86726,0.6375467,33
2022-07-15 14:06:00,0.90874,142.9305,240.389,27.00492,12.75495,35.69819,0.5986667,275.3833,164.4439,26.89166,28.075,28.35,26.88333,69.52181,0.6526897999999999,33
2022-07-15 14:07:00,0.923618,149.1153,239.9885,26.65751,12.7549,35.57507,0.6153334,281.75,172.4209,26.6,27.00833,27.19167,25.71667,69.05161,0.6710186999999999,33
2022-07-15 14:08:00,0.950891,160.5859,239.245,26.33477,12.75487,35.44949,0.6486667,286.5667,184.6817,26.2,25.93333,26.19167,24.70833,71.06673,0.702285,33
2022-07-15 14:09:00,0.9912362,176.0852,238.92,26.23009,12.75484,35.31393,0.7039999999999998,287.8,201.0197,26.15833,25.525,25.73333,24.25833,75.50960999999998,0.7375686,33
2022-07-15 14:10:00,1.043183,194.5346,239.0368,26.21912,12.75833,35.18647,0.7726667,286.875,219.964,26.10833,25.53333,25.61667,24.1,82.14993,0.7749270999999999,33
2022-07-15 14:11:00,1.101173,213.3549,238.9942,26.26438,12.75614,35.05506,0.8453333,285.6583,239.7504,26.15,25.50833,25.60833,24.09167,89.84578999999998,0.804931,33
2022-07-15 14:12:00,1.163435,233.0355,238.9751,26.22147,12.76145,34.91499,0.906,289.725,260.5695,26.05,25.39166,25.5,24.01666,99.0194,0.8316449999999999,33
2022-07-15 14:13:00,1.243423,257.5274,239.6647,26.17811,12.76165,34.78847,0.9933333,290.0167,285.711,25.96667,25.38333,25.48333,24.01666,110.6687,0.8564435999999999,33
2022-07-15 14:14:00,1.328917,286.8949,239.8027,26.18652,12.76204,34.66177,1.1,290.925,317.2436,25.99167,25.40833,25.525,24.05833,124.5251,0.8923048999999998,33
2022-07-15 14:15:00,1.379522,313.9888,239.8495,26.10557,12.76414,34.53054,1.199333,291.2333,346.9746,25.85833,25.51666,25.58333,24.00833,138.0648,0.9412782,33
2022-07-15 14:16:00,1.458723,333.8636,239.9126,26.15293,12.76708,34.40572,1.264,292.8667,368.7845,26.18333,25.68333,25.75,24.13333,147.9581,0.9483933,33
2022-07-15 14:17:00,1.533684,353.2199,239.7754,26.43324,12.76785,34.2841,1.332,293.525,388.9088,26.75833,25.90833,25.96667,24.36667,158.2161,0.954497,33
2022-07-15 14:18:00,1.629826,377.2327,239.2394,26.72202,12.7684,34.15607,1.43,290.3,413.1316,27.125,25.9,25.94167,24.60833,170.0094,0.9612517,33
2022-07-15 14:19:00,1.721586,400.9331,239.3599,26.96232,12.76867,34.02823,1.510667,291.6583,438.4507,27.425,26.0,26.09167,25.01666,180.939,0.9667241,33
2022-07-15 14:20:00,1.821801,426.37,239.3993,27.22243,12.76875,33.91188,1.606667,290.6333,464.3979,27.69167,26.21667,26.31667,25.46667,192.5692,0.9712787,33
2022-07-15 14:21:00,1.936495,455.4483,239.5072,27.55753,12.76892,33.80777,1.706,291.5583,494.7923,28.15,26.475,26.65833,26.01666,205.5715,0.9753106,33
2022-07-15 14:22:00,2.049508,484.2697,239.943,27.78841,12.76904,33.70121,1.795333,293.8333,524.8149,28.375,26.84167,26.94167,26.55,219.14,0.9781114,33
2022-07-15 14:23:00,2.168468,514.2885,240.2683,28.05736,12.77002,33.59126,1.917333,291.2833,555.9309,28.475,27.325,27.21667,27.03333,234.5989,0.980845,33
2022-07-15 14:24:00,2.298303,547.1044,240.4199,28.33265,12.76971,33.4911,2.037333,291.2667,590.5397,28.69167,28.05,27.725,27.825,253.3108,0.9839132,33
2022-07-15 14:25:00,2.433878,580.3464,240.3025,28.41339,12.76974,33.40393,2.167333,289.3917,624.6606,28.65,28.96667,28.65833,28.76666,272.2914,0.9862284,33
2022-07-15 14:26:00,2.550655,607.7722,240.0982,28.45939,12.77167,33.32015,2.266,289.0334,653.5932,28.75,29.94167,29.68333,29.75833,288.278,0.9879892,33
2022-07-15 14:27:00,2.621195,623.2666,239.9782,28.61342,12.77217,33.24559,2.330667,289.2583,671.1592,28.94167,30.81667,30.6,30.58333,298.7471,0.9887553,33
2022-07-15 14:28:00,2.648769,629.277,239.9067,28.77139,12.77177,33.1716,2.346667,287.5,675.9927,29.075,31.65833,31.43333,31.41667,304.2071,0.9890766,33
2022-07-15 14:29:00,2.652341,629.1519,239.8414,28.75884,12.77137,33.11606,2.369334,285.8333,677.6241,28.8,32.38334,32.08333,32.05833,306.3949,0.9890592,33
2022-07-15 14:30:00,2.63294,623.7048,239.8678,28.68678,12.77231,33.05412,2.347333,285.7083,670.8369,28.7,33.0,32.73333,32.675,305.7328,0.9886537,33
2022-07-15 14:31:00,2.596873,614.1388,239.7673,28.57595,12.77191,33.01044,2.317333,284.7333,660.8532,28.7,33.575,33.25834,33.2,302.2879,0.9880301,33
2022-07-15 14:32:00,2.544342,600.9449,239.7504,28.41225,12.77056,32.96224,2.275333,284.5833,648.3273,28.50833,33.85833,33.49166,33.45833,297.087,0.9874992,33
2022-07-15 14:33:00,2.487074,588.1407,240.2266,28.30867,12.77197,32.92308,2.234667,283.775,634.9145,28.50833,34.075,33.725,33.59167,291.3199,0.9863815,33
2022-07-15 14:34:00,2.431017,574.1096,240.2926,28.39587,12.77107,32.87865,2.183333,283.4917,620.0882,28.63333,34.375,33.95833,33.775,285.073,0.9856613,33
2022-07-15 14:35:00,2.367547,558.3408,240.2961,28.40257,12.76926,32.84552,2.126667,283.4083,604.4044,28.60833,34.56667,34.13334,33.98333,277.7034,0.9843803,33
2022-07-15 14:36:00,2.303547,542.6613,240.1313,28.37525,12.7702,32.80635,2.091333,280.075,586.8945,28.575,34.71667,34.20833,34.04167,270.1035,0.9833686,33
2022-07-15 14:37:00,2.246284,528.6133,240.1703,28.40225,12.76976,32.76701,2.011333,284.45,572.8955,28.60833,34.8,34.25834,34.09167,263.6455,0.9820812,33
2022-07-15 14:38:00,2.209038,519.33,239.941,28.54434,12.77161,32.7318,1.992667,282.175,563.0308,28.80833,35.04167,34.55,34.34166,259.0491,0.9817198,33
2022-07-15 14:39:00,2.180707,513.0149,239.982,28.71701,12.77024,32.71071,1.977333,280.9167,555.9533,28.99167,35.19167,34.7,34.54167,255.6426,0.9810021,33
2022-07-15 14:40:00,2.164988,510.0454,240.1354,28.72266,12.77026,32.68059,1.958667,282.1667,552.6508,28.89166,35.25,34.71667,34.61666,253.9153,0.9809024,33
2022-07-15 14:41:00,2.166332,510.7169,240.1147,28.73711,12.77027,32.65649,1.992,277.5333,552.2952,28.975,35.425,34.875,34.74166,254.4623,0.9807472,33
2022-07-15 14:42:00,2.181418,514.8887,240.3952,28.87775,12.76982,32.6354,1.982667,281.2166,557.3545,29.19167,35.56667,35.06667,34.91667,255.4698,0.9808645,33
2022-07-15 14:43:00,2.199632,518.292,239.678,28.87482,12.76983,32.61432,2.004667,280.3167,561.4968,28.99167,35.56667,35.03333,34.9,256.6022,0.9812434,33
2022-07-15 14:44:00,2.211513,520.14,239.403,28.94951,12.77029,32.58721,2.01,280.0333,562.6423,29.14166,35.825,35.25,35.2,257.7057,0.9815285,33
2022-07-15 14:45:00,2.235751,526.3543,239.2417,29.0032,12.76893,32.58721,2.036667,279.6333,568.8162,29.06667,35.825,35.2,35.11666,260.2678,0.9822674,33
2022-07-15 14:46:00,2.274387,536.1787,239.1946,29.00834,12.76985,32.5552,2.063333,281.2,579.0776,29.15,35.84167,35.25,35.25,265.1617,0.9834611,33
2022-07-15 14:47:00,2.318852,547.613,239.3341,29.05287,12.77031,32.5488,2.105333,280.8417,590.1934,29.075,35.85,35.275,35.23333,270.6121,0.984297,33
2022-07-15 14:48:00,2.354605,556.4758,239.6083,29.04202,12.77031,32.54277,2.148667,279.975,600.7993,29.0,35.9,35.30833,35.29167,274.6136,0.984755,33
2022-07-15 14:49:00,2.370957,560.0741,239.654,29.01846,12.77031,32.51265,2.160667,279.8,604.6235,29.04167,35.89167,35.24166,35.35833,276.2736,0.9850938,33
2022-07-15 14:50:00,2.362231,557.3275,239.7594,29.04903,12.77032,32.51265,2.128,283.1333,602.5578,29.125,35.975,35.28333,35.36666,275.4196,0.9846594,33
2022-07-15 14:51:00,2.34553,553.0685,239.7679,29.09662,12.76986,32.51265,2.122,281.5417,597.853,29.18333,36.10833,35.35833,35.475,273.2605,0.9843156,33
2022-07-15 14:52:00,2.320587,546.5695,239.7739,29.18739,12.76987,32.50964,2.102,281.1417,591.8482,29.28333,36.25,35.53333,35.66667,270.5257,0.9836687,33
2022-07-15 14:53:00,2.288416,539.2667,239.7469,29.18209,12.77033,32.49157,2.083333,280.1,584.0361,29.275,36.40833,35.675,35.85833,267.1192,0.9834202,33
2022-07-15 14:54:00,2.269788,532.2219,238.6844,29.24597,12.76987,32.49157,2.051333,280.675,575.9835,29.35833,36.46667,35.7,35.975,264.0773,0.9831729,33
2022-07-15 14:55:00,2.246608,526.387,238.6165,29.22702,12.77033,32.47952,2.039333,279.0833,569.8929,29.375,36.63334,35.81667,36.00834,261.2466,0.9827692,33
2022-07-15 14:56:00,2.204047,515.2993,238.6998,29.1468,12.76987,32.47952,1.980667,281.5333,558.7952,29.325,36.6,35.91667,36.09167,256.1703,0.9815857,33
2022-07-15 14:57:00,2.147183,501.8263,239.0298,29.16853,12.76988,32.47952,1.936667,280.275,544.0192,29.28333,36.51667,35.80833,36.01667,249.7124,0.979993,33
2022-07-15 14:58:00,2.083317,486.1074,238.9281,29.26882,12.76988,32.47651,1.874,281.2167,528.23,29.50833,36.50834,35.8,36.025,242.2084,0.9789349,33
2022-07-15 14:59:00,2.013245,468.2905,238.7949,29.26232,12.77079,32.47952,1.802,282.2167,510.0678,29.5,36.425,35.74166,35.94167,233.9176,0.9773912,33
2022-07-15 15:00:00,1.94324,451.0508,238.6845,29.27878,12.76988,32.5006,1.746,281.0,492.0875,29.48333,36.275,35.59167,35.80833,225.5884,0.9754485,33
2022-07-15 15:01:00,1.87125,433.5396,238.9625,29.25498,12.76988,32.5006,1.700667,277.1,472.805,29.30833,36.06667,35.425,35.60833,216.7795,0.9724641,33
2022-07-15 15:02:00,1.792811,413.5052,239.0051,29.16654,12.7702,32.50663,1.621333,278.0583,452.6153,29.2,35.79167,35.19167,35.39167,207.7977,0.9693341,33
2022-07-15 15:03:00,1.721634,395.695,239.0961,29.18552,12.77031,32.51265,1.549333,279.2667,434.1413,29.28333,35.64167,35.01667,35.26667,199.0272,0.9656408,33
2022-07-15 15:04:00,1.655248,378.5682,238.644,29.17734,12.77157,32.51265,1.484,279.6917,416.421,29.16667,35.5,34.94167,35.11666,190.746,0.9614539,33
2022-07-15 15:05:00,1.600927,362.1523,236.9613,29.04951,12.77197,32.51265,1.422667,279.3417,398.8039,28.98333,35.25834,34.65833,34.81667,182.9445,0.9583988,33
2022-07-15 15:06:00,1.545781,348.586,236.9733,28.86653,12.77233,32.51265,1.377333,278.55,384.5465,28.78333,35.03333,34.50834,34.60833,176.285,0.9544927,33
2022-07-15 15:07:00,1.500827,337.3479,236.9243,28.71887,12.77363,32.51265,1.346,276.9,373.6317,28.675,34.85,34.325,34.4,171.0649,0.9511049,33
2022-07-15 15:08:00,1.467265,329.4893,236.9896,28.66237,12.77586,32.51265,1.314,276.5333,363.9084,28.60833,34.525,34.075,34.14167,167.2937,0.9484467,33
2022-07-15 15:09:00,1.450744,325.8456,236.9994,28.46427,12.77532,32.51265,1.300667,276.85,360.1429,28.48333,34.375,33.90833,33.95,165.3074,0.9468155,33
2022-07-15 15:10:00,1.445658,324.6664,236.9411,28.5126,12.77575,32.51265,1.296,276.6417,358.429,28.70833,34.24166,33.8,33.79166,164.5206,0.9469666,33
2022-07-15 15:11:00,1.440104,323.3875,237.0317,28.52823,12.77477,32.51265,1.275333,280.3583,357.6986,28.64166,34.15833,33.7,33.725,163.561,0.9471164,33
2022-07-15 15:12:00,1.430875,320.4716,237.0922,28.56294,12.77443,32.51265,1.285333,275.8833,354.776,28.7,34.11666,33.70833,33.70833,162.3423,0.9451646,33
2022-07-15 15:13:00,1.418861,317.6874,237.0564,28.54931,12.77513,32.51265,1.271333,277.225,352.5763,28.75,34.125,33.74166,33.73333,160.7494,0.9448,33
2022-07-15 15:14:00,1.406777,314.8028,237.2141,28.48943,12.77413,32.50663,1.239333,280.875,348.4005,28.61667,34.01667,33.59167,33.54167,158.9358,0.9438576,33
2022-07-15 15:15:00,1.395674,312.451,237.3076,28.38162,12.775,32.49157,1.236667,279.4667,345.7462,28.5,33.81667,33.44167,33.35,157.506,0.9421065,33
2022-07-15 15:16:00,1.389189,310.5021,237.1931,28.39318,12.77581,32.49157,1.223333,281.6083,344.6702,28.55833,33.71667,33.31667,33.24166,156.6808,0.9417892,33
2022-07-15 15:17:00,1.384045,308.7469,237.2487,28.26288,12.77449,32.47651,1.225333,279.35,342.4352,28.46667,33.475,33.075,32.96667,155.6924,0.9409677,33
2022-07-15 15:18:00,1.364182,303.4142,237.2599,28.25877,12.77614,32.47651,1.208,277.75,336.2965,28.43333,33.4,33.00834,32.89167,152.852,0.9376208,33
2022-07-15 15:19:00,1.326887,292.7374,237.2389,28.27291,12.77608,32.45542,1.161333,282.0583,328.0171,28.38333,33.2,32.89167,32.73333,148.0541,0.9330609,33
2022-07-15 15:20:00,1.280106,279.9226,237.2194,28.20865,12.77599,32.44036,1.114,280.95,314.2637,28.35,33.05833,32.75,32.525,142.1143,0.9254263,33
2022-07-15 15:21:00,1.228041,266.4337,237.2191,27.98922,12.77728,32.44036,1.057333,280.35,298.1728,28.04167,32.80833,32.50834,32.23333,135.3684,0.9182457,33
2022-07-15 15:22:00,1.201851,252.3775,237.1439,27.75371,12.77815,32.43734,1.013333,278.3667,283.4128,27.775,32.61666,32.325,32.03333,128.4018,0.8923212999999999,33
2022-07-15 15:23:00,1.204802,240.2849,237.1813,27.65099,12.78033,32.40722,0.9593334,279.4667,269.2655,27.74167,32.475,32.16667,31.81667,121.4641,0.8429763999999998,33
2022-07-15 15:24:00,1.170391,230.0335,237.1193,27.65865,12.78088,32.38915,0.918,278.6417,256.4208,27.80833,32.31667,32.08333,31.69167,116.1096,0.8295364,33
2022-07-15 15:25:00,1.154639,225.8069,237.0885,27.70077,12.7816,32.36806,0.9053333,280.3833,253.1613,27.94167,32.24166,32.0,31.59167,113.8641,0.8244506999999999,33
2022-07-15 15:26:00,1.150451,224.6413,237.1252,27.69286,12.78152,32.33794,0.9073334,278.4417,253.385,27.95,32.15833,31.95,31.55833,113.2788,0.8228969999999999,33
2022-07-15 15:27:00,1.153242,225.7253,236.9065,27.54407,12.78145,32.31083,0.9133334,277.15,252.8023,27.71667,31.925,31.71667,31.33333,113.5571,0.8244772999999999,33
2022-07-15 15:28:00,1.162722,226.8205,236.0132,27.42588,12.78136,32.28974,0.9086667,280.325,254.4876,27.59167,31.83333,31.6,31.16667,114.1808,0.8257006,33
2022-07-15 15:29:00,1.16466,229.5368,237.4575,27.43707,12.78133,32.25962,0.9206667,279.9167,257.2043,27.69167,31.8,31.575,31.10833,115.2939,0.8283937999999998,33
2022-07-15 15:30:00,1.181784,234.5479,237.4312,27.51792,12.78123,32.22347,0.9433333,278.4417,262.1634,27.81667,31.725,31.48333,31.03333,117.4626,0.8335574,33
2022-07-15 15:31:00,1.197346,239.5974,237.6008,27.41927,12.78135,32.19334,0.976,274.2833,267.1048,27.51666,31.59167,31.35833,30.91666,120.3126,0.8403336999999999,33
2022-07-15 15:32:00,1.217538,246.2294,237.686,27.31861,12.78204,32.1572,0.98,281.5333,275.3105,27.38333,31.525,31.29167,30.84167,123.3832,0.8482366,33
2022-07-15 15:33:00,1.242612,253.7873,237.6413,27.32262,12.78312,32.13008,1.007333,281.2917,282.6455,27.33333,31.45833,31.24167,30.76666,126.4827,0.8560617,33
2022-07-15 15:34:00,1.269186,260.9368,237.6324,27.20525,12.78369,32.09092,1.042667,278.325,289.6456,27.24167,31.36667,31.09167,30.66667,129.6109,0.8625819999999998,33
2022-07-15 15:35:00,1.291989,267.0818,237.5681,27.20008,12.78708,32.0608,1.057333,281.3083,296.9875,27.29167,31.375,31.14166,30.675,132.4993,0.8681571,33
2022-07-15 15:36:00,1.308472,272.1205,237.7998,27.28096,12.78668,32.01448,1.080667,279.3583,301.4972,27.45833,31.35833,31.19167,30.725,134.476,0.8726534999999999,33
2022-07-15 15:37:00,1.31984,274.8369,237.6682,27.31515,12.78775,31.97871,1.090667,279.35,304.4488,27.49167,31.24167,31.19167,30.7,135.4068,0.8752723,33
2022-07-15 15:38:00,1.322282,274.4008,237.0773,27.2599,12.7878,31.93955,1.086,280.225,304.3996,27.39166,31.20833,31.15,30.6,135.0901,0.8748879,33
2022-07-15 15:39:00,1.316675,272.514,236.9305,27.19784,12.7879,31.90039,1.078,280.2917,302.7791,27.325,31.26667,31.10833,30.54167,134.1497,0.8732060999999999,33
2022-07-15 15:40:00,1.303995,269.2376,237.3346,27.26343,12.78798,31.86123,1.058667,282.2333,299.4355,27.39166,31.26666,31.05833,30.50833,132.8255,0.8699881,33
2022-07-15 15:41:00,1.292639,266.1232,237.3382,27.30458,12.78801,31.8168,1.05,281.0667,295.1799,27.40833,31.23333,31.08333,30.525,131.5397,0.8672026999999999,33
2022-07-15 15:42:00,1.278154,261.6303,237.3649,27.36995,12.78901,31.78216,1.028667,283.2166,291.8278,27.45833,31.25833,31.06667,30.50833,129.7549,0.8626610999999998,33
2022-07-15 15:43:00,1.25703,255.1022,237.402,27.39738,12.78956,31.73697,1.011333,279.9417,283.8077,27.425,31.23333,31.01666,30.48333,126.665,0.8553969,33
2022-07-15 15:44:00,1.229486,246.9575,237.4504,27.3766,12.79135,31.70083,0.9846666,279.5167,275.226,27.35,31.18333,31.0,30.46667,122.9514,0.8467757999999999,33
2022-07-15 15:45:00,1.203715,238.6711,236.8455,27.28811,12.79289,31.66317,0.952,280.8,267.5764,27.25,31.15833,30.95,30.425,119.5929,0.8388868,33
2022-07-15 15:46:00,1.182832,233.1732,236.9873,27.23843,12.79313,31.62476,0.9493334,274.5916,261.6624,27.20833,31.075,30.85,30.30833,116.9444,0.8325807,33
2022-07-15 15:47:00,1.169533,229.1061,237.002,27.09961,12.79443,31.58259,0.9193334,280.25,257.4943,27.03333,30.94167,30.73333,30.225,115.0828,0.8278394,33
2022-07-15 15:48:00,1.158994,226.3208,237.0235,27.04976,12.79439,31.55417,0.9073333,278.9833,253.8124,27.00833,30.875,30.68333,30.08333,113.7682,0.8234116999999999,33
2022-07-15 15:49:00,1.149274,223.1094,237.3155,27.08227,12.79473,31.50654,0.904,278.425,251.3457,27.01666,30.79167,30.625,30.08333,112.5207,0.8192469,33
2022-07-15 15:50:00,1.13776,219.9664,237.5338,27.08603,12.7948,31.46493,0.8873332999999999,278.5916,248.2239,26.975,30.66667,30.44167,29.95,111.1006,0.8143767,33
2022-07-15 15:51:00,1.124812,216.2453,237.4675,27.04618,12.79501,31.42746,0.874,277.6,242.7828,26.88333,30.525,30.36667,29.8,109.0854,0.8087921,33
2022-07-15 15:52:00,1.109186,210.5449,237.3708,26.97688,12.79512,31.38924,0.8459999999999999,280.2,236.9229,26.75833,30.39166,30.2,29.68333,106.6193,0.7998403,33
2022-07-15 15:53:00,1.090993,204.8523,237.4395,26.81877,12.79523,31.35441,0.8333333,277.6417,232.5028,26.53333,30.28333,30.09167,29.58333,103.7501,0.7920726,33
2022-07-15 15:54:00,1.074087,199.029,237.3865,26.71412,12.79582,31.33332,0.8126666999999999,277.5417,225.3785,26.45,30.14166,29.95,29.49167,100.9673,0.7810649,33
2022-07-15 15:55:00,1.056176,193.2564,237.3771,26.6642,12.79541,31.30621,0.7853333,278.5167,219.9503,26.325,29.91667,29.775,29.275,98.0886,0.7713653999999999,33
2022-07-15 15:56:00,1.039906,187.1765,237.4033,26.49234,12.80012,31.26328,0.77,276.75,213.5485,26.16667,29.81667,29.7,29.15833,95.20026,0.7592507,33
2022-07-15 15:57:00,1.022299,180.9733,237.8241,26.3186,12.79924,31.21584,0.7413332999999999,278.65,206.8018,26.00833,29.71667,29.61667,29.025,92.26392,0.7457749,33
2022-07-15 15:58:00,1.002598,173.7677,238.4822,26.32601,12.79932,31.1812,0.7179999999999999,276.1417,199.1238,26.14166,29.65833,29.58333,28.975,88.94378,0.7280014,33
2022-07-15 15:59:00,0.9817554,165.7905,238.4523,26.17373,12.8012,31.14015,0.6833333,277.3,190.2009,25.84167,29.51666,29.40833,28.81667,85.26856999999998,0.7091281,33
2022-07-15 16:00:00,0.9593717,156.2211,238.5184,26.13799,12.80124,31.09328,0.648,278.3333,180.9679,25.95,29.51666,29.38333,28.75833,81.0656,0.6845179,33
2022-07-15 16:01:00,0.9342639,146.167,238.802,26.23946,12.80084,31.05016,0.6086667,278.4417,170.4114,26.13333,29.43333,29.35,28.70833,76.37323999999998,0.6561628999999999,33
2022-07-15 16:02:00,0.9100332,135.3199,238.5626,26.29351,12.80268,31.01157,0.562,280.6417,158.6177,26.175,29.4,29.30833,28.65,71.47936,0.6256226,33
2022-07-15 16:03:00,0.8893155999999999,126.5036,238.5747,26.22636,12.80228,30.96337,0.54,274.6667,149.2577,26.01666,29.25,29.21667,28.55833,66.91174,0.5970832999999999,33
2022-07-15 16:04:00,0.8674418,117.1143,237.2413,26.19392,12.80367,30.92515,0.5133334,268.6917,138.6049,25.99167,29.14166,29.08333,28.44167,62.48806,0.5705272,33
2022-07-15 16:05:00,0.8487278999999999,108.2299,237.3438,26.15527,12.80598,30.88486,0.4706666999999999,273.575,129.4841,26.03333,29.04167,28.96667,28.3,58.33307,0.5386631,33
2022-07-15 16:06:00,0.8325076,100.5695,237.3734,26.08671,12.80692,30.83459,0.4393332999999999,274.6667,121.3894,25.99167,28.93333,28.825,28.21667,54.67705,0.5091252,33
2022-07-15 16:07:00,0.8209398,94.70883,237.3208,26.06171,12.80693,30.79223,0.4193333,272.8583,114.807,25.925,28.73333,28.725,28.08333,51.86547,0.4860585,33
2022-07-15 16:08:00,0.8156328,91.21316,237.3496,26.14342,12.80696,30.75119,0.4139999999999999,268.2917,111.1723,26.025,28.675,28.61667,28.0,50.13823,0.4710352999999999,33
2022-07-15 16:09:00,0.8133618999999999,91.17616,236.7928,26.16465,12.80696,30.70243,0.4093333,269.7083,110.4039,26.0,28.54167,28.51666,27.9,49.79277,0.4728010999999999,33
2022-07-15 16:10:00,0.8142584,92.46165,236.8369,26.14765,12.80698,30.65442,0.4113333,272.3167,111.8935,25.96667,28.44167,28.40833,27.80833,50.58923,0.4781024999999999,33
2022-07-15 16:11:00,0.8189250999999999,94.63015,236.7383,26.13974,12.80197,30.61338,0.4213333,272.9666,114.6041,25.89166,28.34167,28.3,27.69167,51.67356,0.4871244,33
2022-07-15 16:12:00,0.8226351,97.12577,236.9087,26.21571,12.807,30.56462,0.4333332999999999,270.7833,117.1177,26.00833,28.34167,28.3,27.66667,52.93061,0.4971938,33
2022-07-15 16:13:00,0.8217337999999998,98.83926,236.4787,26.23454,12.80701,30.48158,0.4313332999999999,275.45,118.6866,26.05833,28.29167,28.275,27.65833,53.8902,0.5084958,33
2022-07-15 16:14:00,0.8231366,100.1161,236.6368,26.27923,12.80748,30.44657,0.4413332999999999,273.1833,120.4231,26.025,28.2,28.20833,27.6,54.50433,0.5126943999999999,33
2022-07-15 16:15:00,0.8219252,99.43673,236.5162,26.2863,12.80977,30.40138,0.4333332999999999,275.6333,119.6913,25.94167,28.15833,28.14166,27.55833,54.53312,0.5106517999999999,33
2022-07-15 16:16:00,0.8197336,97.61543,236.7662,26.30239,12.81114,30.35902,0.4259999999999999,276.6917,117.9329,25.925,28.11667,28.10833,27.575,53.89979,0.5026199,33
2022-07-15 16:17:00,0.8166096999999999,95.43569,236.8099,26.41228,12.80978,30.31948,0.4259999999999999,270.975,115.7514,26.14166,28.1,28.10833,27.525,52.67152,0.4933372999999999,33
2022-07-15 16:18:00,0.8114035,92.00567,236.6492,26.5707,12.81207,30.27995,0.4139999999999999,267.6583,111.0566,26.30833,28.09167,28.05833,27.525,51.17458,0.4786518,33
2022-07-15 16:19:00,0.8034446,86.85143999999998,236.5441,26.66478,12.81253,30.24512,0.39,272.375,106.6955,26.36667,28.08333,28.075,27.575,49.265,0.4565579,33
2022-07-15 16:20:00,0.8025002,80.92063,236.5169,26.62759,12.81254,30.20144,0.3726667,266.2583,99.81107,26.28333,28.06667,28.04167,27.50833,46.70292,0.4262679999999999,33
2022-07-15 16:21:00,0.7957711,75.00823,236.8018,26.42763,12.81254,30.17602,0.3413334,272.1583,93.39661,26.00833,27.91666,27.925,27.36667,44.05447,0.3980364,33
2022-07-15 16:22:00,0.7907383,69.608,236.8542,26.2635,12.81254,30.14213,0.32,271.6167,87.33813,25.85833,27.825,27.85833,27.3,41.50198,0.3711302,33
2022-07-15 16:23:00,0.7849612,65.03082,236.8916,26.16296,12.81026,30.10824,0.308,267.25,82.77507,25.775,27.70833,27.71667,27.19167,39.04544,0.3491180999999999,33
2022-07-15 16:24:00,0.7794957,60.49992,236.9153,26.12445,12.80752,30.0687,0.2839999999999999,272.6,77.79607,25.75,27.59167,27.60833,27.08333,36.89598,0.3273481999999999,33
2022-07-15 16:25:00,0.7753641,57.86235,236.9819,26.09995,12.80981,30.03764,0.2766666999999999,267.1583,74.12067,25.73333,27.55833,27.575,27.00833,35.2359,0.3137978,33
2022-07-15 16:26:00,0.7717688,53.8434,237.0425,25.99791,12.80752,30.00093,0.2773333,250.5583,69.58393,25.61667,27.65833,27.475,26.96667,33.91167,0.2939658,33
2022-07-15 16:27:00,0.7687346999999999,52.67065,236.962,25.9547,12.80707,29.96422,0.2586667,266.2667,69.07273,25.625,27.41666,27.425,26.95833,32.75058,0.2887161999999999,33
2022-07-15 16:28:00,0.7622904,48.50912,237.0535,25.83825,12.8089,29.92751,0.234,278.3417,65.32101,25.49167,27.35,27.375,26.86667,31.63746,0.2683995,33
2022-07-15 16:29:00,0.7585984,48.21218,237.0433,25.75495,12.8089,29.89926,0.2366667,270.1917,64.06893,25.425,27.28333,27.30833,26.78333,30.40919,0.2679458,33
2022-07-15 16:30:00,0.7552841999999999,45.6502,237.0731,25.87928,12.8089,29.8569,0.2313332999999999,263.075,61.37914,25.68333,27.31667,27.34167,26.83333,29.16174,0.2549525,33
2022-07-15 16:31:00,0.7531729,42.73214,237.7664,26.12639,12.81073,29.82301,0.228,255.375,58.27974,26.03333,27.46667,27.39166,26.9,28.02943,0.2386754,33
2022-07-15 16:32:00,0.7459168999999999,40.80093,237.851,26.27342,12.81073,29.7863,0.2126666999999999,265.9666,56.6458,26.10833,27.3,27.38333,26.9,27.06025,0.2296937,33
2022-07-15 16:33:00,0.7424374,39.39725,237.8635,26.37406,12.81164,29.75448,0.2046667,266.1667,54.56686,26.13333,27.29167,27.39166,26.9,26.32137,0.2228058,33
2022-07-15 16:34:00,0.7362185,38.02485,237.8649,26.44814,12.81301,29.72079,0.2013332999999999,264.4,53.43887,26.175,27.31667,27.38333,26.91666,25.84158,0.2163089,33
2022-07-15 16:35:00,0.7306603,37.61607,237.5268,26.48319,12.81393,29.68972,0.2026667,258.2917,52.376,26.18333,27.33333,27.375,26.925,25.64966,0.2161351,33
2022-07-15 16:36:00,0.7267989999999999,36.34015,237.6158,26.3052,12.81484,29.65018,0.2079999999999999,246.5,51.3292,25.95833,27.16667,27.23333,26.775,25.37138,0.209789,33
2022-07-15 16:37:00,0.7247508999999999,37.17393,237.6225,26.06026,12.81438,29.63323,0.2079999999999999,251.6417,52.01733,25.675,26.68333,26.89166,26.375,24.93957,0.2149238,33
2022-07-15 16:38:00,0.7280037999999999,37.81017,237.9716,25.81719,12.81393,29.59652,0.1993332999999999,269.975,53.685,25.46667,26.23333,26.6,26.11667,24.71886,0.2177410999999999,33
2022-07-15 16:39:00,0.7319887,38.68172,238.2468,25.64145,12.81484,29.56828,0.2026667,266.5916,54.17714,25.29167,26.08333,26.40833,25.89166,24.61331,0.2215345,33
2022-07-15 16:40:00,0.7332480999999998,39.64537,238.2329,25.34995,12.81713,29.5327,0.2093333,264.2833,54.97987,24.975,26.05,26.26666,25.63333,24.90119,0.2266268999999999,33
2022-07-15 16:41:00,0.7339632999999999,40.55414,238.1698,24.94601,12.81713,29.50277,0.2153333,263.6333,56.84494,24.6,25.80833,25.95,25.25,25.14108,0.2317051,33
2022-07-15 16:42:00,0.7363406,42.05726,237.9649,24.7971,12.81804,29.46605,0.2153333,266.8667,57.31827,24.41667,25.51666,25.60833,24.89166,25.0931,0.2394593,33
2022-07-15 16:43:00,0.7382073,43.47548,237.1311,24.70979,12.81667,29.42651,0.2166666999999999,271.6583,58.71367,24.34167,25.31667,25.46667,24.8,25.63047,0.2471125999999999,33
2022-07-15 16:44:00,0.7434714,44.98029,237.2975,24.71102,12.81804,29.38358,0.2226667,272.8,60.57247,24.35833,25.20833,25.46667,24.64166,26.59005,0.2547743,33
2022-07-15 16:45:00,0.7504195999999999,45.91095,237.3499,24.58712,12.81804,29.33841,0.2379999999999999,261.3917,62.09573,24.21667,25.1,25.34167,24.40833,27.55923,0.2580221999999999,33
2022-07-15 16:46:00,0.7561575,46.36037,237.3779,24.40433,12.81804,29.29887,0.2486666999999999,245.4583,61.25047,24.00833,24.89166,24.925,24.08333,28.50922,0.2573201,33
2022-07-15 16:47:00,0.7589259,47.27542,237.5036,24.23405,12.8185,29.24728,0.256,246.325,62.33174,23.85,24.59167,24.49167,23.85,29.85264,0.2631650999999999,33
2022-07-15 16:48:00,0.769341,52.7154,237.5738,24.13954,12.82124,29.19663,0.264,263.0167,68.9208,23.8,24.14166,24.075,23.58333,30.99454,0.2876621999999999,33
2022-07-15 16:49:00,0.7783811,58.14742,237.6317,24.12569,12.82352,29.14487,0.2713333,276.875,74.81852999999998,23.85833,23.8,23.85833,23.35833,32.49149,0.3120544,33
2022-07-15 16:50:00,0.7848644,62.4595,237.8096,24.08863,12.82352,29.10005,0.2833333,280.3333,79.09927,23.85833,23.60833,23.70833,23.18333,35.0056,0.3349278,33
2022-07-15 16:51:00,0.7909783999999999,68.36901,237.9605,24.10647,12.82352,29.04564,0.3073332999999999,280.35,85.64825999999998,23.9,23.63333,23.78333,23.19167,38.33535,0.3611602999999999,33
2022-07-15 16:52:00,0.8013025,75.60371,237.9192,24.10913,12.82352,28.99387,0.3346665999999999,281.6667,93.25134,23.88333,23.75,23.975,23.39166,42.68226,0.3946240999999999,33
2022-07-15 16:53:00,0.8110028,85.40206,238.0883,24.092,12.82352,28.9436,0.3753332999999999,281.9833,104.7196,23.90833,23.96667,24.18333,23.59167,48.32462,0.4419041,33
2022-07-15 16:54:00,0.8265607999999999,99.28599,238.1969,24.10324,12.82398,28.89691,0.4299999999999999,281.0083,119.5605,23.91666,24.24167,24.40833,23.85,56.01088,0.5023809999999999,33
2022-07-15 16:55:00,0.8523581,113.2485,238.0327,24.13292,12.82489,28.84739,0.4786667,281.0917,133.6703,23.99167,24.525,24.7,24.13333,62.71836,0.5548931,33
2022-07-15 16:56:00,0.8828420999999999,125.5215,238.0456,24.21906,12.82535,28.80409,0.526,282.4667,147.1487,24.08333,24.8,24.925,24.40833,68.99404,0.5940954,33
2022-07-15 16:57:00,0.9202318,143.9398,237.9044,24.35906,12.82763,28.76041,0.5859999999999999,287.8333,166.9851,24.34167,25.08333,25.20833,24.71667,78.33078999999998,0.6527022,33
2022-07-15 16:58:00,0.970544,165.3398,237.0779,24.50964,12.82672,28.71636,0.6713333,284.7333,188.3203,24.425,25.38333,25.46667,25.01666,88.18569999999998,0.7090587999999999,33
2022-07-15 16:59:00,1.117295,209.7966,237.106,24.68742,12.82718,28.68435,0.8293333,285.95,236.0125,24.75,25.75,25.825,25.425,110.8702,0.7966659,33
2022-07-15 17:00:00,1.100264,208.3673,237.0426,24.88138,12.82855,28.65347,0.8306666999999999,285.4333,234.7953,25.05,26.1,26.15833,25.79167,108.4041,0.7938458999999999,33
2022-07-15 17:01:00,1.244967,253.8307,237.4279,25.09158,12.82901,28.62448,0.9993333,285.1,280.8378,25.29167,26.525,26.53333,26.225,132.3937,0.851393,33
2022-07-15 17:02:00,1.296575,266.7214,238.1498,25.28313,12.82855,28.59342,1.028667,288.1417,296.7907,25.48333,26.9,26.88333,26.63333,137.7002,0.863704,33
2022-07-15 17:03:00,1.317051,274.5671,238.6047,25.44411,12.82855,28.59059,1.058,289.0333,304.2157,25.49167,27.21667,27.19167,26.975,141.3178,0.8700206,33
2022-07-15 17:04:00,1.306356,285.0896,238.7471,25.43486,12.82626,28.58005,1.097333,288.7667,317.0573,25.31667,27.50833,27.41667,27.26666,146.9026,0.9121886,33
2022-07-15 17:05:00,1.312168,292.607,238.8005,25.48902,12.82672,28.55896,1.124,288.7167,324.3304,25.43333,27.80833,27.65,27.56667,150.952,0.9298244,33
2022-07-15 17:06:00,1.272168,279.6422,238.7177,25.60687,12.82444,28.55896,1.092,285.125,311.2659,25.45833,28.01666,27.84167,27.79167,142.4501,0.9231258,33
2022-07-15 17:07:00,1.284388,285.2598,238.7034,25.67605,12.82304,28.55896,1.106,287.7,316.7632,25.45833,28.19167,28.075,28.0,145.5784,0.9264351,33
2022-07-15 17:08:00,1.532848,348.1385,238.8458,25.75345,12.82393,28.55896,1.350667,285.8833,378.5571,25.55833,28.475,28.35833,28.30833,182.5703,0.9521286,33
2022-07-15 17:09:00,1.500041,338.1004,238.8931,25.94039,12.82387,28.55896,1.278,288.7917,375.4175,25.775,28.76666,28.66667,28.6,174.7113,0.9478965,33
2022-07-15 17:10:00,1.391336,312.5122,238.8715,25.97394,12.82384,28.55896,1.217333,284.05,345.3984,25.66667,28.86667,28.75833,28.71667,157.9186,0.9394351,33
2022-07-15 17:11:00,1.421108,320.6147,238.5804,26.00258,12.8238,28.58269,1.242,284.7917,353.4623,25.675,28.99167,28.86667,28.83333,161.5746,0.9430788,33
2022-07-15 17:12:00,1.430743,323.1333,238.9491,26.00094,12.8233,28.59059,1.255333,284.3083,356.4425,25.75,29.125,28.98333,28.98333,162.1504,0.9441078,33
2022-07-15 17:13:00,1.43735,326.1313,239.5928,26.13861,12.82329,28.59342,1.26,285.6167,359.2693,26.03333,29.30833,29.15833,29.13333,162.8317,0.9444153,33
2022-07-15 17:14:00,1.465485,333.3932,239.5159,26.36257,12.82233,28.61884,1.289333,285.275,367.2716,26.44167,29.65833,29.50833,29.49167,166.0847,0.9473837,33
2022-07-15 17:15:00,1.487753,338.9535,239.6129,26.62288,12.82004,28.63766,1.322,282.2167,372.6127,26.70833,29.78333,29.63333,29.64166,168.6564,0.9489432,33
2022-07-15 17:16:00,1.502567,342.7296,239.6457,26.85057,12.81818,28.65611,1.336667,282.1917,376.7662,26.85833,29.93333,29.775,29.825,170.326,0.9506462,33
2022-07-15 17:17:00,1.520504,347.4926,239.5958,26.95135,12.81817,28.68435,1.345333,284.4167,381.968,26.8,30.10833,29.89166,29.975,172.2932,0.9520392,33
2022-07-15 17:18:00,1.540389,353.5529,240.2267,26.99817,12.81816,28.70581,1.378,281.925,388.1061,26.76667,30.25,29.98333,30.05833,174.9128,0.9531929,33
2022-07-15 17:19:00,1.561996,359.2325,240.3131,26.99364,12.81814,28.72445,1.391333,283.8083,394.2762,26.70833,30.33333,30.00833,30.11667,177.5037,0.9548838,33
2022-07-15 17:20:00,1.588595,365.4674,239.866,27.01116,12.81813,28.75552,1.420667,282.1667,400.6201,26.73333,30.5,30.2,30.3,180.488,0.9567394,33
2022-07-15 17:21:00,1.615742,371.6651,239.4839,27.1433,12.81812,28.78715,1.453333,280.325,406.5948,26.9,30.68333,30.33333,30.44167,183.5299,0.9583909,33
2022-07-15 17:22:00,1.640252,377.9071,239.3712,27.21582,12.81811,28.80974,1.466,282.425,413.4568,26.90833,30.83333,30.475,30.625,186.2167,0.9605853,33
2022-07-15 17:23:00,1.654657,381.201,239.3855,27.28177,12.8181,28.84212,1.478667,283.0,417.6795,26.99167,31.0,30.625,30.775,187.5793,0.9614651,33
2022-07-15 17:24:00,1.656727,381.3062,239.3089,27.31928,12.8181,28.86114,1.494,278.325,415.817,27.00833,31.125,30.71667,30.9,187.9152,0.9610544,33
2022-07-15 17:25:00,1.652784,380.2025,239.3425,27.31166,12.81763,28.8971,1.476,281.9667,417.3346,26.925,31.28333,30.81667,31.00833,187.5793,0.9609694,33
2022-07-15 17:26:00,1.645454,378.1642,239.2004,27.30036,12.81808,28.92666,1.472,280.8667,412.6637,26.96667,31.3,30.84167,31.00833,186.5334,0.960817,33
2022-07-15 17:27:00,1.632489,374.4138,238.9777,27.20248,12.81808,28.95772,1.452667,282.3833,411.5386,26.73333,31.29167,30.75833,31.0,185.1804,0.9601263,33
2022-07-15 17:28:00,1.613789,368.7293,238.8464,27.1878,12.81762,28.98596,1.423333,285.2583,405.3866,26.83333,31.38333,30.88333,31.03333,183.3092,0.95792,33
2022-07-15 17:29:00,1.58583,362.0648,238.9446,27.16218,12.81716,29.01759,1.393333,283.675,397.0371,26.90833,31.46667,30.95833,31.10833,180.7279,0.9564828,33
2022-07-15 17:30:00,1.549838,352.6324,239.1461,27.18527,12.8167,29.05148,1.369333,283.4833,388.4771,26.96667,31.50833,30.91666,31.15,176.7264,0.9537309,33
2022-07-15 17:31:00,1.509483,342.4774,239.0948,27.15087,12.81761,29.08047,1.339333,281.3167,377.6495,26.81667,31.30833,30.8,31.0,172.3124,0.9506796,33
2022-07-15 17:32:00,1.466176,331.4847,239.2518,27.18413,12.81807,29.117,1.297333,281.1833,365.7355,26.88333,31.35833,30.80833,30.99167,167.8599,0.9465997,33
2022-07-15 17:33:00,1.42929,322.3053,239.1949,27.22231,12.81669,29.13394,1.264,281.2583,356.1414,26.89166,31.29167,30.73333,30.96667,163.7625,0.9437087,33
2022-07-15 17:34:00,1.40894,317.4744,239.1553,27.21551,12.81669,29.16934,1.236667,283.475,350.5822,26.85,31.25833,30.675,30.88333,161.9489,0.9418275,33
2022-07-15 17:35:00,1.413156,318.2083,238.5327,27.22018,12.81669,29.19099,1.264,277.775,351.0645,26.89166,31.28333,30.70833,30.93333,162.4958,0.9418144,33
2022-07-15 17:36:00,1.419933,320.1109,238.5873,27.23614,12.81623,29.2164,1.252667,282.525,353.8145,26.91666,31.25,30.725,30.89166,163.2731,0.9438133,33
2022-07-15 17:37:00,1.41111,317.2299,238.592,27.26197,12.81623,29.25029,1.244667,281.2333,350.4056,26.93333,31.25,30.69167,30.88333,161.7761,0.9421818,33
2022-07-15 17:38:00,1.379449,307.8056,238.6569,27.22869,12.8176,29.26611,1.209333,281.325,341.2286,26.925,31.225,30.71667,30.875,157.6403,0.9381377,33
2022-07-15 17:39:00,1.330806,294.9654,238.6805,27.25418,12.8176,29.30169,1.154,283.0583,327.7752,26.90833,31.2,30.58333,30.8,151.7581,0.9322846,33
2022-07-15 17:40:00,1.275775,279.9796,238.7207,27.23843,12.81668,29.31864,1.101333,282.1,312.1063,26.95,31.11667,30.59167,30.76666,144.8107,0.9235473,33
2022-07-15 17:41:00,1.215429,263.3966,238.6879,27.24436,12.81714,29.3497,1.042667,281.5,294.6509,26.96667,31.00833,30.48333,30.65833,137.3931,0.9117412,33
2022-07-15 17:42:00,1.225527,248.7688,238.7408,27.31552,12.81759,29.37229,0.9986667,277.425,278.4655,27.10833,31.01666,30.525,30.675,129.8988,0.8485711,33
2022-07-15 17:43:00,1.184084,233.5798,238.5441,27.35477,12.81439,29.38622,0.938,278.3416,262.3582,27.1,30.91666,30.45,30.575,122.5196,0.8296202,33
2022-07-15 17:44:00,1.137094,218.4559,238.5903,27.35001,12.81531,29.40731,0.8873332999999999,276.825,246.8885,27.05,30.80833,30.28333,30.48333,115.2747,0.8079973,33
2022-07-15 17:45:00,1.091431,204.4639,238.629,27.35029,12.81576,29.42934,0.8173333,282.1167,231.5167,27.0,30.68333,30.175,30.36667,108.7975,0.7873885,33
2022-07-15 17:46:00,1.063347,195.2297,238.4917,27.33806,12.81622,29.44911,0.7953333,278.0417,221.7736,26.975,30.55,30.06667,30.25833,104.3931,0.7710508999999999,33
2022-07-15 17:47:00,1.044008,189.5978,238.2157,27.31081,12.81713,29.46888,0.7733333,277.7667,215.2219,26.96667,30.45833,30.00833,30.18333,101.6295,0.7620816,33
2022-07-15 17:48:00,1.031456,185.3679,238.2036,27.31885,12.81531,29.483,0.7646665999999999,275.3167,210.8849,27.0,30.31667,29.85833,30.05833,99.46081,0.7542305999999999,33
2022-07-15 17:49:00,1.015045,179.5329,238.0536,27.28524,12.81622,29.49712,0.7393332999999999,276.55,204.9665,27.01666,30.25,29.825,29.99167,97.08103,0.7430531999999999,33
2022-07-15 17:50:00,0.9969578,172.2394,238.0521,27.30032,12.81531,29.51689,0.7019999999999998,280.9666,197.9689,27.04167,30.125,29.74167,29.88333,94.14471,0.7285167999999999,33
2022-07-15 17:51:00,0.9741372,164.4902,238.3476,27.28325,12.81713,29.51689,0.6693333,282.45,189.4797,27.01666,29.94167,29.56667,29.73333,90.81496,0.7093409,33
2022-07-15 17:52:00,0.957527,158.3171,238.5967,27.29198,12.81576,29.54325,0.6633333999999999,274.0,182.4935,26.98333,29.86667,29.49167,29.64166,87.19732999999998,0.6929258999999999,33
2022-07-15 17:53:00,0.9390504,150.5431,238.6113,27.21876,12.81531,29.54852,0.626,278.7,174.9671,26.85833,29.75833,29.40833,29.48333,83.67566999999998,0.6725126,33
2022-07-15 17:54:00,0.9245928,144.5914,238.5202,27.19843,12.81713,29.57111,0.6186667,270.5916,167.9619,26.825,29.63333,29.28333,29.38333,80.34591,0.6565425,33
2022-07-15 17:55:00,0.9116268,137.9759,238.5133,27.13056,12.81668,29.5824,0.5866666,273.95,161.4484,26.80833,29.48333,29.15,29.24167,77.1409,0.6369652,33
2022-07-15 17:56:00,0.8936256999999999,129.9026,238.5376,27.07456,12.81622,29.5824,0.5513333999999999,276.1583,152.9745,26.78333,29.34167,29.06667,29.08333,73.08186,0.6109164999999999,33
2022-07-15 17:57:00,0.8755829,120.9069,238.5778,27.02401,12.81668,29.5824,0.5233333,270.8167,142.6146,26.75833,29.25833,28.975,28.975,68.09203,0.5786234999999998,33
2022-07-15 17:58:00,0.8522279,109.9346,238.5015,27.02077,12.81805,29.60499,0.4706666999999999,275.6667,130.7507,26.76667,29.14166,28.86667,28.88333,62.72796,0.5423613999999999,33
2022-07-15 17:59:00,0.8306248,99.27097,238.4492,27.02802,12.81759,29.61629,0.4386667,270.7167,119.6451,26.75833,29.0,28.75833,28.75,57.5654,0.5043612,33
2022-07-15 18:00:00,0.8131494,90.1756,238.4129,27.01573,12.81713,29.61629,0.3953333,276.6167,109.9928,26.69167,28.85,28.625,28.61667,52.88263,0.4649867999999999,33
2022-07-15 18:01:00,0.8097902999999999,82.85886,238.5435,27.01094,12.81805,29.61629,0.3773332999999999,268.325,101.5334,26.675,28.69167,28.50833,28.46667,48.814,0.4292428999999999,33
2022-07-15 18:02:00,0.8024928,75.70104,237.7049,27.06969,12.81759,29.61629,0.3453333,273.7083,95.13094,26.85833,28.6,28.43333,28.40833,45.21556,0.3974632,33
2022-07-15 18:03:00,0.7947410999999999,70.90977,237.3519,27.06149,12.81622,29.61629,0.3326666999999999,266.45,88.9576,26.73333,28.475,28.28333,28.25833,42.15449,0.3759584,33
2022-07-15 18:04:00,0.7866855,65.15641,237.1818,26.92827,12.81805,29.61629,0.3153332999999999,258.8167,82.38534,26.58333,28.475,28.2,28.125,39.66917,0.3483795,33
2022-07-15 18:05:00,0.7825651,62.38099,237.1165,26.80527,12.81805,29.61629,0.3019999999999999,262.6583,79.27733999999998,26.475,28.25833,28.08333,28.0,37.91314,0.3343641,33
2022-07-15 18:06:00,0.7814132999999999,60.79898,236.8757,26.77452,12.81805,29.61629,0.2926667,267.0583,78.17487,26.41666,28.11667,28.0,27.89166,36.81921,0.3260021,33
2022-07-15 18:07:00,0.7793847,59.72512,236.824,26.77373,12.81805,29.61347,0.2833333,271.3333,77.02267,26.4,27.94167,27.85833,27.75833,36.24346,0.3203231,33
2022-07-15 18:08:00,0.7788958999999999,59.18041,236.9337,26.68574,12.81805,29.5824,0.2859999999999999,267.825,76.59313,26.29167,27.85,27.78333,27.65,36.03235,0.3202111999999999,33
2022-07-15 18:09:00,0.7786214999999999,59.74916,236.9695,26.67138,12.81805,29.5824,0.2833333,271.65,76.95887,26.30833,27.825,27.75,27.61667,36.24346,0.3218626,33
2022-07-15 18:10:00,0.7782527,59.78621,236.984,26.68505,12.81805,29.5824,0.2846666999999999,269.45,76.62347,26.39166,27.8,27.73333,27.55833,36.21467,0.3228279,33
2022-07-15 18:11:00,0.7792272999999998,59.70938,237.0892,26.65949,12.81531,29.55699,0.2866667,265.7583,76.12587,26.38333,27.725,27.69167,27.46667,36.25306,0.322444,33
2022-07-15 18:12:00,0.7797593999999999,59.12127,237.0642,26.58465,12.81805,29.54852,0.2826666999999999,270.6083,76.70206,26.3,27.65833,27.63333,27.425,36.25306,0.3203689,33
2022-07-15 18:13:00,0.7735239,58.37418,234.9805,26.54403,12.81896,29.53534,0.2766666999999999,271.4167,75.13379999999998,26.28333,27.59167,27.6,27.35,36.13791,0.3206090999999999,33
2022-07-15 18:14:00,0.7749549,57.9665,236.2946,26.52,12.81805,29.51689,0.2713333,274.3667,74.69979999999998,26.29167,27.54167,27.53333,27.3,36.29144,0.316464,33
2022-07-15 18:15:00,0.7791669,59.52654,237.1611,26.53767,12.82033,29.51406,0.2793333,273.1,75.8854,26.3,27.50833,27.50833,27.275,36.71366,0.3191218,33
2022-07-15 18:16:00,0.7794518999999999,59.72584,236.7307,26.51336,12.82307,29.48582,0.2786666999999999,277.1417,77.03167,26.30833,27.50833,27.5,27.225,37.21264,0.3223313999999999,33
2022-07-15 18:17:00,0.7809704,61.60622,236.7591,26.49105,12.82307,29.47453,0.2919999999999999,266.525,77.80847,26.3,27.48333,27.49167,27.2,37.58688,0.3326192,33
2022-07-15 18:18:00,0.7818709999999999,61.6154,236.7512,26.51882,12.82353,29.44911,0.2926667,269.1083,78.9728,26.40833,27.40833,27.44167,27.19167,37.96112,0.3326127999999999,33
2022-07-15 18:19:00,0.7832854,62.26895,236.7156,26.57731,12.82353,29.44064,0.2879999999999999,275.6583,78.97974,26.43333,27.36667,27.4,27.10833,38.51767,0.3366055,33
2022-07-15 18:20:00,0.7848142999999999,63.71217,236.7376,26.56131,12.82353,29.41522,0.3073332999999999,261.5833,80.42094,26.375,27.325,27.36667,27.08333,39.21817,0.3417115,33
2022-07-15 18:21:00,0.7871304,64.29401,236.7776,26.53394,12.82353,29.39413,0.3053332999999999,271.3333,82.44607,26.29167,27.30833,27.31667,27.05,39.80352,0.3443125,33
2022-07-15 18:22:00,0.7869395999999999,64.17999,236.7726,26.48504,12.82353,29.38358,0.2906667,281.4583,82.06360999999998,26.21667,27.29167,27.31667,27.01666,40.37926,0.3443668999999999,33
2022-07-15 18:23:00,0.7876878,65.67335,237.1177,26.48725,12.82353,29.36947,0.3006667,279.7,83.592,26.28333,27.23333,27.3,27.0,40.72472,0.3507421,33
2022-07-15 18:24:00,0.7856615999999998,65.04656,236.8662,26.45711,12.82353,29.3497,0.2959999999999999,282.1333,83.71846999999998,26.2,27.19167,27.25833,26.96667,40.83987,0.3500554,33
2022-07-15 18:25:00,0.7887895,66.94373,236.9015,26.42449,12.82353,29.31864,0.3146667,270.0333,84.84927,26.18333,27.125,27.20833,26.9,40.7535,0.3577350999999999,33
2022-07-15 18:26:00,0.7899612999999999,66.3954,236.9328,26.43054,12.82353,29.31581,0.3253332999999999,255.6,83.40307,26.175,27.20833,27.15,26.80833,40.7535,0.3533623,33
2022-07-15 18:27:00,0.7905674999999999,66.75146,236.9958,26.41912,12.82353,29.28475,0.3193332999999999,265.4,84.71093999999998,26.125,27.00833,27.09167,26.775,40.72472,0.3550984999999999,33
2022-07-15 18:28:00,0.7912213999999999,66.09443,236.9827,26.41824,12.82353,29.26347,0.318,259.8416,82.79246999999998,26.15,27.00833,27.00833,26.69167,40.25452,0.3529877,33
2022-07-15 18:29:00,0.7888522,64.44595,236.9015,26.3742,12.82444,29.25029,0.3059999999999999,269.825,82.39186999999998,26.0,26.875,26.96667,26.61667,39.66917,0.3456948,33
2022-07-15 18:30:00,0.7874868,64.32803,236.9711,26.28627,12.82399,29.22205,0.2993333,272.9333,81.56094,25.90833,26.80833,26.90833,26.58333,39.18938,0.3436679999999999,33
2022-07-15 18:31:00,0.7874215,63.56185,237.0933,26.26122,12.82353,29.21075,0.2946667,274.5833,81.20933999999998,25.925,26.78333,26.86667,26.51666,38.88231,0.3397197,33
2022-07-15 18:32:00,0.787386,63.42475,237.2096,26.21638,12.82582,29.18251,0.2933333,272.95,80.10634,25.925,26.70833,26.8,26.46667,38.48888,0.3381304,33
2022-07-15 18:33:00,0.7856572,62.84047,237.2465,26.23888,12.8249,29.16406,0.2899999999999999,274.5583,79.48806999999998,25.9,26.675,26.76667,26.41666,38.27777,0.3349697999999999,33
2022-07-15 18:34:00,0.7863149,62.97527,237.2114,26.26852,12.82627,29.14524,0.2933333,270.675,79.39094,25.93333,26.60833,26.73333,26.39166,38.06667,0.337401,33
2022-07-15 18:35:00,0.7845767,62.66678,237.013,26.28595,12.8281,29.117,0.3059999999999999,259.825,79.68127,26.08333,26.59167,26.64166,26.3,37.86516,0.3375233,33
2022-07-15 18:36:00,0.7850738,62.42653,236.9541,26.34505,12.82764,29.1057,0.2899999999999999,274.0833,79.32873999999998,26.175,26.49167,26.575,26.225,37.66364,0.3373761,33
2022-07-15 18:37:00,0.7855541,63.6268,236.9578,26.36064,12.82719,29.08311,0.2979999999999999,268.85,80.19347,26.08333,26.425,26.50833,26.2,37.69243,0.341947,33
2022-07-15 18:38:00,0.7870976,63.409,237.5184,26.30206,12.82719,29.05412,0.2959999999999999,274.45,81.07519999999998,25.99167,26.38333,26.5,26.16667,37.65405,0.3409349999999999,33
2022-07-15 18:39:00,0.7871190999999998,64.28982,237.6575,26.26353,12.8281,29.04301,0.2999999999999999,269.825,80.9248,26.01666,26.33333,26.45833,26.11667,37.66364,0.3407591999999999,33
2022-07-15 18:40:00,0.7864832,64.1235,237.2299,26.18664,12.82764,29.01759,0.2973333,272.6083,81.018,25.975,26.3,26.4,26.08333,37.7596,0.3415804,33
2022-07-15 18:41:00,0.7859125,64.40055,237.0582,26.16825,12.82856,28.99387,0.3019999999999999,270.6583,81.55347,26.0,26.28333,26.39166,26.05833,37.80758,0.3469809999999999,33
2022-07-15 18:42:00,0.7859667999999999,63.47136,237.1251,26.13761,12.82856,28.98314,0.2906667,277.0917,80.83794,26.0,26.21667,26.35,25.99167,37.84597,0.3398727,33
2022-07-15 18:43:00,0.7866216,64.91145,237.1074,26.04271,12.8281,28.95207,0.3019999999999999,271.4666,81.64020999999998,25.96667,26.2,26.3,25.95,37.84597,0.3454426999999999,33
2022-07-15 18:44:00,0.789316,64.01124,237.5801,25.98459,12.82901,28.93513,0.2979999999999999,273.5833,81.66666999999998,25.95833,26.175,26.29167,25.91666,37.63486,0.3420899,33
2022-07-15 18:45:00,0.7887952,63.85138,237.6403,26.00109,12.82856,28.91818,0.2959999999999999,273.925,81.03740999999998,26.05,26.175,26.275,25.925,37.19345,0.3401236999999999,33
2022-07-15 18:46:00,0.7886676999999999,62.77871,237.8411,26.04174,12.82901,28.88919,0.2906667,272.125,79.19234,26.25833,26.16667,26.25833,25.9,36.71366,0.3338327999999999,33
2022-07-15 18:47:00,0.7854381999999999,61.09692,237.7909,26.07875,12.82856,28.86679,0.2839999999999999,274.3083,78.2848,26.24167,26.10833,26.2,25.85,36.00357,0.3264422,33
2022-07-15 18:48:00,0.7823135,59.06139,237.4057,26.09535,12.82856,28.85266,0.2766666999999999,275.4333,75.99787,25.99167,26.025,26.09167,25.76667,35.06318,0.3202675999999999,33
2022-07-15 18:49:00,0.7796395,58.01255,237.2489,26.04813,12.82901,28.83158,0.2839999999999999,261.9666,74.53967,25.8,26.03333,26.075,25.69167,34.02682,0.3152804,33
2022-07-15 18:50:00,0.7729091999999999,53.58877,237.3201,25.97581,12.82901,28.81821,0.2853333,239.325,68.992,25.71667,26.13333,26.01666,25.63333,33.00007,0.2910097999999999,33
2022-07-15 18:51:00,0.7650774,47.0393,237.3021,25.97127,12.82901,28.78715,0.278,217.2167,61.1166,25.75,26.11667,26.01666,25.6,31.94453,0.2600845,33
2022-07-15 18:52:00,0.7580731,41.19358,237.7749,26.01689,12.82901,28.77397,0.2706666999999999,201.0333,54.62827,25.69167,26.05,25.95,25.54167,30.90818,0.2286729999999999,33
2022-07-15 18:53:00,0.7614718999999999,43.26648,238.0252,26.0262,12.82764,28.74987,0.2606666999999999,223.4083,57.80273,25.73333,26.075,25.94167,25.525,29.80466,0.2386581,33
2022-07-15 18:54:00,0.7645361,45.14134,238.1316,25.99574,12.82901,28.72163,0.25,238.5583,59.59674,25.69167,26.04167,25.95,25.49167,28.72992,0.2459599,33
2022-07-15 18:55:00,0.7607371,43.26872,237.6942,26.02493,12.82901,28.70845,0.2426667,236.1333,57.55634,25.78333,26.03333,25.9,25.48333,27.60721,0.2383473999999999,33
2022-07-15 18:56:00,0.7552739,40.82454,237.5194,26.04266,12.82901,28.69,0.2326667,236.775,55.19967,25.78333,25.98333,25.86667,25.40833,26.50369,0.2278376,33
2022-07-15 18:57:00,0.7510816999999999,40.70987,237.6124,26.06707,12.82901,28.66458,0.222,247.4083,55.078,25.89166,25.9,25.81667,25.35,25.24664,0.2256465,33
2022-07-15 18:58:00,0.7434191,38.39322,237.4612,26.08492,12.82901,28.64557,0.2033332999999999,264.0833,53.73294,25.86667,25.71667,25.75,25.30833,23.97039,0.2170783,33
2022-07-15 18:59:00,0.7425964,35.76344,238.0015,26.0733,12.82901,28.62448,0.1886666999999999,268.85,50.91613,25.84167,25.625,25.70833,25.25833,22.69415,0.2030184999999999,33
2022-07-15 19:00:00,0.7368850999999998,33.81819,238.0246,26.03191,12.82901,28.59624,0.1853333,260.125,48.39326,25.79167,25.66667,25.675,25.175,21.33154,0.1923130999999999,33
2022-07-15 19:01:00,0.7319928,31.20542,238.1824,26.01682,12.8281,28.58532,0.1719999999999999,264.9083,45.75647,25.85833,25.53333,25.6,25.13333,20.05529,0.1789573999999999,33
2022-07-15 19:02:00,0.728291,28.67065,237.6797,26.03797,12.82901,28.56687,0.162,264.7917,43.0856,26.0,25.48333,25.58333,25.09167,18.78864,0.1659912,33
2022-07-15 19:03:00,0.7275340999999999,26.26275,237.6342,26.04526,12.82901,28.55369,0.152,264.95,40.61,25.96667,25.49167,25.51666,25.075,17.62754,0.1521647999999999,33
2022-07-15 19:04:00,0.726588,23.86681,237.6216,25.98042,12.82901,28.52733,0.1419999999999999,265.1667,37.85047,25.83333,25.44167,25.5,25.01666,16.50483,0.1386768999999999,33
2022-07-15 19:05:00,0.7289701,21.76056,237.4752,25.88944,12.82901,28.51039,0.134,264.8833,35.52214,25.61667,25.44167,25.5,25.0,15.44929,0.1256896,33
2022-07-15 19:06:00,0.7199974999999998,19.89166,237.9254,25.70273,12.82901,28.48817,0.1286666999999999,253.3417,32.9766,25.23333,25.575,25.50833,24.96667,14.4993,0.1162876,33
2022-07-15 19:07:00,0.7271851999999999,15.79266,237.957,25.59128,12.82901,28.46182,0.1293333,203.7,26.85767,25.08333,25.53333,25.425,24.88333,13.50134,0.0917877899999999,33
2022-07-15 19:08:00,0.7425802,13.20559,237.9369,25.60105,12.82901,28.4477,0.122,196.225,24.0496,25.28333,25.48333,25.39166,24.80833,12.38822,0.0783563099999999,33
2022-07-15 19:09:00,0.7461463,11.94453,237.4804,25.5786,12.82947,28.42266,0.1133333,193.8083,22.10833,25.18333,25.425,25.325,24.76667,11.34227,0.07006598,33
2022-07-15 19:10:00,0.7490449999999998,10.35748,237.327,25.56304,12.83221,28.3963,0.1053333,194.5083,20.66293,25.2,25.33333,25.275,24.7,10.24835,0.0612936899999999,33
2022-07-15 19:11:00,0.7576376,9.259556000000002,237.3904,25.5421,12.83404,28.3673,0.0973333299999999,193.9917,19.02667,25.13333,25.31667,25.21667,24.64166,9.154425,0.05199431,33
2022-07-15 19:12:00,0.7589917,7.998819,237.4714,25.49802,12.83404,28.33642,0.08866667,192.6917,17.22573,25.075,25.23333,25.16667,24.60833,8.089287,0.04380615,33
2022-07-15 19:13:00,0.7666648999999999,6.33847,238.4688,25.49055,12.83468,28.32287,0.078,193.2917,15.27793,25.1,25.15833,25.11667,24.56667,6.870616,0.03431973,33
2022-07-15 19:14:00,0.7743638,5.304294,239.8243,25.45933,12.8331,28.29388,0.07,192.7917,13.65133,25.15833,25.125,25.06667,24.49167,5.584774,0.0283060499999999,33
2022-07-15 19:15:00,0.7832715999999998,4.027237,240.6348,25.41568,12.83396,28.26752,0.0606666699999999,193.2583,11.83173,25.24167,25.0,24.975,24.41666,4.327721,0.02037326,33
2022-07-15 19:16:00,0.7886387999999999,2.873958,240.3226,25.3715,12.83438,28.23382,0.0526666599999999,192.0333,10.2436,25.3,24.98333,24.95,24.38333,3.157029,0.0140600399999999,33
2022-07-15 19:17:00,0.7942386,1.413374,240.5056,25.29629,12.83521,28.202,0.0439999999999999,192.2833,8.6148,25.21667,24.9,24.90833,24.31667,2.130275,0.008513226,33
2022-07-15 19:18:00,0.3807766,4.156745,239.4485,25.20798,12.83517,28.17828,0.032,222.3583,6.9198,25.3,24.775,24.85,24.31667,1.257054,0.0942588699999999,33
2022-07-15 19:19:00,0.2123973,6.229615,240.3223,25.14555,12.83369,28.14213,0.0193333299999999,242.625,4.7988,25.28333,24.68333,24.81667,24.29167,0.4318124999999999,0.1466387,33
2022-07-15 19:20:00,0.2202531,5.396369,240.044,25.10648,12.83522,28.11012,0.02266666,216.2583,5.0338,25.29167,24.73333,24.78333,24.23333,-0.3358540999999999,0.1487646,33
2022-07-15 19:21:00,0.211488,5.689356,239.5417,25.04387,12.83538,28.07586,0.016,182.075,3.000667,25.175,24.7,24.775,24.2,-0.8636249999999999,0.1459442,33
2022-07-15 19:22:00,0.1571975999999999,6.299789,238.9222,24.98227,12.83525,28.05213,0.016,87.57499,1.562,25.03333,24.68333,24.75,24.19167,-1.333821,0.1680828,33
2022-07-15 19:23:00,0.1572410999999999,6.436871,239.6079,24.9375,12.8352,28.01787,0.016,35.88334,0.5814667,25.125,24.59167,24.725,24.175,-1.592908,0.1695944,33
2022-07-15 19:24:00,0.1570522,6.474431,239.6043,24.90259,12.83549,27.98455,0.01466667,33.71666,0.5186,25.04167,24.53333,24.65,24.075,-1.794421,0.1704035,33
2022-07-15 19:25:00,0.1569626,6.528134,239.5977,24.87106,12.83603,27.94708,0.0153333299999999,33.5,0.4913332999999999,25.06667,24.39166,24.50833,23.975,-1.890379,0.1714759999999999,33
2022-07-15 19:26:00,0.1569290999999999,6.540207,239.655,24.83913,12.83801,27.91809,0.009333334,33.5,0.335,24.86667,24.28333,24.43333,23.89166,-2.005529,0.1724544,33
2022-07-15 19:27:00,0.15681,6.545785,239.6578,24.80818,12.83903,27.88119,0.008,33.5,0.268,24.85833,24.21667,24.35833,23.83333,-2.034317,0.1734435,33
2022-07-15 19:28:00,0.1571867999999999,6.620998,239.9635,24.77821,12.84048,27.84391,0.008,33.45,0.2676666999999999,24.85,24.125,24.28333,23.725,-2.015125,0.1741747999999999,33
2022-07-15 19:29:00,0.1573971,6.613438,240.2865,24.67291,12.84096,27.81567,0.008,33.33333,0.2667333,24.61667,24.01666,24.18333,23.60833,-2.101487,0.1737333,33
2022-07-15 19:30:00,0.1568051,6.582283,239.7427,24.60821,12.84152,27.7814,0.008,33.3,0.2664,24.525,23.93333,24.09167,23.525,-2.149467,0.1743242,33
2022-07-15 19:31:00,0.1572586,6.703765,240.702,24.5696,12.84201,27.74714,0.008,33.16667,0.2656666999999999,24.375,23.78333,23.94167,23.4,-2.264617,0.1749763,33
2022-07-15 19:32:00,0.1572798,6.692388,240.6461,24.54775,12.84202,27.70497,0.008,32.775,0.2622667,24.3,23.675,23.86667,23.29167,-2.322191,0.1759232,33
2022-07-15 19:33:00,0.157177,6.689222,240.5459,24.55015,12.84203,27.67597,0.008,32.7,0.2616,24.31667,23.65833,23.86667,23.28333,-2.456533,0.1760875,33
2022-07-15 19:34:00,0.1570402999999999,6.740898,240.58,24.53773,12.84234,27.63907,0.008,32.64167,0.2611999999999999,24.25833,23.59167,23.79167,23.20833,-2.552491,0.1766734,33
2022-07-15 19:35:00,0.1570361999999999,6.700791,240.6334,24.51561,12.84249,27.60481,0.008,32.6,0.2607999999999999,24.23333,23.48333,23.74167,23.13333,-2.638854,0.1760578999999999,33
2022-07-15 19:36:00,0.1571047,6.733368,240.6083,24.49711,12.84282,27.56527,0.008,32.6,0.2607999999999999,24.2,23.43333,23.7,23.1,-2.734812,0.1770411,33
2022-07-15 19:37:00,0.1572104,6.725308,240.7959,24.5159,12.84283,27.53891,0.007333333,32.55,0.2388,24.30833,23.49167,23.70833,23.15833,-2.7636,0.1768208,33
2022-07-15 19:38:00,0.1571066,6.740728,240.7651,24.4873,12.84179,27.4941,0.005333334,32.45833,0.1948667,24.28333,23.49167,23.7,23.19167,-2.792387,0.1779452,33
2022-07-15 19:39:00,0.1570735,6.744014,240.6951,24.45782,12.84375,27.45457,0.003333333,32.3,0.1077333,24.35833,23.45,23.69167,23.11667,-2.840366,0.1775004,33
2022-07-15 19:40:00,0.1569444999999999,6.777571,240.7051,24.45827,12.84485,27.42294,0.0006666667,32.2,0.02146667,24.59167,23.43333,23.66667,23.15,-2.87875,0.178063,33
2022-07-15 19:41:00,0.1569893,6.752159,240.7234,24.45254,12.84639,27.39131,0.002,32.2,0.0429333299999999,24.65833,23.45833,23.65,23.15833,-2.840366,0.1776614,33
2022-07-15 19:42:00,0.1571628999999999,6.819719,240.9733,24.42925,12.84511,27.35177,0.0006666667,32.13334,0.04286667,24.65,23.51666,23.69167,23.15833,-2.840366,0.1789025999999999,33
2022-07-15 19:43:00,0.1576566,6.851982,241.5225,24.37427,12.84851,27.31487,0.0,31.93333,0.0,24.35833,23.5,23.70833,23.13333,-2.945921,0.1783916999999999,33
2022-07-15 19:44:00,0.1577012999999999,6.841364,241.5483,24.35452,12.84844,27.29115,0.0006666667,31.79167,0.0212,24.16667,23.46667,23.725,23.125,-2.907537,0.1787821,33
2022-07-15 19:45:00,0.1576277,6.835725,241.5534,24.32642,12.8487,27.25161,0.0,31.60833,0.0,24.11667,23.4,23.70833,23.06667,-2.917133,0.1785790999999999,33
2022-07-15 19:46:00,0.1570968,6.823469,240.9586,24.30638,12.84743,27.21735,0.0,31.1,0.0,24.13333,23.45,23.69167,23.10833,-2.917133,0.1794086,33
2022-07-15 19:47:00,0.1570410999999999,6.817993,240.8924,24.28927,12.84892,27.1778,0.0,28.8,0.0,24.25833,23.41667,23.66667,23.08333,-2.849962,0.17815,33
2022-07-15 19:48:00,0.1571885,6.838229,240.9454,24.27885,12.84904,27.14354,0.0,26.54167,0.0,24.29167,23.4,23.65833,23.09167,-2.840366,0.1787205,33
2022-07-15 19:49:00,0.1575602,6.856979,241.2594,24.27598,12.84909,27.10928,0.0,24.35,0.0,24.31667,23.375,23.65,23.08333,-2.83077,0.1802569,33
2022-07-15 19:50:00,0.1574719,6.865677,241.331,24.26153,12.84923,27.07237,0.0,21.71667,0.0,24.3,23.375,23.61667,23.075,-2.782791,0.1791478,33
2022-07-15 19:51:00,0.1574778,6.860815,241.3126,24.25943,12.84926,27.04432,0.0,18.88333,0.0,24.33333,23.39166,23.63333,23.09167,-2.706025,0.1796136,33
2022-07-15 19:52:00,0.1572887,6.875326,241.2916,24.26839,12.84842,27.00611,0.0,16.15833,0.0,24.4,23.39166,23.65,23.10833,-2.590875,0.180068,33
2022-07-15 19:53:00,0.1573261,6.882105,241.2546,24.30597,12.84939,26.97447,0.0,13.69167,0.0,24.53333,23.41666,23.68333,23.15,-2.542896,0.1801017,33
2022-07-15 19:54:00,0.1572454,6.880978,241.2177,24.30664,12.84943,26.93757,0.0,11.525,0.0,24.38333,23.40833,23.68333,23.2,-2.466129,0.1800481999999999,33
2022-07-15 19:55:00,0.1572542,6.862019,241.1736,24.40388,12.84994,26.90858,0.0,9.675,0.0,24.58333,23.4,23.7,23.21667,-2.456533,0.1803228,33
2022-07-15 19:56:00,0.1572791,6.874453,241.1933,24.55614,12.84996,26.87695,0.0,8.116666,0.0,24.74167,23.39166,23.65,23.20833,-2.312596,0.1800065,33
2022-07-15 19:57:00,0.1573307999999999,6.913166,241.2328,24.66611,12.85047,26.84702,0.0,6.85,0.0,24.8,23.4,23.69167,23.24167,-2.178254,0.1799079,33
2022-07-15 19:58:00,0.1571862,6.911333,241.2248,24.65619,12.85185,26.81595,0.0,5.741666,0.0,24.70833,23.45,23.74167,23.275,-1.986337,0.1808461,33
2022-07-15 19:59:00,0.1573394999999999,6.922323,241.3649,24.62617,12.85234,26.79223,0.0,4.85,0.0,24.675,23.53333,23.78333,23.29167,-1.8424,0.1810712999999999,33
2022-07-15 20:00:00,0.1572257,6.923428,241.2974,24.40965,12.85374,26.7606,0.0,4.116666,0.0,24.23333,23.44167,23.7,23.20833,-1.746441,0.1813268,33
2022-07-15 20:01:00,0.1573785,6.911812,241.5457,24.25958,12.85421,26.73499,0.0,3.516666,0.0,24.125,23.46667,23.725,23.20833,-1.823208,0.1806060999999999,33
2022-07-15 20:02:00,0.1575226,6.952356,241.7933,24.19572,12.85332,26.70223,0.0,3.025,0.0,24.14166,23.45,23.7,23.20833,-1.871187,0.1812419,33
2022-07-15 20:03:00,0.1575202,6.952275,241.7875,24.1272,12.85515,26.67851,0.0,2.641667,0.0,24.10833,23.45833,23.70833,23.2,-1.861591,0.1814674,33
2022-07-15 20:04:00,0.1574643,6.947813,241.7443,24.07044,12.85517,26.65215,0.0,2.341667,0.0,24.1,23.5,23.74167,23.21667,-1.95755,0.1812986,33
2022-07-15 20:05:00,0.1574549,6.947525,241.6687,24.03519,12.85472,26.62052,0.0,2.091667,0.0,24.15,23.5,23.76667,23.23333,-1.976741,0.1814912999999999,33
2022-07-15 20:06:00,0.1574136999999999,6.938347,241.7411,24.01706,12.85519,26.59361,0.0,1.875,0.0,24.10833,23.5,23.775,23.21667,-1.967146,0.1811012999999999,33
2022-07-15 20:07:00,0.1575587,6.962622,241.768,23.99437,12.8552,26.56216,0.0,1.666667,0.0,24.13333,23.49167,23.69167,23.175,-1.95755,0.1817161999999999,33
2022-07-15 20:08:00,0.157581,6.972172,241.8627,23.99496,12.85521,26.54635,0.0,1.5,0.0,24.13333,23.48333,23.7,23.15,-1.909571,0.1817366,33
2022-07-15 20:09:00,0.1576009999999999,6.962999,241.8952,23.98855,12.85522,26.5181,0.0,1.35,0.0,24.20833,23.49167,23.70833,23.16667,-1.832804,0.1815109,33
2022-07-15 20:10:00,0.1577485999999999,6.993454,242.0119,23.98694,12.85522,26.49325,0.0,1.225,0.0,24.15833,23.5,23.71667,23.15,-1.804017,0.1821362,33
2022-07-15 20:11:00,0.15776,6.985726,242.0302,24.00855,12.85112,26.4669,0.0,1.083333,0.0,24.16667,23.45833,23.65,23.11667,-1.708058,0.1817464,33
2022-07-15 20:12:00,0.1575903999999999,6.997423,241.9451,24.02134,12.85523,26.4379,0.0,0.975,0.0,24.2,23.43333,23.60833,23.1,-1.708058,0.1823202999999999,33
2022-07-15 20:13:00,0.1574918999999999,6.972149,241.8403,24.05066,12.85524,26.42058,0.0,0.8833334,0.0,24.2,23.46667,23.63333,23.1,-1.679271,0.1819094,33
2022-07-15 20:14:00,0.1574651,6.977539,241.8312,24.07861,12.85524,26.40326,0.0,0.8,0.0,24.2,23.46667,23.675,23.10833,-1.688867,0.1818268,33
2022-07-15 20:15:00,0.1576277,7.014584,242.064,24.0866,12.85615,26.37427,0.0,0.7166666,0.0,24.15,23.46667,23.675,23.10833,-1.72725,0.1820614999999999,33
2022-07-15 20:16:00,0.1579627,7.026081,242.5276,24.10117,12.8557,26.34979,0.0,0.6833333,0.0,24.125,23.45833,23.68333,23.14166,-1.708058,0.1824552999999999,33
2022-07-15 20:17:00,0.1580803,7.042902,242.5682,24.1215,12.8557,26.33172,0.0,0.5999999999999999,0.0,24.10833,23.5,23.7,23.15,-1.679271,0.1823316,33
2022-07-15 20:18:00,0.1578885999999999,7.031925,242.5078,24.14498,12.85479,26.31063,0.0,0.5999999999999999,0.0,24.175,23.5,23.7,23.2,-1.650483,0.1821732,33
2022-07-15 20:19:00,0.1580372999999999,7.036337,242.582,24.16423,12.85617,26.29218,0.0,0.5583333,0.0,24.16667,23.5,23.70833,23.23333,-1.631292,0.1826376999999999,33
2022-07-15 20:20:00,0.1579796,7.070227,242.5587,24.20183,12.85525,26.2694,0.0,0.5,0.0,24.20833,23.55833,23.75,23.29167,-1.564121,0.1828404999999999,33
2022-07-15 20:21:00,0.1580346,7.030396,242.6116,24.25952,12.85526,26.25227,0.0,0.5,0.0,24.3,23.63333,23.85833,23.40833,-1.49695,0.1823756,33
2022-07-15 20:22:00,0.1581645,7.042593,242.7263,24.31667,12.85526,26.23118,0.0,0.5,0.0,24.29167,23.675,23.89166,23.41666,-1.391396,0.1824837,33
2022-07-15 20:23:00,0.1581268,7.050844,242.7839,24.34159,12.85526,26.21085,0.0,0.5,0.0,24.24167,23.7,23.90833,23.5,-1.314629,0.1823306,33
2022-07-15 20:24:00,0.1581702,7.050848,242.7775,24.3343,12.85526,26.19127,0.0,0.5,0.0,24.225,23.75833,23.975,23.55833,-1.218671,0.1825001,33
2022-07-15 20:25:00,0.157781,7.05106,242.4482,24.34992,12.85526,26.17809,0.0,0.4333332999999999,0.0,24.25833,23.75833,23.99167,23.575,-1.180287,0.1827172,33
2022-07-15 20:26:00,0.1577132,7.016098,242.2329,24.34788,12.8548,26.15964,0.0,0.4,0.0,24.28333,23.75833,23.98333,23.58333,-1.170692,0.1828751,33
2022-07-15 20:27:00,0.1577467999999999,7.044601,242.3347,24.33705,12.85526,26.13516,0.0,0.4,0.0,24.28333,23.76667,23.975,23.575,-1.209075,0.1829563999999999,33
2022-07-15 20:28:00,0.1576401,7.035758,242.2267,24.33763,12.85526,26.13027,0.0,0.4,0.0,24.24167,23.725,23.91666,23.56667,-1.218671,0.1826427999999999,33
2022-07-15 20:29:00,0.1576933,7.049597,242.3258,24.2978,12.85526,26.11182,0.0,0.4,0.0,24.15833,23.725,23.90833,23.54167,-1.247458,0.1827661999999999,33
2022-07-15 20:30:00,0.1577311999999999,7.052982,242.3901,24.27172,12.85572,26.09337,0.0,0.4,0.0,24.13333,23.69167,23.89166,23.50833,-1.228267,0.1828526,33
2022-07-15 20:31:00,0.1580501,7.060766,242.8068,24.27618,12.85526,26.06701,0.0,0.4,0.0,24.175,23.7,23.89166,23.49167,-1.333821,0.1827967,33
2022-07-15 20:32:00,0.1583132999999999,7.104841,243.1868,24.26381,12.85526,26.06701,0.0,0.4,0.0,24.08333,23.7,23.9,23.5,-1.343417,0.1834546,33
2022-07-15 20:33:00,0.1583470999999999,7.096081,243.1697,24.22579,12.85526,26.04009,0.0,0.4,0.0,24.03333,23.7,23.9,23.5,-1.324225,0.1832594999999999,33
2022-07-15 20:34:00,0.1581954,7.091,242.9047,24.21233,12.85526,26.03764,0.0,0.4,0.0,24.0,23.7,23.89166,23.5,-1.314629,0.18334,33
2022-07-15 20:35:00,0.1579606,7.056158,242.5885,24.16054,12.85526,26.00864,0.0,0.4,0.0,23.96667,23.68333,23.89166,23.48333,-1.314629,0.1832309,33
2022-07-15 20:36:00,0.1579666999999999,7.069482,242.6119,24.16202,12.85526,26.00601,0.0,0.4,0.0,23.925,23.69167,23.88333,23.48333,-1.333821,0.1830141,33
2022-07-15 20:37:00,0.1578177,7.066504,242.5968,24.11928,12.85526,25.98398,0.0,0.4,0.0,23.91666,23.69167,23.90833,23.49167,-1.343417,0.1834271,33
2022-07-15 20:38:00,0.1578388,7.083405,242.5772,24.07685,12.85526,25.97664,0.0,0.4,0.0,23.875,23.675,23.9,23.475,-1.285842,0.1837556999999999,33
2022-07-15 20:39:00,0.1578147,7.055978,242.5997,24.05323,12.85526,25.94765,0.0,0.4,0.0,23.89166,23.7,23.89166,23.49167,-1.285842,0.1829251,33
2022-07-15 20:40:00,0.1577431,7.081715,242.6215,24.08014,12.85526,25.94501,0.0,0.4,0.0,23.98333,23.69167,23.9,23.5,-1.26665,0.1832725,33
2022-07-15 20:41:00,0.1577577,7.062222,242.6153,24.11567,12.85526,25.93522,0.0,0.4,0.0,24.05,23.73333,23.90833,23.50833,-1.276246,0.1837170999999999,33
2022-07-15 20:42:00,0.1578239999999999,7.099644,242.7211,24.10013,12.85526,25.91564,0.0,0.4,0.0,23.95,23.725,23.9,23.5,-1.257054,0.1835769999999999,33
2022-07-15 20:43:00,0.1579415999999999,7.113014,242.7756,24.07744,12.85664,25.91564,0.0,0.4,0.0,23.83333,23.70833,23.88333,23.50833,-1.26665,0.1842027,33
2022-07-15 20:44:00,0.1579942,7.086632,242.9434,24.02841,12.85572,25.88872,0.0,0.4,0.0,23.875,23.70833,23.875,23.5,-1.276246,0.1840256,33
2022-07-15 20:45:00,0.1577861,7.086606,242.7499,23.99914,12.85526,25.88627,0.0,0.4,0.0,23.78333,23.66667,23.875,23.48333,-1.305033,0.1841417999999999,33
2022-07-15 20:46:00,0.1579034,7.092384,242.7512,23.99955,12.85526,25.87573,0.0,0.4,0.0,23.88333,23.725,23.9,23.48333,-1.324225,0.1837706,33
2022-07-15 20:47:00,0.1578754,7.110655,242.7552,24.03464,12.85618,25.85728,0.0,0.4,0.0,23.95,23.71667,23.9,23.50833,-1.324225,0.1843632,33
2022-07-15 20:48:00,0.1577091999999999,7.096682,242.6862,24.07736,12.85526,25.85464,0.0,0.4,0.0,23.98333,23.75,23.91666,23.53333,-1.305033,0.1840736,33
2022-07-15 20:49:00,0.1577641999999999,7.110544,242.6891,24.11456,12.85618,25.82527,0.0,0.4,0.0,24.00833,23.725,23.90833,23.55,-1.276246,0.1841666999999999,33
2022-07-15 20:50:00,0.1579192,7.124321,242.8095,24.14617,12.85664,25.82527,0.0,0.4,0.0,23.96667,23.725,23.9,23.56667,-1.257054,0.1847339,33
2022-07-15 20:51:00,0.1579449,7.116149,242.9582,24.14479,12.85664,25.82527,0.0,0.4,0.0,23.96667,23.79167,23.94167,23.59167,-1.189883,0.184123,33
2022-07-15 20:52:00,0.1580092999999999,7.105478,242.9327,24.17005,12.85664,25.81209,0.0,0.4,0.0,23.94167,23.84167,23.99167,23.66667,-1.161096,0.1835392,33
2022-07-15 20:53:00,0.1579041999999999,7.112389,242.8339,24.17559,12.85892,25.79364,0.0,0.4,0.0,23.99167,23.90833,24.05,23.74167,-1.122712,0.1839578,33
2022-07-15 20:54:00,0.1583401,7.142686,243.3469,24.26355,12.85892,25.79364,0.0,0.4,0.0,24.075,23.95833,24.10833,23.8,-1.03635,0.1838007,33
2022-07-15 20:55:00,0.158106,7.098227,243.0439,24.27444,12.85892,25.77161,0.0,0.4,0.0,23.99167,24.025,24.18333,23.875,-1.007563,0.1840979,33
2022-07-15 20:56:00,0.1580098,7.10961,242.8709,24.22996,12.85892,25.76427,0.0,0.4,0.0,23.925,24.075,24.20833,23.91666,-0.9307957,0.1840980999999999,33
2022-07-15 20:57:00,0.1580755,7.165565,243.0811,24.22514,12.85983,25.76427,0.0,0.4,0.0,23.94167,24.10833,24.24167,23.93333,-0.8732206999999998,0.1854936,33
2022-07-15 20:58:00,0.1580214,7.132667,243.029,24.25696,12.86075,25.759,0.0,0.4,0.0,23.96667,24.14166,24.275,24.0,-0.8540290999999999,0.1847148,33
2022-07-15 20:59:00,0.1580874999999999,7.14427,243.0525,24.32148,12.85983,25.74318,0.0,0.4,0.0,24.05,24.2,24.35,24.03333,-0.8924123999999999,0.1845200999999999,33
2022-07-15 21:00:00,0.1580671999999999,7.140718,243.0166,24.34732,12.85983,25.73264,0.0,0.4,0.0,24.075,24.20833,24.36667,24.075,-0.8252416,0.1845168,33
2022-07-15 21:01:00,0.1580117,7.151258,242.9781,24.34181,12.86075,25.73264,0.0,0.4,0.0,24.03333,24.2,24.34167,24.08333,-0.7964541,0.1846325,33
2022-07-15 21:02:00,0.1580398,7.153517,243.0383,24.32012,12.86075,25.71306,0.0,0.4,0.0,24.01666,24.19167,24.30833,24.03333,-0.8444333,0.1850152999999999,33
2022-07-15 21:03:00,0.1578982999999999,7.166617,243.0428,24.30823,12.86075,25.70327,0.0,0.4,0.0,24.0,24.18333,24.3,24.0,-0.9020083,0.1848655999999999,33
2022-07-15 21:04:00,0.1582377,7.167464,243.5852,24.31991,12.85938,25.70327,0.0,0.4,0.0,24.01666,24.15833,24.28333,23.99167,-0.9691792,0.1850309,33
2022-07-15 21:05:00,0.1583541,7.169984,243.6197,24.43671,12.86075,25.70327,0.0,0.4,0.0,24.13333,24.2,24.35,24.04167,-1.03635,0.184422,33
2022-07-15 21:06:00,0.1579742,7.153622,243.1273,24.49715,12.86075,25.70327,0.0,0.4,0.0,24.16667,24.20833,24.35,24.04167,-0.9595833,0.1845502,33
2022-07-15 21:07:00,0.1580460999999999,7.1605,243.2194,24.50009,12.86075,25.67879,0.0,0.4,0.0,24.19167,24.21667,24.375,24.04167,-0.9212,0.1847181,33
2022-07-15 21:08:00,0.1579529,7.135101,243.1813,24.44915,12.85983,25.6739,0.0,0.4,0.0,24.10833,24.2,24.35,24.1,-0.9403916,0.1847868,33
2022-07-15 21:09:00,0.1580400999999999,7.151877,243.2241,24.38182,12.86075,25.6739,0.0,0.4,0.0,24.05833,24.16667,24.3,24.025,-0.9499875,0.185145,33
2022-07-15 21:10:00,0.1579781,7.153463,243.326,24.33784,12.86075,25.6739,0.0,0.4,0.0,24.025,24.14166,24.26667,24.0,-1.03635,0.1851834,33
2022-07-15 21:11:00,0.1581567,7.184923,243.4146,24.31654,12.86075,25.6739,0.0,0.4,0.0,24.025,24.125,24.25833,24.0,-1.103521,0.1844204999999999,33
2022-07-15 21:12:00,0.1582077,7.182868,243.4638,24.34814,12.86029,25.6739,0.0,0.4,0.0,24.05,24.16667,24.3,24.025,-1.132308,0.1850225,33
2022-07-15 21:13:00,0.1582431,7.172901,243.5476,24.36299,12.86075,25.66335,0.0,0.4,0.0,24.04167,24.175,24.3,24.04167,-1.132308,0.184877,33
2022-07-15 21:14:00,0.1586189,7.225545999999999,244.0247,24.35077,12.86075,25.64227,0.0,0.4,0.0,24.03333,24.14166,24.29167,24.00833,-1.1515,0.1850652,33
2022-07-15 21:15:00,0.1586283,7.194471,244.0554,24.39131,12.86029,25.64227,0.0,0.4,0.0,24.1,24.14166,24.30833,24.04167,-1.084329,0.1853742999999999,33
2022-07-15 21:16:00,0.1584260999999999,7.176899,243.8573,24.43665,12.86029,25.64227,0.0,0.4,0.0,24.15,24.18333,24.33333,24.075,-1.084329,0.1847821,33
2022-07-15 21:17:00,0.1582832,7.147055,243.6135,24.51359,12.86075,25.64227,0.0,0.4,0.0,24.25,24.2,24.39166,24.08333,-1.093925,0.1847853999999999,33
2022-07-15 21:18:00,0.1581486,7.17993,243.4506,24.49435,12.86075,25.64227,0.0,0.4,0.0,24.20833,24.21667,24.34167,24.10833,-1.007563,0.1856566,33
2022-07-15 21:19:00,0.1581237,7.171879,243.4609,24.56303,12.86075,25.64227,0.0,0.4,0.0,24.26666,24.28333,24.4,24.15833,-1.03635,0.1852543,33
2022-07-15 21:20:00,0.1582668,7.183282,243.5219,24.7457,12.85938,25.64227,0.0,0.4,0.0,24.46667,24.31667,24.475,24.25833,-1.065138,0.1848470999999999,33
2022-07-15 21:21:00,0.1583189,7.187664,243.6221,24.77384,12.86075,25.64227,0.0,0.4,0.0,24.425,24.35,24.51666,24.24167,-0.9883708,0.1851805,33
2022-07-15 21:22:00,0.1583198,7.198164,243.7134,24.74706,12.86075,25.64227,0.0,0.4,0.0,24.40833,24.39166,24.51666,24.3,-0.8636249999999999,0.1857071999999999,33
2022-07-15 21:23:00,0.1583512,7.210715,243.7311,24.70862,12.85938,25.64227,0.0,0.4,0.0,24.35,24.35833,24.525,24.3,-0.8540290999999999,0.1856665,33
2022-07-15 21:24:00,0.1586559999999999,7.248035,244.1928,24.63583,12.86075,25.64227,0.0,0.4,0.0,24.3,24.38333,24.5,24.31667,-0.9212,0.1859876,33
2022-07-15 21:25:00,0.1587714,7.236515,244.236,24.55684,12.86075,25.64227,0.0,0.4,0.0,24.28333,24.36667,24.45833,24.25833,-0.9691792,0.1853523,33
2022-07-15 21:26:00,0.1588913,7.256262,244.4158,24.51082,12.86075,25.64227,0.0,0.4,0.0,24.20833,24.30833,24.44167,24.18333,-1.026754,0.1856452,33
2022-07-15 21:27:00,0.1588212,7.225787,244.3882,24.4699,12.86075,25.63982,0.0,0.4,0.0,24.14166,24.28333,24.35833,24.09167,-1.093925,0.1851857,33
2022-07-15 21:28:00,0.1585515999999999,7.213485999999999,243.9446,24.41562,12.86075,25.63982,0.0,0.4,0.0,24.11667,24.225,24.33333,24.075,-1.218671,0.1852902999999999,33
2022-07-15 21:29:00,0.158371,7.216642,243.8737,24.34024,12.86075,25.63248,0.0,0.4,0.0,24.1,24.21667,24.30833,24.03333,-1.276246,0.1864889999999999,33
2022-07-15 21:30:00,0.1584610999999999,7.167485,243.8791,24.26494,12.86075,25.63003,0.0,0.4,0.0,24.01666,24.2,24.29167,23.99167,-1.305033,0.1847843,33
2022-07-15 21:31:00,0.1584451,7.222855,243.9712,24.17735,12.86075,25.61535,0.0,0.4,0.0,23.95,24.2,24.25833,23.95833,-1.324225,0.1856874,33
2022-07-15 21:32:00,0.1585896,7.217948,244.051,24.10409,12.86075,25.6129,0.0,0.4,0.0,23.84167,24.2,24.28333,23.94167,-1.314629,0.1852088,33
2022-07-15 21:33:00,0.1588601,7.277586999999999,244.3122,24.06215,12.86075,25.6129,0.0,0.4,0.0,23.8,24.2,24.28333,23.96667,-1.228267,0.1861228,33
2022-07-15 21:34:00,0.1590423,7.269839,244.6607,24.01471,12.86075,25.6129,0.0,0.4,0.0,23.76667,24.175,24.26667,23.93333,-1.257054,0.1856267,33
2022-07-15 21:35:00,0.1590868,7.29565,244.6867,23.98239,12.86075,25.6129,0.0,0.4,0.0,23.75833,24.11667,24.225,23.9,-1.257054,0.1861974,33
2022-07-15 21:36:00,0.1590935,7.280985,244.7113,23.93768,12.86075,25.6129,0.0,0.4,0.0,23.68333,24.1,24.2,23.83333,-1.324225,0.1862659,33
2022-07-15 21:37:00,0.1591708,7.2781,244.7907,23.88816,12.86075,25.6129,0.0,0.4,0.0,23.65833,24.075,24.15833,23.8,-1.362608,0.1858805,33
2022-07-15 21:38:00,0.1591453999999999,7.283074,244.7316,23.81181,12.86075,25.6129,0.0,0.4,0.0,23.56667,24.08333,24.16667,23.79167,-1.314629,0.1858726,33
2022-07-15 21:39:00,0.1585249,7.228824,243.9682,23.77191,12.86075,25.6129,0.0,0.4,0.0,23.56667,24.04167,24.05833,23.73333,-1.305033,0.1854783999999999,33
2022-07-15 21:40:00,0.1584875,7.23852,243.8729,23.69554,12.86075,25.59577,0.0,0.4,0.0,23.45833,23.95,23.89166,23.66667,-1.49695,0.1857173,33
2022-07-15 21:41:00,0.1585805,7.232103999999999,244.0435,23.63714,12.86075,25.58353,0.0,0.4,0.0,23.40833,23.85,23.84167,23.625,-1.756037,0.1859466999999999,33
2022-07-15 21:42:00,0.1587462,7.262993,244.1935,23.61374,12.86075,25.58353,0.0,0.4,0.0,23.375,23.75,23.8,23.55,-1.95755,0.1856597,33
2022-07-15 21:43:00,0.1590671999999999,7.273627,244.6183,23.558,12.86121,25.58353,0.0,0.4,0.0,23.26667,23.66667,23.775,23.5,-2.0727,0.1852397,33
2022-07-15 21:44:00,0.1585264,7.212516,243.9214,23.53158,12.86212,25.57298,0.0,0.4,0.0,23.29167,23.58333,23.725,23.41666,-2.0727,0.1858187,33
2022-07-15 21:45:00,0.1579855,7.211515,243.3358,23.49319,12.86395,25.5519,0.0,0.4,0.0,23.225,23.5,23.66667,23.31667,-2.034317,0.1857426,33
2022-07-15 21:46:00,0.1581279999999999,7.198679,243.3928,23.47185,12.8644,25.5519,0.0,0.4,0.0,23.15833,23.49167,23.6,23.25833,-1.880783,0.1858287,33
2022-07-15 21:47:00,0.1578901,7.15277,242.9886,23.40173,12.86578,25.52253,0.0,0.4,0.0,23.18333,23.43333,23.56667,23.2,-1.851996,0.1853369,33
2022-07-15 21:48:00,0.1576777,7.149234,242.6509,23.38383,12.86578,25.52253,0.0,0.4,0.0,23.23333,23.53333,23.58333,23.225,-1.880783,0.1859858,33
2022-07-15 21:49:00,0.1578436,7.160991,242.7632,23.35714,12.86623,25.50144,0.0,0.4,0.0,23.18333,23.50833,23.55,23.16667,-1.851996,0.185734,33
2022-07-15 21:50:00,0.157778,7.171375,242.7184,23.36583,12.86623,25.4909,0.0,0.4,0.0,23.15,23.45833,23.55833,23.16667,-1.765633,0.1859408999999999,33
2022-07-15 21:51:00,0.1577891999999999,7.175266,242.7277,23.34636,12.86623,25.46398,0.0,0.4,0.0,23.125,23.43333,23.525,23.14166,-1.602504,0.1855225,33
2022-07-15 21:52:00,0.1576614,7.124546,242.6705,23.3439,12.86623,25.46153,0.0,0.4,0.0,23.08333,23.44167,23.49167,23.11667,-1.439375,0.1857677,33
2022-07-15 21:53:00,0.1577925,7.137932,242.7244,23.34292,12.86623,25.44685,0.0,0.4,0.0,23.09167,23.46667,23.50833,23.13333,-1.314629,0.1852833,33
2022-07-15 21:54:00,0.1576606,7.152456,242.6192,23.32611,12.86623,25.43216,0.0,0.4,0.0,23.05833,23.43333,23.49167,23.09167,-1.305033,0.1857256999999999,33
2022-07-15 21:55:00,0.1577904,7.173716,242.715,23.32237,12.86669,25.41747,0.0,0.4,0.0,23.05,23.40833,23.46667,23.1,-1.353012,0.1859627,33
2022-07-15 21:56:00,0.1578799999999999,7.187367,242.7328,23.29867,12.86623,25.40279,0.0,0.4,0.0,23.025,23.375,23.425,23.1,-1.410587,0.1860271,33
2022-07-15 21:57:00,0.1578153999999999,7.1812,242.7055,23.27304,12.8676,25.38961,0.0,0.4,0.0,23.0,23.4,23.46667,23.08333,-1.391396,0.1859984,33
2022-07-15 21:58:00,0.1578643999999999,7.162512,242.8175,23.25313,12.86806,25.37116,0.0,0.4,0.0,22.99167,23.41666,23.5,23.1,-1.295437,0.185812,33
2022-07-15 21:59:00,0.1578584,7.184269,243.0867,23.2313,12.86669,25.34669,0.0,0.4,0.0,22.98333,23.4,23.49167,23.1,-1.161096,0.1855948,33
2022-07-15 22:00:00,0.1579012999999999,7.20857,243.0902,23.22225,12.87035,25.34179,0.0,0.4,0.0,22.975,23.41666,23.49167,23.11667,-1.170692,0.1860794,33
2022-07-15 22:01:00,0.1578865,7.204472,243.0824,23.22787,12.87035,25.32955,0.0,0.4,0.0,23.00833,23.4,23.475,23.08333,-1.189883,0.1866548,33
2022-07-15 22:02:00,0.1578500999999999,7.212391,243.1058,23.21961,12.87172,25.31242,0.0,0.4,0.0,22.99167,23.39166,23.48333,23.075,-1.26665,0.1864860999999999,33
2022-07-15 22:03:00,0.1578572,7.211855,243.1597,23.20717,12.87126,25.2966,0.0,0.4,0.0,22.95833,23.40833,23.49167,23.06667,-1.247458,0.1865152999999999,33
2022-07-15 22:04:00,0.1579477,7.209949,243.1696,23.17889,12.87172,25.28079,0.0,0.4,0.0,22.90833,23.40833,23.475,23.04167,-1.180287,0.1865706,33
2022-07-15 22:05:00,0.1578595,7.188238,242.978,23.14752,12.87172,25.26121,0.0,0.4,0.0,22.89166,23.41666,23.48333,23.00833,-1.1515,0.1862386,33
2022-07-15 22:06:00,0.1578138,7.199111,242.9402,23.11839,12.87172,25.25142,0.0,0.4,0.0,22.81667,23.39166,23.475,23.00833,-1.113117,0.1857463,33
2022-07-15 22:07:00,0.1579172,7.206896,243.0281,23.06616,12.87172,25.22205,0.0,0.4,0.0,22.80833,23.375,23.45,22.95,-1.084329,0.1865014,33
2022-07-15 22:08:00,0.157893,7.197279,242.9996,23.03033,12.87172,25.22205,0.0,0.4,0.0,22.71667,23.33333,23.41666,22.9,-1.161096,0.1866501999999999,33
2022-07-15 22:09:00,0.1578662999999999,7.237599,243.0086,22.97296,12.87172,25.19512,0.0,0.4,0.0,22.65833,23.26667,23.38333,22.88333,-1.285842,0.1873759,33
2022-07-15 22:10:00,0.1578314,7.164701,242.9521,22.94293,12.87172,25.19267,0.0,0.4,0.0,22.65,23.25833,23.35,22.85833,-1.237862,0.185919,33
2022-07-15 22:11:00,0.1578133999999999,7.198203,242.8819,22.91619,12.86669,25.16331,0.0,0.325,0.0,22.61667,23.23333,23.30833,22.83333,-1.209075,0.1865579,33
2022-07-15 22:12:00,0.157884,7.201868,242.9077,22.91731,12.87172,25.15277,0.0,0.3083332999999999,0.0,22.65833,23.175,23.28333,22.80833,-1.141904,0.1865007999999999,33
2022-07-15 22:13:00,0.1578944999999999,7.198624,242.9483,22.89682,12.87179,25.13168,0.0,0.2999999999999999,0.0,22.575,23.16667,23.21667,22.775,-1.180287,0.1863808,33
2022-07-15 22:14:00,0.1577559,7.211483,242.8508,22.89675,12.87215,25.10966,0.0,0.3083332999999999,0.0,22.525,23.10833,23.2,22.725,-1.295437,0.1875817999999999,33
2022-07-15 22:15:00,0.1576226,7.187744,242.8007,22.91763,12.87212,25.10231,0.0,0.2999999999999999,0.0,22.53333,23.1,23.19167,22.69167,-1.314629,0.1864517,33
2022-07-15 22:16:00,0.1577937,7.220246999999999,242.9053,22.92454,12.87206,25.08518,0.0,0.2999999999999999,0.0,22.5,23.05833,23.16667,22.68333,-1.391396,0.1873433999999999,33
2022-07-15 22:17:00,0.1578783,7.225304999999999,242.9048,22.91776,12.87202,25.07294,0.0,0.2999999999999999,0.0,22.50833,23.03333,23.15,22.68333,-1.477758,0.1871186,33
2022-07-15 22:18:00,0.157888,7.198765,242.9733,22.87417,12.87245,25.04601,0.0,0.2999999999999999,0.0,22.46667,23.04167,23.11667,22.68333,-1.362608,0.1865609,33
2022-07-15 22:19:00,0.1578553,7.213234,242.9892,22.85754,12.87237,25.04112,-0.0013333329999999,0.2999999999999999,-0.0002,22.425,23.0,23.10833,22.64166,-1.276246,0.1865967,33
2022-07-15 22:20:00,0.157968,7.209854,243.0899,22.82154,12.87371,25.0142,0.0006666667,0.2999999999999999,0.0,22.425,22.98333,23.08333,22.61667,-1.295437,0.1865966,33
2022-07-15 22:21:00,0.1579411,7.227867,243.0711,22.78635,12.87361,24.99838,0.0,0.2999999999999999,0.0,22.39166,22.94167,23.03333,22.58333,-1.276246,0.1869662,33
2022-07-15 22:22:00,0.1578473,7.191931,243.0456,22.75529,12.87424,24.98257,0.0,0.2999999999999999,0.0,22.35,22.91666,23.0,22.50833,-1.257054,0.1864508,33
2022-07-15 22:23:00,0.1579922,7.227894,243.0536,22.72153,12.87669,24.96544,0.0,0.2999999999999999,0.0,22.35,22.90833,23.0,22.50833,-1.276246,0.1867994,33
2022-07-15 22:24:00,0.1579087999999999,7.21537,243.0549,22.71889,12.87564,24.9532,0.0,0.2999999999999999,0.0,22.33333,22.90833,22.975,22.51666,-1.237862,0.1866636999999999,33
2022-07-15 22:25:00,0.1579953,7.237341,243.1043,22.68012,12.87789,24.92628,0.0,0.2999999999999999,0.0,22.28333,22.86667,22.95,22.48333,-1.26665,0.1872379999999999,33
2022-07-15 22:26:00,0.1579218,7.244714,243.1159,22.64172,12.87683,24.91894,0.0,0.2999999999999999,0.0,22.20833,22.81667,22.89166,22.41666,-1.26665,0.1871775,33
2022-07-15 22:27:00,0.1579018,7.235371,243.1096,22.60885,12.87771,24.89446,0.0,0.2999999999999999,0.0,22.19167,22.79167,22.85,22.38333,-1.295437,0.1878118,33
2022-07-15 22:28:00,0.1579858,7.236263,243.1074,22.59676,12.87764,24.87488,0.0,0.3166667,0.0,22.19167,22.79167,22.875,22.375,-1.276246,0.1863397,33
2022-07-15 22:29:00,0.1579358999999999,7.222018,243.0809,22.59451,12.87713,24.86508,0.0,0.3083332999999999,0.0,22.16667,22.78333,22.85,22.325,-1.199479,0.1879952,33
2022-07-15 22:30:00,0.1578446,7.232755,243.1081,22.58518,12.87755,24.84551,0.0,0.2999999999999999,0.0,22.19167,22.71667,22.8,22.29167,-1.189883,0.1870542,33
2022-07-15 22:31:00,0.1579028,7.243442,243.2769,22.57259,12.87786,24.83572,0.0,0.325,0.0,22.08333,22.7,22.76667,22.28333,-1.218671,0.1873169,33
2022-07-15 22:32:00,0.1581479,7.268087,243.4531,22.54032,12.87794,24.80634,0.0,0.3083332999999999,0.0,22.1,22.65,22.69167,22.25,-1.218671,0.1866308,33
2022-07-15 22:33:00,0.1582861,7.261913,243.4525,22.5623,12.87821,24.80145,0.0,0.3083332999999999,0.0,22.05833,22.6,22.7,22.19167,-1.237862,0.1874845,33
2022-07-15 22:34:00,0.158139,7.263378999999999,243.3462,22.52461,12.87829,24.77698,0.0,0.325,0.0,22.00833,22.61667,22.65,22.2,-1.237862,0.1875062,33
2022-07-15 22:35:00,0.1580884999999999,7.247611,243.3525,22.51795,12.87844,24.7525,0.0,0.2999999999999999,0.0,22.05,22.60833,22.675,22.2,-1.257054,0.1865806999999999,33
2022-07-15 22:36:00,0.1582147,7.261799,243.4198,22.54063,12.87857,24.74761,0.0,0.3166667,0.0,22.08333,22.59167,22.65833,22.19167,-1.276246,0.1872351999999999,33
2022-07-15 22:37:00,0.1582112,7.274717,243.4974,22.51346,12.87863,24.72125,0.0,0.2999999999999999,0.0,22.04167,22.59167,22.68333,22.18333,-1.343417,0.1869501,33
2022-07-15 22:38:00,0.1583194,7.246762999999999,243.5371,22.52472,12.87877,24.71597,0.0,0.2999999999999999,0.0,22.05833,22.59167,22.66667,22.16667,-1.343417,0.1869547,33
2022-07-15 22:39:00,0.1581981,7.289658,243.4911,22.49422,12.8788,24.68906,0.0,0.2999999999999999,0.0,22.1,22.50833,22.63333,22.18333,-1.410587,0.1875801,33
2022-07-15 22:40:00,0.1582498,7.276486,243.4319,22.50587,12.8789,24.68416,0.0,0.2999999999999999,0.0,22.1,22.55,22.65,22.18333,-1.458567,0.1872113,33
2022-07-15 22:41:00,0.1581547,7.256463,243.2775,22.48503,12.87894,24.65724,0.0,0.2999999999999999,0.0,22.14166,22.51666,22.66667,22.19167,-1.448971,0.1867891,33
2022-07-15 22:42:00,0.1581603,7.238114999999999,243.3638,22.47993,12.87899,24.64255,0.0,0.2999999999999999,0.0,22.13333,22.55,22.68333,22.2,-1.3818,0.1864995999999999,33
2022-07-15 22:43:00,0.1581637999999999,7.240046,243.3988,22.48518,12.87904,24.62786,0.0,0.2999999999999999,0.0,22.11667,22.55,22.69167,22.2,-1.353012,0.1874047,33
2022-07-15 22:44:00,0.1579438,7.253078,243.3225,22.48255,12.87907,24.61563,0.0,0.2999999999999999,0.0,22.14166,22.55833,22.69167,22.2,-1.285842,0.1876164999999999,33
2022-07-15 22:45:00,0.1579561999999999,7.260529,243.3576,22.46673,12.87913,24.5985,0.0,0.2999999999999999,0.0,22.15,22.6,22.7,22.20833,-1.324225,0.1879559,33
2022-07-15 22:46:00,0.1579228,7.276608,243.4003,22.46046,12.87914,24.57647,0.0,0.2999999999999999,0.0,22.11667,22.60833,22.70833,22.21667,-1.237862,0.1871548,33
2022-07-15 22:47:00,0.1579543999999999,7.251045,243.3994,22.46896,12.87918,24.56912,0.0,0.2999999999999999,0.0,22.14166,22.64166,22.73333,22.24167,-1.228267,0.187374,33
2022-07-15 22:48:00,0.1580387,7.249505,243.464,22.44161,12.8792,24.54465,0.0,0.2999999999999999,0.0,22.18333,22.61667,22.7,22.275,-1.161096,0.1873479999999999,33
2022-07-15 22:49:00,0.1580718,7.276398,243.5249,22.40763,12.87922,24.53486,0.0,0.2999999999999999,0.0,22.1,22.60833,22.71667,22.26667,-1.161096,0.1872177999999999,33
2022-07-15 22:50:00,0.1581769,7.283555,243.643,22.39202,12.87878,24.51039,0.0,0.2999999999999999,0.0,22.15,22.6,22.71667,22.23333,-1.189883,0.1872367,33
2022-07-15 22:51:00,0.1582997999999999,7.282428999999999,243.7663,22.38818,12.88016,24.50794,0.0,0.2999999999999999,0.0,22.13333,22.6,22.68333,22.2,-1.237862,0.1878682,33
2022-07-15 22:52:00,0.1583517999999999,7.272418,243.8172,22.32457,12.88019,24.48101,0.0,0.2999999999999999,0.0,22.10833,22.6,22.675,22.2,-1.314629,0.1871010999999999,33
2022-07-15 22:53:00,0.1582212,7.289505,243.7466,22.31759,12.87974,24.47612,0.0,0.2999999999999999,0.0,22.08333,22.61667,22.675,22.2,-1.314629,0.1875723,33
2022-07-15 22:54:00,0.1581577999999999,7.310971999999999,243.6682,22.28925,12.87975,24.45409,0.0,0.2999999999999999,0.0,22.075,22.6,22.68333,22.20833,-1.26665,0.1876188,33
2022-07-15 22:55:00,0.1583252,7.308916,243.7706,22.27183,12.88159,24.44431,0.0,0.2999999999999999,0.0,22.09167,22.6,22.625,22.2,-1.237862,0.1880632,33
2022-07-15 22:56:00,0.1584607,7.273339,243.9011,22.23244,12.8816,24.42227,0.0,0.2999999999999999,0.0,22.06667,22.6,22.65,22.15,-1.257054,0.1871916999999999,33
2022-07-15 22:57:00,0.1585064999999999,7.300346,243.9275,22.16355,12.88298,24.41004,0.0,0.2999999999999999,0.0,21.975,22.6,22.61667,22.125,-1.189883,0.1875699999999999,33
2022-07-15 22:58:00,0.1583225,7.273786999999999,243.681,22.10285,12.88298,24.3929,0.0,0.2999999999999999,0.0,21.89166,22.58333,22.61667,22.10833,-1.113117,0.1878403999999999,33
2022-07-15 22:59:00,0.1581169,7.259303,243.5938,22.08658,12.8839,24.39046,0.0,0.2999999999999999,0.0,21.88333,22.50833,22.6,22.10833,-1.1515,0.1869059999999999,33
2022-07-15 23:00:00,0.1580878,7.291940999999999,243.5597,22.06613,12.88299,24.36598,0.0,0.2999999999999999,0.0,21.90833,22.50833,22.58333,22.08333,-1.141904,0.1875168,33
2022-07-15 23:01:00,0.1581475,7.265255,243.5547,22.03175,12.88483,24.35374,0.0,0.2999999999999999,0.0,21.84167,22.48333,22.51666,22.05,-1.170692,0.1875691999999999,33
2022-07-15 23:02:00,0.158206,7.275801,243.6611,22.00102,12.88392,24.33416,0.0,0.2999999999999999,0.0,21.88333,22.49167,22.525,22.025,-1.209075,0.1879849,33
2022-07-15 23:03:00,0.1582879,7.281112,243.6588,21.97038,12.88483,24.31948,0.0,0.2999999999999999,0.0,21.84167,22.475,22.50833,22.01666,-1.228267,0.1870356,33
2022-07-15 23:04:00,0.1582815999999999,7.270521999999999,243.7126,21.9584,12.88484,24.3048,0.0,0.2999999999999999,0.0,21.86667,22.43333,22.48333,21.99167,-1.305033,0.1878506,33
2022-07-15 23:05:00,0.1582098,7.302171999999999,243.6626,21.9196,12.88484,24.27787,0.0,0.2999999999999999,0.0,21.85833,22.4,22.475,21.975,-1.3818,0.1875099,33
2022-07-15 23:06:00,0.1581287,7.273190999999998,243.4847,21.91023,12.88484,24.27542,0.0,0.2999999999999999,0.0,21.80833,22.38333,22.4,21.89166,-1.3818,0.1877082999999999,33
2022-07-15 23:07:00,0.1581096999999999,7.258152,243.4864,21.88684,12.88485,24.25283,0.0,0.2916667,0.0,21.78333,22.35833,22.4,21.89166,-1.372204,0.1878604,33
2022-07-15 23:08:00,0.1581893,7.283521,243.6021,21.90056,12.88485,24.24586,0.0,0.2999999999999999,0.0,21.80833,22.30833,22.34167,21.85,-1.391396,0.1874721,33
2022-07-15 23:09:00,0.1582384,7.295573,243.7668,21.87696,12.88485,24.21894,0.0,0.2999999999999999,0.0,21.78333,22.275,22.29167,21.78333,-1.343417,0.1879717999999999,33
2022-07-15 23:10:00,0.1580719999999999,7.267194,243.6767,21.86466,12.88485,24.20671,0.0,0.2999999999999999,0.0,21.69167,22.20833,22.26667,21.74167,-1.314629,0.1872539,33
2022-07-15 23:11:00,0.1582054,7.304604,243.7201,21.85435,12.88485,24.18957,0.0,0.2999999999999999,0.0,21.64166,22.19167,22.20833,21.69167,-1.324225,0.1882834999999999,33
2022-07-15 23:12:00,0.158272,7.294317999999999,243.8709,21.81932,12.88485,24.1602,0.0,0.2999999999999999,0.0,21.61667,22.14166,22.18333,21.69167,-1.3818,0.1878723999999999,33
2022-07-15 23:13:00,0.1583853,7.302233,243.8861,21.7903,12.88485,24.1602,0.0,0.2999999999999999,0.0,21.55833,22.1,22.15,21.625,-1.362608,0.188123,33
2022-07-15 23:14:00,0.1582964,7.288782999999999,243.8539,21.76264,12.88485,24.13818,0.0,0.2999999999999999,0.0,21.49167,22.05,22.09167,21.575,-1.353012,0.1875851,33
2022-07-15 23:15:00,0.1583235,7.304210999999999,243.887,21.77659,12.88485,24.12594,0.0,0.2999999999999999,0.0,21.49167,22.025,22.05833,21.50833,-1.391396,0.187804,33
2022-07-15 23:16:00,0.1583747,7.29913,243.8083,21.76304,12.88485,24.10146,0.0,0.2999999999999999,0.0,21.425,21.95833,22.0,21.45833,-1.372204,0.1882948999999999,33
2022-07-15 23:17:00,0.1583716,7.304655,243.8661,21.75666,12.88485,24.09167,0.0,0.2999999999999999,0.0,21.4,21.875,21.91666,21.4,-1.400992,0.1882533,33
2022-07-15 23:18:00,0.158344,7.276276,243.8846,21.73698,12.88486,24.07209,0.0,0.2999999999999999,0.0,21.33333,21.84167,21.93333,21.35,-1.448971,0.1876074,33
2022-07-15 23:19:00,0.1582832999999999,7.300351,243.8303,21.71109,12.88486,24.05251,0.0,0.2999999999999999,0.0,21.31667,21.80833,21.85833,21.35833,-1.420183,0.1878942,33
2022-07-15 23:20:00,0.1583214,7.297123,243.9319,21.70263,12.88486,24.04272,0.0,0.2999999999999999,0.0,21.31667,21.79167,21.875,21.31667,-1.372204,0.1881085999999999,33
2022-07-15 23:21:00,0.1584298,7.309959,244.0286,21.68618,12.88486,24.03048,0.0,0.2999999999999999,0.0,21.33333,21.75833,21.83333,21.3,-1.362608,0.1885853999999999,33
2022-07-15 23:22:00,0.1585455,7.345256,244.2093,21.67657,12.88531,24.01335,0.0,0.2999999999999999,0.0,21.3,21.71667,21.8,21.24167,-1.391396,0.1876587,33
2022-07-15 23:23:00,0.1585551,7.308417999999999,244.1996,21.67301,12.88714,24.00431,0.0,0.2833333,0.0,21.275,21.68333,21.76667,21.21667,-1.477758,0.1877751,33
2022-07-15 23:24:00,0.158428,7.330405,244.1272,21.65623,12.88851,23.98624,0.0,0.225,0.0,21.25,21.68333,21.78333,21.2,-1.544929,0.1871323,33
2022-07-15 23:25:00,0.1585263,7.333051,244.2035,21.63586,12.88851,23.96666,0.0,0.2,0.0,21.26667,21.625,21.71667,21.16667,-1.592908,0.1878586999999999,33
2022-07-15 23:26:00,0.1585782,7.30602,244.1883,21.62878,12.89034,23.95687,0.0,0.2,0.0,21.23333,21.625,21.725,21.16667,-1.573717,0.1878211999999999,33
2022-07-15 23:27:00,0.1586326,7.335465,244.3254,21.60588,12.89034,23.92995,0.0,0.2,0.0,21.225,21.6,21.69167,21.15833,-1.573717,0.1879117999999999,33
2022-07-15 23:28:00,0.1586285,7.363297,244.3563,21.58982,12.89034,23.92016,0.0,0.2,0.0,21.20833,21.6,21.65833,21.11667,-1.506546,0.1888613,33
2022-07-15 23:29:00,0.1584777,7.344458,244.3167,21.57045,12.89034,23.89813,0.0,0.2,0.0,21.2,21.6,21.66667,21.10833,-1.429779,0.1874261999999999,33
2022-07-15 23:30:00,0.1585868,7.344654,244.3636,21.5788,12.89034,23.881,0.0,0.2,0.0,21.18333,21.53333,21.6,21.075,-1.448971,0.188445,33
2022-07-15 23:31:00,0.1586289999999999,7.332030999999998,244.3361,21.56888,12.89034,23.86632,0.0,0.2083333,0.0,21.1,21.5,21.59167,21.01667,-1.439375,0.1877539,33
2022-07-15 23:32:00,0.1586135999999999,7.340207999999999,244.2622,21.5439,12.89034,23.83939,0.0,0.2,0.0,21.08333,21.45833,21.55,21.00833,-1.487354,0.1881925999999999,33
2022-07-15 23:33:00,0.1586816,7.327594999999999,244.349,21.52376,12.89034,23.81454,0.0,0.2,0.0,21.09167,21.4,21.5,20.94167,-1.477758,0.1877216999999999,33
2022-07-15 23:34:00,0.1584459,7.335535,244.2473,21.52694,12.89034,23.80738,0.0006666667,0.2,0.0001333333,21.1,21.35,21.45,20.90833,-1.525737,0.1880911999999999,33
2022-07-15 23:35:00,0.1584352,7.314905,244.1303,21.50719,12.89034,23.78291,0.0,0.2,0.0,21.075,21.29167,21.36667,20.825,-1.564121,0.1886424999999999,33
2022-07-15 23:36:00,0.1582666,7.315157,244.0129,21.51101,12.89034,23.76333,0.0,0.2,0.0,21.00833,21.275,21.35833,20.80833,-1.564121,0.1884919999999999,33
2022-07-15 23:37:00,0.1583790999999999,7.312547999999999,244.0891,21.51868,12.89034,23.74619,0.0,0.2,0.0,21.00833,21.225,21.33333,20.8,-1.602504,0.1878867999999999,33
2022-07-15 23:38:00,0.1584276,7.323568,244.1198,21.49447,12.89172,23.72417,0.0,0.2,0.0,20.99167,21.21667,21.30833,20.78333,-1.573717,0.1885204,33
2022-07-15 23:39:00,0.1584776,7.315324999999999,244.0947,21.48678,12.89217,23.69932,0.0,0.2,0.0,21.03333,21.2,21.29167,20.775,-1.573717,0.1880358,33
2022-07-15 23:40:00,0.158388,7.307394999999999,244.0437,21.46615,12.89537,23.69461,0.0,0.2,0.0,21.0,21.2,21.26667,20.76667,-1.564121,0.1880564999999999,33
2022-07-15 23:41:00,0.1584768,7.339863,244.151,21.42666,12.89583,23.66768,0.0,0.2,0.0,21.0,21.16667,21.24167,20.725,-1.554525,0.1880805999999999,33
2022-07-15 23:42:00,0.1585426,7.346294,244.1851,21.39516,12.89537,23.64321,0.0,0.2,0.0,21.0,21.16667,21.25,20.7,-1.535333,0.1881908999999999,33
2022-07-15 23:43:00,0.1587017,7.381262,244.2534,21.39907,12.89583,23.62852,0.0,0.2,0.0,21.01667,21.16667,21.23333,20.73333,-1.535333,0.1881797,33
2022-07-15 23:44:00,0.1586221999999999,7.335485,244.2846,21.387,12.89583,23.60894,0.0,0.2,0.0,21.0,21.15833,21.225,20.70833,-1.564121,0.1876944,33
2022-07-15 23:45:00,0.15861,7.318733,244.3115,21.36668,12.89583,23.58183,0.0,0.2,0.0,21.0,21.14167,21.21667,20.7,-1.583312,0.1884338,33
2022-07-15 23:46:00,0.1586573,7.351058,244.394,21.36407,12.89583,23.5696,0.0,0.225,0.0,20.96667,21.13333,21.20833,20.675,-1.602504,0.188035,33
2022-07-15 23:47:00,0.1588677,7.371844,244.6342,21.34893,12.89471,23.55246,0.0,0.25,0.0,20.99167,21.15,21.225,20.71667,-1.544929,0.1883207,33
2022-07-15 23:48:00,0.1588855,7.357217,244.6496,21.33648,12.89626,23.53043,0.0,0.2916667,0.0,20.95833,21.125,21.14167,20.66667,-1.477758,0.1877436,33
2022-07-15 23:49:00,0.1587933,7.361945999999999,244.555,21.3463,12.89655,23.51405,0.0,0.2916667,0.0,20.975,21.10833,21.16667,20.66667,-1.400992,0.188144,33
2022-07-15 23:50:00,0.1587948,7.339163,244.3926,21.35373,12.89663,23.49598,0.0,0.2999999999999999,0.0,20.95833,21.14167,21.16667,20.675,-1.410587,0.1874639999999999,33
2022-07-15 23:51:00,0.1587398999999999,7.322377999999999,244.3593,21.3492,12.89689,23.4715,0.0,0.2999999999999999,0.0,20.975,21.16667,21.175,20.7,-1.362608,0.1884594,33
2022-07-15 23:52:00,0.1588210999999999,7.333818,244.4667,21.38538,12.89696,23.46416,0.0,0.2999999999999999,0.0,20.94167,21.2,21.21667,20.725,-1.276246,0.1883812,33
2022-07-15 23:53:00,0.1587408999999999,7.334292999999999,244.4472,21.36603,12.89711,23.44214,0.0,0.2999999999999999,0.0,20.89167,21.2,21.20833,20.69167,-1.209075,0.187978,33
2022-07-15 23:54:00,0.1586364,7.357878999999999,244.3675,21.35796,12.89586,23.43272,0.0,0.2999999999999999,0.0,20.875,21.175,21.19167,20.7,-1.103521,0.1880989,33
2022-07-15 23:55:00,0.1584878999999999,7.296848,244.2191,21.33043,12.89729,23.41013,0.0,0.2999999999999999,0.0,20.81667,21.15833,21.15833,20.65,-1.045946,0.1879865,33
2022-07-15 23:56:00,0.158497,7.310368,243.9494,21.3335,12.89742,23.40768,0.0,0.2999999999999999,0.0,20.80833,21.15833,21.15833,20.65,-1.045946,0.1880238999999999,33
2022-07-15 23:57:00,0.1585313,7.309935,244.0763,21.33006,12.89699,23.38566,0.0,0.2999999999999999,0.0,20.81667,21.15,21.175,20.675,-1.084329,0.1880568,33
2022-07-15 23:58:00,0.1588447,7.345068999999999,244.5045,21.33536,12.89754,23.37097,0.0,0.2999999999999999,0.0,20.80833,21.19167,21.2,20.68333,-1.093925,0.1884203999999999,33
2022-07-15 23:59:00,0.1588109,7.353347,244.4337,21.32538,12.89758,23.35139,0.0,0.2999999999999999,0.0,20.8,21.18333,21.19167,20.68333,-1.122712,0.1879527,33
2022-10-15 00:00:00,0.1566565,7.090263,240.8482,13.65249,13.1092,12.5341,0.0006666667,0.2,0.0,13.46667,11.125,11.75833,11.79167,-1.938358,0.1859339,33
2022-10-15 00:01:00,0.1566249,7.115456,240.7852,13.55525,13.106,12.54163,0.002666667,0.2,0.0005333332999999,13.43333,11.1,11.71667,11.73333,-2.101487,0.1865702999999999,33
2022-10-15 00:02:00,0.1566865,7.087256,240.8033,13.552,13.10417,12.55669,0.0013333329999999,0.2,0.0004,13.425,11.125,11.75833,11.75833,-2.207042,0.1865015999999999,33
2022-10-15 00:03:00,0.1567572999999999,7.092492,240.8685,13.60853,13.10737,12.5774,0.0,0.2,0.0,13.45833,11.075,11.70833,11.7,-2.283808,0.1863198,33
2022-10-15 00:04:00,0.1569222999999999,7.089245,240.8403,13.5768,13.106,12.58154,0.0006666667,0.2,0.0001333333,13.45833,11.04167,11.65,11.65,-2.389362,0.1864857,33
2022-10-15 00:05:00,0.156539,7.068703,240.4422,13.51872,13.10509,12.60225,0.0013333329999999,0.2,0.0002666667,13.35,10.89167,11.45,11.44167,-2.494917,0.1869528,33
2022-10-15 00:06:00,0.1565415,7.065352,240.4117,13.4428,13.10371,12.6192,0.0,0.2,0.0,13.25833,10.775,11.35833,11.28333,-2.696429,0.1866666999999999,33
2022-10-15 00:07:00,0.1564001999999999,7.049227,240.3655,13.4482,13.10326,12.62673,0.0006666667,0.2,0.0001333333,13.30833,10.76667,11.38333,11.24167,-2.859558,0.1868202999999999,33
2022-10-15 00:08:00,0.1566255,7.096151,240.6615,13.53081,13.10326,12.64536,0.0006666667,0.2,0.0001333333,13.39167,10.75833,11.33333,11.21667,-2.869154,0.1861738,33
2022-10-15 00:09:00,0.1567417999999999,7.099627,240.9957,13.44699,13.10326,12.65158,0.0006666667,0.2,0.0001333333,13.28333,10.61667,11.23333,11.03333,-2.821175,0.186846,33
2022-10-15 00:10:00,0.15689,7.102073,241.0694,13.19518,13.1028,12.67418,0.0006666667,0.2,0.0001333333,12.925,10.51667,11.125,10.90833,-2.869154,0.1865173,33
2022-10-15 00:11:00,0.1569684,7.110484,241.2004,12.79955,13.10188,12.67418,0.0,0.2,0.0,12.46667,10.34167,10.98333,10.68333,-2.917133,0.1865512,33
2022-10-15 00:12:00,0.1571326,7.098339,241.2998,12.57019,13.10326,12.69488,0.0006666667,0.2,0.0,12.25833,10.19167,10.85,10.5,-3.013091,0.1866290999999999,33
2022-10-15 00:13:00,0.1570815999999999,7.110955,241.2205,12.47695,13.10326,12.69677,0.0013333329999999,0.2,0.0004,12.30833,10.05,10.71667,10.30833,-3.243392,0.1870292,33
2022-10-15 00:14:00,0.1570537999999999,7.11701,241.2404,12.40016,13.10326,12.70806,0.002,0.2,0.0004,12.35833,9.95,10.58333,10.18333,-3.387329,0.1871669,33
2022-10-15 00:15:00,0.1569856,7.120445,241.1941,12.44035,13.10326,12.71936,0.0,0.2,0.0,12.58333,9.908334,10.59167,10.125,-3.4545,0.1869360999999999,33
2022-10-15 00:16:00,0.1568233,7.118899,240.9645,12.52562,13.10326,12.71936,0.0006666667,0.2,0.0001333333,12.69167,9.858334,10.50833,10.03333,-3.348946,0.1863708,33
2022-10-15 00:17:00,0.1565117,7.084154,240.5279,12.51928,13.10326,12.71936,0.002,0.2,0.0002666667,12.60833,9.724999,10.39167,9.933333,-3.291371,0.1864333,33
2022-10-15 00:18:00,0.1563229999999999,7.103964,240.434,12.45938,13.10326,12.71936,0.0,0.2,0.0001333333,12.45833,9.608334,10.26667,9.733333,-3.387329,0.1871569999999999,33
2022-10-15 00:19:00,0.1562651999999999,7.06809,240.4037,12.35507,13.10554,12.71936,0.0013333329999999,0.2,0.0002666667,12.325,9.491666,10.19167,9.658333,-3.531266,0.1864901999999999,33
2022-10-15 00:20:00,0.1566169,7.12369,240.9058,12.25215,13.10783,12.71936,0.0006666667,0.2,0.0001333333,12.21667,9.416667,10.1,9.483333,-3.6848,0.1876288,33
2022-10-15 00:21:00,0.1559188,6.992161,239.4823,12.13581,13.10829,12.71936,0.0013333329999999,0.2,0.0002666667,12.05833,9.308333,9.95,9.35,-3.809546,0.1862292,33
2022-10-15 00:22:00,0.1556538,6.985632,239.3238,12.02155,13.10875,12.71936,0.0006666667,0.2,0.0001333333,11.96667,9.2,9.841666,9.216666,-3.943887,0.1862985,33
2022-10-15 00:23:00,0.1556921,7.008376,239.3326,11.94184,13.10875,12.71936,0.0,0.2,0.0,11.91667,9.141666,9.791667,9.133333,-4.03025,0.1867692,33
2022-10-15 00:24:00,0.1557533,6.993598,239.3221,11.94772,13.10875,12.71747,0.0013333329999999,0.2,0.0002666667,12.05,9.116667,9.733333,9.091666,-4.020654,0.1864615,33
2022-10-15 00:25:00,0.1557858,6.985464,239.3129,11.95379,13.10966,12.69677,0.0,0.2,0.0,12.09167,9.183333,9.900001,9.158333,-3.809546,0.1867178999999999,33
2022-10-15 00:26:00,0.1557068,7.001693,239.3503,11.79691,13.11287,12.693,0.0006666667,0.2,0.0001333333,11.8,9.15,9.883333,9.125,-3.540862,0.1867023999999999,33
2022-10-15 00:27:00,0.1558536,7.029562,239.5121,11.71454,13.11378,12.67418,0.0006666667,0.2,0.0001333333,11.76667,9.099999,9.791667,9.075,-3.483287,0.1865667,33
2022-10-15 00:28:00,0.1558402,7.005001,239.5417,11.99605,13.11424,12.67418,0.002,0.2,0.0002666667,12.2,9.241666,9.933333,9.224999,-3.4545,0.1860179,33
2022-10-15 00:29:00,0.1558499999999999,7.026436,239.549,12.13967,13.11424,12.65911,0.0006666667,0.2,0.0002666667,12.24167,9.241666,9.983333,9.258333,-3.329754,0.1865128,33
2022-10-15 00:30:00,0.1558006,7.034537,239.5782,12.07218,13.11424,12.65158,0.0006666667,0.2,0.0,12.05,9.216666,9.933333,9.258333,-3.2242,0.1868131,33
2022-10-15 00:31:00,0.1557641999999999,7.00589,239.4917,11.98863,13.11378,12.63294,0.0006666667,0.2,0.0002666667,11.96667,9.183333,9.908334,9.208333,-3.214604,0.1867559,33
2022-10-15 00:32:00,0.1557866,7.006305,239.4337,12.02826,13.11424,12.62673,0.0,0.2,0.0,12.09167,9.25,10.01667,9.358334,-3.157029,0.1865984,33
2022-10-15 00:33:00,0.1557509,6.997944,239.3476,12.14318,13.11424,12.60978,0.0013333329999999,0.2,0.0001333333,12.225,9.341666,10.1,9.433333,-3.06107,0.18665,33
2022-10-15 00:34:00,0.1557524999999999,7.004715,239.3194,12.11918,13.11424,12.59849,0.002666667,0.2,0.0005333332999999,12.18333,9.375,10.14167,9.425,-2.965112,0.1864097,33
2022-10-15 00:35:00,0.1558931,6.993615,239.3738,12.0726,13.11378,12.58154,0.0013333329999999,0.2,0.0004,12.175,9.383333,10.175,9.45,-2.869154,0.1863648,33
2022-10-15 00:36:00,0.1554966,6.988018,238.9361,12.13752,13.11424,12.57947,0.0,0.2,0.0,12.30833,9.55,10.23333,9.541667,-2.811579,0.1858606999999999,33
2022-10-15 00:37:00,0.1556095,6.993787,239.0466,12.32408,13.11424,12.55876,0.002666667,0.2,0.0005333332999999,12.49167,9.741666,10.44167,9.808333,-2.792387,0.1866794,33
2022-10-15 00:38:00,0.1555151999999999,6.999828,239.0054,12.42562,13.1147,12.55104,0.0,0.2,0.0,12.49167,9.891667,10.58333,9.983333,-2.590875,0.1869119999999999,33
2022-10-15 00:39:00,0.1556561999999999,6.989219,239.2592,12.36708,13.11515,12.5341,0.0013333329999999,0.2,0.0002666667,12.36667,9.925,10.65,10.04167,-2.427746,0.1868301,33
2022-10-15 00:40:00,0.155864,7.018157,239.5333,12.2087,13.11653,12.53222,0.0006666667,0.2,0.0001333333,12.2,9.875,10.55833,10.00833,-2.379767,0.1865713,33
2022-10-15 00:41:00,0.1559067,7.01387,239.5925,12.07444,13.11607,12.51151,0.0006666667,0.2,0.0001333333,12.10833,9.883333,10.55,10.025,-2.437341,0.1869167999999999,33
2022-10-15 00:42:00,0.1558856,7.016788,239.5423,12.0963,13.11698,12.51151,0.0,0.2,0.0,12.15833,9.916667,10.58333,10.08333,-2.514108,0.1866787,33
2022-10-15 00:43:00,0.1558382,7.021701,239.5084,12.17853,13.1179,12.4908,0.0006666667,0.2,0.0001333333,12.23333,9.908334,10.59167,10.11667,-2.5333,0.1861860999999999,33
2022-10-15 00:44:00,0.1560033,7.016942,239.5739,12.33865,13.11882,12.48665,0.0,0.2,0.0,12.39167,10.01667,10.675,10.2,-2.5333,0.1864348,33
2022-10-15 00:45:00,0.1560275,7.053783,239.6268,12.45518,13.11973,12.48477,0.0,0.2,0.0,12.45833,10.025,10.66667,10.275,-2.514108,0.1865902999999999,33
2022-10-15 00:46:00,0.1558245,7.039,239.6318,12.4333,13.11836,12.46783,0.0,0.2,0.0,12.4,9.966666,10.6,10.225,-2.494917,0.1868576,33
2022-10-15 00:47:00,0.1560598,7.052343,239.7083,12.36752,13.11882,12.46406,0.0006666667,0.2,0.0001333333,12.35,9.875,10.5,10.09167,-2.504512,0.1864378999999999,33
2022-10-15 00:48:00,0.1560364999999999,7.046244,239.6974,12.33368,13.11927,12.46406,0.0,0.2,0.0,12.325,9.858334,10.55833,10.03333,-2.562087,0.1867881,33
2022-10-15 00:49:00,0.1559839,7.047312,239.682,12.27279,13.11836,12.44335,0.0006666667,0.2,0.0001333333,12.325,9.816667,10.525,9.991667,-2.590875,0.1863621,33
2022-10-15 00:50:00,0.1559759,7.066287,239.7596,12.20181,13.11836,12.44147,0.0006666667,0.2,0.0001333333,12.25833,9.758333,10.36667,9.775,-2.571683,0.186782,33
2022-10-15 00:51:00,0.1559354,7.018961,239.7454,12.14163,13.11882,12.43771,0.0,0.2,0.0,12.19167,9.608333,10.24167,9.683333,-2.677237,0.1870196,33
2022-10-15 00:52:00,0.1560206,7.050572,239.781,12.10093,13.11973,12.41887,0.0006666667,0.2,0.0001333333,12.13333,9.508333,10.16667,9.508333,-2.821175,0.1867178999999999,33
2022-10-15 00:53:00,0.1560333999999999,7.029963,239.8102,12.11371,13.11973,12.41473,0.0,0.2,0.0,12.15833,9.441667,10.075,9.474999,-2.965112,0.1868031,33
2022-10-15 00:54:00,0.1561141,7.052086,239.8076,12.1212,13.11973,12.39402,0.0006666667,0.2,0.0001333333,12.15833,9.400001,10.075,9.425,-3.10905,0.1873916999999999,33
2022-10-15 00:55:00,0.1561895,7.066354,240.0231,12.17973,13.11927,12.39402,0.0013333329999999,0.2,0.0002666667,12.23333,9.333333,9.991667,9.358334,-3.166625,0.1873824,33
2022-10-15 00:56:00,0.156179,7.087105,240.0545,12.21049,13.11882,12.37896,0.002,0.2,0.0002666667,12.20833,9.25,9.925,9.308333,-3.157029,0.1877055,33
2022-10-15 00:57:00,0.1561757,7.047521,240.0852,12.21847,13.11973,12.37143,0.0006666667,0.2,0.0002666667,12.21667,9.158333,9.900001,9.183333,-3.157029,0.1866351,33
2022-10-15 00:58:00,0.1562171,7.065417,240.1313,12.16979,13.11973,12.35449,0.0006666667,0.2,0.0001333333,12.15,9.108333,9.875,9.125,-3.166625,0.1870029,33
2022-10-15 00:59:00,0.1561850999999999,7.088024,240.0941,12.1719,13.11973,12.34884,0.0006666667,0.2,0.0001333333,12.1,9.166667,9.883333,9.158333,-3.214604,0.1874644,33
2022-10-15 01:00:00,0.1560902,7.051398,240.0838,12.29713,13.11973,12.33378,0.0013333329999999,0.2,0.0002666667,12.23333,9.266666,9.983333,9.358333,-3.195412,0.1869754,33
2022-10-15 01:01:00,0.1559786,7.049654,240.0597,12.54336,13.11973,12.32417,0.002,0.2,0.0004,12.44167,9.408334,10.16667,9.666667,-3.147433,0.1866713,33
2022-10-15 01:02:00,0.1560825999999999,7.075907,240.126,12.83407,13.11973,12.3014,0.0,0.2,0.0,12.73333,9.675,10.375,9.974999,-2.984304,0.1871573,33
2022-10-15 01:03:00,0.1560975,7.075167,240.0669,13.0826,13.11973,12.3014,0.0006666667,0.2,0.0001333333,12.925,9.891666,10.60833,10.25833,-2.706025,0.1870464,33
2022-10-15 01:04:00,0.1560863,7.062701,240.0668,13.26487,13.11973,12.3014,0.0006666667,0.2,0.0001333333,13.09167,10.075,10.775,10.53333,-2.494917,0.187203,33
2022-10-15 01:05:00,0.1561375999999999,7.032969,240.1016,13.30075,13.11973,12.3014,0.0,0.2,0.0,13.09167,10.21667,10.89167,10.70833,-2.312596,0.1863105999999999,33
2022-10-15 01:06:00,0.1561908999999999,7.08203,240.1754,13.24658,13.11973,12.3014,0.0013333329999999,0.2,0.0002666667,13.01667,10.20833,10.88333,10.65,-2.063104,0.1875788999999999,33
2022-10-15 01:07:00,0.1562,7.0699,240.1957,13.14735,13.11973,12.3014,0.0013333329999999,0.2,0.0002666667,12.9,10.10833,10.76667,10.54167,-2.024721,0.1868151999999999,33
2022-10-15 01:08:00,0.1561617999999999,7.077026,240.1764,13.07979,13.11882,12.3014,0.0,0.2,0.0,12.89167,10.08333,10.73333,10.49167,-2.159062,0.187341,33
2022-10-15 01:09:00,0.1560690999999999,7.063251,240.1606,13.08894,13.11927,12.3014,0.0,0.2,0.0,12.94167,10.25,10.875,10.60833,-2.274212,0.1872591,33
2022-10-15 01:10:00,0.1559797,7.067075,240.1287,13.25432,13.11973,12.3014,0.0,0.2,0.0,13.10833,10.38333,11.00833,10.83333,-2.293404,0.1874027,33
2022-10-15 01:11:00,0.1560549,7.078625,240.2009,13.21562,13.11927,12.3014,0.0006666667,0.2,0.0001333333,12.975,10.425,11.08333,10.875,-2.235829,0.1874937999999999,33
2022-10-15 01:12:00,0.1561158,7.083794,240.326,13.21562,13.11836,12.3014,0.0,0.2,0.0,13.01667,10.51667,11.15833,10.975,-2.216637,0.1875236999999999,33
2022-10-15 01:13:00,0.1562231,7.100544,240.3134,12.958,13.11561,12.3014,0.0,0.2,0.0,12.73333,10.45833,11.01667,10.91667,-2.178254,0.1876357999999999,33
2022-10-15 01:14:00,0.1561925999999999,7.06988,240.1426,12.66785,13.1147,12.3014,0.0006666667,0.2,0.0001333333,12.50833,10.425,10.99167,10.85,-2.283808,0.1871886,33
2022-10-15 01:15:00,0.1562299,7.079393,240.0768,12.50572,13.11424,12.30554,0.0013333329999999,0.2,0.0001333333,12.38333,10.36667,10.98333,10.80833,-2.322191,0.1873055,33
2022-10-15 01:16:00,0.1561616,7.060488,240.0412,12.5871,13.11424,12.3221,0.0013333329999999,0.2,0.0004,12.6,10.475,11.025,10.9,-2.41815,0.187151,33
2022-10-15 01:17:00,0.1562313999999999,7.087868,240.0784,12.71382,13.11424,12.32624,0.0,0.2,0.0,12.725,10.55833,11.125,10.96667,-2.427746,0.1876748,33
2022-10-15 01:18:00,0.1561674999999999,7.068752,240.0464,12.60886,13.11424,12.32624,0.0,0.2,0.0,12.56667,10.60833,11.14167,11.04167,-2.350979,0.1872209,33
2022-10-15 01:19:00,0.1559928999999999,7.064028,239.9303,12.53276,13.11424,12.32624,0.0006666667,0.2,0.0001333333,12.53333,10.625,11.15833,11.04167,-2.370171,0.18748,33
2022-10-15 01:20:00,0.1558219999999999,7.042404,239.8381,12.6185,13.11424,12.33943,0.0006666667,0.2,0.0001333333,12.60833,10.66667,11.21667,11.1,-2.360575,0.1870101,33
2022-10-15 01:21:00,0.1559196999999999,7.065046,239.8862,12.6258,13.11424,12.34884,0.0,0.2,0.0,12.60833,10.69167,11.225,11.08333,-2.379767,0.1876327999999999,33
2022-10-15 01:22:00,0.1558852,7.068523,239.9159,12.6251,13.11424,12.34884,0.0006666667,0.2,0.0001333333,12.625,10.69167,11.24167,11.1,-2.360575,0.187429,33
2022-10-15 01:23:00,0.1559378999999999,7.049219,239.988,12.39396,13.11424,12.34884,0.0,0.2,0.0,12.33333,10.65833,11.14167,11.00833,-2.341383,0.1868238,33
2022-10-15 01:24:00,0.1560425,7.048697,239.9814,12.19307,13.11424,12.36014,0.0,0.2,0.0,12.21667,10.575,11.11667,10.94167,-2.350979,0.1876751999999999,33
2022-10-15 01:25:00,0.1561235,7.08053,240.0131,12.167,13.11424,12.37143,0.0006666667,0.2,0.0001333333,12.23333,10.53333,11.08333,10.84167,-2.427746,0.1876825,33
2022-10-15 01:26:00,0.1560687,7.075816,239.9676,12.15994,13.11424,12.37143,0.0,0.2,0.0,12.275,10.525,11.00833,10.80833,-2.504512,0.1870142999999999,33
2022-10-15 01:27:00,0.1560643999999999,7.06297,240.0256,12.21352,13.11424,12.37143,0.0,0.2,0.0,12.29167,10.55,11.09167,10.84167,-2.542896,0.1873546,33
2022-10-15 01:28:00,0.1561147,7.05938,240.0679,12.34372,13.11424,12.37331,0.002,0.2,0.0004,12.375,10.56667,11.05,10.84167,-2.581279,0.1876047,33
2022-10-15 01:29:00,0.155976,7.069156,239.9539,12.49458,13.11378,12.39026,0.0013333329999999,0.2083333,0.0001333333,12.55833,10.525,11.025,10.81667,-2.638854,0.1876652,33
2022-10-15 01:30:00,0.1560505,7.085505,240.0573,12.51854,13.11332,12.39026,0.0,0.2,0.0001333333,12.54167,10.50833,10.99167,10.75833,-2.638854,0.1881241999999999,33
2022-10-15 01:31:00,0.1558626999999999,7.055377,239.9671,12.50961,13.11424,12.39402,0.0006666667,0.225,0.0001333333,12.51667,10.40833,10.95,10.66667,-2.706025,0.1870557999999999,33
2022-10-15 01:32:00,0.1559483,7.061135,239.9448,12.30381,13.11424,12.39402,0.0006666667,0.2083333,0.0002,12.25833,10.31667,10.86667,10.59167,-2.7636,0.1880076,33
2022-10-15 01:33:00,0.1559729,7.075783,240.0415,12.24036,13.11424,12.39402,0.0006666667,0.2083333,0.0001333333,12.25,10.30833,10.83333,10.54167,-2.87875,0.1875419,33
2022-10-15 01:34:00,0.1561266,7.044169,240.0759,12.19947,13.11424,12.39402,0.0006666667,0.2,0.0,12.21667,10.26667,10.8,10.525,-2.936325,0.1869559,33
2022-10-15 01:35:00,0.1561427,7.096586,240.1103,12.17197,13.1147,12.39402,0.0,0.25,0.0001333333,12.16667,10.21667,10.775,10.5,-2.936325,0.1879786,33
2022-10-15 01:36:00,0.1562380999999999,7.081367,240.1638,12.19171,13.1147,12.39402,0.0,0.2583332999999999,0.0,12.20833,10.175,10.73333,10.475,-2.955517,0.1870397,33
2022-10-15 01:37:00,0.1562818,7.065468,240.2849,12.16703,13.11515,12.39402,0.0006666667,0.275,0.0002,12.2,10.15833,10.69167,10.44167,-3.003495,0.1876314,33
2022-10-15 01:38:00,0.1563015,7.093733,240.2615,12.0281,13.11424,12.39402,0.0,0.2583332999999999,0.0,12.01667,10.16667,10.68333,10.44167,-3.003495,0.1871230999999999,33
2022-10-15 01:39:00,0.156095,7.08592,240.1504,12.0556,13.11653,12.39402,0.0,0.2333332999999999,0.0,12.1,10.125,10.675,10.4,-3.013091,0.1872846,33
2022-10-15 01:40:00,0.1560902999999999,7.09841,240.1343,12.01681,13.11882,12.39402,0.0,0.275,0.0,12.03333,10.03333,10.60833,10.36667,-2.9939,0.1876921,33
2022-10-15 01:41:00,0.1559906,7.090185,240.1099,12.11273,13.11698,12.39402,0.0013333329999999,0.2916667,0.0002,12.13333,10.1,10.61667,10.40833,-3.080262,0.1880736,33
2022-10-15 01:42:00,0.1561979,7.103804,240.1986,12.22203,13.11836,12.39402,0.0006666667,0.2916667,0.0004,12.28333,10.06667,10.64167,10.44167,-3.080262,0.1876674,33
2022-10-15 01:43:00,0.1561703,7.086828,240.1554,12.29887,13.11927,12.39402,0.0,0.2916667,0.0,12.33333,10.15,10.71667,10.53333,-3.061071,0.1879155,33
2022-10-15 01:44:00,0.1560914999999999,7.084029,240.0985,12.30099,13.11882,12.39402,0.0006666667,0.2916667,0.0001333333,12.29167,10.15,10.75,10.58333,-2.907537,0.1877668999999999,33
2022-10-15 01:45:00,0.156029,7.069712,240.0827,12.21497,13.11973,12.39402,0.0006666667,0.2999999999999999,0.0,12.15833,10.175,10.74167,10.6,-2.782791,0.1879115,33
2022-10-15 01:46:00,0.1560375,7.071106,240.114,12.04619,13.11882,12.39026,0.0,0.2999999999999999,0.0002,11.99167,10.075,10.66667,10.48333,-2.734812,0.1871005,33
2022-10-15 01:47:00,0.1561383,7.101337,240.1169,11.84632,13.11973,12.39214,0.0006666667,0.2999999999999999,0.0002,11.84167,10.01667,10.575,10.39167,-2.725217,0.1879475999999999,33
2022-10-15 01:48:00,0.1560609,7.072652,240.0781,11.79972,13.11973,12.3752,0.0006666667,0.2999999999999999,0.0002,11.85,10.05,10.58333,10.34167,-2.706025,0.1881257,33
2022-10-15 01:49:00,0.1560591,7.089567,240.0338,11.8277,13.11973,12.37143,0.0006666667,0.2999999999999999,0.0002,11.85833,10.0,10.55,10.30833,-2.667641,0.1876739,33
2022-10-15 01:50:00,0.1560305999999999,7.099667,240.0549,11.6795,13.11992,12.37143,0.0013333329999999,0.2999999999999999,0.0004,11.70833,9.941667,10.49167,10.225,-2.658046,0.1878250999999999,33
2022-10-15 01:51:00,0.1561028,7.108675,240.0822,11.8872,13.11972,12.3639,0.0013333329999999,0.2999999999999999,0.0002,11.98333,9.958333,10.525,10.24167,-2.667641,0.1875637,33
2022-10-15 01:52:00,0.1561592,7.103243,240.1726,11.86766,13.12011,12.35637,0.0,0.2999999999999999,0.0002,11.89167,9.941667,10.5,10.23333,-2.667641,0.1885173,33
2022-10-15 01:53:00,0.1561749,7.104511,240.1992,11.77616,13.12009,12.34884,0.0013333329999999,0.2999999999999999,0.0004,11.79167,9.958333,10.53333,10.25833,-2.667641,0.1883092,33
2022-10-15 01:54:00,0.1560565999999999,7.080042,240.0952,11.84672,13.12002,12.34884,0.0006666667,0.2999999999999999,0.0002,11.88333,10.025,10.55,10.33333,-2.64845,0.1874219,33
2022-10-15 01:55:00,0.1560375,7.098959,240.0991,11.87588,13.12,12.34696,0.0006666667,0.2999999999999999,0.0002,11.85833,10.08333,10.59167,10.31667,-2.590875,0.1880728999999999,33
2022-10-15 01:56:00,0.155945,7.076442,240.0488,11.73849,13.11996,12.33378,0.0013333329999999,0.2999999999999999,0.0004,11.66667,10.0,10.53333,10.30833,-2.600471,0.1879717999999999,33
2022-10-15 01:57:00,0.1559931,7.091782,240.067,11.6519,13.11994,12.32624,0.0013333329999999,0.2999999999999999,0.0004,11.61667,9.925,10.40833,10.18333,-2.638854,0.1879925,33
2022-10-15 01:58:00,0.1559763,7.080052,240.0991,11.54045,13.119,12.3221,0.0,0.2999999999999999,0.0,11.5,9.900001,10.44167,10.14167,-2.677237,0.1878524,33
2022-10-15 01:59:00,0.1558911,7.087101,240.0701,11.3693,13.1208,12.3014,0.0013333329999999,0.2999999999999999,0.0002,11.31667,9.816667,10.35,10.075,-2.715621,0.1876024,33
2022-10-15 02:00:00,0.1559105,7.063332,240.0764,11.27042,13.12171,12.3014,0.0,0.2999999999999999,0.0002,11.24167,9.75,10.25,10.00833,-2.792387,0.1878363,33
2022-10-15 02:01:00,0.1558861,7.093418,240.0365,11.35823,13.12443,12.29387,0.0,0.2999999999999999,0.0,11.33333,9.691667,10.23333,9.95,-2.897941,0.1887456999999999,33
2022-10-15 02:02:00,0.1559572999999999,7.093727,240.072,11.35091,13.12488,12.2788,0.0,0.2999999999999999,0.0,11.325,9.641666,10.175,9.866667,-2.936325,0.1877819,33
2022-10-15 02:03:00,0.1559878,7.095139,240.1526,11.1677,13.12532,12.26939,0.0006666667,0.2999999999999999,0.0002,11.09167,9.533334,10.05,9.724999,-2.965112,0.1880043999999999,33
2022-10-15 02:04:00,0.1560323,7.08447,240.0895,10.9538,13.12511,12.25621,0.0013333329999999,0.2999999999999999,0.0004,10.88333,9.441667,9.966666,9.583333,-2.984304,0.1873943,33
2022-10-15 02:05:00,0.1559935,7.088995,240.1213,10.83078,13.12574,12.25056,0.0,0.2999999999999999,0.0,10.8,9.333333,9.866667,9.508333,-3.089858,0.1877268,33
2022-10-15 02:06:00,0.1559956999999999,7.08436,240.0753,10.79399,13.12603,12.23362,0.0006666667,0.2999999999999999,0.0002,10.78333,9.241666,9.783334,9.375,-3.195412,0.1881003,33
2022-10-15 02:07:00,0.1560586999999999,7.097202,240.06,10.74857,13.12607,12.20877,0.002,0.2999999999999999,0.0004,10.66667,9.099999,9.599999,9.216666,-3.2242,0.1878082,33
2022-10-15 02:08:00,0.155947,7.079923,240.0261,10.80488,13.12591,12.19935,0.0006666667,0.2999999999999999,0.0004,10.71667,9.025,9.55,9.166667,-3.329754,0.1879927999999999,33
2022-10-15 02:09:00,0.1559202,7.087922,239.9978,10.95214,13.12587,12.18053,0.0,0.2999999999999999,0.0,10.775,8.991666999999998,9.55,9.108334,-3.300967,0.188166,33
2022-10-15 02:10:00,0.1558606999999999,7.062795,240.0234,10.85386,13.12623,12.16358,0.0,0.2999999999999999,0.0,10.61667,8.833332999999998,9.416667,8.983333,-3.205008,0.1878311,33
2022-10-15 02:11:00,0.1559333,7.085209,240.0497,10.70582,13.12433,12.14287,0.0006666667,0.2999999999999999,0.0002,10.44167,8.75,9.316667,8.849999999999998,-3.2242,0.1883181999999999,33
2022-10-15 02:12:00,0.1559630999999999,7.119022,240.0609,10.66124,13.1275,12.12028,0.0006666667,0.2999999999999999,0.0002,10.43333,8.741666,9.333333,8.833332999999998,-3.195412,0.1883055999999999,33
2022-10-15 02:13:00,0.156011,7.09487,240.0485,10.82679,13.12879,12.10484,0.0006666667,0.2999999999999999,0.0002,10.60833,8.833332999999998,9.35,8.875,-3.195412,0.1880869,33
2022-10-15 02:14:00,0.1560725,7.089603,240.0607,10.94506,13.12976,12.08601,0.0,0.2999999999999999,0.0,10.81667,8.875,9.416667,8.966666,-3.089858,0.1877100999999999,33
2022-10-15 02:15:00,0.1561143,7.102911,240.0986,10.9898,13.13098,12.06718,0.0,0.2999999999999999,0.0,10.80833,8.925,9.474999,8.974999,-2.984304,0.1877242,33
2022-10-15 02:16:00,0.1560889,7.097933,240.1167,10.97955,13.13157,12.04215,0.0006666667,0.2999999999999999,0.0002,10.80833,8.916667,9.441667,9.0,-2.83077,0.1878169,33
2022-10-15 02:17:00,0.1562443,7.134313,240.2291,10.78555,13.13174,12.02351,0.0,0.2999999999999999,0.0,10.56667,8.741666,9.308333,8.841666,-2.706025,0.1882094,33
2022-10-15 02:18:00,0.1561635,7.099573,240.2586,10.66297,13.1319,12.00844,0.0,0.2999999999999999,0.0,10.45,8.691667,9.283334,8.791667,-2.754004,0.1878628,33
2022-10-15 02:19:00,0.1561715999999999,7.101061,240.1704,10.54506,13.13152,11.98397,0.0006666667,0.2999999999999999,0.0002,10.375,8.591666,9.166667,8.683332999999998,-2.897941,0.1883845,33
2022-10-15 02:20:00,0.1560416,7.095335,240.1156,10.48421,13.13217,11.96703,0.0,0.2999999999999999,0.0,10.325,8.558332999999998,9.075,8.608333,-2.888345,0.1880275999999999,33
2022-10-15 02:21:00,0.1560161999999999,7.10653,240.1177,10.46933,13.13221,11.93879,0.0,0.2999999999999999,0.0,10.28333,8.466666,9.016666,8.533334,-3.041879,0.1880834,33
2022-10-15 02:22:00,0.1560318,7.096842,240.1515,10.50784,13.13278,11.91864,0.0013333329999999,0.2999999999999999,0.0004,10.33333,8.366666999999998,8.958332999999998,8.458332999999998,-3.041879,0.1878075999999999,33
2022-10-15 02:23:00,0.1562413,7.121776,240.2088,10.64623,13.13399,11.8951,0.0,0.2999999999999999,0.0,10.475,8.341666,8.974999,8.449999999999998,-3.147433,0.1875566999999999,33
2022-10-15 02:24:00,0.1561769,7.082216,240.1492,10.63419,13.13566,11.87251,0.002,0.2999999999999999,0.0005999999999999,10.375,8.275,8.858334,8.349999,-3.166625,0.1877421,33
2022-10-15 02:25:00,0.1561354,7.105834,240.1047,10.61036,13.13639,11.84804,0.0,0.2999999999999999,0.0,10.325,8.108334,8.733333,8.158333,-3.128242,0.1875489999999999,33
2022-10-15 02:26:00,0.1561332,7.105767,240.0813,10.57333,13.13724,11.82733,0.0006666667,0.2999999999999999,0.0002,10.25,8.016666,8.599999,8.05,-3.185817,0.188173,33
2022-10-15 02:27:00,0.1561181,7.089791,240.174,10.5777,13.13656,11.80135,0.0,0.2999999999999999,0.0,10.225,7.949999,8.558332999999998,7.991666,-3.205008,0.1880134,33
2022-10-15 02:28:00,0.1561563,7.099811,240.1827,10.35572,13.13754,11.77612,0.0006666667,0.2999999999999999,0.0002,9.916667,7.849999999999999,8.458332999999998,7.916667,-3.214604,0.1884622,33
2022-10-15 02:29:00,0.1560823,7.08423,240.168,10.22265,13.13766,11.74788,0.0006666667,0.2999999999999999,0.0002,9.816667,7.808333,8.433332999999998,7.883333,-3.281775,0.1878225,33
2022-10-15 02:30:00,0.1561276,7.093396,240.1436,10.17521,13.13749,11.72528,0.0013333329999999,0.2999999999999999,0.0004,9.808333,7.791667,8.400000999999998,7.841667,-3.300967,0.1874812999999999,33
2022-10-15 02:31:00,0.156094,7.097588,240.1649,10.25259,13.13737,11.70081,0.0,0.2999999999999999,0.0,9.900001,7.791667,8.449999999999998,7.849999999999999,-3.272179,0.187893,33
2022-10-15 02:32:00,0.156171,7.090001,240.2197,10.28726,13.13755,11.66975,0.0006666667,0.2999999999999999,0.0002,9.95,7.758333,8.366666999999998,7.866666999999999,-3.233796,0.1873151999999999,33
2022-10-15 02:33:00,0.1563776,7.098835,240.2583,10.3817,13.1376,11.6496,0.0,0.2999999999999999,0.0,10.08333,7.758333,8.375,7.866666999999999,-3.128242,0.1877046,33
2022-10-15 02:34:00,0.156145,7.103634,240.2381,10.39137,13.13775,11.62324,0.0006666667,0.2999999999999999,0.0002,10.125,7.8,8.333332999999998,7.858333,-3.061071,0.1884328,33
2022-10-15 02:35:00,0.156282,7.088655,240.4142,10.3633,13.13826,11.59877,0.0006666667,0.2999999999999999,0.0002,10.08333,7.825,8.366666999999998,7.858333,-3.003495,0.1879777,33
2022-10-15 02:36:00,0.1562292,7.125855,240.4445,10.32484,13.14017,11.57241,0.0,0.2999999999999999,0.0,9.983333,7.808333,8.383333,7.891666,-2.869154,0.1881977,33
2022-10-15 02:37:00,0.156248,7.143969,240.5156,10.27646,13.14254,11.5517,0.0,0.2999999999999999,0.0,9.916667,7.808333,8.341666,7.858333,-2.725217,0.1881564,33
2022-10-15 02:38:00,0.1562317,7.109203,240.5381,10.13937,13.14349,11.52158,0.002,0.2999999999999999,0.0005999999999999,9.724999,7.716667,8.258333,7.741666999999999,-2.619662,0.1881475,33
2022-10-15 02:39:00,0.1561288,7.132954,240.5471,10.16967,13.14219,11.49673,0.0,0.2999999999999999,0.0,9.849999,7.708332999999999,8.258333,7.741666999999999,-2.629258,0.1885284999999999,33
2022-10-15 02:40:00,0.1561766,7.124839,240.5439,10.2145,13.14175,11.47225,0.0,0.2999999999999999,0.0,9.900001,7.716667,8.25,7.708332999999999,-2.619662,0.1881068999999999,33
2022-10-15 02:41:00,0.1560921,7.108085,240.4158,10.0847,13.14364,11.44589,0.0,0.2999999999999999,0.0,9.758333,7.675,8.25,7.683333,-2.686833,0.1878787,33
2022-10-15 02:42:00,0.1562077,7.122584,240.4408,10.07031,13.14366,11.41954,0.0,0.2999999999999999,0.0,9.758333,7.758333,8.308332999999998,7.741666999999999,-2.725217,0.1877632999999999,33
2022-10-15 02:43:00,0.1561702,7.101515,240.3683,10.17558,13.1437,11.39318,0.002,0.2999999999999999,0.0005999999999999,9.891667,7.7,8.275,7.775,-2.840366,0.1878636999999999,33
2022-10-15 02:44:00,0.1561606,7.085989,240.3777,10.00494,13.14189,11.36211,0.0006666667,0.2916667,0.0002,9.7,7.633333,8.183332999999998,7.7,-2.926729,0.1878939,33
2022-10-15 02:45:00,0.15633,7.097614,240.4463,10.05438,13.1442,11.32314,0.0,0.2999999999999999,0.0,9.808333,7.641666,8.216666,7.708332999999999,-2.9939,0.1874888999999999,33
2022-10-15 02:46:00,0.156204,7.130201,240.4689,10.06689,13.14515,11.29678,0.0006666667,0.2999999999999999,0.0002,9.808333,7.55,8.15,7.599999999999999,-3.061071,0.1879724999999999,33
2022-10-15 02:47:00,0.1561995999999999,7.135126,240.4915,9.951712,13.14699,11.27231,0.0013333329999999,0.2999999999999999,0.0004,9.625,7.483333,8.05,7.491666,-3.128242,0.1882649999999999,33
2022-10-15 02:48:00,0.1561876,7.113759,240.5256,9.887265,13.14701,11.24971,0.0006666667,0.2999999999999999,0.0002,9.641666,7.433333,8.05,7.433333,-3.233796,0.1887676,33
2022-10-15 02:49:00,0.1561362,7.125446,240.4904,9.928837,13.14839,11.22336,0.0013333329999999,0.2999999999999999,0.0004,9.675,7.416667,8.008333,7.441665999999999,-3.233796,0.1876678,33
2022-10-15 02:50:00,0.1562666,7.106668,240.4806,10.02753,13.14932,11.19888,0.0,0.2999999999999999,0.0,9.791667,7.333332999999999,7.925,7.408333,-3.233796,0.1874883,33
2022-10-15 02:51:00,0.156252,7.109476,240.4846,10.01631,13.14933,11.17215,0.0,0.2999999999999999,0.0,9.741666,7.25,7.858333,7.275,-3.013091,0.1874854,33
2022-10-15 02:52:00,0.1563565,7.104065,240.5751,9.931811,13.14888,11.14579,0.002,0.2999999999999999,0.0004,9.616666,7.15,7.816665999999999,7.2,-3.233796,0.1880504,33
2022-10-15 02:53:00,0.1564020999999999,7.111227,240.5857,9.840442,13.14935,11.12319,0.0,0.2999999999999999,0.0002,9.508333,7.116666,7.808333,7.15,-3.320158,0.1878563,33
2022-10-15 02:54:00,0.156195,7.122131,240.4168,9.757105,13.14936,11.09307,0.0013333329999999,0.2999999999999999,0.0004,9.491667,7.133333,7.766666,7.133333,-3.406521,0.1878642,33
2022-10-15 02:55:00,0.1561713999999999,7.087575,240.2274,9.616341,13.14936,11.0686,0.0006666667,0.2999999999999999,0.0002,9.358334,7.033333,7.708332999999999,7.05,-3.310562,0.1877471,33
2022-10-15 02:56:00,0.1560325999999999,7.081385,240.1863,9.532487,13.14937,11.04224,0.0013333329999999,0.2999999999999999,0.0004,9.308333,6.966667,7.641666,6.975,-3.262583,0.1872954,33
2022-10-15 02:57:00,0.1561177,7.099131,240.2032,9.468484,13.1512,11.01023,0.0013333329999999,0.2999999999999999,0.0002,9.258333,6.908333,7.558333,6.85,-3.214604,0.1878181999999999,33
2022-10-15 02:58:00,0.1560798999999999,7.075922,240.2035,9.380588,13.15258,10.98764,0.0,0.2999999999999999,0.0002,9.141666,6.933333,7.566665999999999,6.8,-3.300967,0.1873999,33
2022-10-15 02:59:00,0.1560236999999999,7.085481,240.1246,9.22318,13.15304,10.9594,0.0006666667,0.2999999999999999,0.0002,8.949999999999998,6.825,7.483333,6.675,-3.291371,0.1876692,33
2022-10-15 03:00:00,0.1560863,7.108744,240.1883,9.122951,13.15488,10.93304,0.0006666667,0.2999999999999999,0.0002,8.916667,6.766666,7.458332999999999,6.616666,-3.310562,0.1877002999999999,33
2022-10-15 03:01:00,0.1559459,7.07961,240.1642,9.124509,13.15488,10.90066,0.0013333329999999,0.2999999999999999,0.0004,9.0,6.758333,7.449999,6.608333,-3.33935,0.1876947999999999,33
2022-10-15 03:02:00,0.156014,7.079956,240.1562,9.123366,13.15488,10.87054,0.0,0.2999999999999999,0.0,8.966666,6.7,7.383333,6.525,-3.33935,0.1871795,33
2022-10-15 03:03:00,0.1561207,7.097889,240.2069,9.13096,13.15488,10.84418,0.0,0.2999999999999999,0.0,8.933332999999998,6.75,7.4,6.633333,-3.214604,0.1878983999999999,33
2022-10-15 03:04:00,0.1561387999999999,7.074109,240.1901,9.475879,13.15397,10.81406,0.0006666667,0.2999999999999999,0.0002,9.258333,6.816666,7.449999,6.741667,-3.137837,0.1879765999999999,33
2022-10-15 03:05:00,0.1561352,7.08296,240.1628,10.04658,13.15443,10.78393,0.0006666667,0.2999999999999999,0.0002,9.974999,6.85,7.516666,6.833333,-2.9939,0.1876767,33
2022-10-15 03:06:00,0.1560311,7.082283,240.1244,10.22387,13.15535,10.75945,0.0013333329999999,0.2999999999999999,0.0004,10.025,6.916667,7.591667,6.858333,-2.792387,0.1879356,33
2022-10-15 03:07:00,0.1560834999999999,7.072464,240.1088,10.01103,13.15672,10.72933,0.0,0.2999999999999999,0.0,9.583333,6.975,7.625,7.05,-2.552491,0.1874773999999999,33
2022-10-15 03:08:00,0.1559681,7.065682,240.0632,9.964559,13.1581,10.71051,0.0,0.2999999999999999,0.0,9.5,6.983333,7.608333,7.016666,-2.514108,0.1881242999999999,33
2022-10-15 03:09:00,0.1558643999999999,7.064072,240.044,9.815366,13.15947,10.68603,0.0,0.2999999999999999,0.0,9.341666,6.891666,7.55,6.991666,-2.562087,0.186819,33
2022-10-15 03:10:00,0.1558843,7.075154,240.0784,9.655726,13.16039,10.66532,0.0006666667,0.2999999999999999,0.0002,9.183333,6.866667,7.525,6.958333,-2.638854,0.1872742,33
2022-10-15 03:11:00,0.1558774,7.04942,239.9642,9.68625,13.16039,10.63708,0.0006666667,0.2999999999999999,0.0002,9.333333,6.841667,7.516666,6.991666,-2.7636,0.1882253,33
2022-10-15 03:12:00,0.1558035999999999,7.037334,239.7084,9.900039,13.15902,10.61637,0.0006666667,0.2999999999999999,0.0002,9.558333,6.85,7.533333,6.975,-2.754004,0.1870515,33
2022-10-15 03:13:00,0.1557957,7.057766,239.6756,9.82782,13.16039,10.59378,0.0006666667,0.2999999999999999,0.0002,9.425,6.8,7.458332999999999,6.941666,-2.754004,0.1871433,33
2022-10-15 03:14:00,0.1557405,7.077402,239.6774,9.793388,13.16039,10.5693,0.0,0.2999999999999999,0.0,9.400001,6.791667,7.508333,6.975,-2.849962,0.1875786999999999,33
2022-10-15 03:15:00,0.1558456,7.051669,239.7004,9.945508,13.16039,10.54859,0.0,0.2999999999999999,0.0,9.7,6.766666,7.458332999999999,6.983333,-2.801983,0.1874687999999999,33
2022-10-15 03:16:00,0.1557988999999999,7.045735,239.733,10.12,13.16039,10.52977,0.0013333329999999,0.2999999999999999,0.0004,9.933333,6.725,7.433333,6.9,-2.782791,0.1879299,33
2022-10-15 03:17:00,0.1558921,7.045678,239.7072,10.11179,13.15948,10.50529,0.0,0.2999999999999999,0.0,9.641666,6.55,7.275,6.791667,-2.782791,0.187762,33
2022-10-15 03:18:00,0.1558082,7.052202,239.6293,9.788354,13.15993,10.48646,0.0006666667,0.2999999999999999,0.0002,8.841666,6.425,7.083333,6.516666,-2.859558,0.1868352,33
2022-10-15 03:19:00,0.1558816,7.043695,239.6744,9.484375,13.16039,10.45822,0.0006666667,0.2999999999999999,0.0002,8.541667,6.308333,6.983333,6.358333,-2.936325,0.1871742,33
2022-10-15 03:20:00,0.1557744,7.053221,239.6676,9.171199,13.16039,10.4394,0.0,0.2999999999999999,0.0,8.258333,6.158333,6.9,6.2,-3.080262,0.1866677999999999,33
2022-10-15 03:21:00,0.1558403999999999,7.059011,239.7442,8.9532,13.16039,10.41304,0.0006666667,0.2999999999999999,0.0002,8.216666,6.083333,6.783333,6.083333,-3.214604,0.1868263,33
2022-10-15 03:22:00,0.1559165,7.056313,239.7644,8.822658,13.16085,10.39044,0.0006666667,0.2999999999999999,0.0002,8.191667,5.975,6.691666,5.9,-3.233796,0.1871211,33
2022-10-15 03:23:00,0.1556344,7.022504,239.2755,8.787943999999998,13.1636,10.36221,0.0006666667,0.2999999999999999,0.0002,8.283334,5.866667,6.583333,5.775,-3.300967,0.1865170999999999,33
2022-10-15 03:24:00,0.1554725,6.997177,239.1808,8.764815999999998,13.1658,10.33773,0.0,0.2999999999999999,0.0,8.483334,5.791667,6.491666,5.675,-3.195412,0.1866709,33
2022-10-15 03:25:00,0.1554355,7.030495,239.1611,8.870893,13.16636,10.3076,0.0013333329999999,0.2999999999999999,0.0004,8.849999,5.858333,6.5,5.6,-3.137837,0.1871042,33
2022-10-15 03:26:00,0.1554727999999999,7.008165,239.1753,8.909299,13.16669,10.27937,0.0,0.2999999999999999,0.0,8.724999,5.775,6.508333,5.516666,-2.974708,0.1870951999999999,33
2022-10-15 03:27:00,0.1556384,7.01082,239.3625,9.249424,13.16678,10.25489,0.0,0.2999999999999999,0.0,9.141666,5.875,6.591667,5.55,-2.917133,0.1870246,33
2022-10-15 03:28:00,0.1558993999999999,7.032963,239.7192,9.521116,13.16697,10.22665,0.0006666667,0.2999999999999999,0.0002,9.525001,5.833333,6.55,5.608333,-2.811579,0.1874861999999999,33
2022-10-15 03:29:00,0.1559184999999999,7.048017,239.7145,9.515298,13.16941,10.19464,0.0006666667,0.2999999999999999,0.0,9.266666,5.741667,6.466667,5.5,-2.7636,0.1872738999999999,33
2022-10-15 03:30:00,0.1555232,7.028179,239.2911,9.463611,13.16994,10.17205,0.0,0.2999999999999999,0.0002,9.099999,5.625,6.35,5.383333,-2.782791,0.1869782999999999,33
2022-10-15 03:31:00,0.1552179999999999,6.984236,238.9266,9.360635,13.17286,10.14569,0.0013333329999999,0.2999999999999999,0.0002,8.816667,5.541667,6.291667,5.333333,-2.897941,0.1877058,33
2022-10-15 03:32:00,0.1552915,6.986918,238.9476,9.398282,13.1729,10.1231,0.0006666667,0.2999999999999999,0.0004,8.9,5.608333,6.375,5.383333,-2.87875,0.1869246,33
2022-10-15 03:33:00,0.1554156999999999,7.005579,238.9878,9.455334,13.17302,10.09298,0.0,0.2999999999999999,0.0,8.991666999999998,5.675,6.466667,5.449999,-2.744408,0.1873626999999999,33
2022-10-15 03:34:00,0.1554069999999999,6.99062,239.0416,9.299863,13.17215,10.07227,0.0,0.2999999999999999,0.0,8.691667,5.591667,6.366667,5.358333,-2.590875,0.187014,33
2022-10-15 03:35:00,0.1551848999999999,6.974083,238.7634,9.095416,13.17314,10.04591,0.0006666667,0.2999999999999999,0.0002,8.391666,5.533333,6.291667,5.308333,-2.581279,0.1870258999999999,33
2022-10-15 03:36:00,0.1550253,6.991621,238.672,8.87101,13.1732,10.01955,0.0,0.2999999999999999,0.0,8.074999999999998,5.55,6.316666,5.325,-2.715621,0.1872803,33
2022-10-15 03:37:00,0.1550567999999999,6.984208,238.6495,8.737626,13.17186,9.99696,0.0006666667,0.2999999999999999,0.0002,8.066667,5.516666,6.35,5.316667,-2.869154,0.1869348,33
2022-10-15 03:38:00,0.1553926999999999,7.015962,239.0713,8.646349,13.17239,9.972486,0.0006666667,0.3083332999999999,0.0,8.066667,5.466667,6.283333,5.325,-3.022687,0.1876695999999999,33
2022-10-15 03:39:00,0.1554138999999999,6.998573,239.1803,8.583705,13.17424,9.946129,0.0013333329999999,0.2999999999999999,0.0005999999999999,8.125,5.441666,6.233333,5.233333,-3.137837,0.1873374999999999,33
2022-10-15 03:40:00,0.1554262999999999,7.005915,239.165,8.445045,13.17748,9.919767,0.0,0.2999999999999999,0.0,7.841667,5.408333,6.2,5.216667,-3.233796,0.1869362,33
2022-10-15 03:41:00,0.1554377999999999,7.0113,239.0529,8.3253,13.17796,9.895294,0.0006666667,0.2999999999999999,0.0002,7.766666,5.383333,6.15,5.191667,-3.272179,0.1874593,33
2022-10-15 03:42:00,0.1553713999999999,6.985681,238.9988,8.217854,13.17799,9.868938,0.0006666667,0.2999999999999999,0.0002,7.658333,5.383333,6.208333,5.191667,-3.272179,0.1872078,33
2022-10-15 03:43:00,0.1553664999999999,6.987317,238.9698,8.271713999999998,13.17756,9.842576,0.0006666667,0.2999999999999999,0.0002,7.816665999999999,5.383333,6.158333,5.258334,-3.262583,0.1867451,33
2022-10-15 03:44:00,0.1552991,6.994653,238.8923,8.279856,13.17894,9.818102,0.0013333329999999,0.2999999999999999,0.0004,7.849999999999999,5.333333,6.108333,5.158333,-3.214604,0.1864431,33
2022-10-15 03:45:00,0.1553036999999999,7.004724,238.9064,8.264305,13.17897,9.795511,0.0013333329999999,0.325,0.0004666666999999,7.858333,5.308333,6.074999,5.108333,-3.2242,0.1870130999999999,33
2022-10-15 03:46:00,0.1552916,6.977047,238.8679,8.27217,13.17898,9.769343,0.0013333329999999,0.3083332999999999,0.0004,7.875,5.316667,6.116666,5.141667,-3.233796,0.1869485999999999,33
2022-10-15 03:47:00,0.1552158999999999,7.018045,238.8354,8.276965,13.179,9.739403,0.0006666667,0.3166667,0.0002,7.825,5.35,6.158333,5.208333,-3.176221,0.1873853,33
2022-10-15 03:48:00,0.1551341,6.971418,238.7594,8.28771,13.17992,9.716812,0.0,0.3166667,0.0,7.75,5.4,6.225,5.308333,-3.10905,0.18675,33
2022-10-15 03:49:00,0.1551483999999999,6.982625,238.8009,8.293260999999998,13.18222,9.690456,0.0006666667,0.3083332999999999,0.0002666667,7.783333,5.416667,6.2,5.316667,-2.965112,0.1874499,33
2022-10-15 03:50:00,0.1550574,6.978376,238.7777,8.350918999999998,13.18361,9.662211,0.0,0.3416666999999999,0.0,7.875,5.449999,6.283333,5.391666,-2.869154,0.1879686,33
2022-10-15 03:51:00,0.1550844,6.973486,238.7586,8.3856,13.18407,9.635855,0.0,0.3416666999999999,0.0,7.949999,5.491666,6.275,5.449999,-2.782791,0.1875179999999999,33
2022-10-15 03:52:00,0.1551559,6.971759,238.7624,8.340707,13.18454,9.609499,0.0,0.3499999999999999,0.0,7.858333,5.574999,6.35,5.508333,-2.706025,0.1870853,33
2022-10-15 03:53:00,0.1552514,7.003302,238.8224,8.284197,13.18454,9.585023,0.0013333329999999,0.325,0.0005333332999999,7.883333,5.616666,6.333333,5.508333,-2.658046,0.1872764,33
2022-10-15 03:54:00,0.1552188999999999,7.005605,238.7347,8.316995,13.18455,9.55678,0.0,0.3416666999999999,0.0,7.883333,5.566666,6.358333,5.55,-2.658046,0.1873292,33
2022-10-15 03:55:00,0.1552515999999999,6.976479,238.7278,8.307140999999998,13.18456,9.534189,0.0006666667,0.3083332999999999,0.0002,7.866666999999999,5.591667,6.341667,5.533333,-2.629258,0.1873559999999999,33
2022-10-15 03:56:00,0.1551946999999999,6.988542,238.7437,8.299664,13.18456,9.509716,0.002666667,0.2999999999999999,0.0008,7.883333,5.583333,6.316666,5.508333,-2.600471,0.1873268999999999,33
2022-10-15 03:57:00,0.155163,6.976765,238.7017,8.335999,13.18365,9.487125,0.002,0.325,0.0004,7.941665999999999,5.583333,6.283333,5.533333,-2.581279,0.1866466,33
2022-10-15 03:58:00,0.1550639,6.976599,238.6469,8.35595,13.18457,9.46095,0.0006666667,0.2999999999999999,0.0004666666999999,7.966667,5.566666,6.291667,5.491666,-2.619662,0.1870902,33
2022-10-15 03:59:00,0.1550136,6.986656,238.5947,8.363563,13.18457,9.442312,0.0,0.325,0.0,7.949999,5.558333,6.316666,5.516666,-2.590875,0.1870756,33
2022-10-15 04:00:00,0.1550526999999999,6.979971,238.6771,8.349697,13.18549,9.417839,0.0006666667,0.3166667,0.0002,7.949999,5.558333,6.291667,5.441666,-2.600471,0.1871635,33
2022-10-15 04:01:00,0.1550183,6.959745,238.6417,8.371822,13.18732,9.395248,0.0,0.3083332999999999,0.0,8.025,5.558333,6.25,5.449999,-2.562087,0.1875659,33
2022-10-15 04:02:00,0.1549955,6.966557,238.6143,8.313188999999998,13.18732,9.370769,0.002,0.3166667,0.0004,7.916667,5.541667,6.291667,5.475,-2.581279,0.1870582,33
2022-10-15 04:03:00,0.1552004999999999,6.962447,238.6413,8.262838,13.18961,9.348177,0.002,0.2999999999999999,0.0005999999999999,7.849999999999999,5.608333,6.341667,5.558333,-2.581279,0.1859765999999999,33
2022-10-15 04:04:00,0.155151,6.964571,238.6671,8.266495,13.18962,9.325586,0.0,0.3083332999999999,0.0002,7.858333,5.591667,6.325,5.583333,-2.552491,0.1865627,33
2022-10-15 04:05:00,0.1552308,6.97773,238.7292,8.332192,13.1887,9.306761,0.0006666667,0.3333333,0.0002,7.966667,5.658333,6.358333,5.641666,-2.552491,0.1870724,33
2022-10-15 04:06:00,0.1550981999999999,6.955637,238.6634,8.318815,13.19007,9.278515,0.0006666667,0.3499999999999999,0.0002,7.974999999999999,5.716667,6.4,5.633333,-2.466129,0.1867003,33
2022-10-15 04:07:00,0.1550875999999999,6.958149,238.6598,8.269980999999998,13.19008,9.266654,0.0013333329999999,0.325,0.0004,7.916667,5.691666,6.408333,5.683333,-2.379767,0.187391,33
2022-10-15 04:08:00,0.1550632,6.968626,238.674,8.129846,13.19008,9.243122,0.0006666667,0.3166667,0.0002,7.724999999999999,5.708333,6.391666,5.666667,-2.360575,0.1873235,33
2022-10-15 04:09:00,0.1550021,6.970809,238.6253,8.047,13.19008,9.224297,0.0006666667,0.3166667,0.0002,7.708332999999999,5.683333,6.366667,5.625,-2.350979,0.1873651,33
2022-10-15 04:10:00,0.1551009999999999,6.98036,238.6126,8.07981,13.19191,9.201706,0.0,0.3333333,0.0,7.8,5.725,6.408333,5.691667,-2.408554,0.1871975999999999,33
2022-10-15 04:11:00,0.1551419,6.980488,238.6349,8.135336,13.18871,9.184761,0.0,0.3416666999999999,0.0,7.891666,5.708333,6.4,5.658333,-2.389362,0.1873281,33
2022-10-15 04:12:00,0.1550122999999999,6.948339,238.6315,8.145609,13.191,9.16593,0.0,0.3416666999999999,0.0,7.908333,5.725,6.4,5.683333,-2.350979,0.1870445,33
2022-10-15 04:13:00,0.1550648,6.958565,238.5093,8.161111,13.19191,9.145222,0.0006666667,0.3166667,0.0002,7.916667,5.716667,6.441666,5.675,-2.398958,0.1864683,33
2022-10-15 04:14:00,0.1550775,6.93814,238.3998,8.079941,13.19329,9.124514,0.003333333,0.3083332999999999,0.001,7.791667,5.708333,6.416667,5.666667,-2.389362,0.1867769,33
2022-10-15 04:15:00,0.1550989999999999,6.983266,238.5149,8.176009,13.1942,9.101923,0.0013333329999999,0.3083332999999999,0.0004,8.008333,5.8,6.483333,5.791667,-2.446937,0.1872514999999999,33
2022-10-15 04:16:00,0.1551684999999999,6.983347,238.678,8.303506,13.19466,9.091565,0.0,0.3166667,0.0,8.133333,5.841667,6.533333,5.825,-2.370171,0.1871952,33
2022-10-15 04:17:00,0.1550293,6.980228,238.7514,8.264894,13.19466,9.07217,0.0006666667,0.3166667,0.0002,8.033334,5.858333,6.516666,5.866667,-2.303,0.1872016,33
2022-10-15 04:18:00,0.1550825,6.984119,238.7793,8.219248999999998,13.19557,9.05711,0.0013333329999999,0.3416666999999999,0.0004666666999999,7.983333,5.841667,6.525,5.841667,-2.293404,0.1865882,33
2022-10-15 04:19:00,0.1550212,6.999667,238.7429,8.192328,13.19466,9.040167,0.0006666667,0.3333333,0.0002,7.974999999999999,5.9,6.591667,5.908333,-2.303,0.1871818,33
2022-10-15 04:20:00,0.1547568,6.948902,238.3811,8.133200999999998,13.19466,9.019459,0.0006666667,0.3166667,0.0002,7.925,5.916667,6.608333,5.925,-2.274212,0.1862698999999999,33
2022-10-15 04:21:00,0.1545436,6.929763,238.165,8.14769,13.1942,9.011929,0.0006666667,0.3416666999999999,0.0002666667,8.008333,5.908333,6.574999,5.941666,-2.312596,0.1871698,33
2022-10-15 04:22:00,0.1544378999999999,6.941919,237.953,8.149686,13.19557,8.991213999999998,0.0013333329999999,0.3166667,0.0004,8.016666,5.949999,6.591667,5.958333,-2.322191,0.1875796,33
2022-10-15 04:23:00,0.154504,6.910254,237.9873,8.081526999999998,13.19557,8.97427,0.0,0.3499999999999999,0.0,7.916667,5.925,6.574999,5.941666,-2.303,0.1873382,33
2022-10-15 04:24:00,0.1546271999999999,6.933905,238.0517,7.958834,13.19557,8.961092,0.0013333329999999,0.325,0.0004666666999999,7.775,5.891666,6.533333,5.858333,-2.350979,0.1873496,33
2022-10-15 04:25:00,0.1548467,6.958962,238.3671,7.892786,13.19466,8.944148999999998,0.0,0.3083332999999999,0.0,7.75,5.891666,6.541666,5.9,-2.408554,0.187172,33
2022-10-15 04:26:00,0.1550469999999999,6.984046,238.6458,7.768129,13.19557,8.925511,0.002666667,0.3166667,0.0006666667,7.625,5.833333,6.5,5.875,-2.370171,0.1866667999999999,33
2022-10-15 04:27:00,0.1551512999999999,6.984643,238.6664,7.680132999999999,13.19557,8.920052,0.0013333329999999,0.325,0.0006666667,7.541666,5.816666,6.466667,5.791667,-2.494917,0.1870784,33
2022-10-15 04:28:00,0.1550796999999999,6.982684,238.675,7.674063,13.19557,8.901225999999998,0.002,0.3166667,0.0005999999999999,7.625,5.75,6.416667,5.708333,-2.562087,0.1875170999999999,33
2022-10-15 04:29:00,0.1550247999999999,6.974618,238.6759,7.744823,13.19695,8.882393999999998,0.002,0.3416666999999999,0.0006666667,7.683333,5.825,6.416667,5.741667,-2.610067,0.1880225,33
2022-10-15 04:30:00,0.1548725,6.972647,238.6235,7.705996,13.19786,8.869215,0.0013333329999999,0.325,0.0004,7.541666,5.766666,6.391666,5.725,-2.514108,0.1871209,33
2022-10-15 04:31:00,0.1545677,6.906134,238.0899,7.646821,13.19924,8.848506999999998,0.002,0.325,0.0004666666999999,7.483333,5.708333,6.35,5.7,-2.475725,0.1873896999999999,33
2022-10-15 04:32:00,0.1542032999999999,6.920923,237.6982,7.658756,13.20061,8.833446999999998,0.0013333329999999,0.3333333,0.0005999999999999,7.508333,5.666667,6.316666,5.65,-2.485321,0.1871589999999999,33
2022-10-15 04:33:00,0.1543922,6.912893,237.7638,7.669983,13.20061,8.818386,0.0,0.3416666999999999,0.0,7.533333,5.65,6.308333,5.658333,-2.494917,0.1869234999999999,33
2022-10-15 04:34:00,0.1544531,6.92981,237.8652,7.674139,13.20107,8.804078,0.0013333329999999,0.3333333,0.0004,7.5,5.641666,6.283333,5.591667,-2.542896,0.1873467,33
2022-10-15 04:35:00,0.1547177999999999,6.901023,238.0362,7.733114999999998,13.20107,8.790523999999998,0.0006666667,0.3333333,0.0002,7.541666,5.666667,6.316666,5.608333,-2.475725,0.186729,33
2022-10-15 04:36:00,0.1548298999999999,6.95677,238.1719,7.664689,13.20107,8.769809,0.0013333329999999,0.3333333,0.0004,7.383333,5.591667,6.258333,5.583333,-2.427746,0.1871161,33
2022-10-15 04:37:00,0.1546847,6.944002,238.1504,7.894754,13.20107,8.750982,0.002,0.325,0.0006666667,7.724999999999999,5.666667,6.291667,5.675,-2.475725,0.1870689,33
2022-10-15 04:38:00,0.1547379999999999,6.931031,238.2049,8.297202,13.20107,8.745335,0.002,0.3416666999999999,0.0006666667,8.099999,5.758333,6.441666,5.791667,-2.370171,0.1874080999999999,33
2022-10-15 04:39:00,0.1543615,6.905338,237.8308,8.292357,13.20107,8.722744,0.0,0.325,0.0,8.041667,5.8,6.475,5.858333,-2.255021,0.1873696,33
2022-10-15 04:40:00,0.1541997,6.93559,237.5989,8.19156,13.20107,8.70015,0.0006666667,0.325,0.0002666667,7.933333,5.758333,6.425,5.841667,-2.149467,0.1867628,33
2022-10-15 04:41:00,0.1543249999999999,6.922775,237.6984,8.136955,13.20198,8.677555,0.0006666667,0.3333333,0.0002,7.916667,5.775,6.408333,5.816666,-2.130275,0.1869709,33
2022-10-15 04:42:00,0.1542313999999999,6.900486,237.5733,8.173254,13.2029,8.669084,0.0,0.3166667,0.0,7.991666999999999,5.791667,6.433333,5.833333,-2.101487,0.1867337,33
2022-10-15 04:43:00,0.1542261,6.911935,237.4911,8.623214,13.20473,8.657223,0.0013333329999999,0.3333333,0.0005333332999999,8.574999999999998,5.9,6.558333,5.966667,-2.0727,0.1874772,33
2022-10-15 04:44:00,0.1543649,6.891782,237.5994,9.081677,13.20565,8.636515,0.0006666667,0.325,0.0002,9.025,5.983333,6.65,6.108333,-2.005529,0.1867944,33
2022-10-15 04:45:00,0.1543658,6.940847,237.6834,9.516057,13.20427,8.634632,0.0,0.3083332999999999,0.0,9.383333,6.1,6.766666,6.275,-1.813612,0.1871728,33
2022-10-15 04:46:00,0.1543971,6.913813,237.706,9.565691,13.20336,8.634632,0.0,0.3333333,0.0,9.258333,6.108333,6.775,6.25,-1.6121,0.1871327,33
2022-10-15 04:47:00,0.1543815,6.949911,237.7161,9.557255,13.20473,8.623336999999998,0.0013333329999999,0.3083332999999999,0.0004,9.224999,6.175,6.825,6.358333,-1.564121,0.1868277999999999,33
2022-10-15 04:48:00,0.1544688999999999,6.93258,237.8347,9.679246,13.20244,8.612040999999998,0.0013333329999999,0.3166667,0.0002,9.466666,6.208333,6.9,6.416667,-1.49695,0.1874896,33
2022-10-15 04:49:00,0.1543499999999999,6.929674,237.7032,9.783437,13.20336,8.612040999999998,0.0013333329999999,0.3333333,0.0006666667,9.483334,6.233334,6.891666,6.449999,-1.477758,0.1867445,33
2022-10-15 04:50:00,0.1542575999999999,6.902812,237.6451,10.14258,13.20061,8.612040999999998,0.0,0.3416666999999999,0.0,9.958333,6.4,7.033333,6.675,-1.592908,0.1871169,33
2022-10-15 04:51:00,0.1542594999999999,6.920169,237.6631,10.3996,13.20107,8.612040999999998,0.0013333329999999,0.325,0.0004,10.10833,6.441666,7.108333,6.791667,-1.506546,0.1874523999999999,33
2022-10-15 04:52:00,0.1542386,6.892475,237.6503,10.34298,13.20107,8.612040999999998,0.0013333329999999,0.3333333,0.0005333332999999,9.966666,6.391666,7.066666,6.725,-1.372204,0.1868063,33
2022-10-15 04:53:00,0.1543489999999999,6.912558,237.693,10.25095,13.20107,8.612040999999998,0.002,0.3333333,0.0007333332999999,9.825,6.383333,7.066666,6.716667,-1.3818,0.1871983,33
2022-10-15 04:54:00,0.1545072,6.90169,237.7429,10.16953,13.20107,8.612040999999998,0.002666667,0.3083332999999999,0.0005999999999999,9.608334,6.308333,7.083333,6.691666,-1.429779,0.1872171,33
2022-10-15 04:55:00,0.1544372,6.899086,237.5951,10.11996,13.20061,8.612040999999998,0.0013333329999999,0.3166667,0.0005999999999999,9.575,6.308333,7.025,6.625,-1.429779,0.1867608,33
2022-10-15 04:56:00,0.1542439999999999,6.892996,237.3258,10.02616,13.20107,8.625218999999998,0.0006666667,0.325,0.0002,9.458333,6.25,6.949999,6.558333,-1.487354,0.1868764,33
2022-10-15 04:57:00,0.1542316,6.91405,237.4045,9.886071,13.20107,8.634632,0.0006666667,0.325,0.0002,9.316667,6.2,6.925,6.475,-1.6121,0.1872968,33
2022-10-15 04:58:00,0.1544985,6.936197,237.8423,9.770576,13.20061,8.634632,0.0006666667,0.3333333,0.0002666667,9.2,6.208333,6.983333,6.516666,-1.746441,0.1871076,33
2022-10-15 04:59:00,0.1547859,6.992084,238.2156,9.809554,13.19878,8.634632,0.002,0.325,0.0004,9.383333,6.241667,7.016666,6.491666,-1.72725,0.1866734999999999,33
2022-10-15 05:00:00,0.1548605,6.950821,238.1603,9.790637,13.20015,8.638396999999998,0.002,0.325,0.0008666667,9.400001,6.183333,6.941666,6.449999,-1.765633,0.1874917999999999,33
2022-10-15 05:01:00,0.1548798,6.973979,238.1938,9.698863,13.20061,8.657223,0.0,0.3333333,0.0,9.266666,6.191666,6.941666,6.441666,-1.823208,0.1874952,33
2022-10-15 05:02:00,0.154836,6.997109,238.3222,9.601749000000002,13.19969,8.657223,0.0006666667,0.3166667,0.0002,9.183333,6.166667,6.883333,6.4,-1.871187,0.1871454999999999,33
2022-10-15 05:03:00,0.1546306,6.940779,237.9975,9.414624000000002,13.19832,8.670776999999998,0.002,0.325,0.0006666667,9.016666,6.166667,6.941666,6.358333,-1.899975,0.1873983999999999,33
2022-10-15 05:04:00,0.1544373,6.925292,237.6884,9.201501,13.19924,8.677555,0.003333333,0.3083332999999999,0.001066667,8.808332999999998,6.083333,6.841667,6.316666,-1.909571,0.1867914,33
2022-10-15 05:05:00,0.1544526,6.912699,237.6263,8.973003999999998,13.19695,8.677555,0.0006666667,0.3499999999999999,0.0002666667,8.616666999999998,6.041666,6.783333,6.266666,-1.919167,0.1877463,33
2022-10-15 05:06:00,0.1543341,6.933039,237.5823,8.833617,13.19832,8.679439,0.0,0.3416666999999999,0.0,8.449999999999998,5.941666,6.683333,6.091667,-2.034317,0.1866204999999999,33
2022-10-15 05:07:00,0.1544537,6.937688,237.8048,8.605895,13.19695,8.720860999999998,0.003333333,0.3333333,0.0008666667,8.091666,5.875,6.625,6.041666,-2.283808,0.186914,33
2022-10-15 05:08:00,0.1547485999999999,6.964434,238.134,8.412767,13.19786,8.703918,0.0006666667,0.3583333,0.0005333332999999,8.05,5.8,6.541666,5.983333,-2.485321,0.1877207999999999,33
2022-10-15 05:09:00,0.1546298,6.964887,238.0431,8.303117,13.19832,8.700153,0.0013333329999999,0.375,0.0004666666999999,8.041667,5.733334,6.466667,5.858333,-2.600471,0.1874802999999999,33
2022-10-15 05:10:00,0.1544377999999999,6.907681,237.8047,8.315593,13.20061,8.713331,0.0006666667,0.3916666999999999,0.0002666667,8.166667,5.725,6.408333,5.8,-2.696429,0.1866613,33
2022-10-15 05:11:00,0.1540938,6.887861,237.2216,8.362543,13.19969,8.745335,0.0013333329999999,0.3833332999999999,0.0005333332999999,8.208332999999998,5.658333,6.383333,5.775,-2.782791,0.1869746999999999,33
2022-10-15 05:12:00,0.1540256,6.903549,237.3316,8.325589,13.19969,8.745335,0.002,0.3916666999999999,0.0005333332999999,8.183332999999998,5.625,6.341667,5.716667,-2.792387,0.1868918,33
2022-10-15 05:13:00,0.1541415999999999,6.882113,237.3599,8.345485999999998,13.20107,8.745335,0.002666667,0.4,0.0013333329999999,8.208332999999998,5.7,6.408333,5.8,-2.773196,0.1866971,33
2022-10-15 05:14:00,0.1541356,6.91548,237.3354,8.47836,13.20061,8.745335,0.002666667,0.4,0.001066667,8.266666,5.883333,6.608333,6.008333,-2.734812,0.1870097,33
2022-10-15 05:15:00,0.1541821999999999,6.882374,237.338,8.507488999999998,13.20107,8.745335,0.0013333329999999,0.4,0.0005333332999999,8.291667,5.966667,6.666667,6.116666,-2.485321,0.1867509,33
2022-10-15 05:16:00,0.1542415,6.911469,237.3649,8.424362999999998,13.20114,8.745335,0.0,0.4,0.0,8.208332999999998,5.991666,6.683333,6.2,-2.389362,0.1871385,33
2022-10-15 05:17:00,0.1540537999999999,6.906225,237.2925,8.388123999999998,13.20014,8.745335,0.0013333329999999,0.4083333,0.0005333332999999,8.183332999999998,6.108333,6.766666,6.316666,-2.303,0.1869376,33
2022-10-15 05:18:00,0.1540343,6.897823,237.1328,8.341933,13.20148,8.745335,0.0006666667,0.4083333,0.0002666667,8.208332999999998,6.116666,6.783333,6.391666,-2.264617,0.1871097999999999,33
2022-10-15 05:19:00,0.1540653999999999,6.913325,237.2802,8.359699,13.20142,8.745335,0.0006666667,0.4666666999999999,0.0003333333999999,8.258333,6.225,6.791667,6.416667,-2.255021,0.1871742999999999,33
2022-10-15 05:20:00,0.1542365,6.927193,237.6026,8.250249999999998,13.20138,8.745335,0.002,0.5,0.001,8.074999999999998,6.191666,6.808333,6.4,-2.082296,0.1884021999999999,33
2022-10-15 05:21:00,0.1542921999999999,6.93598,237.6691,8.347614999999998,13.20181,8.745335,0.0006666667,0.5,0.0003333333999999,8.216666,6.3,6.9,6.541666,-2.101487,0.1873765,33
2022-10-15 05:22:00,0.1543929,6.95254,237.7464,8.514583,13.20176,8.745335,0.0006666667,0.5333333999999998,0.0,8.366666,6.366667,6.949999,6.625,-2.120679,0.1875740999999999,33
2022-10-15 05:23:00,0.1542034999999999,6.90242,237.4293,8.744718,13.20129,8.745335,0.002,0.5999999999999999,0.0016,8.583332999999998,6.449999,7.05,6.783333,-2.0727,0.1875402999999999,33
2022-10-15 05:24:00,0.154059,6.884226,237.1302,8.654031,13.20217,8.7491,0.0013333329999999,0.6333332999999999,0.0008666667,8.425,6.416667,7.008333,6.725,-2.005529,0.1877427999999999,33
2022-10-15 05:25:00,0.1539857,6.875645,237.1186,8.570432999999998,13.20261,8.752865,0.0013333329999999,0.6999999999999998,0.0004666666999999,8.375,6.416667,6.949999,6.691667,-2.053508,0.1873274,33
2022-10-15 05:26:00,0.1539928,6.887376,237.0284,8.520424999999998,13.20213,8.760395,0.0013333329999999,0.7583332999999999,0.001466667,8.308332999999998,6.358333,6.933333,6.641666,-2.091892,0.1871708,33
2022-10-15 05:27:00,0.1538520999999999,6.881844,236.9764,8.426641999999998,13.20577,8.760395,0.0006666667,0.875,0.0,8.199999999999998,6.308333,6.925,6.625,-2.197446,0.1869919999999999,33
2022-10-15 05:28:00,0.1539687999999999,6.913576,237.1177,8.319554,13.20485,8.76416,0.002,1.0,0.001933333,8.074999999999998,6.283333,6.841667,6.566666,-2.283808,0.187835,33
2022-10-15 05:29:00,0.1541395999999999,6.927065,237.391,8.278152,13.20437,8.754747,0.0006666667,1.133333,0.0014,8.074999999999998,6.241667,6.75,6.458333,-2.341383,0.1875175,33
2022-10-15 05:30:00,0.1543424999999999,6.953241,237.6927,8.276301,13.20573,8.747217,0.002,1.291667,0.002666667,8.091666,6.183333,6.741667,6.408333,-2.389362,0.1877547,33
2022-10-15 05:31:00,0.1544495999999999,6.926565,237.6856,8.179169,13.20618,8.745335,0.0013333329999999,1.508333,0.002,7.974999999999999,6.116666,6.675,6.341667,-2.466129,0.1870334999999999,33
2022-10-15 05:32:00,0.1541287,6.942663,237.4514,8.140779999999998,13.20571,8.745335,0.0,1.775,0.0,7.958332999999999,6.066666,6.641666,6.241667,-2.514108,0.1877957,33
2022-10-15 05:33:00,0.1537762,6.884163,237.0118,8.187698,13.20617,8.745335,0.0013333329999999,2.066667,0.0028,8.025,6.033333,6.641666,6.216667,-2.542896,0.1872174,33
2022-10-15 05:34:00,0.1537543,6.897873,236.9335,8.206182,13.20615,8.745335,0.0,2.4,0.0,8.041667,5.949999,6.583333,6.141666,-2.619662,0.1872167999999999,33
2022-10-15 05:35:00,0.1537825999999999,6.887328,236.8508,8.196939999999998,13.20615,8.745335,0.002666667,2.775,0.0074666669999999,8.016666,5.958333,6.533333,6.066666,-2.600471,0.1873879,33
2022-10-15 05:36:00,0.1540426,6.908815,237.1769,8.273706,13.20614,8.745335,0.0013333329999999,3.225,0.0041999999999999,8.116666999999998,5.966667,6.566666,6.074999,-2.590875,0.1869855,33
2022-10-15 05:37:00,0.1542591,6.92614,237.4103,8.176572,13.2066,8.743451999999998,0.0,3.758333,0.0,7.95,5.9,6.533333,6.074999,-2.581279,0.1876633,33
2022-10-15 05:38:00,0.1543490999999999,6.971578,237.5599,8.073800999999998,13.2066,8.730273999999998,0.0013333329999999,4.416667,0.0055333329999999,7.908333,5.891666,6.508333,5.991666,-2.600471,0.1883095999999999,33
2022-10-15 05:39:00,0.1537578,6.873913,236.8671,7.987331,13.20659,8.722744,0.0013333329999999,5.241666,0.0066,7.8,5.808333,6.449999,5.949999,-2.64845,0.188001,33
2022-10-15 05:40:00,0.1535970999999999,6.865783,236.7613,7.882074,13.20659,8.722744,0.0013333329999999,6.258333,0.0041999999999999,7.675,5.816666,6.441666,5.933333,-2.610067,0.1874292999999999,33
2022-10-15 05:41:00,0.1537139999999999,6.868997,236.7224,7.88353,13.20658,8.717095999999998,0.0013333329999999,7.491666,0.01413333,7.733333,5.808333,6.449999,5.916667,-2.619662,0.1876876,33
2022-10-15 05:42:00,0.1534857,6.840054,236.513,7.92844,13.20658,8.700153,0.002,9.025,0.01786667,7.766666,5.808333,6.408333,5.925,-2.552491,0.1873194,33
2022-10-15 05:43:00,0.153896,6.907553,236.9688,7.991735,13.20658,8.700153,0.002,10.875,0.0216666699999999,7.8,5.791667,6.408333,5.916667,-2.504512,0.1881037999999999,33
2022-10-15 05:44:00,0.1541645,6.932383,237.3818,7.996529,13.20658,8.690737999999998,0.002,13.125,0.0263333299999999,7.75,5.808333,6.4,5.908333,-2.475725,0.1880574999999999,33
2022-10-15 05:45:00,0.1542599,6.921789,237.3818,7.957391999999999,13.20658,8.662306,0.0013333329999999,15.925,0.02073333,7.716667,5.825,6.408333,5.891666,-2.360575,0.1883618,33
2022-10-15 05:46:00,0.1541799,6.930984,237.2816,7.891848,13.20658,8.657223,0.003333333,19.44167,0.05446667,7.65,5.825,6.416667,5.916667,-2.360575,0.1874511,33
2022-10-15 05:47:00,0.1537926,6.902647,236.908,7.734704,13.20657,8.645927,0.004666667,23.925,0.1087999999999999,7.5,5.791667,6.4,5.9,-2.312596,0.1878018999999999,33
2022-10-15 05:48:00,0.1537785999999999,6.862751,236.8242,7.655795999999999,13.20703,8.634632,0.004666667,28.86667,0.1515333,7.433333,5.816666,6.391666,5.925,-2.274212,0.1874600999999999,33
2022-10-15 05:49:00,0.1536057999999999,6.88907,236.7142,7.738327,13.20749,8.634632,0.004,32.16667,0.1076667,7.558333,5.791667,6.383333,5.941666,-2.303,0.188067,33
2022-10-15 05:50:00,0.1536384,6.879779,236.8287,7.922176999999999,13.20886,8.621454,0.003333333,32.55,0.1300667,7.75,5.858333,6.425,6.0,-2.245425,0.1875941999999999,33
2022-10-15 05:51:00,0.1540468,6.896441,237.2836,7.887857,13.21023,8.612040999999998,0.007333333,32.825,0.2187999999999999,7.625,5.816666,6.383333,6.025,-2.120679,0.1884731,33
2022-10-15 05:52:00,0.154201,6.918058,237.2778,7.926264,13.21115,8.612040999999998,0.008,32.9,0.2631999999999999,7.675,5.833333,6.391666,6.05,-1.995933,0.1878314,33
2022-10-15 05:53:00,0.1538519999999999,6.882342,236.918,7.91854,13.21161,8.595093,0.008,33.14167,0.2647999999999999,7.666667,5.883333,6.391666,6.041666,-1.928762,0.1878649,33
2022-10-15 05:54:00,0.1537907,6.879793,236.7798,7.777019,13.21115,8.589443,0.008,33.75,0.2696666999999999,7.5,5.858333,6.383333,6.083333,-1.813612,0.1874595,33
2022-10-15 05:55:00,0.1538865,6.871884,236.9319,8.105100999999998,13.21206,8.587561,0.008,33.9,0.2712,8.041667,6.008333,6.566666,6.216667,-1.688867,0.1877319,33
2022-10-15 05:56:00,0.153813,6.925163,236.9296,8.247196,13.21206,8.566853,0.008,33.925,0.2713334,8.091666,6.083333,6.574999,6.266666,-1.487354,0.1879305,33
2022-10-15 05:57:00,0.1538118,6.896945,236.9234,8.376538999999998,13.21206,8.566853,0.008,34.0,0.272,8.158333,6.108333,6.666667,6.375,-1.170692,0.1883129,33
2022-10-15 05:58:00,0.1538374999999999,6.883234,236.9096,8.538423,13.21232,8.561769,0.01066667,34.1,0.3409334,8.333332999999998,6.125,6.658333,6.433333,-0.9403916,0.1879721,33
2022-10-15 05:59:00,0.1537465,6.901742,236.8478,8.530278,13.21205,8.54652,0.01466667,34.18333,0.5012667,8.275,6.158333,6.683333,6.5,-0.7676665999999999,0.1873578999999999,33
2022-10-15 06:00:00,0.1541648999999999,6.923704,237.3963,8.545197,13.21243,8.54652,0.0153333299999999,34.275,0.5249333,8.308332999999998,6.233333,6.775,6.55,-0.5469623999999998,0.1883394999999999,33
2022-10-15 06:01:00,0.1537002,6.898868,236.7915,8.624041999999998,13.21241,8.54652,0.016,35.84167,0.5706666999999999,8.391666,6.275,6.783333,6.591667,-0.2878749999999999,0.1879837,33
2022-10-15 06:02:00,0.1536508,6.849626,236.8303,8.646062,13.21235,8.54652,0.01733333,37.64167,0.6256667,8.366666999999998,6.258333,6.808333,6.608333,-0.0287875,0.1878643999999999,33
2022-10-15 06:03:00,0.1537526999999999,6.874482,236.8338,8.660976,13.21187,8.54652,0.02266666,39.85833,0.8983999999999999,8.441667,6.308333,6.833333,6.666667,0.1535333,0.1875518999999999,33
2022-10-15 06:04:00,0.1537181,6.877777,236.761,8.614810999999998,13.21229,8.54652,0.024,44.73333,1.0602,8.324999999999998,6.258333,6.841667,6.633333,0.4989833,0.1876372,33
2022-10-15 06:05:00,0.1542162,6.903905,237.2702,8.608240999999998,13.21226,8.537107,0.02466667,52.50833,1.280133,8.366666999999998,6.35,6.875,6.658333,0.748475,0.1875646,33
2022-10-15 06:06:00,0.1543395999999999,6.903591,237.3804,8.625607,13.21224,8.52393,0.03066667,61.15833,1.819067,8.400000999999998,6.358333,6.866667,6.65,1.084329,0.1876734999999999,33
2022-10-15 06:07:00,0.1540161999999999,6.847892,236.886,8.712251,13.21038,8.52393,0.032,70.66666,2.2336,8.508333,6.383333,6.891666,6.65,1.49695,0.1872221,33
2022-10-15 06:08:00,0.1537970999999999,6.837387,236.5889,8.876984,13.2122,8.52393,0.0353333399999999,84.44167,2.874667,8.683332999999998,6.408333,6.933333,6.641666,1.95755,0.1871389,33
2022-10-15 06:09:00,0.1537535999999999,6.831744,236.5642,8.973527,13.21218,8.52393,0.03733334,116.85,4.165667,8.8,6.458333,6.933333,6.65,2.494917,0.1867117,33
2022-10-15 06:10:00,0.2391263,7.1299,236.6249,8.974237999999998,13.21033,8.52393,0.02933333,256.6083,6.841667,8.733333,6.258333,6.841667,6.566666,3.051475,0.1635900999999999,33
2022-10-15 06:11:00,0.2597203,6.22051,237.0263,8.933068,13.20849,8.52393,0.02666667,276.7417,6.921867,8.641666,6.183333,6.833333,6.466667,3.809546,0.1513036,33
2022-10-15 06:12:00,0.2599716999999999,7.242832,237.2022,8.879117,13.20848,8.52393,0.02666667,288.025,7.130667,8.658333,6.15,6.816666,6.408333,5.87265,0.1541491,33
2022-10-15 06:13:00,0.4086932999999999,7.634882,237.2101,8.759121999999998,13.20893,8.52393,0.0373333299999999,268.35,9.146067,8.425,6.15,6.8,6.383333,10.28673,0.1226986,33
2022-10-15 06:14:00,0.8032265,6.492019,236.8375,8.538940999999998,13.20754,8.52393,0.06533334,189.0917,12.2242,8.125,6.2,6.716667,6.241667,15.22859,0.0334663499999999,33
2022-10-15 06:15:00,0.8058619,9.823864,236.5079,8.218444,13.20845,8.52393,0.08933333,188.5583,16.348,7.783333,6.133333,6.633333,6.141666,19.73863,0.05219187,33
2022-10-15 06:16:00,0.8057606,15.34826,236.5871,7.816667,13.20753,8.52393,0.1179999999999999,189.625,22.03747,7.449999,6.091667,6.608333,6.066666,24.28705,0.0809686399999999,33
2022-10-15 06:17:00,0.8065858,19.14641,236.6047,7.544137,13.2089,8.52393,0.1439999999999999,186.3917,26.4582,7.224999999999999,6.074999,6.541666,5.975,28.087,0.1017765,33
2022-10-15 06:18:00,0.8087695,23.10684,236.5696,7.354774,13.21027,8.52393,0.1653332999999999,189.7667,30.9938,7.116666,6.025,6.508333,5.883333,31.82938,0.1201884,33
2022-10-15 06:19:00,0.8121152999999999,26.43532,236.5414,7.115475,13.21072,8.52393,0.1853333,190.1167,34.9556,6.958333,6.033333,6.475,5.875,35.80205,0.1369053,33
2022-10-15 06:20:00,0.7733191,28.96894,236.5465,6.991518,13.21163,8.52393,0.2073333,192.4917,39.48473,7.008333,6.033333,6.483333,5.891666,39.6116,0.1583204,33
2022-10-15 06:21:00,0.7465536999999999,31.58771,236.9798,6.952179,13.21208,8.508869,0.2266667,192.6417,43.27027,7.083333,6.058333,6.483333,5.9,43.80498,0.1774051,33
2022-10-15 06:22:00,0.7482539999999999,35.9283,237.0692,7.116322,13.21208,8.501339,0.2513332999999999,196.575,48.86873,7.391666,6.158333,6.6,5.941666,48.13269,0.2025888999999999,33
2022-10-15 06:23:00,0.7580149999999999,44.16304,237.1269,7.336389999999998,13.21116,8.501339,0.2693333,216.975,57.83746,7.716667,6.191666,6.641666,5.991666,52.40284,0.2441695,33
2022-10-15 06:24:00,0.761127,48.92776,236.5552,7.508675,13.21208,8.501339,0.2953334,215.7833,63.25847,7.875,6.3,6.741667,6.083333,56.98965,0.2718701,33
2022-10-15 06:25:00,0.7719392999999999,56.80675,236.6022,7.696348,13.21207,8.497573,0.3166667,228.575,71.662,7.891666,6.425,6.908333,6.291667,61.66282,0.3079438999999999,33
2022-10-15 06:26:00,0.7841782999999999,63.19901,236.6018,7.78681,13.21244,8.480624,0.342,232.1667,78.85787,7.808333,6.583333,7.0,6.416667,66.40316,0.3397111999999999,33
2022-10-15 06:27:00,0.8015058,73.64807999999998,236.7625,8.055193,13.21251,8.478740999999998,0.3653333,248.9833,89.52853,8.099999,6.708333,7.2,6.65,71.19148,0.3842992,33
2022-10-15 06:28:00,0.8167817,83.75646,237.2045,8.301892,13.21243,8.478740999999998,0.3873332999999999,264.9417,101.8949,8.316667,6.666667,7.316665999999999,6.833333,76.06617,0.4314163999999999,33
2022-10-15 06:29:00,0.8243557,94.42458,237.2973,8.343825,13.2124,8.478740999999998,0.4046666999999999,284.575,114.0875,8.433332999999998,6.8,7.483333,7.058333,80.605,0.4791014,33
2022-10-15 06:30:00,0.8397742,103.8029,237.226,8.581136,13.21235,8.478740999999998,0.4313332999999999,291.15,124.7267,8.900000999999998,7.033333,7.683333,7.275,85.28776,0.5192238999999998,33
2022-10-15 06:31:00,0.8533266999999999,111.6409,236.8381,8.792794,13.21231,8.478740999999998,0.458,293.1917,133.5611,9.458333,7.224999999999999,7.883333,7.483333,90.30637,0.5513031999999999,33
2022-10-15 06:32:00,0.8722389,120.0655,236.6095,8.791375,13.21229,8.478740999999998,0.4886667,294.3917,143.0639,9.841666,7.391666,7.991666,7.683333,95.5649,0.5806006,33
2022-10-15 06:33:00,0.8921122,128.7086,236.6216,8.956086,13.21225,8.478740999999998,0.5166667,294.8833,151.549,10.26667,7.566665999999999,8.208332999999998,7.9,100.6315,0.6079157,33
2022-10-15 06:34:00,0.9162848,137.3474,236.6796,9.068241,13.21224,8.478740999999998,0.548,294.325,160.7063,10.4,7.75,8.383333,8.108333,105.4006,0.6307977,33
2022-10-15 06:35:00,0.9379478,145.92,236.6411,9.154821,13.21221,8.478740999999998,0.5726666999999999,300.275,170.8249,10.575,7.958332999999999,8.591666,8.291667,110.5824,0.654722,33
2022-10-15 06:36:00,0.9655187,156.4073,236.6425,9.201123,13.2122,8.488156,0.5893334,308.6917,181.1801,10.8,8.166667,8.758333,8.5,115.3035,0.6812276999999999,33
2022-10-15 06:37:00,0.9897122,165.9482,236.7512,9.239832,13.21218,8.501339,0.622,308.4,191.0399,10.93333,8.316667,8.916667,8.641666,120.2742,0.7026444,33
2022-10-15 06:38:00,1.020214,175.8707,237.1347,9.194175,13.21216,8.503222,0.644,317.875,203.4407,11.075,8.458332999999998,9.041667,8.824999999999998,125.5135,0.7234734999999999,33
2022-10-15 06:39:00,1.05054,186.6145,237.4379,9.175121,13.20941,8.52393,0.67,321.9917,215.1147,11.15,8.633333,9.191667,8.991666999999998,130.273,0.7444969,33
2022-10-15 06:40:00,1.079965,196.1305,237.4129,9.221667,13.20756,8.53146,0.6993333999999999,322.5333,224.4521,11.2,8.816667,9.400001,9.166667,134.9846,0.7622052999999999,33
2022-10-15 06:41:00,1.110852,206.4067,237.0462,9.459439,13.20664,8.54652,0.7353334,321.3416,235.414,11.46667,9.025001,9.616667,9.408334,139.8497,0.7794668999999999,33
2022-10-15 06:42:00,1.14363,215.696,236.9471,9.63508,13.20663,8.558381,0.7613332999999999,323.2083,245.1739,11.83333,9.258333,9.866667,9.641666,144.7627,0.7932519,33
2022-10-15 06:43:00,1.1774,226.4672,236.9571,9.735656,13.20662,8.5725,0.8,321.7333,256.5571,12.1,9.491667,10.05,9.866667,149.7238,0.8081892,33
2022-10-15 06:44:00,1.212714,236.7061,236.8999,9.739803,13.20661,8.589443,0.8333333,321.3583,266.9156,11.78333,9.666667,10.25,10.03333,154.4737,0.8199212999999999,33
2022-10-15 06:45:00,1.24906,247.3678,236.934,9.748177,13.20661,8.612040999999998,0.8706667,321.3667,278.7223,11.79167,9.891667,10.475,10.24167,159.6555,0.8322266999999999,33
2022-10-15 06:46:00,1.284499,257.4832,237.2285,9.943873,13.20615,8.632749999999998,0.8973333,322.6667,288.61,11.98333,10.14167,10.675,10.45833,164.8372,0.8419117999999999,33
2022-10-15 06:47:00,1.320413,268.2455,237.5405,10.038,13.2066,8.649693,0.936,321.3917,299.7377,12.225,10.33333,10.85,10.66667,169.6063,0.8518892999999998,33
2022-10-15 06:48:00,1.35752,279.0941,237.3726,9.944099,13.20522,8.674167,0.9726667,321.4083,311.7618,11.95,10.53333,11.025,10.84167,174.7497,0.8626955,33
2022-10-15 06:49:00,1.396258,290.4076,237.0091,9.978242,13.2011,8.707682,1.008667,321.3583,323.0628,11.925,10.75,11.24167,11.025,179.9219,0.8745481,33
2022-10-15 06:50:00,1.378001,301.0361,237.118,10.01892,13.20109,8.737804,1.047333,321.4,335.7295,12.30833,10.925,11.38333,11.20833,185.3531,0.9170704,33
2022-10-15 06:51:00,1.392703,311.9527,237.1027,10.11108,13.20109,8.764160999999998,1.082,321.4583,346.7359,12.575,11.11667,11.58333,11.38333,190.3717,0.9408147,33
2022-10-15 06:52:00,1.43461,322.883,237.308,10.19797,13.20017,8.797301,1.12,321.375,358.8368,12.66667,11.31667,11.775,11.58333,195.208,0.9444947,33
2022-10-15 06:53:00,1.476745,334.3067,237.7276,10.18734,13.19926,8.822151,1.156667,321.4333,370.9091,12.38333,11.53333,11.95833,11.76667,200.4186,0.9483917,33
2022-10-15 06:54:00,1.520691,345.8059,237.7864,10.06064,13.19559,8.848506999999998,1.194,321.05,382.6481,12.04167,11.70833,12.11667,11.90833,205.6867,0.9524654,33
2022-10-15 06:55:00,1.562497,356.4217,237.7595,10.01603,13.19559,8.886160999999998,1.229333,320.8416,393.1378,12.15,11.90833,12.25833,12.06667,210.5709,0.9553024,33
2022-10-15 06:56:00,1.612267,368.3107,237.3127,10.00475,13.19559,8.918169,1.266,321.45,405.8911,12.29167,12.11667,12.45833,12.225,215.9254,0.9590983,33
2022-10-15 06:57:00,1.656752,379.4321,237.3369,10.08584,13.19559,8.951867,1.302667,321.5,417.8662,12.5,12.30833,12.625,12.38333,221.04,0.961689,33
2022-10-15 06:58:00,1.701007,390.2683,237.3586,10.19549,13.19467,8.983684,1.346,319.5333,429.0072,13.05833,12.55833,12.85833,12.6,225.9435,0.9639752,33
2022-10-15 06:59:00,1.74462,401.499,237.3871,10.30906,13.19513,9.019459,1.373333,321.3833,440.5189,13.20833,12.775,13.03333,12.79167,230.9621,0.9661594,33
2022-10-15 07:00:00,1.791328,413.1136,237.326,10.37731,13.19146,9.055227,1.426667,318.2,452.8955,12.75,12.975,13.21667,12.95833,235.6736,0.9688151,33
2022-10-15 07:01:00,1.83654,424.4889,237.2642,10.41425,13.19055,9.091565,1.466,317.65,464.6007,12.73333,13.225,13.425,13.175,240.414,0.9708021,33
2022-10-15 07:02:00,1.878853,435.9058,237.4576,10.4865,13.18963,9.126396,1.501333,318.3083,476.6976,12.54167,13.44167,13.65833,13.375,245.6821,0.9722962,33
2022-10-15 07:03:00,1.926924,448.4589,238.1381,10.52876,13.19009,9.165931,1.544,317.7083,489.4707,12.34167,13.70833,13.85,13.575,250.7487,0.974128,33
2022-10-15 07:04:00,1.973125,459.7776,238.0698,10.53401,13.18826,9.201706,1.579333,317.8167,501.0678,11.85833,13.95,14.125,13.825,255.5178,0.975812,33
2022-10-15 07:05:00,2.021121,471.0196,237.7222,10.5562,13.18459,9.243122,1.616,317.7333,512.4106,11.15,14.16667,14.31667,14.05,260.3253,0.9774287,33
2022-10-15 07:06:00,2.071784,482.7079,237.3388,10.57182,13.18459,9.280776,1.655333,317.75,524.8386,11.23333,14.45,14.51667,14.29167,265.4111,0.9787161,33
2022-10-15 07:07:00,2.11666,493.4739,237.2623,10.50094,13.18459,9.321821000000002,1.692,317.65,536.6119,11.39167,14.575,14.54167,14.44167,270.1611,0.979965,33
2022-10-15 07:08:00,2.161162,504.3997,237.261,10.43468,13.18459,9.363238,1.726,317.675,547.4796,11.76667,14.79167,14.75,14.63333,274.9782,0.9810362,33
2022-10-15 07:09:00,2.205989,515.6194,237.5379,10.3755,13.18459,9.404661,1.776667,315.05,558.7796,12.48333,15.06667,14.98333,14.88333,279.9968,0.9817577,33
2022-10-15 07:10:00,2.251738,528.0812,237.9022,10.40314,13.18413,9.44796,1.823333,313.8917,570.9968,13.20833,15.3,15.225,15.05,284.9579,0.9828289,33
2022-10-15 07:11:00,2.298295,539.8457,238.1271,10.59971,13.18276,9.4875,1.863333,313.9583,583.9227,13.4,15.525,15.41667,15.25833,290.0628,0.9836569,33
2022-10-15 07:12:00,2.349228,551.5367,237.747,10.79983,13.18001,9.528542,1.902667,313.9,596.2263,14.0,15.85,15.7,15.51667,295.0815,0.9847114,33
2022-10-15 07:13:00,2.398658,562.9457,237.4288,10.94273,13.1791,9.571843,1.939333,313.8417,607.7498,14.35833,16.16667,15.975,15.73333,300.1289,0.9858642,33
2022-10-15 07:14:00,2.445402,574.1042,237.3659,11.07593,13.1791,9.618912000000002,1.976667,313.9167,619.498,14.625,16.5,16.25833,16.0,305.1091,0.9865635,33
2022-10-15 07:15:00,2.491126,584.9999,237.3221,11.17187,13.17818,9.664096,2.013333,313.9,631.0977,14.80833,16.625,16.4,16.13333,310.0318,0.9871442,33
2022-10-15 07:16:00,2.535361,596.0637,237.4569,11.0852,13.17864,9.711164,2.049333,313.9583,642.3381,15.19167,17.01667,16.65,16.475,314.9544,0.9876397,33
2022-10-15 07:17:00,2.581003,607.056,237.4336,10.87365,13.17773,9.757103,2.092,312.6333,653.0613,15.05833,17.175,16.70833,16.60833,319.7523,0.9881396,33
2022-10-15 07:18:00,2.619578,617.5162,237.9865,10.68254,13.17452,9.803041,2.128,312.6917,664.529,14.7,17.41667,16.9,16.85833,324.4159,0.9882587,33
2022-10-15 07:19:00,2.663551,628.6295,238.2119,10.62035,13.17315,9.846343,2.172667,311.7583,676.0938,15.05833,17.76667,17.10833,17.06667,329.2043,0.9886497,33
2022-10-15 07:20:00,2.713274,640.3631,238.0128,10.61853,13.17361,9.893412,2.222667,310.1417,688.5651,15.39167,18.025,17.325,17.29167,334.0501,0.9893243,33
2022-10-15 07:21:00,2.762734,651.3088,237.5662,10.66082,13.17361,9.938597,2.259333,310.225,699.7897,15.78333,18.275,17.55833,17.55,338.6273,0.990151,33
2022-10-15 07:22:00,2.808265,662.6279,237.6117,10.70333,13.17361,9.987547,2.296667,310.2083,711.3411,16.025,18.54167,17.8,17.75,343.4253,0.9908395,33
2022-10-15 07:23:00,2.853506,673.4118,237.5994,10.75598,13.17132,10.03462,2.332667,310.1083,722.5549,16.14167,18.94167,18.08333,18.04167,348.1368,0.9914668,33
2022-10-15 07:24:00,2.897019,684.1381,237.5928,10.8532,13.16994,10.08168,2.369334,310.15,733.8352,16.94167,19.25833,18.43333,18.38333,352.81,0.9917329,33
2022-10-15 07:25:00,2.935263,694.6295,238.1349,10.91574,13.16811,10.12875,2.409333,309.575,745.0923,16.84167,19.59167,18.875,18.75833,357.5407,0.9918776,33
2022-10-15 07:26:00,2.97994,705.6967,238.1473,10.91136,13.16811,10.17393,2.449333,309.225,756.2818,16.55833,19.9,18.96667,19.01667,362.377,0.9921779,33
2022-10-15 07:27:00,3.030855,716.8574,237.7334,10.96872,13.16674,10.22288,2.496,307.95,767.4978,16.39167,20.14167,19.10833,19.225,367.3669,0.9925148,33
2022-10-15 07:28:00,3.077005,727.9584,237.7844,10.99192,13.16353,10.26807,2.546667,306.4167,779.4034,15.95833,20.275,19.15,19.29167,372.443,0.9929721,33
2022-10-15 07:29:00,3.121327,738.9049999999999,237.853,10.9708,13.16308,10.31702,2.583333,306.35,790.5603999999998,15.71667,20.375,19.26667,19.41667,377.1834,0.9932421,33
2022-10-15 07:30:00,3.165679,749.6381,237.827,11.01427,13.16262,10.36409,2.622667,306.375,802.4430999999998,15.66667,20.68333,19.45,19.675,382.0101,0.9936591,33
2022-10-15 07:31:00,3.210882,760.3803,237.8246,11.21111,13.16216,10.41115,2.659333,306.35,813.6540999999999,15.33333,20.98333,19.84167,19.925,386.9519,0.9937938,33
2022-10-15 07:32:00,3.25418,771.1364999999998,237.9178,11.4983,13.16262,10.45822,2.693333,306.35,824.2264,15.075,21.18333,20.14167,20.1,392.0473,0.9941412,33
2022-10-15 07:33:00,3.294318,781.0646,238.015,11.6773,13.16262,10.51094,2.728,306.4,835.0247,15.725,21.63333,20.58333,20.49167,396.7877,0.9942964,33
2022-10-15 07:34:00,3.335091,790.8642999999998,238.0523,11.90448,13.1617,10.55612,2.762,306.45,845.2759,16.68333,21.81667,20.95833,20.9,401.5568,0.9944417,33
2022-10-15 07:35:00,3.377062,801.0714,238.1615,12.14683,13.1617,10.61449,2.794667,306.425,855.7618999999999,17.28333,22.175,21.38333,21.19167,406.6042,0.9945898,33
2022-10-15 07:36:00,3.420233,811.7415999999998,238.2012,12.29997,13.15712,10.68038,2.850667,304.225,865.9808,17.28333,22.38333,21.40833,21.29167,411.8052,0.9945301,33
2022-10-15 07:37:00,3.459618,822.0753999999998,238.5521,12.18513,13.15712,10.73498,2.902,302.6917,877.4217,17.0,22.6,21.61667,21.54167,416.5359,0.9945528,33
2022-10-15 07:38:00,3.498435,832.1196,238.706,12.19233,13.15712,10.78393,2.930667,303.2667,887.8914,17.05,22.88333,22.00833,21.94167,420.9596,0.9947991,33
2022-10-15 07:39:00,3.53986,842.2462,238.7728,12.21597,13.15529,10.83665,2.97,302.6333,897.9778,16.33333,23.09167,22.13333,22.11667,425.2681,0.994967,33
2022-10-15 07:40:00,3.584729,852.1669,238.5047,12.22518,13.15346,10.89539,3.006,302.6583,908.6179,15.61667,23.38333,22.46667,22.43333,430.0276,0.9952597,33
2022-10-15 07:41:00,3.632406,862.7272,238.1974,12.22415,13.15163,10.9481,3.043333,302.7333,920.4683,15.41667,23.63333,22.76667,22.69167,434.9311,0.9954779,33
2022-10-15 07:42:00,3.676681,872.8088,238.1407,12.31527,13.15163,11.0027,3.083333,301.25,928.2664,14.74167,23.68333,22.825,22.75833,439.7674,0.9956174,33
2022-10-15 07:43:00,3.718979,883.4133,238.1328,12.44163,13.15163,11.0573,3.122667,301.175,939.5075,14.85,23.975,23.21667,23.09167,445.0931,0.9958082,33
2022-10-15 07:44:00,3.748367,890.9854,238.3559,12.61213,13.1498,11.11378,3.148667,303.3833,954.3661,15.0,24.28333,23.525,23.45,448.9794,0.9958784,33
2022-10-15 07:45:00,3.786814,901.8621,238.7509,12.74725,13.14751,11.17158,3.204667,301.3,964.667,15.23333,24.5,23.86667,23.775,454.4106,0.9959131,33
2022-10-15 07:46:00,3.825518,911.4653,238.8608,12.75588,13.14614,11.22901,3.246,298.9417,969.3168,14.95833,24.71667,24.1,23.85833,459.0934,0.9959471,33
2022-10-15 07:47:00,3.870067,921.048,238.6506,12.78212,13.14568,11.28925,3.270667,300.825,983.2822000000002,14.01667,24.75,24.23333,24.31667,463.9009,0.9961817,33
2022-10-15 07:48:00,3.914901,930.656,238.2439,12.75874,13.14248,11.34987,3.301333,299.9417,989.0603,13.71667,25.225,24.625,24.63333,468.6797,0.9963815,33
2022-10-15 07:49:00,3.959747,941.394,238.2067,12.85801,13.14035,11.412,3.351333,298.9917,999.9504,13.9,25.4,24.94167,24.99167,473.6311,0.9965029,33
2022-10-15 07:50:00,3.992718,950.1529,238.4503,12.91316,13.1402,11.47225,3.376667,299.5583,1011.894,13.43333,25.23333,25.00833,25.28333,477.8245,0.996456,33
2022-10-15 07:51:00,4.029498,959.7309,238.7104,12.96702,13.13987,11.53758,3.42,298.9833,1020.582,13.33333,25.46667,25.26666,25.70833,482.536,0.9964059,33
2022-10-15 07:52:00,4.060798,968.956,239.1252,12.84001,13.13568,11.59877,3.46,298.4417,1031.465,12.91667,25.56667,25.25833,25.76666,487.1228,0.9963558,33
2022-10-15 07:53:00,4.103894,979.2335,239.1161,12.9069,13.13407,11.66372,3.487333,298.975,1041.848,13.43333,25.91667,25.56667,25.78333,491.7672,0.9964646,33
2022-10-15 07:54:00,4.150815,988.3696,238.5873,13.05187,13.13397,11.72717,3.545333,297.125,1052.964,13.55833,26.00833,25.925,26.1,496.7571,0.9967887,33
2022-10-15 07:55:00,4.191524,997.3481,238.412,13.12702,13.13338,11.79193,3.580667,296.4666,1062.388,13.63333,26.31667,25.95,26.225,501.1519,0.9968836,33
2022-10-15 07:56:00,4.227958,1006.317,238.436,13.16186,13.12914,11.85934,3.626,295.3333,1070.044,13.975,26.88333,26.38333,26.43333,505.211,0.9969202,33
2022-10-15 07:57:00,4.264903,1015.229,238.4145,13.2052,13.12725,11.92466,3.644,296.7417,1080.552,13.94167,26.975,26.55833,26.73333,509.8266,0.9969962,33
2022-10-15 07:58:00,4.304162,1024.363,238.4173,13.27116,13.12802,11.9915,3.692667,295.3167,1089.82,14.05833,27.43333,26.78333,26.81667,514.0679,0.9971558,33
2022-10-15 07:59:00,4.338783,1033.421,238.5438,13.37469,13.12753,12.05721,3.73,295.6333,1101.54,13.85,27.25833,26.93333,27.14166,518.4725,0.9972107,33
2022-10-15 08:00:00,4.374167,1041.652,238.526,13.29232,13.12607,12.12066,3.744,295.875,1106.257,13.75,27.79167,27.425,27.45,522.9825,0.9971857,33
2022-10-15 08:01:00,4.410417,1050.39,238.5207,13.34244,13.12236,12.18994,3.796667,294.2333,1115.808,14.08333,28.36667,27.71667,27.65,527.6749,0.9973304,33
2022-10-15 08:02:00,4.44042,1059.567,238.9877,13.45945,13.12232,12.25998,3.821333,294.5667,1125.567,14.08333,28.66667,28.04167,28.05833,532.2137,0.9971495,33
2022-10-15 08:03:00,4.472151,1067.812,239.1693,13.43969,13.12226,12.32549,3.876667,293.075,1135.501,14.03333,28.81667,27.79167,27.98333,536.4647,0.9970806,33
2022-10-15 08:04:00,4.513653,1077.365,239.0427,13.34424,13.12133,12.3927,3.907333,293.3,1143.564,13.89167,28.60833,27.8,27.95,541.0323,0.9971711,33
2022-10-15 08:05:00,4.561954,1086.922,238.6252,13.34134,13.11669,12.4603,3.946,292.6083,1153.482,13.725,28.58333,28.00833,28.23333,546.1372,0.997376,33
2022-10-15 08:06:00,4.596925,1095.898,238.7254,13.31236,13.11668,12.52431,3.982667,292.3333,1163.243,13.93333,29.20833,28.41667,28.6,550.5705,0.9973568,33
2022-10-15 08:07:00,4.633334,1104.642,238.7783,13.33744,13.11665,12.59453,4.02,291.6917,1174.642,14.06667,29.24167,28.625,28.83333,555.1669,0.9973614,33
2022-10-15 08:08:00,4.670742,1113.355,238.6845,13.24369,13.11662,12.66062,4.062666,291.1,1180.211,13.89167,29.43333,28.75833,28.94167,559.8305,0.9974199,33
2022-10-15 08:09:00,4.706272,1122.082,238.7737,13.09122,13.11615,12.72783,4.089334,291.15,1190.256,13.93333,29.35,28.94167,28.85833,564.091,0.9975258,33
2022-10-15 08:10:00,4.739797,1130.321,238.7963,13.24429,13.11484,12.79015,4.113333,291.7083,1199.069,14.06667,29.50833,28.95,29.15,567.5743,0.9975801,33
2022-10-15 08:11:00,4.781209,1139.7,238.6592,13.23408,13.10699,12.85811,4.147334,291.875,1210.019,14.09167,29.675,29.125,29.11667,572.2091,0.9975694,33
2022-10-15 08:12:00,4.819683,1148.918,238.6724,13.1539,13.11116,12.92438,4.167333,292.0417,1216.594,14.05,29.69167,29.175,28.91667,576.8631,0.997597,33
2022-10-15 08:13:00,4.859623,1158.394,238.6278,12.96117,13.11058,12.98934,4.216667,291.4583,1227.072,14.09167,29.81667,29.275,28.85833,581.1236,0.9976539,33
2022-10-15 08:14:00,4.898055,1167.789,238.6616,12.9674,13.11031,13.05542,4.254,291.45,1238.489,14.03333,29.86667,29.36667,28.93333,586.1614,0.9977409,33
2022-10-15 08:15:00,4.939109,1177.239,238.6251,13.12595,13.11011,13.11962,4.293334,291.1917,1249.362,14.09167,30.13333,29.68333,29.14166,590.8442,0.9976751,33
2022-10-15 08:16:00,4.971153,1184.965,238.6829,13.23472,13.11,13.18194,4.316667,291.475,1257.415,14.39167,30.66667,30.08333,29.35833,595.0184,0.9977787,33
2022-10-15 08:17:00,4.998384,1192.211,238.7955,13.36674,13.10886,13.24501,4.342,291.4333,1264.625,14.675,30.95,30.31667,29.65833,599.2405,0.9976669,33
2022-10-15 08:18:00,5.03636,1201.491,238.8267,13.37956,13.1056,13.30921,4.38,291.1333,1274.495,14.24167,31.08333,30.5,29.8,603.6738,0.9976676,33
2022-10-15 08:19:00,5.069428,1209.502,238.8619,13.22168,13.10406,13.37228,4.445333,288.6083,1282.17,14.24167,30.95833,30.5,29.75833,607.7041,0.9977303,33
2022-10-15 08:20:00,5.106771,1217.84,238.7484,13.18906,13.104,13.43535,4.46,289.9,1291.952,14.21667,31.125,30.68333,29.99167,611.9359,0.9977915,33
2022-10-15 08:21:00,5.137622,1225.123,238.8147,13.36403,13.1039,13.4956,4.484,290.0167,1299.683,14.33333,31.41667,30.95,30.34167,616.0045,0.9977857,33
2022-10-15 08:22:00,5.16837,1233.378,238.98,13.43339,13.10382,13.55509,4.504,290.5583,1307.701,14.425,31.51666,31.15833,30.34167,620.3418,0.9977053,33
2022-10-15 08:23:00,5.19761,1241.363,239.0791,13.409,13.10377,13.6144,4.573333,287.75,1314.938,14.21667,31.74167,31.225,30.69167,624.6024,0.9976621,33
2022-10-15 08:24:00,5.23631,1250.435,239.098,13.38462,13.10321,13.67653,4.596667,288.6333,1325.764,14.375,31.75,31.4,30.625,628.7861,0.9976857,33
2022-10-15 08:25:00,5.270214,1258.384,239.1308,13.43856,13.10182,13.73395,4.620667,289.075,1334.972,14.39167,31.86667,31.33333,30.775,633.0947,0.9977648,33
2022-10-15 08:26:00,5.299598,1265.609,239.1355,13.39685,13.09901,13.79702,4.647334,288.9417,1342.099,14.49167,32.11666,31.675,31.05,636.8275,0.9978328,33
2022-10-15 08:27:00,5.336603,1274.117,239.0032,13.43303,13.09806,13.85425,4.692667,287.95,1350.618,14.20833,32.1,31.6,31.14166,640.9825,0.9977881,33
2022-10-15 08:28:00,5.372306,1283.272,239.1276,13.19492,13.09803,13.91582,4.707334,289.2417,1360.484,13.64167,31.53333,31.25,31.19167,645.5693,0.9977877,33
2022-10-15 08:29:00,5.406389,1291.083,239.1055,13.1317,13.09799,13.98058,4.748667,288.275,1368.083,13.725,32.23333,31.8,31.575,649.7435,0.9977441,33
2022-10-15 08:30:00,5.435072,1297.542,239.0797,13.09082,13.09661,14.04798,4.77,288.6167,1376.157,13.86667,32.6,32.10833,32.05833,653.6298,0.9978614,33
2022-10-15 08:31:00,5.458702,1303.784,239.1276,13.26515,13.09382,14.10748,4.822,286.8583,1382.294,14.09167,32.80833,32.30833,32.125,657.0842,0.9978473,33
2022-10-15 08:32:00,5.493277,1312.279,239.1358,13.39467,13.09243,14.16584,4.855333,286.825,1391.683,14.29167,32.84167,32.34166,32.025,661.6423,0.9978775,33
2022-10-15 08:33:00,5.530403,1320.923,239.0915,13.34478,13.09241,14.22138,4.868667,287.7583,1400.309,14.25,32.925,32.45,31.875,665.9988,0.9980021,33
2022-10-15 08:34:00,5.559947,1328.076,239.1468,13.24663,13.09239,14.27862,4.934667,285.5083,1408.16,14.275,33.25,32.7,32.3,670.2114,0.9979622,33
2022-10-15 08:35:00,5.583776,1334.227,239.154,13.26014,13.09238,14.33001,4.97,284.5167,1413.808,14.11667,33.8,33.075,32.76667,673.8098,0.9980526,33
2022-10-15 08:36:00,5.609081,1339.685,239.1268,13.47158,13.09237,14.38235,4.986,284.9167,1419.998,14.35833,34.24166,33.33333,32.825,677.485,0.9979514,33
2022-10-15 08:37:00,5.511008,1316.736,239.234,13.61983,13.0919,14.43978,4.868667,286.1833,1399.042,14.21667,34.075,33.15833,32.9,664.8857,0.9978313,33
2022-10-15 08:38:00,5.549784,1325.672,239.1301,13.74351,13.08868,14.49306,4.942,284.8917,1403.296,14.18333,34.0,33.20833,33.10833,670.5952,0.9979915,33
2022-10-15 08:39:00,5.667494,1355.542,239.297,13.54268,13.08776,14.55161,5.066667,283.9083,1434.579,13.825,33.3,33.03333,32.91667,685.7374,0.9980118,33
2022-10-15 08:40:00,5.733101,1370.145,239.3125,13.33704,13.08684,14.60395,5.088,285.575,1452.466,13.60833,33.425,33.15,33.30833,693.107,0.9980176,33
2022-10-15 08:41:00,5.755863,1375.582,239.2822,13.46733,13.08683,14.65742,5.136,283.9167,1457.737,13.88333,34.0,33.63334,33.55833,696.4943,0.9980988,33
2022-10-15 08:42:00,5.780239,1381.393,239.2682,13.56886,13.08546,14.7075,5.157333,284.025,1464.209,13.93333,34.33333,33.9,33.99166,699.9968,0.9980581,33
2022-10-15 08:43:00,5.807354,1388.242,239.2678,13.61249,13.08682,14.76153,5.172,284.7166,1471.566,13.95833,34.3,34.03333,34.075,704.1518,0.9981043,33
2022-10-15 08:44:00,5.842001,1395.882,239.2574,13.76899,13.08545,14.81387,5.224,283.3667,1479.308,14.10833,34.275,33.95,34.19167,708.2588,0.9980607,33
2022-10-15 08:45:00,5.863549,1401.723,239.3329,13.99801,13.08178,14.8664,5.221334,284.725,1486.235,14.50833,34.71666,34.325,34.55,711.7229,0.9980702,33
2022-10-15 08:46:00,5.896103,1409.105,239.1966,14.06035,13.0804,14.92232,5.29,282.4333,1493.141,14.68333,34.78333,34.43333,34.45,716.0891,0.99812,33
2022-10-15 08:47:00,5.926091,1416.91,239.3258,13.72128,13.08132,14.97032,5.288667,283.8833,1500.826,14.475,34.81667,34.35833,34.45,720.3399,0.9981249,33
2022-10-15 08:48:00,5.961981,1424.738,239.2003,13.62277,13.08102,15.02492,5.324667,283.675,1509.43,14.48333,34.89167,34.36666,34.11666,724.1590999999999,0.998145,33
2022-10-15 08:49:00,5.987936,1430.841,239.3035,13.65005,13.08087,15.07105,5.368667,282.75,1517.286,14.525,35.20833,34.56667,34.23333,727.9398999999999,0.9981731,33
2022-10-15 08:50:00,6.00638,1436.181,239.3727,13.73078,13.0805,15.12489,5.388,282.6583,1522.257,14.30833,35.48333,34.675,34.54167,730.8089999999999,0.9981773,33
2022-10-15 08:51:00,6.027773,1440.377,239.2368,13.61734,13.0804,15.17441,5.391333,283.3333,1527.108,14.125,35.83333,34.95,34.73333,733.9276999999998,0.9982162,33
2022-10-15 08:52:00,6.052892,1446.115,239.1735,13.52078,13.07646,15.22393,5.422667,282.7417,1532.539,14.00833,36.26667,35.25834,34.71667,737.3918,0.9981262,33
2022-10-15 08:53:00,6.085297,1453.749,239.0513,13.67049,13.07494,15.27363,5.488667,280.8,1540.236,14.38333,36.35,35.325,34.7,741.5372,0.9981793,33
2022-10-15 08:54:00,6.124443,1462.409,239.0839,13.59715,13.07479,15.32314,5.483334,282.75,1549.59,14.00833,36.40833,35.375,34.60833,746.2102999999998,0.9980488,33
2022-10-15 08:55:00,6.152309,1469.643,239.1574,13.62178,13.07324,15.36871,5.541334,281.1667,1557.286,14.05833,36.05,35.31667,34.94167,749.9815,0.9981149,33
2022-10-15 08:56:00,6.177334,1475.825,239.2037,13.55336,13.07455,15.41822,5.566667,281.225,1564.592,14.025,36.15,35.425,35.08333,753.1289,0.9980879,33
2022-10-15 08:57:00,6.204589,1481.695,239.1391,13.78753,13.07436,15.46171,5.548,283.3333,1571.656,14.31667,36.325,35.5,35.225,756.7178,0.9981148,33
2022-10-15 08:58:00,6.236403,1490.02,239.1464,13.89924,13.07202,15.51142,5.594667,282.4,1578.822,14.55833,36.35,35.45833,34.98333,761.1702,0.9982257,33
2022-10-15 08:59:00,6.268011,1497.995,239.2433,13.80847,13.07009,15.55472,5.659334,280.55,1587.342,14.53333,36.45,35.70833,35.06667,764.5096,0.998241,33
2022-10-15 09:00:00,6.295782,1504.101,239.1047,13.81022,13.06865,15.60197,5.676,280.9167,1593.265,14.36667,36.48333,35.70833,35.09167,768.2999999999998,0.9983036,33
2022-10-15 09:01:00,6.328917,1511.636,239.1263,13.70225,13.0686,15.64565,5.692667,281.4666,1601.89,14.48333,36.75,36.04167,35.075,772.2246,0.9982089,33
2022-10-15 09:02:00,6.346586,1516.14,239.1508,13.83795,13.06851,15.69121,5.734,280.15,1605.913,14.525,37.11666,36.3,35.38333,775.3817,0.9982898,33
2022-10-15 09:03:00,6.378144,1524.142,239.145,13.99657,13.06845,15.73583,5.758,280.475,1613.983,14.79167,36.81667,36.275,35.38333,779.7478,0.9983236,33
2022-10-15 09:04:00,6.40617,1530.789,239.2179,13.89419,13.06798,15.77593,5.752,282.225,1622.498,14.65833,36.96667,36.13334,35.38334,783.5669,0.9982505,33
2022-10-15 09:05:00,6.428196,1535.717,239.1445,13.71081,13.06799,15.82357,5.826,279.2667,1626.495,14.51667,37.36666,36.8,35.55833,786.4167999999999,0.9983177,33
2022-10-15 09:06:00,6.440883,1538.848,239.2523,13.8951,13.06755,15.86292,5.834,279.525,1630.443,14.4,37.24166,36.59167,35.94167,789.3052,0.9982169,33
2022-10-15 09:07:00,6.459127,1543.768,239.2387,13.99219,13.06527,15.90433,5.921333,276.45,1636.162,14.46667,37.49166,36.51667,35.85833,792.2127,0.9981859,33
2022-10-15 09:08:00,6.491537,1550.736,239.1423,14.11225,13.06619,15.94557,5.892666,278.9417,1643.037,14.85,37.975,36.98333,36.09167,795.9551,0.9982443,33
2022-10-15 09:09:00,6.516975,1557.123,239.1922,14.13978,13.06215,15.98699,5.928,278.0,1647.318,14.48333,37.725,36.75834,36.0,799.8126999999998,0.9982758,33
2022-10-15 09:10:00,6.54479,1565.217,239.3888,14.00571,13.06205,16.03255,5.918667,280.5833,1659.816,14.34167,37.825,37.075,36.225,803.8621,0.9982814,33
2022-10-15 09:11:00,6.568628,1571.129,239.4127,13.97141,13.06177,16.06625,5.963333,279.0833,1663.568,14.5,38.325,37.40833,36.58333,807.9211,0.9982795,33
2022-10-15 09:12:00,6.591109,1576.725,239.4095,13.9504,13.06166,16.10898,6.025333,278.3417,1676.733,14.375,38.2,37.375,36.85,811.9226,0.9983308,33
2022-10-15 09:13:00,6.620861,1583.271,239.3639,13.87751,13.06104,16.14834,6.017334,278.5916,1675.239,14.58333,38.36666,37.68333,36.84167,816.116,0.9983595,33
2022-10-15 09:14:00,6.651709,1589.767,239.284,13.88964,13.0609,16.18768,6.047333,278.05,1681.174,14.66667,38.45833,37.59167,36.89167,819.7336,0.9983685,33
2022-10-15 09:15:00,6.669291,1595.426,239.4094,13.77174,13.06082,16.2291,6.093334,277.5083,1690.362,14.3,38.925,37.7,37.16667,823.1785,0.9983751,33
2022-10-15 09:16:00,6.688282,1600.621,239.5299,13.58713,13.05699,16.26431,6.121334,277.6333,1698.826,14.11667,39.075,38.00834,37.04167,826.585,0.9983155,33
2022-10-15 09:17:00,6.718258,1608.178,239.5629,13.62318,13.05742,16.30366,6.151333,277.7167,1707.008,14.625,38.7,37.80833,36.48333,830.3658,0.9983554,33
2022-10-15 09:18:00,6.749751,1614.912,239.5245,13.50107,13.05548,16.34094,6.146,278.5916,1712.276,14.69167,38.90833,37.96667,36.53333,833.8202999999999,0.9983316,33
2022-10-15 09:19:00,6.758865,1618.059,239.6592,13.60027,13.05564,16.37595,6.182,276.8167,1710.669,14.68333,39.50834,38.41667,37.15833,836.8524999999998,0.9984117,33
2022-10-15 09:20:00,6.769964,1620.855,239.7355,13.7552,13.05581,16.40909,6.218,276.1583,1716.962,14.59167,39.70833,38.56667,37.58333,839.501,0.9983376,33
2022-10-15 09:21:00,6.761147,1619.512,239.8791,13.83133,13.05568,16.44637,6.208,277.05,1719.759,14.78333,39.6,38.475,37.39167,839.6257,0.9982414,33
2022-10-15 09:22:00,6.673425,1601.64,240.226,14.00446,13.05563,16.4795,6.132667,276.4583,1699.338,15.03333,39.20833,38.35,37.14167,827.7269,0.9981699,33
2022-10-15 09:23:00,6.585787,1576.619,239.9046,13.91051,13.05549,16.52092,5.995333,278.35,1670.339,14.99167,39.20833,38.33333,36.90833,813.6785999999998,0.9982157,33
2022-10-15 09:24:00,6.617824,1582.401,239.7248,13.76189,13.05545,16.54992,6.014,277.4417,1667.235,14.71667,39.55,38.51667,37.24166,817.613,0.9982996,33
2022-10-15 09:25:00,6.621414,1582.307,239.7093,13.94618,13.05355,16.59134,6.108,274.1583,1677.203,14.825,40.11666,39.05,37.65,818.3902,0.9982063,33
2022-10-15 09:26:00,6.651039,1589.176,239.6241,14.14386,13.05258,16.62447,6.117333,275.175,1677.875,14.71667,40.20833,39.15,38.03333,823.9462,0.9983293,33
2022-10-15 09:27:00,6.589777,1581.491,240.1864,14.20814,13.05025,16.65139,6.072,275.425,1672.689,14.74167,40.15833,39.325,38.30833,819.5225,0.9981525,33
2022-10-15 09:28:00,6.934807,1662.425,240.4149,14.22871,13.05019,16.69282,6.392666,274.5333,1747.23,14.49167,39.74166,39.06667,38.48333,865.4482,0.9981086,33
2022-10-15 09:29:00,6.975982,1673.956,240.426,14.30414,13.04881,16.72595,6.43,274.85,1767.717,14.85833,40.4,39.58333,38.525,871.8582,0.9981463,33
2022-10-15 09:30:00,6.957466,1669.571,240.354,14.42946,13.04967,16.75494,6.435333,273.8917,1762.09,15.09167,40.63334,39.76667,39.1,871.2344,0.9981088,33
2022-10-15 09:31:00,6.924428,1662.19,240.4839,14.37846,13.04965,16.79429,6.37,276.65,1763.885,15.04167,40.725,39.8,38.96667,867.0602,0.9980781,33
2022-10-15 09:32:00,6.891104,1654.752,240.4916,14.2791,13.04916,16.82743,6.341333,276.5167,1753.076,14.84167,40.75834,39.91667,39.2,863.1164,0.9981515,33
2022-10-15 09:33:00,6.829879,1639.938,240.4008,14.3791,13.04777,16.86056,6.310667,275.3167,1739.479,14.41667,40.21667,39.64167,39.69167,854.8064,0.9980807,33
2022-10-15 09:34:00,6.767516,1622.76,240.2299,14.5499,13.04592,16.89784,6.28,273.6833,1721.999,14.70833,41.19167,40.13334,40.13334,846.4388,0.9981854,33
2022-10-15 09:35:00,6.744524,1616.234,240.2346,14.46324,13.04407,16.9289,6.276,272.875,1712.301,14.40833,40.64167,40.125,40.45,843.5023999999999,0.9981696,33
2022-10-15 09:36:00,6.727694,1614.5,240.2448,14.57928,13.04406,16.96826,6.318,271.2583,1708.476,14.81667,41.275,40.54167,40.35,844.1645999999998,0.9982996,33
2022-10-15 09:37:00,6.667988,1594.839,239.6609,14.66708,13.04404,16.99838,6.191333,273.0,1691.327,15.0,41.06667,40.55833,40.73333,832.2369999999999,0.9983373,33
2022-10-15 09:38:00,6.837551,1636.58,239.5828,14.92168,13.04403,17.03679,6.392,271.1,1733.18,15.025,39.975,40.04167,40.78333,855.6028,0.9983893,33
2022-10-15 09:39:00,6.832667,1633.319,239.6417,14.99488,13.04402,17.07406,6.359333,272.7,1731.147,14.61667,40.56667,40.31667,41.09167,854.3554,0.9983582,33
2022-10-15 09:40:00,6.914923,1654.437,239.7028,15.09335,13.04401,17.1072,6.469334,271.1833,1752.183,15.075,41.65833,41.21667,41.74166,868.3653,0.9983276,33
2022-10-15 09:41:00,6.965235,1666.814,239.6698,15.245,13.04355,17.14447,6.513334,271.1667,1767.288,15.43333,41.59167,41.35,42.08333,877.0208,0.9982622,33
2022-10-15 09:42:00,7.082329,1694.979,239.7904,15.13529,13.04216,17.18175,6.644667,270.6167,1794.848,15.00833,41.225,41.19167,42.2,894.0054,0.9982792,33
2022-10-15 09:43:00,7.123028,1706.536,239.8539,15.18742,13.04079,17.2211,6.705333,269.7083,1807.55,14.89167,41.61666,41.59167,42.84999,901.9795,0.9982612,33
2022-10-15 09:44:00,7.145628,1716.968,239.9135,14.83271,13.03849,17.25669,6.777334,269.1667,1824.068,14.825,42.05,41.85,42.74166,907.3819,0.9962777,33
2022-10-15 09:45:00,7.129301,1711.725,239.8382,14.75772,13.03849,17.29999,6.741333,268.9667,1813.023,15.03333,42.05833,41.95,43.15,906.2209,0.9979097,33
2022-10-15 09:46:00,7.154232,1712.867,239.8383,14.97746,13.03803,17.34141,6.745333,268.95,1814.022,15.21667,42.74166,42.50834,43.69167,909.3011,0.998184,33
2022-10-15 09:47:00,7.184437,1720.147,239.7893,14.90694,13.03848,17.38075,6.778667,267.8333,1814.986,15.28333,42.675,42.28333,43.23333,912.8228,0.9981652,33
2022-10-15 09:48:00,7.279471,1742.651,239.7928,14.79431,13.03848,17.42218,6.78,269.7333,1827.714,15.425,42.175,41.79167,42.60833,923.2342000000002,0.9981586,33
2022-10-15 09:49:00,7.268306,1740.922,239.8288,14.72884,13.03756,17.45889,6.833333,270.5167,1846.341,15.35833,42.56667,42.25834,42.74166,922.4378,0.9982662,33
2022-10-15 09:50:00,7.320586999999998,1753.371,239.9112,15.04955,13.03619,17.50313,6.878,269.8833,1854.962,15.61667,41.39167,41.825,43.03333,929.6347,0.998136,33
2022-10-15 09:51:00,7.415532,1776.9,239.8973,15.15573,13.0339,17.54041,7.002666,269.4,1885.602,15.425,41.30833,41.625,43.05,942.4163,0.9981506,33
2022-10-15 09:52:00,7.442932,1783.248,239.8937,14.90999,13.03298,17.58183,7.029333,269.0583,1890.224,15.24167,41.95833,42.18333,43.39167,947.3391,0.9981482,33
2022-10-15 09:53:00,7.454252,1788.017,239.9771,14.56257,13.03298,17.62551,7.046667,268.875,1894.368,14.83333,41.86666,42.06667,43.41667,950.7263,0.9980383,33
2022-10-15 09:54:00,7.498222,1797.986,240.0178,14.79509,13.03252,17.66279,7.125333,267.7917,1906.747,15.08333,42.98333,43.025,44.2,959.9095,0.9979988,33
2022-10-15 09:55:00,7.555684,1811.67,239.9462,14.85982,13.03298,17.70552,7.152667,268.1833,1917.404,15.3,43.74166,43.59999,44.55,970.4457000000002,0.9979556,33
2022-10-15 09:56:00,7.591656,1820.508,239.9445,15.05175,13.03252,17.74788,7.243333,266.775,1931.288,15.61667,43.875,43.64166,44.81667,977.6906,0.9979778,33
2022-10-15 09:57:00,6.788464,1630.723,239.6706,15.55294,13.02977,17.7893,6.508667,263.6083,1745.091,15.55,42.525,42.575,44.275,867.1753999999999,0.9980593,33
2022-10-15 09:58:00,5.019341,1202.155,238.7901,15.40279,13.02748,17.8343,4.700667,269.175,1300.701,14.83333,42.0,41.86666,43.65,630.0624,0.9967992,33
2022-10-15 09:59:00,3.947058,934.1137,238.1187,15.42275,13.02748,17.87854,3.622667,275.475,1001.082,15.075,39.89167,40.26667,42.25834,488.9364,0.9959636,33
2022-10-15 10:00:00,3.982058,942.5439,238.0214,15.15223,13.02748,17.94463,3.63,276.9417,994.8027,15.06667,38.8,39.21667,40.825,488.9269,0.9959753,33
2022-10-15 10:01:00,5.677544,1347.049,238.6755,15.01347,13.02748,17.98642,5.108667,279.525,1417.571,15.08333,37.64167,38.325,40.16667,696.264,0.9949599,33
2022-10-15 10:02:00,6.286309,1498.683,239.0264,14.99369,13.02656,18.03086,5.631333,283.6167,1566.812,15.41667,37.675,38.21667,40.20833,780.573,0.9968956,33
2022-10-15 10:03:00,4.576899,1089.339,238.1509,15.04728,13.02748,18.06945,4.170667,272.5583,1207.389,14.94167,36.8,37.55,39.64167,563.2466,0.9943008,33
2022-10-15 10:04:00,3.510147,829.9854,237.469,14.93556,13.02748,18.11445,3.156,279.9167,887.7664999999998,14.95833,36.31667,36.775,38.55833,424.4525,0.9948769,33
2022-10-15 10:05:00,3.283876,774.9202,237.4089,14.68353,13.02748,18.15455,3.03,273.975,830.5861999999998,14.925,35.09167,35.69167,37.13334,397.8912,0.9940647,33
2022-10-15 10:06:00,3.235817,763.7464,237.286,14.13354,13.02656,18.18674,2.915334,282.3167,816.3088,14.425,33.425,34.175,35.675,389.6196,0.9938988,33
2022-10-15 10:07:00,3.595217,852.894,237.7214,14.21087,13.02656,18.22722,3.178,286.6833,910.9214,14.675,32.675,33.45,34.78333,429.6726,0.9953772,33
2022-10-15 10:08:00,3.385793,808.4174,237.8413,14.03744,13.0261,18.2613,2.970667,287.05,868.1181,14.54167,32.16667,32.825,34.025,404.1477,0.993004,33
2022-10-15 10:09:00,2.782951,652.936,237.5543,13.91987,13.02737,18.28747,2.437333,286.0,701.0475,14.3,31.14166,31.88333,33.14167,332.0446,0.9899227,33
2022-10-15 10:10:00,2.63001,615.9047,237.3591,14.10153,13.02658,18.31853,2.293333,288.425,663.3785,14.24167,30.00833,30.81667,32.20833,314.5226,0.9885166,33
2022-10-15 10:11:00,2.629461,618.6429,237.3433,14.26941,13.02525,18.34715,2.314667,287.65,662.0679,14.06667,29.29167,29.95,31.21667,314.9352,0.9887891,33
2022-10-15 10:12:00,2.820237,664.4191,237.3419,14.36101,13.02713,18.37464,2.475333,287.8917,710.2437,14.01667,28.38333,29.175,30.625,335.4223,0.9907632,33
2022-10-15 10:13:00,2.895999,678.9694,237.0736,14.43942,13.02685,18.39949,2.532667,288.4417,728.4438,14.14167,28.26666,28.83333,30.125,341.8995,0.9915137,33
2022-10-15 10:14:00,2.906763,683.4427,237.2913,14.42849,13.02676,18.42623,2.518667,289.4917,730.7523999999999,14.25833,27.61667,28.375,29.70833,342.8687,0.9913235,33
2022-10-15 10:15:00,2.950378,695.6246,237.3991,14.36694,13.02372,18.45145,2.569333,291.075,743.5244,14.175,27.6,28.11667,29.29167,348.3575,0.9916882,33
2022-10-15 10:16:00,3.174229,749.34,237.4461,14.58773,13.02455,18.48045,2.750667,293.2583,803.7432,14.41667,26.925,27.66667,28.93333,372.1456,0.9933169,33
2022-10-15 10:17:00,3.174205,749.5152,237.5475,14.47583,13.02257,18.494,2.725333,293.625,799.8827999999999,14.35,26.4,27.275,28.575,372.5294,0.993295,33
2022-10-15 10:18:00,3.287349,776.6807,237.512,14.49022,13.02337,18.50756,2.841333,293.875,832.0988999999998,14.3,26.61667,27.35833,28.45833,385.3687,0.9942307,33
2022-10-15 10:19:00,3.204689,755.6518999999998,237.4688,14.6157,13.02146,18.52695,2.747333,293.2083,811.3039999999999,14.675,26.70833,27.3,28.4,374.5637,0.993422,33
2022-10-15 10:20:00,3.072652,724.0329,237.4733,14.3232,13.01996,18.5437,2.637333,293.5167,774.27,14.25833,26.36667,27.075,27.98333,360.4387,0.9928972,33
2022-10-15 10:21:00,3.095424,731.0976,237.4088,14.4353,13.01993,18.55952,2.662,294.2166,783.15,14.29167,26.08333,26.76666,27.775,363.0487,0.9929187,33
2022-10-15 10:22:00,3.135861,740.6337999999998,237.4445,14.42675,13.01982,18.57816,2.716,292.0167,789.8094,14.36667,26.225,26.79167,27.66667,367.5396,0.9932505,33
2022-10-15 10:23:00,3.263193,768.6767999999998,237.4821,14.59141,13.01933,18.61205,2.794,293.2583,820.2374,14.68333,26.40833,26.88333,27.76666,379.9374,0.993855,33
2022-10-15 10:24:00,3.206055,757.3283,237.4174,14.60606,13.02018,18.64048,2.744,294.55,809.7077,14.75,26.55,26.9,27.73333,374.4006,0.9937596,33
2022-10-15 10:25:00,3.16494,748.3759,237.4172,14.36119,13.0183,18.64462,2.738,293.2833,800.8918,14.46667,26.79167,27.04167,27.63333,369.9673,0.9934204,33
2022-10-15 10:26:00,3.156811,743.8455,237.3587,14.28033,13.01552,18.6883,2.718,293.5167,799.4267999999998,14.35,26.74167,26.925,27.56667,367.338,0.9933807,33
2022-10-15 10:27:00,3.102766,731.6358,237.3872,14.20924,13.0173,18.68321,2.688667,290.7,782.3076,14.375,26.69167,26.89166,27.4,361.2639,0.9928147,33
2022-10-15 10:28:00,3.140972,742.2847,237.249,14.59031,13.01683,18.70901,2.711333,294.225,794.6731,14.775,26.41667,26.74167,27.38333,365.4573,0.9934216,33
2022-10-15 10:29:00,3.123803,734.4946,237.4471,14.43736,13.01496,18.71315,2.690666,291.325,788.1916,14.50833,26.15,26.53333,27.00833,361.427,0.9926255,33
2022-10-15 10:30:00,2.992327,702.3211,237.4874,14.16311,13.01585,18.73555,2.564,292.3333,751.6210999999998,14.14167,25.78333,26.275,26.75833,346.4959,0.9916512,33
2022-10-15 10:31:00,2.932848,690.0789,237.4177,14.03585,13.01355,18.74233,2.506,295.1,739.8133,13.95833,25.64166,26.075,26.625,340.4409,0.9913495,33
2022-10-15 10:32:00,2.928879,690.5281,237.5436,14.18155,13.01535,18.77189,2.512,294.85,740.4489999999998,14.24167,24.96667,25.60833,26.34167,339.798,0.9912271,33
2022-10-15 10:33:00,2.919191,687.7937,237.5486,14.06167,13.01305,18.76511,2.498667,295.4583,738.3415,14.03333,24.86667,25.53333,26.15833,337.9556,0.9912067,33
2022-10-15 10:34:00,2.890633,679.3347,237.4077,14.08998,13.01395,18.80427,2.476667,293.9417,729.3867,14.175,24.70833,25.3,25.93333,333.6567,0.9909064,33
2022-10-15 10:35:00,2.843519,668.5014,237.4514,14.04257,13.01257,18.81086,2.414667,297.0083,717.7646,14.11667,24.175,24.91667,25.7,328.4941,0.9902477,33
2022-10-15 10:36:00,2.819366,663.4424,237.4865,14.12952,13.01255,18.82743,2.402,295.7667,710.1623,14.21667,24.18333,24.79167,25.45833,325.7401,0.9900467,33
2022-10-15 10:37:00,2.847793,671.8807,237.5785,13.97915,13.01392,18.84192,2.444,294.525,718.9121,14.26667,24.36667,24.86667,25.33333,329.0699,0.990334,33
2022-10-15 10:38:00,2.877619,678.2747,237.5292,13.94966,13.01437,18.84192,2.45,295.7667,723.5522999999998,14.51667,24.56667,24.96667,25.36667,331.4977,0.9907754,33
2022-10-15 10:39:00,3.128773,739.1662,237.6822,14.12105,13.01436,18.84268,2.706667,293.15,788.3835,14.58333,24.76667,25.10833,25.55833,358.9705,0.9925241,33
2022-10-15 10:40:00,3.058937,719.6948,237.6115,14.39474,13.01389,18.86904,2.620667,293.45,772.8472,14.64167,24.84167,25.16667,25.56667,349.0484,0.9920141,33
2022-10-15 10:41:00,3.003408,708.1491,237.4593,14.03113,13.01434,18.86904,2.571333,295.8583,758.2346,14.04167,24.66667,25.11667,25.325,344.6823,0.9918734,33
2022-10-15 10:42:00,3.624348,852.5521999999999,237.6979,14.00935,13.01388,18.87111,3.088,296.4167,910.0099,14.05833,24.38333,24.93333,25.36667,412.5249,0.9912013,33
2022-10-15 10:43:00,2.895842,681.291,237.4834,13.9938,13.01433,18.8856,2.45,295.7833,737.3483999999999,14.025,23.78333,24.54167,25.175,331.3633,0.9903993,33
2022-10-15 10:44:00,2.733732,642.3184,237.3948,13.96354,13.01433,18.89389,2.326,295.6333,687.2131,14.05,23.89166,24.55833,24.99167,314.014,0.9892578,33
2022-10-15 10:45:00,2.733126,641.1845,237.4699,13.76476,13.01433,18.89389,2.337333,293.7833,687.887,13.78333,23.63333,24.33333,24.65833,312.8625,0.9891292,33
2022-10-15 10:46:00,2.682471,628.8428,237.2306,13.84976,13.01295,18.89389,2.279333,296.9417,677.3654,13.95833,23.4,24.15833,24.59167,307.0091,0.9887934,33
2022-10-15 10:47:00,2.670294,626.668,237.0487,13.79216,13.01432,18.89389,2.256667,298.8833,674.001,13.9,23.25833,24.01666,24.46667,305.9439,0.9891711,33
2022-10-15 10:48:00,2.758214,648.7923,237.088,13.86874,13.01432,18.89389,2.363333,296.0583,695.499,13.74167,23.14166,23.80833,24.48333,315.8277,0.9900497,33
2022-10-15 10:49:00,3.447916,814.4419,238.9156,13.86452,13.01432,18.89389,2.956667,297.6417,862.8963999999999,13.85,23.48333,24.16667,24.78333,391.2221,0.9945521,33
2022-10-15 10:50:00,3.746792,893.0977,239.4979,14.11032,13.01432,18.89389,3.191334,298.9917,958.5383,14.25,23.79167,24.45833,25.11667,426.9857,0.9941756,33
2022-10-15 10:51:00,3.1912,761.7892,239.0378,14.06325,13.01431,18.89389,2.739333,294.5333,821.2517,14.23333,24.16667,24.61667,25.125,365.6108,0.9928753,33
2022-10-15 10:52:00,2.742862,645.9383,238.7267,13.74581,13.01431,18.89389,2.346,295.65,695.0662,13.98333,23.88333,24.41667,24.99167,314.3115,0.989562,33
2022-10-15 10:53:00,2.693215,634.5979,238.7155,13.87015,13.01294,18.89389,2.298667,296.5417,681.5589,14.05,23.55833,24.14166,24.8,308.9474,0.9890642,33
2022-10-15 10:54:00,2.674536,630.1035,238.9524,13.84417,13.01339,18.89389,2.283334,296.3583,678.2482,14.00833,23.56667,24.05833,24.65833,306.5773,0.9885449,33
2022-10-15 10:55:00,2.632348,621.251,238.9801,14.01905,13.01202,18.89389,2.266667,294.5333,667.9855,14.16667,23.475,23.975,24.575,302.4127,0.9881652,33
2022-10-15 10:56:00,2.567964,604.0878,238.9343,13.90387,13.01065,18.89389,2.168,299.6833,651.5966,14.08333,23.38333,23.925,24.39166,294.6784,0.9870748,33
2022-10-15 10:57:00,2.539227,599.111,238.9235,13.972,13.00973,18.89389,2.176667,296.4583,645.1323,14.21667,23.25,23.825,24.26666,292.0492,0.9867244,33
2022-10-15 10:58:00,2.477408,581.1525,238.775,14.10261,13.01019,18.89389,2.102,297.5916,627.0098,14.28333,23.05,23.61667,24.125,283.4513,0.9855478,33
2022-10-15 10:59:00,2.425993,569.9032,238.7859,14.01694,13.00882,18.89389,2.064667,297.6917,615.1899,14.225,23.10833,23.55,23.81667,278.164,0.9848506,33
2022-10-15 11:00:00,2.408923,566.1997,238.7184,13.82118,13.00882,18.86904,2.048667,298.225,611.2962,14.05,23.06667,23.45,23.68333,276.6574,0.9847131,33
2022-10-15 11:01:00,2.398921,564.0032,238.7022,13.73406,13.00882,18.86904,2.046667,296.9833,607.6254,13.81667,22.9,23.225,23.46667,275.2661,0.9844975,33
2022-10-15 11:02:00,2.404881,566.3124,238.8769,13.63005,13.00882,18.86904,2.047333,298.975,611.72,13.675,22.51666,22.96667,23.225,276.1297,0.9847589,33
2022-10-15 11:03:00,2.42099,570.2972,238.9155,13.48034,13.00882,18.87111,2.064,297.2667,613.6689,13.61667,22.53333,22.89166,23.14166,277.5691,0.9849893,33
2022-10-15 11:04:00,2.424012,571.2318,238.9515,13.60617,13.00882,18.86904,2.070667,297.2917,615.1131,13.80833,22.6,22.91666,23.06667,278.1448,0.9850489,33
2022-10-15 11:05:00,2.445212,576.36,238.8066,13.76217,13.00882,18.86904,2.103333,296.4,622.5624,13.98333,22.675,22.93333,23.15,280.8221,0.9854448,33
2022-10-15 11:06:00,2.480482,585.2848,238.9216,13.81837,13.00882,18.86904,2.118667,297.9083,630.766,14.09167,22.75,22.975,22.95,284.4013,0.985899,33
2022-10-15 11:07:00,2.51545,594.1417,238.993,13.90126,13.00882,18.86904,2.147333,298.9,641.1792,14.06667,22.53333,22.80833,22.90833,288.5947,0.9864642,33
2022-10-15 11:08:00,2.544564,601.2108,238.9743,13.88159,13.00882,18.86904,2.16,299.5,645.8116,14.05,22.375,22.7,22.69167,291.9148,0.986835,33
2022-10-15 11:09:00,2.54987,600.7766,238.8956,13.86193,13.00882,18.86904,2.166,298.2167,646.8764,14.1,22.58333,22.75833,22.79167,291.6366,0.9867623,33
2022-10-15 11:10:00,2.553997,603.9562,239.2149,13.90899,13.00882,18.86904,2.194667,295.7,648.5248,14.075,22.73333,22.925,22.90833,293.1527,0.9868605,33
2022-10-15 11:11:00,2.545615,602.5623,239.7708,14.01784,13.0079,18.86904,2.184667,296.9417,648.7527,14.13333,22.825,23.01666,23.00833,292.2987,0.9864936,33
2022-10-15 11:12:00,2.544363,601.1566,239.3482,13.96798,13.00882,18.86904,2.177333,296.8333,646.5049,14.025,22.825,23.00833,23.025,291.6557,0.9869893,33
2022-10-15 11:13:00,2.499387,588.2339,239.0219,13.83242,13.00882,18.86904,2.116667,297.3667,630.6299,13.86667,22.84167,22.94167,23.0,285.9558,0.9863279,33
2022-10-15 11:14:00,2.46633,581.1868,239.08,13.87879,13.00882,18.86904,2.108,297.9417,628.3828,14.09167,22.88333,22.94167,22.94167,282.9235,0.9858631,33
2022-10-15 11:15:00,2.460783,580.3364,239.0837,13.96728,13.00882,18.86904,2.105334,297.6917,626.2787,14.06667,22.75833,22.90833,22.95,282.7316,0.9855953,33
2022-10-15 11:16:00,2.477751,584.7686,239.4687,13.73265,13.00882,18.86904,2.116,298.8667,632.7949,13.73333,22.55,22.725,22.75,284.2286,0.9856061,33
2022-10-15 11:17:00,2.442998,575.1043,239.0165,13.66661,13.00882,18.86904,2.065333,299.55,619.0313,13.7,22.15833,22.55,22.71667,279.8145,0.9855958,33
2022-10-15 11:18:00,2.43198,572.1429,238.7647,13.73547,13.00882,18.86904,2.068667,297.85,616.3854,13.70833,22.03333,22.45,22.73333,278.5287,0.9853484,33
2022-10-15 11:19:00,2.419904,569.6646,238.7982,13.60266,13.00882,18.86904,2.044667,301.05,615.8021,13.6,22.025,22.35833,22.68333,277.2332,0.9853754,33
2022-10-15 11:20:00,2.406173,565.71,238.8242,13.61039,13.00882,18.86904,2.033334,299.4917,609.4073,13.7,21.975,22.24167,22.525,275.4196,0.9852291,33
2022-10-15 11:21:00,2.382857,559.7414,238.8832,13.66521,13.00882,18.86904,2.009333,300.0833,603.2177,13.66667,21.79167,22.19167,22.49167,272.9727,0.9844639,33
2022-10-15 11:22:00,2.358258,555.0745,239.22,13.69121,13.00882,18.86904,1.99,300.5083,598.6387,13.7,21.53333,22.01666,22.425,270.3338,0.984097,33
2022-10-15 11:23:00,2.336556,549.9196,239.3396,13.73741,13.00882,18.86678,1.986,299.2333,594.6777,13.89167,21.775,22.075,22.31667,267.7717,0.9835752,33
2022-10-15 11:24:00,2.315276,544.1716,239.3398,13.8117,13.00882,18.85548,1.965333,298.1833,586.3711,13.99167,21.9,22.13333,22.25,265.4399,0.9827874,33
2022-10-15 11:25:00,2.299973,541.2637,239.3103,13.69753,13.00882,18.84192,1.96,298.125,584.4692,13.70833,21.88333,22.1,22.29167,263.8854,0.9827735,33
2022-10-15 11:26:00,2.292643,539.0046,239.2204,13.55488,13.00836,18.84192,1.947333,299.625,583.6314,13.6,21.93333,22.13333,22.29167,262.5996,0.9825119,33
2022-10-15 11:27:00,2.278829,535.4075,239.178,13.50427,13.00882,18.84192,1.917333,300.4,576.2029,13.54167,21.825,21.98333,22.075,261.1314,0.9823373,33
2022-10-15 11:28:00,2.280553,536.4403,239.1542,13.51833,13.00882,18.84192,1.924667,301.4,580.0519,13.6,21.63333,21.85833,21.98333,261.4768,0.9826561,33
2022-10-15 11:29:00,2.259901,529.9487,239.1991,13.57248,13.00745,18.83778,1.914667,298.55,572.1917,13.73333,21.84167,21.975,22.075,258.6653,0.981878,33
2022-10-15 11:30:00,2.232945,524.4297,239.2329,13.55997,13.0079,18.81914,1.894,300.125,568.8219,13.70833,21.775,21.88333,21.975,255.7289,0.9816687,33
2022-10-15 11:31:00,2.218353,521.0117,239.2769,13.63448,13.00882,18.81707,1.862667,301.6,561.957,13.64167,21.58333,21.70833,21.975,254.2512,0.9813821,33
2022-10-15 11:32:00,2.21909,521.3492,239.3335,13.73145,13.00836,18.81707,1.868,301.3417,562.6817,13.84167,21.475,21.725,21.99167,254.5199,0.981213,33
2022-10-15 11:33:00,2.222759,522.5398,239.3397,13.92534,13.00882,18.81707,1.882,301.9167,568.1616,13.925,21.225,21.55833,21.85833,254.8173,0.981021,33
2022-10-15 11:34:00,2.223528,522.9665,239.3804,13.73497,13.00836,18.81707,1.877333,301.5833,566.1265,13.66667,20.95,21.40833,21.8,254.9613,0.9813182,33
2022-10-15 11:35:00,2.226747,523.9851,239.4186,13.74279,13.00699,18.80465,1.892,300.1417,567.5854,13.75833,21.16667,21.49167,21.75833,255.3259,0.9814928,33
2022-10-15 11:36:00,2.239872,526.6836,239.3319,13.70142,13.00882,18.79222,1.891333,300.0917,567.5724,13.65833,20.975,21.33333,21.69167,256.4678,0.9817779,33
2022-10-15 11:37:00,2.237603,525.894,239.3049,13.52644,13.0079,18.79222,1.886,302.0167,569.3576,13.44167,20.875,21.3,21.7,256.2183,0.9816203,33
2022-10-15 11:38:00,2.247586,528.6825,239.3188,13.67473,13.00836,18.79222,1.904,301.0417,573.0077,13.56667,20.81667,21.225,21.71667,257.2643,0.9820653,33
2022-10-15 11:39:00,2.24743,528.3564,239.2745,13.79136,13.00882,18.79222,1.895333,300.9833,570.631,13.75,20.925,21.29167,21.625,256.9668,0.9821338,33
2022-10-15 11:40:00,2.250547,529.6365,239.2739,13.52855,13.00836,18.76511,1.904667,301.65,574.2564,13.375,20.86667,21.15,21.46667,257.6193,0.9822404,33
2022-10-15 11:41:00,2.257831,531.5565,239.3126,13.48005,13.00882,18.76511,1.906,302.0833,575.5455,13.375,20.85,21.18333,21.525,258.3774,0.9824381,33
2022-10-15 11:42:00,2.261784,531.5748,239.2385,13.40061,13.0079,18.76511,1.900667,301.65,573.5573,13.4,20.825,21.09167,21.30833,258.5405,0.9822432,33
2022-10-15 11:43:00,2.252783,529.6271,239.245,13.28881,13.00836,18.76511,1.905333,302.0167,575.5192,13.275,20.88333,21.14167,21.39166,257.3986,0.9819959,33
2022-10-15 11:44:00,2.238915,526.3217,239.1621,13.41484,13.00836,18.74233,1.894667,301.3333,571.1116,13.39167,20.825,21.13333,21.40833,255.9592,0.9815536,33
2022-10-15 11:45:00,2.234957,525.1227,239.1715,13.61731,13.00882,18.74026,1.884667,302.25,569.6426,13.425,20.575,20.975,21.39166,255.4986,0.9819449,33
2022-10-15 11:46:00,2.234284,524.6457,239.094,13.71411,13.00882,18.738,1.875333,302.375,567.2123,13.65833,20.68333,21.05833,21.35,255.3931,0.9819724,33
2022-10-15 11:47:00,2.236256,525.555,239.043,13.47815,13.00882,18.71315,1.886,301.2667,567.9471,13.425,20.625,20.925,21.125,255.4411,0.9820642,33
2022-10-15 11:48:00,2.23618,525.452,239.1529,13.44019,13.00882,18.71315,1.879333,303.6583,570.6097,13.425,20.73333,21.03333,21.15,255.7001,0.9818113,33
2022-10-15 11:49:00,2.239808,526.2637,239.185,13.55482,13.00882,18.70693,1.894667,299.7917,567.9547,13.56667,20.63333,21.00833,21.25833,255.8633,0.9819002,33
2022-10-15 11:50:00,2.239923,526.6904,239.2791,13.70606,13.00882,18.6883,1.886,301.0583,567.5649,13.65833,20.48333,20.91667,21.30833,255.7961,0.981708,33
2022-10-15 11:51:00,2.240334,526.5419,239.3132,13.80987,13.00882,18.677,1.883333,302.8583,570.3975,13.7,20.63333,21.01667,21.33333,256.0264,0.981595,33
2022-10-15 11:52:00,2.250323,529.3689,239.1737,13.62457,13.0079,18.66119,1.897333,300.7417,570.321,13.55833,20.80833,21.14167,21.38333,257.2163,0.9819933,33
2022-10-15 11:53:00,2.294176,541.6924,239.2504,13.6583,13.00882,18.66119,1.946,301.6,585.0475,13.75,20.88333,21.19167,21.275,262.4556,0.9829488,33
2022-10-15 11:54:00,2.325803,546.8185,239.1264,13.7237,13.00882,18.65498,1.963333,299.9666,589.7928,13.775,20.91667,21.19167,21.29167,264.0773,0.9835594,33
2022-10-15 11:55:00,2.277999,534.6069,239.2011,13.52847,13.00882,18.63633,1.91,302.625,578.8012,13.575,20.96667,21.26667,21.25,259.4425,0.9825792,33
2022-10-15 11:56:00,2.250818,528.6831,239.2106,13.54834,13.00882,18.62956,1.898,301.3583,572.1558,13.65833,21.13333,21.33333,21.38333,257.0052,0.9823743,33
2022-10-15 11:57:00,2.239916,526.3804,239.2074,13.70138,13.00836,18.60923,1.884667,302.3833,569.9993,13.775,21.025,21.3,21.375,256.1224,0.9816966,33
2022-10-15 11:58:00,2.22957,523.7785,239.2711,13.70138,13.00882,18.60923,1.874667,302.025,566.5549,13.7,20.98333,21.24167,21.33333,254.7886,0.9817907,33
2022-10-15 11:59:00,2.218803,520.7467,239.1247,13.46392,13.00882,18.5968,1.871333,300.75,562.9982,13.45,20.75833,21.06667,21.25,253.5603,0.9812543,33
2022-10-15 12:00:00,2.205021,517.4166,239.1314,13.53712,13.00882,18.58437,1.850667,302.6417,560.1591,13.60833,20.725,21.075,21.24167,251.9578,0.9811894,33
2022-10-15 12:01:00,2.200275,516.4929,239.241,13.67921,13.00882,18.56987,1.852,301.7083,558.8871,13.81667,20.8,21.11667,21.20833,251.3149,0.9805202,33
2022-10-15 12:02:00,2.178865,510.1474,239.2547,13.58864,13.00882,18.55952,1.83,301.6833,552.9401,13.53333,20.78333,21.06667,21.19167,248.4073,0.9797484,33
2022-10-15 12:03:00,2.142398,501.3589,239.1645,13.57107,13.00836,18.55952,1.8,301.6583,543.348,13.525,20.78333,21.1,21.23333,244.4538,0.9790438,33
2022-10-15 12:04:00,2.122169,496.3699,239.0449,13.46161,13.00882,18.53467,1.790667,300.4666,538.3537,13.5,20.775,21.0,21.15,242.5826,0.9785917,33
2022-10-15 12:05:00,2.104087,491.9669,239.1902,13.33629,13.00882,18.53241,1.767333,302.075,534.226,13.44167,20.75,20.91667,21.09167,240.6251,0.9782316,33
2022-10-15 12:06:00,2.083473,487.3684,239.2931,13.31958,13.00882,18.5117,1.757333,300.125,528.0538,13.46667,20.79167,21.01667,21.175,238.5236,0.9778264,33
2022-10-15 12:07:00,2.066625,483.0271,239.1312,13.35829,13.00882,18.50756,1.736,302.55,525.3171,13.58333,21.025,21.16667,21.35833,236.6044,0.977379,33
2022-10-15 12:08:00,2.059356,481.9067,239.2835,13.50981,13.00882,18.494,1.728,302.35,522.2218,13.825,21.03333,21.225,21.45833,236.3645,0.977105,33
2022-10-15 12:09:00,2.074464,486.1179,239.2701,13.58398,13.00882,18.48045,1.754667,301.5833,528.8016,13.85,21.16667,21.29167,21.46667,238.2261,0.9776509,33
2022-10-15 12:10:00,2.101756,492.7983,239.1629,13.70347,13.00836,18.47838,1.76,303.5167,533.3063,13.88333,21.2,21.25,21.5,241.5559,0.9782894,33
2022-10-15 12:11:00,2.13455,500.455,239.0779,13.75842,13.00607,18.45974,1.800667,302.5,544.0475,13.96667,21.125,21.275,21.525,245.2503,0.9792427,33
2022-10-15 12:12:00,2.152728,504.9471,239.1463,13.91229,13.00882,18.45559,1.817333,300.6833,546.4193,14.09167,20.875,21.14167,21.525,246.8144,0.9795745,33
2022-10-15 12:13:00,2.150329,504.422,239.1783,13.81957,13.00882,18.45559,1.816,300.0333,545.0504,13.76667,20.55833,20.975,21.425,246.6225,0.9797101,33
2022-10-15 12:14:00,2.147684,504.2177,239.2279,13.76899,13.0079,18.45559,1.810667,301.55,545.7228,13.75,20.66667,21.09167,21.55,246.7664,0.9796772,33
2022-10-15 12:15:00,2.15028,504.6308,239.3233,13.86313,13.00882,18.45559,1.809333,302.4,547.1512,13.96667,20.71667,21.13333,21.575,247.2366,0.9798225,33
2022-10-15 12:16:00,2.149449,504.0035,239.2109,13.64251,13.00882,18.45559,1.816,301.0083,546.6138,13.775,20.775,21.08333,21.43333,247.0159,0.9797344,33
2022-10-15 12:17:00,2.147497,503.3854,239.0701,13.54994,13.00836,18.43281,1.817333,299.7917,544.9279,13.86667,20.81667,21.10833,21.28333,246.824,0.9796447,33
2022-10-15 12:18:00,2.148032,503.7438,239.1205,13.51902,13.00836,18.43074,1.809333,302.225,546.613,13.89167,20.84167,21.09167,21.25833,247.2942,0.979948,33
2022-10-15 12:19:00,2.154228,505.2846,239.1226,13.58299,13.00882,18.43074,1.814667,301.1833,546.4969,13.83333,20.88333,21.08333,21.25833,248.0715,0.9801673,33
2022-10-15 12:20:00,2.152043,504.0762,239.0272,13.72774,13.00882,18.43074,1.818667,301.975,549.4173,14.05,20.76667,21.04167,21.24167,247.5533,0.9798681,33
2022-10-15 12:21:00,2.136722,500.1101,239.0121,13.8398,13.00904,18.42623,1.792667,301.0417,540.0684,14.0,20.71667,20.98333,21.225,245.8452,0.9793174,33
2022-10-15 12:22:00,2.120524,496.3067,239.0381,13.63239,13.00925,18.40589,1.779333,301.85,537.0594,13.71667,20.73333,20.93333,21.11667,244.5882,0.978973,33
2022-10-15 12:23:00,2.130081,499.6101,239.0158,13.56334,13.00919,18.40363,1.791333,303.1583,542.4578,13.60833,20.7,20.89167,21.11667,246.469,0.9795089,33
2022-10-15 12:24:00,2.170984,510.3669,239.0161,13.49305,13.00779,18.40363,1.828667,302.625,552.3168,13.48333,20.74167,20.88333,21.10833,251.1901,0.9806481,33
2022-10-15 12:25:00,2.231202,525.6889,239.076,13.46282,13.0091,18.40363,1.884667,301.9083,567.3865,13.68333,20.83333,21.00833,21.075,257.9648,0.9819574,33
2022-10-15 12:26:00,2.303316,543.6165,239.0647,13.65963,13.00908,18.40156,1.944,302.6333,586.6395,13.95,20.975,21.09167,21.3,265.6031,0.9835048,33
2022-10-15 12:27:00,2.369286,560.2158,239.251,13.71459,13.00904,18.38499,2.002,302.5583,604.2924,13.85833,21.15,21.25833,21.41667,273.1358,0.9844708,33
2022-10-15 12:28:00,2.423639,572.5699,239.2185,13.72377,13.00855,18.37878,2.032667,303.3417,615.8774,13.70833,20.95833,21.24167,21.525,278.5862,0.9853688,33
2022-10-15 12:29:00,2.460385,581.559,239.2588,13.61275,13.00899,18.37878,2.074667,301.3583,624.447,13.69167,21.19167,21.35833,21.56667,282.8372,0.9858,33
2022-10-15 12:30:00,2.502,591.5623,239.1815,13.58463,13.00795,18.37878,2.130667,299.8,637.7519,13.675,21.35833,21.49167,21.7,288.4603,0.9863715,33
2022-10-15 12:31:00,2.527227,596.8857,239.3051,13.52911,13.00938,18.37878,2.11,304.0,641.5334,13.80833,21.50833,21.64166,21.75,290.8017,0.9863885,33
2022-10-15 12:32:00,2.529213,597.9197,239.3548,13.54317,13.00928,18.37878,2.140667,301.6667,645.4497,13.925,21.75,21.9,21.975,291.0512,0.9865982,33
2022-10-15 12:33:00,2.534123,598.7439,239.3522,13.62977,13.00925,18.36014,2.144667,298.8667,640.8314,14.1,22.0,22.05833,22.24167,291.4446,0.9867966,33
2022-10-15 12:34:00,2.537125,599.3495,239.2822,13.57288,13.00873,18.356,2.154667,300.0167,646.2554,13.90833,22.225,22.225,22.39166,291.5502,0.9868305,33
2022-10-15 12:35:00,2.544852,602.2462,239.4409,13.58133,13.00822,18.35393,2.153333,301.3667,648.8353,13.975,22.325,22.30833,22.45833,292.481,0.9870749,33
2022-10-15 12:36:00,2.57698,611.9507,239.7535,13.74366,13.00911,18.35393,2.211334,297.9333,657.1227,14.28333,22.49167,22.53333,22.55,296.6264,0.9875671,33
2022-10-15 12:37:00,2.736833,650.9274,239.6749,13.82516,13.0086,18.35393,2.359333,297.9167,695.3892,14.24167,22.65833,22.65833,22.65,314.3979,0.9895843,33
2022-10-15 12:38:00,3.405459,811.4814,240.0969,13.88065,13.00676,18.35393,2.932667,297.0667,858.0424,14.13333,22.83333,22.88333,23.05833,386.002,0.9945307,33
2022-10-15 12:39:00,3.782284,904.1553,240.3111,13.94804,13.0058,18.35807,3.226667,299.525,958.6545,14.225,23.475,23.50833,23.53333,427.1969,0.995565,33
2022-10-15 12:40:00,4.079822,979.5887,240.5777,14.22528,13.00579,18.36843,3.488,298.8917,1041.942,14.51667,24.10833,24.11667,24.20833,463.2484,0.9964768,33
2022-10-15 12:41:00,4.029682,964.4185,240.4767,14.1894,13.00393,18.37878,3.449333,300.925,1030.843,14.21667,24.31667,24.39166,24.63333,459.9666,0.9964718,33
2022-10-15 12:42:00,4.187822,1003.804,240.5965,14.04828,13.00346,18.37878,3.568667,298.2667,1072.623,14.075,24.73333,24.9,25.04167,475.9245,0.9965964,33
2022-10-15 12:43:00,3.675997,884.0203,240.3109,14.15359,13.00344,18.37878,3.130667,297.9666,943.0574,14.31667,24.99167,25.21667,25.50833,421.3722,0.9954165,33
2022-10-15 12:44:00,3.180548,758.9239,240.136,14.13254,13.00386,18.37878,2.696,301.075,817.0447,14.20833,24.66667,25.1,25.61667,367.0022,0.9931248,33
2022-10-15 12:45:00,3.113144,741.2419,240.0947,14.05109,13.00383,18.37878,2.671333,297.0417,793.5263,14.21667,24.66667,25.08333,25.58333,359.1912,0.9929181,33
2022-10-15 12:46:00,3.062495,729.7145,240.1226,14.1296,13.00375,18.39327,2.624667,296.1583,782.3784,14.11667,24.325,24.84167,25.60833,353.5201,0.9923032,33
2022-10-15 12:47:00,2.871987,680.0411,239.9071,14.19902,13.00393,18.40363,2.449333,296.95,728.2939,14.13333,24.24167,24.86667,25.51666,331.7759,0.99087,33
2022-10-15 12:48:00,2.983125,711.8818,239.9003,14.18708,13.0041,18.40363,2.593333,295.7417,760.7731,14.125,23.85,24.63333,25.48333,345.7091,0.9921329,33
2022-10-15 12:49:00,3.737787,894.1802,240.277,14.13882,13.00353,18.40589,3.215333,299.0,937.012,14.0,23.65,24.525,25.5,427.9165,0.99565,33
2022-10-15 12:50:00,3.81145,914.0982,240.5999,14.206,13.00395,18.43074,3.281333,295.45,986.1664,14.2,24.09167,24.95833,25.83333,437.0422,0.9952996,33
2022-10-15 12:51:00,2.939839,701.3303,240.2109,14.16108,13.00383,18.43074,2.48,298.5833,758.2705999999998,14.18333,23.79167,24.76666,25.75,337.898,0.9909604,33
2022-10-15 12:52:00,2.605574,615.1647,239.8134,14.07259,13.00379,18.43281,2.224667,296.3,665.0576,13.86667,23.1,24.21667,25.35,300.1193,0.9876693,33
2022-10-15 12:53:00,2.431316,572.3951,239.5667,13.97482,12.99961,18.45352,2.080667,296.9417,619.3587,13.95,23.11667,24.10833,25.15,280.9564,0.9849892,33
2022-10-15 12:54:00,2.383191,560.715,239.521,13.86594,13.00276,18.45559,2.027333,297.0333,603.2257,13.875,22.88333,23.89166,24.875,275.3236,0.9843541,33
2022-10-15 12:55:00,2.301796,538.9161,239.3763,13.96076,13.00319,18.45559,1.951333,297.0,581.7209,14.08333,22.85,23.825,24.73333,265.2288,0.9827983,33
2022-10-15 12:56:00,2.216763,518.6701,239.2541,14.07732,13.00222,18.45559,1.878,297.975,560.8929,14.30833,22.85,23.70833,24.58333,256.1991,0.98088,33
2022-10-15 12:57:00,2.167261,507.2317,239.2581,14.05266,13.00129,18.46595,1.852,296.075,549.3071,14.14167,22.78333,23.5,24.26666,251.3053,0.9799283,33
2022-10-15 12:58:00,2.126518,497.0195,239.2065,14.07993,13.00261,18.48045,1.817333,295.05,537.0062,14.325,22.60833,23.28333,23.93333,247.1311,0.9791336,33
2022-10-15 12:59:00,2.079152,485.6228,239.3058,14.02797,13.00169,18.48045,1.774667,296.6583,527.5823,14.375,22.33333,22.975,23.55833,242.2468,0.9778022,33
2022-10-15 13:00:00,2.033311,474.4521,239.3378,13.83693,13.00257,18.48045,1.726,298.25,515.6398,14.09167,22.08333,22.58333,23.0,237.6024,0.9764097,33
2022-10-15 13:01:00,1.975893,459.4362,239.3573,13.799,13.00118,18.48045,1.669333,298.2667,499.2294,14.00833,21.925,22.375,22.59167,231.4899,0.9746523,33
2022-10-15 13:02:00,1.926487,448.2606,239.3152,13.87276,13.00163,18.48045,1.626667,299.425,487.696,14.15833,21.84167,22.20833,22.33333,226.596,0.9731906,33
2022-10-15 13:03:00,1.900726,441.7628,239.2991,13.91842,13.00252,18.48045,1.604,300.1667,482.4142,14.24167,21.59167,21.95833,22.2,223.5925,0.9721586,33
2022-10-15 13:04:00,1.849022,428.4111,239.2926,13.90928,13.00297,18.48045,1.551333,301.2833,468.2854,14.25833,21.5,21.84167,21.95,217.7486,0.9701082,33
2022-10-15 13:05:00,1.806724,417.9392,239.1498,13.91982,13.00112,18.48045,1.516,301.3667,457.6167,14.225,21.45,21.75833,21.89166,213.3537,0.968472,33
2022-10-15 13:06:00,1.782794,412.383,239.1946,13.89032,13.00294,18.48045,1.491333,301.25,449.4468,14.08333,21.33333,21.54167,21.64166,211.2331,0.96709,33
2022-10-15 13:07:00,1.784063,413.3637,239.1753,13.90226,13.00339,18.48045,1.491333,302.85,451.6034,14.18333,21.29167,21.45,21.5,211.8472,0.9675521,33
2022-10-15 13:08:00,1.793115,416.4076,239.2256,13.9395,13.00338,18.47838,1.506667,302.9417,455.8347,14.23333,21.33333,21.45833,21.475,213.4113,0.9681222,33
2022-10-15 13:09:00,1.815965,421.7327,239.3382,13.96494,13.00292,18.45974,1.522,301.3,457.9054,14.425,21.28333,21.41666,21.30833,215.6855,0.9690195,33
2022-10-15 13:10:00,1.837256,427.162,239.2405,14.02045,13.00337,18.45559,1.544667,301.3167,464.8011,14.475,21.20833,21.325,21.14167,217.9501,0.9701107,33
2022-10-15 13:11:00,1.861435,433.5083,239.3697,13.78515,13.00336,18.45559,1.572667,300.475,472.1239,14.275,21.04167,21.175,20.93333,220.7617,0.9709611,33
2022-10-15 13:12:00,1.886562,440.0744,239.3013,13.67062,13.00336,18.45559,1.586,302.575,479.1174,14.05833,21.025,21.01667,20.75,223.6885,0.9722499,33
2022-10-15 13:13:00,1.936731,453.7182,239.3312,13.66713,13.0029,18.45352,1.643333,301.875,494.9622,14.20833,20.99167,21.04167,20.61667,230.0889,0.9741473,33
2022-10-15 13:14:00,2.004163,470.8647,239.3527,13.68699,13.00335,18.43074,1.7,302.2583,511.9474,14.21667,21.00833,21.025,20.55833,237.8039,0.9761013,33
2022-10-15 13:15:00,2.076606,489.0487,239.657,13.71159,13.00335,18.43074,1.757333,302.875,530.8857,14.23333,21.06667,21.09167,20.63333,245.6917,0.977959,33
2022-10-15 13:16:00,2.157464,509.4728,239.7733,13.84229,13.00335,18.40363,1.834667,301.9833,549.7454,14.26667,21.15,21.225,20.70833,254.9901,0.9799986,33
2022-10-15 13:17:00,2.274176,535.6166,239.6982,13.7601,13.00243,18.40363,1.903333,304.2083,580.8149,13.96667,21.11667,21.19167,20.83333,265.6031,0.9820874,33
2022-10-15 13:18:00,2.196152,517.3857,239.7244,13.69075,13.00334,18.37878,1.860667,301.65,561.906,14.05833,21.24167,21.325,20.90833,257.7537,0.9803007,33
2022-10-15 13:19:00,2.228298,526.3272,239.6901,13.7506,13.00379,18.36428,1.893333,300.6917,565.2681,14.29167,21.31667,21.36667,20.90833,263.041,0.981265,33
2022-10-15 13:20:00,2.484323,589.3991,239.753,13.70923,13.00425,18.35393,2.111333,303.5417,634.0747,14.33333,21.38333,21.51666,20.94167,291.2047,0.985898,33
2022-10-15 13:21:00,3.165728,748.1024999999998,239.9796,13.69186,13.00516,18.33811,2.68,301.6833,796.9511999999999,14.34167,21.71667,21.78333,21.18333,362.8376,0.9918883,33
2022-10-15 13:22:00,4.906426,1180.661,240.6723,13.69381,13.00562,18.32682,4.189333,302.1333,1216.103,14.31667,22.54167,22.56667,22.04167,559.7633,0.9970433,33
2022-10-15 13:23:00,4.209437,1008.124,240.4992,13.76007,13.00608,18.30197,3.48,306.3917,1119.085,14.15833,23.875,23.725,23.29167,487.6986,0.9931002,33
2022-10-15 13:24:00,3.246113,764.4487,239.4626,13.84304,13.00562,18.29368,2.764667,301.9917,796.1359,14.46667,24.06667,24.025,23.34167,372.0016,0.9889543,33
2022-10-15 13:25:00,3.055935,735.6226,239.6406,13.8221,13.00653,18.27711,2.555333,300.6833,814.0086,14.45,24.21667,24.175,23.56667,357.7614,0.9904069,33
2022-10-15 13:26:00,3.120571,734.2270999999998,239.4155,13.74204,13.0079,18.25904,2.695333,296.4,769.4727,14.18333,24.25833,24.175,23.575,360.1508,0.992303,33
2022-10-15 13:27:00,3.932323,931.1933,239.7886,13.79967,13.00819,18.25,3.406667,294.45,989.4739,14.23333,24.61667,24.51666,23.975,453.4991,0.993818,33
2022-10-15 13:28:00,5.762323,1370.289,240.4496,13.88962,13.00697,18.24586,4.966667,297.3833,1418.941,14.53333,25.60833,25.425,24.775,665.9796,0.9960983,33
2022-10-15 13:29:00,7.890659999999999,1896.47,241.6825,14.00498,13.00826,18.22515,6.963333,290.7083,2039.045,14.85833,27.91667,27.71667,27.16667,945.7461,0.996598,33
2022-10-15 13:30:00,8.437782,2039.847,241.7375,14.20647,13.00687,18.22515,7.531333,286.525,2151.242,15.10833,29.975,29.825,29.25833,1023.338,0.9978147,33
2022-10-15 13:31:00,4.738373,1132.981,240.0888,14.40368,13.00635,18.22515,4.266667,282.375,1225.864,15.20833,30.45,30.45833,29.9,565.4537,0.9961832,33
2022-10-15 13:32:00,5.644447,1350.184,240.458,14.4921,13.0077,18.22308,5.070667,283.3083,1479.451,15.19167,31.00833,30.975,30.45,674.731,0.9973474,33
2022-10-15 13:33:00,4.683732,1113.863,239.7984,14.59381,13.00629,18.22308,4.22,280.0417,1177.453,15.25,31.05833,31.13333,30.83333,554.0154,0.997598,33
2022-10-15 13:34:00,5.97417,1439.33,240.4085,14.81049,13.00489,18.22515,5.543333,273.9333,1520.603,15.23333,31.36667,31.7,31.625,722.4702,0.9945897,33
2022-10-15 13:35:00,3.488892,834.303,239.5303,14.49277,13.00488,18.22515,3.174667,278.775,901.8401,14.625,31.35,31.40833,31.50833,421.9959,0.9916954,33
2022-10-15 13:36:00,3.696775,880.2075,239.2888,14.38544,13.00573,18.22515,3.279333,285.3833,928.2625,14.56667,31.2,31.30833,31.3,439.0765,0.9956625,33
2022-10-15 13:37:00,4.910278,1176.149,239.764,14.60572,13.00388,18.22515,4.354,287.7083,1230.543,15.0,31.33333,31.43333,31.41667,582.064,0.9935479,33
2022-10-15 13:38:00,5.882142,1412.697,240.3298,14.78856,13.00379,18.24793,5.330667,285.8,1451.721,15.19167,31.60833,31.825,31.81667,700.6494,0.9964264,33
2022-10-15 13:39:00,7.628114,1826.79,241.2655,14.75349,13.00374,18.25,6.868,284.1,1951.675,15.075,33.14167,33.19167,33.33333,930.5463,0.9980273,33
2022-10-15 13:40:00,8.263714,1990.145,241.6274,14.73175,13.0037,18.25,7.597333,279.0167,2113.502,15.14167,34.94167,34.96667,34.94167,1022.244,0.9980168,33
2022-10-15 13:41:00,8.223192,1984.476,241.8596,14.93747,13.00364,18.27259,7.61,276.5667,2104.676,15.56667,36.46667,36.45,36.475,1025.881,0.9978762,33
2022-10-15 13:42:00,8.238298999999998,1991.639,241.9859,14.93915,13.00088,18.2854,7.676,275.7083,2114.05,15.43333,37.14167,37.36666,37.38334,1036.571,0.997798,33
2022-10-15 13:43:00,6.944799,1673.05,241.6334,15.08757,12.99899,18.30197,6.356,275.5417,1813.98,15.75833,38.01667,38.23333,38.2,866.0718,0.996883,33
2022-10-15 13:44:00,5.158081,1238.639,240.4641,15.25273,12.99806,18.32475,4.612,283.275,1330.601,15.45833,37.14167,37.55833,37.9,631.329,0.9966104,33
2022-10-15 13:45:00,5.801726,1388.282,240.5365,15.29402,12.99802,18.34489,5.216,288.0667,1442.259,15.475,36.825,37.425,37.575,716.7895,0.994817,33
2022-10-15 13:46:00,6.017855,1438.698,240.9496,15.41999,12.998,18.36222,5.466667,279.5,1572.462,15.58333,36.33333,37.38334,38.2,743.2836,0.9953933,33
2022-10-15 13:47:00,6.192024,1484.578,240.7343,15.49959,12.99799,18.38913,5.572667,285.4583,1523.345,15.45833,36.20833,37.05,37.725,764.6726999999998,0.99773,33
2022-10-15 13:48:00,6.86858,1651.038,241.4973,15.25574,12.99796,18.41267,6.404,270.1667,1799.182,15.18333,36.825,37.98333,38.84167,859.3452,0.995693,33
2022-10-15 13:49:00,5.510672,1327.324,240.5475,15.04894,12.99795,18.44317,5.064667,278.2833,1375.597,14.84167,36.35833,37.51667,38.56667,676.084,0.9970487,33
2022-10-15 13:50:00,6.941921,1666.116,241.2487,15.03404,12.99793,18.46181,6.392666,276.7583,1769.749,15.15,36.73333,37.875,39.14167,860.8229,0.9978468,33
2022-10-15 13:51:00,7.362158,1774.892,241.4606,15.38032,12.99792,18.494,6.794,278.1083,1861.276,15.58333,37.28333,38.525,39.78333,920.9985,0.9981946,33
2022-10-15 13:52:00,7.664933999999999,1848.99,241.7787,15.43728,12.99746,18.51998,7.12,273.6667,1951.192,15.61667,37.85,39.21667,40.71667,964.0357,0.9978213,33
2022-10-15 13:53:00,6.921429,1668.171,241.6388,15.26977,12.99607,18.55048,6.44,272.0,1805.165,15.375,38.58333,39.80833,41.275,867.6264,0.9977016,33
2022-10-15 13:54:00,5.055892,1215.279,240.6403,15.40332,12.99469,18.58644,4.656,276.3416,1296.059,15.63333,37.625,39.10833,40.75834,623.3453,0.9961912,33
2022-10-15 13:55:00,6.45716,1563.536,241.0933,15.56207,12.9928,18.61826,6.027334,278.025,1619.118,15.6,35.85,37.74166,40.03333,801.4054999999998,0.9983826,33
2022-10-15 13:56:00,7.516075,1812.622,241.8957,15.19148,12.99282,18.65083,7.008667,273.95,1917.214,15.55833,37.125,38.74166,40.4,941.7542,0.9979725,33
2022-10-15 13:57:00,7.373207,1780.236,241.9025,15.05945,12.99274,18.68114,6.844667,274.3333,1879.029,15.73333,38.06667,39.58333,40.90833,925.9402,0.9979326,33
2022-10-15 13:58:00,7.306139,1764.336,241.8554,15.29677,12.9927,18.71992,6.854,273.3083,1873.888,16.06667,38.875,40.25,41.90833,920.0676,0.9979815,33
2022-10-15 13:59:00,7.213396,1740.969,241.7929,15.39769,12.99266,18.75269,6.747334,272.675,1847.311,15.78333,38.575,40.275,42.16667,907.1325,0.9978763,33
2022-10-15 14:00:00,6.806692,1643.019,241.6085,15.17915,12.99262,18.7958,6.356667,273.1,1738.442,15.65,39.0,40.425,42.05833,853.7315999999998,0.9979446,33
2022-10-15 14:01:00,6.609962,1594.465,241.6412,15.41138,12.9926,18.85322,6.172667,273.2833,1684.243,15.94167,39.23333,40.85,42.69167,828.1299,0.9979694,33
2022-10-15 14:02:00,6.969763,1682.441,241.6887,15.53782,12.99255,18.8856,6.535333,273.025,1785.097,15.86667,39.33333,40.84167,43.00833,877.8266999999998,0.9980592,33
2022-10-15 14:03:00,6.341038,1534.505,241.2927,15.62779,12.98979,18.93117,5.849333,276.025,1642.165,15.5,38.525,40.24166,42.70833,792.9516999999998,0.997682,33
2022-10-15 14:04:00,4.763803,1152.366,240.5796,15.58533,12.98839,18.96826,4.386667,276.0333,1243.317,15.41667,37.55833,39.575,42.09167,589.9518,0.9967334,33
2022-10-15 14:05:00,5.006379,1194.322,240.2677,15.64886,12.98837,19.00911,4.592,278.5083,1247.057,15.55833,36.75,38.66667,41.16667,611.7343,0.99797,33
2022-10-15 14:06:00,5.304848,1274.206,240.1665,15.4464,12.98744,19.0479,4.844667,278.0667,1355.759,15.35,36.675,38.55,40.975,650.4247,0.9974239,33
2022-10-15 14:07:00,5.603173,1341.797,240.1894,15.63722,12.98742,19.08931,5.179333,276.0333,1417.965,15.64167,36.23333,38.18333,40.68333,686.4379,0.9978454,33
2022-10-15 14:08:00,5.587008,1339.072,240.2758,15.57899,12.98788,19.11981,5.118667,278.6,1421.619,15.63333,35.825,37.63334,40.09167,683.4824,0.9977178,33
2022-10-15 14:09:00,5.359399,1289.238,240.5324,15.12296,12.98742,19.16274,4.861333,279.5667,1366.015,15.41667,34.68333,36.89167,39.21667,653.601,0.9974691,33
2022-10-15 14:10:00,5.799393,1390.742,240.7631,15.24679,12.98729,19.19663,5.283333,280.5333,1473.114,15.25833,33.08333,35.63334,38.4,706.0613,0.9978714,33
2022-10-15 14:11:00,6.059875,1454.825,240.5497,15.19379,12.98476,19.22675,5.492667,279.5333,1535.834,15.44167,33.98333,35.91667,38.20833,737.7659,0.9978669,33
2022-10-15 14:12:00,6.02073,1447.09,240.5794,15.32731,12.98713,19.255,5.426,282.0583,1532.455,15.66667,33.29167,35.475,37.86666,732.1427999999999,0.9978101,33
2022-10-15 14:13:00,5.961153,1431.312,240.5832,15.3545,12.98674,19.29378,5.378,283.0333,1518.356,15.525,32.80833,35.29167,37.51667,723.1707,0.9978955,33
2022-10-15 14:14:00,5.973606,1435.342,240.563,15.59251,12.98637,19.32013,5.42,278.8583,1516.58,15.93333,32.83333,35.30833,37.70833,725.0611,0.9978332,33
2022-10-15 14:15:00,6.32026,1515.371,240.7098,15.26371,12.98682,19.35252,5.740667,282.15,1599.802,15.46667,33.13334,35.375,37.2,768.4919,0.9982615,33
2022-10-15 14:16:00,6.608902,1593.016,241.0528,14.808,12.98605,19.37511,6.038666,278.2583,1688.224,15.175,33.5,35.8,37.81667,808.6408,0.9981455,33
2022-10-15 14:17:00,6.464893,1557.843,240.9076,15.26331,12.98641,19.39507,5.916667,278.95,1646.428,15.70833,34.20833,36.35,38.4,791.3972,0.9982355,33
2022-10-15 14:18:00,6.318834,1519.54,240.9184,15.54201,12.98623,19.40825,5.731333,280.8083,1613.317,15.85833,33.93333,36.26667,38.45833,770.6124999999998,0.9980463,33
2022-10-15 14:19:00,6.457887,1551.346,240.9419,15.68245,12.98562,19.44063,5.907333,279.5417,1645.879,16.025,34.55,36.74166,38.85,790.8789,0.9981167,33
2022-10-15 14:20:00,6.64041,1598.955,241.07,15.81972,12.98555,19.45117,6.045333,280.275,1693.346,16.15833,34.54167,36.85,39.19167,817.3538,0.9981278,33
2022-10-15 14:21:00,6.504096,1564.497,241.0057,15.77916,12.98539,19.47903,5.920666,279.6167,1663.321,16.05833,34.775,36.95,39.06667,796.9147,0.9979842,33
2022-10-15 14:22:00,6.356099,1527.252,240.7856,15.2137,12.98535,19.49936,5.786667,278.2833,1610.762,15.55,34.975,36.89167,38.76667,777.6078999999999,0.9980338,33
2022-10-15 14:23:00,5.943715,1427.152,240.5584,15.08725,12.98477,19.52403,5.362,280.2417,1515.714,15.56667,35.36666,37.26667,38.625,722.7101,0.997674,33
2022-10-15 14:24:00,5.722387,1371.338,240.1741,15.05768,12.98537,19.54681,5.24,278.5833,1454.2,15.69167,35.43333,37.21667,38.65,698.1544,0.9978425,33
2022-10-15 14:25:00,5.961127,1434.784,240.9133,15.0479,12.98556,19.57393,5.394667,281.0833,1523.055,15.55,35.30833,37.09167,38.38333,727.5081,0.9976571,33
2022-10-15 14:26:00,5.624428,1350.951,240.7773,15.09733,12.98498,19.59651,5.090667,283.0833,1438.581,15.44167,34.4,36.71667,38.14167,684.298,0.9977057,33
2022-10-15 14:27:00,5.888531,1415.997,240.9819,15.12215,12.98492,19.61139,5.328667,281.1917,1495.215,15.2,34.10833,36.43333,38.125,717.9122,0.9977863,33
2022-10-15 14:28:00,5.92376,1419.621,240.3186,15.02432,12.98524,19.63041,5.386,279.3417,1505.439,15.225,34.60833,36.68333,38.35833,719.4188,0.9978995,33
2022-10-15 14:29:00,5.593598,1342.168,240.1371,15.37426,12.98475,19.653,5.036,281.7333,1428.516,15.875,34.64167,36.76667,38.50834,677.6769,0.9975871,33
2022-10-15 14:30:00,5.442959,1304.923,240.0853,15.32443,12.98467,19.67164,4.911334,282.3667,1384.436,15.65,34.63334,36.60833,38.21667,661.3928,0.9976578,33
2022-10-15 14:31:00,5.29249,1268.459,240.0571,15.02352,12.98325,19.69141,4.77,281.45,1345.133,15.375,34.54167,36.35,37.7,640.3491,0.9975612,33
2022-10-15 14:32:00,5.247334,1260.316,240.0187,15.04631,12.98503,19.70496,4.747334,281.4083,1342.849,15.675,34.76667,36.55833,37.63334,635.7143,0.9975355,33
2022-10-15 14:33:00,5.100842,1219.879,239.984,15.23936,12.98498,19.72756,4.62,280.275,1290.16,15.85,34.24166,36.03333,37.59166,616.561,0.9976113,33
2022-10-15 14:34:00,5.422116,1299.095,240.2773,15.29564,12.98496,19.74864,4.896,281.825,1368.712,15.59167,33.84167,35.61666,37.05833,656.1918,0.9977658,33
2022-10-15 14:35:00,5.908868,1415.728,240.4207,15.05112,12.9849,19.75692,5.304,283.3167,1500.945,15.46667,33.90833,35.65833,36.74166,715.9163,0.9979683,33
2022-10-15 14:36:00,5.953194,1430.381,240.3952,14.8244,12.98488,19.77951,5.381333,282.4583,1518.535,15.26667,34.225,35.775,36.98333,723.0268,0.9978724,33
2022-10-15 14:37:00,5.656106,1356.711,240.2693,15.05484,12.98485,19.78629,5.114,280.225,1443.101,15.625,34.3,36.0,37.25833,684.6818,0.9976625,33
2022-10-15 14:38:00,5.664011,1356.824,240.1571,15.13759,12.98483,19.82244,5.098667,281.7583,1434.634,15.4,34.04167,35.98333,37.01667,686.6298,0.9978955,33
2022-10-15 14:39:00,5.698444,1367.701,240.6715,14.97686,12.98481,19.81115,5.106,284.0167,1450.089,15.18333,33.75,35.56667,36.75,690.8328,0.9977296,33
2022-10-15 14:40:00,5.429748,1301.154,240.548,14.53341,12.98479,19.84616,4.849333,283.8917,1381.509,14.85,33.51667,35.34167,36.3,655.1555,0.9975653,33
2022-10-15 14:41:00,5.756559,1380.638,240.5307,14.85067,12.98478,19.86311,5.200667,283.6,1464.615,15.03333,32.64167,34.875,36.35833,696.9837,0.9978306,33
2022-10-15 14:42:00,5.77677,1384.616,240.5504,15.05764,12.98476,19.86537,5.188,282.2583,1466.847,15.125,32.775,34.88334,36.39167,698.7973,0.9977201,33
2022-10-15 14:43:00,5.714951,1373.339,240.5675,15.14771,12.98475,19.87892,5.13,283.2417,1452.986,15.25833,32.975,34.99166,36.76667,693.8171,0.9976597,33
2022-10-15 14:44:00,5.745455,1376.525,240.1074,15.17595,12.98474,19.89022,5.128,284.475,1457.584,15.30833,33.85833,35.50834,37.26667,695.9761,0.9977928,33
2022-10-15 14:45:00,5.879964,1404.505,239.9011,15.19486,12.98473,19.89022,5.292667,281.8,1485.144,15.475,34.0,35.71667,37.35833,711.7709,0.9979351,33
2022-10-15 14:46:00,5.79694,1390.221,239.8858,15.18529,12.98473,19.91055,5.216,282.45,1480.544,15.34167,34.15,35.875,37.75834,703.9887,0.9978869,33
2022-10-15 14:47:00,5.526348,1322.586,239.9513,15.34207,12.98471,19.91733,4.972,280.55,1399.024,15.64167,34.61666,36.08333,37.6,669.5876,0.9978039,33
2022-10-15 14:48:00,5.278788,1266.284,240.0152,15.37143,12.98471,19.92768,4.747334,281.7166,1350.889,15.775,34.8,36.2,37.675,639.3608,0.9975235,33
2022-10-15 14:49:00,5.177022,1238.31,239.8319,15.38539,12.98471,19.94218,4.643333,284.2833,1308.967,15.98333,35.14167,36.575,37.70833,628.1528,0.997848,33
2022-10-15 14:50:00,4.903545,1173.694,239.7846,15.52474,12.98379,19.94218,4.394,282.3416,1246.273,16.075,35.13334,36.60833,38.00834,592.0917,0.9972792,33
2022-10-15 14:51:00,5.516848,1317.326,239.9299,15.6046,12.9847,19.96026,4.996667,280.45,1391.466,16.06667,35.4,36.6,37.94167,669.4916,0.9980283,33
2022-10-15 14:52:00,5.524567,1328.149,240.0127,15.58995,12.98378,19.9693,4.986667,279.475,1406.242,15.74167,35.46667,36.775,38.33333,672.8022,0.9977298,33
2022-10-15 14:53:00,5.331771,1272.225,239.6569,15.58125,12.98469,19.99188,4.839333,281.7333,1341.965,15.625,35.51667,36.80833,38.50834,647.4308,0.9980521,33
2022-10-15 14:54:00,5.754729,1378.045,239.9136,15.66653,12.98148,20.0077,5.205333,278.9583,1464.317,15.41667,35.70833,36.89167,38.88334,700.3135,0.9979418,33
2022-10-15 14:55:00,5.381232,1290.818,239.7805,15.92668,12.98057,20.02352,4.856667,282.425,1370.171,15.79167,36.35833,37.28333,39.1,656.4797,0.9978545,33
2022-10-15 14:56:00,5.331033,1274.989,239.5921,16.26781,12.98011,20.04837,4.873333,277.025,1351.753,16.2,36.86666,37.53333,39.09167,648.256,0.9978251,33
2022-10-15 14:57:00,5.396534,1291.281,239.6415,16.59365,12.97965,20.05966,4.914,280.1833,1369.506,16.66667,36.91667,37.48333,38.99166,657.1226,0.9978636,33
2022-10-15 14:58:00,5.492391,1313.141,239.6277,16.69519,12.97919,20.08903,4.982,278.35,1389.835,16.26667,36.28333,37.06667,39.075,668.6472,0.9977886,33
2022-10-15 14:59:00,5.396627,1292.036,239.4293,16.56726,12.97919,20.11388,4.9,278.05,1374.783,16.05833,36.04167,36.95,39.08333,656.6332,0.9975634,33
2022-10-15 15:00:00,5.154665,1233.556,239.351,16.40567,12.97919,20.14005,4.62,282.975,1310.833,15.94167,35.15833,36.25834,38.55833,627.8074,0.9974818,33
2022-10-15 15:01:00,4.863371,1162.419,239.1514,16.32161,12.97736,20.16133,4.345334,283.2333,1237.265,16.18333,34.66667,35.86666,38.10833,589.7983,0.9973623,33
2022-10-15 15:02:00,4.633974,1104.727,239.0572,15.99658,12.9769,20.19748,4.158667,283.3,1177.267,15.81667,34.13333,35.36666,37.55833,559.2547,0.9972425,33
2022-10-15 15:03:00,3.859341,926.6111,238.9594,16.02377,12.97415,20.22233,3.430667,283.2,999.6121,16.0,32.64167,34.41667,36.80833,465.3595,0.994916,33
2022-10-15 15:04:00,3.559399,838.4063999999998,238.5398,16.04622,12.97369,20.24944,3.200667,283.5916,888.1942,15.9,32.10833,33.89167,36.04167,426.2565,0.9947851,33
2022-10-15 15:05:00,4.444602,1059.51,238.8996,15.9263,12.97369,20.26921,3.94,284.8583,1114.278,15.44167,31.525,33.15833,35.53333,533.605,0.996854,33
2022-10-15 15:06:00,3.987051,955.1619,238.8286,15.8771,12.97369,20.29462,3.554,281.675,1026.755,15.55,31.23333,32.94167,35.39167,479.0528,0.9953163,33
2022-10-15 15:07:00,3.813902,905.0676,238.7237,15.74407,12.97369,20.31948,3.409333,284.15,959.4304,15.525,30.875,32.60833,35.025,456.2243,0.995544,33
2022-10-15 15:08:00,3.939083,934.3759,239.1627,15.64321,12.97369,20.34433,3.494,286.1667,989.1945,15.31667,30.83333,32.30833,34.70833,469.8695,0.9956238,33
2022-10-15 15:09:00,3.869871,922.8093,238.8498,15.64643,12.97369,20.36692,3.418,287.0667,988.3406,15.05833,30.44167,31.74167,34.25,461.7131,0.9952924,33
2022-10-15 15:10:00,3.403495,814.8613,238.1948,15.66067,12.97369,20.38725,2.980667,286.8416,883.2518,14.89167,30.53333,31.86667,34.13334,405.6638,0.9929531,33
2022-10-15 15:11:00,2.357954,553.1135,237.7365,15.84268,12.97369,20.41437,2.072667,286.05,597.2592,15.4,29.94167,31.31667,33.33333,281.7624,0.9831913,33
2022-10-15 15:12:00,2.148582,500.9576,237.5703,16.0665,12.97232,20.43169,1.862667,286.9,548.287,15.94167,29.725,30.66667,32.33333,255.2491,0.9770022,33
2022-10-15 15:13:00,1.753024,401.8678,237.2831,16.19197,12.97369,20.45277,1.531333,286.8833,440.5809,15.775,28.65,29.85833,31.50833,209.9664,0.9636156,33
2022-10-15 15:14:00,1.839831,424.0344,237.438,15.99871,12.97369,20.47537,1.603333,289.0917,461.6798,15.04167,27.80833,28.99167,30.80833,219.3895,0.9680762,33
2022-10-15 15:15:00,2.055144,475.7972,237.5838,15.97569,12.97369,20.49344,1.802667,288.5833,511.167,15.325,27.45,28.43333,30.09167,243.024,0.9752256,33
2022-10-15 15:16:00,2.062757,478.201,237.5877,16.08032,12.97369,20.51603,1.782667,290.0333,520.6977,15.85833,27.29167,28.20833,29.59167,242.17,0.9760706,33
2022-10-15 15:17:00,2.109409,489.8263,237.7017,16.05852,12.97369,20.53184,1.833333,289.45,531.4828,15.71667,27.01666,27.91667,29.08333,247.3806,0.9774141,33
2022-10-15 15:18:00,1.847246,422.458,237.4811,16.04008,12.97369,20.55444,1.580667,289.7417,464.3847,15.7,26.68333,27.24167,28.425,215.6376,0.967768,33
2022-10-15 15:19:00,1.719788,392.2552,237.3655,16.10219,12.97369,20.57025,1.469333,292.0833,429.4639,15.63333,26.33333,26.91667,27.875,202.3281,0.9620004,33
2022-10-15 15:20:00,1.726712,397.1267,237.2688,15.89279,12.97369,20.58381,1.494,291.2917,432.8743,15.34167,25.625,26.2,27.225,204.6599,0.9631471,33
2022-10-15 15:21:00,2.197331,510.3257,237.4145,15.70058,12.97369,20.58607,1.918667,291.2833,542.3975,15.35833,25.34167,25.95,27.01666,257.9072,0.9791675,33
2022-10-15 15:22:00,2.785154,654.7784,238.0477,15.28043,12.97369,20.61092,2.421333,292.3083,695.1707,15.11667,25.28333,25.86667,26.86667,324.6558,0.9890876,33
2022-10-15 15:23:00,3.282639,777.0742,238.6687,14.97784,12.97369,20.61092,2.814,296.4333,824.4197,15.10833,25.51666,26.1,27.0,382.0773,0.9933169,33
2022-10-15 15:24:00,4.434147,1050.471,238.8665,14.98909,12.97369,20.61996,3.84,292.9833,1102.056,15.23333,26.225,26.68333,27.63333,516.9947,0.997026,33
2022-10-15 15:25:00,4.313523,1032.458,238.7128,15.02349,12.97369,20.63803,3.710667,292.9333,1121.553,15.34167,26.91667,27.45,28.175,504.4433,0.9957263,33
2022-10-15 15:26:00,2.981916,705.4327,237.9428,15.03681,12.97369,20.63803,2.566,295.15,750.5689999999998,15.025,26.45833,27.11667,28.06667,350.2959,0.9909741,33
2022-10-15 15:27:00,4.276928,1017.349,238.5273,15.12231,12.97369,20.63803,3.688,293.6333,1077.421,15.26667,27.15,27.7,28.51666,500.605,0.9968198,33
2022-10-15 15:28:00,2.635024,627.3714,238.3585,15.21618,12.97369,20.63803,2.264667,291.1,697.3728,15.45,27.45833,27.81667,28.56667,307.9015,0.9848455,33
2022-10-15 15:29:00,1.994387,462.0298,237.5792,15.35486,12.97369,20.63803,1.729333,291.3583,499.3046,15.68333,27.15833,27.59167,28.05,234.9252,0.9742156,33
2022-10-15 15:30:00,2.165872,504.1532,237.2951,15.5187,12.97369,20.63803,1.86,292.875,548.4114,15.675,26.61667,27.025,27.725,252.9365,0.9789769,33
2022-10-15 15:31:00,2.359654,547.8318,237.2943,15.49911,12.97369,20.63803,2.042667,291.9833,583.739,15.8,26.34167,26.825,27.21667,274.7287,0.9829014,33
2022-10-15 15:32:00,2.323375,545.3796,237.4686,15.48441,12.97369,20.63803,1.988,294.8917,585.9742,15.7,26.225,26.625,26.90833,271.351,0.9805599,33
2022-10-15 15:33:00,2.830693,669.8044,238.0101,15.18186,12.97369,20.62899,2.42,294.85,719.4407,15.25833,26.18333,26.55,26.63333,329.2618,0.9880291,33
2022-10-15 15:34:00,3.254528,765.2496999999998,238.2307,15.05609,12.97369,20.61544,2.824667,293.8417,799.4892,15.33333,26.36667,26.48333,26.5,380.1581,0.9925852,33
2022-10-15 15:35:00,3.463982,822.8052,238.5249,15.19233,12.97369,20.61092,2.977333,292.9167,897.3929,15.625,26.85,26.69167,26.81667,402.5068,0.9886571,33
2022-10-15 15:36:00,2.303489,539.9149,238.0463,15.29874,12.97369,20.59284,1.98,293.225,586.9518,15.78333,26.74167,26.725,26.75,268.2419,0.981602,33
2022-10-15 15:37:00,2.665044,624.2634,238.0104,15.24339,12.97369,20.58381,2.325333,291.725,659.8275,15.78333,26.70833,26.78333,26.65,311.0105,0.9873725,33
2022-10-15 15:38:00,2.931598,690.8661,237.7955,15.28803,12.97369,20.58154,2.507334,293.9167,747.0028999999998,15.875,26.9,26.96667,26.81667,339.2703,0.9904374,33
2022-10-15 15:39:00,2.163282,507.0747,237.4147,15.2155,12.97369,20.56799,1.837333,293.5083,562.4526,15.675,26.58333,26.71667,26.61667,250.2689,0.9761703,33
2022-10-15 15:40:00,1.559207,352.0844,237.0339,15.04717,12.97369,20.5567,1.328667,291.2917,388.8818,15.55833,26.01666,26.16667,25.94167,179.7299,0.9511827,33
2022-10-15 15:41:00,1.389053,304.0854,237.321,15.07794,12.97369,20.53862,1.152,291.2167,339.7835,15.7,25.34167,25.60833,25.35833,157.3333,0.9332003,33
2022-10-15 15:42:00,1.300673,285.5095,237.3806,15.12485,12.97369,20.52958,1.096667,290.0333,317.8138,15.86667,24.9,25.23333,24.78333,149.0809,0.9242499,33
2022-10-15 15:43:00,1.296945,283.8481,237.0909,15.12374,12.97369,20.50699,1.084667,291.3416,316.7699,15.81667,24.41667,24.66667,24.36667,147.795,0.9247587,33
2022-10-15 15:44:00,1.260971,274.4713,236.8965,14.97392,12.97369,20.49118,1.052,290.35,305.6699,15.4,23.81667,24.10833,23.75,143.6208,0.9195726,33
2022-10-15 15:45:00,1.308692,291.0402,237.2298,14.83178,12.97415,20.47537,1.112,292.5,321.8703,15.49167,23.4,23.73333,23.24167,151.048,0.92786,33
2022-10-15 15:46:00,1.359157,299.2197,237.4649,14.96224,12.97644,20.45051,1.124667,295.0833,334.0509,15.31667,22.8,23.25,23.0,153.8404,0.9313798,33
2022-10-15 15:47:00,1.265296,274.4882,237.623,15.12048,12.97872,20.43376,1.026,297.0167,306.2395,15.23333,22.18333,22.74167,22.54167,143.3713,0.9176218,33
2022-10-15 15:48:00,1.233724,268.2222,237.4231,15.07249,12.97918,20.40985,1.015333,295.0667,299.3278,15.24167,21.775,22.34167,22.11667,140.5885,0.9144362,33
2022-10-15 15:49:00,1.265281,277.218,237.4106,14.87567,12.97826,20.38499,1.042667,297.175,309.2815,15.0,21.40833,22.00833,21.76666,144.6764,0.9199987,33
2022-10-15 15:50:00,1.428985,319.1155,237.4253,14.8227,12.97918,20.3624,1.206,295.05,347.8582,14.8,21.11667,21.74167,21.525,164.1943,0.9385377,33
2022-10-15 15:51:00,1.560134,351.3773,237.424,14.8645,12.97918,20.33303,1.305333,297.3583,390.7037,14.875,21.075,21.74167,21.50833,177.8012,0.9512172,33
2022-10-15 15:52:00,1.974743,456.1065,237.4829,14.924,12.97918,20.30592,1.698667,296.4083,488.0704,15.05833,20.99167,21.7,21.64166,228.5152,0.9726632,33
2022-10-15 15:53:00,2.448338,572.3834,237.7443,14.93592,12.97964,20.27542,2.079333,296.5083,611.4565,14.91667,21.11667,21.86667,21.9,282.4725,0.9850753,33
2022-10-15 15:54:00,2.581475,607.874,237.7665,15.00024,12.98009,20.2517,2.195333,298.7833,651.4572,14.85833,21.5,22.2,22.18333,299.342,0.9873766,33
2022-10-15 15:55:00,2.595047,609.9276,237.7703,15.04255,12.98192,20.22007,2.188,300.5417,662.6241,15.03333,22.05833,22.66667,22.525,298.8047,0.9868867,33
2022-10-15 15:56:00,1.780346,412.5923,237.6355,15.02146,12.98238,20.19296,1.498,295.425,463.2085,15.09167,22.2,22.69167,22.525,203.47,0.9620116,33
2022-10-15 15:57:00,1.418252,314.248,237.4621,14.9499,12.98284,20.15681,1.191333,291.2333,348.8895,14.975,22.06667,22.44167,22.225,159.6267,0.9377055,33
2022-10-15 15:58:00,1.444138,323.5629,237.4412,14.90355,12.98284,20.13384,1.223333,292.7667,354.8079,14.925,21.925,22.29167,22.01666,164.5685,0.941833,33
2022-10-15 15:59:00,1.696389,387.4297,237.5232,14.76981,12.98421,20.10485,1.441333,296.4167,423.0589,14.84167,21.93333,22.275,21.93333,194.5939,0.9607482,33
2022-10-15 16:00:00,1.79384,412.7668,237.7022,14.74186,12.98467,20.07096,1.512667,297.8583,450.4939,14.9,22.03333,22.31667,21.90833,205.9745,0.9657097,33
2022-10-15 16:01:00,1.420861,313.7768,237.6742,14.69172,12.98421,20.04215,1.152,297.9167,356.684,14.9,21.925,22.21667,21.76666,157.8323,0.9216671,33
2022-10-15 16:02:00,1.148079,216.8162,237.2244,14.63868,12.98467,20.01674,0.8273334,295.1083,246.1868,15.00833,21.54167,21.76666,21.29167,113.3652,0.7986878,33
2022-10-15 16:03:00,1.131825,214.1089,237.1756,14.55971,12.98467,19.98511,0.8193333,296.3167,241.6572,14.81667,21.13333,21.26667,20.74167,112.2808,0.7943868,33
2022-10-15 16:04:00,1.223955,242.3587,237.4368,14.57787,12.98421,19.94896,0.918,296.5333,270.4223,15.06667,20.89167,21.09167,20.36667,125.168,0.8303337,33
2022-10-15 16:05:00,1.281789,257.9398,237.9986,14.56533,12.98467,19.92128,0.978,294.7333,288.6049,15.275,20.6,20.85,20.09167,132.2977,0.8457084999999999,33
2022-10-15 16:06:00,1.175143,225.2185,238.0646,14.51008,12.98467,19.87704,0.8593332999999999,295.35,253.9239,15.125,20.30833,20.6,19.78333,117.6737,0.8083308,33
2022-10-15 16:07:00,1.203912,234.1949,237.6172,14.53748,12.98467,19.82018,0.8866667,296.8667,264.9549,15.2,20.15,20.41667,19.54167,121.656,0.8195972,33
2022-10-15 16:08:00,1.12549,210.2296,237.5641,14.59334,12.98467,19.78177,0.8033333,296.4417,239.0215,15.325,20.03333,20.26667,19.41667,110.5344,0.7883649,33
2022-10-15 16:09:00,1.097106,202.1892,237.6319,14.58159,12.98467,19.75071,0.7773333,295.1833,229.9515,15.15833,19.79167,20.075,19.175,106.6193,0.7763539,33
2022-10-15 16:10:00,1.089462,200.3356,237.5909,14.60795,12.98467,19.70948,0.764,299.8667,229.6721,15.1,19.58333,19.78333,18.93333,105.8228,0.7742493999999999,33
2022-10-15 16:11:00,1.028731,177.9928,237.7521,14.56571,12.9833,19.67183,0.6933333,297.525,208.6578,15.18333,19.49167,19.64167,18.80833,95.17147,0.7318677999999998,33
2022-10-15 16:12:00,0.9816954,163.2904,237.824,14.51106,12.98513,19.63718,0.6373332999999999,296.325,189.4344,14.975,19.21667,19.38333,18.48333,88.23368,0.6997254,33
2022-10-15 16:13:00,0.9612016,157.1375,237.2182,14.48662,12.98604,19.59633,0.6153334,297.8333,183.6609,15.11667,18.98333,19.16667,18.24167,85.60442,0.6898541,33
2022-10-15 16:14:00,0.9452206,151.788,236.9879,14.47816,12.9865,19.55811,0.5946666999999999,297.8917,177.53,15.13333,18.75833,18.96667,18.0,83.03274,0.6777003,33
2022-10-15 16:15:00,0.9336357,146.7364,237.013,14.45984,12.9865,19.51707,0.5793334,295.95,172.0051,15.14167,18.54167,18.78333,17.825,81.25750999999998,0.6632149,33
2022-10-15 16:16:00,0.927406,144.7095,237.013,14.44387,12.98467,19.47903,0.5673333,298.8083,169.5166,15.0,18.31667,18.53333,17.6,79.98126999999998,0.6573976999999999,33
2022-10-15 16:17:00,0.9326592,146.8906,237.3724,14.39137,12.98467,19.43818,0.5706666999999999,301.6083,171.9085,14.89167,18.10833,18.375,17.38333,81.42064999999998,0.6602525999999999,33
2022-10-15 16:18:00,0.9262552,143.291,237.4706,14.382,12.98695,19.39488,0.562,299.7417,168.8513,14.875,17.91667,18.20833,17.20833,79.56864,0.6513377,33
2022-10-15 16:19:00,0.9226791,143.1163,237.5485,14.38147,12.98604,19.35478,0.564,298.375,168.2555,14.85,17.76667,18.01667,17.04167,79.49187,0.651765,33
2022-10-15 16:20:00,0.9085905,136.0252,237.4886,14.29982,12.98924,19.31354,0.5353333,298.7917,160.9153,14.71667,17.625,17.85833,16.91667,75.64395,0.6310489999999999,33
2022-10-15 16:21:00,0.8929475,130.7065,237.4515,14.33114,12.98878,19.27232,0.5186667,299.8667,155.5056,14.68333,17.45833,17.675,16.71667,73.06266999999998,0.6157388,33
2022-10-15 16:22:00,0.8973170999999999,133.1324,237.454,14.37913,12.99016,19.22675,0.528,299.4167,157.5325,14.71667,17.31667,17.60833,16.61667,74.56921,0.623403,33
2022-10-15 16:23:00,0.904626,135.8521,237.2928,14.37378,12.99016,19.18533,0.5286667,303.475,160.6401,14.65833,17.15833,17.43333,16.4,76.42121,0.6309671,33
2022-10-15 16:24:00,0.8983104,132.361,237.2911,14.32156,12.99153,19.14128,0.524,299.15,157.0992,14.575,16.975,17.26667,16.24167,73.97427,0.6214372999999999,33
2022-10-15 16:25:00,0.889936,128.7116,237.3121,14.25327,12.99244,19.09797,0.5113332999999999,298.85,153.1944,14.49167,16.80833,17.08333,16.075,71.6137,0.608735,33
2022-10-15 16:26:00,0.8791056,124.1924,237.3511,14.22494,12.9929,19.05674,0.4986667,296.2333,148.0845,14.59167,16.76667,17.06667,16.03333,68.93646,0.5940543,33
2022-10-15 16:27:00,0.8674656,118.6232,237.3687,14.24457,12.9929,19.01363,0.4859999999999999,292.125,142.5431,14.63333,16.69167,16.98333,16.00833,66.40316,0.5765936,33
2022-10-15 16:28:00,0.8568512,114.3307,236.9738,14.18682,12.99336,18.96619,0.4673333,293.0833,137.3879,14.55833,16.58333,16.89167,15.9,64.22491,0.5630307,33
2022-10-15 16:29:00,0.8469081,109.746,236.8181,14.14236,12.99336,18.92495,0.4513332999999999,293.05,132.5146,14.575,16.5,16.83333,15.825,62.02746,0.5468408,33
2022-10-15 16:30:00,0.8348278999999998,105.4094,236.4035,14.14269,12.99519,18.87732,0.4366666,293.5,128.4114,14.58333,16.45,16.74167,15.775,60.16587,0.5347735999999998,33
2022-10-15 16:31:00,0.8272621,101.6856,236.403,14.16473,12.99382,18.83383,0.4213333,294.3667,124.549,14.53333,16.35,16.65,15.69167,58.22751,0.5190171,33
2022-10-15 16:32:00,0.8223137999999999,97.8774,236.3927,14.15429,12.99473,18.78733,0.4086665999999999,292.65,119.9123,14.525,16.25,16.56667,15.60833,56.12603,0.5029462,33
2022-10-15 16:33:00,0.8186501,94.36419,236.4785,14.12476,12.9961,18.74628,0.4,289.025,115.9829,14.65,16.15833,16.48333,15.525,54.17807,0.4870144,33
2022-10-15 16:34:00,0.8154225,90.45054,236.7417,14.11019,12.99702,18.69639,0.382,292.2333,112.0098,14.66667,16.04167,16.36667,15.425,52.22052,0.4678076999999999,33
2022-10-15 16:35:00,0.8119416999999999,86.45503999999998,236.4184,14.12246,12.99473,18.65083,0.3646667,291.9583,106.6757,14.64167,15.925,16.275,15.28333,50.16701,0.4489538,33
2022-10-15 16:36:00,0.8076811,82.48917,236.4094,14.08981,12.99656,18.6032,0.3499999999999999,293.5833,102.9406,14.525,15.80833,16.14167,15.16667,48.20946,0.4315319,33
2022-10-15 16:37:00,0.8011329,78.49523999999998,236.3309,14.08591,12.99564,18.55481,0.3373333,293.8416,99.46973,14.60833,15.73333,16.06667,15.09167,46.30949,0.4139917,33
2022-10-15 16:38:00,0.8008233999999999,75.27082,236.4869,14.04988,12.99656,18.51358,0.3266666999999999,291.5667,95.61554,14.5,15.65833,15.98333,15.0,44.58224,0.3973123,33
2022-10-15 16:39:00,0.7952810999999999,71.44949,236.7082,14.01726,12.99747,18.46595,0.3186667,284.2667,90.96,14.40833,15.56667,15.85833,14.89167,43.01812,0.3791736,33
2022-10-15 16:40:00,0.7924225,69.51303,236.2044,13.96242,13.00068,18.41719,0.3106667,288.775,89.60507,14.45,15.48333,15.79167,14.825,41.905,0.3710374,33
2022-10-15 16:41:00,0.7883603999999999,67.09339,236.1837,13.92442,13.00135,18.3705,0.2953334,294.8917,87.3538,14.46667,15.40833,15.74167,14.76667,40.5232,0.3594531999999999,33
2022-10-15 16:42:00,0.7875126,65.76861,236.3717,13.94326,13.00157,18.32305,0.2919999999999999,289.9083,84.82859999999998,14.50833,15.35,15.65833,14.7,39.43887,0.3527835999999999,33
2022-10-15 16:43:00,0.7860812999999999,64.48871,236.3472,13.96286,13.00092,18.27429,0.2879999999999999,289.0917,83.48321,14.45,15.30833,15.59167,14.63333,38.44091,0.34631,33
2022-10-15 16:44:00,0.7857920999999999,62.99655,236.6541,13.94837,13.00238,18.22929,0.2826666999999999,288.4917,81.58753,14.45833,15.3,15.55,14.575,37.57728,0.337557,33
2022-10-15 16:45:00,0.7834972,60.28267,236.6195,13.92214,13.00723,18.18034,0.2826666999999999,274.475,78.08633,14.4,15.1,15.425,14.45833,36.71366,0.3248072,33
2022-10-15 16:46:00,0.7801871,58.53603,236.5602,13.90471,13.00685,18.13591,0.2773333,274.2083,76.09027,14.40833,14.99167,15.34167,14.35833,35.85003,0.3166810999999999,33
2022-10-15 16:47:00,0.7784965,57.47961,236.5264,13.90003,13.00654,18.08602,0.2686666999999999,279.9167,75.28512999999998,14.44167,14.925,15.24167,14.26667,34.74651,0.3118581,33
2022-10-15 16:48:00,0.7752274999999998,55.69276,236.5014,13.91653,13.00802,18.03971,0.2586667,284.6083,73.55807,14.4,14.81667,15.15,14.13333,33.45107,0.3033680999999999,33
2022-10-15 16:49:00,0.7710048999999999,52.66137,236.7853,13.90977,13.00718,17.99471,0.2446666999999999,287.8333,70.73287,14.4,14.76667,15.03333,14.06667,31.92534,0.2881527999999999,33
2022-10-15 16:50:00,0.7614376,48.99951,236.7523,13.89242,13.00821,17.94896,0.2246667,292.4583,66.06733,14.29167,14.64167,14.93333,13.96667,30.28445,0.2716887,33
2022-10-15 16:51:00,0.7559063,45.84349,236.7233,13.89846,13.0087,17.9034,0.2253332999999999,278.2167,63.15767,14.23333,14.56667,14.85,13.89167,28.63396,0.2560357999999999,33
2022-10-15 16:52:00,0.7474581999999999,43.24556,236.948,13.86871,13.00835,17.85369,0.2133333,283.2667,60.4244,14.13333,14.425,14.75833,13.78333,27.12742,0.2430044,33
2022-10-15 16:53:00,0.7408061,39.7121,236.9972,13.83401,13.00884,17.80813,0.2046667,273.2667,56.538,14.175,14.3,14.65833,13.66667,25.80319,0.2273791,33
2022-10-15 16:54:00,0.7340259999999998,37.81186,236.8687,13.77805,13.00982,17.76238,0.196,277.675,54.27573,14.10833,14.3,14.575,13.65,24.70927,0.2147536999999999,33
2022-10-15 16:55:00,0.7312752999999999,36.20122,236.873,13.72468,13.01016,17.71851,0.1873333,284.975,53.55387,14.025,14.19167,14.5,13.54167,23.68252,0.2065502999999999,33
2022-10-15 16:56:00,0.7283716,34.29303,236.7745,13.67684,13.01445,17.67314,0.1813333,281.5916,51.2914,13.89167,14.0,14.30833,13.375,22.76131,0.1972339999999999,33
2022-10-15 16:57:00,0.7227046999999999,30.97952,236.6362,13.65127,13.01482,17.62758,0.1779999999999999,261.3,46.833,13.85,13.83333,14.16667,13.25,21.70577,0.1807677,33
2022-10-15 16:58:00,0.7182138,28.7108,236.576,13.6215,13.01529,17.58202,0.1706667,260.6167,44.6458,13.8,13.76667,14.08333,13.175,20.62144,0.169408,33
2022-10-15 16:59:00,0.7164416,26.70575,236.7349,13.59086,13.01337,17.5342,0.1626667,260.4917,42.5206,13.76667,13.68333,13.975,13.05833,19.43156,0.1568431999999999,33
2022-10-15 17:00:00,0.7133951,24.22872,236.6787,13.58146,13.01489,17.49071,0.154,260.45,40.2924,13.76667,13.56667,13.93333,12.975,18.10734,0.1441016,33
2022-10-15 17:01:00,0.71038,21.90479,236.5224,13.58882,13.01601,17.44571,0.1433333,260.875,37.73394,13.69167,13.45,13.81667,12.84167,16.8119,0.1305729999999999,33
2022-10-15 17:02:00,0.706652,18.97488,236.4795,13.6068,13.01665,17.39939,0.1346667,254.5583,34.73207,13.8,13.575,13.76667,12.825,15.41091,0.1139954,33
2022-10-15 17:03:00,0.7261872,13.37839,236.4341,13.58269,13.01949,17.35176,0.128,196.4167,25.58333,13.78333,13.56667,13.69167,12.76667,14.08668,0.080416,33
2022-10-15 17:04:00,0.7442463,11.93843,236.5639,13.53678,13.02109,17.3062,0.1173333,194.9417,23.16533,13.725,13.51667,13.61667,12.675,12.6761,0.0683414299999999,33
2022-10-15 17:05:00,0.7489092,9.991829,236.2259,13.5229,13.02113,17.25894,0.1066667,192.3167,20.66847,13.775,13.39167,13.54167,12.55833,11.32308,0.0563046999999999,33
2022-10-15 17:06:00,0.7525100999999998,8.373305,236.2456,13.47572,13.02127,17.21282,0.09666666,192.0917,18.81913,13.65833,13.3,13.41667,12.44167,10.02765,0.04801546,33
2022-10-15 17:07:00,0.7749559,6.994072,236.2684,13.43473,13.02088,17.16726,0.08733333,189.575,16.58187,13.59167,13.21667,13.33333,12.375,8.866549,0.039647,33
2022-10-15 17:08:00,0.7823160999999998,6.241004,236.1933,13.39232,13.02141,17.12376,0.0786666699999999,190.1417,15.05273,13.55833,13.15833,13.25,12.3,7.686262,0.0324272599999999,33
2022-10-15 17:09:00,0.7768068,4.63226,236.0945,13.35276,13.0215,17.07613,0.0719999999999999,188.275,13.78753,13.45833,13.05,13.15833,12.225,6.765062,0.0256184999999999,33
2022-10-15 17:10:00,0.7756844,3.892329,236.1574,13.35536,13.02199,17.03264,0.0646666699999999,190.5,12.35753,13.44167,13.01667,13.10833,12.175,5.959012,0.02250792,33
2022-10-15 17:11:00,0.7749791,2.940266,236.1344,13.35627,13.02345,16.98539,0.0606666699999999,189.475,11.58647,13.44167,13.00833,13.05833,12.15833,5.383262,0.0163908099999999,33
2022-10-15 17:12:00,0.7760939,2.510773,236.1791,13.38225,13.02668,16.93719,0.056,188.2833,10.57793,13.46667,12.96667,13.05,12.125,4.941854,0.01305449,33
2022-10-15 17:13:00,0.7776473999999999,2.092784,236.2821,13.3947,13.02718,16.8937,0.0539999999999999,188.8583,10.30687,13.55833,12.975,13.05833,12.1,4.558021,0.01068123,33
2022-10-15 17:14:00,0.7807399999999999,1.498336,236.3118,13.37558,13.02722,16.844,0.04866667,188.7417,9.175933,13.60833,12.90833,13.0,12.09167,3.972675,0.008221575,33
2022-10-15 17:15:00,0.7823763,1.040516,236.1889,13.37325,13.02724,16.80258,0.048,189.3833,9.1032,13.56667,12.85,12.9,12.01667,3.521671,0.005676381,33
2022-10-15 17:16:00,0.7832493999999999,0.9247174,235.9821,13.33796,13.02728,16.75287,0.0453333299999999,188.375,8.6812,13.40833,12.725,12.81667,11.9,3.300967,0.004705057,33
2022-10-15 17:17:00,0.7829397,0.6856214,235.4508,13.30819,13.02775,16.71352,0.04066667,188.4583,7.647467,13.34167,12.66667,12.71667,11.84167,3.022687,0.003985339,33
2022-10-15 17:18:00,0.7831010999999999,0.4411221,235.4394,13.26234,13.03099,16.66589,0.04,187.85,7.532333,13.39167,12.63333,12.625,11.775,2.696429,0.0019437359999999,33
2022-10-15 17:19:00,0.2624122999999999,4.191115,235.4746,13.24807,13.03145,16.62447,0.02466667,268.6667,6.383,13.41667,12.44167,12.66667,11.80833,2.264617,0.1212336,33
2022-10-15 17:20:00,0.2613136999999999,6.357563,235.4678,13.21556,13.03285,16.57891,0.02533333,261.5583,6.3104,13.3,12.425,12.56667,11.725,1.976741,0.137802,33
2022-10-15 17:21:00,0.3187895,4.647487,235.918,13.17672,13.03149,16.53335,0.032,226.425,7.1466,13.25,12.41667,12.475,11.65833,1.890379,0.1189733,33
2022-10-15 17:22:00,0.2150170999999999,5.493428,235.5462,13.16803,13.03287,16.49607,0.02533333,262.5167,6.736134,13.225,12.30833,12.45833,11.625,1.832804,0.1363984,33
2022-10-15 17:23:00,0.1557223,5.960471,235.2661,13.144,13.03106,16.44844,0.016,288.375,4.616667,13.225,12.25833,12.46667,11.66667,1.650483,0.1618457,33
2022-10-15 17:24:00,0.1555980999999999,6.032199,235.3649,13.15436,13.03289,16.40702,0.016,286.6083,4.587334,13.23333,12.18333,12.44167,11.6,1.506546,0.1643100999999999,33
2022-10-15 17:25:00,0.1554126,6.08493,235.419,13.15701,13.03565,16.36353,0.016,285.95,4.575867,13.21667,12.16667,12.425,11.575,1.631292,0.1656336999999999,33
2022-10-15 17:26:00,0.1553886999999999,6.074638,235.4182,13.15651,13.03703,16.32738,0.016,285.0417,4.562667,13.06667,12.11667,12.35833,11.51667,1.535333,0.1660624,33
2022-10-15 17:27:00,0.1551144,6.148826,235.479,13.14832,13.03658,16.28709,0.016,282.3417,4.522667,13.075,12.04167,12.31667,11.475,1.353012,0.167071,33
2022-10-15 17:28:00,0.1549024,6.204058,235.4643,13.13613,13.03841,16.24981,0.016,276.4917,4.434534,13.09167,12.00833,12.26667,11.45833,0.9883708,0.1684989,33
2022-10-15 17:29:00,0.1549954,6.212151,235.5391,13.12959,13.03842,16.21046,0.016,263.9917,4.247334,13.04167,12.04167,12.24167,11.44167,0.4318124999999999,0.1691474,33
2022-10-15 17:30:00,0.1549223,6.223505,235.5297,13.13077,13.03842,16.17319,0.016,232.5,3.786667,13.03333,12.21667,12.225,11.40833,-0.1439375,0.1693769,33
2022-10-15 17:31:00,0.1548073,6.24,235.4982,13.1151,13.03843,16.13384,0.01466667,116.8833,1.987,13.05833,12.175,12.21667,11.40833,-0.7484749,0.1695867,33
2022-10-15 17:32:00,0.1549426,6.273773,235.7827,13.10286,13.03843,16.1007,0.01066667,33.775,0.3607333999999999,13.08333,12.10833,12.18333,11.40833,-1.132308,0.1708988999999999,33
2022-10-15 17:33:00,0.1547535999999999,6.281292,235.6115,13.06053,13.03843,16.06004,0.008,33.63334,0.2691334,13.03333,12.10833,12.15,11.39167,-1.410587,0.1706897,33
2022-10-15 17:34:00,0.1545262,6.29674,235.3627,13.01883,13.04027,16.03048,0.007333333,33.6,0.2687999999999999,13.025,12.06667,12.09167,11.38333,-1.3818,0.1713987999999999,33
2022-10-15 17:35:00,0.1544947999999999,6.288641,235.45,12.97712,13.04073,15.99113,0.008,33.40833,0.2453333,12.93333,12.06667,12.11667,11.36667,-1.487354,0.1723184,33
2022-10-15 17:36:00,0.1545725,6.320398,235.5982,12.93255,13.04118,15.95592,0.008,32.9,0.2631999999999999,12.88333,12.00833,12.09167,11.33333,-1.564121,0.1721140999999999,33
2022-10-15 17:37:00,0.1548841,6.331398,236.0866,12.91256,13.04348,15.92278,0.008,32.86666,0.263,12.81667,11.975,12.05833,11.29167,-1.669675,0.1728331999999999,33
2022-10-15 17:38:00,0.1549252,6.344645,236.0313,12.89993,13.04393,15.88645,0.0066666659999999,32.68333,0.2180667,12.74167,11.99167,12.01667,11.26667,-1.679271,0.1726332999999999,33
2022-10-15 17:39:00,0.1549763999999999,6.359065,236.1042,12.90096,13.0421,15.85671,0.005333334,32.58333,0.1955334,12.84167,12.01667,12.04167,11.3,-1.746441,0.1726164,33
2022-10-15 17:40:00,0.154593,6.345727,235.6648,12.91049,13.04394,15.82771,0.006,32.44167,0.1729999999999999,12.875,11.975,12.04167,11.31667,-1.72725,0.1735553,33
2022-10-15 17:41:00,0.1544295,6.355038,235.3998,12.92149,13.04257,15.79457,0.002,32.175,0.0858,12.89167,11.99167,12.06667,11.3,-1.736846,0.1732588999999999,33
2022-10-15 17:42:00,0.1542056,6.3664,235.3566,12.91562,13.04394,15.75937,0.002,31.99167,0.04253333,12.875,12.0,12.05,11.3,-1.736846,0.1735964,33
2022-10-15 17:43:00,0.1549566,6.430191,236.2848,12.90998,13.04394,15.73207,0.0013333329999999,31.225,0.0422666699999999,12.88333,11.975,12.04167,11.31667,-1.708058,0.1740903,33
2022-10-15 17:44:00,0.1550515,6.405621,236.4756,12.88873,13.04394,15.68086,0.0,28.39166,0.02,12.875,11.99167,12.06667,11.34167,-1.708058,0.173273,33
2022-10-15 17:45:00,0.1550033,6.440607,236.5288,12.88223,13.04394,15.64151,0.0013333329999999,25.39166,0.0176666699999999,12.84167,12.00833,12.06667,11.34167,-1.756037,0.1735057999999999,33
2022-10-15 17:46:00,0.1551055,6.423674,236.6229,12.89807,13.04394,15.61948,0.0,22.05,0.016,12.90833,12.025,12.125,11.40833,-1.72725,0.1742876999999999,33
2022-10-15 17:47:00,0.1551258,6.45113,236.7817,12.9005,13.04257,15.59181,0.0,18.35833,0.0,12.89167,12.04167,12.13333,11.425,-1.72725,0.1734399,33
2022-10-15 17:48:00,0.1552613999999999,6.436926,236.7087,12.89053,13.04348,15.563,0.0006666667,14.99167,0.01026667,12.9,12.01667,12.125,11.4,-1.708058,0.1744937,33
2022-10-15 17:49:00,0.1551471,6.455849,236.6374,12.88884,13.0444,15.53194,0.0006666667,12.15,0.008933335,12.91667,12.00833,12.125,11.375,-1.746441,0.1739463,33
2022-10-15 17:50:00,0.1550329,6.441936,236.6464,12.89482,13.04394,15.50709,0.0006666667,9.833333,0.0070666669999999,12.875,11.98333,12.1,11.35833,-1.784825,0.1752901,33
2022-10-15 17:51:00,0.1551202999999999,6.473201,236.7974,12.90451,13.04531,15.48035,0.0,7.991666,0.0,12.84167,11.93333,12.03333,11.31667,-1.861591,0.1748647999999999,33
2022-10-15 17:52:00,0.1554791,6.540495,237.1553,12.89229,13.04669,15.44929,0.0006666667,6.491666,0.004,12.88333,11.90833,12.01667,11.325,-1.823208,0.1748025,33
2022-10-15 17:53:00,0.1550648,6.436979,236.6681,12.90031,13.0476,15.42858,0.0,5.35,0.0,12.84167,11.9,12.0,11.325,-1.794421,0.1752308999999999,33
2022-10-15 17:54:00,0.1548436,6.44224,236.4597,12.91674,13.04852,15.40222,0.0,4.45,0.0,12.825,11.88333,12.025,11.31667,-1.823208,0.1756664,33
2022-10-15 17:55:00,0.1549229,6.451849,236.422,12.93914,13.04806,15.3832,0.0,3.708333,0.0,12.85,11.875,12.01667,11.30833,-1.775229,0.1753623,33
2022-10-15 17:56:00,0.1547269,6.463768,236.2026,12.9515,13.04943,15.35421,0.0006666667,3.158333,0.0020666669999999,12.89167,11.85833,11.95,11.3,-1.784825,0.1759303,33
2022-10-15 17:57:00,0.1547355,6.482054,236.3024,12.95884,13.04954,15.3335,0.0,2.733333,0.0,12.81667,11.85,12.0,11.28333,-1.813612,0.1751148999999999,33
2022-10-15 17:58:00,0.1549218,6.464022,236.3563,12.94952,13.04987,15.30884,0.0,2.4,0.0,12.7,11.84167,11.95833,11.26667,-1.765633,0.1756269,33
2022-10-15 17:59:00,0.1547929,6.470854,236.3298,12.93715,13.04937,15.28813,0.0006666667,2.141667,0.001466667,12.675,11.85,11.975,11.26667,-1.72725,0.175961,33
2022-10-15 18:00:00,0.1548553,6.47782,236.2785,12.92627,13.04978,15.2612,0.0006666667,1.916667,0.001266667,12.7,11.85833,11.99167,11.28333,-1.688867,0.1758455999999999,33
2022-10-15 18:01:00,0.1546889999999999,6.485001,236.2025,12.92378,13.04973,15.23842,0.0,1.741667,0.0,12.66667,11.875,12.03333,11.3,-1.698462,0.1763156999999999,33
2022-10-15 18:02:00,0.15472,6.484182,236.3448,12.93106,13.04971,15.22186,0.0,1.591667,0.0,12.66667,11.91667,12.01667,11.3,-1.669675,0.1759641999999999,33
2022-10-15 18:03:00,0.1548783,6.536173,236.5301,12.92729,13.04966,15.19851,0.0,1.475,0.0,12.63333,11.89167,12.03333,11.3,-1.602504,0.1767489999999999,33
2022-10-15 18:04:00,0.1552124,6.549786,236.9783,12.92831,13.04964,15.18062,0.0013333329999999,1.366667,0.001866667,12.61667,11.925,12.06667,11.35833,-1.516142,0.1766525999999999,33
2022-10-15 18:05:00,0.1550866999999999,6.515275,236.7827,12.92372,13.0519,15.15784,0.0,1.266667,0.0,12.59167,11.96667,12.09167,11.4,-1.448971,0.1766981,33
2022-10-15 18:06:00,0.154719,6.488513,236.34,12.92114,13.05259,15.14128,0.0,1.175,0.0,12.55833,12.0,12.10833,11.39167,-1.468162,0.1760058999999999,33
2022-10-15 18:07:00,0.1546545,6.499283,236.308,12.913,13.05322,15.12056,0.0,1.1,0.0,12.59167,12.00833,12.125,11.425,-1.429779,0.1763587,33
2022-10-15 18:08:00,0.1547576,6.514786,236.3492,12.92233,13.05486,15.10324,0.0006666667,1.016667,0.0,12.69167,12.00833,12.15833,11.475,-1.448971,0.1771144,33
2022-10-15 18:09:00,0.1547223,6.53688,236.5183,12.92781,13.05536,15.08348,0.0,1.0,0.0006666667,12.8,12.09167,12.20833,11.50833,-1.391396,0.1778709,33
2022-10-15 18:10:00,0.1551327999999999,6.522642,237.0396,12.93019,13.05519,15.06484,0.0,0.9166667,0.0,12.88333,12.14167,12.25833,11.58333,-1.353012,0.1773222,33
2022-10-15 18:11:00,0.1550593,6.568041,236.8734,12.92557,13.05209,15.04412,0.0,0.9,0.0,12.9,12.15,12.28333,11.6,-1.285842,0.1762599,33
2022-10-15 18:12:00,0.1545746,6.502106,236.3697,12.92666,13.05594,15.03471,0.0,0.875,0.0,12.925,12.175,12.34167,11.66667,-1.228267,0.1770172,33
2022-10-15 18:13:00,0.1545990999999999,6.537612,236.3704,12.91978,13.0561,15.01946,0.0,0.8,0.0,12.81667,12.25,12.40833,11.7,-1.209075,0.177814,33
2022-10-15 18:14:00,0.1546922,6.522499,236.4022,12.92014,13.05618,14.99669,0.0013333329999999,0.8,0.001066667,12.8,12.29167,12.49167,11.76667,-1.237862,0.1772247,33
2022-10-15 18:15:00,0.154691,6.544703,236.3923,12.93928,13.05635,14.98633,0.0,0.8,0.0,12.8,12.35,12.55833,11.8,-1.237862,0.1783249,33
2022-10-15 18:16:00,0.1547119999999999,6.52509,236.4958,12.92846,13.05502,14.96994,0.0,0.7916667,0.0,12.875,12.4,12.61667,11.83333,-1.180287,0.1779172,33
2022-10-15 18:17:00,0.1546084,6.518097,236.3682,12.90484,13.05652,14.94924,0.0006666667,0.7083333,0.0004666666999999,12.88333,12.38333,12.6,11.84167,-1.122712,0.1774689999999999,33
2022-10-15 18:18:00,0.1545797999999999,6.560303,236.3972,12.92669,13.05657,14.94717,0.0006666667,0.6999999999999998,0.0004666666999999,12.95,12.43333,12.66667,11.85833,-1.141904,0.1782082,33
2022-10-15 18:19:00,0.1545745,6.54431,236.4473,12.8489,13.05664,14.92439,0.0,0.6999999999999998,0.0,12.79167,12.44167,12.68333,11.88333,-1.026754,0.1778818,33
2022-10-15 18:20:00,0.1544870999999999,6.536461,236.3345,12.71949,13.05671,14.91403,0.0006666667,0.6999999999999998,0.0004666666999999,12.55,12.45833,12.69167,11.9,-0.978775,0.1779831,33
2022-10-15 18:21:00,0.1543194,6.557348,236.242,12.61759,13.05674,14.89953,0.0006666667,0.6999999999999998,0.0004666666999999,12.46667,12.45,12.69167,11.89167,-0.978775,0.1778115,33
2022-10-15 18:22:00,0.1545150999999999,6.556139,236.3657,12.5501,13.05638,14.88635,0.0,0.6999999999999998,0.0,12.36667,12.43333,12.66667,11.9,-0.9595833,0.1780272,33
2022-10-15 18:23:00,0.1547367,6.578678,236.6994,12.51118,13.05641,14.86866,0.0,0.6999999999999998,0.0,12.3,12.475,12.675,11.88333,-0.9979666,0.1784206999999999,33
2022-10-15 18:24:00,0.1548315,6.612531,236.9034,12.45225,13.05607,14.85209,0.0006666667,0.6999999999999998,0.0004666666999999,12.175,12.46667,12.68333,11.88333,-1.03635,0.1779529,33
2022-10-15 18:25:00,0.1546124,6.567888,236.5669,12.4256,13.05842,14.84381,0.0013333329999999,0.6999999999999998,0.0009333333999999,12.18333,12.49167,12.74167,11.93333,-1.007563,0.1781539,33
2022-10-15 18:26:00,0.15453,6.558977,236.4726,12.41247,13.06168,14.82724,0.0,0.6999999999999998,0.0,12.19167,12.51667,12.75,11.94167,-1.03635,0.1785240999999999,33
2022-10-15 18:27:00,0.1545544,6.554439,236.4527,12.42103,13.06051,14.80841,0.0,0.6999999999999998,0.0,12.275,12.50833,12.775,11.99167,-1.074733,0.1787622,33
2022-10-15 18:28:00,0.1544503999999999,6.558637,236.381,12.45405,13.06134,14.79429,0.0006666667,0.6999999999999998,0.0004666666999999,12.41667,12.5,12.75,11.98333,-1.045946,0.1783905,33
2022-10-15 18:29:00,0.1544949999999999,6.580018,236.4505,12.50218,13.06104,14.7798,0.0006666667,0.6999999999999998,0.0004666666999999,12.45833,12.525,12.76667,11.95833,-1.055542,0.1784186,33
2022-10-15 18:30:00,0.1543455,6.552398,236.3524,12.5216,13.062,14.75494,0.0,0.6999999999999998,0.0,12.38333,12.53333,12.75,12.0,-1.03635,0.1784646,33
2022-10-15 18:31:00,0.1542405,6.553523,236.2787,12.55304,13.06209,14.75117,0.0,0.6999999999999998,0.0,12.43333,12.51667,12.775,12.01667,-1.017158,0.1791333,33
2022-10-15 18:32:00,0.1542263,6.566629,236.3091,12.54751,13.06169,14.73235,0.0,0.6999999999999998,0.0,12.41667,12.55,12.74167,12.00833,-0.9883708,0.1792419,33
2022-10-15 18:33:00,0.1544833999999999,6.593655,236.5235,12.56391,13.06219,14.71992,0.0,0.6999999999999998,0.0,12.425,12.53333,12.775,12.025,-0.9595833,0.1788479,33
2022-10-15 18:34:00,0.1545159,6.5851,236.5427,12.58665,13.06226,14.7075,0.0006666667,0.6999999999999998,0.0004666666999999,12.40833,12.59167,12.79167,12.06667,-0.9403916,0.1785246,33
2022-10-15 18:35:00,0.1548982,6.642527,237.0705,12.58628,13.06228,14.68679,0.0,0.6999999999999998,0.0,12.36667,12.53333,12.80833,12.075,-0.9212,0.1786869,33
2022-10-15 18:36:00,0.1546783999999999,6.607252,236.8622,12.59287,13.06234,14.67511,0.0006666667,0.6999999999999998,0.0004666666999999,12.41667,12.55833,12.83333,12.075,-0.8828166,0.1788072,33
2022-10-15 18:37:00,0.1544379999999999,6.604635,236.5382,12.60029,13.06236,14.66005,0.0006666667,0.6999999999999998,0.0004666666999999,12.475,12.55833,12.78333,12.08333,-0.8444333,0.1795803,33
2022-10-15 18:38:00,0.1544891999999999,6.600094,236.5615,12.61092,13.0624,14.65591,0.0,0.6999999999999998,0.0,12.49167,12.575,12.80833,12.05833,-0.8540290999999999,0.1791600999999999,33
2022-10-15 18:39:00,0.1543856,6.607802,236.5954,12.60985,13.06334,14.6352,0.0,0.6999999999999998,0.0,12.53333,12.58333,12.83333,12.10833,-0.8828166,0.1788777,33
2022-10-15 18:40:00,0.1544643,6.602325,236.5613,12.60955,13.06427,14.62579,0.0013333329999999,0.6999999999999998,0.0009333333999999,12.475,12.575,12.8,12.06667,-0.80605,0.1795071,33
2022-10-15 18:41:00,0.1543542,6.599373,236.4606,12.60758,13.06568,14.61261,0.0,0.6999999999999998,0.0,12.44167,12.55833,12.78333,12.06667,-0.8732206999999998,0.1795982999999999,33
2022-10-15 18:42:00,0.1544103,6.618608,236.4761,12.61406,13.06706,14.60432,0.0,0.6999999999999998,0.0,12.475,12.6,12.80833,12.06667,-0.8540290999999999,0.1794021,33
2022-10-15 18:43:00,0.1546239,6.638966,236.6957,12.61222,13.06754,14.58776,0.0,0.6999999999999998,0.0,12.5,12.575,12.80833,12.10833,-0.9020083,0.1800402,33
2022-10-15 18:44:00,0.1549603,6.661261,237.1935,12.61742,13.06709,14.57119,0.0006666667,0.6999999999999998,0.0004666666999999,12.51667,12.59167,12.85,12.1,-0.8348374,0.1799356,33
2022-10-15 18:45:00,0.1550276999999999,6.646942,237.2125,12.63728,13.06802,14.56291,0.0,0.6999999999999998,0.0,12.525,12.60833,12.825,12.10833,-0.8924123999999999,0.1801364,33
2022-10-15 18:46:00,0.1550740999999999,6.681307,237.3093,12.66612,13.06803,14.55726,0.0,0.6999999999999998,0.0,12.58333,12.63333,12.83333,12.11667,-0.8444333,0.1797899,33
2022-10-15 18:47:00,0.1548661,6.663124,237.221,12.69912,13.06804,14.54031,0.0006666667,0.6999999999999998,0.0004666666999999,12.6,12.63333,12.85,12.15833,-0.8156457999999999,0.1801517,33
2022-10-15 18:48:00,0.1544254999999999,6.607063,236.7655,12.73014,13.06805,14.53824,0.0,0.6999999999999998,0.0,12.59167,12.63333,12.85833,12.2,-0.8156457999999999,0.1794629,33
2022-10-15 18:49:00,0.1548099,6.670375,237.1265,12.74319,13.06805,14.51546,0.0,0.6999999999999998,0.0,12.625,12.68333,12.875,12.20833,-0.7772624,0.1803895,33
2022-10-15 18:50:00,0.1550718,6.7027,237.483,12.78192,13.06806,14.51546,0.0,0.6999999999999998,0.0,12.65,12.66667,12.89167,12.25833,-0.8252416,0.1800933,33
2022-10-15 18:51:00,0.1549629999999999,6.686539,237.3984,12.78994,13.06806,14.49889,0.0,0.6999999999999998,0.0,12.65,12.725,12.91667,12.275,-0.7676665999999999,0.1799909,33
2022-10-15 18:52:00,0.1550512,6.696665,237.46,12.80417,13.06761,14.49061,0.0,0.6999999999999998,0.0,12.69167,12.74167,12.90833,12.3,-0.7676665999999999,0.180448,33
2022-10-15 18:53:00,0.1551608999999999,6.682121,237.5925,12.7846,13.06807,14.47743,0.0006666667,0.6999999999999998,0.0004666666999999,12.69167,12.76667,12.98333,12.33333,-0.7580708,0.1804775,33
2022-10-15 18:54:00,0.1551631,6.663965,237.5213,12.78008,13.06807,14.46801,0.0,0.6999999999999998,0.0,12.73333,12.79167,13.01667,12.375,-0.7580708,0.1804248,33
2022-10-15 18:55:00,0.1549938999999999,6.658573,237.3791,12.7991,13.06808,14.46801,0.0006666667,0.6999999999999998,0.0004666666999999,12.75833,12.825,13.00833,12.39167,-0.7676665999999999,0.1802011,33
2022-10-15 18:56:00,0.1549356,6.664543,237.365,12.81606,13.06763,14.46387,0.0006666667,0.6999999999999998,0.0004666666999999,12.79167,12.80833,13.0,12.4,-0.7676665999999999,0.1807258999999999,33
2022-10-15 18:57:00,0.1549472,6.69746,237.3962,12.81641,13.06809,14.44316,0.0006666667,0.6999999999999998,0.0004666666999999,12.825,12.8,13.03333,12.4,-0.7100916,0.1799273,33
2022-10-15 18:58:00,0.1551132,6.66719,237.5357,12.84035,13.06835,14.44316,0.0006666667,0.6999999999999998,0.0004666666999999,12.84167,12.825,13.0,12.43333,-0.7292832999999999,0.1804629,33
2022-10-15 18:59:00,0.1549989,6.679049,237.4366,12.83421,13.06853,14.43563,0.0006666667,0.6999999999999998,0.0004666666999999,12.81667,12.83333,13.06667,12.43333,-0.7196875,0.1806301999999999,33
2022-10-15 19:00:00,0.1549600999999999,6.694112,237.4918,12.82825,13.06846,14.42057,0.0006666667,0.6999999999999998,0.0004666666999999,12.81667,12.88333,13.04167,12.475,-0.6621124999999999,0.1796672,33
2022-10-15 19:01:00,0.1548971,6.691065,237.406,12.77403,13.06847,14.42057,0.0013333329999999,0.6999999999999998,0.0004666666999999,12.85,12.9,13.06667,12.50833,-0.6429207999999998,0.1804008,33
2022-10-15 19:02:00,0.1550139,6.712759,237.4408,12.68744,13.06836,14.4185,0.0,0.6999999999999998,0.0004666666999999,12.66667,12.91667,13.09167,12.5,-0.633325,0.1805408,33
2022-10-15 19:03:00,0.1551182999999999,6.707655,237.4745,12.6033,13.06877,14.39572,0.0,0.6999999999999998,0.0,12.5,13.0,13.10833,12.48333,-0.6141332999999999,0.1807974,33
2022-10-15 19:04:00,0.1553522,6.715005,237.8004,12.50537,13.06868,14.39572,0.0,0.6999999999999998,0.0,12.35,12.975,13.11667,12.48333,-0.6237291999999999,0.1804313999999999,33
2022-10-15 19:05:00,0.1555012,6.741663,238.1455,12.41659,13.06889,14.39572,0.0,0.6999999999999998,0.0,12.225,13.00833,13.08333,12.46667,-0.5853458,0.1811648999999999,33
2022-10-15 19:06:00,0.155403,6.758893,237.976,12.38642,13.069,14.37689,0.0,0.6999999999999998,0.0,12.29167,12.98333,13.075,12.40833,-0.633325,0.1806059,33
2022-10-15 19:07:00,0.1549653,6.695619,237.6273,12.36643,13.06884,14.37313,0.0,0.6999999999999998,0.0,12.23333,12.95833,13.05,12.4,-0.6908999,0.1803397999999999,33
2022-10-15 19:08:00,0.1550043999999999,6.690046,237.6035,12.36784,13.06788,14.37313,0.0,0.6999999999999998,0.0,12.21667,13.00833,13.05,12.35833,-0.7292832999999999,0.1809039,33
2022-10-15 19:09:00,0.1551069999999999,6.742957,237.6636,12.3573,13.06868,14.37106,0.0,0.6999999999999998,0.0,12.18333,13.0,13.05,12.36667,-0.7388791,0.1810182999999999,33
2022-10-15 19:10:00,0.1552105,6.730199,237.6362,12.311,13.06863,14.35863,0.0006666667,0.6999999999999998,0.0004666666999999,12.15,12.95,13.03333,12.35833,-0.7580708,0.1806971,33
2022-10-15 19:11:00,0.1555826999999999,6.748827,238.1966,12.32344,13.06857,14.37313,0.0,0.6999999999999998,0.0,12.2,12.98333,13.01667,12.33333,-0.7580708,0.1813201,33
2022-10-15 19:12:00,0.1556139,6.767708,238.3244,12.30835,13.0688,14.34828,0.0,0.6999999999999998,0.0,12.16667,12.94167,13.01667,12.30833,-0.7388791,0.1808574,33
2022-10-15 19:13:00,0.1556858,6.757077,238.3223,12.23617,13.06891,14.32342,0.0,0.6999999999999998,0.0,12.125,12.98333,13.03333,12.36667,-0.7580708,0.1807825,33
2022-10-15 19:14:00,0.1555482,6.739672,238.2935,12.20586,13.07102,14.32342,0.0006666667,0.6999999999999998,0.0004666666999999,12.14167,13.05833,13.10833,12.44167,-0.7196875,0.1809706,33
2022-10-15 19:15:00,0.1554855,6.759503,238.2471,12.16042,13.06914,14.30836,0.0006666667,0.6999999999999998,0.0004666666999999,12.04167,13.00833,13.06667,12.35833,-0.7004958,0.1811898,33
2022-10-15 19:16:00,0.155524,6.762663,238.3476,12.17824,13.07081,14.30083,0.0013333329999999,0.6999999999999998,0.0009333333999999,12.06667,12.94167,13.0,12.3,-0.7484749,0.1815776,33
2022-10-15 19:17:00,0.1554821999999999,6.767159,238.4559,12.18828,13.07255,14.29048,0.0,0.6999999999999998,0.0,12.04167,12.925,12.975,12.25833,-0.7292832999999999,0.1812943999999999,33
2022-10-15 19:18:00,0.1556825,6.780254,238.558,12.17796,13.07338,14.27598,0.0,0.6999999999999998,0.0,12.05833,12.9,12.93333,12.23333,-0.7484749,0.1803968,33
2022-10-15 19:19:00,0.1556846,6.773584,238.5585,12.17232,13.07406,14.27598,0.0,0.6999999999999998,0.0,12.01667,12.89167,12.94167,12.23333,-0.7484749,0.1802489999999999,33
2022-10-15 19:20:00,0.1557156,6.800408,238.559,12.16893,13.07414,14.25716,0.0006666667,0.6999999999999998,0.0004666666999999,12.025,12.85833,12.88333,12.2,-0.7484749,0.1807938,33
2022-10-15 19:21:00,0.1557062999999999,6.748077,238.5603,12.17254,13.07484,14.2741,0.0006666667,0.6999999999999998,0.0004666666999999,11.95,12.83333,12.89167,12.14167,-0.7964541,0.1815744,33
2022-10-15 19:22:00,0.1557349,6.789671,238.6773,12.14034,13.0749,14.23851,0.0013333329999999,0.6999999999999998,0.0009333333999999,11.98333,12.85,12.86667,12.14167,-0.7676665999999999,0.1815717,33
2022-10-15 19:23:00,0.1557428999999999,6.785113,238.7045,12.13525,13.07503,14.22853,0.0,0.6999999999999998,0.0,11.925,12.8,12.825,12.11667,-0.7580708,0.1813942,33
2022-10-15 19:24:00,0.1556645,6.801243,238.6121,12.09006,13.07486,14.21724,0.0,0.6999999999999998,0.0,11.86667,12.8,12.825,12.10833,-0.7676665999999999,0.1812854,33
2022-10-15 19:25:00,0.1554643,6.755659,238.3347,12.1168,13.07474,14.20594,0.0013333329999999,0.6999999999999998,0.0009333333999999,11.95833,12.8,12.85833,12.15833,-0.7388791,0.1813003,33
2022-10-15 19:26:00,0.1551882,6.762494,238.0596,12.06776,13.07492,14.18731,0.0,0.6999999999999998,0.0,11.86667,12.8,12.85,12.15,-0.7292832999999999,0.1814311999999999,33
2022-10-15 19:27:00,0.1553814,6.76338,238.2051,12.07281,13.07402,14.1811,0.0,0.6999999999999998,0.0,11.925,12.80833,12.84167,12.125,-0.6717083,0.1817154,33
2022-10-15 19:28:00,0.1554453,6.770463,238.2516,12.05441,13.07468,14.1698,0.0006666667,0.6999999999999998,0.0004666666999999,11.875,12.76667,12.8,12.11667,-0.7100916,0.1809567,33
2022-10-15 19:29:00,0.1555583,6.757878,238.4812,12.03601,13.07415,14.1585,0.0006666667,0.6999999999999998,0.0004666666999999,11.825,12.78333,12.79167,12.09167,-0.7292832999999999,0.1810914999999999,33
2022-10-15 19:30:00,0.1554900999999999,6.769142,238.3761,12.03905,13.07492,14.14607,0.0,0.6999999999999998,0.0,11.88333,12.775,12.78333,12.08333,-0.7292832999999999,0.181959,33
2022-10-15 19:31:00,0.1552666,6.773202,238.0552,12.03503,13.07602,14.13365,0.0,0.7249999999999999,-0.0005333332999999,11.89167,12.78333,12.80833,12.075,-0.7388791,0.1820643999999999,33
2022-10-15 19:32:00,0.1551225,6.739979,237.8407,12.01187,13.07794,14.12743,0.0013333329999999,0.7749998999999999,0.001533333,11.85,12.78333,12.80833,11.99167,-0.7580708,0.1813505,33
2022-10-15 19:33:00,0.1551314,6.762644,237.8015,12.01925,13.07905,14.1088,0.0006666667,0.7833333,0.0005333332999999,11.86667,12.75,12.74167,12.05833,-0.7100916,0.1820367,33
2022-10-15 19:34:00,0.1553094999999999,6.787897,238.2321,12.00954,13.07909,14.09562,0.0,0.8,0.0,11.83333,12.725,12.76667,12.04167,-0.7292832999999999,0.182757,33
2022-10-15 19:35:00,0.1553487,6.782046,238.2625,11.92744,13.08061,14.0862,0.0,0.8,0.0,11.75,12.68333,12.75833,12.05833,-0.7388791,0.1812916,33
2022-10-15 19:36:00,0.1553096999999999,6.75206,238.0911,11.86261,13.08067,14.08206,0.0013333329999999,0.8,0.001066667,11.69167,12.7,12.70833,12.04167,-0.6908999,0.1814599,33
2022-10-15 19:37:00,0.1554141,6.774168,238.0809,11.80231,13.08074,14.06135,0.0,0.8,0.0,11.6,12.64167,12.69167,12.0,-0.6908999,0.1810876999999999,33
2022-10-15 19:38:00,0.1555316999999999,6.768922,238.2325,11.7698,13.08082,14.05006,0.0006666667,0.8,0.0005333332999999,11.56667,12.64167,12.65833,11.95833,-0.6717083,0.1823394,33
2022-10-15 19:39:00,0.155369,6.763968,238.0515,11.7528,13.08085,14.03876,0.0006666667,0.8,0.0005333332999999,11.51667,12.60833,12.625,11.91667,-0.6908999,0.1817051,33
2022-10-15 19:40:00,0.1550874999999999,6.724001,237.7344,11.76435,13.08094,14.02426,0.0006666667,0.8,0.0005333332999999,11.55833,12.58333,12.63333,11.925,-0.6908999,0.1811167999999999,33
2022-10-15 19:41:00,0.1549569,6.736742,237.6909,11.74901,13.08004,14.0139,0.0013333329999999,0.8,0.001066667,11.56667,12.59167,12.6,11.9,-0.7004958,0.1821634,33
2022-10-15 19:42:00,0.1551103,6.775244,237.8554,11.71974,13.08101,13.9932,0.0,0.8,0.0,11.50833,12.53333,12.55833,11.86667,-0.6908999,0.182348,33
2022-10-15 19:43:00,0.1552364,6.784346,238.0426,11.71079,13.08104,13.99131,0.0,0.8,0.0,11.45,12.525,12.54167,11.81667,-0.6621124999999999,0.1819900999999999,33
2022-10-15 19:44:00,0.1555021,6.779358,238.3043,11.62439,13.08107,13.96854,0.0006666667,0.8,0.0005333332999999,11.34167,12.49167,12.54167,11.8,-0.6908999,0.1821531999999999,33
2022-10-15 19:45:00,0.1555984,6.801445,238.4375,11.64981,13.08064,13.96082,0.002,0.8,0.0016,11.375,12.44167,12.51667,11.76667,-0.7004958,0.182121,33
2022-10-15 19:46:00,0.1552713,6.798719,238.0179,11.64832,13.08249,13.94387,0.0,0.8,0.0,11.35833,12.425,12.44167,11.725,-0.6813042,0.1825903,33
2022-10-15 19:47:00,0.1551429,6.757847,237.8532,11.63721,13.08344,13.93352,0.002,0.8,0.0016,11.325,12.36667,12.4,11.675,-0.6813042,0.1823544,33
2022-10-15 19:48:00,0.1551488,6.765789,237.8616,11.605,13.08482,13.91902,0.0006666667,0.8,0.0005333332999999,11.26667,12.36667,12.38333,11.65833,-0.6908999,0.1819279,33
2022-10-15 19:49:00,0.1551532999999999,6.762516,237.8884,11.57736,13.08484,13.89643,0.0,0.8,0.0,11.2,12.30833,12.35,11.61667,-0.6429207999999998,0.1818128,33
2022-10-15 19:50:00,0.1555484,6.805401,238.3212,11.56536,13.08577,13.89643,0.0,0.8,0.0,11.16667,12.275,12.30833,11.53333,-0.6045375,0.1822471,33
2022-10-15 19:51:00,0.1552405,6.804663,238.0759,11.55166,13.08669,13.87365,0.0,0.8,0.0,11.175,12.18333,12.25,11.48333,-0.7004958,0.1819319,33
2022-10-15 19:52:00,0.1549907,6.760319,237.8064,11.5387,13.08671,13.86216,0.0013333329999999,0.8,0.001066667,11.14167,12.025,12.125,11.38333,-0.8444333,0.1823248,33
2022-10-15 19:53:00,0.1549105,6.754154,237.6698,11.54593,13.08671,13.84898,0.0006666667,0.8,0.0005333332999999,11.15,11.89167,11.98333,11.29167,-1.141904,0.1823558999999999,33
2022-10-15 19:54:00,0.1547592,6.757162,237.5548,11.51454,13.08672,13.82827,0.0,0.8,0.0,11.15,11.76667,11.91667,11.23333,-1.525737,0.1820719,33
2022-10-15 19:55:00,0.1551207,6.807043,238.0278,11.43807,13.08673,13.80907,0.0,0.8,0.0,11.05833,11.65833,11.81667,11.10833,-1.8424,0.1831184999999999,33
2022-10-15 19:56:00,0.1553689,6.803324,238.1927,11.31265,13.08674,13.7974,0.0006666667,0.8,0.0005333332999999,10.975,11.5,11.65833,11.01667,-2.207042,0.1825808999999999,33
2022-10-15 19:57:00,0.1553187,6.803941,238.2231,11.19601,13.08674,13.7748,0.0,0.8,0.0,10.875,11.36667,11.5,10.90833,-2.494917,0.1824110999999999,33
2022-10-15 19:58:00,0.1552944,6.809305,238.23,11.11801,13.08675,13.75202,0.0013333329999999,0.8,0.001066667,10.875,11.24167,11.38333,10.75,-2.801983,0.1823325,33
2022-10-15 19:59:00,0.1553458,6.815493,238.237,11.0348,13.08721,13.72548,0.0,0.8,0.0,10.85,11.11667,11.25,10.6,-3.041879,0.1827496999999999,33
2022-10-15 20:00:00,0.1553099,6.791431,238.2473,10.92121,13.08858,13.70457,0.0006666667,0.8,0.0005333332999999,10.70833,11.05833,11.10833,10.44167,-3.157029,0.1825143999999999,33
2022-10-15 20:01:00,0.1551742,6.805937,238.1349,10.76539,13.09134,13.67615,0.0,0.8,0.0,10.55,10.84167,10.975,10.21667,-3.233796,0.1824319,33
2022-10-15 20:02:00,0.1554672,6.811533,238.2824,10.68162,13.09042,13.64979,0.0,0.8,0.0,10.525,10.75,10.85833,10.08333,-3.281775,0.1825185,33
2022-10-15 20:03:00,0.1554349999999999,6.826155,238.3641,10.61351,13.09225,13.62004,0.0006666667,0.8,0.0005333332999999,10.51667,10.65833,10.75833,10.00833,-3.329754,0.1828828,33
2022-10-15 20:04:00,0.1554012999999999,6.815259,238.3606,10.52929,13.09226,13.58484,0.0013333329999999,0.8,0.001066667,10.48333,10.56667,10.7,9.916667,-3.435308,0.1831663,33
2022-10-15 20:05:00,0.1554085,6.80743,238.3309,10.4051,13.09226,13.54718,0.0013333329999999,0.8,0.001066667,10.28333,10.4,10.525,9.716666,-3.425712,0.1820513,33
2022-10-15 20:06:00,0.1553891,6.831343,238.3154,10.29769,13.09135,13.50934,0.0,0.8,0.0,10.225,10.36667,10.5,9.7,-3.4545,0.1821734999999999,33
2022-10-15 20:07:00,0.1554012999999999,6.834337,238.2916,10.23282,13.09455,13.47583,0.0,0.7749998999999999,0.0,10.24167,10.30833,10.425,9.583333,-3.4545,0.1829432,33
2022-10-15 20:08:00,0.1555574,6.826526,238.3843,10.15947,13.09776,13.43177,0.0013333329999999,0.75,0.0004666666999999,10.2,10.25,10.33333,9.491667,-3.521671,0.1827455,33
2022-10-15 20:09:00,0.1555475,6.811643,238.4588,10.12754,13.09776,13.3881,0.0006666667,0.6999999999999998,0.001,10.15,10.11667,10.25833,9.425,-3.550458,0.1825450999999999,33
2022-10-15 20:10:00,0.1555939,6.821237,238.548,10.08302,13.09867,13.34668,0.0,0.7083333,0.0,10.09167,10.06667,10.25833,9.366667,-3.502479,0.1833116999999999,33
2022-10-15 20:11:00,0.1555013,6.834855,238.5302,10.06407,13.10005,13.30111,0.0,0.6999999999999998,0.0,10.075,10.05,10.2,9.3,-3.4545,0.1824129999999999,33
2022-10-15 20:12:00,0.1555655,6.818913,238.5427,10.05833,13.10279,13.25461,0.0,0.6999999999999998,0.0,10.14167,10.03333,10.16667,9.25,-3.368137,0.1823414999999999,33
2022-10-15 20:13:00,0.1555607,6.825572,238.6111,10.01688,13.10326,13.21131,0.0,0.6999999999999998,0.0,10.125,10.03333,10.16667,9.25,-3.291371,0.1834789,33
2022-10-15 20:14:00,0.1555805,6.83865,238.6128,10.01219,13.1028,13.16443,0.0006666667,0.6999999999999998,0.0,10.2,10.04167,10.18333,9.275,-3.157029,0.1832961999999999,33
2022-10-15 20:15:00,0.1556005,6.835444,238.6893,10.00652,13.10326,13.1215,0.0006666667,0.6999999999999998,0.0009333333999999,10.19167,10.06667,10.19167,9.291667,-3.099454,0.1825691999999999,33
2022-10-15 20:16:00,0.1556082,6.820864,238.7276,10.00028,13.10326,13.07519,0.0006666667,0.6999999999999998,0.0004666666999999,10.2,10.06667,10.2,9.291667,-2.984304,0.1823813,33
2022-10-15 20:17:00,0.1556972,6.837725,238.7464,9.997786,13.10646,13.03189,0.0006666667,0.6999999999999998,0.0004666666999999,10.26667,10.06667,10.19167,9.283334,-2.87875,0.1819120999999999,33
2022-10-15 20:18:00,0.155537,6.833378,238.7085,10.0034,13.10783,12.98538,0.0,0.6999999999999998,0.0,10.325,10.08333,10.20833,9.3,-2.7636,0.18243,33
2022-10-15 20:19:00,0.1555873999999999,6.83251,238.7395,9.999269,13.10829,12.94396,0.0,0.6999999999999998,0.0,10.35,10.09167,10.19167,9.35,-2.677237,0.1833288999999999,33
2022-10-15 20:20:00,0.1553596999999999,6.790398,238.4264,9.983418,13.10875,12.89934,0.0006666667,0.6999999999999998,0.0004666666999999,10.34167,10.05833,10.175,9.341666,-2.562087,0.182622,33
2022-10-15 20:21:00,0.1550879,6.777277,238.0831,9.969151,13.10737,12.85981,0.0006666667,0.6999999999999998,0.0004666666999999,10.29167,10.075,10.175,9.333333,-2.41815,0.1826444,33
2022-10-15 20:22:00,0.1551260999999999,6.79515,238.095,9.961871,13.10829,12.82159,0.0,0.6999999999999998,0.0,10.2,9.966666,10.10833,9.25,-2.370171,0.1826029,33
2022-10-15 20:23:00,0.155111,6.751482,238.1235,9.956853,13.11103,12.77998,0.0006666667,0.6999999999999998,0.0004666666999999,10.23333,9.941667,10.04167,9.183333,-2.303,0.1827709999999999,33
2022-10-15 20:24:00,0.1554603,6.836984,238.5291,9.950055,13.11332,12.74364,0.0,0.6999999999999998,0.0,10.25833,9.933333,10.08333,9.233333,-2.207042,0.1823809999999999,33
2022-10-15 20:25:00,0.1556838999999999,6.862314,238.8697,9.941651,13.11424,12.7043,0.0,0.6999999999999998,0.0,10.3,9.958333,10.09167,9.216666,-2.091892,0.1828152999999999,33
2022-10-15 20:26:00,0.1556979,6.854481,238.9187,9.940848,13.11332,12.66476,0.0013333329999999,0.6999999999999998,0.0009333333999999,10.3,9.941667,10.06667,9.208333,-1.986337,0.1826589999999999,33
2022-10-15 20:27:00,0.155747,6.845901,238.8853,9.937415,13.11424,12.63106,0.0006666667,0.6999999999999998,0.0004666666999999,10.24167,9.916667,10.00833,9.2,-1.899975,0.1831212,33
2022-10-15 20:28:00,0.1554910999999999,6.827386,238.5922,9.948086,13.11424,12.59095,0.0006666667,0.6999999999999998,0.0004666666999999,10.25833,9.891667,10.025,9.183333,-1.784825,0.1824885,33
2022-10-15 20:29:00,0.1553991,6.824959,238.4303,9.963357,13.11424,12.55895,0.0,0.6999999999999998,0.0,10.14167,9.825,9.958333,9.099999,-1.6121,0.183195,33
2022-10-15 20:30:00,0.1553421,6.823095,238.4127,9.948512,13.11424,12.52657,0.0013333329999999,0.6999999999999998,0.0009333333999999,10.10833,9.825,9.933333,9.116667,-1.506546,0.1832618,33
2022-10-15 20:31:00,0.1553514,6.811529,238.4085,9.953585,13.11332,12.49287,0.0006666667,0.6999999999999998,0.0004666666999999,10.05,9.733333,9.833333,9.091666,-1.362608,0.1827947,33
2022-10-15 20:32:00,0.1552680999999999,6.827127,238.3732,9.952955,13.11424,12.46406,0.0,0.6999999999999998,0.0,9.991666,9.666667,9.75,9.041667,-1.257054,0.1829060999999999,33
2022-10-15 20:33:00,0.1553155,6.847002,238.3483,9.948882,13.11424,12.43394,0.0,0.6999999999999998,0.0,10.00833,9.591666,9.683333,9.075,-1.1515,0.1828944999999999,33
2022-10-15 20:34:00,0.1555308,6.860043,238.6775,9.937007,13.11424,12.39817,0.0,0.675,0.0,10.0,9.599999,9.716666,9.116667,-1.084329,0.1831975999999999,33
2022-10-15 20:35:00,0.1557173,6.850727,238.9922,9.937749,13.11424,12.36578,0.0,0.5999999999999999,0.0,10.03333,9.625,9.733333,9.175,-1.03635,0.1826880999999999,33
2022-10-15 20:36:00,0.1558717,6.879541,239.1052,9.938169,13.11424,12.33943,0.0,0.5999999999999999,0.0,10.06667,9.675,9.791667,9.241666,-0.9883708,0.1830912,33
2022-10-15 20:37:00,0.15584,6.869626,239.1094,9.915355000000002,13.11424,12.30968,0.0006666667,0.5999999999999999,0.0004,10.025,9.691667,9.783334,9.283334,-0.8924123999999999,0.1828546,33
2022-10-15 20:38:00,0.1557428999999999,6.861733,238.8886,9.918101,13.11424,12.28633,0.0006666667,0.5999999999999999,0.0004,10.05,9.691667,9.775,9.366667,-0.8732206999999998,0.1825534,33
2022-10-15 20:39:00,0.1554532,6.843437,238.4468,9.920644,13.11424,12.25998,0.0006666667,0.5999999999999999,0.0004,10.09167,9.724999,9.816667,9.408334,-0.8156457999999999,0.1831144,33
2022-10-15 20:40:00,0.1554066,6.820921,238.4534,9.92631,13.1147,12.23531,0.0006666667,0.5999999999999999,0.0004,10.13333,9.691667,9.816667,9.408334,-0.7484749,0.18265,33
2022-10-15 20:41:00,0.1552987,6.82864,238.4276,9.930086,13.11561,12.20877,0.0,0.5999999999999999,0.0,10.13333,9.716666,9.85,9.466666,-0.7196875,0.1838401,33
2022-10-15 20:42:00,0.1556065,6.829622,238.7017,9.951058,13.11587,12.18806,0.0006666667,0.5999999999999999,0.0004,10.125,9.766666,9.891667,9.483333,-0.6717083,0.182845,33
2022-10-15 20:43:00,0.155922,6.874407,239.1156,9.95668,13.11651,12.16546,0.0006666667,0.5999999999999999,0.0004,10.09167,9.741666,9.891667,9.533334,-0.7676665999999999,0.1830044,33
2022-10-15 20:44:00,0.15592,6.884284,239.1787,9.95404,13.11644,12.14099,0.0,0.5999999999999999,0.0,10.10833,9.75,9.891667,9.525,-0.7100916,0.1832878,33
2022-10-15 20:45:00,0.1559309999999999,6.879782,239.0943,9.959531,13.11737,12.11614,0.0,0.5999999999999999,0.0,10.075,9.75,9.883334,9.558333,-0.7388791,0.1831357,33
2022-10-15 20:46:00,0.1554973,6.857503,238.667,9.9746,13.11954,12.09731,0.002,0.5999999999999999,0.0011999999999999,10.09167,9.758333,9.916667,9.566667,-0.7868583,0.1828562,33
2022-10-15 20:47:00,0.1554809,6.852493,238.6148,9.956861,13.11995,12.07472,0.0013333329999999,0.5666666999999999,0.0007333332999999,10.04167,9.775,9.891666,9.55,-0.8348374,0.1833809,33
2022-10-15 20:48:00,0.1554655,6.862824,238.6221,9.973592,13.1194,12.05965,0.0,0.5583333,0.0,10.00833,9.833333,9.908334,9.541667,-0.8924123999999999,0.1837448,33
2022-10-15 20:49:00,0.1555592,6.833985,238.6137,9.964635,13.12007,12.03593,0.0,0.55,0.0,10.01667,9.900001,9.983333,9.558333,-0.8636249999999999,0.1829002999999999,33
2022-10-15 20:50:00,0.1554553999999999,6.833185,238.5762,9.971982,13.12018,12.02351,0.0,0.5916666,0.0,10.0,9.925,9.991667,9.575,-0.8444333,0.1834433,33
2022-10-15 20:51:00,0.1554059,6.841717,238.5857,9.967454,13.12088,12.0028,0.0006666667,0.5999999999999999,0.0004,9.991667,9.958333,10.0,9.583333,-0.8156457999999999,0.1828958,33
2022-10-15 20:52:00,0.1554499,6.84043,238.5905,9.976874,13.12086,11.98397,0.0,0.5999999999999999,0.0,9.983333,10.00833,10.01667,9.558333,-0.7772624,0.1830045999999999,33
2022-10-15 20:53:00,0.1557318,6.885884,239.0019,9.99408,13.11929,11.97079,0.0013333329999999,0.5999999999999999,0.0008,9.966666,10.05,10.05,9.575,-0.7964541,0.1836827,33
2022-10-15 20:54:00,0.1560782,6.900309,239.4065,9.999484,13.12077,11.95008,0.0006666667,0.5999999999999999,0.0004,9.983333,10.04167,10.05833,9.575,-0.7580708,0.1831595,33
2022-10-15 20:55:00,0.1560429999999999,6.886883,239.3801,10.01291,13.12092,11.93314,0.0,0.5999999999999999,0.0,9.983333,10.10833,10.09167,9.558333,-0.7676665999999999,0.1830480999999999,33
2022-10-15 20:56:00,0.1559845,6.876491,239.3666,10.0203,13.12106,11.91864,0.0006666667,0.5999999999999999,0.0004,10.0,10.15833,10.13333,9.608334,-0.7100916,0.1831174999999999,33
2022-10-15 20:57:00,0.1557683,6.864467,239.0553,10.0191,13.12113,11.90828,0.0006666667,0.5999999999999999,0.0004,9.974999,10.14167,10.125,9.599999,-0.6717083,0.1828394,33
2022-10-15 20:58:00,0.1556357999999999,6.8909,238.9986,9.987914,13.12129,11.88569,0.0006666667,0.6666667,0.0004666666999999,9.925,10.18333,10.16667,9.658333,-0.6237291999999999,0.1840479999999999,33
2022-10-15 20:59:00,0.1555782,6.870888,238.9835,10.0134,13.12132,11.88004,0.0006666667,0.6999999999999998,0.0004666666999999,10.0,10.21667,10.18333,9.666667,-0.633325,0.1835601,33
2022-10-15 21:00:00,0.1556913,6.883821,239.0188,10.00157,13.12142,11.86122,0.0,0.6999999999999998,0.0,9.941667,10.25,10.19167,9.658333,-0.5853458,0.1834703,33
2022-10-15 21:01:00,0.1560404,6.924563,239.553,9.994942,13.12147,11.84051,0.0,0.6999999999999998,0.0,9.908334,10.29167,10.20833,9.691667,-0.5661540999999999,0.1836758,33
2022-10-15 21:02:00,0.1561565,6.914874,239.6083,10.01287,13.12153,11.83863,0.0013333329999999,0.6999999999999998,0.0009333333999999,9.925,10.31667,10.23333,9.708333,-0.5469623999999998,0.1837757999999999,33
2022-10-15 21:03:00,0.1560531,6.912691,239.6398,10.00198,13.12067,11.81791,0.0013333329999999,0.6999999999999998,0.0009333333999999,9.966666,10.30833,10.225,9.716666,-0.5853458,0.1835787,33
2022-10-15 21:04:00,0.1558286999999999,6.884262,239.2038,10.00495,13.12161,11.8117,0.0006666667,0.6999999999999998,0.0004666666999999,9.991667,10.375,10.30833,9.75,-0.5661540999999999,0.1834264999999999,33
2022-10-15 21:05:00,0.1556317,6.864012,239.0363,9.994726,13.12214,11.79306,0.0006666667,0.6999999999999998,0.0,9.991666,10.36667,10.28333,9.75,-0.5853458,0.1832990999999999,33
2022-10-15 21:06:00,0.1557133,6.89344,239.105,9.982441,13.1217,11.78365,0.002,0.6999999999999998,0.001866667,9.958333,10.33333,10.30833,9.741666,-0.5661540999999999,0.1837254,33
2022-10-15 21:07:00,0.1557706,6.869679,239.11,9.969913,13.12173,11.77047,0.0006666667,0.6999999999999998,0.0004666666999999,9.908334,10.35,10.325,9.758333,-0.5469623999999998,0.1830062,33
2022-10-15 21:08:00,0.1562407,6.928108,239.7384,9.963995,13.12221,11.75541,0.0006666667,0.6999999999999998,0.0004666666999999,9.908334,10.35,10.3,9.766666,-0.5565583,0.1832513,33
2022-10-15 21:09:00,0.1563364999999999,6.930697,239.8924,9.969886,13.12315,11.74788,0.0,0.6999999999999998,0.0,9.941667,10.35,10.325,9.775,-0.5277707999999999,0.1833833,33
2022-10-15 21:10:00,0.156225,6.918041,239.8498,9.980018,13.12409,11.74035,0.0,0.6999999999999998,0.0,9.916667,10.33333,10.3,9.75,-0.6237291999999999,0.183591,33
2022-10-15 21:11:00,0.1557492,6.889472,239.2702,9.952148,13.1241,11.72528,0.002,0.6999999999999998,0.0014,9.891667,10.325,10.36667,9.758333,-0.6717083,0.1834994,33
2022-10-15 21:12:00,0.1557630999999999,6.897063,239.2068,9.939618,13.12641,11.7234,0.0006666667,0.6999999999999998,0.0004666666999999,9.891667,10.30833,10.31667,9.75,-0.7484749,0.183894,33
2022-10-15 21:13:00,0.1557891999999999,6.908833,239.2426,9.926387,13.12642,11.70458,0.002,0.6999999999999998,0.0009333333999999,9.908334,10.325,10.31667,9.741666,-0.7100916,0.1838788,33
2022-10-15 21:14:00,0.1558364999999999,6.902708,239.3078,9.93936,13.12689,11.70269,0.0013333329999999,0.6916666,0.0014,9.866667,10.33333,10.33333,9.783334,-0.7100916,0.1838007,33
2022-10-15 21:15:00,0.1563604,6.93469,239.898,9.933681,13.12736,11.69705,0.0013333329999999,0.6999999999999998,0.0009333333999999,9.85,10.31667,10.34167,9.775,-0.6525166,0.1838128,33
2022-10-15 21:16:00,0.1563585999999999,6.95714,239.8275,9.911716,13.12691,11.6801,0.0,0.6999999999999998,0.0,9.808333,10.375,10.35833,9.791667,-0.6429207999999998,0.1839687,33
2022-10-15 21:17:00,0.1561148,6.908367,239.5208,9.926575,13.12692,11.6801,0.0,0.6999999999999998,0.0,9.816667,10.35833,10.35833,9.783334,-0.5949417,0.1835759999999999,33
2022-10-15 21:18:00,0.1557447,6.875649,239.188,9.928451,13.12738,11.65939,0.0006666667,0.6999999999999998,0.0004666666999999,9.883334,10.35,10.38333,9.758333,-0.6045374,0.1835596999999999,33
2022-10-15 21:19:00,0.1558139,6.866502,239.2248,9.932073,13.12739,11.65525,0.0013333329999999,0.6999999999999998,0.0004666666999999,9.85,10.39167,10.39167,9.758333,-0.633325,0.1828855,33
2022-10-15 21:20:00,0.1557852999999999,6.912187,239.2126,9.916484,13.1274,11.65525,0.0006666667,0.6999999999999998,0.0009333333999999,9.833333,10.375,10.40833,9.775,-0.6045374,0.1842293,33
2022-10-15 21:21:00,0.1556541999999999,6.881469,239.1503,9.940557,13.1274,11.65525,0.0013333329999999,0.6999999999999998,0.0009333333999999,9.875,10.4,10.43333,9.766666,-0.6525167,0.1834899999999999,33
2022-10-15 21:22:00,0.1556457,6.915436,239.2089,9.956130000000002,13.12741,11.64395,0.0006666667,0.6999999999999998,0.0004666666999999,9.875,10.41667,10.45,9.8,-0.6525167,0.1843849999999999,33
2022-10-15 21:23:00,0.1557617,6.905492,239.3415,9.949750000000002,13.12741,11.63266,0.002,0.6999999999999998,0.0009333333999999,9.875,10.41667,10.475,9.783334,-0.6813042,0.1838425999999999,33
2022-10-15 21:24:00,0.1559569,6.892237,239.3409,9.948321,13.12742,11.63266,0.0,0.6999999999999998,0.0004666666999999,9.908334,10.40833,10.46667,9.783334,-0.6908999,0.1836184999999999,33
2022-10-15 21:25:00,0.1559724999999999,6.934629,239.3312,9.946429,13.12742,11.63077,0.0006666667,0.6999999999999998,0.0004666666999999,9.841666,10.43333,10.48333,9.8,-0.7004958,0.1844823999999999,33
2022-10-15 21:26:00,0.1559705999999999,6.915871,239.2995,9.940047000000002,13.12742,11.61948,0.0006666667,0.6999999999999998,0.0004666666999999,9.891667,10.43333,10.48333,9.816667,-0.7100916,0.1841434,33
2022-10-15 21:27:00,0.155947,6.924793,239.2786,9.930598,13.12742,11.61007,0.002,0.6999999999999998,0.0014,9.866667,10.46667,10.50833,9.8,-0.7292832999999999,0.1839801,33
2022-10-15 21:28:00,0.1559787,6.904319,239.2506,9.937675,13.12742,11.61007,0.0,0.6999999999999998,0.0,9.816667,10.46667,10.51667,9.841666,-0.6908999,0.1834994,33
2022-10-15 21:29:00,0.1560058,6.913035,239.2955,9.939085,13.12743,11.61007,0.002666667,0.6999999999999998,0.001866667,9.875,10.49167,10.50833,9.858334,-0.6717083,0.1837464,33
2022-10-15 21:30:00,0.1559707999999999,6.898373,239.3024,9.930583,13.12743,11.61007,0.002,0.6999999999999998,0.0014,9.825,10.45833,10.50833,9.85,-0.633325,0.1836439,33
2022-10-15 21:31:00,0.1563197,6.933008,239.8083,9.929866,13.12743,11.61007,0.0006666667,0.6999999999999998,0.0004666666999999,9.833333,10.48333,10.5,9.85,-0.6045375,0.1831635,33
2022-10-15 21:32:00,0.1564078,6.9755,239.9736,9.929154,13.12743,11.60442,0.0006666667,0.6999999999999998,0.0004666666999999,9.825,10.50833,10.53333,9.866667,-0.5565583,0.184618,33
2022-10-15 21:33:00,0.1559549,6.917551,239.4517,9.925844,13.12743,11.60254,0.0,0.6999999999999998,0.0,9.808333,10.48333,10.525,9.891667,-0.5181748999999999,0.183865,33
2022-10-15 21:34:00,0.1560174,6.911286,239.4584,9.936465,13.12743,11.59689,0.0006666667,0.6999999999999998,0.0004666666999999,9.825,10.51667,10.54167,9.908334,-0.4989833,0.1840745,33
2022-10-15 21:35:00,0.1561269,6.913706,239.5131,9.941894,13.12743,11.58747,0.0006666667,0.6999999999999998,0.0004666666999999,9.808333,10.55,10.55833,9.925,-0.4701958,0.1837033,33
2022-10-15 21:36:00,0.1560748,6.936712,239.5074,9.941888,13.12743,11.58747,0.0,0.6999999999999998,0.0,9.833333,10.55,10.58333,9.95,-0.4701958,0.1838591,33
2022-10-15 21:37:00,0.1561013,6.925676,239.5529,9.959594,13.12743,11.58747,0.0006666667,0.6999999999999998,0.0004666666999999,9.858334,10.60833,10.61667,9.958333,-0.4510041,0.1834361999999999,33
2022-10-15 21:38:00,0.1562192,6.947504,239.7034,9.975171,13.12744,11.58747,0.0,0.6999999999999998,0.0,9.816667,10.59167,10.63333,9.966666,-0.4030249,0.1842346,33
2022-10-15 21:39:00,0.1560005999999999,6.932531,239.5435,9.975877,13.12744,11.58747,0.0006666667,0.6999999999999998,0.0004666666999999,9.783334,10.58333,10.64167,9.983333,-0.4126208,0.1840824,33
2022-10-15 21:40:00,0.1558725,6.878243,239.3942,9.992164,13.12744,11.58747,0.0,0.6999999999999998,0.0,9.808333,10.61667,10.65,9.991666,-0.4414082999999999,0.1834281,33
2022-10-15 21:41:00,0.1558234,6.919376,239.3533,10.00208,13.12698,11.58747,0.0,0.6999999999999998,0.0,9.816667,10.60833,10.66667,9.95,-0.4318124999999999,0.1842143,33
2022-10-15 21:42:00,0.1560026999999999,6.897217,239.4843,9.996408,13.12652,11.58747,0.0,0.6999999999999998,0.0,9.825,10.59167,10.65833,9.974999,-0.4510041,0.1839463,33
2022-10-15 21:43:00,0.1561293,6.930905,239.6009,9.994044,13.12744,11.58936,0.0006666667,0.6999999999999998,0.0004666666999999,9.883334,10.6,10.675,9.966666,-0.4510041,0.1834483,33
2022-10-15 21:44:00,0.1560102999999999,6.931948,239.5562,10.00537,13.12652,11.60065,0.0013333329999999,0.6999999999999998,0.0009333333999999,9.875,10.61667,10.7,9.974999,-0.4989833,0.1847814,33
2022-10-15 21:45:00,0.1558954999999999,6.932804,239.4715,10.00136,13.12698,11.60442,0.0,0.6999999999999998,0.0,9.891667,10.63333,10.68333,9.983333,-0.4989833,0.1845527999999999,33
2022-10-15 21:46:00,0.1559898999999999,6.908094,239.5118,10.00065,13.12469,11.61007,0.0006666667,0.6833333,0.0004666666999999,9.875,10.625,10.69167,9.974999,-0.4414082999999999,0.1835378,33
2022-10-15 21:47:00,0.1562267,6.959203,239.8417,9.999229,13.12698,11.61007,0.0,0.6166667,0.0,9.891667,10.625,10.65833,9.983333,-0.4797915999999999,0.1843146,33
2022-10-15 21:48:00,0.156508,6.995899,240.262,10.00064,13.12744,11.61007,0.0006666667,0.5999999999999999,0.0004,9.866667,10.6,10.66667,9.974999,-0.4893874999999999,0.1847264999999999,33
2022-10-15 21:49:00,0.1564604,6.978935,240.2568,9.998518,13.12652,11.61007,0.0006666667,0.5999999999999999,0.0004,9.891667,10.61667,10.65,10.00833,-0.4989833,0.1843476,33
2022-10-15 21:50:00,0.1564712,6.978075,240.1818,9.969476,13.12606,11.61007,0.0006666667,0.5999999999999999,0.0004,9.841666,10.60833,10.7,10.0,-0.5277707999999999,0.1844853999999999,33
2022-10-15 21:51:00,0.156096,6.947611,239.9105,9.947518,13.12606,11.61007,0.0,0.5999999999999999,0.0,9.825,10.59167,10.66667,9.983333,-0.5181748999999999,0.1843364999999999,33
2022-10-15 21:52:00,0.1558821,6.955427,239.5254,9.92485,13.12606,11.61007,0.0013333329999999,0.5999999999999999,0.0008,9.85,10.6,10.69167,9.983333,-0.5085791,0.1849447999999999,33
2022-10-15 21:53:00,0.1559821999999999,6.962348,239.7245,9.901235,13.12378,11.62324,0.0013333329999999,0.5999999999999999,0.0004,9.791667,10.58333,10.68333,9.983333,-0.5469623999999998,0.1845024,33
2022-10-15 21:54:00,0.1565106,6.991654,240.1211,9.894621,13.12423,11.63077,0.002666667,0.5999999999999999,0.002,9.783334,10.6,10.68333,10.0,-0.5277707999999999,0.1847234,33
2022-10-15 21:55:00,0.1566682,6.981441,240.1993,9.885174,13.12652,11.63266,0.0006666667,0.5999999999999999,0.0004,9.8,10.60833,10.68333,9.983333,-0.6045375,0.184082,33
2022-10-15 21:56:00,0.1564637999999999,6.97331,240.1694,9.884465,13.12378,11.63266,0.0006666667,0.5999999999999999,0.0004,9.833333,10.6,10.65,9.958333,-0.5949415999999998,0.1844201,33
2022-10-15 21:57:00,0.1566244,6.970911,240.2046,9.870296,13.12469,11.63266,0.004,0.5999999999999999,0.002,9.816667,10.59167,10.64167,9.95,-0.5565583,0.1843969,33
2022-10-15 21:58:00,0.1566530999999999,7.005527,240.1712,9.867461,13.12469,11.63266,0.0013333329999999,0.5999999999999999,0.0008,9.8,10.58333,10.65833,9.966666,-0.5277707999999999,0.1846304,33
2022-10-15 21:59:00,0.1563921,6.98555,240.0748,9.866043,13.12606,11.63266,0.0,0.5999999999999999,0.0004,9.825,10.56667,10.65,9.95,-0.5469623999999998,0.1850321,33
2022-10-15 22:00:00,0.15643,6.984284,240.19,9.871711,13.12606,11.63266,0.002666667,0.5999999999999999,0.0011999999999999,9.841666,10.58333,10.675,9.974999,-0.5373666,0.1846357,33
2022-10-15 22:01:00,0.1563478,6.974458,240.1539,9.898156,13.12744,11.64772,0.0006666667,0.5999999999999999,0.0008,9.833333,10.58333,10.65,9.974999,-0.5181748999999999,0.1844135,33
2022-10-15 22:02:00,0.156483,6.985849,240.2285,9.898154000000002,13.12698,11.65336,0.0006666667,0.5833333,0.0004,9.783334,10.6,10.66667,9.974999,-0.5469623999999998,0.1844532,33
2022-10-15 22:03:00,0.1566317999999999,6.9827,240.3264,9.896029,13.12744,11.65336,0.002666667,0.5416667,0.001133333,9.775,10.58333,10.61667,9.941667,-0.5757499,0.1842299,33
2022-10-15 22:04:00,0.1567046,6.997525,240.3114,9.905946,13.12744,11.65336,0.0013333329999999,0.5,0.001066667,9.808333,10.58333,10.66667,9.933333,-0.5853458,0.1846397999999999,33
2022-10-15 22:05:00,0.1566968,6.995337,240.319,9.915627,13.12744,11.65525,0.0013333329999999,0.5,0.0003333333999999,9.708333,10.56667,10.65833,9.933333,-0.6141332999999999,0.1844185,33
2022-10-15 22:06:00,0.1567946,7.010841,240.3671,9.91421,13.12744,11.65525,0.0,0.5,0.0003333333999999,9.675,10.55833,10.63333,9.908334,-0.6141332999999999,0.1848702,33
2022-10-15 22:07:00,0.1571403,7.035841,240.7192,9.91846,13.12744,11.65525,0.0,0.5,0.0,9.766666,10.53333,10.63333,9.908334,-0.6045374,0.1846982,33
2022-10-15 22:08:00,0.1568749999999999,7.010202,240.6498,9.928376,13.12744,11.65525,0.0013333329999999,0.5,0.0006666667,9.783334,10.51667,10.64167,9.908334,-0.5949417,0.1844949999999999,33
2022-10-15 22:09:00,0.1567669999999999,7.014492,240.3873,9.912793,13.12744,11.65525,0.002,0.5,0.0006666667,9.708333,10.55833,10.65833,9.883333,-0.5757499,0.1848246,33
2022-10-15 22:10:00,0.1565922999999999,7.004224,240.3589,9.910667,13.12744,11.65525,0.0,0.5,0.0003333333999999,9.8,10.55833,10.66667,9.891667,-0.5661540999999999,0.1843315,33
2022-10-15 22:11:00,0.1565988,6.993336,240.3718,9.897916,13.12469,11.65525,0.002,0.5,0.001,9.783334,10.53333,10.65,9.891667,-0.5565583,0.184176,33
2022-10-15 22:12:00,0.1566260999999999,7.015882,240.4377,9.897916,13.12744,11.65525,0.0013333329999999,0.5,0.0006666667,9.783334,10.525,10.66667,9.891667,-0.5085791,0.1848053,33
2022-10-15 22:13:00,0.1571026,7.050222,240.9584,9.881622,13.12744,11.65525,0.002666667,0.5,0.0013333329999999,9.766666,10.53333,10.65,9.883333,-0.6717083,0.1846365,33
2022-10-15 22:14:00,0.1572567,7.054701,241.1483,9.86462,13.12744,11.65525,0.0006666667,0.5,0.0003333333999999,9.775,10.525,10.63333,9.85,-0.6237291999999999,0.1846337,33
2022-10-15 22:15:00,0.1571027,7.02401,240.8992,9.86462,13.12652,11.65525,0.0006666667,0.5,0.0003333333999999,9.775,10.53333,10.64167,9.883333,-0.5757499,0.1847862999999999,33
2022-10-15 22:16:00,0.1567402,7.01636,240.5824,9.853284,13.12744,11.65525,0.0006666667,0.5,0.0003333333999999,9.766666,10.53333,10.61667,9.875,-0.6141332999999999,0.1847889,33
2022-10-15 22:17:00,0.1567492,7.030219,240.5794,9.846909,13.12744,11.65525,0.0006666667,0.5,0.0003333333999999,9.733333,10.55,10.59167,9.875,-0.6141332999999999,0.1847631999999999,33
2022-10-15 22:18:00,0.1567346,7.023673,240.6185,9.851159,13.12744,11.65525,0.0006666667,0.5,0.0,9.758333,10.53333,10.65,9.85,-0.6045375,0.1848745,33
2022-10-15 22:19:00,0.1568659,7.045614,240.8741,9.856826000000002,13.12744,11.65525,0.0013333329999999,0.5,0.001,9.775,10.50833,10.6,9.858334,-0.5757499,0.1849060999999999,33
2022-10-15 22:20:00,0.1571570999999999,7.080303,241.2446,9.852576,13.12744,11.65525,0.0013333329999999,0.5,0.0006666667,9.766666,10.51667,10.625,9.866667,-0.5949415999999998,0.1854143,33
2022-10-15 22:21:00,0.1571505,7.07358,241.2704,9.846199,13.12744,11.65525,0.0,0.5,0.0,9.724999,10.50833,10.6,9.858334,-0.5949415999999998,0.1852998999999999,33
2022-10-15 22:22:00,0.1572143,7.061507,241.3161,9.834155,13.12744,11.65525,0.0013333329999999,0.5,0.0006666667,9.733333,10.50833,10.59167,9.825,-0.5661540999999999,0.1847119,33
2022-10-15 22:23:00,0.1572482,7.071829,241.3701,9.824944,13.12744,11.65525,0.0006666667,0.5,0.0003333333999999,9.775,10.48333,10.58333,9.866667,-0.5565583,0.1848924999999999,33
2022-10-15 22:24:00,0.1575322,7.066528,241.4581,9.805816,13.12744,11.65525,0.0,0.5,0.0,9.716666,10.5,10.59167,9.866667,-0.5757499,0.1844263999999999,33
2022-10-15 22:25:00,0.1575462,7.083441,241.4903,9.803689,13.12744,11.65525,0.0013333329999999,0.5,0.0006666667,9.766666,10.475,10.58333,9.85,-0.5565583,0.1849214999999999,33
2022-10-15 22:26:00,0.1572544999999999,7.057156,241.3133,9.798021,13.12744,11.65525,0.0,0.5,0.0,9.75,10.475,10.575,9.858334,-0.5661540999999999,0.184621,33
2022-10-15 22:27:00,0.1569383,7.024601,240.8697,9.810066,13.12744,11.65525,0.0,0.5,0.0,9.791667,10.48333,10.575,9.816667,-0.5949417,0.1845692999999999,33
2022-10-15 22:28:00,0.1567872999999999,7.036937,240.8087,9.812901,13.12698,11.65525,0.0006666667,0.5,0.0003333333999999,9.758333,10.45833,10.55833,9.883334,-0.5565583,0.184952,33
2022-10-15 22:29:00,0.1570337,7.03825,240.9536,9.812192,13.12744,11.65525,0.0,0.5,0.0,9.775,10.44167,10.55,9.875,-0.5277707999999999,0.1846864,33
2022-10-15 22:30:00,0.157008,7.036795,240.9698,9.806523,13.12744,11.65525,0.0,0.5,0.0,9.708333,10.45,10.58333,9.875,-0.5757499,0.1847038,33
2022-10-15 22:31:00,0.1570587,7.04598,241.0022,9.805107,13.12744,11.65525,0.002,0.5,0.001,9.658333,10.44167,10.58333,9.858334,-0.5661540999999999,0.1848017999999999,33
2022-10-15 22:32:00,0.1571844,7.05706,241.0532,9.801091,13.12744,11.65336,0.0,0.5,0.0,9.625,10.46667,10.6,9.866667,-0.6045375,0.1848754,33
2022-10-15 22:33:00,0.1571635999999999,7.048476,241.0814,9.801564,13.12744,11.65525,0.0,0.5,0.0,9.683333,10.43333,10.55833,9.866667,-0.5757499,0.1847515,33
2022-10-15 22:34:00,0.1573538999999999,7.083115,241.3204,9.795896,13.12744,11.6496,0.0,0.5,0.0,9.683333,10.44167,10.58333,9.883334,-0.5853458,0.1849642,33
2022-10-15 22:35:00,0.1576434999999999,7.092968,241.6697,9.789046,13.12652,11.65336,0.0013333329999999,0.5,0.0006666667,9.616667,10.44167,10.56667,9.85,-0.5661540999999999,0.1847845999999999,33
2022-10-15 22:36:00,0.1574847,7.07451,241.5834,9.790463,13.12744,11.65336,0.0006666667,0.5,0.0003333333999999,9.641666,10.43333,10.56667,9.875,-0.5757499,0.1847946,33
2022-10-15 22:37:00,0.1573003,7.079655,241.3661,9.786922,13.12744,11.64772,0.0006666667,0.5,0.0003333333999999,9.683333,10.425,10.59167,9.891667,-0.5757499,0.185082,33
2022-10-15 22:38:00,0.1572244999999999,7.074374,241.3771,9.758344,13.12744,11.63266,0.0006666667,0.55,0.0003333333999999,9.641666,10.43333,10.56667,9.875,-0.5661540999999999,0.1853363,33
2022-10-15 22:39:00,0.1572428999999999,7.072526,241.3149,9.756219,13.12744,11.63266,0.0006666667,0.5999999999999999,0.0004,9.658333,10.44167,10.575,9.875,-0.5277707999999999,0.18514,33
2022-10-15 22:40:00,0.1573286999999999,7.078445,241.3425,9.740628,13.12744,11.63266,0.0013333329999999,0.5999999999999999,0.0004,9.616667,10.425,10.575,9.875,-0.5277707999999999,0.1847928,33
2022-10-15 22:41:00,0.1573933,7.077271,241.36,9.726456,13.12744,11.63266,0.0006666667,0.5999999999999999,0.0008,9.633333,10.44167,10.56667,9.900001,-0.5757499,0.1844639999999999,33
2022-10-15 22:42:00,0.1574184,7.066504,241.4821,9.709449,13.12744,11.63266,0.0,0.5999999999999999,0.0,9.65,10.425,10.575,9.85,-0.5757499,0.1855266999999999,33
2022-10-15 22:43:00,0.1572805999999999,7.0368,241.3138,9.686771,13.12744,11.63266,0.002,0.5999999999999999,0.0011999999999999,9.608334,10.41667,10.53333,9.858334,-0.5757499,0.1842719999999999,33
2022-10-15 22:44:00,0.1569338,7.055567,240.9509,9.691023,13.12744,11.63266,0.0006666667,0.5999999999999999,0.0004,9.591666,10.41667,10.53333,9.85,-0.5565583,0.1845207,33
2022-10-15 22:45:00,0.1568885999999999,7.052236,240.9652,9.691731,13.12835,11.63266,0.0006666667,0.5999999999999999,0.0004,9.65,10.4,10.51667,9.858334,-0.5757499,0.1853252,33
2022-10-15 22:46:00,0.1568956,7.030334,240.9418,9.685353,13.12835,11.63266,0.0006666667,0.5916666,0.0004,9.641666,10.425,10.53333,9.866667,-0.5661540999999999,0.1850573,33
2022-10-15 22:47:00,0.1565264,6.998464,240.3518,9.676141,13.12927,11.63266,0.002666667,0.5583333,0.001466667,9.6,10.43333,10.525,9.85,-0.5565583,0.1847628,33
2022-10-15 22:48:00,0.1560187,6.944271,239.715,9.672833,13.13064,11.63077,0.0,0.5166667,0.0,9.633333,10.425,10.53333,9.841666,-0.5373666,0.1847789,33
2022-10-15 22:49:00,0.1560356,6.982115,239.7653,9.669762,13.13018,11.63266,0.0013333329999999,0.5,0.0006666667,9.608333,10.41667,10.525,9.825,-0.5853458,0.1848885999999999,33
2022-10-15 22:50:00,0.1565825,7.013912,240.4155,9.669998,13.13201,11.63077,0.0006666667,0.5,0.0003333333999999,9.641666,10.40833,10.55833,9.85,-0.5373666,0.1847482,33
2022-10-15 22:51:00,0.1564320999999999,6.99003,240.0937,9.649213,13.1311,11.61007,0.0006666667,0.5,0.0003333333999999,9.675,10.43333,10.55,9.808333,-0.5469623999999998,0.1846214999999999,33
2022-10-15 22:52:00,0.1563267999999999,6.991873,240.0201,9.65063,13.13201,11.61007,0.0013333329999999,0.5,0.0006666667,9.583333,10.425,10.51667,9.825,-0.5277707999999999,0.1849504999999999,33
2022-10-15 22:53:00,0.1563661,6.9776,240.0186,9.653465,13.13293,11.61007,0.0006666667,0.5,0.0003333333999999,9.625,10.425,10.53333,9.833333,-0.5085791,0.1846213999999999,33
2022-10-15 22:54:00,0.1562804,6.984329,240.0537,9.647086,13.13247,11.61007,0.0006666667,0.5,0.0003333333999999,9.633333,10.425,10.55,9.841666,-0.5469623999999998,0.1851624,33
2022-10-15 22:55:00,0.1561412,6.993793,240.0383,9.64496,13.13247,11.61007,0.0013333329999999,0.5,0.0006666667,9.616667,10.39167,10.525,9.841666,-0.4797915999999999,0.1851153,33
2022-10-15 22:56:00,0.1561895,6.970797,239.9552,9.664097000000002,13.13293,11.61007,0.0013333329999999,0.5,0.0006666667,9.625,10.425,10.525,9.808333,-0.5661540999999999,0.1843997,33
2022-10-15 22:57:00,0.1561712,6.968266,239.8551,9.676853,13.13293,11.61007,0.0013333329999999,0.5,0.0006666667,9.675,10.40833,10.51667,9.833333,-0.5181748999999999,0.1847455,33
2022-10-15 22:58:00,0.1562337,6.983046,240.0424,9.687484,13.13293,11.61007,0.0006666667,0.5666666999999999,0.0004,9.708333,10.41667,10.51667,9.816667,-0.5181748999999999,0.1853313,33
2022-10-15 22:59:00,0.1565095,7.02347,240.2864,9.691736,13.13293,11.61007,0.0,0.5999999999999999,0.0,9.675,10.425,10.49167,9.791667,-0.4989833,0.1850485,33
2022-10-15 23:00:00,0.1563512,6.9939,240.2462,9.695279,13.13293,11.61007,0.002,0.5999999999999999,0.0011999999999999,9.675,10.375,10.49167,9.783334,-0.5373666,0.1850519999999999,33
2022-10-15 23:01:00,0.1564236,7.033988,240.2281,9.704727,13.13293,11.60818,0.0,0.5999999999999999,0.0,9.65,10.39167,10.45,9.775,-0.4510041,0.1858102,33
2022-10-15 23:02:00,0.1565008,7.005509,240.2646,9.706853,13.13293,11.60818,0.0006666667,0.5999999999999999,0.0004,9.683333,10.38333,10.49167,9.775,-0.5085791,0.1847766,33
2022-10-15 23:03:00,0.1554414,6.886639,238.5128,9.704964,13.13293,11.6063,0.0,0.5999999999999999,0.0,9.658333,10.375,10.475,9.775,-0.5949417,0.1842068,33
2022-10-15 23:04:00,0.1552594999999999,6.893499,238.6149,9.713232,13.13293,11.60254,0.0006666667,0.5999999999999999,0.0004,9.708333,10.375,10.48333,9.775,-0.5565583,0.1847131999999999,33
2022-10-15 23:05:00,0.1552586,6.892039,238.5992,9.700005,13.13293,11.59501,0.0006666667,0.5583333,0.0004,9.65,10.4,10.48333,9.775,-0.5373666,0.1852954,33
2022-10-15 23:06:00,0.1552973,6.907202,238.665,9.704021,13.13293,11.59124,0.0006666667,0.5,0.0003333333999999,9.616667,10.38333,10.5,9.791667,-0.5181748999999999,0.1846723999999999,33
2022-10-15 23:07:00,0.1554221,6.88918,238.6882,9.687486,13.13293,11.58747,0.002666667,0.5,0.0013333329999999,9.625,10.38333,10.48333,9.775,-0.5277707999999999,0.1847426,33
2022-10-15 23:08:00,0.1553383,6.898304,238.724,9.681816,13.13293,11.58747,0.0013333329999999,0.5,0.0006666667,9.583333,10.36667,10.5,9.791667,-0.5277707999999999,0.1854128999999999,33
2022-10-15 23:09:00,0.1553623,6.918771,238.7654,9.668351,13.13293,11.58747,0.002,0.5,0.0006666667,9.599999,10.38333,10.49167,9.775,-0.5181748999999999,0.184985,33
2022-10-15 23:10:00,0.1554565,6.909969,238.7179,9.655594,13.13293,11.58747,0.002,0.5,0.001,9.575,10.35833,10.49167,9.783334,-0.5181748999999999,0.1846492,33
2022-10-15 23:11:00,0.1554703,6.916205,238.7118,9.651341,13.13293,11.58747,0.0013333329999999,0.5,0.001,9.566667,10.375,10.46667,9.8,-0.4797915999999999,0.1844281,33
2022-10-15 23:12:00,0.1553153999999999,6.902771,238.6727,9.652051,13.13293,11.58747,0.0,0.5,0.0,9.583333,10.39167,10.5,9.791667,-0.5277707999999999,0.184888,33
2022-10-15 23:13:00,0.1553211999999999,6.917425,238.6776,9.650634,13.13293,11.58747,0.0,0.5,0.0,9.608334,10.38333,10.5,9.808333,-0.5085791,0.1859915,33
2022-10-15 23:14:00,0.1552933,6.908162,238.6664,9.647799,13.13339,11.58747,0.0013333329999999,0.5,0.0006666667,9.608334,10.39167,10.48333,9.816667,-0.4989833,0.1849977999999999,33
2022-10-15 23:15:00,0.1553207,6.883818,238.6747,9.634567,13.13293,11.58559,0.0006666667,0.5,0.0003333333999999,9.591666,10.38333,10.50833,9.8,-0.5181748999999999,0.1845621,33
2022-10-15 23:16:00,0.1553054,6.924757,238.6924,9.61732,13.13339,11.58183,0.0013333329999999,0.5,0.0006666667,9.566667,10.35,10.45833,9.783334,-0.5181748999999999,0.1857439999999999,33
2022-10-15 23:17:00,0.1553071,6.941305,238.7446,9.594401,13.13476,11.56676,0.0006666667,0.5,0.0003333333999999,9.558333,10.35,10.475,9.783334,-0.5469623999999998,0.1845783,33
2022-10-15 23:18:00,0.1553904999999999,6.915515,238.8048,9.57479,13.13476,11.56488,0.0,0.5,0.0,9.516666,10.34167,10.46667,9.8,-0.5373666,0.1853654999999999,33
2022-10-15 23:19:00,0.155499,6.916886,238.7868,9.568411,13.13385,11.56488,0.0,0.5,0.0,9.566667,10.35833,10.45833,9.783334,-0.5661540999999999,0.1850826999999999,33
2022-10-15 23:20:00,0.155511,6.890492,238.8191,9.572664,13.13659,11.56488,0.0006666667,0.5,0.0003333333999999,9.508333,10.34167,10.475,9.775,-0.5565583,0.1856262999999999,33
2022-10-15 23:21:00,0.1553318999999999,6.942788,238.7841,9.577626,13.1343,11.56488,0.002,0.5,0.001,9.55,10.35833,10.43333,9.791667,-0.5373666,0.1849117999999999,33
2022-10-15 23:22:00,0.1553171999999999,6.933265,238.8,9.572664,13.13613,11.56488,0.0,0.5,0.0,9.541667,10.35,10.44167,9.783334,-0.5469623999999998,0.1852138,33
2022-10-15 23:23:00,0.1552162,6.924443,238.7032,9.577626,13.13751,11.56488,0.0013333329999999,0.5,0.0006666667,9.525,10.31667,10.44167,9.758333,-0.5181748999999999,0.1854221,33
2022-10-15 23:24:00,0.1552308,6.923939,238.5759,9.605978,13.13751,11.56488,0.0013333329999999,0.5,0.0006666667,9.566667,10.30833,10.44167,9.783334,-0.5373666,0.184708,33
2022-10-15 23:25:00,0.1547989999999999,6.892382,238.0916,9.625115,13.13705,11.56488,0.0006666667,0.5,0.0,9.541667,10.325,10.44167,9.716666,-0.5373666,0.1854123,33
2022-10-15 23:26:00,0.1549426,6.890041,238.1944,9.648504,13.13796,11.56488,0.0013333329999999,0.5,0.0006666667,9.591666,10.325,10.45,9.775,-0.5469623999999998,0.1851287,33
2022-10-15 23:27:00,0.1549627,6.891059,238.2247,9.649923,13.13842,11.55923,0.0006666667,0.5,0.0006666667,9.616667,10.30833,10.425,9.758333,-0.5085791,0.1853856,33
2022-10-15 23:28:00,0.1549918999999999,6.908099,238.1701,9.648273,13.13796,11.54417,0.0,0.5,0.0,9.591666,10.31667,10.4,9.766666,-0.5181748999999999,0.1858007,33
2022-10-15 23:29:00,0.1550644999999999,6.891404,238.2485,9.656305,13.13842,11.54229,0.0006666667,0.5,0.0003333333999999,9.583333,10.30833,10.40833,9.733333,-0.5181748999999999,0.18514,33
2022-10-15 23:30:00,0.1550622,6.919178,238.3681,9.668354,13.13705,11.54229,0.002666667,0.5,0.001,9.566667,10.28333,10.40833,9.75,-0.5085791,0.1851289999999999,33
2022-10-15 23:31:00,0.1549416,6.891654,238.2453,9.679693,13.13705,11.54229,0.0,0.5,0.0003333333999999,9.608334,10.3,10.425,9.766666,-0.5277707999999999,0.1854484999999999,33
2022-10-15 23:32:00,0.1548538,6.891593,238.1557,9.689614,13.13842,11.54229,0.0013333329999999,0.5,0.0006666667,9.599999,10.31667,10.41667,9.724999,-0.4989833,0.1852376,33
2022-10-15 23:33:00,0.1547774,6.8786,238.0942,9.700953,13.13842,11.54229,0.0006666667,0.5,0.0003333333999999,9.6,10.31667,10.45833,9.758333,-0.4797915999999999,0.1852990999999999,33
2022-10-15 23:34:00,0.1547148999999999,6.886656,238.0992,9.706622,13.13796,11.54229,0.0006666667,0.5,0.0003333333999999,9.541667,10.325,10.44167,9.766666,-0.5181748999999999,0.1861622,33
2022-10-15 23:35:00,0.1548013,6.905312,238.1671,9.709456,13.13842,11.54229,0.0,0.5,0.0,9.575,10.31667,10.45,9.766666,-0.5181748999999999,0.1862483,33
2022-10-15 23:36:00,0.1549551999999999,6.914931,238.1365,9.705962,13.13842,11.54021,0.0006666667,0.5,0.0003333333999999,9.583333,10.30833,10.44167,9.75,-0.5853458,0.1856727,33
2022-10-15 23:37:00,0.1549870999999999,6.890337,238.1781,9.690372,13.13842,11.54021,0.0,0.5,0.0,9.566667,10.33333,10.43333,9.733333,-0.5565583,0.1856443,33
2022-10-15 23:38:00,0.1551117999999999,6.921912,238.348,9.682011,13.13842,11.534,0.0013333329999999,0.5,0.0006666667,9.591666,10.30833,10.41667,9.724999,-0.4893874999999999,0.1857793,33
2022-10-15 23:39:00,0.1555262,6.940668,238.8589,9.689854,13.13842,11.53193,0.0,0.5,0.0,9.616667,10.31667,10.40833,9.708333,-0.5181748999999999,0.1857959,33
2022-10-15 23:40:00,0.1553959,6.930719,238.7863,9.680124,13.13842,11.52365,0.0,0.5,0.0,9.583333,10.30833,10.41667,9.7,-0.4797915999999999,0.1865068,33
2022-10-15 23:41:00,0.1550599,6.928694,238.3813,9.666095,13.13842,11.51744,0.002,0.5,0.001,9.583333,10.30833,10.41667,9.708333,-0.5181748999999999,0.1854817,33
2022-10-15 23:42:00,0.1550229999999999,6.91187,238.3809,9.654755,13.13842,11.51744,0.0,0.4916666,0.0,9.541667,10.3,10.38333,9.7,-0.5565583,0.185721,33
2022-10-15 23:43:00,0.1550792,6.896561,238.4141,9.646958,13.13842,11.51744,0.0006666667,0.5,0.0003333333999999,9.516666,10.275,10.39167,9.691667,-0.5469623999999998,0.1852569,33
2022-10-15 23:44:00,0.1551198,6.91111,238.4579,9.625695,13.13796,11.51744,0.0,0.5,0.0,9.5,10.3,10.36667,9.716666,-0.5565583,0.1854953,33
2022-10-15 23:45:00,0.1550916,6.925669,238.4122,9.619317,13.13796,11.51744,0.0013333329999999,0.5,0.0006666667,9.483333,10.26667,10.38333,9.716666,-0.5661540999999999,0.1860893999999999,33
2022-10-15 23:46:00,0.1551482999999999,6.916144,238.3811,9.624987,13.13842,11.51744,0.0013333329999999,0.5,0.0006666667,9.425,10.26667,10.375,9.7,-0.5661540999999999,0.1857109,33
2022-10-15 23:47:00,0.1551078999999999,6.92647,238.4043,9.639162,13.13842,11.51744,0.0013333329999999,0.5,0.0006666667,9.508333,10.29167,10.39167,9.7,-0.5469623999999998,0.1858982999999999,33
2022-10-15 23:48:00,0.1551006,6.928575,238.4304,9.646958,13.13842,11.51744,0.002,0.5,0.001,9.491666,10.30833,10.375,9.7,-0.5277707999999999,0.1861800999999999,33
2022-10-15 23:49:00,0.1550487999999999,6.904142,238.4563,9.65759,13.13842,11.51744,0.0006666667,0.5,0.0003333333999999,9.45,10.3,10.41667,9.7,-0.4989833,0.1855379,33
2022-10-15 23:50:00,0.1549932,6.927744,238.3964,9.667512,13.13842,11.51744,0.0013333329999999,0.5,0.0006666667,9.508333,10.275,10.40833,9.7,-0.5373666,0.1861415999999999,33
2022-10-15 23:51:00,0.1549603,6.911162,238.4012,9.663972,13.13751,11.50614,0.0006666667,0.5,0.0,9.533334,10.28333,10.39167,9.724999,-0.5277707999999999,0.1860309,33
2022-10-15 23:52:00,0.1549399999999999,6.916842,238.3522,9.651927,13.13842,11.49485,0.0006666667,0.5,0.0006666667,9.533334,10.28333,10.4,9.691667,-0.5085791,0.1858182999999999,33
2022-10-15 23:53:00,0.1549532,6.94476,238.3478,9.65051,13.13842,11.49485,0.0013333329999999,0.5,0.0006666667,9.508333,10.275,10.35,9.7,-0.5277707999999999,0.1870730999999999,33
2022-10-15 23:54:00,0.1549771,6.92896,238.3627,9.647676,13.13842,11.49485,0.0013333329999999,0.5,0.0006666667,9.525,10.29167,10.35833,9.683333,-0.5469623999999998,0.1860935,33
2022-10-15 23:55:00,0.1550582,6.921572,238.35,9.661849,13.13842,11.49485,0.0006666667,0.5,0.0,9.575,10.28333,10.39167,9.7,-0.5181748999999999,0.1861114,33
2022-10-15 23:56:00,0.1550661,6.935699,238.3524,9.668227000000002,13.13842,11.49485,0.0013333329999999,0.5,0.001,9.599999,10.3,10.33333,9.7,-0.5565583,0.1863578999999999,33
2022-10-15 23:57:00,0.1549239,6.912985,238.2568,9.671771,13.13842,11.49485,0.0006666667,0.5,0.0003333333999999,9.583333,10.275,10.34167,9.691667,-0.5565583,0.1858500999999999,33
2022-10-15 23:58:00,0.1548982,6.929411,238.1987,9.666810000000002,13.13842,11.49485,0.002,0.5,0.001,9.533334,10.23333,10.33333,9.658333,-0.5565583,0.1864249,33
2022-10-15 23:59:00,0.1548065,6.919166,238.1633,9.66752,13.13842,11.49485,0.0006666667,0.5,0.0003333333999999,9.591666,10.275,10.35,9.666667,-0.5661540999999999,0.1859252999999999,33
