utc_measured_on,dc_voltage_inv_28676,dc_power_inv_28676,temperature_inverter_inv_28676,ac_power_inv_28676,ac_energy_inv_28676,dc_voltage_inv_28677,dc_power_inv_28677,temperature_inverter_inv_28677,ac_power_inv_28677,ac_energy_inv_28677,temperature_ambient_o_5199,irradiance_ghi_o_5199,irradiance_poa_o_5199,temperature_module_o_5199,temperature_module_o_5199_2,wind_speed_o_5199,dc_current_meter_3105,ac_energy_other_meter_3105,ac_energy_other_meter_3105_2,ac_power_meter_3105,system_id
2022-01-15 00:00:00,19.14,0.0,23.947000000000003,-0.4,654.0,17.0,0.0,27.0,-0.3639999999999999,216.0,5.304,18.531,20.893,,-1.2459999999999996,0.4839999999999999,4.682,655791.0,101770.711,-3.1,14200
2022-01-15 00:05:00,20.0,0.0,23.287000000000003,-0.404,654.0,17.243,0.0,27.0,-0.3659999999999999,216.0,4.903000000000001,18.531,20.893,,-1.3820000000000003,0.198,4.665,655791.0,101771.0,-3.1,14200
2022-01-15 00:10:00,20.0,0.0,23.027,-0.401,654.0,18.0,0.0,27.0,-0.3629999999999999,216.0,4.761,18.531,20.893,,-1.4719999999999998,0.13,4.665,655791.0,101771.0,-3.1,14200
2022-01-15 00:15:00,20.0,0.0,23.000000000000004,-0.4,654.0,18.013,0.0,26.297,-0.375,216.0,4.605,18.531,20.893,,-1.4999999999999996,0.432,4.68,655791.0,101771.0,-3.1,14200
2022-01-15 00:20:00,20.638,0.0,23.000000000000004,-0.4079999999999999,654.0,18.894,0.0,26.0,-0.3639999999999999,216.0,4.109,18.531,20.893,,-1.515,0.3059999999999999,4.665,655791.0,101771.811,-3.1,14200
2022-01-15 00:25:00,21.0,0.0,23.000000000000004,-0.405,654.0,19.0,0.0,26.0,-0.3639999999999999,216.0,4.113,18.531,20.893,,-1.6070000000000009,0.139,4.667,655791.0,101772.0,-3.1,14200
2022-01-15 00:30:00,21.0,0.0,22.753,-0.406,654.0,19.0,0.0,26.0,-0.3659999999999999,216.0,4.359000000000002,18.531,20.893,,-1.6949999999999992,0.444,4.691,655791.0,101772.0,-3.1,14200
2022-01-15 00:35:00,21.0,0.0,22.160000000000004,-0.404,654.0,19.293,0.0,26.0,-0.3679999999999999,216.0,4.205000000000002,18.531,20.893,,-1.6680000000000008,0.4809999999999999,4.655,655791.0,101772.0,-3.1,14200
2022-01-15 00:40:00,21.0,0.0,22.0,-0.393,654.0,20.0,0.0,26.0,-0.3669999999999999,216.0,3.5859999999999994,18.531,20.893,,-1.515,0.371,4.643,655791.0,101772.92,-3.1,14200
2022-01-15 00:45:00,21.691,0.0,22.0,-0.401,654.0,20.0,0.0,25.03,-0.37,216.0,4.344000000000001,18.531,20.893,,-1.5549999999999995,0.4199999999999999,4.654,655791.0,101773.0,-3.1,14200
2022-01-15 00:50:00,22.0,0.0,22.0,-0.394,654.0,20.0,0.0,25.0,-0.3689999999999999,216.0,4.510000000000002,18.531,20.893,,-1.743999999999999,0.44,4.644,655791.0,101773.0,-3.1,14200
2022-01-15 00:55:00,22.0,0.0,22.0,-0.399,654.0,20.0,0.0,25.0,-0.3669999999999999,216.0,3.919999999999999,18.531,20.893,,-1.826,0.45,4.677,655791.0,101773.02,-3.1,14200
2022-01-15 01:00:00,22.0,0.0,21.887000000000004,-0.397,654.0,20.0,0.0,25.0,-0.3649999999999999,216.0,3.680999999999999,18.531,20.893,,-1.981,0.6089999999999999,4.701,655791.0,101774.0,-3.1,14200
2022-01-15 01:05:00,22.257,0.0,21.613000000000003,-0.404,654.0,20.59,0.0,25.0,-0.3599999999999999,216.0,4.294,18.531,20.893,,-2.119999999999999,0.38,4.731,655791.0,101774.0,-3.1,14200
2022-01-15 01:10:00,23.0,0.0,21.027,-0.404,654.0,21.0,0.0,24.977,-0.3689999999999999,216.0,4.615000000000001,18.531,20.893,,-2.176,0.526,4.684,655791.0,101774.0,-3.1,14200
2022-01-15 01:15:00,23.0,0.0,21.0,-0.392,654.0,21.0,0.0,24.0,-0.3679999999999999,216.0,4.668,18.531,20.893,,-2.1720000000000006,0.4859999999999999,4.708,655791.0,101774.127,-3.1,14200
2022-01-15 01:20:00,23.0,0.0,21.0,-0.393,654.0,21.0,0.0,24.0,-0.371,216.0,4.009,18.531,20.893,,-2.261000000000001,0.246,4.686,655791.0,101775.0,-3.1,14200
2022-01-15 01:25:00,23.0,0.0,21.0,-0.4,654.0,21.0,0.0,24.0,-0.3669999999999999,216.0,3.9979999999999984,18.531,20.893,,-2.299000000000001,0.3679999999999999,4.669,655791.0,101775.0,-3.1,14200
2022-01-15 01:30:00,23.0,0.0,20.947,-0.392,654.0,21.0,0.0,24.0,-0.375,216.0,4.217999999999999,18.531,20.893,,-2.301,0.6149999999999999,4.673,655791.0,101775.0,-3.1,14200
2022-01-15 01:35:00,23.0,0.0,20.573000000000004,-0.395,654.0,21.0,0.0,24.0,-0.3689999999999999,216.0,4.459000000000001,18.531,20.893,,-2.2110000000000003,0.921,4.663,655791.0,101775.24,-3.1,14200
2022-01-15 01:40:00,23.0,0.0,20.0,-0.397,654.0,21.0,0.0,24.0,-0.375,216.0,3.895999999999999,18.531,20.893,,-2.248,0.653,4.657,655791.0,101776.0,-3.1,14200
2022-01-15 01:45:00,23.81,0.0,20.0,-0.393,654.0,21.18,0.0,23.059999999999995,-0.374,216.0,3.1820000000000013,18.531,20.893,,-2.4650000000000007,0.23,4.628,655791.0,101776.0,-3.1,14200
2022-01-15 01:50:00,24.0,0.0,20.0,-0.4079999999999999,654.0,22.0,0.0,23.000000000000004,-0.372,216.0,3.5890000000000004,18.531,20.893,,-2.462,0.658,4.692,655791.0,101776.0,-3.1,14200
2022-01-15 01:55:00,24.0,0.0,20.0,-0.393,654.0,22.0,0.0,23.000000000000004,-0.381,216.0,3.7609999999999975,18.531,20.893,,-2.1419999999999995,0.8369999999999999,4.668,655791.0,101776.353,-3.1,14200
2022-01-15 02:00:00,23.757,0.0,19.813,-0.405,654.0,21.57,0.0,23.000000000000004,-0.3689999999999999,216.0,4.510999999999999,18.531,20.893,,-1.6779999999999993,1.415,4.668,655791.0,101777.0,-3.1,14200
2022-01-15 02:05:00,23.0,0.0,19.333,-0.396,654.0,21.0,0.0,23.000000000000004,-0.377,216.0,5.015000000000001,18.531,20.893,,-1.1440000000000003,1.336,4.708,655791.0,101777.0,-3.1,14200
2022-01-15 02:10:00,23.0,0.0,19.0,-0.398,654.0,21.0,0.0,22.658,-0.38,216.0,5.32,18.531,20.893,,-0.9000000000000005,1.429,4.693,655791.0,101777.0,-3.1,14200
2022-01-15 02:15:00,23.0,0.0,19.0,-0.403,654.0,21.0,0.0,22.0,-0.3689999999999999,216.0,5.440999999999999,18.531,20.893,,-0.6439999999999991,1.472,4.702,655791.0,101777.477,-3.1,14200
2022-01-15 02:20:00,23.0,0.0,19.0,-0.402,654.0,21.0,0.0,22.0,-0.374,216.0,5.437,18.531,20.893,,-0.7060000000000007,1.214,4.699,655791.0,101778.0,-3.1,14200
2022-01-15 02:25:00,23.0,0.0,19.0,-0.402,654.0,21.0,0.0,22.0,-0.372,216.0,5.579999999999998,18.531,20.893,,-0.5159999999999993,1.631,4.719,655791.0,101778.0,-3.1,14200
2022-01-15 02:30:00,23.0,0.0,18.837,-0.397,654.0,21.0,0.0,22.0,-0.376,216.0,5.601000000000001,18.531,20.893,,-0.4329999999999993,1.347,4.753,655791.0,101778.0,-3.1,14200
2022-01-15 02:35:00,23.0,0.0,18.067,-0.4,654.0,21.0,0.0,22.0,-0.373,216.0,5.404000000000002,18.531,20.893,,-0.7790000000000002,0.8389999999999999,4.714,655791.0,101778.6,-3.1,14200
2022-01-15 02:40:00,23.0,0.0,18.000000000000004,-0.393,654.0,21.0,0.0,21.844,-0.374,216.0,5.177000000000001,18.531,20.893,,-1.0199999999999991,1.203,4.74,655791.0,101779.0,-3.1,14200
2022-01-15 02:45:00,23.0,0.0,18.000000000000004,-0.406,654.0,21.0,0.0,21.0,-0.37,216.0,5.437,18.531,20.893,,-0.8840000000000003,1.491,4.677,655791.0,101779.0,-3.1,14200
2022-01-15 02:50:00,23.0,0.0,18.000000000000004,-0.393,654.0,21.0,0.0,21.0,-0.379,216.0,5.679999999999998,18.531,20.893,,-0.5230000000000009,1.161,4.703,655791.0,101779.0,-3.1,14200
2022-01-15 02:55:00,23.0,0.0,18.000000000000004,-0.395,654.0,21.0,0.0,21.0,-0.38,216.0,5.481,18.531,20.893,,-0.7089999999999996,0.888,4.705,655791.0,101779.724,-3.1,14200
2022-01-15 03:00:00,23.0,0.0,17.826999999999998,-0.401,654.0,21.0,0.0,21.0,-0.371,216.0,5.460000000000002,18.531,20.893,,-0.6219999999999991,1.554,4.731,655791.0,101780.0,-3.1,14200
2022-01-15 03:05:00,23.0,0.0,17.08,-0.391,654.0,21.0,0.0,21.0,-0.376,216.0,5.461,18.531,20.893,,-0.5429999999999997,1.003,4.698,655791.0,101780.0,-3.1,14200
2022-01-15 03:10:00,23.0,0.0,17.0,-0.397,654.0,21.0,0.0,21.0,-0.375,216.0,5.360000000000001,18.531,20.893,,-0.6740000000000002,1.142,4.721,655791.0,101780.0,-3.1,14200
2022-01-15 03:15:00,23.0,0.0,17.0,-0.388,654.0,21.0,0.0,20.635,-0.3689999999999999,216.0,5.477999999999999,18.531,20.893,,-0.4499999999999992,1.123,4.703,655791.0,101780.834,-3.1,14200
2022-01-15 03:20:00,23.0,0.0,17.0,-0.392,654.0,21.0,0.0,20.0,-0.372,216.0,5.361,18.531,20.893,,-0.6369999999999996,0.671,4.701,655791.0,101781.0,-3.1,14200
2022-01-15 03:25:00,23.82,0.0,17.0,-0.393,654.0,21.093,0.0,20.0,-0.3649999999999999,216.0,5.260999999999999,18.531,20.893,,-1.0189999999999997,0.658,4.735,655791.0,101781.0,-3.1,14200
2022-01-15 03:30:00,24.0,0.0,17.0,-0.393,654.0,22.0,0.0,20.0,-0.38,216.0,4.925000000000001,18.531,20.893,,-1.4669999999999996,0.789,4.682,655791.0,101781.0,-3.1,14200
2022-01-15 03:35:00,24.0,0.0,17.0,-0.393,654.0,21.547,0.0,20.0,-0.373,216.0,4.7810000000000015,18.531,20.893,,-1.7950000000000008,0.64,4.762,655791.0,101781.973,-3.1,14200
2022-01-15 03:40:00,23.43,0.0,16.400000000000002,-0.395,654.0,21.0,0.0,20.0,-0.374,216.0,4.425999999999999,18.531,20.893,,-2.069,0.4239999999999999,4.71,655791.0,101782.0,-3.1,14200
2022-01-15 03:45:00,23.0,0.0,16.0,-0.392,654.0,21.0,0.0,20.0,-0.374,216.0,4.400000000000001,18.531,20.893,,-2.048,0.6009999999999999,4.674,655791.0,101782.0,-3.1,14200
2022-01-15 03:50:00,23.0,0.0,16.0,-0.4,654.0,21.0,0.0,20.0,-0.381,216.0,4.320000000000001,18.531,20.893,,-2.035,1.024,4.656,655791.0,101782.097,-3.1,14200
2022-01-15 03:55:00,23.0,0.0,16.0,-0.389,654.0,21.0,0.0,20.0,-0.38,216.0,4.538,18.531,20.893,,-1.7049999999999994,1.136,4.736,655791.0,101783.0,-3.1,14200
2022-01-15 04:00:00,23.0,0.0,16.0,-0.388,654.0,21.0,0.0,19.200000000000003,-0.379,216.0,4.443,18.531,20.893,,-1.5800000000000007,0.8329999999999999,4.722,655791.0,101783.0,-3.1,14200
2022-01-15 04:05:00,23.0,0.0,16.0,-0.392,654.0,21.0,0.0,19.0,-0.377,216.0,4.221,18.531,20.893,,-1.81,1.09,4.682,655791.0,101783.0,-3.1,14200
2022-01-15 04:10:00,23.0,0.0,16.0,-0.395,654.0,21.0,0.0,19.0,-0.381,216.0,4.3980000000000015,18.531,20.893,,-1.7219999999999993,1.501,4.713,655791.0,101783.236,-3.1,14200
2022-01-15 04:15:00,23.0,0.0,16.0,-0.39,654.0,21.0,0.0,19.0,-0.389,216.0,4.4190000000000005,18.531,20.893,,-1.3100000000000005,1.342,4.718,655791.0,101784.0,-3.1,14200
2022-01-15 04:20:00,22.1,0.0,16.0,-0.39,654.0,21.0,0.0,19.0,-0.376,216.0,4.382,18.531,20.893,,-1.3980000000000006,0.998,5.015,655791.0,101784.0,-3.1,14200
2022-01-15 04:25:00,22.0,0.0,15.357000000000005,-0.391,654.0,21.0,0.0,19.0,-0.376,216.0,3.9419999999999984,18.531,20.893,,-1.709,1.152,4.812,655791.0,101784.0,-3.1,14200
2022-01-15 04:30:00,22.0,0.0,15.0,-0.395,654.0,21.0,0.0,19.0,-0.387,216.0,4.039999999999999,18.531,20.893,,-1.701000000000001,1.234,4.675,655791.0,101784.373,-3.1,14200
2022-01-15 04:35:00,22.0,0.0,15.0,-0.395,654.0,21.0,0.0,19.0,-0.387,216.0,4.002000000000001,18.531,20.893,,-1.775,1.028,4.648,655791.0,101785.0,-3.1,14200
2022-01-15 04:40:00,22.0,0.0,15.0,-0.388,654.0,21.0,0.0,18.540000000000003,-0.374,216.0,3.901,18.531,20.893,,-1.7470000000000003,1.092,4.683,655791.0,101785.0,-3.1,14200
2022-01-15 04:45:00,22.0,0.0,15.0,-0.393,654.0,20.42,0.0,18.000000000000004,-0.378,216.0,3.980000000000001,18.531,20.893,,-1.7559999999999991,1.258,4.679,655791.0,101785.0,-3.1,14200
2022-01-15 04:50:00,22.0,0.0,15.0,-0.385,654.0,20.0,0.0,18.000000000000004,-0.375,216.0,3.82,18.531,20.893,,-1.5810000000000004,0.963,4.648,655791.0,101785.497,-3.1,14200
2022-01-15 04:55:00,22.0,0.0,15.0,-0.387,654.0,20.0,0.0,18.000000000000004,-0.385,216.0,3.721999999999998,18.531,20.893,,-1.7429999999999997,1.03,4.653,655791.0,101786.0,-3.1,14200
2022-01-15 05:00:00,22.0,0.0,15.0,-0.389,654.0,20.0,0.0,18.000000000000004,-0.38,216.0,3.580999999999999,18.531,20.893,,-2.035,0.53,4.771,655791.0,101786.0,-3.1,14200
2022-01-15 05:05:00,21.92,0.0,14.973,-0.403,654.0,20.0,0.0,18.000000000000004,-0.381,216.0,3.5029999999999992,18.531,20.893,,-2.4079999999999995,0.184,4.814,655791.0,101786.0,-3.1,14200
2022-01-15 05:10:00,21.537,0.0,14.19,-0.392,654.0,20.0,0.0,18.000000000000004,-0.38,216.0,3.3400000000000003,18.531,20.893,,-2.6590000000000007,0.264,4.827,655791.0,101786.65,-3.1,14200
2022-01-15 05:15:00,21.03,0.0,14.027000000000005,-0.401,654.0,20.0,0.0,18.000000000000004,-0.381,216.0,3.519000000000001,18.531,20.893,,-2.7999999999999994,0.131,4.842,655791.0,101787.0,-3.1,14200
2022-01-15 05:20:00,21.0,0.0,14.28,-0.389,654.0,20.0,0.0,18.000000000000004,-0.38,216.0,3.499000000000001,18.531,20.893,,-2.789999999999999,0.694,4.873,655791.0,101787.0,-3.1,14200
2022-01-15 05:25:00,21.0,0.0,14.000000000000002,-0.392,654.0,20.0,0.0,18.000000000000004,-0.38,216.0,3.580999999999999,18.531,20.893,,-2.7059999999999995,0.8319999999999999,4.784,655791.0,101787.0,-3.1,14200
2022-01-15 05:30:00,21.0,0.0,14.000000000000002,-0.394,654.0,19.387,0.0,17.36,-0.383,216.0,3.245000000000001,18.531,20.893,,-2.7949999999999995,0.772,4.809,655791.0,101787.787,-3.1,14200
2022-01-15 05:35:00,20.923,0.0,14.000000000000002,-0.392,654.0,19.0,0.0,17.0,-0.388,216.0,3.099999999999999,18.531,20.893,,-2.905,0.6109999999999999,4.75,655791.0,101788.0,-3.1,14200
2022-01-15 05:40:00,20.0,0.0,14.000000000000002,-0.385,654.0,19.0,0.0,17.0,-0.379,216.0,2.8230000000000013,18.531,20.893,,-3.1869999999999994,0.463,4.913,655791.0,101788.0,-3.1,14200
2022-01-15 05:45:00,20.0,0.0,14.000000000000002,-0.388,654.0,19.0,0.0,17.0,-0.373,216.0,2.263,18.531,20.893,,-3.529,0.5759999999999998,4.995,655791.0,101788.0,-3.1,14200
2022-01-15 05:50:00,20.0,0.0,14.000000000000002,-0.388,654.0,19.0,0.0,17.0,-0.388,216.0,2.202,18.531,20.893,,-3.684,0.3479999999999999,4.715,655791.0,101788.92,-3.1,14200
2022-01-15 05:55:00,20.0,0.0,13.84,-0.394,654.0,19.0,0.0,17.0,-0.389,216.0,1.9590000000000016,18.531,20.893,,-3.858000000000001,0.0,4.766,655791.0,101789.0,-3.1,14200
2022-01-15 06:00:00,20.0,0.0,13.24,-0.385,654.0,18.67,0.0,17.0,-0.37,216.0,2.3359999999999994,18.531,20.893,,-3.951,0.121,4.708,655791.0,101789.0,-3.1,14200
2022-01-15 06:05:00,20.0,0.0,13.0,-0.38,654.0,18.0,0.0,17.0,-0.382,216.0,2.539,18.531,20.893,,-4.0,0.082,4.791,655791.0,101789.06,-3.1,14200
2022-01-15 06:10:00,20.0,0.0,13.0,-0.386,654.0,18.0,0.0,17.0,-0.384,216.0,1.8839999999999988,18.531,20.893,,-4.0920000000000005,0.1749999999999999,4.767,655791.0,101790.0,-3.1,14200
2022-01-15 06:15:00,19.327,0.0,13.107,-0.395,654.0,17.543,0.0,17.0,-0.385,216.0,1.4820000000000002,18.531,20.893,,-4.025000000000001,0.556,4.71,655791.0,101790.0,-3.1,14200
2022-01-15 06:20:00,19.0,0.0,13.0,-0.389,654.0,17.0,0.0,16.439999999999998,-0.383,216.0,2.1699999999999995,18.531,20.893,,-3.7760000000000007,0.824,4.781,655791.0,101790.0,-3.1,14200
2022-01-15 06:25:00,19.0,0.0,13.0,-0.392,654.0,17.0,0.0,16.0,-0.385,216.0,1.9880000000000009,18.531,20.893,,-3.886000000000001,0.194,4.745,655791.0,101790.213,-3.1,14200
2022-01-15 06:30:00,19.0,0.0,13.0,-0.387,654.0,17.0,0.0,16.0,-0.391,216.0,1.3040000000000005,18.531,20.893,,-4.265,0.171,5.03,655791.0,101791.0,-3.1,14200
2022-01-15 06:35:00,19.0,0.0,13.0,-0.387,654.0,16.967,0.0,16.0,-0.381,216.0,1.2190000000000012,18.531,20.893,,-4.484000000000001,0.0089999999999999,4.836,655791.0,101791.0,-3.1,14200
2022-01-15 06:40:00,18.18,0.0,13.0,-0.391,654.0,16.0,0.0,16.0,-0.379,216.0,1.399,18.531,20.893,,-4.577000000000002,0.437,4.745,655791.0,101791.0,-3.1,14200
2022-01-15 06:45:00,18.0,0.0,13.0,-0.398,654.0,16.0,0.0,16.0,-0.378,216.0,1.502000000000001,18.531,20.893,,-4.655000000000001,0.56,4.786,655791.0,101791.346,-3.1,14200
2022-01-15 06:50:00,17.663,0.0,13.0,-0.392,654.0,16.0,0.0,16.0,-0.376,216.0,0.9670000000000004,18.531,20.893,,-4.763,0.507,4.74,655791.0,101792.0,-3.1,14200
2022-01-15 06:55:00,17.0,0.0,13.0,-0.383,654.0,15.857,0.0,16.0,-0.384,216.0,0.5210000000000015,18.531,20.893,,-4.788,0.698,4.748,655791.0,101792.0,-3.1,14200
2022-01-15 07:00:00,17.0,0.0,12.943000000000003,-0.393,654.0,15.0,0.0,16.0,-0.392,216.0,0.6790000000000004,18.531,20.893,,-4.529,0.8639999999999999,4.794,655791.0,101792.0,-3.1,14200
2022-01-15 07:05:00,17.0,0.0,12.395,-0.387,654.0,14.272,0.0,16.0,-0.374,216.0,0.6419999999999999,18.531,20.893,,-4.477,0.4,4.707,655791.0,101792.502,-3.1,14200
2022-01-15 07:10:00,16.193,0.0,12.38,-0.382,654.0,14.0,0.0,16.0,-0.38,216.0,0.3609999999999994,18.531,20.893,,-4.517,0.438,4.653,655791.0,101793.0,-3.1,14200
2022-01-15 07:15:00,16.0,0.0,12.303,-0.395,654.0,14.0,0.0,16.0,-0.393,216.0,0.2999999999999994,18.531,20.893,,-4.638000000000001,0.4069999999999999,4.669,655791.0,101793.0,-3.1,14200
2022-01-15 07:20:00,16.0,0.0,12.0,-0.389,654.0,14.0,0.0,15.523,-0.387,216.0,0.3770000000000016,18.531,20.893,,-4.855,0.307,4.662,655791.0,101793.0,-3.1,14200
2022-01-15 07:25:00,15.734,0.0,12.0,-0.398,654.0,13.322,0.0,15.0,-0.387,216.0,0.6579999999999981,18.531,20.893,,-4.961,0.452,4.671,655791.0,101793.635,-3.1,14200
2022-01-15 07:30:00,15.013,0.0,12.0,-0.38,654.0,13.0,0.0,15.0,-0.379,216.0,0.9600000000000009,18.531,20.893,,-4.772000000000001,0.749,4.704,655791.0,101794.0,-3.1,14200
2022-01-15 07:35:00,14.57,0.0,12.0,-0.379,654.0,12.64,0.0,15.0,-0.377,216.0,1.04,18.531,20.893,,-4.595000000000001,0.4819999999999999,4.664,655791.0,101794.0,-3.1,14200
2022-01-15 07:40:00,14.22,0.0,12.0,-0.393,654.0,12.8,0.0,15.0,-0.388,216.0,0.9600000000000009,18.531,20.893,,-4.818,0.216,4.65,655791.0,101794.0,-3.1,14200
2022-01-15 07:45:00,14.0,0.0,12.0,-0.398,654.0,12.0,0.0,15.0,-0.384,216.0,0.5489999999999994,18.531,20.893,,-5.086000000000001,0.529,4.673,655791.0,101794.774,-3.1,14200
2022-01-15 07:50:00,12.607,0.0,12.0,-0.388,654.0,10.68,0.0,15.0,-0.381,216.0,0.1609999999999997,18.531,20.893,,-5.332,0.549,4.639,655791.0,101795.0,-3.1,14200
2022-01-15 07:55:00,11.927,0.0,12.0,-0.389,654.0,10.077,0.0,15.0,-0.381,216.0,0.0019999999999991,18.531,20.893,,-5.38,0.517,5.1,655791.0,101795.0,-3.1,14200
2022-01-15 08:00:00,12.32,0.0,11.943,-0.393,654.0,9.853,0.0,15.0,-0.379,216.0,0.0,18.531,20.893,,-5.21,0.2069999999999999,4.768,655791.0,101795.0,-3.1,14200
2022-01-15 08:05:00,11.253,0.0,11.636999999999995,-0.377,654.0,9.163,0.0,15.0,-0.386,216.0,-0.0409999999999991,18.531,20.893,,-5.187000000000001,0.261,4.672,655791.0,101795.927,-3.1,14200
2022-01-15 08:10:00,9.279000000000002,0.0,11.548,-0.383,654.0,7.907,0.0,15.0,-0.385,216.0,-0.3190000000000006,18.531,20.893,,-5.186000000000001,0.133,4.692,655791.0,101796.0,-3.1,14200
2022-01-15 08:15:00,9.937,0.0,10.999999999999998,-0.385,654.0,8.282999999999998,0.0,15.0,-0.385,216.0,-0.1210000000000002,18.531,20.893,,-5.089,0.458,4.689,655791.0,101796.0,-3.1,14200
2022-01-15 08:20:00,12.26,0.0,10.999999999999998,-0.376,654.0,10.387,0.0,14.067,-0.389,216.0,-0.0009999999999995,18.531,20.893,,-5.001999999999999,0.4759999999999999,4.678,655791.0,101796.08,-3.104,14200
2022-01-15 08:25:00,12.123,0.0,10.999999999999998,-0.391,654.0,10.03,0.0,14.000000000000002,-0.387,216.0,-0.2389999999999994,18.531,20.893,,-5.0,0.401,4.666,655791.0,101797.0,-3.1,14200
2022-01-15 08:30:00,10.633,0.0,10.999999999999998,-0.385,654.0,8.79,0.0,14.000000000000002,-0.383,216.0,-0.5379999999999994,18.531,20.893,,-5.077,0.1779999999999999,4.622,655791.0,101797.0,-3.1,14200
2022-01-15 08:35:00,11.196,0.0,10.999999999999998,-0.382,654.0,9.369,0.0,14.000000000000002,-0.384,216.0,-0.6610000000000009,18.531,20.893,,-5.103000000000001,0.109,4.663,655791.0,101797.0,-3.1,14200
2022-01-15 08:40:00,9.283,0.0,10.999999999999998,-0.39,654.0,7.423,0.0,14.000000000000002,-0.381,216.0,-0.5209999999999995,18.531,20.893,,-5.1930000000000005,0.0,4.655,655791.0,101797.23,-3.1,14200
2022-01-15 08:45:00,8.689999999999998,0.0,10.999999999999998,-0.383,654.0,6.493,0.0,14.000000000000002,-0.387,216.0,-0.1849999999999991,18.531,20.893,,-5.1370000000000005,0.1789999999999999,4.76,655791.0,101798.0,-3.1,14200
2022-01-15 08:50:00,8.547,0.0,10.999999999999998,-0.38,654.0,6.443,0.0,14.000000000000002,-0.384,216.0,-0.0999999999999997,18.531,20.893,,-4.928000000000001,0.5859999999999999,5.07,655791.0,101798.0,-3.1,14200
2022-01-15 08:55:00,7.723,0.0,10.999999999999998,-0.384,654.0,5.433,0.0,14.000000000000002,-0.372,216.0,-0.1399999999999992,18.531,20.893,,-4.742,0.497,4.684,655791.0,101798.0,-3.1,14200
2022-01-15 09:00:00,8.099999999999998,0.0,10.999999999999998,-0.387,654.0,5.767,0.0,14.000000000000002,-0.385,216.0,0.076999999999998,18.531,20.893,,-4.687,0.688,4.651,655791.0,101798.377,-3.1,14200
2022-01-15 09:05:00,7.261999999999999,0.0,10.999999999999998,-0.385,654.0,5.169,0.0,14.000000000000002,-0.383,216.0,-0.0360000000000008,18.531,20.893,,-4.757999999999999,0.2869999999999999,4.637,655791.0,101799.0,-3.1,14200
2022-01-15 09:10:00,7.107,0.0,10.999999999999998,-0.375,654.0,5.0,0.0,14.000000000000002,-0.379,216.0,-0.3590000000000002,18.531,20.893,,-4.954000000000001,0.255,4.621,655791.0,101799.0,-3.1,14200
2022-01-15 09:15:00,6.0,0.0,10.84,-0.378,654.0,4.507,0.0,14.000000000000002,-0.389,216.0,-0.6960000000000002,18.531,20.893,,-5.153000000000001,0.39,4.622,655791.0,101799.0,-3.1,14200
2022-01-15 09:20:00,5.8,0.0,10.162999999999998,-0.377,654.0,3.507,0.0,14.000000000000002,-0.389,216.0,-0.7599999999999992,18.531,20.893,,-5.294999999999999,0.134,4.647,655791.0,101799.503,-3.1,14200
2022-01-15 09:25:00,5.297,0.0,10.0,-0.378,654.0,3.273,0.0,13.877,-0.38,216.0,-0.6010000000000006,18.531,20.893,,-5.318,0.0759999999999999,4.637,655791.0,101800.0,-3.1,14200
2022-01-15 09:30:00,5.0,0.0,10.086,-0.383,654.0,3.0,0.0,13.0,-0.383,216.0,-0.4209999999999997,18.531,20.893,,-5.390000000000001,0.193,4.627,655791.0,101800.0,-3.1,14200
2022-01-15 09:35:00,5.0,0.0,10.383,-0.392,654.0,2.397,0.0,13.0,-0.384,216.0,-0.4389999999999992,18.531,20.893,,-5.361,0.117,4.612,655791.0,101800.0,-3.1,14200
2022-01-15 09:40:00,4.863,0.0,10.0,-0.377,654.0,2.0,0.0,13.0,-0.385,216.0,-0.5589999999999998,18.531,20.893,,-5.4190000000000005,0.259,4.627,655791.0,101800.657,-3.1,14200
2022-01-15 09:45:00,4.0,0.0,10.0,-0.38,654.0,2.0,0.0,13.0,-0.387,216.0,-0.8170000000000006,18.531,20.893,,-5.541,0.1749999999999999,4.993,655791.0,101801.0,-3.1,14200
2022-01-15 09:50:00,4.0,0.0,10.0,-0.385,654.0,2.0,0.0,13.0,-0.388,216.0,-0.6410000000000002,18.531,20.893,,-5.479000000000001,0.3039999999999999,4.803,655791.0,101801.0,-3.1,14200
2022-01-15 09:55:00,4.0,0.0,10.0,-0.376,654.0,2.0,0.0,13.0,-0.388,216.0,-0.3800000000000005,18.531,20.893,,-5.388999999999999,0.553,4.618,655791.0,101801.0,-3.1,14200
2022-01-15 10:00:00,3.88,0.0,10.0,-0.378,654.0,2.0,0.0,13.0,-0.384,216.0,-0.4599999999999996,18.531,20.893,,-5.262,0.957,4.62,655791.0,101801.807,-3.1,14200
2022-01-15 10:05:00,3.113,0.0,10.0,-0.38,654.0,1.17,0.0,13.0,-0.386,216.0,-0.7369999999999995,18.531,20.893,,-5.216,0.544,4.628,655791.0,101802.0,-3.1,14200
2022-01-15 10:10:00,3.0,0.0,10.0,-0.385,654.0,1.0,0.0,13.0,-0.384,216.0,-1.0780000000000003,18.531,20.893,,-5.416999999999999,0.067,4.6,655791.0,101802.0,-3.1,14200
2022-01-15 10:15:00,3.0,0.0,10.0,-0.389,654.0,1.0,0.0,13.0,-0.385,216.0,-1.0000000000000004,18.531,20.893,,-5.532,0.252,4.609,655791.0,101802.0,-3.1,14200
2022-01-15 10:20:00,2.563,0.0,10.0,-0.382,654.0,1.0,0.0,13.0,-0.386,216.0,-0.9600000000000009,18.531,20.893,,-5.675000000000001,0.064,5.012,655791.0,101802.957,-3.1,14200
2022-01-15 10:25:00,2.0,0.0,10.0,-0.381,654.0,1.0,0.0,13.0,-0.388,216.0,-1.0780000000000003,18.531,20.893,,-5.842999999999999,0.0529999999999999,4.75,655791.0,101803.0,-3.1,14200
2022-01-15 10:30:00,2.0,0.0,9.920000000000002,-0.373,654.0,0.329,0.0,13.0,-0.387,216.0,-1.101,18.531,20.893,,-6.0,0.133,4.6,655791.0,101803.0,-3.1,14200
2022-01-15 10:35:00,2.0,0.0,9.273,-0.378,654.0,0.7229999999999999,0.0,13.0,-0.388,216.0,-1.0000000000000004,18.531,20.893,,-5.989000000000001,0.0729999999999999,4.6,655791.0,101803.11,-3.1,14200
2022-01-15 10:40:00,2.31,0.0,9.000000000000004,-0.388,654.0,1.0,0.0,12.227,-0.381,216.0,-1.2179999999999995,18.531,20.893,,-5.807,0.3539999999999999,4.6,655791.0,101804.0,-3.1,14200
2022-01-15 10:45:00,3.0,0.0,9.000000000000004,-0.372,654.0,1.0,0.0,12.0,-0.388,216.0,-1.4800000000000009,18.531,20.893,,-5.781,0.496,4.604,655791.0,101804.0,-3.1,14200
2022-01-15 10:50:00,3.0,0.0,9.000000000000004,-0.375,654.0,1.0,0.0,12.0,-0.387,216.0,-1.5399999999999991,18.531,20.893,,-5.786,0.463,4.601,655791.0,101804.0,-3.1,14200
2022-01-15 10:55:00,3.0,0.0,9.000000000000004,-0.386,654.0,1.0,0.0,12.0,-0.391,216.0,-1.6599999999999997,18.531,20.893,,-5.700000000000001,0.019,4.862,655791.0,101804.246,-3.1,14200
2022-01-15 11:00:00,3.0,0.0,9.000000000000004,-0.384,654.0,1.0,0.0,12.0,-0.387,216.0,-1.5200000000000005,18.531,20.893,,-5.673,0.085,4.965,655791.0,101805.0,-3.1,14200
2022-01-15 11:05:00,3.0,0.0,9.000000000000004,-0.387,654.0,1.0,0.0,12.0,-0.386,216.0,-1.4789999999999992,18.531,20.893,,-5.671999999999999,0.2849999999999999,4.6,655791.0,101805.0,-3.1,14200
2022-01-15 11:10:00,3.0,0.0,9.000000000000004,-0.38,654.0,1.0,0.0,12.0,-0.391,216.0,-1.5800000000000007,18.531,20.893,,-5.796,0.266,4.602,655791.0,101805.0,-3.1,14200
2022-01-15 11:15:00,3.09,0.0,9.000000000000004,-0.389,654.0,1.423,0.0,12.0,-0.385,216.0,-1.4999999999999996,18.531,20.893,,-5.800000000000001,0.34,4.6,655791.0,101805.37,-3.1,14200
2022-01-15 11:20:00,3.987,0.0,9.000000000000004,-0.381,654.0,2.0,0.0,12.0,-0.385,216.0,-1.4999999999999996,18.531,20.893,,-5.797000000000001,0.167,4.6,655791.0,101806.0,-3.1,14200
2022-01-15 11:25:00,5.03,0.0,9.000000000000004,-0.383,654.0,2.947,0.0,12.0,-0.386,216.0,-1.4800000000000009,18.531,20.893,,-5.700000000000001,0.0529999999999999,4.6,655791.0,101806.0,-3.1,14200
2022-01-15 11:30:00,7.772999999999999,0.0,9.000000000000004,-0.385,654.0,6.047,0.0,12.0,-0.378,216.0,-1.2019999999999993,18.531,20.893,,-5.611,0.0,4.6,655791.0,101806.0,-3.1,14200
2022-01-15 11:35:00,14.22,0.0,9.000000000000004,-0.374,654.0,12.543,0.0,12.0,-0.387,216.0,-1.1990000000000005,18.531,20.893,,-5.354,0.224,4.737,655791.0,101806.51,-3.1,14200
2022-01-15 11:40:00,26.43,0.0,9.000000000000004,-0.383,654.0,25.0,0.0,12.0,-0.38,216.0,-1.2000000000000002,18.531,20.893,,-5.223999999999999,0.255,4.996,655791.0,101807.0,-3.1,14200
2022-01-15 11:45:00,45.306,0.0,9.000000000000004,-0.372,654.0,44.422,0.0,12.0,-0.388,216.0,-1.2000000000000002,18.531,20.893,,-4.918,0.3489999999999999,4.6,655791.0,101807.0,-3.1,14200
2022-01-15 11:50:00,72.287,0.0,9.000000000000004,-0.38,654.0,72.837,0.0,12.0,-0.381,216.0,-1.3189999999999993,18.531,20.893,,-4.940999999999999,0.3619999999999999,4.6,655791.0,101807.0,-3.1,14200
2022-01-15 11:55:00,104.667,0.0,9.000000000000004,-0.38,654.0,107.32,0.0,12.0,-0.388,216.0,-1.5590000000000002,18.531,20.893,,-5.014,0.1469999999999999,4.6,655791.0,101807.66,-3.1,14200
2022-01-15 12:00:00,146.86,0.0,9.000000000000004,-0.375,654.0,151.847,0.0,12.0,-0.391,216.0,-1.4420000000000006,18.531,20.893,,-5.046,0.0129999999999999,4.6,655791.0,101808.0,-3.1,14200
2022-01-15 12:05:00,197.717,0.0,9.000000000000004,-0.378,654.0,205.19,0.0,12.0,-0.386,216.0,-1.2999999999999998,18.531,20.893,,-4.842,0.272,4.6,655791.0,101808.0,-3.1,14200
2022-01-15 12:10:00,250.803,0.0,9.000000000000004,-0.383,654.0,261.207,0.0,12.0,-0.384,216.0,-1.2000000000000002,18.531,20.893,,-4.63,0.0,4.6,655791.0,101808.0,-3.1,14200
2022-01-15 12:15:00,331.2,0.0,8.973,-0.38,654.0,342.217,0.0,12.0,-0.388,216.0,-1.2399999999999995,18.531,20.893,,-4.622000000000001,0.0359999999999999,4.6,655791.0,101808.783,-3.1,14200
2022-01-15 12:20:00,376.293,0.0,8.939999999999998,-0.373,654.0,383.397,0.0,12.0,-0.385,216.0,-1.2600000000000005,18.531,20.893,,-4.578,0.0,4.6,655791.0,101809.0,-3.1,14200
2022-01-15 12:25:00,346.877,0.167,8.76,-1.837,654.0,338.473,-0.6049999999999999,11.787,-1.915,216.0,-1.0409999999999997,18.531,20.893,,-4.489000000000001,0.04,12.988,655791.0,101809.003,-6.477,14200
2022-01-15 12:30:00,341.247,0.573,8.977,-2.053,654.0,327.0,-0.027,12.0,-1.846,216.0,-1.001,18.531,20.893,,-4.288999999999999,0.008,15.068,655791.0,101810.0,-6.534,14200
2022-01-15 12:35:00,405.723,0.315,9.000000000000004,-0.7349999999999999,654.0,414.293,-0.396,12.0,-0.564,216.0,-0.8799999999999997,18.531,20.893,,-4.037,0.546,7.948,655791.0,101810.0,-4.368,14200
2022-01-15 12:40:00,450.329,0.0,9.000000000000004,-0.385,654.0,450.674,-0.0089999999999999,12.0,-0.388,216.0,-0.8199999999999995,18.531,20.893,,-3.682,0.641,5.417,655791.0,101810.704,-3.577,14200
2022-01-15 12:45:00,396.653,3.437,9.000000000000004,1.41,654.0,380.987,2.98,12.0,1.596,216.0,-0.9000000000000005,18.531,20.893,,-3.2010000000000005,0.68,11.288,655791.0,101811.0,0.467,14200
2022-01-15 12:50:00,374.413,6.274,9.000000000000004,3.498,654.0,369.843,4.833,12.0,3.121,216.647,-0.6020000000000003,18.531,20.893,,-2.777,0.82,13.942,655791.0,101811.0,4.067,14200
2022-01-15 12:55:00,380.073,8.189999999999998,9.000000000000004,5.325,654.0,378.093,6.611,12.0,4.892,217.0,-0.0810000000000006,18.531,20.893,,-2.289,0.4909999999999999,15.856,655791.593,101811.0,7.674,14200
2022-01-15 13:00:00,397.82,10.744,9.000000000000004,7.744,654.883,386.86,8.952,12.0,7.215,217.24,0.0400000000000015,18.531,20.893,,-1.7999999999999992,0.541,19.351,655792.443,101811.0,12.383,14200
2022-01-15 13:05:00,395.368,11.178,9.000000000000004,8.194,655.334,388.873,9.386,12.0,7.605,218.0,0.2400000000000012,18.531,20.893,,-1.388,0.943,20.2,655793.518,101811.0,13.287,14200
2022-01-15 13:10:00,395.853,12.519,9.143,9.527,656.01,393.023,10.605,12.463,8.801999999999998,218.65,0.2999999999999994,18.531,20.893,,-1.1529999999999991,1.091,22.633,655794.65,101811.0,15.868,14200
2022-01-15 13:15:00,403.027,15.215,9.842999999999998,12.248,657.02,400.8,13.159,13.0,11.396,219.43,0.3799999999999986,18.531,20.893,,-0.9909999999999995,1.014,27.62,655796.293,101811.0,21.005,14200
2022-01-15 13:20:00,404.66,17.443,10.0,14.513,658.163,406.267,15.147,13.0,13.345,220.443,0.3999999999999993,18.531,20.893,,-0.7840000000000004,1.074,32.063,655798.157,101811.0,25.201,14200
2022-01-15 13:25:00,411.813,20.902,10.0,17.891,659.43,410.347,18.326,13.0,16.482,221.613,0.459,18.531,20.893,,-0.5950000000000008,1.186,39.111,655800.53,101811.0,31.828,14200
2022-01-15 13:30:00,417.023,25.033,10.0,22.003,661.067,416.307,22.095,13.0,20.26,223.223,0.5600000000000015,18.531,20.893,,-0.3999999999999993,1.198,48.186,655803.493,101811.0,39.535,14200
2022-01-15 13:35:00,418.04,27.316,10.0,24.209,662.983,418.927,24.165,13.0,22.265,224.94,0.6600000000000013,18.531,20.893,,-0.2030000000000006,1.209,53.265,655807.003,101811.0,43.686,14200
2022-01-15 13:40:00,421.25,30.092,10.0,27.008,665.06,419.55,26.714,13.0,24.909,226.88,0.7400000000000004,18.531,20.893,,-0.1279999999999997,1.332,59.544,655810.84,101811.0,49.035,14200
2022-01-15 13:45:00,424.107,34.596,10.0,31.432,667.447,424.36,30.789,13.123,28.888,229.047,0.8190000000000018,18.531,20.893,,-0.1090000000000005,0.926,69.206,655815.217,101811.0,57.383,14200
2022-01-15 13:50:00,430.553,44.021,10.672999999999998,40.767,670.403,430.233,39.407,14.000000000000002,37.509,231.783,0.8999999999999985,18.531,20.893,,-0.0040000000000004,1.16,89.254,655820.727,101811.0,75.12699999999998,14200
2022-01-15 13:55:00,435.721,56.982,10.999999999999998,53.677,674.246,438.266,51.832,14.000000000000002,49.877,235.329,1.0190000000000017,18.531,20.893,,0.4470000000000002,1.085,117.953,655827.917,101811.0,100.43,14200
2022-01-15 14:00:00,441.493,83.11799999999998,10.999999999999998,79.68,679.72,442.563,76.35299999999998,14.000000000000002,74.211,240.427,1.1800000000000013,18.531,20.893,,1.6190000000000009,1.221,175.259,655838.267,101811.0,150.335,14200
2022-01-15 14:05:00,444.53,94.613,10.999999999999998,91.013,686.943,444.313,86.67,14.000000000000002,84.37,247.123,1.3199999999999987,18.531,20.893,,2.9820000000000007,0.8529999999999999,200.289,655852.04,101811.0,171.977,14200
2022-01-15 14:10:00,442.657,94.991,10.999999999999998,91.388,694.627,442.787,86.099,14.000000000000002,83.87999999999998,254.227,1.46,18.531,20.893,,3.667,1.189,199.785,655866.667,101811.0,171.928,14200
2022-01-15 14:15:00,440.793,94.493,11.193,90.951,701.8,441.04,86.991,14.443,84.824,260.837,1.5599999999999998,18.531,20.893,,4.323,1.048,200.367,655880.297,101811.0,172.27,14200
2022-01-15 14:20:00,439.103,133.862,11.920000000000002,130.027,711.14,437.1,121.066,15.0,118.681,269.478,1.6989999999999996,18.531,20.893,,6.287000000000001,0.971,283.656,655898.083,101811.0,244.802,14200
2022-01-15 14:25:00,437.9,120.765,12.0,117.065,721.6029999999998,438.177,110.909,15.04,108.652,279.077,1.878000000000001,18.531,20.893,,8.333000000000002,2.371,257.731,655917.96,101811.0,222.151,14200
2022-01-15 14:30:00,436.227,115.604,12.737000000000002,112.05,730.683,436.207,105.524,16.0,103.343,287.503,1.639999999999999,18.531,20.893,,8.125,2.093,245.519,655935.3,101811.0,211.601,14200
2022-01-15 14:35:00,435.347,129.256,13.0,125.554,740.677,434.893,118.24,16.126999999999995,115.921,296.707,1.86,18.531,20.893,,8.795000000000002,2.141,275.047,655954.277,101811.0,237.523,14200
2022-01-15 14:40:00,435.48,134.624,13.782999999999998,130.887,751.2799999999999,434.143,122.869,17.0,120.572,306.483,1.7800000000000002,18.531,20.893,,9.16,2.481,286.134,655974.527,101811.0,247.489,14200
2022-01-15 14:45:00,433.292,131.979,14.123,128.196,762.063,431.103,120.637,17.339,118.404,316.465,1.8000000000000012,102.082,123.113,,9.981,3.148,280.777,655995.123,101811.0,242.784,14200
2022-01-15 14:50:00,433.46,133.5,14.953,129.8,772.707,432.55,121.499,18.000000000000004,119.316,326.227,1.936,289.95,347.65,,10.650999999999998,2.228,284.159,656015.363,101811.0,245.206,14200
2022-01-15 14:55:00,430.673,122.206,15.0,118.628,783.07,431.747,111.483,18.253,109.39,335.74,1.921,279.974,318.954,,10.875000000000002,2.141,260.214,656035.083,101811.0,224.355,14200
2022-01-15 15:00:00,431.79,117.246,15.52,113.731,792.61,432.153,107.029,19.0,104.972,344.573,1.9200000000000017,274.252,305.068,,10.699999999999998,1.822,249.414,656053.22,101811.0,215.025,14200
2022-01-15 15:05:00,432.627,130.205,16.0,126.581,802.33,432.127,119.389,19.0,117.253,353.533,2.120000000000001,296.857,335.726,,10.883,2.776,277.95,656071.74,101811.0,239.85,14200
2022-01-15 15:10:00,432.402,145.736,16.223,141.872,813.664,431.664,133.107,19.807,130.734,364.027,2.120000000000001,310.3,361.216,,10.87,2.846,311.132,656093.439,101811.0,268.695,14200
2022-01-15 15:15:00,431.957,154.176,16.973,150.377,825.543,431.23,141.983,20.0,139.696,374.973,2.1399999999999983,326.042,406.453,,11.084,2.543,330.916,656116.09,101811.0,285.85,14200
2022-01-15 15:20:00,429.883,214.102,17.0,209.893,840.243,426.757,197.665,20.0,195.011,388.673,2.239999999999998,409.723,561.597,,12.899,2.236,461.15,656144.267,101811.0,399.284,14200
2022-01-15 15:25:00,426.517,240.034,17.0,235.376,859.07,423.627,220.6,20.68,217.588,406.11,2.418999999999999,450.907,622.035,,15.08,2.75,515.946,656180.25,101811.0,447.243,14200
2022-01-15 15:30:00,425.44,200.855,17.0,196.701,877.3769999999998,422.467,183.218,21.0,180.643,423.0,2.6599999999999984,402.552,524.256,,16.108999999999998,1.784,430.119,656215.357,101811.0,372.683,14200
2022-01-15 15:35:00,425.987,133.795,17.0,130.432,890.6069999999999,425.247,123.346,21.0,121.456,435.2,2.5010000000000017,297.867,356.983,,15.178,2.332,286.882,656240.48,101811.0,247.885,14200
2022-01-15 15:40:00,426.653,192.036,17.433,188.208,903.567,425.22,176.74,21.0,174.361,447.29,2.398000000000001,404.899,505.583,,14.592,2.126,412.338,656265.41,101811.0,357.316,14200
2022-01-15 15:45:00,425.512,187.684,17.179,183.841,918.91,424.455,172.107,21.0,169.728,461.455,2.698999999999998,403.631,493.841,,15.318999999999996,1.841,402.73,656294.601,101811.0,348.629,14200
2022-01-15 15:50:00,422.465,243.074,17.107,238.796,936.03,419.585,224.131,21.0,221.4,477.355,2.901999999999999,514.002,627.805,,16.48,2.204,522.472,656327.525,101811.0,453.692,14200
2022-01-15 15:55:00,420.585,232.539,17.291999999999998,227.868,955.93,416.488,214.174,21.0,211.422,495.724,2.8799999999999986,549.462,663.52,,18.781,2.76,499.02,656365.502,101811.0,433.933,14200
2022-01-15 16:00:00,420.557,205.064,17.267,201.355,974.06,416.84,189.215,21.0,186.909,512.557,2.7200000000000006,493.799,572.687,,19.328000000000003,2.515,440.99,656400.15,101811.0,383.004,14200
2022-01-15 16:05:00,420.063,226.007,17.48,221.928,944.127,417.187,203.972,21.0,200.958,527.86,3.138999999999999,472.104,542.63,,19.407,2.458,480.342,656432.113,101811.0,417.589,14200
2022-01-15 16:10:00,420.46,206.142,17.973,202.404,8.949999999999998,416.707,190.785,21.0,188.765,544.523,3.218999999999998,,,,19.642,2.347,445.271,656466.553,101811.0,385.417,14200
2022-01-15 16:15:00,419.27,202.171,18.000000000000004,197.898,26.06,418.06,182.668,21.0,179.629,560.333,3.199999999999999,428.077,477.853,,20.055,2.16,432.272,656499.213,101811.0,373.36,14200
2022-01-15 16:20:00,417.266,102.041,18.000000000000004,99.113,37.638,418.973,93.404,21.0,91.773,570.831,3.2600000000000007,271.724,274.309,,17.780000000000005,1.539,218.629,656521.153,101811.0,187.341,14200
2022-01-15 16:25:00,422.387,95.573,18.000000000000004,92.575,45.533,420.57,87.29,21.613000000000003,85.697,578.207,3.3600000000000008,255.8,251.987,,14.602,1.937,204.128,656536.223,101811.0,174.775,14200
2022-01-15 16:30:00,421.133,88.947,18.000000000000004,85.94199999999998,52.99,420.71,81.01399999999998,22.0,79.36199999999998,585.083,3.0600000000000014,238.335,233.277,,12.657000000000002,2.295,189.241,656550.36,101811.0,161.956,14200
2022-01-15 16:35:00,413.56,72.614,18.000000000000004,69.749,59.47,420.413,66.171,22.0,64.551,591.067,2.92,194.055,189.709,,11.080999999999998,1.998,153.876,656562.58,101811.0,131.241,14200
2022-01-15 16:40:00,412.04,62.171,18.000000000000004,59.339,64.733,418.867,56.596,22.0,54.977,595.957,3.040000000000001,166.079,161.522,,9.692,2.446,131.014,656572.603,101811.0,111.394,14200
2022-01-15 16:45:00,422.647,67.628,18.000000000000004,64.673,69.65,420.51,61.808,22.0,60.243,600.533,3.2010000000000005,181.114,170.092,,8.737999999999998,1.33,142.702,656581.923,101811.0,121.632,14200
2022-01-15 16:50:00,425.893,88.10299999999998,18.000000000000004,84.869,75.863,425.077,80.25,22.0,78.476,606.283,3.280000000000002,231.378,219.805,,9.008,1.842,186.849,656593.717,101811.0,159.826,14200
2022-01-15 16:55:00,425.88,95.31,18.585,92.003,83.292,423.963,86.50199999999998,22.0,84.619,613.126,3.3589999999999995,243.007,234.733,,10.103999999999996,1.132,202.062,656607.801,101811.0,173.027,14200
2022-01-15 17:00:00,431.363,87.312,19.0,84.009,90.67,423.573,79.27599999999998,22.597,77.459,619.95,3.460000000000001,222.523,217.498,,10.857,1.807,184.818,656621.837,101811.0,158.188,14200
2022-01-15 17:05:00,423.829,77.302,19.0,74.17799999999998,97.074,422.903,69.819,23.000000000000004,68.113,625.829,3.2990000000000013,192.863,189.121,,10.527,0.564,162.755,656633.903,101811.0,139.046,14200
2022-01-15 17:10:00,423.993,81.923,19.0,78.762,103.423,423.017,74.02599999999998,23.000000000000004,72.26099999999998,631.643,3.458999999999999,202.692,199.365,,10.408,1.425,172.758,656645.893,101811.0,147.67,14200
2022-01-15 17:15:00,425.693,87.674,19.67,84.482,110.123,423.227,79.319,23.093000000000004,77.607,637.773,3.4199999999999995,215.729,214.236,,10.169999999999998,1.067,185.406,656658.523,101811.0,158.554,14200
2022-01-15 17:20:00,426.493,104.336,20.0,100.931,117.713,424.663,94.595,24.0,92.636,644.733,3.3999999999999986,259.011,259.158,,10.208999999999998,2.021,221.63,656672.967,101811.0,189.911,14200
2022-01-15 17:25:00,427.143,117.048,20.05,113.539,126.647,424.497,105.917,24.0,103.864,652.923,3.299999999999999,291.028,292.232,,10.852,1.423,248.821,656689.86,101811.0,213.578,14200
2022-01-15 17:30:00,426.627,127.32,21.0,123.795,136.473,424.267,114.892,24.193,112.849,661.917,3.5389999999999984,318.01,322.145,,11.502,1.559,270.711,656708.497,101811.0,232.618,14200
2022-01-15 17:35:00,426.412,139.161,21.342,135.56,147.096,423.007,125.959,25.0,123.877,671.638,3.621999999999999,351.316,355.518,,11.977,2.06,296.988,656728.698,101811.0,255.304,14200
2022-01-15 17:40:00,427.615,140.322,22.0,136.797,158.545,419.177,126.79,25.0,124.827,682.043,3.8809999999999993,355.235,360.058,,12.628000000000002,1.829,299.528,656750.328,101811.0,257.468,14200
2022-01-15 17:45:00,427.498,148.115,22.0,144.415,170.372,422.259,133.838,25.0,131.643,692.877,3.699999999999998,376.428,383.232,,12.183,2.198,316.49,656772.794,101811.0,272.094,14200
2022-01-15 17:50:00,426.65,112.299,22.0,109.013,180.867,423.217,100.698,25.880000000000003,98.858,702.42,3.980000000000001,293.95,293.435,,12.309,1.372,238.169,656792.63,101811.0,204.372,14200
2022-01-15 17:55:00,421.53,94.471,22.05,91.368,189.107,421.143,84.68099999999998,26.0,83.00199999999998,709.88,3.980000000000001,257.859,253.012,,11.805,1.814,199.602,656808.16,101811.0,171.003,14200
2022-01-15 18:00:00,420.02,69.054,22.760000000000005,66.075,195.583,416.947,61.664,26.0,60.041,715.783,3.800000000000002,192.069,185.537,,10.236,2.236,144.417,656820.363,101811.0,123.124,14200
2022-01-15 18:05:00,420.307,53.433,23.000000000000004,50.536,200.367,414.427,47.492,26.0,45.94,720.157,3.54,147.929,141.61,,8.657,1.456,110.499,656829.36,101811.0,93.615,14200
2022-01-15 18:10:00,419.299,49.709,23.000000000000004,46.81,204.292,404.831,43.958,26.0,42.486,723.658,3.621,131.706,128.961,,7.633999999999999,1.201,102.292,656836.648,101811.0,86.405,14200
2022-01-15 18:15:00,415.43,50.213,23.000000000000004,47.319,208.183,418.02,44.741,26.0,43.157,727.253,3.499000000000001,132.766,130.547,,7.121,1.502,103.863,656843.867,101811.0,87.741,14200
2022-01-15 18:20:00,420.742,52.488,23.000000000000004,49.535,212.207,408.274,46.377,26.0,44.767,730.873,3.3999999999999986,140.633,136.374,,6.66,2.236,108.191,656851.408,101811.0,91.469,14200
2022-01-15 18:25:00,406.273,46.403,23.000000000000004,43.725,216.12,413.55,41.431,26.0,39.907,734.4729999999998,3.3600000000000008,129.283,122.343,,6.475999999999998,1.537,96.035,656858.717,101811.0,80.872,14200
2022-01-15 18:30:00,408.407,39.821,23.000000000000004,37.215,219.407,416.207,35.53,26.0,33.98,737.4529999999999,3.460000000000001,111.548,105.357,,6.300999999999999,1.537,82.12399999999998,656864.823,101811.0,68.549,14200
2022-01-15 18:35:00,414.733,41.555,23.000000000000004,38.81,222.49,420.14,36.884,26.0,35.308,740.2569999999998,3.4199999999999995,116.276,109.639,,6.255,1.682,85.31699999999998,656870.537,101811.0,71.381,14200
2022-01-15 18:40:00,413.593,39.339,23.000000000000004,36.572,225.697,422.36,34.564,26.0,32.984,743.143,3.3800000000000017,116.137,104.333,,6.273999999999999,1.478,80.318,656876.51,101811.0,66.936,14200
2022-01-15 18:45:00,411.854,29.157,23.000000000000004,26.439,228.279,407.827,25.477,26.0,23.981,745.5019999999998,3.460000000000001,88.68,77.38599999999998,,5.988,1.074,58.496,656881.266,101811.0,47.978,14200
2022-01-15 18:50:00,412.723,27.147,23.000000000000004,24.381,230.333,410.593,23.649,26.0,22.135,747.38,3.4199999999999995,80.299,71.384,,5.674,1.338,53.771,656884.967,101811.0,44.071,14200
2022-01-15 18:55:00,415.797,30.662,23.000000000000004,27.8,232.483,408.687,26.908,26.0,25.378,749.293,3.4199999999999995,90.45,79.946,,5.432,1.27,61.661,656888.943,101811.0,50.63,14200
2022-01-15 19:00:00,417.324,34.059,23.000000000000004,31.194,234.903,410.622,30.021,26.0,28.484,751.515,3.479,98.771,88.229,,5.316000000000002,1.561,69.213,656893.344,101811.0,57.156,14200
2022-01-15 19:05:00,419.635,39.196,23.000000000000004,36.253,237.678,414.435,34.677,26.0,33.056,754.0299999999999,3.4199999999999995,113.999,101.748,,5.442,1.985,80.046,656898.522,101811.0,66.672,14200
2022-01-15 19:10:00,421.32,45.254,23.000000000000004,42.282,240.907,416.05,40.279,26.803000000000004,38.669,757.013,3.5410000000000017,130.5,116.734,,5.789999999999998,1.199,93.139,656904.553,101811.0,78.179,14200
2022-01-15 19:15:00,421.073,48.452,23.000000000000004,45.476,244.587,416.727,43.173,27.0,41.493,760.393,3.5600000000000005,146.852,126.511,,6.204000000000001,2.33,100.095,656911.47,101811.0,84.21899999999998,14200
2022-01-15 19:20:00,415.48,45.073,23.010000000000005,42.238,248.24,411.873,40.02,27.0,38.454,763.65,3.4199999999999995,139.119,117.171,,6.243999999999998,1.844,92.992,656918.18,101811.0,78.001,14200
2022-01-15 19:25:00,417.127,38.868,23.613,36.014,251.487,414.75,34.363,27.0,32.817,766.653,3.499000000000001,125.82,102.675,,6.196,2.5,79.80299999999998,656924.293,101811.0,66.386,14200
2022-01-15 19:30:00,410.463,34.253,23.467,31.593,254.17,412.793,30.113,27.0,28.598,769.097,3.4210000000000007,108.88,91.152,,5.819000000000002,1.676,70.05,656929.307,101811.0,57.765,14200
2022-01-15 19:35:00,418.847,38.773,23.840000000000003,35.936,257.01,405.32,33.952,27.0,32.421,771.667,3.5800000000000014,121.117,100.618,,5.746,1.597,79.22,656934.523,101811.0,65.873,14200
2022-01-15 19:40:00,409.76,36.779,24.0,34.03,259.923,401.703,32.169,27.0,30.705,774.197,3.519999999999999,114.548,96.536,,5.648999999999999,1.456,75.206,656939.797,101811.0,62.283,14200
2022-01-15 19:45:00,418.853,38.401,24.0,35.531,262.77,413.323,33.845,27.0,32.232,776.873,3.64,117.434,99.907,,5.7650000000000015,0.8289999999999998,78.641,656945.137,101811.0,65.317,14200
2022-01-15 19:50:00,412.923,40.093,24.0,37.2,265.79,412.873,35.392,27.0,33.85,779.58,3.6600000000000006,126.593,106.593,,5.848000000000002,2.176,82.296,656950.737,101811.0,68.583,14200
2022-01-15 19:55:00,414.737,38.003,24.0,35.271,268.807,401.607,33.321,27.0,31.765,782.253,3.5800000000000014,120.714,101.888,,5.804000000000001,1.636,77.676,656956.34,101811.0,64.541,14200
2022-01-15 20:00:00,417.977,35.565,24.0,32.801,271.6,408.623,31.275,27.0,29.74,784.8569999999999,3.519999999999999,113.495,95.48,,5.74,1.767,72.703,656961.49,101811.0,60.144,14200
2022-01-15 20:05:00,420.457,35.811,24.0,32.948,274.26,407.87,31.464,27.0,29.908,787.2129999999999,3.619999999999999,112.013,95.748,,5.775000000000001,2.094,73.23999999999998,656966.493,101811.0,60.488,14200
2022-01-15 20:10:00,420.283,38.366,24.0,35.451,277.107,417.237,33.592,27.0,31.937,789.873,3.5999999999999983,120.149,101.995,,5.784999999999998,2.242,78.349,656971.72,101811.0,65.033,14200
2022-01-15 20:15:00,416.227,34.981,24.0,32.16,279.953,419.753,30.532,27.0,28.919,792.317,3.519999999999999,111.509,93.428,,5.804999999999999,2.032,71.283,656976.963,101811.0,58.772,14200
2022-01-15 20:20:00,418.3,33.172,24.0,30.411,282.477,412.473,29.104,27.0,27.571,794.7029999999999,3.6190000000000015,104.104,88.899,,5.582999999999999,2.257,67.665,656981.663,101811.0,55.612,14200
2022-01-15 20:25:00,421.269,32.305,24.0,29.493,284.987,406.96,28.347,27.0,26.866,796.9439999999998,3.601,100.81,85.471,,5.5870000000000015,1.626,65.831,656986.236,101811.0,53.968,14200
2022-01-15 20:30:00,418.503,29.872,24.0,27.065,287.28,409.583,25.991,27.0,24.55,799.0599999999998,3.699999999999998,93.856,79.37699999999998,,5.717,1.456,60.306,656990.577,101811.0,49.288,14200
2022-01-15 20:35:00,412.697,28.546,24.0,25.825,289.447,414.77,24.766,27.0,23.246,801.0,3.64,90.172,76.611,,5.638000000000002,1.824,57.194,656994.527,101811.0,46.761,14200
2022-01-15 20:40:00,415.097,27.919,24.0,25.168,291.6,406.077,24.27,27.0,22.745,802.9,3.519999999999999,89.41299999999998,75.971,,5.369000000000001,1.887,55.842,656998.423,101811.0,45.633,14200
2022-01-15 20:45:00,414.97,25.075,24.0,22.313,293.53,404.11,21.693,27.0,20.249,804.613,3.559,78.706,67.747,,5.179000000000001,1.207,49.261,657002.0,101811.0,40.284,14200
2022-01-15 20:50:00,410.957,24.614,24.0,21.943,295.39,401.237,21.339,27.0,19.93,806.393,3.579,75.156,66.399,,5.174999999999999,1.209,48.475,657005.307,101811.0,39.553,14200
2022-01-15 20:55:00,412.943,25.77,24.0,23.015,297.187,410.01,22.327,27.0,20.842,807.98,3.5609999999999986,75.961,70.093,,5.11,1.065,50.924,657008.62,101811.0,41.559,14200
2022-01-15 21:00:00,416.633,25.846,24.0,22.974,299.113,406.11,22.388,27.0,20.89,809.693,3.6609999999999983,77.20099999999998,69.883,,5.183,1.177,51.054,657012.197,101811.0,41.626,14200
2022-01-15 21:05:00,411.353,22.806,24.0,20.09,300.853,410.723,19.682,27.0,18.157,811.397,3.6600000000000006,71.705,64.883,,5.083,1.711,44.056,657015.387,101811.0,36.002,14200
2022-01-15 21:10:00,409.747,24.019,24.0,21.329,302.53,404.807,20.93,27.0,19.443,812.8429999999998,3.519999999999999,71.665,68.935,,4.738,1.92,46.74,657018.443,101811.0,38.106,14200
2022-01-15 21:15:00,399.463,23.355,24.0,20.627,304.35,401.22,20.218,27.0,18.615,814.4729999999998,3.460000000000001,68.359,66.548,,4.532000000000001,1.891,45.056,657021.57,101811.0,36.584,14200
2022-01-15 21:20:00,383.593,22.347,24.0,19.733,305.943,388.673,19.453,27.0,17.915,815.927,3.479,65.41,64.644,,4.312999999999999,1.992,43.485,657024.563,101811.0,34.935,14200
2022-01-15 21:25:00,384.395,22.093,24.0,19.436,307.551,396.355,19.273,27.0,17.724,817.442,3.4199999999999995,62.871,61.992,,4.205000000000002,1.771,42.86,657027.452,101811.0,34.503,14200
2022-01-15 21:30:00,379.963,19.716,24.0,17.193,309.137,413.86,17.031,27.0,15.491,818.746,3.460000000000001,55.711,55.086,,4.139000000000001,1.117,37.272,657030.151,101811.0,30.119,14200
2022-01-15 21:35:00,380.74,16.188,24.0,13.712,310.397,407.247,13.784,27.0,12.281,819.9299999999998,3.460000000000001,46.659,46.523,,3.966000000000002,1.689,30.076,657032.41,101811.0,23.391,14200
2022-01-15 21:40:00,390.073,13.812,24.0,11.241,311.383,391.1,11.586,27.0,10.197,820.913,3.3999999999999986,38.935,39.529,,3.691,1.481,25.641,657034.177,101811.0,18.902,14200
2022-01-15 21:45:00,395.14,12.36,24.0,9.703,312.167,395.537,10.314,27.0,8.81,821.683,3.3589999999999995,34.543,35.458,,3.4360000000000017,1.569,23.087,657035.567,101811.0,16.047,14200
2022-01-15 21:50:00,375.073,11.447,24.0,8.948,313.0,370.053,9.408,27.0,8.015,822.24,3.3600000000000008,31.137,31.878,,3.3160000000000007,1.148,21.412,657036.803,101811.0,14.402,14200
2022-01-15 21:55:00,364.17,8.14,24.0,5.694,313.763,372.297,6.439,27.0,5.054,823.0,3.3199999999999994,23.283,23.543,,3.2430000000000008,1.179,16.906,657037.95,101811.0,8.188,14200
2022-01-15 22:00:00,371.51,5.694,24.0,3.152,314.0,375.67,4.171,27.0,2.723,823.0,3.3199999999999994,16.382,17.591,,3.050999999999999,1.399,15.09,657038.0,101811.0,3.332,14200
2022-01-15 22:05:00,388.505,4.236,24.0,1.626,314.0,370.525,3.099,27.0,1.642,823.0,3.22,13.884,13.87,,2.8520000000000008,1.886,14.609,657038.0,101811.0,0.7289999999999999,14200
2022-01-15 22:10:00,399.173,3.0,24.0,0.247,314.0,374.053,2.047,27.0,0.693,823.0,3.099999999999999,10.748,11.437,,2.7110000000000016,1.896,15.169,657038.0,101811.0,-1.631,14200
2022-01-15 22:15:00,391.137,0.82,23.567,-1.952,314.0,349.827,0.4299999999999999,27.0,-1.113,823.0,3.099999999999999,5.673,5.657,,2.5159999999999982,1.93,15.994,657038.0,101811.0,-5.483,14200
2022-01-15 22:20:00,346.55,0.195,23.000000000000004,-1.693,314.0,330.24,-0.4859999999999999,27.0,-1.88,823.0,3.059,1.415,1.538,,2.2250000000000014,1.615,14.226,657038.0,101811.793,-6.373,14200
2022-01-15 22:25:00,362.473,-0.195,23.000000000000004,-0.401,314.0,366.717,-0.3499999999999999,27.0,-0.3599999999999999,823.0,2.999999999999999,0.122,0.1029999999999999,,1.9590000000000016,1.639,5.89,657038.0,101812.0,-3.828,14200
2022-01-15 22:30:00,330.343,0.0,23.000000000000004,-0.397,314.0,336.513,0.0,26.040000000000003,-0.373,823.0,2.9600000000000017,0.0,0.0,,1.8839999999999988,1.585,5.599,657038.0,101812.173,-3.7,14200
2022-01-15 22:35:00,290.37,0.0,23.000000000000004,-0.406,314.0,297.47,0.0,26.0,-0.3659999999999999,823.0,2.9600000000000017,0.0,0.0,,1.7789999999999988,1.009,5.115,657038.0,101813.0,-3.283,14200
2022-01-15 22:40:00,235.645,0.0,22.631,-0.395,314.0,242.259,0.0,26.0,-0.3669999999999999,823.0,2.938999999999999,0.0,0.0,,1.6630000000000007,1.136,4.611,657038.0,101813.0,-3.1,14200
2022-01-15 22:45:00,171.133,0.0,22.0,-0.406,314.0,175.353,0.0,25.85,-0.3649999999999999,823.0,2.92,0.0,0.0,,1.5610000000000015,0.999,4.605,657038.0,101813.0,-3.1,14200
2022-01-15 22:50:00,118.953,0.0,22.0,-0.404,314.0,120.43,0.0,25.0,-0.371,823.0,2.8999999999999995,0.0,0.0,,1.604,1.354,4.605,657038.0,101813.377,-3.1,14200
2022-01-15 22:55:00,78.54699999999998,0.0,22.0,-0.404,314.0,77.827,0.0,25.0,-0.373,823.0,2.8999999999999995,0.0,0.0,,1.6750000000000005,0.916,4.6,657038.0,101814.0,-3.1,14200
2022-01-15 23:00:00,48.88,0.0,21.429,-0.403,314.0,47.0,0.0,25.0,-0.3679999999999999,823.0,2.8799999999999986,0.0,0.0,,1.5630000000000008,0.5789999999999998,4.6,657038.0,101814.0,-3.1,14200
2022-01-15 23:05:00,30.947,0.0,21.0,-0.4,314.0,28.75,0.0,25.0,-0.3629999999999999,823.0,2.7999999999999994,0.0,0.0,,1.6580000000000004,1.594,4.6,657038.0,101814.0,-3.1,14200
2022-01-15 23:10:00,24.16,0.0,21.0,-0.394,314.0,21.987,0.0,24.567,-0.3659999999999999,823.0,2.7999999999999994,0.0,0.0,,1.7109999999999994,1.521,4.607,657038.0,101814.487,-3.1,14200
2022-01-15 23:15:00,21.425,0.0,21.0,-0.404,314.0,19.595,0.0,24.0,-0.3609999999999999,823.0,2.698999999999998,0.0,0.0,,1.7830000000000013,1.733,4.6,657038.0,101815.0,-3.1,14200
2022-01-15 23:20:00,21.0,0.0,20.983000000000004,-0.382,314.0,19.0,0.0,24.0,-0.371,823.0,2.7,0.0,0.0,,1.900000000000001,1.64,4.992,657038.0,101815.0,-3.1,14200
2022-01-15 23:25:00,21.0,0.0,20.053,-0.403,314.0,19.0,0.0,24.0,-0.372,823.0,2.7,0.0,0.0,,1.900000000000001,1.512,4.669,657038.0,101815.0,-3.1,14200
2022-01-15 23:30:00,20.48,0.0,20.0,-0.4079999999999999,314.0,18.497,0.0,24.0,-0.3599999999999999,823.0,2.640000000000001,0.0,0.0,,1.8619999999999988,1.944,4.6,657038.0,101815.61,-3.1,14200
2022-01-15 23:35:00,20.0,0.0,20.0,-0.399,314.0,18.0,0.0,23.472,-0.374,823.0,2.618999999999999,0.0,0.0,,1.8009999999999988,1.523,4.6,657038.0,101816.0,-3.1,14200
2022-01-15 23:40:00,20.09,0.0,20.0,-0.397,314.0,18.113,0.0,23.000000000000004,-0.373,823.0,2.6,0.0,0.0,,1.8000000000000012,1.465,4.611,657038.0,101816.0,-3.1,14200
2022-01-15 23:45:00,21.0,0.0,19.673,-0.395,314.0,19.0,0.0,23.000000000000004,-0.376,823.0,2.6,0.0,0.0,,1.7939999999999994,1.597,4.6,657038.0,101816.0,-3.1,14200
2022-01-15 23:50:00,21.0,0.0,19.0,-0.4069999999999999,314.0,19.0,0.0,23.000000000000004,-0.38,823.0,2.6,0.0,0.0,,1.7249999999999983,1.43,4.6,657038.0,101816.723,-3.1,14200
2022-01-15 23:55:00,20.05,0.0,19.0,-0.403,314.0,18.066,0.0,23.000000000000004,-0.376,823.0,2.5400000000000014,0.0,0.0,,1.7000000000000013,2.069,4.6,657038.0,101817.0,-3.1,14200
2022-04-15 00:00:00,288.91,0.0,40.0,-0.4109999999999999,463.0,296.717,0.0,43.0,-0.3579999999999999,679.0,24.622,0.0,0.0,22.587,22.503,2.252,4.484,936910.0,105649.31,-2.838,14200
2022-04-15 00:05:00,197.823,0.0,40.0,-0.4209999999999999,463.0,205.437,0.0,43.0,-0.3529999999999999,679.0,24.608,0.0,0.0,22.72,22.64,2.496,4.473,936910.0,105650.0,-2.844,14200
2022-04-15 00:10:00,134.867,0.0,40.0,-0.4279999999999999,463.0,139.377,0.0,43.0,-0.3639999999999999,679.0,23.376999999999995,2.541,1.547,22.506000000000004,22.369000000000003,5.226,4.534,936910.0,105650.0,-2.861,14200
2022-04-15 00:15:00,93.797,0.0,40.0,-0.4119999999999999,463.0,95.708,0.0,42.940000000000005,-0.3579999999999999,679.0,22.014000000000003,1.791,1.593,21.672000000000004,21.48,4.82,4.543,936910.0,105650.0,-2.871,14200
2022-04-15 00:20:00,59.15,0.0,39.657,-0.4299999999999999,463.0,59.473,0.0,42.0,-0.3679999999999999,679.0,21.406,0.315,0.0709999999999999,20.771,20.53400000000001,4.055,4.8,936910.0,105650.153,-2.929,14200
2022-04-15 00:25:00,34.367,0.0,39.0,-0.4189999999999999,463.0,33.01,0.0,42.0,-0.3569999999999999,679.0,20.994,0.0,0.0,19.991,19.71400000000001,3.029,4.857,936910.0,105651.0,-2.965,14200
2022-04-15 00:30:00,18.737,0.0,39.0,-0.4239999999999999,463.0,16.63,0.0,42.0,-0.3489999999999999,679.0,20.803000000000004,0.0,0.0,19.384,19.081,3.094,4.3,936910.0,105651.0,-2.9,14200
2022-04-15 00:35:00,15.03,0.0,39.0,-0.4229999999999999,463.0,13.04,0.0,41.737,-0.3529999999999999,679.0,20.571,0.0,0.0,19.106,18.809,3.208,4.3,936910.0,105651.0,-2.9,14200
2022-04-15 00:40:00,12.787,0.0,38.734,-0.4209999999999999,463.0,10.545,0.0,41.0,-0.3499999999999999,679.0,20.408,0.0,0.0,19.008,18.783,2.6,4.321,936910.0,105651.0,-2.9,14200
2022-04-15 00:45:00,11.777,0.0,38.0,-0.4129999999999999,463.0,9.587,0.0,41.0,-0.3599999999999999,679.0,20.284,0.0,0.0,19.0,18.704,2.82,4.483,936910.0,105652.0,-2.9,14200
2022-04-15 00:50:00,11.197,0.0,38.0,-0.4219999999999999,463.0,9.18,0.0,41.0,-0.3569999999999999,679.0,20.185,0.0,0.0,18.913000000000004,18.619000000000003,2.195,4.469,936910.0,105652.0,-2.9,14200
2022-04-15 00:55:00,11.253,0.0,38.0,-0.4229999999999999,463.0,9.123,0.0,40.383,-0.3629999999999999,679.0,20.063,0.0,0.0,18.666,18.367,2.04,4.3,936910.0,105652.0,-2.9,14200
2022-04-15 01:00:00,10.977,0.0,37.733,-0.4199999999999999,463.0,9.247000000000002,0.0,40.0,-0.3529999999999999,679.0,20.0,0.0,0.0,18.591,18.276,2.177,4.3,936910.0,105652.0,-2.9,14200
2022-04-15 01:05:00,11.907,0.0,37.0,-0.4279999999999999,463.0,9.813,0.0,40.0,-0.3639999999999999,679.0,19.94,0.0,0.0,18.691,18.384,3.085,4.3,936910.0,105652.813,-2.899,14200
2022-04-15 01:10:00,12.36,0.0,37.0,-0.4249999999999999,463.0,10.0,0.0,40.0,-0.3529999999999999,679.0,20.0,0.0,0.0,19.019,18.694,3.179,4.379,936910.0,105653.0,-2.9,14200
2022-04-15 01:15:00,12.027,0.0,37.0,-0.4189999999999999,463.0,10.0,0.0,39.3,-0.3539999999999999,679.0,20.0,0.0,0.0,19.107000000000003,18.8,2.586,4.459,936910.0,105653.0,-2.9,14200
2022-04-15 01:20:00,12.38,0.0,36.97,-0.4199999999999999,463.0,10.39,0.0,39.0,-0.3509999999999999,679.0,19.985,0.0,0.0,18.985,18.671,1.943,4.372,936910.0,105653.0,-2.9,14200
2022-04-15 01:25:00,12.827,0.0,36.063,-0.4149999999999999,463.0,10.633,0.0,39.0,-0.3549999999999999,679.0,19.976,0.0,0.0,18.845,18.569,2.908,4.3,936910.0,105653.63,-2.9,14200
2022-04-15 01:30:00,11.884,0.0,36.0,-0.4179999999999999,463.0,9.681,0.0,39.0,-0.3599999999999999,679.0,19.888,0.0,0.0,18.563,18.294,2.183,4.3,936910.0,105654.0,-2.9,14200
2022-04-15 01:35:00,12.809,0.0,36.0,-0.4199999999999999,463.0,10.371,0.0,38.455,-0.3489999999999999,679.0,19.8,0.0,0.0,18.402,18.163,2.315,4.3,936910.0,105654.0,-2.897,14200
2022-04-15 01:40:00,13.213,0.0,36.0,-0.4229999999999999,463.0,11.02,0.0,38.0,-0.3499999999999999,679.0,19.8,0.0,0.0,18.415000000000003,18.139,2.626,4.402,936910.0,105654.0,-2.9,14200
2022-04-15 01:45:00,13.48,0.0,35.67,-0.4119999999999999,463.0,11.547,0.0,38.0,-0.3489999999999999,679.0,19.8,0.0,0.0,18.592,18.352000000000004,2.422,4.487,936910.0,105654.45,-2.901,14200
2022-04-15 01:50:00,14.013,0.0,35.0,-0.4189999999999999,463.0,12.08,0.0,38.0,-0.3629999999999999,679.0,19.8,0.0,0.0,18.696,18.414,2.629,4.367,936910.0,105655.0,-2.9,14200
2022-04-15 01:55:00,14.0,0.0,35.0,-0.4199999999999999,463.0,12.0,0.0,38.0,-0.3599999999999999,679.0,19.8,0.0,0.0,18.840000000000003,18.585,3.203,4.3,936910.0,105655.0,-2.899,14200
2022-04-15 02:00:00,14.0,0.0,35.0,-0.4169999999999999,463.0,12.0,0.0,37.615,-0.3519999999999999,679.0,19.8,0.0,0.0,18.901,18.697000000000003,2.734,4.3,936910.0,105655.0,-2.9,14200
2022-04-15 02:05:00,16.62,0.0,35.0,-0.4119999999999999,463.0,14.65,0.0,37.0,-0.3519999999999999,679.0,19.688,0.0,0.0,18.820999999999994,18.585,2.942,4.359,936910.0,105655.253,-2.9,14200
2022-04-15 02:10:00,15.993,0.0,35.0,-0.4079999999999999,463.0,13.98,0.0,37.0,-0.3519999999999999,679.0,19.6,0.0,0.0,18.539,18.325000000000003,2.999,4.459,936910.0,105656.0,-2.9,14200
2022-04-15 02:15:00,17.03,0.0,34.087,-0.4139999999999999,463.0,14.86,0.0,37.0,-0.3579999999999999,679.0,19.509,0.0,0.0,18.14,17.917999999999996,2.203,4.479,936910.0,105656.0,-2.9,14200
2022-04-15 02:20:00,14.713,0.0,34.0,-0.4159999999999999,463.0,13.137,0.0,37.0,-0.3479999999999999,679.0,19.324,0.0,0.0,17.732,17.5,2.684,4.475,936910.0,105656.0,-2.9,14200
2022-04-15 02:25:00,16.89,0.0,34.0,-0.4089999999999999,463.0,15.02,0.0,37.0,-0.3519999999999999,679.0,19.296,0.0,0.0,17.688000000000002,17.405,2.459,4.545,936910.0,105656.093,-2.9,14200
2022-04-15 02:30:00,18.147,0.0,34.0,-0.4119999999999999,463.0,15.907,0.0,36.11,-0.3489999999999999,679.0,19.324,0.0,0.0,17.636,17.38,2.496,4.428,936910.0,105657.0,-2.9,14200
2022-04-15 02:35:00,17.987,0.0,34.0,-0.4119999999999999,463.0,16.083,0.0,36.0,-0.3549999999999999,679.0,19.28400000000001,0.0,0.0,17.476,17.219,3.077,4.306,936910.0,105657.0,-2.9,14200
2022-04-15 02:40:00,17.763,0.0,34.0,-0.4159999999999999,463.0,15.483,0.0,36.0,-0.3509999999999999,679.0,19.200000000000003,0.0,0.0,17.129,16.879,2.345,4.3,936910.0,105657.0,-2.9,14200
2022-04-15 02:45:00,14.067,0.0,33.352999999999994,-0.4169999999999999,463.0,12.56,0.0,36.0,-0.3489999999999999,679.0,19.104000000000003,0.0,0.0,16.944000000000003,16.715,2.551,4.417,936910.0,105657.0,-2.9,14200
2022-04-15 02:50:00,15.731,0.0,33.0,-0.4179999999999999,463.0,13.674,0.0,36.0,-0.341,679.0,19.117,0.0,0.0,17.262999999999998,16.987,2.684,4.464,936910.0,105657.897,-2.9,14200
2022-04-15 02:55:00,13.773,0.0,33.0,-0.4149999999999999,463.0,11.3,0.0,36.0,-0.3529999999999999,679.0,19.200000000000003,0.0,0.0,17.57,17.304,3.26,4.422,936910.0,105658.0,-2.9,14200
2022-04-15 03:00:00,15.06,0.0,33.0,-0.4149999999999999,463.0,13.04,0.0,35.697,-0.3449999999999999,679.0,19.18,0.0,0.0,17.720000000000002,17.503,2.576,4.504,936910.0,105658.0,-2.9,14200
2022-04-15 03:05:00,14.8,0.0,32.239999999999995,-0.4119999999999999,463.0,12.573,0.0,35.0,-0.3619999999999999,679.0,19.200000000000003,0.0,0.0,17.939,17.700000000000003,3.088,4.595,936910.0,105658.0,-2.9,14200
2022-04-15 03:10:00,15.16,0.0,32.0,-0.4209999999999999,463.0,13.35,0.0,35.0,-0.3549999999999999,679.0,19.200000000000003,0.0,0.0,18.176,17.946,2.336,4.387,936910.0,105658.73,-2.9,14200
2022-04-15 03:15:00,13.473,0.0,32.0,-0.4069999999999999,463.0,12.0,0.0,35.0,-0.3529999999999999,679.0,19.200000000000003,0.0,0.0,18.251,18.000000000000004,2.971,4.3,936910.0,105659.0,-2.9,14200
2022-04-15 03:20:00,14.683,0.0,32.0,-0.4129999999999999,463.0,12.933,0.0,35.0,-0.3569999999999999,679.0,19.236,0.0,0.0,18.200000000000003,17.993000000000002,3.51,4.335,936910.0,105659.0,-2.9,14200
2022-04-15 03:25:00,14.804,0.0,32.0,-0.4159999999999999,463.0,13.186,0.0,35.0,-0.3479999999999999,679.0,19.264000000000003,0.0,0.0,18.251,18.019,3.367,4.571,936910.0,105659.0,-2.9,14200
2022-04-15 03:30:00,15.24,0.0,31.973,-0.4069999999999999,463.0,13.093,0.0,35.0,-0.3589999999999999,679.0,19.24,0.0,0.0,18.352000000000004,18.111000000000004,4.194,4.523,936910.0,105659.56,-2.9,14200
2022-04-15 03:35:00,14.63,0.0,31.027000000000005,-0.4069999999999999,463.0,13.12,0.0,34.86,-0.3549999999999999,679.0,19.200000000000003,0.0,0.0,18.232,18.004,3.174,4.54,936910.0,105660.0,-2.9,14200
2022-04-15 03:40:00,18.333,0.0,31.0,-0.4109999999999999,463.0,17.01,0.0,34.0,-0.3549999999999999,679.0,19.124,0.0,0.0,17.864999999999995,17.642000000000003,3.621,4.564,936910.0,105660.0,-2.9,14200
2022-04-15 03:45:00,15.694,0.0,31.0,-0.4209999999999999,463.0,13.924,0.0,34.0,-0.3599999999999999,679.0,19.043,0.0,0.0,17.554,17.331,3.478,4.544,936910.0,105660.0,-2.9,14200
2022-04-15 03:50:00,20.047,0.0,31.0,-0.4119999999999999,463.0,18.097,0.0,34.0,-0.3519999999999999,679.0,19.0,0.0,0.0,17.512,17.269000000000002,3.237,4.549,936910.0,105660.393,-2.9,14200
2022-04-15 03:55:00,13.13,0.0,31.0,-0.405,463.0,11.14,0.0,34.0,-0.3509999999999999,679.0,19.0,0.0,0.0,17.525000000000002,17.269000000000002,4.015,4.576,936910.0,105661.0,-2.9,14200
2022-04-15 04:00:00,13.923,0.0,30.763,-0.406,463.0,11.946,0.0,34.0,-0.3539999999999999,679.0,18.964,0.0,0.0,17.596,17.381999999999998,2.461,4.598,936910.0,105661.0,-2.9,14200
2022-04-15 04:05:00,14.0,0.0,30.0,-0.4119999999999999,463.0,12.076,0.0,34.0,-0.3539999999999999,679.0,18.996,0.0,0.0,17.83,17.622,3.417,4.615,936910.0,105661.0,-2.9,14200
2022-04-15 04:10:00,14.003,0.0,30.0,-0.4159999999999999,463.0,12.373,0.0,34.0,-0.3509999999999999,679.0,19.0,0.0,0.0,18.005999999999997,17.796,2.626,4.631,936910.0,105661.22,-2.9,14200
2022-04-15 04:15:00,13.0,0.0,30.0,-0.4109999999999999,463.0,11.82,0.0,33.89,-0.3539999999999999,679.0,19.0,0.0,0.0,18.031,17.840999999999998,3.368,4.623,936910.0,105662.0,-2.9,14200
2022-04-15 04:20:00,13.017,0.0,30.0,-0.405,463.0,11.813,0.0,33.0,-0.3629999999999999,679.0,18.944,0.0,0.0,18.006999999999998,17.798000000000002,2.923,4.633,936910.0,105662.0,-2.9,14200
2022-04-15 04:25:00,13.467,0.0,30.0,-0.4109999999999999,463.0,11.56,0.0,33.0,-0.3529999999999999,679.0,18.899999999999995,0.0,0.0,17.976000000000006,17.729,4.093,4.624,936910.0,105662.0,-2.9,14200
2022-04-15 04:30:00,13.0,0.0,30.0,-0.4089999999999999,463.0,10.561,0.0,33.0,-0.3569999999999999,679.0,18.899999999999995,0.0,0.0,18.076,17.86,4.545,4.57,936910.0,105662.066,-2.9,14200
2022-04-15 04:35:00,13.143,0.0,29.513,-0.4099999999999999,463.0,11.447,0.0,33.0,-0.3469999999999999,679.0,18.899999999999995,0.0,0.0,18.1,17.902999999999995,4.346,4.593,936910.0,105663.0,-2.9,14200
2022-04-15 04:40:00,15.243,0.0,29.0,-0.406,463.0,13.097,0.0,33.0,-0.3539999999999999,679.0,18.843,0.0,0.0,18.028,17.836,3.426,4.685,936910.0,105663.0,-2.9,14200
2022-04-15 04:45:00,12.573,0.0,29.0,-0.4079999999999999,463.0,10.513,0.0,32.117,-0.3499999999999999,679.0,18.879999999999995,0.0,0.0,17.948999999999998,17.730999999999998,3.372,4.604,936910.0,105663.0,-2.9,14200
2022-04-15 04:50:00,12.575,0.0,29.0,-0.404,463.0,10.0,0.0,32.0,-0.3559999999999999,679.0,18.76,0.0,0.0,17.9,17.700000000000003,3.559,4.732,936910.0,105663.0,-2.9,14200
2022-04-15 04:55:00,12.39,0.0,29.0,-0.396,463.0,10.0,0.0,32.0,-0.3489999999999999,679.0,18.72,0.0,0.0,17.808,17.603,3.017,4.667,936910.0,105663.923,-2.9,14200
2022-04-15 05:00:00,13.0,0.0,29.0,-0.402,463.0,10.0,0.0,32.0,-0.3559999999999999,679.0,18.724,0.0,0.0,17.749,17.529,2.663,4.681,936910.0,105664.0,-2.9,14200
2022-04-15 05:05:00,12.603,0.0,29.0,-0.401,463.0,10.0,0.0,32.0,-0.3549999999999999,679.0,18.7,0.0,0.0,17.505000000000003,17.404,2.719,4.639,936910.0,105664.0,-2.9,14200
2022-04-15 05:10:00,12.289,0.0,28.972999999999995,-0.4069999999999999,463.0,10.0,0.0,32.0,-0.3489999999999999,679.0,18.7,0.0,0.0,17.4,17.259999999999998,1.839,4.715,936910.0,105664.0,-2.9,14200
2022-04-15 05:15:00,13.0,0.0,28.553,-0.4149999999999999,463.0,10.0,0.0,32.0,-0.3549999999999999,679.0,18.620000000000005,0.0,0.0,17.346,17.198,2.634,4.429,936910.0,105664.78,-2.9,14200
2022-04-15 05:20:00,13.0,0.0,28.000000000000004,-0.4069999999999999,463.0,10.563,0.0,32.0,-0.3569999999999999,679.0,18.531,0.0,0.0,16.674999999999997,16.834999999999997,2.976,4.423,936910.0,105665.0,-2.9,14200
2022-04-15 05:25:00,12.84,0.0,28.000000000000004,-0.404,463.0,10.0,0.0,32.0,-0.3529999999999999,679.0,18.512,0.0,0.0,16.748,16.749000000000002,3.659,4.647,936910.0,105665.0,-2.9,14200
2022-04-15 05:30:00,12.013,0.0,28.000000000000004,-0.4079999999999999,463.0,10.0,0.0,31.123,-0.3569999999999999,679.0,18.468000000000004,0.0,0.0,17.151,17.02,2.575,4.741,936910.0,105665.0,-2.9,14200
2022-04-15 05:35:00,12.013,0.0,28.000000000000004,-0.401,463.0,10.0,0.0,31.0,-0.3569999999999999,679.0,18.4,0.0,0.0,17.128,16.947000000000003,2.786,4.711,936910.0,105665.62,-2.9,14200
2022-04-15 05:40:00,12.0,0.0,28.000000000000004,-0.405,463.0,10.0,0.0,31.0,-0.3539999999999999,679.0,18.363,0.0,0.0,17.183,16.947000000000003,2.709,4.728,936910.0,105666.0,-2.9,14200
2022-04-15 05:45:00,12.0,0.0,28.000000000000004,-0.402,463.0,10.0,0.0,31.0,-0.3639999999999999,679.0,18.3,0.0,0.0,17.129,16.900000000000002,3.064,4.741,936910.0,105666.0,-2.9,14200
2022-04-15 05:50:00,12.0,0.0,28.000000000000004,-0.4099999999999999,463.0,10.0,0.0,31.0,-0.3519999999999999,679.0,18.131000000000004,0.0,0.0,16.724000000000004,16.383,3.317,4.731,936910.0,105666.0,-2.9,14200
2022-04-15 05:55:00,12.843,0.0,28.000000000000004,-0.4109999999999999,463.0,10.573,0.0,31.0,-0.3589999999999999,679.0,17.896,0.0,0.0,14.711,14.432,3.084,4.732,936910.0,105666.493,-2.9,14200
2022-04-15 06:00:00,14.117,0.0,28.000000000000004,-0.4,463.0,12.34,0.0,31.0,-0.3539999999999999,679.0,17.392,0.0,0.0,13.261,13.023999999999996,3.001,4.693,936910.0,105667.0,-2.9,14200
2022-04-15 06:05:00,15.0,0.0,27.947,-0.401,463.0,13.0,0.0,31.0,-0.3479999999999999,679.0,17.009,0.0,0.0,12.664,12.405,2.597,4.644,936910.0,105667.0,-2.901,14200
2022-04-15 06:10:00,14.677,0.0,27.593,-0.4159999999999999,463.0,12.663,0.0,31.0,-0.3559999999999999,679.0,16.907,0.0,0.0,12.472,12.196000000000002,2.193,4.671,936910.0,105667.0,-2.9,14200
2022-04-15 06:15:00,13.13,0.0,27.0,-0.4,463.0,11.223,0.0,31.0,-0.3619999999999999,679.0,16.86,0.0,0.0,12.906,12.935,2.401,4.667,936910.0,105667.35,-2.9,14200
2022-04-15 06:20:00,13.0,0.0,27.0,-0.4109999999999999,463.0,10.761,0.0,31.0,-0.3639999999999999,679.0,16.86,0.0,0.0,14.146,14.07,1.967,4.699,936910.0,105668.0,-2.9,14200
2022-04-15 06:25:00,12.507,0.0,27.0,-0.404,463.0,10.0,0.0,31.0,-0.3619999999999999,679.0,16.78,0.0,0.0,14.834,14.630000000000004,1.942,4.752,936910.0,105668.0,-2.9,14200
2022-04-15 06:30:00,12.13,0.0,27.0,-0.402,463.0,10.0,0.0,30.603,-0.3559999999999999,679.0,16.8,0.0,0.0,15.097,14.902,2.074,4.703,936910.0,105668.0,-2.9,14200
2022-04-15 06:35:00,12.51,0.0,27.0,-0.406,463.0,10.0,0.0,30.0,-0.3579999999999999,679.0,16.743000000000002,0.0,0.0,15.233,15.11,1.723,4.667,936910.0,105668.207,-2.9,14200
2022-04-15 06:40:00,13.063,0.0,27.0,-0.405,463.0,11.153,0.0,30.0,-0.3629999999999999,679.0,16.623,0.0,0.0,15.29,15.169000000000002,1.603,4.784,936910.0,105669.0,-2.9,14200
2022-04-15 06:45:00,13.263,0.0,27.0,-0.4089999999999999,463.0,11.387,0.0,30.0,-0.3599999999999999,679.0,16.604,0.0,0.0,15.102,14.909,2.114,4.779,936910.0,105669.0,-2.9,14200
2022-04-15 06:50:00,13.0,0.0,27.0,-0.404,463.0,10.601,0.0,30.0,-0.3569999999999999,679.0,16.519999999999996,0.0,0.0,15.164,15.063,2.139,4.775,936910.0,105669.0,-2.9,14200
2022-04-15 06:55:00,13.0,0.0,27.0,-0.404,463.0,11.013,0.0,30.0,-0.3559999999999999,679.0,16.444000000000003,0.0,0.0,15.165,15.072000000000005,1.474,4.747,936910.0,105669.08,-2.9,14200
2022-04-15 07:00:00,13.0,0.0,27.0,-0.403,463.0,11.0,0.0,30.0,-0.3509999999999999,679.0,16.322999999999997,0.0,0.0,14.964000000000002,14.854,1.367,4.741,936910.0,105670.0,-2.9,14200
2022-04-15 07:05:00,12.177,0.0,27.0,-0.4089999999999999,463.0,9.817,0.0,30.0,-0.3539999999999999,679.0,16.3,0.0,0.0,14.988,14.877999999999998,2.515,4.773,936910.0,105670.0,-2.9,14200
2022-04-15 07:10:00,14.577,0.0,26.597,-0.397,463.0,12.73,0.0,30.0,-0.3569999999999999,679.0,16.323999999999998,0.0,0.0,14.993999999999996,14.992,2.14,4.763,936910.0,105670.0,-2.9,14200
2022-04-15 07:15:00,14.216,0.0,26.0,-0.405,463.0,12.096,0.0,30.0,-0.3499999999999999,679.0,16.144,0.0,0.0,14.617,14.579,1.209,4.75,936910.0,105670.0,-2.9,14200
2022-04-15 07:20:00,9.563,0.0,26.0,-0.404,463.0,7.652999999999999,0.0,30.0,-0.3559999999999999,679.0,15.987000000000002,0.0,0.0,13.944,13.886,1.168,4.728,936910.0,105670.947,-2.903,14200
2022-04-15 07:25:00,10.173,0.0,26.0,-0.403,463.0,8.143,0.0,30.0,-0.3639999999999999,679.0,15.972999999999995,0.0,0.0,13.699,13.613,1.407,4.751,936910.0,105671.0,-2.9,14200
2022-04-15 07:30:00,10.0,0.0,26.0,-0.4109999999999999,463.0,8.527,0.0,30.0,-0.3589999999999999,679.0,16.083,0.0,0.0,13.867,13.785999999999998,1.464,4.773,936910.0,105671.0,-2.9,14200
2022-04-15 07:35:00,10.067,0.0,26.0,-0.4069999999999999,463.0,8.89,0.0,30.0,-0.3569999999999999,679.0,16.037,0.0,0.0,14.027000000000005,13.928,1.517,4.767,936910.0,105671.0,-2.9,14200
2022-04-15 07:40:00,10.0,0.0,26.0,-0.397,463.0,8.08,0.0,30.0,-0.3559999999999999,679.0,16.117,0.0,0.0,14.134999999999998,13.987000000000002,1.317,4.726,936910.0,105671.817,-2.9,14200
2022-04-15 07:45:00,10.0,0.0,26.0,-0.401,463.0,8.0,0.0,29.76,-0.3659999999999999,679.0,16.353,0.0,0.0,14.173000000000002,14.047,1.663,4.737,936910.0,105672.0,-2.9,14200
2022-04-15 07:50:00,10.0,0.0,26.0,-0.397,463.0,8.627,0.0,29.0,-0.3679999999999999,679.0,16.400000000000002,0.0,0.0,14.282000000000002,14.111,1.642,4.693,936910.0,105672.0,-2.9,14200
2022-04-15 07:55:00,10.317,0.0,26.0,-0.404,463.0,9.0,0.0,29.0,-0.3629999999999999,679.0,16.191,0.0,0.0,14.351,14.172,1.279,4.4,936910.0,105672.0,-2.9,14200
2022-04-15 08:00:00,10.31,0.0,26.0,-0.396,463.0,8.553,0.0,29.0,-0.3599999999999999,679.0,16.099999999999998,0.0,0.0,14.213,14.047,1.229,4.488,936910.0,105672.673,-2.9,14200
2022-04-15 08:05:00,9.193,0.0,26.0,-0.403,463.0,7.381999999999999,0.0,29.0,-0.3589999999999999,679.0,15.967,0.0,0.0,13.951999999999998,13.836999999999998,1.476,4.768,936910.0,105673.0,-2.9,14200
2022-04-15 08:10:00,9.767,0.0,26.0,-0.401,463.0,7.963,0.0,29.0,-0.3639999999999999,679.0,15.884000000000002,0.0,0.0,13.900000000000002,13.726,1.246,4.715,936910.0,105673.0,-2.9,14200
2022-04-15 08:15:00,10.0,0.0,25.827000000000005,-0.4089999999999999,463.0,8.0,0.0,29.0,-0.3609999999999999,679.0,15.8,0.0,0.0,13.872,13.699999999999998,1.106,4.719,936910.0,105673.0,-2.9,14200
2022-04-15 08:20:00,10.0,0.0,25.053,-0.4089999999999999,463.0,8.0,0.0,29.0,-0.3609999999999999,679.0,15.764,0.0,0.0,13.829,13.683,1.114,4.737,936910.0,105673.547,-2.9,14200
2022-04-15 08:25:00,10.0,0.0,25.0,-0.404,463.0,8.402,0.0,29.0,-0.3649999999999999,679.0,15.604,0.0,0.0,13.828,13.683,1.478,4.405,936910.0,105674.0,-2.9,14200
2022-04-15 08:30:00,10.0,0.0,25.373000000000005,-0.401,463.0,8.0,0.0,29.0,-0.3639999999999999,679.0,15.697000000000005,0.0,0.0,13.900000000000002,13.738,1.32,4.547,936910.0,105674.0,-2.9,14200
2022-04-15 08:35:00,10.0,0.0,25.093,-0.397,463.0,8.0,0.0,29.0,-0.3659999999999999,679.0,15.619999999999996,0.0,0.0,13.969,13.802,1.411,4.731,936910.0,105674.0,-2.9,14200
2022-04-15 08:40:00,10.0,0.0,25.0,-0.4,463.0,8.0,0.0,29.0,-0.3539999999999999,679.0,15.716,0.0,0.0,14.105000000000002,13.929000000000002,2.204,4.709,936910.0,105674.417,-2.9,14200
2022-04-15 08:45:00,9.023,0.0,25.0,-0.405,463.0,7.093,0.0,29.0,-0.3669999999999999,679.0,15.8,0.0,0.0,14.24,14.039,1.993,4.717,936910.0,105675.0,-2.9,14200
2022-04-15 08:50:00,9.0,0.0,25.0,-0.401,463.0,7.0,0.0,29.0,-0.3599999999999999,679.0,15.76,0.0,0.0,14.361000000000002,14.163999999999998,1.861,4.693,936910.0,105675.0,-2.9,14200
2022-04-15 08:55:00,9.0,0.0,25.0,-0.4099999999999999,463.0,7.0,0.0,29.0,-0.3669999999999999,679.0,15.8,0.0,0.0,14.36,14.194,1.547,4.712,936910.0,105675.0,-2.9,14200
2022-04-15 09:00:00,9.0,0.0,25.0,-0.405,463.0,7.027,0.0,29.0,-0.3579999999999999,679.0,15.703,0.0,0.0,14.234999999999998,14.064,1.589,4.675,936910.0,105675.287,-2.9,14200
2022-04-15 09:05:00,9.0,0.0,25.0,-0.396,463.0,6.703,0.0,28.972999999999995,-0.3589999999999999,679.0,15.567,0.0,0.0,14.122000000000002,13.936,1.495,4.703,936910.0,105676.0,-2.901,14200
2022-04-15 09:10:00,8.474999999999998,0.0,25.0,-0.405,463.0,5.93,0.0,28.000000000000004,-0.3469999999999999,679.0,15.537,0.0,0.0,14.080999999999998,13.887999999999998,2.236,4.702,936910.0,105676.0,-2.9,14200
2022-04-15 09:15:00,5.737,0.0,25.0,-0.398,463.0,3.813,0.0,28.000000000000004,-0.3609999999999999,679.0,15.528,0.0,0.0,13.878000000000002,13.699,2.15,4.668,936910.0,105676.0,-2.9,14200
2022-04-15 09:20:00,5.52,0.0,25.0,-0.4069999999999999,463.0,3.703,0.0,28.000000000000004,-0.3559999999999999,679.0,15.4,0.0,0.0,13.502999999999998,13.331,2.041,4.613,936910.0,105676.157,-2.9,14200
2022-04-15 09:25:00,5.0,0.0,25.0,-0.399,463.0,3.043,0.0,28.000000000000004,-0.3619999999999999,679.0,15.226,0.0,0.0,13.188,13.008,1.597,4.665,936910.0,105677.0,-2.9,14200
2022-04-15 09:30:00,5.492,0.0,24.973000000000003,-0.403,463.0,3.449,0.0,28.000000000000004,-0.3659999999999999,679.0,15.063,0.0,0.0,12.895,12.694,1.637,4.66,936910.0,105677.0,-2.9,14200
2022-04-15 09:35:00,4.073,0.0,24.1,-0.388,463.0,2.0,0.0,28.000000000000004,-0.3589999999999999,679.0,15.023000000000003,0.0,0.0,12.547999999999998,12.324,1.765,4.625,936910.0,105677.0,-2.9,14200
2022-04-15 09:40:00,3.007,0.0,24.0,-0.4,463.0,1.357,0.0,28.000000000000004,-0.3549999999999999,679.0,14.787,0.0,0.0,11.988999999999995,11.73,1.482,4.705,936910.0,105677.03,-2.9,14200
2022-04-15 09:45:00,2.0,0.0,24.0,-0.395,463.0,0.8269999999999998,0.0,28.000000000000004,-0.3639999999999999,679.0,14.688,0.0,0.0,11.568999999999996,11.293,1.573,4.661,936910.0,105678.0,-2.901,14200
2022-04-15 09:50:00,2.877,0.0,24.0,-0.397,463.0,1.157,0.0,28.000000000000004,-0.3619999999999999,679.0,14.523,0.0,0.0,11.145,10.831,1.154,4.616,936910.0,105678.0,-2.9,14200
2022-04-15 09:55:00,4.583,0.0,24.0,-0.396,463.0,2.473,0.0,28.000000000000004,-0.3599999999999999,679.0,14.407000000000002,0.0,0.0,10.647,10.303999999999998,1.283,4.62,936910.0,105678.0,-2.9,14200
2022-04-15 10:00:00,7.514999999999999,0.0,24.0,-0.401,463.0,5.804,0.0,28.000000000000004,-0.3529999999999999,679.0,14.444,0.0,0.0,10.423000000000002,10.139,1.378,4.621,936910.0,105678.0,-2.9,14200
2022-04-15 10:05:00,16.497,0.0,24.0,-0.403,463.0,15.077,0.0,28.000000000000004,-0.3599999999999999,679.0,14.24,0.0,0.0,10.22,9.961,1.037,4.58,936910.0,105678.913,-2.9,14200
2022-04-15 10:10:00,34.423,0.0,24.0,-0.4,463.0,33.763,0.0,28.000000000000004,-0.3579999999999999,679.0,14.011,0.0,0.0,10.014,9.781,1.206,4.533,936910.0,105679.0,-2.9,14200
2022-04-15 10:15:00,64.363,0.0,24.0,-0.4,463.0,65.097,0.0,27.403,-0.3689999999999999,679.0,13.976,0.0,0.0,9.8,9.622999999999998,1.121,4.555,936910.0,105679.0,-2.9,14200
2022-04-15 10:20:00,108.227,0.0,24.0,-0.394,463.0,111.133,0.0,27.0,-0.3579999999999999,679.0,13.966,0.0,0.0,9.451,9.261000000000005,1.035,4.57,936910.0,105679.0,-2.903,14200
2022-04-15 10:25:00,157.527,0.0,24.0,-0.397,463.0,162.897,0.0,27.0,-0.3509999999999999,679.0,13.900000000000002,0.0,0.0,9.475,9.28,1.474,4.579,936910.0,105679.78,-2.9,14200
2022-04-15 10:30:00,221.953,0.0,24.0,-0.394,463.0,229.598,0.0,27.0,-0.3559999999999999,679.0,13.667,0.0,0.0,9.194,9.07,1.136,4.5,936910.0,105680.0,-2.9,14200
2022-04-15 10:35:00,287.077,0.0,23.893000000000004,-0.405,463.0,294.497,0.0,27.0,-0.3649999999999999,679.0,13.677,0.0,0.0,8.874,8.705999999999998,1.139,4.585,936910.0,105680.0,-2.9,14200
2022-04-15 10:40:00,349.49,0.0,23.253,-0.405,463.0,355.013,0.0,27.0,-0.3679999999999999,679.0,13.608,0.0,0.002,8.487999999999998,8.32,0.781,4.591,936910.0,105680.0,-2.912,14200
2022-04-15 10:45:00,413.627,0.0,23.000000000000004,-0.404,463.0,415.323,0.0,27.0,-0.3589999999999999,679.0,13.443,2.951,3.792,8.272999999999998,8.052999999999997,0.945,5.107,936910.0,105680.667,-3.013,14200
2022-04-15 10:50:00,367.629,3.379,23.261,1.149,463.0,360.719,1.966,27.0,0.454,679.0,13.477,10.507,11.564,8.336000000000002,8.189999999999996,0.8529999999999999,14.898,936910.0,105681.0,-0.8619999999999999,14200
2022-04-15 10:55:00,362.914,6.929,23.841,4.23,463.0,362.757,4.174,27.0,2.561,679.0,13.347,18.993,21.122,8.281,8.309999999999999,0.644,17.319,936910.927,105681.0,4.279,14200
2022-04-15 11:00:00,375.127,9.855,24.0,7.171,463.43,359.92,6.181,27.0,4.608,679.217,13.187000000000005,27.743,30.576,8.621,8.587000000000002,0.641,19.928,936911.137,105681.0,9.486,14200
2022-04-15 11:05:00,386.3,14.087,24.0,11.261,464.187,382.743,9.146,27.64,7.407,680.0,13.14,38.751,42.271,8.957,8.866999999999999,0.759,25.171,936912.31,105681.0,16.447,14200
2022-04-15 11:10:00,396.993,19.024,24.0,16.155,465.36,387.107,12.667,28.000000000000004,10.927,680.623,13.257,50.915,56.0,9.435,9.296,0.7119999999999999,33.424,936913.987,105681.0,24.85,14200
2022-04-15 11:15:00,400.773,24.334,24.0,21.414,466.85,395.92,16.439,28.000000000000004,14.787,681.637,13.355,70.445,70.573,10.011,9.816,0.637,42.806,936916.423,105681.0,33.947,14200
2022-04-15 11:20:00,404.333,30.488,24.0,27.589,468.9,406.147,22.321,28.000000000000004,20.575,683.133,13.588,129.176,168.723,10.78,10.567,0.879,57.21,936919.717,105681.0,45.843,14200
2022-04-15 11:25:00,409.344,36.398,24.0,33.459,471.401,415.492,35.387,28.000000000000004,33.633,685.244,13.892999999999995,154.964,305.619,11.922,11.736,1.245,79.441,936924.264,105681.0,64.518,14200
2022-04-15 11:30:00,413.578,41.175,24.0,38.146,474.369,419.292,53.535,28.000000000000004,51.69,688.777,14.073,175.321,354.023,13.447,13.223,1.434,104.708,936930.568,105681.0,87.251,14200
2022-04-15 11:35:00,420.627,49.468,24.0,46.408,477.807,418.513,70.926,28.000000000000004,69.079,693.787,14.273,199.91,413.759,15.303,14.869000000000003,2.129,133.245,936938.907,105681.0,112.496,14200
2022-04-15 11:40:00,428.45,65.177,24.507,61.978,482.253,418.45,87.293,28.000000000000004,85.289,700.137,14.492,228.676,478.067,17.379,16.535,1.931,169.435,936949.547,105681.0,144.097,14200
2022-04-15 11:45:00,430.067,85.61199999999998,25.0,82.182,488.137,418.207,103.221,28.000000000000004,101.116,707.873,14.797,256.246,544.592,20.300000000000004,18.962000000000003,2.738,210.485,936963.04,105681.0,179.933,14200
2022-04-15 11:50:00,430.86,109.833,25.0,106.162,495.91,415.893,115.64,28.713000000000005,113.463,716.697,14.914,277.197,585.799,22.780000000000005,21.188,2.888,252.116,936979.45,105681.0,216.037,14200
2022-04-15 11:55:00,430.583,136.98,25.0,133.225,505.957,415.543,127.784,29.0,125.566,726.8569999999999,15.150000000000002,293.821,629.383,25.418,23.959,2.337,296.857,936999.513,105681.0,254.907,14200
2022-04-15 12:00:00,429.907,157.992,25.243,154.078,517.947,414.167,133.944,29.0,131.747,737.493,15.316000000000004,302.976,639.429,27.309,26.264,2.181,327.622,937021.917,105681.0,281.636,14200
2022-04-15 12:05:00,431.25,151.15,26.0,147.053,530.773,412.147,118.771,29.493,116.522,747.9969999999998,15.324,278.634,548.502,27.853,27.105,3.013,302.848,937045.147,105681.0,260.53,14200
2022-04-15 12:10:00,428.933,142.068,26.0,138.371,541.34,413.603,107.835,30.0,106.001,756.26,15.3,258.204,462.361,26.261000000000003,25.608,2.204,280.601,937063.76,105681.0,240.433,14200
2022-04-15 12:15:00,424.433,122.736,26.0,119.028,553.35,415.743,91.783,30.0,89.867,765.373,15.377000000000002,234.102,380.851,26.003000000000004,25.344000000000005,2.112,240.764,937084.703,105681.0,206.114,14200
2022-04-15 12:20:00,424.713,95.489,26.65,92.307,561.523,415.73,71.885,30.0,70.151,771.557,15.266,207.471,276.907,23.283,22.915000000000003,2.866,187.405,937098.94,105681.0,159.206,14200
2022-04-15 12:25:00,426.927,113.76,27.0,110.343,569.937,418.937,83.699,30.0,81.79699999999998,777.8529999999998,15.18,230.039,319.458,21.821,21.604000000000003,2.268,221.782,937113.49,105681.0,188.791,14200
2022-04-15 12:30:00,425.787,165.261,27.0,161.55,580.723,420.307,117.548,30.747,115.491,785.727,15.216,290.007,449.688,22.058000000000007,21.880000000000003,2.188,318.745,937131.983,105681.0,273.242,14200
2022-04-15 12:35:00,424.08,174.344,27.0,170.237,595.27,418.46,124.066,31.0,121.77,796.0599999999998,15.416000000000004,310.025,473.557,24.205,24.093000000000004,2.257,336.869,937156.763,105681.0,288.555,14200
2022-04-15 12:40:00,423.88,174.737,27.0,171.081,608.94,420.803,127.014,31.0,125.005,805.95,15.518,320.157,478.057,24.755,24.796000000000003,2.384,340.997,937180.173,105681.0,291.898,14200
2022-04-15 12:45:00,420.41,229.923,27.757,225.215,625.423,416.967,166.001,31.0,163.583,817.967,15.594,386.386,616.863,25.608,25.657,2.474,447.806,937208.463,105681.0,384.397,14200
2022-04-15 12:50:00,420.847,191.608,28.000000000000004,187.651,642.423,417.827,138.999,31.07,136.794,830.373,15.72,345.942,522.041,26.727,26.85,2.593,374.514,937237.733,105681.0,320.753,14200
2022-04-15 12:55:00,420.159,163.652,28.000000000000004,160.102,656.724,418.837,118.953,32.0,117.036,840.797,15.662999999999998,308.04,444.106,26.369000000000003,26.262999999999995,2.852,319.807,937262.385,105681.0,273.557,14200
2022-04-15 13:00:00,422.31,93.3,28.000000000000004,90.02899999999998,667.66,418.897,67.204,32.0,65.465,848.7469999999998,15.546,217.801,265.794,24.361000000000004,24.111,3.2,180.566,937281.04,105681.0,153.201,14200
2022-04-15 13:05:00,423.1,69.385,28.000000000000004,66.378,673.793,422.043,50.228,32.0,48.66,853.2569999999998,15.285,185.228,200.597,21.518,21.193,2.711,133.852,937291.613,105681.0,112.659,14200
2022-04-15 13:10:00,420.263,69.61,28.000000000000004,66.656,679.287,421.32,50.385,32.0,48.784,857.23,15.162999999999998,184.758,196.601,19.715,19.495,2.638,134.159,937300.91,105681.0,112.96,14200
2022-04-15 13:15:00,418.96,68.506,28.000000000000004,65.548,684.727,419.623,49.516,32.0,47.952,861.253,15.1,184.41,191.918,19.047,18.803,2.279,131.967,937310.287,105681.0,111.05,14200
2022-04-15 13:20:00,421.273,67.272,28.000000000000004,64.253,690.13,419.88,48.614,32.0,46.991,865.1799999999998,15.08,184.162,189.452,18.823,18.574,2.306,129.314,937319.45,105681.0,108.796,14200
2022-04-15 13:25:00,422.03,65.878,28.000000000000004,62.862,695.372,422.797,47.638,32.0,46.01,869.017,15.1,184.451,187.0,18.469000000000005,18.264000000000003,2.447,126.591,937328.402,105681.0,106.461,14200
2022-04-15 13:30:00,423.063,65.775,28.000000000000004,62.604,700.55,420.277,47.457,32.0,45.807,872.793,15.1,187.085,183.896,18.332000000000004,18.058000000000003,1.972,126.131,937337.233,105681.0,106.052,14200
2022-04-15 13:35:00,423.697,67.414,28.44,64.299,705.743,421.06,48.853,32.0,47.181,876.6269999999998,15.1,196.806,188.588,18.316,18.044,2.118,129.543,937346.187,105681.0,109.052,14200
2022-04-15 13:40:00,421.803,71.692,29.0,68.635,711.247,421.587,51.971,32.0,50.197,880.653,15.023000000000003,212.186,199.656,18.125,17.951999999999998,2.644,137.933,937355.543,105681.0,116.372,14200
2022-04-15 13:45:00,420.29,75.674,29.0,72.557,717.083,420.587,54.892,32.913,53.183,884.9099999999999,15.0,223.178,207.11,18.204,18.114,2.56,145.676,937365.55,105681.0,123.161,14200
2022-04-15 13:50:00,421.637,79.394,29.0,76.186,723.2229999999998,420.49,57.65,33.0,55.859,889.417,15.0,235.964,216.869,18.367,18.306,2.636,152.912,937376.043,105681.0,129.454,14200
2022-04-15 13:55:00,422.063,85.804,29.0,82.54999999999998,729.767,421.36,62.408,33.0,60.667,894.207,15.018,253.407,232.918,18.840000000000003,18.772,1.898,165.722,937387.283,105681.0,140.542,14200
2022-04-15 14:00:00,421.076,91.064,29.987000000000005,87.762,736.8239999999998,420.189,66.26,33.0,64.457,899.389,15.1,266.335,247.37,19.385,19.377,2.307,175.897,937399.422,105681.0,149.458,14200
2022-04-15 14:05:00,421.191,93.976,30.0,90.566,744.254,420.816,68.367,34.0,66.477,904.796,15.252,274.811,254.47,19.823,19.793,1.614,181.677,937412.097,105681.0,154.39,14200
2022-04-15 14:10:00,420.741,96.576,30.050000000000004,93.171,751.774,420.093,70.31,34.0,68.488,910.375,15.303,290.641,263.259,20.073,20.089,1.981,187.205,937425.09,105681.0,158.925,14200
2022-04-15 14:15:00,420.72,106.237,30.92,102.856,759.87,420.257,77.56999999999998,34.0,75.682,916.297,15.283,318.017,287.886,20.532,20.54,2.445,206.728,937438.987,105681.0,175.598,14200
2022-04-15 14:20:00,419.997,115.712,31.0,112.214,768.8429999999998,418.0,84.269,34.0,82.351,922.907,15.237000000000002,334.209,311.723,20.862,20.963000000000005,1.982,224.989,937454.423,105681.0,191.569,14200
2022-04-15 14:25:00,419.383,119.329,31.0,115.819,778.21,417.967,86.56399999999998,34.0,84.607,929.773,15.550000000000002,339.24,319.182,21.972,21.938,1.527,230.84,937470.52,105681.0,197.346,14200
2022-04-15 14:30:00,420.323,120.787,31.693,117.25,787.873,417.383,87.23,34.477000000000004,85.263,936.807,15.484999999999998,340.09,324.453,22.332,22.444,2.394,233.31,937487.113,105681.0,199.483,14200
2022-04-15 14:35:00,418.793,130.535,32.0,127.011,797.883,417.763,93.887,35.0,91.903,944.07,15.38,354.573,349.984,22.350000000000005,22.539,2.897,251.917,937504.233,105681.0,215.659,14200
2022-04-15 14:40:00,418.578,151.074,32.133,147.4,809.126,416.784,108.866,35.0,106.68,952.186,15.513999999999998,384.903,406.897,22.715,22.991,2.23,292.427,937523.542,105681.0,250.77,14200
2022-04-15 14:45:00,415.997,160.878,32.82300000000001,157.236,821.69,416.34,115.723,35.0,113.616,961.263,15.657000000000002,398.987,434.162,23.965,24.326,2.238,311.238,937544.98,105681.0,267.305,14200
2022-04-15 14:50:00,415.407,193.283,33.0,189.369,836.077,415.88,139.933,35.0,137.531,971.653,15.699999999999998,454.019,524.346,25.05,25.451000000000004,2.165,375.714,937569.733,105681.0,322.979,14200
2022-04-15 14:55:00,413.314,191.335,33.0,187.356,852.0499999999998,412.689,138.227,35.331,136.094,983.301,16.14,441.893,517.636,27.355000000000004,27.53,1.488,371.715,937597.164,105681.0,319.642,14200
2022-04-15 15:00:00,413.223,157.228,33.0,153.659,866.113,413.419,113.107,36.0,111.056,993.482,16.311,367.953,434.989,27.503,27.701000000000004,1.967,304.768,937621.226,105681.0,261.466,14200
2022-04-15 15:05:00,413.747,139.608,33.0,136.335,878.0399999999998,414.407,101.765,36.0,99.929,178.82,16.045,321.935,390.662,25.807,26.258,2.801,271.827,937641.697,105681.0,232.908,14200
2022-04-15 15:10:00,413.343,174.667,33.0,170.865,890.797,413.35,128.327,36.0,126.282,11.547,15.950999999999995,390.649,477.425,25.094,25.515000000000004,2.007,341.631,937663.813,105681.0,293.313,14200
2022-04-15 15:15:00,412.358,171.924,33.0,168.351,904.334,412.625,127.917,36.0,125.765,21.548,16.2,386.768,476.167,25.591,25.994,1.932,338.326,937687.13,105681.0,290.413,14200
2022-04-15 15:20:00,407.744,296.857,33.0,291.591,922.9140000000002,405.618,221.75,36.0,218.879,35.585,16.429000000000002,678.435,818.845,28.036,28.278,2.394,583.596,937719.628,105681.0,503.908,14200
2022-04-15 15:25:00,399.593,333.774,33.0,328.111,949.267,397.64,247.294,36.0,244.26,55.223,16.848,790.022,940.666,33.492,34.014,1.792,654.174,937765.497,105681.0,565.563,14200
2022-04-15 15:30:00,390.813,374.207,33.0,367.43,978.21,388.917,275.151,36.0,271.599,76.697,17.217,913.011,1068.737,38.982,39.62100000000001,2.161,729.9109999999998,937815.647,105681.0,631.765,14200
2022-04-15 15:35:00,389.223,365.193,33.0,358.59,211.683,386.537,268.093,36.0,264.695,98.947,17.335,910.077,1049.372,41.181,42.275000000000006,2.347,712.238,937867.793,105681.0,616.274,14200
2022-04-15 15:40:00,387.903,365.812,32.34,359.217,37.963,387.37,269.153,36.0,265.69,120.787,17.798000000000002,928.308,1055.876,42.329,43.69899999999999,2.576,714.151,937919.033,105681.0,617.796,14200
2022-04-15 15:45:00,386.83,357.778,32.0,351.351,67.173,386.53,263.673,36.0,260.354,142.427,17.86,918.399,1031.386,43.118,44.937,2.209,698.855,937969.603,105681.0,604.635,14200
2022-04-15 15:50:00,387.664,356.955,32.0,350.594,96.664,387.754,262.675,36.0,259.339,164.246,17.844999999999995,927.051,1031.538,41.78999999999999,43.858,3.175,696.962,938020.711,105681.0,603.05,14200
2022-04-15 15:55:00,389.137,363.002,32.0,356.668,125.623,388.07,267.424,36.0,264.181,185.72,17.897999999999996,950.589,1046.559,40.314,42.236,3.236,709.254,938070.88,105681.0,613.294,14200
2022-04-15 16:00:00,388.84,361.401,32.0,354.852,155.16,386.857,265.748,35.257,262.34,207.547,17.814999999999998,954.718,1041.1,40.539,42.196,2.593,705.508,938122.04,105681.0,610.197,14200
2022-04-15 16:05:00,388.0,356.472,32.0,350.052,184.327,386.79,261.781,35.0,258.485,229.013,18.103,955.557,1029.19,41.253,42.851,2.766,696.008,938172.393,105681.0,601.604,14200
2022-04-15 16:10:00,387.67,359.159,32.0,352.732,213.433,385.573,263.446,35.0,260.081,250.537,18.013,972.467,1033.909,42.371,42.846,2.339,700.421,938222.757,105681.0,605.813,14200
2022-04-15 16:15:00,386.987,356.55,32.0,350.168,242.553,384.42,261.282,35.0,258.037,272.033,18.323,972.891,1027.964,43.929,41.938,2.983,695.031,938273.253,105681.0,601.257,14200
2022-04-15 16:20:00,386.893,355.693,32.0,349.301,271.51,383.093,260.391,35.0,257.114,293.293,18.644,975.328,1024.282,43.733,42.533,2.008,693.14,938323.167,105681.0,599.549,14200
2022-04-15 16:25:00,388.09,356.422,32.0,350.006,300.423,382.873,260.495,35.0,257.165,314.567,18.654000000000003,984.88,1027.331,43.626,42.565000000000005,3.27,694.238,938373.07,105681.0,600.301,14200
2022-04-15 16:30:00,389.667,356.215,32.0,349.848,329.453,386.187,260.624,35.0,257.318,335.903,18.165000000000003,986.583,1017.992,43.669,41.961,2.153,694.434,938423.22,105681.0,600.202,14200
2022-04-15 16:35:00,388.18,354.906,32.0,348.455,358.357,385.317,259.451,35.0,256.143,357.117,18.42,990.129,1023.057,43.661,42.76199999999999,2.905,691.367,938473.157,105681.0,597.693,14200
2022-04-15 16:40:00,387.28,353.864,32.0,347.501,387.117,385.993,259.091,35.0,255.819,378.303,19.057,993.036,1019.653,42.305,42.493,2.975,690.072,938522.773,105681.0,596.406,14200
2022-04-15 16:45:00,387.107,352.437,32.0,346.041,415.837,384.207,258.231,35.0,254.868,399.43,19.185,991.048,1010.587,43.932,42.622,2.063,687.849,938572.487,105681.0,594.13,14200
2022-04-15 16:50:00,387.097,350.668,32.0,344.32,444.443,385.41,256.953,35.0,253.667,420.467,18.987,995.008,1011.921,44.214,43.616,2.085,684.58,938621.86,105681.0,591.277,14200
2022-04-15 16:55:00,385.973,350.362,32.0,344.077,472.88,382.223,255.721,35.0,252.547,441.393,19.497,996.141,1010.482,44.452,44.46000000000001,2.554,682.924,938670.947,105681.0,589.821,14200
2022-04-15 17:00:00,386.693,353.543,32.0,347.154,501.517,383.457,258.137,35.0,254.809,462.373,18.888,1008.547,1017.525,42.940000000000005,42.663,2.719,689.531,938720.337,105681.0,595.178,14200
2022-04-15 17:05:00,384.863,351.783,32.0,345.447,530.167,381.577,257.072,35.807,253.761,483.42,19.73,1003.607,1012.931,45.519000000000005,43.894000000000005,1.125,686.437,938769.847,105681.0,592.372,14200
2022-04-15 17:10:00,382.383,355.783,32.0,349.319,558.857,380.49,260.031,36.0,256.73,504.513,19.855999999999995,1019.777,1025.495,47.023,45.851,1.58,694.254,938819.31,105681.0,599.231,14200
2022-04-15 17:15:00,387.65,326.884,32.07,320.886,586.27,384.143,238.317,36.0,235.383,524.573,19.672,930.526,937.293,45.605,44.641,1.722,637.169,938866.63,105681.0,550.45,14200
2022-04-15 17:20:00,389.263,364.207,33.0,357.497,614.707,383.72,265.279,36.0,261.816,545.467,19.868,1036.162,1045.822,43.1,41.049,2.916,708.566,938915.77,105681.0,612.345,14200
2022-04-15 17:25:00,387.8,359.337,33.0,352.705,644.2,383.443,262.122,36.0,258.744,567.06,19.977,1019.021,1029.163,43.297,41.545,1.372,699.935,938966.62,105681.0,604.599,14200
2022-04-15 17:30:00,386.793,346.611,33.0,340.258,672.927,381.527,252.48,36.0,249.231,588.133,19.949,981.7410000000002,995.293,45.779,44.842,1.268,675.26,939016.15,105681.0,583.013,14200
2022-04-15 17:35:00,387.203,351.307,33.0,344.91,701.147,379.96,255.681,36.0,252.403,608.773,19.813,994.935,1009.979,46.136,45.12800000000001,1.713,682.963,939064.823,105681.0,590.605,14200
2022-04-15 17:40:00,384.383,354.93,33.0,348.422,729.82,380.263,258.589,36.0,255.239,629.79,20.290000000000003,1004.295,1022.531,46.548,45.949000000000005,1.68,690.511,939114.207,105681.0,596.937,14200
2022-04-15 17:45:00,385.887,355.193,33.0,348.599,758.741,381.654,259.632,36.0,256.218,650.967,20.198,1001.737,1024.215,43.221,42.4,1.885,691.686,939164.126,105681.0,598.129,14200
2022-04-15 17:50:00,385.297,352.763,33.03,346.241,787.59,382.753,258.274,36.0,254.889,672.173,20.651000000000003,988.301,1017.424,43.401,42.483,1.461,687.591,939214.003,105681.0,594.432,14200
2022-04-15 17:55:00,385.803,355.46,33.97299999999999,348.897,816.284,384.207,260.799,36.171,257.37,693.324,20.921,994.404,1026.001,41.336,40.745,2.17,693.231,939263.599,105681.0,599.639,14200
2022-04-15 18:00:00,386.78,347.018,34.0,340.685,844.613,383.97,254.847,37.0,251.615,714.22,20.623,969.529,1001.046,42.004000000000005,41.896,2.393,677.698,939312.637,105681.0,585.641,14200
2022-04-15 18:05:00,386.553,351.335,34.0,344.948,873.273,382.85,257.771,37.0,254.417,735.37,20.520000000000003,969.55,1008.133,43.79600000000001,43.105,1.634,685.151,939362.317,105681.0,592.666,14200
2022-04-15 18:10:00,387.853,352.267,34.0,345.793,901.8130000000002,383.973,257.92,37.0,254.451,756.3669999999998,20.758,962.287,1005.626,45.163,43.862,1.704,686.249,939411.557,105681.0,593.716,14200
2022-04-15 18:15:00,387.523,355.414,34.0,348.815,930.56,383.827,259.864,37.0,256.428,777.467,21.062000000000005,963.623,1018.782,44.255,44.013,2.169,691.932,939461.167,105681.0,598.62,14200
2022-04-15 18:20:00,388.333,350.516,34.0,344.162,959.12,384.747,257.237,37.0,253.881,798.517,20.719,946.777,1005.43,42.246,41.889,1.564,683.622,939510.617,105681.0,591.494,14200
2022-04-15 18:25:00,385.95,355.518,34.0,348.71,884.58,381.337,259.514,37.0,256.311,819.673,21.290000000000003,952.145,1015.825,45.072,44.715,1.857,691.314,939560.307,105681.0,598.409,14200
2022-04-15 18:30:00,385.383,356.745,34.0,349.97,16.723,381.347,260.624,37.0,257.258,840.8569999999999,21.411,946.223,1018.848,46.879,46.55199999999999,1.434,694.415,939610.153,105681.0,600.84,14200
2022-04-15 18:35:00,382.399,336.197,34.0,329.96,44.741,380.674,246.99,37.0,243.74,861.485,21.594000000000005,891.6,969.529,47.734,46.909,1.883,656.684,939658.588,105681.0,567.744,14200
2022-04-15 18:40:00,382.167,350.024,34.0,343.609,72.85299999999998,381.143,257.796,37.0,254.379,882.283,21.682,919.53,1009.799,46.1,45.482,1.47,684.063,939707.16,105681.0,591.46,14200
2022-04-15 18:45:00,381.62,352.154,34.0,345.614,101.387,379.957,258.649,37.0,255.36,903.353,21.902,916.715,1017.399,46.543,45.586,1.635,687.415,939756.58,105681.0,594.283,14200
2022-04-15 18:50:00,381.83,348.93,34.0,342.533,130.027,378.667,256.231,37.213,252.916,924.51,21.667000000000005,899.102,1007.779,48.604000000000006,47.212,0.823,681.057,939806.147,105681.0,588.956,14200
2022-04-15 18:55:00,382.203,360.522,34.733000000000004,353.819,158.723,378.317,263.424,38.0,260.036,945.637,21.956,919.431,1042.972,48.317,47.169,2.094,701.647,939855.853,105681.0,607.139,14200
2022-04-15 19:00:00,386.927,362.718,35.0,355.974,188.097,382.073,264.82,38.0,261.317,967.18,22.286,904.852,1037.352,46.078,45.097,2.163,705.55,939906.557,105681.0,610.505,14200
2022-04-15 19:05:00,386.54,361.067,35.0,354.245,217.573,381.947,264.647,38.0,261.074,988.84,21.693,891.0839999999998,1035.314,45.908,45.345,1.622,703.852,939957.453,105681.0,608.793,14200
2022-04-15 19:10:00,385.643,363.294,35.0,356.422,246.967,381.867,265.781,38.0,262.214,10.493,21.64,887.8479999999998,1044.123,45.151,45.643,2.672,707.348,940008.33,105681.0,612.081,14200
2022-04-15 19:15:00,386.367,359.615,35.0,352.937,276.127,381.6,263.264,38.0,259.887,31.93,21.52,862.1219999999998,1028.17,44.922,45.612,1.598,700.247,940058.683,105681.0,606.157,14200
2022-04-15 19:20:00,385.973,354.201,35.0,347.691,305.273,381.42,258.427,38.0,255.085,53.347,21.812,837.782,1012.474,46.349,46.949,1.804,689.35,940109.09,105681.0,596.257,14200
2022-04-15 19:25:00,387.543,337.099,35.0,330.824,333.713,381.963,245.853,38.0,242.643,74.23999999999998,21.926,788.1649999999998,960.262,45.73499999999999,45.934,1.844,656.355,940158.11,105681.0,567.554,14200
2022-04-15 19:30:00,386.127,356.191,35.0,349.618,361.403,383.11,260.689,38.0,257.319,94.547,21.767,819.426,1017.361,45.992,46.107,1.669,693.575,940206.017,105681.0,600.272,14200
2022-04-15 19:35:00,385.547,346.385,35.0,339.636,390.2,381.64,253.698,38.0,250.215,115.75,22.297000000000004,785.6559999999998,988.626,47.483,47.182,2.07,674.499,940255.813,105681.0,583.564,14200
2022-04-15 19:40:00,385.701,336.511,35.0,330.196,417.99,381.681,246.201,38.0,242.896,136.223,22.236,753.519,959.272,47.734,46.891,1.834,655.716,940303.834,105681.0,567.179,14200
2022-04-15 19:45:00,386.605,328.652,35.0,322.778,444.903,384.167,241.112,38.0,237.912,156.033,22.111000000000004,723.642,936.303,46.738,45.507,1.911,641.821,940350.411,105681.0,554.761,14200
2022-04-15 19:50:00,384.897,342.646,35.0,336.328,471.947,382.853,251.373,38.0,248.18,175.927,21.92,739.341,976.92,46.277,45.807,1.685,668.421,940397.177,105681.0,578.132,14200
2022-04-15 19:55:00,383.257,352.748,35.0,346.025,500.437,381.54,259.142,38.0,255.651,196.953,22.308,751.034,1010.456,46.595,46.42,2.062,688.493,940446.53,105681.0,595.437,14200
2022-04-15 20:00:00,385.86,356.951,35.0,350.23,529.159,382.392,261.963,38.0,258.513,218.189,22.497,738.6409999999998,1017.736,46.819,46.329,1.699,696.115,940496.252,105681.0,602.292,14200
2022-04-15 20:05:00,384.923,342.775,35.0,336.35,557.903,380.923,250.873,38.0,247.44,239.403,22.816,691.123,973.435,47.60999999999999,47.362,1.48,668.401,940546.023,105681.0,577.822,14200
2022-04-15 20:10:00,388.13,319.166,35.0,313.335,584.533,383.13,233.114,38.0,230.045,258.957,22.600000000000005,632.609,901.457,46.768,46.46,1.596,622.671,940592.07,105681.0,537.902,14200
2022-04-15 20:15:00,387.21,348.151,35.0,341.902,611.527,382.613,255.188,38.49,251.931,278.797,22.511000000000003,685.438,989.763,46.063,45.782,1.791,678.309,940638.633,105681.0,587.052,14200
2022-04-15 20:20:00,387.39,348.019,35.0,341.667,639.97,381.927,254.328,39.0,250.962,299.673,22.631,667.509,981.624,46.162,45.758,1.914,677.233,940687.77,105681.0,586.438,14200
2022-04-15 20:25:00,386.85,349.355,35.0,342.791,668.213,383.14,255.929,39.0,252.546,320.449,22.281,653.227,984.57,46.044,45.544,2.079,680.372,940736.704,105681.0,589.166,14200
2022-04-15 20:30:00,387.127,352.872,35.0,346.271,696.847,381.817,258.393,39.0,254.881,341.523,22.336,641.376,991.677,46.97999999999999,46.216,2.173,686.663,940786.25,105681.0,594.841,14200
2022-04-15 20:35:00,386.987,352.626,35.0,345.995,725.44,384.467,258.518,39.0,255.01,362.577,22.338,625.61,987.822,45.581,45.139,2.444,686.981,940835.703,105681.0,594.775,14200
2022-04-15 20:40:00,387.843,337.739,35.0,331.364,753.873,385.602,247.271,39.0,243.989,383.488,22.303,584.199,939.088,44.43600000000001,44.297,2.133,658.43,940884.893,105681.0,569.529,14200
2022-04-15 20:45:00,390.893,339.64,35.0,333.565,780.803,386.17,249.169,39.0,246.013,403.343,22.099,588.318,945.72,42.93,43.299,2.01,662.722,940931.453,105681.0,573.259,14200
2022-04-15 20:50:00,389.551,354.677,35.0,348.009,809.306,385.734,259.314,39.0,255.821,424.332,22.123,602.617,982.3,43.652,44.36,2.095,690.403,940980.841,105681.0,597.631,14200
2022-04-15 20:55:00,388.143,345.455,35.0,339.04,837.693,385.657,252.902,39.0,249.556,445.22,22.372,561.965,954.849,44.704,45.467,1.82,673.032,941029.91,105681.0,582.493,14200
2022-04-15 21:00:00,387.847,344.822,35.0,338.35,865.7469999999998,385.773,252.453,39.0,249.023,465.833,22.319,544.073,949.448,44.438,44.954,1.728,671.54,941078.38,105681.0,581.321,14200
2022-04-15 21:05:00,388.1,340.301,35.0,333.986,893.58,386.243,249.199,39.0,245.863,486.303,22.146,524.054,935.025,43.999,44.188,1.804,662.416,941126.507,105681.0,573.863,14200
2022-04-15 21:10:00,389.357,337.819,35.0,331.569,921.1,385.303,247.134,39.0,243.772,506.557,22.198,506.208,924.526,44.419,44.404,1.95,657.082,941174.087,105681.0,569.474,14200
2022-04-15 21:15:00,391.083,335.418,35.0,329.317,948.453,384.927,245.444,39.0,242.162,526.677,22.160000000000004,489.513,916.932,42.871,43.163,2.068,652.626,941221.437,105681.0,565.661,14200
2022-04-15 21:20:00,390.057,333.129,35.0,327.071,975.61,385.35,243.552,39.0,240.334,546.64,22.434999999999995,472.789,906.148,43.557,43.641,1.618,648.127,941268.35,105681.0,561.574,14200
2022-04-15 21:25:00,390.493,329.458,35.0,323.434,395.833,385.193,240.625,39.0,237.445,566.387,22.423,456.024,895.08,43.190000000000005,43.309,2.339,640.751,941314.85,105681.0,555.181,14200
2022-04-15 21:30:00,393.653,327.547,35.0,321.587,29.203,388.88,239.426,38.863,236.327,586.0,22.044,439.714,882.932,41.703,42.211,2.376,637.562,941361.017,105681.0,552.22,14200
2022-04-15 21:35:00,394.433,323.069,35.0,317.181,55.68,389.083,236.157,38.0,233.152,605.42,22.271,417.811,867.057,42.485,42.779,1.299,629.065,941406.733,105681.0,544.709,14200
2022-04-15 21:40:00,394.272,317.648,35.0,311.923,81.741,389.615,232.296,38.0,229.362,624.568,22.36,401.824,853.034,42.64,42.522,1.572,618.836,941451.817,105681.0,535.792,14200
2022-04-15 21:45:00,394.34,313.146,35.0,307.491,107.44,387.65,229.208,38.0,226.326,643.527,22.11,385.521,842.941,42.027,42.225,1.622,610.577,941496.187,105681.0,528.435,14200
2022-04-15 21:50:00,392.687,290.002,35.0,284.743,132.217,388.017,212.076,38.0,209.219,661.71,22.195,344.585,770.443,42.39000000000001,42.231,1.794,565.861,941539.173,105681.0,489.155,14200
2022-04-15 21:55:00,392.773,303.618,35.0,298.197,155.876,389.371,222.777,38.0,219.894,679.144,22.180000000000003,348.344,805.832,41.955000000000005,41.754,1.084,592.77,941580.127,105681.0,512.764,14200
2022-04-15 22:00:00,394.352,113.105,35.0,109.075,174.209,390.047,79.943,38.0,77.899,692.462,22.164,143.257,296.704,39.999,39.901,1.128,216.778,941611.555,105681.0,185.453,14200
2022-04-15 22:05:00,402.583,189.251,35.0,185.549,183.0,398.663,139.91,38.0,138.11,698.893,21.572,219.556,500.889,33.376999999999995,33.251000000000005,1.511,369.276,941626.69,105681.0,318.596,14200
2022-04-15 22:10:00,402.81,314.075,35.0,307.86,205.543,394.713,229.695,38.0,226.501,715.607,21.553,352.039,815.3859999999999,34.831,34.711,1.373,610.922,941665.787,105681.0,529.111,14200
2022-04-15 22:15:00,400.627,285.679,35.0,280.055,230.113,392.14,208.744,38.0,205.829,733.65,22.067,325.217,747.2419999999998,39.056,38.911,1.347,556.932,941708.29,105681.0,481.408,14200
2022-04-15 22:20:00,396.94,258.749,35.0,253.654,251.993,391.267,189.082,38.0,186.568,749.707,22.181,265.378,672.365,39.99,39.521,1.286,505.172,941746.117,105681.0,435.939,14200
2022-04-15 22:25:00,399.483,245.772,35.0,241.022,272.367,394.153,182.997,38.0,180.551,764.847,22.023000000000003,234.595,640.869,39.143,38.731,1.358,483.222,941781.51,105681.0,417.282,14200
2022-04-15 22:30:00,406.137,147.058,35.0,143.035,288.427,417.92,97.534,38.69,95.015,776.5399999999998,21.809000000000005,156.949,399.646,36.735,36.639,1.416,274.202,941809.09,105681.0,235.642,14200
2022-04-15 22:35:00,410.77,142.203,35.0,138.787,298.513,438.257,54.304,39.0,52.549,782.1269999999998,21.447000000000003,151.702,383.792,33.344,32.989000000000004,0.981,219.521,941824.66,105681.0,188.047,14200
2022-04-15 22:40:00,414.04,176.863,35.0,172.613,313.297,445.68,51.148,39.0,49.312,786.64,21.317,185.404,467.743,32.427,32.102000000000004,1.419,255.331,941843.81,105681.0,219.119,14200
2022-04-15 22:45:00,410.28,117.851,35.0,114.526,324.93,440.92,41.08,39.0,39.324,790.313,21.403,146.267,316.16,31.696,31.271,0.96,176.959,941858.983,105681.0,151.102,14200
2022-04-15 22:50:00,411.203,146.734,35.0,143.046,335.417,443.387,41.955,39.0,40.158,793.533,21.3,169.839,395.148,29.904000000000003,29.914,1.256,210.507,941872.567,105681.0,180.172,14200
2022-04-15 22:55:00,409.593,107.502,35.0,103.939,346.057,445.227,34.133,39.0,32.427,796.5929999999998,21.3,129.285,283.976,29.623,29.533,0.951,157.21,941886.123,105681.0,133.942,14200
2022-04-15 23:00:00,408.637,70.339,35.0,67.318,352.253,438.25,27.072,39.0,25.385,798.827,21.184999999999995,97.26,191.609,27.339,27.241,1.001,106.718,941894.447,105681.0,90.161,14200
2022-04-15 23:05:00,408.937,82.97199999999998,35.0,79.686,358.9,441.126,27.923,39.0,26.208,801.0499999999998,21.043,108.488,220.219,25.753,25.733,1.154,121.881,941903.143,105681.0,103.488,14200
2022-04-15 23:10:00,408.16,68.127,35.0,64.928,364.827,449.653,22.972,39.0,21.294,803.02,20.965,91.308,182.831,24.771,24.682,0.7049999999999998,99.221,941910.92,105681.0,83.979,14200
2022-04-15 23:15:00,397.967,55.201,35.0,52.142,369.68,442.027,19.805,39.0,18.252,804.597,20.703,77.071,150.461,23.529,23.417,0.887,81.024,941917.24,105681.0,68.15,14200
2022-04-15 23:20:00,394.823,42.387,35.0,39.453,373.44,434.693,16.132,39.0,14.563,805.957,20.603,62.852,112.832,22.283,22.159,0.439,62.705,941922.223,105681.0,51.816,14200
2022-04-15 23:25:00,389.93,29.329,35.0,26.45,376.173,418.81,9.969,39.0,8.367,807.0,20.482,47.267,78.965,20.893,20.76,0.749,40.974,941925.79,105681.0,32.747,14200
2022-04-15 23:30:00,389.193,16.428,35.0,13.663,377.777,389.22,6.543,39.0,5.014,807.427,20.149,23.492,28.949,19.162000000000003,19.137,0.556,23.844,941927.723,105681.0,16.464,14200
2022-04-15 23:35:00,394.4,7.256999999999999,35.0,4.359,378.573,385.163,4.581,39.0,3.06,808.0,19.867,15.924,17.972,17.415000000000003,17.489,0.7049999999999998,15.942,941928.803,105681.0,5.361,14200
2022-04-15 23:40:00,371.876,4.811,35.251000000000005,2.09,379.0,380.378,3.084,39.0,1.543,808.0,19.305,12.0,12.952,15.931999999999997,15.950999999999995,0.7049999999999998,14.904,941929.0,105681.0,1.399,14200
2022-04-15 23:45:00,364.272,1.885,35.359,-0.798,379.0,359.834,0.8319999999999999,39.0,-0.671,808.0,18.396,4.991,4.874,14.473,14.409,0.555,15.457,941929.0,105681.0,-3.865,14200
2022-04-15 23:50:00,332.587,0.406,36.0,-2.187,379.0,327.003,-0.248,39.0,-1.854,808.0,17.846999999999998,0.266,0.5789999999999998,13.136,13.105,0.503,14.581,941929.0,105681.22,-6.423,14200
2022-04-15 23:55:00,316.277,-0.3039999999999999,36.0,-1.23,379.0,334.277,-0.6049999999999999,39.0,-0.751,808.0,17.525999999999996,0.0,0.0,12.172,12.161,0.382,7.551999999999999,941929.0,105682.0,-4.451,14200
2022-07-15 00:00:00,354.603,10.501,45.0,8.086,192.0,,,,,,25.065000000000005,,,25.571,25.280000000000005,0.4199999999999999,11.308,1316076.797,108677.0,5.16,14200
2022-07-15 00:05:00,344.877,9.978,45.0,7.553,192.542,,,,,,25.046000000000006,,,25.045,24.782,0.462,10.635,1316077.0,108677.0,4.738,14200
2022-07-15 00:10:00,357.753,7.356,45.0,4.901,193.0,,,,,,24.94,,,24.489,24.244000000000003,0.384,9.418,1316077.0,108677.0,2.103,14200
2022-07-15 00:15:00,351.327,3.916,45.0,1.414,193.0,,,,,,24.93,,,23.911,23.657,0.527,8.572,1316077.0,108677.0,-1.324,14200
2022-07-15 00:20:00,362.71,1.762,45.0,-0.795,193.0,,,,,,24.630000000000003,,,23.285,23.045,0.436,8.682,1316077.0,108677.0,-3.542,14200
2022-07-15 00:25:00,357.76,1.299,45.0,-1.289,193.0,,,,,,24.376,,,22.733,22.508,0.264,8.948,1316077.0,108677.0,-4.133,14200
2022-07-15 00:30:00,383.472,-0.251,45.0,-0.4699999999999999,193.0,,,,,,24.32,,,22.284,22.069,0.108,5.45,1316077.0,108677.395,-3.534,14200
2022-07-15 00:35:00,365.0,0.0,45.0,-0.444,193.0,,,,,,24.029000000000003,,,21.856,21.64700000000001,0.131,5.143,1316077.0,108678.0,-3.417,14200
2022-07-15 00:40:00,348.08,0.0,45.0,-0.404,193.0,,,,,,23.632,,,21.530999999999995,21.33,0.2039999999999999,6.697,1316077.0,108678.0,-3.395,14200
2022-07-15 00:45:00,,,,,,,,,,,23.39,,,21.269,21.174000000000003,0.623,,,,,14200
2022-07-15 00:50:00,,,,,,,,,,,23.34,,,21.046000000000003,20.892,0.4709999999999999,,,,,14200
2022-07-15 00:55:00,,,,,,,,,,,23.535,,,20.744000000000003,20.556,0.222,,,,,14200
2022-07-15 01:00:00,,,,,,,,,,,23.44,,,20.74900000000001,20.544,0.116,,,,,14200
2022-07-15 01:05:00,,,,,,,,,,,23.540000000000003,,,20.77,20.6,0.019,,,,,14200
2022-07-15 01:10:00,,,,,,,,,,,23.355,,,20.701,20.503,0.449,,,,,14200
2022-07-15 01:15:00,,,,,,,,,,,23.16,,,20.700000000000003,20.500000000000004,0.253,,,,,14200
2022-07-15 01:20:00,,,,,,,,,,,23.076,,,20.697,20.433,0.45,,,,,14200
2022-07-15 01:25:00,,,,,,,,,,,22.771,,,20.630000000000003,20.414,0.2079999999999999,,,,,14200
2022-07-15 01:30:00,,,,,,,,,,,22.606,,,20.690999999999995,20.536,0.122,,,,,14200
2022-07-15 01:35:00,,,,,,,,,,,22.694,,,20.601,20.456000000000003,0.096,,,,,14200
2022-07-15 01:40:00,,,,,,,,,,,22.700000000000003,,,20.584,20.39700000000001,0.0,,,,,14200
2022-07-15 01:45:00,,,,,,,,,,,22.55,,,20.553000000000004,20.392000000000003,0.0,,,,,14200
2022-07-15 01:50:00,,,,,,,,,,,22.5,,,20.500000000000004,20.368,0.245,,,,,14200
2022-07-15 01:55:00,,,,,,,,,,,22.52,,,20.422000000000004,20.242,0.457,,,,,14200
2022-07-15 02:00:00,,,,,,,,,,,22.5,,,20.35,20.200000000000003,0.055,,,,,14200
2022-07-15 02:05:00,,,,,,,,,,,22.5,,,20.33900000000001,20.200000000000003,0.317,,,,,14200
2022-07-15 02:10:00,,,,,,,,,,,22.5,,,20.366,20.192,0.171,,,,,14200
2022-07-15 02:15:00,,,,,,,,,,,22.355000000000004,,,20.317,20.138,0.4209999999999999,,,,,14200
2022-07-15 02:20:00,,,,,,,,,,,22.233999999999995,,,20.244,20.048,0.096,,,,,14200
2022-07-15 02:25:00,,,,,,,,,,,22.335,,,20.200000000000003,20.062,0.229,,,,,14200
2022-07-15 02:30:00,,,,,,,,,,,22.454,,,20.205,20.185,0.133,,,,,14200
2022-07-15 02:35:00,,,,,,,,,,,22.465,,,20.22,20.161,0.194,,,,,14200
2022-07-15 02:40:00,,,,,,,,,,,22.23,,,20.300000000000004,20.200000000000003,0.122,,,,,14200
2022-07-15 02:45:00,,,,,,,,,,,22.31,,,20.300000000000004,20.172,0.048,,,,,14200
2022-07-15 02:50:00,,,,,,,,,,,22.399999999999995,,,20.381,20.200000000000003,0.0449999999999999,,,,,14200
2022-07-15 02:55:00,,,,,,,,,,,22.48,,,20.4,20.200000000000003,0.104,,,,,14200
2022-07-15 03:00:00,,,,,,,,,,,22.638,,,20.467,20.245,0.0769999999999999,,,,,14200
2022-07-15 03:05:00,,,,,,,,,,,23.190999999999995,,,20.644,20.402999999999995,0.203,,,,,14200
2022-07-15 03:10:00,,,,,,,,,,,23.540000000000003,,,20.77,20.539,0.171,,,,,14200
2022-07-15 03:15:00,,,,,,,,,,,23.477,,,20.773000000000003,20.529000000000003,0.189,,,,,14200
2022-07-15 03:20:00,,,,,,,,,,,23.154,,,20.700000000000003,20.500000000000004,0.0769999999999999,,,,,14200
2022-07-15 03:25:00,,,,,,,,,,,23.086,,,20.700000000000003,20.504,0.105,,,,,14200
2022-07-15 03:30:00,,,,,,,,,,,23.175,,,20.77,20.616,0.2999999999999999,,,,,14200
2022-07-15 03:35:00,,,,,,,,,,,22.9,,,20.804,20.614,0.339,,,,,14200
2022-07-15 03:40:00,,,,,,,,,,,22.71,,,20.724000000000004,20.595,0.4129999999999999,,,,,14200
2022-07-15 03:45:00,,,,,,,,,,,22.614999999999995,,,20.700000000000003,20.537,0.0,,,,,14200
2022-07-15 03:50:00,,,,,,,,,,,22.789,,,20.769000000000005,20.6,0.0,,,,,14200
2022-07-15 03:55:00,,,,,,,,,,,23.010000000000005,,,20.8,20.6,0.016,,,,,14200
2022-07-15 04:00:00,,,,,,,,,,,23.009,,,20.8,20.6,0.192,,,,,14200
2022-07-15 04:05:00,,,,,,,,,,,22.695,,,20.734,20.511,0.4159999999999999,,,,,14200
2022-07-15 04:10:00,,,,,,,,,,,22.45,,,20.612000000000005,20.4,0.107,,,,,14200
2022-07-15 04:15:00,,,,,,,,,,,22.399999999999995,,,20.6,20.4,0.106,,,,,14200
2022-07-15 04:20:00,,,,,,,,,,,22.475,,,20.628,20.465,0.231,,,,,14200
2022-07-15 04:25:00,,,,,,,,,,,22.390000000000004,,,20.711,20.538,0.391,,,,,14200
2022-07-15 04:30:00,,,,,,,,,,,22.325000000000003,,,20.819,20.645,0.391,,,,,14200
2022-07-15 04:35:00,,,,,,,,,,,22.2,,,20.901,20.717,0.32,,,,,14200
2022-07-15 04:40:00,,,,,,,,,,,22.255,,,20.901,20.715000000000003,0.4289999999999999,,,,,14200
2022-07-15 04:45:00,,,,,,,,,,,22.633,,,21.034,20.87,0.661,,,,,14200
2022-07-15 04:50:00,,,,,,,,,,,23.023,,,21.335000000000004,21.145000000000003,0.777,,,,,14200
2022-07-15 04:55:00,,,,,,,,,,,23.159,,,21.493,21.267000000000003,0.278,,,,,14200
2022-07-15 05:00:00,,,,,,,,,,,23.246,,,21.529000000000003,21.329,0.463,,,,,14200
2022-07-15 05:05:00,,,,,,,,,,,23.475,,,21.64,21.435,0.3039999999999999,,,,,14200
2022-07-15 05:10:00,,,,,,,,,,,23.61,,,21.772,21.579,0.498,,,,,14200
2022-07-15 05:15:00,,,,,,,,,,,23.640000000000004,,,21.9,21.728,1.045,,,,,14200
2022-07-15 05:20:00,,,,,,,,,,,23.734,,,21.985,21.819,1.006,,,,,14200
2022-07-15 05:25:00,,,,,,,,,,,23.875,,,22.036,21.833,0.806,,,,,14200
2022-07-15 05:30:00,,,,,,,,,,,23.885,,,22.073,21.9,0.38,,,,,14200
2022-07-15 05:35:00,,,,,,,,,,,23.875,,,22.082999999999995,21.9,0.529,,,,,14200
2022-07-15 05:40:00,,,,,,,,,,,23.879999999999995,,,22.084,21.940000000000005,0.542,,,,,14200
2022-07-15 05:45:00,,,,,,,,,,,23.846,,,22.1,21.996,0.164,,,,,14200
2022-07-15 05:50:00,,,,,,,,,,,23.8,,,22.055,21.907,0.031,,,,,14200
2022-07-15 05:55:00,,,,,,,,,,,23.875,,,22.047,21.919,0.321,,,,,14200
2022-07-15 06:00:00,,,,,,,,,,,23.899999999999995,,,22.149,22.0,0.326,,,,,14200
2022-07-15 06:05:00,,,,,,,,,,,23.899999999999995,,,22.2,22.06,0.161,,,,,14200
2022-07-15 06:10:00,,,,,,,,,,,23.879999999999995,,,22.216,22.047,0.2889999999999999,,,,,14200
2022-07-15 06:15:00,,,,,,,,,,,23.87400000000001,,,22.208,22.0,0.155,,,,,14200
2022-07-15 06:20:00,,,,,,,,,,,24.0,,,22.211,22.0,0.3599999999999999,,,,,14200
2022-07-15 06:25:00,,,,,,,,,,,24.0,,,22.2,22.0,0.641,,,,,14200
2022-07-15 06:30:00,,,,,,,,,,,23.945,,,22.2,22.0,0.384,,,,,14200
2022-07-15 06:35:00,,,,,,,,,,,23.885,,,22.203,22.0,0.528,,,,,14200
2022-07-15 06:40:00,,,,,,,,,,,23.72,,,22.188,21.984,0.323,,,,,14200
2022-07-15 06:45:00,,,,,,,,,,,23.815999999999995,,,22.124,21.9,0.67,,,,,14200
2022-07-15 06:50:00,,,,,,,,,,,23.840000000000003,,,22.1,21.9,0.515,,,,,14200
2022-07-15 06:55:00,,,,,,,,,,,23.784,,,22.142,21.9,0.453,,,,,14200
2022-07-15 07:00:00,,,,,,,,,,,23.76,,,22.168,21.9,0.634,,,,,14200
2022-07-15 07:05:00,,,,,,,,,,,23.815000000000005,,,22.211,21.968,0.693,,,,,14200
2022-07-15 07:10:00,,,,,,,,,,,23.899999999999995,,,22.239,21.98,0.647,,,,,14200
2022-07-15 07:15:00,,,,,,,,,,,23.824,,,22.119,21.852,0.23,,,,,14200
2022-07-15 07:20:00,,,,,,,,,,,23.795,,,21.976,21.8,0.249,,,,,14200
2022-07-15 07:25:00,,,,,,,,,,,23.96,,,21.9,21.783,0.465,,,,,14200
2022-07-15 07:30:00,,,,,,,,,,,23.805,,,22.084,21.957,0.568,,,,,14200
2022-07-15 07:35:00,,,,,,,,,,,23.616,,,22.283,22.153,0.459,,,,,14200
2022-07-15 07:40:00,,,,,,,,,,,23.59,,,22.395000000000003,22.244,0.664,,,,,14200
2022-07-15 07:45:00,,,,,,,,,,,23.66,,,22.559,22.385000000000005,0.687,,,,,14200
2022-07-15 07:50:00,,,,,,,,,,,23.645000000000003,,,22.588,22.399999999999995,0.34,,,,,14200
2022-07-15 07:55:00,,,,,,,,,,,23.615,,,22.568,22.387,0.4709999999999999,,,,,14200
2022-07-15 08:00:00,,,,,,,,,,,23.790000000000003,,,22.644000000000005,22.443,0.518,,,,,14200
2022-07-15 08:05:00,,,,,,,,,,,24.009,,,22.727999999999994,22.595,0.939,,,,,14200
2022-07-15 08:10:00,,,,,,,,,,,24.024,,,22.833,22.701000000000004,0.882,,,,,14200
2022-07-15 08:15:00,,,,,,,,,,,23.964,,,22.984,22.836,1.657,,,,,14200
2022-07-15 08:20:00,,,,,,,,,,,23.995,,,22.734,22.602,1.307,,,,,14200
2022-07-15 08:25:00,,,,,,,,,,,24.0,,,22.456,22.329,1.232,,,,,14200
2022-07-15 08:30:00,,,,,,,,,,,24.0,,,22.290000000000003,22.155000000000005,0.4099999999999999,,,,,14200
2022-07-15 08:35:00,,,,,,,,,,,23.965,,,22.131000000000004,22.009,0.635,,,,,14200
2022-07-15 08:40:00,,,,,,,,,,,23.784,,,22.123,22.0,1.138,,,,,14200
2022-07-15 08:45:00,,,,,,,,,,,23.744,,,22.198,22.015,1.905,,,,,14200
2022-07-15 08:50:00,,,,,,,,,,,23.59,,,22.297000000000004,22.11,2.029,,,,,14200
2022-07-15 08:55:00,,,,,,,,,,,23.595,,,22.324,22.2,2.215,,,,,14200
2022-07-15 09:00:00,,,,,,,,,,,23.655,,,22.336,22.2,1.151,,,,,14200
2022-07-15 09:05:00,,,,,,,,,,,23.68,,,22.3,22.160000000000004,1.414,,,,,14200
2022-07-15 09:10:00,,,,,,,,,,,23.684000000000005,,,22.3,22.147,0.946,,,,,14200
2022-07-15 09:15:00,,,,,,,,,,,23.635000000000005,,,22.269,22.1,0.6039999999999999,,,,,14200
2022-07-15 09:20:00,,,,,,,,,,,23.645000000000003,,,22.205,22.1,0.5999999999999999,,,,,14200
2022-07-15 09:25:00,,,,,,,,,,,23.525,,,22.232000000000003,22.1,0.772,,,,,14200
2022-07-15 09:30:00,,,,,,,,,,,23.425000000000004,,,22.264,22.1,0.824,,,,,14200
2022-07-15 09:35:00,,,,,,,,,,,23.344,,,22.135000000000005,22.001,0.274,,,,,14200
2022-07-15 09:40:00,,,,,,,,,,,23.315,,,21.994000000000003,21.859,0.127,,,,,14200
2022-07-15 09:45:00,,,,,,,,,,,23.4,,,21.901000000000003,21.8,0.129,,,,,14200
2022-07-15 09:50:00,,,,,,,,,,,23.415000000000003,,,21.972,21.845,0.496,,,,,14200
2022-07-15 09:55:00,,,,,,,,,,,23.5,,,22.007,21.9,0.5889999999999999,,,,,14200
2022-07-15 10:00:00,,,,,,,,,,,23.483999999999995,,,22.004999999999995,21.837000000000003,0.57,,,,,14200
2022-07-15 10:05:00,,,,,,,,,,,23.4,,,21.974000000000004,21.812,0.7079999999999999,,,,,14200
2022-07-15 10:10:00,,,,,,,,,,,23.4,,,21.869,21.711,0.34,,,,,14200
2022-07-15 10:15:00,,,,,,,,,,,23.4,,,21.8,21.700000000000003,0.5929999999999999,,,,,14200
2022-07-15 10:20:00,,,,,,,,,,,23.305,,,21.8,21.700000000000003,0.874,,,,,14200
2022-07-15 10:25:00,,,,,,,,,,,23.15,,,21.714,21.616,0.656,,,,,14200
2022-07-15 10:30:00,,,,,,,,,,,23.1,,,21.604000000000003,21.49,0.514,,,,,14200
2022-07-15 10:35:00,,,,,,,,,,,23.1,,,21.6,21.473,0.7159999999999999,,,,,14200
2022-07-15 10:40:00,,,,,,,,,,,23.1,,,21.687000000000005,21.562,0.8619999999999999,,,,,14200
2022-07-15 10:45:00,,,,,,,,,,,22.989,,,21.711,21.58900000000001,1.206,,,,,14200
2022-07-15 10:50:00,,,,,,,,,,,22.81,,,21.791,21.611,1.592,,,,,14200
2022-07-15 10:55:00,,,,,,,,,,,22.625,,,21.697,21.534,0.902,,,,,14200
2022-07-15 11:00:00,,,,,,,,,,,22.584000000000003,,,21.751999999999995,21.59,0.972,,,,,14200
2022-07-15 11:05:00,,,,,,,,,,,22.5,,,21.816,21.669,0.975,,,,,14200
2022-07-15 11:10:00,,,,,,,,,,,22.5,,,21.927,21.763,0.767,,,,,14200
2022-07-15 11:15:00,,,,,,,,,,,22.5,,,22.117,21.939000000000004,0.812,,,,,14200
2022-07-15 11:20:00,,,,,,,,,,,22.555,,,22.311000000000003,22.172,0.894,,,,,14200
2022-07-15 11:25:00,,,,,,,,,,,22.600000000000005,,,22.528,22.446,0.7109999999999999,,,,,14200
2022-07-15 11:30:00,,,,,,,,,,,22.712000000000003,,,22.823,22.844000000000005,0.512,,,,,14200
2022-07-15 11:35:00,,,,,,,,,,,22.800000000000004,,,23.183,23.264000000000003,0.637,,,,,14200
2022-07-15 11:40:00,,,,,,,,,,,22.896,,,23.516,23.69,0.666,,,,,14200
2022-07-15 11:45:00,,,,,,,,,,,23.03,,,24.266,24.483,0.924,,,,,14200
2022-07-15 11:50:00,,,,,,,,,,,23.059999999999995,,,25.245,25.358999999999995,0.7189999999999999,,,,,14200
2022-07-15 11:55:00,,,,,,,,,,,23.116,,,26.44,26.471000000000004,0.8369999999999999,,,,,14200
2022-07-15 12:00:00,,,,,,,,,,,23.216,,,27.317,27.304,0.87,,,,,14200
2022-07-15 12:05:00,,,,,,,,,,,23.26,,,28.119,28.078000000000003,0.97,,,,,14200
2022-07-15 12:10:00,,,,,,,,,,,23.335,,,29.197,29.131,1.007,,,,,14200
2022-07-15 12:15:00,,,,,,,,,,,23.51,,,31.051,31.007,0.8259999999999998,,,,,14200
2022-07-15 12:20:00,,,,,,,,,,,23.675,,,32.089,31.989999999999995,0.769,,,,,14200
2022-07-15 12:25:00,,,,,,,,,,,23.944,,,32.776,32.71,0.8309999999999998,,,,,14200
2022-07-15 12:30:00,,,,,,,,,,,23.984,,,32.696,32.74,0.79,,,,,14200
2022-07-15 12:35:00,,,,,,,,,,,24.151,,,32.674,32.699,0.4789999999999999,,,,,14200
2022-07-15 12:40:00,,,,,,,,,,,24.235,,,32.491,32.47200000000001,0.573,,,,,14200
2022-07-15 12:45:00,348.462,0.0,44.92400000000001,-0.4,193.0,,,,,,24.335,,,32.419000000000004,32.376999999999995,0.443,6.785,1316077.0,108678.0,-3.41,14200
2022-07-15 12:50:00,494.977,0.0,22.857000000000003,-0.4219999999999999,193.0,,,,,,24.432,,,32.806,32.681000000000004,0.574,5.83,1316077.0,108678.0,-3.905,14200
2022-07-15 12:55:00,472.233,38.493,23.92,37.306,193.523,,,,,,24.732000000000003,,,35.288,35.181000000000004,0.7299999999999999,46.741,1316077.55,108678.53,33.549,14200
2022-07-15 13:00:00,406.527,182.478,24.797000000000004,178.685,203.97,,,,,,24.82,,,37.915,37.684,0.973,201.627,1316087.917,108679.0,173.973,14200
2022-07-15 13:05:00,406.93,198.209,25.887,194.632,218.603,,,,,,24.855000000000004,,,39.417,39.33,1.144,219.871,1316102.28,108679.0,189.429,14200
2022-07-15 13:10:00,405.086,250.422,26.777,245.792,237.654,,,,,,25.006000000000004,,,41.291,41.463,1.196,278.547,1316120.983,108679.0,240.584,14200
2022-07-15 13:15:00,402.613,213.899,27.657,209.523,257.443,,,,,,25.235,,,42.801,43.112,0.947,237.985,1316140.493,108679.0,205.121,14200
2022-07-15 13:20:00,406.06,176.4,28.48,173.035,271.467,,,,,,25.300000000000004,,,41.862,42.114,0.941,196.007,1316154.253,108679.0,168.966,14200
2022-07-15 13:25:00,406.528,182.98,29.114,179.275,286.555,,,,,,25.412000000000003,,,41.274,41.474,0.914,203.565,1316169.12,108679.0,175.35,14200
2022-07-15 13:30:00,403.947,154.833,30.0,151.405,300.997,,,,,,25.46,,,41.080000000000005,41.177,0.904,171.845,1316183.369,108679.0,147.788,14200
2022-07-15 13:35:00,405.723,155.904,30.753000000000004,152.376,312.95,,,,,,25.702,,,40.075,40.29,0.669,173.114,1316195.09,108679.0,149.01,14200
2022-07-15 13:40:00,405.48,167.384,31.0,164.004,325.657,,,,,,25.855,,,39.845,40.134,0.525,186.113,1316207.593,108679.0,160.073,14200
2022-07-15 13:45:00,405.85,212.289,31.977,208.098,341.427,,,,,,26.271,,,41.291,41.414,0.639,236.701,1316223.177,108679.0,204.148,14200
2022-07-15 13:50:00,403.575,186.91,32.159000000000006,183.196,357.405,,,,,,26.315999999999995,,,42.235,42.664,1.058,207.909,1316238.907,108679.0,179.459,14200
2022-07-15 13:55:00,403.18,167.376,33.0,163.797,372.087,,,,,,26.032,,,41.742,42.141,1.107,185.868,1316253.403,108679.0,160.236,14200
2022-07-15 14:00:00,404.57,164.661,33.739999999999995,161.14,385.513,,,,,,26.207,,,41.038,41.234,0.967,183.184,1316266.6,108679.0,157.536,14200
2022-07-15 14:05:00,406.137,177.501,34.0,173.868,399.2,,,,,,26.140000000000004,,,40.84700000000001,41.01,1.173,197.822,1316280.083,108679.0,170.075,14200
2022-07-15 14:10:00,405.415,215.973,34.0,211.678,415.126,,,,,,26.18,,,41.014,41.246,1.38,241.363,1316295.794,108679.0,207.569,14200
2022-07-15 14:15:00,403.867,231.386,34.923,226.59,433.847,,,,,,26.441,,,43.085,42.917,0.7219999999999999,258.62,1316314.337,108679.0,222.826,14200
2022-07-15 14:20:00,403.733,179.464,35.0,175.861,449.53,,,,,,26.700000000000003,,,43.341,43.075,1.112,200.01,1316329.79,108679.0,172.009,14200
2022-07-15 14:25:00,399.1,326.117,35.0,320.045,469.767,,,,,,26.763,,,44.672,44.411,1.015,364.94,1316349.807,108679.0,314.593,14200
2022-07-15 14:30:00,392.037,307.693,35.92699999999999,301.955,496.213,,,,,,27.306,,,49.445,49.45,0.91,344.403,1316376.04,108679.0,297.076,14200
2022-07-15 14:35:00,391.26,269.004,36.0,263.77,520.723,,,,,,27.345,,,50.314,50.524,1.315,301.829,1316400.257,108679.0,259.639,14200
2022-07-15 14:40:00,392.32,297.01,36.0,292.167,541.857,,,,,,27.219999999999995,,,50.447,50.623,0.899,332.89,1316421.173,108679.0,286.299,14200
2022-07-15 14:45:00,386.967,346.055,36.147,339.531,569.32,,,,,,27.413,,,53.285,53.517,1.353,387.655,1316448.363,108679.0,334.335,14200
2022-07-15 14:50:00,386.0,322.551,37.0,316.783,596.26,,,,,,27.596,,,54.094,54.392,1.485,361.917,1316475.047,108679.0,311.611,14200
2022-07-15 14:55:00,389.28,307.974,37.0,302.47,621.74,,,,,,27.453000000000003,,,52.489,53.117,1.762,345.426,1316500.37,108679.0,297.422,14200
2022-07-15 15:00:00,384.823,376.375,37.0,368.487,649.843,,,,,,27.778,,,53.357,54.07,1.463,421.734,1316528.17,108679.0,363.194,14200
2022-07-15 15:05:00,387.193,310.873,37.203,305.451,675.977,,,,,,27.780000000000005,,,52.638000000000005,52.478,1.883,348.837,1316554.043,108679.0,300.016,14200
2022-07-15 15:10:00,390.613,268.826,38.0,263.929,700.173,,,,,,27.711,,,50.07,49.874,2.167,302.457,1316578.003,108679.0,259.454,14200
2022-07-15 15:15:00,389.063,318.42,38.0,312.445,725.157,,,,,,27.995000000000005,,,52.391,52.465,1.275,358.161,1316602.81,108679.0,308.019,14200
2022-07-15 15:20:00,393.635,199.624,38.0,195.164,746.635,,,,,,28.148,,,50.49,50.996,1.461,224.068,1316624.113,108679.0,192.423,14200
2022-07-15 15:25:00,396.72,219.239,38.0,215.42,760.283,,,,,,27.628,,,44.13399999999999,44.488,1.778,245.799,1316637.613,108679.0,210.784,14200
2022-07-15 15:30:00,390.407,356.459,38.793,349.087,786.63,,,,,,28.307,,,48.541,48.723000000000006,1.465,401.285,1316663.69,108679.0,344.733,14200
2022-07-15 15:35:00,390.9,251.554,39.0,246.943,809.063,,,,,,28.291,,,50.138000000000005,50.229,1.299,283.08,1316685.997,108679.0,242.704,14200
2022-07-15 15:40:00,388.166,365.438,39.0,358.335,836.2029999999999,,,,,,28.598,,,53.81300000000001,54.132,1.435,410.962,1316712.967,108679.0,353.501,14200
2022-07-15 15:45:00,384.047,346.438,39.0,339.89,864.431,,,,,,28.972000000000005,,,56.002,56.218,1.669,390.2,1316740.94,108679.0,335.252,14200
2022-07-15 15:50:00,381.724,320.839,39.0,314.703,892.542,,,,,,29.232,,,56.661,56.918000000000006,0.892,361.627,1316768.87,108679.0,310.524,14200
2022-07-15 15:55:00,382.147,303.76,39.647,298.221,917.047,,,,,,29.017,,,54.716,54.925,0.907,342.699,1316793.17,108679.0,293.932,14200
2022-07-15 16:00:00,383.19,213.031,40.0,208.659,939.497,,,,,,29.241,,,55.046,54.456,0.8,240.41,1316815.46,108679.0,205.603,14200
2022-07-15 16:05:00,388.563,181.266,40.0,177.696,953.927,,,,,,28.982,,,49.986,49.62199999999999,1.454,204.203,1316829.72,108679.0,174.698,14200
2022-07-15 16:10:00,394.678,241.507,40.0,237.287,970.1400000000002,,,,,,28.892000000000003,,,47.99,47.45,0.979,272.445,1316845.791,108679.0,233.357,14200
2022-07-15 16:15:00,389.71,235.481,40.0,230.264,928.84,,,,,,29.056,,,48.615,48.099,0.8309999999999998,265.26,1316867.663,108679.0,227.313,14200
2022-07-15 16:20:00,386.413,334.309,40.0,327.968,13.303,,,,,,29.278,,,50.02799999999999,49.362,1.199,377.157,1316888.643,108679.0,323.328,14200
2022-07-15 16:25:00,385.363,270.576,40.107,265.519,39.05,,,,,,29.576000000000004,,,52.162,51.117,1.111,305.792,1316914.12,108679.0,262.1,14200
2022-07-15 16:30:00,386.61,240.886,40.777,235.647,60.177,,,,,,29.28400000000001,,,50.758,49.742,0.932,271.804,1316935.133,108679.0,232.808,14200
2022-07-15 16:35:00,386.369,116.469,41.0,113.569,73.76099999999998,,,,,,29.261,,,47.325,46.791,0.8479999999999999,130.549,1316948.548,108679.0,111.01,14200
2022-07-15 16:40:00,393.24,123.819,41.0,120.671,83.337,,,,,,29.336,,,43.541,43.055,1.188,138.687,1316958.003,108679.0,118.056,14200
2022-07-15 16:45:00,398.273,245.524,41.0,241.494,96.687,,,,,,29.165000000000003,,,44.429,43.80199999999999,0.936,277.448,1316971.197,108679.0,237.437,14200
2022-07-15 16:50:00,385.293,410.759,41.0,402.134,124.843,,,,,,29.387999999999995,,,51.948,51.074,1.0,462.663,1316999.217,108679.0,397.134,14200
2022-07-15 16:55:00,376.409,345.886,41.0,338.182,157.488,,,,,,30.022,,,58.52000000000001,58.062,1.259,389.675,1317031.671,108679.0,334.434,14200
2022-07-15 17:00:00,378.753,340.174,41.75,334.248,182.243,,,,,,30.164,,,59.04899999999999,58.671,0.5819999999999999,383.674,1317056.22,108679.0,329.447,14200
2022-07-15 17:05:00,379.113,225.486,42.0,220.462,207.567,,,,,,31.088,,,57.471,57.018,1.613,254.587,1317081.357,108679.0,218.212,14200
2022-07-15 17:10:00,386.527,190.709,42.0,186.017,224.237,,,,,,29.660000000000007,,,50.344,49.771,1.332,213.814,1317097.823,108679.0,183.09,14200
2022-07-15 17:15:00,390.439,176.799,42.0,173.362,236.056,,,,,,29.409,,,46.007,45.481,0.558,198.357,1317109.551,108679.0,169.629,14200
2022-07-15 17:20:00,388.45,310.061,42.0,304.121,257.687,,,,,,29.42,,,43.56699999999999,43.122,1.192,349.598,1317131.023,108679.0,299.936,14200
2022-07-15 17:25:00,388.093,263.772,42.0,258.637,281.61,,,,,,29.346000000000004,,,47.26,46.658,1.46,297.411,1317154.79,108679.0,254.474,14200
2022-07-15 17:30:00,383.893,347.14,42.0,340.169,305.853,,,,,,29.608,,,53.3,52.37199999999999,1.478,391.303,1317178.88,108679.0,335.849,14200
2022-07-15 17:35:00,378.283,393.732,42.52,385.666,335.867,,,,,,29.948000000000004,,,58.91,57.779,0.972,443.755,1317208.667,108679.0,380.844,14200
2022-07-15 17:40:00,371.8,333.69,43.0,325.805,367.323,,,,,,30.72,,,62.0,61.542,0.958,375.291,1317239.883,108679.0,322.53,14200
2022-07-15 17:45:00,373.439,90.976,43.0,88.433,382.329,,,,,,30.469,,,55.95000000000001,55.583,0.821,101.391,1317254.761,108679.0,85.89,14200
2022-07-15 17:50:00,389.29,124.944,43.0,121.853,391.023,,,,,,29.96,,,48.295,47.956,0.7029999999999998,139.915,1317263.327,108679.0,119.112,14200
2022-07-15 17:55:00,388.24,367.376,43.0,359.997,410.047,,,,,,30.184999999999995,,,48.254000000000005,47.467000000000006,0.375,413.407,1317282.18,108679.0,355.144,14200
2022-07-15 18:00:00,379.213,346.19,43.0,339.211,440.577,,,,,,31.498,,,53.716,52.73,0.6109999999999999,391.082,1317312.597,108679.0,335.065,14200
2022-07-15 18:05:00,377.62,343.154,43.0,336.65,467.303,,,,,,31.488,,,54.458000000000006,53.407,1.527,388.042,1317339.133,108679.0,332.157,14200
2022-07-15 18:10:00,380.419,152.839,43.0,149.181,488.316,,,,,,30.541,,,54.368,52.906,1.372,172.224,1317359.973,108679.0,146.773,14200
2022-07-15 18:15:00,385.02,333.836,43.0,327.206,506.697,,,,,,30.624,,,50.607,48.657,1.028,376.106,1317378.15,108679.0,322.98,14200
2022-07-15 18:20:00,381.097,319.14,43.25,313.243,534.333,,,,,,30.633,,,53.516,51.760000000000005,1.376,360.255,1317405.7,108679.0,309.009,14200
2022-07-15 18:25:00,375.393,389.471,44.0,381.573,563.147,,,,,,30.757,,,57.532,56.18899999999999,0.888,439.014,1317434.28,108679.0,376.905,14200
2022-07-15 18:30:00,374.183,292.537,44.0,286.674,591.963,,,,,,30.991,,,58.834,58.41499999999999,1.184,331.069,1317462.927,108679.0,283.244,14200
2022-07-15 18:35:00,377.369,334.115,44.0,327.986,614.794,,,,,,30.648,,,56.831,56.345,0.951,377.161,1317485.625,108679.0,323.285,14200
2022-07-15 18:40:00,373.947,251.821,44.0,245.696,642.157,,,,,,31.192,,,59.889,59.852,0.7399999999999999,283.146,1317512.803,108679.0,242.99,14200
2022-07-15 18:45:00,383.93,301.848,44.0,295.802,661.557,,,,,,30.779,,,54.921,54.98,1.646,340.863,1317532.037,108679.0,291.762,14200
2022-07-15 18:50:00,382.843,381.137,44.0,373.632,689.23,,,,,,30.586,,,53.84,53.506,1.7,429.925,1317559.577,108679.0,368.232,14200
2022-07-15 18:55:00,382.293,261.777,44.0,256.181,717.41,,,,,,30.667,,,55.605,54.83899999999999,1.928,295.227,1317587.54,108679.0,253.488,14200
2022-07-15 19:00:00,384.637,222.362,44.0,216.996,738.307,,,,,,30.159,,,50.184,49.934000000000005,1.777,250.101,1317608.24,108679.0,214.212,14200
2022-07-15 19:05:00,383.543,87.102,44.0,84.367,748.4629999999999,,,,,,29.788,,,44.7,44.664,1.218,96.423,1317618.23,108679.0,82.025,14200
2022-07-15 19:10:00,383.179,59.441,44.0,56.838,754.249,,,,,,29.836,,,40.339000000000006,40.147,0.934,64.88,1317623.93,108679.0,54.594,14200
2022-07-15 19:15:00,383.57,50.102,44.0,47.519,758.457,,,,,,29.637,,,37.114,37.06,1.234,54.295,1317627.923,108679.0,45.221,14200
2022-07-15 19:20:00,389.18,45.208,44.0,42.641,762.22,,,,,,29.405,,,35.484,35.218,1.053,48.834,1317631.523,108679.0,40.362,14200
2022-07-15 19:25:00,389.647,43.593,44.0,40.963,765.577,,,,,,29.380000000000003,,,34.480999999999995,34.187000000000005,0.8549999999999999,46.991,1317634.727,108679.0,38.737,14200
2022-07-15 19:30:00,393.395,61.287,44.0,58.572,769.505,,,,,,29.396,,,34.085,33.937,0.5949999999999999,66.65,1317638.518,108679.0,56.134,14200
2022-07-15 19:35:00,399.567,94.311,44.0,91.166,775.743,,,,,,29.424000000000003,,,34.747,34.645999999999994,0.811,104.001,1317644.607,108679.0,88.693,14200
2022-07-15 19:40:00,402.617,81.061,44.0,77.912,783.2,,,,,,29.512,,,35.884,35.685,0.801,88.958,1317651.92,108679.0,75.655,14200
2022-07-15 19:45:00,395.703,67.52,44.0,64.643,788.71,,,,,,29.639,,,36.011,35.690000000000005,0.752,73.605,1317657.293,108679.0,62.311,14200
2022-07-15 19:50:00,396.292,79.48099999999998,44.0,76.507,794.532,,,,,,29.663,,,35.841,35.591,1.037,87.077,1317662.934,108679.0,74.06999999999998,14200
2022-07-15 19:55:00,400.79,116.255,44.683,112.995,802.11,,,,,,29.331,,,36.237,36.046,1.213,128.968,1317670.393,108679.0,110.346,14200
2022-07-15 20:00:00,403.467,143.902,45.0,140.295,812.85,,,,,,29.236,,,37.75,37.864,1.015,160.421,1317681.027,108679.0,137.507,14200
2022-07-15 20:05:00,401.123,289.306,45.0,283.756,828.635,,,,,,29.644,,,41.881,42.095,1.462,324.521,1317696.718,108679.0,279.241,14200
2022-07-15 20:10:00,386.603,389.535,45.0,381.102,858.783,,,,,,29.974,,,50.261,50.551,1.393,436.207,1317726.653,108679.0,376.774,14200
2022-07-15 20:15:00,384.48,299.421,45.0,293.696,885.967,,,,,,30.378999999999994,,,53.93000000000001,53.71,1.681,336.655,1317753.617,108679.0,289.833,14200
2022-07-15 20:20:00,384.423,318.213,45.0,311.743,911.847,,,,,,30.994,,,55.04,54.84700000000001,1.314,357.294,1317779.323,108679.0,308.06,14200
2022-07-15 20:25:00,388.693,255.246,45.0,250.723,933.053,,,,,,30.751,,,52.666,52.686,1.708,287.116,1317800.447,108679.0,246.745,14200
2022-07-15 20:30:00,388.453,264.757,44.173,258.944,954.357,,,,,,30.34,,,51.516,51.698,1.429,297.259,1317821.593,108679.0,256.523,14200
2022-07-15 20:35:00,392.581,197.313,44.0,192.394,972.953,,,,,,30.376,,,49.843,49.882,1.297,220.942,1317840.013,108679.0,189.679,14200
2022-07-15 20:40:00,390.48,86.134,44.0,83.215,985.727,,,,,,30.329,,,47.056,46.57,1.043,95.117,1317852.65,108679.0,81.042,14200
2022-07-15 20:45:00,390.287,53.463,44.0,50.71,991.277,,,,,,29.612,,,41.991,41.235,1.784,58.241,1317858.05,108679.0,48.666,14200
2022-07-15 20:50:00,386.187,31.336,44.0,28.812,994.393,,,,,,29.14700000000001,,,37.297,36.767,1.313,34.106,1317861.073,108679.0,26.81,14200
2022-07-15 20:55:00,386.645,31.178,44.0,28.638,996.628,,,,,,28.83900000000001,,,33.837,33.304,1.265,33.857,1317863.043,108679.0,26.499,14200
2022-07-15 21:00:00,393.96,36.57,44.0,33.807,466.157,,,,,,28.452,,,31.557,31.145000000000007,0.946,39.296,1317865.853,108679.0,31.755,14200
2022-07-15 21:05:00,383.737,14.344,44.0,11.832,1.167,,,,,,28.284,,,30.794,30.501999999999995,1.095,15.139,1317867.33,108679.0,9.841,14200
2022-07-15 21:10:00,379.633,14.125,44.0,11.675,2.11,,,,,,28.089,,,30.093,29.801,0.753,14.84,1317868.073,108679.0,9.625,14200
2022-07-15 21:15:00,378.914,15.994,44.0,13.463,3.153,,,,,,27.943,,,29.516,29.198,0.817,16.384,1317869.007,108679.0,11.427,14200
2022-07-15 21:20:00,389.023,16.467,44.0,13.856,4.43,,,,,,27.693,,,29.211,28.913000000000004,1.664,16.546,1317870.003,108679.0,11.87,14200
2022-07-15 21:25:00,381.647,7.641,44.0,5.082,5.0,,,,,,26.498,,,28.277,27.955,2.735,9.011,1317871.0,108679.0,3.084,14200
2022-07-15 21:30:00,363.137,3.56,44.0,1.037,5.0,,,,,,25.145,,,26.657,26.362,4.414,8.035,1317871.0,108679.0,-1.458,14200
2022-07-15 21:35:00,367.7,7.595,44.0,5.138,5.353,,,,,,24.086,,,25.114999999999995,24.815,5.207,9.506,1317871.0,108679.0,2.572,14200
2022-07-15 21:40:00,397.392,19.914,43.272,17.321,6.392,,,,,,23.161,,,23.916,23.576000000000004,4.415,19.578,1317871.488,108679.0,14.711,14200
2022-07-15 21:45:00,395.477,26.558,43.0,23.845,8.103,,,,,,22.17,,,22.695,22.36,2.185,26.639,1317873.067,108679.0,21.303,14200
2022-07-15 21:50:00,397.953,31.293,43.0,28.42,10.273,,,,,,21.607000000000003,,,22.31,21.964,2.965,31.823,1317875.073,108679.0,25.944,14200
2022-07-15 21:55:00,394.493,29.455,43.0,26.678,12.667,,,,,,21.751999999999995,,,22.284,21.901000000000003,3.03,29.813,1317877.2,108679.0,24.135,14200
2022-07-15 22:00:00,390.42,23.65,43.0,20.914,14.557,,,,,,21.668,,,21.989999999999995,21.666000000000004,5.069,23.344,1317878.953,108679.0,18.413,14200
2022-07-15 22:05:00,395.336,23.676,42.352,20.935,16.296,,,,,,21.656,,,22.204,21.996,2.507,23.247,1317880.449,108679.0,18.402,14200
2022-07-15 22:10:00,408.917,41.284,42.0,38.614,18.367,,,,,,21.995,,,22.826,22.570999999999994,2.584,42.827,1317882.383,108679.0,35.793,14200
2022-07-15 22:15:00,423.273,153.843,42.0,149.347,27.85,,,,,,22.033,,,25.044,24.718000000000004,2.052,169.507,1317891.67,108679.0,146.897,14200
2022-07-15 22:20:00,419.283,63.393,42.0,60.411,35.013,,,,,,22.133,,,25.323,24.956,2.522,67.601,1317898.687,108679.0,57.757,14200
2022-07-15 22:25:00,416.811,56.179,42.0,53.287,40.359,,,,,,22.212000000000003,,,24.866,24.567,2.426,59.56,1317903.761,108679.0,50.669,14200
2022-07-15 22:30:00,423.427,41.232,42.0,38.336,43.687,,,,,,22.052000000000003,,,23.87400000000001,23.614,1.977,42.608,1317906.957,108679.0,35.736,14200
2022-07-15 22:35:00,416.667,51.216,41.243,48.334,47.11,,,,,,22.237,,,23.809,23.572,1.553,53.686,1317910.207,108679.0,45.594,14200
2022-07-15 22:40:00,418.347,101.889,41.0,98.716,52.353,,,,,,22.43,,,24.549,24.353,1.009,110.485,1317915.263,108679.0,95.054,14200
2022-07-15 22:45:00,421.123,121.723,41.0,118.039,62.973,,,,,,22.773,,,27.828,27.726000000000003,0.8649999999999999,133.207,1317925.671,108679.0,114.796,14200
2022-07-15 22:50:00,412.633,251.076,41.0,245.943,77.37699999999998,,,,,,23.071,,,32.224999999999994,31.928,0.555,278.677,1317939.97,108679.0,242.014,14200
2022-07-15 22:55:00,406.217,266.44,41.0,260.923,98.337,,,,,,23.896,,,38.883,38.606,0.4879999999999999,296.319,1317960.693,108679.0,256.933,14200
2022-07-15 23:00:00,401.493,247.62,41.0,242.499,119.297,,,,,,24.408,,,42.211,41.999,0.882,275.423,1317981.45,108679.0,238.698,14200
2022-07-15 23:05:00,402.03,96.265,41.0,92.876,133.402,,,,,,24.386000000000003,,,42.044,41.911,0.803,104.226,1317995.355,108679.0,90.547,14200
2022-07-15 23:10:00,410.6,138.134,40.62,134.358,142.063,,,,,,24.591,,,40.387,40.468,0.676,152.125,1318003.83,108679.0,131.037,14200
2022-07-15 23:15:00,409.137,118.842,40.0,115.42,152.343,,,,,,24.753000000000004,,,39.73,39.897,0.749,129.58,1318013.867,108679.0,111.952,14200
2022-07-15 23:20:00,410.257,129.462,40.0,125.856,162.927,,,,,,24.973000000000003,,,38.564,38.259,0.918,141.988,1318024.267,108679.0,122.453,14200
2022-07-15 23:25:00,411.415,117.476,40.0,114.015,172.787,,,,,,24.98,,,37.036,36.999,0.8379999999999999,128.461,1318033.927,108679.0,110.74,14200
2022-07-15 23:30:00,409.33,101.906,40.0,98.596,181.587,,,,,,25.096,,,36.029,35.89,0.8309999999999998,110.757,1318042.533,108679.0,95.365,14200
2022-07-15 23:35:00,409.313,87.74299999999998,40.0,84.56399999999998,189.15,,,,,,25.047,,,34.469,34.529,1.149,94.671,1318049.847,108679.0,81.449,14200
2022-07-15 23:40:00,415.137,73.307,40.0,70.246,195.577,,,,,,24.767000000000003,,,32.446,32.684999999999995,1.287,78.307,1318056.06,108679.0,67.233,14200
2022-07-15 23:45:00,407.513,59.015,40.0,56.027,200.777,,,,,,24.624,,,30.465,30.661,1.201,62.161,1318061.047,108679.0,53.101,14200
2022-07-15 23:50:00,410.813,46.244,40.0,43.345,204.803,,,,,,24.448,,,29.222,29.174,0.976,47.838,1318064.873,108679.0,40.431,14200
2022-07-15 23:55:00,402.731,39.345,40.0,36.481,208.14,,,,,,24.4,,,28.302000000000003,28.05,1.081,40.157,1318067.997,108679.0,33.593,14200
2022-10-15 00:00:00,1.0,0.0,30.0,-0.4199999999999999,236.0,0.0,0.0,37.0,-0.3469999999999999,679.0,12.137999999999998,,,7.169000000000001,7.298999999999999,0.098,4.713,1523520.0,111820.0,-3.0,14200
2022-10-15 00:05:00,1.0,0.0,30.0,-0.4169999999999999,236.0,0.0,0.0,37.0,-0.3549999999999999,679.0,12.119,,,7.432,7.563,0.2859999999999999,4.767,1523520.0,111820.0,-3.0,14200
2022-10-15 00:10:00,1.0,0.0,30.0,-0.4139999999999999,236.0,0.0,0.0,37.0,-0.3459999999999999,679.0,11.868000000000002,,,7.511999999999999,7.677000000000001,0.0729999999999999,4.826,1523520.0,111820.841,-3.0,14200
2022-10-15 00:15:00,1.0,0.0,29.733000000000004,-0.4129999999999999,236.0,0.0,0.0,36.78999999999999,-0.3479999999999999,679.0,11.619999999999996,,,7.153,7.239999999999998,0.247,4.749,1523520.0,111821.0,-3.0,14200
2022-10-15 00:20:00,1.0,0.0,29.0,-0.4139999999999999,236.0,0.0,0.0,36.0,-0.3489999999999999,679.0,11.685,,,6.861999999999998,6.864999999999999,0.57,4.883,1523520.0,111821.0,-3.0,14200
2022-10-15 00:25:00,1.0,0.0,29.0,-0.4159999999999999,236.0,0.0,0.0,36.0,-0.3469999999999999,679.0,11.674,,,6.800000000000001,6.807,0.17,4.943,1523520.0,111821.0,-3.0,14200
2022-10-15 00:30:00,1.0,0.0,29.0,-0.4109999999999999,236.0,0.0,0.0,36.0,-0.3479999999999999,679.0,11.500000000000002,,,6.935,6.892,0.448,4.931,1523520.0,111821.9,-3.0,14200
2022-10-15 00:35:00,1.0,0.0,29.0,-0.4189999999999999,236.0,0.0,0.0,36.0,-0.3489999999999999,679.0,11.48,,,7.364,7.218000000000002,0.547,4.893,1523520.0,111822.0,-3.0,14200
2022-10-15 00:40:00,1.0,0.0,28.734,-0.4159999999999999,236.0,0.0,0.0,36.0,-0.3499999999999999,679.0,11.437,,,7.432,7.242000000000002,0.265,4.914,1523520.0,111822.0,-3.0,14200
2022-10-15 00:45:00,1.0,0.0,28.000000000000004,-0.4199999999999999,236.0,0.0,0.0,35.736999999999995,-0.3489999999999999,679.0,11.46,,,7.112000000000001,6.97,0.316,4.973,1523520.0,111822.0,-3.001,14200
2022-10-15 00:50:00,1.0,0.0,28.000000000000004,-0.4159999999999999,236.0,0.0,0.0,35.0,-0.34,679.0,11.295000000000002,,,6.959999999999999,6.834999999999998,0.3539999999999999,4.941,1523520.0,111822.943,-3.0,14200
2022-10-15 00:55:00,1.0,0.0,28.000000000000004,-0.4119999999999999,236.0,0.0,0.0,35.0,-0.3449999999999999,679.0,11.243999999999998,,,7.230999999999999,7.2109999999999985,0.339,4.95,1523520.0,111823.0,-3.0,14200
2022-10-15 01:00:00,1.0,0.0,28.000000000000004,-0.4109999999999999,236.0,0.0,0.0,35.0,-0.3509999999999999,679.0,11.338,,,7.120000000000001,7.061000000000001,0.3059999999999999,4.963,1523520.0,111823.0,-3.001,14200
2022-10-15 01:05:00,1.0,0.0,27.155999999999995,-0.4169999999999999,236.0,0.0,0.0,35.0,-0.329,679.0,11.174,,,6.724,6.666,0.17,5.0,1523520.0,111823.0,-3.0,14200
2022-10-15 01:10:00,1.0,0.0,27.0,-0.4069999999999999,236.0,0.0,0.0,35.0,-0.343,679.0,11.099999999999998,,,6.482,6.412000000000002,0.067,4.999,1523520.0,111824.0,-3.004,14200
2022-10-15 01:15:00,1.0,0.0,27.0,-0.4119999999999999,236.0,0.0,0.0,35.0,-0.342,679.0,11.14,,,6.44,6.302999999999999,0.039,4.967,1523520.0,111824.0,-3.003,14200
2022-10-15 01:20:00,1.0,0.0,27.0,-0.4079999999999999,236.0,0.0,0.0,34.11300000000001,-0.338,679.0,11.119999999999996,,,6.390999999999999,6.365999999999998,0.117,4.994,1523520.0,111824.0,-3.012,14200
2022-10-15 01:25:00,1.0,0.0,27.0,-0.4119999999999999,236.0,0.0,0.0,34.0,-0.3439999999999999,679.0,11.184,,,6.44,6.527000000000002,0.0,4.991,1523520.0,111824.057,-3.029,14200
2022-10-15 01:30:00,1.0,0.0,26.542,-0.405,236.0,0.0,0.0,34.0,-0.3459999999999999,679.0,11.32,,,6.412000000000002,6.397999999999999,0.0,4.987,1523520.0,111825.0,-3.06,14200
2022-10-15 01:35:00,1.0,0.0,26.0,-0.4,236.0,0.0,0.0,34.0,-0.3469999999999999,679.0,11.277,,,6.224000000000001,6.297000000000001,0.0369999999999999,4.772,1523520.0,111825.0,-3.039,14200
2022-10-15 01:40:00,1.0,0.0,26.0,-0.4119999999999999,236.0,0.0,0.0,34.0,-0.342,679.0,11.157,,,6.343,6.3870000000000005,0.063,4.74,1523520.0,111825.0,-3.045,14200
2022-10-15 01:45:00,1.0,0.0,26.0,-0.4159999999999999,236.0,0.0,0.0,34.0,-0.341,679.0,11.099999999999998,,,6.311,6.375000000000001,0.031,5.0,1523520.0,111825.13,-3.096,14200
2022-10-15 01:50:00,1.0,0.0,26.0,-0.4089999999999999,236.0,0.0,0.0,34.0,-0.3479999999999999,679.0,11.058000000000002,,,6.376,6.400000000000001,0.1489999999999999,4.987,1523520.0,111826.0,-3.099,14200
2022-10-15 01:55:00,1.0,0.0,26.0,-0.4149999999999999,236.0,0.0,0.0,33.477000000000004,-0.3509999999999999,679.0,10.999999999999998,,,6.373999999999999,6.363999999999999,0.0,5.0,1523520.0,111826.0,-3.099,14200
2022-10-15 02:00:00,1.0,0.0,25.463,-0.4129999999999999,236.0,0.0,0.0,33.0,-0.3489999999999999,679.0,11.02,,,6.290000000000002,6.32,0.1439999999999999,4.993,1523520.0,111826.0,-3.098,14200
2022-10-15 02:05:00,1.0,0.0,25.053,-0.4169999999999999,236.0,0.0,0.0,33.0,-0.3549999999999999,679.0,10.812,,,6.260000000000001,6.403,0.164,5.0,1523520.0,111826.2,-3.1,14200
2022-10-15 02:10:00,1.0,0.0,25.0,-0.405,236.0,0.0,0.0,33.0,-0.342,679.0,10.699999999999998,,,6.224000000000001,6.219999999999999,0.096,5.004,1523520.0,111827.0,-3.1,14200
2022-10-15 02:15:00,1.0,0.0,25.0,-0.399,236.0,0.0,0.0,33.0,-0.3539999999999999,679.0,10.722,,,6.604,6.587,0.495,5.007,1523520.0,111827.0,-3.1,14200
2022-10-15 02:20:00,1.0,0.0,25.0,-0.4089999999999999,236.0,0.0,0.0,32.273,-0.3449999999999999,679.0,10.592999999999998,,,6.477,6.575999999999998,0.3469999999999999,5.009,1523520.0,111827.0,-3.1,14200
2022-10-15 02:25:00,1.0,0.0,25.0,-0.4129999999999999,236.0,0.0,0.0,32.0,-0.3469999999999999,679.0,10.5,,,6.136000000000001,6.187000000000001,0.279,5.003,1523520.0,111827.297,-3.1,14200
2022-10-15 02:30:00,1.0,0.0,25.0,-0.4109999999999999,236.0,0.0,0.0,32.0,-0.3519999999999999,679.0,10.5,,,5.999999999999998,6.033999999999998,0.049,5.004,1523520.0,111828.0,-3.1,14200
2022-10-15 02:35:00,1.0,0.0,24.84,-0.4089999999999999,236.0,0.0,0.0,32.0,-0.337,679.0,10.562999999999995,,,5.864,5.826000000000001,0.1479999999999999,5.007,1523520.0,111828.0,-3.1,14200
2022-10-15 02:40:00,1.0,0.0,24.107000000000003,-0.404,236.0,0.0,0.0,32.0,-0.3489999999999999,679.0,10.598,,,5.9,6.043000000000001,0.271,5.016,1523520.0,111828.0,-3.1,14200
2022-10-15 02:45:00,1.0,0.0,24.0,-0.4089999999999999,236.0,0.0,0.0,32.0,-0.3449999999999999,679.0,10.398,,,5.748999999999999,6.219000000000001,0.057,5.003,1523520.0,111828.38,-3.1,14200
2022-10-15 02:50:00,1.0,0.0,24.0,-0.4079999999999999,236.0,0.0,0.0,32.0,-0.3519999999999999,679.0,10.336,,,5.63,5.948999999999999,0.397,5.003,1523520.0,111829.0,-3.1,14200
2022-10-15 02:55:00,1.0,0.0,24.0,-0.4099999999999999,236.0,0.0,0.0,31.239999999999995,-0.342,679.0,10.259,,,5.528000000000001,5.621,0.197,5.005,1523520.0,111829.0,-3.1,14200
2022-10-15 03:00:00,1.123,0.0,24.0,-0.4099999999999999,236.0,0.04,0.0,31.0,-0.3489999999999999,679.0,10.140000000000002,,,5.488,5.559,0.156,4.996,1523520.0,111829.0,-3.1,14200
2022-10-15 03:05:00,2.0,0.0,24.0,-0.397,236.0,0.96,0.0,31.0,-0.3509999999999999,679.0,10.2,,,5.537,5.789000000000001,0.0609999999999999,4.991,1523520.0,111829.48,-3.1,14200
2022-10-15 03:10:00,2.0,0.0,24.0,-0.396,236.0,1.0,0.0,31.0,-0.3529999999999999,679.0,10.238000000000005,,,5.447999999999998,5.582000000000002,0.273,5.003,1523520.0,111830.0,-3.1,14200
2022-10-15 03:15:00,2.0,0.0,23.5,-0.401,236.0,1.0,0.0,31.0,-0.3469999999999999,679.0,10.181999999999997,,,5.379,5.362000000000001,0.1799999999999999,5.017,1523520.0,111830.0,-3.1,14200
2022-10-15 03:20:00,2.0,0.0,23.000000000000004,-0.4079999999999999,236.0,1.0,0.0,31.0,-0.3619999999999999,679.0,10.2,,,5.408999999999998,5.350000000000001,0.078,5.032,1523520.0,111830.0,-3.1,14200
2022-10-15 03:25:00,2.687,0.0,23.000000000000004,-0.403,236.0,1.0,0.0,31.0,-0.3549999999999999,679.0,10.239,,,5.411000000000001,5.405,0.065,5.029,1523520.0,111830.563,-3.1,14200
2022-10-15 03:30:00,3.0,0.0,23.000000000000004,-0.4169999999999999,236.0,1.0,0.0,30.559999999999995,-0.343,679.0,10.091,,,5.404000000000002,5.447,0.152,5.062,1523520.0,111831.0,-3.1,14200
2022-10-15 03:35:00,3.0,0.0,23.000000000000004,-0.404,236.0,1.263,0.0,30.0,-0.3509999999999999,679.0,9.922,,,5.660000000000001,5.693,0.34,5.084,1523520.0,111831.0,-3.1,14200
2022-10-15 03:40:00,3.0,0.0,23.000000000000004,-0.4079999999999999,236.0,2.0,0.0,30.0,-0.3569999999999999,679.0,10.062000000000005,,,5.972999999999998,6.021000000000001,0.3629999999999999,5.089,1523520.0,111831.0,-3.1,14200
2022-10-15 03:45:00,3.0,0.0,23.000000000000004,-0.4069999999999999,236.0,2.0,0.0,30.0,-0.3469999999999999,679.0,10.02,,,6.138000000000001,6.253000000000001,0.501,5.094,1523520.0,111831.65,-3.1,14200
2022-10-15 03:50:00,3.073,0.0,23.000000000000004,-0.401,236.0,2.0,0.0,30.0,-0.3539999999999999,679.0,10.08,,,6.453999999999998,6.583000000000002,0.628,5.095,1523520.0,111832.0,-3.1,14200
2022-10-15 03:55:00,3.893,0.0,22.92,-0.4,236.0,2.0,0.0,30.0,-0.3519999999999999,679.0,10.183,,,6.613,6.575,0.463,5.099,1523520.0,111832.0,-3.1,14200
2022-10-15 04:00:00,4.0,0.0,22.760000000000005,-0.406,236.0,2.0,0.0,30.0,-0.3629999999999999,679.0,10.197,,,6.490999999999999,6.377,0.2949999999999999,5.092,1523520.0,111832.0,-3.1,14200
2022-10-15 04:05:00,4.0,0.0,22.2,-0.404,236.0,2.0,0.0,30.0,-0.3519999999999999,679.0,10.18,,,6.16,6.126999999999999,0.1479999999999999,5.089,1523520.0,111832.747,-3.101,14200
2022-10-15 04:10:00,4.0,0.0,22.0,-0.399,236.0,2.0,0.0,29.593,-0.3479999999999999,679.0,10.142,,,5.923,5.884,0.1799999999999999,5.088,1523520.0,111833.0,-3.1,14200
2022-10-15 04:15:00,4.0,0.0,22.0,-0.404,236.0,2.42,0.0,29.0,-0.3499999999999999,679.0,10.18,,,5.987000000000001,6.055000000000001,0.373,5.096,1523520.0,111833.0,-3.1,14200
2022-10-15 04:20:00,4.153,0.0,22.0,-0.4069999999999999,236.0,3.0,0.0,29.0,-0.3499999999999999,679.0,10.172999999999998,,,6.197000000000001,6.2090000000000005,0.3439999999999999,5.1,1523520.0,111833.0,-3.1,14200
2022-10-15 04:25:00,5.0,0.0,22.0,-0.401,236.0,3.0,0.0,29.0,-0.3509999999999999,679.0,10.003000000000002,,,6.014999999999999,5.999999999999998,0.132,5.096,1523520.0,111833.83,-3.1,14200
2022-10-15 04:30:00,5.0,0.0,22.0,-0.4119999999999999,236.0,3.0,0.0,29.0,-0.3519999999999999,679.0,9.952,,,5.7330000000000005,5.677000000000001,0.113,5.099,1523520.0,111834.0,-3.1,14200
2022-10-15 04:35:00,5.0,0.0,22.0,-0.4079999999999999,236.0,3.0,0.0,29.0,-0.3499999999999999,679.0,9.8,,,5.513999999999999,5.471,0.123,5.1,1523520.0,111834.0,-3.1,14200
2022-10-15 04:40:00,5.0,0.0,22.0,-0.399,236.0,3.0,0.0,29.0,-0.3519999999999999,679.0,9.925000000000002,,,5.496999999999998,5.447,0.2889999999999999,5.097,1523520.0,111834.0,-3.1,14200
2022-10-15 04:45:00,5.0,0.0,22.0,-0.4079999999999999,236.0,3.0,0.0,29.0,-0.3499999999999999,679.0,10.0,,,5.757000000000001,5.855,0.4179999999999999,5.097,1523520.0,111834.93,-3.1,14200
2022-10-15 04:50:00,5.0,0.0,22.0,-0.4089999999999999,236.0,3.543,0.0,29.0,-0.3579999999999999,679.0,9.849999999999998,,,5.892999999999999,5.982999999999999,0.2889999999999999,5.091,1523520.0,111835.0,-3.1,14200
2022-10-15 04:55:00,5.0,0.0,22.0,-0.406,236.0,4.0,0.0,29.0,-0.342,679.0,9.68,,,5.704999999999999,5.759,0.0719999999999999,5.1,1523520.0,111835.0,-3.1,14200
2022-10-15 05:00:00,5.0,0.0,21.92,-0.401,236.0,4.0,0.0,28.4,-0.3499999999999999,679.0,9.743,,,5.418000000000001,5.437,0.0,5.02,1523520.0,111835.027,-3.1,14200
2022-10-15 05:05:00,5.68,0.0,21.257000000000005,-0.402,236.0,4.0,0.0,28.000000000000004,-0.3559999999999999,679.0,9.737000000000002,,,5.142999999999998,5.113999999999999,0.0,4.6,1523520.0,111836.0,-3.1,14200
2022-10-15 05:10:00,6.0,0.0,21.0,-0.4089999999999999,236.0,4.0,0.0,28.000000000000004,-0.3539999999999999,679.0,9.849,,,5.086000000000001,5.0,0.021,4.934,1523520.0,111836.0,-3.1,14200
2022-10-15 05:15:00,6.0,0.0,21.0,-0.4079999999999999,236.0,4.327,0.0,28.000000000000004,-0.3459999999999999,679.0,9.917,,,5.003000000000001,4.876999999999999,0.159,5.1,1523520.0,111836.0,-3.1,14200
2022-10-15 05:20:00,6.0,0.0,21.0,-0.406,236.0,5.0,0.0,28.000000000000004,-0.3629999999999999,679.0,9.725,,,4.869999999999999,4.799,0.132,5.087,1523520.0,111836.123,-3.1,14200
2022-10-15 05:25:00,6.0,0.0,21.0,-0.4109999999999999,236.0,5.0,0.0,28.000000000000004,-0.3579999999999999,679.0,9.609,,,4.799,4.720999999999999,0.0,5.093,1523520.0,111837.0,-3.1,14200
2022-10-15 05:30:00,6.0,0.0,21.0,-0.4089999999999999,236.0,5.0,0.0,28.000000000000004,-0.3589999999999999,679.0,9.720000000000002,,,4.797,4.685,0.0,5.093,1523520.0,111837.0,-3.1,14200
2022-10-15 05:35:00,6.0,0.0,21.0,-0.405,236.0,5.0,0.0,28.000000000000004,-0.3509999999999999,679.0,9.7,,,4.800000000000001,4.747000000000002,0.0,5.093,1523520.0,111837.0,-3.1,14200
2022-10-15 05:40:00,6.0,0.0,21.0,-0.4,236.0,5.0,0.0,28.000000000000004,-0.3459999999999999,679.0,9.739999999999998,,,4.711,4.800000000000001,0.0,4.708,1523520.0,111837.22,-3.1,14200
2022-10-15 05:45:00,6.0,0.0,21.0,-0.405,236.0,5.0,0.0,28.000000000000004,-0.3489999999999999,679.0,9.621,,,4.6030000000000015,4.710000000000001,0.0,4.736,1523520.0,111838.0,-3.1,14200
2022-10-15 05:50:00,6.567,0.0,21.0,-0.403,236.0,5.0,0.0,28.000000000000004,-0.3579999999999999,679.0,9.637,,,4.6370000000000005,4.707,0.0359999999999999,5.093,1523520.0,111838.0,-3.1,14200
2022-10-15 05:55:00,7.0,0.0,21.0,-0.396,236.0,5.0,0.0,27.053000000000004,-0.3599999999999999,679.0,9.64,,,4.774000000000002,4.847,0.02,5.099,1523520.0,111838.0,-3.1,14200
2022-10-15 06:00:00,7.0,0.0,21.0,-0.4,236.0,5.0,0.0,27.0,-0.3579999999999999,679.0,9.52,,,4.724,4.768,0.024,5.092,1523520.0,111838.32,-3.1,14200
2022-10-15 06:05:00,7.0,0.0,21.0,-0.399,236.0,5.811,0.0,27.0,-0.3529999999999999,679.0,9.441,,,4.6320000000000014,4.653,0.032,5.1,1523520.0,111839.0,-3.1,14200
2022-10-15 06:10:00,7.0,0.0,21.0,-0.404,236.0,6.0,0.0,27.0,-0.3619999999999999,679.0,9.558,,,4.5710000000000015,4.546,0.0,5.1,1523520.0,111839.0,-3.1,14200
2022-10-15 06:15:00,7.0,0.0,20.947,-0.4079999999999999,236.0,6.0,0.0,27.0,-0.3569999999999999,679.0,9.377,,,4.475,4.376999999999999,0.1719999999999999,4.79,1523520.0,111839.0,-3.1,14200
2022-10-15 06:20:00,7.54,0.0,20.437000000000005,-0.4199999999999999,236.0,6.0,0.0,27.0,-0.3559999999999999,679.0,9.38,,,4.442000000000002,4.392,0.137,4.708,1523520.0,111839.417,-3.1,14200
2022-10-15 06:25:00,8.0,0.0,20.643,-0.4,236.0,6.0,0.0,27.0,-0.3479999999999999,679.0,9.422999999999998,,,4.4830000000000005,4.424,0.031,5.091,1523520.0,111840.0,-3.1,14200
2022-10-15 06:30:00,8.0,0.0,20.0,-0.4089999999999999,236.0,6.0,0.0,27.0,-0.3599999999999999,679.0,9.477,,,4.500000000000001,4.515999999999999,0.0359999999999999,5.1,1523520.0,111840.0,-3.1,14200
2022-10-15 06:35:00,8.0,0.0,20.0,-0.401,236.0,6.0,0.0,27.0,-0.3569999999999999,679.0,9.320000000000002,,,4.483999999999998,4.508000000000002,0.0449999999999999,5.093,1523520.0,111840.0,-3.1,14200
2022-10-15 06:40:00,8.0,0.0,20.0,-0.401,236.0,6.0,0.0,27.0,-0.3589999999999999,679.0,9.321,,,4.422999999999998,4.402,0.031,5.093,1523520.0,111840.503,-3.1,14200
2022-10-15 06:45:00,8.0,0.0,20.0,-0.4069999999999999,236.0,6.0,0.0,27.0,-0.3529999999999999,679.0,9.42,,,4.439000000000001,4.341,0.029,4.977,1523520.0,111841.0,-3.087,14200
2022-10-15 06:50:00,8.0,0.0,20.0,-0.403,236.0,6.0,0.0,26.880000000000003,-0.3599999999999999,679.0,9.377,,,4.622000000000001,4.576000000000001,0.183,4.6,1523520.0,111841.0,-3.067,14200
2022-10-15 06:55:00,8.0,0.0,20.0,-0.4079999999999999,236.0,6.0,0.0,26.0,-0.3609999999999999,679.0,9.194,,,4.517999999999998,4.448,0.047,5.024,1523520.0,111841.0,-3.094,14200
2022-10-15 07:00:00,8.0,0.0,20.0,-0.399,236.0,6.0,0.0,26.0,-0.3599999999999999,679.0,9.263000000000002,,,4.6000000000000005,4.509,0.1409999999999999,5.08,1523520.0,111841.587,-3.1,14200
2022-10-15 07:05:00,8.0,0.0,20.0,-0.4069999999999999,236.0,6.0,0.0,26.0,-0.3509999999999999,679.0,9.282,,,4.4830000000000005,4.382,0.1459999999999999,5.084,1523520.0,111842.0,-3.1,14200
2022-10-15 07:10:00,8.0,0.0,20.0,-0.4109999999999999,236.0,6.807,0.0,26.0,-0.3539999999999999,679.0,9.153,,,4.361999999999998,4.266000000000002,0.1179999999999999,5.1,1523520.0,111842.0,-3.1,14200
2022-10-15 07:15:00,8.0,0.0,20.0,-0.403,236.0,7.0,0.0,26.0,-0.3549999999999999,679.0,9.063,,,4.304,4.254,0.08,5.093,1523520.0,111842.0,-3.1,14200
2022-10-15 07:20:00,8.0,0.0,20.0,-0.405,236.0,7.0,0.0,26.0,-0.3539999999999999,679.0,9.24,,,4.300000000000001,4.149000000000002,0.2109999999999999,4.965,1523520.0,111842.67,-3.091,14200
2022-10-15 07:25:00,8.0,0.0,20.0,-0.4079999999999999,236.0,7.0,0.0,26.0,-0.3469999999999999,679.0,9.163000000000002,,,4.420000000000002,4.229000000000001,0.0379999999999999,4.6,1523520.0,111843.0,-3.069,14200
2022-10-15 07:30:00,8.667,0.0,20.0,-0.404,236.0,7.0,0.0,26.0,-0.3549999999999999,679.0,9.202,,,4.472,4.300000000000001,0.008,4.945,1523520.0,111843.0,-3.087,14200
2022-10-15 07:35:00,9.0,0.0,20.0,-0.403,236.0,7.0,0.0,26.0,-0.3559999999999999,679.0,9.26,,,4.481000000000002,4.290000000000001,0.196,5.1,1523520.0,111843.0,-3.1,14200
2022-10-15 07:40:00,9.0,0.0,20.0,-0.4089999999999999,236.0,7.0,0.0,26.0,-0.3529999999999999,679.0,9.195999999999998,,,4.329000000000001,4.200000000000001,0.22,5.1,1523520.0,111843.754,-3.1,14200
2022-10-15 07:45:00,9.0,0.0,20.0,-0.4,236.0,7.0,0.0,26.0,-0.3539999999999999,679.0,9.113,,,4.231,4.126,0.1809999999999999,5.1,1523520.0,111844.0,-3.1,14200
2022-10-15 07:50:00,9.0,0.0,19.893,-0.4069999999999999,236.0,7.0,0.0,26.0,-0.3619999999999999,679.0,8.977,,,4.337999999999999,4.234000000000001,0.164,5.099,1523520.0,111844.0,-3.1,14200
2022-10-15 07:55:00,9.0,0.0,19.230000000000004,-0.406,236.0,7.227,0.0,26.0,-0.3549999999999999,679.0,9.028,,,4.509,4.574999999999999,0.0599999999999999,5.099,1523520.0,111844.0,-3.1,14200
2022-10-15 08:00:00,9.0,0.0,19.053,-0.401,236.0,7.820999999999999,0.0,26.0,-0.3569999999999999,679.0,9.224999999999998,,,4.608999999999999,4.658,0.134,4.615,1523520.0,111844.837,-3.051,14200
2022-10-15 08:05:00,9.0,0.0,19.0,-0.4,236.0,7.8,0.0,25.286999999999995,-0.3569999999999999,679.0,9.397,,,4.698,4.691999999999999,0.6139999999999999,4.892,1523520.0,111845.0,-3.092,14200
2022-10-15 08:10:00,9.0,0.0,19.0,-0.4069999999999999,236.0,7.92,0.0,25.0,-0.3599999999999999,679.0,9.146999999999998,,,4.608000000000001,4.527000000000001,0.325,5.097,1523520.0,111845.0,-3.1,14200
2022-10-15 08:15:00,9.0,0.0,19.083,-0.406,236.0,8.0,0.0,25.0,-0.3559999999999999,679.0,8.827999999999998,,,4.501,4.410000000000001,0.436,5.1,1523520.0,111845.0,-3.1,14200
2022-10-15 08:20:00,9.0,0.0,19.027,-0.4,236.0,8.0,0.0,25.0,-0.3519999999999999,679.0,8.566,,,4.605999999999998,4.504,0.233,5.1,1523520.0,111845.92,-3.1,14200
2022-10-15 08:25:00,9.0,0.0,19.0,-0.4099999999999999,236.0,8.0,0.0,25.0,-0.3679999999999999,679.0,8.599999999999998,,,4.621,4.485,0.0589999999999999,5.1,1523520.0,111846.0,-3.1,14200
2022-10-15 08:30:00,9.0,0.0,19.0,-0.404,236.0,8.0,0.0,25.0,-0.3599999999999999,679.0,8.804999999999998,,,4.510000000000002,4.349999999999999,0.0,5.101,1523520.0,111846.0,-3.1,14200
2022-10-15 08:35:00,9.0,0.0,19.0,-0.401,236.0,8.0,0.0,25.0,-0.3639999999999999,679.0,8.96,,,4.292,4.193999999999999,0.0529999999999999,5.017,1523520.0,111846.007,-3.091,14200
2022-10-15 08:40:00,9.0,0.0,19.0,-0.4079999999999999,236.0,8.0,0.0,25.0,-0.3689999999999999,679.0,8.836999999999998,,,4.081,4.149000000000002,0.008,4.6,1523520.0,111847.0,-3.037,14200
2022-10-15 08:45:00,9.0,0.0,19.0,-0.404,236.0,8.0,0.0,25.0,-0.3519999999999999,679.0,8.66,,,3.9149999999999983,3.928,0.083,4.943,1523520.0,111847.0,-3.084,14200
2022-10-15 08:50:00,9.0,0.0,19.0,-0.391,236.0,8.0,0.0,25.0,-0.3669999999999999,679.0,8.714000000000002,,,3.801,3.7390000000000017,0.194,5.093,1523520.0,111847.0,-3.1,14200
2022-10-15 08:55:00,9.0,0.0,19.0,-0.404,236.0,8.0,0.0,25.0,-0.3479999999999999,679.0,8.557,,,3.789,3.699999999999998,0.216,5.06,1523520.0,111847.093,-3.1,14200
2022-10-15 09:00:00,9.0,0.0,19.0,-0.4,236.0,8.0,0.0,25.0,-0.3559999999999999,679.0,8.355999999999998,,,3.658000000000001,3.6340000000000017,0.163,5.078,1523520.0,111848.0,-3.1,14200
2022-10-15 09:05:00,9.0,0.0,19.0,-0.4069999999999999,236.0,8.0,0.0,25.0,-0.3499999999999999,679.0,8.26,,,3.5999999999999983,3.5319999999999987,0.0439999999999999,5.087,1523520.0,111848.0,-3.1,14200
2022-10-15 09:10:00,9.0,0.0,19.0,-0.4,236.0,8.0,0.0,25.0,-0.3639999999999999,679.0,8.343000000000002,,,3.5770000000000004,3.5249999999999995,0.0219999999999999,5.068,1523520.0,111848.0,-3.1,14200
2022-10-15 09:15:00,9.0,0.0,19.0,-0.396,236.0,8.0,0.0,24.493,-0.3589999999999999,679.0,8.383,,,3.5360000000000014,3.536999999999999,0.034,4.968,1523520.0,111848.173,-3.1,14200
2022-10-15 09:20:00,9.0,0.0,19.0,-0.4069999999999999,236.0,8.0,0.0,24.0,-0.3619999999999999,679.0,8.499999999999998,,,3.6439999999999984,3.5999999999999983,0.0,5.003,1523520.0,111849.0,-3.1,14200
2022-10-15 09:25:00,9.0,0.0,19.0,-0.4069999999999999,236.0,8.0,0.0,24.0,-0.3629999999999999,679.0,8.561999999999998,,,3.6149999999999993,3.6310000000000007,0.0439999999999999,5.064,1523520.0,111849.0,-3.1,14200
2022-10-15 09:30:00,9.0,0.0,18.947000000000003,-0.403,236.0,8.0,0.0,24.0,-0.3609999999999999,679.0,8.455,,,3.692999999999999,3.728,0.116,5.08,1523520.0,111849.0,-3.1,14200
2022-10-15 09:35:00,9.0,0.0,18.55,-0.399,236.0,8.0,0.0,24.0,-0.373,679.0,8.372999999999998,,,3.6759999999999993,3.658000000000001,0.1179999999999999,5.037,1523520.0,111849.26,-3.1,14200
2022-10-15 09:40:00,9.0,0.0,18.083,-0.4,236.0,8.0,0.0,24.0,-0.3479999999999999,679.0,8.114,,,3.518,3.489999999999998,0.225,5.039,1523520.0,111850.0,-3.1,14200
2022-10-15 09:45:00,9.0,0.0,18.797,-0.401,236.0,8.0,0.0,24.0,-0.3619999999999999,679.0,8.040000000000001,,,3.4820000000000007,3.392999999999999,0.082,5.072,1523520.0,111850.0,-3.1,14200
2022-10-15 09:50:00,9.0,0.0,18.000000000000004,-0.396,236.0,8.0,0.0,24.0,-0.3689999999999999,679.0,8.0,,,3.448999999999999,3.4060000000000006,0.0589999999999999,5.039,1523520.0,111850.0,-3.1,14200
2022-10-15 09:55:00,9.0,0.0,18.000000000000004,-0.404,236.0,8.0,0.0,24.0,-0.3539999999999999,679.0,8.079999999999998,,,3.4999999999999982,3.7170000000000014,0.151,5.027,1523520.0,111850.343,-3.1,14200
2022-10-15 10:00:00,9.0,0.0,18.000000000000004,-0.404,236.0,8.0,0.0,24.0,-0.3569999999999999,679.0,8.083999999999998,,,3.499000000000001,3.8900000000000015,0.0,5.059,1523520.0,111851.0,-3.1,14200
2022-10-15 10:05:00,9.0,0.0,18.000000000000004,-0.405,236.0,8.0,0.0,24.0,-0.3499999999999999,679.0,8.177000000000001,,,3.511000000000001,3.8439999999999994,0.0,5.034,1523520.0,111851.0,-3.1,14200
2022-10-15 10:10:00,9.0,0.0,18.000000000000004,-0.404,236.0,8.0,0.0,24.0,-0.3639999999999999,679.0,8.062999999999997,,,3.4999999999999982,3.723,0.0,4.973,1523520.0,111851.0,-3.1,14200
2022-10-15 10:15:00,9.0,0.0,18.000000000000004,-0.404,236.0,8.0,0.0,24.0,-0.3609999999999999,679.0,8.223,,,3.4999999999999982,3.743,0.023,4.995,1523520.0,111851.415,-3.1,14200
2022-10-15 10:20:00,9.0,0.0,18.000000000000004,-0.395,236.0,8.0,0.0,24.0,-0.3599999999999999,679.0,8.306000000000001,,,3.5049999999999986,3.6879999999999984,0.084,4.987,1523520.0,111852.0,-3.1,14200
2022-10-15 10:25:00,9.090000000000002,0.0,18.000000000000004,-0.405,236.0,8.0,0.0,24.0,-0.3659999999999999,679.0,8.354,,,3.531000000000001,3.574,0.228,4.931,1523520.0,111852.0,-3.1,14200
2022-10-15 10:30:00,10.047,0.0,18.000000000000004,-0.4,236.0,8.743,0.0,24.0,-0.3659999999999999,679.0,8.143,,,3.489999999999998,3.4999999999999982,0.0089999999999999,4.979,1523520.0,111852.0,-3.1,14200
2022-10-15 10:35:00,12.422,0.0,18.000000000000004,-0.4,236.0,11.326,0.0,24.0,-0.3479999999999999,679.0,8.153,,,3.399000000000001,3.4269999999999987,0.078,4.961,1523520.0,111852.485,-3.099,14200
2022-10-15 10:40:00,18.367,0.0,18.000000000000004,-0.4,236.0,17.903,0.0,23.557,-0.3649999999999999,679.0,8.122999999999998,,,3.304999999999999,3.3530000000000006,0.0599999999999999,5.036,1523520.0,111853.0,-3.099,14200
2022-10-15 10:45:00,31.317,0.0,18.000000000000004,-0.406,236.0,32.187,0.0,23.000000000000004,-0.3489999999999999,679.0,8.243000000000002,,,3.299999999999999,3.396,0.0,4.852,1523520.0,111853.0,-3.099,14200
2022-10-15 10:50:00,54.824,0.0,18.000000000000004,-0.397,236.0,57.565,0.0,23.000000000000004,-0.37,679.0,8.297000000000002,,,3.4280000000000004,3.604000000000001,0.069,4.6,1523520.0,111853.0,-3.0,14200
2022-10-15 10:55:00,90.863,0.0,18.000000000000004,-0.4069999999999999,236.0,96.8,0.0,23.000000000000004,-0.372,679.0,8.030000000000001,,,3.4700000000000006,3.662,0.096,4.771,1523520.0,111853.557,-3.079,14200
2022-10-15 11:00:00,149.827,0.0,18.000000000000004,-0.397,236.0,162.513,0.0,23.000000000000004,-0.3619999999999999,679.0,7.923000000000004,,,3.628,3.726000000000001,0.394,4.841,1523520.0,111854.0,-3.099,14200
2022-10-15 11:05:00,234.443,0.0,18.000000000000004,-0.395,236.0,249.763,0.0,23.000000000000004,-0.3659999999999999,679.0,7.933999999999998,,,4.06,3.938,0.5949999999999999,4.733,1523520.0,111854.0,-3.079,14200
2022-10-15 11:10:00,296.973,0.0,18.000000000000004,-0.404,236.0,310.173,0.0,23.000000000000004,-0.3629999999999999,679.0,7.8,,,4.356000000000001,4.246,0.381,4.605,1523520.0,111854.0,-3.007,14200
2022-10-15 11:15:00,346.77,0.0,18.000000000000004,-0.405,236.0,355.5,0.0,23.000000000000004,-0.3609999999999999,679.0,7.777000000000003,,,4.124999999999998,3.956999999999999,0.1719999999999999,4.6,1523520.0,111854.627,-3.001,14200
2022-10-15 11:20:00,385.11,0.0,18.000000000000004,-0.403,236.0,374.299,-0.024,23.000000000000004,-0.7259999999999999,679.0,7.684000000000002,,,3.85,3.709999999999999,0.2869999999999999,5.741,1523520.0,111855.0,-3.376,14200
2022-10-15 11:25:00,413.117,0.0,18.000000000000004,-0.4069999999999999,236.0,330.513,0.2099999999999999,23.000000000000004,-1.321,679.0,7.655999999999999,,,3.756000000000002,3.604000000000001,0.11,10.098,1523520.0,111855.0,-4.504,14200
2022-10-15 11:30:00,431.913,0.0,18.000000000000004,-0.4089999999999999,236.0,355.827,0.4709999999999999,23.000000000000004,-0.677,679.0,7.953999999999998,,,3.8090000000000006,3.680999999999999,0.023,9.056,1523520.0,111855.473,-3.918,14200
2022-10-15 11:35:00,445.177,0.0,17.893000000000004,-0.406,236.0,438.393,-0.231,23.000000000000004,-0.3559999999999999,679.0,7.93,,,4.227999999999999,4.227999999999999,0.371,5.407,1523520.0,111856.0,-3.505,14200
2022-10-15 11:40:00,454.953,0.0,17.689999999999998,-0.396,236.0,430.48,0.436,23.000000000000004,-0.104,679.0,7.991999999999998,,,4.496,4.656000000000001,0.1179999999999999,6.0,1523520.0,111856.0,-3.163,14200
2022-10-15 11:45:00,462.347,0.0,17.053,-0.403,236.0,356.447,3.659,23.000000000000004,2.212,679.0,8.157000000000004,,,4.617000000000001,4.757999999999999,0.1,9.522,1523520.0,111856.0,-1.081,14200
2022-10-15 11:50:00,467.643,0.0,17.027,-0.401,236.0,369.84,5.295,23.087000000000003,3.815,679.0,8.183,,,4.940999999999999,5.208000000000001,0.5799999999999998,9.368,1523520.0,111856.0,0.682,14200
2022-10-15 11:55:00,471.753,0.0,17.0,-0.403,236.0,383.56,10.233,24.0,8.734999999999998,679.39,8.350999999999999,,,5.447,5.831,0.0729999999999999,11.185,1523520.0,111856.0,5.495,14200
2022-10-15 12:00:00,475.86,0.0,17.0,-0.401,236.0,421.96,25.553,24.0,23.941,680.723,8.486,,,5.938000000000001,6.185000000000001,0.048,26.047,1523521.13,111856.0,20.695,14200
2022-10-15 12:05:00,485.373,0.0,17.44,-0.4099999999999999,236.0,431.68,46.135,24.0,44.427,683.52,8.929000000000002,,,6.668000000000001,6.810999999999999,0.255,49.685,1523523.64,111856.0,41.043,14200
2022-10-15 12:10:00,503.523,0.0,17.19,-0.399,236.0,432.083,64.501,24.0,62.663,688.013,9.151,,,7.457999999999998,7.598,0.0529999999999999,70.347,1523527.867,111856.0,59.187,14200
2022-10-15 12:15:00,517.117,0.0,17.0,-0.395,236.0,431.263,82.00499999999998,24.0,80.147,693.863,9.558,,,8.184000000000001,8.348999999999998,0.108,90.227,1523533.533,111856.0,76.415,14200
2022-10-15 12:20:00,524.103,0.0,17.0,-0.399,236.0,429.64,99.801,24.0,97.851,701.23,10.181999999999997,,,9.029999999999998,9.163000000000002,0.035,110.612,1523540.61,111856.0,93.992,14200
2022-10-15 12:25:00,526.751,0.0,17.0,-0.4,236.0,428.326,117.252,24.286,115.199,710.043,10.767,,,9.949999999999998,10.047999999999998,0.1439999999999999,130.625,1523549.189,111856.0,111.196,14200
2022-10-15 12:30:00,528.0,0.0,17.08,-0.399,236.0,427.847,134.479,25.0,132.4,720.273,11.211,,,10.892000000000005,11.021,0.132,150.506,1523559.167,111856.0,128.279,14200
2022-10-15 12:35:00,527.743,0.0,17.572999999999997,-0.402,236.0,426.247,152.107,25.0,149.936,731.957,11.755,,,11.835,11.97,0.115,170.771,1523570.583,111856.0,145.657,14200
2022-10-15 12:40:00,525.557,0.0,17.493000000000002,-0.4,236.0,423.58,168.052,25.25,165.8,745.043,12.574999999999998,,,12.72,12.898,0.276,189.008,1523583.363,111856.0,161.297,14200
2022-10-15 12:45:00,523.937,0.0,17.973,-0.394,236.0,420.693,183.445,26.0,181.075,759.3669999999998,13.209,,,13.631999999999998,13.843,0.157,206.624,1523597.44,111856.0,176.449,14200
2022-10-15 12:50:00,522.327,0.0,18.000000000000004,-0.403,236.0,417.423,200.093,26.0,197.616,775.0299999999999,13.814,,,14.277,14.442,0.7019999999999998,225.636,1523612.847,111856.0,192.767,14200
2022-10-15 12:55:00,520.873,0.0,18.000000000000004,-0.4,236.0,414.44,216.842,26.257000000000005,214.13,792.057,14.28,,,14.666,14.874000000000002,1.291,244.767,1523629.607,111856.0,209.144,14200
2022-10-15 13:00:00,519.548,0.0,18.000000000000004,-0.4139999999999999,236.0,411.349,232.245,27.0,229.364,810.4579999999999,14.773,,,14.695,15.105,1.053,262.472,1523647.718,111856.0,224.388,14200
2022-10-15 13:05:00,517.599,0.0,18.000000000000004,-0.396,236.0,407.793,242.015,27.0,238.989,829.826,15.255000000000004,,,15.117,15.535,1.211,273.804,1523666.793,111856.0,233.985,14200
2022-10-15 13:10:00,515.505,0.0,18.000000000000004,-0.4079999999999999,236.0,405.352,249.218,27.252,246.161,849.947,15.582999999999998,,,15.566,16.046000000000003,0.891,282.247,1523686.654,111856.0,241.232,14200
2022-10-15 13:15:00,514.093,0.0,18.293000000000003,-0.402,236.0,404.07,253.055,28.000000000000004,250.025,870.543,15.836,,,16.567,16.996,1.193,285.487,1523706.96,111856.0,245.05,14200
2022-10-15 13:20:00,514.254,0.0,19.0,-0.401,236.0,402.776,256.564,28.000000000000004,253.472,891.3239999999998,16.087000000000003,,,17.058,17.581000000000003,1.927,289.042,1523727.472,111856.0,248.501,14200
2022-10-15 13:25:00,514.153,0.0,19.0,-0.395,236.0,401.837,259.947,28.419,256.772,912.429,16.326999999999998,,,17.769999999999996,18.175,1.992,292.989,1523748.322,111856.0,251.832,14200
2022-10-15 13:30:00,514.86,0.0,19.0,-0.397,236.0,401.287,263.232,29.0,260.055,933.8370000000002,16.510000000000005,,,18.020000000000003,18.405000000000005,1.84,296.685,1523769.47,111856.0,255.028,14200
2022-10-15 13:35:00,513.57,0.0,19.0,-0.4,236.0,401.497,266.17,29.0,262.908,955.493,16.789,,,19.386000000000003,19.497,1.047,300.111,1523790.82,111856.0,257.862,14200
2022-10-15 13:40:00,512.613,0.0,19.787000000000003,-0.4,236.0,400.43,268.217,29.463000000000005,264.97,977.3370000000002,17.044,,,20.277,20.074,1.688,302.572,1523812.39,111856.0,259.895,14200
2022-10-15 13:45:00,511.11,0.0,20.0,-0.405,236.0,399.834,269.946,30.0,266.65,510.973,17.310999999999996,,,21.038,20.732,1.223,304.483,1523834.15,111856.0,261.55,14200
2022-10-15 13:50:00,510.0,0.0,20.0,-0.401,236.0,398.147,270.495,30.0,267.187,21.437,17.571,,,21.905,21.569000000000003,1.435,305.429,1523855.983,111856.0,262.16,14200
2022-10-15 13:55:00,510.983,0.0,20.057,-0.403,236.0,396.833,271.629,30.39,268.317,43.6,17.642999999999997,,,21.841,21.619,2.055,307.008,1523877.867,111856.0,263.288,14200
2022-10-15 14:00:00,510.193,0.0,20.967,-0.405,236.0,395.433,272.553,31.0,269.262,65.853,17.951999999999998,,,22.87,22.492999999999995,1.168,308.181,1523899.827,111856.0,264.238,14200
2022-10-15 14:05:00,509.033,0.0,21.0,-0.402,236.0,395.537,273.794,31.0,270.43,88.22,18.266,,,25.215,24.592,1.142,309.622,1523921.943,111856.0,265.398,14200
2022-10-15 14:10:00,507.507,0.0,21.0,-0.404,236.0,393.3,274.008,31.117,270.616,110.567,18.751,,,26.875,25.818,1.062,310.125,1523944.04,111856.0,265.685,14200
2022-10-15 14:15:00,507.359,0.0,21.505000000000003,-0.402,236.0,394.422,273.746,32.0,270.388,132.997,18.692,,,27.783,26.853,1.628,309.975,1523966.186,111856.0,265.415,14200
2022-10-15 14:20:00,507.167,0.0,22.0,-0.4149999999999999,236.0,393.779,274.039,32.0,270.68,155.355,18.684000000000005,,,28.216,29.159,2.127,310.463,1523988.318,111856.0,265.745,14200
2022-10-15 14:25:00,506.653,0.0,22.0,-0.406,236.0,392.34,273.735,32.0,270.434,177.757,18.772,,,29.4,31.461,1.412,310.229,1524010.417,111856.0,265.476,14200
2022-10-15 14:30:00,506.0,0.0,22.282,-0.4,236.0,390.801,272.978,32.708,269.756,200.136,19.309000000000005,,,30.925000000000004,33.479000000000006,1.395,309.3,1524032.528,111856.0,264.828,14200
2022-10-15 14:35:00,506.617,0.0,22.963,-0.405,236.0,393.493,272.364,33.0,268.984,222.457,19.36,,,31.242,34.069,2.211,308.42,1524054.603,111856.0,264.132,14200
2022-10-15 14:40:00,506.373,0.0,23.000000000000004,-0.4119999999999999,236.0,394.457,271.328,33.277,267.968,244.66,19.619,,,32.074,34.626999999999995,1.247,307.136,1524076.533,111856.0,262.994,14200
2022-10-15 14:45:00,504.565,0.0,23.000000000000004,-0.401,236.0,393.894,269.522,34.0,266.22,266.801,19.944,,,33.462,36.132,1.259,305.262,1524098.385,111856.0,261.246,14200
2022-10-15 14:50:00,504.0,0.0,23.917,-0.4089999999999999,236.0,393.493,268.681,34.0,265.392,288.817,20.135,,,35.648,37.272000000000006,1.459,304.082,1524120.15,111856.0,260.409,14200
2022-10-15 14:55:00,505.44,0.0,24.0,-0.403,236.0,393.177,267.709,34.0,264.523,310.74,20.280000000000005,,,36.513,37.275000000000006,1.812,302.598,1524141.82,111856.0,259.555,14200
2022-10-15 15:00:00,505.653,0.0,24.0,-0.4069999999999999,236.0,392.93,266.048,34.067,262.84,332.547,20.566,,,36.557,37.07,1.918,300.783,1524163.36,111856.0,257.941,14200
2022-10-15 15:05:00,506.063,0.0,24.747,-0.4149999999999999,236.0,395.247,265.06,35.0,261.762,354.253,20.721,,,37.36,37.648,0.988,299.675,1524184.817,111856.0,256.897,14200
2022-10-15 15:10:00,504.437,0.0,25.0,-0.4119999999999999,236.0,391.983,263.279,35.0,260.126,375.84,21.184000000000005,,,38.792,38.95700000000001,1.267,297.882,1524206.12,111856.0,255.28,14200
2022-10-15 15:15:00,506.233,0.0,25.0,-0.4089999999999999,236.0,391.173,263.173,35.0,260.054,397.369,21.001,,,38.187,38.837,2.464,297.838,1524227.409,111856.0,255.211,14200
2022-10-15 15:20:00,508.187,0.0,25.487,-0.4079999999999999,236.0,394.987,263.744,35.0,260.541,418.933,20.910999999999994,,,37.132,37.849,2.138,298.445,1524248.727,111856.0,255.726,14200
2022-10-15 15:25:00,507.257,0.0,26.0,-0.4159999999999999,236.0,394.28,262.001,35.603,258.871,440.46,21.448,,,38.59,38.89,1.573,296.498,1524269.943,111856.0,254.068,14200
2022-10-15 15:30:00,505.667,0.0,26.0,-0.4159999999999999,236.0,394.097,260.703,36.0,257.538,461.837,21.483,,,39.591,39.945,1.84,295.098,1524291.063,111856.0,252.791,14200
2022-10-15 15:35:00,506.533,0.0,26.187,-0.402,236.0,392.07,260.311,36.0,257.146,483.067,21.404,,,39.04,39.373,2.079,294.67,1524312.107,111856.0,252.428,14200
2022-10-15 15:40:00,506.403,0.0,27.0,-0.402,236.0,392.43,259.368,36.0,256.234,504.353,21.576,,,39.573,39.593,1.919,293.62,1524333.09,111856.0,251.51,14200
2022-10-15 15:45:00,506.877,0.0,27.0,-0.4219999999999999,236.0,395.312,257.899,36.0,254.693,525.502,21.407,,,39.691,40.065000000000005,1.942,291.891,1524354.027,111856.0,250.022,14200
2022-10-15 15:50:00,506.7,0.0,27.007,-0.4069999999999999,236.0,391.89,256.694,36.487,253.615,546.547,21.663,,,39.966,40.561,2.372,290.705,1524374.823,111856.0,248.98,14200
2022-10-15 15:55:00,506.0,0.0,27.893000000000004,-0.4099999999999999,236.0,390.797,255.436,37.0,252.37,567.467,21.887000000000004,,,40.432,40.881,1.913,289.244,1524395.493,111856.0,247.722,14200
2022-10-15 16:00:00,506.0,0.0,28.000000000000004,-0.4159999999999999,236.0,394.96,254.779,37.0,251.585,588.342,22.131000000000004,,,40.878,41.884,1.558,288.306,1524416.113,111856.0,247.001,14200
2022-10-15 16:05:00,506.523,0.0,28.000000000000004,-0.4119999999999999,236.0,392.84,254.361,37.0,251.243,609.2,22.497,,,41.287,42.456,2.367,287.869,1524436.707,111856.0,246.656,14200
2022-10-15 16:10:00,507.0,0.0,28.000000000000004,-0.4109999999999999,236.0,393.833,253.536,37.0,250.518,629.937,22.328,,,41.325,42.322,1.48,286.996,1524457.197,111856.0,245.863,14200
2022-10-15 16:15:00,506.893,0.0,28.61,-0.4139999999999999,236.0,393.093,252.673,37.0,249.562,650.62,22.433000000000003,,,41.358,42.43300000000001,1.967,285.808,1524477.643,111856.0,244.96,14200
2022-10-15 16:20:00,507.713,0.0,29.0,-0.4129999999999999,236.0,395.453,252.332,37.83,249.168,671.237,22.157,,,40.973,42.144,1.969,285.526,1524498.017,111856.0,244.635,14200
2022-10-15 16:25:00,509.435,0.0,29.0,-0.4139999999999999,236.0,396.678,252.045,38.0,248.904,691.85,22.163,,,40.092,40.722,2.413,285.234,1524518.419,111856.0,244.36,14200
2022-10-15 16:30:00,510.283,0.0,29.0,-0.4199999999999999,236.0,396.373,251.725,38.0,248.526,712.473,22.203,,,40.22,40.811,2.816,284.723,1524538.8,111856.0,244.009,14200
2022-10-15 16:35:00,511.107,0.0,29.0,-0.4209999999999999,236.0,397.317,252.19,38.0,249.011,733.037,22.056,,,39.588,40.49,2.862,285.289,1524559.13,111856.0,244.473,14200
2022-10-15 16:40:00,511.657,0.0,29.837,-0.4149999999999999,236.0,399.2,252.183,38.0,248.992,753.6169999999998,22.144,,,38.923,39.92400000000001,3.324,285.3,1524579.49,111856.0,244.436,14200
2022-10-15 16:45:00,511.253,0.0,30.0,-0.4149999999999999,236.0,398.957,251.825,38.0,248.556,774.2029999999999,22.370000000000005,,,38.405,39.572,3.628,284.862,1524599.867,111856.0,244.051,14200
2022-10-15 16:50:00,510.38,0.0,30.0,-0.4209999999999999,236.0,398.83,251.256,38.0,248.038,794.7799999999999,22.58,,,39.1,39.95,2.937,284.263,1524620.15,111856.0,243.534,14200
2022-10-15 16:55:00,510.867,0.0,30.0,-0.4169999999999999,236.0,397.733,250.844,38.0,247.719,815.2569999999998,22.373,,,38.03,39.1,4.59,283.89,1524640.42,111856.0,243.154,14200
2022-10-15 17:00:00,512.691,0.0,30.0,-0.4199999999999999,236.0,399.355,251.281,38.0,248.048,835.831,22.392,,,37.379,38.051,3.807,284.338,1524660.761,111856.0,243.517,14200
2022-10-15 17:05:00,511.453,0.0,30.21,-0.405,236.0,398.62,249.928,38.583,246.724,856.347,22.368,,,37.597,38.115,3.507,282.776,1524681.003,111856.0,242.201,14200
2022-10-15 17:10:00,508.363,0.0,31.0,-0.4119999999999999,236.0,397.033,249.275,39.0,246.126,876.687,23.291,,,38.964,39.475,2.894,282.164,1524701.13,111856.0,241.641,14200
2022-10-15 17:15:00,507.003,0.0,31.0,-0.4179999999999999,236.0,395.967,248.947,39.0,245.804,897.067,23.210000000000004,,,40.014,40.456,2.153,281.802,1524721.253,111856.0,241.316,14200
2022-10-15 17:20:00,506.14,0.0,31.0,-0.4169999999999999,236.0,393.55,249.072,39.0,245.914,917.377,23.501,,,40.898,41.287,2.824,282.043,1524741.377,111856.0,241.488,14200
2022-10-15 17:25:00,508.143,0.0,31.0,-0.4129999999999999,236.0,395.77,250.034,39.0,246.906,937.787,23.135,,,40.817,41.15,3.642,283.077,1524761.533,111856.0,242.391,14200
2022-10-15 17:30:00,508.05,0.0,31.0,-0.4149999999999999,236.0,396.342,250.113,39.0,246.96,958.269,23.028,,,40.08500000000001,40.565,3.613,283.077,1524781.757,111856.0,242.444,14200
2022-10-15 17:35:00,506.707,0.0,31.077,-0.4079999999999999,236.0,394.16,249.196,39.0,246.026,978.707,23.143,,,40.761,40.829,2.582,282.191,1524801.957,111856.0,241.605,14200
2022-10-15 17:40:00,504.79,0.0,31.997,-0.4169999999999999,236.0,394.58,248.3,39.0,245.221,525.653,23.496,,,41.277,41.408,3.029,281.25,1524822.033,111856.0,240.759,14200
2022-10-15 17:45:00,504.003,0.0,32.0,-0.4229999999999999,236.0,393.987,249.32,39.0,246.155,19.337,23.53,,,41.382,41.531,3.383,282.356,1524842.12,111856.0,241.7,14200
2022-10-15 17:50:00,504.0,0.0,32.0,-0.4139999999999999,236.0,392.247,250.393,39.0,247.279,39.74,23.591,,,40.915,40.659,3.222,283.68,1524862.307,111856.0,242.832,14200
2022-10-15 17:55:00,503.303,0.0,32.0,-0.4169999999999999,236.0,391.76,251.092,39.827,247.977,60.233,23.698000000000004,,,41.413,40.873,3.012,284.435,1524882.543,111856.0,243.509,14200
2022-10-15 18:00:00,504.96,0.0,32.0,-0.4159999999999999,236.0,391.92,252.691,40.0,249.639,80.827,23.812,,,41.14000000000001,41.02,3.153,286.439,1524902.95,111856.0,245.083,14200
2022-10-15 18:05:00,506.293,0.0,32.0,-0.4129999999999999,236.0,392.85,254.591,40.0,251.389,101.553,23.543,,,39.892,39.313,4.14,288.598,1524923.4,111856.0,246.869,14200
2022-10-15 18:10:00,506.0,0.0,32.487,-0.4209999999999999,236.0,392.9,252.513,40.0,249.311,122.207,23.831,,,39.643,38.97,3.412,286.403,1524943.88,111856.0,244.884,14200
2022-10-15 18:15:00,506.203,0.0,33.0,-0.4209999999999999,236.0,392.664,249.753,40.0,246.608,142.841,24.083,,,39.591,38.91,3.029,282.996,1524964.236,111856.0,242.133,14200
2022-10-15 18:20:00,506.72,0.0,33.0,-0.4139999999999999,236.0,392.047,254.919,40.0,251.74,163.467,24.075,,,39.42600000000001,39.067,2.463,288.162,1524984.61,111856.0,247.249,14200
2022-10-15 18:25:00,505.723,0.0,33.0,-0.4189999999999999,236.0,389.6,255.801,40.0,252.621,184.297,24.129,,,39.829,39.93300000000001,2.637,289.083,1525005.257,111856.0,248.101,14200
2022-10-15 18:30:00,504.307,0.0,33.0,-0.4219999999999999,236.0,390.827,256.966,40.0,253.692,205.25,24.072,,,39.61,39.499,3.59,290.496,1525025.983,111856.0,249.213,14200
2022-10-15 18:35:00,505.513,0.0,33.0,-0.4159999999999999,236.0,392.107,258.177,40.0,254.89,226.283,23.987,,,39.033,38.376000000000005,2.694,291.766,1525046.777,111856.0,250.391,14200
2022-10-15 18:40:00,503.336,0.0,33.136,-0.4239999999999999,236.0,391.319,258.189,40.0,254.945,247.372,24.49900000000001,,,39.448,39.13399999999999,2.913,291.75,1525067.664,111856.0,250.42,14200
2022-10-15 18:45:00,504.173,0.0,33.927,-0.4189999999999999,236.0,390.407,258.895,40.0,255.672,268.547,24.357000000000003,,,39.257,38.654,2.57,292.591,1525088.583,111856.0,251.151,14200
2022-10-15 18:50:00,503.69,0.0,34.0,-0.4189999999999999,236.0,389.313,259.418,40.0,256.172,289.707,24.744,,,39.157,38.552,2.349,293.149,1525109.523,111856.0,251.642,14200
2022-10-15 18:55:00,503.683,0.0,34.0,-0.4199999999999999,236.0,389.117,259.706,40.0,256.482,310.893,24.824,,,39.996,39.845,2.375,293.373,1525130.48,111856.0,251.937,14200
2022-10-15 19:00:00,503.817,0.0,34.0,-0.4279999999999999,236.0,389.837,260.411,40.113,257.142,332.16,24.688,,,39.133,39.075,2.596,294.087,1525151.503,111856.0,252.631,14200
2022-10-15 19:05:00,503.0,0.0,34.0,-0.4129999999999999,236.0,388.14,260.941,41.0,257.579,353.412,24.691,,,38.803,38.736,2.033,294.556,1525172.585,111856.0,253.115,14200
2022-10-15 19:10:00,504.297,0.0,34.0,-0.4229999999999999,236.0,389.17,261.882,41.0,258.544,374.813,24.796000000000003,,,38.384,38.468,2.241,295.685,1525193.72,111856.0,254.056,14200
2022-10-15 19:15:00,504.62,0.0,34.0,-0.4229999999999999,236.0,388.867,262.135,41.0,258.765,396.22,24.729000000000003,,,38.014,38.142,1.977,295.946,1525214.93,111856.0,254.253,14200
2022-10-15 19:20:00,504.12,0.0,34.0,-0.4249999999999999,236.0,388.13,262.621,41.0,259.338,417.673,24.899,,,37.509,38.07,2.014,296.443,1525236.077,111856.0,254.831,14200
2022-10-15 19:25:00,503.853,0.0,34.0,-0.4169999999999999,236.0,388.373,263.907,41.0,260.544,439.16,24.972,,,37.388000000000005,37.957,2.336,297.976,1525257.4,111856.0,256.121,14200
2022-10-15 19:30:00,503.04,0.0,34.0,-0.4159999999999999,236.0,390.219,264.215,41.0,260.958,460.794,24.92,,,36.607,37.127,2.221,298.442,1525278.801,111856.0,256.52,14200
2022-10-15 19:35:00,504.0,0.0,34.0,-0.4219999999999999,236.0,389.08,264.233,41.0,260.885,482.38,24.899999999999995,,,36.14500000000001,36.622,2.584,298.418,1525300.187,111856.0,256.524,14200
2022-10-15 19:40:00,504.0,0.0,34.0,-0.4159999999999999,236.0,389.283,265.388,41.0,261.902,504.047,24.870000000000005,,,35.764,35.92,2.62,299.568,1525321.593,111856.0,257.591,14200
2022-10-15 19:45:00,504.107,0.0,34.0,-0.4209999999999999,236.0,389.933,264.459,41.0,261.118,525.663,25.001,,,35.586,35.767,2.117,298.611,1525342.97,111856.0,256.73,14200
2022-10-15 19:50:00,504.0,0.0,34.0,-0.4179999999999999,236.0,387.43,263.327,41.0,259.902,547.22,25.047,,,36.098,36.188,2.055,297.332,1525364.357,111856.0,255.622,14200
2022-10-15 19:55:00,504.628,0.0,34.0,-0.4159999999999999,236.0,388.631,262.665,41.0,259.322,568.751,25.12400000000001,,,35.846000000000004,36.139,2.54,296.555,1525385.651,111856.0,254.993,14200
2022-10-15 20:00:00,504.437,0.0,34.0,-0.4179999999999999,236.0,391.32,246.204,41.0,242.914,589.59,24.98,,,34.773,35.080000000000005,2.268,277.601,1525406.233,111856.0,238.816,14200
2022-10-15 20:05:00,505.753,0.0,34.08,-0.4139999999999999,236.0,390.573,260.472,41.0,257.113,610.16,24.964,,,34.132,34.294999999999995,2.23,294.039,1525426.67,111856.0,252.801,14200
2022-10-15 20:10:00,504.277,0.0,34.626999999999995,-0.4229999999999999,236.0,389.143,248.767,41.0,245.798,630.627,24.977,,,33.815000000000005,33.772,2.023,280.735,1525446.92,111856.0,241.236,14200
2022-10-15 20:15:00,504.0,0.0,34.513000000000005,-0.4179999999999999,236.0,389.437,257.227,41.0,254.004,651.723,24.961,,,33.691,33.611,2.614,290.432,1525467.777,111856.0,249.703,14200
2022-10-15 20:20:00,503.76,0.0,35.0,-0.4219999999999999,236.0,388.587,254.341,41.0,251.109,672.593,25.085000000000004,,,33.562000000000005,33.522000000000006,2.199,287.252,1525488.447,111856.0,246.923,14200
2022-10-15 20:25:00,503.0,0.0,35.0,-0.4209999999999999,236.0,387.59,251.402,41.0,248.264,693.23,25.101,,,33.172,33.12,2.283,283.924,1525508.877,111856.0,244.037,14200
2022-10-15 20:30:00,503.136,0.0,35.0,-0.4249999999999999,236.0,390.375,243.601,41.0,240.561,713.452,25.0,,,32.38,32.165,2.056,275.0,1525528.897,111856.0,236.478,14200
2022-10-15 20:35:00,503.333,0.0,35.0,-0.4139999999999999,236.0,390.023,242.946,41.0,239.947,733.397,25.06,,,31.956,31.901000000000003,1.808,274.332,1525548.637,111856.0,235.817,14200
2022-10-15 20:40:00,503.127,0.0,35.0,-0.4249999999999999,236.0,389.733,240.247,41.0,237.326,753.077,25.016,,,31.417000000000005,31.712,2.162,271.304,1525568.137,111856.0,233.198,14200
2022-10-15 20:45:00,504.04,0.0,35.0,-0.4169999999999999,236.0,391.29,239.704,41.0,236.782,772.727,24.84,,,30.608,30.76,2.119,270.777,1525587.56,111856.0,232.662,14200
2022-10-15 20:50:00,504.309,0.0,35.0,-0.4299999999999999,236.0,390.399,234.993,41.0,232.176,792.159,24.96,,,30.19,30.297,1.727,265.501,1525606.777,111856.0,228.132,14200
2022-10-15 20:55:00,505.613,0.0,35.0,-0.4239999999999999,236.0,392.993,229.794,41.0,226.956,811.043,24.855999999999995,,,29.494000000000003,29.731,2.039,259.514,1525625.6,111856.0,222.97,14200
2022-10-15 21:00:00,505.667,0.0,35.0,-0.4249999999999999,236.0,395.757,225.781,41.0,222.989,829.74,24.724000000000004,,,28.65900000000001,28.862,1.862,254.939,1525643.993,111856.0,219.071,14200
2022-10-15 21:05:00,505.457,0.0,35.0,-0.4189999999999999,236.0,393.903,220.076,41.0,217.374,847.9729999999998,24.876999999999995,,,28.223,28.44,1.724,248.499,1525662.033,111856.0,213.486,14200
2022-10-15 21:10:00,504.747,0.0,35.0,-0.4269999999999999,236.0,395.257,213.485,41.0,210.91,865.673,24.776,,,27.586,27.871,1.746,241.105,1525679.517,111856.0,207.034,14200
2022-10-15 21:15:00,505.857,0.0,35.0,-0.4229999999999999,236.0,396.56,207.03,41.0,204.466,882.88,24.616000000000003,,,26.783,27.079,2.304,233.757,1525696.54,111856.0,200.725,14200
2022-10-15 21:20:00,505.707,0.0,35.0,-0.4199999999999999,236.0,396.023,198.965,41.0,196.443,899.5,24.516,,,25.973,26.289,2.167,224.431,1525712.93,111856.0,192.615,14200
2022-10-15 21:25:00,504.857,0.0,35.0,-0.4089999999999999,236.0,396.837,170.461,41.0,168.088,914.873,24.416000000000004,,,25.324,25.636000000000003,2.121,191.653,1525728.03,111856.0,164.37,14200
2022-10-15 21:30:00,504.0,0.0,35.0,-0.4169999999999999,236.0,400.633,125.125,41.0,123.225,926.747,24.336,,,24.725,24.999,2.284,139.843,1525739.733,111856.0,119.656,14200
2022-10-15 21:35:00,503.567,0.0,35.0,-0.4209999999999999,236.0,404.697,107.225,41.0,105.45,936.127,24.271,,,24.174,24.444000000000003,2.068,119.372,1525748.9,111856.0,101.942,14200
2022-10-15 21:40:00,503.439,0.0,35.0,-0.4209999999999999,236.0,404.651,92.534,41.0,90.841,944.296,24.12,,,23.616,23.861,1.173,102.523,1525756.781,111856.0,87.391,14200
2022-10-15 21:45:00,502.663,0.0,35.0,-0.4219999999999999,236.0,401.467,79.583,41.427,78.012,951.237,24.030999999999995,,,22.975000000000005,23.218,1.315,87.74299999999998,1525763.507,111856.0,74.619,14200
2022-10-15 21:50:00,501.467,0.0,34.773,-0.4279999999999999,236.0,394.12,67.556,42.0,66.048,957.217,23.856,,,22.44,22.653,1.297,74.185,1525769.233,111856.0,62.79,14200
2022-10-15 21:55:00,499.287,0.0,34.08,-0.4229999999999999,236.0,400.753,56.326,42.0,54.843,962.2,23.769,,,21.832,22.062,1.043,61.375,1525774.01,111856.0,51.596,14200
2022-10-15 22:00:00,496.535,0.0,34.409,-0.4289999999999999,236.0,409.904,45.181,42.0,43.731,966.296,23.476,,,21.126999999999995,21.334000000000003,0.547,48.872,1525777.807,111856.0,40.541,14200
2022-10-15 22:05:00,493.44,0.0,34.14,-0.4159999999999999,236.0,410.79,35.592,42.0,34.185,969.49,23.155,,,20.41,20.519,0.916,38.02,1525780.843,111856.0,31.042,14200
2022-10-15 22:10:00,489.01,0.0,34.0,-0.4269999999999999,236.0,407.297,26.758,42.0,25.412,971.96,22.631,,,19.872,19.863,1.438,27.867,1525783.017,111856.0,22.298,14200
2022-10-15 22:15:00,482.62,0.0,34.0,-0.4199999999999999,236.0,404.32,18.881,42.0,17.531,973.65,22.468000000000004,,,19.250000000000004,19.157,0.6109999999999999,18.242,1525784.56,111856.0,14.524,14200
2022-10-15 22:20:00,473.587,0.0,34.0,-0.4289999999999999,236.0,400.54,10.868,42.0,9.471,974.8900000000002,22.017000000000003,,,18.439000000000004,18.361000000000004,0.569,10.855,1525785.423,111856.0,6.447,14200
2022-10-15 22:25:00,459.78,0.0,34.0,-0.4249999999999999,236.0,394.783,3.697,42.0,2.283,975.0,21.525,,,17.531,17.492,0.373,8.467,1525786.0,111856.0,-0.7219999999999999,14200
2022-10-15 22:30:00,433.987,0.0,34.0,-0.4189999999999999,236.0,381.627,1.261,42.0,-0.106,975.0,21.251,,,16.854,16.779,0.4099999999999999,9.245,1525786.0,111856.54,-3.192,14200
2022-10-15 22:35:00,410.227,0.0,34.0,-0.4209999999999999,236.0,338.373,0.5999999999999999,42.0,-0.783,975.0,21.120000000000005,,,16.317999999999998,16.157,0.387,9.366,1525786.0,111857.0,-3.996,14200
2022-10-15 22:40:00,381.057,0.0,34.0,-0.4229999999999999,236.0,343.333,-0.3669999999999999,42.0,-1.208,975.0,20.859,,,15.699999999999998,15.52,0.26,8.46,1525786.0,111857.0,-4.55,14200
2022-10-15 22:45:00,343.641,0.0,34.0,-0.4219999999999999,236.0,350.133,-0.156,42.0,-0.3559999999999999,975.0,20.448,,,14.971,14.778,0.32,5.458,1525786.0,111857.575,-3.485,14200
2022-10-15 22:50:00,299.84,0.0,34.0,-0.4199999999999999,236.0,308.29,0.0,41.857,-0.3559999999999999,975.0,19.952,,,14.363,14.27,0.343,5.167,1525786.0,111858.0,-3.089,14200
2022-10-15 22:55:00,247.347,0.0,34.0,-0.4229999999999999,236.0,256.6,0.0,41.0,-0.3479999999999999,975.0,19.58,,,13.77,13.674,0.459,4.955,1525786.0,111858.0,-3.0,14200
2022-10-15 23:00:00,186.587,0.0,34.0,-0.4259999999999999,236.0,195.173,0.0,41.0,-0.3559999999999999,975.0,19.655000000000005,,,13.768,13.707999999999998,0.247,4.968,1525786.0,111858.0,-3.0,14200
2022-10-15 23:05:00,121.287,0.0,33.14,-0.4119999999999999,236.0,127.263,0.0,41.0,-0.3499999999999999,975.0,19.989,,,13.621999999999998,13.473999999999998,0.39,4.967,1525786.0,111858.697,-3.0,14200
2022-10-15 23:10:00,71.263,0.0,33.0,-0.4289999999999999,236.0,74.333,0.0,41.0,-0.3519999999999999,975.0,20.036,,,13.988000000000005,13.812000000000005,0.694,4.82,1525786.0,111859.0,-3.0,14200
2022-10-15 23:15:00,37.667,0.0,33.0,-0.4159999999999999,236.0,38.667,0.0,41.0,-0.3509999999999999,975.0,19.892,,,14.08,14.027000000000005,0.4239999999999999,4.577,1525786.0,111859.0,-3.001,14200
2022-10-15 23:20:00,17.625,0.0,33.0,-0.4249999999999999,236.0,17.389,0.0,40.219,-0.3599999999999999,975.0,19.756,,,13.69,13.797999999999998,0.267,4.572,1525786.0,111859.0,-3.0,14200
2022-10-15 23:25:00,7.603,0.0,33.0,-0.4179999999999999,236.0,6.647,0.0,40.0,-0.3549999999999999,975.0,19.907,,,13.664,13.662,0.379,4.599,1525786.0,111859.717,-3.0,14200
2022-10-15 23:30:00,3.187,0.0,32.487,-0.4209999999999999,236.0,1.88,0.0,40.0,-0.3479999999999999,975.0,19.96,,,13.739,13.655,0.53,4.621,1525786.0,111860.0,-3.0,14200
2022-10-15 23:35:00,1.393,0.0,32.0,-0.4189999999999999,236.0,0.1429999999999999,0.0,40.0,-0.3559999999999999,975.0,19.604,,,13.774,13.618,0.498,4.973,1525786.0,111860.0,-3.0,14200
2022-10-15 23:40:00,1.0,0.0,32.0,-0.4229999999999999,236.0,0.0,0.0,40.0,-0.3519999999999999,975.0,18.719,,,13.302,13.181,0.519,4.956,1525786.0,111860.0,-3.0,14200
2022-10-15 23:45:00,0.787,0.0,32.0,-0.4189999999999999,236.0,0.0,0.0,40.0,-0.3519999999999999,975.0,17.983999999999998,,,12.796,12.681,0.459,4.984,1525786.0,111860.731,-3.0,14200
2022-10-15 23:50:00,0.0,0.0,32.0,-0.4109999999999999,236.0,0.0,0.0,39.537000000000006,-0.3469999999999999,975.0,18.547000000000004,,,12.957999999999998,12.895,0.7089999999999999,4.984,1525786.0,111861.0,-3.0,14200
2022-10-15 23:55:00,0.0,0.0,32.0,-0.4209999999999999,236.0,0.0,0.0,39.0,-0.343,975.0,18.94,,,13.140999999999998,13.133,0.3469999999999999,4.995,1525786.0,111861.0,-3.0,14200
