time,actual_power,predicted_power,prediction_error,absolute_error,source_site,weather_condition
2023-01-01 00:00:00,0.0,0.0,0.0,0.0,PVDAQ_10,night_or_low_power
2023-01-01 00:01:00,0.0,0.0,0.0,0.0,PVDAQ_10,night_or_low_power
2023-01-01 00:02:00,0.0,0.0,0.0,0.0,PVDAQ_10,night_or_low_power
2023-01-01 00:03:00,0.0,0.0,0.0,0.0,PVDAQ_10,night_or_low_power
2023-01-01 00:04:00,0.0,0.0,0.0,0.0,PVDAQ_10,night_or_low_power
2023-01-01 00:05:00,0.0,0.0,0.0,0.0,PVDAQ_10,night_or_low_power
2023-01-01 00:06:00,0.0,0.0,0.0,0.0,PVDAQ_10,night_or_low_power
2023-01-01 00:07:00,0.0,0.0,0.0,0.0,PVDAQ_10,night_or_low_power
2023-01-01 00:08:00,0.0,0.0,0.0,0.0,PVDAQ_10,night_or_low_power
2023-01-01 00:09:00,0.0,0.0,0.0,0.0,PVDAQ_10,night_or_low_power
2023-01-01 00:10:00,0.0,0.0,0.0,0.0,PVDAQ_10,night_or_low_power
2023-01-01 00:11:00,0.0,0.0,0.0,0.0,PVDAQ_10,night_or_low_power
2023-01-01 00:12:00,0.0,0.0,0.0,0.0,PVDAQ_10,night_or_low_power
2023-01-01 00:13:00,0.0,0.0,0.0,0.0,PVDAQ_10,night_or_low_power
2023-01-01 00:14:00,0.0,0.0,0.0,0.0,PVDAQ_10,night_or_low_power
2023-01-01 00:15:00,0.0,0.0,0.0,0.0,PVDAQ_10,night_or_low_power
2023-01-01 00:16:00,0.0,0.0,0.0,0.0,PVDAQ_10,night_or_low_power
2023-01-01 00:17:00,0.0,0.0,0.0,0.0,PVDAQ_10,night_or_low_power
2023-01-01 00:18:00,0.0,0.0,0.0,0.0,PVDAQ_10,night_or_low_power
2023-01-01 00:19:00,0.0,0.0,0.0,0.0,PVDAQ_10,night_or_low_power
2023-01-01 00:20:00,0.0,0.0,0.0,0.0,PVDAQ_10,night_or_low_power
2023-01-01 00:21:00,0.0,0.0,0.0,0.0,PVDAQ_10,night_or_low_power
2023-01-01 00:22:00,0.0,0.0,0.0,0.0,PVDAQ_10,night_or_low_power
2023-01-01 00:23:00,0.0,0.0,0.0,0.0,PVDAQ_10,night_or_low_power
2023-01-01 00:24:00,0.0,0.0,0.0,0.0,PVDAQ_10,night_or_low_power
2023-01-01 00:25:00,0.0,0.0,0.0,0.0,PVDAQ_10,night_or_low_power
2023-01-01 00:26:00,0.0,0.0,0.0,0.0,PVDAQ_10,night_or_low_power
2023-01-01 00:27:00,0.0,0.0,0.0,0.0,PVDAQ_10,night_or_low_power
2023-01-01 00:28:00,0.0,0.0,0.0,0.0,PVDAQ_10,night_or_low_power
2023-01-01 00:29:00,0.0,0.0,0.0,0.0,PVDAQ_10,night_or_low_power
2023-01-01 00:30:00,0.0,0.0,0.0,0.0,PVDAQ_10,night_or_low_power
2023-01-01 00:31:00,0.0,0.0,0.0,0.0,PVDAQ_10,night_or_low_power
2023-01-01 00:32:00,0.0,0.0,0.0,0.0,PVDAQ_10,night_or_low_power
2023-01-01 00:33:00,0.0,0.0,0.0,0.0,PVDAQ_10,night_or_low_power
2023-01-01 00:34:00,0.0,0.0,0.0,0.0,PVDAQ_10,night_or_low_power
2023-01-01 00:35:00,0.0,0.0,0.0,0.0,PVDAQ_10,night_or_low_power
2023-01-01 00:36:00,0.0,0.0,0.0,0.0,PVDAQ_10,night_or_low_power
2023-01-01 00:37:00,0.0,0.0,0.0,0.0,PVDAQ_10,night_or_low_power
2023-01-01 00:38:00,0.0,0.0,0.0,0.0,PVDAQ_10,night_or_low_power
2023-01-01 00:39:00,0.0,0.0,0.0,0.0,PVDAQ_10,night_or_low_power
2023-01-01 00:40:00,0.0,0.0,0.0,0.0,PVDAQ_10,night_or_low_power
2023-01-01 00:41:00,0.0,0.0,0.0,0.0,PVDAQ_10,night_or_low_power
2023-01-01 00:42:00,0.0,0.0,0.0,0.0,PVDAQ_10,night_or_low_power
2023-01-01 00:43:00,0.0,0.0,0.0,0.0,PVDAQ_10,night_or_low_power
2023-01-01 00:44:00,0.0,0.0,0.0,0.0,PVDAQ_10,night_or_low_power
2023-01-01 00:45:00,0.0,0.0,0.0,0.0,PVDAQ_10,night_or_low_power
2023-01-01 00:46:00,0.0,0.0,0.0,0.0,PVDAQ_10,night_or_low_power
2023-01-01 00:47:00,0.0,0.0,0.0,0.0,PVDAQ_10,night_or_low_power
2023-01-01 00:48:00,0.0,0.0,0.0,0.0,PVDAQ_10,night_or_low_power
2023-01-01 00:49:00,0.0,0.0,0.0,0.0,PVDAQ_10,night_or_low_power
2023-01-01 00:50:00,0.0,0.0,0.0,0.0,PVDAQ_10,night_or_low_power
2023-01-01 00:51:00,0.0,0.0,0.0,0.0,PVDAQ_10,night_or_low_power
2023-01-01 00:52:00,0.0,0.0,0.0,0.0,PVDAQ_10,night_or_low_power
2023-01-01 00:53:00,0.0,0.0,0.0,0.0,PVDAQ_10,night_or_low_power
2023-01-01 00:54:00,0.0,0.0,0.0,0.0,PVDAQ_10,night_or_low_power
2023-01-01 00:55:00,0.0,0.0,0.0,0.0,PVDAQ_10,night_or_low_power
2023-01-01 00:56:00,0.0,0.0,0.0,0.0,PVDAQ_10,night_or_low_power
2023-01-01 00:57:00,0.0,0.0,0.0,0.0,PVDAQ_10,night_or_low_power
2023-01-01 00:58:00,0.0,0.0,0.0,0.0,PVDAQ_10,night_or_low_power
2023-01-01 00:59:00,0.0,0.0,0.0,0.0,PVDAQ_10,night_or_low_power
2023-01-01 01:00:00,0.0,0.0,0.0,0.0,PVDAQ_10,night_or_low_power
2023-01-01 01:01:00,0.0,0.0,0.0,0.0,PVDAQ_10,night_or_low_power
2023-01-01 01:02:00,0.0,0.0,0.0,0.0,PVDAQ_10,night_or_low_power
2023-01-01 01:03:00,0.0,0.0,0.0,0.0,PVDAQ_10,night_or_low_power
2023-01-01 01:04:00,0.0,0.0,0.0,0.0,PVDAQ_10,night_or_low_power
2023-01-01 01:05:00,0.0,0.0,0.0,0.0,PVDAQ_10,night_or_low_power
2023-01-01 01:06:00,0.0,0.0,0.0,0.0,PVDAQ_10,night_or_low_power
2023-01-01 01:07:00,0.0,0.0,0.0,0.0,PVDAQ_10,night_or_low_power
2023-01-01 01:08:00,0.0,0.0,0.0,0.0,PVDAQ_10,night_or_low_power
2023-01-01 01:09:00,0.0,0.0,0.0,0.0,PVDAQ_10,night_or_low_power
2023-01-01 01:10:00,0.0,0.0,0.0,0.0,PVDAQ_10,night_or_low_power
2023-01-01 01:11:00,0.0,0.0,0.0,0.0,PVDAQ_10,night_or_low_power
2023-01-01 01:12:00,0.0,0.0,0.0,0.0,PVDAQ_10,night_or_low_power
2023-01-01 01:13:00,0.0,0.0,0.0,0.0,PVDAQ_10,night_or_low_power
2023-01-01 01:14:00,0.0,0.0,0.0,0.0,PVDAQ_10,night_or_low_power
2023-01-01 01:15:00,0.0,0.0,0.0,0.0,PVDAQ_10,night_or_low_power
2023-01-01 01:16:00,0.0,0.0,0.0,0.0,PVDAQ_10,night_or_low_power
2023-01-01 01:17:00,0.0,0.0,0.0,0.0,PVDAQ_10,night_or_low_power
2023-01-01 01:18:00,0.0,0.0,0.0,0.0,PVDAQ_10,night_or_low_power
2023-01-01 01:19:00,0.0,0.0,0.0,0.0,PVDAQ_10,night_or_low_power
2023-01-01 01:20:00,0.0,0.0,0.0,0.0,PVDAQ_10,night_or_low_power
2023-01-01 01:21:00,0.0,0.0,0.0,0.0,PVDAQ_10,night_or_low_power
2023-01-01 01:22:00,0.0,0.0,0.0,0.0,PVDAQ_10,night_or_low_power
2023-01-01 01:23:00,0.0,0.0,0.0,0.0,PVDAQ_10,night_or_low_power
2023-01-01 01:24:00,0.0,0.0,0.0,0.0,PVDAQ_10,night_or_low_power
2023-01-01 01:25:00,0.0,0.0,0.0,0.0,PVDAQ_10,night_or_low_power
2023-01-01 01:26:00,0.0,0.0,0.0,0.0,PVDAQ_10,night_or_low_power
2023-01-01 01:27:00,0.0,0.0,0.0,0.0,PVDAQ_10,night_or_low_power
2023-01-01 01:28:00,0.0,0.0,0.0,0.0,PVDAQ_10,night_or_low_power
2023-01-01 01:29:00,0.0,0.0,0.0,0.0,PVDAQ_10,night_or_low_power
2023-01-01 01:30:00,0.0,0.0,0.0,0.0,PVDAQ_10,night_or_low_power
2023-01-01 01:31:00,0.0,0.0,0.0,0.0,PVDAQ_10,night_or_low_power
2023-01-01 01:32:00,0.0,0.0,0.0,0.0,PVDAQ_10,night_or_low_power
2023-01-01 01:33:00,0.0,0.0,0.0,0.0,PVDAQ_10,night_or_low_power
2023-01-01 01:34:00,0.0,0.0,0.0,0.0,PVDAQ_10,night_or_low_power
2023-01-01 01:35:00,0.0,0.0,0.0,0.0,PVDAQ_10,night_or_low_power
2023-01-01 01:36:00,0.0,0.0,0.0,0.0,PVDAQ_10,night_or_low_power
2023-01-01 01:37:00,0.0,0.0,0.0,0.0,PVDAQ_10,night_or_low_power
2023-01-01 01:38:00,0.0,0.0,0.0,0.0,PVDAQ_10,night_or_low_power
2023-01-01 01:39:00,0.0,0.0,0.0,0.0,PVDAQ_10,night_or_low_power
2023-01-01 01:40:00,0.0,0.0,0.0,0.0,PVDAQ_10,night_or_low_power
2023-01-01 01:41:00,0.0,0.0,0.0,0.0,PVDAQ_10,night_or_low_power
2023-01-01 01:42:00,0.0,0.0,0.0,0.0,PVDAQ_10,night_or_low_power
2023-01-01 01:43:00,0.0,0.0,0.0,0.0,PVDAQ_10,night_or_low_power
2023-01-01 01:44:00,0.0,0.0,0.0,0.0,PVDAQ_10,night_or_low_power
2023-01-01 01:45:00,0.0,0.0,0.0,0.0,PVDAQ_10,night_or_low_power
2023-01-01 01:46:00,0.0,0.0,0.0,0.0,PVDAQ_10,night_or_low_power
2023-01-01 01:47:00,0.0,0.0,0.0,0.0,PVDAQ_10,night_or_low_power
2023-01-01 01:48:00,0.0,0.0,0.0,0.0,PVDAQ_10,night_or_low_power
2023-01-01 01:49:00,0.0,0.0,0.0,0.0,PVDAQ_10,night_or_low_power
2023-01-01 01:50:00,0.0,0.0,0.0,0.0,PVDAQ_10,night_or_low_power
2023-01-01 01:51:00,0.0,0.0,0.0,0.0,PVDAQ_10,night_or_low_power
2023-01-01 01:52:00,0.0,0.0,0.0,0.0,PVDAQ_10,night_or_low_power
2023-01-01 01:53:00,0.0,0.0,0.0,0.0,PVDAQ_10,night_or_low_power
2023-01-01 01:54:00,0.0,0.0,0.0,0.0,PVDAQ_10,night_or_low_power
2023-01-01 01:55:00,0.0,0.0,0.0,0.0,PVDAQ_10,night_or_low_power
2023-01-01 01:56:00,0.0,0.0,0.0,0.0,PVDAQ_10,night_or_low_power
2023-01-01 01:57:00,0.0,0.0,0.0,0.0,PVDAQ_10,night_or_low_power
2023-01-01 01:58:00,0.0,0.0,0.0,0.0,PVDAQ_10,night_or_low_power
2023-01-01 01:59:00,0.0,0.0,0.0,0.0,PVDAQ_10,night_or_low_power
2023-01-01 02:00:00,0.0,0.0,0.0,0.0,PVDAQ_10,night_or_low_power
2023-01-01 02:01:00,0.0,0.0,0.0,0.0,PVDAQ_10,night_or_low_power
2023-01-01 02:02:00,0.0,0.0,0.0,0.0,PVDAQ_10,night_or_low_power
2023-01-01 02:03:00,0.0,0.0,0.0,0.0,PVDAQ_10,night_or_low_power
2023-01-01 02:04:00,0.0,0.0,0.0,0.0,PVDAQ_10,night_or_low_power
2023-01-01 02:05:00,0.0,0.0,0.0,0.0,PVDAQ_10,night_or_low_power
2023-01-01 02:06:00,0.0,0.0,0.0,0.0,PVDAQ_10,night_or_low_power
2023-01-01 02:07:00,0.0,0.0,0.0,0.0,PVDAQ_10,night_or_low_power
2023-01-01 02:08:00,0.0,0.0,0.0,0.0,PVDAQ_10,night_or_low_power
2023-01-01 02:09:00,0.0,0.0,0.0,0.0,PVDAQ_10,night_or_low_power
2023-01-01 02:10:00,0.0,0.0,0.0,0.0,PVDAQ_10,night_or_low_power
2023-01-01 02:11:00,0.0,0.0,0.0,0.0,PVDAQ_10,night_or_low_power
2023-01-01 02:12:00,0.0,0.0,0.0,0.0,PVDAQ_10,night_or_low_power
2023-01-01 02:13:00,0.0,0.0,0.0,0.0,PVDAQ_10,night_or_low_power
2023-01-01 02:14:00,0.0,0.0,0.0,0.0,PVDAQ_10,night_or_low_power
2023-01-01 02:15:00,0.0,0.0,0.0,0.0,PVDAQ_10,night_or_low_power
2023-01-01 02:16:00,0.0,0.0,0.0,0.0,PVDAQ_10,night_or_low_power
2023-01-01 02:17:00,0.0,0.0,0.0,0.0,PVDAQ_10,night_or_low_power
2023-01-01 02:18:00,0.0,0.0,0.0,0.0,PVDAQ_10,night_or_low_power
2023-01-01 02:19:00,0.0,0.0,0.0,0.0,PVDAQ_10,night_or_low_power
2023-01-01 02:20:00,0.0,0.0,0.0,0.0,PVDAQ_10,night_or_low_power
2023-01-01 02:21:00,0.0,0.0,0.0,0.0,PVDAQ_10,night_or_low_power
2023-01-01 02:22:00,0.0,0.0,0.0,0.0,PVDAQ_10,night_or_low_power
2023-01-01 02:23:00,0.0,0.0,0.0,0.0,PVDAQ_10,night_or_low_power
2023-01-01 02:24:00,0.0,0.0,0.0,0.0,PVDAQ_10,night_or_low_power
2023-01-01 02:25:00,0.0,0.0,0.0,0.0,PVDAQ_10,night_or_low_power
2023-01-01 02:26:00,0.0,0.0,0.0,0.0,PVDAQ_10,night_or_low_power
2023-01-01 02:27:00,0.0,0.0,0.0,0.0,PVDAQ_10,night_or_low_power
2023-01-01 02:28:00,0.0,0.0,0.0,0.0,PVDAQ_10,night_or_low_power
2023-01-01 02:29:00,0.0,0.0,0.0,0.0,PVDAQ_10,night_or_low_power
2023-01-01 02:30:00,0.0,0.0,0.0,0.0,PVDAQ_10,night_or_low_power
2023-01-01 02:31:00,0.0,0.0,0.0,0.0,PVDAQ_10,night_or_low_power
2023-01-01 02:32:00,0.0,0.0,0.0,0.0,PVDAQ_10,night_or_low_power
2023-01-01 02:33:00,0.0,0.0,0.0,0.0,PVDAQ_10,night_or_low_power
2023-01-01 02:34:00,0.0,0.0,0.0,0.0,PVDAQ_10,night_or_low_power
2023-01-01 02:35:00,0.0,0.0,0.0,0.0,PVDAQ_10,night_or_low_power
2023-01-01 02:36:00,0.0,0.0,0.0,0.0,PVDAQ_10,night_or_low_power
2023-01-01 02:37:00,0.0,0.0,0.0,0.0,PVDAQ_10,night_or_low_power
2023-01-01 02:38:00,0.0,0.0,0.0,0.0,PVDAQ_10,night_or_low_power
2023-01-01 02:39:00,0.0,0.0,0.0,0.0,PVDAQ_10,night_or_low_power
2023-01-01 02:40:00,0.0,0.0,0.0,0.0,PVDAQ_10,night_or_low_power
2023-01-01 02:41:00,0.0,0.0,0.0,0.0,PVDAQ_10,night_or_low_power
2023-01-01 02:42:00,0.0,0.0,0.0,0.0,PVDAQ_10,night_or_low_power
2023-01-01 02:43:00,0.0,0.0,0.0,0.0,PVDAQ_10,night_or_low_power
2023-01-01 02:44:00,0.0,0.0,0.0,0.0,PVDAQ_10,night_or_low_power
2023-01-01 02:45:00,0.0,0.0,0.0,0.0,PVDAQ_10,night_or_low_power
2023-01-01 02:46:00,0.0,0.0,0.0,0.0,PVDAQ_10,night_or_low_power
2023-01-01 02:47:00,0.0,0.0,0.0,0.0,PVDAQ_10,night_or_low_power
2023-01-01 02:48:00,0.0,0.0,0.0,0.0,PVDAQ_10,night_or_low_power
2023-01-01 02:49:00,0.0,0.0,0.0,0.0,PVDAQ_10,night_or_low_power
2023-01-01 02:50:00,0.0,0.0,0.0,0.0,PVDAQ_10,night_or_low_power
2023-01-01 02:51:00,0.0,0.0,0.0,0.0,PVDAQ_10,night_or_low_power
2023-01-01 02:52:00,0.0,0.0,0.0,0.0,PVDAQ_10,night_or_low_power
2023-01-01 02:53:00,0.0,0.0,0.0,0.0,PVDAQ_10,night_or_low_power
2023-01-01 02:54:00,0.0,0.0,0.0,0.0,PVDAQ_10,night_or_low_power
2023-01-01 02:55:00,0.0,0.0,0.0,0.0,PVDAQ_10,night_or_low_power
2023-01-01 02:56:00,0.0,0.0,0.0,0.0,PVDAQ_10,night_or_low_power
2023-01-01 02:57:00,0.0,0.0,0.0,0.0,PVDAQ_10,night_or_low_power
2023-01-01 02:58:00,0.0,0.0,0.0,0.0,PVDAQ_10,night_or_low_power
2023-01-01 02:59:00,0.0,0.0,0.0,0.0,PVDAQ_10,night_or_low_power
2023-01-01 03:00:00,0.0,0.0,0.0,0.0,PVDAQ_10,night_or_low_power
2023-01-01 03:01:00,0.0,0.0,0.0,0.0,PVDAQ_10,night_or_low_power
2023-01-01 03:02:00,0.0,0.0,0.0,0.0,PVDAQ_10,night_or_low_power
2023-01-01 03:03:00,0.0,0.0,0.0,0.0,PVDAQ_10,night_or_low_power
2023-01-01 03:04:00,0.0,0.0,0.0,0.0,PVDAQ_10,night_or_low_power
2023-01-01 03:05:00,0.0,0.0,0.0,0.0,PVDAQ_10,night_or_low_power
2023-01-01 03:06:00,0.0,0.0,0.0,0.0,PVDAQ_10,night_or_low_power
2023-01-01 03:07:00,0.0,0.0,0.0,0.0,PVDAQ_10,night_or_low_power
2023-01-01 03:08:00,0.0,0.0,0.0,0.0,PVDAQ_10,night_or_low_power
2023-01-01 03:09:00,0.0,0.0,0.0,0.0,PVDAQ_10,night_or_low_power
2023-01-01 03:10:00,0.0,0.0,0.0,0.0,PVDAQ_10,night_or_low_power
2023-01-01 03:11:00,0.0,0.0,0.0,0.0,PVDAQ_10,night_or_low_power
2023-01-01 03:12:00,0.0,0.0,0.0,0.0,PVDAQ_10,night_or_low_power
2023-01-01 03:13:00,0.0,0.0,0.0,0.0,PVDAQ_10,night_or_low_power
2023-01-01 03:14:00,0.0,0.0,0.0,0.0,PVDAQ_10,night_or_low_power
2023-01-01 03:15:00,0.0,0.0,0.0,0.0,PVDAQ_10,night_or_low_power
2023-01-01 03:16:00,0.0,0.0,0.0,0.0,PVDAQ_10,night_or_low_power
2023-01-01 03:17:00,0.0,0.0,0.0,0.0,PVDAQ_10,night_or_low_power
2023-01-01 03:18:00,0.0,0.0,0.0,0.0,PVDAQ_10,night_or_low_power
2023-01-01 03:19:00,0.0,0.0,0.0,0.0,PVDAQ_10,night_or_low_power
2023-01-01 03:20:00,0.0,0.0,0.0,0.0,PVDAQ_10,night_or_low_power
2023-01-01 03:21:00,0.0,0.0,0.0,0.0,PVDAQ_10,night_or_low_power
2023-01-01 03:22:00,0.0,0.0,0.0,0.0,PVDAQ_10,night_or_low_power
2023-01-01 03:23:00,0.0,0.0,0.0,0.0,PVDAQ_10,night_or_low_power
2023-01-01 03:24:00,0.0,0.0,0.0,0.0,PVDAQ_10,night_or_low_power
2023-01-01 03:25:00,0.0,0.0,0.0,0.0,PVDAQ_10,night_or_low_power
2023-01-01 03:26:00,0.0,0.0,0.0,0.0,PVDAQ_10,night_or_low_power
2023-01-01 03:27:00,0.0,0.0,0.0,0.0,PVDAQ_10,night_or_low_power
2023-01-01 03:28:00,0.0,0.0,0.0,0.0,PVDAQ_10,night_or_low_power
2023-01-01 03:29:00,0.0,0.0,0.0,0.0,PVDAQ_10,night_or_low_power
2023-01-01 03:30:00,0.0,0.0,0.0,0.0,PVDAQ_10,night_or_low_power
2023-01-01 03:31:00,0.0,0.0,0.0,0.0,PVDAQ_10,night_or_low_power
2023-01-01 03:32:00,0.0,0.0,0.0,0.0,PVDAQ_10,night_or_low_power
2023-01-01 03:33:00,0.0,0.0,0.0,0.0,PVDAQ_10,night_or_low_power
2023-01-01 03:34:00,0.0,0.0,0.0,0.0,PVDAQ_10,night_or_low_power
2023-01-01 03:35:00,0.0,0.0,0.0,0.0,PVDAQ_10,night_or_low_power
2023-01-01 03:36:00,0.0,0.0,0.0,0.0,PVDAQ_10,night_or_low_power
2023-01-01 03:37:00,0.0,0.0,0.0,0.0,PVDAQ_10,night_or_low_power
2023-01-01 03:38:00,0.0,0.0,0.0,0.0,PVDAQ_10,night_or_low_power
2023-01-01 03:39:00,0.0,0.0,0.0,0.0,PVDAQ_10,night_or_low_power
2023-01-01 03:40:00,0.0,0.0,0.0,0.0,PVDAQ_10,night_or_low_power
2023-01-01 03:41:00,0.0,0.0,0.0,0.0,PVDAQ_10,night_or_low_power
2023-01-01 03:42:00,0.0,0.0,0.0,0.0,PVDAQ_10,night_or_low_power
2023-01-01 03:43:00,0.0,0.0,0.0,0.0,PVDAQ_10,night_or_low_power
2023-01-01 03:44:00,0.0,0.0,0.0,0.0,PVDAQ_10,night_or_low_power
2023-01-01 03:45:00,0.0,0.0,0.0,0.0,PVDAQ_10,night_or_low_power
2023-01-01 03:46:00,0.0,0.0,0.0,0.0,PVDAQ_10,night_or_low_power
2023-01-01 03:47:00,0.0,0.0,0.0,0.0,PVDAQ_10,night_or_low_power
2023-01-01 03:48:00,0.0,0.0,0.0,0.0,PVDAQ_10,night_or_low_power
2023-01-01 03:49:00,0.0,0.0,0.0,0.0,PVDAQ_10,night_or_low_power
2023-01-01 03:50:00,0.0,0.0,0.0,0.0,PVDAQ_10,night_or_low_power
2023-01-01 03:51:00,0.0,0.0,0.0,0.0,PVDAQ_10,night_or_low_power
2023-01-01 03:52:00,0.0,0.0,0.0,0.0,PVDAQ_10,night_or_low_power
2023-01-01 03:53:00,0.0,0.0,0.0,0.0,PVDAQ_10,night_or_low_power
2023-01-01 03:54:00,0.0,0.0,0.0,0.0,PVDAQ_10,night_or_low_power
2023-01-01 03:55:00,0.0,0.0,0.0,0.0,PVDAQ_10,night_or_low_power
2023-01-01 03:56:00,0.0,0.0,0.0,0.0,PVDAQ_10,night_or_low_power
2023-01-01 03:57:00,0.0,0.0,0.0,0.0,PVDAQ_10,night_or_low_power
2023-01-01 03:58:00,0.0,0.0,0.0,0.0,PVDAQ_10,night_or_low_power
2023-01-01 03:59:00,0.0,0.0,0.0,0.0,PVDAQ_10,night_or_low_power
2023-01-01 04:00:00,0.0,0.0,0.0,0.0,PVDAQ_10,night_or_low_power
2023-01-01 04:01:00,0.0,0.0,0.0,0.0,PVDAQ_10,night_or_low_power
2023-01-01 04:02:00,0.0,0.0,0.0,0.0,PVDAQ_10,night_or_low_power
2023-01-01 04:03:00,0.0,0.0,0.0,0.0,PVDAQ_10,night_or_low_power
2023-01-01 04:04:00,0.0,0.0,0.0,0.0,PVDAQ_10,night_or_low_power
2023-01-01 04:05:00,0.0,0.0,0.0,0.0,PVDAQ_10,night_or_low_power
2023-01-01 04:06:00,0.0,0.0,0.0,0.0,PVDAQ_10,night_or_low_power
2023-01-01 04:07:00,0.0,0.0,0.0,0.0,PVDAQ_10,night_or_low_power
2023-01-01 04:08:00,0.0,0.0,0.0,0.0,PVDAQ_10,night_or_low_power
2023-01-01 04:09:00,0.0,0.0,0.0,0.0,PVDAQ_10,night_or_low_power
2023-01-01 04:10:00,0.0,0.0,0.0,0.0,PVDAQ_10,night_or_low_power
2023-01-01 04:11:00,0.0,0.0,0.0,0.0,PVDAQ_10,night_or_low_power
2023-01-01 04:12:00,0.0,0.0,0.0,0.0,PVDAQ_10,night_or_low_power
2023-01-01 04:13:00,0.0,0.0,0.0,0.0,PVDAQ_10,night_or_low_power
2023-01-01 04:14:00,0.0,0.0,0.0,0.0,PVDAQ_10,night_or_low_power
2023-01-01 04:15:00,0.0,0.0,0.0,0.0,PVDAQ_10,night_or_low_power
2023-01-01 04:16:00,0.0,0.0,0.0,0.0,PVDAQ_10,night_or_low_power
2023-01-01 04:17:00,0.0,0.0,0.0,0.0,PVDAQ_10,night_or_low_power
2023-01-01 04:18:00,0.0,0.0,0.0,0.0,PVDAQ_10,night_or_low_power
2023-01-01 04:19:00,0.0,0.0,0.0,0.0,PVDAQ_10,night_or_low_power
2023-01-01 04:20:00,0.0,0.0,0.0,0.0,PVDAQ_10,night_or_low_power
2023-01-01 04:21:00,0.0,0.0,0.0,0.0,PVDAQ_10,night_or_low_power
2023-01-01 04:22:00,0.0,0.0,0.0,0.0,PVDAQ_10,night_or_low_power
2023-01-01 04:23:00,0.0,0.0,0.0,0.0,PVDAQ_10,night_or_low_power
2023-01-01 04:24:00,0.0,0.0,0.0,0.0,PVDAQ_10,night_or_low_power
2023-01-01 04:25:00,0.0,0.0,0.0,0.0,PVDAQ_10,night_or_low_power
2023-01-01 04:26:00,0.0,0.0,0.0,0.0,PVDAQ_10,night_or_low_power
2023-01-01 04:27:00,0.0,0.0,0.0,0.0,PVDAQ_10,night_or_low_power
2023-01-01 04:28:00,0.0,0.0,0.0,0.0,PVDAQ_10,night_or_low_power
2023-01-01 04:29:00,0.0,0.0,0.0,0.0,PVDAQ_10,night_or_low_power
2023-01-01 04:30:00,0.0,0.0,0.0,0.0,PVDAQ_10,night_or_low_power
2023-01-01 04:31:00,0.0,0.0,0.0,0.0,PVDAQ_10,night_or_low_power
2023-01-01 04:32:00,0.0,0.0,0.0,0.0,PVDAQ_10,night_or_low_power
2023-01-01 04:33:00,0.0,0.0,0.0,0.0,PVDAQ_10,night_or_low_power
2023-01-01 04:34:00,0.0,0.0,0.0,0.0,PVDAQ_10,night_or_low_power
2023-01-01 04:35:00,0.0,0.0,0.0,0.0,PVDAQ_10,night_or_low_power
2023-01-01 04:36:00,0.0,0.0,0.0,0.0,PVDAQ_10,night_or_low_power
2023-01-01 04:37:00,0.0,0.0,0.0,0.0,PVDAQ_10,night_or_low_power
2023-01-01 04:38:00,0.0,0.0,0.0,0.0,PVDAQ_10,night_or_low_power
2023-01-01 04:39:00,0.0,0.0,0.0,0.0,PVDAQ_10,night_or_low_power
2023-01-01 04:40:00,0.0,0.0,0.0,0.0,PVDAQ_10,night_or_low_power
2023-01-01 04:41:00,0.0,0.0,0.0,0.0,PVDAQ_10,night_or_low_power
2023-01-01 04:42:00,0.0,0.0,0.0,0.0,PVDAQ_10,night_or_low_power
2023-01-01 04:43:00,0.0,0.0,0.0,0.0,PVDAQ_10,night_or_low_power
2023-01-01 04:44:00,0.0,0.0,0.0,0.0,PVDAQ_10,night_or_low_power
2023-01-01 04:45:00,0.0,0.0,0.0,0.0,PVDAQ_10,night_or_low_power
2023-01-01 04:46:00,0.0,0.0,0.0,0.0,PVDAQ_10,night_or_low_power
2023-01-01 04:47:00,0.0,0.0,0.0,0.0,PVDAQ_10,night_or_low_power
2023-01-01 04:48:00,0.0,0.0,0.0,0.0,PVDAQ_10,night_or_low_power
2023-01-01 04:49:00,0.0,0.0,0.0,0.0,PVDAQ_10,night_or_low_power
2023-01-01 04:50:00,0.0,0.0,0.0,0.0,PVDAQ_10,night_or_low_power
2023-01-01 04:51:00,0.0,0.0,0.0,0.0,PVDAQ_10,night_or_low_power
2023-01-01 04:52:00,0.0,0.0,0.0,0.0,PVDAQ_10,night_or_low_power
2023-01-01 04:53:00,0.0,0.0,0.0,0.0,PVDAQ_10,night_or_low_power
2023-01-01 04:54:00,0.0,0.0,0.0,0.0,PVDAQ_10,night_or_low_power
2023-01-01 04:55:00,0.0,0.0,0.0,0.0,PVDAQ_10,night_or_low_power
2023-01-01 04:56:00,0.0,0.0,0.0,0.0,PVDAQ_10,night_or_low_power
2023-01-01 04:57:00,0.0,0.0,0.0,0.0,PVDAQ_10,night_or_low_power
2023-01-01 04:58:00,0.0,0.0,0.0,0.0,PVDAQ_10,night_or_low_power
2023-01-01 04:59:00,0.0,0.0,0.0,0.0,PVDAQ_10,night_or_low_power
2023-01-01 05:00:00,0.0,0.0,0.0,0.0,PVDAQ_10,night_or_low_power
2023-01-01 05:01:00,0.0,0.0,0.0,0.0,PVDAQ_10,night_or_low_power
2023-01-01 05:02:00,0.0,0.0,0.0,0.0,PVDAQ_10,night_or_low_power
2023-01-01 05:03:00,0.0,0.0,0.0,0.0,PVDAQ_10,night_or_low_power
2023-01-01 05:04:00,0.0,0.0,0.0,0.0,PVDAQ_10,night_or_low_power
2023-01-01 05:05:00,0.0,0.0,0.0,0.0,PVDAQ_10,night_or_low_power
2023-01-01 05:06:00,0.0,0.0,0.0,0.0,PVDAQ_10,night_or_low_power
2023-01-01 05:07:00,0.0,0.0,0.0,0.0,PVDAQ_10,night_or_low_power
2023-01-01 05:08:00,0.0,0.0,0.0,0.0,PVDAQ_10,night_or_low_power
2023-01-01 05:09:00,0.0,0.0,0.0,0.0,PVDAQ_10,night_or_low_power
2023-01-01 05:10:00,0.0,0.0,0.0,0.0,PVDAQ_10,night_or_low_power
2023-01-01 05:11:00,0.0,0.0,0.0,0.0,PVDAQ_10,night_or_low_power
2023-01-01 05:12:00,0.0,0.0,0.0,0.0,PVDAQ_10,night_or_low_power
2023-01-01 05:13:00,0.0,0.0,0.0,0.0,PVDAQ_10,night_or_low_power
2023-01-01 05:14:00,0.0,0.0,0.0,0.0,PVDAQ_10,night_or_low_power
2023-01-01 05:15:00,0.0,0.0,0.0,0.0,PVDAQ_10,night_or_low_power
2023-01-01 05:16:00,0.0,0.0,0.0,0.0,PVDAQ_10,night_or_low_power
2023-01-01 05:17:00,0.0,0.0,0.0,0.0,PVDAQ_10,night_or_low_power
2023-01-01 05:18:00,0.0,0.0,0.0,0.0,PVDAQ_10,night_or_low_power
2023-01-01 05:19:00,0.0,0.0,0.0,0.0,PVDAQ_10,night_or_low_power
2023-01-01 05:20:00,0.0,0.0,0.0,0.0,PVDAQ_10,night_or_low_power
2023-01-01 05:21:00,0.0,0.0,0.0,0.0,PVDAQ_10,night_or_low_power
2023-01-01 05:22:00,0.0,0.0,0.0,0.0,PVDAQ_10,night_or_low_power
2023-01-01 05:23:00,0.0,0.0,0.0,0.0,PVDAQ_10,night_or_low_power
2023-01-01 05:24:00,0.0,0.0,0.0,0.0,PVDAQ_10,night_or_low_power
2023-01-01 05:25:00,0.0,0.0,0.0,0.0,PVDAQ_10,night_or_low_power
2023-01-01 05:26:00,0.0,0.0,0.0,0.0,PVDAQ_10,night_or_low_power
2023-01-01 05:27:00,0.0,0.0,0.0,0.0,PVDAQ_10,night_or_low_power
2023-01-01 05:28:00,0.0,0.0,0.0,0.0,PVDAQ_10,night_or_low_power
2023-01-01 05:29:00,0.0,0.0,0.0,0.0,PVDAQ_10,night_or_low_power
2023-01-01 05:30:00,0.0,0.0,0.0,0.0,PVDAQ_10,night_or_low_power
2023-01-01 05:31:00,0.0,0.0,0.0,0.0,PVDAQ_10,night_or_low_power
2023-01-01 05:32:00,0.0,0.0,0.0,0.0,PVDAQ_10,night_or_low_power
2023-01-01 05:33:00,0.0,0.0,0.0,0.0,PVDAQ_10,night_or_low_power
2023-01-01 05:34:00,0.0,0.0,0.0,0.0,PVDAQ_10,night_or_low_power
2023-01-01 05:35:00,0.0,0.0,0.0,0.0,PVDAQ_10,night_or_low_power
2023-01-01 05:36:00,0.0,0.0,0.0,0.0,PVDAQ_10,night_or_low_power
2023-01-01 05:37:00,0.0,0.0,0.0,0.0,PVDAQ_10,night_or_low_power
2023-01-01 05:38:00,0.0,0.0,0.0,0.0,PVDAQ_10,night_or_low_power
2023-01-01 05:39:00,0.0,0.0,0.0,0.0,PVDAQ_10,night_or_low_power
2023-01-01 05:40:00,0.0,0.0,0.0,0.0,PVDAQ_10,night_or_low_power
2023-01-01 05:41:00,0.0,0.0,0.0,0.0,PVDAQ_10,night_or_low_power
2023-01-01 05:42:00,0.0,0.0,0.0,0.0,PVDAQ_10,night_or_low_power
2023-01-01 05:43:00,0.0,0.0,0.0,0.0,PVDAQ_10,night_or_low_power
2023-01-01 05:44:00,0.0,0.0,0.0,0.0,PVDAQ_10,night_or_low_power
2023-01-01 05:45:00,0.0,0.0,0.0,0.0,PVDAQ_10,night_or_low_power
2023-01-01 05:46:00,0.0,0.0,0.0,0.0,PVDAQ_10,night_or_low_power
2023-01-01 05:47:00,0.0,0.0,0.0,0.0,PVDAQ_10,night_or_low_power
2023-01-01 05:48:00,0.0,0.0,0.0,0.0,PVDAQ_10,night_or_low_power
2023-01-01 05:49:00,0.0,0.0,0.0,0.0,PVDAQ_10,night_or_low_power
2023-01-01 05:50:00,0.0,0.0,0.0,0.0,PVDAQ_10,night_or_low_power
2023-01-01 05:51:00,0.0,0.0,0.0,0.0,PVDAQ_10,night_or_low_power
2023-01-01 05:52:00,0.0,0.0,0.0,0.0,PVDAQ_10,night_or_low_power
2023-01-01 05:53:00,0.0,0.0,0.0,0.0,PVDAQ_10,night_or_low_power
2023-01-01 05:54:00,0.0,0.0,0.0,0.0,PVDAQ_10,night_or_low_power
2023-01-01 05:55:00,0.0,0.0,0.0,0.0,PVDAQ_10,night_or_low_power
2023-01-01 05:56:00,0.0,0.0,0.0,0.0,PVDAQ_10,night_or_low_power
2023-01-01 05:57:00,0.0,0.0,0.0,0.0,PVDAQ_10,night_or_low_power
2023-01-01 05:58:00,0.0,0.0,0.0,0.0,PVDAQ_10,night_or_low_power
2023-01-01 05:59:00,0.0,0.0,0.0,0.0,PVDAQ_10,night_or_low_power
2023-01-01 06:00:00,0.0,0.0,0.0,0.0,PVDAQ_10,night_or_low_power
2023-01-01 06:01:00,0.0,0.0,0.0,0.0,PVDAQ_10,night_or_low_power
2023-01-01 06:02:00,0.0,0.0,0.0,0.0,PVDAQ_10,night_or_low_power
2023-01-01 06:03:00,0.0,0.0,0.0,0.0,PVDAQ_10,night_or_low_power
2023-01-01 06:04:00,0.0,0.0,0.0,0.0,PVDAQ_10,night_or_low_power
2023-01-01 06:05:00,0.0,0.0,0.0,0.0,PVDAQ_10,night_or_low_power
2023-01-01 06:06:00,0.0,0.0,0.0,0.0,PVDAQ_10,night_or_low_power
2023-01-01 06:07:00,0.0,0.0,0.0,0.0,PVDAQ_10,night_or_low_power
2023-01-01 06:08:00,0.0,0.0,0.0,0.0,PVDAQ_10,night_or_low_power
2023-01-01 06:09:00,0.0,0.0,0.0,0.0,PVDAQ_10,night_or_low_power
2023-01-01 06:10:00,0.0,0.0,0.0,0.0,PVDAQ_10,night_or_low_power
2023-01-01 06:11:00,0.0,0.0,0.0,0.0,PVDAQ_10,night_or_low_power
2023-01-01 06:12:00,0.0,0.0,0.0,0.0,PVDAQ_10,night_or_low_power
2023-01-01 06:13:00,0.0,0.0,0.0,0.0,PVDAQ_10,night_or_low_power
2023-01-01 06:14:00,0.0,0.0,0.0,0.0,PVDAQ_10,night_or_low_power
2023-01-01 06:15:00,0.0,0.0,0.0,0.0,PVDAQ_10,night_or_low_power
2023-01-01 06:16:00,0.0,0.0,0.0,0.0,PVDAQ_10,night_or_low_power
2023-01-01 06:17:00,0.0,0.0,0.0,0.0,PVDAQ_10,night_or_low_power
2023-01-01 06:18:00,0.0,0.0,0.0,0.0,PVDAQ_10,night_or_low_power
2023-01-01 06:19:00,0.0,0.0,0.0,0.0,PVDAQ_10,night_or_low_power
2023-01-01 06:20:00,0.0,0.0,0.0,0.0,PVDAQ_10,night_or_low_power
2023-01-01 06:21:00,0.0,0.0,0.0,0.0,PVDAQ_10,night_or_low_power
2023-01-01 06:22:00,0.0,0.0,0.0,0.0,PVDAQ_10,night_or_low_power
2023-01-01 06:23:00,0.0,0.0,0.0,0.0,PVDAQ_10,night_or_low_power
2023-01-01 06:24:00,0.0,0.0,0.0,0.0,PVDAQ_10,night_or_low_power
2023-01-01 06:25:00,0.0,0.0,0.0,0.0,PVDAQ_10,night_or_low_power
2023-01-01 06:26:00,0.0,0.0,0.0,0.0,PVDAQ_10,night_or_low_power
2023-01-01 06:27:00,0.0,0.0,0.0,0.0,PVDAQ_10,night_or_low_power
2023-01-01 06:28:00,0.0,0.0,0.0,0.0,PVDAQ_10,night_or_low_power
2023-01-01 06:29:00,0.0,0.0,0.0,0.0,PVDAQ_10,night_or_low_power
2023-01-01 06:30:00,0.0,0.0,0.0,0.0,PVDAQ_10,night_or_low_power
2023-01-01 06:31:00,0.0,0.0,0.0,0.0,PVDAQ_10,night_or_low_power
2023-01-01 06:32:00,0.0,0.0,0.0,0.0,PVDAQ_10,night_or_low_power
2023-01-01 06:33:00,0.0,0.0,0.0,0.0,PVDAQ_10,night_or_low_power
2023-01-01 06:34:00,0.0,0.0,0.0,0.0,PVDAQ_10,night_or_low_power
2023-01-01 06:35:00,0.0,0.0,0.0,0.0,PVDAQ_10,night_or_low_power
2023-01-01 06:36:00,0.0,0.0,0.0,0.0,PVDAQ_10,night_or_low_power
2023-01-01 06:37:00,0.0,0.0,0.0,0.0,PVDAQ_10,night_or_low_power
2023-01-01 06:38:00,0.0,0.0,0.0,0.0,PVDAQ_10,night_or_low_power
2023-01-01 06:39:00,0.0,0.0,0.0,0.0,PVDAQ_10,night_or_low_power
2023-01-01 06:40:00,0.0,0.0,0.0,0.0,PVDAQ_10,night_or_low_power
2023-01-01 06:41:00,0.0,0.0,0.0,0.0,PVDAQ_10,night_or_low_power
2023-01-01 06:42:00,0.0,0.0,0.0,0.0,PVDAQ_10,night_or_low_power
2023-01-01 06:43:00,0.0,0.0,0.0,0.0,PVDAQ_10,night_or_low_power
2023-01-01 06:44:00,0.0,0.0,0.0,0.0,PVDAQ_10,night_or_low_power
2023-01-01 06:45:00,0.0,0.0,0.0,0.0,PVDAQ_10,night_or_low_power
2023-01-01 06:46:00,0.0,0.0,0.0,0.0,PVDAQ_10,night_or_low_power
2023-01-01 06:47:00,0.0,0.0,0.0,0.0,PVDAQ_10,night_or_low_power
2023-01-01 06:48:00,0.0,0.0,0.0,0.0,PVDAQ_10,night_or_low_power
2023-01-01 06:49:00,0.0,0.0,0.0,0.0,PVDAQ_10,night_or_low_power
2023-01-01 06:50:00,0.0,0.0,0.0,0.0,PVDAQ_10,night_or_low_power
2023-01-01 06:51:00,0.0,0.0,0.0,0.0,PVDAQ_10,night_or_low_power
2023-01-01 06:52:00,0.0,0.0,0.0,0.0,PVDAQ_10,night_or_low_power
2023-01-01 06:53:00,0.0,0.0,0.0,0.0,PVDAQ_10,night_or_low_power
2023-01-01 06:54:00,0.0,0.0,0.0,0.0,PVDAQ_10,night_or_low_power
2023-01-01 06:55:00,0.0,0.0,0.0,0.0,PVDAQ_10,night_or_low_power
2023-01-01 06:56:00,0.0,0.0,0.0,0.0,PVDAQ_10,night_or_low_power
2023-01-01 06:57:00,0.0,0.0,0.0,0.0,PVDAQ_10,night_or_low_power
2023-01-01 06:58:00,0.0,0.0,0.0,0.0,PVDAQ_10,night_or_low_power
2023-01-01 06:59:00,0.0,0.0,0.0,0.0,PVDAQ_10,night_or_low_power
2023-01-01 07:00:00,0.0,0.0,0.0,0.0,PVDAQ_10,night_or_low_power
2023-01-01 07:01:00,0.0,0.0,0.0,0.0,PVDAQ_10,night_or_low_power
2023-01-01 07:02:00,0.0,0.0,0.0,0.0,PVDAQ_10,night_or_low_power
2023-01-01 07:03:00,0.0,0.0,0.0,0.0,PVDAQ_10,night_or_low_power
2023-01-01 07:04:00,0.0,0.0,0.0,0.0,PVDAQ_10,night_or_low_power
2023-01-01 07:05:00,0.0,0.0,0.0,0.0,PVDAQ_10,night_or_low_power
2023-01-01 07:06:00,0.0,0.0,0.0,0.0,PVDAQ_10,night_or_low_power
2023-01-01 07:07:00,0.0,0.0,0.0,0.0,PVDAQ_10,night_or_low_power
2023-01-01 07:08:00,0.0,0.0,0.0,0.0,PVDAQ_10,night_or_low_power
2023-01-01 07:09:00,0.0,0.0,0.0,0.0,PVDAQ_10,night_or_low_power
2023-01-01 07:10:00,0.0,0.0,0.0,0.0,PVDAQ_10,night_or_low_power
2023-01-01 07:11:00,0.0,0.0,0.0,0.0,PVDAQ_10,night_or_low_power
2023-01-01 07:12:00,0.0,0.0,0.0,0.0,PVDAQ_10,night_or_low_power
2023-01-01 07:13:00,0.0,0.0,0.0,0.0,PVDAQ_10,night_or_low_power
2023-01-01 07:14:00,0.0,0.0,0.0,0.0,PVDAQ_10,night_or_low_power
2023-01-01 07:15:00,0.0,0.0,0.0,0.0,PVDAQ_10,night_or_low_power
2023-01-01 07:16:00,0.0,0.0,0.0,0.0,PVDAQ_10,night_or_low_power
2023-01-01 07:17:00,0.0,0.0,0.0,0.0,PVDAQ_10,night_or_low_power
2023-01-01 07:18:00,0.0,0.0,0.0,0.0,PVDAQ_10,night_or_low_power
2023-01-01 07:19:00,0.0,0.0,0.0,0.0,PVDAQ_10,night_or_low_power
2023-01-01 07:20:00,0.0,0.0,0.0,0.0,PVDAQ_10,night_or_low_power
2023-01-01 07:21:00,0.0,0.0,0.0,0.0,PVDAQ_10,night_or_low_power
2023-01-01 07:22:00,0.0,0.0,0.0,0.0,PVDAQ_10,night_or_low_power
2023-01-01 07:23:00,0.0,0.0,0.0,0.0,PVDAQ_10,night_or_low_power
2023-01-01 07:24:00,0.0,0.0,0.0,0.0,PVDAQ_10,night_or_low_power
2023-01-01 07:25:00,0.0,0.0,0.0,0.0,PVDAQ_10,night_or_low_power
2023-01-01 07:26:00,0.0,0.0,0.0,0.0,PVDAQ_10,night_or_low_power
2023-01-01 07:27:00,0.0,0.0,0.0,0.0,PVDAQ_10,night_or_low_power
2023-01-01 07:28:00,0.0,0.0,0.0,0.0,PVDAQ_10,night_or_low_power
2023-01-01 07:29:00,0.0,0.0,0.0,0.0,PVDAQ_10,night_or_low_power
2023-01-01 07:30:00,0.0,0.0,0.0,0.0,PVDAQ_10,night_or_low_power
2023-01-01 07:31:00,0.0,0.0,0.0,0.0,PVDAQ_10,night_or_low_power
2023-01-01 07:32:00,0.0,0.0,0.0,0.0,PVDAQ_10,night_or_low_power
2023-01-01 07:33:00,0.0,0.0,0.0,0.0,PVDAQ_10,night_or_low_power
2023-01-01 07:34:00,0.0,0.0,0.0,0.0,PVDAQ_10,night_or_low_power
2023-01-01 07:35:00,0.0,0.0,0.0,0.0,PVDAQ_10,night_or_low_power
2023-01-01 07:36:00,0.0,0.0,0.0,0.0,PVDAQ_10,night_or_low_power
2023-01-01 07:37:00,0.0,0.0,0.0,0.0,PVDAQ_10,night_or_low_power
2023-01-01 07:38:00,0.0,0.0,0.0,0.0,PVDAQ_10,night_or_low_power
2023-01-01 07:39:00,0.0,0.0,0.0,0.0,PVDAQ_10,night_or_low_power
2023-01-01 07:40:00,0.0,0.0,0.0,0.0,PVDAQ_10,night_or_low_power
2023-01-01 07:41:00,0.0,5.1596659,-5.1596659,5.1596659,PVDAQ_10,night_or_low_power
2023-01-01 07:42:00,0.0,0.33852409999999994,-0.33852409999999994,0.33852409999999994,PVDAQ_10,night_or_low_power
2023-01-01 07:43:00,0.0,0.36133200000000004,-0.36133200000000004,0.36133200000000004,PVDAQ_10,night_or_low_power
2023-01-01 07:44:00,0.0,0.4638710999999999,-0.4638710999999999,0.4638710999999999,PVDAQ_10,night_or_low_power
2023-01-01 07:45:00,0.0,0.05695959999999999,-0.05695959999999999,0.05695959999999999,PVDAQ_10,cloudy
2023-01-01 07:46:00,0.48808,0.6271624500000004,-0.13908245000000036,0.13908245000000036,PVDAQ_10,cloudy
2023-01-01 07:47:00,1.7415,0.9684604499999995,0.7730395500000006,0.7730395500000006,PVDAQ_10,cloudy
2023-01-01 07:48:00,2.629,1.794249699999999,0.8347503000000009,0.8347503000000009,PVDAQ_10,cloudy
2023-01-01 07:49:00,3.3167,3.5332827000000067,-0.21658270000000668,0.21658270000000668,PVDAQ_10,cloudy
2023-01-01 07:50:00,4.5923,3.7586300000000024,0.8336699999999975,0.8336699999999975,PVDAQ_10,cloudy
2023-01-01 07:51:00,5.8791,4.740083800000003,1.1390161999999968,1.1390161999999968,PVDAQ_10,cloudy
2023-01-01 07:52:00,6.6778,5.564217200000006,1.1135827999999943,1.1135827999999943,PVDAQ_10,cloudy
2023-01-01 07:53:00,7.7426,8.495806450000007,-0.7532064500000066,0.7532064500000066,PVDAQ_10,cloudy
2023-01-01 07:54:00,9.2291,8.129057100000011,1.1000428999999894,1.1000428999999894,PVDAQ_10,cloudy
2023-01-01 07:55:00,10.272,9.778855000000018,0.4931449999999824,0.4931449999999824,PVDAQ_10,cloudy
2023-01-01 07:56:00,11.514,12.61171041999999,-1.0977104199999914,1.0977104199999914,PVDAQ_10,cloudy
2023-01-01 07:57:00,12.579,12.842813999999986,-0.2638139999999858,0.2638139999999858,PVDAQ_10,cloudy
2023-01-01 07:58:00,13.91,16.19567325000002,-2.28567325000002,2.28567325000002,PVDAQ_10,cloudy
2023-01-01 07:59:00,16.129,16.601170650000018,-0.4721706500000167,0.4721706500000167,PVDAQ_10,cloudy
2023-01-01 08:00:00,17.748,19.42239049999996,-1.6743904999999586,1.6743904999999586,PVDAQ_10,cloudy
2023-01-01 08:01:00,19.057,21.46172809999997,-2.4047280999999714,2.4047280999999714,PVDAQ_10,cloudy
2023-01-01 08:02:00,21.176,22.233409999999996,-1.0574099999999973,1.0574099999999973,PVDAQ_10,cloudy
2023-01-01 08:03:00,22.207,22.182236449999976,0.02476355000002428,0.02476355000002428,PVDAQ_10,cloudy
2023-01-01 08:04:00,24.326,24.39552168333332,-0.06952168333332054,0.06952168333332054,PVDAQ_10,cloudy
2023-01-01 08:05:00,25.435,25.05557538333332,0.3794246166666788,0.3794246166666788,PVDAQ_10,cloudy
2023-01-01 08:06:00,26.988,27.058473149999955,-0.07047314999995535,0.07047314999995535,PVDAQ_10,cloudy
2023-01-01 08:07:00,27.865,28.762443052500018,-0.8974430525000194,0.8974430525000194,PVDAQ_10,cloudy
2023-01-01 08:08:00,29.418,28.86000183333332,0.5579981666666782,0.5579981666666782,PVDAQ_10,cloudy
2023-01-01 08:09:00,29.839,30.064429599999954,-0.2254295999999556,0.2254295999999556,PVDAQ_10,cloudy
2023-01-01 08:10:00,31.026,30.538498849999975,0.4875011500000248,0.4875011500000248,PVDAQ_10,cloudy
2023-01-01 08:11:00,31.925,33.5425826,-1.6175826000000022,1.6175826000000022,PVDAQ_10,cloudy
2023-01-01 08:12:00,34.886,31.77329552500003,3.1127044749999726,3.1127044749999726,PVDAQ_10,cloudy
2023-01-01 08:13:00,36.062,27.36672248333337,8.695277516666629,8.695277516666629,PVDAQ_10,cloudy
2023-01-01 08:14:00,23.661,37.32897080576922,-13.667970805769215,13.667970805769215,PVDAQ_10,cloudy
2023-01-01 08:15:00,21.331,37.28835413910252,-15.957354139102524,15.957354139102524,PVDAQ_10,cloudy
2023-01-01 08:16:00,36.129,35.91903144487185,0.2099685551281496,0.2099685551281496,PVDAQ_10,cloudy
2023-01-01 08:17:00,37.072,33.96094510000001,3.111054899999992,3.111054899999992,PVDAQ_10,cloudy
2023-01-01 08:18:00,37.349,37.20044491666661,0.14855508333338463,0.14855508333338463,PVDAQ_10,cloudy
2023-01-01 08:19:00,37.726,36.163667411666665,1.5623325883333337,1.5623325883333337,PVDAQ_10,cloudy
2023-01-01 08:20:00,38.369,36.62266400737179,1.746335992628211,1.746335992628211,PVDAQ_10,cloudy
2023-01-01 08:21:00,38.602,39.95233751119043,-1.3503375111904319,1.3503375111904319,PVDAQ_10,cloudy
2023-01-01 08:22:00,40.887,41.67233465678569,-0.785334656785686,0.785334656785686,PVDAQ_10,cloudy
2023-01-01 08:23:00,42.884,41.933360550000025,0.9506394499999757,0.9506394499999757,PVDAQ_10,cloudy
2023-01-01 08:24:00,44.559,47.16108254999991,-2.6020825499999134,2.6020825499999134,PVDAQ_10,cloudy
2023-01-01 08:25:00,46.999,57.238753877777654,-10.239753877777652,10.239753877777652,PVDAQ_10,cloudy
2023-01-01 08:26:00,49.606,59.377683177777634,-9.771683177777632,9.771683177777632,PVDAQ_10,cloudy
2023-01-01 08:27:00,52.257,57.971987662698346,-5.7149876626983485,5.7149876626983485,PVDAQ_10,cloudy
2023-01-01 08:28:00,52.379,54.268219966666585,-1.8892199666665874,1.8892199666665874,PVDAQ_10,cloudy
2023-01-01 08:29:00,54.088,55.534694425000055,-1.4466944250000537,1.4466944250000537,PVDAQ_10,cloudy
2023-01-01 08:30:00,58.691,58.48708068571428,0.20391931428572008,0.20391931428572008,PVDAQ_10,cloudy
2023-01-01 08:31:00,61.542,60.20283594999992,1.339164050000079,1.339164050000079,PVDAQ_10,cloudy
2023-01-01 08:32:00,63.095,63.18176124999987,-0.08676124999987422,0.08676124999987422,PVDAQ_10,cloudy
2023-01-01 08:33:00,65.08,64.42349386428559,0.6565061357144089,0.6565061357144089,PVDAQ_10,cloudy
2023-01-01 08:34:00,69.451,70.95884384333326,-1.5078438433332622,1.5078438433332622,PVDAQ_10,cloudy
2023-01-01 08:35:00,71.791,75.40979644333328,-3.618796443333281,3.618796443333281,PVDAQ_10,cloudy
2023-01-01 08:36:00,72.623,76.1229767433333,-3.499976743333292,3.499976743333292,PVDAQ_10,cloudy
2023-01-01 08:37:00,76.295,76.44190459999989,-0.14690459999988548,0.14690459999988548,PVDAQ_10,cloudy
2023-01-01 08:38:00,76.97199999999998,77.84147949999992,-0.8694794999999402,0.8694794999999402,PVDAQ_10,cloudy
2023-01-01 08:39:00,79.44499999999998,81.42333820615372,-1.9783382061537367,1.9783382061537367,PVDAQ_10,cloudy
2023-01-01 08:40:00,82.69499999999998,85.85719608139185,-3.162196081391869,3.162196081391869,PVDAQ_10,cloudy
2023-01-01 08:41:00,87.12099999999998,88.02752019821415,-0.9065201982141673,0.9065201982141673,PVDAQ_10,cloudy
2023-01-01 08:42:00,90.959,93.31318218571427,-2.354182185714265,2.354182185714265,PVDAQ_10,cloudy
2023-01-01 08:43:00,95.008,98.70467988333331,-3.696679883333317,3.696679883333317,PVDAQ_10,cloudy
2023-01-01 08:44:00,97.648,101.13999493333331,-3.4919949333333165,3.4919949333333165,PVDAQ_10,cloudy
2023-01-01 08:45:00,99.811,103.35979938333342,-3.5487993833334173,3.5487993833334173,PVDAQ_10,cloudy
2023-01-01 08:46:00,105.49,104.38191071944452,1.1080892805554754,1.1080892805554754,PVDAQ_10,cloudy
2023-01-01 08:47:00,112.77,114.52052316111109,-1.75052316111109,1.75052316111109,PVDAQ_10,cloudy
2023-01-01 08:48:00,116.37,119.39662376427586,-3.026623764275854,3.026623764275854,PVDAQ_10,cloudy
2023-01-01 08:49:00,125.42,121.5421582690205,3.8778417309794975,3.8778417309794975,PVDAQ_10,cloudy
2023-01-01 08:50:00,129.37,126.92895319070718,2.4410468092928284,2.4410468092928284,PVDAQ_10,cloudy
2023-01-01 08:51:00,134.97,132.11918230778048,2.850817692219522,2.850817692219522,PVDAQ_10,cloudy
2023-01-01 08:52:00,140.61,138.79722274404753,1.8127772559524828,1.8127772559524828,PVDAQ_10,cloudy
2023-01-01 08:53:00,152.17,148.90373312499986,3.2662668750001274,3.2662668750001274,PVDAQ_10,cloudy
2023-01-01 08:54:00,151.43,151.07930209166622,0.35069790833378534,0.35069790833378534,PVDAQ_10,cloudy
2023-01-01 08:55:00,156.35,153.24647649999997,3.1035235000000228,3.1035235000000228,PVDAQ_10,cloudy
2023-01-01 08:56:00,157.81,157.11377024999993,0.6962297500000716,0.6962297500000716,PVDAQ_10,cloudy
2023-01-01 08:57:00,158.29,157.37876774999992,0.9112322500000687,0.9112322500000687,PVDAQ_10,cloudy
2023-01-01 08:58:00,160.55,158.61943491666688,1.9305650833331356,1.9305650833331356,PVDAQ_10,cloudy
2023-01-01 08:59:00,158.0,159.39672799999968,-1.3967279999996833,1.3967279999996833,PVDAQ_10,cloudy
2023-01-01 09:00:00,170.29,171.25727533333313,-0.9672753333331343,0.9672753333331343,PVDAQ_10,cloudy
2023-01-01 09:01:00,157.52,157.61874016666673,-0.09874016666671537,0.09874016666671537,PVDAQ_10,cloudy
2023-01-01 09:02:00,146.21,148.00577192499998,-1.7957719249999684,1.7957719249999684,PVDAQ_10,cloudy
2023-01-01 09:03:00,139.98,139.313066486508,0.6669335134919834,0.6669335134919834,PVDAQ_10,cloudy
2023-01-01 09:04:00,143.21,144.84673271666668,-1.6367327166666712,1.6367327166666712,PVDAQ_10,cloudy
2023-01-01 09:05:00,147.79,148.12966184166663,-0.33966184166663993,0.33966184166663993,PVDAQ_10,cloudy
2023-01-01 09:06:00,148.8,150.22311535158715,-1.4231153515871426,1.4231153515871426,PVDAQ_10,cloudy
2023-01-01 09:07:00,156.03,158.11137533333363,-2.081375333333625,2.081375333333625,PVDAQ_10,cloudy
2023-01-01 09:08:00,168.49,165.7407004999998,2.7492995000002054,2.7492995000002054,PVDAQ_10,cloudy
2023-01-01 09:09:00,174.76,172.10518631666656,2.6548136833334297,2.6548136833334297,PVDAQ_10,cloudy
2023-01-01 09:10:00,182.33,181.21892149999942,1.1110785000005876,1.1110785000005876,PVDAQ_10,cloudy
2023-01-01 09:11:00,182.21,189.9125605000003,-7.702560500000288,7.702560500000288,PVDAQ_10,cloudy
2023-01-01 09:12:00,179.76,182.30399450000007,-2.543994500000082,2.543994500000082,PVDAQ_10,cloudy
2023-01-01 09:13:00,173.91,172.11174731666645,1.7982526833335442,1.7982526833335442,PVDAQ_10,cloudy
2023-01-01 09:14:00,172.78,173.26465231249998,-0.48465231249997487,0.48465231249997487,PVDAQ_10,cloudy
2023-01-01 09:15:00,175.0,172.38794731666638,2.6120526833336157,2.6120526833336157,PVDAQ_10,cloudy
2023-01-01 09:16:00,168.62,168.47688350000016,0.14311649999984866,0.14311649999984866,PVDAQ_10,cloudy
2023-01-01 09:17:00,146.34,148.57948250000004,-2.2394825000000367,2.2394825000000367,PVDAQ_10,cloudy
2023-01-01 09:18:00,137.45,139.91181685238087,-2.4618168523808777,2.4618168523808777,PVDAQ_10,cloudy
2023-01-01 09:19:00,138.5,138.03069101946255,0.4693089805374484,0.4693089805374484,PVDAQ_10,cloudy
2023-01-01 09:20:00,136.26,138.0138783071429,-1.7538783071429123,1.7538783071429123,PVDAQ_10,cloudy
2023-01-01 09:21:00,131.43,134.43324054642872,-3.0032405464287137,3.0032405464287137,PVDAQ_10,cloudy
2023-01-01 09:22:00,128.87,129.5853253732401,-0.7153253732400913,0.7153253732400913,PVDAQ_10,cloudy
2023-01-01 09:23:00,125.59,127.75361967758163,-2.1636196775816217,2.1636196775816217,PVDAQ_10,cloudy
2023-01-01 09:24:00,126.6,125.06284001838958,1.5371599816104151,1.5371599816104151,PVDAQ_10,cloudy
2023-01-01 09:25:00,124.09,126.53807458509013,-2.4480745850901258,2.4480745850901258,PVDAQ_10,cloudy
2023-01-01 09:26:00,123.56,126.46900687556307,-2.9090068755630654,2.9090068755630654,PVDAQ_10,cloudy
2023-01-01 09:27:00,125.05,126.31039108280555,-1.2603910828055547,1.2603910828055547,PVDAQ_10,cloudy
2023-01-01 09:28:00,121.83,126.3489784263812,-4.518978426381196,4.518978426381196,PVDAQ_10,cloudy
2023-01-01 09:29:00,122.67,123.59666909911975,-0.9266690991197493,0.9266690991197493,PVDAQ_10,cloudy
2023-01-01 09:30:00,123.04,124.499185269369,-1.4591852693689873,1.4591852693689873,PVDAQ_10,cloudy
2023-01-01 09:31:00,121.55,121.98506379921218,-0.4350637992121875,0.4350637992121875,PVDAQ_10,cloudy
2023-01-01 09:32:00,120.53,121.67729665962332,-1.147296659623322,1.147296659623322,PVDAQ_10,cloudy
2023-01-01 09:33:00,120.01,121.56259363739217,-1.5525936373921638,1.5525936373921638,PVDAQ_10,cloudy
2023-01-01 09:34:00,120.71,121.0214127811733,-0.31141278117330273,0.31141278117330273,PVDAQ_10,cloudy
2023-01-01 09:35:00,120.4,121.44393972877816,-1.043939728778156,1.043939728778156,PVDAQ_10,cloudy
2023-01-01 09:36:00,123.03,121.85840129640474,1.171598703595265,1.171598703595265,PVDAQ_10,cloudy
2023-01-01 09:37:00,123.27,123.811733521696,-0.5417335216960026,0.5417335216960026,PVDAQ_10,cloudy
2023-01-01 09:38:00,126.33,125.09335630988588,1.2366436901141213,1.2366436901141213,PVDAQ_10,cloudy
2023-01-01 09:39:00,127.85,128.46067609653363,-0.6106760965336377,0.6106760965336377,PVDAQ_10,cloudy
2023-01-01 09:40:00,129.77,128.75317008922423,1.0168299107757832,1.0168299107757832,PVDAQ_10,cloudy
2023-01-01 09:41:00,128.91,129.64365011381673,-0.7336501138167364,0.7336501138167364,PVDAQ_10,cloudy
2023-01-01 09:42:00,130.64,132.1982567574923,-1.5582567574923019,1.5582567574923019,PVDAQ_10,cloudy
2023-01-01 09:43:00,132.87,133.9140176324924,-1.0440176324923982,1.0440176324923982,PVDAQ_10,cloudy
2023-01-01 09:44:00,134.05,134.37370163385648,-0.3237016338564729,0.3237016338564729,PVDAQ_10,cloudy
2023-01-01 09:45:00,132.86,133.25227235955887,-0.3922723595588593,0.3922723595588593,PVDAQ_10,cloudy
2023-01-01 09:46:00,133.17,133.37326542307017,-0.20326542307017803,0.20326542307017803,PVDAQ_10,cloudy
2023-01-01 09:47:00,133.99,133.95110246807334,0.0388975319266649,0.0388975319266649,PVDAQ_10,cloudy
2023-01-01 09:48:00,131.48,131.56103881912378,-0.08103881912379052,0.08103881912379052,PVDAQ_10,cloudy
2023-01-01 09:49:00,129.43,129.98027069682558,-0.5502706968255779,0.5502706968255779,PVDAQ_10,cloudy
2023-01-01 09:50:00,126.9,128.05793572088618,-1.1579357208861722,1.1579357208861722,PVDAQ_10,cloudy
2023-01-01 09:51:00,126.97,127.92221423993384,-0.9522142399338378,0.9522142399338378,PVDAQ_10,cloudy
2023-01-01 09:52:00,126.86,127.02877992730348,-0.16877992730347557,0.16877992730347557,PVDAQ_10,cloudy
2023-01-01 09:53:00,128.11,128.0011739948789,0.1088260051211023,0.1088260051211023,PVDAQ_10,cloudy
2023-01-01 09:54:00,129.97,128.74983889983798,1.2201611001620165,1.2201611001620165,PVDAQ_10,cloudy
2023-01-01 09:55:00,130.47,129.77717954539764,0.6928204546023551,0.6928204546023551,PVDAQ_10,cloudy
2023-01-01 09:56:00,131.92,131.85078432438675,0.06921567561323627,0.06921567561323627,PVDAQ_10,cloudy
2023-01-01 09:57:00,132.93,134.27407396190472,-1.3440739619047122,1.3440739619047122,PVDAQ_10,cloudy
2023-01-01 09:58:00,136.17,133.84461546379885,2.325384536201142,2.325384536201142,PVDAQ_10,cloudy
2023-01-01 09:59:00,134.44,136.06712962777792,-1.6271296277779186,1.6271296277779186,PVDAQ_10,cloudy
2023-01-01 10:00:00,138.23,136.17263149493272,2.0573685050672736,2.0573685050672736,PVDAQ_10,cloudy
2023-01-01 10:01:00,138.54,139.17403722222224,-0.634037222222247,0.634037222222247,PVDAQ_10,cloudy
2023-01-01 10:02:00,140.38,139.95815011309534,0.42184988690465275,0.42184988690465275,PVDAQ_10,cloudy
2023-01-01 10:03:00,140.32,140.41530740854975,-0.09530740854975761,0.09530740854975761,PVDAQ_10,cloudy
2023-01-01 10:04:00,143.16,142.61836481547613,0.5416351845238694,0.5416351845238694,PVDAQ_10,cloudy
2023-01-01 10:05:00,148.2,147.55212533333338,0.6478746666666098,0.6478746666666098,PVDAQ_10,cloudy
2023-01-01 10:06:00,150.05,150.07840600000011,-0.028406000000103404,0.028406000000103404,PVDAQ_10,cloudy
2023-01-01 10:07:00,154.3,152.30183543333345,1.99816456666656,1.99816456666656,PVDAQ_10,cloudy
2023-01-01 10:08:00,158.2,159.42012299999968,-1.2201229999996883,1.2201229999996883,PVDAQ_10,cloudy
2023-01-01 10:09:00,164.64,162.74931511666654,1.8906848833334493,1.8906848833334493,PVDAQ_10,cloudy
2023-01-01 10:10:00,173.82,172.8183833125002,1.0016166874997907,1.0016166874997907,PVDAQ_10,cloudy
2023-01-01 10:11:00,183.78,181.7578835000001,2.022116499999896,2.022116499999896,PVDAQ_10,cloudy
2023-01-01 10:12:00,206.06,213.47777375000015,-7.417773750000151,7.417773750000151,PVDAQ_10,cloudy
2023-01-01 10:13:00,225.58,232.50367260562186,-6.923672605621846,6.923672605621846,PVDAQ_10,moderate
2023-01-01 10:14:00,263.06,259.3871630000001,3.6728369999999018,3.6728369999999018,PVDAQ_10,moderate
2023-01-01 10:15:00,308.68,307.13476205952446,1.5452379404755447,1.5452379404755447,PVDAQ_10,moderate
2023-01-01 10:16:00,323.68,319.4081939062504,4.271806093749603,4.271806093749603,PVDAQ_10,moderate
2023-01-01 10:17:00,301.46,301.1625500000005,0.29744999999945776,0.29744999999945776,PVDAQ_10,moderate
2023-01-01 10:18:00,284.82,284.18843616000066,0.6315638399993304,0.6315638399993304,PVDAQ_10,moderate
2023-01-01 10:19:00,285.51,284.19715705999977,1.3128429400002233,1.3128429400002233,PVDAQ_10,moderate
2023-01-01 10:20:00,279.66,276.16926399333346,3.490736006666566,3.490736006666566,PVDAQ_10,moderate
2023-01-01 10:21:00,277.12,275.8857033266669,1.2342966733331195,1.2342966733331195,PVDAQ_10,moderate
2023-01-01 10:22:00,282.39,281.7571191666661,0.6328808333338998,0.6328808333338998,PVDAQ_10,moderate
2023-01-01 10:23:00,289.91,287.5442846055557,2.3657153944443507,2.3657153944443507,PVDAQ_10,moderate
2023-01-01 10:24:00,301.83,302.10627883333296,-0.27627883333298087,0.27627883333298087,PVDAQ_10,moderate
2023-01-01 10:25:00,306.73,307.7292054654219,-0.9992054654218805,0.9992054654218805,PVDAQ_10,moderate
2023-01-01 10:26:00,295.36,293.7410074166661,1.6189925833339203,1.6189925833339203,PVDAQ_10,moderate
2023-01-01 10:27:00,287.51,287.3396108266671,0.17038917333286463,0.17038917333286463,PVDAQ_10,moderate
2023-01-01 10:28:00,287.68,287.0297030000003,0.6502969999996822,0.6502969999996822,PVDAQ_10,moderate
2023-01-01 10:29:00,263.57,263.27087050000017,0.29912949999982175,0.29912949999982175,PVDAQ_10,moderate
2023-01-01 10:30:00,261.34,257.16401200000024,4.175987999999734,4.175987999999734,PVDAQ_10,moderate
2023-01-01 10:31:00,252.14,253.71264062499952,-1.5726406249995364,1.5726406249995364,PVDAQ_10,moderate
2023-01-01 10:32:00,241.22,240.1521245,1.0678754999999853,1.0678754999999853,PVDAQ_10,moderate
2023-01-01 10:33:00,228.07,228.02345000000045,0.04654999999954157,0.04654999999954157,PVDAQ_10,moderate
2023-01-01 10:34:00,218.71,216.6946749999997,2.0153250000003027,2.0153250000003027,PVDAQ_10,moderate
2023-01-01 10:35:00,209.03,211.54467999999954,-2.5146799999995437,2.5146799999995437,PVDAQ_10,cloudy
2023-01-01 10:36:00,211.59,210.27557499999966,1.314425000000341,1.314425000000341,PVDAQ_10,cloudy
2023-01-01 10:37:00,216.34,217.92523750000007,-1.585237500000062,1.585237500000062,PVDAQ_10,moderate
2023-01-01 10:38:00,228.66,229.46180203333358,-0.8018020333335869,0.8018020333335869,PVDAQ_10,moderate
2023-01-01 10:39:00,234.44,235.54394933333367,-1.1039493333336736,1.1039493333336736,PVDAQ_10,moderate
2023-01-01 10:40:00,244.67,243.14371204166684,1.5262879583331426,1.5262879583331426,PVDAQ_10,moderate
2023-01-01 10:41:00,255.78,255.98485099999994,-0.20485099999993395,0.20485099999993395,PVDAQ_10,moderate
2023-01-01 10:42:00,268.48,265.5345542416667,2.945445758333335,2.945445758333335,PVDAQ_10,moderate
2023-01-01 10:43:00,271.77,266.53237512500056,5.237624874999426,5.237624874999426,PVDAQ_10,moderate
2023-01-01 10:44:00,282.21,280.25737849999996,1.9526215000000207,1.9526215000000207,PVDAQ_10,moderate
2023-01-01 10:45:00,296.91,301.0666669999997,-4.156666999999686,4.156666999999686,PVDAQ_10,moderate
2023-01-01 10:46:00,312.42,312.5175115297623,-0.0975115297623006,0.0975115297623006,PVDAQ_10,moderate
2023-01-01 10:47:00,310.54,314.49692520238074,-3.9569252023807167,3.9569252023807167,PVDAQ_10,moderate
2023-01-01 10:48:00,326.25,325.68984261350823,0.5601573864917668,0.5601573864917668,PVDAQ_10,moderate
2023-01-01 10:49:00,325.94,325.550418679796,0.3895813202040017,0.3895813202040017,PVDAQ_10,moderate
2023-01-01 10:50:00,329.44,328.86562293850807,0.5743770614919299,0.5743770614919299,PVDAQ_10,moderate
2023-01-01 10:51:00,336.59,338.50227875000024,-1.9122787500002687,1.9122787500002687,PVDAQ_10,moderate
2023-01-01 10:52:00,343.68,344.54357261111153,-0.8635726111115218,0.8635726111115218,PVDAQ_10,moderate
2023-01-01 10:53:00,342.44,344.94115443749996,-2.501154437499963,2.501154437499963,PVDAQ_10,moderate
2023-01-01 10:54:00,350.77,352.92839999999984,-2.158399999999858,2.158399999999858,PVDAQ_10,moderate
2023-01-01 10:55:00,347.24,345.9817573333332,1.2582426666668312,1.2582426666668312,PVDAQ_10,moderate
2023-01-01 10:56:00,339.19,337.78547829999974,1.4045217000002594,1.4045217000002594,PVDAQ_10,moderate
2023-01-01 10:57:00,343.44,343.3324808253973,0.10751917460271443,0.10751917460271443,PVDAQ_10,moderate
2023-01-01 10:58:00,346.72,345.54332418333337,1.176675816666659,1.176675816666659,PVDAQ_10,moderate
2023-01-01 10:59:00,357.49,356.4196860000001,1.0703139999998825,1.0703139999998825,PVDAQ_10,moderate
2023-01-01 11:00:00,372.68,373.1894510000004,-0.5094510000004107,0.5094510000004107,PVDAQ_10,moderate
2023-01-01 11:01:00,407.8,407.7004494999994,0.09955050000058918,0.09955050000058918,PVDAQ_10,moderate
2023-01-01 11:02:00,442.6,442.1594000000005,0.44059999999950605,0.44059999999950605,PVDAQ_10,moderate
2023-01-01 11:03:00,482.65,483.6317000000002,-0.9817000000002167,0.9817000000002167,PVDAQ_10,moderate
2023-01-01 11:04:00,583.91,576.4145023333326,7.495497666667347,7.495497666667347,PVDAQ_10,sunny
2023-01-01 11:05:00,563.86,563.9713270833338,-0.1113270833337765,0.1113270833337765,PVDAQ_10,sunny
2023-01-01 11:06:00,603.15,605.4498799999998,-2.2998799999998027,2.2998799999998027,PVDAQ_10,sunny
2023-01-01 11:07:00,611.55,609.4115500000003,2.1384499999996933,2.1384499999996933,PVDAQ_10,sunny
2023-01-01 11:08:00,602.11,605.2069219999993,-3.0969219999992674,3.0969219999992674,PVDAQ_10,sunny
2023-01-01 11:09:00,605.92,604.9745845000001,0.9454154999998536,0.9454154999998536,PVDAQ_10,sunny
2023-01-01 11:10:00,567.18,565.6271248333327,1.5528751666672633,1.5528751666672633,PVDAQ_10,sunny
2023-01-01 11:11:00,562.55,562.3140638857137,0.23593611428623262,0.23593611428623262,PVDAQ_10,sunny
2023-01-01 11:12:00,545.02,543.5658999999993,1.4541000000007216,1.4541000000007216,PVDAQ_10,sunny
2023-01-01 11:13:00,539.0,541.6480520000001,-2.6480520000001206,2.6480520000001206,PVDAQ_10,sunny
2023-01-01 11:14:00,546.0,543.5438094999995,2.4561905000005027,2.4561905000005027,PVDAQ_10,sunny
2023-01-01 11:15:00,491.32,493.6371229999996,-2.317122999999583,2.317122999999583,PVDAQ_10,moderate
2023-01-01 11:16:00,461.25,461.8344540000004,-0.5844540000003917,0.5844540000003917,PVDAQ_10,moderate
2023-01-01 11:17:00,456.74,457.99680000000046,-1.256800000000453,1.256800000000453,PVDAQ_10,moderate
2023-01-01 11:18:00,449.71,448.60195000000056,1.108049999999423,1.108049999999423,PVDAQ_10,moderate
2023-01-01 11:19:00,439.97,441.10580333333354,-1.135803333333513,1.135803333333513,PVDAQ_10,moderate
2023-01-01 11:20:00,412.48,414.4796437307698,-1.999643730769776,1.999643730769776,PVDAQ_10,moderate
2023-01-01 11:21:00,426.85,423.5371850000002,3.31281499999983,3.31281499999983,PVDAQ_10,moderate
2023-01-01 11:22:00,467.95,467.42143903125054,0.5285609687494457,0.5285609687494457,PVDAQ_10,moderate
2023-01-01 11:23:00,423.06,422.59971250000024,0.46028749999976526,0.46028749999976526,PVDAQ_10,moderate
2023-01-01 11:24:00,419.35,422.55972939743566,-3.2097293974356376,3.2097293974356376,PVDAQ_10,moderate
2023-01-01 11:25:00,414.82,412.38717492361144,2.4328250763885535,2.4328250763885535,PVDAQ_10,moderate
2023-01-01 11:26:00,422.36,424.9999759999992,-2.6399759999991943,2.6399759999991943,PVDAQ_10,moderate
2023-01-01 11:27:00,450.4,452.97229350000083,-2.5722935000008533,2.5722935000008533,PVDAQ_10,moderate
2023-01-01 11:28:00,461.41,463.2101000000006,-1.8001000000005547,1.8001000000005547,PVDAQ_10,moderate
2023-01-01 11:29:00,438.24,440.91964005505935,-2.6796400550593376,2.6796400550593376,PVDAQ_10,moderate
2023-01-01 11:30:00,476.94,477.34318116666645,-0.40318116666645665,0.40318116666645665,PVDAQ_10,moderate
2023-01-01 11:31:00,488.48,500.7541033333328,-12.27410333333279,12.27410333333279,PVDAQ_10,moderate
2023-01-01 11:32:00,475.74,476.47549999999995,-0.735499999999945,0.735499999999945,PVDAQ_10,moderate
2023-01-01 11:33:00,455.87,456.28975000000094,-0.4197500000009313,0.4197500000009313,PVDAQ_10,moderate
2023-01-01 11:34:00,441.95,440.77844864583363,1.171551354166354,1.171551354166354,PVDAQ_10,moderate
2023-01-01 11:35:00,452.0,454.37595000000016,-2.3759500000001594,2.3759500000001594,PVDAQ_10,moderate
2023-01-01 11:36:00,477.31,476.89105000000035,0.4189499999996542,0.4189499999996542,PVDAQ_10,moderate
2023-01-01 11:37:00,479.95,480.5985410000005,-0.6485410000005345,0.6485410000005345,PVDAQ_10,moderate
2023-01-01 11:38:00,441.32,442.7668092476186,-1.446809247618603,1.446809247618603,PVDAQ_10,moderate
2023-01-01 11:39:00,407.29,408.7396205000005,-1.449620500000492,1.449620500000492,PVDAQ_10,moderate
2023-01-01 11:40:00,399.71,403.3151803333335,-3.6051803333335215,3.6051803333335215,PVDAQ_10,moderate
2023-01-01 11:41:00,369.98,372.554473,-2.574472999999955,2.574472999999955,PVDAQ_10,moderate
2023-01-01 11:42:00,362.39,377.8658395000008,-15.475839500000802,15.475839500000802,PVDAQ_10,moderate
2023-01-01 11:43:00,400.4,419.8718081666664,-19.47180816666645,19.47180816666645,PVDAQ_10,moderate
2023-01-01 11:44:00,438.68,446.3373549999996,-7.657354999999598,7.657354999999598,PVDAQ_10,moderate
2023-01-01 11:45:00,526.05,542.6325909999997,-16.582590999999752,16.582590999999752,PVDAQ_10,moderate
2023-01-01 11:46:00,533.54,534.2041420000015,-0.6641420000015614,0.6641420000015614,PVDAQ_10,moderate
2023-01-01 11:47:00,549.25,546.8178166666661,2.43218333333391,2.43218333333391,PVDAQ_10,sunny
2023-01-01 11:48:00,532.79,535.0946125000015,-2.3046125000015536,2.3046125000015536,PVDAQ_10,moderate
2023-01-01 11:49:00,529.82,531.8806179999981,-2.060617999998044,2.060617999998044,PVDAQ_10,moderate
2023-01-01 11:50:00,476.1,479.0333999999993,-2.933399999999267,2.933399999999267,PVDAQ_10,moderate
2023-01-01 11:51:00,506.98,500.82289999999864,6.157100000001378,6.157100000001378,PVDAQ_10,moderate
2023-01-01 11:52:00,501.04,496.8587333333328,4.181266666667227,4.181266666667227,PVDAQ_10,moderate
2023-01-01 11:53:00,463.54,464.25463650000114,-0.7146365000011201,0.7146365000011201,PVDAQ_10,moderate
2023-01-01 11:54:00,451.8,454.46893100000057,-2.668931000000555,2.668931000000555,PVDAQ_10,moderate
2023-01-01 11:55:00,465.96,471.6550869999994,-5.6950869999994325,5.6950869999994325,PVDAQ_10,moderate
2023-01-01 11:56:00,480.44,478.49509749999953,1.9449025000004667,1.9449025000004667,PVDAQ_10,moderate
2023-01-01 11:57:00,505.92,507.5277674999985,-1.607767499998488,1.607767499998488,PVDAQ_10,moderate
2023-01-01 11:58:00,505.43,504.2812929999989,1.1487070000010817,1.1487070000010817,PVDAQ_10,moderate
2023-01-01 11:59:00,477.0,477.39380000000006,-0.39380000000005566,0.39380000000005566,PVDAQ_10,moderate
2023-01-01 12:00:00,496.09,496.16720750000013,-0.07720750000015641,0.07720750000015641,PVDAQ_10,moderate
2023-01-01 12:01:00,501.66,499.78321281249896,1.8767871875010655,1.8767871875010655,PVDAQ_10,moderate
2023-01-01 12:02:00,489.52,492.0291333333326,-2.5091333333326133,2.5091333333326133,PVDAQ_10,moderate
2023-01-01 12:03:00,512.64,507.602341999999,5.037658000000988,5.037658000000988,PVDAQ_10,moderate
2023-01-01 12:04:00,578.58,584.8091499999987,-6.22914999999864,6.22914999999864,PVDAQ_10,sunny
2023-01-01 12:05:00,555.1,565.3808738095236,-10.280873809523541,10.280873809523541,PVDAQ_10,sunny
2023-01-01 12:06:00,566.64,565.9061992738098,0.7338007261902249,0.7338007261902249,PVDAQ_10,sunny
2023-01-01 12:07:00,563.34,563.8101152333336,-0.47011523333355854,0.47011523333355854,PVDAQ_10,sunny
2023-01-01 12:08:00,581.7,579.5241928571436,2.1758071428564563,2.1758071428564563,PVDAQ_10,sunny
2023-01-01 12:09:00,643.03,632.4259684999996,10.60403150000036,10.60403150000036,PVDAQ_10,sunny
2023-01-01 12:10:00,695.26,697.0632809999978,-1.8032809999978099,1.8032809999978099,PVDAQ_10,sunny
2023-01-01 12:11:00,699.9,693.3768394999986,6.5231605000013815,6.5231605000013815,PVDAQ_10,sunny
2023-01-01 12:12:00,737.5299999999999,743.7844780000008,-6.254478000000972,6.254478000000972,PVDAQ_10,sunny
2023-01-01 12:13:00,748.19,740.3931065000003,7.796893499999783,7.796893499999783,PVDAQ_10,sunny
2023-01-01 12:14:00,808.59,803.1390139999994,5.450986000000626,5.450986000000626,PVDAQ_10,sunny
2023-01-01 12:15:00,746.46,744.9874390000004,1.4725609999995868,1.4725609999995868,PVDAQ_10,sunny
2023-01-01 12:16:00,688.17,682.8364284999989,5.333571500001085,5.333571500001085,PVDAQ_10,sunny
2023-01-01 12:17:00,671.92,686.0363314999985,-14.116331499998523,14.116331499998523,PVDAQ_10,sunny
2023-01-01 12:18:00,647.52,664.5780819999983,-17.058081999998308,17.058081999998308,PVDAQ_10,sunny
2023-01-01 12:19:00,606.64,611.6172499999996,-4.977249999999572,4.977249999999572,PVDAQ_10,sunny
2023-01-01 12:20:00,614.8,611.6914999999999,3.108500000000049,3.108500000000049,PVDAQ_10,sunny
2023-01-01 12:21:00,592.93,589.4939999999998,3.436000000000149,3.436000000000149,PVDAQ_10,sunny
2023-01-01 12:22:00,566.81,569.2686464999997,-2.458646499999759,2.458646499999759,PVDAQ_10,sunny
2023-01-01 12:23:00,561.06,572.472864448051,-11.412864448051096,11.412864448051096,PVDAQ_10,sunny
2023-01-01 12:24:00,568.49,571.0272689999993,-2.5372689999992417,2.5372689999992417,PVDAQ_10,sunny
2023-01-01 12:25:00,528.89,533.5755385000015,-4.685538500001485,4.685538500001485,PVDAQ_10,moderate
2023-01-01 12:26:00,546.2,544.3693470000003,1.8306529999997565,1.8306529999997565,PVDAQ_10,sunny
2023-01-01 12:27:00,610.71,613.1549445000003,-2.444944500000247,2.444944500000247,PVDAQ_10,sunny
2023-01-01 12:28:00,639.43,643.6623969999999,-4.232396999999992,4.232396999999992,PVDAQ_10,sunny
2023-01-01 12:29:00,613.37,616.8539890000012,-3.483989000001202,3.483989000001202,PVDAQ_10,sunny
2023-01-01 12:30:00,592.67,596.4974589999981,-3.827458999998157,3.827458999998157,PVDAQ_10,sunny
2023-01-01 12:31:00,562.33,563.1379359999993,-0.8079359999992448,0.8079359999992448,PVDAQ_10,sunny
2023-01-01 12:32:00,527.43,531.9981085000019,-4.568108500001927,4.568108500001927,PVDAQ_10,moderate
2023-01-01 12:33:00,490.75,493.08079999999956,-2.330799999999556,2.330799999999556,PVDAQ_10,moderate
2023-01-01 12:34:00,496.02,496.53465666666574,-0.5146566666657577,0.5146566666657577,PVDAQ_10,moderate
2023-01-01 12:35:00,504.84,501.71781281249883,3.12218718750114,3.12218718750114,PVDAQ_10,moderate
2023-01-01 12:36:00,490.75,491.3935500000007,-0.6435500000006869,0.6435500000006869,PVDAQ_10,moderate
2023-01-01 12:37:00,472.23,472.7080960000001,-0.4780960000001073,0.4780960000001073,PVDAQ_10,moderate
2023-01-01 12:38:00,471.22,470.38330000000025,0.8366999999997802,0.8366999999997802,PVDAQ_10,moderate
2023-01-01 12:39:00,462.57,460.99545000000063,1.5745499999993626,1.5745499999993626,PVDAQ_10,moderate
2023-01-01 12:40:00,476.62,475.96948749999996,0.6505125000000476,0.6505125000000476,PVDAQ_10,moderate
2023-01-01 12:41:00,458.33,460.62006436458427,-2.290064364584282,2.290064364584282,PVDAQ_10,moderate
2023-01-01 12:42:00,455.72,455.8259500000001,-0.10595000000006394,0.10595000000006394,PVDAQ_10,moderate
2023-01-01 12:43:00,448.07,449.50850416666685,-1.4385041666668599,1.4385041666668599,PVDAQ_10,moderate
2023-01-01 12:44:00,439.17,438.58323255555587,0.5867674444441491,0.5867674444441491,PVDAQ_10,moderate
2023-01-01 12:45:00,440.31,439.314490888889,0.995509111111005,0.995509111111005,PVDAQ_10,moderate
2023-01-01 12:46:00,448.01,448.20100000000116,-0.1910000000011678,0.1910000000011678,PVDAQ_10,moderate
2023-01-01 12:47:00,442.81,443.46954864583364,-0.6595486458336381,0.6595486458336381,PVDAQ_10,moderate
2023-01-01 12:48:00,440.86,440.708249999999,0.1517500000010159,0.1517500000010159,PVDAQ_10,moderate
2023-01-01 12:49:00,438.62,439.43331499999965,-0.8133149999996476,0.8133149999996476,PVDAQ_10,moderate
2023-01-01 12:50:00,423.43,423.1148840000001,0.31511599999993223,0.31511599999993223,PVDAQ_10,moderate
2023-01-01 12:51:00,413.06,410.9426720000003,2.117327999999702,2.117327999999702,PVDAQ_10,moderate
2023-01-01 12:52:00,383.69,381.1547565000004,2.5352434999995808,2.5352434999995808,PVDAQ_10,moderate
2023-01-01 12:53:00,354.78,355.9046000000002,-1.124600000000214,1.124600000000214,PVDAQ_10,moderate
2023-01-01 12:54:00,324.62,325.02498976461646,-0.4049897646164595,0.4049897646164595,PVDAQ_10,moderate
2023-01-01 12:55:00,321.87,324.38522742652094,-2.515227426520937,2.515227426520937,PVDAQ_10,moderate
2023-01-01 12:56:00,345.01,346.20259277083284,-1.1925927708328459,1.1925927708328459,PVDAQ_10,moderate
2023-01-01 12:57:00,358.16,359.8009500000002,-1.6409500000002026,1.6409500000002026,PVDAQ_10,moderate
2023-01-01 12:58:00,374.57,377.64027350000003,-3.0702735000000416,3.0702735000000416,PVDAQ_10,moderate
2023-01-01 12:59:00,374.29,374.6689740000005,-0.37897400000048265,0.37897400000048265,PVDAQ_10,moderate
2023-01-01 13:00:00,345.42,344.9709055642858,0.4490944357142439,0.4490944357142439,PVDAQ_10,moderate
2023-01-01 13:01:00,321.95,323.04540100210687,-1.0954010021068825,1.0954010021068825,PVDAQ_10,moderate
2023-01-01 13:02:00,314.82,319.47320705773865,-4.653207057738655,4.653207057738655,PVDAQ_10,moderate
2023-01-01 13:03:00,333.53,333.9133049196807,-0.383304919680711,0.383304919680711,PVDAQ_10,moderate
2023-01-01 13:04:00,362.16,366.2538255000005,-4.0938255000004915,4.0938255000004915,PVDAQ_10,moderate
2023-01-01 13:05:00,324.12,325.1504657021067,-1.03046570210671,1.03046570210671,PVDAQ_10,moderate
2023-01-01 13:06:00,335.85,334.12361208436783,1.7263879156321877,1.7263879156321877,PVDAQ_10,moderate
2023-01-01 13:07:00,353.58,355.2522500000001,-1.6722500000001332,1.6722500000001332,PVDAQ_10,moderate
2023-01-01 13:08:00,355.14,353.73840000000035,1.4015999999996325,1.4015999999996325,PVDAQ_10,moderate
2023-01-01 13:09:00,291.17,291.2407416666659,-0.07074166666586734,0.07074166666586734,PVDAQ_10,moderate
2023-01-01 13:10:00,274.16,275.9130000000001,-1.7530000000000996,1.7530000000000996,PVDAQ_10,moderate
2023-01-01 13:11:00,283.91,283.0814712777778,0.828528722222245,0.828528722222245,PVDAQ_10,moderate
2023-01-01 13:12:00,288.87,289.4397521071429,-0.5697521071429037,0.5697521071429037,PVDAQ_10,moderate
2023-01-01 13:13:00,255.78,258.3034536785709,-2.5234536785709167,2.5234536785709167,PVDAQ_10,moderate
2023-01-01 13:14:00,263.17,263.8000299083331,-0.6300299083330856,0.6300299083330856,PVDAQ_10,moderate
2023-01-01 13:15:00,264.44,267.18148993333364,-2.7414899333336393,2.7414899333336393,PVDAQ_10,moderate
2023-01-01 13:16:00,269.05,271.1065358750003,-2.056535875000293,2.056535875000293,PVDAQ_10,moderate
2023-01-01 13:17:00,282.26,284.85008056818225,-2.590080568182259,2.590080568182259,PVDAQ_10,moderate
2023-01-01 13:18:00,301.82,305.2297802500005,-3.4097802500004946,3.4097802500004946,PVDAQ_10,moderate
2023-01-01 13:19:00,319.33,321.8331339402217,-2.503133940221744,2.503133940221744,PVDAQ_10,moderate
2023-01-01 13:20:00,351.89,355.7321000000006,-3.8421000000006416,3.8421000000006416,PVDAQ_10,moderate
2023-01-01 13:21:00,356.05,354.7434500000003,1.3065499999997314,1.3065499999997314,PVDAQ_10,moderate
2023-01-01 13:22:00,326.77,325.5996450274653,1.1703549725347102,1.1703549725347102,PVDAQ_10,moderate
2023-01-01 13:23:00,306.59,310.2121744761907,-3.6221744761907075,3.6221744761907075,PVDAQ_10,moderate
2023-01-01 13:24:00,291.34,293.68786083333345,-2.3478608333334705,2.3478608333334705,PVDAQ_10,moderate
2023-01-01 13:25:00,289.37,289.5385363888896,-0.16853638888960631,0.16853638888960631,PVDAQ_10,moderate
2023-01-01 13:26:00,301.5,302.13375066801996,-0.6337506680199567,0.6337506680199567,PVDAQ_10,moderate
2023-01-01 13:27:00,312.05,310.88393056309457,1.1660694369054454,1.1660694369054454,PVDAQ_10,moderate
2023-01-01 13:28:00,329.04,327.61121341812856,1.4287865818714636,1.4287865818714636,PVDAQ_10,moderate
2023-01-01 13:29:00,291.1,290.71273058333304,0.38726941666698167,0.38726941666698167,PVDAQ_10,moderate
2023-01-01 13:30:00,288.74,289.81934031250023,-1.0793403125002214,1.0793403125002214,PVDAQ_10,moderate
2023-01-01 13:31:00,257.41,258.53584999999924,-1.1258499999992182,1.1258499999992182,PVDAQ_10,moderate
2023-01-01 13:32:00,248.45,248.93071049999995,-0.4807104999999581,0.4807104999999581,PVDAQ_10,moderate
2023-01-01 13:33:00,230.51,230.09574999999975,0.41425000000023715,0.41425000000023715,PVDAQ_10,moderate
2023-01-01 13:34:00,211.36,215.13002499999956,-3.770024999999549,3.770024999999549,PVDAQ_10,cloudy
2023-01-01 13:35:00,204.86,208.15861065873023,-3.2986106587302118,3.2986106587302118,PVDAQ_10,cloudy
2023-01-01 13:36:00,196.7,204.94688749999995,-8.246887499999957,8.246887499999957,PVDAQ_10,cloudy
2023-01-01 13:37:00,186.63,192.53821549999978,-5.908215499999784,5.908215499999784,PVDAQ_10,cloudy
2023-01-01 13:38:00,183.19,186.78868850000006,-3.5986885000000655,3.5986885000000655,PVDAQ_10,cloudy
2023-01-01 13:39:00,181.47,181.90952849999974,-0.43952849999973864,0.43952849999973864,PVDAQ_10,cloudy
2023-01-01 13:40:00,180.81,181.0464069999997,-0.23640699999970138,0.23640699999970138,PVDAQ_10,cloudy
2023-01-01 13:41:00,177.78,177.78202450000015,-0.002024500000146645,0.002024500000146645,PVDAQ_10,cloudy
2023-01-01 13:42:00,175.45,174.72780170833323,0.7221982916667571,0.7221982916667571,PVDAQ_10,cloudy
2023-01-01 13:43:00,170.24,172.51045550000003,-2.2704555000000255,2.2704555000000255,PVDAQ_10,cloudy
2023-01-01 13:44:00,165.24,163.71462099999985,1.5253790000001572,1.5253790000001572,PVDAQ_10,cloudy
2023-01-01 13:45:00,159.49,161.49954999999963,-2.0095499999996207,2.0095499999996207,PVDAQ_10,cloudy
2023-01-01 13:46:00,153.53,151.6053078333334,1.9246921666666026,1.9246921666666026,PVDAQ_10,cloudy
2023-01-01 13:47:00,147.09,145.53002416666675,1.5599758333332545,1.5599758333332545,PVDAQ_10,cloudy
2023-01-01 13:48:00,143.11,144.7224825000002,-1.6124825000001977,1.6124825000001977,PVDAQ_10,cloudy
2023-01-01 13:49:00,141.5,139.86886650937976,1.6311334906202433,1.6311334906202433,PVDAQ_10,cloudy
2023-01-01 13:50:00,137.9,136.7409122285714,1.1590877714286023,1.1590877714286023,PVDAQ_10,cloudy
2023-01-01 13:51:00,136.75,136.34398276190487,0.40601723809513146,0.40601723809513146,PVDAQ_10,cloudy
2023-01-01 13:52:00,135.0,132.45034788095256,2.549652119047437,2.549652119047437,PVDAQ_10,cloudy
2023-01-01 13:53:00,131.56,131.13206948095257,0.42793051904743606,0.42793051904743606,PVDAQ_10,cloudy
2023-01-01 13:54:00,128.37,128.0348531086825,0.33514689131749265,0.33514689131749265,PVDAQ_10,cloudy
2023-01-01 13:55:00,124.4,125.24576751892819,-0.8457675189281844,0.8457675189281844,PVDAQ_10,cloudy
2023-01-01 13:56:00,120.71,121.92935874577343,-1.2193587457734338,1.2193587457734338,PVDAQ_10,cloudy
2023-01-01 13:57:00,118.28,117.22942984436514,1.0505701556348583,1.0505701556348583,PVDAQ_10,cloudy
2023-01-01 13:58:00,115.21,116.56841224371915,-1.3584122437191581,1.3584122437191581,PVDAQ_10,cloudy
2023-01-01 13:59:00,115.55,116.19449440425814,-0.6444944042581398,0.6444944042581398,PVDAQ_10,cloudy
2023-01-01 14:00:00,116.14,116.07658040425812,0.06341959574187683,0.06341959574187683,PVDAQ_10,cloudy
2023-01-01 14:01:00,117.77,116.38398560357138,1.386014396428621,1.386014396428621,PVDAQ_10,cloudy
2023-01-01 14:02:00,122.72,119.99510706952702,2.7248929304729756,2.7248929304729756,PVDAQ_10,cloudy
2023-01-01 14:03:00,126.69,123.98417875248315,2.7058212475168517,2.7058212475168517,PVDAQ_10,cloudy
2023-01-01 14:04:00,133.06,131.94697225596363,1.1130277440363727,1.1130277440363727,PVDAQ_10,cloudy
2023-01-01 14:05:00,138.4,135.36226605493124,3.0377339450687657,3.0377339450687657,PVDAQ_10,cloudy
2023-01-01 14:06:00,145.47,142.30854124404766,3.1614587559523386,3.1614587559523386,PVDAQ_10,cloudy
2023-01-01 14:07:00,150.65,147.42831633333333,3.221683666666678,3.221683666666678,PVDAQ_10,cloudy
2023-01-01 14:08:00,162.3,160.6691640000002,1.6308359999998174,1.6308359999998174,PVDAQ_10,cloudy
2023-01-01 14:09:00,172.52,170.58332750000028,1.9366724999997302,1.9366724999997302,PVDAQ_10,cloudy
2023-01-01 14:10:00,183.37,181.73430700000006,1.6356929999999466,1.6356929999999466,PVDAQ_10,cloudy
2023-01-01 14:11:00,201.02,201.14700000000002,-0.12700000000000955,0.12700000000000955,PVDAQ_10,cloudy
2023-01-01 14:12:00,219.64,219.50754649999996,0.13245350000002531,0.13245350000002531,PVDAQ_10,cloudy
2023-01-01 14:13:00,244.55,245.68164798769808,-1.1316479876980736,1.1316479876980736,PVDAQ_10,moderate
2023-01-01 14:14:00,276.6,278.97248592857164,-2.3724859285716207,2.3724859285716207,PVDAQ_10,moderate
2023-01-01 14:15:00,286.4,286.7760300000004,-0.3760300000004122,0.3760300000004122,PVDAQ_10,moderate
2023-01-01 14:16:00,294.4,292.0070147499993,2.392985250000663,2.392985250000663,PVDAQ_10,moderate
2023-01-01 14:17:00,294.67,295.47320333333374,-0.8032033333337267,0.8032033333337267,PVDAQ_10,moderate
2023-01-01 14:18:00,305.16,302.45985598809546,2.7001440119045697,2.7001440119045697,PVDAQ_10,moderate
2023-01-01 14:19:00,308.17,308.3387944166668,-0.16879441666679895,0.16879441666679895,PVDAQ_10,moderate
2023-01-01 14:20:00,290.46,291.2133817857138,-0.7533817857138274,0.7533817857138274,PVDAQ_10,moderate
2023-01-01 14:21:00,292.13,290.68474791111055,1.445252088889447,1.445252088889447,PVDAQ_10,moderate
2023-01-01 14:22:00,301.45,303.49278608333384,-2.0427860833338514,2.0427860833338514,PVDAQ_10,moderate
2023-01-01 14:23:00,306.36,307.9011395642854,-1.5411395642854018,1.5411395642854018,PVDAQ_10,moderate
2023-01-01 14:24:00,281.67,280.9181041666665,0.7518958333334922,0.7518958333334922,PVDAQ_10,moderate
2023-01-01 14:25:00,268.33,268.3684826666669,-0.03848266666693689,0.03848266666693689,PVDAQ_10,moderate
2023-01-01 14:26:00,280.96,282.04118283766167,-1.0811828376616859,1.0811828376616859,PVDAQ_10,moderate
2023-01-01 14:27:00,280.51,281.893873170995,-1.3838731709950025,1.3838731709950025,PVDAQ_10,moderate
2023-01-01 14:28:00,274.66,275.46049999999997,-0.8004999999999427,0.8004999999999427,PVDAQ_10,moderate
2023-01-01 14:29:00,268.19,269.8131250000004,-1.6231250000004138,1.6231250000004138,PVDAQ_10,moderate
2023-01-01 14:30:00,257.7,258.09918733333404,-0.399187333334055,0.399187333334055,PVDAQ_10,moderate
2023-01-01 14:31:00,247.23,247.89840149999978,-0.6684014999997885,0.6684014999997885,PVDAQ_10,moderate
2023-01-01 14:32:00,236.12,239.35511172222243,-3.2351117222224275,3.2351117222224275,PVDAQ_10,moderate
2023-01-01 14:33:00,218.04,222.71820416666662,-4.678204166666632,4.678204166666632,PVDAQ_10,moderate
2023-01-01 14:34:00,206.33,210.48371250000014,-4.153712500000125,4.153712500000125,PVDAQ_10,cloudy
2023-01-01 14:35:00,182.96,184.18351549999974,-1.2235154999997349,1.2235154999997349,PVDAQ_10,cloudy
2023-01-01 14:36:00,167.44,168.39845408333332,-0.9584540833333222,0.9584540833333222,PVDAQ_10,cloudy
2023-01-01 14:37:00,158.6,158.73644800000028,-0.13644800000028567,0.13644800000028567,PVDAQ_10,cloudy
2023-01-01 14:38:00,152.61,153.93946799999972,-1.3294679999997072,1.3294679999997072,PVDAQ_10,cloudy
2023-01-01 14:39:00,144.23,146.8443266333334,-2.6143266333334054,2.6143266333334054,PVDAQ_10,cloudy
2023-01-01 14:40:00,137.67,140.92066942738091,-3.2506694273809273,3.2506694273809273,PVDAQ_10,cloudy
2023-01-01 14:41:00,132.16,136.18928231338396,-4.029282313383959,4.029282313383959,PVDAQ_10,cloudy
2023-01-01 14:42:00,127.86,130.3552780000798,-2.495278000079807,2.495278000079807,PVDAQ_10,cloudy
2023-01-01 14:43:00,126.57,126.914972676302,-0.3449726763020067,0.3449726763020067,PVDAQ_10,cloudy
2023-01-01 14:44:00,124.1,124.42322946247812,-0.3232294624781247,0.3232294624781247,PVDAQ_10,cloudy
2023-01-01 14:45:00,123.06,123.62756343176866,-0.5675634317686615,0.5675634317686615,PVDAQ_10,cloudy
2023-01-01 14:46:00,123.32,122.79450333137306,0.5254966686269285,0.5254966686269285,PVDAQ_10,cloudy
2023-01-01 14:47:00,123.16,123.06194081402708,0.09805918597291452,0.09805918597291452,PVDAQ_10,cloudy
2023-01-01 14:48:00,122.41,122.88381122246665,-0.47381122246665086,0.47381122246665086,PVDAQ_10,cloudy
2023-01-01 14:49:00,120.76,122.68858379578874,-1.9285837957887395,1.9285837957887395,PVDAQ_10,cloudy
2023-01-01 14:50:00,121.34,121.3261547961584,0.013845203841597709,0.013845203841597709,PVDAQ_10,cloudy
2023-01-01 14:51:00,120.27,120.88509999593802,-0.6150999959380243,0.6150999959380243,PVDAQ_10,cloudy
2023-01-01 14:52:00,118.99,120.81060447281264,-1.8206044728126471,1.8206044728126471,PVDAQ_10,cloudy
2023-01-01 14:53:00,118.42,119.8490210552475,-1.4290210552475031,1.4290210552475031,PVDAQ_10,cloudy
2023-01-01 14:54:00,118.98,119.96052061842057,-0.9805206184205701,0.9805206184205701,PVDAQ_10,cloudy
2023-01-01 14:55:00,117.33,118.78799079646704,-1.457990796467044,1.457990796467044,PVDAQ_10,cloudy
2023-01-01 14:56:00,116.36,117.72002916046382,-1.3600291604638244,1.3600291604638244,PVDAQ_10,cloudy
2023-01-01 14:57:00,114.44,116.11023265753964,-1.6702326575396427,1.6702326575396427,PVDAQ_10,cloudy
2023-01-01 14:58:00,110.64,115.91614821230152,-5.276148212301521,5.276148212301521,PVDAQ_10,cloudy
2023-01-01 14:59:00,107.03,107.4420291665763,-0.4120291665763034,0.4120291665763034,PVDAQ_10,cloudy
2023-01-01 15:00:00,103.78,102.93678346349206,0.8432165365079385,0.8432165365079385,PVDAQ_10,cloudy
2023-01-01 15:01:00,100.6,103.18491021666665,-2.584910216666657,2.584910216666657,PVDAQ_10,cloudy
2023-01-01 15:02:00,98.941,101.0512741583334,-2.1102741583333966,2.1102741583333966,PVDAQ_10,cloudy
2023-01-01 15:03:00,95.859,99.41808125095238,-3.5590812509523886,3.5590812509523886,PVDAQ_10,cloudy
2023-01-01 15:04:00,91.679,95.29122945000006,-3.612229450000058,3.612229450000058,PVDAQ_10,cloudy
2023-01-01 15:05:00,91.047,90.33473697500008,0.7122630249999133,0.7122630249999133,PVDAQ_10,cloudy
2023-01-01 15:06:00,90.227,89.31793807115366,0.9090619288463415,0.9090619288463415,PVDAQ_10,cloudy
2023-01-01 15:07:00,88.641,90.0159335266667,-1.3749335266666947,1.3749335266666947,PVDAQ_10,cloudy
2023-01-01 15:08:00,88.641,88.5994434000001,0.04155659999990746,0.04155659999990746,PVDAQ_10,cloudy
2023-01-01 15:09:00,86.712,88.88627330000017,-2.1742733000001664,2.1742733000001664,PVDAQ_10,cloudy
2023-01-01 15:10:00,85.703,88.42387600000022,-2.7208760000002172,2.7208760000002172,PVDAQ_10,cloudy
2023-01-01 15:11:00,86.058,87.14505254249991,-1.0870525424999045,1.0870525424999045,PVDAQ_10,cloudy
2023-01-01 15:12:00,82.94199999999998,82.24192305000014,0.7000769499998398,0.7000769499998398,PVDAQ_10,cloudy
2023-01-01 15:13:00,81.235,82.40190819999984,-1.1669081999998383,1.1669081999998383,PVDAQ_10,cloudy
2023-01-01 15:14:00,78.851,80.73666269999998,-1.8856626999999833,1.8856626999999833,PVDAQ_10,cloudy
2023-01-01 15:15:00,75.536,76.95058995000012,-1.4145899500001207,1.4145899500001207,PVDAQ_10,cloudy
2023-01-01 15:16:00,73.995,75.58296744999998,-1.5879674499999794,1.5879674499999794,PVDAQ_10,cloudy
2023-01-01 15:17:00,70.27,71.37492888333324,-1.104928883333244,1.104928883333244,PVDAQ_10,cloudy
2023-01-01 15:18:00,66.079,70.2076624499999,-4.128662449999908,4.128662449999908,PVDAQ_10,cloudy
2023-01-01 15:19:00,65.004,66.72622224999988,-1.7222222499998736,1.7222222499998736,PVDAQ_10,cloudy
2023-01-01 15:20:00,61.389,63.902455950000075,-2.513455950000072,2.513455950000072,PVDAQ_10,cloudy
2023-01-01 15:21:00,57.475,60.60110289999995,-3.1261028999999496,3.1261028999999496,PVDAQ_10,cloudy
2023-01-01 15:22:00,56.101,56.09943607777782,0.001563922222182157,0.001563922222182157,PVDAQ_10,cloudy
2023-01-01 15:23:00,55.158,55.753526022727236,-0.5955260227272348,0.5955260227272348,PVDAQ_10,cloudy
2023-01-01 15:24:00,53.928,53.748407484126965,0.1795925158730327,0.1795925158730327,PVDAQ_10,cloudy
2023-01-01 15:25:00,52.486,54.06370629444444,-1.5777062944444395,1.5777062944444395,PVDAQ_10,cloudy
2023-01-01 15:26:00,53.65,54.03237962777779,-0.38237962777779444,0.38237962777779444,PVDAQ_10,cloudy
2023-01-01 15:27:00,53.828,53.904512763888896,-0.07651276388889272,0.07651276388889272,PVDAQ_10,cloudy
2023-01-01 15:28:00,54.227,53.57462221321669,0.6523777867833047,0.6523777867833047,PVDAQ_10,cloudy
2023-01-01 15:29:00,53.917,53.392796455604795,0.5242035443952062,0.5242035443952062,PVDAQ_10,cloudy
2023-01-01 15:30:00,53.052,52.533532969883325,0.5184670301166747,0.5184670301166747,PVDAQ_10,cloudy
2023-01-01 15:31:00,52.852,53.52962736500008,-0.6776273650000846,0.6776273650000846,PVDAQ_10,cloudy
2023-01-01 15:32:00,52.885,53.16681649098112,-0.2818164909811216,0.2818164909811216,PVDAQ_10,cloudy
2023-01-01 15:33:00,53.473,54.02487589385361,-0.5518758938536124,0.5518758938536124,PVDAQ_10,cloudy
2023-01-01 15:34:00,53.096,53.575305562998665,-0.4793055629986682,0.4793055629986682,PVDAQ_10,cloudy
2023-01-01 15:35:00,53.23,53.80035805014148,-0.5703580501414862,0.5703580501414862,PVDAQ_10,cloudy
2023-01-01 15:36:00,53.785,54.04252434553835,-0.25752434553835,0.25752434553835,PVDAQ_10,cloudy
2023-01-01 15:37:00,53.364,53.53120774166667,-0.1672077416666724,0.1672077416666724,PVDAQ_10,cloudy
2023-01-01 15:38:00,53.531,54.62334645884195,-1.092346458841952,1.092346458841952,PVDAQ_10,cloudy
2023-01-01 15:39:00,51.492,51.67773651372298,-0.18573651372297917,0.18573651372297917,PVDAQ_10,cloudy
2023-01-01 15:40:00,49.618,50.23053070357144,-0.6125307035714371,0.6125307035714371,PVDAQ_10,cloudy
2023-01-01 15:41:00,47.079,48.88643795000008,-1.8074379500000788,1.8074379500000788,PVDAQ_10,cloudy
2023-01-01 15:42:00,44.818,46.08789634999997,-1.269896349999975,1.269896349999975,PVDAQ_10,cloudy
2023-01-01 15:43:00,42.478,42.22322496460785,0.2547750353921501,0.2547750353921501,PVDAQ_10,cloudy
2023-01-01 15:44:00,40.749,41.12369470671004,-0.3746947067100379,0.3746947067100379,PVDAQ_10,cloudy
2023-01-01 15:45:00,38.886,38.89732628632481,-0.011326286324809587,0.011326286324809587,PVDAQ_10,cloudy
2023-01-01 15:46:00,38.31,38.495129349572274,-0.18512934957227145,0.18512934957227145,PVDAQ_10,cloudy
2023-01-01 15:47:00,37.013,37.90910729761909,-0.8961072976190891,0.8961072976190891,PVDAQ_10,cloudy
2023-01-01 15:48:00,36.858,37.56519211463365,-0.7071921146336564,0.7071921146336564,PVDAQ_10,cloudy
2023-01-01 15:49:00,36.891,37.32113873513433,-0.4301387351343351,0.4301387351343351,PVDAQ_10,cloudy
2023-01-01 15:50:00,38.277,37.2985519988095,0.9784480011905003,0.9784480011905003,PVDAQ_10,cloudy
2023-01-01 15:51:00,38.843,37.50638248809522,1.3366175119047838,1.3366175119047838,PVDAQ_10,cloudy
2023-01-01 15:52:00,39.586,38.84146465432906,0.7445353456709398,0.7445353456709398,PVDAQ_10,cloudy
2023-01-01 15:53:00,39.231,38.788713922321485,0.44228607767851713,0.44228607767851713,PVDAQ_10,cloudy
2023-01-01 15:54:00,29.019,32.34165112976194,-3.322651129761944,3.322651129761944,PVDAQ_10,cloudy
2023-01-01 15:55:00,17.952,32.807030200000064,-14.855030200000062,14.855030200000062,PVDAQ_10,cloudy
2023-01-01 15:56:00,32.645,31.822428069047678,0.822571930952325,0.822571930952325,PVDAQ_10,cloudy
2023-01-01 15:57:00,31.902,29.637975399999974,2.2640246000000275,2.2640246000000275,PVDAQ_10,cloudy
2023-01-01 15:58:00,29.407,29.335829350000004,0.07117064999999556,0.07117064999999556,PVDAQ_10,cloudy
2023-01-01 15:59:00,27.278,29.65882855882939,-2.3808285588293927,2.3808285588293927,PVDAQ_10,cloudy
2023-01-01 16:00:00,24.961,24.815765600000013,0.14523439999998544,0.14523439999998544,PVDAQ_10,cloudy
2023-01-01 16:01:00,23.364,24.836583549999986,-1.4725835499999853,1.4725835499999853,PVDAQ_10,cloudy
2023-01-01 16:02:00,21.39,24.16407559999997,-2.774075599999968,2.774075599999968,PVDAQ_10,cloudy
2023-01-01 16:03:00,18.995,20.801847599999956,-1.806847599999955,1.806847599999955,PVDAQ_10,cloudy
2023-01-01 16:04:00,16.533,19.863169849999966,-3.3301698499999652,3.3301698499999652,PVDAQ_10,cloudy
2023-01-01 16:05:00,13.85,17.341217099999984,-3.491217099999984,3.491217099999984,PVDAQ_10,cloudy
2023-01-01 16:06:00,11.433,13.724109299999993,-2.2911092999999934,2.2911092999999934,PVDAQ_10,cloudy
2023-01-01 16:07:00,9.9799,11.982973999999983,-2.003073999999982,2.003073999999982,PVDAQ_10,cloudy
2023-01-01 16:08:00,8.3277,11.694938222222214,-3.3672382222222144,3.3672382222222144,PVDAQ_10,cloudy
2023-01-01 16:09:00,7.0857,7.212689000000009,-0.1269890000000089,0.1269890000000089,PVDAQ_10,cloudy
2023-01-01 16:10:00,6.2097,6.945426000000008,-0.7357260000000085,0.7357260000000085,PVDAQ_10,cloudy
2023-01-01 16:11:00,5.5444,5.507246500000003,0.03715349999999784,0.03715349999999784,PVDAQ_10,cloudy
2023-01-01 16:12:00,5.4668,5.682742071428573,-0.21594207142857247,0.21594207142857247,PVDAQ_10,cloudy
2023-01-01 16:13:00,5.5888,5.417117500000006,0.17168249999999396,0.17168249999999396,PVDAQ_10,cloudy
2023-01-01 16:14:00,5.4446,5.298396699999994,0.14620330000000603,0.14620330000000603,PVDAQ_10,cloudy
2023-01-01 16:15:00,5.5888,4.81252599999999,0.7762740000000097,0.7762740000000097,PVDAQ_10,cloudy
2023-01-01 16:16:00,5.0011,5.670595571428567,-0.6694955714285671,0.6694955714285671,PVDAQ_10,cloudy
2023-01-01 16:17:00,4.1694,5.599602999999987,-1.4302029999999863,1.4302029999999863,PVDAQ_10,cloudy
2023-01-01 16:18:00,2.7389,4.221340599999998,-1.4824405999999977,1.4824405999999977,PVDAQ_10,cloudy
2023-01-01 16:19:00,1.4859,3.8656023999999936,-2.3797023999999936,2.3797023999999936,PVDAQ_10,cloudy
2023-01-01 16:20:00,0.55444,2.1404094000000002,-1.5859694000000002,1.5859694000000002,PVDAQ_10,cloudy
2023-01-01 16:21:00,0.0,0.83333265,-0.83333265,0.83333265,PVDAQ_10,cloudy
2023-01-01 16:22:00,0.0,0.09882379999999999,-0.09882379999999999,0.09882379999999999,PVDAQ_10,cloudy
2023-01-01 16:23:00,0.0,0.1565901,-0.1565901,0.1565901,PVDAQ_10,night_or_low_power
2023-01-01 16:24:00,0.0,0.083277,-0.083277,0.083277,PVDAQ_10,night_or_low_power
2023-01-01 16:25:00,0.0,0.0222367,-0.0222367,0.0222367,PVDAQ_10,night_or_low_power
2023-01-01 16:26:00,0.0,0.0,0.0,0.0,PVDAQ_10,night_or_low_power
2023-01-01 16:27:00,0.0,0.0,0.0,0.0,PVDAQ_10,night_or_low_power
2023-01-01 16:28:00,0.0,0.0,0.0,0.0,PVDAQ_10,night_or_low_power
2023-01-01 16:29:00,0.0,0.0,0.0,0.0,PVDAQ_10,night_or_low_power
2023-01-01 16:30:00,0.0,0.0,0.0,0.0,PVDAQ_10,night_or_low_power
2023-01-01 16:31:00,0.0,0.0,0.0,0.0,PVDAQ_10,night_or_low_power
2023-01-01 16:32:00,0.0,0.0,0.0,0.0,PVDAQ_10,night_or_low_power
2023-01-01 16:33:00,0.0,0.0,0.0,0.0,PVDAQ_10,night_or_low_power
2023-01-01 16:34:00,0.0,0.0,0.0,0.0,PVDAQ_10,night_or_low_power
2023-01-01 16:35:00,0.0,0.0,0.0,0.0,PVDAQ_10,night_or_low_power
2023-01-01 16:36:00,0.0,0.0,0.0,0.0,PVDAQ_10,night_or_low_power
2023-01-01 16:37:00,0.0,0.0,0.0,0.0,PVDAQ_10,night_or_low_power
2023-01-01 16:38:00,0.0,0.0,0.0,0.0,PVDAQ_10,night_or_low_power
2023-01-01 16:39:00,0.0,0.0,0.0,0.0,PVDAQ_10,night_or_low_power
2023-01-01 16:40:00,0.0,0.0,0.0,0.0,PVDAQ_10,night_or_low_power
2023-01-01 16:41:00,0.0,0.0,0.0,0.0,PVDAQ_10,night_or_low_power
2023-01-01 16:42:00,0.0,0.0,0.0,0.0,PVDAQ_10,night_or_low_power
2023-01-01 16:43:00,0.0,0.0,0.0,0.0,PVDAQ_10,night_or_low_power
2023-01-01 16:44:00,0.0,0.0,0.0,0.0,PVDAQ_10,night_or_low_power
2023-01-01 16:45:00,0.0,0.0,0.0,0.0,PVDAQ_10,night_or_low_power
2023-01-01 16:46:00,0.0,0.0,0.0,0.0,PVDAQ_10,night_or_low_power
2023-01-01 16:47:00,0.0,0.0,0.0,0.0,PVDAQ_10,night_or_low_power
2023-01-01 16:48:00,0.0,0.0,0.0,0.0,PVDAQ_10,night_or_low_power
2023-01-01 16:49:00,0.0,0.0,0.0,0.0,PVDAQ_10,night_or_low_power
2023-01-01 16:50:00,0.0,0.0,0.0,0.0,PVDAQ_10,night_or_low_power
2023-01-01 16:51:00,0.0,0.0,0.0,0.0,PVDAQ_10,night_or_low_power
2023-01-01 16:52:00,0.0,0.0,0.0,0.0,PVDAQ_10,night_or_low_power
2023-01-01 16:53:00,0.0,0.0,0.0,0.0,PVDAQ_10,night_or_low_power
2023-01-01 16:54:00,0.0,0.0,0.0,0.0,PVDAQ_10,night_or_low_power
2023-01-01 16:55:00,0.0,0.0,0.0,0.0,PVDAQ_10,night_or_low_power
2023-01-01 16:56:00,0.0,0.0,0.0,0.0,PVDAQ_10,night_or_low_power
2023-01-01 16:57:00,0.0,0.0,0.0,0.0,PVDAQ_10,night_or_low_power
2023-01-01 16:58:00,0.0,0.0,0.0,0.0,PVDAQ_10,night_or_low_power
2023-01-01 16:59:00,0.0,0.0,0.0,0.0,PVDAQ_10,night_or_low_power
2023-01-01 17:00:00,0.0,0.0,0.0,0.0,PVDAQ_10,night_or_low_power
2023-01-01 17:01:00,0.0,0.0,0.0,0.0,PVDAQ_10,night_or_low_power
2023-01-01 17:02:00,0.0,0.0,0.0,0.0,PVDAQ_10,night_or_low_power
2023-01-01 17:03:00,0.0,0.0,0.0,0.0,PVDAQ_10,night_or_low_power
2023-01-01 17:04:00,0.0,0.0,0.0,0.0,PVDAQ_10,night_or_low_power
2023-01-01 17:05:00,0.0,0.0,0.0,0.0,PVDAQ_10,night_or_low_power
2023-01-01 17:06:00,0.0,0.0,0.0,0.0,PVDAQ_10,night_or_low_power
2023-01-01 17:07:00,0.0,0.0,0.0,0.0,PVDAQ_10,night_or_low_power
2023-01-01 17:08:00,0.0,0.0,0.0,0.0,PVDAQ_10,night_or_low_power
2023-01-01 17:09:00,0.0,0.0,0.0,0.0,PVDAQ_10,night_or_low_power
2023-01-01 17:10:00,0.0,0.0,0.0,0.0,PVDAQ_10,night_or_low_power
2023-01-01 17:11:00,0.0,0.0,0.0,0.0,PVDAQ_10,night_or_low_power
2023-01-01 17:12:00,0.0,0.0,0.0,0.0,PVDAQ_10,night_or_low_power
2023-01-01 17:13:00,0.0,0.0,0.0,0.0,PVDAQ_10,night_or_low_power
2023-01-01 17:14:00,0.0,0.0,0.0,0.0,PVDAQ_10,night_or_low_power
2023-01-01 17:15:00,0.0,0.0,0.0,0.0,PVDAQ_10,night_or_low_power
2023-01-01 17:16:00,0.0,0.0,0.0,0.0,PVDAQ_10,night_or_low_power
2023-01-01 17:17:00,0.0,0.0,0.0,0.0,PVDAQ_10,night_or_low_power
2023-01-01 17:18:00,0.0,0.0,0.0,0.0,PVDAQ_10,night_or_low_power
2023-01-01 17:19:00,0.0,0.0,0.0,0.0,PVDAQ_10,night_or_low_power
2023-01-01 17:20:00,0.0,0.0,0.0,0.0,PVDAQ_10,night_or_low_power
2023-01-01 17:21:00,0.0,0.0,0.0,0.0,PVDAQ_10,night_or_low_power
2023-01-01 17:22:00,0.0,0.0,0.0,0.0,PVDAQ_10,night_or_low_power
2023-01-01 17:23:00,0.0,0.0,0.0,0.0,PVDAQ_10,night_or_low_power
2023-01-01 17:24:00,0.0,0.0,0.0,0.0,PVDAQ_10,night_or_low_power
2023-01-01 17:25:00,0.0,0.0,0.0,0.0,PVDAQ_10,night_or_low_power
2023-01-01 17:26:00,0.0,0.0,0.0,0.0,PVDAQ_10,night_or_low_power
2023-01-01 17:27:00,0.0,0.0,0.0,0.0,PVDAQ_10,night_or_low_power
2023-01-01 17:28:00,0.0,0.0,0.0,0.0,PVDAQ_10,night_or_low_power
2023-01-01 17:29:00,0.0,0.0,0.0,0.0,PVDAQ_10,night_or_low_power
2023-01-01 17:30:00,0.0,0.0,0.0,0.0,PVDAQ_10,night_or_low_power
2023-01-01 17:31:00,0.0,0.0,0.0,0.0,PVDAQ_10,night_or_low_power
2023-01-01 17:32:00,0.0,0.0,0.0,0.0,PVDAQ_10,night_or_low_power
2023-01-01 17:33:00,0.0,0.0,0.0,0.0,PVDAQ_10,night_or_low_power
2023-01-01 17:34:00,0.0,0.0,0.0,0.0,PVDAQ_10,night_or_low_power
2023-01-01 17:35:00,0.0,0.0,0.0,0.0,PVDAQ_10,night_or_low_power
2023-01-01 17:36:00,0.0,0.0,0.0,0.0,PVDAQ_10,night_or_low_power
2023-01-01 17:37:00,0.0,0.0,0.0,0.0,PVDAQ_10,night_or_low_power
2023-01-01 17:38:00,0.0,0.0,0.0,0.0,PVDAQ_10,night_or_low_power
2023-01-01 17:39:00,0.0,0.0,0.0,0.0,PVDAQ_10,night_or_low_power
2023-01-01 17:40:00,0.0,0.0,0.0,0.0,PVDAQ_10,night_or_low_power
2023-01-01 17:41:00,0.0,0.0,0.0,0.0,PVDAQ_10,night_or_low_power
2023-01-01 17:42:00,0.0,0.0,0.0,0.0,PVDAQ_10,night_or_low_power
2023-01-01 17:43:00,0.0,0.0,0.0,0.0,PVDAQ_10,night_or_low_power
2023-01-01 17:44:00,0.0,0.0,0.0,0.0,PVDAQ_10,night_or_low_power
2023-01-01 17:45:00,0.0,0.0,0.0,0.0,PVDAQ_10,night_or_low_power
2023-01-01 17:46:00,0.0,0.0,0.0,0.0,PVDAQ_10,night_or_low_power
2023-01-01 17:47:00,0.0,0.0,0.0,0.0,PVDAQ_10,night_or_low_power
2023-01-01 17:48:00,0.0,0.0,0.0,0.0,PVDAQ_10,night_or_low_power
2023-01-01 17:49:00,0.0,0.0,0.0,0.0,PVDAQ_10,night_or_low_power
2023-01-01 17:50:00,0.0,0.0,0.0,0.0,PVDAQ_10,night_or_low_power
2023-01-01 17:51:00,0.0,0.0,0.0,0.0,PVDAQ_10,night_or_low_power
2023-01-01 17:52:00,0.0,0.0,0.0,0.0,PVDAQ_10,night_or_low_power
2023-01-01 17:53:00,0.0,0.0,0.0,0.0,PVDAQ_10,night_or_low_power
2023-01-01 17:54:00,0.0,0.0,0.0,0.0,PVDAQ_10,night_or_low_power
2023-01-01 17:55:00,0.0,0.0,0.0,0.0,PVDAQ_10,night_or_low_power
2023-01-01 17:56:00,0.0,0.0,0.0,0.0,PVDAQ_10,night_or_low_power
2023-01-01 17:57:00,0.0,0.0,0.0,0.0,PVDAQ_10,night_or_low_power
2023-01-01 17:58:00,0.0,0.0,0.0,0.0,PVDAQ_10,night_or_low_power
2023-01-01 17:59:00,0.0,0.0,0.0,0.0,PVDAQ_10,night_or_low_power
2023-01-01 18:00:00,0.0,0.0,0.0,0.0,PVDAQ_10,night_or_low_power
2023-01-01 18:01:00,0.0,0.0,0.0,0.0,PVDAQ_10,night_or_low_power
2023-01-01 18:02:00,0.0,0.0,0.0,0.0,PVDAQ_10,night_or_low_power
2023-01-01 18:03:00,0.0,0.0,0.0,0.0,PVDAQ_10,night_or_low_power
2023-01-01 18:04:00,0.0,0.0,0.0,0.0,PVDAQ_10,night_or_low_power
2023-01-01 18:05:00,0.0,0.0,0.0,0.0,PVDAQ_10,night_or_low_power
2023-01-01 18:06:00,0.0,0.0,0.0,0.0,PVDAQ_10,night_or_low_power
2023-01-01 18:07:00,0.0,0.0,0.0,0.0,PVDAQ_10,night_or_low_power
2023-01-01 18:08:00,0.0,0.0,0.0,0.0,PVDAQ_10,night_or_low_power
2023-01-01 18:09:00,0.0,0.0,0.0,0.0,PVDAQ_10,night_or_low_power
2023-01-01 18:10:00,0.0,0.0,0.0,0.0,PVDAQ_10,night_or_low_power
2023-01-01 18:11:00,0.0,0.0,0.0,0.0,PVDAQ_10,night_or_low_power
2023-01-01 18:12:00,0.0,0.0,0.0,0.0,PVDAQ_10,night_or_low_power
2023-01-01 18:13:00,0.0,0.0,0.0,0.0,PVDAQ_10,night_or_low_power
2023-01-01 18:14:00,0.0,0.0,0.0,0.0,PVDAQ_10,night_or_low_power
2023-01-01 18:15:00,0.0,0.0,0.0,0.0,PVDAQ_10,night_or_low_power
2023-01-01 18:16:00,0.0,0.0,0.0,0.0,PVDAQ_10,night_or_low_power
2023-01-01 18:17:00,0.0,0.0,0.0,0.0,PVDAQ_10,night_or_low_power
2023-01-01 18:18:00,0.0,0.0,0.0,0.0,PVDAQ_10,night_or_low_power
2023-01-01 18:19:00,0.0,0.0,0.0,0.0,PVDAQ_10,night_or_low_power
2023-01-01 18:20:00,0.0,0.0,0.0,0.0,PVDAQ_10,night_or_low_power
2023-01-01 18:21:00,0.0,0.0,0.0,0.0,PVDAQ_10,night_or_low_power
2023-01-01 18:22:00,0.0,0.0,0.0,0.0,PVDAQ_10,night_or_low_power
2023-01-01 18:23:00,0.0,0.0,0.0,0.0,PVDAQ_10,night_or_low_power
2023-01-01 18:24:00,0.0,0.0,0.0,0.0,PVDAQ_10,night_or_low_power
2023-01-01 18:25:00,0.0,0.0,0.0,0.0,PVDAQ_10,night_or_low_power
2023-01-01 18:26:00,0.0,0.0,0.0,0.0,PVDAQ_10,night_or_low_power
2023-01-01 18:27:00,0.0,0.0,0.0,0.0,PVDAQ_10,night_or_low_power
2023-01-01 18:28:00,0.0,0.0,0.0,0.0,PVDAQ_10,night_or_low_power
2023-01-01 18:29:00,0.0,0.0,0.0,0.0,PVDAQ_10,night_or_low_power
2023-01-01 18:30:00,0.0,0.0,0.0,0.0,PVDAQ_10,night_or_low_power
2023-01-01 18:31:00,0.0,0.0,0.0,0.0,PVDAQ_10,night_or_low_power
2023-01-01 18:32:00,0.0,0.0,0.0,0.0,PVDAQ_10,night_or_low_power
2023-01-01 18:33:00,0.0,0.0,0.0,0.0,PVDAQ_10,night_or_low_power
2023-01-01 18:34:00,0.0,0.0,0.0,0.0,PVDAQ_10,night_or_low_power
2023-01-01 18:35:00,0.0,0.0,0.0,0.0,PVDAQ_10,night_or_low_power
2023-01-01 18:36:00,0.0,0.0,0.0,0.0,PVDAQ_10,night_or_low_power
2023-01-01 18:37:00,0.0,0.0,0.0,0.0,PVDAQ_10,night_or_low_power
2023-01-01 18:38:00,0.0,0.0,0.0,0.0,PVDAQ_10,night_or_low_power
2023-01-01 18:39:00,0.0,0.0,0.0,0.0,PVDAQ_10,night_or_low_power
2023-01-01 18:40:00,0.0,0.0,0.0,0.0,PVDAQ_10,night_or_low_power
2023-01-01 18:41:00,0.0,0.0,0.0,0.0,PVDAQ_10,night_or_low_power
2023-01-01 18:42:00,0.0,0.0,0.0,0.0,PVDAQ_10,night_or_low_power
2023-01-01 18:43:00,0.0,0.0,0.0,0.0,PVDAQ_10,night_or_low_power
2023-01-01 18:44:00,0.0,0.0,0.0,0.0,PVDAQ_10,night_or_low_power
2023-01-01 18:45:00,0.0,0.0,0.0,0.0,PVDAQ_10,night_or_low_power
2023-01-01 18:46:00,0.0,0.0,0.0,0.0,PVDAQ_10,night_or_low_power
2023-01-01 18:47:00,0.0,0.0,0.0,0.0,PVDAQ_10,night_or_low_power
2023-01-01 18:48:00,0.0,0.0,0.0,0.0,PVDAQ_10,night_or_low_power
2023-01-01 18:49:00,0.0,0.0,0.0,0.0,PVDAQ_10,night_or_low_power
2023-01-01 18:50:00,0.0,0.0,0.0,0.0,PVDAQ_10,night_or_low_power
2023-01-01 18:51:00,0.0,0.0,0.0,0.0,PVDAQ_10,night_or_low_power
2023-01-01 18:52:00,0.0,0.0,0.0,0.0,PVDAQ_10,night_or_low_power
2023-01-01 18:53:00,0.0,0.0,0.0,0.0,PVDAQ_10,night_or_low_power
2023-01-01 18:54:00,0.0,0.0,0.0,0.0,PVDAQ_10,night_or_low_power
2023-01-01 18:55:00,0.0,0.0,0.0,0.0,PVDAQ_10,night_or_low_power
2023-01-01 18:56:00,0.0,0.0,0.0,0.0,PVDAQ_10,night_or_low_power
2023-01-01 18:57:00,0.0,0.0,0.0,0.0,PVDAQ_10,night_or_low_power
2023-01-01 18:58:00,0.0,0.0,0.0,0.0,PVDAQ_10,night_or_low_power
2023-01-01 18:59:00,0.0,0.0,0.0,0.0,PVDAQ_10,night_or_low_power
2023-01-01 19:00:00,0.0,0.0,0.0,0.0,PVDAQ_10,night_or_low_power
2023-01-01 19:01:00,0.0,0.0,0.0,0.0,PVDAQ_10,night_or_low_power
2023-01-01 19:02:00,0.0,0.0,0.0,0.0,PVDAQ_10,night_or_low_power
2023-01-01 19:03:00,0.0,0.0,0.0,0.0,PVDAQ_10,night_or_low_power
2023-01-01 19:04:00,0.0,0.0,0.0,0.0,PVDAQ_10,night_or_low_power
2023-01-01 19:05:00,0.0,0.0,0.0,0.0,PVDAQ_10,night_or_low_power
2023-01-01 19:06:00,0.0,0.0,0.0,0.0,PVDAQ_10,night_or_low_power
2023-01-01 19:07:00,0.0,0.0,0.0,0.0,PVDAQ_10,night_or_low_power
2023-01-01 19:08:00,0.0,0.0,0.0,0.0,PVDAQ_10,night_or_low_power
2023-01-01 19:09:00,0.0,0.0,0.0,0.0,PVDAQ_10,night_or_low_power
2023-01-01 19:10:00,0.0,0.0,0.0,0.0,PVDAQ_10,night_or_low_power
2023-01-01 19:11:00,0.0,0.0,0.0,0.0,PVDAQ_10,night_or_low_power
2023-01-01 19:12:00,0.0,0.0,0.0,0.0,PVDAQ_10,night_or_low_power
2023-01-01 19:13:00,0.0,0.0,0.0,0.0,PVDAQ_10,night_or_low_power
2023-01-01 19:14:00,0.0,0.0,0.0,0.0,PVDAQ_10,night_or_low_power
2023-01-01 19:15:00,0.0,0.0,0.0,0.0,PVDAQ_10,night_or_low_power
2023-01-01 19:16:00,0.0,0.0,0.0,0.0,PVDAQ_10,night_or_low_power
2023-01-01 19:17:00,0.0,0.0,0.0,0.0,PVDAQ_10,night_or_low_power
2023-01-01 19:18:00,0.0,0.0,0.0,0.0,PVDAQ_10,night_or_low_power
2023-01-01 19:19:00,0.0,0.0,0.0,0.0,PVDAQ_10,night_or_low_power
2023-01-01 19:20:00,0.0,0.0,0.0,0.0,PVDAQ_10,night_or_low_power
2023-01-01 19:21:00,0.0,0.0,0.0,0.0,PVDAQ_10,night_or_low_power
2023-01-01 19:22:00,0.0,0.0,0.0,0.0,PVDAQ_10,night_or_low_power
2023-01-01 19:23:00,0.0,0.0,0.0,0.0,PVDAQ_10,night_or_low_power
2023-01-01 19:24:00,0.0,0.0,0.0,0.0,PVDAQ_10,night_or_low_power
2023-01-01 19:25:00,0.0,0.0,0.0,0.0,PVDAQ_10,night_or_low_power
2023-01-01 19:26:00,0.0,0.0,0.0,0.0,PVDAQ_10,night_or_low_power
2023-01-01 19:27:00,0.0,0.0,0.0,0.0,PVDAQ_10,night_or_low_power
2023-01-01 19:28:00,0.0,0.0,0.0,0.0,PVDAQ_10,night_or_low_power
2023-01-01 19:29:00,0.0,0.0,0.0,0.0,PVDAQ_10,night_or_low_power
2023-01-01 19:30:00,0.0,0.0,0.0,0.0,PVDAQ_10,night_or_low_power
2023-01-01 19:31:00,0.0,0.0,0.0,0.0,PVDAQ_10,night_or_low_power
2023-01-01 19:32:00,0.0,0.0,0.0,0.0,PVDAQ_10,night_or_low_power
2023-01-01 19:33:00,0.0,0.0,0.0,0.0,PVDAQ_10,night_or_low_power
2023-01-01 19:34:00,0.0,0.0,0.0,0.0,PVDAQ_10,night_or_low_power
2023-01-01 19:35:00,0.0,0.0,0.0,0.0,PVDAQ_10,night_or_low_power
2023-01-01 19:36:00,0.0,0.0,0.0,0.0,PVDAQ_10,night_or_low_power
2023-01-01 19:37:00,0.0,0.0,0.0,0.0,PVDAQ_10,night_or_low_power
2023-01-01 19:38:00,0.0,0.0,0.0,0.0,PVDAQ_10,night_or_low_power
2023-01-01 19:39:00,0.0,0.0,0.0,0.0,PVDAQ_10,night_or_low_power
2023-01-01 19:40:00,0.0,0.0,0.0,0.0,PVDAQ_10,night_or_low_power
2023-01-01 19:41:00,0.0,0.0,0.0,0.0,PVDAQ_10,night_or_low_power
2023-01-01 19:42:00,0.0,0.0,0.0,0.0,PVDAQ_10,night_or_low_power
2023-01-01 19:43:00,0.0,0.0,0.0,0.0,PVDAQ_10,night_or_low_power
2023-01-01 19:44:00,0.0,0.0,0.0,0.0,PVDAQ_10,night_or_low_power
2023-01-01 19:45:00,0.0,0.0,0.0,0.0,PVDAQ_10,night_or_low_power
2023-01-01 19:46:00,0.0,0.0,0.0,0.0,PVDAQ_10,night_or_low_power
2023-01-01 19:47:00,0.0,0.0,0.0,0.0,PVDAQ_10,night_or_low_power
2023-01-01 19:48:00,0.0,0.0,0.0,0.0,PVDAQ_10,night_or_low_power
2023-01-01 19:49:00,0.0,0.0,0.0,0.0,PVDAQ_10,night_or_low_power
2023-01-01 19:50:00,0.0,0.0,0.0,0.0,PVDAQ_10,night_or_low_power
2023-01-01 19:51:00,0.0,0.0,0.0,0.0,PVDAQ_10,night_or_low_power
2023-01-01 19:52:00,0.0,0.0,0.0,0.0,PVDAQ_10,night_or_low_power
2023-01-01 19:53:00,0.0,0.0,0.0,0.0,PVDAQ_10,night_or_low_power
2023-01-01 19:54:00,0.0,0.0,0.0,0.0,PVDAQ_10,night_or_low_power
2023-01-01 19:55:00,0.0,0.0,0.0,0.0,PVDAQ_10,night_or_low_power
2023-01-01 19:56:00,0.0,0.0,0.0,0.0,PVDAQ_10,night_or_low_power
2023-01-01 19:57:00,0.0,0.0,0.0,0.0,PVDAQ_10,night_or_low_power
2023-01-01 19:58:00,0.0,0.0,0.0,0.0,PVDAQ_10,night_or_low_power
2023-01-01 19:59:00,0.0,0.0,0.0,0.0,PVDAQ_10,night_or_low_power
2023-01-01 20:00:00,0.0,0.0,0.0,0.0,PVDAQ_10,night_or_low_power
2023-01-01 20:01:00,0.0,0.0,0.0,0.0,PVDAQ_10,night_or_low_power
2023-01-01 20:02:00,0.0,0.0,0.0,0.0,PVDAQ_10,night_or_low_power
2023-01-01 20:03:00,0.0,0.0,0.0,0.0,PVDAQ_10,night_or_low_power
2023-01-01 20:04:00,0.0,0.0,0.0,0.0,PVDAQ_10,night_or_low_power
2023-01-01 20:05:00,0.0,0.0,0.0,0.0,PVDAQ_10,night_or_low_power
2023-01-01 20:06:00,0.0,0.0,0.0,0.0,PVDAQ_10,night_or_low_power
2023-01-01 20:07:00,0.0,0.0,0.0,0.0,PVDAQ_10,night_or_low_power
2023-01-01 20:08:00,0.0,0.0,0.0,0.0,PVDAQ_10,night_or_low_power
2023-01-01 20:09:00,0.0,0.0,0.0,0.0,PVDAQ_10,night_or_low_power
2023-01-01 20:10:00,0.0,0.0,0.0,0.0,PVDAQ_10,night_or_low_power
2023-01-01 20:11:00,0.0,0.0,0.0,0.0,PVDAQ_10,night_or_low_power
2023-01-01 20:12:00,0.0,0.0,0.0,0.0,PVDAQ_10,night_or_low_power
2023-01-01 20:13:00,0.0,0.0,0.0,0.0,PVDAQ_10,night_or_low_power
2023-01-01 20:14:00,0.0,0.0,0.0,0.0,PVDAQ_10,night_or_low_power
2023-01-01 20:15:00,0.0,0.0,0.0,0.0,PVDAQ_10,night_or_low_power
2023-01-01 20:16:00,0.0,0.0,0.0,0.0,PVDAQ_10,night_or_low_power
2023-01-01 20:17:00,0.0,0.0,0.0,0.0,PVDAQ_10,night_or_low_power
2023-01-01 20:18:00,0.0,0.0,0.0,0.0,PVDAQ_10,night_or_low_power
2023-01-01 20:19:00,0.0,0.0,0.0,0.0,PVDAQ_10,night_or_low_power
2023-01-01 20:20:00,0.0,0.0,0.0,0.0,PVDAQ_10,night_or_low_power
2023-01-01 20:21:00,0.0,0.0,0.0,0.0,PVDAQ_10,night_or_low_power
2023-01-01 20:22:00,0.0,0.0,0.0,0.0,PVDAQ_10,night_or_low_power
2023-01-01 20:23:00,0.0,0.0,0.0,0.0,PVDAQ_10,night_or_low_power
2023-01-01 20:24:00,0.0,0.0,0.0,0.0,PVDAQ_10,night_or_low_power
2023-01-01 20:25:00,0.0,0.0,0.0,0.0,PVDAQ_10,night_or_low_power
2023-01-01 20:26:00,0.0,0.0,0.0,0.0,PVDAQ_10,night_or_low_power
2023-01-01 20:27:00,0.0,0.0,0.0,0.0,PVDAQ_10,night_or_low_power
2023-01-01 20:28:00,0.0,0.0,0.0,0.0,PVDAQ_10,night_or_low_power
2023-01-01 20:29:00,0.0,0.0,0.0,0.0,PVDAQ_10,night_or_low_power
2023-01-01 20:30:00,0.0,0.0,0.0,0.0,PVDAQ_10,night_or_low_power
2023-01-01 20:31:00,0.0,0.0,0.0,0.0,PVDAQ_10,night_or_low_power
2023-01-01 20:32:00,0.0,0.0,0.0,0.0,PVDAQ_10,night_or_low_power
2023-01-01 20:33:00,0.0,0.0,0.0,0.0,PVDAQ_10,night_or_low_power
2023-01-01 20:34:00,0.0,0.0,0.0,0.0,PVDAQ_10,night_or_low_power
2023-01-01 20:35:00,0.0,0.0,0.0,0.0,PVDAQ_10,night_or_low_power
2023-01-01 20:36:00,0.0,0.0,0.0,0.0,PVDAQ_10,night_or_low_power
2023-01-01 20:37:00,0.0,0.0,0.0,0.0,PVDAQ_10,night_or_low_power
2023-01-01 20:38:00,0.0,0.0,0.0,0.0,PVDAQ_10,night_or_low_power
2023-01-01 20:39:00,0.0,0.0,0.0,0.0,PVDAQ_10,night_or_low_power
2023-01-01 20:40:00,0.0,0.0,0.0,0.0,PVDAQ_10,night_or_low_power
2023-01-01 20:41:00,0.0,0.0,0.0,0.0,PVDAQ_10,night_or_low_power
2023-01-01 20:42:00,0.0,0.0,0.0,0.0,PVDAQ_10,night_or_low_power
2023-01-01 20:43:00,0.0,0.0,0.0,0.0,PVDAQ_10,night_or_low_power
2023-01-01 20:44:00,0.0,0.0,0.0,0.0,PVDAQ_10,night_or_low_power
2023-01-01 20:45:00,0.0,0.0,0.0,0.0,PVDAQ_10,night_or_low_power
2023-01-01 20:46:00,0.0,0.0,0.0,0.0,PVDAQ_10,night_or_low_power
2023-01-01 20:47:00,0.0,0.0,0.0,0.0,PVDAQ_10,night_or_low_power
2023-01-01 20:48:00,0.0,0.0,0.0,0.0,PVDAQ_10,night_or_low_power
2023-01-01 20:49:00,0.0,0.0,0.0,0.0,PVDAQ_10,night_or_low_power
2023-01-01 20:50:00,0.0,0.0,0.0,0.0,PVDAQ_10,night_or_low_power
2023-01-01 20:51:00,0.0,0.0,0.0,0.0,PVDAQ_10,night_or_low_power
2023-01-01 20:52:00,0.0,0.0,0.0,0.0,PVDAQ_10,night_or_low_power
2023-01-01 20:53:00,0.0,0.0,0.0,0.0,PVDAQ_10,night_or_low_power
2023-01-01 20:54:00,0.0,0.0,0.0,0.0,PVDAQ_10,night_or_low_power
2023-01-01 20:55:00,0.0,0.0,0.0,0.0,PVDAQ_10,night_or_low_power
2023-01-01 20:56:00,0.0,0.0,0.0,0.0,PVDAQ_10,night_or_low_power
2023-01-01 20:57:00,0.0,0.0,0.0,0.0,PVDAQ_10,night_or_low_power
2023-01-01 20:58:00,0.0,0.0,0.0,0.0,PVDAQ_10,night_or_low_power
2023-01-01 20:59:00,0.0,0.0,0.0,0.0,PVDAQ_10,night_or_low_power
2023-01-01 21:00:00,0.0,0.0,0.0,0.0,PVDAQ_10,night_or_low_power
2023-01-01 21:01:00,0.0,0.0,0.0,0.0,PVDAQ_10,night_or_low_power
2023-01-01 21:02:00,0.0,0.0,0.0,0.0,PVDAQ_10,night_or_low_power
2023-01-01 21:03:00,0.0,0.0,0.0,0.0,PVDAQ_10,night_or_low_power
2023-01-01 21:04:00,0.0,0.0,0.0,0.0,PVDAQ_10,night_or_low_power
2023-01-01 21:05:00,0.0,0.0,0.0,0.0,PVDAQ_10,night_or_low_power
2023-01-01 21:06:00,0.0,0.0,0.0,0.0,PVDAQ_10,night_or_low_power
2023-01-01 21:07:00,0.0,0.0,0.0,0.0,PVDAQ_10,night_or_low_power
2023-01-01 21:08:00,0.0,0.0,0.0,0.0,PVDAQ_10,night_or_low_power
2023-01-01 21:09:00,0.0,0.0,0.0,0.0,PVDAQ_10,night_or_low_power
2023-01-01 21:10:00,0.0,0.0,0.0,0.0,PVDAQ_10,night_or_low_power
2023-01-01 21:11:00,0.0,0.0,0.0,0.0,PVDAQ_10,night_or_low_power
2023-01-01 21:12:00,0.0,0.0,0.0,0.0,PVDAQ_10,night_or_low_power
2023-01-01 21:13:00,0.0,0.0,0.0,0.0,PVDAQ_10,night_or_low_power
2023-01-01 21:14:00,0.0,0.0,0.0,0.0,PVDAQ_10,night_or_low_power
2023-01-01 21:15:00,0.0,0.0,0.0,0.0,PVDAQ_10,night_or_low_power
2023-01-01 21:16:00,0.0,0.0,0.0,0.0,PVDAQ_10,night_or_low_power
2023-01-01 21:17:00,0.0,0.0,0.0,0.0,PVDAQ_10,night_or_low_power
2023-01-01 21:18:00,0.0,0.0,0.0,0.0,PVDAQ_10,night_or_low_power
2023-01-01 21:19:00,0.0,0.0,0.0,0.0,PVDAQ_10,night_or_low_power
2023-01-01 21:20:00,0.0,0.0,0.0,0.0,PVDAQ_10,night_or_low_power
2023-01-01 21:21:00,0.0,0.0,0.0,0.0,PVDAQ_10,night_or_low_power
2023-01-01 21:22:00,0.0,0.0,0.0,0.0,PVDAQ_10,night_or_low_power
2023-01-01 21:23:00,0.0,0.0,0.0,0.0,PVDAQ_10,night_or_low_power
2023-01-01 21:24:00,0.0,0.0,0.0,0.0,PVDAQ_10,night_or_low_power
2023-01-01 21:25:00,0.0,0.0,0.0,0.0,PVDAQ_10,night_or_low_power
2023-01-01 21:26:00,0.0,0.0,0.0,0.0,PVDAQ_10,night_or_low_power
2023-01-01 21:27:00,0.0,0.0,0.0,0.0,PVDAQ_10,night_or_low_power
2023-01-01 21:28:00,0.0,0.0,0.0,0.0,PVDAQ_10,night_or_low_power
2023-01-01 21:29:00,0.0,0.0,0.0,0.0,PVDAQ_10,night_or_low_power
2023-01-01 21:30:00,0.0,0.0,0.0,0.0,PVDAQ_10,night_or_low_power
2023-01-01 21:31:00,0.0,0.0,0.0,0.0,PVDAQ_10,night_or_low_power
2023-01-01 21:32:00,0.0,0.0,0.0,0.0,PVDAQ_10,night_or_low_power
2023-01-01 21:33:00,0.0,0.0,0.0,0.0,PVDAQ_10,night_or_low_power
2023-01-01 21:34:00,0.0,0.0,0.0,0.0,PVDAQ_10,night_or_low_power
2023-01-01 21:35:00,0.0,0.0,0.0,0.0,PVDAQ_10,night_or_low_power
2023-01-01 21:36:00,0.0,0.0,0.0,0.0,PVDAQ_10,night_or_low_power
2023-01-01 21:37:00,0.0,0.0,0.0,0.0,PVDAQ_10,night_or_low_power
2023-01-01 21:38:00,0.0,0.0,0.0,0.0,PVDAQ_10,night_or_low_power
2023-01-01 21:39:00,0.0,0.0,0.0,0.0,PVDAQ_10,night_or_low_power
2023-01-01 21:40:00,0.0,0.0,0.0,0.0,PVDAQ_10,night_or_low_power
2023-01-01 21:41:00,0.0,0.0,0.0,0.0,PVDAQ_10,night_or_low_power
2023-01-01 21:42:00,0.0,0.0,0.0,0.0,PVDAQ_10,night_or_low_power
2023-01-01 21:43:00,0.0,0.0,0.0,0.0,PVDAQ_10,night_or_low_power
2023-01-01 21:44:00,0.0,0.0,0.0,0.0,PVDAQ_10,night_or_low_power
2023-01-01 21:45:00,0.0,0.0,0.0,0.0,PVDAQ_10,night_or_low_power
2023-01-01 21:46:00,0.0,0.0,0.0,0.0,PVDAQ_10,night_or_low_power
2023-01-01 21:47:00,0.0,0.0,0.0,0.0,PVDAQ_10,night_or_low_power
2023-01-01 21:48:00,0.0,0.0,0.0,0.0,PVDAQ_10,night_or_low_power
2023-01-01 21:49:00,0.0,0.0,0.0,0.0,PVDAQ_10,night_or_low_power
2023-01-01 21:50:00,0.0,0.0,0.0,0.0,PVDAQ_10,night_or_low_power
2023-01-01 21:51:00,0.0,0.0,0.0,0.0,PVDAQ_10,night_or_low_power
2023-01-01 21:52:00,0.0,0.0,0.0,0.0,PVDAQ_10,night_or_low_power
2023-01-01 21:53:00,0.0,0.0,0.0,0.0,PVDAQ_10,night_or_low_power
2023-01-01 21:54:00,0.0,0.0,0.0,0.0,PVDAQ_10,night_or_low_power
2023-01-01 21:55:00,0.0,0.0,0.0,0.0,PVDAQ_10,night_or_low_power
2023-01-01 21:56:00,0.0,0.0,0.0,0.0,PVDAQ_10,night_or_low_power
2023-01-01 21:57:00,0.0,0.0,0.0,0.0,PVDAQ_10,night_or_low_power
2023-01-01 21:58:00,0.0,0.0,0.0,0.0,PVDAQ_10,night_or_low_power
2023-01-01 21:59:00,0.0,0.0,0.0,0.0,PVDAQ_10,night_or_low_power
2023-01-01 22:00:00,0.0,0.0,0.0,0.0,PVDAQ_10,night_or_low_power
2023-01-01 22:01:00,0.0,0.0,0.0,0.0,PVDAQ_10,night_or_low_power
2023-01-01 22:02:00,0.0,0.0,0.0,0.0,PVDAQ_10,night_or_low_power
2023-01-01 22:03:00,0.0,0.0,0.0,0.0,PVDAQ_10,night_or_low_power
2023-01-01 22:04:00,0.0,0.0,0.0,0.0,PVDAQ_10,night_or_low_power
2023-01-01 22:05:00,0.0,0.0,0.0,0.0,PVDAQ_10,night_or_low_power
2023-01-01 22:06:00,0.0,0.0,0.0,0.0,PVDAQ_10,night_or_low_power
2023-01-01 22:07:00,0.0,0.0,0.0,0.0,PVDAQ_10,night_or_low_power
2023-01-01 22:08:00,0.0,0.0,0.0,0.0,PVDAQ_10,night_or_low_power
2023-01-01 22:09:00,0.0,0.0,0.0,0.0,PVDAQ_10,night_or_low_power
2023-01-01 22:10:00,0.0,0.0,0.0,0.0,PVDAQ_10,night_or_low_power
2023-01-01 22:11:00,0.0,0.0,0.0,0.0,PVDAQ_10,night_or_low_power
2023-01-01 22:12:00,0.0,0.0,0.0,0.0,PVDAQ_10,night_or_low_power
2023-01-01 22:13:00,0.0,0.0,0.0,0.0,PVDAQ_10,night_or_low_power
2023-01-01 22:14:00,0.0,0.0,0.0,0.0,PVDAQ_10,night_or_low_power
2023-01-01 22:15:00,0.0,0.0,0.0,0.0,PVDAQ_10,night_or_low_power
2023-01-01 22:16:00,0.0,0.0,0.0,0.0,PVDAQ_10,night_or_low_power
2023-01-01 22:17:00,0.0,0.0,0.0,0.0,PVDAQ_10,night_or_low_power
2023-01-01 22:18:00,0.0,0.0,0.0,0.0,PVDAQ_10,night_or_low_power
2023-01-01 22:19:00,0.0,0.0,0.0,0.0,PVDAQ_10,night_or_low_power
2023-01-01 22:20:00,0.0,0.0,0.0,0.0,PVDAQ_10,night_or_low_power
2023-01-01 22:21:00,0.0,0.0,0.0,0.0,PVDAQ_10,night_or_low_power
2023-01-01 22:22:00,0.0,0.0,0.0,0.0,PVDAQ_10,night_or_low_power
2023-01-01 22:23:00,0.0,0.0,0.0,0.0,PVDAQ_10,night_or_low_power
2023-01-01 22:24:00,0.0,0.0,0.0,0.0,PVDAQ_10,night_or_low_power
2023-01-01 22:25:00,0.0,0.0,0.0,0.0,PVDAQ_10,night_or_low_power
2023-01-01 22:26:00,0.0,0.0,0.0,0.0,PVDAQ_10,night_or_low_power
2023-01-01 22:27:00,0.0,0.0,0.0,0.0,PVDAQ_10,night_or_low_power
2023-01-01 22:28:00,0.0,0.0,0.0,0.0,PVDAQ_10,night_or_low_power
2023-01-01 22:29:00,0.0,0.0,0.0,0.0,PVDAQ_10,night_or_low_power
2023-01-01 22:30:00,0.0,0.0,0.0,0.0,PVDAQ_10,night_or_low_power
2023-01-01 22:31:00,0.0,0.0,0.0,0.0,PVDAQ_10,night_or_low_power
2023-01-01 22:32:00,0.0,0.0,0.0,0.0,PVDAQ_10,night_or_low_power
2023-01-01 22:33:00,0.0,0.0,0.0,0.0,PVDAQ_10,night_or_low_power
2023-01-01 22:34:00,0.0,0.0,0.0,0.0,PVDAQ_10,night_or_low_power
2023-01-01 22:35:00,0.0,0.0,0.0,0.0,PVDAQ_10,night_or_low_power
2023-01-01 22:36:00,0.0,0.0,0.0,0.0,PVDAQ_10,night_or_low_power
2023-01-01 22:37:00,0.0,0.0,0.0,0.0,PVDAQ_10,night_or_low_power
2023-01-01 22:38:00,0.0,0.0,0.0,0.0,PVDAQ_10,night_or_low_power
2023-01-01 22:39:00,0.0,0.0,0.0,0.0,PVDAQ_10,night_or_low_power
2023-01-01 22:40:00,0.0,0.0,0.0,0.0,PVDAQ_10,night_or_low_power
2023-01-01 22:41:00,0.0,0.0,0.0,0.0,PVDAQ_10,night_or_low_power
2023-01-01 22:42:00,0.0,0.0,0.0,0.0,PVDAQ_10,night_or_low_power
2023-01-01 22:43:00,0.0,0.0,0.0,0.0,PVDAQ_10,night_or_low_power
2023-01-01 22:44:00,0.0,0.0,0.0,0.0,PVDAQ_10,night_or_low_power
2023-01-01 22:45:00,0.0,0.0,0.0,0.0,PVDAQ_10,night_or_low_power
2023-01-01 22:46:00,0.0,0.0,0.0,0.0,PVDAQ_10,night_or_low_power
2023-01-01 22:47:00,0.0,0.0,0.0,0.0,PVDAQ_10,night_or_low_power
2023-01-01 22:48:00,0.0,0.0,0.0,0.0,PVDAQ_10,night_or_low_power
2023-01-01 22:49:00,0.0,0.0,0.0,0.0,PVDAQ_10,night_or_low_power
2023-01-01 22:50:00,0.0,0.0,0.0,0.0,PVDAQ_10,night_or_low_power
2023-01-01 22:51:00,0.0,0.0,0.0,0.0,PVDAQ_10,night_or_low_power
2023-01-01 22:52:00,0.0,0.0,0.0,0.0,PVDAQ_10,night_or_low_power
2023-01-01 22:53:00,0.0,0.0,0.0,0.0,PVDAQ_10,night_or_low_power
2023-01-01 22:54:00,0.0,0.0,0.0,0.0,PVDAQ_10,night_or_low_power
2023-01-01 22:55:00,0.0,0.0,0.0,0.0,PVDAQ_10,night_or_low_power
2023-01-01 22:56:00,0.0,0.0,0.0,0.0,PVDAQ_10,night_or_low_power
2023-01-01 22:57:00,0.0,0.0,0.0,0.0,PVDAQ_10,night_or_low_power
2023-01-01 22:58:00,0.0,0.0,0.0,0.0,PVDAQ_10,night_or_low_power
2023-01-01 22:59:00,0.0,0.0,0.0,0.0,PVDAQ_10,night_or_low_power
2023-01-01 23:00:00,0.0,0.0,0.0,0.0,PVDAQ_10,night_or_low_power
2023-01-01 23:01:00,0.0,0.0,0.0,0.0,PVDAQ_10,night_or_low_power
2023-01-01 23:02:00,0.0,0.0,0.0,0.0,PVDAQ_10,night_or_low_power
2023-01-01 23:03:00,0.0,0.0,0.0,0.0,PVDAQ_10,night_or_low_power
2023-01-01 23:04:00,0.0,0.0,0.0,0.0,PVDAQ_10,night_or_low_power
2023-01-01 23:05:00,0.0,0.0,0.0,0.0,PVDAQ_10,night_or_low_power
2023-01-01 23:06:00,0.0,0.0,0.0,0.0,PVDAQ_10,night_or_low_power
2023-01-01 23:07:00,0.0,0.0,0.0,0.0,PVDAQ_10,night_or_low_power
2023-01-01 23:08:00,0.0,0.0,0.0,0.0,PVDAQ_10,night_or_low_power
2023-01-01 23:09:00,0.0,0.0,0.0,0.0,PVDAQ_10,night_or_low_power
2023-01-01 23:10:00,0.0,0.0,0.0,0.0,PVDAQ_10,night_or_low_power
2023-01-01 23:11:00,0.0,0.0,0.0,0.0,PVDAQ_10,night_or_low_power
2023-01-01 23:12:00,0.0,0.0,0.0,0.0,PVDAQ_10,night_or_low_power
2023-01-01 23:13:00,0.0,0.0,0.0,0.0,PVDAQ_10,night_or_low_power
2023-01-01 23:14:00,0.0,0.0,0.0,0.0,PVDAQ_10,night_or_low_power
2023-01-01 23:15:00,0.0,0.0,0.0,0.0,PVDAQ_10,night_or_low_power
2023-01-01 23:16:00,0.0,0.0,0.0,0.0,PVDAQ_10,night_or_low_power
2023-01-01 23:17:00,0.0,0.0,0.0,0.0,PVDAQ_10,night_or_low_power
2023-01-01 23:18:00,0.0,0.0,0.0,0.0,PVDAQ_10,night_or_low_power
2023-01-01 23:19:00,0.0,0.0,0.0,0.0,PVDAQ_10,night_or_low_power
2023-01-01 23:20:00,0.0,0.0,0.0,0.0,PVDAQ_10,night_or_low_power
2023-01-01 23:21:00,0.0,0.0,0.0,0.0,PVDAQ_10,night_or_low_power
2023-01-01 23:22:00,0.0,0.0,0.0,0.0,PVDAQ_10,night_or_low_power
2023-01-01 23:23:00,0.0,0.0,0.0,0.0,PVDAQ_10,night_or_low_power
2023-01-01 23:24:00,0.0,0.0,0.0,0.0,PVDAQ_10,night_or_low_power
2023-01-01 23:25:00,0.0,0.0,0.0,0.0,PVDAQ_10,night_or_low_power
2023-01-01 23:26:00,0.0,0.0,0.0,0.0,PVDAQ_10,night_or_low_power
2023-01-01 23:27:00,0.0,0.0,0.0,0.0,PVDAQ_10,night_or_low_power
2023-01-01 23:28:00,0.0,0.0,0.0,0.0,PVDAQ_10,night_or_low_power
2023-01-01 23:29:00,0.0,0.0,0.0,0.0,PVDAQ_10,night_or_low_power
2023-01-01 23:30:00,0.0,0.0,0.0,0.0,PVDAQ_10,night_or_low_power
2023-01-01 23:31:00,0.0,0.0,0.0,0.0,PVDAQ_10,night_or_low_power
2023-01-01 23:32:00,0.0,0.0,0.0,0.0,PVDAQ_10,night_or_low_power
2023-01-01 23:33:00,0.0,0.0,0.0,0.0,PVDAQ_10,night_or_low_power
2023-01-01 23:34:00,0.0,0.0,0.0,0.0,PVDAQ_10,night_or_low_power
2023-01-01 23:35:00,0.0,0.0,0.0,0.0,PVDAQ_10,night_or_low_power
2023-01-01 23:36:00,0.0,0.0,0.0,0.0,PVDAQ_10,night_or_low_power
2023-01-01 23:37:00,0.0,0.0,0.0,0.0,PVDAQ_10,night_or_low_power
2023-01-01 23:38:00,0.0,0.0,0.0,0.0,PVDAQ_10,night_or_low_power
2023-01-01 23:39:00,0.0,0.0,0.0,0.0,PVDAQ_10,night_or_low_power
2023-01-01 23:40:00,0.0,0.0,0.0,0.0,PVDAQ_10,night_or_low_power
2023-01-01 23:41:00,0.0,0.0,0.0,0.0,PVDAQ_10,night_or_low_power
2023-01-01 23:42:00,0.0,0.0,0.0,0.0,PVDAQ_10,night_or_low_power
2023-01-01 23:43:00,0.0,0.0,0.0,0.0,PVDAQ_10,night_or_low_power
2023-01-01 23:44:00,0.0,0.0,0.0,0.0,PVDAQ_10,night_or_low_power
2023-01-01 23:45:00,0.0,0.0,0.0,0.0,PVDAQ_10,night_or_low_power
2023-01-01 23:46:00,0.0,0.0,0.0,0.0,PVDAQ_10,night_or_low_power
2023-01-01 23:47:00,0.0,0.0,0.0,0.0,PVDAQ_10,night_or_low_power
2023-01-01 23:48:00,0.0,0.0,0.0,0.0,PVDAQ_10,night_or_low_power
2023-01-01 23:49:00,0.0,0.0,0.0,0.0,PVDAQ_10,night_or_low_power
2023-01-01 23:50:00,0.0,0.0,0.0,0.0,PVDAQ_10,night_or_low_power
2023-01-01 23:51:00,0.0,0.0,0.0,0.0,PVDAQ_10,night_or_low_power
2023-01-01 23:52:00,0.0,0.0,0.0,0.0,PVDAQ_10,night_or_low_power
2023-01-01 23:53:00,0.0,0.0,0.0,0.0,PVDAQ_10,night_or_low_power
2023-01-01 23:54:00,0.0,0.0,0.0,0.0,PVDAQ_10,night_or_low_power
2023-01-01 23:55:00,0.0,0.0,0.0,0.0,PVDAQ_10,night_or_low_power
2023-01-01 23:56:00,0.0,0.0,0.0,0.0,PVDAQ_10,night_or_low_power
2023-01-01 23:57:00,0.0,0.0,0.0,0.0,PVDAQ_10,night_or_low_power
2023-01-01 23:58:00,0.0,0.0,0.0,0.0,PVDAQ_10,night_or_low_power
2023-01-01 23:59:00,0.0,0.0,0.0,0.0,PVDAQ_10,night_or_low_power
2023-01-02 00:00:00,0.0,0.0,0.0,0.0,PVDAQ_10,night_or_low_power
2023-01-02 00:01:00,0.0,0.0,0.0,0.0,PVDAQ_10,night_or_low_power
2023-01-02 00:02:00,0.0,0.0,0.0,0.0,PVDAQ_10,night_or_low_power
2023-01-02 00:03:00,0.0,0.0,0.0,0.0,PVDAQ_10,night_or_low_power
2023-01-02 00:04:00,0.0,0.0,0.0,0.0,PVDAQ_10,night_or_low_power
2023-01-02 00:05:00,0.0,0.0,0.0,0.0,PVDAQ_10,night_or_low_power
2023-01-02 00:06:00,0.0,0.0,0.0,0.0,PVDAQ_10,night_or_low_power
2023-01-02 00:07:00,0.0,0.0,0.0,0.0,PVDAQ_10,night_or_low_power
2023-01-02 00:08:00,0.0,0.0,0.0,0.0,PVDAQ_10,night_or_low_power
2023-01-02 00:09:00,0.0,0.0,0.0,0.0,PVDAQ_10,night_or_low_power
2023-01-02 00:10:00,0.0,0.0,0.0,0.0,PVDAQ_10,night_or_low_power
2023-01-02 00:11:00,0.0,0.0,0.0,0.0,PVDAQ_10,night_or_low_power
2023-01-02 00:12:00,0.0,0.0,0.0,0.0,PVDAQ_10,night_or_low_power
2023-01-02 00:13:00,0.0,0.0,0.0,0.0,PVDAQ_10,night_or_low_power
2023-01-02 00:14:00,0.0,0.0,0.0,0.0,PVDAQ_10,night_or_low_power
2023-01-02 00:15:00,0.0,0.0,0.0,0.0,PVDAQ_10,night_or_low_power
2023-01-02 00:16:00,0.0,0.0,0.0,0.0,PVDAQ_10,night_or_low_power
2023-01-02 00:17:00,0.0,0.0,0.0,0.0,PVDAQ_10,night_or_low_power
2023-01-02 00:18:00,0.0,0.0,0.0,0.0,PVDAQ_10,night_or_low_power
2023-01-02 00:19:00,0.0,0.0,0.0,0.0,PVDAQ_10,night_or_low_power
2023-01-02 00:20:00,0.0,0.0,0.0,0.0,PVDAQ_10,night_or_low_power
2023-01-02 00:21:00,0.0,0.0,0.0,0.0,PVDAQ_10,night_or_low_power
2023-01-02 00:22:00,0.0,0.0,0.0,0.0,PVDAQ_10,night_or_low_power
2023-01-02 00:23:00,0.0,0.0,0.0,0.0,PVDAQ_10,night_or_low_power
2023-01-02 00:24:00,0.0,0.0,0.0,0.0,PVDAQ_10,night_or_low_power
2023-01-02 00:25:00,0.0,0.0,0.0,0.0,PVDAQ_10,night_or_low_power
2023-01-02 00:26:00,0.0,0.0,0.0,0.0,PVDAQ_10,night_or_low_power
2023-01-02 00:27:00,0.0,0.0,0.0,0.0,PVDAQ_10,night_or_low_power
2023-01-02 00:28:00,0.0,0.0,0.0,0.0,PVDAQ_10,night_or_low_power
2023-01-02 00:29:00,0.0,0.0,0.0,0.0,PVDAQ_10,night_or_low_power
2023-01-02 00:30:00,0.0,0.0,0.0,0.0,PVDAQ_10,night_or_low_power
2023-01-02 00:31:00,0.0,0.0,0.0,0.0,PVDAQ_10,night_or_low_power
2023-01-02 00:32:00,0.0,0.0,0.0,0.0,PVDAQ_10,night_or_low_power
2023-01-02 00:33:00,0.0,0.0,0.0,0.0,PVDAQ_10,night_or_low_power
2023-01-02 00:34:00,0.0,0.0,0.0,0.0,PVDAQ_10,night_or_low_power
2023-01-02 00:35:00,0.0,0.0,0.0,0.0,PVDAQ_10,night_or_low_power
2023-01-02 00:36:00,0.0,0.0,0.0,0.0,PVDAQ_10,night_or_low_power
2023-01-02 00:37:00,0.0,0.0,0.0,0.0,PVDAQ_10,night_or_low_power
2023-01-02 00:38:00,0.0,0.0,0.0,0.0,PVDAQ_10,night_or_low_power
2023-01-02 00:39:00,0.0,0.0,0.0,0.0,PVDAQ_10,night_or_low_power
2023-01-02 00:40:00,0.0,0.0,0.0,0.0,PVDAQ_10,night_or_low_power
2023-01-02 00:41:00,0.0,0.0,0.0,0.0,PVDAQ_10,night_or_low_power
2023-01-02 00:42:00,0.0,0.0,0.0,0.0,PVDAQ_10,night_or_low_power
2023-01-02 00:43:00,0.0,0.0,0.0,0.0,PVDAQ_10,night_or_low_power
2023-01-02 00:44:00,0.0,0.0,0.0,0.0,PVDAQ_10,night_or_low_power
2023-01-02 00:45:00,0.0,0.0,0.0,0.0,PVDAQ_10,night_or_low_power
2023-01-02 00:46:00,0.0,0.0,0.0,0.0,PVDAQ_10,night_or_low_power
2023-01-02 00:47:00,0.0,0.0,0.0,0.0,PVDAQ_10,night_or_low_power
2023-01-02 00:48:00,0.0,0.0,0.0,0.0,PVDAQ_10,night_or_low_power
2023-01-02 00:49:00,0.0,0.0,0.0,0.0,PVDAQ_10,night_or_low_power
2023-01-02 00:50:00,0.0,0.0,0.0,0.0,PVDAQ_10,night_or_low_power
2023-01-02 00:51:00,0.0,0.0,0.0,0.0,PVDAQ_10,night_or_low_power
2023-01-02 00:52:00,0.0,0.0,0.0,0.0,PVDAQ_10,night_or_low_power
2023-01-02 00:53:00,0.0,0.0,0.0,0.0,PVDAQ_10,night_or_low_power
2023-01-02 00:54:00,0.0,0.0,0.0,0.0,PVDAQ_10,night_or_low_power
2023-01-02 00:55:00,0.0,0.0,0.0,0.0,PVDAQ_10,night_or_low_power
2023-01-02 00:56:00,0.0,0.0,0.0,0.0,PVDAQ_10,night_or_low_power
2023-01-02 00:57:00,0.0,0.0,0.0,0.0,PVDAQ_10,night_or_low_power
2023-01-02 00:58:00,0.0,0.0,0.0,0.0,PVDAQ_10,night_or_low_power
2023-01-02 00:59:00,0.0,0.0,0.0,0.0,PVDAQ_10,night_or_low_power
2023-01-02 01:00:00,0.0,0.0,0.0,0.0,PVDAQ_10,night_or_low_power
2023-01-02 01:01:00,0.0,0.0,0.0,0.0,PVDAQ_10,night_or_low_power
2023-01-02 01:02:00,0.0,0.0,0.0,0.0,PVDAQ_10,night_or_low_power
2023-01-02 01:03:00,0.0,0.0,0.0,0.0,PVDAQ_10,night_or_low_power
2023-01-02 01:04:00,0.0,0.0,0.0,0.0,PVDAQ_10,night_or_low_power
2023-01-02 01:05:00,0.0,0.0,0.0,0.0,PVDAQ_10,night_or_low_power
2023-01-02 01:06:00,0.0,0.0,0.0,0.0,PVDAQ_10,night_or_low_power
2023-01-02 01:07:00,0.0,0.0,0.0,0.0,PVDAQ_10,night_or_low_power
2023-01-02 01:08:00,0.0,0.0,0.0,0.0,PVDAQ_10,night_or_low_power
2023-01-02 01:09:00,0.0,0.0,0.0,0.0,PVDAQ_10,night_or_low_power
2023-01-02 01:10:00,0.0,0.0,0.0,0.0,PVDAQ_10,night_or_low_power
2023-01-02 01:11:00,0.0,0.0,0.0,0.0,PVDAQ_10,night_or_low_power
2023-01-02 01:12:00,0.0,0.0,0.0,0.0,PVDAQ_10,night_or_low_power
2023-01-02 01:13:00,0.0,0.0,0.0,0.0,PVDAQ_10,night_or_low_power
2023-01-02 01:14:00,0.0,0.0,0.0,0.0,PVDAQ_10,night_or_low_power
2023-01-02 01:15:00,0.0,0.0,0.0,0.0,PVDAQ_10,night_or_low_power
2023-01-02 01:16:00,0.0,0.0,0.0,0.0,PVDAQ_10,night_or_low_power
2023-01-02 01:17:00,0.0,0.0,0.0,0.0,PVDAQ_10,night_or_low_power
2023-01-02 01:18:00,0.0,0.0,0.0,0.0,PVDAQ_10,night_or_low_power
2023-01-02 01:19:00,0.0,0.0,0.0,0.0,PVDAQ_10,night_or_low_power
2023-01-02 01:20:00,0.0,0.0,0.0,0.0,PVDAQ_10,night_or_low_power
2023-01-02 01:21:00,0.0,0.0,0.0,0.0,PVDAQ_10,night_or_low_power
2023-01-02 01:22:00,0.0,0.0,0.0,0.0,PVDAQ_10,night_or_low_power
2023-01-02 01:23:00,0.0,0.0,0.0,0.0,PVDAQ_10,night_or_low_power
2023-01-02 01:24:00,0.0,0.0,0.0,0.0,PVDAQ_10,night_or_low_power
2023-01-02 01:25:00,0.0,0.0,0.0,0.0,PVDAQ_10,night_or_low_power
2023-01-02 01:26:00,0.0,0.0,0.0,0.0,PVDAQ_10,night_or_low_power
2023-01-02 01:27:00,0.0,0.0,0.0,0.0,PVDAQ_10,night_or_low_power
2023-01-02 01:28:00,0.0,0.0,0.0,0.0,PVDAQ_10,night_or_low_power
2023-01-02 01:29:00,0.0,0.0,0.0,0.0,PVDAQ_10,night_or_low_power
2023-01-02 01:30:00,0.0,0.0,0.0,0.0,PVDAQ_10,night_or_low_power
2023-01-02 01:31:00,0.0,0.0,0.0,0.0,PVDAQ_10,night_or_low_power
2023-01-02 01:32:00,0.0,0.0,0.0,0.0,PVDAQ_10,night_or_low_power
2023-01-02 01:33:00,0.0,0.0,0.0,0.0,PVDAQ_10,night_or_low_power
2023-01-02 01:34:00,0.0,0.0,0.0,0.0,PVDAQ_10,night_or_low_power
2023-01-02 01:35:00,0.0,0.0,0.0,0.0,PVDAQ_10,night_or_low_power
2023-01-02 01:36:00,0.0,0.0,0.0,0.0,PVDAQ_10,night_or_low_power
2023-01-02 01:37:00,0.0,0.0,0.0,0.0,PVDAQ_10,night_or_low_power
2023-01-02 01:38:00,0.0,0.0,0.0,0.0,PVDAQ_10,night_or_low_power
2023-01-02 01:39:00,0.0,0.0,0.0,0.0,PVDAQ_10,night_or_low_power
2023-01-02 01:40:00,0.0,0.0,0.0,0.0,PVDAQ_10,night_or_low_power
2023-01-02 01:41:00,0.0,0.0,0.0,0.0,PVDAQ_10,night_or_low_power
2023-01-02 01:42:00,0.0,0.0,0.0,0.0,PVDAQ_10,night_or_low_power
2023-01-02 01:43:00,0.0,0.0,0.0,0.0,PVDAQ_10,night_or_low_power
2023-01-02 01:44:00,0.0,0.0,0.0,0.0,PVDAQ_10,night_or_low_power
2023-01-02 01:45:00,0.0,0.0,0.0,0.0,PVDAQ_10,night_or_low_power
2023-01-02 01:46:00,0.0,0.0,0.0,0.0,PVDAQ_10,night_or_low_power
2023-01-02 01:47:00,0.0,0.0,0.0,0.0,PVDAQ_10,night_or_low_power
2023-01-02 01:48:00,0.0,0.0,0.0,0.0,PVDAQ_10,night_or_low_power
2023-01-02 01:49:00,0.0,0.0,0.0,0.0,PVDAQ_10,night_or_low_power
2023-01-02 01:50:00,0.0,0.0,0.0,0.0,PVDAQ_10,night_or_low_power
2023-01-02 01:51:00,0.0,0.0,0.0,0.0,PVDAQ_10,night_or_low_power
2023-01-02 01:52:00,0.0,0.0,0.0,0.0,PVDAQ_10,night_or_low_power
2023-01-02 01:53:00,0.0,0.0,0.0,0.0,PVDAQ_10,night_or_low_power
2023-01-02 01:54:00,0.0,0.0,0.0,0.0,PVDAQ_10,night_or_low_power
2023-01-02 01:55:00,0.0,0.0,0.0,0.0,PVDAQ_10,night_or_low_power
2023-01-02 01:56:00,0.0,0.0,0.0,0.0,PVDAQ_10,night_or_low_power
2023-01-02 01:57:00,0.0,0.0,0.0,0.0,PVDAQ_10,night_or_low_power
2023-01-02 01:58:00,0.0,0.0,0.0,0.0,PVDAQ_10,night_or_low_power
2023-01-02 01:59:00,0.0,0.0,0.0,0.0,PVDAQ_10,night_or_low_power
2023-01-02 02:00:00,0.0,0.0,0.0,0.0,PVDAQ_10,night_or_low_power
2023-01-02 02:01:00,0.0,0.0,0.0,0.0,PVDAQ_10,night_or_low_power
2023-01-02 02:02:00,0.0,0.0,0.0,0.0,PVDAQ_10,night_or_low_power
2023-01-02 02:03:00,0.0,0.0,0.0,0.0,PVDAQ_10,night_or_low_power
2023-01-02 02:04:00,0.0,0.0,0.0,0.0,PVDAQ_10,night_or_low_power
2023-01-02 02:05:00,0.0,0.0,0.0,0.0,PVDAQ_10,night_or_low_power
2023-01-02 02:06:00,0.0,0.0,0.0,0.0,PVDAQ_10,night_or_low_power
2023-01-02 02:07:00,0.0,0.0,0.0,0.0,PVDAQ_10,night_or_low_power
2023-01-02 02:08:00,0.0,0.0,0.0,0.0,PVDAQ_10,night_or_low_power
2023-01-02 02:09:00,0.0,0.0,0.0,0.0,PVDAQ_10,night_or_low_power
2023-01-02 02:10:00,0.0,0.0,0.0,0.0,PVDAQ_10,night_or_low_power
2023-01-02 02:11:00,0.0,0.0,0.0,0.0,PVDAQ_10,night_or_low_power
2023-01-02 02:12:00,0.0,0.0,0.0,0.0,PVDAQ_10,night_or_low_power
2023-01-02 02:13:00,0.0,0.0,0.0,0.0,PVDAQ_10,night_or_low_power
2023-01-02 02:14:00,0.0,0.0,0.0,0.0,PVDAQ_10,night_or_low_power
2023-01-02 02:15:00,0.0,0.0,0.0,0.0,PVDAQ_10,night_or_low_power
2023-01-02 02:16:00,0.0,0.0,0.0,0.0,PVDAQ_10,night_or_low_power
2023-01-02 02:17:00,0.0,0.0,0.0,0.0,PVDAQ_10,night_or_low_power
2023-01-02 02:18:00,0.0,0.0,0.0,0.0,PVDAQ_10,night_or_low_power
2023-01-02 02:19:00,0.0,0.0,0.0,0.0,PVDAQ_10,night_or_low_power
2023-01-02 02:20:00,0.0,0.0,0.0,0.0,PVDAQ_10,night_or_low_power
2023-01-02 02:21:00,0.0,0.0,0.0,0.0,PVDAQ_10,night_or_low_power
2023-01-02 02:22:00,0.0,0.0,0.0,0.0,PVDAQ_10,night_or_low_power
2023-01-02 02:23:00,0.0,0.0,0.0,0.0,PVDAQ_10,night_or_low_power
2023-01-02 02:24:00,0.0,0.0,0.0,0.0,PVDAQ_10,night_or_low_power
2023-01-02 02:25:00,0.0,0.0,0.0,0.0,PVDAQ_10,night_or_low_power
2023-01-02 02:26:00,0.0,0.0,0.0,0.0,PVDAQ_10,night_or_low_power
2023-01-02 02:27:00,0.0,0.0,0.0,0.0,PVDAQ_10,night_or_low_power
2023-01-02 02:28:00,0.0,0.0,0.0,0.0,PVDAQ_10,night_or_low_power
2023-01-02 02:29:00,0.0,0.0,0.0,0.0,PVDAQ_10,night_or_low_power
2023-01-02 02:30:00,0.0,0.0,0.0,0.0,PVDAQ_10,night_or_low_power
2023-01-02 02:31:00,0.0,0.0,0.0,0.0,PVDAQ_10,night_or_low_power
2023-01-02 02:32:00,0.0,0.0,0.0,0.0,PVDAQ_10,night_or_low_power
2023-01-02 02:33:00,0.0,0.0,0.0,0.0,PVDAQ_10,night_or_low_power
2023-01-02 02:34:00,0.0,0.0,0.0,0.0,PVDAQ_10,night_or_low_power
2023-01-02 02:35:00,0.0,0.0,0.0,0.0,PVDAQ_10,night_or_low_power
2023-01-02 02:36:00,0.0,0.0,0.0,0.0,PVDAQ_10,night_or_low_power
2023-01-02 02:37:00,0.0,0.0,0.0,0.0,PVDAQ_10,night_or_low_power
2023-01-02 02:38:00,0.0,0.0,0.0,0.0,PVDAQ_10,night_or_low_power
2023-01-02 02:39:00,0.0,0.0,0.0,0.0,PVDAQ_10,night_or_low_power
2023-01-02 02:40:00,0.0,0.0,0.0,0.0,PVDAQ_10,night_or_low_power
2023-01-02 02:41:00,0.0,0.0,0.0,0.0,PVDAQ_10,night_or_low_power
2023-01-02 02:42:00,0.0,0.0,0.0,0.0,PVDAQ_10,night_or_low_power
2023-01-02 02:43:00,0.0,0.0,0.0,0.0,PVDAQ_10,night_or_low_power
2023-01-02 02:44:00,0.0,0.0,0.0,0.0,PVDAQ_10,night_or_low_power
2023-01-02 02:45:00,0.0,0.0,0.0,0.0,PVDAQ_10,night_or_low_power
2023-01-02 02:46:00,0.0,0.0,0.0,0.0,PVDAQ_10,night_or_low_power
2023-01-02 02:47:00,0.0,0.0,0.0,0.0,PVDAQ_10,night_or_low_power
2023-01-02 02:48:00,0.0,0.0,0.0,0.0,PVDAQ_10,night_or_low_power
2023-01-02 02:49:00,0.0,0.0,0.0,0.0,PVDAQ_10,night_or_low_power
2023-01-02 02:50:00,0.0,0.0,0.0,0.0,PVDAQ_10,night_or_low_power
2023-01-02 02:51:00,0.0,0.0,0.0,0.0,PVDAQ_10,night_or_low_power
2023-01-02 02:52:00,0.0,0.0,0.0,0.0,PVDAQ_10,night_or_low_power
2023-01-02 02:53:00,0.0,0.0,0.0,0.0,PVDAQ_10,night_or_low_power
2023-01-02 02:54:00,0.0,0.0,0.0,0.0,PVDAQ_10,night_or_low_power
2023-01-02 02:55:00,0.0,0.0,0.0,0.0,PVDAQ_10,night_or_low_power
2023-01-02 02:56:00,0.0,0.0,0.0,0.0,PVDAQ_10,night_or_low_power
2023-01-02 02:57:00,0.0,0.0,0.0,0.0,PVDAQ_10,night_or_low_power
2023-01-02 02:58:00,0.0,0.0,0.0,0.0,PVDAQ_10,night_or_low_power
2023-01-02 02:59:00,0.0,0.0,0.0,0.0,PVDAQ_10,night_or_low_power
2023-01-02 03:00:00,0.0,0.0,0.0,0.0,PVDAQ_10,night_or_low_power
2023-01-02 03:01:00,0.0,0.0,0.0,0.0,PVDAQ_10,night_or_low_power
2023-01-02 03:02:00,0.0,0.0,0.0,0.0,PVDAQ_10,night_or_low_power
2023-01-02 03:03:00,0.0,0.0,0.0,0.0,PVDAQ_10,night_or_low_power
2023-01-02 03:04:00,0.0,0.0,0.0,0.0,PVDAQ_10,night_or_low_power
2023-01-02 03:05:00,0.0,0.0,0.0,0.0,PVDAQ_10,night_or_low_power
2023-01-02 03:06:00,0.0,0.0,0.0,0.0,PVDAQ_10,night_or_low_power
2023-01-02 03:07:00,0.0,0.0,0.0,0.0,PVDAQ_10,night_or_low_power
2023-01-02 03:08:00,0.0,0.0,0.0,0.0,PVDAQ_10,night_or_low_power
2023-01-02 03:09:00,0.0,0.0,0.0,0.0,PVDAQ_10,night_or_low_power
2023-01-02 03:10:00,0.0,0.0,0.0,0.0,PVDAQ_10,night_or_low_power
2023-01-02 03:11:00,0.0,0.0,0.0,0.0,PVDAQ_10,night_or_low_power
2023-01-02 03:12:00,0.0,0.0,0.0,0.0,PVDAQ_10,night_or_low_power
2023-01-02 03:13:00,0.0,0.0,0.0,0.0,PVDAQ_10,night_or_low_power
2023-01-02 03:14:00,0.0,0.0,0.0,0.0,PVDAQ_10,night_or_low_power
2023-01-02 03:15:00,0.0,0.0,0.0,0.0,PVDAQ_10,night_or_low_power
2023-01-02 03:16:00,0.0,0.0,0.0,0.0,PVDAQ_10,night_or_low_power
2023-01-02 03:17:00,0.0,0.0,0.0,0.0,PVDAQ_10,night_or_low_power
2023-01-02 03:18:00,0.0,0.0,0.0,0.0,PVDAQ_10,night_or_low_power
2023-01-02 03:19:00,0.0,0.0,0.0,0.0,PVDAQ_10,night_or_low_power
2023-01-02 03:20:00,0.0,0.0,0.0,0.0,PVDAQ_10,night_or_low_power
2023-01-02 03:21:00,0.0,0.0,0.0,0.0,PVDAQ_10,night_or_low_power
2023-01-02 03:22:00,0.0,0.0,0.0,0.0,PVDAQ_10,night_or_low_power
2023-01-02 03:23:00,0.0,0.0,0.0,0.0,PVDAQ_10,night_or_low_power
2023-01-02 03:24:00,0.0,0.0,0.0,0.0,PVDAQ_10,night_or_low_power
2023-01-02 03:25:00,0.0,0.0,0.0,0.0,PVDAQ_10,night_or_low_power
2023-01-02 03:26:00,0.0,0.0,0.0,0.0,PVDAQ_10,night_or_low_power
2023-01-02 03:27:00,0.0,0.0,0.0,0.0,PVDAQ_10,night_or_low_power
2023-01-02 03:28:00,0.0,0.0,0.0,0.0,PVDAQ_10,night_or_low_power
2023-01-02 03:29:00,0.0,0.0,0.0,0.0,PVDAQ_10,night_or_low_power
2023-01-02 03:30:00,0.0,0.0,0.0,0.0,PVDAQ_10,night_or_low_power
2023-01-02 03:31:00,0.0,0.0,0.0,0.0,PVDAQ_10,night_or_low_power
2023-01-02 03:32:00,0.0,0.0,0.0,0.0,PVDAQ_10,night_or_low_power
2023-01-02 03:33:00,0.0,0.0,0.0,0.0,PVDAQ_10,night_or_low_power
2023-01-02 03:34:00,0.0,0.0,0.0,0.0,PVDAQ_10,night_or_low_power
2023-01-02 03:35:00,0.0,0.0,0.0,0.0,PVDAQ_10,night_or_low_power
2023-01-02 03:36:00,0.0,0.0,0.0,0.0,PVDAQ_10,night_or_low_power
2023-01-02 03:37:00,0.0,0.0,0.0,0.0,PVDAQ_10,night_or_low_power
2023-01-02 03:38:00,0.0,0.0,0.0,0.0,PVDAQ_10,night_or_low_power
2023-01-02 03:39:00,0.0,0.0,0.0,0.0,PVDAQ_10,night_or_low_power
2023-01-02 03:40:00,0.0,0.0,0.0,0.0,PVDAQ_10,night_or_low_power
2023-01-02 03:41:00,0.0,0.0,0.0,0.0,PVDAQ_10,night_or_low_power
2023-01-02 03:42:00,0.0,0.0,0.0,0.0,PVDAQ_10,night_or_low_power
2023-01-02 03:43:00,0.0,0.0,0.0,0.0,PVDAQ_10,night_or_low_power
2023-01-02 03:44:00,0.0,0.0,0.0,0.0,PVDAQ_10,night_or_low_power
2023-01-02 03:45:00,0.0,0.0,0.0,0.0,PVDAQ_10,night_or_low_power
2023-01-02 03:46:00,0.0,0.0,0.0,0.0,PVDAQ_10,night_or_low_power
2023-01-02 03:47:00,0.0,0.0,0.0,0.0,PVDAQ_10,night_or_low_power
2023-01-02 03:48:00,0.0,0.0,0.0,0.0,PVDAQ_10,night_or_low_power
2023-01-02 03:49:00,0.0,0.0,0.0,0.0,PVDAQ_10,night_or_low_power
2023-01-02 03:50:00,0.0,0.0,0.0,0.0,PVDAQ_10,night_or_low_power
2023-01-02 03:51:00,0.0,0.0,0.0,0.0,PVDAQ_10,night_or_low_power
2023-01-02 03:52:00,0.0,0.0,0.0,0.0,PVDAQ_10,night_or_low_power
2023-01-02 03:53:00,0.0,0.0,0.0,0.0,PVDAQ_10,night_or_low_power
2023-01-02 03:54:00,0.0,0.0,0.0,0.0,PVDAQ_10,night_or_low_power
2023-01-02 03:55:00,0.0,0.0,0.0,0.0,PVDAQ_10,night_or_low_power
2023-01-02 03:56:00,0.0,0.0,0.0,0.0,PVDAQ_10,night_or_low_power
2023-01-02 03:57:00,0.0,0.0,0.0,0.0,PVDAQ_10,night_or_low_power
2023-01-02 03:58:00,0.0,0.0,0.0,0.0,PVDAQ_10,night_or_low_power
2023-01-02 03:59:00,0.0,0.0,0.0,0.0,PVDAQ_10,night_or_low_power
2023-01-02 04:00:00,0.0,0.0,0.0,0.0,PVDAQ_10,night_or_low_power
2023-01-02 04:01:00,0.0,0.0,0.0,0.0,PVDAQ_10,night_or_low_power
2023-01-02 04:02:00,0.0,0.0,0.0,0.0,PVDAQ_10,night_or_low_power
2023-01-02 04:03:00,0.0,0.0,0.0,0.0,PVDAQ_10,night_or_low_power
2023-01-02 04:04:00,0.0,0.0,0.0,0.0,PVDAQ_10,night_or_low_power
2023-01-02 04:05:00,0.0,0.0,0.0,0.0,PVDAQ_10,night_or_low_power
2023-01-02 04:06:00,0.0,0.0,0.0,0.0,PVDAQ_10,night_or_low_power
2023-01-02 04:07:00,0.0,0.0,0.0,0.0,PVDAQ_10,night_or_low_power
2023-01-02 04:08:00,0.0,0.0,0.0,0.0,PVDAQ_10,night_or_low_power
2023-01-02 04:09:00,0.0,0.0,0.0,0.0,PVDAQ_10,night_or_low_power
2023-01-02 04:10:00,0.0,0.0,0.0,0.0,PVDAQ_10,night_or_low_power
2023-01-02 04:11:00,0.0,0.0,0.0,0.0,PVDAQ_10,night_or_low_power
2023-01-02 04:12:00,0.0,0.0,0.0,0.0,PVDAQ_10,night_or_low_power
2023-01-02 04:13:00,0.0,0.0,0.0,0.0,PVDAQ_10,night_or_low_power
2023-01-02 04:14:00,0.0,0.0,0.0,0.0,PVDAQ_10,night_or_low_power
2023-01-02 04:15:00,0.0,0.0,0.0,0.0,PVDAQ_10,night_or_low_power
2023-01-02 04:16:00,0.0,0.0,0.0,0.0,PVDAQ_10,night_or_low_power
2023-01-02 04:17:00,0.0,0.0,0.0,0.0,PVDAQ_10,night_or_low_power
2023-01-02 04:18:00,0.0,0.0,0.0,0.0,PVDAQ_10,night_or_low_power
2023-01-02 04:19:00,0.0,0.0,0.0,0.0,PVDAQ_10,night_or_low_power
2023-01-02 04:20:00,0.0,0.0,0.0,0.0,PVDAQ_10,night_or_low_power
2023-01-02 04:21:00,0.0,0.0,0.0,0.0,PVDAQ_10,night_or_low_power
2023-01-02 04:22:00,0.0,0.0,0.0,0.0,PVDAQ_10,night_or_low_power
2023-01-02 04:23:00,0.0,0.0,0.0,0.0,PVDAQ_10,night_or_low_power
2023-01-02 04:24:00,0.0,0.0,0.0,0.0,PVDAQ_10,night_or_low_power
2023-01-02 04:25:00,0.0,0.0,0.0,0.0,PVDAQ_10,night_or_low_power
2023-01-02 04:26:00,0.0,0.0,0.0,0.0,PVDAQ_10,night_or_low_power
2023-01-02 04:27:00,0.0,0.0,0.0,0.0,PVDAQ_10,night_or_low_power
2023-01-02 04:28:00,0.0,0.0,0.0,0.0,PVDAQ_10,night_or_low_power
2023-01-02 04:29:00,0.0,0.0,0.0,0.0,PVDAQ_10,night_or_low_power
2023-01-02 04:30:00,0.0,0.0,0.0,0.0,PVDAQ_10,night_or_low_power
2023-01-02 04:31:00,0.0,0.0,0.0,0.0,PVDAQ_10,night_or_low_power
2023-01-02 04:32:00,0.0,0.0,0.0,0.0,PVDAQ_10,night_or_low_power
2023-01-02 04:33:00,0.0,0.0,0.0,0.0,PVDAQ_10,night_or_low_power
2023-01-02 04:34:00,0.0,0.0,0.0,0.0,PVDAQ_10,night_or_low_power
2023-01-02 04:35:00,0.0,0.0,0.0,0.0,PVDAQ_10,night_or_low_power
2023-01-02 04:36:00,0.0,0.0,0.0,0.0,PVDAQ_10,night_or_low_power
2023-01-02 04:37:00,0.0,0.0,0.0,0.0,PVDAQ_10,night_or_low_power
2023-01-02 04:38:00,0.0,0.0,0.0,0.0,PVDAQ_10,night_or_low_power
2023-01-02 04:39:00,0.0,0.0,0.0,0.0,PVDAQ_10,night_or_low_power
2023-01-02 04:40:00,0.0,0.0,0.0,0.0,PVDAQ_10,night_or_low_power
2023-01-02 04:41:00,0.0,0.0,0.0,0.0,PVDAQ_10,night_or_low_power
2023-01-02 04:42:00,0.0,0.0,0.0,0.0,PVDAQ_10,night_or_low_power
2023-01-02 04:43:00,0.0,0.0,0.0,0.0,PVDAQ_10,night_or_low_power
2023-01-02 04:44:00,0.0,0.0,0.0,0.0,PVDAQ_10,night_or_low_power
2023-01-02 04:45:00,0.0,0.0,0.0,0.0,PVDAQ_10,night_or_low_power
2023-01-02 04:46:00,0.0,0.0,0.0,0.0,PVDAQ_10,night_or_low_power
2023-01-02 04:47:00,0.0,0.0,0.0,0.0,PVDAQ_10,night_or_low_power
2023-01-02 04:48:00,0.0,0.0,0.0,0.0,PVDAQ_10,night_or_low_power
2023-01-02 04:49:00,0.0,0.0,0.0,0.0,PVDAQ_10,night_or_low_power
2023-01-02 04:50:00,0.0,0.0,0.0,0.0,PVDAQ_10,night_or_low_power
2023-01-02 04:51:00,0.0,0.0,0.0,0.0,PVDAQ_10,night_or_low_power
2023-01-02 04:52:00,0.0,0.0,0.0,0.0,PVDAQ_10,night_or_low_power
2023-01-02 04:53:00,0.0,0.0,0.0,0.0,PVDAQ_10,night_or_low_power
2023-01-02 04:54:00,0.0,0.0,0.0,0.0,PVDAQ_10,night_or_low_power
2023-01-02 04:55:00,0.0,0.0,0.0,0.0,PVDAQ_10,night_or_low_power
2023-01-02 04:56:00,0.0,0.0,0.0,0.0,PVDAQ_10,night_or_low_power
2023-01-02 04:57:00,0.0,0.0,0.0,0.0,PVDAQ_10,night_or_low_power
2023-01-02 04:58:00,0.0,0.0,0.0,0.0,PVDAQ_10,night_or_low_power
2023-01-02 04:59:00,0.0,0.0,0.0,0.0,PVDAQ_10,night_or_low_power
2023-01-02 05:00:00,0.0,0.0,0.0,0.0,PVDAQ_10,night_or_low_power
2023-01-02 05:01:00,0.0,0.0,0.0,0.0,PVDAQ_10,night_or_low_power
2023-01-02 05:02:00,0.0,0.0,0.0,0.0,PVDAQ_10,night_or_low_power
2023-01-02 05:03:00,0.0,0.0,0.0,0.0,PVDAQ_10,night_or_low_power
2023-01-02 05:04:00,0.0,0.0,0.0,0.0,PVDAQ_10,night_or_low_power
2023-01-02 05:05:00,0.0,0.0,0.0,0.0,PVDAQ_10,night_or_low_power
2023-01-02 05:06:00,0.0,0.0,0.0,0.0,PVDAQ_10,night_or_low_power
2023-01-02 05:07:00,0.0,0.0,0.0,0.0,PVDAQ_10,night_or_low_power
2023-01-02 05:08:00,0.0,0.0,0.0,0.0,PVDAQ_10,night_or_low_power
2023-01-02 05:09:00,0.0,0.0,0.0,0.0,PVDAQ_10,night_or_low_power
2023-01-02 05:10:00,0.0,0.0,0.0,0.0,PVDAQ_10,night_or_low_power
2023-01-02 05:11:00,0.0,0.0,0.0,0.0,PVDAQ_10,night_or_low_power
2023-01-02 05:12:00,0.0,0.0,0.0,0.0,PVDAQ_10,night_or_low_power
2023-01-02 05:13:00,0.0,0.0,0.0,0.0,PVDAQ_10,night_or_low_power
2023-01-02 05:14:00,0.0,0.0,0.0,0.0,PVDAQ_10,night_or_low_power
2023-01-02 05:15:00,0.0,0.0,0.0,0.0,PVDAQ_10,night_or_low_power
2023-01-02 05:16:00,0.0,0.0,0.0,0.0,PVDAQ_10,night_or_low_power
2023-01-02 05:17:00,0.0,0.0,0.0,0.0,PVDAQ_10,night_or_low_power
2023-01-02 05:18:00,0.0,0.0,0.0,0.0,PVDAQ_10,night_or_low_power
2023-01-02 05:19:00,0.0,0.0,0.0,0.0,PVDAQ_10,night_or_low_power
2023-01-02 05:20:00,0.0,0.0,0.0,0.0,PVDAQ_10,night_or_low_power
2023-01-02 05:21:00,0.0,0.0,0.0,0.0,PVDAQ_10,night_or_low_power
2023-01-02 05:22:00,0.0,0.0,0.0,0.0,PVDAQ_10,night_or_low_power
2023-01-02 05:23:00,0.0,0.0,0.0,0.0,PVDAQ_10,night_or_low_power
2023-01-02 05:24:00,0.0,0.0,0.0,0.0,PVDAQ_10,night_or_low_power
2023-01-02 05:25:00,0.0,0.0,0.0,0.0,PVDAQ_10,night_or_low_power
2023-01-02 05:26:00,0.0,0.0,0.0,0.0,PVDAQ_10,night_or_low_power
2023-01-02 05:27:00,0.0,0.0,0.0,0.0,PVDAQ_10,night_or_low_power
2023-01-02 05:28:00,0.0,0.0,0.0,0.0,PVDAQ_10,night_or_low_power
2023-01-02 05:29:00,0.0,0.0,0.0,0.0,PVDAQ_10,night_or_low_power
2023-01-02 05:30:00,0.0,0.0,0.0,0.0,PVDAQ_10,night_or_low_power
2023-01-02 05:31:00,0.0,0.0,0.0,0.0,PVDAQ_10,night_or_low_power
2023-01-02 05:32:00,0.0,0.0,0.0,0.0,PVDAQ_10,night_or_low_power
2023-01-02 05:33:00,0.0,0.0,0.0,0.0,PVDAQ_10,night_or_low_power
2023-01-02 05:34:00,0.0,0.0,0.0,0.0,PVDAQ_10,night_or_low_power
2023-01-02 05:35:00,0.0,0.0,0.0,0.0,PVDAQ_10,night_or_low_power
2023-01-02 05:36:00,0.0,0.0,0.0,0.0,PVDAQ_10,night_or_low_power
2023-01-02 05:37:00,0.0,0.0,0.0,0.0,PVDAQ_10,night_or_low_power
2023-01-02 05:38:00,0.0,0.0,0.0,0.0,PVDAQ_10,night_or_low_power
2023-01-02 05:39:00,0.0,0.0,0.0,0.0,PVDAQ_10,night_or_low_power
2023-01-02 05:40:00,0.0,0.0,0.0,0.0,PVDAQ_10,night_or_low_power
2023-01-02 05:41:00,0.0,0.0,0.0,0.0,PVDAQ_10,night_or_low_power
2023-01-02 05:42:00,0.0,0.0,0.0,0.0,PVDAQ_10,night_or_low_power
2023-01-02 05:43:00,0.0,0.0,0.0,0.0,PVDAQ_10,night_or_low_power
2023-01-02 05:44:00,0.0,0.0,0.0,0.0,PVDAQ_10,night_or_low_power
2023-01-02 05:45:00,0.0,0.0,0.0,0.0,PVDAQ_10,night_or_low_power
2023-01-02 05:46:00,0.0,0.0,0.0,0.0,PVDAQ_10,night_or_low_power
2023-01-02 05:47:00,0.0,0.0,0.0,0.0,PVDAQ_10,night_or_low_power
2023-01-02 05:48:00,0.0,0.0,0.0,0.0,PVDAQ_10,night_or_low_power
2023-01-02 05:49:00,0.0,0.0,0.0,0.0,PVDAQ_10,night_or_low_power
2023-01-02 05:50:00,0.0,0.0,0.0,0.0,PVDAQ_10,night_or_low_power
2023-01-02 05:51:00,0.0,0.0,0.0,0.0,PVDAQ_10,night_or_low_power
2023-01-02 05:52:00,0.0,0.0,0.0,0.0,PVDAQ_10,night_or_low_power
2023-01-02 05:53:00,0.0,0.0,0.0,0.0,PVDAQ_10,night_or_low_power
2023-01-02 05:54:00,0.0,0.0,0.0,0.0,PVDAQ_10,night_or_low_power
2023-01-02 05:55:00,0.0,0.0,0.0,0.0,PVDAQ_10,night_or_low_power
2023-01-02 05:56:00,0.0,0.0,0.0,0.0,PVDAQ_10,night_or_low_power
2023-01-02 05:57:00,0.0,0.0,0.0,0.0,PVDAQ_10,night_or_low_power
2023-01-02 05:58:00,0.0,0.0,0.0,0.0,PVDAQ_10,night_or_low_power
2023-01-02 05:59:00,0.0,0.0,0.0,0.0,PVDAQ_10,night_or_low_power
2023-01-02 06:00:00,0.0,0.0,0.0,0.0,PVDAQ_10,night_or_low_power
2023-01-02 06:01:00,0.0,0.0,0.0,0.0,PVDAQ_10,night_or_low_power
2023-01-02 06:02:00,0.0,0.0,0.0,0.0,PVDAQ_10,night_or_low_power
2023-01-02 06:03:00,0.0,0.0,0.0,0.0,PVDAQ_10,night_or_low_power
2023-01-02 06:04:00,0.0,0.0,0.0,0.0,PVDAQ_10,night_or_low_power
2023-01-02 06:05:00,0.0,0.0,0.0,0.0,PVDAQ_10,night_or_low_power
2023-01-02 06:06:00,0.0,0.0,0.0,0.0,PVDAQ_10,night_or_low_power
2023-01-02 06:07:00,0.0,0.0,0.0,0.0,PVDAQ_10,night_or_low_power
2023-01-02 06:08:00,0.0,0.0,0.0,0.0,PVDAQ_10,night_or_low_power
2023-01-02 06:09:00,0.0,0.0,0.0,0.0,PVDAQ_10,night_or_low_power
2023-01-02 06:10:00,0.0,0.0,0.0,0.0,PVDAQ_10,night_or_low_power
2023-01-02 06:11:00,0.0,0.0,0.0,0.0,PVDAQ_10,night_or_low_power
2023-01-02 06:12:00,0.0,0.0,0.0,0.0,PVDAQ_10,night_or_low_power
2023-01-02 06:13:00,0.0,0.0,0.0,0.0,PVDAQ_10,night_or_low_power
2023-01-02 06:14:00,0.0,0.0,0.0,0.0,PVDAQ_10,night_or_low_power
2023-01-02 06:15:00,0.0,0.0,0.0,0.0,PVDAQ_10,night_or_low_power
2023-01-02 06:16:00,0.0,0.0,0.0,0.0,PVDAQ_10,night_or_low_power
2023-01-02 06:17:00,0.0,0.0,0.0,0.0,PVDAQ_10,night_or_low_power
2023-01-02 06:18:00,0.0,0.0,0.0,0.0,PVDAQ_10,night_or_low_power
2023-01-02 06:19:00,0.0,0.0,0.0,0.0,PVDAQ_10,night_or_low_power
2023-01-02 06:20:00,0.0,0.0,0.0,0.0,PVDAQ_10,night_or_low_power
2023-01-02 06:21:00,0.0,0.0,0.0,0.0,PVDAQ_10,night_or_low_power
2023-01-02 06:22:00,0.0,0.0,0.0,0.0,PVDAQ_10,night_or_low_power
2023-01-02 06:23:00,0.0,0.0,0.0,0.0,PVDAQ_10,night_or_low_power
2023-01-02 06:24:00,0.0,0.0,0.0,0.0,PVDAQ_10,night_or_low_power
2023-01-02 06:25:00,0.0,0.0,0.0,0.0,PVDAQ_10,night_or_low_power
2023-01-02 06:26:00,0.0,0.0,0.0,0.0,PVDAQ_10,night_or_low_power
2023-01-02 06:27:00,0.0,0.0,0.0,0.0,PVDAQ_10,night_or_low_power
2023-01-02 06:28:00,0.0,0.0,0.0,0.0,PVDAQ_10,night_or_low_power
2023-01-02 06:29:00,0.0,0.0,0.0,0.0,PVDAQ_10,night_or_low_power
2023-01-02 06:30:00,0.0,0.0,0.0,0.0,PVDAQ_10,night_or_low_power
2023-01-02 06:31:00,0.0,0.0,0.0,0.0,PVDAQ_10,night_or_low_power
2023-01-02 06:32:00,0.0,0.0,0.0,0.0,PVDAQ_10,night_or_low_power
2023-01-02 06:33:00,0.0,0.0,0.0,0.0,PVDAQ_10,night_or_low_power
2023-01-02 06:34:00,0.0,0.0,0.0,0.0,PVDAQ_10,night_or_low_power
2023-01-02 06:35:00,0.0,0.0,0.0,0.0,PVDAQ_10,night_or_low_power
2023-01-02 06:36:00,0.0,0.0,0.0,0.0,PVDAQ_10,night_or_low_power
2023-01-02 06:37:00,0.0,0.0,0.0,0.0,PVDAQ_10,night_or_low_power
2023-01-02 06:38:00,0.0,0.0,0.0,0.0,PVDAQ_10,night_or_low_power
2023-01-02 06:39:00,0.0,0.0,0.0,0.0,PVDAQ_10,night_or_low_power
2023-01-02 06:40:00,0.0,0.0,0.0,0.0,PVDAQ_10,night_or_low_power
2023-01-02 06:41:00,0.0,0.0,0.0,0.0,PVDAQ_10,night_or_low_power
2023-01-02 06:42:00,0.0,0.0,0.0,0.0,PVDAQ_10,night_or_low_power
2023-01-02 06:43:00,0.0,0.0,0.0,0.0,PVDAQ_10,night_or_low_power
2023-01-02 06:44:00,0.0,0.0,0.0,0.0,PVDAQ_10,night_or_low_power
2023-01-02 06:45:00,0.0,0.0,0.0,0.0,PVDAQ_10,night_or_low_power
2023-01-02 06:46:00,0.0,0.0,0.0,0.0,PVDAQ_10,night_or_low_power
2023-01-02 06:47:00,0.0,0.0,0.0,0.0,PVDAQ_10,night_or_low_power
2023-01-02 06:48:00,0.0,0.0,0.0,0.0,PVDAQ_10,night_or_low_power
2023-01-02 06:49:00,0.0,0.0,0.0,0.0,PVDAQ_10,night_or_low_power
2023-01-02 06:50:00,0.0,0.0,0.0,0.0,PVDAQ_10,night_or_low_power
2023-01-02 06:51:00,0.0,0.0,0.0,0.0,PVDAQ_10,night_or_low_power
2023-01-02 06:52:00,0.0,0.0,0.0,0.0,PVDAQ_10,night_or_low_power
2023-01-02 06:53:00,0.0,0.0,0.0,0.0,PVDAQ_10,night_or_low_power
2023-01-02 06:54:00,0.0,0.0,0.0,0.0,PVDAQ_10,night_or_low_power
2023-01-02 06:55:00,0.0,0.0,0.0,0.0,PVDAQ_10,night_or_low_power
2023-01-02 06:56:00,0.0,0.0,0.0,0.0,PVDAQ_10,night_or_low_power
2023-01-02 06:57:00,0.0,0.0,0.0,0.0,PVDAQ_10,night_or_low_power
2023-01-02 06:58:00,0.0,0.0,0.0,0.0,PVDAQ_10,night_or_low_power
2023-01-02 06:59:00,0.0,0.0,0.0,0.0,PVDAQ_10,night_or_low_power
2023-01-02 07:00:00,0.0,0.0,0.0,0.0,PVDAQ_10,night_or_low_power
2023-01-02 07:01:00,0.0,0.0,0.0,0.0,PVDAQ_10,night_or_low_power
2023-01-02 07:02:00,0.0,0.0,0.0,0.0,PVDAQ_10,night_or_low_power
2023-01-02 07:03:00,0.0,0.0,0.0,0.0,PVDAQ_10,night_or_low_power
2023-01-02 07:04:00,0.0,0.0,0.0,0.0,PVDAQ_10,night_or_low_power
2023-01-02 07:05:00,0.0,0.0,0.0,0.0,PVDAQ_10,night_or_low_power
2023-01-02 07:06:00,0.0,0.0,0.0,0.0,PVDAQ_10,night_or_low_power
2023-01-02 07:07:00,0.0,0.0,0.0,0.0,PVDAQ_10,night_or_low_power
2023-01-02 07:08:00,0.0,0.0,0.0,0.0,PVDAQ_10,night_or_low_power
2023-01-02 07:09:00,0.0,0.0,0.0,0.0,PVDAQ_10,night_or_low_power
2023-01-02 07:10:00,0.0,0.0,0.0,0.0,PVDAQ_10,night_or_low_power
2023-01-02 07:11:00,0.0,0.0,0.0,0.0,PVDAQ_10,night_or_low_power
2023-01-02 07:12:00,0.0,0.0,0.0,0.0,PVDAQ_10,night_or_low_power
2023-01-02 07:13:00,0.0,0.0,0.0,0.0,PVDAQ_10,night_or_low_power
2023-01-02 07:14:00,0.0,0.0,0.0,0.0,PVDAQ_10,night_or_low_power
2023-01-02 07:15:00,0.0,0.0,0.0,0.0,PVDAQ_10,night_or_low_power
2023-01-02 07:16:00,0.0,0.0,0.0,0.0,PVDAQ_10,night_or_low_power
2023-01-02 07:17:00,0.0,0.0,0.0,0.0,PVDAQ_10,night_or_low_power
2023-01-02 07:18:00,0.0,0.0,0.0,0.0,PVDAQ_10,night_or_low_power
2023-01-02 07:19:00,0.0,0.0,0.0,0.0,PVDAQ_10,night_or_low_power
2023-01-02 07:20:00,0.0,0.0,0.0,0.0,PVDAQ_10,night_or_low_power
2023-01-02 07:21:00,0.0,0.0,0.0,0.0,PVDAQ_10,night_or_low_power
2023-01-02 07:22:00,0.0,0.0,0.0,0.0,PVDAQ_10,night_or_low_power
2023-01-02 07:23:00,0.0,0.0,0.0,0.0,PVDAQ_10,night_or_low_power
2023-01-02 07:24:00,0.0,0.0,0.0,0.0,PVDAQ_10,night_or_low_power
2023-01-02 07:25:00,0.0,0.0,0.0,0.0,PVDAQ_10,night_or_low_power
2023-01-02 07:26:00,0.0,0.0,0.0,0.0,PVDAQ_10,night_or_low_power
2023-01-02 07:27:00,0.0,0.0,0.0,0.0,PVDAQ_10,night_or_low_power
2023-01-02 07:28:00,0.0,0.0,0.0,0.0,PVDAQ_10,night_or_low_power
2023-01-02 07:29:00,0.0,0.0,0.0,0.0,PVDAQ_10,night_or_low_power
2023-01-02 07:30:00,0.0,0.0,0.0,0.0,PVDAQ_10,night_or_low_power
2023-01-02 07:31:00,0.0,0.0,0.0,0.0,PVDAQ_10,night_or_low_power
2023-01-02 07:32:00,0.0,0.0,0.0,0.0,PVDAQ_10,night_or_low_power
2023-01-02 07:33:00,0.0,0.0,0.0,0.0,PVDAQ_10,night_or_low_power
2023-01-02 07:34:00,0.0,0.0,0.0,0.0,PVDAQ_10,night_or_low_power
2023-01-02 07:35:00,0.0,0.0,0.0,0.0,PVDAQ_10,night_or_low_power
2023-01-02 07:36:00,0.0,0.0,0.0,0.0,PVDAQ_10,night_or_low_power
2023-01-02 07:37:00,0.0,0.0,0.0,0.0,PVDAQ_10,night_or_low_power
2023-01-02 07:38:00,0.0,0.0,0.0,0.0,PVDAQ_10,night_or_low_power
2023-01-02 07:39:00,0.0,0.0,0.0,0.0,PVDAQ_10,night_or_low_power
2023-01-02 07:40:00,0.0,0.0,0.0,0.0,PVDAQ_10,night_or_low_power
2023-01-02 07:41:00,0.0,0.0,0.0,0.0,PVDAQ_10,night_or_low_power
2023-01-02 07:42:00,0.0,0.0,0.0,0.0,PVDAQ_10,night_or_low_power
2023-01-02 07:43:00,0.0,0.0,0.0,0.0,PVDAQ_10,night_or_low_power
2023-01-02 07:44:00,0.0,0.0,0.0,0.0,PVDAQ_10,night_or_low_power
2023-01-02 07:45:00,0.0,0.0,0.0,0.0,PVDAQ_10,night_or_low_power
2023-01-02 07:46:00,0.0,0.0,0.0,0.0,PVDAQ_10,night_or_low_power
2023-01-02 07:47:00,0.0,0.0,0.0,0.0,PVDAQ_10,night_or_low_power
2023-01-02 07:48:00,0.0,0.0,0.0,0.0,PVDAQ_10,night_or_low_power
2023-01-02 07:49:00,0.0,0.0,0.0,0.0,PVDAQ_10,night_or_low_power
2023-01-02 07:50:00,0.0,0.0,0.0,0.0,PVDAQ_10,night_or_low_power
2023-01-02 07:51:00,0.0,0.0,0.0,0.0,PVDAQ_10,night_or_low_power
2023-01-02 07:52:00,0.0,0.0,0.0,0.0,PVDAQ_10,night_or_low_power
2023-01-02 07:53:00,0.0,0.0,0.0,0.0,PVDAQ_10,night_or_low_power
2023-01-02 07:54:00,0.0,0.0,0.0,0.0,PVDAQ_10,night_or_low_power
2023-01-02 07:55:00,0.0,0.0,0.0,0.0,PVDAQ_10,night_or_low_power
2023-01-02 07:56:00,0.0,0.0,0.0,0.0,PVDAQ_10,night_or_low_power
2023-01-02 07:57:00,0.0,0.0,0.0,0.0,PVDAQ_10,night_or_low_power
2023-01-02 07:58:00,0.0,0.0,0.0,0.0,PVDAQ_10,night_or_low_power
2023-01-02 07:59:00,0.0,0.0,0.0,0.0,PVDAQ_10,night_or_low_power
2023-01-02 08:00:00,0.0,0.0,0.0,0.0,PVDAQ_10,night_or_low_power
2023-01-02 08:01:00,0.0,0.0,0.0,0.0,PVDAQ_10,night_or_low_power
2023-01-02 08:02:00,0.0,0.0,0.0,0.0,PVDAQ_10,night_or_low_power
2023-01-02 08:03:00,0.0,0.0,0.0,0.0,PVDAQ_10,night_or_low_power
2023-01-02 08:04:00,0.0,0.0,0.0,0.0,PVDAQ_10,night_or_low_power
2023-01-02 08:05:00,0.0,0.0,0.0,0.0,PVDAQ_10,night_or_low_power
2023-01-02 08:06:00,0.0,0.0,0.0,0.0,PVDAQ_10,night_or_low_power
2023-01-02 08:07:00,0.0,0.0,0.0,0.0,PVDAQ_10,night_or_low_power
2023-01-02 08:08:00,0.0,0.0,0.0,0.0,PVDAQ_10,night_or_low_power
2023-01-02 08:09:00,0.0,0.0,0.0,0.0,PVDAQ_10,night_or_low_power
2023-01-02 08:10:00,0.0,0.0,0.0,0.0,PVDAQ_10,night_or_low_power
2023-01-02 08:11:00,0.0,0.0,0.0,0.0,PVDAQ_10,night_or_low_power
2023-01-02 08:12:00,0.0,0.0,0.0,0.0,PVDAQ_10,night_or_low_power
2023-01-02 08:13:00,0.0,0.0,0.0,0.0,PVDAQ_10,night_or_low_power
2023-01-02 08:14:00,0.0,0.0,0.0,0.0,PVDAQ_10,night_or_low_power
2023-01-02 08:15:00,0.0,0.0,0.0,0.0,PVDAQ_10,night_or_low_power
2023-01-02 08:16:00,0.0,0.0,0.0,0.0,PVDAQ_10,night_or_low_power
2023-01-02 08:17:00,0.0,0.0,0.0,0.0,PVDAQ_10,night_or_low_power
2023-01-02 08:18:00,0.0,0.0,0.0,0.0,PVDAQ_10,night_or_low_power
2023-01-02 08:19:00,0.0,0.0,0.0,0.0,PVDAQ_10,night_or_low_power
2023-01-02 08:20:00,0.0,0.0,0.0,0.0,PVDAQ_10,night_or_low_power
2023-01-02 08:21:00,0.0,0.0,0.0,0.0,PVDAQ_10,night_or_low_power
2023-01-02 08:22:00,0.0,0.0,0.0,0.0,PVDAQ_10,cloudy
2023-01-02 08:23:00,0.0,0.0,0.0,0.0,PVDAQ_10,cloudy
2023-01-02 08:24:00,0.0,0.0,0.0,0.0,PVDAQ_10,cloudy
2023-01-02 08:25:00,0.0,0.0,0.0,0.0,PVDAQ_10,cloudy
2023-01-02 08:26:00,0.0,0.0,0.0,0.0,PVDAQ_10,cloudy
2023-01-02 08:27:00,0.0,0.0,0.0,0.0,PVDAQ_10,cloudy
2023-01-02 08:28:00,0.0,0.0,0.0,0.0,PVDAQ_10,cloudy
2023-01-02 08:29:00,0.0,0.0,0.0,0.0,PVDAQ_10,cloudy
2023-01-02 08:30:00,0.0,0.0,0.0,0.0,PVDAQ_10,cloudy
2023-01-02 08:31:00,0.0,0.0,0.0,0.0,PVDAQ_10,cloudy
2023-01-02 08:32:00,0.0,0.0,0.0,0.0,PVDAQ_10,cloudy
2023-01-02 08:33:00,0.0,0.0,0.0,0.0,PVDAQ_10,cloudy
2023-01-02 08:34:00,0.0,0.0,0.0,0.0,PVDAQ_10,cloudy
2023-01-02 08:35:00,0.0,0.0,0.0,0.0,PVDAQ_10,cloudy
2023-01-02 08:36:00,0.0,0.0,0.0,0.0,PVDAQ_10,cloudy
2023-01-02 08:37:00,0.0,0.0,0.0,0.0,PVDAQ_10,cloudy
2023-01-02 08:38:00,0.0,0.0,0.0,0.0,PVDAQ_10,cloudy
2023-01-02 08:39:00,0.0,0.0,0.0,0.0,PVDAQ_10,cloudy
2023-01-02 08:40:00,0.0,0.0,0.0,0.0,PVDAQ_10,cloudy
2023-01-02 08:41:00,0.0,0.0,0.0,0.0,PVDAQ_10,cloudy
2023-01-02 08:42:00,0.0,0.0,0.0,0.0,PVDAQ_10,cloudy
2023-01-02 08:43:00,0.0,0.0,0.0,0.0,PVDAQ_10,cloudy
2023-01-02 08:44:00,0.0,0.0,0.0,0.0,PVDAQ_10,cloudy
2023-01-02 08:45:00,0.0,0.0,0.0,0.0,PVDAQ_10,cloudy
2023-01-02 08:46:00,0.0,0.0,0.0,0.0,PVDAQ_10,cloudy
2023-01-02 08:47:00,0.0,0.0,0.0,0.0,PVDAQ_10,cloudy
2023-01-02 08:48:00,0.0,0.0,0.0,0.0,PVDAQ_10,cloudy
2023-01-02 08:49:00,0.0,0.0,0.0,0.0,PVDAQ_10,cloudy
2023-01-02 08:50:00,0.0,0.0,0.0,0.0,PVDAQ_10,cloudy
2023-01-02 08:51:00,0.0,0.0,0.0,0.0,PVDAQ_10,cloudy
2023-01-02 08:52:00,0.0,0.0,0.0,0.0,PVDAQ_10,cloudy
2023-01-02 08:53:00,0.0,0.0,0.0,0.0,PVDAQ_10,cloudy
2023-01-02 08:54:00,0.0,0.0,0.0,0.0,PVDAQ_10,cloudy
2023-01-02 08:55:00,0.0,0.0,0.0,0.0,PVDAQ_10,cloudy
2023-01-02 08:56:00,0.0,0.0,0.0,0.0,PVDAQ_10,cloudy
2023-01-02 08:57:00,0.0,0.0,0.0,0.0,PVDAQ_10,cloudy
2023-01-02 08:58:00,0.0,0.0,0.0,0.0,PVDAQ_10,cloudy
2023-01-02 08:59:00,0.0,0.0,0.0,0.0,PVDAQ_10,cloudy
2023-01-02 09:00:00,0.0,0.0,0.0,0.0,PVDAQ_10,cloudy
2023-01-02 09:01:00,0.0,0.0,0.0,0.0,PVDAQ_10,cloudy
2023-01-02 09:02:00,0.0,0.0,0.0,0.0,PVDAQ_10,cloudy
2023-01-02 09:03:00,0.0,0.16811905,-0.16811905,0.16811905,PVDAQ_10,cloudy
2023-01-02 09:04:00,0.0,0.0,0.0,0.0,PVDAQ_10,cloudy
2023-01-02 09:05:00,0.0,0.0,0.0,0.0,PVDAQ_10,cloudy
2023-01-02 09:06:00,0.0,0.0,0.0,0.0,PVDAQ_10,cloudy
2023-01-02 09:07:00,0.0,0.0,0.0,0.0,PVDAQ_10,cloudy
2023-01-02 09:08:00,0.0,0.6190869000000001,-0.6190869000000001,0.6190869000000001,PVDAQ_10,cloudy
2023-01-02 09:09:00,0.0,0.0,0.0,0.0,PVDAQ_10,cloudy
2023-01-02 09:10:00,0.0,0.0,0.0,0.0,PVDAQ_10,cloudy
2023-01-02 09:11:00,0.0,0.33761375,-0.33761375,0.33761375,PVDAQ_10,cloudy
2023-01-02 09:12:00,0.0,0.577765,-0.577765,0.577765,PVDAQ_10,cloudy
2023-01-02 09:13:00,0.0,0.0,0.0,0.0,PVDAQ_10,cloudy
2023-01-02 09:14:00,0.0,0.0,0.0,0.0,PVDAQ_10,cloudy
2023-01-02 09:15:00,0.0,0.0,0.0,0.0,PVDAQ_10,cloudy
2023-01-02 09:16:00,0.0,0.0,0.0,0.0,PVDAQ_10,cloudy
2023-01-02 09:17:00,0.0,0.0,0.0,0.0,PVDAQ_10,cloudy
2023-01-02 09:18:00,0.0,0.08146,-0.08146,0.08146,PVDAQ_10,cloudy
2023-01-02 09:19:00,0.0,0.0,0.0,0.0,PVDAQ_10,cloudy
2023-01-02 09:20:00,0.0,0.0,0.0,0.0,PVDAQ_10,cloudy
2023-01-02 09:21:00,0.0,0.0,0.0,0.0,PVDAQ_10,cloudy
2023-01-02 09:22:00,0.0,0.0,0.0,0.0,PVDAQ_10,cloudy
2023-01-02 09:23:00,0.0,0.0,0.0,0.0,PVDAQ_10,cloudy
2023-01-02 09:24:00,0.0,0.0,0.0,0.0,PVDAQ_10,cloudy
2023-01-02 09:25:00,0.0,0.0,0.0,0.0,PVDAQ_10,cloudy
2023-01-02 09:26:00,0.0,0.0,0.0,0.0,PVDAQ_10,cloudy
2023-01-02 09:27:00,0.0,0.0,0.0,0.0,PVDAQ_10,cloudy
2023-01-02 09:28:00,0.0,0.0,0.0,0.0,PVDAQ_10,cloudy
2023-01-02 09:29:00,0.0,0.0,0.0,0.0,PVDAQ_10,cloudy
2023-01-02 09:30:00,0.0,0.0,0.0,0.0,PVDAQ_10,cloudy
2023-01-02 09:31:00,0.0,0.0,0.0,0.0,PVDAQ_10,cloudy
2023-01-02 09:32:00,0.0,0.0,0.0,0.0,PVDAQ_10,cloudy
2023-01-02 09:33:00,0.0,0.0,0.0,0.0,PVDAQ_10,cloudy
2023-01-02 09:34:00,0.0,0.0,0.0,0.0,PVDAQ_10,cloudy
2023-01-02 09:35:00,0.0,0.0,0.0,0.0,PVDAQ_10,cloudy
2023-01-02 09:36:00,0.0,0.0,0.0,0.0,PVDAQ_10,cloudy
2023-01-02 09:37:00,0.0,0.0,0.0,0.0,PVDAQ_10,cloudy
2023-01-02 09:38:00,0.0,0.0,0.0,0.0,PVDAQ_10,cloudy
2023-01-02 09:39:00,0.0,0.0,0.0,0.0,PVDAQ_10,cloudy
2023-01-02 09:40:00,0.0,0.0,0.0,0.0,PVDAQ_10,cloudy
2023-01-02 09:41:00,0.0,0.0,0.0,0.0,PVDAQ_10,cloudy
2023-01-02 09:42:00,0.0,0.0,0.0,0.0,PVDAQ_10,cloudy
2023-01-02 09:43:00,0.0,0.0,0.0,0.0,PVDAQ_10,cloudy
2023-01-02 09:44:00,0.0,0.0,0.0,0.0,PVDAQ_10,cloudy
2023-01-02 09:45:00,0.0,0.0,0.0,0.0,PVDAQ_10,cloudy
2023-01-02 09:46:00,0.0,0.0,0.0,0.0,PVDAQ_10,cloudy
2023-01-02 09:47:00,0.0,0.0,0.0,0.0,PVDAQ_10,cloudy
2023-01-02 09:48:00,0.0,0.0,0.0,0.0,PVDAQ_10,cloudy
2023-01-02 09:49:00,0.0,0.0,0.0,0.0,PVDAQ_10,cloudy
2023-01-02 09:50:00,0.0,0.0,0.0,0.0,PVDAQ_10,cloudy
2023-01-02 09:51:00,0.0,0.0,0.0,0.0,PVDAQ_10,cloudy
2023-01-02 09:52:00,0.0,0.0,0.0,0.0,PVDAQ_10,cloudy
2023-01-02 09:53:00,0.0,0.0,0.0,0.0,PVDAQ_10,cloudy
2023-01-02 09:54:00,0.0,0.0,0.0,0.0,PVDAQ_10,cloudy
2023-01-02 09:55:00,0.0,0.0,0.0,0.0,PVDAQ_10,cloudy
2023-01-02 09:56:00,0.0,0.0,0.0,0.0,PVDAQ_10,cloudy
2023-01-02 09:57:00,0.0,0.0,0.0,0.0,PVDAQ_10,cloudy
2023-01-02 09:58:00,0.0,0.0,0.0,0.0,PVDAQ_10,cloudy
2023-01-02 09:59:00,0.0,0.0,0.0,0.0,PVDAQ_10,cloudy
2023-01-02 10:00:00,0.0,0.0,0.0,0.0,PVDAQ_10,cloudy
2023-01-02 10:01:00,0.0,0.0,0.0,0.0,PVDAQ_10,cloudy
2023-01-02 10:02:00,0.0,0.0,0.0,0.0,PVDAQ_10,cloudy
2023-01-02 10:03:00,0.0,0.0,0.0,0.0,PVDAQ_10,cloudy
2023-01-02 10:04:00,0.0,0.0,0.0,0.0,PVDAQ_10,cloudy
2023-01-02 10:05:00,0.0,0.0,0.0,0.0,PVDAQ_10,cloudy
2023-01-02 10:06:00,0.0,0.0,0.0,0.0,PVDAQ_10,cloudy
2023-01-02 10:07:00,0.0,0.0,0.0,0.0,PVDAQ_10,cloudy
2023-01-02 10:08:00,0.0,0.0,0.0,0.0,PVDAQ_10,cloudy
2023-01-02 10:09:00,0.0,0.0,0.0,0.0,PVDAQ_10,cloudy
2023-01-02 10:10:00,0.0,0.0,0.0,0.0,PVDAQ_10,cloudy
2023-01-02 10:11:00,0.0,0.0,0.0,0.0,PVDAQ_10,cloudy
2023-01-02 10:12:00,0.0,0.0,0.0,0.0,PVDAQ_10,cloudy
2023-01-02 10:13:00,0.0,0.0,0.0,0.0,PVDAQ_10,cloudy
2023-01-02 10:14:00,0.0,0.0,0.0,0.0,PVDAQ_10,cloudy
2023-01-02 10:15:00,0.0,0.0,0.0,0.0,PVDAQ_10,cloudy
2023-01-02 10:16:00,0.0,0.0,0.0,0.0,PVDAQ_10,cloudy
2023-01-02 10:17:00,0.0,4.5762385499999985,-4.5762385499999985,4.5762385499999985,PVDAQ_10,cloudy
2023-01-02 10:18:00,0.0,7.293416749999995,-7.293416749999995,7.293416749999995,PVDAQ_10,cloudy
2023-01-02 10:19:00,0.0,24.04728640000006,-24.04728640000006,24.04728640000006,PVDAQ_10,cloudy
2023-01-02 10:20:00,0.0665599999999999,34.656596199999996,-34.59003619999999,34.59003619999999,PVDAQ_10,cloudy
2023-01-02 10:21:00,0.0,11.840496800000004,-11.840496800000004,11.840496800000004,PVDAQ_10,cloudy
2023-01-02 10:22:00,0.0,5.3751504,-5.3751504,5.3751504,PVDAQ_10,cloudy
2023-01-02 10:23:00,0.0,0.0006655999999999989,-0.0006655999999999989,0.0006655999999999989,PVDAQ_10,cloudy
2023-01-02 10:24:00,0.0,0.9140628000000001,-0.9140628000000001,0.9140628000000001,PVDAQ_10,cloudy
2023-01-02 10:25:00,0.0,0.234995,-0.234995,0.234995,PVDAQ_10,cloudy
2023-01-02 10:26:00,0.0,0.0,0.0,0.0,PVDAQ_10,cloudy
2023-01-02 10:27:00,0.0,0.0,0.0,0.0,PVDAQ_10,cloudy
2023-01-02 10:28:00,0.0,0.0,0.0,0.0,PVDAQ_10,cloudy
2023-01-02 10:29:00,0.0,0.0,0.0,0.0,PVDAQ_10,cloudy
2023-01-02 10:30:00,0.0,0.0,0.0,0.0,PVDAQ_10,cloudy
2023-01-02 10:31:00,0.0,0.0,0.0,0.0,PVDAQ_10,cloudy
2023-01-02 10:32:00,0.0,0.0,0.0,0.0,PVDAQ_10,cloudy
2023-01-02 10:33:00,0.0,0.0,0.0,0.0,PVDAQ_10,cloudy
2023-01-02 10:34:00,0.0,0.0,0.0,0.0,PVDAQ_10,cloudy
2023-01-02 10:35:00,0.0,0.0,0.0,0.0,PVDAQ_10,cloudy
2023-01-02 10:36:00,0.0,1.9692311999999998,-1.9692311999999998,1.9692311999999998,PVDAQ_10,cloudy
2023-01-02 10:37:00,0.0,0.0,0.0,0.0,PVDAQ_10,cloudy
2023-01-02 10:38:00,0.0,0.0,0.0,0.0,PVDAQ_10,cloudy
2023-01-02 10:39:00,0.0,0.0,0.0,0.0,PVDAQ_10,cloudy
2023-01-02 10:40:00,0.0,0.0,0.0,0.0,PVDAQ_10,cloudy
2023-01-02 10:41:00,0.0,0.0,0.0,0.0,PVDAQ_10,cloudy
2023-01-02 10:42:00,0.0,0.0,0.0,0.0,PVDAQ_10,cloudy
2023-01-02 10:43:00,0.0,0.0,0.0,0.0,PVDAQ_10,cloudy
2023-01-02 10:44:00,0.0,0.0,0.0,0.0,PVDAQ_10,cloudy
2023-01-02 10:45:00,0.0,0.0,0.0,0.0,PVDAQ_10,cloudy
2023-01-02 10:46:00,0.0,0.0,0.0,0.0,PVDAQ_10,cloudy
2023-01-02 10:47:00,0.0,0.0,0.0,0.0,PVDAQ_10,cloudy
2023-01-02 10:48:00,0.0,0.0,0.0,0.0,PVDAQ_10,cloudy
2023-01-02 10:49:00,0.0,0.0,0.0,0.0,PVDAQ_10,cloudy
2023-01-02 10:50:00,0.0,0.0,0.0,0.0,PVDAQ_10,cloudy
2023-01-02 10:51:00,0.0,0.0,0.0,0.0,PVDAQ_10,cloudy
2023-01-02 10:52:00,0.0,0.0,0.0,0.0,PVDAQ_10,cloudy
2023-01-02 10:53:00,0.0,0.0,0.0,0.0,PVDAQ_10,cloudy
2023-01-02 10:54:00,0.0,0.0,0.0,0.0,PVDAQ_10,cloudy
2023-01-02 10:55:00,0.0,0.0,0.0,0.0,PVDAQ_10,cloudy
2023-01-02 10:56:00,0.0,0.0,0.0,0.0,PVDAQ_10,cloudy
2023-01-02 10:57:00,0.0,0.0,0.0,0.0,PVDAQ_10,cloudy
2023-01-02 10:58:00,0.0,0.0,0.0,0.0,PVDAQ_10,cloudy
2023-01-02 10:59:00,0.0,0.0,0.0,0.0,PVDAQ_10,cloudy
2023-01-02 11:00:00,0.0,0.0,0.0,0.0,PVDAQ_10,cloudy
2023-01-02 11:01:00,0.0,0.0,0.0,0.0,PVDAQ_10,cloudy
2023-01-02 11:02:00,0.0,0.0,0.0,0.0,PVDAQ_10,cloudy
2023-01-02 11:03:00,0.0,0.0,0.0,0.0,PVDAQ_10,cloudy
2023-01-02 11:04:00,0.0,0.0,0.0,0.0,PVDAQ_10,cloudy
2023-01-02 11:05:00,0.0,0.0,0.0,0.0,PVDAQ_10,cloudy
2023-01-02 11:06:00,0.0,0.0,0.0,0.0,PVDAQ_10,cloudy
2023-01-02 11:07:00,0.0,0.0,0.0,0.0,PVDAQ_10,cloudy
2023-01-02 11:08:00,0.0,0.0,0.0,0.0,PVDAQ_10,cloudy
2023-01-02 11:09:00,0.0,0.0,0.0,0.0,PVDAQ_10,cloudy
2023-01-02 11:10:00,0.0,0.0,0.0,0.0,PVDAQ_10,cloudy
2023-01-02 11:11:00,0.0,0.0,0.0,0.0,PVDAQ_10,cloudy
2023-01-02 11:12:00,0.0,0.0,0.0,0.0,PVDAQ_10,cloudy
2023-01-02 11:13:00,0.0,0.0,0.0,0.0,PVDAQ_10,cloudy
2023-01-02 11:14:00,0.0,0.0,0.0,0.0,PVDAQ_10,cloudy
2023-01-02 11:15:00,0.0,0.0,0.0,0.0,PVDAQ_10,cloudy
2023-01-02 11:16:00,0.0,0.0,0.0,0.0,PVDAQ_10,cloudy
2023-01-02 11:17:00,0.0,0.0,0.0,0.0,PVDAQ_10,cloudy
2023-01-02 11:18:00,0.0,0.0,0.0,0.0,PVDAQ_10,cloudy
2023-01-02 11:19:00,0.0,0.0,0.0,0.0,PVDAQ_10,cloudy
2023-01-02 11:20:00,0.0,0.0,0.0,0.0,PVDAQ_10,cloudy
2023-01-02 11:21:00,0.0,0.0,0.0,0.0,PVDAQ_10,cloudy
2023-01-02 11:22:00,0.0,0.147035,-0.147035,0.147035,PVDAQ_10,cloudy
2023-01-02 11:23:00,0.0,0.0,0.0,0.0,PVDAQ_10,cloudy
2023-01-02 11:24:00,0.0,0.0,0.0,0.0,PVDAQ_10,cloudy
2023-01-02 11:25:00,0.0,0.0,0.0,0.0,PVDAQ_10,cloudy
2023-01-02 11:26:00,0.0,0.0,0.0,0.0,PVDAQ_10,cloudy
2023-01-02 11:27:00,0.0,0.0,0.0,0.0,PVDAQ_10,cloudy
2023-01-02 11:28:00,0.0,0.0,0.0,0.0,PVDAQ_10,cloudy
2023-01-02 11:29:00,0.0,0.0,0.0,0.0,PVDAQ_10,cloudy
2023-01-02 11:30:00,0.0,0.0,0.0,0.0,PVDAQ_10,cloudy
2023-01-02 11:31:00,0.0,0.0,0.0,0.0,PVDAQ_10,cloudy
2023-01-02 11:32:00,0.0,0.0,0.0,0.0,PVDAQ_10,cloudy
2023-01-02 11:33:00,0.0,0.0,0.0,0.0,PVDAQ_10,cloudy
2023-01-02 11:34:00,0.0,0.0,0.0,0.0,PVDAQ_10,cloudy
2023-01-02 11:35:00,0.0,0.0,0.0,0.0,PVDAQ_10,cloudy
2023-01-02 11:36:00,0.0,11.000769,-11.000769,11.000769,PVDAQ_10,cloudy
2023-01-02 11:37:00,0.0,0.0009983999999999985,-0.0009983999999999985,0.0009983999999999985,PVDAQ_10,cloudy
2023-01-02 11:38:00,0.0,0.0,0.0,0.0,PVDAQ_10,cloudy
2023-01-02 11:39:00,0.0,0.0,0.0,0.0,PVDAQ_10,cloudy
2023-01-02 11:40:00,0.0,0.0,0.0,0.0,PVDAQ_10,cloudy
2023-01-02 11:41:00,0.0,0.0,0.0,0.0,PVDAQ_10,cloudy
2023-01-02 11:42:00,0.0,0.0,0.0,0.0,PVDAQ_10,cloudy
2023-01-02 11:43:00,0.0,0.0,0.0,0.0,PVDAQ_10,cloudy
2023-01-02 11:44:00,0.0,0.0,0.0,0.0,PVDAQ_10,cloudy
2023-01-02 11:45:00,0.0,0.0,0.0,0.0,PVDAQ_10,cloudy
2023-01-02 11:46:00,0.0,0.0,0.0,0.0,PVDAQ_10,cloudy
2023-01-02 11:47:00,0.0,0.0,0.0,0.0,PVDAQ_10,cloudy
2023-01-02 11:48:00,0.0,0.0,0.0,0.0,PVDAQ_10,cloudy
2023-01-02 11:49:00,0.0,0.0,0.0,0.0,PVDAQ_10,cloudy
2023-01-02 11:50:00,0.0,0.0,0.0,0.0,PVDAQ_10,cloudy
2023-01-02 11:51:00,0.0,0.0,0.0,0.0,PVDAQ_10,cloudy
2023-01-02 11:52:00,0.0,0.0,0.0,0.0,PVDAQ_10,cloudy
2023-01-02 11:53:00,0.0,0.0,0.0,0.0,PVDAQ_10,cloudy
2023-01-02 11:54:00,0.0,0.0,0.0,0.0,PVDAQ_10,cloudy
2023-01-02 11:55:00,0.0,0.0,0.0,0.0,PVDAQ_10,cloudy
2023-01-02 11:56:00,0.0,0.0,0.0,0.0,PVDAQ_10,cloudy
2023-01-02 11:57:00,0.0,0.0,0.0,0.0,PVDAQ_10,cloudy
2023-01-02 11:58:00,0.0,0.0,0.0,0.0,PVDAQ_10,cloudy
2023-01-02 11:59:00,0.0,0.0,0.0,0.0,PVDAQ_10,cloudy
2023-01-02 12:00:00,0.0,0.0,0.0,0.0,PVDAQ_10,cloudy
2023-01-02 12:01:00,0.0,0.0,0.0,0.0,PVDAQ_10,cloudy
2023-01-02 12:02:00,0.0,0.0,0.0,0.0,PVDAQ_10,cloudy
2023-01-02 12:03:00,0.0,0.0,0.0,0.0,PVDAQ_10,cloudy
2023-01-02 12:04:00,0.0,0.0,0.0,0.0,PVDAQ_10,cloudy
2023-01-02 12:05:00,0.0,0.0,0.0,0.0,PVDAQ_10,cloudy
2023-01-02 12:06:00,0.0,0.0,0.0,0.0,PVDAQ_10,cloudy
2023-01-02 12:07:00,0.0,0.0,0.0,0.0,PVDAQ_10,cloudy
2023-01-02 12:08:00,0.0,0.0,0.0,0.0,PVDAQ_10,cloudy
2023-01-02 12:09:00,0.0,0.0,0.0,0.0,PVDAQ_10,cloudy
2023-01-02 12:10:00,0.0,0.0,0.0,0.0,PVDAQ_10,cloudy
2023-01-02 12:11:00,0.0,0.0,0.0,0.0,PVDAQ_10,cloudy
2023-01-02 12:12:00,0.0,0.0,0.0,0.0,PVDAQ_10,cloudy
2023-01-02 12:13:00,0.0,0.0,0.0,0.0,PVDAQ_10,cloudy
2023-01-02 12:14:00,0.0,0.42719999999999997,-0.42719999999999997,0.42719999999999997,PVDAQ_10,cloudy
2023-01-02 12:15:00,0.0,0.0,0.0,0.0,PVDAQ_10,cloudy
2023-01-02 12:16:00,0.0,0.98781,-0.98781,0.98781,PVDAQ_10,cloudy
2023-01-02 12:17:00,0.0,0.0,0.0,0.0,PVDAQ_10,cloudy
2023-01-02 12:18:00,0.0,0.0,0.0,0.0,PVDAQ_10,cloudy
2023-01-02 12:19:00,0.0,0.0,0.0,0.0,PVDAQ_10,cloudy
2023-01-02 12:20:00,0.0,0.0,0.0,0.0,PVDAQ_10,cloudy
2023-01-02 12:21:00,0.0,0.0,0.0,0.0,PVDAQ_10,cloudy
2023-01-02 12:22:00,0.0,0.0,0.0,0.0,PVDAQ_10,cloudy
2023-01-02 12:23:00,0.0,0.0,0.0,0.0,PVDAQ_10,cloudy
2023-01-02 12:24:00,0.0,0.0,0.0,0.0,PVDAQ_10,cloudy
2023-01-02 12:25:00,0.0,0.0,0.0,0.0,PVDAQ_10,cloudy
2023-01-02 12:26:00,0.0,0.0,0.0,0.0,PVDAQ_10,cloudy
2023-01-02 12:27:00,0.0,0.0,0.0,0.0,PVDAQ_10,cloudy
2023-01-02 12:28:00,0.0,0.0,0.0,0.0,PVDAQ_10,cloudy
2023-01-02 12:29:00,0.0,0.0,0.0,0.0,PVDAQ_10,cloudy
2023-01-02 12:30:00,0.0,0.0,0.0,0.0,PVDAQ_10,cloudy
2023-01-02 12:31:00,0.0,0.0,0.0,0.0,PVDAQ_10,cloudy
2023-01-02 12:32:00,0.0,0.0,0.0,0.0,PVDAQ_10,cloudy
2023-01-02 12:33:00,0.0,0.0,0.0,0.0,PVDAQ_10,cloudy
2023-01-02 12:34:00,0.0,0.0,0.0,0.0,PVDAQ_10,cloudy
2023-01-02 12:35:00,0.0,0.0,0.0,0.0,PVDAQ_10,cloudy
2023-01-02 12:36:00,0.0,0.0,0.0,0.0,PVDAQ_10,cloudy
2023-01-02 12:37:00,0.0,0.0,0.0,0.0,PVDAQ_10,cloudy
2023-01-02 12:38:00,0.0,0.0,0.0,0.0,PVDAQ_10,cloudy
2023-01-02 12:39:00,0.0,0.0,0.0,0.0,PVDAQ_10,cloudy
2023-01-02 12:40:00,0.0,0.0,0.0,0.0,PVDAQ_10,cloudy
2023-01-02 12:41:00,0.0,0.0,0.0,0.0,PVDAQ_10,cloudy
2023-01-02 12:42:00,0.0,0.0,0.0,0.0,PVDAQ_10,cloudy
2023-01-02 12:43:00,0.0,0.0,0.0,0.0,PVDAQ_10,cloudy
2023-01-02 12:44:00,0.0,0.0,0.0,0.0,PVDAQ_10,cloudy
2023-01-02 12:45:00,0.0,0.0,0.0,0.0,PVDAQ_10,cloudy
2023-01-02 12:46:00,0.0,0.0,0.0,0.0,PVDAQ_10,cloudy
2023-01-02 12:47:00,0.0,0.98781,-0.98781,0.98781,PVDAQ_10,cloudy
2023-01-02 12:48:00,0.0,1.2816,-1.2816,1.2816,PVDAQ_10,cloudy
2023-01-02 12:49:00,0.0,0.0,0.0,0.0,PVDAQ_10,cloudy
2023-01-02 12:50:00,0.0,0.0,0.0,0.0,PVDAQ_10,cloudy
2023-01-02 12:51:00,0.0,0.0,0.0,0.0,PVDAQ_10,cloudy
2023-01-02 12:52:00,0.0,0.0,0.0,0.0,PVDAQ_10,cloudy
2023-01-02 12:53:00,0.0,0.0,0.0,0.0,PVDAQ_10,cloudy
2023-01-02 12:54:00,0.0,0.0,0.0,0.0,PVDAQ_10,cloudy
2023-01-02 12:55:00,0.0,0.0,0.0,0.0,PVDAQ_10,cloudy
2023-01-02 12:56:00,0.0,0.0,0.0,0.0,PVDAQ_10,cloudy
2023-01-02 12:57:00,0.0,0.0,0.0,0.0,PVDAQ_10,cloudy
2023-01-02 12:58:00,0.0,0.0,0.0,0.0,PVDAQ_10,cloudy
2023-01-02 12:59:00,0.0,0.0,0.0,0.0,PVDAQ_10,cloudy
2023-01-02 13:00:00,0.0,0.0,0.0,0.0,PVDAQ_10,cloudy
2023-01-02 13:01:00,0.0,0.0,0.0,0.0,PVDAQ_10,cloudy
2023-01-02 13:02:00,0.0,0.0,0.0,0.0,PVDAQ_10,cloudy
2023-01-02 13:03:00,0.0,0.0,0.0,0.0,PVDAQ_10,cloudy
2023-01-02 13:04:00,0.0,0.0,0.0,0.0,PVDAQ_10,cloudy
2023-01-02 13:05:00,0.0,0.0,0.0,0.0,PVDAQ_10,cloudy
2023-01-02 13:06:00,0.0,0.0,0.0,0.0,PVDAQ_10,cloudy
2023-01-02 13:07:00,0.0,0.0,0.0,0.0,PVDAQ_10,cloudy
2023-01-02 13:08:00,0.0,0.0,0.0,0.0,PVDAQ_10,cloudy
2023-01-02 13:09:00,0.0,0.0,0.0,0.0,PVDAQ_10,cloudy
2023-01-02 13:10:00,0.0,0.0,0.0,0.0,PVDAQ_10,cloudy
2023-01-02 13:11:00,0.0,0.0,0.0,0.0,PVDAQ_10,cloudy
2023-01-02 13:12:00,0.0,0.0,0.0,0.0,PVDAQ_10,cloudy
2023-01-02 13:13:00,0.0,0.0,0.0,0.0,PVDAQ_10,cloudy
2023-01-02 13:14:00,0.0,0.0,0.0,0.0,PVDAQ_10,cloudy
2023-01-02 13:15:00,0.0,0.0,0.0,0.0,PVDAQ_10,cloudy
2023-01-02 13:16:00,0.0,0.0,0.0,0.0,PVDAQ_10,cloudy
2023-01-02 13:17:00,0.0,0.0,0.0,0.0,PVDAQ_10,cloudy
2023-01-02 13:18:00,0.0,0.0,0.0,0.0,PVDAQ_10,cloudy
2023-01-02 13:19:00,0.0,0.0,0.0,0.0,PVDAQ_10,cloudy
2023-01-02 13:20:00,0.0,0.0,0.0,0.0,PVDAQ_10,cloudy
2023-01-02 13:21:00,0.0,0.0,0.0,0.0,PVDAQ_10,cloudy
2023-01-02 13:22:00,0.0,0.0,0.0,0.0,PVDAQ_10,cloudy
2023-01-02 13:23:00,0.0,0.0,0.0,0.0,PVDAQ_10,cloudy
2023-01-02 13:24:00,0.0,0.0,0.0,0.0,PVDAQ_10,cloudy
2023-01-02 13:25:00,0.0,0.0,0.0,0.0,PVDAQ_10,cloudy
2023-01-02 13:26:00,0.0,0.0,0.0,0.0,PVDAQ_10,cloudy
2023-01-02 13:27:00,0.0,0.0,0.0,0.0,PVDAQ_10,cloudy
2023-01-02 13:28:00,0.0,0.0,0.0,0.0,PVDAQ_10,cloudy
2023-01-02 13:29:00,0.0,0.0,0.0,0.0,PVDAQ_10,cloudy
2023-01-02 13:30:00,0.0,0.0,0.0,0.0,PVDAQ_10,cloudy
2023-01-02 13:31:00,0.0,0.0,0.0,0.0,PVDAQ_10,cloudy
2023-01-02 13:32:00,0.0,0.0,0.0,0.0,PVDAQ_10,cloudy
2023-01-02 13:33:00,0.0,0.0,0.0,0.0,PVDAQ_10,cloudy
2023-01-02 13:34:00,0.0,0.0,0.0,0.0,PVDAQ_10,cloudy
2023-01-02 13:35:00,0.0,0.0,0.0,0.0,PVDAQ_10,cloudy
2023-01-02 13:36:00,0.0,0.0,0.0,0.0,PVDAQ_10,cloudy
2023-01-02 13:37:00,0.0,0.0,0.0,0.0,PVDAQ_10,cloudy
2023-01-02 13:38:00,0.0,0.0,0.0,0.0,PVDAQ_10,cloudy
2023-01-02 13:39:00,0.0,0.0,0.0,0.0,PVDAQ_10,cloudy
2023-01-02 13:40:00,0.0,0.0,0.0,0.0,PVDAQ_10,cloudy
2023-01-02 13:41:00,0.0,0.0,0.0,0.0,PVDAQ_10,cloudy
2023-01-02 13:42:00,0.0,0.0,0.0,0.0,PVDAQ_10,cloudy
2023-01-02 13:43:00,0.0,0.0,0.0,0.0,PVDAQ_10,cloudy
2023-01-02 13:44:00,0.0,0.0,0.0,0.0,PVDAQ_10,cloudy
2023-01-02 13:45:00,0.0,0.0,0.0,0.0,PVDAQ_10,cloudy
2023-01-02 13:46:00,0.0,0.1424,-0.1424,0.1424,PVDAQ_10,cloudy
2023-01-02 13:47:00,0.0,0.0,0.0,0.0,PVDAQ_10,cloudy
2023-01-02 13:48:00,0.0,0.0,0.0,0.0,PVDAQ_10,cloudy
2023-01-02 13:49:00,0.0,0.0,0.0,0.0,PVDAQ_10,cloudy
2023-01-02 13:50:00,0.0,0.0,0.0,0.0,PVDAQ_10,cloudy
2023-01-02 13:51:00,0.0,0.0,0.0,0.0,PVDAQ_10,cloudy
2023-01-02 13:52:00,0.0,0.0,0.0,0.0,PVDAQ_10,cloudy
2023-01-02 13:53:00,0.0,0.0,0.0,0.0,PVDAQ_10,cloudy
2023-01-02 13:54:00,0.0,0.0,0.0,0.0,PVDAQ_10,cloudy
2023-01-02 13:55:00,0.0,0.0,0.0,0.0,PVDAQ_10,cloudy
2023-01-02 13:56:00,0.0,0.0,0.0,0.0,PVDAQ_10,cloudy
2023-01-02 13:57:00,0.0,0.0,0.0,0.0,PVDAQ_10,cloudy
2023-01-02 13:58:00,0.0,0.0,0.0,0.0,PVDAQ_10,cloudy
2023-01-02 13:59:00,0.0,0.0,0.0,0.0,PVDAQ_10,cloudy
2023-01-02 14:00:00,0.0,0.0,0.0,0.0,PVDAQ_10,cloudy
2023-01-02 14:01:00,0.0,0.0,0.0,0.0,PVDAQ_10,cloudy
2023-01-02 14:02:00,0.0,0.0,0.0,0.0,PVDAQ_10,cloudy
2023-01-02 14:03:00,0.0,0.0,0.0,0.0,PVDAQ_10,cloudy
2023-01-02 14:04:00,0.0,0.0,0.0,0.0,PVDAQ_10,cloudy
2023-01-02 14:05:00,0.0,0.0,0.0,0.0,PVDAQ_10,cloudy
2023-01-02 14:06:00,0.0,0.0,0.0,0.0,PVDAQ_10,cloudy
2023-01-02 14:07:00,0.0,0.0,0.0,0.0,PVDAQ_10,cloudy
2023-01-02 14:08:00,0.0,0.0,0.0,0.0,PVDAQ_10,cloudy
2023-01-02 14:09:00,0.0,0.0,0.0,0.0,PVDAQ_10,cloudy
2023-01-02 14:10:00,0.0,0.0,0.0,0.0,PVDAQ_10,cloudy
2023-01-02 14:11:00,0.0,0.0,0.0,0.0,PVDAQ_10,cloudy
2023-01-02 14:12:00,0.0,0.0,0.0,0.0,PVDAQ_10,cloudy
2023-01-02 14:13:00,0.0,0.0,0.0,0.0,PVDAQ_10,cloudy
2023-01-02 14:14:00,0.0,0.0,0.0,0.0,PVDAQ_10,cloudy
2023-01-02 14:15:00,0.0,0.0,0.0,0.0,PVDAQ_10,cloudy
2023-01-02 14:16:00,0.0,0.0,0.0,0.0,PVDAQ_10,cloudy
2023-01-02 14:17:00,0.0,0.0,0.0,0.0,PVDAQ_10,cloudy
2023-01-02 14:18:00,0.0,0.0,0.0,0.0,PVDAQ_10,cloudy
2023-01-02 14:19:00,0.0,0.0,0.0,0.0,PVDAQ_10,cloudy
2023-01-02 14:20:00,0.0,0.0,0.0,0.0,PVDAQ_10,cloudy
2023-01-02 14:21:00,0.0,0.0,0.0,0.0,PVDAQ_10,cloudy
2023-01-02 14:22:00,0.0,0.0,0.0,0.0,PVDAQ_10,cloudy
2023-01-02 14:23:00,0.0,0.0,0.0,0.0,PVDAQ_10,cloudy
2023-01-02 14:24:00,0.0,0.0,0.0,0.0,PVDAQ_10,cloudy
2023-01-02 14:25:00,0.0,0.0,0.0,0.0,PVDAQ_10,cloudy
2023-01-02 14:26:00,0.0,0.0,0.0,0.0,PVDAQ_10,cloudy
2023-01-02 14:27:00,0.0,0.0,0.0,0.0,PVDAQ_10,cloudy
2023-01-02 14:28:00,0.0,0.0,0.0,0.0,PVDAQ_10,cloudy
2023-01-02 14:29:00,0.0,0.0,0.0,0.0,PVDAQ_10,cloudy
2023-01-02 14:30:00,0.0,0.0,0.0,0.0,PVDAQ_10,cloudy
2023-01-02 14:31:00,0.0,0.0,0.0,0.0,PVDAQ_10,cloudy
2023-01-02 14:32:00,0.0,0.0,0.0,0.0,PVDAQ_10,cloudy
2023-01-02 14:33:00,0.0,0.0,0.0,0.0,PVDAQ_10,cloudy
2023-01-02 14:34:00,0.0,0.0,0.0,0.0,PVDAQ_10,cloudy
2023-01-02 14:35:00,0.0,0.0,0.0,0.0,PVDAQ_10,cloudy
2023-01-02 14:36:00,0.0,0.0,0.0,0.0,PVDAQ_10,cloudy
2023-01-02 14:37:00,0.0,0.0,0.0,0.0,PVDAQ_10,cloudy
2023-01-02 14:38:00,0.0,0.0,0.0,0.0,PVDAQ_10,cloudy
2023-01-02 14:39:00,0.0,0.0,0.0,0.0,PVDAQ_10,cloudy
2023-01-02 14:40:00,0.0,0.0,0.0,0.0,PVDAQ_10,cloudy
2023-01-02 14:41:00,0.0,0.0,0.0,0.0,PVDAQ_10,cloudy
2023-01-02 14:42:00,0.0,0.0,0.0,0.0,PVDAQ_10,cloudy
2023-01-02 14:43:00,0.0,0.0,0.0,0.0,PVDAQ_10,cloudy
2023-01-02 14:44:00,0.0,0.0,0.0,0.0,PVDAQ_10,cloudy
2023-01-02 14:45:00,0.0,0.0,0.0,0.0,PVDAQ_10,cloudy
2023-01-02 14:46:00,0.0,0.0,0.0,0.0,PVDAQ_10,cloudy
2023-01-02 14:47:00,0.0,0.0,0.0,0.0,PVDAQ_10,cloudy
2023-01-02 14:48:00,0.0,0.0,0.0,0.0,PVDAQ_10,cloudy
2023-01-02 14:49:00,0.0,0.0,0.0,0.0,PVDAQ_10,cloudy
2023-01-02 14:50:00,0.0,0.0,0.0,0.0,PVDAQ_10,cloudy
2023-01-02 14:51:00,0.0,0.0,0.0,0.0,PVDAQ_10,cloudy
2023-01-02 14:52:00,0.0,0.0,0.0,0.0,PVDAQ_10,cloudy
2023-01-02 14:53:00,0.0,0.0,0.0,0.0,PVDAQ_10,cloudy
2023-01-02 14:54:00,0.0,0.0,0.0,0.0,PVDAQ_10,cloudy
2023-01-02 14:55:00,0.0,0.0,0.0,0.0,PVDAQ_10,cloudy
2023-01-02 14:56:00,0.0,0.0,0.0,0.0,PVDAQ_10,cloudy
2023-01-02 14:57:00,0.0,0.0,0.0,0.0,PVDAQ_10,cloudy
2023-01-02 14:58:00,0.0,0.0,0.0,0.0,PVDAQ_10,cloudy
2023-01-02 14:59:00,0.0,0.0,0.0,0.0,PVDAQ_10,cloudy
2023-01-02 15:00:00,0.0,0.0,0.0,0.0,PVDAQ_10,cloudy
2023-01-02 15:01:00,0.0,0.0,0.0,0.0,PVDAQ_10,cloudy
2023-01-02 15:02:00,0.0,0.0,0.0,0.0,PVDAQ_10,cloudy
2023-01-02 15:03:00,0.0,0.0,0.0,0.0,PVDAQ_10,cloudy
2023-01-02 15:04:00,0.0,0.0,0.0,0.0,PVDAQ_10,cloudy
2023-01-02 15:05:00,0.0,0.0,0.0,0.0,PVDAQ_10,cloudy
2023-01-02 15:06:00,0.0,0.0,0.0,0.0,PVDAQ_10,cloudy
2023-01-02 15:07:00,0.0,0.0,0.0,0.0,PVDAQ_10,night_or_low_power
2023-01-02 15:08:00,0.0,0.0,0.0,0.0,PVDAQ_10,night_or_low_power
2023-01-02 15:09:00,0.0,0.0,0.0,0.0,PVDAQ_10,night_or_low_power
2023-01-02 15:10:00,0.0,0.0,0.0,0.0,PVDAQ_10,night_or_low_power
2023-01-02 15:11:00,0.0,0.0,0.0,0.0,PVDAQ_10,night_or_low_power
2023-01-02 15:12:00,0.0,0.0,0.0,0.0,PVDAQ_10,night_or_low_power
2023-01-02 15:13:00,0.0,0.0,0.0,0.0,PVDAQ_10,night_or_low_power
2023-01-02 15:14:00,0.0,0.0,0.0,0.0,PVDAQ_10,night_or_low_power
2023-01-02 15:15:00,0.0,0.0,0.0,0.0,PVDAQ_10,night_or_low_power
2023-01-02 15:16:00,0.0,0.0,0.0,0.0,PVDAQ_10,night_or_low_power
2023-01-02 15:17:00,0.0,0.0,0.0,0.0,PVDAQ_10,night_or_low_power
2023-01-02 15:18:00,0.0,0.0,0.0,0.0,PVDAQ_10,night_or_low_power
2023-01-02 15:19:00,0.0,0.0,0.0,0.0,PVDAQ_10,night_or_low_power
2023-01-02 15:20:00,0.0,0.0,0.0,0.0,PVDAQ_10,night_or_low_power
2023-01-02 15:21:00,0.0,0.0,0.0,0.0,PVDAQ_10,night_or_low_power
2023-01-02 15:22:00,0.0,0.0,0.0,0.0,PVDAQ_10,night_or_low_power
2023-01-02 15:23:00,0.0,0.0,0.0,0.0,PVDAQ_10,night_or_low_power
2023-01-02 15:24:00,0.0,0.0,0.0,0.0,PVDAQ_10,night_or_low_power
2023-01-02 15:25:00,0.0,0.0,0.0,0.0,PVDAQ_10,night_or_low_power
2023-01-02 15:26:00,0.0,0.0,0.0,0.0,PVDAQ_10,night_or_low_power
2023-01-02 15:27:00,0.0,0.0,0.0,0.0,PVDAQ_10,night_or_low_power
2023-01-02 15:28:00,0.0,0.0,0.0,0.0,PVDAQ_10,night_or_low_power
2023-01-02 15:29:00,0.0,0.0,0.0,0.0,PVDAQ_10,night_or_low_power
2023-01-02 15:30:00,0.0,0.0,0.0,0.0,PVDAQ_10,night_or_low_power
2023-01-02 15:31:00,0.0,0.0,0.0,0.0,PVDAQ_10,night_or_low_power
2023-01-02 15:32:00,0.0,0.0,0.0,0.0,PVDAQ_10,night_or_low_power
2023-01-02 15:33:00,0.0,0.0,0.0,0.0,PVDAQ_10,night_or_low_power
2023-01-02 15:34:00,0.0,0.0,0.0,0.0,PVDAQ_10,night_or_low_power
2023-01-02 15:35:00,0.0,0.0,0.0,0.0,PVDAQ_10,night_or_low_power
2023-01-02 15:36:00,0.0,0.0,0.0,0.0,PVDAQ_10,night_or_low_power
2023-01-02 15:37:00,0.0,0.0,0.0,0.0,PVDAQ_10,night_or_low_power
2023-01-02 15:38:00,0.0,0.0,0.0,0.0,PVDAQ_10,night_or_low_power
2023-01-02 15:39:00,0.0,0.0,0.0,0.0,PVDAQ_10,night_or_low_power
2023-01-02 15:40:00,0.0,0.0,0.0,0.0,PVDAQ_10,night_or_low_power
2023-01-02 15:41:00,0.0,0.0,0.0,0.0,PVDAQ_10,night_or_low_power
2023-01-02 15:42:00,0.0,0.0,0.0,0.0,PVDAQ_10,night_or_low_power
2023-01-02 15:43:00,0.0,0.0,0.0,0.0,PVDAQ_10,night_or_low_power
2023-01-02 15:44:00,0.0,0.0,0.0,0.0,PVDAQ_10,night_or_low_power
2023-01-02 15:45:00,0.0,0.0,0.0,0.0,PVDAQ_10,night_or_low_power
2023-01-02 15:46:00,0.0,0.0,0.0,0.0,PVDAQ_10,night_or_low_power
2023-01-02 15:47:00,0.0,0.0,0.0,0.0,PVDAQ_10,night_or_low_power
2023-01-02 15:48:00,0.0,0.0,0.0,0.0,PVDAQ_10,night_or_low_power
2023-01-02 15:49:00,0.0,0.0,0.0,0.0,PVDAQ_10,night_or_low_power
2023-01-02 15:50:00,0.0,0.0,0.0,0.0,PVDAQ_10,night_or_low_power
2023-01-02 15:51:00,0.0,0.0,0.0,0.0,PVDAQ_10,night_or_low_power
2023-01-02 15:52:00,0.0,0.0,0.0,0.0,PVDAQ_10,night_or_low_power
2023-01-02 15:53:00,0.0,0.0,0.0,0.0,PVDAQ_10,night_or_low_power
2023-01-02 15:54:00,0.0,0.0,0.0,0.0,PVDAQ_10,night_or_low_power
2023-01-02 15:55:00,0.0,0.0,0.0,0.0,PVDAQ_10,night_or_low_power
2023-01-02 15:56:00,0.0,0.0,0.0,0.0,PVDAQ_10,night_or_low_power
2023-01-02 15:57:00,0.0,0.0,0.0,0.0,PVDAQ_10,night_or_low_power
2023-01-02 15:58:00,0.0,0.0,0.0,0.0,PVDAQ_10,night_or_low_power
2023-01-02 15:59:00,0.0,0.0,0.0,0.0,PVDAQ_10,night_or_low_power
2023-01-02 16:00:00,0.0,0.0,0.0,0.0,PVDAQ_10,night_or_low_power
2023-01-02 16:01:00,0.0,0.0,0.0,0.0,PVDAQ_10,night_or_low_power
2023-01-02 16:02:00,0.0,0.0,0.0,0.0,PVDAQ_10,night_or_low_power
2023-01-02 16:03:00,0.0,0.0,0.0,0.0,PVDAQ_10,night_or_low_power
2023-01-02 16:04:00,0.0,0.0,0.0,0.0,PVDAQ_10,night_or_low_power
2023-01-02 16:05:00,0.0,0.0,0.0,0.0,PVDAQ_10,night_or_low_power
2023-01-02 16:06:00,0.0,0.0,0.0,0.0,PVDAQ_10,night_or_low_power
2023-01-02 16:07:00,0.0,0.0,0.0,0.0,PVDAQ_10,night_or_low_power
2023-01-02 16:08:00,0.0,0.0,0.0,0.0,PVDAQ_10,night_or_low_power
2023-01-02 16:09:00,0.0,0.0,0.0,0.0,PVDAQ_10,night_or_low_power
2023-01-02 16:10:00,0.0,0.0,0.0,0.0,PVDAQ_10,night_or_low_power
2023-01-02 16:11:00,0.0,0.0,0.0,0.0,PVDAQ_10,night_or_low_power
2023-01-02 16:12:00,0.0,0.0,0.0,0.0,PVDAQ_10,night_or_low_power
2023-01-02 16:13:00,0.0,0.0,0.0,0.0,PVDAQ_10,night_or_low_power
2023-01-02 16:14:00,0.0,0.0,0.0,0.0,PVDAQ_10,night_or_low_power
2023-01-02 16:15:00,0.0,0.0,0.0,0.0,PVDAQ_10,night_or_low_power
2023-01-02 16:16:00,0.0,0.0,0.0,0.0,PVDAQ_10,night_or_low_power
2023-01-02 16:17:00,0.0,0.0,0.0,0.0,PVDAQ_10,night_or_low_power
2023-01-02 16:18:00,0.0,0.0,0.0,0.0,PVDAQ_10,night_or_low_power
2023-01-02 16:19:00,0.0,0.0,0.0,0.0,PVDAQ_10,night_or_low_power
2023-01-02 16:20:00,0.0,0.0,0.0,0.0,PVDAQ_10,night_or_low_power
2023-01-02 16:21:00,0.0,0.0,0.0,0.0,PVDAQ_10,night_or_low_power
2023-01-02 16:22:00,0.0,0.0,0.0,0.0,PVDAQ_10,night_or_low_power
2023-01-02 16:23:00,0.0,0.0,0.0,0.0,PVDAQ_10,night_or_low_power
2023-01-02 16:24:00,0.0,0.0,0.0,0.0,PVDAQ_10,night_or_low_power
2023-01-02 16:25:00,0.0,0.0,0.0,0.0,PVDAQ_10,night_or_low_power
2023-01-02 16:26:00,0.0,0.0,0.0,0.0,PVDAQ_10,night_or_low_power
2023-01-02 16:27:00,0.0,0.0,0.0,0.0,PVDAQ_10,night_or_low_power
2023-01-02 16:28:00,0.0,0.0,0.0,0.0,PVDAQ_10,night_or_low_power
2023-01-02 16:29:00,0.0,0.0,0.0,0.0,PVDAQ_10,night_or_low_power
2023-01-02 16:30:00,0.0,0.0,0.0,0.0,PVDAQ_10,night_or_low_power
2023-01-02 16:31:00,0.0,0.0,0.0,0.0,PVDAQ_10,night_or_low_power
2023-01-02 16:32:00,0.0,0.0,0.0,0.0,PVDAQ_10,night_or_low_power
2023-01-02 16:33:00,0.0,0.0,0.0,0.0,PVDAQ_10,night_or_low_power
2023-01-02 16:34:00,0.0,0.0,0.0,0.0,PVDAQ_10,night_or_low_power
2023-01-02 16:35:00,0.0,0.0,0.0,0.0,PVDAQ_10,night_or_low_power
2023-01-02 16:36:00,0.0,0.0,0.0,0.0,PVDAQ_10,night_or_low_power
2023-01-02 16:37:00,0.0,0.0,0.0,0.0,PVDAQ_10,night_or_low_power
2023-01-02 16:38:00,0.0,0.0,0.0,0.0,PVDAQ_10,night_or_low_power
2023-01-02 16:39:00,0.0,0.0,0.0,0.0,PVDAQ_10,night_or_low_power
2023-01-02 16:40:00,0.0,0.0,0.0,0.0,PVDAQ_10,night_or_low_power
2023-01-02 16:41:00,0.0,0.0,0.0,0.0,PVDAQ_10,night_or_low_power
2023-01-02 16:42:00,0.0,0.0,0.0,0.0,PVDAQ_10,night_or_low_power
2023-01-02 16:43:00,0.0,0.0,0.0,0.0,PVDAQ_10,night_or_low_power
2023-01-02 16:44:00,0.0,0.0,0.0,0.0,PVDAQ_10,night_or_low_power
2023-01-02 16:45:00,0.0,0.0,0.0,0.0,PVDAQ_10,night_or_low_power
2023-01-02 16:46:00,0.0,0.0,0.0,0.0,PVDAQ_10,night_or_low_power
2023-01-02 16:47:00,0.0,0.0,0.0,0.0,PVDAQ_10,night_or_low_power
2023-01-02 16:48:00,0.0,0.0,0.0,0.0,PVDAQ_10,night_or_low_power
2023-01-02 16:49:00,0.0,0.0,0.0,0.0,PVDAQ_10,night_or_low_power
2023-01-02 16:50:00,0.0,0.0,0.0,0.0,PVDAQ_10,night_or_low_power
2023-01-02 16:51:00,0.0,0.0,0.0,0.0,PVDAQ_10,night_or_low_power
2023-01-02 16:52:00,0.0,0.0,0.0,0.0,PVDAQ_10,night_or_low_power
2023-01-02 16:53:00,0.0,0.0,0.0,0.0,PVDAQ_10,night_or_low_power
2023-01-02 16:54:00,0.0,0.0,0.0,0.0,PVDAQ_10,night_or_low_power
2023-01-02 16:55:00,0.0,0.0,0.0,0.0,PVDAQ_10,night_or_low_power
2023-01-02 16:56:00,0.0,0.0,0.0,0.0,PVDAQ_10,night_or_low_power
2023-01-02 16:57:00,0.0,0.0,0.0,0.0,PVDAQ_10,night_or_low_power
2023-01-02 16:58:00,0.0,0.0,0.0,0.0,PVDAQ_10,night_or_low_power
2023-01-02 16:59:00,0.0,0.0,0.0,0.0,PVDAQ_10,night_or_low_power
2023-01-02 17:00:00,0.0,0.0,0.0,0.0,PVDAQ_10,night_or_low_power
2023-01-02 17:01:00,0.0,0.0,0.0,0.0,PVDAQ_10,night_or_low_power
2023-01-02 17:02:00,0.0,0.0,0.0,0.0,PVDAQ_10,night_or_low_power
2023-01-02 17:03:00,0.0,0.0,0.0,0.0,PVDAQ_10,night_or_low_power
2023-01-02 17:04:00,0.0,0.0,0.0,0.0,PVDAQ_10,night_or_low_power
2023-01-02 17:05:00,0.0,0.0,0.0,0.0,PVDAQ_10,night_or_low_power
2023-01-02 17:06:00,0.0,0.0,0.0,0.0,PVDAQ_10,night_or_low_power
2023-01-02 17:07:00,0.0,0.0,0.0,0.0,PVDAQ_10,night_or_low_power
2023-01-02 17:08:00,0.0,0.0,0.0,0.0,PVDAQ_10,night_or_low_power
2023-01-02 17:09:00,0.0,0.0,0.0,0.0,PVDAQ_10,night_or_low_power
2023-01-02 17:10:00,0.0,0.0,0.0,0.0,PVDAQ_10,night_or_low_power
2023-01-02 17:11:00,0.0,0.0,0.0,0.0,PVDAQ_10,night_or_low_power
2023-01-02 17:12:00,0.0,0.0,0.0,0.0,PVDAQ_10,night_or_low_power
2023-01-02 17:13:00,0.0,0.0,0.0,0.0,PVDAQ_10,night_or_low_power
2023-01-02 17:14:00,0.0,0.0,0.0,0.0,PVDAQ_10,night_or_low_power
2023-01-02 17:15:00,0.0,0.0,0.0,0.0,PVDAQ_10,night_or_low_power
2023-01-02 17:16:00,0.0,0.0,0.0,0.0,PVDAQ_10,night_or_low_power
2023-01-02 17:17:00,0.0,0.0,0.0,0.0,PVDAQ_10,night_or_low_power
2023-01-02 17:18:00,0.0,0.0,0.0,0.0,PVDAQ_10,night_or_low_power
2023-01-02 17:19:00,0.0,0.0,0.0,0.0,PVDAQ_10,night_or_low_power
2023-01-02 17:20:00,0.0,0.0,0.0,0.0,PVDAQ_10,night_or_low_power
2023-01-02 17:21:00,0.0,0.0,0.0,0.0,PVDAQ_10,night_or_low_power
2023-01-02 17:22:00,0.0,0.0,0.0,0.0,PVDAQ_10,night_or_low_power
2023-01-02 17:23:00,0.0,0.0,0.0,0.0,PVDAQ_10,night_or_low_power
2023-01-02 17:24:00,0.0,0.0,0.0,0.0,PVDAQ_10,night_or_low_power
2023-01-02 17:25:00,0.0,0.0,0.0,0.0,PVDAQ_10,night_or_low_power
2023-01-02 17:26:00,0.0,0.0,0.0,0.0,PVDAQ_10,night_or_low_power
2023-01-02 17:27:00,0.0,0.0,0.0,0.0,PVDAQ_10,night_or_low_power
2023-01-02 17:28:00,0.0,0.0,0.0,0.0,PVDAQ_10,night_or_low_power
2023-01-02 17:29:00,0.0,0.0,0.0,0.0,PVDAQ_10,night_or_low_power
2023-01-02 17:30:00,0.0,0.0,0.0,0.0,PVDAQ_10,night_or_low_power
2023-01-02 17:31:00,0.0,0.0,0.0,0.0,PVDAQ_10,night_or_low_power
2023-01-02 17:32:00,0.0,0.0,0.0,0.0,PVDAQ_10,night_or_low_power
2023-01-02 17:33:00,0.0,0.0,0.0,0.0,PVDAQ_10,night_or_low_power
2023-01-02 17:34:00,0.0,0.0,0.0,0.0,PVDAQ_10,night_or_low_power
2023-01-02 17:35:00,0.0,0.0,0.0,0.0,PVDAQ_10,night_or_low_power
2023-01-02 17:36:00,0.0,0.0,0.0,0.0,PVDAQ_10,night_or_low_power
2023-01-02 17:37:00,0.0,0.0,0.0,0.0,PVDAQ_10,night_or_low_power
2023-01-02 17:38:00,0.0,0.0,0.0,0.0,PVDAQ_10,night_or_low_power
2023-01-02 17:39:00,0.0,0.0,0.0,0.0,PVDAQ_10,night_or_low_power
2023-01-02 17:40:00,0.0,0.0,0.0,0.0,PVDAQ_10,night_or_low_power
2023-01-02 17:41:00,0.0,0.0,0.0,0.0,PVDAQ_10,night_or_low_power
2023-01-02 17:42:00,0.0,0.0,0.0,0.0,PVDAQ_10,night_or_low_power
2023-01-02 17:43:00,0.0,0.0,0.0,0.0,PVDAQ_10,night_or_low_power
2023-01-02 17:44:00,0.0,0.0,0.0,0.0,PVDAQ_10,night_or_low_power
2023-01-02 17:45:00,0.0,0.0,0.0,0.0,PVDAQ_10,night_or_low_power
2023-01-02 17:46:00,0.0,0.0,0.0,0.0,PVDAQ_10,night_or_low_power
2023-01-02 17:47:00,0.0,0.0,0.0,0.0,PVDAQ_10,night_or_low_power
2023-01-02 17:48:00,0.0,0.0,0.0,0.0,PVDAQ_10,night_or_low_power
2023-01-02 17:49:00,0.0,0.0,0.0,0.0,PVDAQ_10,night_or_low_power
2023-01-02 17:50:00,0.0,0.0,0.0,0.0,PVDAQ_10,night_or_low_power
2023-01-02 17:51:00,0.0,0.0,0.0,0.0,PVDAQ_10,night_or_low_power
2023-01-02 17:52:00,0.0,0.0,0.0,0.0,PVDAQ_10,night_or_low_power
2023-01-02 17:53:00,0.0,0.0,0.0,0.0,PVDAQ_10,night_or_low_power
2023-01-02 17:54:00,0.0,0.0,0.0,0.0,PVDAQ_10,night_or_low_power
2023-01-02 17:55:00,0.0,0.0,0.0,0.0,PVDAQ_10,night_or_low_power
2023-01-02 17:56:00,0.0,0.0,0.0,0.0,PVDAQ_10,night_or_low_power
2023-01-02 17:57:00,0.0,0.0,0.0,0.0,PVDAQ_10,night_or_low_power
2023-01-02 17:58:00,0.0,0.0,0.0,0.0,PVDAQ_10,night_or_low_power
2023-01-02 17:59:00,0.0,0.0,0.0,0.0,PVDAQ_10,night_or_low_power
2023-01-02 18:00:00,0.0,0.0,0.0,0.0,PVDAQ_10,night_or_low_power
2023-01-02 18:01:00,0.0,0.0,0.0,0.0,PVDAQ_10,night_or_low_power
2023-01-02 18:02:00,0.0,0.0,0.0,0.0,PVDAQ_10,night_or_low_power
2023-01-02 18:03:00,0.0,0.0,0.0,0.0,PVDAQ_10,night_or_low_power
2023-01-02 18:04:00,0.0,0.0,0.0,0.0,PVDAQ_10,night_or_low_power
2023-01-02 18:05:00,0.0,0.0,0.0,0.0,PVDAQ_10,night_or_low_power
2023-01-02 18:06:00,0.0,0.0,0.0,0.0,PVDAQ_10,night_or_low_power
2023-01-02 18:07:00,0.0,0.0,0.0,0.0,PVDAQ_10,night_or_low_power
2023-01-02 18:08:00,0.0,0.0,0.0,0.0,PVDAQ_10,night_or_low_power
2023-01-02 18:09:00,0.0,0.0,0.0,0.0,PVDAQ_10,night_or_low_power
2023-01-02 18:10:00,0.0,0.0,0.0,0.0,PVDAQ_10,night_or_low_power
2023-01-02 18:11:00,0.0,0.0,0.0,0.0,PVDAQ_10,night_or_low_power
2023-01-02 18:12:00,0.0,0.0,0.0,0.0,PVDAQ_10,night_or_low_power
2023-01-02 18:13:00,0.0,0.0,0.0,0.0,PVDAQ_10,night_or_low_power
2023-01-02 18:14:00,0.0,0.0,0.0,0.0,PVDAQ_10,night_or_low_power
2023-01-02 18:15:00,0.0,0.0,0.0,0.0,PVDAQ_10,night_or_low_power
2023-01-02 18:16:00,0.0,0.0,0.0,0.0,PVDAQ_10,night_or_low_power
2023-01-02 18:17:00,0.0,0.0,0.0,0.0,PVDAQ_10,night_or_low_power
2023-01-02 18:18:00,0.0,0.0,0.0,0.0,PVDAQ_10,night_or_low_power
2023-01-02 18:19:00,0.0,0.0,0.0,0.0,PVDAQ_10,night_or_low_power
2023-01-02 18:20:00,0.0,0.0,0.0,0.0,PVDAQ_10,night_or_low_power
2023-01-02 18:21:00,0.0,0.0,0.0,0.0,PVDAQ_10,night_or_low_power
2023-01-02 18:22:00,0.0,0.0,0.0,0.0,PVDAQ_10,night_or_low_power
2023-01-02 18:23:00,0.0,0.0,0.0,0.0,PVDAQ_10,night_or_low_power
2023-01-02 18:24:00,0.0,0.0,0.0,0.0,PVDAQ_10,night_or_low_power
2023-01-02 18:25:00,0.0,0.0,0.0,0.0,PVDAQ_10,night_or_low_power
2023-01-02 18:26:00,0.0,0.0,0.0,0.0,PVDAQ_10,night_or_low_power
2023-01-02 18:27:00,0.0,0.0,0.0,0.0,PVDAQ_10,night_or_low_power
2023-01-02 18:28:00,0.0,0.0,0.0,0.0,PVDAQ_10,night_or_low_power
2023-01-02 18:29:00,0.0,0.0,0.0,0.0,PVDAQ_10,night_or_low_power
2023-01-02 18:30:00,0.0,0.0,0.0,0.0,PVDAQ_10,night_or_low_power
2023-01-02 18:31:00,0.0,0.0,0.0,0.0,PVDAQ_10,night_or_low_power
2023-01-02 18:32:00,0.0,0.0,0.0,0.0,PVDAQ_10,night_or_low_power
2023-01-02 18:33:00,0.0,0.0,0.0,0.0,PVDAQ_10,night_or_low_power
2023-01-02 18:34:00,0.0,0.0,0.0,0.0,PVDAQ_10,night_or_low_power
2023-01-02 18:35:00,0.0,0.0,0.0,0.0,PVDAQ_10,night_or_low_power
2023-01-02 18:36:00,0.0,0.0,0.0,0.0,PVDAQ_10,night_or_low_power
2023-01-02 18:37:00,0.0,0.0,0.0,0.0,PVDAQ_10,night_or_low_power
2023-01-02 18:38:00,0.0,0.0,0.0,0.0,PVDAQ_10,night_or_low_power
2023-01-02 18:39:00,0.0,0.0,0.0,0.0,PVDAQ_10,night_or_low_power
2023-01-02 18:40:00,0.0,0.0,0.0,0.0,PVDAQ_10,night_or_low_power
2023-01-02 18:41:00,0.0,0.0,0.0,0.0,PVDAQ_10,night_or_low_power
2023-01-02 18:42:00,0.0,0.0,0.0,0.0,PVDAQ_10,night_or_low_power
2023-01-02 18:43:00,0.0,0.0,0.0,0.0,PVDAQ_10,night_or_low_power
2023-01-02 18:44:00,0.0,0.0,0.0,0.0,PVDAQ_10,night_or_low_power
2023-01-02 18:45:00,0.0,0.0,0.0,0.0,PVDAQ_10,night_or_low_power
2023-01-02 18:46:00,0.0,0.0,0.0,0.0,PVDAQ_10,night_or_low_power
2023-01-02 18:47:00,0.0,0.0,0.0,0.0,PVDAQ_10,night_or_low_power
2023-01-02 18:48:00,0.0,0.0,0.0,0.0,PVDAQ_10,night_or_low_power
2023-01-02 18:49:00,0.0,0.0,0.0,0.0,PVDAQ_10,night_or_low_power
2023-01-02 18:50:00,0.0,0.0,0.0,0.0,PVDAQ_10,night_or_low_power
2023-01-02 18:51:00,0.0,0.0,0.0,0.0,PVDAQ_10,night_or_low_power
2023-01-02 18:52:00,0.0,0.0,0.0,0.0,PVDAQ_10,night_or_low_power
2023-01-02 18:53:00,0.0,0.0,0.0,0.0,PVDAQ_10,night_or_low_power
2023-01-02 18:54:00,0.0,0.0,0.0,0.0,PVDAQ_10,night_or_low_power
2023-01-02 18:55:00,0.0,0.0,0.0,0.0,PVDAQ_10,night_or_low_power
2023-01-02 18:56:00,0.0,0.0,0.0,0.0,PVDAQ_10,night_or_low_power
2023-01-02 18:57:00,0.0,0.0,0.0,0.0,PVDAQ_10,night_or_low_power
2023-01-02 18:58:00,0.0,0.0,0.0,0.0,PVDAQ_10,night_or_low_power
2023-01-02 18:59:00,0.0,0.0,0.0,0.0,PVDAQ_10,night_or_low_power
2023-01-02 19:00:00,0.0,0.0,0.0,0.0,PVDAQ_10,night_or_low_power
2023-01-02 19:01:00,0.0,0.0,0.0,0.0,PVDAQ_10,night_or_low_power
2023-01-02 19:02:00,0.0,0.0,0.0,0.0,PVDAQ_10,night_or_low_power
2023-01-02 19:03:00,0.0,0.0,0.0,0.0,PVDAQ_10,night_or_low_power
2023-01-02 19:04:00,0.0,0.0,0.0,0.0,PVDAQ_10,night_or_low_power
2023-01-02 19:05:00,0.0,0.0,0.0,0.0,PVDAQ_10,night_or_low_power
2023-01-02 19:06:00,0.0,0.0,0.0,0.0,PVDAQ_10,night_or_low_power
2023-01-02 19:07:00,0.0,0.0,0.0,0.0,PVDAQ_10,night_or_low_power
2023-01-02 19:08:00,0.0,0.0,0.0,0.0,PVDAQ_10,night_or_low_power
2023-01-02 19:09:00,0.0,0.0,0.0,0.0,PVDAQ_10,night_or_low_power
2023-01-02 19:10:00,0.0,0.0,0.0,0.0,PVDAQ_10,night_or_low_power
2023-01-02 19:11:00,0.0,0.0,0.0,0.0,PVDAQ_10,night_or_low_power
2023-01-02 19:12:00,0.0,0.0,0.0,0.0,PVDAQ_10,night_or_low_power
2023-01-02 19:13:00,0.0,0.0,0.0,0.0,PVDAQ_10,night_or_low_power
2023-01-02 19:14:00,0.0,0.0,0.0,0.0,PVDAQ_10,night_or_low_power
2023-01-02 19:15:00,0.0,0.0,0.0,0.0,PVDAQ_10,night_or_low_power
2023-01-02 19:16:00,0.0,0.0,0.0,0.0,PVDAQ_10,night_or_low_power
2023-01-02 19:17:00,0.0,0.0,0.0,0.0,PVDAQ_10,night_or_low_power
2023-01-02 19:18:00,0.0,0.0,0.0,0.0,PVDAQ_10,night_or_low_power
2023-01-02 19:19:00,0.0,0.0,0.0,0.0,PVDAQ_10,night_or_low_power
2023-01-02 19:20:00,0.0,0.0,0.0,0.0,PVDAQ_10,night_or_low_power
2023-01-02 19:21:00,0.0,0.0,0.0,0.0,PVDAQ_10,night_or_low_power
2023-01-02 19:22:00,0.0,0.0,0.0,0.0,PVDAQ_10,night_or_low_power
2023-01-02 19:23:00,0.0,0.0,0.0,0.0,PVDAQ_10,night_or_low_power
2023-01-02 19:24:00,0.0,0.0,0.0,0.0,PVDAQ_10,night_or_low_power
2023-01-02 19:25:00,0.0,0.0,0.0,0.0,PVDAQ_10,night_or_low_power
2023-01-02 19:26:00,0.0,0.0,0.0,0.0,PVDAQ_10,night_or_low_power
2023-01-02 19:27:00,0.0,0.0,0.0,0.0,PVDAQ_10,night_or_low_power
2023-01-02 19:28:00,0.0,0.0,0.0,0.0,PVDAQ_10,night_or_low_power
2023-01-02 19:29:00,0.0,0.0,0.0,0.0,PVDAQ_10,night_or_low_power
2023-01-02 19:30:00,0.0,0.0,0.0,0.0,PVDAQ_10,night_or_low_power
2023-01-02 19:31:00,0.0,0.0,0.0,0.0,PVDAQ_10,night_or_low_power
2023-01-02 19:32:00,0.0,0.0,0.0,0.0,PVDAQ_10,night_or_low_power
2023-01-02 19:33:00,0.0,0.0,0.0,0.0,PVDAQ_10,night_or_low_power
2023-01-02 19:34:00,0.0,0.0,0.0,0.0,PVDAQ_10,night_or_low_power
2023-01-02 19:35:00,0.0,0.0,0.0,0.0,PVDAQ_10,night_or_low_power
2023-01-02 19:36:00,0.0,0.0,0.0,0.0,PVDAQ_10,night_or_low_power
2023-01-02 19:37:00,0.0,0.0,0.0,0.0,PVDAQ_10,night_or_low_power
2023-01-02 19:38:00,0.0,0.0,0.0,0.0,PVDAQ_10,night_or_low_power
2023-01-02 19:39:00,0.0,0.0,0.0,0.0,PVDAQ_10,night_or_low_power
2023-01-02 19:40:00,0.0,0.0,0.0,0.0,PVDAQ_10,night_or_low_power
2023-01-02 19:41:00,0.0,0.0,0.0,0.0,PVDAQ_10,night_or_low_power
2023-01-02 19:42:00,0.0,0.0,0.0,0.0,PVDAQ_10,night_or_low_power
2023-01-02 19:43:00,0.0,0.0,0.0,0.0,PVDAQ_10,night_or_low_power
2023-01-02 19:44:00,0.0,0.0,0.0,0.0,PVDAQ_10,night_or_low_power
2023-01-02 19:45:00,0.0,0.0,0.0,0.0,PVDAQ_10,night_or_low_power
2023-01-02 19:46:00,0.0,0.0,0.0,0.0,PVDAQ_10,night_or_low_power
2023-01-02 19:47:00,0.0,0.0,0.0,0.0,PVDAQ_10,night_or_low_power
2023-01-02 19:48:00,0.0,0.0,0.0,0.0,PVDAQ_10,night_or_low_power
2023-01-02 19:49:00,0.0,0.0,0.0,0.0,PVDAQ_10,night_or_low_power
2023-01-02 19:50:00,0.0,0.0,0.0,0.0,PVDAQ_10,night_or_low_power
2023-01-02 19:51:00,0.0,0.0,0.0,0.0,PVDAQ_10,night_or_low_power
2023-01-02 19:52:00,0.0,0.0,0.0,0.0,PVDAQ_10,night_or_low_power
2023-01-02 19:53:00,0.0,0.0,0.0,0.0,PVDAQ_10,night_or_low_power
2023-01-02 19:54:00,0.0,0.0,0.0,0.0,PVDAQ_10,night_or_low_power
2023-01-02 19:55:00,0.0,0.0,0.0,0.0,PVDAQ_10,night_or_low_power
2023-01-02 19:56:00,0.0,0.0,0.0,0.0,PVDAQ_10,night_or_low_power
2023-01-02 19:57:00,0.0,0.0,0.0,0.0,PVDAQ_10,night_or_low_power
2023-01-02 19:58:00,0.0,0.0,0.0,0.0,PVDAQ_10,night_or_low_power
2023-01-02 19:59:00,0.0,0.0,0.0,0.0,PVDAQ_10,night_or_low_power
2023-01-02 20:00:00,0.0,0.0,0.0,0.0,PVDAQ_10,night_or_low_power
2023-01-02 20:01:00,0.0,0.0,0.0,0.0,PVDAQ_10,night_or_low_power
2023-01-02 20:02:00,0.0,0.0,0.0,0.0,PVDAQ_10,night_or_low_power
2023-01-02 20:03:00,0.0,0.0,0.0,0.0,PVDAQ_10,night_or_low_power
2023-01-02 20:04:00,0.0,0.0,0.0,0.0,PVDAQ_10,night_or_low_power
2023-01-02 20:05:00,0.0,0.0,0.0,0.0,PVDAQ_10,night_or_low_power
2023-01-02 20:06:00,0.0,0.0,0.0,0.0,PVDAQ_10,night_or_low_power
2023-01-02 20:07:00,0.0,0.0,0.0,0.0,PVDAQ_10,night_or_low_power
2023-01-02 20:08:00,0.0,0.0,0.0,0.0,PVDAQ_10,night_or_low_power
2023-01-02 20:09:00,0.0,0.0,0.0,0.0,PVDAQ_10,night_or_low_power
2023-01-02 20:10:00,0.0,0.0,0.0,0.0,PVDAQ_10,night_or_low_power
2023-01-02 20:11:00,0.0,0.0,0.0,0.0,PVDAQ_10,night_or_low_power
2023-01-02 20:12:00,0.0,0.0,0.0,0.0,PVDAQ_10,night_or_low_power
2023-01-02 20:13:00,0.0,0.0,0.0,0.0,PVDAQ_10,night_or_low_power
2023-01-02 20:14:00,0.0,0.0,0.0,0.0,PVDAQ_10,night_or_low_power
2023-01-02 20:15:00,0.0,0.0,0.0,0.0,PVDAQ_10,night_or_low_power
2023-01-02 20:16:00,0.0,0.0,0.0,0.0,PVDAQ_10,night_or_low_power
2023-01-02 20:17:00,0.0,0.0,0.0,0.0,PVDAQ_10,night_or_low_power
2023-01-02 20:18:00,0.0,0.0,0.0,0.0,PVDAQ_10,night_or_low_power
2023-01-02 20:19:00,0.0,0.0,0.0,0.0,PVDAQ_10,night_or_low_power
2023-01-02 20:20:00,0.0,0.0,0.0,0.0,PVDAQ_10,night_or_low_power
2023-01-02 20:21:00,0.0,0.0,0.0,0.0,PVDAQ_10,night_or_low_power
2023-01-02 20:22:00,0.0,0.0,0.0,0.0,PVDAQ_10,night_or_low_power
2023-01-02 20:23:00,0.0,0.0,0.0,0.0,PVDAQ_10,night_or_low_power
2023-01-02 20:24:00,0.0,0.0,0.0,0.0,PVDAQ_10,night_or_low_power
2023-01-02 20:25:00,0.0,0.0,0.0,0.0,PVDAQ_10,night_or_low_power
2023-01-02 20:26:00,0.0,0.0,0.0,0.0,PVDAQ_10,night_or_low_power
2023-01-02 20:27:00,0.0,0.0,0.0,0.0,PVDAQ_10,night_or_low_power
2023-01-02 20:28:00,0.0,0.0,0.0,0.0,PVDAQ_10,night_or_low_power
2023-01-02 20:29:00,0.0,0.0,0.0,0.0,PVDAQ_10,night_or_low_power
2023-01-02 20:30:00,0.0,0.0,0.0,0.0,PVDAQ_10,night_or_low_power
2023-01-02 20:31:00,0.0,0.0,0.0,0.0,PVDAQ_10,night_or_low_power
2023-01-02 20:32:00,0.0,0.0,0.0,0.0,PVDAQ_10,night_or_low_power
2023-01-02 20:33:00,0.0,0.0,0.0,0.0,PVDAQ_10,night_or_low_power
2023-01-02 20:34:00,0.0,0.0,0.0,0.0,PVDAQ_10,night_or_low_power
2023-01-02 20:35:00,0.0,0.0,0.0,0.0,PVDAQ_10,night_or_low_power
2023-01-02 20:36:00,0.0,0.0,0.0,0.0,PVDAQ_10,night_or_low_power
2023-01-02 20:37:00,0.0,0.0,0.0,0.0,PVDAQ_10,night_or_low_power
2023-01-02 20:38:00,0.0,0.0,0.0,0.0,PVDAQ_10,night_or_low_power
2023-01-02 20:39:00,0.0,0.0,0.0,0.0,PVDAQ_10,night_or_low_power
2023-01-02 20:40:00,0.0,0.0,0.0,0.0,PVDAQ_10,night_or_low_power
2023-01-02 20:41:00,0.0,0.0,0.0,0.0,PVDAQ_10,night_or_low_power
2023-01-02 20:42:00,0.0,0.0,0.0,0.0,PVDAQ_10,night_or_low_power
2023-01-02 20:43:00,0.0,0.0,0.0,0.0,PVDAQ_10,night_or_low_power
2023-01-02 20:44:00,0.0,0.0,0.0,0.0,PVDAQ_10,night_or_low_power
2023-01-02 20:45:00,0.0,0.0,0.0,0.0,PVDAQ_10,night_or_low_power
2023-01-02 20:46:00,0.0,0.0,0.0,0.0,PVDAQ_10,night_or_low_power
2023-01-02 20:47:00,0.0,0.0,0.0,0.0,PVDAQ_10,night_or_low_power
2023-01-02 20:48:00,0.0,0.0,0.0,0.0,PVDAQ_10,night_or_low_power
2023-01-02 20:49:00,0.0,0.0,0.0,0.0,PVDAQ_10,night_or_low_power
2023-01-02 20:50:00,0.0,0.0,0.0,0.0,PVDAQ_10,night_or_low_power
2023-01-02 20:51:00,0.0,0.0,0.0,0.0,PVDAQ_10,night_or_low_power
2023-01-02 20:52:00,0.0,0.0,0.0,0.0,PVDAQ_10,night_or_low_power
2023-01-02 20:53:00,0.0,0.0,0.0,0.0,PVDAQ_10,night_or_low_power
2023-01-02 20:54:00,0.0,0.0,0.0,0.0,PVDAQ_10,night_or_low_power
2023-01-02 20:55:00,0.0,0.0,0.0,0.0,PVDAQ_10,night_or_low_power
2023-01-02 20:56:00,0.0,0.0,0.0,0.0,PVDAQ_10,night_or_low_power
2023-01-02 20:57:00,0.0,0.0,0.0,0.0,PVDAQ_10,night_or_low_power
2023-01-02 20:58:00,0.0,0.0,0.0,0.0,PVDAQ_10,night_or_low_power
2023-01-02 20:59:00,0.0,0.0,0.0,0.0,PVDAQ_10,night_or_low_power
2023-01-02 21:00:00,0.0,0.0,0.0,0.0,PVDAQ_10,night_or_low_power
2023-01-02 21:01:00,0.0,0.0,0.0,0.0,PVDAQ_10,night_or_low_power
2023-01-02 21:02:00,0.0,0.0,0.0,0.0,PVDAQ_10,night_or_low_power
2023-01-02 21:03:00,0.0,0.0,0.0,0.0,PVDAQ_10,night_or_low_power
2023-01-02 21:04:00,0.0,0.0,0.0,0.0,PVDAQ_10,night_or_low_power
2023-01-02 21:05:00,0.0,0.0,0.0,0.0,PVDAQ_10,night_or_low_power
2023-01-02 21:06:00,0.0,0.0,0.0,0.0,PVDAQ_10,night_or_low_power
2023-01-02 21:07:00,0.0,0.0,0.0,0.0,PVDAQ_10,night_or_low_power
2023-01-02 21:08:00,0.0,0.0,0.0,0.0,PVDAQ_10,night_or_low_power
2023-01-02 21:09:00,0.0,0.0,0.0,0.0,PVDAQ_10,night_or_low_power
2023-01-02 21:10:00,0.0,0.0,0.0,0.0,PVDAQ_10,night_or_low_power
2023-01-02 21:11:00,0.0,0.0,0.0,0.0,PVDAQ_10,night_or_low_power
2023-01-02 21:12:00,0.0,0.0,0.0,0.0,PVDAQ_10,night_or_low_power
2023-01-02 21:13:00,0.0,0.0,0.0,0.0,PVDAQ_10,night_or_low_power
2023-01-02 21:14:00,0.0,0.0,0.0,0.0,PVDAQ_10,night_or_low_power
2023-01-02 21:15:00,0.0,0.0,0.0,0.0,PVDAQ_10,night_or_low_power
2023-01-02 21:16:00,0.0,0.0,0.0,0.0,PVDAQ_10,night_or_low_power
2023-01-02 21:17:00,0.0,0.0,0.0,0.0,PVDAQ_10,night_or_low_power
2023-01-02 21:18:00,0.0,0.0,0.0,0.0,PVDAQ_10,night_or_low_power
2023-01-02 21:19:00,0.0,0.0,0.0,0.0,PVDAQ_10,night_or_low_power
2023-01-02 21:20:00,0.0,0.0,0.0,0.0,PVDAQ_10,night_or_low_power
2023-01-02 21:21:00,0.0,0.0,0.0,0.0,PVDAQ_10,night_or_low_power
2023-01-02 21:22:00,0.0,0.0,0.0,0.0,PVDAQ_10,night_or_low_power
2023-01-02 21:23:00,0.0,0.0,0.0,0.0,PVDAQ_10,night_or_low_power
2023-01-02 21:24:00,0.0,0.0,0.0,0.0,PVDAQ_10,night_or_low_power
2023-01-02 21:25:00,0.0,0.0,0.0,0.0,PVDAQ_10,night_or_low_power
2023-01-02 21:26:00,0.0,0.0,0.0,0.0,PVDAQ_10,night_or_low_power
2023-01-02 21:27:00,0.0,0.0,0.0,0.0,PVDAQ_10,night_or_low_power
2023-01-02 21:28:00,0.0,0.0,0.0,0.0,PVDAQ_10,night_or_low_power
2023-01-02 21:29:00,0.0,0.0,0.0,0.0,PVDAQ_10,night_or_low_power
2023-01-02 21:30:00,0.0,0.0,0.0,0.0,PVDAQ_10,night_or_low_power
2023-01-02 21:31:00,0.0,0.0,0.0,0.0,PVDAQ_10,night_or_low_power
2023-01-02 21:32:00,0.0,0.0,0.0,0.0,PVDAQ_10,night_or_low_power
2023-01-02 21:33:00,0.0,0.0,0.0,0.0,PVDAQ_10,night_or_low_power
2023-01-02 21:34:00,0.0,0.0,0.0,0.0,PVDAQ_10,night_or_low_power
2023-01-02 21:35:00,0.0,0.0,0.0,0.0,PVDAQ_10,night_or_low_power
2023-01-02 21:36:00,0.0,0.0,0.0,0.0,PVDAQ_10,night_or_low_power
2023-01-02 21:37:00,0.0,0.0,0.0,0.0,PVDAQ_10,night_or_low_power
2023-01-02 21:38:00,0.0,0.0,0.0,0.0,PVDAQ_10,night_or_low_power
2023-01-02 21:39:00,0.0,0.0,0.0,0.0,PVDAQ_10,night_or_low_power
2023-01-02 21:40:00,0.0,0.0,0.0,0.0,PVDAQ_10,night_or_low_power
2023-01-02 21:41:00,0.0,0.0,0.0,0.0,PVDAQ_10,night_or_low_power
2023-01-02 21:42:00,0.0,0.0,0.0,0.0,PVDAQ_10,night_or_low_power
2023-01-02 21:43:00,0.0,0.0,0.0,0.0,PVDAQ_10,night_or_low_power
2023-01-02 21:44:00,0.0,0.0,0.0,0.0,PVDAQ_10,night_or_low_power
2023-01-02 21:45:00,0.0,0.0,0.0,0.0,PVDAQ_10,night_or_low_power
2023-01-02 21:46:00,0.0,0.0,0.0,0.0,PVDAQ_10,night_or_low_power
2023-01-02 21:47:00,0.0,0.0,0.0,0.0,PVDAQ_10,night_or_low_power
2023-01-02 21:48:00,0.0,0.0,0.0,0.0,PVDAQ_10,night_or_low_power
2023-01-02 21:49:00,0.0,0.0,0.0,0.0,PVDAQ_10,night_or_low_power
2023-01-02 21:50:00,0.0,0.0,0.0,0.0,PVDAQ_10,night_or_low_power
2023-01-02 21:51:00,0.0,0.0,0.0,0.0,PVDAQ_10,night_or_low_power
2023-01-02 21:52:00,0.0,0.0,0.0,0.0,PVDAQ_10,night_or_low_power
2023-01-02 21:53:00,0.0,0.0,0.0,0.0,PVDAQ_10,night_or_low_power
2023-01-02 21:54:00,0.0,0.0,0.0,0.0,PVDAQ_10,night_or_low_power
2023-01-02 21:55:00,0.0,0.0,0.0,0.0,PVDAQ_10,night_or_low_power
2023-01-02 21:56:00,0.0,0.0,0.0,0.0,PVDAQ_10,night_or_low_power
2023-01-02 21:57:00,0.0,0.0,0.0,0.0,PVDAQ_10,night_or_low_power
2023-01-02 21:58:00,0.0,0.0,0.0,0.0,PVDAQ_10,night_or_low_power
2023-01-02 21:59:00,0.0,0.0,0.0,0.0,PVDAQ_10,night_or_low_power
2023-01-02 22:00:00,0.0,0.0,0.0,0.0,PVDAQ_10,night_or_low_power
2023-01-02 22:01:00,0.0,0.0,0.0,0.0,PVDAQ_10,night_or_low_power
2023-01-02 22:02:00,0.0,0.0,0.0,0.0,PVDAQ_10,night_or_low_power
2023-01-02 22:03:00,0.0,0.0,0.0,0.0,PVDAQ_10,night_or_low_power
2023-01-02 22:04:00,0.0,0.0,0.0,0.0,PVDAQ_10,night_or_low_power
2023-01-02 22:05:00,0.0,0.0,0.0,0.0,PVDAQ_10,night_or_low_power
2023-01-02 22:06:00,0.0,0.0,0.0,0.0,PVDAQ_10,night_or_low_power
2023-01-02 22:07:00,0.0,0.0,0.0,0.0,PVDAQ_10,night_or_low_power
2023-01-02 22:08:00,0.0,0.0,0.0,0.0,PVDAQ_10,night_or_low_power
2023-01-02 22:09:00,0.0,0.0,0.0,0.0,PVDAQ_10,night_or_low_power
2023-01-02 22:10:00,0.0,0.0,0.0,0.0,PVDAQ_10,night_or_low_power
2023-01-02 22:11:00,0.0,0.0,0.0,0.0,PVDAQ_10,night_or_low_power
2023-01-02 22:12:00,0.0,0.0,0.0,0.0,PVDAQ_10,night_or_low_power
2023-01-02 22:13:00,0.0,0.0,0.0,0.0,PVDAQ_10,night_or_low_power
2023-01-02 22:14:00,0.0,0.0,0.0,0.0,PVDAQ_10,night_or_low_power
2023-01-02 22:15:00,0.0,0.0,0.0,0.0,PVDAQ_10,night_or_low_power
2023-01-02 22:16:00,0.0,0.0,0.0,0.0,PVDAQ_10,night_or_low_power
2023-01-02 22:17:00,0.0,0.0,0.0,0.0,PVDAQ_10,night_or_low_power
2023-01-02 22:18:00,0.0,0.0,0.0,0.0,PVDAQ_10,night_or_low_power
2023-01-02 22:19:00,0.0,0.0,0.0,0.0,PVDAQ_10,night_or_low_power
2023-01-02 22:20:00,0.0,0.0,0.0,0.0,PVDAQ_10,night_or_low_power
2023-01-02 22:21:00,0.0,0.0,0.0,0.0,PVDAQ_10,night_or_low_power
2023-01-02 22:22:00,0.0,0.0,0.0,0.0,PVDAQ_10,night_or_low_power
2023-01-02 22:23:00,0.0,0.0,0.0,0.0,PVDAQ_10,night_or_low_power
2023-01-02 22:24:00,0.0,0.0,0.0,0.0,PVDAQ_10,night_or_low_power
2023-01-02 22:25:00,0.0,0.0,0.0,0.0,PVDAQ_10,night_or_low_power
2023-01-02 22:26:00,0.0,0.0,0.0,0.0,PVDAQ_10,night_or_low_power
2023-01-02 22:27:00,0.0,0.0,0.0,0.0,PVDAQ_10,night_or_low_power
2023-01-02 22:28:00,0.0,0.0,0.0,0.0,PVDAQ_10,night_or_low_power
2023-01-02 22:29:00,0.0,0.0,0.0,0.0,PVDAQ_10,night_or_low_power
2023-01-02 22:30:00,0.0,0.0,0.0,0.0,PVDAQ_10,night_or_low_power
2023-01-02 22:31:00,0.0,0.0,0.0,0.0,PVDAQ_10,night_or_low_power
2023-01-02 22:32:00,0.0,0.0,0.0,0.0,PVDAQ_10,night_or_low_power
2023-01-02 22:33:00,0.0,0.0,0.0,0.0,PVDAQ_10,night_or_low_power
2023-01-02 22:34:00,0.0,0.0,0.0,0.0,PVDAQ_10,night_or_low_power
2023-01-02 22:35:00,0.0,0.0,0.0,0.0,PVDAQ_10,night_or_low_power
2023-01-02 22:36:00,0.0,0.0,0.0,0.0,PVDAQ_10,night_or_low_power
2023-01-02 22:37:00,0.0,0.0,0.0,0.0,PVDAQ_10,night_or_low_power
2023-01-02 22:38:00,0.0,0.0,0.0,0.0,PVDAQ_10,night_or_low_power
2023-01-02 22:39:00,0.0,0.0,0.0,0.0,PVDAQ_10,night_or_low_power
2023-01-02 22:40:00,0.0,0.0,0.0,0.0,PVDAQ_10,night_or_low_power
2023-01-02 22:41:00,0.0,0.0,0.0,0.0,PVDAQ_10,night_or_low_power
2023-01-02 22:42:00,0.0,0.0,0.0,0.0,PVDAQ_10,night_or_low_power
2023-01-02 22:43:00,0.0,0.0,0.0,0.0,PVDAQ_10,night_or_low_power
2023-01-02 22:44:00,0.0,0.0,0.0,0.0,PVDAQ_10,night_or_low_power
2023-01-02 22:45:00,0.0,0.0,0.0,0.0,PVDAQ_10,night_or_low_power
2023-01-02 22:46:00,0.0,0.0,0.0,0.0,PVDAQ_10,night_or_low_power
2023-01-02 22:47:00,0.0,0.0,0.0,0.0,PVDAQ_10,night_or_low_power
2023-01-02 22:48:00,0.0,0.0,0.0,0.0,PVDAQ_10,night_or_low_power
2023-01-02 22:49:00,0.0,0.0,0.0,0.0,PVDAQ_10,night_or_low_power
2023-01-02 22:50:00,0.0,0.0,0.0,0.0,PVDAQ_10,night_or_low_power
2023-01-02 22:51:00,0.0,0.0,0.0,0.0,PVDAQ_10,night_or_low_power
2023-01-02 22:52:00,0.0,0.0,0.0,0.0,PVDAQ_10,night_or_low_power
2023-01-02 22:53:00,0.0,0.0,0.0,0.0,PVDAQ_10,night_or_low_power
2023-01-02 22:54:00,0.0,0.0,0.0,0.0,PVDAQ_10,night_or_low_power
2023-01-02 22:55:00,0.0,0.0,0.0,0.0,PVDAQ_10,night_or_low_power
2023-01-02 22:56:00,0.0,0.0,0.0,0.0,PVDAQ_10,night_or_low_power
2023-01-02 22:57:00,0.0,0.0,0.0,0.0,PVDAQ_10,night_or_low_power
2023-01-02 22:58:00,0.0,0.0,0.0,0.0,PVDAQ_10,night_or_low_power
2023-01-02 22:59:00,0.0,0.0,0.0,0.0,PVDAQ_10,night_or_low_power
2023-01-02 23:00:00,0.0,0.0,0.0,0.0,PVDAQ_10,night_or_low_power
2023-01-02 23:01:00,0.0,0.0,0.0,0.0,PVDAQ_10,night_or_low_power
2023-01-02 23:02:00,0.0,0.0,0.0,0.0,PVDAQ_10,night_or_low_power
2023-01-02 23:03:00,0.0,0.0,0.0,0.0,PVDAQ_10,night_or_low_power
2023-01-02 23:04:00,0.0,0.0,0.0,0.0,PVDAQ_10,night_or_low_power
2023-01-02 23:05:00,0.0,0.0,0.0,0.0,PVDAQ_10,night_or_low_power
2023-01-02 23:06:00,0.0,0.0,0.0,0.0,PVDAQ_10,night_or_low_power
2023-01-02 23:07:00,0.0,0.0,0.0,0.0,PVDAQ_10,night_or_low_power
2023-01-02 23:08:00,0.0,0.0,0.0,0.0,PVDAQ_10,night_or_low_power
2023-01-02 23:09:00,0.0,0.0,0.0,0.0,PVDAQ_10,night_or_low_power
2023-01-02 23:10:00,0.0,0.0,0.0,0.0,PVDAQ_10,night_or_low_power
2023-01-02 23:11:00,0.0,0.0,0.0,0.0,PVDAQ_10,night_or_low_power
2023-01-02 23:12:00,0.0,0.0,0.0,0.0,PVDAQ_10,night_or_low_power
2023-01-02 23:13:00,0.0,0.0,0.0,0.0,PVDAQ_10,night_or_low_power
2023-01-02 23:14:00,0.0,0.0,0.0,0.0,PVDAQ_10,night_or_low_power
2023-01-02 23:15:00,0.0,0.0,0.0,0.0,PVDAQ_10,night_or_low_power
2023-01-02 23:16:00,0.0,0.0,0.0,0.0,PVDAQ_10,night_or_low_power
2023-01-02 23:17:00,0.0,0.0,0.0,0.0,PVDAQ_10,night_or_low_power
2023-01-02 23:18:00,0.0,0.0,0.0,0.0,PVDAQ_10,night_or_low_power
2023-01-02 23:19:00,0.0,0.0,0.0,0.0,PVDAQ_10,night_or_low_power
2023-01-02 23:20:00,0.0,0.0,0.0,0.0,PVDAQ_10,night_or_low_power
2023-01-02 23:21:00,0.0,0.0,0.0,0.0,PVDAQ_10,night_or_low_power
2023-01-02 23:22:00,0.0,0.0,0.0,0.0,PVDAQ_10,night_or_low_power
2023-01-02 23:23:00,0.0,0.0,0.0,0.0,PVDAQ_10,night_or_low_power
2023-01-02 23:24:00,0.0,0.0,0.0,0.0,PVDAQ_10,night_or_low_power
2023-01-02 23:25:00,0.0,0.0,0.0,0.0,PVDAQ_10,night_or_low_power
2023-01-02 23:26:00,0.0,0.0,0.0,0.0,PVDAQ_10,night_or_low_power
2023-01-02 23:27:00,0.0,0.0,0.0,0.0,PVDAQ_10,night_or_low_power
2023-01-02 23:28:00,0.0,0.0,0.0,0.0,PVDAQ_10,night_or_low_power
2023-01-02 23:29:00,0.0,0.0,0.0,0.0,PVDAQ_10,night_or_low_power
2023-01-02 23:30:00,0.0,0.0,0.0,0.0,PVDAQ_10,night_or_low_power
2023-01-02 23:31:00,0.0,0.0,0.0,0.0,PVDAQ_10,night_or_low_power
2023-01-02 23:32:00,0.0,0.0,0.0,0.0,PVDAQ_10,night_or_low_power
2023-01-02 23:33:00,0.0,0.0,0.0,0.0,PVDAQ_10,night_or_low_power
2023-01-02 23:34:00,0.0,0.0,0.0,0.0,PVDAQ_10,night_or_low_power
2023-01-02 23:35:00,0.0,0.0,0.0,0.0,PVDAQ_10,night_or_low_power
2023-01-02 23:36:00,0.0,0.0,0.0,0.0,PVDAQ_10,night_or_low_power
2023-01-02 23:37:00,0.0,0.0,0.0,0.0,PVDAQ_10,night_or_low_power
2023-01-02 23:38:00,0.0,0.0,0.0,0.0,PVDAQ_10,night_or_low_power
2023-01-02 23:39:00,0.0,0.0,0.0,0.0,PVDAQ_10,night_or_low_power
2023-01-02 23:40:00,0.0,0.0,0.0,0.0,PVDAQ_10,night_or_low_power
2023-01-02 23:41:00,0.0,0.0,0.0,0.0,PVDAQ_10,night_or_low_power
2023-01-02 23:42:00,0.0,0.0,0.0,0.0,PVDAQ_10,night_or_low_power
2023-01-02 23:43:00,0.0,0.0,0.0,0.0,PVDAQ_10,night_or_low_power
2023-01-02 23:44:00,0.0,0.0,0.0,0.0,PVDAQ_10,night_or_low_power
2023-01-02 23:45:00,0.0,0.0,0.0,0.0,PVDAQ_10,night_or_low_power
2023-01-02 23:46:00,0.0,0.0,0.0,0.0,PVDAQ_10,night_or_low_power
2023-01-02 23:47:00,0.0,0.0,0.0,0.0,PVDAQ_10,night_or_low_power
2023-01-02 23:48:00,0.0,0.0,0.0,0.0,PVDAQ_10,night_or_low_power
2023-01-02 23:49:00,0.0,0.0,0.0,0.0,PVDAQ_10,night_or_low_power
2023-01-02 23:50:00,0.0,0.0,0.0,0.0,PVDAQ_10,night_or_low_power
2023-01-02 23:51:00,0.0,0.0,0.0,0.0,PVDAQ_10,night_or_low_power
2023-01-02 23:52:00,0.0,0.0,0.0,0.0,PVDAQ_10,night_or_low_power
2023-01-02 23:53:00,0.0,0.0,0.0,0.0,PVDAQ_10,night_or_low_power
2023-01-02 23:54:00,0.0,0.0,0.0,0.0,PVDAQ_10,night_or_low_power
2023-01-02 23:55:00,0.0,0.0,0.0,0.0,PVDAQ_10,night_or_low_power
2023-01-02 23:56:00,0.0,0.0,0.0,0.0,PVDAQ_10,night_or_low_power
2023-01-02 23:57:00,0.0,0.0,0.0,0.0,PVDAQ_10,night_or_low_power
2023-01-02 23:58:00,0.0,0.0,0.0,0.0,PVDAQ_10,night_or_low_power
2023-01-02 23:59:00,0.0,0.0,0.0,0.0,PVDAQ_10,night_or_low_power
2023-01-03 00:00:00,0.0,0.0,0.0,0.0,PVDAQ_10,night_or_low_power
2023-01-03 00:01:00,0.0,0.0,0.0,0.0,PVDAQ_10,night_or_low_power
2023-01-03 00:02:00,0.0,0.0,0.0,0.0,PVDAQ_10,night_or_low_power
2023-01-03 00:03:00,0.0,0.0,0.0,0.0,PVDAQ_10,night_or_low_power
2023-01-03 00:04:00,0.0,0.0,0.0,0.0,PVDAQ_10,night_or_low_power
2023-01-03 00:05:00,0.0,0.0,0.0,0.0,PVDAQ_10,night_or_low_power
2023-01-03 00:06:00,0.0,0.0,0.0,0.0,PVDAQ_10,night_or_low_power
2023-01-03 00:07:00,0.0,0.0,0.0,0.0,PVDAQ_10,night_or_low_power
2023-01-03 00:08:00,0.0,0.0,0.0,0.0,PVDAQ_10,night_or_low_power
2023-01-03 00:09:00,0.0,0.0,0.0,0.0,PVDAQ_10,night_or_low_power
2023-01-03 00:10:00,0.0,0.0,0.0,0.0,PVDAQ_10,night_or_low_power
2023-01-03 00:11:00,0.0,0.0,0.0,0.0,PVDAQ_10,night_or_low_power
2023-01-03 00:12:00,0.0,0.0,0.0,0.0,PVDAQ_10,night_or_low_power
2023-01-03 00:13:00,0.0,0.0,0.0,0.0,PVDAQ_10,night_or_low_power
2023-01-03 00:14:00,0.0,0.0,0.0,0.0,PVDAQ_10,night_or_low_power
2023-01-03 00:15:00,0.0,0.0,0.0,0.0,PVDAQ_10,night_or_low_power
2023-01-03 00:16:00,0.0,0.0,0.0,0.0,PVDAQ_10,night_or_low_power
2023-01-03 00:17:00,0.0,0.0,0.0,0.0,PVDAQ_10,night_or_low_power
2023-01-03 00:18:00,0.0,0.0,0.0,0.0,PVDAQ_10,night_or_low_power
2023-01-03 00:19:00,0.0,0.0,0.0,0.0,PVDAQ_10,night_or_low_power
2023-01-03 00:20:00,0.0,0.0,0.0,0.0,PVDAQ_10,night_or_low_power
2023-01-03 00:21:00,0.0,0.0,0.0,0.0,PVDAQ_10,night_or_low_power
2023-01-03 00:22:00,0.0,0.0,0.0,0.0,PVDAQ_10,night_or_low_power
2023-01-03 00:23:00,0.0,0.0,0.0,0.0,PVDAQ_10,night_or_low_power
2023-01-03 00:24:00,0.0,0.0,0.0,0.0,PVDAQ_10,night_or_low_power
2023-01-03 00:25:00,0.0,0.0,0.0,0.0,PVDAQ_10,night_or_low_power
2023-01-03 00:26:00,0.0,0.0,0.0,0.0,PVDAQ_10,night_or_low_power
2023-01-03 00:27:00,0.0,0.0,0.0,0.0,PVDAQ_10,night_or_low_power
2023-01-03 00:28:00,0.0,0.0,0.0,0.0,PVDAQ_10,night_or_low_power
2023-01-03 00:29:00,0.0,0.0,0.0,0.0,PVDAQ_10,night_or_low_power
2023-01-03 00:30:00,0.0,0.0,0.0,0.0,PVDAQ_10,night_or_low_power
2023-01-03 00:31:00,0.0,0.0,0.0,0.0,PVDAQ_10,night_or_low_power
2023-01-03 00:32:00,0.0,0.0,0.0,0.0,PVDAQ_10,night_or_low_power
2023-01-03 00:33:00,0.0,0.0,0.0,0.0,PVDAQ_10,night_or_low_power
2023-01-03 00:34:00,0.0,0.0,0.0,0.0,PVDAQ_10,night_or_low_power
2023-01-03 00:35:00,0.0,0.0,0.0,0.0,PVDAQ_10,night_or_low_power
2023-01-03 00:36:00,0.0,0.0,0.0,0.0,PVDAQ_10,night_or_low_power
2023-01-03 00:37:00,0.0,0.0,0.0,0.0,PVDAQ_10,night_or_low_power
2023-01-03 00:38:00,0.0,0.0,0.0,0.0,PVDAQ_10,night_or_low_power
2023-01-03 00:39:00,0.0,0.0,0.0,0.0,PVDAQ_10,night_or_low_power
2023-01-03 00:40:00,0.0,0.0,0.0,0.0,PVDAQ_10,night_or_low_power
2023-01-03 00:41:00,0.0,0.0,0.0,0.0,PVDAQ_10,night_or_low_power
2023-01-03 00:42:00,0.0,0.0,0.0,0.0,PVDAQ_10,night_or_low_power
2023-01-03 00:43:00,0.0,0.0,0.0,0.0,PVDAQ_10,night_or_low_power
2023-01-03 00:44:00,0.0,0.0,0.0,0.0,PVDAQ_10,night_or_low_power
2023-01-03 00:45:00,0.0,0.0,0.0,0.0,PVDAQ_10,night_or_low_power
2023-01-03 00:46:00,0.0,0.0,0.0,0.0,PVDAQ_10,night_or_low_power
2023-01-03 00:47:00,0.0,0.0,0.0,0.0,PVDAQ_10,night_or_low_power
2023-01-03 00:48:00,0.0,0.0,0.0,0.0,PVDAQ_10,night_or_low_power
2023-01-03 00:49:00,0.0,0.0,0.0,0.0,PVDAQ_10,night_or_low_power
2023-01-03 00:50:00,0.0,0.0,0.0,0.0,PVDAQ_10,night_or_low_power
2023-01-03 00:51:00,0.0,0.0,0.0,0.0,PVDAQ_10,night_or_low_power
2023-01-03 00:52:00,0.0,0.0,0.0,0.0,PVDAQ_10,night_or_low_power
2023-01-03 00:53:00,0.0,0.0,0.0,0.0,PVDAQ_10,night_or_low_power
2023-01-03 00:54:00,0.0,0.0,0.0,0.0,PVDAQ_10,night_or_low_power
2023-01-03 00:55:00,0.0,0.0,0.0,0.0,PVDAQ_10,night_or_low_power
2023-01-03 00:56:00,0.0,0.0,0.0,0.0,PVDAQ_10,night_or_low_power
2023-01-03 00:57:00,0.0,0.0,0.0,0.0,PVDAQ_10,night_or_low_power
2023-01-03 00:58:00,0.0,0.0,0.0,0.0,PVDAQ_10,night_or_low_power
2023-01-03 00:59:00,0.0,0.0,0.0,0.0,PVDAQ_10,night_or_low_power
2023-01-03 01:00:00,0.0,0.0,0.0,0.0,PVDAQ_10,night_or_low_power
2023-01-03 01:01:00,0.0,0.0,0.0,0.0,PVDAQ_10,night_or_low_power
2023-01-03 01:02:00,0.0,0.0,0.0,0.0,PVDAQ_10,night_or_low_power
2023-01-03 01:03:00,0.0,0.0,0.0,0.0,PVDAQ_10,night_or_low_power
2023-01-03 01:04:00,0.0,0.0,0.0,0.0,PVDAQ_10,night_or_low_power
2023-01-03 01:05:00,0.0,0.0,0.0,0.0,PVDAQ_10,night_or_low_power
2023-01-03 01:06:00,0.0,0.0,0.0,0.0,PVDAQ_10,night_or_low_power
2023-01-03 01:07:00,0.0,0.0,0.0,0.0,PVDAQ_10,night_or_low_power
2023-01-03 01:08:00,0.0,0.0,0.0,0.0,PVDAQ_10,night_or_low_power
2023-01-03 01:09:00,0.0,0.0,0.0,0.0,PVDAQ_10,night_or_low_power
2023-01-03 01:10:00,0.0,0.0,0.0,0.0,PVDAQ_10,night_or_low_power
2023-01-03 01:11:00,0.0,0.0,0.0,0.0,PVDAQ_10,night_or_low_power
2023-01-03 01:12:00,0.0,0.0,0.0,0.0,PVDAQ_10,night_or_low_power
2023-01-03 01:13:00,0.0,0.0,0.0,0.0,PVDAQ_10,night_or_low_power
2023-01-03 01:14:00,0.0,0.0,0.0,0.0,PVDAQ_10,night_or_low_power
2023-01-03 01:15:00,0.0,0.0,0.0,0.0,PVDAQ_10,night_or_low_power
2023-01-03 01:16:00,0.0,0.0,0.0,0.0,PVDAQ_10,night_or_low_power
2023-01-03 01:17:00,0.0,0.0,0.0,0.0,PVDAQ_10,night_or_low_power
2023-01-03 01:18:00,0.0,0.0,0.0,0.0,PVDAQ_10,night_or_low_power
2023-01-03 01:19:00,0.0,0.0,0.0,0.0,PVDAQ_10,night_or_low_power
2023-01-03 01:20:00,0.0,0.0,0.0,0.0,PVDAQ_10,night_or_low_power
2023-01-03 01:21:00,0.0,0.0,0.0,0.0,PVDAQ_10,night_or_low_power
2023-01-03 01:22:00,0.0,0.0,0.0,0.0,PVDAQ_10,night_or_low_power
2023-01-03 01:23:00,0.0,0.0,0.0,0.0,PVDAQ_10,night_or_low_power
2023-01-03 01:24:00,0.0,0.0,0.0,0.0,PVDAQ_10,night_or_low_power
2023-01-03 01:25:00,0.0,0.0,0.0,0.0,PVDAQ_10,night_or_low_power
2023-01-03 01:26:00,0.0,0.0,0.0,0.0,PVDAQ_10,night_or_low_power
2023-01-03 01:27:00,0.0,0.0,0.0,0.0,PVDAQ_10,night_or_low_power
2023-01-03 01:28:00,0.0,0.0,0.0,0.0,PVDAQ_10,night_or_low_power
2023-01-03 01:29:00,0.0,0.0,0.0,0.0,PVDAQ_10,night_or_low_power
2023-01-03 01:30:00,0.0,0.0,0.0,0.0,PVDAQ_10,night_or_low_power
2023-01-03 01:31:00,0.0,0.0,0.0,0.0,PVDAQ_10,night_or_low_power
2023-01-03 01:32:00,0.0,0.0,0.0,0.0,PVDAQ_10,night_or_low_power
2023-01-03 01:33:00,0.0,0.0,0.0,0.0,PVDAQ_10,night_or_low_power
2023-01-03 01:34:00,0.0,0.0,0.0,0.0,PVDAQ_10,night_or_low_power
2023-01-03 01:35:00,0.0,0.0,0.0,0.0,PVDAQ_10,night_or_low_power
2023-01-03 01:36:00,0.0,0.0,0.0,0.0,PVDAQ_10,night_or_low_power
2023-01-03 01:37:00,0.0,0.0,0.0,0.0,PVDAQ_10,night_or_low_power
2023-01-03 01:38:00,0.0,0.0,0.0,0.0,PVDAQ_10,night_or_low_power
2023-01-03 01:39:00,0.0,0.0,0.0,0.0,PVDAQ_10,night_or_low_power
2023-01-03 01:40:00,0.0,0.0,0.0,0.0,PVDAQ_10,night_or_low_power
2023-01-03 01:41:00,0.0,0.0,0.0,0.0,PVDAQ_10,night_or_low_power
2023-01-03 01:42:00,0.0,0.0,0.0,0.0,PVDAQ_10,night_or_low_power
2023-01-03 01:43:00,0.0,0.0,0.0,0.0,PVDAQ_10,night_or_low_power
2023-01-03 01:44:00,0.0,0.0,0.0,0.0,PVDAQ_10,night_or_low_power
2023-01-03 01:45:00,0.0,0.0,0.0,0.0,PVDAQ_10,night_or_low_power
2023-01-03 01:46:00,0.0,0.0,0.0,0.0,PVDAQ_10,night_or_low_power
2023-01-03 01:47:00,0.0,0.0,0.0,0.0,PVDAQ_10,night_or_low_power
2023-01-03 01:48:00,0.0,0.0,0.0,0.0,PVDAQ_10,night_or_low_power
2023-01-03 01:49:00,0.0,0.0,0.0,0.0,PVDAQ_10,night_or_low_power
2023-01-03 01:50:00,0.0,0.0,0.0,0.0,PVDAQ_10,night_or_low_power
2023-01-03 01:51:00,0.0,0.0,0.0,0.0,PVDAQ_10,night_or_low_power
2023-01-03 01:52:00,0.0,0.0,0.0,0.0,PVDAQ_10,night_or_low_power
2023-01-03 01:53:00,0.0,0.0,0.0,0.0,PVDAQ_10,night_or_low_power
2023-01-03 01:54:00,0.0,0.0,0.0,0.0,PVDAQ_10,night_or_low_power
2023-01-03 01:55:00,0.0,0.0,0.0,0.0,PVDAQ_10,night_or_low_power
2023-01-03 01:56:00,0.0,0.0,0.0,0.0,PVDAQ_10,night_or_low_power
2023-01-03 01:57:00,0.0,0.0,0.0,0.0,PVDAQ_10,night_or_low_power
2023-01-03 01:58:00,0.0,0.0,0.0,0.0,PVDAQ_10,night_or_low_power
2023-01-03 01:59:00,0.0,0.0,0.0,0.0,PVDAQ_10,night_or_low_power
2023-01-03 02:00:00,0.0,0.0,0.0,0.0,PVDAQ_10,night_or_low_power
2023-01-03 02:01:00,0.0,0.0,0.0,0.0,PVDAQ_10,night_or_low_power
2023-01-03 02:02:00,0.0,0.0,0.0,0.0,PVDAQ_10,night_or_low_power
2023-01-03 02:03:00,0.0,0.0,0.0,0.0,PVDAQ_10,night_or_low_power
2023-01-03 02:04:00,0.0,0.0,0.0,0.0,PVDAQ_10,night_or_low_power
2023-01-03 02:05:00,0.0,0.0,0.0,0.0,PVDAQ_10,night_or_low_power
2023-01-03 02:06:00,0.0,0.0,0.0,0.0,PVDAQ_10,night_or_low_power
2023-01-03 02:07:00,0.0,0.0,0.0,0.0,PVDAQ_10,night_or_low_power
2023-01-03 02:08:00,0.0,0.0,0.0,0.0,PVDAQ_10,night_or_low_power
2023-01-03 02:09:00,0.0,0.0,0.0,0.0,PVDAQ_10,night_or_low_power
2023-01-03 02:10:00,0.0,0.0,0.0,0.0,PVDAQ_10,night_or_low_power
2023-01-03 02:11:00,0.0,0.0,0.0,0.0,PVDAQ_10,night_or_low_power
2023-01-03 02:12:00,0.0,0.0,0.0,0.0,PVDAQ_10,night_or_low_power
2023-01-03 02:13:00,0.0,0.0,0.0,0.0,PVDAQ_10,night_or_low_power
2023-01-03 02:14:00,0.0,0.0,0.0,0.0,PVDAQ_10,night_or_low_power
2023-01-03 02:15:00,0.0,0.0,0.0,0.0,PVDAQ_10,night_or_low_power
2023-01-03 02:16:00,0.0,0.0,0.0,0.0,PVDAQ_10,night_or_low_power
2023-01-03 02:17:00,0.0,0.0,0.0,0.0,PVDAQ_10,night_or_low_power
2023-01-03 02:18:00,0.0,0.0,0.0,0.0,PVDAQ_10,night_or_low_power
2023-01-03 02:19:00,0.0,0.0,0.0,0.0,PVDAQ_10,night_or_low_power
2023-01-03 02:20:00,0.0,0.0,0.0,0.0,PVDAQ_10,night_or_low_power
2023-01-03 02:21:00,0.0,0.0,0.0,0.0,PVDAQ_10,night_or_low_power
2023-01-03 02:22:00,0.0,0.0,0.0,0.0,PVDAQ_10,night_or_low_power
2023-01-03 02:23:00,0.0,0.0,0.0,0.0,PVDAQ_10,night_or_low_power
2023-01-03 02:24:00,0.0,0.0,0.0,0.0,PVDAQ_10,night_or_low_power
2023-01-03 02:25:00,0.0,0.0,0.0,0.0,PVDAQ_10,night_or_low_power
2023-01-03 02:26:00,0.0,0.0,0.0,0.0,PVDAQ_10,night_or_low_power
2023-01-03 02:27:00,0.0,0.0,0.0,0.0,PVDAQ_10,night_or_low_power
2023-01-03 02:28:00,0.0,0.0,0.0,0.0,PVDAQ_10,night_or_low_power
2023-01-03 02:29:00,0.0,0.0,0.0,0.0,PVDAQ_10,night_or_low_power
2023-01-03 02:30:00,0.0,0.0,0.0,0.0,PVDAQ_10,night_or_low_power
2023-01-03 02:31:00,0.0,0.0,0.0,0.0,PVDAQ_10,night_or_low_power
2023-01-03 02:32:00,0.0,0.0,0.0,0.0,PVDAQ_10,night_or_low_power
2023-01-03 02:33:00,0.0,0.0,0.0,0.0,PVDAQ_10,night_or_low_power
2023-01-03 02:34:00,0.0,0.0,0.0,0.0,PVDAQ_10,night_or_low_power
2023-01-03 02:35:00,0.0,0.0,0.0,0.0,PVDAQ_10,night_or_low_power
2023-01-03 02:36:00,0.0,0.0,0.0,0.0,PVDAQ_10,night_or_low_power
2023-01-03 02:37:00,0.0,0.0,0.0,0.0,PVDAQ_10,night_or_low_power
2023-01-03 02:38:00,0.0,0.0,0.0,0.0,PVDAQ_10,night_or_low_power
2023-01-03 02:39:00,0.0,0.0,0.0,0.0,PVDAQ_10,night_or_low_power
2023-01-03 02:40:00,0.0,0.0,0.0,0.0,PVDAQ_10,night_or_low_power
2023-01-03 02:41:00,0.0,0.0,0.0,0.0,PVDAQ_10,night_or_low_power
2023-01-03 02:42:00,0.0,0.0,0.0,0.0,PVDAQ_10,night_or_low_power
2023-01-03 02:43:00,0.0,0.0,0.0,0.0,PVDAQ_10,night_or_low_power
2023-01-03 02:44:00,0.0,0.0,0.0,0.0,PVDAQ_10,night_or_low_power
2023-01-03 02:45:00,0.0,0.0,0.0,0.0,PVDAQ_10,night_or_low_power
2023-01-03 02:46:00,0.0,0.0,0.0,0.0,PVDAQ_10,night_or_low_power
2023-01-03 02:47:00,0.0,0.0,0.0,0.0,PVDAQ_10,night_or_low_power
2023-01-03 02:48:00,0.0,0.0,0.0,0.0,PVDAQ_10,night_or_low_power
2023-01-03 02:49:00,0.0,0.0,0.0,0.0,PVDAQ_10,night_or_low_power
2023-01-03 02:50:00,0.0,0.0,0.0,0.0,PVDAQ_10,night_or_low_power
2023-01-03 02:51:00,0.0,0.0,0.0,0.0,PVDAQ_10,night_or_low_power
2023-01-03 02:52:00,0.0,0.0,0.0,0.0,PVDAQ_10,night_or_low_power
2023-01-03 02:53:00,0.0,0.0,0.0,0.0,PVDAQ_10,night_or_low_power
2023-01-03 02:54:00,0.0,0.0,0.0,0.0,PVDAQ_10,night_or_low_power
2023-01-03 02:55:00,0.0,0.0,0.0,0.0,PVDAQ_10,night_or_low_power
2023-01-03 02:56:00,0.0,0.0,0.0,0.0,PVDAQ_10,night_or_low_power
2023-01-03 02:57:00,0.0,0.0,0.0,0.0,PVDAQ_10,night_or_low_power
2023-01-03 02:58:00,0.0,0.0,0.0,0.0,PVDAQ_10,night_or_low_power
2023-01-03 02:59:00,0.0,0.0,0.0,0.0,PVDAQ_10,night_or_low_power
2023-01-03 03:00:00,0.0,0.0,0.0,0.0,PVDAQ_10,night_or_low_power
2023-01-03 03:01:00,0.0,0.0,0.0,0.0,PVDAQ_10,night_or_low_power
2023-01-03 03:02:00,0.0,0.0,0.0,0.0,PVDAQ_10,night_or_low_power
2023-01-03 03:03:00,0.0,0.0,0.0,0.0,PVDAQ_10,night_or_low_power
2023-01-03 03:04:00,0.0,0.0,0.0,0.0,PVDAQ_10,night_or_low_power
2023-01-03 03:05:00,0.0,0.0,0.0,0.0,PVDAQ_10,night_or_low_power
2023-01-03 03:06:00,0.0,0.0,0.0,0.0,PVDAQ_10,night_or_low_power
2023-01-03 03:07:00,0.0,0.0,0.0,0.0,PVDAQ_10,night_or_low_power
2023-01-03 03:08:00,0.0,0.0,0.0,0.0,PVDAQ_10,night_or_low_power
2023-01-03 03:09:00,0.0,0.0,0.0,0.0,PVDAQ_10,night_or_low_power
2023-01-03 03:10:00,0.0,0.0,0.0,0.0,PVDAQ_10,night_or_low_power
2023-01-03 03:11:00,0.0,0.0,0.0,0.0,PVDAQ_10,night_or_low_power
2023-01-03 03:12:00,0.0,0.0,0.0,0.0,PVDAQ_10,night_or_low_power
2023-01-03 03:13:00,0.0,0.0,0.0,0.0,PVDAQ_10,night_or_low_power
2023-01-03 03:14:00,0.0,0.0,0.0,0.0,PVDAQ_10,night_or_low_power
2023-01-03 03:15:00,0.0,0.0,0.0,0.0,PVDAQ_10,night_or_low_power
2023-01-03 03:16:00,0.0,0.0,0.0,0.0,PVDAQ_10,night_or_low_power
2023-01-03 03:17:00,0.0,0.0,0.0,0.0,PVDAQ_10,night_or_low_power
2023-01-03 03:18:00,0.0,0.0,0.0,0.0,PVDAQ_10,night_or_low_power
2023-01-03 03:19:00,0.0,0.0,0.0,0.0,PVDAQ_10,night_or_low_power
2023-01-03 03:20:00,0.0,0.0,0.0,0.0,PVDAQ_10,night_or_low_power
2023-01-03 03:21:00,0.0,0.0,0.0,0.0,PVDAQ_10,night_or_low_power
2023-01-03 03:22:00,0.0,0.0,0.0,0.0,PVDAQ_10,night_or_low_power
2023-01-03 03:23:00,0.0,0.0,0.0,0.0,PVDAQ_10,night_or_low_power
2023-01-03 03:24:00,0.0,0.0,0.0,0.0,PVDAQ_10,night_or_low_power
2023-01-03 03:25:00,0.0,0.0,0.0,0.0,PVDAQ_10,night_or_low_power
2023-01-03 03:26:00,0.0,0.0,0.0,0.0,PVDAQ_10,night_or_low_power
2023-01-03 03:27:00,0.0,0.0,0.0,0.0,PVDAQ_10,night_or_low_power
2023-01-03 03:28:00,0.0,0.0,0.0,0.0,PVDAQ_10,night_or_low_power
2023-01-03 03:29:00,0.0,0.0,0.0,0.0,PVDAQ_10,night_or_low_power
2023-01-03 03:30:00,0.0,0.0,0.0,0.0,PVDAQ_10,night_or_low_power
2023-01-03 03:31:00,0.0,0.0,0.0,0.0,PVDAQ_10,night_or_low_power
2023-01-03 03:32:00,0.0,0.0,0.0,0.0,PVDAQ_10,night_or_low_power
2023-01-03 03:33:00,0.0,0.0,0.0,0.0,PVDAQ_10,night_or_low_power
2023-01-03 03:34:00,0.0,0.0,0.0,0.0,PVDAQ_10,night_or_low_power
2023-01-03 03:35:00,0.0,0.0,0.0,0.0,PVDAQ_10,night_or_low_power
2023-01-03 03:36:00,0.0,0.0,0.0,0.0,PVDAQ_10,night_or_low_power
2023-01-03 03:37:00,0.0,0.0,0.0,0.0,PVDAQ_10,night_or_low_power
2023-01-03 03:38:00,0.0,0.0,0.0,0.0,PVDAQ_10,night_or_low_power
2023-01-03 03:39:00,0.0,0.0,0.0,0.0,PVDAQ_10,night_or_low_power
2023-01-03 03:40:00,0.0,0.0,0.0,0.0,PVDAQ_10,night_or_low_power
2023-01-03 03:41:00,0.0,0.0,0.0,0.0,PVDAQ_10,night_or_low_power
2023-01-03 03:42:00,0.0,0.0,0.0,0.0,PVDAQ_10,night_or_low_power
2023-01-03 03:43:00,0.0,0.0,0.0,0.0,PVDAQ_10,night_or_low_power
2023-01-03 03:44:00,0.0,0.0,0.0,0.0,PVDAQ_10,night_or_low_power
2023-01-03 03:45:00,0.0,0.0,0.0,0.0,PVDAQ_10,night_or_low_power
2023-01-03 03:46:00,0.0,0.0,0.0,0.0,PVDAQ_10,night_or_low_power
2023-01-03 03:47:00,0.0,0.0,0.0,0.0,PVDAQ_10,night_or_low_power
2023-01-03 03:48:00,0.0,0.0,0.0,0.0,PVDAQ_10,night_or_low_power
2023-01-03 03:49:00,0.0,0.0,0.0,0.0,PVDAQ_10,night_or_low_power
2023-01-03 03:50:00,0.0,0.0,0.0,0.0,PVDAQ_10,night_or_low_power
2023-01-03 03:51:00,0.0,0.0,0.0,0.0,PVDAQ_10,night_or_low_power
2023-01-03 03:52:00,0.0,0.0,0.0,0.0,PVDAQ_10,night_or_low_power
2023-01-03 03:53:00,0.0,0.0,0.0,0.0,PVDAQ_10,night_or_low_power
2023-01-03 03:54:00,0.0,0.0,0.0,0.0,PVDAQ_10,night_or_low_power
2023-01-03 03:55:00,0.0,0.0,0.0,0.0,PVDAQ_10,night_or_low_power
2023-01-03 03:56:00,0.0,0.0,0.0,0.0,PVDAQ_10,night_or_low_power
2023-01-03 03:57:00,0.0,0.0,0.0,0.0,PVDAQ_10,night_or_low_power
2023-01-03 03:58:00,0.0,0.0,0.0,0.0,PVDAQ_10,night_or_low_power
2023-01-03 03:59:00,0.0,0.0,0.0,0.0,PVDAQ_10,night_or_low_power
2023-01-03 04:00:00,0.0,0.0,0.0,0.0,PVDAQ_10,night_or_low_power
2023-01-03 04:01:00,0.0,0.0,0.0,0.0,PVDAQ_10,night_or_low_power
2023-01-03 04:02:00,0.0,0.0,0.0,0.0,PVDAQ_10,night_or_low_power
2023-01-03 04:03:00,0.0,0.0,0.0,0.0,PVDAQ_10,night_or_low_power
2023-01-03 04:04:00,0.0,0.0,0.0,0.0,PVDAQ_10,night_or_low_power
2023-01-03 04:05:00,0.0,0.0,0.0,0.0,PVDAQ_10,night_or_low_power
2023-01-03 04:06:00,0.0,0.0,0.0,0.0,PVDAQ_10,night_or_low_power
2023-01-03 04:07:00,0.0,0.0,0.0,0.0,PVDAQ_10,night_or_low_power
2023-01-03 04:08:00,0.0,0.0,0.0,0.0,PVDAQ_10,night_or_low_power
2023-01-03 04:09:00,0.0,0.0,0.0,0.0,PVDAQ_10,night_or_low_power
2023-01-03 04:10:00,0.0,0.0,0.0,0.0,PVDAQ_10,night_or_low_power
2023-01-03 04:11:00,0.0,0.0,0.0,0.0,PVDAQ_10,night_or_low_power
2023-01-03 04:12:00,0.0,0.0,0.0,0.0,PVDAQ_10,night_or_low_power
2023-01-03 04:13:00,0.0,0.0,0.0,0.0,PVDAQ_10,night_or_low_power
2023-01-03 04:14:00,0.0,0.0,0.0,0.0,PVDAQ_10,night_or_low_power
2023-01-03 04:15:00,0.0,0.0,0.0,0.0,PVDAQ_10,night_or_low_power
2023-01-03 04:16:00,0.0,0.0,0.0,0.0,PVDAQ_10,night_or_low_power
2023-01-03 04:17:00,0.0,0.0,0.0,0.0,PVDAQ_10,night_or_low_power
2023-01-03 04:18:00,0.0,0.0,0.0,0.0,PVDAQ_10,night_or_low_power
2023-01-03 04:19:00,0.0,0.0,0.0,0.0,PVDAQ_10,night_or_low_power
2023-01-03 04:20:00,0.0,0.0,0.0,0.0,PVDAQ_10,night_or_low_power
2023-01-03 04:21:00,0.0,0.0,0.0,0.0,PVDAQ_10,night_or_low_power
2023-01-03 04:22:00,0.0,0.0,0.0,0.0,PVDAQ_10,night_or_low_power
2023-01-03 04:23:00,0.0,0.0,0.0,0.0,PVDAQ_10,night_or_low_power
2023-01-03 04:24:00,0.0,0.0,0.0,0.0,PVDAQ_10,night_or_low_power
2023-01-03 04:25:00,0.0,0.0,0.0,0.0,PVDAQ_10,night_or_low_power
2023-01-03 04:26:00,0.0,0.0,0.0,0.0,PVDAQ_10,night_or_low_power
2023-01-03 04:27:00,0.0,0.0,0.0,0.0,PVDAQ_10,night_or_low_power
2023-01-03 04:28:00,0.0,0.0,0.0,0.0,PVDAQ_10,night_or_low_power
2023-01-03 04:29:00,0.0,0.0,0.0,0.0,PVDAQ_10,night_or_low_power
2023-01-03 04:30:00,0.0,0.0,0.0,0.0,PVDAQ_10,night_or_low_power
2023-01-03 04:31:00,0.0,0.0,0.0,0.0,PVDAQ_10,night_or_low_power
2023-01-03 04:32:00,0.0,0.0,0.0,0.0,PVDAQ_10,night_or_low_power
2023-01-03 04:33:00,0.0,0.0,0.0,0.0,PVDAQ_10,night_or_low_power
2023-01-03 04:34:00,0.0,0.0,0.0,0.0,PVDAQ_10,night_or_low_power
2023-01-03 04:35:00,0.0,0.0,0.0,0.0,PVDAQ_10,night_or_low_power
2023-01-03 04:36:00,0.0,0.0,0.0,0.0,PVDAQ_10,night_or_low_power
2023-01-03 04:37:00,0.0,0.0,0.0,0.0,PVDAQ_10,night_or_low_power
2023-01-03 04:38:00,0.0,0.0,0.0,0.0,PVDAQ_10,night_or_low_power
2023-01-03 04:39:00,0.0,0.0,0.0,0.0,PVDAQ_10,night_or_low_power
2023-01-03 04:40:00,0.0,0.0,0.0,0.0,PVDAQ_10,night_or_low_power
2023-01-03 04:41:00,0.0,0.0,0.0,0.0,PVDAQ_10,night_or_low_power
2023-01-03 04:42:00,0.0,0.0,0.0,0.0,PVDAQ_10,night_or_low_power
2023-01-03 04:43:00,0.0,0.0,0.0,0.0,PVDAQ_10,night_or_low_power
2023-01-03 04:44:00,0.0,0.0,0.0,0.0,PVDAQ_10,night_or_low_power
2023-01-03 04:45:00,0.0,0.0,0.0,0.0,PVDAQ_10,night_or_low_power
2023-01-03 04:46:00,0.0,0.0,0.0,0.0,PVDAQ_10,night_or_low_power
2023-01-03 04:47:00,0.0,0.0,0.0,0.0,PVDAQ_10,night_or_low_power
2023-01-03 04:48:00,0.0,0.0,0.0,0.0,PVDAQ_10,night_or_low_power
2023-01-03 04:49:00,0.0,0.0,0.0,0.0,PVDAQ_10,night_or_low_power
2023-01-03 04:50:00,0.0,0.0,0.0,0.0,PVDAQ_10,night_or_low_power
2023-01-03 04:51:00,0.0,0.0,0.0,0.0,PVDAQ_10,night_or_low_power
2023-01-03 04:52:00,0.0,0.0,0.0,0.0,PVDAQ_10,night_or_low_power
2023-01-03 04:53:00,0.0,0.0,0.0,0.0,PVDAQ_10,night_or_low_power
2023-01-03 04:54:00,0.0,0.0,0.0,0.0,PVDAQ_10,night_or_low_power
2023-01-03 04:55:00,0.0,0.0,0.0,0.0,PVDAQ_10,night_or_low_power
2023-01-03 04:56:00,0.0,0.0,0.0,0.0,PVDAQ_10,night_or_low_power
2023-01-03 04:57:00,0.0,0.0,0.0,0.0,PVDAQ_10,night_or_low_power
2023-01-03 04:58:00,0.0,0.0,0.0,0.0,PVDAQ_10,night_or_low_power
2023-01-03 04:59:00,0.0,0.0,0.0,0.0,PVDAQ_10,night_or_low_power
2023-01-03 05:00:00,0.0,0.0,0.0,0.0,PVDAQ_10,night_or_low_power
2023-01-03 05:01:00,0.0,0.0,0.0,0.0,PVDAQ_10,night_or_low_power
2023-01-03 05:02:00,0.0,0.0,0.0,0.0,PVDAQ_10,night_or_low_power
2023-01-03 05:03:00,0.0,0.0,0.0,0.0,PVDAQ_10,night_or_low_power
2023-01-03 05:04:00,0.0,0.0,0.0,0.0,PVDAQ_10,night_or_low_power
2023-01-03 05:05:00,0.0,0.0,0.0,0.0,PVDAQ_10,night_or_low_power
2023-01-03 05:06:00,0.0,0.0,0.0,0.0,PVDAQ_10,night_or_low_power
2023-01-03 05:07:00,0.0,0.0,0.0,0.0,PVDAQ_10,night_or_low_power
2023-01-03 05:08:00,0.0,0.0,0.0,0.0,PVDAQ_10,night_or_low_power
2023-01-03 05:09:00,0.0,0.0,0.0,0.0,PVDAQ_10,night_or_low_power
2023-01-03 05:10:00,0.0,0.0,0.0,0.0,PVDAQ_10,night_or_low_power
2023-01-03 05:11:00,0.0,0.0,0.0,0.0,PVDAQ_10,night_or_low_power
2023-01-03 05:12:00,0.0,0.0,0.0,0.0,PVDAQ_10,night_or_low_power
2023-01-03 05:13:00,0.0,0.0,0.0,0.0,PVDAQ_10,night_or_low_power
2023-01-03 05:14:00,0.0,0.0,0.0,0.0,PVDAQ_10,night_or_low_power
2023-01-03 05:15:00,0.0,0.0,0.0,0.0,PVDAQ_10,night_or_low_power
2023-01-03 05:16:00,0.0,0.0,0.0,0.0,PVDAQ_10,night_or_low_power
2023-01-03 05:17:00,0.0,0.0,0.0,0.0,PVDAQ_10,night_or_low_power
2023-01-03 05:18:00,0.0,0.0,0.0,0.0,PVDAQ_10,night_or_low_power
2023-01-03 05:19:00,0.0,0.0,0.0,0.0,PVDAQ_10,night_or_low_power
2023-01-03 05:20:00,0.0,0.0,0.0,0.0,PVDAQ_10,night_or_low_power
2023-01-03 05:21:00,0.0,0.0,0.0,0.0,PVDAQ_10,night_or_low_power
2023-01-03 05:22:00,0.0,0.0,0.0,0.0,PVDAQ_10,night_or_low_power
2023-01-03 05:23:00,0.0,0.0,0.0,0.0,PVDAQ_10,night_or_low_power
2023-01-03 05:24:00,0.0,0.0,0.0,0.0,PVDAQ_10,night_or_low_power
2023-01-03 05:25:00,0.0,0.0,0.0,0.0,PVDAQ_10,night_or_low_power
2023-01-03 05:26:00,0.0,0.0,0.0,0.0,PVDAQ_10,night_or_low_power
2023-01-03 05:27:00,0.0,0.0,0.0,0.0,PVDAQ_10,night_or_low_power
2023-01-03 05:28:00,0.0,0.0,0.0,0.0,PVDAQ_10,night_or_low_power
2023-01-03 05:29:00,0.0,0.0,0.0,0.0,PVDAQ_10,night_or_low_power
2023-01-03 05:30:00,0.0,0.0,0.0,0.0,PVDAQ_10,night_or_low_power
2023-01-03 05:31:00,0.0,0.0,0.0,0.0,PVDAQ_10,night_or_low_power
2023-01-03 05:32:00,0.0,0.0,0.0,0.0,PVDAQ_10,night_or_low_power
2023-01-03 05:33:00,0.0,0.0,0.0,0.0,PVDAQ_10,night_or_low_power
2023-01-03 05:34:00,0.0,0.0,0.0,0.0,PVDAQ_10,night_or_low_power
2023-01-03 05:35:00,0.0,0.0,0.0,0.0,PVDAQ_10,night_or_low_power
2023-01-03 05:36:00,0.0,0.0,0.0,0.0,PVDAQ_10,night_or_low_power
2023-01-03 05:37:00,0.0,0.0,0.0,0.0,PVDAQ_10,night_or_low_power
2023-01-03 05:38:00,0.0,0.0,0.0,0.0,PVDAQ_10,night_or_low_power
2023-01-03 05:39:00,0.0,0.0,0.0,0.0,PVDAQ_10,night_or_low_power
2023-01-03 05:40:00,0.0,0.0,0.0,0.0,PVDAQ_10,night_or_low_power
2023-01-03 05:41:00,0.0,0.0,0.0,0.0,PVDAQ_10,night_or_low_power
2023-01-03 05:42:00,0.0,0.0,0.0,0.0,PVDAQ_10,night_or_low_power
2023-01-03 05:43:00,0.0,0.0,0.0,0.0,PVDAQ_10,night_or_low_power
2023-01-03 05:44:00,0.0,0.0,0.0,0.0,PVDAQ_10,night_or_low_power
2023-01-03 05:45:00,0.0,0.0,0.0,0.0,PVDAQ_10,night_or_low_power
2023-01-03 05:46:00,0.0,0.0,0.0,0.0,PVDAQ_10,night_or_low_power
2023-01-03 05:47:00,0.0,0.0,0.0,0.0,PVDAQ_10,night_or_low_power
2023-01-03 05:48:00,0.0,0.0,0.0,0.0,PVDAQ_10,night_or_low_power
2023-01-03 05:49:00,0.0,0.0,0.0,0.0,PVDAQ_10,night_or_low_power
2023-01-03 05:50:00,0.0,0.0,0.0,0.0,PVDAQ_10,night_or_low_power
2023-01-03 05:51:00,0.0,0.0,0.0,0.0,PVDAQ_10,night_or_low_power
2023-01-03 05:52:00,0.0,0.0,0.0,0.0,PVDAQ_10,night_or_low_power
2023-01-03 05:53:00,0.0,0.0,0.0,0.0,PVDAQ_10,night_or_low_power
2023-01-03 05:54:00,0.0,0.0,0.0,0.0,PVDAQ_10,night_or_low_power
2023-01-03 05:55:00,0.0,0.0,0.0,0.0,PVDAQ_10,night_or_low_power
2023-01-03 05:56:00,0.0,0.0,0.0,0.0,PVDAQ_10,night_or_low_power
2023-01-03 05:57:00,0.0,0.0,0.0,0.0,PVDAQ_10,night_or_low_power
2023-01-03 05:58:00,0.0,0.0,0.0,0.0,PVDAQ_10,night_or_low_power
2023-01-03 05:59:00,0.0,0.0,0.0,0.0,PVDAQ_10,night_or_low_power
2023-01-03 06:00:00,0.0,0.0,0.0,0.0,PVDAQ_10,night_or_low_power
2023-01-03 06:01:00,0.0,0.0,0.0,0.0,PVDAQ_10,night_or_low_power
2023-01-03 06:02:00,0.0,0.0,0.0,0.0,PVDAQ_10,night_or_low_power
2023-01-03 06:03:00,0.0,0.0,0.0,0.0,PVDAQ_10,night_or_low_power
2023-01-03 06:04:00,0.0,0.0,0.0,0.0,PVDAQ_10,night_or_low_power
2023-01-03 06:05:00,0.0,0.0,0.0,0.0,PVDAQ_10,night_or_low_power
2023-01-03 06:06:00,0.0,0.0,0.0,0.0,PVDAQ_10,night_or_low_power
2023-01-03 06:07:00,0.0,0.0,0.0,0.0,PVDAQ_10,night_or_low_power
2023-01-03 06:08:00,0.0,0.0,0.0,0.0,PVDAQ_10,night_or_low_power
2023-01-03 06:09:00,0.0,0.0,0.0,0.0,PVDAQ_10,night_or_low_power
2023-01-03 06:10:00,0.0,0.0,0.0,0.0,PVDAQ_10,night_or_low_power
2023-01-03 06:11:00,0.0,0.0,0.0,0.0,PVDAQ_10,night_or_low_power
2023-01-03 06:12:00,0.0,0.0,0.0,0.0,PVDAQ_10,night_or_low_power
2023-01-03 06:13:00,0.0,0.0,0.0,0.0,PVDAQ_10,night_or_low_power
2023-01-03 06:14:00,0.0,0.0,0.0,0.0,PVDAQ_10,night_or_low_power
2023-01-03 06:15:00,0.0,0.0,0.0,0.0,PVDAQ_10,night_or_low_power
2023-01-03 06:16:00,0.0,0.0,0.0,0.0,PVDAQ_10,night_or_low_power
2023-01-03 06:17:00,0.0,0.0,0.0,0.0,PVDAQ_10,night_or_low_power
2023-01-03 06:18:00,0.0,0.0,0.0,0.0,PVDAQ_10,night_or_low_power
2023-01-03 06:19:00,0.0,0.0,0.0,0.0,PVDAQ_10,night_or_low_power
2023-01-03 06:20:00,0.0,0.0,0.0,0.0,PVDAQ_10,night_or_low_power
2023-01-03 06:21:00,0.0,0.0,0.0,0.0,PVDAQ_10,night_or_low_power
2023-01-03 06:22:00,0.0,0.0,0.0,0.0,PVDAQ_10,night_or_low_power
2023-01-03 06:23:00,0.0,0.0,0.0,0.0,PVDAQ_10,night_or_low_power
2023-01-03 06:24:00,0.0,0.0,0.0,0.0,PVDAQ_10,night_or_low_power
2023-01-03 06:25:00,0.0,0.0,0.0,0.0,PVDAQ_10,night_or_low_power
2023-01-03 06:26:00,0.0,0.0,0.0,0.0,PVDAQ_10,night_or_low_power
2023-01-03 06:27:00,0.0,0.0,0.0,0.0,PVDAQ_10,night_or_low_power
2023-01-03 06:28:00,0.0,0.0,0.0,0.0,PVDAQ_10,night_or_low_power
2023-01-03 06:29:00,0.0,0.0,0.0,0.0,PVDAQ_10,night_or_low_power
2023-01-03 06:30:00,0.0,0.0,0.0,0.0,PVDAQ_10,night_or_low_power
2023-01-03 06:31:00,0.0,0.0,0.0,0.0,PVDAQ_10,night_or_low_power
2023-01-03 06:32:00,0.0,0.0,0.0,0.0,PVDAQ_10,night_or_low_power
2023-01-03 06:33:00,0.0,0.0,0.0,0.0,PVDAQ_10,night_or_low_power
2023-01-03 06:34:00,0.0,0.0,0.0,0.0,PVDAQ_10,night_or_low_power
2023-01-03 06:35:00,0.0,0.0,0.0,0.0,PVDAQ_10,night_or_low_power
2023-01-03 06:36:00,0.0,0.0,0.0,0.0,PVDAQ_10,night_or_low_power
2023-01-03 06:37:00,0.0,0.0,0.0,0.0,PVDAQ_10,night_or_low_power
2023-01-03 06:38:00,0.0,0.0,0.0,0.0,PVDAQ_10,night_or_low_power
2023-01-03 06:39:00,0.0,0.0,0.0,0.0,PVDAQ_10,night_or_low_power
2023-01-03 06:40:00,0.0,0.0,0.0,0.0,PVDAQ_10,night_or_low_power
2023-01-03 06:41:00,0.0,0.0,0.0,0.0,PVDAQ_10,night_or_low_power
2023-01-03 06:42:00,0.0,0.0,0.0,0.0,PVDAQ_10,night_or_low_power
2023-01-03 06:43:00,0.0,0.0,0.0,0.0,PVDAQ_10,night_or_low_power
2023-01-03 06:44:00,0.0,0.0,0.0,0.0,PVDAQ_10,night_or_low_power
2023-01-03 06:45:00,0.0,0.0,0.0,0.0,PVDAQ_10,night_or_low_power
2023-01-03 06:46:00,0.0,0.0,0.0,0.0,PVDAQ_10,night_or_low_power
2023-01-03 06:47:00,0.0,0.0,0.0,0.0,PVDAQ_10,night_or_low_power
2023-01-03 06:48:00,0.0,0.0,0.0,0.0,PVDAQ_10,night_or_low_power
2023-01-03 06:49:00,0.0,0.0,0.0,0.0,PVDAQ_10,night_or_low_power
2023-01-03 06:50:00,0.0,0.0,0.0,0.0,PVDAQ_10,night_or_low_power
2023-01-03 06:51:00,0.0,0.0,0.0,0.0,PVDAQ_10,night_or_low_power
2023-01-03 06:52:00,0.0,0.0,0.0,0.0,PVDAQ_10,night_or_low_power
2023-01-03 06:53:00,0.0,0.0,0.0,0.0,PVDAQ_10,night_or_low_power
2023-01-03 06:54:00,0.0,0.0,0.0,0.0,PVDAQ_10,night_or_low_power
2023-01-03 06:55:00,0.0,0.0,0.0,0.0,PVDAQ_10,night_or_low_power
2023-01-03 06:56:00,0.0,0.0,0.0,0.0,PVDAQ_10,night_or_low_power
2023-01-03 06:57:00,0.0,0.0,0.0,0.0,PVDAQ_10,night_or_low_power
2023-01-03 06:58:00,0.0,0.0,0.0,0.0,PVDAQ_10,night_or_low_power
2023-01-03 06:59:00,0.0,0.0,0.0,0.0,PVDAQ_10,night_or_low_power
2023-01-03 07:00:00,0.0,0.0,0.0,0.0,PVDAQ_10,night_or_low_power
2023-01-03 07:01:00,0.0,0.0,0.0,0.0,PVDAQ_10,night_or_low_power
2023-01-03 07:02:00,0.0,0.0,0.0,0.0,PVDAQ_10,night_or_low_power
2023-01-03 07:03:00,0.0,0.0,0.0,0.0,PVDAQ_10,night_or_low_power
2023-01-03 07:04:00,0.0,0.0,0.0,0.0,PVDAQ_10,night_or_low_power
2023-01-03 07:05:00,0.0,0.0,0.0,0.0,PVDAQ_10,night_or_low_power
2023-01-03 07:06:00,0.0,0.0,0.0,0.0,PVDAQ_10,night_or_low_power
2023-01-03 07:07:00,0.0,0.0,0.0,0.0,PVDAQ_10,night_or_low_power
2023-01-03 07:08:00,0.0,0.0,0.0,0.0,PVDAQ_10,night_or_low_power
2023-01-03 07:09:00,0.0,0.0,0.0,0.0,PVDAQ_10,night_or_low_power
2023-01-03 07:10:00,0.0,0.0,0.0,0.0,PVDAQ_10,night_or_low_power
2023-01-03 07:11:00,0.0,0.0,0.0,0.0,PVDAQ_10,night_or_low_power
2023-01-03 07:12:00,0.0,0.0,0.0,0.0,PVDAQ_10,night_or_low_power
2023-01-03 07:13:00,0.0,0.0,0.0,0.0,PVDAQ_10,night_or_low_power
2023-01-03 07:14:00,0.0,0.0,0.0,0.0,PVDAQ_10,night_or_low_power
2023-01-03 07:15:00,0.0,0.0,0.0,0.0,PVDAQ_10,night_or_low_power
2023-01-03 07:16:00,0.0,0.0,0.0,0.0,PVDAQ_10,night_or_low_power
2023-01-03 07:17:00,0.0,0.0,0.0,0.0,PVDAQ_10,night_or_low_power
2023-01-03 07:18:00,0.0,0.0,0.0,0.0,PVDAQ_10,night_or_low_power
2023-01-03 07:19:00,0.0,0.0,0.0,0.0,PVDAQ_10,night_or_low_power
2023-01-03 07:20:00,0.0,0.0,0.0,0.0,PVDAQ_10,night_or_low_power
2023-01-03 07:21:00,0.0,0.0,0.0,0.0,PVDAQ_10,night_or_low_power
2023-01-03 07:22:00,0.0,0.0,0.0,0.0,PVDAQ_10,night_or_low_power
2023-01-03 07:23:00,0.0,0.0,0.0,0.0,PVDAQ_10,night_or_low_power
2023-01-03 07:24:00,0.0,0.0,0.0,0.0,PVDAQ_10,night_or_low_power
2023-01-03 07:25:00,0.0,0.0,0.0,0.0,PVDAQ_10,cloudy
2023-01-03 07:26:00,0.0,0.23882930000000002,-0.23882930000000002,0.23882930000000002,PVDAQ_10,cloudy
2023-01-03 07:27:00,0.0,0.0,0.0,0.0,PVDAQ_10,cloudy
2023-01-03 07:28:00,0.0,0.0,0.0,0.0,PVDAQ_10,cloudy
2023-01-03 07:29:00,0.0,0.0,0.0,0.0,PVDAQ_10,cloudy
2023-01-03 07:30:00,0.0,0.0,0.0,0.0,PVDAQ_10,cloudy
2023-01-03 07:31:00,0.0,0.0,0.0,0.0,PVDAQ_10,cloudy
2023-01-03 07:32:00,0.0,0.00033279999999999947,-0.00033279999999999947,0.00033279999999999947,PVDAQ_10,cloudy
2023-01-03 07:33:00,0.0,0.0,0.0,0.0,PVDAQ_10,cloudy
2023-01-03 07:34:00,0.0,0.0,0.0,0.0,PVDAQ_10,cloudy
2023-01-03 07:35:00,0.0,0.0297433,-0.0297433,0.0297433,PVDAQ_10,cloudy
2023-01-03 07:36:00,0.0,0.0,0.0,0.0,PVDAQ_10,cloudy
2023-01-03 07:37:00,0.0,0.0,0.0,0.0,PVDAQ_10,cloudy
2023-01-03 07:38:00,0.0,0.0,0.0,0.0,PVDAQ_10,cloudy
2023-01-03 07:39:00,0.0,0.0,0.0,0.0,PVDAQ_10,cloudy
2023-01-03 07:40:00,0.0,0.0,0.0,0.0,PVDAQ_10,cloudy
2023-01-03 07:41:00,0.0,0.0,0.0,0.0,PVDAQ_10,cloudy
2023-01-03 07:42:00,0.0,0.0,0.0,0.0,PVDAQ_10,cloudy
2023-01-03 07:43:00,0.0,0.0,0.0,0.0,PVDAQ_10,cloudy
2023-01-03 07:44:00,0.0,0.0,0.0,0.0,PVDAQ_10,moderate
2023-01-03 07:45:00,0.0,0.0,0.0,0.0,PVDAQ_10,moderate
2023-01-03 07:46:00,0.0,0.0,0.0,0.0,PVDAQ_10,moderate
2023-01-03 07:47:00,0.0,0.0,0.0,0.0,PVDAQ_10,moderate
2023-01-03 07:48:00,0.0,0.0,0.0,0.0,PVDAQ_10,moderate
2023-01-03 07:49:00,0.0,0.0,0.0,0.0,PVDAQ_10,moderate
2023-01-03 07:50:00,0.0,0.0,0.0,0.0,PVDAQ_10,moderate
2023-01-03 07:51:00,0.0,0.0,0.0,0.0,PVDAQ_10,moderate
2023-01-03 07:52:00,0.0,0.0,0.0,0.0,PVDAQ_10,moderate
2023-01-03 07:53:00,0.0,0.0031074,-0.0031074,0.0031074,PVDAQ_10,moderate
2023-01-03 07:54:00,0.0,0.0031074,-0.0031074,0.0031074,PVDAQ_10,moderate
2023-01-03 07:55:00,0.0,0.03174104999999999,-0.03174104999999999,0.03174104999999999,PVDAQ_10,moderate
2023-01-03 07:56:00,0.0,0.00077685,-0.00077685,0.00077685,PVDAQ_10,moderate
2023-01-03 07:57:00,0.0,0.0023305500000000002,-0.0023305500000000002,0.0023305500000000002,PVDAQ_10,moderate
2023-01-03 07:58:00,0.0,0.0389554,-0.0389554,0.0389554,PVDAQ_10,moderate
2023-01-03 07:59:00,0.0,0.0,0.0,0.0,PVDAQ_10,moderate
2023-01-03 08:00:00,0.0,0.0108759,-0.0108759,0.0108759,PVDAQ_10,moderate
2023-01-03 08:01:00,0.0,0.03118534999999997,-0.03118534999999997,0.03118534999999997,PVDAQ_10,moderate
2023-01-03 08:02:00,0.0,0.0015537,-0.0015537,0.0015537,PVDAQ_10,moderate
2023-01-03 08:03:00,0.0,0.0,0.0,0.0,PVDAQ_10,moderate
2023-01-03 08:04:00,0.0,0.0,0.0,0.0,PVDAQ_10,moderate
2023-01-03 08:05:00,0.0,0.0031074,-0.0031074,0.0031074,PVDAQ_10,moderate
2023-01-03 08:06:00,0.0,0.01009905,-0.01009905,0.01009905,PVDAQ_10,moderate
2023-01-03 08:07:00,0.0,0.0023305500000000002,-0.0023305500000000002,0.0023305500000000002,PVDAQ_10,moderate
2023-01-03 08:08:00,0.0,0.0031074,-0.0031074,0.0031074,PVDAQ_10,cloudy
2023-01-03 08:09:00,0.0,0.01165275,-0.01165275,0.01165275,PVDAQ_10,cloudy
2023-01-03 08:10:00,0.0,0.044280449999999937,-0.044280449999999937,0.044280449999999937,PVDAQ_10,moderate
2023-01-03 08:11:00,0.15537,0.0,0.15537,0.15537,PVDAQ_10,moderate
2023-01-03 08:12:00,0.0,0.03961934999999995,-0.03961934999999995,0.03961934999999995,PVDAQ_10,moderate
2023-01-03 08:13:00,1.4206,1.1003889500000004,0.3202110499999997,0.3202110499999997,PVDAQ_10,moderate
2023-01-03 08:14:00,3.3516,3.5856384500000087,-0.23403845000000878,0.23403845000000878,PVDAQ_10,moderate
2023-01-03 08:15:00,3.9509,3.458613150000003,0.49228684999999706,0.49228684999999706,PVDAQ_10,moderate
2023-01-03 08:16:00,3.3738,3.8266797000000117,-0.45287970000001154,0.45287970000001154,PVDAQ_10,moderate
2023-01-03 08:17:00,1.4872,1.6478114000000021,-0.16061140000000207,0.16061140000000207,PVDAQ_10,moderate
2023-01-03 08:18:00,1.9755,1.2401418500000014,0.7353581499999986,0.7353581499999986,PVDAQ_10,moderate
2023-01-03 08:19:00,0.99883,1.2230500000000013,-0.2242200000000013,0.2242200000000013,PVDAQ_10,moderate
2023-01-03 08:20:00,4.2173,3.7801948000000025,0.4371051999999973,0.4371051999999973,PVDAQ_10,moderate
2023-01-03 08:21:00,6.448,5.0811285000000055,1.366871499999995,1.366871499999995,PVDAQ_10,moderate
2023-01-03 08:22:00,9.9439,8.806448500000018,1.1374514999999814,1.1374514999999814,PVDAQ_10,moderate
2023-01-03 08:23:00,8.7786,9.675493499999998,-0.8968934999999973,0.8968934999999973,PVDAQ_10,moderate
2023-01-03 08:24:00,2.6303,6.64004799999999,-4.00974799999999,4.00974799999999,PVDAQ_10,moderate
2023-01-03 08:25:00,5.649,5.352429150000011,0.2965708499999886,0.2965708499999886,PVDAQ_10,moderate
2023-01-03 08:26:00,6.5923,5.140349000000007,1.451950999999993,1.451950999999993,PVDAQ_10,moderate
2023-01-03 08:27:00,9.8441,9.385282500000002,0.45881749999999677,0.45881749999999677,PVDAQ_10,moderate
2023-01-03 08:28:00,12.064,10.489962500000006,1.574037499999994,1.574037499999994,PVDAQ_10,moderate
2023-01-03 08:29:00,12.374,11.8035275,0.570472500000001,0.570472500000001,PVDAQ_10,moderate
2023-01-03 08:30:00,9.1449,10.105386,-0.9604859999999995,0.9604859999999995,PVDAQ_10,moderate
2023-01-03 08:31:00,11.331,9.94247500000002,1.38852499999998,1.38852499999998,PVDAQ_10,moderate
2023-01-03 08:32:00,14.483,13.2819985,1.2010015000000003,1.2010015000000003,PVDAQ_10,sunny
2023-01-03 08:33:00,15.804,16.749004999999975,-0.9450049999999752,0.9450049999999752,PVDAQ_10,sunny
2023-01-03 08:34:00,16.403,16.33656000000003,0.06643999999996808,0.06643999999996808,PVDAQ_10,sunny
2023-01-03 08:35:00,17.38,17.796244999999953,-0.4162449999999538,0.4162449999999538,PVDAQ_10,sunny
2023-01-03 08:36:00,17.89,18.01807499999999,-0.1280749999999884,0.1280749999999884,PVDAQ_10,sunny
2023-01-03 08:37:00,18.379,18.05990999999999,0.31909000000000987,0.31909000000000987,PVDAQ_10,sunny
2023-01-03 08:38:00,19.078,18.523969499999968,0.5540305000000316,0.5540305000000316,PVDAQ_10,sunny
2023-01-03 08:39:00,19.522,18.86397499999998,0.6580250000000198,0.6580250000000198,PVDAQ_10,sunny
2023-01-03 08:40:00,19.666,19.82120499999996,-0.15520499999995963,0.15520499999995963,PVDAQ_10,sunny
2023-01-03 08:41:00,19.877,20.154585000000008,-0.2775850000000091,0.2775850000000091,PVDAQ_10,sunny
2023-01-03 08:42:00,20.52,20.091819999999956,0.42818000000004375,0.42818000000004375,PVDAQ_10,sunny
2023-01-03 08:43:00,21.086,20.61907999999996,0.4669200000000373,0.4669200000000373,PVDAQ_10,sunny
2023-01-03 08:44:00,21.575,21.125114999999937,0.44988500000006226,0.44988500000006226,PVDAQ_10,sunny
2023-01-03 08:45:00,22.074,22.55242999999997,-0.4784299999999675,0.4784299999999675,PVDAQ_10,sunny
2023-01-03 08:46:00,22.796,24.036649999999955,-1.240649999999956,1.240649999999956,PVDAQ_10,sunny
2023-01-03 08:47:00,24.161,25.281254999999952,-1.1202549999999505,1.1202549999999505,PVDAQ_10,sunny
2023-01-03 08:48:00,24.383,24.66437000000001,-0.28137000000000967,0.28137000000000967,PVDAQ_10,sunny
2023-01-03 08:49:00,24.272,25.574165000000026,-1.302165000000027,1.302165000000027,PVDAQ_10,sunny
2023-01-03 08:50:00,25.67,25.631235,0.03876500000000149,0.03876500000000149,PVDAQ_10,sunny
2023-01-03 08:51:00,26.858,27.921520000000097,-1.0635200000000964,1.0635200000000964,PVDAQ_10,sunny
2023-01-03 08:52:00,27.779,28.429025000000035,-0.6500250000000349,0.6500250000000349,PVDAQ_10,sunny
2023-01-03 08:53:00,29.588,29.900105000000007,-0.31210500000000607,0.31210500000000607,PVDAQ_10,sunny
2023-01-03 08:54:00,30.231,29.18338499999999,1.047615000000011,1.047615000000011,PVDAQ_10,sunny
2023-01-03 08:55:00,31.952,30.355009999999965,1.5969900000000372,1.5969900000000372,PVDAQ_10,sunny
2023-01-03 08:56:00,34.205,28.86361999999999,5.341380000000008,5.341380000000008,PVDAQ_10,sunny
2023-01-03 08:57:00,31.097,28.209450000000015,2.8875499999999867,2.8875499999999867,PVDAQ_10,sunny
2023-01-03 08:58:00,20.132,38.503089999999965,-18.371089999999963,18.371089999999963,PVDAQ_10,sunny
2023-01-03 08:59:00,38.2,27.946699999999996,10.253300000000007,10.253300000000007,PVDAQ_10,sunny
2023-01-03 09:00:00,43.305,37.25504499999997,6.049955000000033,6.049955000000033,PVDAQ_10,sunny
2023-01-03 09:01:00,44.759,42.49504999999995,2.263950000000051,2.263950000000051,PVDAQ_10,sunny
2023-01-03 09:02:00,49.831,91.144726,-41.313726,41.313726,PVDAQ_10,sunny
2023-01-03 09:03:00,80.473,101.45457099999994,-20.981570999999946,20.981570999999946,PVDAQ_10,sunny
2023-01-03 09:04:00,119.72,89.83229150000003,29.887708499999974,29.887708499999974,PVDAQ_10,sunny
2023-01-03 09:05:00,164.25,96.14146500000003,68.10853499999997,68.10853499999997,PVDAQ_10,sunny
2023-01-03 09:06:00,200.69,244.63964999999996,-43.94964999999996,43.94964999999996,PVDAQ_10,sunny
2023-01-03 09:07:00,218.32,233.40202050000022,-15.082020500000226,15.082020500000226,PVDAQ_10,sunny
2023-01-03 09:08:00,240.87,271.21093050000025,-30.34093050000024,30.34093050000024,PVDAQ_10,sunny
2023-01-03 09:09:00,261.64,276.69257550000026,-15.052575500000273,15.052575500000273,PVDAQ_10,sunny
2023-01-03 09:10:00,274.44,276.3051165,-1.8651164999999992,1.8651164999999992,PVDAQ_10,sunny
2023-01-03 09:11:00,282.93,281.6215515,1.3084484999999972,1.3084484999999972,PVDAQ_10,sunny
2023-01-03 09:12:00,300.65,305.5810969999999,-4.931096999999909,4.931096999999909,PVDAQ_10,sunny
2023-01-03 09:13:00,308.96,305.26589166666605,3.6941083333339293,3.6941083333339293,PVDAQ_10,sunny
2023-01-03 09:14:00,308.6,307.38376100000016,1.2162389999998595,1.2162389999998595,PVDAQ_10,sunny
2023-01-03 09:15:00,307.98,306.8764321428566,1.103567857143446,1.103567857143446,PVDAQ_10,sunny
2023-01-03 09:16:00,306.78,308.81828850000073,-2.0382885000007605,2.0382885000007605,PVDAQ_10,sunny
2023-01-03 09:17:00,310.23,309.0819626666667,1.1480373333333205,1.1480373333333205,PVDAQ_10,sunny
2023-01-03 09:18:00,312.65,311.6337795000004,1.0162204999995765,1.0162204999995765,PVDAQ_10,sunny
2023-01-03 09:19:00,314.54,322.2511371666667,-7.711137166666674,7.711137166666674,PVDAQ_10,sunny
2023-01-03 09:20:00,324.45,325.71594953503734,-1.2659495350373504,1.2659495350373504,PVDAQ_10,sunny
2023-01-03 09:21:00,324.75,330.0629564293645,-5.312956429364476,5.312956429364476,PVDAQ_10,sunny
2023-01-03 09:22:00,324.39,331.44301392936444,-7.053013929364454,7.053013929364454,PVDAQ_10,sunny
2023-01-03 09:23:00,327.92,328.5431412563493,-0.6231412563492995,0.6231412563492995,PVDAQ_10,sunny
2023-01-03 09:24:00,329.26,338.15089723712134,-8.89089723712135,8.89089723712135,PVDAQ_10,sunny
2023-01-03 09:25:00,333.85,336.9589900151963,-3.108990015196298,3.108990015196298,PVDAQ_10,sunny
2023-01-03 09:26:00,346.53,358.6085184999997,-12.078518499999745,12.078518499999745,PVDAQ_10,sunny
2023-01-03 09:27:00,363.18,372.80290600000035,-9.622906000000341,9.622906000000341,PVDAQ_10,sunny
2023-01-03 09:28:00,380.09,397.9491150000006,-17.8591150000006,17.8591150000006,PVDAQ_10,sunny
2023-01-03 09:29:00,389.58,401.57788800000054,-11.997888000000557,11.997888000000557,PVDAQ_10,sunny
2023-01-03 09:30:00,397.6,403.25425650000005,-5.654256500000031,5.654256500000031,PVDAQ_10,sunny
2023-01-03 09:31:00,402.77,405.57356216666733,-2.803562166667348,2.803562166667348,PVDAQ_10,sunny
2023-01-03 09:32:00,409.43,408.5057496666676,0.9242503333323953,0.9242503333323953,PVDAQ_10,sunny
2023-01-03 09:33:00,411.11,417.5372020000005,-6.427202000000477,6.427202000000477,PVDAQ_10,sunny
2023-01-03 09:34:00,418.19,419.82891100000074,-1.6389110000007463,1.6389110000007463,PVDAQ_10,sunny
2023-01-03 09:35:00,417.05,415.68530000000067,1.3646999999993454,1.3646999999993454,PVDAQ_10,sunny
2023-01-03 09:36:00,424.99,424.95542150000074,0.03457849999927021,0.03457849999927021,PVDAQ_10,sunny
2023-01-03 09:37:00,432.87,430.2324000000002,2.637599999999793,2.637599999999793,PVDAQ_10,sunny
2023-01-03 09:38:00,430.51,433.7044200000001,-3.1944200000000933,3.1944200000000933,PVDAQ_10,sunny
2023-01-03 09:39:00,431.66,433.77423083333355,-2.1142308333335222,2.1142308333335222,PVDAQ_10,sunny
2023-01-03 09:40:00,443.15,444.4729625,-1.322962500000017,1.322962500000017,PVDAQ_10,sunny
2023-01-03 09:41:00,281.7,307.7091970813578,-26.009197081357797,26.009197081357797,PVDAQ_10,sunny
2023-01-03 09:42:00,408.88,413.12418029761994,-4.244180297619948,4.244180297619948,PVDAQ_10,sunny
2023-01-03 09:43:00,445.22,441.9686084999994,3.2513915000006364,3.2513915000006364,PVDAQ_10,sunny
2023-01-03 09:44:00,460.62,467.8049145000006,-7.184914500000616,7.184914500000616,PVDAQ_10,sunny
2023-01-03 09:45:00,470.0,471.7531765000005,-1.7531765000005066,1.7531765000005066,PVDAQ_10,sunny
2023-01-03 09:46:00,478.85,480.00922249999996,-1.1592224999999416,1.1592224999999416,PVDAQ_10,sunny
2023-01-03 09:47:00,484.49,484.5749025000004,-0.08490250000039623,0.08490250000039623,PVDAQ_10,sunny
2023-01-03 09:48:00,497.61,497.4975500000002,0.11244999999979655,0.11244999999979655,PVDAQ_10,sunny
2023-01-03 09:49:00,499.67,498.55105000000026,1.1189499999997565,1.1189499999997565,PVDAQ_10,sunny
2023-01-03 09:50:00,333.44,326.6563037208332,6.783696279166804,6.783696279166804,PVDAQ_10,sunny
2023-01-03 09:51:00,367.43,381.3214299999997,-13.891429999999673,13.891429999999673,PVDAQ_10,sunny
2023-01-03 09:52:00,314.65,313.87031722432283,0.779682775677145,0.779682775677145,PVDAQ_10,sunny
2023-01-03 09:53:00,285.84,312.2371421738099,-26.397142173809925,26.397142173809925,PVDAQ_10,sunny
2023-01-03 09:54:00,447.4,448.40270000000106,-1.0027000000010844,1.0027000000010844,PVDAQ_10,sunny
2023-01-03 09:55:00,521.19,523.6246275000001,-2.4346275000000333,2.4346275000000333,PVDAQ_10,sunny
2023-01-03 09:56:00,491.29,494.0574280000001,-2.767428000000052,2.767428000000052,PVDAQ_10,sunny
2023-01-03 09:57:00,410.81,410.3584950000009,0.4515049999990879,0.4515049999990879,PVDAQ_10,sunny
2023-01-03 09:58:00,405.91,408.88959999999946,-2.9795999999994365,2.9795999999994365,PVDAQ_10,sunny
2023-01-03 09:59:00,496.74,497.36337799999933,-0.6233779999993203,0.6233779999993203,PVDAQ_10,sunny
2023-01-03 10:00:00,440.88,441.23441869791696,-0.35441869791696945,0.35441869791696945,PVDAQ_10,sunny
2023-01-03 10:01:00,564.06,564.9701214999991,-0.9101214999991498,0.9101214999991498,PVDAQ_10,sunny
2023-01-03 10:02:00,449.3,454.53803700000026,-5.238037000000247,5.238037000000247,PVDAQ_10,sunny
2023-01-03 10:03:00,469.36,479.28923566666685,-9.929235666666841,9.929235666666841,PVDAQ_10,sunny
2023-01-03 10:04:00,511.81,522.7399535,-10.929953499999954,10.929953499999954,PVDAQ_10,sunny
2023-01-03 10:05:00,502.04,502.5140494999991,-0.47404949999906876,0.47404949999906876,PVDAQ_10,sunny
2023-01-03 10:06:00,545.01,552.9058320000007,-7.895832000000723,7.895832000000723,PVDAQ_10,sunny
2023-01-03 10:07:00,562.45,567.6531639999985,-5.203163999998424,5.203163999998424,PVDAQ_10,sunny
2023-01-03 10:08:00,615.53,640.0524045000011,-24.52240450000113,24.52240450000113,PVDAQ_10,sunny
2023-01-03 10:09:00,629.13,639.5914839999994,-10.46148399999936,10.46148399999936,PVDAQ_10,sunny
2023-01-03 10:10:00,512.53,531.1387900000005,-18.608790000000567,18.608790000000567,PVDAQ_10,sunny
2023-01-03 10:11:00,531.19,546.5916874999994,-15.401687499999298,15.401687499999298,PVDAQ_10,sunny
2023-01-03 10:12:00,497.29,505.57864399999903,-8.28864399999901,8.28864399999901,PVDAQ_10,sunny
2023-01-03 10:13:00,429.89,438.6532375312501,-8.763237531250127,8.763237531250127,PVDAQ_10,sunny
2023-01-03 10:14:00,437.61,441.48496649999936,-3.8749664999993456,3.8749664999993456,PVDAQ_10,sunny
2023-01-03 10:15:00,493.22,500.57066599999894,-7.35066599999891,7.35066599999891,PVDAQ_10,sunny
2023-01-03 10:16:00,579.87,576.8062149999997,3.06378500000028,3.06378500000028,PVDAQ_10,sunny
2023-01-03 10:17:00,742.35,759.4159039999993,-17.06590399999925,17.06590399999925,PVDAQ_10,sunny
2023-01-03 10:18:00,847.2799999999999,855.3711000000009,-8.091100000001006,8.091100000001006,PVDAQ_10,sunny
2023-01-03 10:19:00,739.61,744.740450000001,-5.130450000001019,5.130450000001019,PVDAQ_10,sunny
2023-01-03 10:20:00,802.01,837.2692500000005,-35.25925000000052,35.25925000000052,PVDAQ_10,sunny
2023-01-03 10:21:00,732.21,753.7096619999992,-21.499661999999148,21.499661999999148,PVDAQ_10,sunny
2023-01-03 10:22:00,588.19,598.6548489999993,-10.464848999999276,10.464848999999276,PVDAQ_10,sunny
2023-01-03 10:23:00,543.02,547.3487559999995,-4.328755999999544,4.328755999999544,PVDAQ_10,sunny
2023-01-03 10:24:00,570.93,581.1834894999996,-10.25348949999966,10.25348949999966,PVDAQ_10,sunny
2023-01-03 10:25:00,692.54,697.0829009999989,-4.542900999998892,4.542900999998892,PVDAQ_10,sunny
2023-01-03 10:26:00,747.65,741.3332020000013,6.316797999998698,6.316797999998698,PVDAQ_10,sunny
2023-01-03 10:27:00,742.9199999999998,742.4302040000006,0.4897959999992736,0.4897959999992736,PVDAQ_10,sunny
2023-01-03 10:28:00,802.77,830.3059000000007,-27.535900000000765,27.535900000000765,PVDAQ_10,sunny
2023-01-03 10:29:00,846.6599999999999,849.5180500000002,-2.8580500000003894,2.8580500000003894,PVDAQ_10,sunny
2023-01-03 10:30:00,909.22,919.3220499999995,-10.102049999999508,10.102049999999508,PVDAQ_10,sunny
2023-01-03 10:31:00,926.61,944.7447000000009,-18.134700000000862,18.134700000000862,PVDAQ_10,sunny
2023-01-03 10:32:00,962.13,958.019849999999,4.110150000000999,4.110150000000999,PVDAQ_10,sunny
2023-01-03 10:33:00,975.56,981.5052499999998,-5.945249999999874,5.945249999999874,PVDAQ_10,sunny
2023-01-03 10:34:00,968.05,965.8254499999989,2.224550000001045,2.224550000001045,PVDAQ_10,sunny
2023-01-03 10:35:00,979.31,981.3229500000001,-2.01295000000016,2.01295000000016,PVDAQ_10,sunny
2023-01-03 10:36:00,961.77,964.8972000000006,-3.1272000000005846,3.1272000000005846,PVDAQ_10,sunny
2023-01-03 10:37:00,890.6699999999998,908.2638999999992,-17.593899999999394,17.593899999999394,PVDAQ_10,sunny
2023-01-03 10:38:00,836.6599999999999,845.6668500000013,-9.006850000001464,9.006850000001464,PVDAQ_10,sunny
2023-01-03 10:39:00,833.86,844.9325500000015,-11.072550000001456,11.072550000001456,PVDAQ_10,sunny
2023-01-03 10:40:00,837.35,824.9004000000001,12.449599999999919,12.449599999999919,PVDAQ_10,sunny
2023-01-03 10:41:00,852.0,836.2451500000024,15.754849999997646,15.754849999997646,PVDAQ_10,sunny
2023-01-03 10:42:00,911.7,902.8742499999996,8.825750000000426,8.825750000000426,PVDAQ_10,sunny
2023-01-03 10:43:00,906.6400000000002,908.3350000000002,-1.6949999999999363,1.6949999999999363,PVDAQ_10,sunny
2023-01-03 10:44:00,909.97,905.7944500000023,4.17554999999777,4.17554999999777,PVDAQ_10,sunny
2023-01-03 10:45:00,940.48,942.1085500000013,-1.628550000001269,1.628550000001269,PVDAQ_10,sunny
2023-01-03 10:46:00,962.06,956.4567500000006,5.603249999999321,5.603249999999321,PVDAQ_10,sunny
2023-01-03 10:47:00,976.88,980.8841999999987,-4.004199999998718,4.004199999998718,PVDAQ_10,sunny
2023-01-03 10:48:00,995.46,996.0578500000017,-0.5978500000016993,0.5978500000016993,PVDAQ_10,sunny
2023-01-03 10:49:00,1014.1,1010.2128500000015,3.8871499999985417,3.8871499999985417,PVDAQ_10,sunny
2023-01-03 10:50:00,1017.6,1007.5010999999992,10.098900000000867,10.098900000000867,PVDAQ_10,sunny
2023-01-03 10:51:00,1015.0,1007.5360999999991,7.463900000000876,7.463900000000876,PVDAQ_10,sunny
2023-01-03 10:52:00,1008.9,1002.0302999999997,6.869700000000307,6.869700000000307,PVDAQ_10,sunny
2023-01-03 10:53:00,982.99,978.8216499999985,4.16835000000151,4.16835000000151,PVDAQ_10,sunny
2023-01-03 10:54:00,943.51,941.6323000000023,1.8776999999977306,1.8776999999977306,PVDAQ_10,sunny
2023-01-03 10:55:00,945.44,943.2053999999994,2.2346000000006825,2.2346000000006825,PVDAQ_10,sunny
2023-01-03 10:56:00,997.49,1003.0623499999987,-5.572349999998664,5.572349999998664,PVDAQ_10,sunny
2023-01-03 10:57:00,1001.3,1006.6553500000012,-5.355350000001295,5.355350000001295,PVDAQ_10,sunny
2023-01-03 10:58:00,940.65,944.069450000002,-3.41945000000203,3.41945000000203,PVDAQ_10,sunny
2023-01-03 10:59:00,902.68,902.3307500000021,0.3492499999978236,0.3492499999978236,PVDAQ_10,sunny
2023-01-03 11:00:00,958.92,959.4933499999979,-0.5733499999979585,0.5733499999979585,PVDAQ_10,sunny
2023-01-03 11:01:00,984.1,981.9351999999983,2.164800000001719,2.164800000001719,PVDAQ_10,sunny
2023-01-03 11:02:00,980.77,980.8118000000005,-0.041800000000534965,0.041800000000534965,PVDAQ_10,sunny
2023-01-03 11:03:00,985.45,984.6477499999984,0.8022500000016635,0.8022500000016635,PVDAQ_10,sunny
2023-01-03 11:04:00,985.68,984.5088000000023,1.1711999999976115,1.1711999999976115,PVDAQ_10,sunny
2023-01-03 11:05:00,996.04,998.8593499999994,-2.8193499999994174,2.8193499999994174,PVDAQ_10,sunny
2023-01-03 11:06:00,1005.1,1004.8602499999979,0.2397500000021182,0.2397500000021182,PVDAQ_10,sunny
2023-01-03 11:07:00,564.33,572.3537934999988,-8.02379349999876,8.02379349999876,PVDAQ_10,sunny
2023-01-03 11:08:00,315.21,314.2261666666662,0.9838333333337914,0.9838333333337914,PVDAQ_10,moderate
2023-01-03 11:09:00,301.44,301.9054999999996,-0.4654999999996221,0.4654999999996221,PVDAQ_10,moderate
2023-01-03 11:10:00,287.92,287.50798333333336,0.41201666666665915,0.41201666666665915,PVDAQ_10,moderate
2023-01-03 11:11:00,298.18,297.8737999999999,0.3062000000001035,0.3062000000001035,PVDAQ_10,moderate
2023-01-03 11:12:00,308.78,307.23875000000027,1.5412499999997067,1.5412499999997067,PVDAQ_10,moderate
2023-01-03 11:13:00,314.72,316.78371249999975,-2.063712499999724,2.063712499999724,PVDAQ_10,moderate
2023-01-03 11:14:00,317.66,319.11275,-1.4527499999999804,1.4527499999999804,PVDAQ_10,moderate
2023-01-03 11:15:00,318.92,319.3129,-0.39289999999999736,0.39289999999999736,PVDAQ_10,moderate
2023-01-03 11:16:00,318.71,317.14075,1.569249999999954,1.569249999999954,PVDAQ_10,moderate
2023-01-03 11:17:00,313.77,315.1135764999999,-1.3435764999999265,1.3435764999999265,PVDAQ_10,moderate
2023-01-03 11:18:00,310.1,312.1319764999995,-2.031976499999473,2.031976499999473,PVDAQ_10,moderate
2023-01-03 11:19:00,302.94,304.08920000000035,-1.1492000000003486,1.1492000000003486,PVDAQ_10,moderate
2023-01-03 11:20:00,299.52,299.0502499999998,0.4697500000002037,0.4697500000002037,PVDAQ_10,moderate
2023-01-03 11:21:00,302.8,302.04077499999954,0.7592250000004697,0.7592250000004697,PVDAQ_10,moderate
2023-01-03 11:22:00,299.31,299.59004999999934,-0.2800499999993349,0.2800499999993349,PVDAQ_10,moderate
2023-01-03 11:23:00,290.02,291.16710666666677,-1.1471066666667866,1.1471066666667866,PVDAQ_10,moderate
2023-01-03 11:24:00,273.6,274.94583162666703,-1.3458316266670067,1.3458316266670067,PVDAQ_10,moderate
2023-01-03 11:25:00,264.74,268.545521531812,-3.805521531812019,3.805521531812019,PVDAQ_10,moderate
2023-01-03 11:26:00,261.19,259.9239375000001,1.2660624999999186,1.2660624999999186,PVDAQ_10,moderate
2023-01-03 11:27:00,264.27,263.7519191889548,0.5180808110451949,0.5180808110451949,PVDAQ_10,moderate
2023-01-03 11:28:00,279.71,278.3571348781818,1.3528651218181835,1.3528651218181835,PVDAQ_10,moderate
2023-01-03 11:29:00,290.65,290.6106404563488,0.03935954365118732,0.03935954365118732,PVDAQ_10,moderate
2023-01-03 11:30:00,282.1,283.89515833333405,-1.7951583333340295,1.7951583333340295,PVDAQ_10,moderate
2023-01-03 11:31:00,257.05,255.48559999999964,1.5644000000003757,1.5644000000003757,PVDAQ_10,cloudy
2023-01-03 11:32:00,236.21,233.15324222222205,3.0567577777779604,3.0567577777779604,PVDAQ_10,cloudy
2023-01-03 11:33:00,233.71,236.39682416666648,-2.6868241666664687,2.6868241666664687,PVDAQ_10,cloudy
2023-01-03 11:34:00,243.25,243.95031666666688,-0.700316666666879,0.700316666666879,PVDAQ_10,cloudy
2023-01-03 11:35:00,235.55,236.52668333333295,-0.976683333332943,0.976683333332943,PVDAQ_10,cloudy
2023-01-03 11:36:00,219.42,219.72358666666642,-0.3035866666664333,0.3035866666664333,PVDAQ_10,cloudy
2023-01-03 11:37:00,204.61,205.0813285714285,-0.4713285714284723,0.4713285714284723,PVDAQ_10,cloudy
2023-01-03 11:38:00,197.08,195.90944999999985,1.170550000000162,1.170550000000162,PVDAQ_10,cloudy
2023-01-03 11:39:00,205.15,204.96622857142847,0.18377142857153217,0.18377142857153217,PVDAQ_10,cloudy
2023-01-03 11:40:00,214.8,215.30395000000053,-0.5039500000005148,0.5039500000005148,PVDAQ_10,cloudy
2023-01-03 11:41:00,215.04,215.1721500000001,-0.13215000000010946,0.13215000000010946,PVDAQ_10,cloudy
2023-01-03 11:42:00,204.54,203.94052857142867,0.5994714285713201,0.5994714285713201,PVDAQ_10,cloudy
2023-01-03 11:43:00,192.71,191.99436699999973,0.7156330000002811,0.7156330000002811,PVDAQ_10,cloudy
2023-01-03 11:44:00,181.66,181.7591833333332,-0.09918333333320106,0.09918333333320106,PVDAQ_10,cloudy
2023-01-03 11:45:00,177.13,178.6376500000003,-1.5076500000002966,1.5076500000002966,PVDAQ_10,cloudy
2023-01-03 11:46:00,196.74,195.73169999999988,1.0083000000001334,1.0083000000001334,PVDAQ_10,cloudy
2023-01-03 11:47:00,217.54,214.99115000000023,2.54884999999976,2.54884999999976,PVDAQ_10,cloudy
2023-01-03 11:48:00,226.28,226.29834999999986,-0.01834999999985598,0.01834999999985598,PVDAQ_10,cloudy
2023-01-03 11:49:00,231.47,233.17449999999997,-1.7044999999999675,1.7044999999999675,PVDAQ_10,cloudy
2023-01-03 11:50:00,224.57,227.41009999999966,-2.8400999999996657,2.8400999999996657,PVDAQ_10,cloudy
2023-01-03 11:51:00,218.56,224.15491250000025,-5.594912500000248,5.594912500000248,PVDAQ_10,cloudy
2023-01-03 11:52:00,211.06,214.15210000000022,-3.0921000000002152,3.0921000000002152,PVDAQ_10,cloudy
2023-01-03 11:53:00,180.62,183.57496549999996,-2.9549654999999575,2.9549654999999575,PVDAQ_10,cloudy
2023-01-03 11:54:00,158.76,161.73604999999972,-2.9760499999997307,2.9760499999997307,PVDAQ_10,cloudy
2023-01-03 11:55:00,142.76,145.03917166666656,-2.2791716666665707,2.2791716666665707,PVDAQ_10,cloudy
2023-01-03 11:56:00,135.52,134.74766500000047,0.7723349999995435,0.7723349999995435,PVDAQ_10,cloudy
2023-01-03 11:57:00,136.38,130.46486500000034,5.915134999999651,5.915134999999651,PVDAQ_10,cloudy
2023-01-03 11:58:00,137.04,127.4490504333336,9.590949566666396,9.590949566666396,PVDAQ_10,cloudy
2023-01-03 11:59:00,135.83,135.68654285714317,0.14345714285684608,0.14345714285684608,PVDAQ_10,cloudy
2023-01-03 12:00:00,139.77,133.706145,6.063855000000018,6.063855000000018,PVDAQ_10,cloudy
2023-01-03 12:01:00,142.16,130.53421560000015,11.625784399999844,11.625784399999844,PVDAQ_10,cloudy
2023-01-03 12:02:00,145.57,137.90962999999977,7.660370000000228,7.660370000000228,PVDAQ_10,cloudy
2023-01-03 12:03:00,150.3,149.69989999999976,0.6001000000002534,0.6001000000002534,PVDAQ_10,cloudy
2023-01-03 12:04:00,160.98,161.0378999999997,-0.05789999999970519,0.05789999999970519,PVDAQ_10,cloudy
2023-01-03 12:05:00,168.52,169.37328280000006,-0.853282800000045,0.853282800000045,PVDAQ_10,cloudy
2023-01-03 12:06:00,172.52,170.72762999999975,1.7923700000002611,1.7923700000002611,PVDAQ_10,cloudy
2023-01-03 12:07:00,176.48,178.09765000000036,-1.617650000000367,1.617650000000367,PVDAQ_10,cloudy
2023-01-03 12:08:00,174.32,174.14597999999972,0.17402000000026874,0.17402000000026874,PVDAQ_10,cloudy
2023-01-03 12:09:00,174.67,171.3099999999999,3.360000000000099,3.360000000000099,PVDAQ_10,cloudy
2023-01-03 12:10:00,183.66,174.5438005,9.116199499999993,9.116199499999993,PVDAQ_10,cloudy
2023-01-03 12:11:00,179.33,177.46205000000012,1.8679499999998939,1.8679499999998939,PVDAQ_10,cloudy
2023-01-03 12:12:00,183.38,181.92383333333336,1.4561666666666326,1.4561666666666326,PVDAQ_10,cloudy
2023-01-03 12:13:00,197.89,200.5568000000004,-2.6668000000004213,2.6668000000004213,PVDAQ_10,cloudy
2023-01-03 12:14:00,211.3,211.21204999999972,0.08795000000029063,0.08795000000029063,PVDAQ_10,cloudy
2023-01-03 12:15:00,201.58,204.81026049999988,-3.230260499999872,3.230260499999872,PVDAQ_10,cloudy
2023-01-03 12:16:00,183.07,181.97394999999977,1.0960500000002185,1.0960500000002185,PVDAQ_10,cloudy
2023-01-03 12:17:00,168.75,170.3835999999999,-1.6335999999998876,1.6335999999998876,PVDAQ_10,cloudy
2023-01-03 12:18:00,178.79,178.1819000000004,0.6080999999995811,0.6080999999995811,PVDAQ_10,cloudy
2023-01-03 12:19:00,203.51,204.70195300000017,-1.1919530000001828,1.1919530000001828,PVDAQ_10,cloudy
2023-01-03 12:20:00,230.27,230.60199999999983,-0.3319999999998231,0.3319999999998231,PVDAQ_10,cloudy
2023-01-03 12:21:00,249.25,249.5150999999998,-0.2650999999997907,0.2650999999997907,PVDAQ_10,cloudy
2023-01-03 12:22:00,247.39,249.05035000000004,-1.6603500000000508,1.6603500000000508,PVDAQ_10,cloudy
2023-01-03 12:23:00,250.56,249.5610904999998,0.9989095000001953,0.9989095000001953,PVDAQ_10,cloudy
2023-01-03 12:24:00,250.2,249.78549999999993,0.4145000000000607,0.4145000000000607,PVDAQ_10,cloudy
2023-01-03 12:25:00,247.47,248.68825000000044,-1.2182500000004381,1.2182500000004381,PVDAQ_10,cloudy
2023-01-03 12:26:00,240.97,241.04834999999986,-0.07834999999985826,0.07834999999985826,PVDAQ_10,cloudy
2023-01-03 12:27:00,240.74,240.87645000000012,-0.1364500000001101,0.1364500000001101,PVDAQ_10,cloudy
2023-01-03 12:28:00,239.39,241.04930000000036,-1.6593000000003713,1.6593000000003713,PVDAQ_10,cloudy
2023-01-03 12:29:00,236.1,234.98645000000016,1.113549999999833,1.113549999999833,PVDAQ_10,cloudy
2023-01-03 12:30:00,233.45,232.7215000000003,0.7284999999996842,0.7284999999996842,PVDAQ_10,cloudy
2023-01-03 12:31:00,237.43,235.65774999999974,1.7722500000002697,1.7722500000002697,PVDAQ_10,cloudy
2023-01-03 12:32:00,235.89,236.4294866666664,-0.53948666666642,0.53948666666642,PVDAQ_10,cloudy
2023-01-03 12:33:00,236.57,236.0906499999998,0.47935000000018135,0.47935000000018135,PVDAQ_10,cloudy
2023-01-03 12:34:00,219.88,220.15069650000004,-0.2706965000000423,0.2706965000000423,PVDAQ_10,cloudy
2023-01-03 12:35:00,204.5,204.18978750000025,0.31021249999975,0.31021249999975,PVDAQ_10,cloudy
2023-01-03 12:36:00,214.15,215.4578083333336,-1.3078083333335826,1.3078083333335826,PVDAQ_10,cloudy
2023-01-03 12:37:00,225.84,226.29549999999995,-0.45549999999994384,0.45549999999994384,PVDAQ_10,cloudy
2023-01-03 12:38:00,224.11,226.18266249999965,-2.0726624999996375,2.0726624999996375,PVDAQ_10,cloudy
2023-01-03 12:39:00,227.25,226.7418499999997,0.5081500000003132,0.5081500000003132,PVDAQ_10,cloudy
2023-01-03 12:40:00,234.68,236.2669500000001,-1.586950000000087,1.586950000000087,PVDAQ_10,cloudy
2023-01-03 12:41:00,243.08,242.91604999999998,0.16395000000002824,0.16395000000002824,PVDAQ_10,cloudy
2023-01-03 12:42:00,247.46,249.0866499999998,-1.6266499999997848,1.6266499999997848,PVDAQ_10,cloudy
2023-01-03 12:43:00,242.39,242.85985000000056,-0.46985000000057653,0.46985000000057653,PVDAQ_10,cloudy
2023-01-03 12:44:00,222.15,219.90236249999998,2.2476375000000246,2.2476375000000246,PVDAQ_10,cloudy
2023-01-03 12:45:00,203.47,205.73412857142856,-2.2641285714285573,2.2641285714285573,PVDAQ_10,cloudy
2023-01-03 12:46:00,190.55,196.12089999999986,-5.5708999999998525,5.5708999999998525,PVDAQ_10,cloudy
2023-01-03 12:47:00,179.12,180.85105000000013,-1.731050000000124,1.731050000000124,PVDAQ_10,cloudy
2023-01-03 12:48:00,186.46,188.9867588333331,-2.526758833333105,2.526758833333105,PVDAQ_10,cloudy
2023-01-03 12:49:00,193.64,193.46419999999998,0.1758000000000095,0.1758000000000095,PVDAQ_10,cloudy
2023-01-03 12:50:00,195.16,196.99892500000024,-1.8389250000002448,1.8389250000002448,PVDAQ_10,cloudy
2023-01-03 12:51:00,199.68,201.38250000000033,-1.7025000000003274,1.7025000000003274,PVDAQ_10,cloudy
2023-01-03 12:52:00,207.37,207.52364999999992,-0.1536499999999137,0.1536499999999137,PVDAQ_10,cloudy
2023-01-03 12:53:00,210.3,212.28529999999995,-1.9852999999999383,1.9852999999999383,PVDAQ_10,cloudy
2023-01-03 12:54:00,208.21,210.45925000000017,-2.24925000000016,2.24925000000016,PVDAQ_10,cloudy
2023-01-03 12:55:00,205.27,204.07945416666698,1.190545833333033,1.190545833333033,PVDAQ_10,cloudy
2023-01-03 12:56:00,211.74,211.0102999999998,0.7297000000002072,0.7297000000002072,PVDAQ_10,cloudy
2023-01-03 12:57:00,211.63,211.44597500000012,0.18402499999987754,0.18402499999987754,PVDAQ_10,cloudy
2023-01-03 12:58:00,233.29,233.5791999999998,-0.28919999999979495,0.28919999999979495,PVDAQ_10,cloudy
2023-01-03 12:59:00,254.66,253.33174999999966,1.328250000000338,1.328250000000338,PVDAQ_10,cloudy
2023-01-03 13:00:00,247.21,247.32085000000035,-0.11085000000034029,0.11085000000034029,PVDAQ_10,cloudy
2023-01-03 13:01:00,234.39,234.49273599999998,-0.10273599999999306,0.10273599999999306,PVDAQ_10,cloudy
2023-01-03 13:02:00,225.07,224.68634999999992,0.383650000000074,0.383650000000074,PVDAQ_10,cloudy
2023-01-03 13:03:00,216.04,214.38880000000026,1.6511999999997329,1.6511999999997329,PVDAQ_10,cloudy
2023-01-03 13:04:00,230.9,233.90796049999975,-3.00796049999974,3.00796049999974,PVDAQ_10,cloudy
2023-01-03 13:05:00,249.04,248.8497499999999,0.1902500000001055,0.1902500000001055,PVDAQ_10,cloudy
2023-01-03 13:06:00,248.24,247.90700000000015,0.3329999999998563,0.3329999999998563,PVDAQ_10,cloudy
2023-01-03 13:07:00,267.14,262.3552999999996,4.7847000000003845,4.7847000000003845,PVDAQ_10,cloudy
2023-01-03 13:08:00,284.85,286.21871250000027,-1.3687125000002425,1.3687125000002425,PVDAQ_10,cloudy
2023-01-03 13:09:00,286.2,286.20777380952427,-0.00777380952428075,0.00777380952428075,PVDAQ_10,cloudy
2023-01-03 13:10:00,289.6,292.0542899999999,-2.454289999999901,2.454289999999901,PVDAQ_10,cloudy
2023-01-03 13:11:00,302.09,302.1513000000004,-0.06130000000041491,0.06130000000041491,PVDAQ_10,cloudy
2023-01-03 13:12:00,311.39,311.49559999999934,-0.10559999999935599,0.10559999999935599,PVDAQ_10,cloudy
2023-01-03 13:13:00,316.01,317.4473000000002,-1.4373000000002207,1.4373000000002207,PVDAQ_10,moderate
2023-01-03 13:14:00,319.72,318.9553000000002,0.7646999999998343,0.7646999999998343,PVDAQ_10,moderate
2023-01-03 13:15:00,320.69,318.51600000000036,2.173999999999637,2.173999999999637,PVDAQ_10,moderate
2023-01-03 13:16:00,316.27,313.4477999999996,2.8222000000004073,2.8222000000004073,PVDAQ_10,moderate
2023-01-03 13:17:00,304.44,304.2811500000003,0.1588499999996884,0.1588499999996884,PVDAQ_10,cloudy
2023-01-03 13:18:00,290.89,291.9280795000001,-1.0380795000000944,1.0380795000000944,PVDAQ_10,cloudy
2023-01-03 13:19:00,280.61,281.11036228141495,-0.5003622814149367,0.5003622814149367,PVDAQ_10,cloudy
2023-01-03 13:20:00,283.73,283.1161499999994,0.6138500000006388,0.6138500000006388,PVDAQ_10,cloudy
2023-01-03 13:21:00,294.95,297.23335000000003,-2.2833500000000413,2.2833500000000413,PVDAQ_10,cloudy
2023-01-03 13:22:00,314.32,315.5296499999993,-1.2096499999993284,1.2096499999993284,PVDAQ_10,cloudy
2023-01-03 13:23:00,317.03,318.76560000000023,-1.735600000000261,1.735600000000261,PVDAQ_10,moderate
2023-01-03 13:24:00,303.46,303.82445000000075,-0.36445000000077243,0.36445000000077243,PVDAQ_10,cloudy
2023-01-03 13:25:00,286.49,289.09194007936543,-2.60194007936542,2.60194007936542,PVDAQ_10,cloudy
2023-01-03 13:26:00,278.21,276.90564999999975,1.3043500000002268,1.3043500000002268,PVDAQ_10,cloudy
2023-01-03 13:27:00,276.0,274.0942270000002,1.9057729999997832,1.9057729999997832,PVDAQ_10,cloudy
2023-01-03 13:28:00,280.05,279.9617420995667,0.08825790043329107,0.08825790043329107,PVDAQ_10,cloudy
2023-01-03 13:29:00,290.12,289.58157499999993,0.5384250000000748,0.5384250000000748,PVDAQ_10,cloudy
2023-01-03 13:30:00,288.29,286.07033308333286,2.2196669166671654,2.2196669166671654,PVDAQ_10,cloudy
2023-01-03 13:31:00,266.14,268.5067950541055,-2.3667950541055234,2.3667950541055234,PVDAQ_10,cloudy
2023-01-03 13:32:00,246.94,248.24907171250018,-1.3090717125001845,1.3090717125001845,PVDAQ_10,cloudy
2023-01-03 13:33:00,244.85,243.7207319000005,1.129268099999507,1.129268099999507,PVDAQ_10,cloudy
2023-01-03 13:34:00,267.25,266.55297080941534,0.697029190584658,0.697029190584658,PVDAQ_10,cloudy
2023-01-03 13:35:00,295.5,296.9069475000001,-1.4069475000001148,1.4069475000001148,PVDAQ_10,cloudy
2023-01-03 13:36:00,310.29,309.7403493333329,0.5496506666671053,0.5496506666671053,PVDAQ_10,cloudy
2023-01-03 13:37:00,306.12,305.3717580000005,0.7482419999994931,0.7482419999994931,PVDAQ_10,cloudy
2023-01-03 13:38:00,292.15,293.41992999206303,-1.2699299920630551,1.2699299920630551,PVDAQ_10,cloudy
2023-01-03 13:39:00,277.5,278.78828798759037,-1.2882879875903654,1.2882879875903654,PVDAQ_10,cloudy
2023-01-03 13:40:00,272.0,272.6373631634103,-0.6373631634103276,0.6373631634103276,PVDAQ_10,cloudy
2023-01-03 13:41:00,274.81,274.9870052841271,-0.17700528412711947,0.17700528412711947,PVDAQ_10,cloudy
2023-01-03 13:42:00,278.44,280.2615629038457,-1.8215629038456882,1.8215629038456882,PVDAQ_10,cloudy
2023-01-03 13:43:00,279.96,279.1452530647133,0.8147469352866779,0.8147469352866779,PVDAQ_10,cloudy
2023-01-03 13:44:00,272.83,273.8677916428568,-1.0377916428568028,1.0377916428568028,PVDAQ_10,cloudy
2023-01-03 13:45:00,265.53,262.4330499999999,3.0969500000000494,3.0969500000000494,PVDAQ_10,cloudy
2023-01-03 13:46:00,258.74,259.3360000000002,-0.5960000000001742,0.5960000000001742,PVDAQ_10,cloudy
2023-01-03 13:47:00,262.44,261.9249499999996,0.5150500000003717,0.5150500000003717,PVDAQ_10,cloudy
2023-01-03 13:48:00,271.07,268.6973333333334,2.372666666666589,2.372666666666589,PVDAQ_10,cloudy
2023-01-03 13:49:00,284.03,283.73546975469,0.2945302453099998,0.2945302453099998,PVDAQ_10,cloudy
2023-01-03 13:50:00,296.94,295.02309999999994,1.9169000000000551,1.9169000000000551,PVDAQ_10,cloudy
2023-01-03 13:51:00,297.85,299.05319999999983,-1.2031999999998106,1.2031999999998106,PVDAQ_10,cloudy
2023-01-03 13:52:00,293.31,290.6238540476189,2.6861459523810822,2.6861459523810822,PVDAQ_10,cloudy
2023-01-03 13:53:00,281.88,281.65020027777774,0.22979972222225342,0.22979972222225342,PVDAQ_10,cloudy
2023-01-03 13:54:00,278.69,277.5575961538462,1.1324038461538066,1.1324038461538066,PVDAQ_10,cloudy
2023-01-03 13:55:00,283.93,284.13521650000007,-0.20521650000006275,0.20521650000006275,PVDAQ_10,cloudy
2023-01-03 13:56:00,289.79,291.19372166666636,-1.4037216666663426,1.4037216666663426,PVDAQ_10,cloudy
2023-01-03 13:57:00,293.15,293.2224008333335,-0.07240083333351777,0.07240083333351777,PVDAQ_10,cloudy
2023-01-03 13:58:00,289.6,290.1196067460317,-0.519606746031684,0.519606746031684,PVDAQ_10,cloudy
2023-01-03 13:59:00,285.83,286.72053361111057,-0.8905336111105839,0.8905336111105839,PVDAQ_10,cloudy
2023-01-03 14:00:00,284.34,284.05380833333385,0.2861916666661273,0.2861916666661273,PVDAQ_10,cloudy
2023-01-03 14:01:00,286.45,286.324146666667,0.12585333333299786,0.12585333333299786,PVDAQ_10,cloudy
2023-01-03 14:02:00,285.06,284.47380158730164,0.5861984126983657,0.5861984126983657,PVDAQ_10,cloudy
2023-01-03 14:03:00,281.59,280.3323307878788,1.2576692121211863,1.2576692121211863,PVDAQ_10,cloudy
2023-01-03 14:04:00,274.82,274.7258026666665,0.09419733333351132,0.09419733333351132,PVDAQ_10,cloudy
2023-01-03 14:05:00,272.42,271.3167383878151,1.1032616121848946,1.1032616121848946,PVDAQ_10,cloudy
2023-01-03 14:06:00,271.71,269.5011997333329,2.208800266667083,2.208800266667083,PVDAQ_10,cloudy
2023-01-03 14:07:00,276.16,274.9145518871796,1.2454481128204407,1.2454481128204407,PVDAQ_10,cloudy
2023-01-03 14:08:00,282.49,282.20891915999925,0.2810808400007545,0.2810808400007545,PVDAQ_10,cloudy
2023-01-03 14:09:00,283.8,284.04690061688257,-0.24690061688255582,0.24690061688255582,PVDAQ_10,cloudy
2023-01-03 14:10:00,274.16,277.5045398793654,-3.3445398793653567,3.3445398793653567,PVDAQ_10,cloudy
2023-01-03 14:11:00,261.03,262.6073548333334,-1.577354833333402,1.577354833333402,PVDAQ_10,cloudy
2023-01-03 14:12:00,249.56,248.99944999999985,0.5605500000001484,0.5605500000001484,PVDAQ_10,cloudy
2023-01-03 14:13:00,243.66,244.25140833333364,-0.5914083333336464,0.5914083333336464,PVDAQ_10,cloudy
2023-01-03 14:14:00,242.39,243.51435000000012,-1.1243500000001347,1.1243500000001347,PVDAQ_10,cloudy
2023-01-03 14:15:00,243.86,242.67919999999992,1.1808000000000902,1.1808000000000902,PVDAQ_10,cloudy
2023-01-03 14:16:00,244.54,243.2902000000004,1.2497999999995955,1.2497999999995955,PVDAQ_10,cloudy
2023-01-03 14:17:00,229.6,230.06644999999975,-0.4664499999997531,0.4664499999997531,PVDAQ_10,cloudy
2023-01-03 14:18:00,216.39,214.58667500000004,1.8033249999999441,1.8033249999999441,PVDAQ_10,cloudy
2023-01-03 14:19:00,214.77,213.86974999999998,0.9002500000000282,0.9002500000000282,PVDAQ_10,cloudy
2023-01-03 14:20:00,203.06,204.33531666666693,-1.2753166666669244,1.2753166666669244,PVDAQ_10,cloudy
2023-01-03 14:21:00,209.88,210.13632500000023,-0.2563250000002313,0.2563250000002313,PVDAQ_10,cloudy
2023-01-03 14:22:00,218.97,219.94947738095232,-0.9794773809523178,0.9794773809523178,PVDAQ_10,cloudy
2023-01-03 14:23:00,213.57,212.58844999999994,0.9815500000000554,0.9815500000000554,PVDAQ_10,cloudy
2023-01-03 14:24:00,199.49,197.05330000000035,2.436699999999661,2.436699999999661,PVDAQ_10,cloudy
2023-01-03 14:25:00,172.19,171.83994999999993,0.35005000000006703,0.35005000000006703,PVDAQ_10,cloudy
2023-01-03 14:26:00,151.66,149.79257149999972,1.8674285000002726,1.8674285000002726,PVDAQ_10,cloudy
2023-01-03 14:27:00,141.25,135.59771166666667,5.652288333333331,5.652288333333331,PVDAQ_10,cloudy
2023-01-03 14:28:00,137.19,135.09359705000006,2.0964029499999413,2.0964029499999413,PVDAQ_10,cloudy
2023-01-03 14:29:00,134.07,132.28633000000016,1.7836699999998302,1.7836699999998302,PVDAQ_10,cloudy
2023-01-03 14:30:00,133.59,132.80825000000019,0.7817499999998176,0.7817499999998176,PVDAQ_10,cloudy
2023-01-03 14:31:00,132.72,134.17401166666667,-1.4540116666666734,1.4540116666666734,PVDAQ_10,cloudy
2023-01-03 14:32:00,130.24,128.38847539761898,1.8515246023810334,1.8515246023810334,PVDAQ_10,cloudy
2023-01-03 14:33:00,128.76,119.42470921666671,9.335290783333278,9.335290783333278,PVDAQ_10,cloudy
2023-01-03 14:34:00,123.5,109.43252249999989,14.067477500000109,14.067477500000109,PVDAQ_10,cloudy
2023-01-03 14:35:00,117.76,107.52761424999983,10.232385750000176,10.232385750000176,PVDAQ_10,cloudy
2023-01-03 14:36:00,111.6,107.50194239999985,4.098057600000146,4.098057600000146,PVDAQ_10,cloudy
2023-01-03 14:37:00,106.39,102.16689064999986,4.2231093500001435,4.2231093500001435,PVDAQ_10,cloudy
2023-01-03 14:38:00,104.3,99.60046959999983,4.699530400000171,4.699530400000171,PVDAQ_10,cloudy
2023-01-03 14:39:00,100.11,98.21640459999986,1.8935954000001374,1.8935954000001374,PVDAQ_10,cloudy
2023-01-03 14:40:00,98.714,98.17118760000005,0.5428123999999457,0.5428123999999457,PVDAQ_10,cloudy
2023-01-03 14:41:00,96.418,93.24768105999989,3.170318940000115,3.170318940000115,PVDAQ_10,cloudy
2023-01-03 14:42:00,93.979,88.9051784999999,5.0738215000000935,5.0738215000000935,PVDAQ_10,cloudy
2023-01-03 14:43:00,91.373,87.06830569999987,4.304694300000136,4.304694300000136,PVDAQ_10,cloudy
2023-01-03 14:44:00,87.525,83.60643224999981,3.918567750000193,3.918567750000193,PVDAQ_10,cloudy
2023-01-03 14:45:00,81.703,83.74495999999972,-2.041959999999719,2.041959999999719,PVDAQ_10,cloudy
2023-01-03 14:46:00,76.83499999999998,74.79917704999986,2.0358229500001244,2.0358229500001244,PVDAQ_10,cloudy
2023-01-03 14:47:00,71.89,68.18276000000009,3.7072399999999135,3.7072399999999135,PVDAQ_10,cloudy
2023-01-03 14:48:00,68.097,67.12028855000005,0.9767114499999394,0.9767114499999394,PVDAQ_10,cloudy
2023-01-03 14:49:00,65.935,67.94121000000004,-2.0062100000000385,2.0062100000000385,PVDAQ_10,cloudy
2023-01-03 14:50:00,66.644,66.41556000000007,0.22843999999993514,0.22843999999993514,PVDAQ_10,cloudy
2023-01-03 14:51:00,66.001,67.25627000000017,-1.2552700000001664,1.2552700000001664,PVDAQ_10,cloudy
2023-01-03 14:52:00,67.986,67.02048000000013,0.96551999999987,0.96551999999987,PVDAQ_10,cloudy
2023-01-03 14:53:00,68.563,66.91051375000015,1.6524862499998534,1.6524862499998534,PVDAQ_10,cloudy
2023-01-03 14:54:00,65.924,64.44292000000014,1.4810799999998636,1.4810799999998636,PVDAQ_10,cloudy
2023-01-03 14:55:00,59.636,56.07280848333331,3.5631915166666914,3.5631915166666914,PVDAQ_10,cloudy
2023-01-03 14:56:00,51.73,52.6116468831169,-0.8816468831169004,0.8816468831169004,PVDAQ_10,cloudy
2023-01-03 14:57:00,46.318,46.1071393940745,0.2108606059254967,0.2108606059254967,PVDAQ_10,cloudy
2023-01-03 14:58:00,46.152,46.07655500000003,0.07544499999997356,0.07544499999997356,PVDAQ_10,cloudy
2023-01-03 14:59:00,48.958,47.16451120666667,1.7934887933333314,1.7934887933333314,PVDAQ_10,cloudy
2023-01-03 15:00:00,53.16,51.16599091666656,1.994009083333438,1.994009083333438,PVDAQ_10,cloudy
2023-01-03 15:01:00,50.564,49.85120508333323,0.7127949166667733,0.7127949166667733,PVDAQ_10,cloudy
2023-01-03 15:02:00,45.108,44.18085866666671,0.9271413333332887,0.9271413333332887,PVDAQ_10,cloudy
2023-01-03 15:03:00,41.959,40.96924791071432,0.9897520892856804,0.9897520892856804,PVDAQ_10,cloudy
2023-01-03 15:04:00,43.09,40.54632308571433,2.543676914285676,2.543676914285676,PVDAQ_10,cloudy
2023-01-03 15:05:00,47.637,46.31977000000002,1.3172299999999808,1.3172299999999808,PVDAQ_10,cloudy
2023-01-03 15:06:00,53.436,53.139810000000004,0.29618999999999573,0.29618999999999573,PVDAQ_10,cloudy
2023-01-03 15:07:00,55.0,49.69689499999995,5.303105000000052,5.303105000000052,PVDAQ_10,cloudy
2023-01-03 15:08:00,48.491,47.47265142857146,1.0183485714285396,1.0183485714285396,PVDAQ_10,cloudy
2023-01-03 15:09:00,40.662,38.735692650360775,1.9263073496392238,1.9263073496392238,PVDAQ_10,cloudy
2023-01-03 15:10:00,34.098,35.998056783333375,-1.9000567833333761,1.9000567833333761,PVDAQ_10,cloudy
2023-01-03 15:11:00,31.459,30.80623000000001,0.6527699999999896,0.6527699999999896,PVDAQ_10,cloudy
2023-01-03 15:12:00,31.348,30.25033166666664,1.0976683333333597,1.0976683333333597,PVDAQ_10,cloudy
2023-01-03 15:13:00,32.291,32.81949166666669,-0.5284916666666959,0.5284916666666959,PVDAQ_10,cloudy
2023-01-03 15:14:00,35.85,32.570479999999996,3.279520000000005,3.279520000000005,PVDAQ_10,cloudy
2023-01-03 15:15:00,36.449,34.766090625000054,1.6829093749999444,1.6829093749999444,PVDAQ_10,cloudy
2023-01-03 15:16:00,36.726,35.44523886255415,1.2807611374458503,1.2807611374458503,PVDAQ_10,cloudy
2023-01-03 15:17:00,34.974,36.31269178571424,-1.3386917857142464,1.3386917857142464,PVDAQ_10,cloudy
2023-01-03 15:18:00,34.065,30.26619500000004,3.798804999999959,3.798804999999959,PVDAQ_10,cloudy
2023-01-03 15:19:00,33.899,32.71053037499998,1.1884696250000175,1.1884696250000175,PVDAQ_10,cloudy
2023-01-03 15:20:00,34.586,31.0015276190476,3.5844723809523984,3.5844723809523984,PVDAQ_10,cloudy
2023-01-03 15:21:00,37.103,35.67368199404761,1.4293180059523891,1.4293180059523891,PVDAQ_10,cloudy
2023-01-03 15:22:00,39.598,37.592523821428614,2.005476178571385,2.005476178571385,PVDAQ_10,cloudy
2023-01-03 15:23:00,39.831,38.14857956385285,1.6824204361471544,1.6824204361471544,PVDAQ_10,cloudy
2023-01-03 15:24:00,37.469,37.35228112500005,0.11671887499995393,0.11671887499995393,PVDAQ_10,cloudy
2023-01-03 15:25:00,34.985,35.1799966666667,-0.1949966666667038,0.1949966666667038,PVDAQ_10,cloudy
2023-01-03 15:26:00,22.488,33.274889000000016,-10.786889000000016,10.786889000000016,PVDAQ_10,cloudy
2023-01-03 15:27:00,21.512,33.02458698755414,-11.512586987554137,11.512586987554137,PVDAQ_10,cloudy
2023-01-03 15:28:00,36.416,33.604964999999986,2.811035000000011,2.811035000000011,PVDAQ_10,cloudy
2023-01-03 15:29:00,37.957,30.83302000000002,7.123979999999982,7.123979999999982,PVDAQ_10,cloudy
2023-01-03 15:30:00,37.747,37.820089916666745,-0.07308991666674558,0.07308991666674558,PVDAQ_10,cloudy
2023-01-03 15:31:00,35.917,36.83436000000005,-0.9173600000000519,0.9173600000000519,PVDAQ_10,cloudy
2023-01-03 15:32:00,34.664,34.283758750000004,0.3802412499999974,0.3802412499999974,PVDAQ_10,cloudy
2023-01-03 15:33:00,33.145,31.198215,1.946785000000002,1.946785000000002,PVDAQ_10,cloudy
2023-01-03 15:34:00,32.668,30.86183125000001,1.8061687499999906,1.8061687499999906,PVDAQ_10,cloudy
2023-01-03 15:35:00,31.67,31.405191249999977,0.26480875000002513,0.26480875000002513,PVDAQ_10,cloudy
2023-01-03 15:36:00,30.838,30.413166250000014,0.424833749999987,0.424833749999987,PVDAQ_10,cloudy
2023-01-03 15:37:00,30.384,28.85336049999998,1.5306395000000208,1.5306395000000208,PVDAQ_10,cloudy
2023-01-03 15:38:00,30.55,30.168645249999976,0.3813547500000247,0.3813547500000247,PVDAQ_10,cloudy
2023-01-03 15:39:00,29.995,30.356477500000015,-0.36147750000001366,0.36147750000001366,PVDAQ_10,cloudy
2023-01-03 15:40:00,29.164,30.11379733333332,-0.9497973333333185,0.9497973333333185,PVDAQ_10,cloudy
2023-01-03 15:41:00,29.818,32.31258999999999,-2.4945899999999916,2.4945899999999916,PVDAQ_10,cloudy
2023-01-03 15:42:00,29.807,32.63567500000002,-2.828675000000022,2.828675000000022,PVDAQ_10,cloudy
2023-01-03 15:43:00,31.271,32.29143833333331,-1.0204383333333098,1.0204383333333098,PVDAQ_10,cloudy
2023-01-03 15:44:00,31.881,35.817654999999945,-3.936654999999945,3.936654999999945,PVDAQ_10,cloudy
2023-01-03 15:45:00,34.409,38.20840999999998,-3.7994099999999804,3.7994099999999804,PVDAQ_10,cloudy
2023-01-03 15:46:00,35.673,36.084813999999994,-0.4118139999999926,0.4118139999999926,PVDAQ_10,cloudy
2023-01-03 15:47:00,35.141,31.836073829365027,3.304926170634971,3.304926170634971,PVDAQ_10,cloudy
2023-01-03 15:48:00,32.624,32.07806333333327,0.5459366666667336,0.5459366666667336,PVDAQ_10,cloudy
2023-01-03 15:49:00,32.557,30.652194166666646,1.9048058333333557,1.9048058333333557,PVDAQ_10,cloudy
2023-01-03 15:50:00,30.96,29.813813571428486,1.1461864285715144,1.1461864285715144,PVDAQ_10,cloudy
2023-01-03 15:51:00,29.165,24.799525000000006,4.365474999999993,4.365474999999993,PVDAQ_10,cloudy
2023-01-03 15:52:00,27.002,23.774367499999997,3.227632500000002,3.227632500000002,PVDAQ_10,cloudy
2023-01-03 15:53:00,25.55,22.538595416666666,3.0114045833333343,3.0114045833333343,PVDAQ_10,cloudy
2023-01-03 15:54:00,25.018,21.54257100000002,3.4754289999999806,3.4754289999999806,PVDAQ_10,cloudy
2023-01-03 15:55:00,23.466,19.971840000000043,3.494159999999958,3.494159999999958,PVDAQ_10,cloudy
2023-01-03 15:56:00,21.891,18.4789445,3.4120554999999975,3.4120554999999975,PVDAQ_10,cloudy
2023-01-03 15:57:00,20.583,17.626869166666705,2.956130833333294,2.956130833333294,PVDAQ_10,cloudy
2023-01-03 15:58:00,18.476,15.668004000000021,2.807995999999978,2.807995999999978,PVDAQ_10,cloudy
2023-01-03 15:59:00,9.9809,20.002344850000036,-10.021444850000035,10.021444850000035,PVDAQ_10,cloudy
2023-01-03 16:00:00,15.315,15.298613000000003,0.016386999999996377,0.016386999999996377,PVDAQ_10,cloudy
2023-01-03 16:01:00,17.689,15.712846500000042,1.976153499999958,1.976153499999958,PVDAQ_10,cloudy
2023-01-03 16:02:00,16.813,15.977794999999984,0.8352050000000144,0.8352050000000144,PVDAQ_10,cloudy
2023-01-03 16:03:00,15.959,15.369130333333375,0.5898696666666243,0.5898696666666243,PVDAQ_10,cloudy
2023-01-03 16:04:00,15.626,15.166634500000017,0.4593654999999828,0.4593654999999828,PVDAQ_10,cloudy
2023-01-03 16:05:00,15.005,15.069920222222247,-0.06492022222224669,0.06492022222224669,PVDAQ_10,cloudy
2023-01-03 16:06:00,15.837,15.194524916666703,0.6424750833332968,0.6424750833332968,PVDAQ_10,cloudy
2023-01-03 16:07:00,14.373,14.01126042857147,0.3617395714285294,0.3617395714285294,PVDAQ_10,cloudy
2023-01-03 16:08:00,12.92,10.536331500000024,2.3836684999999758,2.3836684999999758,PVDAQ_10,cloudy
2023-01-03 16:09:00,15.039,15.010501416666687,0.02849858333331312,0.02849858333331312,PVDAQ_10,cloudy
2023-01-03 16:10:00,32.927,26.497054999999953,6.429945000000046,6.429945000000046,PVDAQ_10,cloudy
2023-01-03 16:11:00,28.48,29.52828499999996,-1.0482849999999608,1.0482849999999608,PVDAQ_10,cloudy
2023-01-03 16:12:00,17.068,17.754789666666692,-0.6867896666666908,0.6867896666666908,PVDAQ_10,cloudy
2023-01-03 16:13:00,17.467,17.68238122222224,-0.21538122222224132,0.21538122222224132,PVDAQ_10,cloudy
2023-01-03 16:14:00,13.397,12.9226913857143,0.47430861428570026,0.47430861428570026,PVDAQ_10,cloudy
2023-01-03 16:15:00,14.34,14.00628050000001,0.3337194999999902,0.3337194999999902,PVDAQ_10,cloudy
2023-01-03 16:16:00,22.114,25.452265250000004,-3.3382652500000027,3.3382652500000027,PVDAQ_10,cloudy
2023-01-03 16:17:00,16.292,20.580366666666688,-4.288366666666686,4.288366666666686,PVDAQ_10,cloudy
2023-01-03 16:18:00,12.2,14.475878750000014,-2.2758787500000146,2.2758787500000146,PVDAQ_10,cloudy
2023-01-03 16:19:00,9.8928,9.77578475000002,0.11701524999998014,0.11701524999998014,PVDAQ_10,cloudy
2023-01-03 16:20:00,7.819099999999999,5.447222399999999,2.3718775999999995,2.3718775999999995,PVDAQ_10,cloudy
2023-01-03 16:21:00,5.8782,4.219625516666664,1.6585744833333358,1.6585744833333358,PVDAQ_10,cloudy
2023-01-03 16:22:00,3.8375,2.4699663666666676,1.3675336333333323,1.3675336333333323,PVDAQ_10,cloudy
2023-01-03 16:23:00,2.1295,2.5476498499999956,-0.4181498499999954,0.4181498499999954,PVDAQ_10,cloudy
2023-01-03 16:24:00,0.65437,0.8992329000000008,-0.24486290000000077,0.24486290000000077,PVDAQ_10,cloudy
2023-01-03 16:25:00,0.0,0.36755624999999964,-0.36755624999999964,0.36755624999999964,PVDAQ_10,cloudy
2023-01-03 16:26:00,0.0,0.0666573,-0.0666573,0.0666573,PVDAQ_10,cloudy
2023-01-03 16:27:00,0.0,0.5434950999999999,-0.5434950999999999,0.5434950999999999,PVDAQ_10,night_or_low_power
2023-01-03 16:28:00,0.0,0.14873060000000002,-0.14873060000000002,0.14873060000000002,PVDAQ_10,night_or_low_power
2023-01-03 16:29:00,0.0,2.6900745,-2.6900745,2.6900745,PVDAQ_10,night_or_low_power
2023-01-03 16:30:00,0.0,2.672597,-2.672597,2.672597,PVDAQ_10,night_or_low_power
2023-01-03 16:31:00,0.0,4.639339849999998,-4.639339849999998,4.639339849999998,PVDAQ_10,night_or_low_power
2023-01-03 16:32:00,0.0,2.1626045,-2.1626045,2.1626045,PVDAQ_10,night_or_low_power
2023-01-03 16:33:00,0.0,0.0,0.0,0.0,PVDAQ_10,night_or_low_power
2023-01-03 16:34:00,0.0,0.0,0.0,0.0,PVDAQ_10,night_or_low_power
2023-01-03 16:35:00,0.0,0.0,0.0,0.0,PVDAQ_10,night_or_low_power
2023-01-03 16:36:00,0.0,0.0,0.0,0.0,PVDAQ_10,night_or_low_power
2023-01-03 16:37:00,0.0,0.0,0.0,0.0,PVDAQ_10,night_or_low_power
2023-01-03 16:38:00,0.0,0.0,0.0,0.0,PVDAQ_10,night_or_low_power
2023-01-03 16:39:00,0.0,0.0,0.0,0.0,PVDAQ_10,night_or_low_power
2023-01-03 16:40:00,0.0,0.0,0.0,0.0,PVDAQ_10,night_or_low_power
2023-01-03 16:41:00,0.0,0.0,0.0,0.0,PVDAQ_10,night_or_low_power
2023-01-03 16:42:00,0.0,0.0,0.0,0.0,PVDAQ_10,night_or_low_power
2023-01-03 16:43:00,0.0,0.0,0.0,0.0,PVDAQ_10,night_or_low_power
2023-01-03 16:44:00,0.0,0.0,0.0,0.0,PVDAQ_10,night_or_low_power
2023-01-03 16:45:00,0.0,0.0,0.0,0.0,PVDAQ_10,night_or_low_power
2023-01-03 16:46:00,0.0,0.0,0.0,0.0,PVDAQ_10,night_or_low_power
2023-01-03 16:47:00,0.0,0.0,0.0,0.0,PVDAQ_10,night_or_low_power
2023-01-03 16:48:00,0.0,0.0,0.0,0.0,PVDAQ_10,night_or_low_power
2023-01-03 16:49:00,0.0,0.0,0.0,0.0,PVDAQ_10,night_or_low_power
2023-01-03 16:50:00,0.0,0.0,0.0,0.0,PVDAQ_10,night_or_low_power
2023-01-03 16:51:00,0.0,0.0,0.0,0.0,PVDAQ_10,night_or_low_power
2023-01-03 16:52:00,0.0,0.0,0.0,0.0,PVDAQ_10,night_or_low_power
2023-01-03 16:53:00,0.0,0.0,0.0,0.0,PVDAQ_10,night_or_low_power
2023-01-03 16:54:00,0.0,0.0,0.0,0.0,PVDAQ_10,night_or_low_power
2023-01-03 16:55:00,0.0,0.0,0.0,0.0,PVDAQ_10,night_or_low_power
2023-01-03 16:56:00,0.0,0.0,0.0,0.0,PVDAQ_10,night_or_low_power
2023-01-03 16:57:00,0.0,0.0,0.0,0.0,PVDAQ_10,night_or_low_power
2023-01-03 16:58:00,0.0,0.0,0.0,0.0,PVDAQ_10,night_or_low_power
2023-01-03 16:59:00,0.0,0.0,0.0,0.0,PVDAQ_10,night_or_low_power
2023-01-03 17:00:00,0.0,0.0,0.0,0.0,PVDAQ_10,night_or_low_power
2023-01-03 17:01:00,0.0,0.0,0.0,0.0,PVDAQ_10,night_or_low_power
2023-01-03 17:02:00,0.0,0.0,0.0,0.0,PVDAQ_10,night_or_low_power
2023-01-03 17:03:00,0.0,0.0,0.0,0.0,PVDAQ_10,night_or_low_power
2023-01-03 17:04:00,0.0,0.0,0.0,0.0,PVDAQ_10,night_or_low_power
2023-01-03 17:05:00,0.0,0.0,0.0,0.0,PVDAQ_10,night_or_low_power
2023-01-03 17:06:00,0.0,0.0,0.0,0.0,PVDAQ_10,night_or_low_power
2023-01-03 17:07:00,0.0,0.0,0.0,0.0,PVDAQ_10,night_or_low_power
2023-01-03 17:08:00,0.0,0.0,0.0,0.0,PVDAQ_10,night_or_low_power
2023-01-03 17:09:00,0.0,0.0,0.0,0.0,PVDAQ_10,night_or_low_power
2023-01-03 17:10:00,0.0,0.0,0.0,0.0,PVDAQ_10,night_or_low_power
2023-01-03 17:11:00,0.0,0.0,0.0,0.0,PVDAQ_10,night_or_low_power
2023-01-03 17:12:00,0.0,0.0,0.0,0.0,PVDAQ_10,night_or_low_power
2023-01-03 17:13:00,0.0,0.0,0.0,0.0,PVDAQ_10,night_or_low_power
2023-01-03 17:14:00,0.0,0.0,0.0,0.0,PVDAQ_10,night_or_low_power
2023-01-03 17:15:00,0.0,0.0,0.0,0.0,PVDAQ_10,night_or_low_power
2023-01-03 17:16:00,0.0,0.0,0.0,0.0,PVDAQ_10,night_or_low_power
2023-01-03 17:17:00,0.0,0.0,0.0,0.0,PVDAQ_10,night_or_low_power
2023-01-03 17:18:00,0.0,0.0,0.0,0.0,PVDAQ_10,night_or_low_power
2023-01-03 17:19:00,0.0,0.0,0.0,0.0,PVDAQ_10,night_or_low_power
2023-01-03 17:20:00,0.0,0.0,0.0,0.0,PVDAQ_10,night_or_low_power
2023-01-03 17:21:00,0.0,0.0,0.0,0.0,PVDAQ_10,night_or_low_power
2023-01-03 17:22:00,0.0,0.0,0.0,0.0,PVDAQ_10,night_or_low_power
2023-01-03 17:23:00,0.0,0.0,0.0,0.0,PVDAQ_10,night_or_low_power
2023-01-03 17:24:00,0.0,0.0,0.0,0.0,PVDAQ_10,night_or_low_power
2023-01-03 17:25:00,0.0,0.0,0.0,0.0,PVDAQ_10,night_or_low_power
2023-01-03 17:26:00,0.0,0.0,0.0,0.0,PVDAQ_10,night_or_low_power
2023-01-03 17:27:00,0.0,0.0,0.0,0.0,PVDAQ_10,night_or_low_power
2023-01-03 17:28:00,0.0,0.0,0.0,0.0,PVDAQ_10,night_or_low_power
2023-01-03 17:29:00,0.0,0.0,0.0,0.0,PVDAQ_10,night_or_low_power
2023-01-03 17:30:00,0.0,0.0,0.0,0.0,PVDAQ_10,night_or_low_power
2023-01-03 17:31:00,0.0,0.0,0.0,0.0,PVDAQ_10,night_or_low_power
2023-01-03 17:32:00,0.0,0.0,0.0,0.0,PVDAQ_10,night_or_low_power
2023-01-03 17:33:00,0.0,0.0,0.0,0.0,PVDAQ_10,night_or_low_power
2023-01-03 17:34:00,0.0,0.0,0.0,0.0,PVDAQ_10,night_or_low_power
2023-01-03 17:35:00,0.0,0.0,0.0,0.0,PVDAQ_10,night_or_low_power
2023-01-03 17:36:00,0.0,0.0,0.0,0.0,PVDAQ_10,night_or_low_power
2023-01-03 17:37:00,0.0,0.0,0.0,0.0,PVDAQ_10,night_or_low_power
2023-01-03 17:38:00,0.0,0.0,0.0,0.0,PVDAQ_10,night_or_low_power
2023-01-03 17:39:00,0.0,0.0,0.0,0.0,PVDAQ_10,night_or_low_power
2023-01-03 17:40:00,0.0,0.0,0.0,0.0,PVDAQ_10,night_or_low_power
2023-01-03 17:41:00,0.0,0.0,0.0,0.0,PVDAQ_10,night_or_low_power
2023-01-03 17:42:00,0.0,0.0,0.0,0.0,PVDAQ_10,night_or_low_power
2023-01-03 17:43:00,0.0,0.0,0.0,0.0,PVDAQ_10,night_or_low_power
2023-01-03 17:44:00,0.0,0.0,0.0,0.0,PVDAQ_10,night_or_low_power
2023-01-03 17:45:00,0.0,0.0,0.0,0.0,PVDAQ_10,night_or_low_power
2023-01-03 17:46:00,0.0,0.0,0.0,0.0,PVDAQ_10,night_or_low_power
2023-01-03 17:47:00,0.0,0.0,0.0,0.0,PVDAQ_10,night_or_low_power
2023-01-03 17:48:00,0.0,0.0,0.0,0.0,PVDAQ_10,night_or_low_power
2023-01-03 17:49:00,0.0,0.0,0.0,0.0,PVDAQ_10,night_or_low_power
2023-01-03 17:50:00,0.0,0.0,0.0,0.0,PVDAQ_10,night_or_low_power
2023-01-03 17:51:00,0.0,0.0,0.0,0.0,PVDAQ_10,night_or_low_power
2023-01-03 17:52:00,0.0,0.0,0.0,0.0,PVDAQ_10,night_or_low_power
2023-01-03 17:53:00,0.0,0.0,0.0,0.0,PVDAQ_10,night_or_low_power
2023-01-03 17:54:00,0.0,0.0,0.0,0.0,PVDAQ_10,night_or_low_power
2023-01-03 17:55:00,0.0,0.0,0.0,0.0,PVDAQ_10,night_or_low_power
2023-01-03 17:56:00,0.0,0.0,0.0,0.0,PVDAQ_10,night_or_low_power
2023-01-03 17:57:00,0.0,0.0,0.0,0.0,PVDAQ_10,night_or_low_power
2023-01-03 17:58:00,0.0,0.0,0.0,0.0,PVDAQ_10,night_or_low_power
2023-01-03 17:59:00,0.0,0.0,0.0,0.0,PVDAQ_10,night_or_low_power
2023-01-03 18:00:00,0.0,0.0,0.0,0.0,PVDAQ_10,night_or_low_power
2023-01-03 18:01:00,0.0,0.0,0.0,0.0,PVDAQ_10,night_or_low_power
2023-01-03 18:02:00,0.0,0.0,0.0,0.0,PVDAQ_10,night_or_low_power
2023-01-03 18:03:00,0.0,0.0,0.0,0.0,PVDAQ_10,night_or_low_power
2023-01-03 18:04:00,0.0,0.0,0.0,0.0,PVDAQ_10,night_or_low_power
2023-01-03 18:05:00,0.0,0.0,0.0,0.0,PVDAQ_10,night_or_low_power
2023-01-03 18:06:00,0.0,0.0,0.0,0.0,PVDAQ_10,night_or_low_power
2023-01-03 18:07:00,0.0,0.0,0.0,0.0,PVDAQ_10,night_or_low_power
2023-01-03 18:08:00,0.0,0.0,0.0,0.0,PVDAQ_10,night_or_low_power
2023-01-03 18:09:00,0.0,0.0,0.0,0.0,PVDAQ_10,night_or_low_power
2023-01-03 18:10:00,0.0,0.0,0.0,0.0,PVDAQ_10,night_or_low_power
2023-01-03 18:11:00,0.0,0.0,0.0,0.0,PVDAQ_10,night_or_low_power
2023-01-03 18:12:00,0.0,0.0,0.0,0.0,PVDAQ_10,night_or_low_power
2023-01-03 18:13:00,0.0,0.0,0.0,0.0,PVDAQ_10,night_or_low_power
2023-01-03 18:14:00,0.0,0.0,0.0,0.0,PVDAQ_10,night_or_low_power
2023-01-03 18:15:00,0.0,0.0,0.0,0.0,PVDAQ_10,night_or_low_power
2023-01-03 18:16:00,0.0,0.0,0.0,0.0,PVDAQ_10,night_or_low_power
2023-01-03 18:17:00,0.0,0.0,0.0,0.0,PVDAQ_10,night_or_low_power
2023-01-03 18:18:00,0.0,0.0,0.0,0.0,PVDAQ_10,night_or_low_power
2023-01-03 18:19:00,0.0,0.0,0.0,0.0,PVDAQ_10,night_or_low_power
2023-01-03 18:20:00,0.0,0.0,0.0,0.0,PVDAQ_10,night_or_low_power
2023-01-03 18:21:00,0.0,0.0,0.0,0.0,PVDAQ_10,night_or_low_power
2023-01-03 18:22:00,0.0,0.0,0.0,0.0,PVDAQ_10,night_or_low_power
2023-01-03 18:23:00,0.0,0.0,0.0,0.0,PVDAQ_10,night_or_low_power
2023-01-03 18:24:00,0.0,0.0,0.0,0.0,PVDAQ_10,night_or_low_power
2023-01-03 18:25:00,0.0,0.0,0.0,0.0,PVDAQ_10,night_or_low_power
2023-01-03 18:26:00,0.0,0.0,0.0,0.0,PVDAQ_10,night_or_low_power
2023-01-03 18:27:00,0.0,0.0,0.0,0.0,PVDAQ_10,night_or_low_power
2023-01-03 18:28:00,0.0,0.0,0.0,0.0,PVDAQ_10,night_or_low_power
2023-01-03 18:29:00,0.0,0.0,0.0,0.0,PVDAQ_10,night_or_low_power
2023-01-03 18:30:00,0.0,0.0,0.0,0.0,PVDAQ_10,night_or_low_power
2023-01-03 18:31:00,0.0,0.0,0.0,0.0,PVDAQ_10,night_or_low_power
2023-01-03 18:32:00,0.0,0.0,0.0,0.0,PVDAQ_10,night_or_low_power
2023-01-03 18:33:00,0.0,0.0,0.0,0.0,PVDAQ_10,night_or_low_power
2023-01-03 18:34:00,0.0,0.0,0.0,0.0,PVDAQ_10,night_or_low_power
2023-01-03 18:35:00,0.0,0.0,0.0,0.0,PVDAQ_10,night_or_low_power
2023-01-03 18:36:00,0.0,0.0,0.0,0.0,PVDAQ_10,night_or_low_power
2023-01-03 18:37:00,0.0,0.0,0.0,0.0,PVDAQ_10,night_or_low_power
2023-01-03 18:38:00,0.0,0.0,0.0,0.0,PVDAQ_10,night_or_low_power
2023-01-03 18:39:00,0.0,0.0,0.0,0.0,PVDAQ_10,night_or_low_power
2023-01-03 18:40:00,0.0,0.0,0.0,0.0,PVDAQ_10,night_or_low_power
2023-01-03 18:41:00,0.0,0.0,0.0,0.0,PVDAQ_10,night_or_low_power
2023-01-03 18:42:00,0.0,0.0,0.0,0.0,PVDAQ_10,night_or_low_power
2023-01-03 18:43:00,0.0,0.0,0.0,0.0,PVDAQ_10,night_or_low_power
2023-01-03 18:44:00,0.0,0.0,0.0,0.0,PVDAQ_10,night_or_low_power
2023-01-03 18:45:00,0.0,0.0,0.0,0.0,PVDAQ_10,night_or_low_power
2023-01-03 18:46:00,0.0,0.0,0.0,0.0,PVDAQ_10,night_or_low_power
2023-01-03 18:47:00,0.0,0.0,0.0,0.0,PVDAQ_10,night_or_low_power
2023-01-03 18:48:00,0.0,0.0,0.0,0.0,PVDAQ_10,night_or_low_power
2023-01-03 18:49:00,0.0,0.0,0.0,0.0,PVDAQ_10,night_or_low_power
2023-01-03 18:50:00,0.0,0.0,0.0,0.0,PVDAQ_10,night_or_low_power
2023-01-03 18:51:00,0.0,0.0,0.0,0.0,PVDAQ_10,night_or_low_power
2023-01-03 18:52:00,0.0,0.0,0.0,0.0,PVDAQ_10,night_or_low_power
2023-01-03 18:53:00,0.0,0.0,0.0,0.0,PVDAQ_10,night_or_low_power
2023-01-03 18:54:00,0.0,0.0,0.0,0.0,PVDAQ_10,night_or_low_power
2023-01-03 18:55:00,0.0,0.0,0.0,0.0,PVDAQ_10,night_or_low_power
2023-01-03 18:56:00,0.0,0.0,0.0,0.0,PVDAQ_10,night_or_low_power
2023-01-03 18:57:00,0.0,0.0,0.0,0.0,PVDAQ_10,night_or_low_power
2023-01-03 18:58:00,0.0,0.0,0.0,0.0,PVDAQ_10,night_or_low_power
2023-01-03 18:59:00,0.0,0.0,0.0,0.0,PVDAQ_10,night_or_low_power
2023-01-03 19:00:00,0.0,0.0,0.0,0.0,PVDAQ_10,night_or_low_power
2023-01-03 19:01:00,0.0,0.0,0.0,0.0,PVDAQ_10,night_or_low_power
2023-01-03 19:02:00,0.0,0.0,0.0,0.0,PVDAQ_10,night_or_low_power
2023-01-03 19:03:00,0.0,0.0,0.0,0.0,PVDAQ_10,night_or_low_power
2023-01-03 19:04:00,0.0,0.0,0.0,0.0,PVDAQ_10,night_or_low_power
2023-01-03 19:05:00,0.0,0.0,0.0,0.0,PVDAQ_10,night_or_low_power
2023-01-03 19:06:00,0.0,0.0,0.0,0.0,PVDAQ_10,night_or_low_power
2023-01-03 19:07:00,0.0,0.0,0.0,0.0,PVDAQ_10,night_or_low_power
2023-01-03 19:08:00,0.0,0.0,0.0,0.0,PVDAQ_10,night_or_low_power
2023-01-03 19:09:00,0.0,0.0,0.0,0.0,PVDAQ_10,night_or_low_power
2023-01-03 19:10:00,0.0,0.0,0.0,0.0,PVDAQ_10,night_or_low_power
2023-01-03 19:11:00,0.0,0.0,0.0,0.0,PVDAQ_10,night_or_low_power
2023-01-03 19:12:00,0.0,0.0,0.0,0.0,PVDAQ_10,night_or_low_power
2023-01-03 19:13:00,0.0,0.0,0.0,0.0,PVDAQ_10,night_or_low_power
2023-01-03 19:14:00,0.0,0.0,0.0,0.0,PVDAQ_10,night_or_low_power
2023-01-03 19:15:00,0.0,0.0,0.0,0.0,PVDAQ_10,night_or_low_power
2023-01-03 19:16:00,0.0,0.0,0.0,0.0,PVDAQ_10,night_or_low_power
2023-01-03 19:17:00,0.0,0.0,0.0,0.0,PVDAQ_10,night_or_low_power
2023-01-03 19:18:00,0.0,0.0,0.0,0.0,PVDAQ_10,night_or_low_power
2023-01-03 19:19:00,0.0,0.0,0.0,0.0,PVDAQ_10,night_or_low_power
2023-01-03 19:20:00,0.0,0.0,0.0,0.0,PVDAQ_10,night_or_low_power
2023-01-03 19:21:00,0.0,0.0,0.0,0.0,PVDAQ_10,night_or_low_power
2023-01-03 19:22:00,0.0,0.0,0.0,0.0,PVDAQ_10,night_or_low_power
2023-01-03 19:23:00,0.0,0.0,0.0,0.0,PVDAQ_10,night_or_low_power
2023-01-03 19:24:00,0.0,0.0,0.0,0.0,PVDAQ_10,night_or_low_power
2023-01-03 19:25:00,0.0,0.0,0.0,0.0,PVDAQ_10,night_or_low_power
2023-01-03 19:26:00,0.0,0.0,0.0,0.0,PVDAQ_10,night_or_low_power
2023-01-03 19:27:00,0.0,0.0,0.0,0.0,PVDAQ_10,night_or_low_power
2023-01-03 19:28:00,0.0,0.0,0.0,0.0,PVDAQ_10,night_or_low_power
2023-01-03 19:29:00,0.0,0.0,0.0,0.0,PVDAQ_10,night_or_low_power
2023-01-03 19:30:00,0.0,0.0,0.0,0.0,PVDAQ_10,night_or_low_power
2023-01-03 19:31:00,0.0,0.0,0.0,0.0,PVDAQ_10,night_or_low_power
2023-01-03 19:32:00,0.0,0.0,0.0,0.0,PVDAQ_10,night_or_low_power
2023-01-03 19:33:00,0.0,0.0,0.0,0.0,PVDAQ_10,night_or_low_power
2023-01-03 19:34:00,0.0,0.0,0.0,0.0,PVDAQ_10,night_or_low_power
2023-01-03 19:35:00,0.0,0.0,0.0,0.0,PVDAQ_10,night_or_low_power
2023-01-03 19:36:00,0.0,0.0,0.0,0.0,PVDAQ_10,night_or_low_power
2023-01-03 19:37:00,0.0,0.0,0.0,0.0,PVDAQ_10,night_or_low_power
2023-01-03 19:38:00,0.0,0.0,0.0,0.0,PVDAQ_10,night_or_low_power
2023-01-03 19:39:00,0.0,0.0,0.0,0.0,PVDAQ_10,night_or_low_power
2023-01-03 19:40:00,0.0,0.0,0.0,0.0,PVDAQ_10,night_or_low_power
2023-01-03 19:41:00,0.0,0.0,0.0,0.0,PVDAQ_10,night_or_low_power
2023-01-03 19:42:00,0.0,0.0,0.0,0.0,PVDAQ_10,night_or_low_power
2023-01-03 19:43:00,0.0,0.0,0.0,0.0,PVDAQ_10,night_or_low_power
2023-01-03 19:44:00,0.0,0.0,0.0,0.0,PVDAQ_10,night_or_low_power
2023-01-03 19:45:00,0.0,0.0,0.0,0.0,PVDAQ_10,night_or_low_power
2023-01-03 19:46:00,0.0,0.0,0.0,0.0,PVDAQ_10,night_or_low_power
2023-01-03 19:47:00,0.0,0.0,0.0,0.0,PVDAQ_10,night_or_low_power
2023-01-03 19:48:00,0.0,0.0,0.0,0.0,PVDAQ_10,night_or_low_power
2023-01-03 19:49:00,0.0,0.0,0.0,0.0,PVDAQ_10,night_or_low_power
2023-01-03 19:50:00,0.0,0.0,0.0,0.0,PVDAQ_10,night_or_low_power
2023-01-03 19:51:00,0.0,0.0,0.0,0.0,PVDAQ_10,night_or_low_power
2023-01-03 19:52:00,0.0,0.0,0.0,0.0,PVDAQ_10,night_or_low_power
2023-01-03 19:53:00,0.0,0.0,0.0,0.0,PVDAQ_10,night_or_low_power
2023-01-03 19:54:00,0.0,0.0,0.0,0.0,PVDAQ_10,night_or_low_power
2023-01-03 19:55:00,0.0,0.0,0.0,0.0,PVDAQ_10,night_or_low_power
2023-01-03 19:56:00,0.0,0.0,0.0,0.0,PVDAQ_10,night_or_low_power
2023-01-03 19:57:00,0.0,0.0,0.0,0.0,PVDAQ_10,night_or_low_power
2023-01-03 19:58:00,0.0,0.0,0.0,0.0,PVDAQ_10,night_or_low_power
2023-01-03 19:59:00,0.0,0.0,0.0,0.0,PVDAQ_10,night_or_low_power
2023-01-03 20:00:00,0.0,0.0,0.0,0.0,PVDAQ_10,night_or_low_power
2023-01-03 20:01:00,0.0,0.0,0.0,0.0,PVDAQ_10,night_or_low_power
2023-01-03 20:02:00,0.0,0.0,0.0,0.0,PVDAQ_10,night_or_low_power
2023-01-03 20:03:00,0.0,0.0,0.0,0.0,PVDAQ_10,night_or_low_power
2023-01-03 20:04:00,0.0,0.0,0.0,0.0,PVDAQ_10,night_or_low_power
2023-01-03 20:05:00,0.0,0.0,0.0,0.0,PVDAQ_10,night_or_low_power
2023-01-03 20:06:00,0.0,0.0,0.0,0.0,PVDAQ_10,night_or_low_power
2023-01-03 20:07:00,0.0,0.0,0.0,0.0,PVDAQ_10,night_or_low_power
2023-01-03 20:08:00,0.0,0.0,0.0,0.0,PVDAQ_10,night_or_low_power
2023-01-03 20:09:00,0.0,0.0,0.0,0.0,PVDAQ_10,night_or_low_power
2023-01-03 20:10:00,0.0,0.0,0.0,0.0,PVDAQ_10,night_or_low_power
2023-01-03 20:11:00,0.0,0.0,0.0,0.0,PVDAQ_10,night_or_low_power
2023-01-03 20:12:00,0.0,0.0,0.0,0.0,PVDAQ_10,night_or_low_power
2023-01-03 20:13:00,0.0,0.0,0.0,0.0,PVDAQ_10,night_or_low_power
2023-01-03 20:14:00,0.0,0.0,0.0,0.0,PVDAQ_10,night_or_low_power
2023-01-03 20:15:00,0.0,0.0,0.0,0.0,PVDAQ_10,night_or_low_power
2023-01-03 20:16:00,0.0,0.0,0.0,0.0,PVDAQ_10,night_or_low_power
2023-01-03 20:17:00,0.0,0.0,0.0,0.0,PVDAQ_10,night_or_low_power
2023-01-03 20:18:00,0.0,0.0,0.0,0.0,PVDAQ_10,night_or_low_power
2023-01-03 20:19:00,0.0,0.0,0.0,0.0,PVDAQ_10,night_or_low_power
2023-01-03 20:20:00,0.0,0.0,0.0,0.0,PVDAQ_10,night_or_low_power
2023-01-03 20:21:00,0.0,0.0,0.0,0.0,PVDAQ_10,night_or_low_power
2023-01-03 20:22:00,0.0,0.0,0.0,0.0,PVDAQ_10,night_or_low_power
2023-01-03 20:23:00,0.0,0.0,0.0,0.0,PVDAQ_10,night_or_low_power
2023-01-03 20:24:00,0.0,0.0,0.0,0.0,PVDAQ_10,night_or_low_power
2023-01-03 20:25:00,0.0,0.0,0.0,0.0,PVDAQ_10,night_or_low_power
2023-01-03 20:26:00,0.0,0.0,0.0,0.0,PVDAQ_10,night_or_low_power
2023-01-03 20:27:00,0.0,0.0,0.0,0.0,PVDAQ_10,night_or_low_power
2023-01-03 20:28:00,0.0,0.0,0.0,0.0,PVDAQ_10,night_or_low_power
2023-01-03 20:29:00,0.0,0.0,0.0,0.0,PVDAQ_10,night_or_low_power
2023-01-03 20:30:00,0.0,0.0,0.0,0.0,PVDAQ_10,night_or_low_power
2023-01-03 20:31:00,0.0,0.0,0.0,0.0,PVDAQ_10,night_or_low_power
2023-01-03 20:32:00,0.0,0.0,0.0,0.0,PVDAQ_10,night_or_low_power
2023-01-03 20:33:00,0.0,0.0,0.0,0.0,PVDAQ_10,night_or_low_power
2023-01-03 20:34:00,0.0,0.0,0.0,0.0,PVDAQ_10,night_or_low_power
2023-01-03 20:35:00,0.0,0.0,0.0,0.0,PVDAQ_10,night_or_low_power
2023-01-03 20:36:00,0.0,0.0,0.0,0.0,PVDAQ_10,night_or_low_power
2023-01-03 20:37:00,0.0,0.0,0.0,0.0,PVDAQ_10,night_or_low_power
2023-01-03 20:38:00,0.0,0.0,0.0,0.0,PVDAQ_10,night_or_low_power
2023-01-03 20:39:00,0.0,0.0,0.0,0.0,PVDAQ_10,night_or_low_power
2023-01-03 20:40:00,0.0,0.0,0.0,0.0,PVDAQ_10,night_or_low_power
2023-01-03 20:41:00,0.0,0.0,0.0,0.0,PVDAQ_10,night_or_low_power
2023-01-03 20:42:00,0.0,0.0,0.0,0.0,PVDAQ_10,night_or_low_power
2023-01-03 20:43:00,0.0,0.0,0.0,0.0,PVDAQ_10,night_or_low_power
2023-01-03 20:44:00,0.0,0.0,0.0,0.0,PVDAQ_10,night_or_low_power
2023-01-03 20:45:00,0.0,0.0,0.0,0.0,PVDAQ_10,night_or_low_power
2023-01-03 20:46:00,0.0,0.0,0.0,0.0,PVDAQ_10,night_or_low_power
2023-01-03 20:47:00,0.0,0.0,0.0,0.0,PVDAQ_10,night_or_low_power
2023-01-03 20:48:00,0.0,0.0,0.0,0.0,PVDAQ_10,night_or_low_power
2023-01-03 20:49:00,0.0,0.0,0.0,0.0,PVDAQ_10,night_or_low_power
2023-01-03 20:50:00,0.0,0.0,0.0,0.0,PVDAQ_10,night_or_low_power
2023-01-03 20:51:00,0.0,0.0,0.0,0.0,PVDAQ_10,night_or_low_power
2023-01-03 20:52:00,0.0,0.0,0.0,0.0,PVDAQ_10,night_or_low_power
2023-01-03 20:53:00,0.0,0.0,0.0,0.0,PVDAQ_10,night_or_low_power
2023-01-03 20:54:00,0.0,0.0,0.0,0.0,PVDAQ_10,night_or_low_power
2023-01-03 20:55:00,0.0,0.0,0.0,0.0,PVDAQ_10,night_or_low_power
2023-01-03 20:56:00,0.0,0.0,0.0,0.0,PVDAQ_10,night_or_low_power
2023-01-03 20:57:00,0.0,0.0,0.0,0.0,PVDAQ_10,night_or_low_power
2023-01-03 20:58:00,0.0,0.0,0.0,0.0,PVDAQ_10,night_or_low_power
2023-01-03 20:59:00,0.0,0.0,0.0,0.0,PVDAQ_10,night_or_low_power
2023-01-03 21:00:00,0.0,0.0,0.0,0.0,PVDAQ_10,night_or_low_power
2023-01-03 21:01:00,0.0,0.0,0.0,0.0,PVDAQ_10,night_or_low_power
2023-01-03 21:02:00,0.0,0.0,0.0,0.0,PVDAQ_10,night_or_low_power
2023-01-03 21:03:00,0.0,0.0,0.0,0.0,PVDAQ_10,night_or_low_power
2023-01-03 21:04:00,0.0,0.0,0.0,0.0,PVDAQ_10,night_or_low_power
2023-01-03 21:05:00,0.0,0.0,0.0,0.0,PVDAQ_10,night_or_low_power
2023-01-03 21:06:00,0.0,0.0,0.0,0.0,PVDAQ_10,night_or_low_power
2023-01-03 21:07:00,0.0,0.0,0.0,0.0,PVDAQ_10,night_or_low_power
2023-01-03 21:08:00,0.0,0.0,0.0,0.0,PVDAQ_10,night_or_low_power
2023-01-03 21:09:00,0.0,0.0,0.0,0.0,PVDAQ_10,night_or_low_power
2023-01-03 21:10:00,0.0,0.0,0.0,0.0,PVDAQ_10,night_or_low_power
2023-01-03 21:11:00,0.0,0.0,0.0,0.0,PVDAQ_10,night_or_low_power
2023-01-03 21:12:00,0.0,0.0,0.0,0.0,PVDAQ_10,night_or_low_power
2023-01-03 21:13:00,0.0,0.0,0.0,0.0,PVDAQ_10,night_or_low_power
2023-01-03 21:14:00,0.0,0.0,0.0,0.0,PVDAQ_10,night_or_low_power
2023-01-03 21:15:00,0.0,0.0,0.0,0.0,PVDAQ_10,night_or_low_power
2023-01-03 21:16:00,0.0,0.0,0.0,0.0,PVDAQ_10,night_or_low_power
2023-01-03 21:17:00,0.0,0.0,0.0,0.0,PVDAQ_10,night_or_low_power
2023-01-03 21:18:00,0.0,0.0,0.0,0.0,PVDAQ_10,night_or_low_power
2023-01-03 21:19:00,0.0,0.0,0.0,0.0,PVDAQ_10,night_or_low_power
2023-01-03 21:20:00,0.0,0.0,0.0,0.0,PVDAQ_10,night_or_low_power
2023-01-03 21:21:00,0.0,0.0,0.0,0.0,PVDAQ_10,night_or_low_power
2023-01-03 21:22:00,0.0,0.0,0.0,0.0,PVDAQ_10,night_or_low_power
2023-01-03 21:23:00,0.0,0.0,0.0,0.0,PVDAQ_10,night_or_low_power
2023-01-03 21:24:00,0.0,0.0,0.0,0.0,PVDAQ_10,night_or_low_power
2023-01-03 21:25:00,0.0,0.0,0.0,0.0,PVDAQ_10,night_or_low_power
2023-01-03 21:26:00,0.0,0.0,0.0,0.0,PVDAQ_10,night_or_low_power
2023-01-03 21:27:00,0.0,0.0,0.0,0.0,PVDAQ_10,night_or_low_power
2023-01-03 21:28:00,0.0,0.0,0.0,0.0,PVDAQ_10,night_or_low_power
2023-01-03 21:29:00,0.0,0.0,0.0,0.0,PVDAQ_10,night_or_low_power
2023-01-03 21:30:00,0.0,0.0,0.0,0.0,PVDAQ_10,night_or_low_power
2023-01-03 21:31:00,0.0,0.0,0.0,0.0,PVDAQ_10,night_or_low_power
2023-01-03 21:32:00,0.0,0.0,0.0,0.0,PVDAQ_10,night_or_low_power
2023-01-03 21:33:00,0.0,0.0,0.0,0.0,PVDAQ_10,night_or_low_power
2023-01-03 21:34:00,0.0,0.0,0.0,0.0,PVDAQ_10,night_or_low_power
2023-01-03 21:35:00,0.0,0.0,0.0,0.0,PVDAQ_10,night_or_low_power
2023-01-03 21:36:00,0.0,0.0,0.0,0.0,PVDAQ_10,night_or_low_power
2023-01-03 21:37:00,0.0,0.0,0.0,0.0,PVDAQ_10,night_or_low_power
2023-01-03 21:38:00,0.0,0.0,0.0,0.0,PVDAQ_10,night_or_low_power
2023-01-03 21:39:00,0.0,0.0,0.0,0.0,PVDAQ_10,night_or_low_power
2023-01-03 21:40:00,0.0,0.0,0.0,0.0,PVDAQ_10,night_or_low_power
2023-01-03 21:41:00,0.0,0.0,0.0,0.0,PVDAQ_10,night_or_low_power
2023-01-03 21:42:00,0.0,0.0,0.0,0.0,PVDAQ_10,night_or_low_power
2023-01-03 21:43:00,0.0,0.0,0.0,0.0,PVDAQ_10,night_or_low_power
2023-01-03 21:44:00,0.0,0.0,0.0,0.0,PVDAQ_10,night_or_low_power
2023-01-03 21:45:00,0.0,0.0,0.0,0.0,PVDAQ_10,night_or_low_power
2023-01-03 21:46:00,0.0,0.0,0.0,0.0,PVDAQ_10,night_or_low_power
2023-01-03 21:47:00,0.0,0.0,0.0,0.0,PVDAQ_10,night_or_low_power
2023-01-03 21:48:00,0.0,0.0,0.0,0.0,PVDAQ_10,night_or_low_power
2023-01-03 21:49:00,0.0,0.0,0.0,0.0,PVDAQ_10,night_or_low_power
2023-01-03 21:50:00,0.0,0.0,0.0,0.0,PVDAQ_10,night_or_low_power
2023-01-03 21:51:00,0.0,0.0,0.0,0.0,PVDAQ_10,night_or_low_power
2023-01-03 21:52:00,0.0,0.0,0.0,0.0,PVDAQ_10,night_or_low_power
2023-01-03 21:53:00,0.0,0.0,0.0,0.0,PVDAQ_10,night_or_low_power
2023-01-03 21:54:00,0.0,0.0,0.0,0.0,PVDAQ_10,night_or_low_power
2023-01-03 21:55:00,0.0,0.0,0.0,0.0,PVDAQ_10,night_or_low_power
2023-01-03 21:56:00,0.0,0.0,0.0,0.0,PVDAQ_10,night_or_low_power
2023-01-03 21:57:00,0.0,0.0,0.0,0.0,PVDAQ_10,night_or_low_power
2023-01-03 21:58:00,0.0,0.0,0.0,0.0,PVDAQ_10,night_or_low_power
2023-01-03 21:59:00,0.0,0.0,0.0,0.0,PVDAQ_10,night_or_low_power
2023-01-03 22:00:00,0.0,0.0,0.0,0.0,PVDAQ_10,night_or_low_power
2023-01-03 22:01:00,0.0,0.0,0.0,0.0,PVDAQ_10,night_or_low_power
2023-01-03 22:02:00,0.0,0.0,0.0,0.0,PVDAQ_10,night_or_low_power
2023-01-03 22:03:00,0.0,0.0,0.0,0.0,PVDAQ_10,night_or_low_power
2023-01-03 22:04:00,0.0,0.0,0.0,0.0,PVDAQ_10,night_or_low_power
2023-01-03 22:05:00,0.0,0.0,0.0,0.0,PVDAQ_10,night_or_low_power
2023-01-03 22:06:00,0.0,0.0,0.0,0.0,PVDAQ_10,night_or_low_power
2023-01-03 22:07:00,0.0,0.0,0.0,0.0,PVDAQ_10,night_or_low_power
2023-01-03 22:08:00,0.0,0.0,0.0,0.0,PVDAQ_10,night_or_low_power
2023-01-03 22:09:00,0.0,0.0,0.0,0.0,PVDAQ_10,night_or_low_power
2023-01-03 22:10:00,0.0,0.0,0.0,0.0,PVDAQ_10,night_or_low_power
2023-01-03 22:11:00,0.0,0.0,0.0,0.0,PVDAQ_10,night_or_low_power
2023-01-03 22:12:00,0.0,0.0,0.0,0.0,PVDAQ_10,night_or_low_power
2023-01-03 22:13:00,0.0,0.0,0.0,0.0,PVDAQ_10,night_or_low_power
2023-01-03 22:14:00,0.0,0.0,0.0,0.0,PVDAQ_10,night_or_low_power
2023-01-03 22:15:00,0.0,0.0,0.0,0.0,PVDAQ_10,night_or_low_power
2023-01-03 22:16:00,0.0,0.0,0.0,0.0,PVDAQ_10,night_or_low_power
2023-01-03 22:17:00,0.0,0.0,0.0,0.0,PVDAQ_10,night_or_low_power
2023-01-03 22:18:00,0.0,0.0,0.0,0.0,PVDAQ_10,night_or_low_power
2023-01-03 22:19:00,0.0,0.0,0.0,0.0,PVDAQ_10,night_or_low_power
2023-01-03 22:20:00,0.0,0.0,0.0,0.0,PVDAQ_10,night_or_low_power
2023-01-03 22:21:00,0.0,0.0,0.0,0.0,PVDAQ_10,night_or_low_power
2023-01-03 22:22:00,0.0,0.0,0.0,0.0,PVDAQ_10,night_or_low_power
2023-01-03 22:23:00,0.0,0.0,0.0,0.0,PVDAQ_10,night_or_low_power
2023-01-03 22:24:00,0.0,0.0,0.0,0.0,PVDAQ_10,night_or_low_power
2023-01-03 22:25:00,0.0,0.0,0.0,0.0,PVDAQ_10,night_or_low_power
2023-01-03 22:26:00,0.0,0.0,0.0,0.0,PVDAQ_10,night_or_low_power
2023-01-03 22:27:00,0.0,0.0,0.0,0.0,PVDAQ_10,night_or_low_power
2023-01-03 22:28:00,0.0,0.0,0.0,0.0,PVDAQ_10,night_or_low_power
2023-01-03 22:29:00,0.0,0.0,0.0,0.0,PVDAQ_10,night_or_low_power
2023-01-03 22:30:00,0.0,0.0,0.0,0.0,PVDAQ_10,night_or_low_power
2023-01-03 22:31:00,0.0,0.0,0.0,0.0,PVDAQ_10,night_or_low_power
2023-01-03 22:32:00,0.0,0.0,0.0,0.0,PVDAQ_10,night_or_low_power
2023-01-03 22:33:00,0.0,0.0,0.0,0.0,PVDAQ_10,night_or_low_power
2023-01-03 22:34:00,0.0,0.0,0.0,0.0,PVDAQ_10,night_or_low_power
2023-01-03 22:35:00,0.0,0.0,0.0,0.0,PVDAQ_10,night_or_low_power
2023-01-03 22:36:00,0.0,0.0,0.0,0.0,PVDAQ_10,night_or_low_power
2023-01-03 22:37:00,0.0,0.0,0.0,0.0,PVDAQ_10,night_or_low_power
2023-01-03 22:38:00,0.0,0.0,0.0,0.0,PVDAQ_10,night_or_low_power
2023-01-03 22:39:00,0.0,0.0,0.0,0.0,PVDAQ_10,night_or_low_power
2023-01-03 22:40:00,0.0,0.0,0.0,0.0,PVDAQ_10,night_or_low_power
2023-01-03 22:41:00,0.0,0.0,0.0,0.0,PVDAQ_10,night_or_low_power
2023-01-03 22:42:00,0.0,0.0,0.0,0.0,PVDAQ_10,night_or_low_power
2023-01-03 22:43:00,0.0,0.0,0.0,0.0,PVDAQ_10,night_or_low_power
2023-01-03 22:44:00,0.0,0.0,0.0,0.0,PVDAQ_10,night_or_low_power
2023-01-03 22:45:00,0.0,0.0,0.0,0.0,PVDAQ_10,night_or_low_power
2023-01-03 22:46:00,0.0,0.0,0.0,0.0,PVDAQ_10,night_or_low_power
2023-01-03 22:47:00,0.0,0.0,0.0,0.0,PVDAQ_10,night_or_low_power
2023-01-03 22:48:00,0.0,0.0,0.0,0.0,PVDAQ_10,night_or_low_power
2023-01-03 22:49:00,0.0,0.0,0.0,0.0,PVDAQ_10,night_or_low_power
2023-01-03 22:50:00,0.0,0.0,0.0,0.0,PVDAQ_10,night_or_low_power
2023-01-03 22:51:00,0.0,0.0,0.0,0.0,PVDAQ_10,night_or_low_power
2023-01-03 22:52:00,0.0,0.0,0.0,0.0,PVDAQ_10,night_or_low_power
2023-01-03 22:53:00,0.0,0.0,0.0,0.0,PVDAQ_10,night_or_low_power
2023-01-03 22:54:00,0.0,0.0,0.0,0.0,PVDAQ_10,night_or_low_power
2023-01-03 22:55:00,0.0,0.0,0.0,0.0,PVDAQ_10,night_or_low_power
2023-01-03 22:56:00,0.0,0.0,0.0,0.0,PVDAQ_10,night_or_low_power
2023-01-03 22:57:00,0.0,0.0,0.0,0.0,PVDAQ_10,night_or_low_power
2023-01-03 22:58:00,0.0,0.0,0.0,0.0,PVDAQ_10,night_or_low_power
2023-01-03 22:59:00,0.0,0.0,0.0,0.0,PVDAQ_10,night_or_low_power
2023-01-03 23:00:00,0.0,0.0,0.0,0.0,PVDAQ_10,night_or_low_power
2023-01-03 23:01:00,0.0,0.0,0.0,0.0,PVDAQ_10,night_or_low_power
2023-01-03 23:02:00,0.0,0.0,0.0,0.0,PVDAQ_10,night_or_low_power
2023-01-03 23:03:00,0.0,0.0,0.0,0.0,PVDAQ_10,night_or_low_power
2023-01-03 23:04:00,0.0,0.0,0.0,0.0,PVDAQ_10,night_or_low_power
2023-01-03 23:05:00,0.0,0.0,0.0,0.0,PVDAQ_10,night_or_low_power
2023-01-03 23:06:00,0.0,0.0,0.0,0.0,PVDAQ_10,night_or_low_power
2023-01-03 23:07:00,0.0,0.0,0.0,0.0,PVDAQ_10,night_or_low_power
2023-01-03 23:08:00,0.0,0.0,0.0,0.0,PVDAQ_10,night_or_low_power
2023-01-03 23:09:00,0.0,0.0,0.0,0.0,PVDAQ_10,night_or_low_power
2023-01-03 23:10:00,0.0,0.0,0.0,0.0,PVDAQ_10,night_or_low_power
2023-01-03 23:11:00,0.0,0.0,0.0,0.0,PVDAQ_10,night_or_low_power
2023-01-03 23:12:00,0.0,0.0,0.0,0.0,PVDAQ_10,night_or_low_power
2023-01-03 23:13:00,0.0,0.0,0.0,0.0,PVDAQ_10,night_or_low_power
2023-01-03 23:14:00,0.0,0.0,0.0,0.0,PVDAQ_10,night_or_low_power
2023-01-03 23:15:00,0.0,0.0,0.0,0.0,PVDAQ_10,night_or_low_power
2023-01-03 23:16:00,0.0,0.0,0.0,0.0,PVDAQ_10,night_or_low_power
2023-01-03 23:17:00,0.0,0.0,0.0,0.0,PVDAQ_10,night_or_low_power
2023-01-03 23:18:00,0.0,0.0,0.0,0.0,PVDAQ_10,night_or_low_power
2023-01-03 23:19:00,0.0,0.0,0.0,0.0,PVDAQ_10,night_or_low_power
2023-01-03 23:20:00,0.0,0.0,0.0,0.0,PVDAQ_10,night_or_low_power
2023-01-03 23:21:00,0.0,0.0,0.0,0.0,PVDAQ_10,night_or_low_power
2023-01-03 23:22:00,0.0,0.0,0.0,0.0,PVDAQ_10,night_or_low_power
2023-01-03 23:23:00,0.0,0.0,0.0,0.0,PVDAQ_10,night_or_low_power
2023-01-03 23:24:00,0.0,0.0,0.0,0.0,PVDAQ_10,night_or_low_power
2023-01-03 23:25:00,0.0,0.0,0.0,0.0,PVDAQ_10,night_or_low_power
2023-01-03 23:26:00,0.0,0.0,0.0,0.0,PVDAQ_10,night_or_low_power
2023-01-03 23:27:00,0.0,0.0,0.0,0.0,PVDAQ_10,night_or_low_power
2023-01-03 23:28:00,0.0,0.0,0.0,0.0,PVDAQ_10,night_or_low_power
2023-01-03 23:29:00,0.0,0.0,0.0,0.0,PVDAQ_10,night_or_low_power
2023-01-03 23:30:00,0.0,0.0,0.0,0.0,PVDAQ_10,night_or_low_power
2023-01-03 23:31:00,0.0,0.0,0.0,0.0,PVDAQ_10,night_or_low_power
2023-01-03 23:32:00,0.0,0.0,0.0,0.0,PVDAQ_10,night_or_low_power
2023-01-03 23:33:00,0.0,0.0,0.0,0.0,PVDAQ_10,night_or_low_power
2023-01-03 23:34:00,0.0,0.0,0.0,0.0,PVDAQ_10,night_or_low_power
2023-01-03 23:35:00,0.0,0.0,0.0,0.0,PVDAQ_10,night_or_low_power
2023-01-03 23:36:00,0.0,0.0,0.0,0.0,PVDAQ_10,night_or_low_power
2023-01-03 23:37:00,0.0,0.0,0.0,0.0,PVDAQ_10,night_or_low_power
2023-01-03 23:38:00,0.0,0.0,0.0,0.0,PVDAQ_10,night_or_low_power
2023-01-03 23:39:00,0.0,0.0,0.0,0.0,PVDAQ_10,night_or_low_power
2023-01-03 23:40:00,0.0,0.0,0.0,0.0,PVDAQ_10,night_or_low_power
2023-01-03 23:41:00,0.0,0.0,0.0,0.0,PVDAQ_10,night_or_low_power
2023-01-03 23:42:00,0.0,0.0,0.0,0.0,PVDAQ_10,night_or_low_power
2023-01-03 23:43:00,0.0,0.0,0.0,0.0,PVDAQ_10,night_or_low_power
2023-01-03 23:44:00,0.0,0.0,0.0,0.0,PVDAQ_10,night_or_low_power
2023-01-03 23:45:00,0.0,0.0,0.0,0.0,PVDAQ_10,night_or_low_power
2023-01-03 23:46:00,0.0,0.0,0.0,0.0,PVDAQ_10,night_or_low_power
2023-01-03 23:47:00,0.0,0.0,0.0,0.0,PVDAQ_10,night_or_low_power
2023-01-03 23:48:00,0.0,0.0,0.0,0.0,PVDAQ_10,night_or_low_power
2023-01-03 23:49:00,0.0,0.0,0.0,0.0,PVDAQ_10,night_or_low_power
2023-01-03 23:50:00,0.0,0.0,0.0,0.0,PVDAQ_10,night_or_low_power
2023-01-03 23:51:00,0.0,0.0,0.0,0.0,PVDAQ_10,night_or_low_power
2023-01-03 23:52:00,0.0,0.0,0.0,0.0,PVDAQ_10,night_or_low_power
2023-01-03 23:53:00,0.0,0.0,0.0,0.0,PVDAQ_10,night_or_low_power
2023-01-03 23:54:00,0.0,0.0,0.0,0.0,PVDAQ_10,night_or_low_power
2023-01-03 23:55:00,0.0,0.0,0.0,0.0,PVDAQ_10,night_or_low_power
2023-01-03 23:56:00,0.0,0.0,0.0,0.0,PVDAQ_10,night_or_low_power
2023-01-03 23:57:00,0.0,0.0,0.0,0.0,PVDAQ_10,night_or_low_power
2023-01-03 23:58:00,0.0,0.0,0.0,0.0,PVDAQ_10,night_or_low_power
2023-01-03 23:59:00,0.0,0.0,0.0,0.0,PVDAQ_10,night_or_low_power
2023-01-01 00:00:00,2.759899,2.781644591768857,-0.021745591768857153,0.021745591768857153,PVDAQ_4,night_or_low_power
2023-01-01 00:01:00,2.753846,2.7799062841758935,-0.026060284175893678,0.026060284175893678,PVDAQ_4,night_or_low_power
2023-01-01 00:02:00,2.765661,2.7807649733736794,-0.015103973373679302,0.015103973373679302,PVDAQ_4,night_or_low_power
2023-01-01 00:03:00,2.758849,2.7835192820481494,-0.02467028204814925,0.02467028204814925,PVDAQ_4,night_or_low_power
2023-01-01 00:04:00,2.778761,2.7775334398330913,0.0012275601669085034,0.0012275601669085034,PVDAQ_4,night_or_low_power
2023-01-01 00:05:00,2.770519,2.773567638528929,-0.003048638528929004,0.003048638528929004,PVDAQ_4,night_or_low_power
2023-01-01 00:06:00,2.760474,2.7797782901112225,-0.01930429011122259,0.01930429011122259,PVDAQ_4,night_or_low_power
2023-01-01 00:07:00,2.788233,2.7798546078698427,0.00837839213015723,0.00837839213015723,PVDAQ_4,night_or_low_power
2023-01-01 00:08:00,2.777259,2.7747170191648736,0.002541980835126356,0.002541980835126356,PVDAQ_4,night_or_low_power
2023-01-01 00:09:00,2.788007,2.781216642808139,0.006790357191861052,0.006790357191861052,PVDAQ_4,night_or_low_power
2023-01-01 00:10:00,2.775622,2.779372214931668,-0.003750214931668161,0.003750214931668161,PVDAQ_4,night_or_low_power
2023-01-01 00:11:00,2.764573,2.7814257705704692,-0.0168527705704693,0.0168527705704693,PVDAQ_4,night_or_low_power
2023-01-01 00:12:00,2.770142,2.786745272787694,-0.016603272787694134,0.016603272787694134,PVDAQ_4,night_or_low_power
2023-01-01 00:13:00,2.771276,2.787543611330216,-0.01626761133021626,0.01626761133021626,PVDAQ_4,night_or_low_power
2023-01-01 00:14:00,2.760839,2.78606035753693,-0.02522135753693,0.02522135753693,PVDAQ_4,night_or_low_power
2023-01-01 00:15:00,2.790465,2.78862432380815,0.0018406761918501324,0.0018406761918501324,PVDAQ_4,night_or_low_power
2023-01-01 00:16:00,2.788097,2.7884507213801544,-0.00035372138015432597,0.00035372138015432597,PVDAQ_4,night_or_low_power
2023-01-01 00:17:00,2.772613,2.7885396843411154,-0.015926684341115216,0.015926684341115216,PVDAQ_4,night_or_low_power
2023-01-01 00:18:00,2.766464,2.787020913826641,-0.020556913826641043,0.020556913826641043,PVDAQ_4,night_or_low_power
2023-01-01 00:19:00,2.771283,2.7884403611512507,-0.017157361151250772,0.017157361151250772,PVDAQ_4,night_or_low_power
2023-01-01 00:20:00,2.790442,2.7842823975276154,0.006159602472384673,0.006159602472384673,PVDAQ_4,night_or_low_power
2023-01-01 00:21:00,2.786832,2.7823064970110187,0.004525502988981245,0.004525502988981245,PVDAQ_4,night_or_low_power
2023-01-01 00:22:00,2.800713,2.7851025845507973,0.01561041544920272,0.01561041544920272,PVDAQ_4,night_or_low_power
2023-01-01 00:23:00,2.76556,2.781714304091925,-0.016154304091925198,0.016154304091925198,PVDAQ_4,night_or_low_power
2023-01-01 00:24:00,2.781246,2.779003407618801,0.00224259238119906,0.00224259238119906,PVDAQ_4,night_or_low_power
2023-01-01 00:25:00,2.782584,2.781599520923448,0.0009844790765520806,0.0009844790765520806,PVDAQ_4,night_or_low_power
2023-01-01 00:26:00,2.757539,2.7815724742226906,-0.024033474222690643,0.024033474222690643,PVDAQ_4,night_or_low_power
2023-01-01 00:27:00,2.778427,2.782047622959165,-0.0036206229591648764,0.0036206229591648764,PVDAQ_4,night_or_low_power
2023-01-01 00:28:00,2.762773,2.781574618126374,-0.01880161812637393,0.01880161812637393,PVDAQ_4,night_or_low_power
2023-01-01 00:29:00,2.77079,2.784375080296594,-0.01358508029659422,0.01358508029659422,PVDAQ_4,night_or_low_power
2023-01-01 00:30:00,2.768463,2.7821467695108764,-0.013683769510876242,0.013683769510876242,PVDAQ_4,night_or_low_power
2023-01-01 00:31:00,2.765353,2.784341792359224,-0.018988792359223794,0.018988792359223794,PVDAQ_4,night_or_low_power
2023-01-01 00:32:00,2.775685,2.78173755670891,-0.0060525567089100285,0.0060525567089100285,PVDAQ_4,night_or_low_power
2023-01-01 00:33:00,2.778613,2.782670991949126,-0.0040579919491259275,0.0040579919491259275,PVDAQ_4,night_or_low_power
2023-01-01 00:34:00,2.790257,2.7817593560871297,0.008497643912870334,0.008497643912870334,PVDAQ_4,night_or_low_power
2023-01-01 00:35:00,2.765285,2.78003969774618,-0.014754697746179879,0.014754697746179879,PVDAQ_4,night_or_low_power
2023-01-01 00:36:00,2.772417,2.7809834346328497,-0.008566434632849784,0.008566434632849784,PVDAQ_4,night_or_low_power
2023-01-01 00:37:00,2.777036,2.7848931915928095,-0.00785719159280962,0.00785719159280962,PVDAQ_4,night_or_low_power
2023-01-01 00:38:00,2.774155,2.783736558925975,-0.00958155892597512,0.00958155892597512,PVDAQ_4,night_or_low_power
2023-01-01 00:39:00,2.754347,2.7816993163832966,-0.027352316383296493,0.027352316383296493,PVDAQ_4,night_or_low_power
2023-01-01 00:40:00,2.781809,2.7867364056304065,-0.004927405630406501,0.004927405630406501,PVDAQ_4,night_or_low_power
2023-01-01 00:41:00,2.779659,2.800685790292855,-0.021026790292854702,0.021026790292854702,PVDAQ_4,night_or_low_power
2023-01-01 00:42:00,2.81004,2.798062326324615,0.011977673675384715,0.011977673675384715,PVDAQ_4,night_or_low_power
2023-01-01 00:43:00,2.80416,2.8068150924675677,-0.002655092467567677,0.002655092467567677,PVDAQ_4,night_or_low_power
2023-01-01 00:44:00,2.793892,2.803617599496848,-0.009725599496848147,0.009725599496848147,PVDAQ_4,night_or_low_power
2023-01-01 00:45:00,2.787547,2.792503044123381,-0.004956044123380909,0.004956044123380909,PVDAQ_4,night_or_low_power
2023-01-01 00:46:00,2.793016,2.787461971940525,0.005554028059475247,0.005554028059475247,PVDAQ_4,night_or_low_power
2023-01-01 00:47:00,2.785539,2.7920824962407074,-0.0065434962407073805,0.0065434962407073805,PVDAQ_4,night_or_low_power
2023-01-01 00:48:00,2.788183,2.793423682746282,-0.005240682746281866,0.005240682746281866,PVDAQ_4,night_or_low_power
2023-01-01 00:49:00,2.762794,2.790484623032609,-0.02769062303260883,0.02769062303260883,PVDAQ_4,night_or_low_power
2023-01-01 00:50:00,2.796674,2.7931365390632363,0.003537460936763548,0.003537460936763548,PVDAQ_4,night_or_low_power
2023-01-01 00:51:00,2.764025,2.7916661758123125,-0.02764117581231229,0.02764117581231229,PVDAQ_4,night_or_low_power
2023-01-01 00:52:00,2.794528,2.79288172782728,0.0016462721727199536,0.0016462721727199536,PVDAQ_4,night_or_low_power
2023-01-01 00:53:00,2.763177,2.792067943006807,-0.028890943006806946,0.028890943006806946,PVDAQ_4,night_or_low_power
2023-01-01 00:54:00,2.775502,2.792683150654169,-0.01718115065416903,0.01718115065416903,PVDAQ_4,night_or_low_power
2023-01-01 00:55:00,2.778406,2.7900201991095357,-0.011614199109535761,0.011614199109535761,PVDAQ_4,night_or_low_power
2023-01-01 00:56:00,2.761943,2.796955336576781,-0.035012336576781156,0.035012336576781156,PVDAQ_4,night_or_low_power
2023-01-01 00:57:00,2.788706,2.7972099734301357,-0.008503973430135758,0.008503973430135758,PVDAQ_4,night_or_low_power
2023-01-01 00:58:00,2.790736,2.796541233075697,-0.005805233075697025,0.005805233075697025,PVDAQ_4,night_or_low_power
2023-01-01 00:59:00,2.785339,2.7964007468508134,-0.011061746850813403,0.011061746850813403,PVDAQ_4,night_or_low_power
2023-01-01 01:00:00,2.784571,2.787105475061673,-0.002534475061672925,0.002534475061672925,PVDAQ_4,night_or_low_power
2023-01-01 01:01:00,2.782482,2.791584256766234,-0.009102256766233996,0.009102256766233996,PVDAQ_4,night_or_low_power
2023-01-01 01:02:00,2.768462,2.794958205361586,-0.026496205361585812,0.026496205361585812,PVDAQ_4,night_or_low_power
2023-01-01 01:03:00,2.791297,2.7908516031598523,0.0004453968401478825,0.0004453968401478825,PVDAQ_4,night_or_low_power
2023-01-01 01:04:00,2.77669,2.778768759081916,-0.002078759081916015,0.002078759081916015,PVDAQ_4,night_or_low_power
2023-01-01 01:05:00,2.803903,2.7774141819517295,0.026488818048270524,0.026488818048270524,PVDAQ_4,night_or_low_power
2023-01-01 01:06:00,2.785936,2.77675961894974,0.009176381050259863,0.009176381050259863,PVDAQ_4,night_or_low_power
2023-01-01 01:07:00,2.781834,2.7922971488142387,-0.01046314881423882,0.01046314881423882,PVDAQ_4,night_or_low_power
2023-01-01 01:08:00,2.804234,2.7869245949703254,0.017309405029674707,0.017309405029674707,PVDAQ_4,night_or_low_power
2023-01-01 01:09:00,2.779949,2.7793491875482954,0.0005998124517043735,0.0005998124517043735,PVDAQ_4,night_or_low_power
2023-01-01 01:10:00,2.765198,2.782455594027384,-0.017257594027384027,0.017257594027384027,PVDAQ_4,night_or_low_power
2023-01-01 01:11:00,2.801577,2.77519987964792,0.026377120352079952,0.026377120352079952,PVDAQ_4,night_or_low_power
2023-01-01 01:12:00,2.776437,2.7825635286039803,-0.006126528603980219,0.006126528603980219,PVDAQ_4,night_or_low_power
2023-01-01 01:13:00,2.786383,2.782436572489228,0.003946427510771677,0.003946427510771677,PVDAQ_4,night_or_low_power
2023-01-01 01:14:00,2.772767,2.7832345996783805,-0.010467599678380513,0.010467599678380513,PVDAQ_4,night_or_low_power
2023-01-01 01:15:00,2.772493,2.776704642427512,-0.004211642427512263,0.004211642427512263,PVDAQ_4,night_or_low_power
2023-01-01 01:16:00,2.805931,2.7920198267823197,0.013911173217680428,0.013911173217680428,PVDAQ_4,night_or_low_power
2023-01-01 01:17:00,2.789356,2.7892123792253107,0.00014362077468943468,0.00014362077468943468,PVDAQ_4,night_or_low_power
2023-01-01 01:18:00,2.787112,2.797530814851223,-0.01041881485122298,0.01041881485122298,PVDAQ_4,night_or_low_power
2023-01-01 01:19:00,2.800503,2.795444317164517,0.005058682835482831,0.005058682835482831,PVDAQ_4,night_or_low_power
2023-01-01 01:20:00,2.792835,2.7970879121578243,-0.004252912157824085,0.004252912157824085,PVDAQ_4,night_or_low_power
2023-01-01 01:21:00,2.794616,2.7967746787407948,-0.002158678740794784,0.002158678740794784,PVDAQ_4,night_or_low_power
2023-01-01 01:22:00,2.780556,2.794275801565089,-0.013719801565089007,0.013719801565089007,PVDAQ_4,night_or_low_power
2023-01-01 01:23:00,2.790415,2.796414737496916,-0.005999737496916069,0.005999737496916069,PVDAQ_4,night_or_low_power
2023-01-01 01:24:00,2.784642,2.7939569487414575,-0.009314948741457663,0.009314948741457663,PVDAQ_4,night_or_low_power
2023-01-01 01:25:00,2.773021,2.7851121863413475,-0.012091186341347537,0.012091186341347537,PVDAQ_4,night_or_low_power
2023-01-01 01:26:00,2.784985,2.7850935906648626,-0.00010859066486279545,0.00010859066486279545,PVDAQ_4,night_or_low_power
2023-01-01 01:27:00,2.784808,2.7857646166695593,-0.0009566166695593736,0.0009566166695593736,PVDAQ_4,night_or_low_power
2023-01-01 01:28:00,2.789854,2.7888468045333026,0.0010071954666974747,0.0010071954666974747,PVDAQ_4,night_or_low_power
2023-01-01 01:29:00,2.768047,2.796449107478294,-0.028402107478293637,0.028402107478293637,PVDAQ_4,night_or_low_power
2023-01-01 01:30:00,2.776715,2.796068880044532,-0.01935388004453209,0.01935388004453209,PVDAQ_4,night_or_low_power
2023-01-01 01:31:00,2.786739,2.795646273439278,-0.008907273439278107,0.008907273439278107,PVDAQ_4,night_or_low_power
2023-01-01 01:32:00,2.767285,2.793706944664162,-0.02642194466416159,0.02642194466416159,PVDAQ_4,night_or_low_power
2023-01-01 01:33:00,2.812658,2.78723493851821,0.025423061481789855,0.025423061481789855,PVDAQ_4,night_or_low_power
2023-01-01 01:34:00,2.782273,2.7953131379427516,-0.013040137942751606,0.013040137942751606,PVDAQ_4,night_or_low_power
2023-01-01 01:35:00,2.78443,2.7897191530746954,-0.005289153074695463,0.005289153074695463,PVDAQ_4,night_or_low_power
2023-01-01 01:36:00,2.766903,2.795756051914263,-0.028853051914262906,0.028853051914262906,PVDAQ_4,night_or_low_power
2023-01-01 01:37:00,2.814819,2.7977269858413987,0.017092014158601287,0.017092014158601287,PVDAQ_4,night_or_low_power
2023-01-01 01:38:00,2.794366,2.7995199027970816,-0.0051539027970815,0.0051539027970815,PVDAQ_4,night_or_low_power
2023-01-01 01:39:00,2.800642,2.7941243284986172,0.006517671501382605,0.006517671501382605,PVDAQ_4,night_or_low_power
2023-01-01 01:40:00,2.79549,2.7917213175737148,0.0037686824262852525,0.0037686824262852525,PVDAQ_4,night_or_low_power
2023-01-01 01:41:00,2.793502,2.795798105514698,-0.0022961055146977216,0.0022961055146977216,PVDAQ_4,night_or_low_power
2023-01-01 01:42:00,2.789076,2.789120373445209,-4.437344520891173e-05,4.437344520891173e-05,PVDAQ_4,night_or_low_power
2023-01-01 01:43:00,2.791889,2.7972079754251897,-0.005318975425189887,0.005318975425189887,PVDAQ_4,night_or_low_power
2023-01-01 01:44:00,2.794484,2.7936654552743216,0.0008185447256785494,0.0008185447256785494,PVDAQ_4,night_or_low_power
2023-01-01 01:45:00,2.789753,2.8020127484227344,-0.012259748422734251,0.012259748422734251,PVDAQ_4,night_or_low_power
2023-01-01 01:46:00,2.793582,2.8034713978326518,-0.00988939783265197,0.00988939783265197,PVDAQ_4,night_or_low_power
2023-01-01 01:47:00,2.785156,2.80303845578286,-0.01788245578285963,0.01788245578285963,PVDAQ_4,night_or_low_power
2023-01-01 01:48:00,2.804539,2.808752978364126,-0.004213978364125737,0.004213978364125737,PVDAQ_4,night_or_low_power
2023-01-01 01:49:00,2.792929,2.8021926235890673,-0.009263623589067294,0.009263623589067294,PVDAQ_4,night_or_low_power
2023-01-01 01:50:00,2.791712,2.798423500430823,-0.006711500430823136,0.006711500430823136,PVDAQ_4,night_or_low_power
2023-01-01 01:51:00,2.78265,2.7983115066346587,-0.015661506634658817,0.015661506634658817,PVDAQ_4,night_or_low_power
2023-01-01 01:52:00,2.793168,2.8044772438294463,-0.011309243829446203,0.011309243829446203,PVDAQ_4,night_or_low_power
2023-01-01 01:53:00,2.813229,2.816901047132472,-0.003672047132471601,0.003672047132471601,PVDAQ_4,night_or_low_power
2023-01-01 01:54:00,2.804999,2.8085039364054594,-0.003504936405459347,0.003504936405459347,PVDAQ_4,night_or_low_power
2023-01-01 01:55:00,2.822891,2.804067226676813,0.018823773323186632,0.018823773323186632,PVDAQ_4,night_or_low_power
2023-01-01 01:56:00,2.794106,2.8020958907075872,-0.007989890707587044,0.007989890707587044,PVDAQ_4,night_or_low_power
2023-01-01 01:57:00,2.807894,2.80490207023513,0.0029919297648701715,0.0029919297648701715,PVDAQ_4,night_or_low_power
2023-01-01 01:58:00,2.809486,2.80595098081023,0.003535019189770061,0.003535019189770061,PVDAQ_4,night_or_low_power
2023-01-01 01:59:00,2.79807,2.808356172657115,-0.010286172657115067,0.010286172657115067,PVDAQ_4,night_or_low_power
2023-01-01 02:00:00,2.787489,2.805539739099987,-0.018050739099987112,0.018050739099987112,PVDAQ_4,night_or_low_power
2023-01-01 02:01:00,2.809799,2.802979927317058,0.006819072682942018,0.006819072682942018,PVDAQ_4,night_or_low_power
2023-01-01 02:02:00,2.811884,2.8078085817818925,0.004075418218107529,0.004075418218107529,PVDAQ_4,night_or_low_power
2023-01-01 02:03:00,2.817148,2.8011119574471297,0.016036042552870278,0.016036042552870278,PVDAQ_4,night_or_low_power
2023-01-01 02:04:00,2.775111,2.7992157433380362,-0.02410474333803636,0.02410474333803636,PVDAQ_4,night_or_low_power
2023-01-01 02:05:00,2.795221,2.8017793028988085,-0.006558302898808321,0.006558302898808321,PVDAQ_4,night_or_low_power
2023-01-01 02:06:00,2.802173,2.7999957090394916,0.002177290960508227,0.002177290960508227,PVDAQ_4,night_or_low_power
2023-01-01 02:07:00,2.799335,2.799674948278902,-0.0003399482789019359,0.0003399482789019359,PVDAQ_4,night_or_low_power
2023-01-01 02:08:00,2.816475,2.798424834429976,0.018050165570024035,0.018050165570024035,PVDAQ_4,night_or_low_power
2023-01-01 02:09:00,2.807826,2.798016354114505,0.009809645885495044,0.009809645885495044,PVDAQ_4,night_or_low_power
2023-01-01 02:10:00,2.804267,2.7973585140576365,0.006908485942363374,0.006908485942363374,PVDAQ_4,night_or_low_power
2023-01-01 02:11:00,2.790518,2.789866583948543,0.0006514160514572431,0.0006514160514572431,PVDAQ_4,night_or_low_power
2023-01-01 02:12:00,2.796713,2.802817809098022,-0.006104809098022024,0.006104809098022024,PVDAQ_4,night_or_low_power
2023-01-01 02:13:00,2.814633,2.8014412693422965,0.013191730657703626,0.013191730657703626,PVDAQ_4,night_or_low_power
2023-01-01 02:14:00,2.796639,2.8034339894386653,-0.006794989438665411,0.006794989438665411,PVDAQ_4,night_or_low_power
2023-01-01 02:15:00,2.805499,2.802149859184395,0.0033491408156050007,0.0033491408156050007,PVDAQ_4,night_or_low_power
2023-01-01 02:16:00,2.792994,2.8022109667702995,-0.009216966770299262,0.009216966770299262,PVDAQ_4,night_or_low_power
2023-01-01 02:17:00,2.805891,2.799672927284269,0.006218072715730827,0.006218072715730827,PVDAQ_4,night_or_low_power
2023-01-01 02:18:00,2.811051,2.809701875111053,0.0013491248889470064,0.0013491248889470064,PVDAQ_4,night_or_low_power
2023-01-01 02:19:00,2.800947,2.7997170617199463,0.0012299382800535774,0.0012299382800535774,PVDAQ_4,night_or_low_power
2023-01-01 02:20:00,2.797351,2.79969692882875,-0.0023459288287499547,0.0023459288287499547,PVDAQ_4,night_or_low_power
2023-01-01 02:21:00,2.785592,2.8011732503790507,-0.015581250379050893,0.015581250379050893,PVDAQ_4,night_or_low_power
2023-01-01 02:22:00,2.808758,2.800076711382447,0.008681288617553129,0.008681288617553129,PVDAQ_4,night_or_low_power
2023-01-01 02:23:00,2.79307,2.8008328413504713,-0.007762841350471117,0.007762841350471117,PVDAQ_4,night_or_low_power
2023-01-01 02:24:00,2.803812,2.8018037192961116,0.0020082807038885875,0.0020082807038885875,PVDAQ_4,night_or_low_power
2023-01-01 02:25:00,2.799376,2.803084527648829,-0.0037085276488291186,0.0037085276488291186,PVDAQ_4,night_or_low_power
2023-01-01 02:26:00,2.809072,2.8018908971352015,0.007181102864798561,0.007181102864798561,PVDAQ_4,night_or_low_power
2023-01-01 02:27:00,2.806221,2.7998036242211968,0.0064173757788030805,0.0064173757788030805,PVDAQ_4,night_or_low_power
2023-01-01 02:28:00,2.789609,2.8018071766966175,-0.012198176696617491,0.012198176696617491,PVDAQ_4,night_or_low_power
2023-01-01 02:29:00,2.813371,2.8031750541996807,0.01019594580031935,0.01019594580031935,PVDAQ_4,night_or_low_power
2023-01-01 02:30:00,2.79636,2.8084364993222035,-0.01207649932220356,0.01207649932220356,PVDAQ_4,night_or_low_power
2023-01-01 02:31:00,2.810957,2.7975822404655797,0.013374759534420466,0.013374759534420466,PVDAQ_4,night_or_low_power
2023-01-01 02:32:00,2.810588,2.797256475478408,0.01333152452159192,0.01333152452159192,PVDAQ_4,night_or_low_power
2023-01-01 02:33:00,2.806986,2.8012263818811043,0.005759618118895915,0.005759618118895915,PVDAQ_4,night_or_low_power
2023-01-01 02:34:00,2.818438,2.807808534250815,0.010629465749185218,0.010629465749185218,PVDAQ_4,night_or_low_power
2023-01-01 02:35:00,2.795171,2.809321191131566,-0.014150191131566014,0.014150191131566014,PVDAQ_4,night_or_low_power
2023-01-01 02:36:00,2.804017,2.807510709368696,-0.003493709368695974,0.003493709368695974,PVDAQ_4,night_or_low_power
2023-01-01 02:37:00,2.812854,2.8064927092371557,0.006361290762844529,0.006361290762844529,PVDAQ_4,night_or_low_power
2023-01-01 02:38:00,2.797293,2.8080852073073417,-0.010792207307341872,0.010792207307341872,PVDAQ_4,night_or_low_power
2023-01-01 02:39:00,2.820325,2.8108765968573795,0.00944840314262052,0.00944840314262052,PVDAQ_4,night_or_low_power
2023-01-01 02:40:00,2.81643,2.8127452945509908,0.003684705449009229,0.003684705449009229,PVDAQ_4,night_or_low_power
2023-01-01 02:41:00,2.795872,2.8076778974554606,-0.011805897455460457,0.011805897455460457,PVDAQ_4,night_or_low_power
2023-01-01 02:42:00,2.81116,2.8087610642437135,0.00239893575628658,0.00239893575628658,PVDAQ_4,night_or_low_power
2023-01-01 02:43:00,2.807123,2.808793539717027,-0.0016705397170273528,0.0016705397170273528,PVDAQ_4,night_or_low_power
2023-01-01 02:44:00,2.824886,2.8101077066852476,0.014778293314752222,0.014778293314752222,PVDAQ_4,night_or_low_power
2023-01-01 02:45:00,2.816476,2.809798748267062,0.006677251732938316,0.006677251732938316,PVDAQ_4,night_or_low_power
2023-01-01 02:46:00,2.804758,2.810049771991268,-0.005291771991267957,0.005291771991267957,PVDAQ_4,night_or_low_power
2023-01-01 02:47:00,2.817117,2.819963009627619,-0.0028460096276190505,0.0028460096276190505,PVDAQ_4,night_or_low_power
2023-01-01 02:48:00,2.807001,2.8148763702947175,-0.00787537029471741,0.00787537029471741,PVDAQ_4,night_or_low_power
2023-01-01 02:49:00,2.822368,2.8213848086382054,0.0009831913617945887,0.0009831913617945887,PVDAQ_4,night_or_low_power
2023-01-01 02:50:00,2.803579,2.808785732017163,-0.0052067320171631515,0.0052067320171631515,PVDAQ_4,night_or_low_power
2023-01-01 02:51:00,2.813735,2.8110598715822737,0.0026751284177262136,0.0026751284177262136,PVDAQ_4,night_or_low_power
2023-01-01 02:52:00,2.806493,2.811104644278225,-0.004611644278224691,0.004611644278224691,PVDAQ_4,night_or_low_power
2023-01-01 02:53:00,2.817125,2.8123465166742534,0.004778483325746485,0.004778483325746485,PVDAQ_4,night_or_low_power
2023-01-01 02:54:00,2.832272,2.8097471964570735,0.02252480354292663,0.02252480354292663,PVDAQ_4,night_or_low_power
2023-01-01 02:55:00,2.826733,2.820418298066346,0.006314701933654021,0.006314701933654021,PVDAQ_4,night_or_low_power
2023-01-01 02:56:00,2.826232,2.8106548943820253,0.015577105617974762,0.015577105617974762,PVDAQ_4,night_or_low_power
2023-01-01 02:57:00,2.826231,2.8089870801873276,0.01724391981267237,0.01724391981267237,PVDAQ_4,night_or_low_power
2023-01-01 02:58:00,2.833394,2.811329076758662,0.022064923241338352,0.022064923241338352,PVDAQ_4,night_or_low_power
2023-01-01 02:59:00,2.83417,2.8180178269557867,0.016152173044213125,0.016152173044213125,PVDAQ_4,night_or_low_power
2023-01-01 03:00:00,2.839031,2.8145746646497516,0.02445633535024827,0.02445633535024827,PVDAQ_4,night_or_low_power
2023-01-01 03:01:00,2.806946,2.8143807066347097,-0.007434706634709798,0.007434706634709798,PVDAQ_4,night_or_low_power
2023-01-01 03:02:00,2.83344,2.817558074678345,0.01588192532165511,0.01588192532165511,PVDAQ_4,night_or_low_power
2023-01-01 03:03:00,2.82238,2.8173965343212024,0.004983465678797483,0.004983465678797483,PVDAQ_4,night_or_low_power
2023-01-01 03:04:00,2.808416,2.8148273176739553,-0.00641131767395553,0.00641131767395553,PVDAQ_4,night_or_low_power
2023-01-01 03:05:00,2.817517,2.8178184641359905,-0.00030146413599041466,0.00030146413599041466,PVDAQ_4,night_or_low_power
2023-01-01 03:06:00,2.8123,2.811685981953246,0.0006140180467539835,0.0006140180467539835,PVDAQ_4,night_or_low_power
2023-01-01 03:07:00,2.815562,2.808157062235714,0.007404937764285968,0.007404937764285968,PVDAQ_4,night_or_low_power
2023-01-01 03:08:00,2.823784,2.8141145550275946,0.009669444972405294,0.009669444972405294,PVDAQ_4,night_or_low_power
2023-01-01 03:09:00,2.819776,2.82140331615788,-0.0016273161578799211,0.0016273161578799211,PVDAQ_4,night_or_low_power
2023-01-01 03:10:00,2.812744,2.8189560109416707,-0.006212010941670787,0.006212010941670787,PVDAQ_4,night_or_low_power
2023-01-01 03:11:00,2.801954,2.808362921191874,-0.006408921191874306,0.006408921191874306,PVDAQ_4,night_or_low_power
2023-01-01 03:12:00,2.827552,2.8094841710839247,0.018067828916075168,0.018067828916075168,PVDAQ_4,night_or_low_power
2023-01-01 03:13:00,2.807071,2.8172027440665324,-0.010131744066532278,0.010131744066532278,PVDAQ_4,night_or_low_power
2023-01-01 03:14:00,2.826028,2.8178667227775316,0.0081612772224684,0.0081612772224684,PVDAQ_4,night_or_low_power
2023-01-01 03:15:00,2.813845,2.8134240489325957,0.00042095106740447363,0.00042095106740447363,PVDAQ_4,night_or_low_power
2023-01-01 03:16:00,2.83053,2.809902523573761,0.020627476426239078,0.020627476426239078,PVDAQ_4,night_or_low_power
2023-01-01 03:17:00,2.813843,2.8113048685315425,0.002538131468457383,0.002538131468457383,PVDAQ_4,night_or_low_power
2023-01-01 03:18:00,2.811124,2.808599620167393,0.0025243798326068934,0.0025243798326068934,PVDAQ_4,night_or_low_power
2023-01-01 03:19:00,2.822862,2.816237943411802,0.006624056588198091,0.006624056588198091,PVDAQ_4,night_or_low_power
2023-01-01 03:20:00,2.839413,2.8143299184312784,0.02508308156872152,0.02508308156872152,PVDAQ_4,night_or_low_power
2023-01-01 03:21:00,2.831096,2.8182690276353934,0.012826972364606615,0.012826972364606615,PVDAQ_4,night_or_low_power
2023-01-01 03:22:00,2.810209,2.8181155039138948,-0.007906503913894802,0.007906503913894802,PVDAQ_4,night_or_low_power
2023-01-01 03:23:00,2.785978,2.7949657224052693,-0.008987722405269238,0.008987722405269238,PVDAQ_4,night_or_low_power
2023-01-01 03:24:00,2.775755,2.789416813888258,-0.013661813888257601,0.013661813888257601,PVDAQ_4,night_or_low_power
2023-01-01 03:25:00,2.786356,2.8007975888202465,-0.014441588820246487,0.014441588820246487,PVDAQ_4,night_or_low_power
2023-01-01 03:26:00,2.794023,2.802555017768343,-0.008532017768343003,0.008532017768343003,PVDAQ_4,night_or_low_power
2023-01-01 03:27:00,2.776751,2.7864811842461137,-0.009730184246113716,0.009730184246113716,PVDAQ_4,night_or_low_power
2023-01-01 03:28:00,2.777483,2.788329046947877,-0.010846046947877053,0.010846046947877053,PVDAQ_4,night_or_low_power
2023-01-01 03:29:00,2.77376,2.7883474637969243,-0.014587463796924549,0.014587463796924549,PVDAQ_4,night_or_low_power
2023-01-01 03:30:00,2.794887,2.7899054918233634,0.004981508176636673,0.004981508176636673,PVDAQ_4,night_or_low_power
2023-01-01 03:31:00,2.815206,2.7987294378317467,0.016476562168253217,0.016476562168253217,PVDAQ_4,night_or_low_power
2023-01-01 03:32:00,2.79541,2.798133379779645,-0.0027233797796450965,0.0027233797796450965,PVDAQ_4,night_or_low_power
2023-01-01 03:33:00,2.796651,2.790421649852834,0.0062293501471661905,0.0062293501471661905,PVDAQ_4,night_or_low_power
2023-01-01 03:34:00,2.805282,2.7897418847804727,0.015540115219527362,0.015540115219527362,PVDAQ_4,night_or_low_power
2023-01-01 03:35:00,2.786227,2.7886603127156304,-0.002433312715630631,0.002433312715630631,PVDAQ_4,night_or_low_power
2023-01-01 03:36:00,2.798581,2.7896744224515153,0.008906577548484673,0.008906577548484673,PVDAQ_4,night_or_low_power
2023-01-01 03:37:00,2.756726,2.7888662568028995,-0.03214025680289945,0.03214025680289945,PVDAQ_4,night_or_low_power
2023-01-01 03:38:00,2.786393,2.78901942995835,-0.0026264299583500517,0.0026264299583500517,PVDAQ_4,night_or_low_power
2023-01-01 03:39:00,2.783536,2.7982986029555987,-0.014762602955598947,0.014762602955598947,PVDAQ_4,night_or_low_power
2023-01-01 03:40:00,2.802542,2.799245279679901,0.003296720320098867,0.003296720320098867,PVDAQ_4,night_or_low_power
2023-01-01 03:41:00,2.812282,2.788628452366055,0.023653547633945227,0.023653547633945227,PVDAQ_4,night_or_low_power
2023-01-01 03:42:00,2.787956,2.7925466286950096,-0.004590628695009702,0.004590628695009702,PVDAQ_4,night_or_low_power
2023-01-01 03:43:00,2.769022,2.7877415134980525,-0.018719513498052454,0.018719513498052454,PVDAQ_4,night_or_low_power
2023-01-01 03:44:00,2.780571,2.7921575543199073,-0.011586554319907183,0.011586554319907183,PVDAQ_4,night_or_low_power
2023-01-01 03:45:00,2.801579,2.8023208178641585,-0.0007418178641587225,0.0007418178641587225,PVDAQ_4,night_or_low_power
2023-01-01 03:46:00,2.795948,2.7956707839017128,0.0002772160982873473,0.0002772160982873473,PVDAQ_4,night_or_low_power
2023-01-01 03:47:00,2.789325,2.7920769387055047,-0.0027519387055048306,0.0027519387055048306,PVDAQ_4,night_or_low_power
2023-01-01 03:48:00,2.801576,2.801014291282337,0.0005617087176630342,0.0005617087176630342,PVDAQ_4,night_or_low_power
2023-01-01 03:49:00,2.805927,2.798120700962249,0.0078062990377509855,0.0078062990377509855,PVDAQ_4,night_or_low_power
2023-01-01 03:50:00,2.804198,2.79950293181639,0.004695068183609763,0.004695068183609763,PVDAQ_4,night_or_low_power
2023-01-01 03:51:00,2.801591,2.8100339251227813,-0.008442925122781109,0.008442925122781109,PVDAQ_4,night_or_low_power
2023-01-01 03:52:00,2.821747,2.8076894701193855,0.014057529880614261,0.014057529880614261,PVDAQ_4,night_or_low_power
2023-01-01 03:53:00,2.806747,2.8081355647399366,-0.0013885647399365375,0.0013885647399365375,PVDAQ_4,night_or_low_power
2023-01-01 03:54:00,2.815688,2.807734006775648,0.007953993224352196,0.007953993224352196,PVDAQ_4,night_or_low_power
2023-01-01 03:55:00,2.805869,2.8089887075929045,-0.003119707592904586,0.003119707592904586,PVDAQ_4,night_or_low_power
2023-01-01 03:56:00,2.816266,2.8034615792107496,0.012804420789250592,0.012804420789250592,PVDAQ_4,night_or_low_power
2023-01-01 03:57:00,2.803588,2.805327118432998,-0.0017391184329982323,0.0017391184329982323,PVDAQ_4,night_or_low_power
2023-01-01 03:58:00,2.787787,2.801587239920733,-0.013800239920733315,0.013800239920733315,PVDAQ_4,night_or_low_power
2023-01-01 03:59:00,2.80183,2.8094523349070926,-0.007622334907092743,0.007622334907092743,PVDAQ_4,night_or_low_power
2023-01-01 04:00:00,2.791482,2.8019317913199666,-0.010449791319966817,0.010449791319966817,PVDAQ_4,night_or_low_power
2023-01-01 04:01:00,2.818588,2.8092147816892092,0.009373218310790854,0.009373218310790854,PVDAQ_4,night_or_low_power
2023-01-01 04:02:00,2.805117,2.8063059491713394,-0.0011889491713392708,0.0011889491713392708,PVDAQ_4,night_or_low_power
2023-01-01 04:03:00,2.806225,2.802570852107083,0.00365414789291707,0.00365414789291707,PVDAQ_4,night_or_low_power
2023-01-01 04:04:00,2.805927,2.805877439742241,4.956025775904038e-05,4.956025775904038e-05,PVDAQ_4,night_or_low_power
2023-01-01 04:05:00,2.800184,2.807889063023453,-0.007705063023453196,0.007705063023453196,PVDAQ_4,night_or_low_power
2023-01-01 04:06:00,2.802849,2.807789736644051,-0.004940736644051036,0.004940736644051036,PVDAQ_4,night_or_low_power
2023-01-01 04:07:00,2.823729,2.804730794329895,0.01899820567010524,0.01899820567010524,PVDAQ_4,night_or_low_power
2023-01-01 04:08:00,2.801867,2.8086403796584625,-0.006773379658462364,0.006773379658462364,PVDAQ_4,night_or_low_power
2023-01-01 04:09:00,2.81526,2.8089035866800276,0.006356413319972276,0.006356413319972276,PVDAQ_4,night_or_low_power
2023-01-01 04:10:00,2.808329,2.8067369617594085,0.00159203824059162,0.00159203824059162,PVDAQ_4,night_or_low_power
2023-01-01 04:11:00,2.812037,2.808419150631957,0.0036178493680432133,0.0036178493680432133,PVDAQ_4,night_or_low_power
2023-01-01 04:12:00,2.814642,2.804346966761171,0.010295033238829188,0.010295033238829188,PVDAQ_4,night_or_low_power
2023-01-01 04:13:00,2.804007,2.8088332066204162,-0.004826206620416329,0.004826206620416329,PVDAQ_4,night_or_low_power
2023-01-01 04:14:00,2.823488,2.8091497873151643,0.014338212684835927,0.014338212684835927,PVDAQ_4,night_or_low_power
2023-01-01 04:15:00,2.833982,2.803831657823609,0.030150342176390676,0.030150342176390676,PVDAQ_4,night_or_low_power
2023-01-01 04:16:00,2.813229,2.8037670339224836,0.009461966077516593,0.009461966077516593,PVDAQ_4,night_or_low_power
2023-01-01 04:17:00,2.811422,2.808284701376177,0.0031372986238227263,0.0031372986238227263,PVDAQ_4,night_or_low_power
2023-01-01 04:18:00,2.80589,2.8037670339224836,0.002122966077516608,0.002122966077516608,PVDAQ_4,night_or_low_power
2023-01-01 04:19:00,2.813001,2.809248765179951,0.0037522348200487166,0.0037522348200487166,PVDAQ_4,night_or_low_power
2023-01-01 04:20:00,2.800287,2.809559203579963,-0.009272203579962834,0.009272203579962834,PVDAQ_4,night_or_low_power
2023-01-01 04:21:00,2.791977,2.8030092715563173,-0.011032271556317141,0.011032271556317141,PVDAQ_4,night_or_low_power
2023-01-01 04:22:00,2.794513,2.8032894533951067,-0.008776453395106909,0.008776453395106909,PVDAQ_4,night_or_low_power
2023-01-01 04:23:00,2.796245,2.805627774045302,-0.009382774045302078,0.009382774045302078,PVDAQ_4,night_or_low_power
2023-01-01 04:24:00,2.819678,2.8039435030231976,0.015734496976802514,0.015734496976802514,PVDAQ_4,night_or_low_power
2023-01-01 04:25:00,2.800629,2.80164063250459,-0.001011632504590132,0.001011632504590132,PVDAQ_4,night_or_low_power
2023-01-01 04:26:00,2.782484,2.7995264908057016,-0.017042490805701416,0.017042490805701416,PVDAQ_4,night_or_low_power
2023-01-01 04:27:00,2.801636,2.7998973766159514,0.0017386233840483989,0.0017386233840483989,PVDAQ_4,night_or_low_power
2023-01-01 04:28:00,2.811985,2.80313622548995,0.00884877451004984,0.00884877451004984,PVDAQ_4,night_or_low_power
2023-01-01 04:29:00,2.798148,2.8016239958635163,-0.0034759958635164345,0.0034759958635164345,PVDAQ_4,night_or_low_power
2023-01-01 04:30:00,2.787462,2.799059990374666,-0.011597990374665912,0.011597990374665912,PVDAQ_4,night_or_low_power
2023-01-01 04:31:00,2.810439,2.799787843163566,0.01065115683643425,0.01065115683643425,PVDAQ_4,night_or_low_power
2023-01-01 04:32:00,2.814111,2.8053771062734545,0.008733893726545539,0.008733893726545539,PVDAQ_4,night_or_low_power
2023-01-01 04:33:00,2.808637,2.803319214962879,0.005317785037120881,0.005317785037120881,PVDAQ_4,night_or_low_power
2023-01-01 04:34:00,2.812207,2.8046341104010843,0.007572889598915555,0.007572889598915555,PVDAQ_4,night_or_low_power
2023-01-01 04:35:00,2.821117,2.803159015120016,0.017957984879984235,0.017957984879984235,PVDAQ_4,night_or_low_power
2023-01-01 04:36:00,2.807972,2.801207345143073,0.006764654856926899,0.006764654856926899,PVDAQ_4,night_or_low_power
2023-01-01 04:37:00,2.789913,2.8024802258536767,-0.012567225853676867,0.012567225853676867,PVDAQ_4,night_or_low_power
2023-01-01 04:38:00,2.812567,2.8084263241445893,0.00414067585541078,0.00414067585541078,PVDAQ_4,night_or_low_power
2023-01-01 04:39:00,2.811445,2.807725122758508,0.003719877241492142,0.003719877241492142,PVDAQ_4,night_or_low_power
2023-01-01 04:40:00,2.811897,2.8031861230830843,0.008710876916915744,0.008710876916915744,PVDAQ_4,night_or_low_power
2023-01-01 04:41:00,2.812858,2.801564176672869,0.011293823327130692,0.011293823327130692,PVDAQ_4,night_or_low_power
2023-01-01 04:42:00,2.795811,2.805418964279906,-0.009607964279906067,0.009607964279906067,PVDAQ_4,night_or_low_power
2023-01-01 04:43:00,2.811907,2.8025700787606977,0.00933692123930241,0.00933692123930241,PVDAQ_4,night_or_low_power
2023-01-01 04:44:00,2.812334,2.8035577815073203,0.008776218492679622,0.008776218492679622,PVDAQ_4,night_or_low_power
2023-01-01 04:45:00,2.833281,2.801490846664643,0.03179015333535684,0.03179015333535684,PVDAQ_4,night_or_low_power
2023-01-01 04:46:00,2.804427,2.805293726598273,-0.0008667265982729155,0.0008667265982729155,PVDAQ_4,night_or_low_power
2023-01-01 04:47:00,2.805185,2.799648363972218,0.0055366360277817606,0.0055366360277817606,PVDAQ_4,night_or_low_power
2023-01-01 04:48:00,2.811502,2.8007813197433853,0.010720680256614656,0.010720680256614656,PVDAQ_4,night_or_low_power
2023-01-01 04:49:00,2.827389,2.800213433031637,0.027175566968363096,0.027175566968363096,PVDAQ_4,night_or_low_power
2023-01-01 04:50:00,2.807635,2.7997810124939337,0.00785398750606614,0.00785398750606614,PVDAQ_4,night_or_low_power
2023-01-01 04:51:00,2.811759,2.8060950773180506,0.005663922681949263,0.005663922681949263,PVDAQ_4,night_or_low_power
2023-01-01 04:52:00,2.811364,2.805397065668357,0.005966934331643081,0.005966934331643081,PVDAQ_4,night_or_low_power
2023-01-01 04:53:00,2.813918,2.8034649344363567,0.010453065563643449,0.010453065563643449,PVDAQ_4,night_or_low_power
2023-01-01 04:54:00,2.801203,2.805348386755706,-0.004145386755705971,0.004145386755705971,PVDAQ_4,night_or_low_power
2023-01-01 04:55:00,2.811811,2.805543417609324,0.00626758239067593,0.00626758239067593,PVDAQ_4,night_or_low_power
2023-01-01 04:56:00,2.818792,2.8020885161289173,0.01670348387108289,0.01670348387108289,PVDAQ_4,night_or_low_power
2023-01-01 04:57:00,2.816841,2.79798306632323,0.018857933676770244,0.018857933676770244,PVDAQ_4,night_or_low_power
2023-01-01 04:58:00,2.80285,2.7992723741690697,0.003577625830930131,0.003577625830930131,PVDAQ_4,night_or_low_power
2023-01-01 04:59:00,2.802459,2.795821012844647,0.00663798715535302,0.00663798715535302,PVDAQ_4,night_or_low_power
2023-01-01 05:00:00,2.797633,2.7960856037551207,0.0015473962448790957,0.0015473962448790957,PVDAQ_4,night_or_low_power
2023-01-01 05:01:00,2.819745,2.7939610192480084,0.02578398075199173,0.02578398075199173,PVDAQ_4,night_or_low_power
2023-01-01 05:02:00,2.792457,2.786131521319803,0.006325478680197172,0.006325478680197172,PVDAQ_4,night_or_low_power
2023-01-01 05:03:00,2.804669,2.7871077655017995,0.017561234498200573,0.017561234498200573,PVDAQ_4,night_or_low_power
2023-01-01 05:04:00,2.79553,2.792397838463576,0.0031321615364237054,0.0031321615364237054,PVDAQ_4,night_or_low_power
2023-01-01 05:05:00,2.798353,2.7967052503859406,0.001647749614059446,0.001647749614059446,PVDAQ_4,night_or_low_power
2023-01-01 05:06:00,2.80478,2.7948497785749877,0.00993022142501232,0.00993022142501232,PVDAQ_4,night_or_low_power
2023-01-01 05:07:00,2.810143,2.793431785917474,0.01671121408252585,0.01671121408252585,PVDAQ_4,night_or_low_power
2023-01-01 05:08:00,2.786945,2.7998370962287,-0.012892096228700023,0.012892096228700023,PVDAQ_4,night_or_low_power
2023-01-01 05:09:00,2.818414,2.798540060213162,0.019873939786838157,0.019873939786838157,PVDAQ_4,night_or_low_power
2023-01-01 05:10:00,2.797711,2.7960363543470894,0.0016746456529106446,0.0016746456529106446,PVDAQ_4,night_or_low_power
2023-01-01 05:11:00,2.798075,2.7945369875571235,0.003538012442876326,0.003538012442876326,PVDAQ_4,night_or_low_power
2023-01-01 05:12:00,2.812596,2.792143363068331,0.020452636931668877,0.020452636931668877,PVDAQ_4,night_or_low_power
2023-01-01 05:13:00,2.81135,2.794904974204483,0.016445025795516877,0.016445025795516877,PVDAQ_4,night_or_low_power
2023-01-01 05:14:00,2.794664,2.7943223327321345,0.000341667267865553,0.000341667267865553,PVDAQ_4,night_or_low_power
2023-01-01 05:15:00,2.807524,2.796598282106702,0.010925717893297993,0.010925717893297993,PVDAQ_4,night_or_low_power
2023-01-01 05:16:00,2.815038,2.7885550038920353,0.026482996107964674,0.026482996107964674,PVDAQ_4,night_or_low_power
2023-01-01 05:17:00,2.805723,2.785650512224812,0.020072487775188108,0.020072487775188108,PVDAQ_4,night_or_low_power
2023-01-01 05:18:00,2.785865,2.7878945907132944,-0.00202959071329456,0.00202959071329456,PVDAQ_4,night_or_low_power
2023-01-01 05:19:00,2.811166,2.785089970215934,0.02607602978406609,0.02607602978406609,PVDAQ_4,night_or_low_power
2023-01-01 05:20:00,2.804662,2.7810896030984624,0.023572396901537562,0.023572396901537562,PVDAQ_4,night_or_low_power
2023-01-01 05:21:00,2.803158,2.790375885582391,0.012782114417608792,0.012782114417608792,PVDAQ_4,night_or_low_power
2023-01-01 05:22:00,2.807929,2.7856130874361367,0.02231591256386345,0.02231591256386345,PVDAQ_4,night_or_low_power
2023-01-01 05:23:00,2.814871,2.7975728542189233,0.0172981457810768,0.0172981457810768,PVDAQ_4,night_or_low_power
2023-01-01 05:24:00,2.806467,2.799572696872683,0.006894303127316981,0.006894303127316981,PVDAQ_4,night_or_low_power
2023-01-01 05:25:00,2.796262,2.79466286032089,0.0015991396791101842,0.0015991396791101842,PVDAQ_4,night_or_low_power
2023-01-01 05:26:00,2.804832,2.7935637947996788,0.011268205200321457,0.011268205200321457,PVDAQ_4,night_or_low_power
2023-01-01 05:27:00,2.797081,2.8006413490140636,-0.0035603490140636573,0.0035603490140636573,PVDAQ_4,night_or_low_power
2023-01-01 05:28:00,2.791019,2.7993554607574254,-0.008336460757425446,0.008336460757425446,PVDAQ_4,night_or_low_power
2023-01-01 05:29:00,2.79418,2.7987210368315276,-0.004541036831527734,0.004541036831527734,PVDAQ_4,night_or_low_power
2023-01-01 05:30:00,2.792111,2.8003573824559673,-0.008246382455967538,0.008246382455967538,PVDAQ_4,night_or_low_power
2023-01-01 05:31:00,2.806435,2.794535585453322,0.011899414546677978,0.011899414546677978,PVDAQ_4,night_or_low_power
2023-01-01 05:32:00,2.812915,2.793900800463155,0.01901419953684469,0.01901419953684469,PVDAQ_4,night_or_low_power
2023-01-01 05:33:00,2.807231,2.7983728477536647,0.008858152246335127,0.008858152246335127,PVDAQ_4,night_or_low_power
2023-01-01 05:34:00,2.81025,2.7914146881671287,0.018835311832871238,0.018835311832871238,PVDAQ_4,night_or_low_power
2023-01-01 05:35:00,2.777836,2.78510142464285,-0.007265424642849627,0.007265424642849627,PVDAQ_4,night_or_low_power
2023-01-01 05:36:00,2.802685,2.7883497839417664,0.014335216058233513,0.014335216058233513,PVDAQ_4,night_or_low_power
2023-01-01 05:37:00,2.815757,2.791000256222738,0.024756743777262002,0.024756743777262002,PVDAQ_4,night_or_low_power
2023-01-01 05:38:00,2.810185,2.791283616820902,0.018901383179098286,0.018901383179098286,PVDAQ_4,night_or_low_power
2023-01-01 05:39:00,2.80788,2.793240798547032,0.014639201452967932,0.014639201452967932,PVDAQ_4,night_or_low_power
2023-01-01 05:40:00,2.797412,2.7953131379427516,0.0020988620572484074,0.0020988620572484074,PVDAQ_4,night_or_low_power
2023-01-01 05:41:00,2.806485,2.7956533692406054,0.010831630759394528,0.010831630759394528,PVDAQ_4,night_or_low_power
2023-01-01 05:42:00,2.817318,2.7980204928742034,0.01929750712579681,0.01929750712579681,PVDAQ_4,night_or_low_power
2023-01-01 05:43:00,2.81113,2.7995790179301467,0.011550982069853166,0.011550982069853166,PVDAQ_4,night_or_low_power
2023-01-01 05:44:00,2.816262,2.7984202361276194,0.017841763872380678,0.017841763872380678,PVDAQ_4,night_or_low_power
2023-01-01 05:45:00,2.796635,2.801657126223112,-0.0050221262231118224,0.0050221262231118224,PVDAQ_4,night_or_low_power
2023-01-01 05:46:00,2.815204,2.7985183388830404,0.016685661116959682,0.016685661116959682,PVDAQ_4,night_or_low_power
2023-01-01 05:47:00,2.801501,2.798947586419122,0.0025534135808782388,0.0025534135808782388,PVDAQ_4,night_or_low_power
2023-01-01 05:48:00,2.803621,2.79772085610659,0.0059001438934100925,0.0059001438934100925,PVDAQ_4,night_or_low_power
2023-01-01 05:49:00,2.813008,2.7957974212471814,0.017210578752818506,0.017210578752818506,PVDAQ_4,night_or_low_power
2023-01-01 05:50:00,2.811099,2.7938621999900293,0.017236800009970743,0.017236800009970743,PVDAQ_4,night_or_low_power
2023-01-01 05:51:00,2.811298,2.7995653326694985,0.011732667330501378,0.011732667330501378,PVDAQ_4,night_or_low_power
2023-01-01 05:52:00,2.797864,2.78901495334334,0.008849046656659976,0.008849046656659976,PVDAQ_4,night_or_low_power
2023-01-01 05:53:00,2.778122,2.7892132583968112,-0.011091258396811021,0.011091258396811021,PVDAQ_4,night_or_low_power
2023-01-01 05:54:00,2.78263,2.787652924886404,-0.005022924886403768,0.005022924886403768,PVDAQ_4,night_or_low_power
2023-01-01 05:55:00,2.798122,2.787816681031467,0.01030531896853315,0.01030531896853315,PVDAQ_4,night_or_low_power
2023-01-01 05:56:00,2.80071,2.779060564175981,0.021649435824019125,0.021649435824019125,PVDAQ_4,night_or_low_power
2023-01-01 05:57:00,2.813154,2.787816681031467,0.025337318968532863,0.025337318968532863,PVDAQ_4,night_or_low_power
2023-01-01 05:58:00,2.807659,2.7878911596547886,0.019767840345211507,0.019767840345211507,PVDAQ_4,night_or_low_power
2023-01-01 05:59:00,2.798801,2.787530761983878,0.011270238016122036,0.011270238016122036,PVDAQ_4,night_or_low_power
2023-01-01 06:00:00,2.793592,2.788239224912589,0.005352775087410944,0.005352775087410944,PVDAQ_4,night_or_low_power
2023-01-01 06:01:00,2.787248,2.789388699221068,-0.0021406992210679654,0.0021406992210679654,PVDAQ_4,night_or_low_power
2023-01-01 06:02:00,2.787329,2.789385653506538,-0.002056653506537831,0.002056653506537831,PVDAQ_4,night_or_low_power
2023-01-01 06:03:00,2.781193,2.7874930759629253,-0.006300075962925256,0.006300075962925256,PVDAQ_4,night_or_low_power
2023-01-01 06:04:00,2.807503,2.7866736179576064,0.020829382042393707,0.020829382042393707,PVDAQ_4,night_or_low_power
2023-01-01 06:05:00,2.81517,2.7891080485570554,0.026061951442944764,0.026061951442944764,PVDAQ_4,night_or_low_power
2023-01-01 06:06:00,2.803723,2.7875390762363725,0.01618392376362765,0.01618392376362765,PVDAQ_4,night_or_low_power
2023-01-01 06:07:00,2.790636,2.78680801216594,0.0038279878340601314,0.0038279878340601314,PVDAQ_4,night_or_low_power
2023-01-01 06:08:00,2.781817,2.7879537680308517,-0.006136768030851503,0.006136768030851503,PVDAQ_4,night_or_low_power
2023-01-01 06:09:00,2.786309,2.7827558158722336,0.0035531841277665066,0.0035531841277665066,PVDAQ_4,night_or_low_power
2023-01-01 06:10:00,2.806687,2.789895763107394,0.016791236892605976,0.016791236892605976,PVDAQ_4,night_or_low_power
2023-01-01 06:11:00,2.796261,2.788240259998038,0.008020740001962068,0.008020740001962068,PVDAQ_4,night_or_low_power
2023-01-01 06:12:00,2.806342,2.76988058437929,0.036461415620709925,0.036461415620709925,PVDAQ_4,night_or_low_power
2023-01-01 06:13:00,2.779798,2.7693712602731098,0.010426739726890233,0.010426739726890233,PVDAQ_4,night_or_low_power
2023-01-01 06:14:00,2.774559,2.7583593015744605,0.016199698425539477,0.016199698425539477,PVDAQ_4,night_or_low_power
2023-01-01 06:15:00,2.775471,2.782710934527186,-0.007239934527186076,0.007239934527186076,PVDAQ_4,night_or_low_power
2023-01-01 06:16:00,2.771688,2.7549643479980688,0.016723652001931377,0.016723652001931377,PVDAQ_4,night_or_low_power
2023-01-01 06:17:00,2.780571,2.7849036806391076,-0.004332680639107522,0.004332680639107522,PVDAQ_4,night_or_low_power
2023-01-01 06:18:00,2.803746,2.7511643704515354,0.05258162954846446,0.05258162954846446,PVDAQ_4,night_or_low_power
2023-01-01 06:19:00,2.780586,2.7813085692216104,-0.0007225692216104029,0.0007225692216104029,PVDAQ_4,night_or_low_power
2023-01-01 06:20:00,2.794871,2.751351041015707,0.04351995898429317,0.04351995898429317,PVDAQ_4,night_or_low_power
2023-01-01 06:21:00,2.792285,2.7513257610157056,0.040959238984294544,0.040959238984294544,PVDAQ_4,night_or_low_power
2023-01-01 06:22:00,2.815092,2.7575380828623395,0.05755391713766045,0.05755391713766045,PVDAQ_4,night_or_low_power
2023-01-01 06:23:00,2.780491,2.7775955393871588,0.002895460612841294,0.002895460612841294,PVDAQ_4,night_or_low_power
2023-01-01 06:24:00,2.785745,2.7688415658841614,0.0169034341158385,0.0169034341158385,PVDAQ_4,night_or_low_power
2023-01-01 06:25:00,2.789165,2.77894381985379,0.010221180146209985,0.010221180146209985,PVDAQ_4,night_or_low_power
2023-01-01 06:26:00,2.802594,2.783085337588793,0.019508662411206856,0.019508662411206856,PVDAQ_4,night_or_low_power
2023-01-01 06:27:00,2.784599,2.790145632334885,-0.005546632334885171,0.005546632334885171,PVDAQ_4,night_or_low_power
2023-01-01 06:28:00,2.799975,2.778486192187711,0.02148880781228879,0.02148880781228879,PVDAQ_4,night_or_low_power
2023-01-01 06:29:00,2.795671,2.777986911464759,0.01768408853524095,0.01768408853524095,PVDAQ_4,night_or_low_power
2023-01-01 06:30:00,2.78871,2.777986911464759,0.010723088535240954,0.010723088535240954,PVDAQ_4,night_or_low_power
2023-01-01 06:31:00,2.799106,2.7854622905607003,0.013643709439299823,0.013643709439299823,PVDAQ_4,night_or_low_power
2023-01-01 06:32:00,2.801807,2.7776845159240158,0.024122484075984385,0.024122484075984385,PVDAQ_4,night_or_low_power
2023-01-01 06:33:00,2.77567,2.7748501742183085,0.0008198257816913745,0.0008198257816913745,PVDAQ_4,night_or_low_power
2023-01-01 06:34:00,2.76604,2.7772974415095484,-0.01125744150954855,0.01125744150954855,PVDAQ_4,night_or_low_power
2023-01-01 06:35:00,2.78644,2.7731466809500604,0.013293319049939356,0.013293319049939356,PVDAQ_4,night_or_low_power
2023-01-01 06:36:00,2.769201,2.7730316083717743,-0.003830608371774513,0.003830608371774513,PVDAQ_4,night_or_low_power
2023-01-01 06:37:00,2.776088,2.770557246927095,0.005530753072905181,0.005530753072905181,PVDAQ_4,night_or_low_power
2023-01-01 06:38:00,2.771969,2.7726738794035195,-0.0007048794035195982,0.0007048794035195982,PVDAQ_4,night_or_low_power
2023-01-01 06:39:00,2.778204,2.786381299072486,-0.008177299072485766,0.008177299072485766,PVDAQ_4,night_or_low_power
2023-01-01 06:40:00,2.780656,2.7731647562215125,0.007491243778487533,0.007491243778487533,PVDAQ_4,night_or_low_power
2023-01-01 06:41:00,2.763305,2.7728800159701943,-0.00957501597019439,0.00957501597019439,PVDAQ_4,night_or_low_power
2023-01-01 06:42:00,2.771263,2.7738790116158065,-0.0026160116158067126,0.0026160116158067126,PVDAQ_4,night_or_low_power
2023-01-01 06:43:00,2.762245,2.7728027861090836,-0.010557786109083533,0.010557786109083533,PVDAQ_4,night_or_low_power
2023-01-01 06:44:00,2.769156,2.7862490260008355,-0.017093026000835287,0.017093026000835287,PVDAQ_4,night_or_low_power
2023-01-01 06:45:00,2.800841,2.785460010895149,0.015380989104851306,0.015380989104851306,PVDAQ_4,night_or_low_power
2023-01-01 06:46:00,2.771882,2.786060791713057,-0.014178791713056693,0.014178791713056693,PVDAQ_4,night_or_low_power
2023-01-01 06:47:00,2.79383,2.7854850886981795,0.008344911301820357,0.008344911301820357,PVDAQ_4,night_or_low_power
2023-01-01 06:48:00,2.783955,2.78612370681295,-0.0021687068129496723,0.0021687068129496723,PVDAQ_4,night_or_low_power
2023-01-01 06:49:00,2.778659,2.770474062311276,0.008184937688724414,0.008184937688724414,PVDAQ_4,night_or_low_power
2023-01-01 06:50:00,2.773658,2.777327814859937,-0.003669814859936782,0.003669814859936782,PVDAQ_4,night_or_low_power
2023-01-01 06:51:00,2.752512,2.7756758020142427,-0.02316380201424284,0.02316380201424284,PVDAQ_4,night_or_low_power
2023-01-01 06:52:00,2.760004,2.769564344751877,-0.009560344751877281,0.009560344751877281,PVDAQ_4,night_or_low_power
2023-01-01 06:53:00,2.781212,2.767498613340945,0.013713386659055082,0.013713386659055082,PVDAQ_4,night_or_low_power
2023-01-01 06:54:00,2.768764,2.768894997958439,-0.0001309979584389609,0.0001309979584389609,PVDAQ_4,night_or_low_power
2023-01-01 06:55:00,2.749535,2.7688936748624333,-0.019358674862433478,0.019358674862433478,PVDAQ_4,night_or_low_power
2023-01-01 06:56:00,2.764142,2.770171837680303,-0.006029837680302741,0.006029837680302741,PVDAQ_4,night_or_low_power
2023-01-01 06:57:00,2.766659,2.770692281394785,-0.004033281394784982,0.004033281394784982,PVDAQ_4,night_or_low_power
2023-01-01 06:58:00,2.785197,2.77909182689946,0.006105173100539929,0.006105173100539929,PVDAQ_4,night_or_low_power
2023-01-01 06:59:00,2.79421,2.784368781719843,0.009841218280157271,0.009841218280157271,PVDAQ_4,night_or_low_power
2023-01-01 07:00:00,2.779842,2.78648336729517,-0.006641367295169953,0.006641367295169953,PVDAQ_4,night_or_low_power
2023-01-01 07:01:00,2.774775,2.7846266775268083,-0.009851677526808267,0.009851677526808267,PVDAQ_4,night_or_low_power
2023-01-01 07:02:00,2.769002,2.7723128494383182,-0.003310849438318275,0.003310849438318275,PVDAQ_4,night_or_low_power
2023-01-01 07:03:00,2.756486,2.768270974969111,-0.011784974969110795,0.011784974969110795,PVDAQ_4,night_or_low_power
2023-01-01 07:04:00,2.751558,2.769856425854847,-0.018298425854846645,0.018298425854846645,PVDAQ_4,night_or_low_power
2023-01-01 07:05:00,2.774065,2.7665763946689994,0.007488605331000375,0.007488605331000375,PVDAQ_4,night_or_low_power
2023-01-01 07:06:00,2.761951,2.768255605273096,-0.0063046052730961755,0.0063046052730961755,PVDAQ_4,night_or_low_power
2023-01-01 07:07:00,2.77265,2.7715650714955142,0.001084928504485827,0.001084928504485827,PVDAQ_4,night_or_low_power
2023-01-01 07:08:00,2.761009,2.76785900286625,-0.006850002866249927,0.006850002866249927,PVDAQ_4,night_or_low_power
2023-01-01 07:09:00,2.76477,2.764434559341779,0.00033544065822077584,0.00033544065822077584,PVDAQ_4,night_or_low_power
2023-01-01 07:10:00,2.760876,2.767534293009271,-0.006658293009270899,0.006658293009270899,PVDAQ_4,night_or_low_power
2023-01-01 07:11:00,2.755781,2.766989903006871,-0.011208903006871385,0.011208903006871385,PVDAQ_4,night_or_low_power
2023-01-01 07:12:00,2.746351,2.768421324198258,-0.02207032419825783,0.02207032419825783,PVDAQ_4,night_or_low_power
2023-01-01 07:13:00,2.771963,2.7616734147745827,0.01028958522541723,0.01028958522541723,PVDAQ_4,night_or_low_power
2023-01-01 07:14:00,2.781641,2.7733107728967816,0.008330227103218402,0.008330227103218402,PVDAQ_4,night_or_low_power
2023-01-01 07:15:00,2.774146,2.7674366792632634,0.006709320736736579,0.006709320736736579,PVDAQ_4,night_or_low_power
2023-01-01 07:16:00,2.752655,2.7646846777534693,-0.012029677753469414,0.012029677753469414,PVDAQ_4,night_or_low_power
2023-01-01 07:17:00,2.757767,2.774926591970656,-0.017159591970655974,0.017159591970655974,PVDAQ_4,night_or_low_power
2023-01-01 07:18:00,2.752806,2.768610314674725,-0.015804314674725095,0.015804314674725095,PVDAQ_4,night_or_low_power
2023-01-01 07:19:00,2.745298,2.767772142025474,-0.02247414202547393,0.02247414202547393,PVDAQ_4,night_or_low_power
2023-01-01 07:20:00,2.768133,2.7687146933227718,-0.0005816933227715815,0.0005816933227715815,PVDAQ_4,night_or_low_power
2023-01-01 07:21:00,2.764399,2.782418076073952,-0.018019076073951812,0.018019076073951812,PVDAQ_4,night_or_low_power
2023-01-01 07:22:00,2.791699,2.784521164531497,0.007177835468502813,0.007177835468502813,PVDAQ_4,night_or_low_power
2023-01-01 07:23:00,2.781365,2.7853158537240637,-0.003950853724063563,0.003950853724063563,PVDAQ_4,night_or_low_power
2023-01-01 07:24:00,2.786448,2.7853736375493936,0.0010743624506064364,0.0010743624506064364,PVDAQ_4,night_or_low_power
2023-01-01 07:25:00,2.776719,2.7270003832227427,0.049718616777257196,0.049718616777257196,PVDAQ_4,night_or_low_power
2023-01-01 07:26:00,2.75789,2.767503260115006,-0.00961326011500585,0.00961326011500585,PVDAQ_4,night_or_low_power
2023-01-01 07:27:00,2.774598,2.7246083910646144,0.04998960893538573,0.04998960893538573,PVDAQ_4,night_or_low_power
2023-01-01 07:28:00,2.767771,2.722980650400851,0.04479034959914907,0.04479034959914907,PVDAQ_4,night_or_low_power
2023-01-01 07:29:00,2.753664,2.585976110315319,0.16768788968468096,0.16768788968468096,PVDAQ_4,night_or_low_power
2023-01-01 07:30:00,2.79423,2.557486965308681,0.2367430346913193,0.2367430346913193,PVDAQ_4,night_or_low_power
2023-01-01 07:31:00,1.84655,1.985498809707469,-0.13894880970746915,0.13894880970746915,PVDAQ_4,night_or_low_power
2023-01-01 07:32:00,1.320473,1.914374307835394,-0.5939013078353941,0.5939013078353941,PVDAQ_4,night_or_low_power
2023-01-01 07:33:00,0.2086686,0.3761369148249997,-0.16746831482499971,0.16746831482499971,PVDAQ_4,night_or_low_power
2023-01-01 07:34:00,0.0,1.1275936173500003,-1.1275936173500003,1.1275936173500003,PVDAQ_4,night_or_low_power
2023-01-01 07:35:00,0.0679718599999999,0.5408869839999988,-0.4729151239999989,0.4729151239999989,PVDAQ_4,night_or_low_power
2023-01-01 07:36:00,0.925226,0.5964617480999999,0.32876425190000014,0.32876425190000014,PVDAQ_4,night_or_low_power
2023-01-01 07:37:00,1.034088,3.931697272743556,-2.897609272743556,2.897609272743556,PVDAQ_4,night_or_low_power
2023-01-01 07:38:00,1.298112,3.3243112802268233,-2.026199280226823,2.026199280226823,PVDAQ_4,night_or_low_power
2023-01-01 07:39:00,1.656967,3.139762417639399,-1.4827954176393987,1.4827954176393987,PVDAQ_4,night_or_low_power
2023-01-01 07:40:00,2.006419,2.9931137931807017,-0.9866947931807015,0.9866947931807015,PVDAQ_4,night_or_low_power
2023-01-01 07:41:00,2.385407,3.179227455085631,-0.7938204550856311,0.7938204550856311,PVDAQ_4,night_or_low_power
2023-01-01 07:42:00,3.048872,4.517888416053759,-1.4690164160537589,1.4690164160537589,PVDAQ_4,night_or_low_power
2023-01-01 07:43:00,3.710492,5.158931862500002,-1.4484398625000021,1.4484398625000021,PVDAQ_4,night_or_low_power
2023-01-01 07:44:00,4.301295,6.124380422782738,-1.8230854227827384,1.8230854227827384,PVDAQ_4,cloudy
2023-01-01 07:45:00,4.756963,6.5843060000000015,-1.8273430000000017,1.8273430000000017,PVDAQ_4,cloudy
2023-01-01 07:46:00,5.136506,6.591143411666669,-1.4546374116666696,1.4546374116666696,PVDAQ_4,cloudy
2023-01-01 07:47:00,5.635169,7.166739555000013,-1.5315705550000125,1.5315705550000125,PVDAQ_4,cloudy
2023-01-01 07:48:00,6.358169,8.158115439999985,-1.7999464399999852,1.7999464399999852,PVDAQ_4,cloudy
2023-01-01 07:49:00,7.521042999999999,8.614831245000023,-1.0937882450000238,1.0937882450000238,PVDAQ_4,cloudy
2023-01-01 07:50:00,7.494958999999999,10.035257989999987,-2.5402989899999886,2.5402989899999886,PVDAQ_4,cloudy
2023-01-01 07:51:00,8.002758,12.691871810000004,-4.689113810000004,4.689113810000004,PVDAQ_4,cloudy
2023-01-01 07:52:00,8.702479999999998,13.028783005000006,-4.326303005000009,4.326303005000009,PVDAQ_4,cloudy
2023-01-01 07:53:00,9.873609,12.097523145000004,-2.2239141450000037,2.2239141450000037,PVDAQ_4,cloudy
2023-01-01 07:54:00,10.5823,11.986990395,-1.4046903949999994,1.4046903949999994,PVDAQ_4,cloudy
2023-01-01 07:55:00,11.15469,12.094355400000014,-0.9396654000000133,0.9396654000000133,PVDAQ_4,cloudy
2023-01-01 07:56:00,11.9728,11.760286770000004,0.21251322999999545,0.21251322999999545,PVDAQ_4,cloudy
2023-01-01 07:57:00,12.87248,12.716494375000009,0.1559856249999907,0.1559856249999907,PVDAQ_4,cloudy
2023-01-01 07:58:00,13.83622,13.123367415000002,0.7128525849999985,0.7128525849999985,PVDAQ_4,cloudy
2023-01-01 07:59:00,14.87726,14.380147205000004,0.49711279499999605,0.49711279499999605,PVDAQ_4,cloudy
2023-01-01 08:00:00,16.18171,17.508106250000026,-1.3263962500000268,1.3263962500000268,PVDAQ_4,cloudy
2023-01-01 08:01:00,17.61245,25.04736754999994,-7.434917549999941,7.434917549999941,PVDAQ_4,cloudy
2023-01-01 08:02:00,18.76729,26.60652819999997,-7.839238199999972,7.839238199999972,PVDAQ_4,cloudy
2023-01-01 08:03:00,20.3504,26.38840114499996,-6.03800114499996,6.03800114499996,PVDAQ_4,cloudy
2023-01-01 08:04:00,26.58112,24.619672249999958,1.9614477500000405,1.9614477500000405,PVDAQ_4,cloudy
2023-01-01 08:05:00,32.5373,30.206326099999924,2.330973900000078,2.330973900000078,PVDAQ_4,cloudy
2023-01-01 08:06:00,36.2907,30.409935699999945,5.880764300000056,5.880764300000056,PVDAQ_4,cloudy
2023-01-01 08:07:00,26.94565,35.4485933749999,-8.502943374999901,8.502943374999901,PVDAQ_4,cloudy
2023-01-01 08:08:00,37.56847,36.34806474333328,1.2204052566667158,1.2204052566667158,PVDAQ_4,cloudy
2023-01-01 08:09:00,39.78816,39.021419760476164,0.7667402395238341,0.7667402395238341,PVDAQ_4,cloudy
2023-01-01 08:10:00,40.2997,42.37146400463226,-2.071764004632257,2.071764004632257,PVDAQ_4,cloudy
2023-01-01 08:11:00,41.29977,42.48146268239752,-1.181692682397518,1.181692682397518,PVDAQ_4,cloudy
2023-01-01 08:12:00,42.12653,43.65946238932539,-1.5329323893253886,1.5329323893253886,PVDAQ_4,cloudy
2023-01-01 08:13:00,42.90578,43.567503541813196,-0.6617235418131955,0.6617235418131955,PVDAQ_4,cloudy
2023-01-01 08:14:00,43.34888,44.81488054776551,-1.4660005477655105,1.4660005477655105,PVDAQ_4,cloudy
2023-01-01 08:15:00,43.31305,40.58260649999991,2.730443500000085,2.730443500000085,PVDAQ_4,cloudy
2023-01-01 08:16:00,43.20976,42.92393216095235,0.28582783904765563,0.28582783904765563,PVDAQ_4,cloudy
2023-01-01 08:17:00,43.1739,42.50188823344179,0.6720117665582137,0.6720117665582137,PVDAQ_4,cloudy
2023-01-01 08:18:00,43.32948,42.92049888114465,0.40898111885534405,0.40898111885534405,PVDAQ_4,cloudy
2023-01-01 08:19:00,43.71602,43.13460026339281,0.581419736607188,0.581419736607188,PVDAQ_4,cloudy
2023-01-01 08:20:00,44.13269,43.43583526708325,0.6968547329167478,0.6968547329167478,PVDAQ_4,cloudy
2023-01-01 08:21:00,44.98703,44.97288917944436,0.014140820555638811,0.014140820555638811,PVDAQ_4,cloudy
2023-01-01 08:22:00,46.22179,46.49387898208325,-0.27208898208325394,0.27208898208325394,PVDAQ_4,cloudy
2023-01-01 08:23:00,47.83887,47.00776692371791,0.8311030762820906,0.8311030762820906,PVDAQ_4,cloudy
2023-01-01 08:24:00,49.76162,50.035554958333314,-0.2739349583333137,0.2739349583333137,PVDAQ_4,cloudy
2023-01-01 08:25:00,51.45161,53.22011138333339,-1.768501383333387,1.768501383333387,PVDAQ_4,cloudy
2023-01-01 08:26:00,53.36439,54.68927602500006,-1.3248860250000618,1.3248860250000618,PVDAQ_4,cloudy
2023-01-01 08:27:00,55.01595,55.102481020753,-0.08653102075300012,0.08653102075300012,PVDAQ_4,cloudy
2023-01-01 08:28:00,56.62615,56.499533552976175,0.12661644702382802,0.12661644702382802,PVDAQ_4,cloudy
2023-01-01 08:29:00,58.42132,60.917245649999984,-2.4959256499999825,2.4959256499999825,PVDAQ_4,cloudy
2023-01-01 08:30:00,59.18745,61.531556149999886,-2.344106149999888,2.344106149999888,PVDAQ_4,cloudy
2023-01-01 08:31:00,61.66541,64.42559137380943,-2.7601813738094236,2.7601813738094236,PVDAQ_4,cloudy
2023-01-01 08:32:00,64.12984,65.48202174999986,-1.3521817499998576,1.3521817499998576,PVDAQ_4,cloudy
2023-01-01 08:33:00,67.31953,68.90645924999986,-1.586929249999855,1.586929249999855,PVDAQ_4,cloudy
2023-01-01 08:34:00,70.43204,71.11772904999997,-0.685689049999965,0.685689049999965,PVDAQ_4,cloudy
2023-01-01 08:35:00,74.88592,75.75708474999976,-0.8711647499997639,0.8711647499997639,PVDAQ_4,cloudy
2023-01-01 08:36:00,78.18586999999998,78.1823088999999,0.0035611000000841386,0.0035611000000841386,PVDAQ_4,cloudy
2023-01-01 08:37:00,81.10548,80.71822664999989,0.3872533500001083,0.3872533500001083,PVDAQ_4,cloudy
2023-01-01 08:38:00,81.99158,81.51532149999986,0.47625850000014225,0.47625850000014225,PVDAQ_4,cloudy
2023-01-01 08:39:00,82.32828,82.72382019999985,-0.3955401999998429,0.3955401999998429,PVDAQ_4,cloudy
2023-01-01 08:40:00,83.88012999999998,88.11729685833323,-4.237166858333254,4.237166858333254,PVDAQ_4,cloudy
2023-01-01 08:41:00,83.62824999999998,89.1391654083333,-5.510915408333318,5.510915408333318,PVDAQ_4,cloudy
2023-01-01 08:42:00,88.95327,91.96837613999996,-3.0151061399999577,3.0151061399999577,PVDAQ_4,cloudy
2023-01-01 08:43:00,92.29781,93.44955584999981,-1.1517458499998128,1.1517458499998128,PVDAQ_4,cloudy
2023-01-01 08:44:00,91.91089,95.69277191666666,-3.781881916666663,3.781881916666663,PVDAQ_4,cloudy
2023-01-01 08:45:00,94.71371,97.47244269999993,-2.758732699999925,2.758732699999925,PVDAQ_4,cloudy
2023-01-01 08:46:00,99.68792,101.70772176666662,-2.0198017666666175,2.0198017666666175,PVDAQ_4,cloudy
2023-01-01 08:47:00,107.5447,109.42281764610392,-1.8781176461039166,1.8781176461039166,PVDAQ_4,cloudy
2023-01-01 08:48:00,112.3716,116.6465088884615,-4.274908888461496,4.274908888461496,PVDAQ_4,cloudy
2023-01-01 08:49:00,121.0994,124.23121760161213,-3.131817601612127,3.131817601612127,PVDAQ_4,cloudy
2023-01-01 08:50:00,127.4132,129.45939125833343,-2.0461912583334225,2.0461912583334225,PVDAQ_4,cloudy
2023-01-01 08:51:00,130.304,134.95181362499994,-4.647813624999941,4.647813624999941,PVDAQ_4,cloudy
2023-01-01 08:52:00,137.6796,139.6374285,-1.957828500000005,1.957828500000005,PVDAQ_4,cloudy
2023-01-01 08:53:00,149.0594,149.04587762499995,0.013522375000064812,0.013522375000064812,PVDAQ_4,cloudy
2023-01-01 08:54:00,150.2876,152.88620449999996,-2.598604499999965,2.598604499999965,PVDAQ_4,cloudy
2023-01-01 08:55:00,153.8604,154.2828859999999,-0.4224859999999069,0.4224859999999069,PVDAQ_4,cloudy
2023-01-01 08:56:00,156.9934,157.86006083333302,-0.8666608333330146,0.8666608333330146,PVDAQ_4,cloudy
2023-01-01 08:57:00,156.8811,156.56926399999992,0.3118360000000848,0.3118360000000848,PVDAQ_4,cloudy
2023-01-01 08:58:00,159.0644,161.69740599999994,-2.633005999999938,2.633005999999938,PVDAQ_4,cloudy
2023-01-01 08:59:00,154.0862,156.71551349999984,-2.629313499999853,2.629313499999853,PVDAQ_4,cloudy
2023-01-01 09:00:00,166.291,168.86021499999995,-2.569214999999957,2.569214999999957,PVDAQ_4,cloudy
2023-01-01 09:01:00,155.6967,158.91114033333307,-3.214440333333073,3.214440333333073,PVDAQ_4,cloudy
2023-01-01 09:02:00,147.6523,148.939807125,-1.2875071249999905,1.2875071249999905,PVDAQ_4,cloudy
2023-01-01 09:03:00,139.6488,142.12634841666687,-2.4775484166668775,2.4775484166668775,PVDAQ_4,cloudy
2023-01-01 09:04:00,142.4739,146.0055391666668,-3.531639166666821,3.531639166666821,PVDAQ_4,cloudy
2023-01-01 09:05:00,147.203,147.33111168333343,-0.12811168333342948,0.12811168333342948,PVDAQ_4,cloudy
2023-01-01 09:06:00,147.4617,147.54650045833353,-0.08480045833351824,0.08480045833351824,PVDAQ_4,cloudy
2023-01-01 09:07:00,153.8792,154.6682487500003,-0.7890487500002905,0.7890487500002905,PVDAQ_4,cloudy
2023-01-01 09:08:00,164.052,165.89121500000013,-1.839215000000138,1.839215000000138,PVDAQ_4,cloudy
2023-01-01 09:09:00,171.0253,171.89254000000008,-0.8672400000000948,0.8672400000000948,PVDAQ_4,cloudy
2023-01-01 09:10:00,179.5453,178.8172760000004,0.728023999999607,0.728023999999607,PVDAQ_4,cloudy
2023-01-01 09:11:00,179.4937,179.0989590000004,0.3947409999995841,0.3947409999995841,PVDAQ_4,cloudy
2023-01-01 09:12:00,179.4775,182.66974799999977,-3.192247999999779,3.192247999999779,PVDAQ_4,cloudy
2023-01-01 09:13:00,172.2455,174.00704949999982,-1.7615494999998305,1.7615494999998305,PVDAQ_4,cloudy
2023-01-01 09:14:00,168.9388,169.54149599999985,-0.6026959999998667,0.6026959999998667,PVDAQ_4,cloudy
2023-01-01 09:15:00,171.6406,172.50307700000016,-0.8624770000001547,0.8624770000001547,PVDAQ_4,cloudy
2023-01-01 09:16:00,167.1494,168.6027150000001,-1.4533150000000887,1.4533150000000887,PVDAQ_4,cloudy
2023-01-01 09:17:00,145.5783,147.73786387500024,-2.159563875000231,2.159563875000231,PVDAQ_4,cloudy
2023-01-01 09:18:00,138.1878,140.19405557857138,-2.00625557857137,2.00625557857137,PVDAQ_4,cloudy
2023-01-01 09:19:00,136.897,136.92081684999977,-0.023816849999775513,0.023816849999775513,PVDAQ_4,cloudy
2023-01-01 09:20:00,135.0546,136.73111643333348,-1.6765164333334894,1.6765164333334894,PVDAQ_4,cloudy
2023-01-01 09:21:00,130.6771,132.284620494192,-1.6075204941920163,1.6075204941920163,PVDAQ_4,cloudy
2023-01-01 09:22:00,129.6126,130.29156919404767,-0.6789691940476814,0.6789691940476814,PVDAQ_4,cloudy
2023-01-01 09:23:00,127.0437,127.95129702637078,-0.9075970263707802,0.9075970263707802,PVDAQ_4,cloudy
2023-01-01 09:24:00,126.2713,126.51576562128068,-0.24446562128068194,0.24446562128068194,PVDAQ_4,cloudy
2023-01-01 09:25:00,125.9043,126.4728441544285,-0.5685441544284942,0.5685441544284942,PVDAQ_4,cloudy
2023-01-01 09:26:00,124.1338,125.29841224846568,-1.1646122484656871,1.1646122484656871,PVDAQ_4,cloudy
2023-01-01 09:27:00,124.6305,124.99296620872995,-0.3624662087299555,0.3624662087299555,PVDAQ_4,cloudy
2023-01-01 09:28:00,125.5267,125.15054364375018,0.37615635624982247,0.37615635624982247,PVDAQ_4,cloudy
2023-01-01 09:29:00,124.4788,125.09178400508961,-0.6129840050896007,0.6129840050896007,PVDAQ_4,cloudy
2023-01-01 09:30:00,123.7412,124.64325333730423,-0.9020533373042241,0.9020533373042241,PVDAQ_4,cloudy
2023-01-01 09:31:00,122.213,123.85592012938164,-1.6429201293816504,1.6429201293816504,PVDAQ_4,cloudy
2023-01-01 09:32:00,121.0155,121.01401315522384,0.0014868447761671177,0.0014868447761671177,PVDAQ_4,cloudy
2023-01-01 09:33:00,119.5098,119.77367156791668,-0.26387156791668076,0.26387156791668076,PVDAQ_4,cloudy
2023-01-01 09:34:00,118.8103,119.88189070586657,-1.0715907058665692,1.0715907058665692,PVDAQ_4,cloudy
2023-01-01 09:35:00,119.1168,120.56118650211206,-1.4443865021120672,1.4443865021120672,PVDAQ_4,cloudy
2023-01-01 09:36:00,120.0067,120.99742989081517,-0.9907298908151745,0.9907298908151745,PVDAQ_4,cloudy
2023-01-01 09:37:00,122.6887,123.16174534458997,-0.47304534458997693,0.47304534458997693,PVDAQ_4,cloudy
2023-01-01 09:38:00,125.4083,124.77282032500612,0.6354796749938743,0.6354796749938743,PVDAQ_4,cloudy
2023-01-01 09:39:00,125.7327,125.90862510664164,-0.17592510664164251,0.17592510664164251,PVDAQ_4,cloudy
2023-01-01 09:40:00,127.1159,127.78798963256253,-0.6720896325625318,0.6720896325625318,PVDAQ_4,cloudy
2023-01-01 09:41:00,128.495,128.18690656289672,0.3080934371032811,0.3080934371032811,PVDAQ_4,cloudy
2023-01-01 09:42:00,130.2168,128.91422739560937,1.3025726043906332,1.3025726043906332,PVDAQ_4,cloudy
2023-01-01 09:43:00,133.3587,132.6444833047618,0.714216695238207,0.714216695238207,PVDAQ_4,cloudy
2023-01-01 09:44:00,134.0875,133.51221066798107,0.5752893320189401,0.5752893320189401,PVDAQ_4,cloudy
2023-01-01 09:45:00,132.9521,132.98383689331746,-0.03173689331745777,0.03173689331745777,PVDAQ_4,cloudy
2023-01-01 09:46:00,132.7774,132.38304235357137,0.3943576464286309,0.3943576464286309,PVDAQ_4,cloudy
2023-01-01 09:47:00,132.4263,132.67321262619032,-0.24691262619032273,0.24691262619032273,PVDAQ_4,cloudy
2023-01-01 09:48:00,130.5277,131.3319927721862,-0.8042927721861872,0.8042927721861872,PVDAQ_4,cloudy
2023-01-01 09:49:00,127.7051,128.8451977611292,-1.140097761129212,1.140097761129212,PVDAQ_4,cloudy
2023-01-01 09:50:00,126.4408,126.68309922152159,-0.24229922152159133,0.24229922152159133,PVDAQ_4,cloudy
2023-01-01 09:51:00,125.72,125.52588104935681,0.19411895064318685,0.19411895064318685,PVDAQ_4,cloudy
2023-01-01 09:52:00,126.1006,125.89416537976804,0.2064346202319598,0.2064346202319598,PVDAQ_4,cloudy
2023-01-01 09:53:00,126.0836,126.08435920900665,-0.0007592090066452784,0.0007592090066452784,PVDAQ_4,cloudy
2023-01-01 09:54:00,127.8585,126.72258580160339,1.1359141983966197,1.1359141983966197,PVDAQ_4,cloudy
2023-01-01 09:55:00,128.1042,127.6058448326208,0.49835516737918795,0.49835516737918795,PVDAQ_4,cloudy
2023-01-01 09:56:00,127.2462,128.63863117711028,-1.3924311771102822,1.3924311771102822,PVDAQ_4,cloudy
2023-01-01 09:57:00,128.535,130.70366229361463,-2.1686622936146307,2.1686622936146307,PVDAQ_4,cloudy
2023-01-01 09:58:00,131.2674,132.53941854121288,-1.2720185412128728,1.2720185412128728,PVDAQ_4,cloudy
2023-01-01 09:59:00,131.474,134.10085592304918,-2.6268559230491917,2.6268559230491917,PVDAQ_4,cloudy
2023-01-01 10:00:00,133.8738,133.8097074711542,0.06409252884577654,0.06409252884577654,PVDAQ_4,cloudy
2023-01-01 10:01:00,133.3376,136.29186097500002,-2.954260975000011,2.954260975000011,PVDAQ_4,cloudy
2023-01-01 10:02:00,134.2322,136.75063097261912,-2.5184309726191145,2.5184309726191145,PVDAQ_4,cloudy
2023-01-01 10:03:00,136.6925,138.81752928928583,-2.125029289285834,2.125029289285834,PVDAQ_4,cloudy
2023-01-01 10:04:00,140.5109,139.44549883295448,1.0654011670455077,1.0654011670455077,PVDAQ_4,cloudy
2023-01-01 10:05:00,143.9857,143.8895475833331,0.09615241666691077,0.09615241666691077,PVDAQ_4,cloudy
2023-01-01 10:06:00,147.2494,147.0359087500001,0.21349124999991886,0.21349124999991886,PVDAQ_4,cloudy
2023-01-01 10:07:00,150.504,150.9673269999998,-0.46332699999982196,0.46332699999982196,PVDAQ_4,cloudy
2023-01-01 10:08:00,153.6995,153.1644834999999,0.535016500000097,0.535016500000097,PVDAQ_4,cloudy
2023-01-01 10:09:00,160.0536,159.93746100000016,0.11613899999983346,0.11613899999983346,PVDAQ_4,cloudy
2023-01-01 10:10:00,165.9041,166.14113550000013,-0.23703550000013252,0.23703550000013252,PVDAQ_4,cloudy
2023-01-01 10:11:00,176.794,177.50539999999992,-0.7113999999999123,0.7113999999999123,PVDAQ_4,cloudy
2023-01-01 10:12:00,196.1092,195.38494950000023,0.724250499999755,0.724250499999755,PVDAQ_4,cloudy
2023-01-01 10:13:00,217.9375,214.9239499999997,3.0135500000002935,3.0135500000002935,PVDAQ_4,moderate
2023-01-01 10:14:00,250.6942,249.88566299999977,0.8085370000002285,0.8085370000002285,PVDAQ_4,moderate
2023-01-01 10:15:00,292.1989,292.29470890277827,-0.09580890277828757,0.09580890277828757,PVDAQ_4,moderate
2023-01-01 10:16:00,302.1138,303.49792545019824,-1.384125450198212,1.384125450198212,PVDAQ_4,moderate
2023-01-01 10:17:00,281.4967,283.172019145304,-1.6753191453040017,1.6753191453040017,PVDAQ_4,moderate
2023-01-01 10:18:00,270.5401,272.14157941785686,-1.601479417856865,1.601479417856865,PVDAQ_4,moderate
2023-01-01 10:19:00,265.8448,266.62713759999986,-0.7823375999998348,0.7823375999998348,PVDAQ_4,moderate
2023-01-01 10:20:00,263.7323,264.7942118500001,-1.061911850000115,1.061911850000115,PVDAQ_4,moderate
2023-01-01 10:21:00,262.1102,261.053051166667,1.0571488333330308,1.0571488333330308,PVDAQ_4,moderate
2023-01-01 10:22:00,266.5056,268.2222406964287,-1.7166406964286693,1.7166406964286693,PVDAQ_4,moderate
2023-01-01 10:23:00,271.0514,270.3973064338464,0.6540935661536196,0.6540935661536196,PVDAQ_4,moderate
2023-01-01 10:24:00,282.4272,280.77965427500015,1.6475457249998726,1.6475457249998726,PVDAQ_4,moderate
2023-01-01 10:25:00,289.3134,292.1186610902783,-2.805261090278293,2.805261090278293,PVDAQ_4,moderate
2023-01-01 10:26:00,281.4029,282.6772082369045,-1.2743082369045169,1.2743082369045169,PVDAQ_4,moderate
2023-01-01 10:27:00,273.1657,274.21263850000014,-1.046938500000124,1.046938500000124,PVDAQ_4,moderate
2023-01-01 10:28:00,273.5028,274.52517016666627,-1.0223701666662919,1.0223701666662919,PVDAQ_4,moderate
2023-01-01 10:29:00,251.9421,251.16319084999975,0.7789091500002598,0.7789091500002598,PVDAQ_4,moderate
2023-01-01 10:30:00,247.9473,246.5344939999995,1.4128060000005007,1.4128060000005007,PVDAQ_4,moderate
2023-01-01 10:31:00,241.8796,243.3923744999993,-1.5127744999992956,1.5127744999992956,PVDAQ_4,moderate
2023-01-01 10:32:00,231.0056,234.8123545000001,-3.8067545000001246,3.8067545000001246,PVDAQ_4,moderate
2023-01-01 10:33:00,219.9702,221.1417474999995,-1.171547499999491,1.171547499999491,PVDAQ_4,moderate
2023-01-01 10:34:00,210.4528,216.1284005,-5.675600500000002,5.675600500000002,PVDAQ_4,moderate
2023-01-01 10:35:00,200.9311,204.4841275000003,-3.5530275000003257,3.5530275000003257,PVDAQ_4,cloudy
2023-01-01 10:36:00,202.2467,201.44846050000055,0.798239499999454,0.798239499999454,PVDAQ_4,cloudy
2023-01-01 10:37:00,209.2858,211.38025949999997,-2.094459499999971,2.094459499999971,PVDAQ_4,moderate
2023-01-01 10:38:00,217.7257,220.25986549999965,-2.5341654999996592,2.5341654999996592,PVDAQ_4,moderate
2023-01-01 10:39:00,224.5303,221.6066450000001,2.9236549999999113,2.9236549999999113,PVDAQ_4,moderate
2023-01-01 10:40:00,232.9068,233.38061199999996,-0.4738119999999526,0.4738119999999526,PVDAQ_4,moderate
2023-01-01 10:41:00,242.7245,243.02110399999995,-0.29660399999994524,0.29660399999994524,PVDAQ_4,moderate
2023-01-01 10:42:00,252.2773,252.25477750000024,0.0225224999997522,0.0225224999997522,PVDAQ_4,moderate
2023-01-01 10:43:00,252.8139,253.1321000000007,-0.3182000000007008,0.3182000000007008,PVDAQ_4,moderate
2023-01-01 10:44:00,264.605,260.2302262916668,4.374773708333237,4.374773708333237,PVDAQ_4,moderate
2023-01-01 10:45:00,274.7121,273.73204058333334,0.980059416666677,0.980059416666677,PVDAQ_4,moderate
2023-01-01 10:46:00,292.3525,292.7190704821431,-0.36657048214306087,0.36657048214306087,PVDAQ_4,moderate
2023-01-01 10:47:00,291.8554,293.0382530000006,-1.182853000000648,1.182853000000648,PVDAQ_4,moderate
2023-01-01 10:48:00,303.66,303.1187640952383,0.5412359047617201,0.5412359047617201,PVDAQ_4,moderate
2023-01-01 10:49:00,306.6903,307.24900429166723,-0.5587042916672544,0.5587042916672544,PVDAQ_4,moderate
2023-01-01 10:50:00,306.4107,305.61298822976244,0.7977117702375836,0.7977117702375836,PVDAQ_4,moderate
2023-01-01 10:51:00,314.8989,314.4527396458341,0.44616035416595423,0.44616035416595423,PVDAQ_4,moderate
2023-01-01 10:52:00,320.6541,318.4010006600385,2.2530993399615227,2.2530993399615227,PVDAQ_4,moderate
2023-01-01 10:53:00,320.3617,318.64169666003846,1.7200033399615222,1.7200033399615222,PVDAQ_4,moderate
2023-01-01 10:54:00,326.4208,322.6496172883282,3.77118271167177,3.77118271167177,PVDAQ_4,moderate
2023-01-01 10:55:00,324.5545,329.00881702777787,-4.454317027777847,4.454317027777847,PVDAQ_4,moderate
2023-01-01 10:56:00,317.0184,318.5659711833331,-1.5475711833331047,1.5475711833331047,PVDAQ_4,moderate
2023-01-01 10:57:00,321.2777,318.2855899900794,2.992110009920566,2.992110009920566,PVDAQ_4,moderate
2023-01-01 10:58:00,324.7946,327.02021824813806,-2.225618248138062,2.225618248138062,PVDAQ_4,moderate
2023-01-01 10:59:00,333.0857,330.975304451658,2.1103955483419554,2.1103955483419554,PVDAQ_4,moderate
2023-01-01 11:00:00,349.5166,345.19193184207256,4.3246681579274195,4.3246681579274195,PVDAQ_4,moderate
2023-01-01 11:01:00,366.6658,348.3539333666672,18.311866633332784,18.311866633332784,PVDAQ_4,moderate
2023-01-01 11:02:00,405.7307,403.02621750000014,2.7044824999998696,2.7044824999998696,PVDAQ_4,moderate
2023-01-01 11:03:00,425.5646,411.8963345000001,13.668265499999904,13.668265499999904,PVDAQ_4,moderate
2023-01-01 11:04:00,524.4922,522.7194477499993,1.7727522500007353,1.7727522500007353,PVDAQ_4,sunny
2023-01-01 11:05:00,524.9481,522.9319904999992,2.0161095000007663,2.0161095000007663,PVDAQ_4,sunny
2023-01-01 11:06:00,563.3536,561.3446363147186,2.008963685281401,2.008963685281401,PVDAQ_4,sunny
2023-01-01 11:07:00,567.9819,560.9317940000007,7.050105999999346,7.050105999999346,PVDAQ_4,sunny
2023-01-01 11:08:00,553.4891,544.3426444333345,9.146455566665509,9.146455566665509,PVDAQ_4,sunny
2023-01-01 11:09:00,560.0804,559.9234654000006,0.15693459999943116,0.15693459999943116,PVDAQ_4,sunny
2023-01-01 11:10:00,525.9252,519.7005774999986,6.224622500001374,6.224622500001374,PVDAQ_4,sunny
2023-01-01 11:11:00,521.773,511.7708537499987,10.002146250001317,10.002146250001317,PVDAQ_4,sunny
2023-01-01 11:12:00,503.4854,486.3794255000004,17.105974499999604,17.105974499999604,PVDAQ_4,sunny
2023-01-01 11:13:00,498.4408,495.5751549999997,2.8656450000003133,2.8656450000003133,PVDAQ_4,sunny
2023-01-01 11:14:00,506.0805,502.1415755000004,3.9389244999995867,3.9389244999995867,PVDAQ_4,sunny
2023-01-01 11:15:00,461.9853,467.5394644999996,-5.554164499999615,5.554164499999615,PVDAQ_4,moderate
2023-01-01 11:16:00,432.7608,418.9086990000001,13.852100999999891,13.852100999999891,PVDAQ_4,moderate
2023-01-01 11:17:00,428.3545,428.0922149999999,0.2622850000000767,0.2622850000000767,PVDAQ_4,moderate
2023-01-01 11:18:00,422.4644,422.68115040000026,-0.21675040000025092,0.21675040000025092,PVDAQ_4,moderate
2023-01-01 11:19:00,420.6536,422.4901374999988,-1.8365374999988262,1.8365374999988262,PVDAQ_4,moderate
2023-01-01 11:20:00,390.4062,388.44065775,1.9655422499999986,1.9655422499999986,PVDAQ_4,moderate
2023-01-01 11:21:00,398.2854,401.2299894000002,-2.9445894000002113,2.9445894000002113,PVDAQ_4,moderate
2023-01-01 11:22:00,435.1551,429.8164053749996,5.338694625000414,5.338694625000414,PVDAQ_4,moderate
2023-01-01 11:23:00,404.3479,406.4260015666673,-2.0781015666673284,2.0781015666673284,PVDAQ_4,moderate
2023-01-01 11:24:00,398.4536,396.9552789999993,1.4983210000007148,1.4983210000007148,PVDAQ_4,moderate
2023-01-01 11:25:00,406.1275,404.5402604999996,1.5872395000004076,1.5872395000004076,PVDAQ_4,moderate
2023-01-01 11:26:00,419.574,419.2962493068172,0.2777506931828384,0.2777506931828384,PVDAQ_4,moderate
2023-01-01 11:27:00,443.8966,436.98829851666727,6.908301483332707,6.908301483332707,PVDAQ_4,moderate
2023-01-01 11:28:00,453.7612,448.6594474999997,5.101752500000259,5.101752500000259,PVDAQ_4,moderate
2023-01-01 11:29:00,429.0891,427.98646176666654,1.1026382333334368,1.1026382333334368,PVDAQ_4,moderate
2023-01-01 11:30:00,439.2615,436.9827971000006,2.2787028999994163,2.2787028999994163,PVDAQ_4,moderate
2023-01-01 11:31:00,454.7022,453.3638734999993,1.3383265000007327,1.3383265000007327,PVDAQ_4,moderate
2023-01-01 11:32:00,442.7093,446.01647524999964,-3.307175249999659,3.307175249999659,PVDAQ_4,moderate
2023-01-01 11:33:00,429.1822,429.5336406666665,-0.3514406666664627,0.3514406666664627,PVDAQ_4,moderate
2023-01-01 11:34:00,416.8702,416.9171379999994,-0.04693799999938619,0.04693799999938619,PVDAQ_4,moderate
2023-01-01 11:35:00,420.1945,419.8255696999996,0.36893030000038607,0.36893030000038607,PVDAQ_4,moderate
2023-01-01 11:36:00,444.4617,443.4032660833332,1.058433916666786,1.058433916666786,PVDAQ_4,moderate
2023-01-01 11:37:00,449.0466,446.03966149999906,3.006938500000956,3.006938500000956,PVDAQ_4,moderate
2023-01-01 11:38:00,415.9503,416.9703740000001,-1.0200740000000792,1.0200740000000792,PVDAQ_4,moderate
2023-01-01 11:39:00,383.152,372.1067584999997,11.045241500000259,11.045241500000259,PVDAQ_4,moderate
2023-01-01 11:40:00,378.3947,366.50812900000034,11.886570999999662,11.886570999999662,PVDAQ_4,moderate
2023-01-01 11:41:00,350.1992,350.32100065416597,-0.12180065416595198,0.12180065416595198,PVDAQ_4,moderate
2023-01-01 11:42:00,350.3279,347.82770400000067,2.5001959999993346,2.5001959999993346,PVDAQ_4,moderate
2023-01-01 11:43:00,371.5334,366.34757700000023,5.185822999999743,5.185822999999743,PVDAQ_4,moderate
2023-01-01 11:44:00,403.942,404.1351259999993,-0.1931259999992676,0.1931259999992676,PVDAQ_4,moderate
2023-01-01 11:45:00,486.7169,478.6464979999988,8.070402000001195,8.070402000001195,PVDAQ_4,moderate
2023-01-01 11:46:00,492.7976,489.845746,2.951853999999969,2.951853999999969,PVDAQ_4,moderate
2023-01-01 11:47:00,510.2345,504.8793240000001,5.355175999999915,5.355175999999915,PVDAQ_4,sunny
2023-01-01 11:48:00,491.9911,489.7447209999998,2.2463790000002177,2.2463790000002177,PVDAQ_4,moderate
2023-01-01 11:49:00,490.3172,486.4141639999993,3.903036000000725,3.903036000000725,PVDAQ_4,moderate
2023-01-01 11:50:00,455.8947,452.40180424999926,3.4928957500007414,3.4928957500007414,PVDAQ_4,moderate
2023-01-01 11:51:00,461.9525,460.0079067857143,1.9445932142857032,1.9445932142857032,PVDAQ_4,moderate
2023-01-01 11:52:00,463.4425,462.20012658333354,1.242373416666453,1.242373416666453,PVDAQ_4,moderate
2023-01-01 11:53:00,435.0612,435.40240349999976,-0.3412034999997786,0.3412034999997786,PVDAQ_4,moderate
2023-01-01 11:54:00,416.4857,417.95670749999925,-1.4710074999992457,1.4710074999992457,PVDAQ_4,moderate
2023-01-01 11:55:00,423.4594,426.4582239999993,-2.9988239999992743,2.9988239999992743,PVDAQ_4,moderate
2023-01-01 11:56:00,434.7959,439.7185379999995,-4.922637999999495,4.922637999999495,PVDAQ_4,moderate
2023-01-01 11:57:00,466.4438,464.6542230000003,1.7895769999997242,1.7895769999997242,PVDAQ_4,moderate
2023-01-01 11:58:00,473.8838,473.8459614999993,0.03783850000070288,0.03783850000070288,PVDAQ_4,moderate
2023-01-01 11:59:00,447.305,446.98540150000076,0.3195984999992447,0.3195984999992447,PVDAQ_4,moderate
2023-01-01 12:00:00,465.9388,464.8180740000005,1.1207259999995358,1.1207259999995358,PVDAQ_4,moderate
2023-01-01 12:01:00,479.8976,476.90583328124995,2.991766718750057,2.991766718750057,PVDAQ_4,moderate
2023-01-01 12:02:00,467.817,465.741427333334,2.0755726666660053,2.0755726666660053,PVDAQ_4,moderate
2023-01-01 12:03:00,474.7183,475.64843278125,-0.9301327812499949,0.9301327812499949,PVDAQ_4,moderate
2023-01-01 12:04:00,551.814,543.397753125001,8.416246874998933,8.416246874998933,PVDAQ_4,sunny
2023-01-01 12:05:00,540.838,536.4297205,4.408279499999935,4.408279499999935,PVDAQ_4,sunny
2023-01-01 12:06:00,533.8356,528.3055266666669,5.530073333333121,5.530073333333121,PVDAQ_4,sunny
2023-01-01 12:07:00,529.9756,524.3569359999998,5.618664000000194,5.618664000000194,PVDAQ_4,sunny
2023-01-01 12:08:00,533.1799,523.8225016666664,9.357398333333549,9.357398333333549,PVDAQ_4,sunny
2023-01-01 12:09:00,583.7581,563.8992453547618,19.85885464523824,19.85885464523824,PVDAQ_4,sunny
2023-01-01 12:10:00,633.9961,620.7170925000011,13.279007499998897,13.279007499998897,PVDAQ_4,sunny
2023-01-01 12:11:00,637.9797,620.6120095000009,17.36769049999907,17.36769049999907,PVDAQ_4,sunny
2023-01-01 12:12:00,678.2754,651.0755760000002,27.199823999999808,27.199823999999808,PVDAQ_4,sunny
2023-01-01 12:13:00,685.7425,675.9989519999986,9.743548000001397,9.743548000001397,PVDAQ_4,sunny
2023-01-01 12:14:00,744.2104,725.9182419999999,18.2921580000002,18.2921580000002,PVDAQ_4,sunny
2023-01-01 12:15:00,689.7438,681.4273964999982,8.316403500001798,8.316403500001798,PVDAQ_4,sunny
2023-01-01 12:16:00,643.5914,621.8871170000009,21.704282999999123,21.704282999999123,PVDAQ_4,sunny
2023-01-01 12:17:00,628.043,608.0914079999999,19.95159200000012,19.95159200000012,PVDAQ_4,sunny
2023-01-01 12:18:00,596.6291,581.6383804999994,14.990719500000637,14.990719500000637,PVDAQ_4,sunny
2023-01-01 12:19:00,561.3663,564.052185500001,-2.68588550000095,2.68588550000095,PVDAQ_4,sunny
2023-01-01 12:20:00,573.1616,561.3829059999999,11.778694000000087,11.778694000000087,PVDAQ_4,sunny
2023-01-01 12:21:00,556.4284,554.07619,2.3522100000000137,2.3522100000000137,PVDAQ_4,sunny
2023-01-01 12:22:00,532.4606,532.5192805000004,-0.05868050000037783,0.05868050000037783,PVDAQ_4,sunny
2023-01-01 12:23:00,525.8326,526.988927500001,-1.156327500000998,1.156327500000998,PVDAQ_4,sunny
2023-01-01 12:24:00,535.0594,532.5799360000008,2.4794639999992114,2.4794639999992114,PVDAQ_4,sunny
2023-01-01 12:25:00,501.5509,495.8899485000001,5.660951499999896,5.660951499999896,PVDAQ_4,moderate
2023-01-01 12:26:00,506.7905,503.0686530000002,3.721846999999798,3.721846999999798,PVDAQ_4,moderate
2023-01-01 12:27:00,555.8894,555.3307455000007,0.5586544999993066,0.5586544999993066,PVDAQ_4,sunny
2023-01-01 12:28:00,595.0955,584.8822215000017,10.213278499998296,10.213278499998296,PVDAQ_4,sunny
2023-01-01 12:29:00,568.5866,561.4000980000005,7.18650199999945,7.18650199999945,PVDAQ_4,sunny
2023-01-01 12:30:00,551.4031,538.847511125001,12.555588874998989,12.555588874998989,PVDAQ_4,sunny
2023-01-01 12:31:00,526.5886,528.5676779999999,-1.979077999999845,1.979077999999845,PVDAQ_4,sunny
2023-01-01 12:32:00,495.5364,492.25503,3.281370000000038,3.281370000000038,PVDAQ_4,moderate
2023-01-01 12:33:00,460.972,460.50977309999985,0.46222690000013245,0.46222690000013245,PVDAQ_4,moderate
2023-01-01 12:34:00,460.5873,458.36703774999995,2.2202622500000757,2.2202622500000757,PVDAQ_4,moderate
2023-01-01 12:35:00,475.3455,470.4838978333326,4.86160216666741,4.86160216666741,PVDAQ_4,moderate
2023-01-01 12:36:00,463.0512,461.8455382499996,1.205661750000388,1.205661750000388,PVDAQ_4,moderate
2023-01-01 12:37:00,444.9265,443.37917825000034,1.5473217499996395,1.5473217499996395,PVDAQ_4,moderate
2023-01-01 12:38:00,438.8606,438.2329444999996,0.6276555000004009,0.6276555000004009,PVDAQ_4,moderate
2023-01-01 12:39:00,430.8711,430.3409744999997,0.530125500000338,0.530125500000338,PVDAQ_4,moderate
2023-01-01 12:40:00,444.095,439.85831799999994,4.236682000000087,4.236682000000087,PVDAQ_4,moderate
2023-01-01 12:41:00,433.294,433.5083167999998,-0.21431679999983544,0.21431679999983544,PVDAQ_4,moderate
2023-01-01 12:42:00,424.1487,419.2728366111104,4.875863388889627,4.875863388889627,PVDAQ_4,moderate
2023-01-01 12:43:00,417.7546,415.32785349999887,2.4267465000011157,2.4267465000011157,PVDAQ_4,moderate
2023-01-01 12:44:00,408.1029,409.9108995,-1.8079995000000508,1.8079995000000508,PVDAQ_4,moderate
2023-01-01 12:45:00,409.0455,408.69357749999995,0.3519225000000574,0.3519225000000574,PVDAQ_4,moderate
2023-01-01 12:46:00,414.7183,413.2016983452371,1.5166016547628942,1.5166016547628942,PVDAQ_4,moderate
2023-01-01 12:47:00,412.8112,412.97000661111036,-0.15880661111037853,0.15880661111037853,PVDAQ_4,moderate
2023-01-01 12:48:00,408.8622,409.2061069999991,-0.34390699999914887,0.34390699999914887,PVDAQ_4,moderate
2023-01-01 12:49:00,408.8347,406.52129450833337,2.3134054916666287,2.3134054916666287,PVDAQ_4,moderate
2023-01-01 12:50:00,397.4415,392.106609413636,5.334890586363997,5.334890586363997,PVDAQ_4,moderate
2023-01-01 12:51:00,389.9729,359.3334877499998,30.63941225000019,30.63941225000019,PVDAQ_4,moderate
2023-01-01 12:52:00,363.3053,335.7077184278948,27.597581572105184,27.597581572105184,PVDAQ_4,moderate
2023-01-01 12:53:00,337.8383,327.0442004061853,10.794099593814678,10.794099593814678,PVDAQ_4,moderate
2023-01-01 12:54:00,309.2456,310.398558805953,-1.1529588059529488,1.1529588059529488,PVDAQ_4,moderate
2023-01-01 12:55:00,304.2989,303.5832723833335,0.7156276166664952,0.7156276166664952,PVDAQ_4,moderate
2023-01-01 12:56:00,322.3676,320.59734680416705,1.770253195832936,1.770253195832936,PVDAQ_4,moderate
2023-01-01 12:57:00,332.1405,331.438987169445,0.7015128305549752,0.7015128305549752,PVDAQ_4,moderate
2023-01-01 12:58:00,349.6329,340.2524461735214,9.380453826478629,9.380453826478629,PVDAQ_4,moderate
2023-01-01 12:59:00,348.752,344.22501243202095,4.526987567979063,4.526987567979063,PVDAQ_4,moderate
2023-01-01 13:00:00,326.6778,320.5501628524156,6.12763714758438,6.12763714758438,PVDAQ_4,moderate
2023-01-01 13:01:00,303.5321,288.24180145105333,15.29029854894668,15.29029854894668,PVDAQ_4,moderate
2023-01-01 13:02:00,297.2299,300.7487715000004,-3.5188715000003867,3.5188715000003867,PVDAQ_4,moderate
2023-01-01 13:03:00,313.3481,308.42047700000046,4.927622999999528,4.927622999999528,PVDAQ_4,moderate
2023-01-01 13:04:00,343.9769,339.0432308696589,4.933669130341116,4.933669130341116,PVDAQ_4,moderate
2023-01-01 13:05:00,307.1842,305.4680836750001,1.7161163249998594,1.7161163249998594,PVDAQ_4,moderate
2023-01-01 13:06:00,315.0253,312.200889675758,2.8244103242420238,2.8244103242420238,PVDAQ_4,moderate
2023-01-01 13:07:00,327.9489,323.43126121107287,4.5176387889271155,4.5176387889271155,PVDAQ_4,moderate
2023-01-01 13:08:00,331.1364,327.90669066810443,3.229709331895549,3.229709331895549,PVDAQ_4,moderate
2023-01-01 13:09:00,277.9249,280.43111898500007,-2.506218985000089,2.506218985000089,PVDAQ_4,moderate
2023-01-01 13:10:00,261.2431,255.3123946190478,5.930705380952219,5.930705380952219,PVDAQ_4,moderate
2023-01-01 13:11:00,264.5601,253.17953353293677,11.380566467063204,11.380566467063204,PVDAQ_4,moderate
2023-01-01 13:12:00,280.4849,279.2017287749995,1.2831712250005012,1.2831712250005012,PVDAQ_4,moderate
2023-01-01 13:13:00,246.6818,246.60914050000002,0.07265949999998611,0.07265949999998611,PVDAQ_4,moderate
2023-01-01 13:14:00,250.261,247.47579699999977,2.785203000000223,2.785203000000223,PVDAQ_4,moderate
2023-01-01 13:15:00,252.7201,253.8202114999995,-1.1001114999994854,1.1001114999994854,PVDAQ_4,moderate
2023-01-01 13:16:00,254.1239,253.05848541666634,1.0654145833336486,1.0654145833336486,PVDAQ_4,moderate
2023-01-01 13:17:00,262.8393,260.8872965904766,1.9520034095233996,1.9520034095233996,PVDAQ_4,moderate
2023-01-01 13:18:00,284.3253,283.74349702263703,0.5818029773629974,0.5818029773629974,PVDAQ_4,moderate
2023-01-01 13:19:00,299.2341,295.2417737523809,3.9923262476191326,3.9923262476191326,PVDAQ_4,moderate
2023-01-01 13:20:00,326.5391,325.8942278073414,0.6448721926586245,0.6448721926586245,PVDAQ_4,moderate
2023-01-01 13:21:00,330.4789,329.0274949781753,1.451405021824712,1.451405021824712,PVDAQ_4,moderate
2023-01-01 13:22:00,304.3411,306.1654179090913,-1.8243179090912918,1.8243179090912918,PVDAQ_4,moderate
2023-01-01 13:23:00,287.6972,290.44404177777835,-2.746841777778343,2.746841777778343,PVDAQ_4,moderate
2023-01-01 13:24:00,274.5816,274.39067406721955,0.19092593278043068,0.19092593278043068,PVDAQ_4,moderate
2023-01-01 13:25:00,269.1066,267.10185256895403,2.0047474310459847,2.0047474310459847,PVDAQ_4,moderate
2023-01-01 13:26:00,280.0054,275.4129611761902,4.5924388238098,4.5924388238098,PVDAQ_4,moderate
2023-01-01 13:27:00,289.4293,266.44810182666686,22.981198173333155,22.981198173333155,PVDAQ_4,moderate
2023-01-01 13:28:00,305.4281,302.2172477499996,3.2108522500003573,3.2108522500003573,PVDAQ_4,moderate
2023-01-01 13:29:00,272.8148,272.4257263878815,0.3890736121184659,0.3890736121184659,PVDAQ_4,moderate
2023-01-01 13:30:00,272.12,270.8198367335464,1.3001632664535805,1.3001632664535805,PVDAQ_4,moderate
2023-01-01 13:31:00,245.2733,247.5798355,-2.3065354999999954,2.3065354999999954,PVDAQ_4,moderate
2023-01-01 13:32:00,235.7741,232.6959099999997,3.0781900000002906,3.0781900000002906,PVDAQ_4,moderate
2023-01-01 13:33:00,220.4241,221.27861199999995,-0.8545119999999429,0.8545119999999429,PVDAQ_4,moderate
2023-01-01 13:34:00,203.5047,203.9877470000003,-0.48304700000028333,0.48304700000028333,PVDAQ_4,cloudy
2023-01-01 13:35:00,196.5979,199.45724699999985,-2.8593469999998433,2.8593469999998433,PVDAQ_4,cloudy
2023-01-01 13:36:00,190.4083,192.58220049999974,-2.173900499999746,2.173900499999746,PVDAQ_4,cloudy
2023-01-01 13:37:00,179.3979,180.59816549999974,-1.2002654999997446,1.2002654999997446,PVDAQ_4,cloudy
2023-01-01 13:38:00,172.6992,176.0020400833333,-3.302840083333308,3.302840083333308,PVDAQ_4,cloudy
2023-01-01 13:39:00,175.8377,174.23476133333355,1.6029386666664607,1.6029386666664607,PVDAQ_4,cloudy
2023-01-01 13:40:00,173.684,174.56914859999998,-0.8851485999999795,0.8851485999999795,PVDAQ_4,cloudy
2023-01-01 13:41:00,171.5752,172.7633226666668,-1.1881226666667999,1.1881226666667999,PVDAQ_4,cloudy
2023-01-01 13:42:00,167.6073,168.75425800000008,-1.146958000000069,1.146958000000069,PVDAQ_4,cloudy
2023-01-01 13:43:00,165.1163,165.61451899999986,-0.49821899999986385,0.49821899999986385,PVDAQ_4,cloudy
2023-01-01 13:44:00,161.4634,162.15152116666627,-0.6881211666662637,0.6881211666662637,PVDAQ_4,cloudy
2023-01-01 13:45:00,155.9761,156.46704066666635,-0.49094066666634717,0.49094066666634717,PVDAQ_4,cloudy
2023-01-01 13:46:00,150.4088,150.5682394666665,-0.15943946666649822,0.15943946666649822,PVDAQ_4,cloudy
2023-01-01 13:47:00,143.9976,141.21632644128778,2.781273558712229,2.781273558712229,PVDAQ_4,cloudy
2023-01-01 13:48:00,140.5872,138.5193554440477,2.0678445559522913,2.0678445559522913,PVDAQ_4,cloudy
2023-01-01 13:49:00,138.6656,135.34193889812306,3.323661101876951,3.323661101876951,PVDAQ_4,cloudy
2023-01-01 13:50:00,137.1586,133.7997981793432,3.358801820656794,3.358801820656794,PVDAQ_4,cloudy
2023-01-01 13:51:00,135.3031,130.90781389105564,4.395286108944362,4.395286108944362,PVDAQ_4,cloudy
2023-01-01 13:52:00,132.7786,128.25627939457138,4.522320605428632,4.522320605428632,PVDAQ_4,cloudy
2023-01-01 13:53:00,130.0639,125.12182069435548,4.942079305644512,4.942079305644512,PVDAQ_4,cloudy
2023-01-01 13:54:00,127.4083,121.99966045159107,5.408639548408928,5.408639548408928,PVDAQ_4,cloudy
2023-01-01 13:55:00,124.3044,121.28552494725577,3.018875052744235,3.018875052744235,PVDAQ_4,cloudy
2023-01-01 13:56:00,120.9302,120.7325284954421,0.19767150455790272,0.19767150455790272,PVDAQ_4,cloudy
2023-01-01 13:57:00,118.1711,116.54629288749949,1.6248071125005055,1.6248071125005055,PVDAQ_4,cloudy
2023-01-01 13:58:00,115.7289,115.1431742868451,0.5857257131549005,0.5857257131549005,PVDAQ_4,cloudy
2023-01-01 13:59:00,114.6483,115.4684955722221,-0.8201955722220902,0.8201955722220902,PVDAQ_4,cloudy
2023-01-01 14:00:00,115.8732,115.68964606507922,0.18355393492078065,0.18355393492078065,PVDAQ_4,cloudy
2023-01-01 14:01:00,117.4408,115.21819146168275,2.222608538317246,2.222608538317246,PVDAQ_4,cloudy
2023-01-01 14:02:00,120.2957,118.16412774490858,2.131572255091413,2.131572255091413,PVDAQ_4,cloudy
2023-01-01 14:03:00,123.6704,121.81928345910642,1.8511165408935852,1.8511165408935852,PVDAQ_4,cloudy
2023-01-01 14:04:00,126.7568,123.08313709710863,3.6736629028913654,3.6736629028913654,PVDAQ_4,cloudy
2023-01-01 14:05:00,128.3893,127.98645194897217,0.4028480510278172,0.4028480510278172,PVDAQ_4,cloudy
2023-01-01 14:06:00,136.0228,133.7788926470121,2.2439073529878897,2.2439073529878897,PVDAQ_4,cloudy
2023-01-01 14:07:00,139.5389,139.35382120476208,0.1850787952379278,0.1850787952379278,PVDAQ_4,cloudy
2023-01-01 14:08:00,152.2352,149.2761934916669,2.95900650833309,2.95900650833309,PVDAQ_4,cloudy
2023-01-01 14:09:00,165.4868,159.74017675000016,5.746623249999828,5.746623249999828,PVDAQ_4,cloudy
2023-01-01 14:10:00,175.6925,172.8200333333334,2.8724666666665826,2.8724666666665826,PVDAQ_4,cloudy
2023-01-01 14:11:00,187.5012,179.4286295,8.072570500000012,8.072570500000012,PVDAQ_4,cloudy
2023-01-01 14:12:00,199.8803,197.94029550000027,1.9400044999997306,1.9400044999997306,PVDAQ_4,cloudy
2023-01-01 14:13:00,221.8419,220.71113799999995,1.130762000000061,1.130762000000061,PVDAQ_4,moderate
2023-01-01 14:14:00,249.1315,247.31840850000012,1.8130914999998708,1.8130914999998708,PVDAQ_4,moderate
2023-01-01 14:15:00,261.7292,260.7316416000003,0.9975583999997184,0.9975583999997184,PVDAQ_4,moderate
2023-01-01 14:16:00,265.5735,265.85039090793657,-0.27689090793654714,0.27689090793654714,PVDAQ_4,moderate
2023-01-01 14:17:00,269.24,268.37163981498753,0.8683601850124774,0.8683601850124774,PVDAQ_4,moderate
2023-01-01 14:18:00,279.4236,274.5461268261902,4.877473173809847,4.877473173809847,PVDAQ_4,moderate
2023-01-01 14:19:00,286.3011,283.5267476599992,2.774352340000803,2.774352340000803,PVDAQ_4,moderate
2023-01-01 14:20:00,272.5896,271.27623191428546,1.3133680857145578,1.3133680857145578,PVDAQ_4,moderate
2023-01-01 14:21:00,268.1964,266.2201851560573,1.976214843942671,1.976214843942671,PVDAQ_4,moderate
2023-01-01 14:22:00,283.9395,281.14320820833376,2.796291791666249,2.796291791666249,PVDAQ_4,moderate
2023-01-01 14:23:00,284.2786,282.84305028697077,1.4355497130292179,1.4355497130292179,PVDAQ_4,moderate
2023-01-01 14:24:00,265.754,267.25559366845226,-1.5015936684522444,1.5015936684522444,PVDAQ_4,moderate
2023-01-01 14:25:00,249.6238,247.8316109999999,1.7921890000000928,1.7921890000000928,PVDAQ_4,moderate
2023-01-01 14:26:00,261.5224,260.09954052797667,1.4228594720233332,1.4228594720233332,PVDAQ_4,moderate
2023-01-01 14:27:00,259.8553,255.6706433333331,4.1846566666669105,4.1846566666669105,PVDAQ_4,moderate
2023-01-01 14:28:00,259.1113,255.53358500000047,3.577714999999557,3.577714999999557,PVDAQ_4,moderate
2023-01-01 14:29:00,251.9495,249.2196975000001,2.7298024999998916,2.7298024999998916,PVDAQ_4,moderate
2023-01-01 14:30:00,242.7605,239.33959900000002,3.4209009999999864,3.4209009999999864,PVDAQ_4,moderate
2023-01-01 14:31:00,233.9144,230.70894949999987,3.2054505000001257,3.2054505000001257,PVDAQ_4,moderate
2023-01-01 14:32:00,225.2177,222.08408649999976,3.1336135000002514,3.1336135000002514,PVDAQ_4,moderate
2023-01-01 14:33:00,209.4632,203.65154950000016,5.811650499999843,5.811650499999843,PVDAQ_4,cloudy
2023-01-01 14:34:00,199.9556,198.69896249999988,1.2566375000001244,1.2566375000001244,PVDAQ_4,cloudy
2023-01-01 14:35:00,179.8405,179.84630449999995,-0.005804499999953805,0.005804499999953805,PVDAQ_4,cloudy
2023-01-01 14:36:00,164.698,164.6916926666666,0.00630733333341027,0.00630733333341027,PVDAQ_4,cloudy
2023-01-01 14:37:00,155.5389,156.04569524999985,-0.5067952499998398,0.5067952499998398,PVDAQ_4,cloudy
2023-01-01 14:38:00,149.3368,149.1075819083334,0.22921809166660978,0.22921809166660978,PVDAQ_4,cloudy
2023-01-01 14:39:00,142.2689,139.10163219246041,3.167267807539588,3.167267807539588,PVDAQ_4,cloudy
2023-01-01 14:40:00,136.6348,136.51159025394472,0.123209746055295,0.123209746055295,PVDAQ_4,cloudy
2023-01-01 14:41:00,131.8594,129.0280551978825,2.831344802117485,2.831344802117485,PVDAQ_4,cloudy
2023-01-01 14:42:00,127.7317,123.80495634977954,3.926743650220459,3.926743650220459,PVDAQ_4,cloudy
2023-01-01 14:43:00,125.3864,122.69161128890138,2.69478871109861,2.69478871109861,PVDAQ_4,cloudy
2023-01-01 14:44:00,123.6867,122.69308615952687,0.993613840473131,0.993613840473131,PVDAQ_4,cloudy
2023-01-01 14:45:00,123.0773,122.13889431426651,0.9384056857334855,0.9384056857334855,PVDAQ_4,cloudy
2023-01-01 14:46:00,122.628,122.33188135657903,0.29611864342096794,0.29611864342096794,PVDAQ_4,cloudy
2023-01-01 14:47:00,121.6738,121.5597082124962,0.11409178750379567,0.11409178750379567,PVDAQ_4,cloudy
2023-01-01 14:48:00,121.8242,121.05067325434369,0.7735267456563122,0.7735267456563122,PVDAQ_4,cloudy
2023-01-01 14:49:00,120.9835,120.35616782674201,0.6273321732579973,0.6273321732579973,PVDAQ_4,cloudy
2023-01-01 14:50:00,120.4427,119.53745258436163,0.905247415638371,0.905247415638371,PVDAQ_4,cloudy
2023-01-01 14:51:00,119.8767,119.5812128035079,0.295487196492104,0.295487196492104,PVDAQ_4,cloudy
2023-01-01 14:52:00,118.3976,116.7227992588976,1.674800741102402,1.674800741102402,PVDAQ_4,cloudy
2023-01-01 14:53:00,116.6325,116.17952863968243,0.45297136031756224,0.45297136031756224,PVDAQ_4,cloudy
2023-01-01 14:54:00,115.189,115.8590910051008,-0.6700910051008009,0.6700910051008009,PVDAQ_4,cloudy
2023-01-01 14:55:00,114.1853,115.33755840075668,-1.1522584007566792,1.1522584007566792,PVDAQ_4,cloudy
2023-01-01 14:56:00,115.0104,113.99890405363983,1.0114959463601707,1.0114959463601707,PVDAQ_4,cloudy
2023-01-01 14:57:00,113.7923,114.13917208626519,-0.3468720862651935,0.3468720862651935,PVDAQ_4,cloudy
2023-01-01 14:58:00,111.4134,108.47751134027773,2.9358886597222664,2.9358886597222664,PVDAQ_4,cloudy
2023-01-01 14:59:00,107.5797,103.89462045833338,3.6850795416666244,3.6850795416666244,PVDAQ_4,cloudy
2023-01-01 15:00:00,104.9432,102.07130531444433,2.8718946855556737,2.8718946855556737,PVDAQ_4,cloudy
2023-01-01 15:01:00,102.6066,100.62497196309526,1.9816280369047377,1.9816280369047377,PVDAQ_4,cloudy
2023-01-01 15:02:00,100.2135,101.43423271666654,-1.2207327166665465,1.2207327166665465,PVDAQ_4,cloudy
2023-01-01 15:03:00,97.70847,94.0954467274633,3.613023272536708,3.613023272536708,PVDAQ_4,cloudy
2023-01-01 15:04:00,95.5433,92.97230350000011,2.570996499999893,2.570996499999893,PVDAQ_4,cloudy
2023-01-01 15:05:00,93.68043,91.47477406904748,2.205655930952517,2.205655930952517,PVDAQ_4,cloudy
2023-01-01 15:06:00,92.24195,90.99584376071417,1.2461062392858366,1.2461062392858366,PVDAQ_4,cloudy
2023-01-01 15:07:00,91.76403,91.97631473857133,-0.21228473857132713,0.21228473857132713,PVDAQ_4,cloudy
2023-01-01 15:08:00,91.53249,91.09462391037987,0.43786608962012963,0.43786608962012963,PVDAQ_4,cloudy
2023-01-01 15:09:00,91.42054,91.13410588499991,0.2864341150000911,0.2864341150000911,PVDAQ_4,cloudy
2023-01-01 15:10:00,90.5451,88.1726433808333,2.372456619166698,2.372456619166698,PVDAQ_4,cloudy
2023-01-01 15:11:00,87.65997,84.19713853333309,3.4628314666669127,3.4628314666669127,PVDAQ_4,cloudy
2023-01-01 15:12:00,84.85119,81.61008938999987,3.2411006100001316,3.2411006100001316,PVDAQ_4,cloudy
2023-01-01 15:13:00,84.18501,82.0428014999999,2.142208500000109,2.142208500000109,PVDAQ_4,cloudy
2023-01-01 15:14:00,81.77114,78.14441189999985,3.6267281000001503,3.6267281000001503,PVDAQ_4,cloudy
2023-01-01 15:15:00,79.79294,75.77876226428565,4.014177735714355,4.014177735714355,PVDAQ_4,cloudy
2023-01-01 15:16:00,77.57598,74.7767306999999,2.799249300000099,2.799249300000099,PVDAQ_4,cloudy
2023-01-01 15:17:00,75.05920999999998,71.17577854999985,3.8834314500001312,3.8834314500001312,PVDAQ_4,cloudy
2023-01-01 15:18:00,71.60545,69.08681404999989,2.5186359500001174,2.5186359500001174,PVDAQ_4,cloudy
2023-01-01 15:19:00,68.96489,66.67051314999992,2.294376850000077,2.294376850000077,PVDAQ_4,cloudy
2023-01-01 15:20:00,67.18107,64.80339375000003,2.377676249999979,2.377676249999979,PVDAQ_4,cloudy
2023-01-01 15:21:00,64.92278,61.78760062500006,3.135179374999943,3.135179374999943,PVDAQ_4,cloudy
2023-01-01 15:22:00,62.10144,59.964309449999945,2.1371305500000517,2.1371305500000517,PVDAQ_4,cloudy
2023-01-01 15:23:00,59.44358,58.58788961666665,0.8556903833333465,0.8556903833333465,PVDAQ_4,cloudy
2023-01-01 15:24:00,58.2578,58.54402269999992,-0.286222699999918,0.286222699999918,PVDAQ_4,cloudy
2023-01-01 15:25:00,57.15136,57.40774498666663,-0.2563849866666317,0.2563849866666317,PVDAQ_4,cloudy
2023-01-01 15:26:00,57.15009,56.82753280836311,0.32255719163688923,0.32255719163688923,PVDAQ_4,cloudy
2023-01-01 15:27:00,57.6659,57.50228595002159,0.16361404997841333,0.16361404997841333,PVDAQ_4,cloudy
2023-01-01 15:28:00,57.67152,57.3868145641666,0.284705435833402,0.284705435833402,PVDAQ_4,cloudy
2023-01-01 15:29:00,57.01187,57.06089315499999,-0.04902315499998622,0.04902315499998622,PVDAQ_4,cloudy
2023-01-01 15:30:00,56.48126,56.5692018916667,-0.08794189166670208,0.08794189166670208,PVDAQ_4,cloudy
2023-01-01 15:31:00,56.35101,56.49648209068452,-0.14547209068452105,0.14547209068452105,PVDAQ_4,cloudy
2023-01-01 15:32:00,56.41539,56.553386792214944,-0.13799679221494188,0.13799679221494188,PVDAQ_4,cloudy
2023-01-01 15:33:00,56.62955,56.41987695571968,0.20967304428032207,0.20967304428032207,PVDAQ_4,cloudy
2023-01-01 15:34:00,56.84112,56.965593978333345,-0.12447397833334861,0.12447397833334861,PVDAQ_4,cloudy
2023-01-01 15:35:00,56.91825,56.48182614109668,0.4364238589033178,0.4364238589033178,PVDAQ_4,cloudy
2023-01-01 15:36:00,56.85216,56.68347291202814,0.16868708797186116,0.16868708797186116,PVDAQ_4,cloudy
2023-01-01 15:37:00,56.63187,56.744360370032425,-0.11249037003242535,0.11249037003242535,PVDAQ_4,cloudy
2023-01-01 15:38:00,56.21933,55.558257110151445,0.6610728898485547,0.6610728898485547,PVDAQ_4,cloudy
2023-01-01 15:39:00,55.31174,55.40330087666667,-0.09156087666666934,0.09156087666666934,PVDAQ_4,cloudy
2023-01-01 15:40:00,53.72797,51.53485450999999,2.193115490000011,2.193115490000011,PVDAQ_4,cloudy
2023-01-01 15:41:00,51.88417,49.23605825249998,2.6481117475000175,2.6481117475000175,PVDAQ_4,cloudy
2023-01-01 15:42:00,49.8502,46.57197572293327,3.278224277066734,3.278224277066734,PVDAQ_4,cloudy
2023-01-01 15:43:00,47.82542,45.40339225424607,2.4220277457539297,2.4220277457539297,PVDAQ_4,cloudy
2023-01-01 15:44:00,46.04074,43.76488621612479,2.275853783875206,2.275853783875206,PVDAQ_4,cloudy
2023-01-01 15:45:00,44.7356,44.00373379070815,0.7318662092918515,0.7318662092918515,PVDAQ_4,cloudy
2023-01-01 15:46:00,43.77518,43.53351521849558,0.2416647815044186,0.2416647815044186,PVDAQ_4,cloudy
2023-01-01 15:47:00,43.16965,43.09602177198092,0.07362822801907498,0.07362822801907498,PVDAQ_4,cloudy
2023-01-01 15:48:00,42.79045,41.68750086285705,1.10294913714295,1.10294913714295,PVDAQ_4,cloudy
2023-01-01 15:49:00,42.80394,42.76621064387305,0.03772935612694539,0.03772935612694539,PVDAQ_4,cloudy
2023-01-01 15:50:00,43.29578,42.831875436309474,0.4639045636905266,0.4639045636905266,PVDAQ_4,cloudy
2023-01-01 15:51:00,44.03316,43.23687386079043,0.7962861392095704,0.7962861392095704,PVDAQ_4,cloudy
2023-01-01 15:52:00,44.76021,44.64904645272093,0.11116354727906952,0.11116354727906952,PVDAQ_4,cloudy
2023-01-01 15:53:00,44.94391,44.78613597757945,0.15777402242055416,0.15777402242055416,PVDAQ_4,cloudy
2023-01-01 15:54:00,44.31199,43.69995635663463,0.6120336433653719,0.6120336433653719,PVDAQ_4,cloudy
2023-01-01 15:55:00,43.12454,41.93355919166674,1.190980808333265,1.190980808333265,PVDAQ_4,cloudy
2023-01-01 15:56:00,28.00666,35.84701536749997,-7.840355367499971,7.840355367499971,PVDAQ_4,cloudy
2023-01-01 15:57:00,39.3942,35.82187430005949,3.5723256999405066,3.5723256999405066,PVDAQ_4,cloudy
2023-01-01 15:58:00,37.59728,34.22938889999995,3.367891100000051,3.367891100000051,PVDAQ_4,cloudy
2023-01-01 15:59:00,35.35308,33.96168340000602,1.391396599993982,1.391396599993982,PVDAQ_4,cloudy
2023-01-01 16:00:00,33.62381,31.052874317500013,2.570935682499986,2.570935682499986,PVDAQ_4,cloudy
2023-01-01 16:01:00,32.16967,28.4714069395833,3.6982630604167035,3.6982630604167035,PVDAQ_4,cloudy
2023-01-01 16:02:00,30.86381,31.53488140000009,-0.6710714000000877,0.6710714000000877,PVDAQ_4,cloudy
2023-01-01 16:03:00,29.3249,24.74613822499995,4.57876177500005,4.57876177500005,PVDAQ_4,cloudy
2023-01-01 16:04:00,27.47172,24.457727509999955,3.013992490000046,3.013992490000046,PVDAQ_4,cloudy
2023-01-01 16:05:00,25.51941,21.27126892499999,4.24814107500001,4.24814107500001,PVDAQ_4,cloudy
2023-01-01 16:06:00,23.88293,21.147712362500002,2.7352176375,2.7352176375,PVDAQ_4,cloudy
2023-01-01 16:07:00,22.42596,20.516419839166648,1.9095401608333518,1.9095401608333518,PVDAQ_4,cloudy
2023-01-01 16:08:00,21.14255,22.816474774999975,-1.6739247749999748,1.6739247749999748,PVDAQ_4,cloudy
2023-01-01 16:09:00,20.10103,21.76545705,-1.664427049999997,1.664427049999997,PVDAQ_4,cloudy
2023-01-01 16:10:00,19.37696,22.212458549999948,-2.835498549999947,2.835498549999947,PVDAQ_4,cloudy
2023-01-01 16:11:00,19.0085,20.258837529999962,-1.2503375299999604,1.2503375299999604,PVDAQ_4,cloudy
2023-01-01 16:12:00,18.93961,18.921264596130914,0.01834540386908401,0.01834540386908401,PVDAQ_4,cloudy
2023-01-01 16:13:00,18.92127,19.051553191363606,-0.13028319136360622,0.13028319136360622,PVDAQ_4,cloudy
2023-01-01 16:14:00,18.95389,19.051553191363606,-0.0976631913636048,0.0976631913636048,PVDAQ_4,cloudy
2023-01-01 16:15:00,18.90679,19.078886054226164,-0.17209605422616292,0.17209605422616292,PVDAQ_4,cloudy
2023-01-01 16:16:00,18.60124,18.367879346130948,0.23336065386905247,0.23336065386905247,PVDAQ_4,cloudy
2023-01-01 16:17:00,17.81894,18.775996973863627,-0.9570569738636259,0.9570569738636259,PVDAQ_4,cloudy
2023-01-01 16:18:00,16.37267,13.646355709999987,2.726314290000012,2.726314290000012,PVDAQ_4,cloudy
2023-01-01 16:19:00,14.47977,12.364764000663621,2.115005999336379,2.115005999336379,PVDAQ_4,cloudy
2023-01-01 16:20:00,12.6632,9.078348646249998,3.584851353750002,3.584851353750002,PVDAQ_4,cloudy
2023-01-01 16:21:00,10.96164,7.493156591750009,3.4684834082499902,3.4684834082499902,PVDAQ_4,cloudy
2023-01-01 16:22:00,9.271187,5.820673968799993,3.450513031200006,3.450513031200006,PVDAQ_4,cloudy
2023-01-01 16:23:00,7.730186,1.2996099327000021,6.430576067299998,6.430576067299998,PVDAQ_4,night_or_low_power
2023-01-01 16:24:00,6.178363,1.0963795029500014,5.081983497049999,5.081983497049999,PVDAQ_4,night_or_low_power
2023-01-01 16:25:00,4.68272,2.3947348501562518,2.287985149843748,2.287985149843748,PVDAQ_4,night_or_low_power
2023-01-01 16:26:00,3.405807,2.932146623317646,0.47366037668235395,0.47366037668235395,PVDAQ_4,night_or_low_power
2023-01-01 16:27:00,2.428341,3.7518079520334453,-1.3234669520334452,1.3234669520334452,PVDAQ_4,night_or_low_power
2023-01-01 16:28:00,1.303998,0.9842841728500002,0.31971382714999974,0.31971382714999974,PVDAQ_4,night_or_low_power
2023-01-01 16:29:00,0.03992045,1.11643004045,-1.07650959045,1.07650959045,PVDAQ_4,night_or_low_power
2023-01-01 16:30:00,0.0,0.18571486337499996,-0.18571486337499996,0.18571486337499996,PVDAQ_4,night_or_low_power
2023-01-01 16:31:00,0.0,0.4207978412499999,-0.4207978412499999,0.4207978412499999,PVDAQ_4,night_or_low_power
2023-01-01 16:32:00,0.0,0.03201000460000001,-0.03201000460000001,0.03201000460000001,PVDAQ_4,night_or_low_power
2023-01-01 16:33:00,0.0,0.29213805475,-0.29213805475,0.29213805475,PVDAQ_4,night_or_low_power
2023-01-01 16:34:00,0.3041342,1.2083850137269423,-0.9042508137269423,0.9042508137269423,PVDAQ_4,night_or_low_power
2023-01-01 16:35:00,1.299836,1.2152099617632164,0.08462603823678361,0.08462603823678361,PVDAQ_4,night_or_low_power
2023-01-01 16:36:00,0.7354579,1.6776685428172087,-0.9422106428172087,0.9422106428172087,PVDAQ_4,night_or_low_power
2023-01-01 16:37:00,1.306264,1.2252390036879435,0.08102499631205662,0.08102499631205662,PVDAQ_4,night_or_low_power
2023-01-01 16:38:00,1.042354,1.5624731204036348,-0.5201191204036348,0.5201191204036348,PVDAQ_4,night_or_low_power
2023-01-01 16:39:00,1.519878,1.4346506496610614,0.08522735033893869,0.08522735033893869,PVDAQ_4,night_or_low_power
2023-01-01 16:40:00,1.641041,1.840710706997138,-0.19966970699713804,0.19966970699713804,PVDAQ_4,night_or_low_power
2023-01-01 16:41:00,2.356219,2.4236052170638644,-0.0673862170638646,0.0673862170638646,PVDAQ_4,night_or_low_power
2023-01-01 16:42:00,2.404795,2.4905843425550636,-0.08578934255506354,0.08578934255506354,PVDAQ_4,night_or_low_power
2023-01-01 16:43:00,2.403642,2.5481705517062028,-0.1445285517062027,0.1445285517062027,PVDAQ_4,night_or_low_power
2023-01-01 16:44:00,2.419122,2.556466502147379,-0.13734450214737892,0.13734450214737892,PVDAQ_4,night_or_low_power
2023-01-01 16:45:00,2.438504,2.4414484557305314,-0.00294445573053137,0.00294445573053137,PVDAQ_4,night_or_low_power
2023-01-01 16:46:00,2.438595,2.434647430900082,0.003947569099918002,0.003947569099918002,PVDAQ_4,night_or_low_power
2023-01-01 16:47:00,2.423214,2.4592777746386294,-0.0360637746386292,0.0360637746386292,PVDAQ_4,night_or_low_power
2023-01-01 16:48:00,2.430832,2.4577199271367487,-0.02688792713674859,0.02688792713674859,PVDAQ_4,night_or_low_power
2023-01-01 16:49:00,2.443615,2.4605426208909624,-0.016927620890962558,0.016927620890962558,PVDAQ_4,night_or_low_power
2023-01-01 16:50:00,2.463364,2.4747236132445947,-0.01135961324459478,0.01135961324459478,PVDAQ_4,night_or_low_power
2023-01-01 16:51:00,2.46582,2.4736620997670755,-0.007842099767075617,0.007842099767075617,PVDAQ_4,night_or_low_power
2023-01-01 16:52:00,2.464776,2.4867160130047576,-0.021940013004757564,0.021940013004757564,PVDAQ_4,night_or_low_power
2023-01-01 16:53:00,2.488471,2.4730385245449806,0.015432475455019468,0.015432475455019468,PVDAQ_4,night_or_low_power
2023-01-01 16:54:00,2.471169,2.4732237945449804,-0.002054794544980254,0.002054794544980254,PVDAQ_4,night_or_low_power
2023-01-01 16:55:00,2.483303,2.4846021137150744,-0.001299113715074629,0.001299113715074629,PVDAQ_4,night_or_low_power
2023-01-01 16:56:00,2.499869,2.481247440556652,0.01862155944334809,0.01862155944334809,PVDAQ_4,night_or_low_power
2023-01-01 16:57:00,2.484506,2.486418054940805,-0.0019120549408047083,0.0019120549408047083,PVDAQ_4,night_or_low_power
2023-01-01 16:58:00,2.477507,2.4899775404306097,-0.012470540430609578,0.012470540430609578,PVDAQ_4,night_or_low_power
2023-01-01 16:59:00,2.486463,2.491334227275848,-0.004871227275847989,0.004871227275847989,PVDAQ_4,night_or_low_power
2023-01-01 17:00:00,2.497375,2.482127357251998,0.015247642748001944,0.015247642748001944,PVDAQ_4,night_or_low_power
2023-01-01 17:01:00,2.493353,2.497323506157673,-0.003970506157672915,0.003970506157672915,PVDAQ_4,night_or_low_power
2023-01-01 17:02:00,2.49735,2.508673304571948,-0.011323304571948078,0.011323304571948078,PVDAQ_4,night_or_low_power
2023-01-01 17:03:00,2.513033,2.5158506434243355,-0.0028176434243354365,0.0028176434243354365,PVDAQ_4,night_or_low_power
2023-01-01 17:04:00,2.513736,2.4990305575238083,0.014705442476191877,0.014705442476191877,PVDAQ_4,night_or_low_power
2023-01-01 17:05:00,2.513759,2.5072462388684866,0.006512761131513223,0.006512761131513223,PVDAQ_4,night_or_low_power
2023-01-01 17:06:00,2.526397,2.5229603229261994,0.003436677073800354,0.003436677073800354,PVDAQ_4,night_or_low_power
2023-01-01 17:07:00,2.542495,2.5610121504819023,-0.018517150481902167,0.018517150481902167,PVDAQ_4,night_or_low_power
2023-01-01 17:08:00,2.542318,2.5648110059839935,-0.02249300598399362,0.02249300598399362,PVDAQ_4,night_or_low_power
2023-01-01 17:09:00,2.532862,2.5669533063417584,-0.034091306341758276,0.034091306341758276,PVDAQ_4,night_or_low_power
2023-01-01 17:10:00,2.540598,2.573431794729528,-0.032833794729528076,0.032833794729528076,PVDAQ_4,night_or_low_power
2023-01-01 17:11:00,2.550256,2.573476501396195,-0.023220501396195026,0.023220501396195026,PVDAQ_4,night_or_low_power
2023-01-01 17:12:00,2.538862,2.5736263050271475,-0.03476430502714756,0.03476430502714756,PVDAQ_4,night_or_low_power
2023-01-01 17:13:00,2.541707,2.552069508060787,-0.010362508060786979,0.010362508060786979,PVDAQ_4,night_or_low_power
2023-01-01 17:14:00,2.545218,2.573855761309199,-0.028637761309198595,0.028637761309198595,PVDAQ_4,night_or_low_power
2023-01-01 17:15:00,2.541996,2.5621660317165316,-0.020170031716531422,0.020170031716531422,PVDAQ_4,night_or_low_power
2023-01-01 17:16:00,2.550772,2.552900566532469,-0.0021285665324692893,0.0021285665324692893,PVDAQ_4,night_or_low_power
2023-01-01 17:17:00,2.555393,2.5636709770651374,-0.008277977065137332,0.008277977065137332,PVDAQ_4,night_or_low_power
2023-01-01 17:18:00,2.546744,2.56814161910019,-0.021397619100190113,0.021397619100190113,PVDAQ_4,night_or_low_power
2023-01-01 17:19:00,2.555235,2.574093186666342,-0.01885818666634176,0.01885818666634176,PVDAQ_4,night_or_low_power
2023-01-01 17:20:00,2.552113,2.574093186666342,-0.02198018666634205,0.02198018666634205,PVDAQ_4,night_or_low_power
2023-01-01 17:21:00,2.551888,2.574093186666342,-0.02220518666634197,0.02220518666634197,PVDAQ_4,night_or_low_power
2023-01-01 17:22:00,2.554767,2.56835124804038,-0.013584248040380054,0.013584248040380054,PVDAQ_4,night_or_low_power
2023-01-01 17:23:00,2.542761,2.5590319048833767,-0.01627090488337668,0.01627090488337668,PVDAQ_4,night_or_low_power
2023-01-01 17:24:00,2.566954,2.5742837170175124,-0.007329717017512394,0.007329717017512394,PVDAQ_4,night_or_low_power
2023-01-01 17:25:00,2.550675,2.564774197572318,-0.014099197572317923,0.014099197572317923,PVDAQ_4,night_or_low_power
2023-01-01 17:26:00,2.565387,2.5765535769982604,-0.011166576998260513,0.011166576998260513,PVDAQ_4,night_or_low_power
2023-01-01 17:27:00,2.571373,2.5653504057272363,0.006022594272763637,0.006022594272763637,PVDAQ_4,night_or_low_power
2023-01-01 17:28:00,2.542785,2.5638038397833673,-0.021018839783367493,0.021018839783367493,PVDAQ_4,night_or_low_power
2023-01-01 17:29:00,2.554657,2.579367218530322,-0.024710218530321626,0.024710218530321626,PVDAQ_4,night_or_low_power
2023-01-01 17:30:00,2.549593,2.6241491751490753,-0.07455617514907509,0.07455617514907509,PVDAQ_4,night_or_low_power
2023-01-01 17:31:00,2.571155,2.5865708572083888,-0.015415857208388672,0.015415857208388672,PVDAQ_4,night_or_low_power
2023-01-01 17:32:00,2.575296,2.570260171984484,0.005035828015515609,0.005035828015515609,PVDAQ_4,night_or_low_power
2023-01-01 17:33:00,2.577152,2.573527515363403,0.003624484636596925,0.003624484636596925,PVDAQ_4,night_or_low_power
2023-01-01 17:34:00,2.570724,2.5725191444886026,-0.0017951444886028511,0.0017951444886028511,PVDAQ_4,night_or_low_power
2023-01-01 17:35:00,2.574677,2.5655978674486715,0.009079132551328417,0.009079132551328417,PVDAQ_4,night_or_low_power
2023-01-01 17:36:00,2.547709,2.5864547282191506,-0.03874572821915079,0.03874572821915079,PVDAQ_4,night_or_low_power
2023-01-01 17:37:00,2.571085,2.572206460096609,-0.0011214600966087396,0.0011214600966087396,PVDAQ_4,night_or_low_power
2023-01-01 17:38:00,2.580248,2.5641885300884892,0.01605946991151086,0.01605946991151086,PVDAQ_4,night_or_low_power
2023-01-01 17:39:00,2.551928,2.5864697257823055,-0.0345417257823053,0.0345417257823053,PVDAQ_4,night_or_low_power
2023-01-01 17:40:00,2.580974,2.577558031957047,0.003415968042952855,0.003415968042952855,PVDAQ_4,night_or_low_power
2023-01-01 17:41:00,2.570226,2.5886988261893835,-0.018472826189383618,0.018472826189383618,PVDAQ_4,night_or_low_power
2023-01-01 17:42:00,2.579592,2.5886988261893835,-0.009106826189383632,0.009106826189383632,PVDAQ_4,night_or_low_power
2023-01-01 17:43:00,2.573012,2.5885692387906905,-0.015557238790690597,0.015557238790690597,PVDAQ_4,night_or_low_power
2023-01-01 17:44:00,2.571709,2.587483935664963,-0.01577493566496324,0.01577493566496324,PVDAQ_4,night_or_low_power
2023-01-01 17:45:00,2.570146,2.5802247086769063,-0.010078708676906523,0.010078708676906523,PVDAQ_4,night_or_low_power
2023-01-01 17:46:00,2.602367,2.5924284546617917,0.009938545338208371,0.009938545338208371,PVDAQ_4,night_or_low_power
2023-01-01 17:47:00,2.583822,2.5924284546617917,-0.008606454661791663,0.008606454661791663,PVDAQ_4,night_or_low_power
2023-01-01 17:48:00,2.577974,2.5842274938372123,-0.006253493837212076,0.006253493837212076,PVDAQ_4,night_or_low_power
2023-01-01 17:49:00,2.571366,2.580210813343573,-0.008844813343573232,0.008844813343573232,PVDAQ_4,night_or_low_power
2023-01-01 17:50:00,2.583511,2.579545621308069,0.003965378691931143,0.003965378691931143,PVDAQ_4,night_or_low_power
2023-01-01 17:51:00,2.578566,2.580603674924742,-0.002037674924741939,0.002037674924741939,PVDAQ_4,night_or_low_power
2023-01-01 17:52:00,2.590464,2.580832294133075,0.009631705866925078,0.009631705866925078,PVDAQ_4,night_or_low_power
2023-01-01 17:53:00,2.580273,2.579567181808068,0.0007058181919319395,0.0007058181919319395,PVDAQ_4,night_or_low_power
2023-01-01 17:54:00,2.582561,2.5831020132016516,-0.0005410132016514524,0.0005410132016514524,PVDAQ_4,night_or_low_power
2023-01-01 17:55:00,2.584893,2.5886988261893835,-0.00380582618938341,0.00380582618938341,PVDAQ_4,night_or_low_power
2023-01-01 17:56:00,2.597424,2.585084783701114,0.012339216298886235,0.012339216298886235,PVDAQ_4,night_or_low_power
2023-01-01 17:57:00,2.597319,2.5888539626477165,0.008465037352283655,0.008465037352283655,PVDAQ_4,night_or_low_power
2023-01-01 17:58:00,2.578016,2.587890111083885,-0.00987411108388514,0.00987411108388514,PVDAQ_4,night_or_low_power
2023-01-01 17:59:00,2.581246,2.580707306480254,0.000538693519746225,0.000538693519746225,PVDAQ_4,night_or_low_power
2023-01-01 18:00:00,2.579846,2.5875701124252037,-0.007724112425203877,0.007724112425203877,PVDAQ_4,night_or_low_power
2023-01-01 18:01:00,2.585815,2.5919606304409673,-0.006145630440967054,0.006145630440967054,PVDAQ_4,night_or_low_power
2023-01-01 18:02:00,2.606337,2.5898551166683688,0.016481883331631142,0.016481883331631142,PVDAQ_4,night_or_low_power
2023-01-01 18:03:00,2.604124,2.591540545220538,0.012583454779462322,0.012583454779462322,PVDAQ_4,night_or_low_power
2023-01-01 18:04:00,2.609358,2.587846684203782,0.0215113157962179,0.0215113157962179,PVDAQ_4,night_or_low_power
2023-01-01 18:05:00,2.600698,2.5918969438858177,0.008801056114182249,0.008801056114182249,PVDAQ_4,night_or_low_power
2023-01-01 18:06:00,2.592636,2.5916689112455042,0.000967088754495915,0.000967088754495915,PVDAQ_4,night_or_low_power
2023-01-01 18:07:00,2.592338,2.5863664260415113,0.005971573958488463,0.005971573958488463,PVDAQ_4,night_or_low_power
2023-01-01 18:08:00,2.588552,2.5908971180084284,-0.002345118008428404,0.002345118008428404,PVDAQ_4,night_or_low_power
2023-01-01 18:09:00,2.597882,2.5878570156855485,0.010024984314451313,0.010024984314451313,PVDAQ_4,night_or_low_power
2023-01-01 18:10:00,2.593777,2.591452815710734,0.0023241842892662845,0.0023241842892662845,PVDAQ_4,night_or_low_power
2023-01-01 18:11:00,2.623041,2.6939273701523048,-0.07088637015230459,0.07088637015230459,PVDAQ_4,night_or_low_power
2023-01-01 18:12:00,2.631053,2.690578349987734,-0.05952534998773373,0.05952534998773373,PVDAQ_4,night_or_low_power
2023-01-01 18:13:00,2.610953,2.691711427238059,-0.08075842723805904,0.08075842723805904,PVDAQ_4,night_or_low_power
2023-01-01 18:14:00,2.613244,2.6768506665265583,-0.06360666652655844,0.06360666652655844,PVDAQ_4,night_or_low_power
2023-01-01 18:15:00,2.64364,2.68682115030273,-0.043181150302729954,0.043181150302729954,PVDAQ_4,night_or_low_power
2023-01-01 18:16:00,2.624768,2.6767191817803466,-0.051951181780346634,0.051951181780346634,PVDAQ_4,night_or_low_power
2023-01-01 18:17:00,2.631972,2.6470267429587477,-0.015054742958747536,0.015054742958747536,PVDAQ_4,night_or_low_power
2023-01-01 18:18:00,2.612047,2.666771524809343,-0.05472452480934287,0.05472452480934287,PVDAQ_4,night_or_low_power
2023-01-01 18:19:00,2.620355,2.645458776209196,-0.025103776209196127,0.025103776209196127,PVDAQ_4,night_or_low_power
2023-01-01 18:20:00,2.62018,2.6656602430260437,-0.0454802430260437,0.0454802430260437,PVDAQ_4,night_or_low_power
2023-01-01 18:21:00,2.626901,2.665595012264301,-0.03869401226430069,0.03869401226430069,PVDAQ_4,night_or_low_power
2023-01-01 18:22:00,2.639909,2.6731032087416535,-0.033194208741653686,0.033194208741653686,PVDAQ_4,night_or_low_power
2023-01-01 18:23:00,2.633756,2.6502311161985745,-0.016475116198574558,0.016475116198574558,PVDAQ_4,night_or_low_power
2023-01-01 18:24:00,2.613421,2.6510355643299044,-0.03761456432990418,0.03761456432990418,PVDAQ_4,night_or_low_power
2023-01-01 18:25:00,2.622928,2.683835378157399,-0.060907378157398995,0.060907378157398995,PVDAQ_4,night_or_low_power
2023-01-01 18:26:00,2.629491,2.683968359862126,-0.05447735986212621,0.05447735986212621,PVDAQ_4,night_or_low_power
2023-01-01 18:27:00,2.636541,2.6731032087416535,-0.03656220874165372,0.03656220874165372,PVDAQ_4,night_or_low_power
2023-01-01 18:28:00,2.62947,2.662835205481609,-0.03336520548160893,0.03336520548160893,PVDAQ_4,night_or_low_power
2023-01-01 18:29:00,2.618272,2.662041255887353,-0.04376925588735281,0.04376925588735281,PVDAQ_4,night_or_low_power
2023-01-01 18:30:00,2.607391,2.66150352824999,-0.054112528249990355,0.054112528249990355,PVDAQ_4,night_or_low_power
2023-01-01 18:31:00,2.633523,2.6469278839031523,-0.01340488390315242,0.01340488390315242,PVDAQ_4,night_or_low_power
2023-01-01 18:32:00,2.6356,2.6731032087416535,-0.03750320874165336,0.03750320874165336,PVDAQ_4,night_or_low_power
2023-01-01 18:33:00,2.616425,2.6587057752211627,-0.04228077522116269,0.04228077522116269,PVDAQ_4,night_or_low_power
2023-01-01 18:34:00,2.623303,2.673056024703192,-0.04975302470319187,0.04975302470319187,PVDAQ_4,night_or_low_power
2023-01-01 18:35:00,2.645065,2.675532198337595,-0.030467198337594592,0.030467198337594592,PVDAQ_4,night_or_low_power
2023-01-01 18:36:00,2.626632,2.656213722288809,-0.029581722288809065,0.029581722288809065,PVDAQ_4,night_or_low_power
2023-01-01 18:37:00,2.638139,2.641990187797279,-0.0038511877972791098,0.0038511877972791098,PVDAQ_4,night_or_low_power
2023-01-01 18:38:00,2.637828,2.6534304532789816,-0.015602453278981798,0.015602453278981798,PVDAQ_4,night_or_low_power
2023-01-01 18:39:00,2.63003,2.6653387291187123,-0.03530872911871219,0.03530872911871219,PVDAQ_4,night_or_low_power
2023-01-01 18:40:00,2.632288,2.653792151809455,-0.021504151809454974,0.021504151809454974,PVDAQ_4,night_or_low_power
2023-01-01 18:41:00,2.620343,2.662835205481609,-0.042492205481608813,0.042492205481608813,PVDAQ_4,night_or_low_power
2023-01-01 18:42:00,2.626059,2.668472896753243,-0.04241389675324303,0.04241389675324303,PVDAQ_4,night_or_low_power
2023-01-01 18:43:00,2.62074,2.677863517050318,-0.05712351705031793,0.05712351705031793,PVDAQ_4,night_or_low_power
2023-01-01 18:44:00,2.642976,2.679684739296718,-0.03670873929671803,0.03670873929671803,PVDAQ_4,night_or_low_power
2023-01-01 18:45:00,2.655133,2.671302282543868,-0.016169282543867958,0.016169282543867958,PVDAQ_4,night_or_low_power
2023-01-01 18:46:00,2.637678,2.6689487492857995,-0.031270749285799315,0.031270749285799315,PVDAQ_4,night_or_low_power
2023-01-01 18:47:00,2.62733,2.669992414177468,-0.042662414177467856,0.042662414177467856,PVDAQ_4,night_or_low_power
2023-01-01 18:48:00,2.643228,2.671133332917228,-0.027905332917228076,0.027905332917228076,PVDAQ_4,night_or_low_power
2023-01-01 18:49:00,2.631205,2.680937648958517,-0.04973264895851681,0.04973264895851681,PVDAQ_4,night_or_low_power
2023-01-01 18:50:00,2.641427,2.6642377859576514,-0.02281078595765118,0.02281078595765118,PVDAQ_4,night_or_low_power
2023-01-01 18:51:00,2.6413,2.6689108392800085,-0.027610839280008292,0.027610839280008292,PVDAQ_4,night_or_low_power
2023-01-01 18:52:00,2.637744,2.6740520894874686,-0.03630808948746855,0.03630808948746855,PVDAQ_4,night_or_low_power
2023-01-01 18:53:00,2.636129,2.6811740004154854,-0.045045000415485426,0.045045000415485426,PVDAQ_4,night_or_low_power
2023-01-01 18:54:00,2.642388,2.672708597915687,-0.030320597915686864,0.030320597915686864,PVDAQ_4,night_or_low_power
2023-01-01 18:55:00,2.643169,2.6672255766681094,-0.024056576668109564,0.024056576668109564,PVDAQ_4,night_or_low_power
2023-01-01 18:56:00,2.652786,2.675318387960695,-0.02253238796069512,0.02253238796069512,PVDAQ_4,night_or_low_power
2023-01-01 18:57:00,2.642997,2.6751858148281444,-0.03218881482814462,0.03218881482814462,PVDAQ_4,night_or_low_power
2023-01-01 18:58:00,2.623887,2.6734720634965417,-0.04958506349654179,0.04958506349654179,PVDAQ_4,night_or_low_power
2023-01-01 18:59:00,2.657707,2.6747556076021737,-0.01704860760217386,0.01704860760217386,PVDAQ_4,night_or_low_power
2023-01-01 19:00:00,2.666215,2.681494252886706,-0.015279252886706285,0.015279252886706285,PVDAQ_4,night_or_low_power
2023-01-01 19:01:00,2.647671,2.676211627867096,-0.028540627867096102,0.028540627867096102,PVDAQ_4,night_or_low_power
2023-01-01 19:02:00,2.642489,2.6821696561690076,-0.03968065616900773,0.03968065616900773,PVDAQ_4,night_or_low_power
2023-01-01 19:03:00,2.656349,2.6766538488390115,-0.020304848839011402,0.020304848839011402,PVDAQ_4,night_or_low_power
2023-01-01 19:04:00,2.651176,2.6758654905500534,-0.024689490550053428,0.024689490550053428,PVDAQ_4,night_or_low_power
2023-01-01 19:05:00,2.637304,2.6771745311197113,-0.039870531119711394,0.039870531119711394,PVDAQ_4,night_or_low_power
2023-01-01 19:06:00,2.655909,2.6811740004154854,-0.025265000415485517,0.025265000415485517,PVDAQ_4,night_or_low_power
2023-01-01 19:07:00,2.647355,2.6744907999596546,-0.027135799959654427,0.027135799959654427,PVDAQ_4,night_or_low_power
2023-01-01 19:08:00,2.656761,2.675971438280261,-0.019210438280261144,0.019210438280261144,PVDAQ_4,night_or_low_power
2023-01-01 19:09:00,2.654045,2.675424088870328,-0.021379088870328022,0.021379088870328022,PVDAQ_4,night_or_low_power
2023-01-01 19:10:00,2.657826,2.6709125277799006,-0.013086527779900603,0.013086527779900603,PVDAQ_4,night_or_low_power
2023-01-01 19:11:00,2.657426,2.679466936913778,-0.02204093691377773,0.02204093691377773,PVDAQ_4,night_or_low_power
2023-01-01 19:12:00,2.662589,2.6813428403901622,-0.018753840390162146,0.018753840390162146,PVDAQ_4,night_or_low_power
2023-01-01 19:13:00,2.65991,2.6764099410827513,-0.016499941082751324,0.016499941082751324,PVDAQ_4,night_or_low_power
2023-01-01 19:14:00,2.658651,2.671378407684902,-0.012727407684902214,0.012727407684902214,PVDAQ_4,night_or_low_power
2023-01-01 19:15:00,2.654626,2.6758654905500534,-0.021239490550053475,0.021239490550053475,PVDAQ_4,night_or_low_power
2023-01-01 19:16:00,2.667258,2.6758654905500534,-0.008607490550053498,0.008607490550053498,PVDAQ_4,night_or_low_power
2023-01-01 19:17:00,2.668959,2.6811740004154854,-0.012215000415485289,0.012215000415485289,PVDAQ_4,night_or_low_power
2023-01-01 19:18:00,2.665317,2.6848707944594166,-0.01955379445941663,0.01955379445941663,PVDAQ_4,night_or_low_power
2023-01-01 19:19:00,2.673039,2.679849515387444,-0.006810515387444038,0.006810515387444038,PVDAQ_4,night_or_low_power
2023-01-01 19:20:00,2.678213,2.6800764686826564,-0.0018634686826564106,0.0018634686826564106,PVDAQ_4,night_or_low_power
2023-01-01 19:21:00,2.65957,2.682398131201718,-0.022828131201718005,0.022828131201718005,PVDAQ_4,night_or_low_power
2023-01-01 19:22:00,2.667914,2.679945196965873,-0.012031196965872848,0.012031196965872848,PVDAQ_4,night_or_low_power
2023-01-01 19:23:00,2.658514,2.6801407349974755,-0.021626734997475694,0.021626734997475694,PVDAQ_4,night_or_low_power
2023-01-01 19:24:00,2.663448,2.6813610004502078,-0.01791300045020794,0.01791300045020794,PVDAQ_4,night_or_low_power
2023-01-01 19:25:00,2.655921,2.677205241995907,-0.02128424199590695,0.02128424199590695,PVDAQ_4,night_or_low_power
2023-01-01 19:26:00,2.662311,2.6766538488390115,-0.014342848839011602,0.014342848839011602,PVDAQ_4,night_or_low_power
2023-01-01 19:27:00,2.665504,2.671734942349455,-0.006230942349455315,0.006230942349455315,PVDAQ_4,night_or_low_power
2023-01-01 19:28:00,2.657423,2.682806803043887,-0.0253838030438871,0.0253838030438871,PVDAQ_4,night_or_low_power
2023-01-01 19:29:00,2.673986,2.6827546855956563,-0.008768685595656134,0.008768685595656134,PVDAQ_4,night_or_low_power
2023-01-01 19:30:00,2.662374,2.683714285943799,-0.02134028594379922,0.02134028594379922,PVDAQ_4,night_or_low_power
2023-01-01 19:31:00,2.685937,2.683714285943799,0.002222714056201003,0.002222714056201003,PVDAQ_4,night_or_low_power
2023-01-01 19:32:00,2.687533,2.683714285943799,0.0038187140562011557,0.0038187140562011557,PVDAQ_4,night_or_low_power
2023-01-01 19:33:00,2.689481,2.682704565127326,0.006776434872673764,0.006776434872673764,PVDAQ_4,night_or_low_power
2023-01-01 19:34:00,2.667698,2.684189427165892,-0.016491427165891803,0.016491427165891803,PVDAQ_4,night_or_low_power
2023-01-01 19:35:00,2.664315,2.683714285943799,-0.019399285943798805,0.019399285943798805,PVDAQ_4,night_or_low_power
2023-01-01 19:36:00,2.673209,2.683510536515413,-0.010301536515413101,0.010301536515413101,PVDAQ_4,night_or_low_power
2023-01-01 19:37:00,2.690559,2.6850462142802054,0.005512785719794522,0.005512785719794522,PVDAQ_4,night_or_low_power
2023-01-01 19:38:00,2.674967,2.6836113933820793,-0.00864439338207923,0.00864439338207923,PVDAQ_4,night_or_low_power
2023-01-01 19:39:00,2.670769,2.6835527545302273,-0.012783754530227398,0.012783754530227398,PVDAQ_4,night_or_low_power
2023-01-01 19:40:00,2.672198,2.6848707944594166,-0.012672794459416714,0.012672794459416714,PVDAQ_4,night_or_low_power
2023-01-01 19:41:00,2.667876,2.6849235645004,-0.017047564500400014,0.017047564500400014,PVDAQ_4,night_or_low_power
2023-01-01 19:42:00,2.67152,2.6823968670426006,-0.010876867042600491,0.010876867042600491,PVDAQ_4,night_or_low_power
2023-01-01 19:43:00,2.686417,2.683436013589439,0.002980986410561215,0.002980986410561215,PVDAQ_4,night_or_low_power
2023-01-01 19:44:00,2.686463,2.6852944785108104,0.0011685214891894447,0.0011685214891894447,PVDAQ_4,night_or_low_power
2023-01-01 19:45:00,2.688312,2.6847542685615293,0.0035577314384704906,0.0035577314384704906,PVDAQ_4,night_or_low_power
2023-01-01 19:46:00,2.675081,2.684093906029287,-0.009012906029286949,0.009012906029286949,PVDAQ_4,night_or_low_power
2023-01-01 19:47:00,2.69241,2.684093906029287,0.008316093970713201,0.008316093970713201,PVDAQ_4,night_or_low_power
2023-01-01 19:48:00,2.703049,2.6859951211298694,0.017053878870130657,0.017053878870130657,PVDAQ_4,night_or_low_power
2023-01-01 19:49:00,2.691181,2.6852017799516235,0.005979220048376366,0.005979220048376366,PVDAQ_4,night_or_low_power
2023-01-01 19:50:00,2.678065,2.6850462142802054,-0.006981214280205261,0.006981214280205261,PVDAQ_4,night_or_low_power
2023-01-01 19:51:00,2.665023,2.6843846413914765,-0.019361641391476336,0.019361641391476336,PVDAQ_4,night_or_low_power
2023-01-01 19:52:00,2.672484,2.6850462142802054,-0.012562214280205541,0.012562214280205541,PVDAQ_4,night_or_low_power
2023-01-01 19:53:00,2.682378,2.6850462142802054,-0.002668214280205472,0.002668214280205472,PVDAQ_4,night_or_low_power
2023-01-01 19:54:00,2.679473,2.6845063829528435,-0.005033382952843279,0.005033382952843279,PVDAQ_4,night_or_low_power
2023-01-01 19:55:00,2.677182,2.683901285978521,-0.006719285978520784,0.006719285978520784,PVDAQ_4,night_or_low_power
2023-01-01 19:56:00,2.674452,2.683901285978521,-0.009449285978520905,0.009449285978520905,PVDAQ_4,night_or_low_power
2023-01-01 19:57:00,2.700044,2.685299406071753,0.014744593928246896,0.014744593928246896,PVDAQ_4,night_or_low_power
2023-01-01 19:58:00,2.683651,2.684660008684986,-0.0010090086849863233,0.0010090086849863233,PVDAQ_4,night_or_low_power
2023-01-01 19:59:00,2.6891,2.683901285978521,0.005198714021478867,0.005198714021478867,PVDAQ_4,night_or_low_power
2023-01-01 20:00:00,2.666409,2.683364304496818,-0.016955304496818258,0.016955304496818258,PVDAQ_4,night_or_low_power
2023-01-01 20:01:00,2.685924,2.6850989843211885,0.000825015678811436,0.000825015678811436,PVDAQ_4,night_or_low_power
2023-01-01 20:02:00,2.686768,2.683364304496818,0.0034036955031817584,0.0034036955031817584,PVDAQ_4,night_or_low_power
2023-01-01 20:03:00,2.68708,2.683901285978521,0.0031787140214789567,0.0031787140214789567,PVDAQ_4,night_or_low_power
2023-01-01 20:04:00,2.688983,2.683901285978521,0.005081714021478945,0.005081714021478945,PVDAQ_4,night_or_low_power
2023-01-01 20:05:00,2.700696,2.683364304496818,0.017331695503182143,0.017331695503182143,PVDAQ_4,night_or_low_power
2023-01-01 20:06:00,2.68704,2.683364304496818,0.0036756955031820304,0.0036756955031820304,PVDAQ_4,night_or_low_power
2023-01-01 20:07:00,2.677199,2.684660008684986,-0.007461008684986226,0.007461008684986226,PVDAQ_4,night_or_low_power
2023-01-01 20:08:00,2.691843,2.687030667331881,0.00481233266811909,0.00481233266811909,PVDAQ_4,night_or_low_power
2023-01-01 20:09:00,2.680425,2.6852944785108104,-0.004869478510810321,0.004869478510810321,PVDAQ_4,night_or_low_power
2023-01-01 20:10:00,2.673097,2.6852944785108104,-0.012197478510810544,0.012197478510810544,PVDAQ_4,night_or_low_power
2023-01-01 20:11:00,2.673683,2.6847542685615293,-0.01107126856152929,0.01107126856152929,PVDAQ_4,night_or_low_power
2023-01-01 20:12:00,2.709789,2.6848328947675553,0.024956105232444514,0.024956105232444514,PVDAQ_4,night_or_low_power
2023-01-01 20:13:00,2.688637,2.685940397938373,0.002696602061627029,0.002696602061627029,PVDAQ_4,night_or_low_power
2023-01-01 20:14:00,2.693341,2.6849776274595656,0.008363372540434622,0.008363372540434622,PVDAQ_4,night_or_low_power
2023-01-01 20:15:00,2.693411,2.6873466892090265,0.006064310790973693,0.006064310790973693,PVDAQ_4,night_or_low_power
2023-01-01 20:16:00,2.68662,2.6865545457619766,6.545423802339911e-05,6.545423802339911e-05,PVDAQ_4,night_or_low_power
2023-01-01 20:17:00,2.69622,2.6850945215697344,0.011125478430265456,0.011125478430265456,PVDAQ_4,night_or_low_power
2023-01-01 20:18:00,2.695014,2.6851486429429876,0.009865357057012414,0.009865357057012414,PVDAQ_4,night_or_low_power
2023-01-01 20:19:00,2.703706,2.6849776274595656,0.018728372540434357,0.018728372540434357,PVDAQ_4,night_or_low_power
2023-01-01 20:20:00,2.692806,2.687994872376736,0.004811127623264078,0.004811127623264078,PVDAQ_4,night_or_low_power
2023-01-01 20:21:00,2.687826,2.6860319533956236,0.0017940466043762093,0.0017940466043762093,PVDAQ_4,night_or_low_power
2023-01-01 20:22:00,2.685211,2.685673483080427,-0.0004624830804274005,0.0004624830804274005,PVDAQ_4,night_or_low_power
2023-01-01 20:23:00,2.693838,2.686279578075347,0.007558421924652947,0.007558421924652947,PVDAQ_4,night_or_low_power
2023-01-01 20:24:00,2.699895,2.6846575686135314,0.015237431386468714,0.015237431386468714,PVDAQ_4,night_or_low_power
2023-01-01 20:25:00,2.687719,2.6870720135007127,0.0006469864992872942,0.0006469864992872942,PVDAQ_4,night_or_low_power
2023-01-01 20:26:00,2.70583,2.6849776274595656,0.020852372540434594,0.020852372540434594,PVDAQ_4,night_or_low_power
2023-01-01 20:27:00,2.704399,2.6851257370642965,0.019273262935703528,0.019273262935703528,PVDAQ_4,night_or_low_power
2023-01-01 20:28:00,2.699867,2.686378218615784,0.01348878138421572,0.01348878138421572,PVDAQ_4,night_or_low_power
2023-01-01 20:29:00,2.698574,2.6849776274595656,0.01359637254043422,0.01359637254043422,PVDAQ_4,night_or_low_power
2023-01-01 20:30:00,2.71335,2.6851486429429876,0.028201357057012544,0.028201357057012544,PVDAQ_4,night_or_low_power
2023-01-01 20:31:00,2.702536,2.6859117971667588,0.016624202833241064,0.016624202833241064,PVDAQ_4,night_or_low_power
2023-01-01 20:32:00,2.700988,2.6892907083454403,0.011697291654559905,0.011697291654559905,PVDAQ_4,night_or_low_power
2023-01-01 20:33:00,2.71316,2.6871717977691616,0.025988202230838198,0.025988202230838198,PVDAQ_4,night_or_low_power
2023-01-01 20:34:00,2.722043,2.6871717977691616,0.034871202230838616,0.034871202230838616,PVDAQ_4,night_or_low_power
2023-01-01 20:35:00,2.701677,2.6869472607730347,0.01472973922696541,0.01472973922696541,PVDAQ_4,night_or_low_power
2023-01-01 20:36:00,2.709008,2.6869472607730347,0.022060739226965165,0.022060739226965165,PVDAQ_4,night_or_low_power
2023-01-01 20:37:00,2.710701,2.6841877611847895,0.026513238815210283,0.026513238815210283,PVDAQ_4,night_or_low_power
2023-01-01 20:38:00,2.712515,2.687322593462789,0.025192406537210665,0.025192406537210665,PVDAQ_4,night_or_low_power
2023-01-01 20:39:00,2.715505,2.6841877611847895,0.03131723881521031,0.03131723881521031,PVDAQ_4,night_or_low_power
2023-01-01 20:40:00,2.711062,2.6871717977691616,0.023890202230838486,0.023890202230838486,PVDAQ_4,night_or_low_power
2023-01-01 20:41:00,2.704378,2.6869472607730347,0.017430739226965475,0.017430739226965475,PVDAQ_4,night_or_low_power
2023-01-01 20:42:00,2.699783,2.689987057450949,0.00979594254905125,0.00979594254905125,PVDAQ_4,night_or_low_power
2023-01-01 20:43:00,2.712585,2.6867784902242597,0.02580650977574006,0.02580650977574006,PVDAQ_4,night_or_low_power
2023-01-01 20:44:00,2.714265,2.687439886967574,0.026825113032426184,0.026825113032426184,PVDAQ_4,night_or_low_power
2023-01-01 20:45:00,2.726696,2.6871717977691616,0.03952420223083841,0.03952420223083841,PVDAQ_4,night_or_low_power
2023-01-01 20:46:00,2.709394,2.6867784902242597,0.02261550977574034,0.02261550977574034,PVDAQ_4,night_or_low_power
2023-01-01 20:47:00,2.673458,2.6892739435435082,-0.015815943543508126,0.015815943543508126,PVDAQ_4,night_or_low_power
2023-01-01 20:48:00,2.676502,2.688598755163194,-0.012096755163193862,0.012096755163193862,PVDAQ_4,night_or_low_power
2023-01-01 20:49:00,2.657395,2.689133957357468,-0.03173895735746779,0.03173895735746779,PVDAQ_4,night_or_low_power
2023-01-01 20:50:00,2.671747,2.685022522770426,-0.013275522770426207,0.013275522770426207,PVDAQ_4,night_or_low_power
2023-01-01 20:51:00,2.67713,2.682994620936501,-0.005864620936501197,0.005864620936501197,PVDAQ_4,night_or_low_power
2023-01-01 20:52:00,2.6763,2.6836478926327207,-0.007347892632720843,0.007347892632720843,PVDAQ_4,night_or_low_power
2023-01-01 20:53:00,2.679119,2.6831806112528858,-0.004061611252885733,0.004061611252885733,PVDAQ_4,night_or_low_power
2023-01-01 20:54:00,2.681972,2.6740769586081568,0.007895041391843272,0.007895041391843272,PVDAQ_4,night_or_low_power
2023-01-01 20:55:00,2.683576,2.68605093519481,-0.002474935194809902,0.002474935194809902,PVDAQ_4,night_or_low_power
2023-01-01 20:56:00,2.683915,2.68461601104156,-0.0007010110415599513,0.0007010110415599513,PVDAQ_4,night_or_low_power
2023-01-01 20:57:00,2.679249,2.6859911343657505,-0.006742134365750552,0.006742134365750552,PVDAQ_4,night_or_low_power
2023-01-01 20:58:00,2.680802,2.6842944693942368,-0.0034924693942368634,0.0034924693942368634,PVDAQ_4,night_or_low_power
2023-01-01 20:59:00,2.679073,2.684207258711613,-0.005134258711612993,0.005134258711612993,PVDAQ_4,night_or_low_power
2023-01-01 21:00:00,2.668031,2.6906831101149975,-0.02265211011499746,0.02265211011499746,PVDAQ_4,night_or_low_power
2023-01-01 21:01:00,2.682922,2.6886320418091225,-0.00571004180912249,0.00571004180912249,PVDAQ_4,night_or_low_power
2023-01-01 21:02:00,2.671698,2.6892739435435082,-0.01757594354350811,0.01757594354350811,PVDAQ_4,night_or_low_power
2023-01-01 21:03:00,2.680285,2.6919738695599875,-0.011688869559987491,0.011688869559987491,PVDAQ_4,night_or_low_power
2023-01-01 21:04:00,2.680409,2.6919930758581345,-0.01158407585813448,0.01158407585813448,PVDAQ_4,night_or_low_power
2023-01-01 21:05:00,2.678922,2.6704348336637667,0.008487166336233365,0.008487166336233365,PVDAQ_4,night_or_low_power
2023-01-01 21:06:00,2.683077,2.6738123271986676,0.009264672801332363,0.009264672801332363,PVDAQ_4,night_or_low_power
2023-01-01 21:07:00,2.66483,2.684604411163789,-0.019774411163789196,0.019774411163789196,PVDAQ_4,night_or_low_power
2023-01-01 21:08:00,2.692105,2.682994620936501,0.009110379063498986,0.009110379063498986,PVDAQ_4,night_or_low_power
2023-01-01 21:09:00,2.683771,2.6838388913201157,-6.789132011553178e-05,6.789132011553178e-05,PVDAQ_4,night_or_low_power
2023-01-01 21:10:00,2.692648,2.682579778359046,0.010068221640954,0.010068221640954,PVDAQ_4,night_or_low_power
2023-01-01 21:11:00,2.681786,2.6822432644970235,-0.00045726449702376826,0.00045726449702376826,PVDAQ_4,night_or_low_power
2023-01-01 21:12:00,2.67753,2.6836922406171078,-0.006162240617107795,0.006162240617107795,PVDAQ_4,night_or_low_power
2023-01-01 21:13:00,2.679767,2.684730848933317,-0.004963848933317028,0.004963848933317028,PVDAQ_4,night_or_low_power
2023-01-01 21:14:00,2.701967,2.683593523750241,0.018373476249758713,0.018373476249758713,PVDAQ_4,night_or_low_power
2023-01-01 21:15:00,2.693076,2.684508584564481,0.008567415435519088,0.008567415435519088,PVDAQ_4,night_or_low_power
2023-01-01 21:16:00,2.695771,2.6883932760403786,0.007377723959621552,0.007377723959621552,PVDAQ_4,night_or_low_power
2023-01-01 21:17:00,2.698207,2.684296002007217,0.01391099799278317,0.01391099799278317,PVDAQ_4,night_or_low_power
2023-01-01 21:18:00,2.6773,2.6945868961708417,-0.017286896170841892,0.017286896170841892,PVDAQ_4,night_or_low_power
2023-01-01 21:19:00,2.693756,2.687306641105314,0.006449358894685897,0.006449358894685897,PVDAQ_4,night_or_low_power
2023-01-01 21:20:00,2.673292,2.6905419522967766,-0.017249952296776616,0.017249952296776616,PVDAQ_4,night_or_low_power
2023-01-01 21:21:00,2.694706,2.697689062580664,-0.002983062580664164,0.002983062580664164,PVDAQ_4,night_or_low_power
2023-01-01 21:22:00,2.6849,2.684233775545701,0.0006662244542989804,0.0006662244542989804,PVDAQ_4,night_or_low_power
2023-01-01 21:23:00,2.688656,2.682704565127326,0.005951434872673911,0.005951434872673911,PVDAQ_4,night_or_low_power
2023-01-01 21:24:00,2.689367,2.6842944693942368,0.00507253060576307,0.00507253060576307,PVDAQ_4,night_or_low_power
2023-01-01 21:25:00,2.708419,2.682641756436608,0.025777243563392283,0.025777243563392283,PVDAQ_4,night_or_low_power
2023-01-01 21:26:00,2.706105,2.682935391431891,0.023169608568109012,0.023169608568109012,PVDAQ_4,night_or_low_power
2023-01-01 21:27:00,2.704224,2.682641756436608,0.02158224356339211,0.02158224356339211,PVDAQ_4,night_or_low_power
2023-01-01 21:28:00,2.705972,2.6840345384150193,0.021937461584980777,0.021937461584980777,PVDAQ_4,night_or_low_power
2023-01-01 21:29:00,2.687383,2.6843919302361523,0.0029910697638477757,0.0029910697638477757,PVDAQ_4,night_or_low_power
2023-01-01 21:30:00,2.692849,2.6849802123504594,0.007868787649540465,0.007868787649540465,PVDAQ_4,night_or_low_power
2023-01-01 21:31:00,2.695945,2.6846664628921504,0.011278537107849651,0.011278537107849651,PVDAQ_4,night_or_low_power
2023-01-01 21:32:00,2.696153,2.6848707944594166,0.011282205540583234,0.011282205540583234,PVDAQ_4,night_or_low_power
2023-01-01 21:33:00,2.70082,2.6839376131719637,0.016882386828036555,0.016882386828036555,PVDAQ_4,night_or_low_power
2023-01-01 21:34:00,2.702025,2.6827693026171637,0.019255697382836168,0.019255697382836168,PVDAQ_4,night_or_low_power
2023-01-01 21:35:00,2.697854,2.687649293376264,0.010204706623735849,0.010204706623735849,PVDAQ_4,night_or_low_power
2023-01-01 21:36:00,2.670539,2.684508584564481,-0.01396958456448072,0.01396958456448072,PVDAQ_4,night_or_low_power
2023-01-01 21:37:00,2.70249,2.6853012517111923,0.017188748288807787,0.017188748288807787,PVDAQ_4,night_or_low_power
2023-01-01 21:38:00,2.704509,2.6915173969004247,0.012991603099575144,0.012991603099575144,PVDAQ_4,night_or_low_power
2023-01-01 21:39:00,2.673395,2.685771590073654,-0.01237659007365366,0.01237659007365366,PVDAQ_4,night_or_low_power
2023-01-01 21:40:00,2.686642,2.692146169653248,-0.00550416965324807,0.00550416965324807,PVDAQ_4,night_or_low_power
2023-01-01 21:41:00,2.702098,2.6820786170339805,0.02001938296601935,0.02001938296601935,PVDAQ_4,night_or_low_power
2023-01-01 21:42:00,2.68801,2.6824573714973985,0.005552628502601298,0.005552628502601298,PVDAQ_4,night_or_low_power
2023-01-01 21:43:00,2.714552,2.6840345384150193,0.030517461584980587,0.030517461584980587,PVDAQ_4,night_or_low_power
2023-01-01 21:44:00,2.693316,2.680303307786539,0.013012692213461019,0.013012692213461019,PVDAQ_4,night_or_low_power
2023-01-01 21:45:00,2.694091,2.6805371965325633,0.01355380346743651,0.01355380346743651,PVDAQ_4,night_or_low_power
2023-01-01 21:46:00,2.672209,2.693131936924221,-0.02092293692422098,0.02092293692422098,PVDAQ_4,night_or_low_power
2023-01-01 21:47:00,2.690145,2.6930703583181606,-0.0029253583181607645,0.0029253583181607645,PVDAQ_4,night_or_low_power
2023-01-01 21:48:00,2.696557,2.6919930758581345,0.00456392414186535,0.00456392414186535,PVDAQ_4,night_or_low_power
2023-01-01 21:49:00,2.681551,2.692099153820091,-0.010548153820091333,0.010548153820091333,PVDAQ_4,night_or_low_power
2023-01-01 21:50:00,2.695886,2.69365254193296,0.002233458067039784,0.002233458067039784,PVDAQ_4,night_or_low_power
2023-01-01 21:51:00,2.69275,2.694594352813009,-0.001844352813008765,0.001844352813008765,PVDAQ_4,night_or_low_power
2023-01-01 21:52:00,2.679936,2.692099153820091,-0.012163153820091033,0.012163153820091033,PVDAQ_4,night_or_low_power
2023-01-01 21:53:00,2.682014,2.692099153820091,-0.010085153820091008,0.010085153820091008,PVDAQ_4,night_or_low_power
2023-01-01 21:54:00,2.701141,2.692099153820091,0.009041846179908664,0.009041846179908664,PVDAQ_4,night_or_low_power
2023-01-01 21:55:00,2.705829,2.692099153820091,0.013729846179908911,0.013729846179908911,PVDAQ_4,night_or_low_power
2023-01-01 21:56:00,2.70278,2.698301130679275,0.004478869320725387,0.004478869320725387,PVDAQ_4,night_or_low_power
2023-01-01 21:57:00,2.698462,2.6931177173590304,0.005344282640969755,0.005344282640969755,PVDAQ_4,night_or_low_power
2023-01-01 21:58:00,2.700036,2.68723889006774,0.012797109932259687,0.012797109932259687,PVDAQ_4,night_or_low_power
2023-01-01 21:59:00,2.700488,2.6793990382164945,0.0210889617835055,0.0210889617835055,PVDAQ_4,night_or_low_power
2023-01-01 22:00:00,2.703281,2.6912346786111208,0.012046321388879289,0.012046321388879289,PVDAQ_4,night_or_low_power
2023-01-01 22:01:00,2.690156,2.67880673192251,0.011349268077490038,0.011349268077490038,PVDAQ_4,night_or_low_power
2023-01-01 22:02:00,2.705238,2.6849675888835423,0.020270411116457776,0.020270411116457776,PVDAQ_4,night_or_low_power
2023-01-01 22:03:00,2.709588,2.6903010531909515,0.019286946809048633,0.019286946809048633,PVDAQ_4,night_or_low_power
2023-01-01 22:04:00,2.711321,2.6851449133448857,0.026176086655114172,0.026176086655114172,PVDAQ_4,night_or_low_power
2023-01-01 22:05:00,2.69395,2.688534412785836,0.00541558721416413,0.00541558721416413,PVDAQ_4,night_or_low_power
2023-01-01 22:06:00,2.709706,2.6947820170256427,0.014923982974357486,0.014923982974357486,PVDAQ_4,night_or_low_power
2023-01-01 22:07:00,2.705888,2.6874988279208587,0.018389172079141147,0.018389172079141147,PVDAQ_4,night_or_low_power
2023-01-01 22:08:00,2.708951,2.695319854162942,0.013631145837057712,0.013631145837057712,PVDAQ_4,night_or_low_power
2023-01-01 22:09:00,2.692433,2.6957123930776454,-0.003279393077645576,0.003279393077645576,PVDAQ_4,night_or_low_power
2023-01-01 22:10:00,2.70505,2.6945768410661604,0.0104731589338396,0.0104731589338396,PVDAQ_4,night_or_low_power
2023-01-01 22:11:00,2.695263,2.6928662022076626,0.0023967977923375905,0.0023967977923375905,PVDAQ_4,night_or_low_power
2023-01-01 22:12:00,2.70327,2.6958186200099137,0.00745137999008616,0.00745137999008616,PVDAQ_4,night_or_low_power
2023-01-01 22:13:00,2.708192,2.6853012517111923,0.02289074828880766,0.02289074828880766,PVDAQ_4,night_or_low_power
2023-01-01 22:14:00,2.71293,2.6830132382067284,0.02991676179327163,0.02991676179327163,PVDAQ_4,night_or_low_power
2023-01-01 22:15:00,2.70512,2.6849802123504594,0.020139787649540608,0.020139787649540608,PVDAQ_4,night_or_low_power
2023-01-01 22:16:00,2.704722,2.6799979552455846,0.024724044754415253,0.024724044754415253,PVDAQ_4,night_or_low_power
2023-01-01 22:17:00,2.724652,2.678472056179666,0.04617994382033386,0.04617994382033386,PVDAQ_4,night_or_low_power
2023-01-01 22:18:00,2.741397,2.6751020460047306,0.06629495399526952,0.06629495399526952,PVDAQ_4,night_or_low_power
2023-01-01 22:19:00,2.708196,2.677205241995907,0.0309907580040929,0.0309907580040929,PVDAQ_4,night_or_low_power
2023-01-01 22:20:00,2.745832,2.6813610004502078,0.0644709995497923,0.0644709995497923,PVDAQ_4,night_or_low_power
2023-01-01 22:21:00,2.690705,2.692099153820091,-0.0013941538200912262,0.0013941538200912262,PVDAQ_4,night_or_low_power
2023-01-01 22:22:00,2.686804,2.69806576420924,-0.011261764209240077,0.011261764209240077,PVDAQ_4,night_or_low_power
2023-01-01 22:23:00,2.696783,2.694474706443972,0.0023082935560281292,0.0023082935560281292,PVDAQ_4,night_or_low_power
2023-01-01 22:24:00,2.704435,2.698048750248196,0.0063862497518041295,0.0063862497518041295,PVDAQ_4,night_or_low_power
2023-01-01 22:25:00,2.689225,2.694474706443972,-0.005249706443971824,0.005249706443971824,PVDAQ_4,night_or_low_power
2023-01-01 22:26:00,2.67373,2.694474706443972,-0.02074470644397186,0.02074470644397186,PVDAQ_4,night_or_low_power
2023-01-01 22:27:00,2.699227,2.6924059567618563,0.006821043238143698,0.006821043238143698,PVDAQ_4,night_or_low_power
2023-01-01 22:28:00,2.707382,2.6948104697019306,0.012571530298069344,0.012571530298069344,PVDAQ_4,night_or_low_power
2023-01-01 22:29:00,2.695535,2.694474706443972,0.0010602935560282134,0.0010602935560282134,PVDAQ_4,night_or_low_power
2023-01-01 22:30:00,2.708201,2.692099153820091,0.01610184617990873,0.01610184617990873,PVDAQ_4,night_or_low_power
2023-01-01 22:31:00,2.687768,2.6979718776994948,-0.010203877699494601,0.010203877699494601,PVDAQ_4,night_or_low_power
2023-01-01 22:32:00,2.700092,2.692099153820091,0.00799284617990903,0.00799284617990903,PVDAQ_4,night_or_low_power
2023-01-01 22:33:00,2.703781,2.693989382382776,0.009791617617224357,0.009791617617224357,PVDAQ_4,night_or_low_power
2023-01-01 22:34:00,2.690554,2.694761980669444,-0.004207980669443945,0.004207980669443945,PVDAQ_4,night_or_low_power
2023-01-01 22:35:00,2.710512,2.695978669917921,0.014533330082079132,0.014533330082079132,PVDAQ_4,night_or_low_power
2023-01-01 22:36:00,2.708547,2.694474706443972,0.014072293556028015,0.014072293556028015,PVDAQ_4,night_or_low_power
2023-01-01 22:37:00,2.698025,2.693531735826899,0.004493264173100808,0.004493264173100808,PVDAQ_4,night_or_low_power
2023-01-01 22:38:00,2.697229,2.694474706443972,0.0027542935560282977,0.0027542935560282977,PVDAQ_4,night_or_low_power
2023-01-01 22:39:00,2.689464,2.694594352813009,-0.005130352813008887,0.005130352813008887,PVDAQ_4,night_or_low_power
2023-01-01 22:40:00,2.693409,2.6936266883268996,-0.00021768832689961215,0.00021768832689961215,PVDAQ_4,night_or_low_power
2023-01-01 22:41:00,2.695166,2.694594352813009,0.0005716471869909867,0.0005716471869909867,PVDAQ_4,night_or_low_power
2023-01-01 22:42:00,2.687692,2.691739565889057,-0.004047565889056859,0.004047565889056859,PVDAQ_4,night_or_low_power
2023-01-01 22:43:00,2.697424,2.6916559419585298,0.00576805804147007,0.00576805804147007,PVDAQ_4,night_or_low_power
2023-01-01 22:44:00,2.679369,2.7019505647382958,-0.022581564738295867,0.022581564738295867,PVDAQ_4,night_or_low_power
2023-01-01 22:45:00,2.68097,2.697952084163816,-0.01698208416381597,0.01698208416381597,PVDAQ_4,night_or_low_power
2023-01-01 22:46:00,2.696597,2.696718467930176,-0.00012146793017597801,0.00012146793017597801,PVDAQ_4,night_or_low_power
2023-01-01 22:47:00,2.699763,2.6922264360726813,0.007536563927318607,0.007536563927318607,PVDAQ_4,night_or_low_power
2023-01-01 22:48:00,2.699293,2.694585395980994,0.004707604019006162,0.004707604019006162,PVDAQ_4,night_or_low_power
2023-01-01 22:49:00,2.719287,2.6940049074662933,0.025282092533706724,0.025282092533706724,PVDAQ_4,night_or_low_power
2023-01-01 22:50:00,2.680677,2.694474706443972,-0.013797706443971602,0.013797706443971602,PVDAQ_4,night_or_low_power
2023-01-01 22:51:00,2.719607,2.6924059567618563,0.02720104323814354,0.02720104323814354,PVDAQ_4,night_or_low_power
2023-01-01 22:52:00,2.701007,2.698400270739993,0.0026067292600071568,0.0026067292600071568,PVDAQ_4,night_or_low_power
2023-01-01 22:53:00,2.707595,2.698400270739993,0.009194729260006973,0.009194729260006973,PVDAQ_4,night_or_low_power
2023-01-01 22:54:00,2.71204,2.694474706443972,0.017565293556028205,0.017565293556028205,PVDAQ_4,night_or_low_power
2023-01-01 22:55:00,2.694074,2.686256496930485,0.00781750306951512,0.00781750306951512,PVDAQ_4,night_or_low_power
2023-01-01 22:56:00,2.696322,2.6951036155899213,0.001218384410078599,0.001218384410078599,PVDAQ_4,night_or_low_power
2023-01-01 22:57:00,2.694244,2.6924059567618563,0.0018380432381435163,0.0018380432381435163,PVDAQ_4,night_or_low_power
2023-01-01 22:58:00,2.710818,2.6947349148626487,0.01608308513735146,0.01608308513735146,PVDAQ_4,night_or_low_power
2023-01-01 22:59:00,2.718935,2.6958629859045935,0.0230720140954066,0.0230720140954066,PVDAQ_4,night_or_low_power
2023-01-01 23:00:00,2.710024,2.694474706443972,0.01554929355602841,0.01554929355602841,PVDAQ_4,night_or_low_power
2023-01-01 23:01:00,2.719183,2.693460878270891,0.025722121729109038,0.025722121729109038,PVDAQ_4,night_or_low_power
2023-01-01 23:02:00,2.707528,2.694474706443972,0.013053293556028134,0.013053293556028134,PVDAQ_4,night_or_low_power
2023-01-01 23:03:00,2.699951,2.6958629859045935,0.004088014095406489,0.004088014095406489,PVDAQ_4,night_or_low_power
2023-01-01 23:04:00,2.714853,2.698564353330249,0.016288646669751383,0.016288646669751383,PVDAQ_4,night_or_low_power
2023-01-01 23:05:00,2.702403,2.695807377326816,0.006595622673184032,0.006595622673184032,PVDAQ_4,night_or_low_power
2023-01-01 23:06:00,2.719009,2.694474706443972,0.024534293556027986,0.024534293556027986,PVDAQ_4,night_or_low_power
2023-01-01 23:07:00,2.710649,2.6969478927693586,0.01370110723064144,0.01370110723064144,PVDAQ_4,night_or_low_power
2023-01-01 23:08:00,2.726332,2.6929637838418397,0.033368216158160546,0.033368216158160546,PVDAQ_4,night_or_low_power
2023-01-01 23:09:00,2.692554,2.6929637838418397,-0.00040978384183976146,0.00040978384183976146,PVDAQ_4,night_or_low_power
2023-01-01 23:10:00,2.718554,2.7033050098996494,0.015248990100350746,0.015248990100350746,PVDAQ_4,night_or_low_power
2023-01-01 23:11:00,2.718832,2.7136201252528327,0.005211874747167222,0.005211874747167222,PVDAQ_4,night_or_low_power
2023-01-01 23:12:00,2.737244,2.696110123906705,0.04113387609329511,0.04113387609329511,PVDAQ_4,night_or_low_power
2023-01-01 23:13:00,2.709145,2.7096158157711243,-0.0004708157711243999,0.0004708157711243999,PVDAQ_4,night_or_low_power
2023-01-01 23:14:00,2.717517,2.701694365502017,0.015822634497983046,0.015822634497983046,PVDAQ_4,night_or_low_power
2023-01-01 23:15:00,2.708441,2.6955999827468147,0.012841017253185427,0.012841017253185427,PVDAQ_4,night_or_low_power
2023-01-01 23:16:00,2.71592,2.696177269802851,0.019742730197148894,0.019742730197148894,PVDAQ_4,night_or_low_power
2023-01-01 23:17:00,2.71183,2.7114218980232696,0.0004081019767303573,0.0004081019767303573,PVDAQ_4,night_or_low_power
2023-01-01 23:18:00,2.71987,2.704381925453536,0.015488074546463615,0.015488074546463615,PVDAQ_4,night_or_low_power
2023-01-01 23:19:00,2.746229,2.6955697671314294,0.05065923286857066,0.05065923286857066,PVDAQ_4,night_or_low_power
2023-01-01 23:20:00,2.71571,2.70432781523785,0.01138218476215025,0.01138218476215025,PVDAQ_4,night_or_low_power
2023-01-01 23:21:00,2.73325,2.6924330473543536,0.04081695264564633,0.04081695264564633,PVDAQ_4,night_or_low_power
2023-01-01 23:22:00,2.729888,2.706057693677738,0.023830306322262018,0.023830306322262018,PVDAQ_4,night_or_low_power
2023-01-01 23:23:00,2.735452,2.6999903093971245,0.03546169060287552,0.03546169060287552,PVDAQ_4,night_or_low_power
2023-01-01 23:24:00,2.695345,2.7029807513168698,-0.007635751316869666,0.007635751316869666,PVDAQ_4,night_or_low_power
2023-01-01 23:25:00,2.715389,2.6957136091919454,0.019675390808054694,0.019675390808054694,PVDAQ_4,night_or_low_power
2023-01-01 23:26:00,2.729214,2.693628254470866,0.03558574552913374,0.03558574552913374,PVDAQ_4,night_or_low_power
2023-01-01 23:27:00,2.728836,2.6928662022076626,0.03596979779233722,0.03596979779233722,PVDAQ_4,night_or_low_power
2023-01-01 23:28:00,2.716962,2.696177269802851,0.020784730197148882,0.020784730197148882,PVDAQ_4,night_or_low_power
2023-01-01 23:29:00,2.720644,2.6995018391683834,0.021142160831616685,0.021142160831616685,PVDAQ_4,night_or_low_power
2023-01-01 23:30:00,2.719795,2.698992054064993,0.020802945935006978,0.020802945935006978,PVDAQ_4,night_or_low_power
2023-01-01 23:31:00,2.721236,2.705704262817233,0.015531737182767014,0.015531737182767014,PVDAQ_4,night_or_low_power
2023-01-01 23:32:00,2.720258,2.6981133173444274,0.022144682655572456,0.022144682655572456,PVDAQ_4,night_or_low_power
2023-01-01 23:33:00,2.727228,2.6995213049157343,0.02770669508426593,0.02770669508426593,PVDAQ_4,night_or_low_power
2023-01-01 23:34:00,2.718198,2.706244566013511,0.01195343398648907,0.01195343398648907,PVDAQ_4,night_or_low_power
2023-01-01 23:35:00,2.717147,2.6961449510997237,0.02100204890027646,0.02100204890027646,PVDAQ_4,night_or_low_power
2023-01-01 23:36:00,2.721982,2.699021830160599,0.02296016983940108,0.02296016983940108,PVDAQ_4,night_or_low_power
2023-01-01 23:37:00,2.725185,2.705560104605213,0.019624895394787067,0.019624895394787067,PVDAQ_4,night_or_low_power
2023-01-01 23:38:00,2.737712,2.707479342930725,0.03023265706927525,0.03023265706927525,PVDAQ_4,night_or_low_power
2023-01-01 23:39:00,2.721979,2.707814387174443,0.014164612825557032,0.014164612825557032,PVDAQ_4,night_or_low_power
2023-01-01 23:40:00,2.718023,2.7006214463519522,0.01740155364804785,0.01740155364804785,PVDAQ_4,night_or_low_power
2023-01-01 23:41:00,2.729715,2.6970459663315567,0.032669033668443426,0.032669033668443426,PVDAQ_4,night_or_low_power
2023-01-01 23:42:00,2.731769,2.70592447334721,0.025844526652790023,0.025844526652790023,PVDAQ_4,night_or_low_power
2023-01-01 23:43:00,2.729838,2.6757231579619094,0.05411484203809058,0.05411484203809058,PVDAQ_4,night_or_low_power
2023-01-01 23:44:00,2.725905,2.6978165327789823,0.028088467221017765,0.028088467221017765,PVDAQ_4,night_or_low_power
2023-01-01 23:45:00,2.736825,2.6874669235630044,0.049358076436995635,0.049358076436995635,PVDAQ_4,night_or_low_power
2023-01-01 23:46:00,2.75124,2.7073717254148484,0.043868274585151745,0.043868274585151745,PVDAQ_4,night_or_low_power
2023-01-01 23:47:00,2.728639,2.7096116588134667,0.019027341186533153,0.019027341186533153,PVDAQ_4,night_or_low_power
2023-01-01 23:48:00,2.719956,2.7118192710305125,0.008136728969487361,0.008136728969487361,PVDAQ_4,night_or_low_power
2023-01-01 23:49:00,2.728676,2.701662621425238,0.027013378574761937,0.027013378574761937,PVDAQ_4,night_or_low_power
2023-01-01 23:50:00,2.717402,2.6966004861366595,0.020801513863340393,0.020801513863340393,PVDAQ_4,night_or_low_power
2023-01-01 23:51:00,2.737253,2.6991761046879104,0.038076895312089576,0.038076895312089576,PVDAQ_4,night_or_low_power
2023-01-01 23:52:00,2.719087,2.6906489016232484,0.028438098376751597,0.028438098376751597,PVDAQ_4,night_or_low_power
2023-01-01 23:53:00,2.735549,2.7048185559953084,0.030730444004691382,0.030730444004691382,PVDAQ_4,night_or_low_power
2023-01-01 23:54:00,2.747212,2.7071877192256686,0.04002428077433162,0.04002428077433162,PVDAQ_4,night_or_low_power
2023-01-01 23:55:00,2.739543,2.697045348003542,0.04249765199645772,0.04249765199645772,PVDAQ_4,night_or_low_power
2023-01-01 23:56:00,2.725302,2.7041144560275883,0.02118754397241185,0.02118754397241185,PVDAQ_4,night_or_low_power
2023-01-01 23:57:00,2.720569,2.7138430304735426,0.0067259695264572095,0.0067259695264572095,PVDAQ_4,night_or_low_power
2023-01-01 23:58:00,2.739792,2.704904607765038,0.03488739223496218,0.03488739223496218,PVDAQ_4,night_or_low_power
2023-01-01 23:59:00,2.754297,2.699455964886555,0.05484103511344518,0.05484103511344518,PVDAQ_4,night_or_low_power
