time,source_site,actual_power,predicted_power,prediction_error,absolute_error
2023-01-01 00:00:00,PVDAQ_10,0.0,0.0,0.0,0.0
2023-01-01 00:01:00,PVDAQ_10,0.0,0.0,0.0,0.0
2023-01-01 00:02:00,PVDAQ_10,0.0,0.0,0.0,0.0
2023-01-01 00:03:00,PVDAQ_10,0.0,0.0,0.0,0.0
2023-01-01 00:04:00,PVDAQ_10,0.0,0.0,0.0,0.0
2023-01-01 00:05:00,PVDAQ_10,0.0,0.0,0.0,0.0
2023-01-01 00:06:00,PVDAQ_10,0.0,0.0,0.0,0.0
2023-01-01 00:07:00,PVDAQ_10,0.0,0.0,0.0,0.0
2023-01-01 00:08:00,PVDAQ_10,0.0,0.0,0.0,0.0
2023-01-01 00:09:00,PVDAQ_10,0.0,0.0,0.0,0.0
2023-01-01 00:10:00,PVDAQ_10,0.0,0.0,0.0,0.0
2023-01-01 00:11:00,PVDAQ_10,0.0,0.0,0.0,0.0
2023-01-01 00:12:00,PVDAQ_10,0.0,0.0,0.0,0.0
2023-01-01 00:13:00,PVDAQ_10,0.0,0.0,0.0,0.0
2023-01-01 00:14:00,PVDAQ_10,0.0,0.0,0.0,0.0
2023-01-01 00:15:00,PVDAQ_10,0.0,0.0,0.0,0.0
2023-01-01 00:16:00,PVDAQ_10,0.0,0.0,0.0,0.0
2023-01-01 00:17:00,PVDAQ_10,0.0,0.0,0.0,0.0
2023-01-01 00:18:00,PVDAQ_10,0.0,0.0,0.0,0.0
2023-01-01 00:19:00,PVDAQ_10,0.0,0.0,0.0,0.0
2023-01-01 00:20:00,PVDAQ_10,0.0,0.0,0.0,0.0
2023-01-01 00:21:00,PVDAQ_10,0.0,0.0,0.0,0.0
2023-01-01 00:22:00,PVDAQ_10,0.0,0.0,0.0,0.0
2023-01-01 00:23:00,PVDAQ_10,0.0,0.0,0.0,0.0
2023-01-01 00:24:00,PVDAQ_10,0.0,0.0,0.0,0.0
2023-01-01 00:25:00,PVDAQ_10,0.0,0.0,0.0,0.0
2023-01-01 00:26:00,PVDAQ_10,0.0,0.0,0.0,0.0
2023-01-01 00:27:00,PVDAQ_10,0.0,0.0,0.0,0.0
2023-01-01 00:28:00,PVDAQ_10,0.0,0.0,0.0,0.0
2023-01-01 00:29:00,PVDAQ_10,0.0,0.0,0.0,0.0
2023-01-01 00:30:00,PVDAQ_10,0.0,0.0,0.0,0.0
2023-01-01 00:31:00,PVDAQ_10,0.0,0.0,0.0,0.0
2023-01-01 00:32:00,PVDAQ_10,0.0,0.0,0.0,0.0
2023-01-01 00:33:00,PVDAQ_10,0.0,0.0,0.0,0.0
2023-01-01 00:34:00,PVDAQ_10,0.0,0.0,0.0,0.0
2023-01-01 00:35:00,PVDAQ_10,0.0,0.0,0.0,0.0
2023-01-01 00:36:00,PVDAQ_10,0.0,0.0,0.0,0.0
2023-01-01 00:37:00,PVDAQ_10,0.0,0.0,0.0,0.0
2023-01-01 00:38:00,PVDAQ_10,0.0,0.0,0.0,0.0
2023-01-01 00:39:00,PVDAQ_10,0.0,0.0,0.0,0.0
2023-01-01 00:40:00,PVDAQ_10,0.0,0.0,0.0,0.0
2023-01-01 00:41:00,PVDAQ_10,0.0,0.0,0.0,0.0
2023-01-01 00:42:00,PVDAQ_10,0.0,0.0,0.0,0.0
2023-01-01 00:43:00,PVDAQ_10,0.0,0.0,0.0,0.0
2023-01-01 00:44:00,PVDAQ_10,0.0,0.0,0.0,0.0
2023-01-01 00:45:00,PVDAQ_10,0.0,0.0,0.0,0.0
2023-01-01 00:46:00,PVDAQ_10,0.0,0.0,0.0,0.0
2023-01-01 00:47:00,PVDAQ_10,0.0,0.0,0.0,0.0
2023-01-01 00:48:00,PVDAQ_10,0.0,0.0,0.0,0.0
2023-01-01 00:49:00,PVDAQ_10,0.0,0.0,0.0,0.0
2023-01-01 00:50:00,PVDAQ_10,0.0,0.0,0.0,0.0
2023-01-01 00:51:00,PVDAQ_10,0.0,0.0,0.0,0.0
2023-01-01 00:52:00,PVDAQ_10,0.0,0.0,0.0,0.0
2023-01-01 00:53:00,PVDAQ_10,0.0,0.0,0.0,0.0
2023-01-01 00:54:00,PVDAQ_10,0.0,0.0,0.0,0.0
2023-01-01 00:55:00,PVDAQ_10,0.0,0.0,0.0,0.0
2023-01-01 00:56:00,PVDAQ_10,0.0,0.0,0.0,0.0
2023-01-01 00:57:00,PVDAQ_10,0.0,0.0,0.0,0.0
2023-01-01 00:58:00,PVDAQ_10,0.0,0.0,0.0,0.0
2023-01-01 00:59:00,PVDAQ_10,0.0,0.0,0.0,0.0
2023-01-01 01:00:00,PVDAQ_10,0.0,0.0,0.0,0.0
2023-01-01 01:01:00,PVDAQ_10,0.0,0.0,0.0,0.0
2023-01-01 01:02:00,PVDAQ_10,0.0,0.0,0.0,0.0
2023-01-01 01:03:00,PVDAQ_10,0.0,0.0,0.0,0.0
2023-01-01 01:04:00,PVDAQ_10,0.0,0.0,0.0,0.0
2023-01-01 01:05:00,PVDAQ_10,0.0,0.0,0.0,0.0
2023-01-01 01:06:00,PVDAQ_10,0.0,0.0,0.0,0.0
2023-01-01 01:07:00,PVDAQ_10,0.0,0.0,0.0,0.0
2023-01-01 01:08:00,PVDAQ_10,0.0,0.0,0.0,0.0
2023-01-01 01:09:00,PVDAQ_10,0.0,0.0,0.0,0.0
2023-01-01 01:10:00,PVDAQ_10,0.0,0.0,0.0,0.0
2023-01-01 01:11:00,PVDAQ_10,0.0,0.0,0.0,0.0
2023-01-01 01:12:00,PVDAQ_10,0.0,0.0,0.0,0.0
2023-01-01 01:13:00,PVDAQ_10,0.0,0.0,0.0,0.0
2023-01-01 01:14:00,PVDAQ_10,0.0,0.0,0.0,0.0
2023-01-01 01:15:00,PVDAQ_10,0.0,0.0,0.0,0.0
2023-01-01 01:16:00,PVDAQ_10,0.0,0.0,0.0,0.0
2023-01-01 01:17:00,PVDAQ_10,0.0,0.0,0.0,0.0
2023-01-01 01:18:00,PVDAQ_10,0.0,0.0,0.0,0.0
2023-01-01 01:19:00,PVDAQ_10,0.0,0.0,0.0,0.0
2023-01-01 01:20:00,PVDAQ_10,0.0,0.0,0.0,0.0
2023-01-01 01:21:00,PVDAQ_10,0.0,0.0,0.0,0.0
2023-01-01 01:22:00,PVDAQ_10,0.0,0.0,0.0,0.0
2023-01-01 01:23:00,PVDAQ_10,0.0,0.0,0.0,0.0
2023-01-01 01:24:00,PVDAQ_10,0.0,0.0,0.0,0.0
2023-01-01 01:25:00,PVDAQ_10,0.0,0.0,0.0,0.0
2023-01-01 01:26:00,PVDAQ_10,0.0,0.0,0.0,0.0
2023-01-01 01:27:00,PVDAQ_10,0.0,0.0,0.0,0.0
2023-01-01 01:28:00,PVDAQ_10,0.0,0.0,0.0,0.0
2023-01-01 01:29:00,PVDAQ_10,0.0,0.0,0.0,0.0
2023-01-01 01:30:00,PVDAQ_10,0.0,0.0,0.0,0.0
2023-01-01 01:31:00,PVDAQ_10,0.0,0.0,0.0,0.0
2023-01-01 01:32:00,PVDAQ_10,0.0,0.0,0.0,0.0
2023-01-01 01:33:00,PVDAQ_10,0.0,0.0,0.0,0.0
2023-01-01 01:34:00,PVDAQ_10,0.0,0.0,0.0,0.0
2023-01-01 01:35:00,PVDAQ_10,0.0,0.0,0.0,0.0
2023-01-01 01:36:00,PVDAQ_10,0.0,0.0,0.0,0.0
2023-01-01 01:37:00,PVDAQ_10,0.0,0.0,0.0,0.0
2023-01-01 01:38:00,PVDAQ_10,0.0,0.0,0.0,0.0
2023-01-01 01:39:00,PVDAQ_10,0.0,0.0,0.0,0.0
2023-01-01 01:40:00,PVDAQ_10,0.0,0.0,0.0,0.0
2023-01-01 01:41:00,PVDAQ_10,0.0,0.0,0.0,0.0
2023-01-01 01:42:00,PVDAQ_10,0.0,0.0,0.0,0.0
2023-01-01 01:43:00,PVDAQ_10,0.0,0.0,0.0,0.0
2023-01-01 01:44:00,PVDAQ_10,0.0,0.0,0.0,0.0
2023-01-01 01:45:00,PVDAQ_10,0.0,0.0,0.0,0.0
2023-01-01 01:46:00,PVDAQ_10,0.0,0.0,0.0,0.0
2023-01-01 01:47:00,PVDAQ_10,0.0,0.0,0.0,0.0
2023-01-01 01:48:00,PVDAQ_10,0.0,0.0,0.0,0.0
2023-01-01 01:49:00,PVDAQ_10,0.0,0.0,0.0,0.0
2023-01-01 01:50:00,PVDAQ_10,0.0,0.0,0.0,0.0
2023-01-01 01:51:00,PVDAQ_10,0.0,0.0,0.0,0.0
2023-01-01 01:52:00,PVDAQ_10,0.0,0.0,0.0,0.0
2023-01-01 01:53:00,PVDAQ_10,0.0,0.0,0.0,0.0
2023-01-01 01:54:00,PVDAQ_10,0.0,0.0,0.0,0.0
2023-01-01 01:55:00,PVDAQ_10,0.0,0.0,0.0,0.0
2023-01-01 01:56:00,PVDAQ_10,0.0,0.0,0.0,0.0
2023-01-01 01:57:00,PVDAQ_10,0.0,0.0,0.0,0.0
2023-01-01 01:58:00,PVDAQ_10,0.0,0.0,0.0,0.0
2023-01-01 01:59:00,PVDAQ_10,0.0,0.0,0.0,0.0
2023-01-01 02:00:00,PVDAQ_10,0.0,0.0,0.0,0.0
2023-01-01 02:01:00,PVDAQ_10,0.0,0.0,0.0,0.0
2023-01-01 02:02:00,PVDAQ_10,0.0,0.0,0.0,0.0
2023-01-01 02:03:00,PVDAQ_10,0.0,0.0,0.0,0.0
2023-01-01 02:04:00,PVDAQ_10,0.0,0.0,0.0,0.0
2023-01-01 02:05:00,PVDAQ_10,0.0,0.0,0.0,0.0
2023-01-01 02:06:00,PVDAQ_10,0.0,0.0,0.0,0.0
2023-01-01 02:07:00,PVDAQ_10,0.0,0.0,0.0,0.0
2023-01-01 02:08:00,PVDAQ_10,0.0,0.0,0.0,0.0
2023-01-01 02:09:00,PVDAQ_10,0.0,0.0,0.0,0.0
2023-01-01 02:10:00,PVDAQ_10,0.0,0.0,0.0,0.0
2023-01-01 02:11:00,PVDAQ_10,0.0,0.0,0.0,0.0
2023-01-01 02:12:00,PVDAQ_10,0.0,0.0,0.0,0.0
2023-01-01 02:13:00,PVDAQ_10,0.0,0.0,0.0,0.0
2023-01-01 02:14:00,PVDAQ_10,0.0,0.0,0.0,0.0
2023-01-01 02:15:00,PVDAQ_10,0.0,0.0,0.0,0.0
2023-01-01 02:16:00,PVDAQ_10,0.0,0.0,0.0,0.0
2023-01-01 02:17:00,PVDAQ_10,0.0,0.0,0.0,0.0
2023-01-01 02:18:00,PVDAQ_10,0.0,0.0,0.0,0.0
2023-01-01 02:19:00,PVDAQ_10,0.0,0.0,0.0,0.0
2023-01-01 02:20:00,PVDAQ_10,0.0,0.0,0.0,0.0
2023-01-01 02:21:00,PVDAQ_10,0.0,0.0,0.0,0.0
2023-01-01 02:22:00,PVDAQ_10,0.0,0.0,0.0,0.0
2023-01-01 02:23:00,PVDAQ_10,0.0,0.0,0.0,0.0
2023-01-01 02:24:00,PVDAQ_10,0.0,0.0,0.0,0.0
2023-01-01 02:25:00,PVDAQ_10,0.0,0.0,0.0,0.0
2023-01-01 02:26:00,PVDAQ_10,0.0,0.0,0.0,0.0
2023-01-01 02:27:00,PVDAQ_10,0.0,0.0,0.0,0.0
2023-01-01 02:28:00,PVDAQ_10,0.0,0.0,0.0,0.0
2023-01-01 02:29:00,PVDAQ_10,0.0,0.0,0.0,0.0
2023-01-01 02:30:00,PVDAQ_10,0.0,0.0,0.0,0.0
2023-01-01 02:31:00,PVDAQ_10,0.0,0.0,0.0,0.0
2023-01-01 02:32:00,PVDAQ_10,0.0,0.0,0.0,0.0
2023-01-01 02:33:00,PVDAQ_10,0.0,0.0,0.0,0.0
2023-01-01 02:34:00,PVDAQ_10,0.0,0.0,0.0,0.0
2023-01-01 02:35:00,PVDAQ_10,0.0,0.0,0.0,0.0
2023-01-01 02:36:00,PVDAQ_10,0.0,0.0,0.0,0.0
2023-01-01 02:37:00,PVDAQ_10,0.0,0.0,0.0,0.0
2023-01-01 02:38:00,PVDAQ_10,0.0,0.0,0.0,0.0
2023-01-01 02:39:00,PVDAQ_10,0.0,0.0,0.0,0.0
2023-01-01 02:40:00,PVDAQ_10,0.0,0.0,0.0,0.0
2023-01-01 02:41:00,PVDAQ_10,0.0,0.0,0.0,0.0
2023-01-01 02:42:00,PVDAQ_10,0.0,0.0,0.0,0.0
2023-01-01 02:43:00,PVDAQ_10,0.0,0.0,0.0,0.0
2023-01-01 02:44:00,PVDAQ_10,0.0,0.0,0.0,0.0
2023-01-01 02:45:00,PVDAQ_10,0.0,0.0,0.0,0.0
2023-01-01 02:46:00,PVDAQ_10,0.0,0.0,0.0,0.0
2023-01-01 02:47:00,PVDAQ_10,0.0,0.0,0.0,0.0
2023-01-01 02:48:00,PVDAQ_10,0.0,0.0,0.0,0.0
2023-01-01 02:49:00,PVDAQ_10,0.0,0.0,0.0,0.0
2023-01-01 02:50:00,PVDAQ_10,0.0,0.0,0.0,0.0
2023-01-01 02:51:00,PVDAQ_10,0.0,0.0,0.0,0.0
2023-01-01 02:52:00,PVDAQ_10,0.0,0.0,0.0,0.0
2023-01-01 02:53:00,PVDAQ_10,0.0,0.0,0.0,0.0
2023-01-01 02:54:00,PVDAQ_10,0.0,0.0,0.0,0.0
2023-01-01 02:55:00,PVDAQ_10,0.0,0.0,0.0,0.0
2023-01-01 02:56:00,PVDAQ_10,0.0,0.0,0.0,0.0
2023-01-01 02:57:00,PVDAQ_10,0.0,0.0,0.0,0.0
2023-01-01 02:58:00,PVDAQ_10,0.0,0.0,0.0,0.0
2023-01-01 02:59:00,PVDAQ_10,0.0,0.0,0.0,0.0
2023-01-01 03:00:00,PVDAQ_10,0.0,0.0,0.0,0.0
2023-01-01 03:01:00,PVDAQ_10,0.0,0.0,0.0,0.0
2023-01-01 03:02:00,PVDAQ_10,0.0,0.0,0.0,0.0
2023-01-01 03:03:00,PVDAQ_10,0.0,0.0,0.0,0.0
2023-01-01 03:04:00,PVDAQ_10,0.0,0.0,0.0,0.0
2023-01-01 03:05:00,PVDAQ_10,0.0,0.0,0.0,0.0
2023-01-01 03:06:00,PVDAQ_10,0.0,0.0,0.0,0.0
2023-01-01 03:07:00,PVDAQ_10,0.0,0.0,0.0,0.0
2023-01-01 03:08:00,PVDAQ_10,0.0,0.0,0.0,0.0
2023-01-01 03:09:00,PVDAQ_10,0.0,0.0,0.0,0.0
2023-01-01 03:10:00,PVDAQ_10,0.0,0.0,0.0,0.0
2023-01-01 03:11:00,PVDAQ_10,0.0,0.0,0.0,0.0
2023-01-01 03:12:00,PVDAQ_10,0.0,0.0,0.0,0.0
2023-01-01 03:13:00,PVDAQ_10,0.0,0.0,0.0,0.0
2023-01-01 03:14:00,PVDAQ_10,0.0,0.0,0.0,0.0
2023-01-01 03:15:00,PVDAQ_10,0.0,0.0,0.0,0.0
2023-01-01 03:16:00,PVDAQ_10,0.0,0.0,0.0,0.0
2023-01-01 03:17:00,PVDAQ_10,0.0,0.0,0.0,0.0
2023-01-01 03:18:00,PVDAQ_10,0.0,0.0,0.0,0.0
2023-01-01 03:19:00,PVDAQ_10,0.0,0.0,0.0,0.0
2023-01-01 03:20:00,PVDAQ_10,0.0,0.0,0.0,0.0
2023-01-01 03:21:00,PVDAQ_10,0.0,0.0,0.0,0.0
2023-01-01 03:22:00,PVDAQ_10,0.0,0.0,0.0,0.0
2023-01-01 03:23:00,PVDAQ_10,0.0,0.0,0.0,0.0
2023-01-01 03:24:00,PVDAQ_10,0.0,0.0,0.0,0.0
2023-01-01 03:25:00,PVDAQ_10,0.0,0.0,0.0,0.0
2023-01-01 03:26:00,PVDAQ_10,0.0,0.0,0.0,0.0
2023-01-01 03:27:00,PVDAQ_10,0.0,0.0,0.0,0.0
2023-01-01 03:28:00,PVDAQ_10,0.0,0.0,0.0,0.0
2023-01-01 03:29:00,PVDAQ_10,0.0,0.0,0.0,0.0
2023-01-01 03:30:00,PVDAQ_10,0.0,0.0,0.0,0.0
2023-01-01 03:31:00,PVDAQ_10,0.0,0.0,0.0,0.0
2023-01-01 03:32:00,PVDAQ_10,0.0,0.0,0.0,0.0
2023-01-01 03:33:00,PVDAQ_10,0.0,0.0,0.0,0.0
2023-01-01 03:34:00,PVDAQ_10,0.0,0.0,0.0,0.0
2023-01-01 03:35:00,PVDAQ_10,0.0,0.0,0.0,0.0
2023-01-01 03:36:00,PVDAQ_10,0.0,0.0,0.0,0.0
2023-01-01 03:37:00,PVDAQ_10,0.0,0.0,0.0,0.0
2023-01-01 03:38:00,PVDAQ_10,0.0,0.0,0.0,0.0
2023-01-01 03:39:00,PVDAQ_10,0.0,0.0,0.0,0.0
2023-01-01 03:40:00,PVDAQ_10,0.0,0.0,0.0,0.0
2023-01-01 03:41:00,PVDAQ_10,0.0,0.0,0.0,0.0
2023-01-01 03:42:00,PVDAQ_10,0.0,0.0,0.0,0.0
2023-01-01 03:43:00,PVDAQ_10,0.0,0.0,0.0,0.0
2023-01-01 03:44:00,PVDAQ_10,0.0,0.0,0.0,0.0
2023-01-01 03:45:00,PVDAQ_10,0.0,0.0,0.0,0.0
2023-01-01 03:46:00,PVDAQ_10,0.0,0.0,0.0,0.0
2023-01-01 03:47:00,PVDAQ_10,0.0,0.0,0.0,0.0
2023-01-01 03:48:00,PVDAQ_10,0.0,0.0,0.0,0.0
2023-01-01 03:49:00,PVDAQ_10,0.0,0.0,0.0,0.0
2023-01-01 03:50:00,PVDAQ_10,0.0,0.0,0.0,0.0
2023-01-01 03:51:00,PVDAQ_10,0.0,0.0,0.0,0.0
2023-01-01 03:52:00,PVDAQ_10,0.0,0.0,0.0,0.0
2023-01-01 03:53:00,PVDAQ_10,0.0,0.0,0.0,0.0
2023-01-01 03:54:00,PVDAQ_10,0.0,0.0,0.0,0.0
2023-01-01 03:55:00,PVDAQ_10,0.0,0.0,0.0,0.0
2023-01-01 03:56:00,PVDAQ_10,0.0,0.0,0.0,0.0
2023-01-01 03:57:00,PVDAQ_10,0.0,0.0,0.0,0.0
2023-01-01 03:58:00,PVDAQ_10,0.0,0.0,0.0,0.0
2023-01-01 03:59:00,PVDAQ_10,0.0,0.0,0.0,0.0
2023-01-01 04:00:00,PVDAQ_10,0.0,0.0,0.0,0.0
2023-01-01 04:01:00,PVDAQ_10,0.0,0.0,0.0,0.0
2023-01-01 04:02:00,PVDAQ_10,0.0,0.0,0.0,0.0
2023-01-01 04:03:00,PVDAQ_10,0.0,0.0,0.0,0.0
2023-01-01 04:04:00,PVDAQ_10,0.0,0.0,0.0,0.0
2023-01-01 04:05:00,PVDAQ_10,0.0,0.0,0.0,0.0
2023-01-01 04:06:00,PVDAQ_10,0.0,0.0,0.0,0.0
2023-01-01 04:07:00,PVDAQ_10,0.0,0.0,0.0,0.0
2023-01-01 04:08:00,PVDAQ_10,0.0,0.0,0.0,0.0
2023-01-01 04:09:00,PVDAQ_10,0.0,0.0,0.0,0.0
2023-01-01 04:10:00,PVDAQ_10,0.0,0.0,0.0,0.0
2023-01-01 04:11:00,PVDAQ_10,0.0,0.0,0.0,0.0
2023-01-01 04:12:00,PVDAQ_10,0.0,0.0,0.0,0.0
2023-01-01 04:13:00,PVDAQ_10,0.0,0.0,0.0,0.0
2023-01-01 04:14:00,PVDAQ_10,0.0,0.0,0.0,0.0
2023-01-01 04:15:00,PVDAQ_10,0.0,0.0,0.0,0.0
2023-01-01 04:16:00,PVDAQ_10,0.0,0.0,0.0,0.0
2023-01-01 04:17:00,PVDAQ_10,0.0,0.0,0.0,0.0
2023-01-01 04:18:00,PVDAQ_10,0.0,0.0,0.0,0.0
2023-01-01 04:19:00,PVDAQ_10,0.0,0.0,0.0,0.0
2023-01-01 04:20:00,PVDAQ_10,0.0,0.0,0.0,0.0
2023-01-01 04:21:00,PVDAQ_10,0.0,0.0,0.0,0.0
2023-01-01 04:22:00,PVDAQ_10,0.0,0.0,0.0,0.0
2023-01-01 04:23:00,PVDAQ_10,0.0,0.0,0.0,0.0
2023-01-01 04:24:00,PVDAQ_10,0.0,0.0,0.0,0.0
2023-01-01 04:25:00,PVDAQ_10,0.0,0.0,0.0,0.0
2023-01-01 04:26:00,PVDAQ_10,0.0,0.0,0.0,0.0
2023-01-01 04:27:00,PVDAQ_10,0.0,0.0,0.0,0.0
2023-01-01 04:28:00,PVDAQ_10,0.0,0.0,0.0,0.0
2023-01-01 04:29:00,PVDAQ_10,0.0,0.0,0.0,0.0
2023-01-01 04:30:00,PVDAQ_10,0.0,0.0,0.0,0.0
2023-01-01 04:31:00,PVDAQ_10,0.0,0.0,0.0,0.0
2023-01-01 04:32:00,PVDAQ_10,0.0,0.0,0.0,0.0
2023-01-01 04:33:00,PVDAQ_10,0.0,0.0,0.0,0.0
2023-01-01 04:34:00,PVDAQ_10,0.0,0.0,0.0,0.0
2023-01-01 04:35:00,PVDAQ_10,0.0,0.0,0.0,0.0
2023-01-01 04:36:00,PVDAQ_10,0.0,0.0,0.0,0.0
2023-01-01 04:37:00,PVDAQ_10,0.0,0.0,0.0,0.0
2023-01-01 04:38:00,PVDAQ_10,0.0,0.0,0.0,0.0
2023-01-01 04:39:00,PVDAQ_10,0.0,0.0,0.0,0.0
2023-01-01 04:40:00,PVDAQ_10,0.0,0.0,0.0,0.0
2023-01-01 04:41:00,PVDAQ_10,0.0,0.0,0.0,0.0
2023-01-01 04:42:00,PVDAQ_10,0.0,0.0,0.0,0.0
2023-01-01 04:43:00,PVDAQ_10,0.0,0.0,0.0,0.0
2023-01-01 04:44:00,PVDAQ_10,0.0,0.0,0.0,0.0
2023-01-01 04:45:00,PVDAQ_10,0.0,0.0,0.0,0.0
2023-01-01 04:46:00,PVDAQ_10,0.0,0.0,0.0,0.0
2023-01-01 04:47:00,PVDAQ_10,0.0,0.0,0.0,0.0
2023-01-01 04:48:00,PVDAQ_10,0.0,0.0,0.0,0.0
2023-01-01 04:49:00,PVDAQ_10,0.0,0.0,0.0,0.0
2023-01-01 04:50:00,PVDAQ_10,0.0,0.0,0.0,0.0
2023-01-01 04:51:00,PVDAQ_10,0.0,0.0,0.0,0.0
2023-01-01 04:52:00,PVDAQ_10,0.0,0.0,0.0,0.0
2023-01-01 04:53:00,PVDAQ_10,0.0,0.0,0.0,0.0
2023-01-01 04:54:00,PVDAQ_10,0.0,0.0,0.0,0.0
2023-01-01 04:55:00,PVDAQ_10,0.0,0.0,0.0,0.0
2023-01-01 04:56:00,PVDAQ_10,0.0,0.0,0.0,0.0
2023-01-01 04:57:00,PVDAQ_10,0.0,0.0,0.0,0.0
2023-01-01 04:58:00,PVDAQ_10,0.0,0.0,0.0,0.0
2023-01-01 04:59:00,PVDAQ_10,0.0,0.0,0.0,0.0
2023-01-01 05:00:00,PVDAQ_10,0.0,0.0,0.0,0.0
2023-01-01 05:01:00,PVDAQ_10,0.0,0.0,0.0,0.0
2023-01-01 05:02:00,PVDAQ_10,0.0,0.0,0.0,0.0
2023-01-01 05:03:00,PVDAQ_10,0.0,0.0,0.0,0.0
2023-01-01 05:04:00,PVDAQ_10,0.0,0.0,0.0,0.0
2023-01-01 05:05:00,PVDAQ_10,0.0,0.0,0.0,0.0
2023-01-01 05:06:00,PVDAQ_10,0.0,0.0,0.0,0.0
2023-01-01 05:07:00,PVDAQ_10,0.0,0.0,0.0,0.0
2023-01-01 05:08:00,PVDAQ_10,0.0,0.0,0.0,0.0
2023-01-01 05:09:00,PVDAQ_10,0.0,0.0,0.0,0.0
2023-01-01 05:10:00,PVDAQ_10,0.0,0.0,0.0,0.0
2023-01-01 05:11:00,PVDAQ_10,0.0,0.0,0.0,0.0
2023-01-01 05:12:00,PVDAQ_10,0.0,0.0,0.0,0.0
2023-01-01 05:13:00,PVDAQ_10,0.0,0.0,0.0,0.0
2023-01-01 05:14:00,PVDAQ_10,0.0,0.0,0.0,0.0
2023-01-01 05:15:00,PVDAQ_10,0.0,0.0,0.0,0.0
2023-01-01 05:16:00,PVDAQ_10,0.0,0.0,0.0,0.0
2023-01-01 05:17:00,PVDAQ_10,0.0,0.0,0.0,0.0
2023-01-01 05:18:00,PVDAQ_10,0.0,0.0,0.0,0.0
2023-01-01 05:19:00,PVDAQ_10,0.0,0.0,0.0,0.0
2023-01-01 05:20:00,PVDAQ_10,0.0,0.0,0.0,0.0
2023-01-01 05:21:00,PVDAQ_10,0.0,0.0,0.0,0.0
2023-01-01 05:22:00,PVDAQ_10,0.0,0.0,0.0,0.0
2023-01-01 05:23:00,PVDAQ_10,0.0,0.0,0.0,0.0
2023-01-01 05:24:00,PVDAQ_10,0.0,0.0,0.0,0.0
2023-01-01 05:25:00,PVDAQ_10,0.0,0.0,0.0,0.0
2023-01-01 05:26:00,PVDAQ_10,0.0,0.0,0.0,0.0
2023-01-01 05:27:00,PVDAQ_10,0.0,0.0,0.0,0.0
2023-01-01 05:28:00,PVDAQ_10,0.0,0.0,0.0,0.0
2023-01-01 05:29:00,PVDAQ_10,0.0,0.0,0.0,0.0
2023-01-01 05:30:00,PVDAQ_10,0.0,0.0,0.0,0.0
2023-01-01 05:31:00,PVDAQ_10,0.0,0.0,0.0,0.0
2023-01-01 05:32:00,PVDAQ_10,0.0,0.0,0.0,0.0
2023-01-01 05:33:00,PVDAQ_10,0.0,0.0,0.0,0.0
2023-01-01 05:34:00,PVDAQ_10,0.0,0.0,0.0,0.0
2023-01-01 05:35:00,PVDAQ_10,0.0,0.0,0.0,0.0
2023-01-01 05:36:00,PVDAQ_10,0.0,0.0,0.0,0.0
2023-01-01 05:37:00,PVDAQ_10,0.0,0.0,0.0,0.0
2023-01-01 05:38:00,PVDAQ_10,0.0,0.0,0.0,0.0
2023-01-01 05:39:00,PVDAQ_10,0.0,0.0,0.0,0.0
2023-01-01 05:40:00,PVDAQ_10,0.0,0.0,0.0,0.0
2023-01-01 05:41:00,PVDAQ_10,0.0,0.0,0.0,0.0
2023-01-01 05:42:00,PVDAQ_10,0.0,0.0,0.0,0.0
2023-01-01 05:43:00,PVDAQ_10,0.0,0.0,0.0,0.0
2023-01-01 05:44:00,PVDAQ_10,0.0,0.0,0.0,0.0
2023-01-01 05:45:00,PVDAQ_10,0.0,0.0,0.0,0.0
2023-01-01 05:46:00,PVDAQ_10,0.0,0.0,0.0,0.0
2023-01-01 05:47:00,PVDAQ_10,0.0,0.0,0.0,0.0
2023-01-01 05:48:00,PVDAQ_10,0.0,0.0,0.0,0.0
2023-01-01 05:49:00,PVDAQ_10,0.0,0.0,0.0,0.0
2023-01-01 05:50:00,PVDAQ_10,0.0,0.0,0.0,0.0
2023-01-01 05:51:00,PVDAQ_10,0.0,0.0,0.0,0.0
2023-01-01 05:52:00,PVDAQ_10,0.0,0.0,0.0,0.0
2023-01-01 05:53:00,PVDAQ_10,0.0,0.0,0.0,0.0
2023-01-01 05:54:00,PVDAQ_10,0.0,0.0,0.0,0.0
2023-01-01 05:55:00,PVDAQ_10,0.0,0.0,0.0,0.0
2023-01-01 05:56:00,PVDAQ_10,0.0,0.0,0.0,0.0
2023-01-01 05:57:00,PVDAQ_10,0.0,0.0,0.0,0.0
2023-01-01 05:58:00,PVDAQ_10,0.0,0.0,0.0,0.0
2023-01-01 05:59:00,PVDAQ_10,0.0,0.0,0.0,0.0
2023-01-01 06:00:00,PVDAQ_10,0.0,0.0,0.0,0.0
2023-01-01 06:01:00,PVDAQ_10,0.0,0.0,0.0,0.0
2023-01-01 06:02:00,PVDAQ_10,0.0,0.0,0.0,0.0
2023-01-01 06:03:00,PVDAQ_10,0.0,0.0,0.0,0.0
2023-01-01 06:04:00,PVDAQ_10,0.0,0.0,0.0,0.0
2023-01-01 06:05:00,PVDAQ_10,0.0,0.0,0.0,0.0
2023-01-01 06:06:00,PVDAQ_10,0.0,0.0,0.0,0.0
2023-01-01 06:07:00,PVDAQ_10,0.0,0.0,0.0,0.0
2023-01-01 06:08:00,PVDAQ_10,0.0,0.0,0.0,0.0
2023-01-01 06:09:00,PVDAQ_10,0.0,0.0,0.0,0.0
2023-01-01 06:10:00,PVDAQ_10,0.0,0.0,0.0,0.0
2023-01-01 06:11:00,PVDAQ_10,0.0,0.0,0.0,0.0
2023-01-01 06:12:00,PVDAQ_10,0.0,0.0,0.0,0.0
2023-01-01 06:13:00,PVDAQ_10,0.0,0.0,0.0,0.0
2023-01-01 06:14:00,PVDAQ_10,0.0,0.0,0.0,0.0
2023-01-01 06:15:00,PVDAQ_10,0.0,0.0,0.0,0.0
2023-01-01 06:16:00,PVDAQ_10,0.0,0.0,0.0,0.0
2023-01-01 06:17:00,PVDAQ_10,0.0,0.0,0.0,0.0
2023-01-01 06:18:00,PVDAQ_10,0.0,0.0,0.0,0.0
2023-01-01 06:19:00,PVDAQ_10,0.0,0.0,0.0,0.0
2023-01-01 06:20:00,PVDAQ_10,0.0,0.0,0.0,0.0
2023-01-01 06:21:00,PVDAQ_10,0.0,0.0,0.0,0.0
2023-01-01 06:22:00,PVDAQ_10,0.0,0.0,0.0,0.0
2023-01-01 06:23:00,PVDAQ_10,0.0,0.0,0.0,0.0
2023-01-01 06:24:00,PVDAQ_10,0.0,0.0,0.0,0.0
2023-01-01 06:25:00,PVDAQ_10,0.0,0.0,0.0,0.0
2023-01-01 06:26:00,PVDAQ_10,0.0,0.0,0.0,0.0
2023-01-01 06:27:00,PVDAQ_10,0.0,0.0,0.0,0.0
2023-01-01 06:28:00,PVDAQ_10,0.0,0.0,0.0,0.0
2023-01-01 06:29:00,PVDAQ_10,0.0,0.0,0.0,0.0
2023-01-01 06:30:00,PVDAQ_10,0.0,0.0,0.0,0.0
2023-01-01 06:31:00,PVDAQ_10,0.0,0.0,0.0,0.0
2023-01-01 06:32:00,PVDAQ_10,0.0,0.0,0.0,0.0
2023-01-01 06:33:00,PVDAQ_10,0.0,0.0,0.0,0.0
2023-01-01 06:34:00,PVDAQ_10,0.0,0.0,0.0,0.0
2023-01-01 06:35:00,PVDAQ_10,0.0,0.0,0.0,0.0
2023-01-01 06:36:00,PVDAQ_10,0.0,0.0,0.0,0.0
2023-01-01 06:37:00,PVDAQ_10,0.0,0.0,0.0,0.0
2023-01-01 06:38:00,PVDAQ_10,0.0,0.0,0.0,0.0
2023-01-01 06:39:00,PVDAQ_10,0.0,0.0,0.0,0.0
2023-01-01 06:40:00,PVDAQ_10,0.0,0.0,0.0,0.0
2023-01-01 06:41:00,PVDAQ_10,0.0,0.0,0.0,0.0
2023-01-01 06:42:00,PVDAQ_10,0.0,0.0,0.0,0.0
2023-01-01 06:43:00,PVDAQ_10,0.0,0.0,0.0,0.0
2023-01-01 06:44:00,PVDAQ_10,0.0,0.0,0.0,0.0
2023-01-01 06:45:00,PVDAQ_10,0.0,0.0,0.0,0.0
2023-01-01 06:46:00,PVDAQ_10,0.0,0.0,0.0,0.0
2023-01-01 06:47:00,PVDAQ_10,0.0,0.0,0.0,0.0
2023-01-01 06:48:00,PVDAQ_10,0.0,0.0,0.0,0.0
2023-01-01 06:49:00,PVDAQ_10,0.0,0.0,0.0,0.0
2023-01-01 06:50:00,PVDAQ_10,0.0,0.0,0.0,0.0
2023-01-01 06:51:00,PVDAQ_10,0.0,0.0,0.0,0.0
2023-01-01 06:52:00,PVDAQ_10,0.0,0.0,0.0,0.0
2023-01-01 06:53:00,PVDAQ_10,0.0,0.0,0.0,0.0
2023-01-01 06:54:00,PVDAQ_10,0.0,0.0,0.0,0.0
2023-01-01 06:55:00,PVDAQ_10,0.0,0.0,0.0,0.0
2023-01-01 06:56:00,PVDAQ_10,0.0,0.0,0.0,0.0
2023-01-01 06:57:00,PVDAQ_10,0.0,0.0,0.0,0.0
2023-01-01 06:58:00,PVDAQ_10,0.0,0.0,0.0,0.0
2023-01-01 06:59:00,PVDAQ_10,0.0,0.0,0.0,0.0
2023-01-01 07:00:00,PVDAQ_10,0.0,0.0,0.0,0.0
2023-01-01 07:01:00,PVDAQ_10,0.0,0.0,0.0,0.0
2023-01-01 07:02:00,PVDAQ_10,0.0,0.0,0.0,0.0
2023-01-01 07:03:00,PVDAQ_10,0.0,0.0,0.0,0.0
2023-01-01 07:04:00,PVDAQ_10,0.0,0.0,0.0,0.0
2023-01-01 07:05:00,PVDAQ_10,0.0,0.0,0.0,0.0
2023-01-01 07:06:00,PVDAQ_10,0.0,0.0,0.0,0.0
2023-01-01 07:07:00,PVDAQ_10,0.0,0.0,0.0,0.0
2023-01-01 07:08:00,PVDAQ_10,0.0,0.0,0.0,0.0
2023-01-01 07:09:00,PVDAQ_10,0.0,0.0,0.0,0.0
2023-01-01 07:10:00,PVDAQ_10,0.0,0.0,0.0,0.0
2023-01-01 07:11:00,PVDAQ_10,0.0,0.0,0.0,0.0
2023-01-01 07:12:00,PVDAQ_10,0.0,0.0,0.0,0.0
2023-01-01 07:13:00,PVDAQ_10,0.0,0.0,0.0,0.0
2023-01-01 07:14:00,PVDAQ_10,0.0,0.0,0.0,0.0
2023-01-01 07:15:00,PVDAQ_10,0.0,0.0,0.0,0.0
2023-01-01 07:16:00,PVDAQ_10,0.0,0.0,0.0,0.0
2023-01-01 07:17:00,PVDAQ_10,0.0,0.0,0.0,0.0
2023-01-01 07:18:00,PVDAQ_10,0.0,0.0,0.0,0.0
2023-01-01 07:19:00,PVDAQ_10,0.0,0.0,0.0,0.0
2023-01-01 07:20:00,PVDAQ_10,0.0,0.0,0.0,0.0
2023-01-01 07:21:00,PVDAQ_10,0.0,0.0,0.0,0.0
2023-01-01 07:22:00,PVDAQ_10,0.0,0.0,0.0,0.0
2023-01-01 07:23:00,PVDAQ_10,0.0,0.0,0.0,0.0
2023-01-01 07:24:00,PVDAQ_10,0.0,0.0,0.0,0.0
2023-01-01 07:25:00,PVDAQ_10,0.0,0.0,0.0,0.0
2023-01-01 07:26:00,PVDAQ_10,0.0,0.0,0.0,0.0
2023-01-01 07:27:00,PVDAQ_10,0.0,0.0,0.0,0.0
2023-01-01 07:28:00,PVDAQ_10,0.0,0.0,0.0,0.0
2023-01-01 07:29:00,PVDAQ_10,0.0,0.0,0.0,0.0
2023-01-01 07:30:00,PVDAQ_10,0.0,0.0,0.0,0.0
2023-01-01 07:31:00,PVDAQ_10,0.0,0.0,0.0,0.0
2023-01-01 07:32:00,PVDAQ_10,0.0,0.0,0.0,0.0
2023-01-01 07:33:00,PVDAQ_10,0.0,0.0,0.0,0.0
2023-01-01 07:34:00,PVDAQ_10,0.0,0.0,0.0,0.0
2023-01-01 07:35:00,PVDAQ_10,0.0,0.0,0.0,0.0
2023-01-01 07:36:00,PVDAQ_10,0.0,0.0,0.0,0.0
2023-01-01 07:37:00,PVDAQ_10,0.0,0.0,0.0,0.0
2023-01-01 07:38:00,PVDAQ_10,0.0,0.0,0.0,0.0
2023-01-01 07:39:00,PVDAQ_10,0.0,0.0,0.0,0.0
2023-01-01 07:40:00,PVDAQ_10,0.0,0.0,0.0,0.0
2023-01-01 07:41:00,PVDAQ_10,0.0,5.1596658999999985,-5.1596658999999985,5.1596658999999985
2023-01-01 07:42:00,PVDAQ_10,0.0,0.33852409999999994,-0.33852409999999994,0.33852409999999994
2023-01-01 07:43:00,PVDAQ_10,0.0,0.36133200000000004,-0.36133200000000004,0.36133200000000004
2023-01-01 07:44:00,PVDAQ_10,0.0,0.4638710999999999,-0.4638710999999999,0.4638710999999999
2023-01-01 07:45:00,PVDAQ_10,0.0,0.05695959999999999,-0.05695959999999999,0.05695959999999999
2023-01-01 07:46:00,PVDAQ_10,0.48808,0.6271624500000004,-0.13908245000000036,0.13908245000000036
2023-01-01 07:47:00,PVDAQ_10,1.7415,0.9684604499999995,0.7730395500000006,0.7730395500000006
2023-01-01 07:48:00,PVDAQ_10,2.629,1.7942496999999995,0.8347503000000005,0.8347503000000005
2023-01-01 07:49:00,PVDAQ_10,3.3167,3.5332827000000067,-0.21658270000000668,0.21658270000000668
2023-01-01 07:50:00,PVDAQ_10,4.5923,3.7586300000000024,0.8336699999999975,0.8336699999999975
2023-01-01 07:51:00,PVDAQ_10,5.8791,4.740083800000003,1.1390161999999968,1.1390161999999968
2023-01-01 07:52:00,PVDAQ_10,6.6778,5.564217200000007,1.1135827999999934,1.1135827999999934
2023-01-01 07:53:00,PVDAQ_10,7.7426,8.495806450000009,-0.7532064500000084,0.7532064500000084
2023-01-01 07:54:00,PVDAQ_10,9.2291,8.12905710000001,1.1000428999999912,1.1000428999999912
2023-01-01 07:55:00,PVDAQ_10,10.272,9.778855000000016,0.4931449999999842,0.4931449999999842
2023-01-01 07:56:00,PVDAQ_10,11.514,12.61171041999999,-1.0977104199999914,1.0977104199999914
2023-01-01 07:57:00,PVDAQ_10,12.579,12.842813999999986,-0.2638139999999858,0.2638139999999858
2023-01-01 07:58:00,PVDAQ_10,13.91,16.195673250000024,-2.2856732500000234,2.2856732500000234
2023-01-01 07:59:00,PVDAQ_10,16.129,16.601170650000018,-0.4721706500000167,0.4721706500000167
2023-01-01 08:00:00,PVDAQ_10,17.748,19.422390499999956,-1.674390499999955,1.674390499999955
2023-01-01 08:01:00,PVDAQ_10,19.057,21.461728099999974,-2.404728099999975,2.404728099999975
2023-01-01 08:02:00,PVDAQ_10,21.176,22.233409999999996,-1.0574099999999973,1.0574099999999973
2023-01-01 08:03:00,PVDAQ_10,22.207,22.182236449999976,0.02476355000002428,0.02476355000002428
2023-01-01 08:04:00,PVDAQ_10,24.326,24.39552168333332,-0.06952168333332054,0.06952168333332054
2023-01-01 08:05:00,PVDAQ_10,25.435,25.055575383333316,0.37942461666668237,0.37942461666668237
2023-01-01 08:06:00,PVDAQ_10,26.988,27.058473149999955,-0.07047314999995535,0.07047314999995535
2023-01-01 08:07:00,PVDAQ_10,27.865,28.76244305250001,-0.8974430525000123,0.8974430525000123
2023-01-01 08:08:00,PVDAQ_10,29.418,28.860001833333317,0.5579981666666818,0.5579981666666818
2023-01-01 08:09:00,PVDAQ_10,29.839,30.064429599999947,-0.2254295999999485,0.2254295999999485
2023-01-01 08:10:00,PVDAQ_10,31.026,30.538498849999975,0.4875011500000248,0.4875011500000248
2023-01-01 08:11:00,PVDAQ_10,31.925,33.5425826,-1.6175826000000022,1.6175826000000022
2023-01-01 08:12:00,PVDAQ_10,34.886,31.773295525000034,3.112704474999969,3.112704474999969
2023-01-01 08:13:00,PVDAQ_10,36.062,27.366722483333373,8.695277516666625,8.695277516666625
2023-01-01 08:14:00,PVDAQ_10,23.661,37.32897080576922,-13.667970805769215,13.667970805769215
2023-01-01 08:15:00,PVDAQ_10,21.331,37.28835413910252,-15.957354139102524,15.957354139102524
2023-01-01 08:16:00,PVDAQ_10,36.129,35.919031444871855,0.2099685551281425,0.2099685551281425
2023-01-01 08:17:00,PVDAQ_10,37.072,33.96094510000001,3.111054899999992,3.111054899999992
2023-01-01 08:18:00,PVDAQ_10,37.349,37.20044491666661,0.14855508333338463,0.14855508333338463
2023-01-01 08:19:00,PVDAQ_10,37.726,36.16366741166667,1.5623325883333266,1.5623325883333266
2023-01-01 08:20:00,PVDAQ_10,38.369,36.622664007371796,1.7463359926282038,1.7463359926282038
2023-01-01 08:21:00,PVDAQ_10,38.602,39.95233751119043,-1.3503375111904319,1.3503375111904319
2023-01-01 08:22:00,PVDAQ_10,40.887,41.672334656785694,-0.7853346567856931,0.7853346567856931
2023-01-01 08:23:00,PVDAQ_10,42.884,41.933360550000025,0.9506394499999757,0.9506394499999757
2023-01-01 08:24:00,PVDAQ_10,44.559,47.16108254999992,-2.6020825499999205,2.6020825499999205
2023-01-01 08:25:00,PVDAQ_10,46.999,57.23875387777767,-10.239753877777666,10.239753877777666
2023-01-01 08:26:00,PVDAQ_10,49.606,59.37768317777764,-9.77168317777764,9.77168317777764
2023-01-01 08:27:00,PVDAQ_10,52.257,57.971987662698346,-5.7149876626983485,5.7149876626983485
2023-01-01 08:28:00,PVDAQ_10,52.379,54.268219966666585,-1.8892199666665874,1.8892199666665874
2023-01-01 08:29:00,PVDAQ_10,54.088,55.53469442500003,-1.4466944250000324,1.4466944250000324
2023-01-01 08:30:00,PVDAQ_10,58.691,58.487080685714275,0.20391931428572718,0.20391931428572718
2023-01-01 08:31:00,PVDAQ_10,61.542,60.202835949999944,1.3391640500000577,1.3391640500000577
2023-01-01 08:32:00,PVDAQ_10,63.095,63.18176124999987,-0.08676124999987422,0.08676124999987422
2023-01-01 08:33:00,PVDAQ_10,65.08,64.42349386428559,0.6565061357144089,0.6565061357144089
2023-01-01 08:34:00,PVDAQ_10,69.451,70.95884384333327,-1.5078438433332764,1.5078438433332764
2023-01-01 08:35:00,PVDAQ_10,71.791,75.40979644333329,-3.618796443333295,3.618796443333295
2023-01-01 08:36:00,PVDAQ_10,72.623,76.12297674333331,-3.499976743333306,3.499976743333306
2023-01-01 08:37:00,PVDAQ_10,76.295,76.44190459999989,-0.14690459999988548,0.14690459999988548
2023-01-01 08:38:00,PVDAQ_10,76.97199999999998,77.8414794999999,-0.869479499999926,0.869479499999926
2023-01-01 08:39:00,PVDAQ_10,79.44499999999998,81.42333820615372,-1.9783382061537367,1.9783382061537367
2023-01-01 08:40:00,PVDAQ_10,82.69499999999998,85.85719608139185,-3.162196081391869,3.162196081391869
2023-01-01 08:41:00,PVDAQ_10,87.12099999999998,88.02752019821419,-0.9065201982142099,0.9065201982142099
2023-01-01 08:42:00,PVDAQ_10,90.959,93.31318218571427,-2.354182185714265,2.354182185714265
2023-01-01 08:43:00,PVDAQ_10,95.008,98.70467988333331,-3.696679883333317,3.696679883333317
2023-01-01 08:44:00,PVDAQ_10,97.648,101.13999493333333,-3.4919949333333307,3.4919949333333307
2023-01-01 08:45:00,PVDAQ_10,99.811,103.35979938333342,-3.5487993833334173,3.5487993833334173
2023-01-01 08:46:00,PVDAQ_10,105.49,104.38191071944452,1.1080892805554754,1.1080892805554754
2023-01-01 08:47:00,PVDAQ_10,112.77,114.52052316111109,-1.75052316111109,1.75052316111109
2023-01-01 08:48:00,PVDAQ_10,116.37,119.39662376427589,-3.0266237642758824,3.0266237642758824
2023-01-01 08:49:00,PVDAQ_10,125.42,121.5421582690205,3.8778417309794975,3.8778417309794975
2023-01-01 08:50:00,PVDAQ_10,129.37,126.92895319070716,2.4410468092928426,2.4410468092928426
2023-01-01 08:51:00,PVDAQ_10,134.97,132.1191823077805,2.8508176922194934,2.8508176922194934
2023-01-01 08:52:00,PVDAQ_10,140.61,138.79722274404753,1.8127772559524828,1.8127772559524828
2023-01-01 08:53:00,PVDAQ_10,152.17,148.90373312499986,3.2662668750001274,3.2662668750001274
2023-01-01 08:54:00,PVDAQ_10,151.43,151.07930209166622,0.35069790833378534,0.35069790833378534
2023-01-01 08:55:00,PVDAQ_10,156.35,153.24647649999994,3.103523500000051,3.103523500000051
2023-01-01 08:56:00,PVDAQ_10,157.81,157.11377024999993,0.6962297500000716,0.6962297500000716
2023-01-01 08:57:00,PVDAQ_10,158.29,157.37876774999992,0.9112322500000687,0.9112322500000687
2023-01-01 08:58:00,PVDAQ_10,160.55,158.61943491666688,1.9305650833331356,1.9305650833331356
2023-01-01 08:59:00,PVDAQ_10,158.0,159.39672799999968,-1.3967279999996833,1.3967279999996833
2023-01-01 09:00:00,PVDAQ_10,170.29,171.25727533333313,-0.9672753333331343,0.9672753333331343
2023-01-01 09:01:00,PVDAQ_10,157.52,157.61874016666673,-0.09874016666671537,0.09874016666671537
2023-01-01 09:02:00,PVDAQ_10,146.21,148.00577192499998,-1.7957719249999684,1.7957719249999684
2023-01-01 09:03:00,PVDAQ_10,139.98,139.313066486508,0.6669335134919834,0.6669335134919834
2023-01-01 09:04:00,PVDAQ_10,143.21,144.84673271666665,-1.6367327166666428,1.6367327166666428
2023-01-01 09:05:00,PVDAQ_10,147.79,148.12966184166663,-0.33966184166663993,0.33966184166663993
2023-01-01 09:06:00,PVDAQ_10,148.8,150.22311535158715,-1.4231153515871426,1.4231153515871426
2023-01-01 09:07:00,PVDAQ_10,156.03,158.1113753333336,-2.0813753333335967,2.0813753333335967
2023-01-01 09:08:00,PVDAQ_10,168.49,165.74070049999983,2.749299500000177,2.749299500000177
2023-01-01 09:09:00,PVDAQ_10,174.76,172.10518631666656,2.6548136833334297,2.6548136833334297
2023-01-01 09:10:00,PVDAQ_10,182.33,181.21892149999942,1.1110785000005876,1.1110785000005876
2023-01-01 09:11:00,PVDAQ_10,182.21,189.9125605000003,-7.702560500000288,7.702560500000288
2023-01-01 09:12:00,PVDAQ_10,179.76,182.30399450000013,-2.5439945000001387,2.5439945000001387
2023-01-01 09:13:00,PVDAQ_10,173.91,172.1117473166664,1.798252683333601,1.798252683333601
2023-01-01 09:14:00,PVDAQ_10,172.78,173.26465231249998,-0.48465231249997487,0.48465231249997487
2023-01-01 09:15:00,PVDAQ_10,175.0,172.38794731666636,2.612052683333644,2.612052683333644
2023-01-01 09:16:00,PVDAQ_10,168.62,168.47688350000016,0.14311649999984866,0.14311649999984866
2023-01-01 09:17:00,PVDAQ_10,146.34,148.57948250000004,-2.2394825000000367,2.2394825000000367
2023-01-01 09:18:00,PVDAQ_10,137.45,139.91181685238084,-2.4618168523808492,2.4618168523808492
2023-01-01 09:19:00,PVDAQ_10,138.5,138.03069101946255,0.4693089805374484,0.4693089805374484
2023-01-01 09:20:00,PVDAQ_10,136.26,138.0138783071429,-1.7538783071429123,1.7538783071429123
2023-01-01 09:21:00,PVDAQ_10,131.43,134.4332405464287,-3.0032405464286853,3.0032405464286853
2023-01-01 09:22:00,PVDAQ_10,128.87,129.58532537324007,-0.7153253732400628,0.7153253732400628
2023-01-01 09:23:00,PVDAQ_10,125.59,127.75361967758163,-2.1636196775816217,2.1636196775816217
2023-01-01 09:24:00,PVDAQ_10,126.6,125.06284001838958,1.5371599816104151,1.5371599816104151
2023-01-01 09:25:00,PVDAQ_10,124.09,126.53807458509013,-2.4480745850901258,2.4480745850901258
2023-01-01 09:26:00,PVDAQ_10,123.56,126.46900687556304,-2.909006875563037,2.909006875563037
2023-01-01 09:27:00,PVDAQ_10,125.05,126.31039108280555,-1.2603910828055547,1.2603910828055547
2023-01-01 09:28:00,PVDAQ_10,121.83,126.3489784263812,-4.518978426381196,4.518978426381196
2023-01-01 09:29:00,PVDAQ_10,122.67,123.59666909911975,-0.9266690991197493,0.9266690991197493
2023-01-01 09:30:00,PVDAQ_10,123.04,124.499185269369,-1.4591852693689873,1.4591852693689873
2023-01-01 09:31:00,PVDAQ_10,121.55,121.9850637992122,-0.43506379921220173,0.43506379921220173
2023-01-01 09:32:00,PVDAQ_10,120.53,121.67729665962332,-1.147296659623322,1.147296659623322
2023-01-01 09:33:00,PVDAQ_10,120.01,121.56259363739217,-1.5525936373921638,1.5525936373921638
2023-01-01 09:34:00,PVDAQ_10,120.71,121.02141278117331,-0.31141278117331694,0.31141278117331694
2023-01-01 09:35:00,PVDAQ_10,120.4,121.44393972877815,-1.0439397287781418,1.0439397287781418
2023-01-01 09:36:00,PVDAQ_10,123.03,121.85840129640478,1.1715987035952224,1.1715987035952224
2023-01-01 09:37:00,PVDAQ_10,123.27,123.81173352169603,-0.5417335216960311,0.5417335216960311
2023-01-01 09:38:00,PVDAQ_10,126.33,125.09335630988589,1.2366436901141071,1.2366436901141071
2023-01-01 09:39:00,PVDAQ_10,127.85,128.46067609653366,-0.6106760965336662,0.6106760965336662
2023-01-01 09:40:00,PVDAQ_10,129.77,128.75317008922423,1.0168299107757832,1.0168299107757832
2023-01-01 09:41:00,PVDAQ_10,128.91,129.64365011381676,-0.7336501138167648,0.7336501138167648
2023-01-01 09:42:00,PVDAQ_10,130.64,132.1982567574923,-1.5582567574923019,1.5582567574923019
2023-01-01 09:43:00,PVDAQ_10,132.87,133.9140176324924,-1.0440176324923982,1.0440176324923982
2023-01-01 09:44:00,PVDAQ_10,134.05,134.3737016338565,-0.3237016338565013,0.3237016338565013
2023-01-01 09:45:00,PVDAQ_10,132.86,133.25227235955887,-0.3922723595588593,0.3922723595588593
2023-01-01 09:46:00,PVDAQ_10,133.17,133.3732654230702,-0.20326542307020645,0.20326542307020645
2023-01-01 09:47:00,PVDAQ_10,133.99,133.95110246807334,0.0388975319266649,0.0388975319266649
2023-01-01 09:48:00,PVDAQ_10,131.48,131.56103881912375,-0.0810388191237621,0.0810388191237621
2023-01-01 09:49:00,PVDAQ_10,129.43,129.98027069682558,-0.5502706968255779,0.5502706968255779
2023-01-01 09:50:00,PVDAQ_10,126.9,128.0579357208862,-1.1579357208862007,1.1579357208862007
2023-01-01 09:51:00,PVDAQ_10,126.97,127.92221423993384,-0.9522142399338378,0.9522142399338378
2023-01-01 09:52:00,PVDAQ_10,126.86,127.02877992730349,-0.16877992730348979,0.16877992730348979
2023-01-01 09:53:00,PVDAQ_10,128.11,128.0011739948789,0.1088260051211023,0.1088260051211023
2023-01-01 09:54:00,PVDAQ_10,129.97,128.74983889983798,1.2201611001620165,1.2201611001620165
2023-01-01 09:55:00,PVDAQ_10,130.47,129.77717954539764,0.6928204546023551,0.6928204546023551
2023-01-01 09:56:00,PVDAQ_10,131.92,131.85078432438675,0.06921567561323627,0.06921567561323627
2023-01-01 09:57:00,PVDAQ_10,132.93,134.27407396190472,-1.3440739619047122,1.3440739619047122
2023-01-01 09:58:00,PVDAQ_10,136.17,133.84461546379885,2.325384536201142,2.325384536201142
2023-01-01 09:59:00,PVDAQ_10,134.44,136.06712962777792,-1.6271296277779186,1.6271296277779186
2023-01-01 10:00:00,PVDAQ_10,138.23,136.17263149493272,2.0573685050672736,2.0573685050672736
2023-01-01 10:01:00,PVDAQ_10,138.54,139.1740372222222,-0.6340372222222186,0.6340372222222186
2023-01-01 10:02:00,PVDAQ_10,140.38,139.95815011309534,0.42184988690465275,0.42184988690465275
2023-01-01 10:03:00,PVDAQ_10,140.32,140.41530740854975,-0.09530740854975761,0.09530740854975761
2023-01-01 10:04:00,PVDAQ_10,143.16,142.61836481547613,0.5416351845238694,0.5416351845238694
2023-01-01 10:05:00,PVDAQ_10,148.2,147.55212533333335,0.6478746666666382,0.6478746666666382
2023-01-01 10:06:00,PVDAQ_10,150.05,150.07840600000014,-0.028406000000131826,0.028406000000131826
2023-01-01 10:07:00,PVDAQ_10,154.3,152.30183543333348,1.9981645666665315,1.9981645666665315
2023-01-01 10:08:00,PVDAQ_10,158.2,159.42012299999968,-1.2201229999996883,1.2201229999996883
2023-01-01 10:09:00,PVDAQ_10,164.64,162.7493151166665,1.8906848833334777,1.8906848833334777
2023-01-01 10:10:00,PVDAQ_10,173.82,172.8183833125002,1.0016166874997907,1.0016166874997907
2023-01-01 10:11:00,PVDAQ_10,183.78,181.75788350000005,2.022116499999953,2.022116499999953
2023-01-01 10:12:00,PVDAQ_10,206.06,213.47777375000013,-7.417773750000123,7.417773750000123
2023-01-01 10:13:00,PVDAQ_10,225.58,232.50367260562186,-6.923672605621846,6.923672605621846
2023-01-01 10:14:00,PVDAQ_10,263.06,259.3871630000001,3.6728369999999018,3.6728369999999018
2023-01-01 10:15:00,PVDAQ_10,308.68,307.13476205952446,1.5452379404755447,1.5452379404755447
2023-01-01 10:16:00,PVDAQ_10,323.68,319.40819390625035,4.27180609374966,4.27180609374966
2023-01-01 10:17:00,PVDAQ_10,301.46,301.1625500000005,0.29744999999945776,0.29744999999945776
2023-01-01 10:18:00,PVDAQ_10,284.82,284.18843616000066,0.6315638399993304,0.6315638399993304
2023-01-01 10:19:00,PVDAQ_10,285.51,284.19715705999977,1.3128429400002233,1.3128429400002233
2023-01-01 10:20:00,PVDAQ_10,279.66,276.16926399333346,3.490736006666566,3.490736006666566
2023-01-01 10:21:00,PVDAQ_10,277.12,275.8857033266669,1.2342966733331195,1.2342966733331195
2023-01-01 10:22:00,PVDAQ_10,282.39,281.75711916666603,0.6328808333339566,0.6328808333339566
2023-01-01 10:23:00,PVDAQ_10,289.91,287.5442846055557,2.3657153944443507,2.3657153944443507
2023-01-01 10:24:00,PVDAQ_10,301.83,302.10627883333296,-0.27627883333298087,0.27627883333298087
2023-01-01 10:25:00,PVDAQ_10,306.73,307.7292054654219,-0.9992054654218805,0.9992054654218805
2023-01-01 10:26:00,PVDAQ_10,295.36,293.7410074166661,1.6189925833339203,1.6189925833339203
2023-01-01 10:27:00,PVDAQ_10,287.51,287.3396108266671,0.17038917333286463,0.17038917333286463
2023-01-01 10:28:00,PVDAQ_10,287.68,287.0297030000003,0.6502969999996822,0.6502969999996822
2023-01-01 10:29:00,PVDAQ_10,263.57,263.27087050000017,0.29912949999982175,0.29912949999982175
2023-01-01 10:30:00,PVDAQ_10,261.34,257.16401200000024,4.175987999999734,4.175987999999734
2023-01-01 10:31:00,PVDAQ_10,252.14,253.71264062499952,-1.5726406249995364,1.5726406249995364
2023-01-01 10:32:00,PVDAQ_10,241.22,240.15212449999999,1.0678755000000137,1.0678755000000137
2023-01-01 10:33:00,PVDAQ_10,228.07,228.02345000000048,0.04654999999951315,0.04654999999951315
2023-01-01 10:34:00,PVDAQ_10,218.71,216.69467499999965,2.0153250000003595,2.0153250000003595
2023-01-01 10:35:00,PVDAQ_10,209.03,211.54467999999954,-2.5146799999995437,2.5146799999995437
2023-01-01 10:36:00,PVDAQ_10,211.59,210.2755749999997,1.3144250000003126,1.3144250000003126
2023-01-01 10:37:00,PVDAQ_10,216.34,217.92523750000004,-1.5852375000000336,1.5852375000000336
2023-01-01 10:38:00,PVDAQ_10,228.66,229.46180203333358,-0.8018020333335869,0.8018020333335869
2023-01-01 10:39:00,PVDAQ_10,234.44,235.54394933333367,-1.1039493333336736,1.1039493333336736
2023-01-01 10:40:00,PVDAQ_10,244.67,243.14371204166684,1.5262879583331426,1.5262879583331426
2023-01-01 10:41:00,PVDAQ_10,255.78,255.98485099999994,-0.20485099999993395,0.20485099999993395
2023-01-01 10:42:00,PVDAQ_10,268.48,265.5345542416667,2.945445758333335,2.945445758333335
2023-01-01 10:43:00,PVDAQ_10,271.77,266.53237512500056,5.237624874999426,5.237624874999426
2023-01-01 10:44:00,PVDAQ_10,282.21,280.25737849999996,1.9526215000000207,1.9526215000000207
2023-01-01 10:45:00,PVDAQ_10,296.91,301.0666669999997,-4.156666999999686,4.156666999999686
2023-01-01 10:46:00,PVDAQ_10,312.42,312.51751152976243,-0.09751152976241428,0.09751152976241428
2023-01-01 10:47:00,PVDAQ_10,310.54,314.4969252023807,-3.95692520238066,3.95692520238066
2023-01-01 10:48:00,PVDAQ_10,326.25,325.6898426135083,0.56015738649171,0.56015738649171
2023-01-01 10:49:00,PVDAQ_10,325.94,325.550418679796,0.3895813202040017,0.3895813202040017
2023-01-01 10:50:00,PVDAQ_10,329.44,328.86562293850807,0.5743770614919299,0.5743770614919299
2023-01-01 10:51:00,PVDAQ_10,336.59,338.50227875000036,-1.9122787500003824,1.9122787500003824
2023-01-01 10:52:00,PVDAQ_10,343.68,344.54357261111153,-0.8635726111115218,0.8635726111115218
2023-01-01 10:53:00,PVDAQ_10,342.44,344.9411544374998,-2.5011544374997925,2.5011544374997925
2023-01-01 10:54:00,PVDAQ_10,350.77,352.92839999999984,-2.158399999999858,2.158399999999858
2023-01-01 10:55:00,PVDAQ_10,347.24,345.9817573333332,1.2582426666668312,1.2582426666668312
2023-01-01 10:56:00,PVDAQ_10,339.19,337.78547829999974,1.4045217000002594,1.4045217000002594
2023-01-01 10:57:00,PVDAQ_10,343.44,343.3324808253972,0.10751917460277127,0.10751917460277127
2023-01-01 10:58:00,PVDAQ_10,346.72,345.5433241833333,1.176675816666716,1.176675816666716
2023-01-01 10:59:00,PVDAQ_10,357.49,356.4196860000001,1.0703139999998825,1.0703139999998825
2023-01-01 11:00:00,PVDAQ_10,372.68,373.18945100000036,-0.5094510000003538,0.5094510000003538
2023-01-01 11:01:00,PVDAQ_10,407.8,407.7004494999994,0.09955050000058918,0.09955050000058918
2023-01-01 11:02:00,PVDAQ_10,442.6,442.15940000000063,0.44059999999939237,0.44059999999939237
2023-01-01 11:03:00,PVDAQ_10,482.65,483.63170000000025,-0.9817000000002736,0.9817000000002736
2023-01-01 11:04:00,PVDAQ_10,583.91,576.4145023333326,7.495497666667347,7.495497666667347
2023-01-01 11:05:00,PVDAQ_10,563.86,563.9713270833338,-0.1113270833337765,0.1113270833337765
2023-01-01 11:06:00,PVDAQ_10,603.15,605.4498799999997,-2.299879999999689,2.299879999999689
2023-01-01 11:07:00,PVDAQ_10,611.55,609.4115500000003,2.1384499999996933,2.1384499999996933
2023-01-01 11:08:00,PVDAQ_10,602.11,605.2069219999992,-3.0969219999991537,3.0969219999991537
2023-01-01 11:09:00,PVDAQ_10,605.92,604.9745845000002,0.94541549999974,0.94541549999974
2023-01-01 11:10:00,PVDAQ_10,567.18,565.6271248333327,1.5528751666672633,1.5528751666672633
2023-01-01 11:11:00,PVDAQ_10,562.55,562.3140638857136,0.2359361142863463,0.2359361142863463
2023-01-01 11:12:00,PVDAQ_10,545.02,543.5658999999993,1.4541000000007216,1.4541000000007216
2023-01-01 11:13:00,PVDAQ_10,539.0,541.6480520000001,-2.6480520000001206,2.6480520000001206
2023-01-01 11:14:00,PVDAQ_10,546.0,543.5438094999995,2.4561905000005027,2.4561905000005027
2023-01-01 11:15:00,PVDAQ_10,491.32,493.6371229999996,-2.317122999999583,2.317122999999583
2023-01-01 11:16:00,PVDAQ_10,461.25,461.83445400000033,-0.5844540000003349,0.5844540000003349
2023-01-01 11:17:00,PVDAQ_10,456.74,457.99680000000046,-1.256800000000453,1.256800000000453
2023-01-01 11:18:00,PVDAQ_10,449.71,448.60195000000056,1.108049999999423,1.108049999999423
2023-01-01 11:19:00,PVDAQ_10,439.97,441.10580333333354,-1.135803333333513,1.135803333333513
2023-01-01 11:20:00,PVDAQ_10,412.48,414.47964373076974,-1.9996437307697192,1.9996437307697192
2023-01-01 11:21:00,PVDAQ_10,426.85,423.53718500000025,3.312814999999773,3.312814999999773
2023-01-01 11:22:00,PVDAQ_10,467.95,467.42143903125066,0.528560968749332,0.528560968749332
2023-01-01 11:23:00,PVDAQ_10,423.06,422.59971250000024,0.46028749999976526,0.46028749999976526
2023-01-01 11:24:00,PVDAQ_10,419.35,422.55972939743566,-3.2097293974356376,3.2097293974356376
2023-01-01 11:25:00,PVDAQ_10,414.82,412.38717492361155,2.43282507638844,2.43282507638844
2023-01-01 11:26:00,PVDAQ_10,422.36,424.9999759999992,-2.6399759999991943,2.6399759999991943
2023-01-01 11:27:00,PVDAQ_10,450.4,452.9722935000007,-2.5722935000007396,2.5722935000007396
2023-01-01 11:28:00,PVDAQ_10,461.41,463.2101000000007,-1.8001000000006684,1.8001000000006684
2023-01-01 11:29:00,PVDAQ_10,438.24,440.9196400550593,-2.6796400550592807,2.6796400550592807
2023-01-01 11:30:00,PVDAQ_10,476.94,477.34318116666645,-0.40318116666645665,0.40318116666645665
2023-01-01 11:31:00,PVDAQ_10,488.48,500.7541033333329,-12.274103333332903,12.274103333332903
2023-01-01 11:32:00,PVDAQ_10,475.74,476.47549999999995,-0.735499999999945,0.735499999999945
2023-01-01 11:33:00,PVDAQ_10,455.87,456.28975000000094,-0.4197500000009313,0.4197500000009313
2023-01-01 11:34:00,PVDAQ_10,441.95,440.7784486458337,1.1715513541662972,1.1715513541662972
2023-01-01 11:35:00,PVDAQ_10,452.0,454.3759500000001,-2.3759500000001026,2.3759500000001026
2023-01-01 11:36:00,PVDAQ_10,477.31,476.89105000000046,0.4189499999995405,0.4189499999995405
2023-01-01 11:37:00,PVDAQ_10,479.95,480.5985410000005,-0.6485410000005345,0.6485410000005345
2023-01-01 11:38:00,PVDAQ_10,441.32,442.7668092476186,-1.446809247618603,1.446809247618603
2023-01-01 11:39:00,PVDAQ_10,407.29,408.7396205000006,-1.4496205000006057,1.4496205000006057
2023-01-01 11:40:00,PVDAQ_10,399.71,403.3151803333335,-3.6051803333335215,3.6051803333335215
2023-01-01 11:41:00,PVDAQ_10,369.98,372.5544729999999,-2.574472999999898,2.574472999999898
2023-01-01 11:42:00,PVDAQ_10,362.39,377.8658395000008,-15.475839500000802,15.475839500000802
2023-01-01 11:43:00,PVDAQ_10,400.4,419.87180816666637,-19.471808166666392,19.471808166666392
2023-01-01 11:44:00,PVDAQ_10,438.68,446.3373549999996,-7.657354999999598,7.657354999999598
2023-01-01 11:45:00,PVDAQ_10,526.05,542.6325909999997,-16.582590999999752,16.582590999999752
2023-01-01 11:46:00,PVDAQ_10,533.54,534.2041420000015,-0.6641420000015614,0.6641420000015614
2023-01-01 11:47:00,PVDAQ_10,549.25,546.8178166666661,2.43218333333391,2.43218333333391
2023-01-01 11:48:00,PVDAQ_10,532.79,535.0946125000015,-2.3046125000015536,2.3046125000015536
2023-01-01 11:49:00,PVDAQ_10,529.82,531.8806179999981,-2.060617999998044,2.060617999998044
2023-01-01 11:50:00,PVDAQ_10,476.1,479.0333999999993,-2.933399999999267,2.933399999999267
2023-01-01 11:51:00,PVDAQ_10,506.98,500.82289999999864,6.157100000001378,6.157100000001378
2023-01-01 11:52:00,PVDAQ_10,501.04,496.8587333333328,4.181266666667227,4.181266666667227
2023-01-01 11:53:00,PVDAQ_10,463.54,464.25463650000114,-0.7146365000011201,0.7146365000011201
2023-01-01 11:54:00,PVDAQ_10,451.8,454.46893100000057,-2.668931000000555,2.668931000000555
2023-01-01 11:55:00,PVDAQ_10,465.96,471.6550869999994,-5.6950869999994325,5.6950869999994325
2023-01-01 11:56:00,PVDAQ_10,480.44,478.4950974999995,1.9449025000005236,1.9449025000005236
2023-01-01 11:57:00,PVDAQ_10,505.92,507.5277674999986,-1.6077674999986016,1.6077674999986016
2023-01-01 11:58:00,PVDAQ_10,505.43,504.281292999999,1.1487070000010249,1.1487070000010249
2023-01-01 11:59:00,PVDAQ_10,477.0,477.39380000000006,-0.39380000000005566,0.39380000000005566
2023-01-01 12:00:00,PVDAQ_10,496.09,496.16720750000013,-0.07720750000015641,0.07720750000015641
2023-01-01 12:01:00,PVDAQ_10,501.66,499.7832128124989,1.8767871875011224,1.8767871875011224
2023-01-01 12:02:00,PVDAQ_10,489.52,492.0291333333326,-2.5091333333326133,2.5091333333326133
2023-01-01 12:03:00,PVDAQ_10,512.64,507.60234199999906,5.037658000000931,5.037658000000931
2023-01-01 12:04:00,PVDAQ_10,578.58,584.8091499999988,-6.229149999998754,6.229149999998754
2023-01-01 12:05:00,PVDAQ_10,555.1,565.3808738095236,-10.280873809523541,10.280873809523541
2023-01-01 12:06:00,PVDAQ_10,566.64,565.9061992738099,0.7338007261901112,0.7338007261901112
2023-01-01 12:07:00,PVDAQ_10,563.34,563.8101152333336,-0.47011523333355854,0.47011523333355854
2023-01-01 12:08:00,PVDAQ_10,581.7,579.5241928571436,2.1758071428564563,2.1758071428564563
2023-01-01 12:09:00,PVDAQ_10,643.03,632.4259684999996,10.60403150000036,10.60403150000036
2023-01-01 12:10:00,PVDAQ_10,695.26,697.0632809999978,-1.8032809999978099,1.8032809999978099
2023-01-01 12:11:00,PVDAQ_10,699.9,693.3768394999986,6.5231605000013815,6.5231605000013815
2023-01-01 12:12:00,PVDAQ_10,737.5299999999999,743.7844780000008,-6.254478000000972,6.254478000000972
2023-01-01 12:13:00,PVDAQ_10,748.19,740.3931065000003,7.796893499999783,7.796893499999783
2023-01-01 12:14:00,PVDAQ_10,808.59,803.1390139999993,5.450986000000739,5.450986000000739
2023-01-01 12:15:00,PVDAQ_10,746.46,744.9874390000006,1.472560999999473,1.472560999999473
2023-01-01 12:16:00,PVDAQ_10,688.17,682.8364284999989,5.333571500001085,5.333571500001085
2023-01-01 12:17:00,PVDAQ_10,671.92,686.0363314999984,-14.11633149999841,14.11633149999841
2023-01-01 12:18:00,PVDAQ_10,647.52,664.5780819999981,-17.05808199999808,17.05808199999808
2023-01-01 12:19:00,PVDAQ_10,606.64,611.6172499999997,-4.977249999999685,4.977249999999685
2023-01-01 12:20:00,PVDAQ_10,614.8,611.6914999999999,3.108500000000049,3.108500000000049
2023-01-01 12:21:00,PVDAQ_10,592.93,589.4939999999998,3.436000000000149,3.436000000000149
2023-01-01 12:22:00,PVDAQ_10,566.81,569.2686464999997,-2.458646499999759,2.458646499999759
2023-01-01 12:23:00,PVDAQ_10,561.06,572.472864448051,-11.412864448051096,11.412864448051096
2023-01-01 12:24:00,PVDAQ_10,568.49,571.0272689999993,-2.5372689999992417,2.5372689999992417
2023-01-01 12:25:00,PVDAQ_10,528.89,533.5755385000015,-4.685538500001485,4.685538500001485
2023-01-01 12:26:00,PVDAQ_10,546.2,544.3693470000003,1.8306529999997565,1.8306529999997565
2023-01-01 12:27:00,PVDAQ_10,610.71,613.1549445000003,-2.444944500000247,2.444944500000247
2023-01-01 12:28:00,PVDAQ_10,639.43,643.6623969999998,-4.232396999999878,4.232396999999878
2023-01-01 12:29:00,PVDAQ_10,613.37,616.8539890000012,-3.483989000001202,3.483989000001202
2023-01-01 12:30:00,PVDAQ_10,592.67,596.4974589999981,-3.827458999998157,3.827458999998157
2023-01-01 12:31:00,PVDAQ_10,562.33,563.1379359999994,-0.8079359999993585,0.8079359999993585
2023-01-01 12:32:00,PVDAQ_10,527.43,531.9981085000019,-4.568108500001927,4.568108500001927
2023-01-01 12:33:00,PVDAQ_10,490.75,493.0807999999995,-2.330799999999499,2.330799999999499
2023-01-01 12:34:00,PVDAQ_10,496.02,496.53465666666574,-0.5146566666657577,0.5146566666657577
2023-01-01 12:35:00,PVDAQ_10,504.84,501.71781281249883,3.12218718750114,3.12218718750114
2023-01-01 12:36:00,PVDAQ_10,490.75,491.39355000000086,-0.6435500000008574,0.6435500000008574
2023-01-01 12:37:00,PVDAQ_10,472.23,472.7080960000001,-0.4780960000001073,0.4780960000001073
2023-01-01 12:38:00,PVDAQ_10,471.22,470.3833000000002,0.836699999999837,0.836699999999837
2023-01-01 12:39:00,PVDAQ_10,462.57,460.9954500000007,1.5745499999993058,1.5745499999993058
2023-01-01 12:40:00,PVDAQ_10,476.62,475.9694875,0.6505124999999907,0.6505124999999907
2023-01-01 12:41:00,PVDAQ_10,458.33,460.62006436458427,-2.290064364584282,2.290064364584282
2023-01-01 12:42:00,PVDAQ_10,455.72,455.8259500000001,-0.10595000000006394,0.10595000000006394
2023-01-01 12:43:00,PVDAQ_10,448.07,449.5085041666669,-1.4385041666669167,1.4385041666669167
2023-01-01 12:44:00,PVDAQ_10,439.17,438.5832325555558,0.5867674444442059,0.5867674444442059
2023-01-01 12:45:00,PVDAQ_10,440.31,439.314490888889,0.995509111111005,0.995509111111005
2023-01-01 12:46:00,PVDAQ_10,448.01,448.20100000000116,-0.1910000000011678,0.1910000000011678
2023-01-01 12:47:00,PVDAQ_10,442.81,443.4695486458337,-0.659548645833695,0.659548645833695
2023-01-01 12:48:00,PVDAQ_10,440.86,440.7082499999991,0.15175000000090222,0.15175000000090222
2023-01-01 12:49:00,PVDAQ_10,438.62,439.43331499999965,-0.8133149999996476,0.8133149999996476
2023-01-01 12:50:00,PVDAQ_10,423.43,423.1148840000001,0.31511599999993223,0.31511599999993223
2023-01-01 12:51:00,PVDAQ_10,413.06,410.9426720000003,2.117327999999702,2.117327999999702
2023-01-01 12:52:00,PVDAQ_10,383.69,381.15475650000036,2.5352434999996376,2.5352434999996376
2023-01-01 12:53:00,PVDAQ_10,354.78,355.9046000000003,-1.1246000000003278,1.1246000000003278
2023-01-01 12:54:00,PVDAQ_10,324.62,325.02498976461646,-0.4049897646164595,0.4049897646164595
2023-01-01 12:55:00,PVDAQ_10,321.87,324.3852274265209,-2.5152274265208803,2.5152274265208803
2023-01-01 12:56:00,PVDAQ_10,345.01,346.20259277083284,-1.1925927708328459,1.1925927708328459
2023-01-01 12:57:00,PVDAQ_10,358.16,359.8009500000002,-1.6409500000002026,1.6409500000002026
2023-01-01 12:58:00,PVDAQ_10,374.57,377.64027350000003,-3.0702735000000416,3.0702735000000416
2023-01-01 12:59:00,PVDAQ_10,374.29,374.66897400000045,-0.3789740000004258,0.3789740000004258
2023-01-01 13:00:00,PVDAQ_10,345.42,344.9709055642857,0.44909443571430074,0.44909443571430074
2023-01-01 13:01:00,PVDAQ_10,321.95,323.04540100210687,-1.0954010021068825,1.0954010021068825
2023-01-01 13:02:00,PVDAQ_10,314.82,319.4732070577387,-4.653207057738712,4.653207057738712
2023-01-01 13:03:00,PVDAQ_10,333.53,333.91330491968057,-0.3833049196805973,0.3833049196805973
2023-01-01 13:04:00,PVDAQ_10,362.16,366.2538255000005,-4.0938255000004915,4.0938255000004915
2023-01-01 13:05:00,PVDAQ_10,324.12,325.1504657021067,-1.03046570210671,1.03046570210671
2023-01-01 13:06:00,PVDAQ_10,335.85,334.12361208436783,1.7263879156321877,1.7263879156321877
2023-01-01 13:07:00,PVDAQ_10,353.58,355.2522500000001,-1.6722500000001332,1.6722500000001332
2023-01-01 13:08:00,PVDAQ_10,355.14,353.73840000000035,1.4015999999996325,1.4015999999996325
2023-01-01 13:09:00,PVDAQ_10,291.17,291.2407416666659,-0.07074166666586734,0.07074166666586734
2023-01-01 13:10:00,PVDAQ_10,274.16,275.9130000000001,-1.7530000000000996,1.7530000000000996
2023-01-01 13:11:00,PVDAQ_10,283.91,283.0814712777778,0.828528722222245,0.828528722222245
2023-01-01 13:12:00,PVDAQ_10,288.87,289.4397521071429,-0.5697521071429037,0.5697521071429037
2023-01-01 13:13:00,PVDAQ_10,255.78,258.303453678571,-2.5234536785709736,2.5234536785709736
2023-01-01 13:14:00,PVDAQ_10,263.17,263.8000299083331,-0.6300299083330856,0.6300299083330856
2023-01-01 13:15:00,PVDAQ_10,264.44,267.18148993333364,-2.7414899333336393,2.7414899333336393
2023-01-01 13:16:00,PVDAQ_10,269.05,271.10653587500025,-2.056535875000236,2.056535875000236
2023-01-01 13:17:00,PVDAQ_10,282.26,284.85008056818225,-2.590080568182259,2.590080568182259
2023-01-01 13:18:00,PVDAQ_10,301.82,305.22978025000043,-3.4097802500004377,3.4097802500004377
2023-01-01 13:19:00,PVDAQ_10,319.33,321.8331339402217,-2.503133940221744,2.503133940221744
2023-01-01 13:20:00,PVDAQ_10,351.89,355.7321000000006,-3.8421000000006416,3.8421000000006416
2023-01-01 13:21:00,PVDAQ_10,356.05,354.7434500000004,1.3065499999996177,1.3065499999996177
2023-01-01 13:22:00,PVDAQ_10,326.77,325.5996450274652,1.170354972534767,1.170354972534767
2023-01-01 13:23:00,PVDAQ_10,306.59,310.2121744761907,-3.6221744761907075,3.6221744761907075
2023-01-01 13:24:00,PVDAQ_10,291.34,293.6878608333334,-2.3478608333334137,2.3478608333334137
2023-01-01 13:25:00,PVDAQ_10,289.37,289.5385363888896,-0.16853638888960631,0.16853638888960631
2023-01-01 13:26:00,PVDAQ_10,301.5,302.13375066801996,-0.6337506680199567,0.6337506680199567
2023-01-01 13:27:00,PVDAQ_10,312.05,310.88393056309457,1.1660694369054454,1.1660694369054454
2023-01-01 13:28:00,PVDAQ_10,329.04,327.61121341812856,1.4287865818714636,1.4287865818714636
2023-01-01 13:29:00,PVDAQ_10,291.1,290.71273058333315,0.387269416666868,0.387269416666868
2023-01-01 13:30:00,PVDAQ_10,288.74,289.81934031250034,-1.0793403125003351,1.0793403125003351
2023-01-01 13:31:00,PVDAQ_10,257.41,258.53584999999924,-1.1258499999992182,1.1258499999992182
2023-01-01 13:32:00,PVDAQ_10,248.45,248.93071049999995,-0.4807104999999581,0.4807104999999581
2023-01-01 13:33:00,PVDAQ_10,230.51,230.09574999999975,0.41425000000023715,0.41425000000023715
2023-01-01 13:34:00,PVDAQ_10,211.36,215.1300249999995,-3.7700249999994924,3.7700249999994924
2023-01-01 13:35:00,PVDAQ_10,204.86,208.15861065873025,-3.29861065873024,3.29861065873024
2023-01-01 13:36:00,PVDAQ_10,196.7,204.94688749999997,-8.246887499999985,8.246887499999985
2023-01-01 13:37:00,PVDAQ_10,186.63,192.53821549999978,-5.908215499999784,5.908215499999784
2023-01-01 13:38:00,PVDAQ_10,183.19,186.78868850000006,-3.5986885000000655,3.5986885000000655
2023-01-01 13:39:00,PVDAQ_10,181.47,181.90952849999974,-0.43952849999973864,0.43952849999973864
2023-01-01 13:40:00,PVDAQ_10,180.81,181.0464069999998,-0.23640699999978665,0.23640699999978665
2023-01-01 13:41:00,PVDAQ_10,177.78,177.78202450000015,-0.002024500000146645,0.002024500000146645
2023-01-01 13:42:00,PVDAQ_10,175.45,174.72780170833317,0.7221982916668139,0.7221982916668139
2023-01-01 13:43:00,PVDAQ_10,170.24,172.51045550000003,-2.2704555000000255,2.2704555000000255
2023-01-01 13:44:00,PVDAQ_10,165.24,163.71462099999985,1.5253790000001572,1.5253790000001572
2023-01-01 13:45:00,PVDAQ_10,159.49,161.49954999999966,-2.009549999999649,2.009549999999649
2023-01-01 13:46:00,PVDAQ_10,153.53,151.6053078333334,1.9246921666666026,1.9246921666666026
2023-01-01 13:47:00,PVDAQ_10,147.09,145.53002416666675,1.5599758333332545,1.5599758333332545
2023-01-01 13:48:00,PVDAQ_10,143.11,144.7224825000002,-1.6124825000001977,1.6124825000001977
2023-01-01 13:49:00,PVDAQ_10,141.5,139.86886650937973,1.6311334906202717,1.6311334906202717
2023-01-01 13:50:00,PVDAQ_10,137.9,136.7409122285714,1.1590877714286023,1.1590877714286023
2023-01-01 13:51:00,PVDAQ_10,136.75,136.3439827619049,0.40601723809510304,0.40601723809510304
2023-01-01 13:52:00,PVDAQ_10,135.0,132.45034788095256,2.549652119047437,2.549652119047437
2023-01-01 13:53:00,PVDAQ_10,131.56,131.13206948095257,0.42793051904743606,0.42793051904743606
2023-01-01 13:54:00,PVDAQ_10,128.37,128.0348531086825,0.33514689131749265,0.33514689131749265
2023-01-01 13:55:00,PVDAQ_10,124.4,125.2457675189282,-0.8457675189281986,0.8457675189281986
2023-01-01 13:56:00,PVDAQ_10,120.71,121.92935874577343,-1.2193587457734338,1.2193587457734338
2023-01-01 13:57:00,PVDAQ_10,118.28,117.22942984436514,1.0505701556348583,1.0505701556348583
2023-01-01 13:58:00,PVDAQ_10,115.21,116.56841224371914,-1.358412243719144,1.358412243719144
2023-01-01 13:59:00,PVDAQ_10,115.55,116.19449440425814,-0.6444944042581398,0.6444944042581398
2023-01-01 14:00:00,PVDAQ_10,116.14,116.07658040425812,0.06341959574187683,0.06341959574187683
2023-01-01 14:01:00,PVDAQ_10,117.77,116.38398560357138,1.386014396428621,1.386014396428621
2023-01-01 14:02:00,PVDAQ_10,122.72,119.99510706952702,2.7248929304729756,2.7248929304729756
2023-01-01 14:03:00,PVDAQ_10,126.69,123.98417875248315,2.7058212475168517,2.7058212475168517
2023-01-01 14:04:00,PVDAQ_10,133.06,131.94697225596363,1.1130277440363727,1.1130277440363727
2023-01-01 14:05:00,PVDAQ_10,138.4,135.3622660549312,3.037733945068794,3.037733945068794
2023-01-01 14:06:00,PVDAQ_10,145.47,142.30854124404766,3.1614587559523386,3.1614587559523386
2023-01-01 14:07:00,PVDAQ_10,150.65,147.42831633333333,3.221683666666678,3.221683666666678
2023-01-01 14:08:00,PVDAQ_10,162.3,160.6691640000002,1.6308359999998174,1.6308359999998174
2023-01-01 14:09:00,PVDAQ_10,172.52,170.58332750000028,1.9366724999997302,1.9366724999997302
2023-01-01 14:10:00,PVDAQ_10,183.37,181.7343070000001,1.6356929999999181,1.6356929999999181
2023-01-01 14:11:00,PVDAQ_10,201.02,201.14700000000002,-0.12700000000000955,0.12700000000000955
2023-01-01 14:12:00,PVDAQ_10,219.64,219.50754649999988,0.13245350000011058,0.13245350000011058
2023-01-01 14:13:00,PVDAQ_10,244.55,245.6816479876981,-1.131647987698102,1.131647987698102
2023-01-01 14:14:00,PVDAQ_10,276.6,278.97248592857164,-2.3724859285716207,2.3724859285716207
2023-01-01 14:15:00,PVDAQ_10,286.4,286.77603000000045,-0.37603000000046904,0.37603000000046904
2023-01-01 14:16:00,PVDAQ_10,294.4,292.0070147499993,2.392985250000663,2.392985250000663
2023-01-01 14:17:00,PVDAQ_10,294.67,295.47320333333374,-0.8032033333337267,0.8032033333337267
2023-01-01 14:18:00,PVDAQ_10,305.16,302.45985598809546,2.7001440119045697,2.7001440119045697
2023-01-01 14:19:00,PVDAQ_10,308.17,308.3387944166668,-0.16879441666679895,0.16879441666679895
2023-01-01 14:20:00,PVDAQ_10,290.46,291.21338178571386,-0.7533817857138843,0.7533817857138843
2023-01-01 14:21:00,PVDAQ_10,292.13,290.68474791111055,1.445252088889447,1.445252088889447
2023-01-01 14:22:00,PVDAQ_10,301.45,303.49278608333384,-2.0427860833338514,2.0427860833338514
2023-01-01 14:23:00,PVDAQ_10,306.36,307.9011395642854,-1.5411395642854018,1.5411395642854018
2023-01-01 14:24:00,PVDAQ_10,281.67,280.91810416666647,0.751895833333549,0.751895833333549
2023-01-01 14:25:00,PVDAQ_10,268.33,268.3684826666668,-0.038482666666823206,0.038482666666823206
2023-01-01 14:26:00,PVDAQ_10,280.96,282.04118283766167,-1.0811828376616859,1.0811828376616859
2023-01-01 14:27:00,PVDAQ_10,280.51,281.893873170995,-1.3838731709950025,1.3838731709950025
2023-01-01 14:28:00,PVDAQ_10,274.66,275.46049999999997,-0.8004999999999427,0.8004999999999427
2023-01-01 14:29:00,PVDAQ_10,268.19,269.81312500000047,-1.6231250000004707,1.6231250000004707
2023-01-01 14:30:00,PVDAQ_10,257.7,258.0991873333341,-0.3991873333341118,0.3991873333341118
2023-01-01 14:31:00,PVDAQ_10,247.23,247.89840149999978,-0.6684014999997885,0.6684014999997885
2023-01-01 14:32:00,PVDAQ_10,236.12,239.35511172222243,-3.2351117222224275,3.2351117222224275
2023-01-01 14:33:00,PVDAQ_10,218.04,222.7182041666666,-4.678204166666603,4.678204166666603
2023-01-01 14:34:00,PVDAQ_10,206.33,210.48371250000008,-4.1537125000000685,4.1537125000000685
2023-01-01 14:35:00,PVDAQ_10,182.96,184.18351549999974,-1.2235154999997349,1.2235154999997349
2023-01-01 14:36:00,PVDAQ_10,167.44,168.39845408333332,-0.9584540833333222,0.9584540833333222
2023-01-01 14:37:00,PVDAQ_10,158.6,158.73644800000028,-0.13644800000028567,0.13644800000028567
2023-01-01 14:38:00,PVDAQ_10,152.61,153.93946799999975,-1.3294679999997356,1.3294679999997356
2023-01-01 14:39:00,PVDAQ_10,144.23,146.84432663333337,-2.614326633333377,2.614326633333377
2023-01-01 14:40:00,PVDAQ_10,137.67,140.9206694273809,-3.250669427380899,3.250669427380899
2023-01-01 14:41:00,PVDAQ_10,132.16,136.18928231338396,-4.029282313383959,4.029282313383959
2023-01-01 14:42:00,PVDAQ_10,127.86,130.35527800007978,-2.4952780000797787,2.4952780000797787
2023-01-01 14:43:00,PVDAQ_10,126.57,126.91497267630203,-0.3449726763020351,0.3449726763020351
2023-01-01 14:44:00,PVDAQ_10,124.1,124.42322946247812,-0.3232294624781247,0.3232294624781247
2023-01-01 14:45:00,PVDAQ_10,123.06,123.62756343176869,-0.56756343176869,0.56756343176869
2023-01-01 14:46:00,PVDAQ_10,123.32,122.79450333137306,0.5254966686269285,0.5254966686269285
2023-01-01 14:47:00,PVDAQ_10,123.16,123.0619408140271,0.09805918597290031,0.09805918597290031
2023-01-01 14:48:00,PVDAQ_10,122.41,122.88381122246665,-0.47381122246665086,0.47381122246665086
2023-01-01 14:49:00,PVDAQ_10,120.76,122.68858379578874,-1.9285837957887395,1.9285837957887395
2023-01-01 14:50:00,PVDAQ_10,121.34,121.3261547961584,0.013845203841597709,0.013845203841597709
2023-01-01 14:51:00,PVDAQ_10,120.27,120.88509999593802,-0.6150999959380243,0.6150999959380243
2023-01-01 14:52:00,PVDAQ_10,118.99,120.81060447281263,-1.820604472812633,1.820604472812633
2023-01-01 14:53:00,PVDAQ_10,118.42,119.84902105524752,-1.4290210552475173,1.4290210552475173
2023-01-01 14:54:00,PVDAQ_10,118.98,119.9605206184206,-0.9805206184205986,0.9805206184205986
2023-01-01 14:55:00,PVDAQ_10,117.33,118.78799079646704,-1.457990796467044,1.457990796467044
2023-01-01 14:56:00,PVDAQ_10,116.36,117.72002916046382,-1.3600291604638244,1.3600291604638244
2023-01-01 14:57:00,PVDAQ_10,114.44,116.11023265753964,-1.6702326575396427,1.6702326575396427
2023-01-01 14:58:00,PVDAQ_10,110.64,115.91614821230152,-5.276148212301521,5.276148212301521
2023-01-01 14:59:00,PVDAQ_10,107.03,107.44202916657632,-0.4120291665763176,0.4120291665763176
2023-01-01 15:00:00,PVDAQ_10,103.78,102.93678346349205,0.8432165365079527,0.8432165365079527
2023-01-01 15:01:00,PVDAQ_10,100.6,103.18491021666665,-2.584910216666657,2.584910216666657
2023-01-01 15:02:00,PVDAQ_10,98.941,101.05127415833341,-2.110274158333411,2.110274158333411
2023-01-01 15:03:00,PVDAQ_10,95.859,99.4180812509524,-3.559081250952403,3.559081250952403
2023-01-01 15:04:00,PVDAQ_10,91.679,95.2912294500001,-3.6122294500001004,3.6122294500001004
2023-01-01 15:05:00,PVDAQ_10,91.047,90.33473697500007,0.7122630249999276,0.7122630249999276
2023-01-01 15:06:00,PVDAQ_10,90.227,89.31793807115363,0.9090619288463699,0.9090619288463699
2023-01-01 15:07:00,PVDAQ_10,88.641,90.01593352666674,-1.3749335266667373,1.3749335266667373
2023-01-01 15:08:00,PVDAQ_10,88.641,88.5994434000001,0.04155659999990746,0.04155659999990746
2023-01-01 15:09:00,PVDAQ_10,86.712,88.88627330000016,-2.174273300000152,2.174273300000152
2023-01-01 15:10:00,PVDAQ_10,85.703,88.42387600000022,-2.7208760000002172,2.7208760000002172
2023-01-01 15:11:00,PVDAQ_10,86.058,87.14505254249991,-1.0870525424999045,1.0870525424999045
2023-01-01 15:12:00,PVDAQ_10,82.94199999999998,82.24192305000014,0.7000769499998398,0.7000769499998398
2023-01-01 15:13:00,PVDAQ_10,81.235,82.40190819999984,-1.1669081999998383,1.1669081999998383
2023-01-01 15:14:00,PVDAQ_10,78.851,80.7366627,-1.8856626999999975,1.8856626999999975
2023-01-01 15:15:00,PVDAQ_10,75.536,76.95058995000011,-1.4145899500001065,1.4145899500001065
2023-01-01 15:16:00,PVDAQ_10,73.995,75.58296744999998,-1.5879674499999794,1.5879674499999794
2023-01-01 15:17:00,PVDAQ_10,70.27,71.37492888333323,-1.1049288833332298,1.1049288833332298
2023-01-01 15:18:00,PVDAQ_10,66.079,70.2076624499999,-4.128662449999908,4.128662449999908
2023-01-01 15:19:00,PVDAQ_10,65.004,66.72622224999988,-1.7222222499998736,1.7222222499998736
2023-01-01 15:20:00,PVDAQ_10,61.389,63.902455950000075,-2.513455950000072,2.513455950000072
2023-01-01 15:21:00,PVDAQ_10,57.475,60.60110289999995,-3.1261028999999496,3.1261028999999496
2023-01-01 15:22:00,PVDAQ_10,56.101,56.09943607777782,0.001563922222182157,0.001563922222182157
2023-01-01 15:23:00,PVDAQ_10,55.158,55.753526022727236,-0.5955260227272348,0.5955260227272348
2023-01-01 15:24:00,PVDAQ_10,53.928,53.748407484126965,0.1795925158730327,0.1795925158730327
2023-01-01 15:25:00,PVDAQ_10,52.486,54.06370629444444,-1.5777062944444395,1.5777062944444395
2023-01-01 15:26:00,PVDAQ_10,53.65,54.0323796277778,-0.38237962777780155,0.38237962777780155
2023-01-01 15:27:00,PVDAQ_10,53.828,53.904512763888896,-0.07651276388889272,0.07651276388889272
2023-01-01 15:28:00,PVDAQ_10,54.227,53.5746222132167,0.6523777867832976,0.6523777867832976
2023-01-01 15:29:00,PVDAQ_10,53.917,53.39279645560478,0.5242035443952204,0.5242035443952204
2023-01-01 15:30:00,PVDAQ_10,53.052,52.533532969883325,0.5184670301166747,0.5184670301166747
2023-01-01 15:31:00,PVDAQ_10,52.852,53.52962736500007,-0.6776273650000704,0.6776273650000704
2023-01-01 15:32:00,PVDAQ_10,52.885,53.16681649098113,-0.2818164909811287,0.2818164909811287
2023-01-01 15:33:00,PVDAQ_10,53.473,54.02487589385361,-0.5518758938536124,0.5518758938536124
2023-01-01 15:34:00,PVDAQ_10,53.096,53.575305562998665,-0.4793055629986682,0.4793055629986682
2023-01-01 15:35:00,PVDAQ_10,53.23,53.80035805014148,-0.5703580501414862,0.5703580501414862
2023-01-01 15:36:00,PVDAQ_10,53.785,54.04252434553835,-0.25752434553835,0.25752434553835
2023-01-01 15:37:00,PVDAQ_10,53.364,53.53120774166667,-0.1672077416666724,0.1672077416666724
2023-01-01 15:38:00,PVDAQ_10,53.531,54.62334645884195,-1.092346458841952,1.092346458841952
2023-01-01 15:39:00,PVDAQ_10,51.492,51.67773651372298,-0.18573651372297917,0.18573651372297917
2023-01-01 15:40:00,PVDAQ_10,49.618,50.23053070357142,-0.6125307035714158,0.6125307035714158
2023-01-01 15:41:00,PVDAQ_10,47.079,48.88643795000008,-1.8074379500000788,1.8074379500000788
2023-01-01 15:42:00,PVDAQ_10,44.818,46.08789634999998,-1.269896349999982,1.269896349999982
2023-01-01 15:43:00,PVDAQ_10,42.478,42.22322496460786,0.25477503539214297,0.25477503539214297
2023-01-01 15:44:00,PVDAQ_10,40.749,41.12369470671005,-0.374694706710045,0.374694706710045
2023-01-01 15:45:00,PVDAQ_10,38.886,38.89732628632481,-0.011326286324809587,0.011326286324809587
2023-01-01 15:46:00,PVDAQ_10,38.31,38.495129349572274,-0.18512934957227145,0.18512934957227145
2023-01-01 15:47:00,PVDAQ_10,37.013,37.90910729761909,-0.8961072976190891,0.8961072976190891
2023-01-01 15:48:00,PVDAQ_10,36.858,37.56519211463365,-0.7071921146336564,0.7071921146336564
2023-01-01 15:49:00,PVDAQ_10,36.891,37.32113873513433,-0.4301387351343351,0.4301387351343351
2023-01-01 15:50:00,PVDAQ_10,38.277,37.298551998809494,0.9784480011905075,0.9784480011905075
2023-01-01 15:51:00,PVDAQ_10,38.843,37.50638248809521,1.336617511904791,1.336617511904791
2023-01-01 15:52:00,PVDAQ_10,39.586,38.84146465432906,0.7445353456709398,0.7445353456709398
2023-01-01 15:53:00,PVDAQ_10,39.231,38.78871392232149,0.44228607767851,0.44228607767851
2023-01-01 15:54:00,PVDAQ_10,29.019,32.34165112976194,-3.322651129761944,3.322651129761944
2023-01-01 15:55:00,PVDAQ_10,17.952,32.807030200000064,-14.855030200000062,14.855030200000062
2023-01-01 15:56:00,PVDAQ_10,32.645,31.822428069047678,0.822571930952325,0.822571930952325
2023-01-01 15:57:00,PVDAQ_10,31.902,29.63797539999997,2.264024600000031,2.264024600000031
2023-01-01 15:58:00,PVDAQ_10,29.407,29.335829350000004,0.07117064999999556,0.07117064999999556
2023-01-01 15:59:00,PVDAQ_10,27.278,29.658828558829395,-2.3808285588293963,2.3808285588293963
2023-01-01 16:00:00,PVDAQ_10,24.961,24.815765600000013,0.14523439999998544,0.14523439999998544
2023-01-01 16:01:00,PVDAQ_10,23.364,24.836583549999986,-1.4725835499999853,1.4725835499999853
2023-01-01 16:02:00,PVDAQ_10,21.39,24.16407559999997,-2.774075599999968,2.774075599999968
2023-01-01 16:03:00,PVDAQ_10,18.995,20.801847599999956,-1.806847599999955,1.806847599999955
2023-01-01 16:04:00,PVDAQ_10,16.533,19.863169849999966,-3.3301698499999652,3.3301698499999652
2023-01-01 16:05:00,PVDAQ_10,13.85,17.341217099999984,-3.491217099999984,3.491217099999984
2023-01-01 16:06:00,PVDAQ_10,11.433,13.724109299999993,-2.2911092999999934,2.2911092999999934
2023-01-01 16:07:00,PVDAQ_10,9.9799,11.982973999999986,-2.0030739999999856,2.0030739999999856
2023-01-01 16:08:00,PVDAQ_10,8.3277,11.694938222222214,-3.3672382222222144,3.3672382222222144
2023-01-01 16:09:00,PVDAQ_10,7.0857,7.212689000000012,-0.12698900000001156,0.12698900000001156
2023-01-01 16:10:00,PVDAQ_10,6.2097,6.945426000000008,-0.7357260000000085,0.7357260000000085
2023-01-01 16:11:00,PVDAQ_10,5.5444,5.507246500000003,0.03715349999999784,0.03715349999999784
2023-01-01 16:12:00,PVDAQ_10,5.4668,5.682742071428573,-0.21594207142857247,0.21594207142857247
2023-01-01 16:13:00,PVDAQ_10,5.5888,5.417117500000006,0.17168249999999396,0.17168249999999396
2023-01-01 16:14:00,PVDAQ_10,5.4446,5.298396699999994,0.14620330000000603,0.14620330000000603
2023-01-01 16:15:00,PVDAQ_10,5.5888,4.81252599999999,0.7762740000000097,0.7762740000000097
2023-01-01 16:16:00,PVDAQ_10,5.0011,5.670595571428569,-0.6694955714285689,0.6694955714285689
2023-01-01 16:17:00,PVDAQ_10,4.1694,5.599602999999987,-1.4302029999999863,1.4302029999999863
2023-01-01 16:18:00,PVDAQ_10,2.7389,4.221340599999998,-1.4824405999999977,1.4824405999999977
2023-01-01 16:19:00,PVDAQ_10,1.4859,3.8656023999999936,-2.3797023999999936,2.3797023999999936
2023-01-01 16:20:00,PVDAQ_10,0.55444,2.1404094000000002,-1.5859694000000002,1.5859694000000002
2023-01-01 16:21:00,PVDAQ_10,0.0,0.83333265,-0.83333265,0.83333265
2023-01-01 16:22:00,PVDAQ_10,0.0,0.09882379999999999,-0.09882379999999999,0.09882379999999999
2023-01-01 16:23:00,PVDAQ_10,0.0,0.1565901,-0.1565901,0.1565901
2023-01-01 16:24:00,PVDAQ_10,0.0,0.083277,-0.083277,0.083277
2023-01-01 16:25:00,PVDAQ_10,0.0,0.0222367,-0.0222367,0.0222367
2023-01-01 16:26:00,PVDAQ_10,0.0,0.0,0.0,0.0
2023-01-01 16:27:00,PVDAQ_10,0.0,0.0,0.0,0.0
2023-01-01 16:28:00,PVDAQ_10,0.0,0.0,0.0,0.0
2023-01-01 16:29:00,PVDAQ_10,0.0,0.0,0.0,0.0
2023-01-01 16:30:00,PVDAQ_10,0.0,0.0,0.0,0.0
2023-01-01 16:31:00,PVDAQ_10,0.0,0.0,0.0,0.0
2023-01-01 16:32:00,PVDAQ_10,0.0,0.0,0.0,0.0
2023-01-01 16:33:00,PVDAQ_10,0.0,0.0,0.0,0.0
2023-01-01 16:34:00,PVDAQ_10,0.0,0.0,0.0,0.0
2023-01-01 16:35:00,PVDAQ_10,0.0,0.0,0.0,0.0
2023-01-01 16:36:00,PVDAQ_10,0.0,0.0,0.0,0.0
2023-01-01 16:37:00,PVDAQ_10,0.0,0.0,0.0,0.0
2023-01-01 16:38:00,PVDAQ_10,0.0,0.0,0.0,0.0
2023-01-01 16:39:00,PVDAQ_10,0.0,0.0,0.0,0.0
2023-01-01 16:40:00,PVDAQ_10,0.0,0.0,0.0,0.0
2023-01-01 16:41:00,PVDAQ_10,0.0,0.0,0.0,0.0
2023-01-01 16:42:00,PVDAQ_10,0.0,0.0,0.0,0.0
2023-01-01 16:43:00,PVDAQ_10,0.0,0.0,0.0,0.0
2023-01-01 16:44:00,PVDAQ_10,0.0,0.0,0.0,0.0
2023-01-01 16:45:00,PVDAQ_10,0.0,0.0,0.0,0.0
2023-01-01 16:46:00,PVDAQ_10,0.0,0.0,0.0,0.0
2023-01-01 16:47:00,PVDAQ_10,0.0,0.0,0.0,0.0
2023-01-01 16:48:00,PVDAQ_10,0.0,0.0,0.0,0.0
2023-01-01 16:49:00,PVDAQ_10,0.0,0.0,0.0,0.0
2023-01-01 16:50:00,PVDAQ_10,0.0,0.0,0.0,0.0
2023-01-01 16:51:00,PVDAQ_10,0.0,0.0,0.0,0.0
2023-01-01 16:52:00,PVDAQ_10,0.0,0.0,0.0,0.0
2023-01-01 16:53:00,PVDAQ_10,0.0,0.0,0.0,0.0
2023-01-01 16:54:00,PVDAQ_10,0.0,0.0,0.0,0.0
2023-01-01 16:55:00,PVDAQ_10,0.0,0.0,0.0,0.0
2023-01-01 16:56:00,PVDAQ_10,0.0,0.0,0.0,0.0
2023-01-01 16:57:00,PVDAQ_10,0.0,0.0,0.0,0.0
2023-01-01 16:58:00,PVDAQ_10,0.0,0.0,0.0,0.0
2023-01-01 16:59:00,PVDAQ_10,0.0,0.0,0.0,0.0
2023-01-01 17:00:00,PVDAQ_10,0.0,0.0,0.0,0.0
2023-01-01 17:01:00,PVDAQ_10,0.0,0.0,0.0,0.0
2023-01-01 17:02:00,PVDAQ_10,0.0,0.0,0.0,0.0
2023-01-01 17:03:00,PVDAQ_10,0.0,0.0,0.0,0.0
2023-01-01 17:04:00,PVDAQ_10,0.0,0.0,0.0,0.0
2023-01-01 17:05:00,PVDAQ_10,0.0,0.0,0.0,0.0
2023-01-01 17:06:00,PVDAQ_10,0.0,0.0,0.0,0.0
2023-01-01 17:07:00,PVDAQ_10,0.0,0.0,0.0,0.0
2023-01-01 17:08:00,PVDAQ_10,0.0,0.0,0.0,0.0
2023-01-01 17:09:00,PVDAQ_10,0.0,0.0,0.0,0.0
2023-01-01 17:10:00,PVDAQ_10,0.0,0.0,0.0,0.0
2023-01-01 17:11:00,PVDAQ_10,0.0,0.0,0.0,0.0
2023-01-01 17:12:00,PVDAQ_10,0.0,0.0,0.0,0.0
2023-01-01 17:13:00,PVDAQ_10,0.0,0.0,0.0,0.0
2023-01-01 17:14:00,PVDAQ_10,0.0,0.0,0.0,0.0
2023-01-01 17:15:00,PVDAQ_10,0.0,0.0,0.0,0.0
2023-01-01 17:16:00,PVDAQ_10,0.0,0.0,0.0,0.0
2023-01-01 17:17:00,PVDAQ_10,0.0,0.0,0.0,0.0
2023-01-01 17:18:00,PVDAQ_10,0.0,0.0,0.0,0.0
2023-01-01 17:19:00,PVDAQ_10,0.0,0.0,0.0,0.0
2023-01-01 17:20:00,PVDAQ_10,0.0,0.0,0.0,0.0
2023-01-01 17:21:00,PVDAQ_10,0.0,0.0,0.0,0.0
2023-01-01 17:22:00,PVDAQ_10,0.0,0.0,0.0,0.0
2023-01-01 17:23:00,PVDAQ_10,0.0,0.0,0.0,0.0
2023-01-01 17:24:00,PVDAQ_10,0.0,0.0,0.0,0.0
2023-01-01 17:25:00,PVDAQ_10,0.0,0.0,0.0,0.0
2023-01-01 17:26:00,PVDAQ_10,0.0,0.0,0.0,0.0
2023-01-01 17:27:00,PVDAQ_10,0.0,0.0,0.0,0.0
2023-01-01 17:28:00,PVDAQ_10,0.0,0.0,0.0,0.0
2023-01-01 17:29:00,PVDAQ_10,0.0,0.0,0.0,0.0
2023-01-01 17:30:00,PVDAQ_10,0.0,0.0,0.0,0.0
2023-01-01 17:31:00,PVDAQ_10,0.0,0.0,0.0,0.0
2023-01-01 17:32:00,PVDAQ_10,0.0,0.0,0.0,0.0
2023-01-01 17:33:00,PVDAQ_10,0.0,0.0,0.0,0.0
2023-01-01 17:34:00,PVDAQ_10,0.0,0.0,0.0,0.0
2023-01-01 17:35:00,PVDAQ_10,0.0,0.0,0.0,0.0
2023-01-01 17:36:00,PVDAQ_10,0.0,0.0,0.0,0.0
2023-01-01 17:37:00,PVDAQ_10,0.0,0.0,0.0,0.0
2023-01-01 17:38:00,PVDAQ_10,0.0,0.0,0.0,0.0
2023-01-01 17:39:00,PVDAQ_10,0.0,0.0,0.0,0.0
2023-01-01 17:40:00,PVDAQ_10,0.0,0.0,0.0,0.0
2023-01-01 17:41:00,PVDAQ_10,0.0,0.0,0.0,0.0
2023-01-01 17:42:00,PVDAQ_10,0.0,0.0,0.0,0.0
2023-01-01 17:43:00,PVDAQ_10,0.0,0.0,0.0,0.0
2023-01-01 17:44:00,PVDAQ_10,0.0,0.0,0.0,0.0
2023-01-01 17:45:00,PVDAQ_10,0.0,0.0,0.0,0.0
2023-01-01 17:46:00,PVDAQ_10,0.0,0.0,0.0,0.0
2023-01-01 17:47:00,PVDAQ_10,0.0,0.0,0.0,0.0
2023-01-01 17:48:00,PVDAQ_10,0.0,0.0,0.0,0.0
2023-01-01 17:49:00,PVDAQ_10,0.0,0.0,0.0,0.0
2023-01-01 17:50:00,PVDAQ_10,0.0,0.0,0.0,0.0
2023-01-01 17:51:00,PVDAQ_10,0.0,0.0,0.0,0.0
2023-01-01 17:52:00,PVDAQ_10,0.0,0.0,0.0,0.0
2023-01-01 17:53:00,PVDAQ_10,0.0,0.0,0.0,0.0
2023-01-01 17:54:00,PVDAQ_10,0.0,0.0,0.0,0.0
2023-01-01 17:55:00,PVDAQ_10,0.0,0.0,0.0,0.0
2023-01-01 17:56:00,PVDAQ_10,0.0,0.0,0.0,0.0
2023-01-01 17:57:00,PVDAQ_10,0.0,0.0,0.0,0.0
2023-01-01 17:58:00,PVDAQ_10,0.0,0.0,0.0,0.0
2023-01-01 17:59:00,PVDAQ_10,0.0,0.0,0.0,0.0
2023-01-01 18:00:00,PVDAQ_10,0.0,0.0,0.0,0.0
2023-01-01 18:01:00,PVDAQ_10,0.0,0.0,0.0,0.0
2023-01-01 18:02:00,PVDAQ_10,0.0,0.0,0.0,0.0
2023-01-01 18:03:00,PVDAQ_10,0.0,0.0,0.0,0.0
2023-01-01 18:04:00,PVDAQ_10,0.0,0.0,0.0,0.0
2023-01-01 18:05:00,PVDAQ_10,0.0,0.0,0.0,0.0
2023-01-01 18:06:00,PVDAQ_10,0.0,0.0,0.0,0.0
2023-01-01 18:07:00,PVDAQ_10,0.0,0.0,0.0,0.0
2023-01-01 18:08:00,PVDAQ_10,0.0,0.0,0.0,0.0
2023-01-01 18:09:00,PVDAQ_10,0.0,0.0,0.0,0.0
2023-01-01 18:10:00,PVDAQ_10,0.0,0.0,0.0,0.0
2023-01-01 18:11:00,PVDAQ_10,0.0,0.0,0.0,0.0
2023-01-01 18:12:00,PVDAQ_10,0.0,0.0,0.0,0.0
2023-01-01 18:13:00,PVDAQ_10,0.0,0.0,0.0,0.0
2023-01-01 18:14:00,PVDAQ_10,0.0,0.0,0.0,0.0
2023-01-01 18:15:00,PVDAQ_10,0.0,0.0,0.0,0.0
2023-01-01 18:16:00,PVDAQ_10,0.0,0.0,0.0,0.0
2023-01-01 18:17:00,PVDAQ_10,0.0,0.0,0.0,0.0
2023-01-01 18:18:00,PVDAQ_10,0.0,0.0,0.0,0.0
2023-01-01 18:19:00,PVDAQ_10,0.0,0.0,0.0,0.0
2023-01-01 18:20:00,PVDAQ_10,0.0,0.0,0.0,0.0
2023-01-01 18:21:00,PVDAQ_10,0.0,0.0,0.0,0.0
2023-01-01 18:22:00,PVDAQ_10,0.0,0.0,0.0,0.0
2023-01-01 18:23:00,PVDAQ_10,0.0,0.0,0.0,0.0
2023-01-01 18:24:00,PVDAQ_10,0.0,0.0,0.0,0.0
2023-01-01 18:25:00,PVDAQ_10,0.0,0.0,0.0,0.0
2023-01-01 18:26:00,PVDAQ_10,0.0,0.0,0.0,0.0
2023-01-01 18:27:00,PVDAQ_10,0.0,0.0,0.0,0.0
2023-01-01 18:28:00,PVDAQ_10,0.0,0.0,0.0,0.0
2023-01-01 18:29:00,PVDAQ_10,0.0,0.0,0.0,0.0
2023-01-01 18:30:00,PVDAQ_10,0.0,0.0,0.0,0.0
2023-01-01 18:31:00,PVDAQ_10,0.0,0.0,0.0,0.0
2023-01-01 18:32:00,PVDAQ_10,0.0,0.0,0.0,0.0
2023-01-01 18:33:00,PVDAQ_10,0.0,0.0,0.0,0.0
2023-01-01 18:34:00,PVDAQ_10,0.0,0.0,0.0,0.0
2023-01-01 18:35:00,PVDAQ_10,0.0,0.0,0.0,0.0
2023-01-01 18:36:00,PVDAQ_10,0.0,0.0,0.0,0.0
2023-01-01 18:37:00,PVDAQ_10,0.0,0.0,0.0,0.0
2023-01-01 18:38:00,PVDAQ_10,0.0,0.0,0.0,0.0
2023-01-01 18:39:00,PVDAQ_10,0.0,0.0,0.0,0.0
2023-01-01 18:40:00,PVDAQ_10,0.0,0.0,0.0,0.0
2023-01-01 18:41:00,PVDAQ_10,0.0,0.0,0.0,0.0
2023-01-01 18:42:00,PVDAQ_10,0.0,0.0,0.0,0.0
2023-01-01 18:43:00,PVDAQ_10,0.0,0.0,0.0,0.0
2023-01-01 18:44:00,PVDAQ_10,0.0,0.0,0.0,0.0
2023-01-01 18:45:00,PVDAQ_10,0.0,0.0,0.0,0.0
2023-01-01 18:46:00,PVDAQ_10,0.0,0.0,0.0,0.0
2023-01-01 18:47:00,PVDAQ_10,0.0,0.0,0.0,0.0
2023-01-01 18:48:00,PVDAQ_10,0.0,0.0,0.0,0.0
2023-01-01 18:49:00,PVDAQ_10,0.0,0.0,0.0,0.0
2023-01-01 18:50:00,PVDAQ_10,0.0,0.0,0.0,0.0
2023-01-01 18:51:00,PVDAQ_10,0.0,0.0,0.0,0.0
2023-01-01 18:52:00,PVDAQ_10,0.0,0.0,0.0,0.0
2023-01-01 18:53:00,PVDAQ_10,0.0,0.0,0.0,0.0
2023-01-01 18:54:00,PVDAQ_10,0.0,0.0,0.0,0.0
2023-01-01 18:55:00,PVDAQ_10,0.0,0.0,0.0,0.0
2023-01-01 18:56:00,PVDAQ_10,0.0,0.0,0.0,0.0
2023-01-01 18:57:00,PVDAQ_10,0.0,0.0,0.0,0.0
2023-01-01 18:58:00,PVDAQ_10,0.0,0.0,0.0,0.0
2023-01-01 18:59:00,PVDAQ_10,0.0,0.0,0.0,0.0
2023-01-01 19:00:00,PVDAQ_10,0.0,0.0,0.0,0.0
2023-01-01 19:01:00,PVDAQ_10,0.0,0.0,0.0,0.0
2023-01-01 19:02:00,PVDAQ_10,0.0,0.0,0.0,0.0
2023-01-01 19:03:00,PVDAQ_10,0.0,0.0,0.0,0.0
2023-01-01 19:04:00,PVDAQ_10,0.0,0.0,0.0,0.0
2023-01-01 19:05:00,PVDAQ_10,0.0,0.0,0.0,0.0
2023-01-01 19:06:00,PVDAQ_10,0.0,0.0,0.0,0.0
2023-01-01 19:07:00,PVDAQ_10,0.0,0.0,0.0,0.0
2023-01-01 19:08:00,PVDAQ_10,0.0,0.0,0.0,0.0
2023-01-01 19:09:00,PVDAQ_10,0.0,0.0,0.0,0.0
2023-01-01 19:10:00,PVDAQ_10,0.0,0.0,0.0,0.0
2023-01-01 19:11:00,PVDAQ_10,0.0,0.0,0.0,0.0
2023-01-01 19:12:00,PVDAQ_10,0.0,0.0,0.0,0.0
2023-01-01 19:13:00,PVDAQ_10,0.0,0.0,0.0,0.0
2023-01-01 19:14:00,PVDAQ_10,0.0,0.0,0.0,0.0
2023-01-01 19:15:00,PVDAQ_10,0.0,0.0,0.0,0.0
2023-01-01 19:16:00,PVDAQ_10,0.0,0.0,0.0,0.0
2023-01-01 19:17:00,PVDAQ_10,0.0,0.0,0.0,0.0
2023-01-01 19:18:00,PVDAQ_10,0.0,0.0,0.0,0.0
2023-01-01 19:19:00,PVDAQ_10,0.0,0.0,0.0,0.0
2023-01-01 19:20:00,PVDAQ_10,0.0,0.0,0.0,0.0
2023-01-01 19:21:00,PVDAQ_10,0.0,0.0,0.0,0.0
2023-01-01 19:22:00,PVDAQ_10,0.0,0.0,0.0,0.0
2023-01-01 19:23:00,PVDAQ_10,0.0,0.0,0.0,0.0
2023-01-01 19:24:00,PVDAQ_10,0.0,0.0,0.0,0.0
2023-01-01 19:25:00,PVDAQ_10,0.0,0.0,0.0,0.0
2023-01-01 19:26:00,PVDAQ_10,0.0,0.0,0.0,0.0
2023-01-01 19:27:00,PVDAQ_10,0.0,0.0,0.0,0.0
2023-01-01 19:28:00,PVDAQ_10,0.0,0.0,0.0,0.0
2023-01-01 19:29:00,PVDAQ_10,0.0,0.0,0.0,0.0
2023-01-01 19:30:00,PVDAQ_10,0.0,0.0,0.0,0.0
2023-01-01 19:31:00,PVDAQ_10,0.0,0.0,0.0,0.0
2023-01-01 19:32:00,PVDAQ_10,0.0,0.0,0.0,0.0
2023-01-01 19:33:00,PVDAQ_10,0.0,0.0,0.0,0.0
2023-01-01 19:34:00,PVDAQ_10,0.0,0.0,0.0,0.0
2023-01-01 19:35:00,PVDAQ_10,0.0,0.0,0.0,0.0
2023-01-01 19:36:00,PVDAQ_10,0.0,0.0,0.0,0.0
2023-01-01 19:37:00,PVDAQ_10,0.0,0.0,0.0,0.0
2023-01-01 19:38:00,PVDAQ_10,0.0,0.0,0.0,0.0
2023-01-01 19:39:00,PVDAQ_10,0.0,0.0,0.0,0.0
2023-01-01 19:40:00,PVDAQ_10,0.0,0.0,0.0,0.0
2023-01-01 19:41:00,PVDAQ_10,0.0,0.0,0.0,0.0
2023-01-01 19:42:00,PVDAQ_10,0.0,0.0,0.0,0.0
2023-01-01 19:43:00,PVDAQ_10,0.0,0.0,0.0,0.0
2023-01-01 19:44:00,PVDAQ_10,0.0,0.0,0.0,0.0
2023-01-01 19:45:00,PVDAQ_10,0.0,0.0,0.0,0.0
2023-01-01 19:46:00,PVDAQ_10,0.0,0.0,0.0,0.0
2023-01-01 19:47:00,PVDAQ_10,0.0,0.0,0.0,0.0
2023-01-01 19:48:00,PVDAQ_10,0.0,0.0,0.0,0.0
2023-01-01 19:49:00,PVDAQ_10,0.0,0.0,0.0,0.0
2023-01-01 19:50:00,PVDAQ_10,0.0,0.0,0.0,0.0
2023-01-01 19:51:00,PVDAQ_10,0.0,0.0,0.0,0.0
2023-01-01 19:52:00,PVDAQ_10,0.0,0.0,0.0,0.0
2023-01-01 19:53:00,PVDAQ_10,0.0,0.0,0.0,0.0
2023-01-01 19:54:00,PVDAQ_10,0.0,0.0,0.0,0.0
2023-01-01 19:55:00,PVDAQ_10,0.0,0.0,0.0,0.0
2023-01-01 19:56:00,PVDAQ_10,0.0,0.0,0.0,0.0
2023-01-01 19:57:00,PVDAQ_10,0.0,0.0,0.0,0.0
2023-01-01 19:58:00,PVDAQ_10,0.0,0.0,0.0,0.0
2023-01-01 19:59:00,PVDAQ_10,0.0,0.0,0.0,0.0
2023-01-01 20:00:00,PVDAQ_10,0.0,0.0,0.0,0.0
2023-01-01 20:01:00,PVDAQ_10,0.0,0.0,0.0,0.0
2023-01-01 20:02:00,PVDAQ_10,0.0,0.0,0.0,0.0
2023-01-01 20:03:00,PVDAQ_10,0.0,0.0,0.0,0.0
2023-01-01 20:04:00,PVDAQ_10,0.0,0.0,0.0,0.0
2023-01-01 20:05:00,PVDAQ_10,0.0,0.0,0.0,0.0
2023-01-01 20:06:00,PVDAQ_10,0.0,0.0,0.0,0.0
2023-01-01 20:07:00,PVDAQ_10,0.0,0.0,0.0,0.0
2023-01-01 20:08:00,PVDAQ_10,0.0,0.0,0.0,0.0
2023-01-01 20:09:00,PVDAQ_10,0.0,0.0,0.0,0.0
2023-01-01 20:10:00,PVDAQ_10,0.0,0.0,0.0,0.0
2023-01-01 20:11:00,PVDAQ_10,0.0,0.0,0.0,0.0
2023-01-01 20:12:00,PVDAQ_10,0.0,0.0,0.0,0.0
2023-01-01 20:13:00,PVDAQ_10,0.0,0.0,0.0,0.0
2023-01-01 20:14:00,PVDAQ_10,0.0,0.0,0.0,0.0
2023-01-01 20:15:00,PVDAQ_10,0.0,0.0,0.0,0.0
2023-01-01 20:16:00,PVDAQ_10,0.0,0.0,0.0,0.0
2023-01-01 20:17:00,PVDAQ_10,0.0,0.0,0.0,0.0
2023-01-01 20:18:00,PVDAQ_10,0.0,0.0,0.0,0.0
2023-01-01 20:19:00,PVDAQ_10,0.0,0.0,0.0,0.0
2023-01-01 20:20:00,PVDAQ_10,0.0,0.0,0.0,0.0
2023-01-01 20:21:00,PVDAQ_10,0.0,0.0,0.0,0.0
2023-01-01 20:22:00,PVDAQ_10,0.0,0.0,0.0,0.0
2023-01-01 20:23:00,PVDAQ_10,0.0,0.0,0.0,0.0
2023-01-01 20:24:00,PVDAQ_10,0.0,0.0,0.0,0.0
2023-01-01 20:25:00,PVDAQ_10,0.0,0.0,0.0,0.0
2023-01-01 20:26:00,PVDAQ_10,0.0,0.0,0.0,0.0
2023-01-01 20:27:00,PVDAQ_10,0.0,0.0,0.0,0.0
2023-01-01 20:28:00,PVDAQ_10,0.0,0.0,0.0,0.0
2023-01-01 20:29:00,PVDAQ_10,0.0,0.0,0.0,0.0
2023-01-01 20:30:00,PVDAQ_10,0.0,0.0,0.0,0.0
2023-01-01 20:31:00,PVDAQ_10,0.0,0.0,0.0,0.0
2023-01-01 20:32:00,PVDAQ_10,0.0,0.0,0.0,0.0
2023-01-01 20:33:00,PVDAQ_10,0.0,0.0,0.0,0.0
2023-01-01 20:34:00,PVDAQ_10,0.0,0.0,0.0,0.0
2023-01-01 20:35:00,PVDAQ_10,0.0,0.0,0.0,0.0
2023-01-01 20:36:00,PVDAQ_10,0.0,0.0,0.0,0.0
2023-01-01 20:37:00,PVDAQ_10,0.0,0.0,0.0,0.0
2023-01-01 20:38:00,PVDAQ_10,0.0,0.0,0.0,0.0
2023-01-01 20:39:00,PVDAQ_10,0.0,0.0,0.0,0.0
2023-01-01 20:40:00,PVDAQ_10,0.0,0.0,0.0,0.0
2023-01-01 20:41:00,PVDAQ_10,0.0,0.0,0.0,0.0
2023-01-01 20:42:00,PVDAQ_10,0.0,0.0,0.0,0.0
2023-01-01 20:43:00,PVDAQ_10,0.0,0.0,0.0,0.0
2023-01-01 20:44:00,PVDAQ_10,0.0,0.0,0.0,0.0
2023-01-01 20:45:00,PVDAQ_10,0.0,0.0,0.0,0.0
2023-01-01 20:46:00,PVDAQ_10,0.0,0.0,0.0,0.0
2023-01-01 20:47:00,PVDAQ_10,0.0,0.0,0.0,0.0
2023-01-01 20:48:00,PVDAQ_10,0.0,0.0,0.0,0.0
2023-01-01 20:49:00,PVDAQ_10,0.0,0.0,0.0,0.0
2023-01-01 20:50:00,PVDAQ_10,0.0,0.0,0.0,0.0
2023-01-01 20:51:00,PVDAQ_10,0.0,0.0,0.0,0.0
2023-01-01 20:52:00,PVDAQ_10,0.0,0.0,0.0,0.0
2023-01-01 20:53:00,PVDAQ_10,0.0,0.0,0.0,0.0
2023-01-01 20:54:00,PVDAQ_10,0.0,0.0,0.0,0.0
2023-01-01 20:55:00,PVDAQ_10,0.0,0.0,0.0,0.0
2023-01-01 20:56:00,PVDAQ_10,0.0,0.0,0.0,0.0
2023-01-01 20:57:00,PVDAQ_10,0.0,0.0,0.0,0.0
2023-01-01 20:58:00,PVDAQ_10,0.0,0.0,0.0,0.0
2023-01-01 20:59:00,PVDAQ_10,0.0,0.0,0.0,0.0
2023-01-01 21:00:00,PVDAQ_10,0.0,0.0,0.0,0.0
2023-01-01 21:01:00,PVDAQ_10,0.0,0.0,0.0,0.0
2023-01-01 21:02:00,PVDAQ_10,0.0,0.0,0.0,0.0
2023-01-01 21:03:00,PVDAQ_10,0.0,0.0,0.0,0.0
2023-01-01 21:04:00,PVDAQ_10,0.0,0.0,0.0,0.0
2023-01-01 21:05:00,PVDAQ_10,0.0,0.0,0.0,0.0
2023-01-01 21:06:00,PVDAQ_10,0.0,0.0,0.0,0.0
2023-01-01 21:07:00,PVDAQ_10,0.0,0.0,0.0,0.0
2023-01-01 21:08:00,PVDAQ_10,0.0,0.0,0.0,0.0
2023-01-01 21:09:00,PVDAQ_10,0.0,0.0,0.0,0.0
2023-01-01 21:10:00,PVDAQ_10,0.0,0.0,0.0,0.0
2023-01-01 21:11:00,PVDAQ_10,0.0,0.0,0.0,0.0
2023-01-01 21:12:00,PVDAQ_10,0.0,0.0,0.0,0.0
2023-01-01 21:13:00,PVDAQ_10,0.0,0.0,0.0,0.0
2023-01-01 21:14:00,PVDAQ_10,0.0,0.0,0.0,0.0
2023-01-01 21:15:00,PVDAQ_10,0.0,0.0,0.0,0.0
2023-01-01 21:16:00,PVDAQ_10,0.0,0.0,0.0,0.0
2023-01-01 21:17:00,PVDAQ_10,0.0,0.0,0.0,0.0
2023-01-01 21:18:00,PVDAQ_10,0.0,0.0,0.0,0.0
2023-01-01 21:19:00,PVDAQ_10,0.0,0.0,0.0,0.0
2023-01-01 21:20:00,PVDAQ_10,0.0,0.0,0.0,0.0
2023-01-01 21:21:00,PVDAQ_10,0.0,0.0,0.0,0.0
2023-01-01 21:22:00,PVDAQ_10,0.0,0.0,0.0,0.0
2023-01-01 21:23:00,PVDAQ_10,0.0,0.0,0.0,0.0
2023-01-01 21:24:00,PVDAQ_10,0.0,0.0,0.0,0.0
2023-01-01 21:25:00,PVDAQ_10,0.0,0.0,0.0,0.0
2023-01-01 21:26:00,PVDAQ_10,0.0,0.0,0.0,0.0
2023-01-01 21:27:00,PVDAQ_10,0.0,0.0,0.0,0.0
2023-01-01 21:28:00,PVDAQ_10,0.0,0.0,0.0,0.0
2023-01-01 21:29:00,PVDAQ_10,0.0,0.0,0.0,0.0
2023-01-01 21:30:00,PVDAQ_10,0.0,0.0,0.0,0.0
2023-01-01 21:31:00,PVDAQ_10,0.0,0.0,0.0,0.0
2023-01-01 21:32:00,PVDAQ_10,0.0,0.0,0.0,0.0
2023-01-01 21:33:00,PVDAQ_10,0.0,0.0,0.0,0.0
2023-01-01 21:34:00,PVDAQ_10,0.0,0.0,0.0,0.0
2023-01-01 21:35:00,PVDAQ_10,0.0,0.0,0.0,0.0
2023-01-01 21:36:00,PVDAQ_10,0.0,0.0,0.0,0.0
2023-01-01 21:37:00,PVDAQ_10,0.0,0.0,0.0,0.0
2023-01-01 21:38:00,PVDAQ_10,0.0,0.0,0.0,0.0
2023-01-01 21:39:00,PVDAQ_10,0.0,0.0,0.0,0.0
2023-01-01 21:40:00,PVDAQ_10,0.0,0.0,0.0,0.0
2023-01-01 21:41:00,PVDAQ_10,0.0,0.0,0.0,0.0
2023-01-01 21:42:00,PVDAQ_10,0.0,0.0,0.0,0.0
2023-01-01 21:43:00,PVDAQ_10,0.0,0.0,0.0,0.0
2023-01-01 21:44:00,PVDAQ_10,0.0,0.0,0.0,0.0
2023-01-01 21:45:00,PVDAQ_10,0.0,0.0,0.0,0.0
2023-01-01 21:46:00,PVDAQ_10,0.0,0.0,0.0,0.0
2023-01-01 21:47:00,PVDAQ_10,0.0,0.0,0.0,0.0
2023-01-01 21:48:00,PVDAQ_10,0.0,0.0,0.0,0.0
2023-01-01 21:49:00,PVDAQ_10,0.0,0.0,0.0,0.0
2023-01-01 21:50:00,PVDAQ_10,0.0,0.0,0.0,0.0
2023-01-01 21:51:00,PVDAQ_10,0.0,0.0,0.0,0.0
2023-01-01 21:52:00,PVDAQ_10,0.0,0.0,0.0,0.0
2023-01-01 21:53:00,PVDAQ_10,0.0,0.0,0.0,0.0
2023-01-01 21:54:00,PVDAQ_10,0.0,0.0,0.0,0.0
2023-01-01 21:55:00,PVDAQ_10,0.0,0.0,0.0,0.0
2023-01-01 21:56:00,PVDAQ_10,0.0,0.0,0.0,0.0
2023-01-01 21:57:00,PVDAQ_10,0.0,0.0,0.0,0.0
2023-01-01 21:58:00,PVDAQ_10,0.0,0.0,0.0,0.0
2023-01-01 21:59:00,PVDAQ_10,0.0,0.0,0.0,0.0
2023-01-01 22:00:00,PVDAQ_10,0.0,0.0,0.0,0.0
2023-01-01 22:01:00,PVDAQ_10,0.0,0.0,0.0,0.0
2023-01-01 22:02:00,PVDAQ_10,0.0,0.0,0.0,0.0
2023-01-01 22:03:00,PVDAQ_10,0.0,0.0,0.0,0.0
2023-01-01 22:04:00,PVDAQ_10,0.0,0.0,0.0,0.0
2023-01-01 22:05:00,PVDAQ_10,0.0,0.0,0.0,0.0
2023-01-01 22:06:00,PVDAQ_10,0.0,0.0,0.0,0.0
2023-01-01 22:07:00,PVDAQ_10,0.0,0.0,0.0,0.0
2023-01-01 22:08:00,PVDAQ_10,0.0,0.0,0.0,0.0
2023-01-01 22:09:00,PVDAQ_10,0.0,0.0,0.0,0.0
2023-01-01 22:10:00,PVDAQ_10,0.0,0.0,0.0,0.0
2023-01-01 22:11:00,PVDAQ_10,0.0,0.0,0.0,0.0
2023-01-01 22:12:00,PVDAQ_10,0.0,0.0,0.0,0.0
2023-01-01 22:13:00,PVDAQ_10,0.0,0.0,0.0,0.0
2023-01-01 22:14:00,PVDAQ_10,0.0,0.0,0.0,0.0
2023-01-01 22:15:00,PVDAQ_10,0.0,0.0,0.0,0.0
2023-01-01 22:16:00,PVDAQ_10,0.0,0.0,0.0,0.0
2023-01-01 22:17:00,PVDAQ_10,0.0,0.0,0.0,0.0
2023-01-01 22:18:00,PVDAQ_10,0.0,0.0,0.0,0.0
2023-01-01 22:19:00,PVDAQ_10,0.0,0.0,0.0,0.0
2023-01-01 22:20:00,PVDAQ_10,0.0,0.0,0.0,0.0
2023-01-01 22:21:00,PVDAQ_10,0.0,0.0,0.0,0.0
2023-01-01 22:22:00,PVDAQ_10,0.0,0.0,0.0,0.0
2023-01-01 22:23:00,PVDAQ_10,0.0,0.0,0.0,0.0
2023-01-01 22:24:00,PVDAQ_10,0.0,0.0,0.0,0.0
2023-01-01 22:25:00,PVDAQ_10,0.0,0.0,0.0,0.0
2023-01-01 22:26:00,PVDAQ_10,0.0,0.0,0.0,0.0
2023-01-01 22:27:00,PVDAQ_10,0.0,0.0,0.0,0.0
2023-01-01 22:28:00,PVDAQ_10,0.0,0.0,0.0,0.0
2023-01-01 22:29:00,PVDAQ_10,0.0,0.0,0.0,0.0
2023-01-01 22:30:00,PVDAQ_10,0.0,0.0,0.0,0.0
2023-01-01 22:31:00,PVDAQ_10,0.0,0.0,0.0,0.0
2023-01-01 22:32:00,PVDAQ_10,0.0,0.0,0.0,0.0
2023-01-01 22:33:00,PVDAQ_10,0.0,0.0,0.0,0.0
2023-01-01 22:34:00,PVDAQ_10,0.0,0.0,0.0,0.0
2023-01-01 22:35:00,PVDAQ_10,0.0,0.0,0.0,0.0
2023-01-01 22:36:00,PVDAQ_10,0.0,0.0,0.0,0.0
2023-01-01 22:37:00,PVDAQ_10,0.0,0.0,0.0,0.0
2023-01-01 22:38:00,PVDAQ_10,0.0,0.0,0.0,0.0
2023-01-01 22:39:00,PVDAQ_10,0.0,0.0,0.0,0.0
2023-01-01 22:40:00,PVDAQ_10,0.0,0.0,0.0,0.0
2023-01-01 22:41:00,PVDAQ_10,0.0,0.0,0.0,0.0
2023-01-01 22:42:00,PVDAQ_10,0.0,0.0,0.0,0.0
2023-01-01 22:43:00,PVDAQ_10,0.0,0.0,0.0,0.0
2023-01-01 22:44:00,PVDAQ_10,0.0,0.0,0.0,0.0
2023-01-01 22:45:00,PVDAQ_10,0.0,0.0,0.0,0.0
2023-01-01 22:46:00,PVDAQ_10,0.0,0.0,0.0,0.0
2023-01-01 22:47:00,PVDAQ_10,0.0,0.0,0.0,0.0
2023-01-01 22:48:00,PVDAQ_10,0.0,0.0,0.0,0.0
2023-01-01 22:49:00,PVDAQ_10,0.0,0.0,0.0,0.0
2023-01-01 22:50:00,PVDAQ_10,0.0,0.0,0.0,0.0
2023-01-01 22:51:00,PVDAQ_10,0.0,0.0,0.0,0.0
2023-01-01 22:52:00,PVDAQ_10,0.0,0.0,0.0,0.0
2023-01-01 22:53:00,PVDAQ_10,0.0,0.0,0.0,0.0
2023-01-01 22:54:00,PVDAQ_10,0.0,0.0,0.0,0.0
2023-01-01 22:55:00,PVDAQ_10,0.0,0.0,0.0,0.0
2023-01-01 22:56:00,PVDAQ_10,0.0,0.0,0.0,0.0
2023-01-01 22:57:00,PVDAQ_10,0.0,0.0,0.0,0.0
2023-01-01 22:58:00,PVDAQ_10,0.0,0.0,0.0,0.0
2023-01-01 22:59:00,PVDAQ_10,0.0,0.0,0.0,0.0
2023-01-01 23:00:00,PVDAQ_10,0.0,0.0,0.0,0.0
2023-01-01 23:01:00,PVDAQ_10,0.0,0.0,0.0,0.0
2023-01-01 23:02:00,PVDAQ_10,0.0,0.0,0.0,0.0
2023-01-01 23:03:00,PVDAQ_10,0.0,0.0,0.0,0.0
2023-01-01 23:04:00,PVDAQ_10,0.0,0.0,0.0,0.0
2023-01-01 23:05:00,PVDAQ_10,0.0,0.0,0.0,0.0
2023-01-01 23:06:00,PVDAQ_10,0.0,0.0,0.0,0.0
2023-01-01 23:07:00,PVDAQ_10,0.0,0.0,0.0,0.0
2023-01-01 23:08:00,PVDAQ_10,0.0,0.0,0.0,0.0
2023-01-01 23:09:00,PVDAQ_10,0.0,0.0,0.0,0.0
2023-01-01 23:10:00,PVDAQ_10,0.0,0.0,0.0,0.0
2023-01-01 23:11:00,PVDAQ_10,0.0,0.0,0.0,0.0
2023-01-01 23:12:00,PVDAQ_10,0.0,0.0,0.0,0.0
2023-01-01 23:13:00,PVDAQ_10,0.0,0.0,0.0,0.0
2023-01-01 23:14:00,PVDAQ_10,0.0,0.0,0.0,0.0
2023-01-01 23:15:00,PVDAQ_10,0.0,0.0,0.0,0.0
2023-01-01 23:16:00,PVDAQ_10,0.0,0.0,0.0,0.0
2023-01-01 23:17:00,PVDAQ_10,0.0,0.0,0.0,0.0
2023-01-01 23:18:00,PVDAQ_10,0.0,0.0,0.0,0.0
2023-01-01 23:19:00,PVDAQ_10,0.0,0.0,0.0,0.0
2023-01-01 23:20:00,PVDAQ_10,0.0,0.0,0.0,0.0
2023-01-01 23:21:00,PVDAQ_10,0.0,0.0,0.0,0.0
2023-01-01 23:22:00,PVDAQ_10,0.0,0.0,0.0,0.0
2023-01-01 23:23:00,PVDAQ_10,0.0,0.0,0.0,0.0
2023-01-01 23:24:00,PVDAQ_10,0.0,0.0,0.0,0.0
2023-01-01 23:25:00,PVDAQ_10,0.0,0.0,0.0,0.0
2023-01-01 23:26:00,PVDAQ_10,0.0,0.0,0.0,0.0
2023-01-01 23:27:00,PVDAQ_10,0.0,0.0,0.0,0.0
2023-01-01 23:28:00,PVDAQ_10,0.0,0.0,0.0,0.0
2023-01-01 23:29:00,PVDAQ_10,0.0,0.0,0.0,0.0
2023-01-01 23:30:00,PVDAQ_10,0.0,0.0,0.0,0.0
2023-01-01 23:31:00,PVDAQ_10,0.0,0.0,0.0,0.0
2023-01-01 23:32:00,PVDAQ_10,0.0,0.0,0.0,0.0
2023-01-01 23:33:00,PVDAQ_10,0.0,0.0,0.0,0.0
2023-01-01 23:34:00,PVDAQ_10,0.0,0.0,0.0,0.0
2023-01-01 23:35:00,PVDAQ_10,0.0,0.0,0.0,0.0
2023-01-01 23:36:00,PVDAQ_10,0.0,0.0,0.0,0.0
2023-01-01 23:37:00,PVDAQ_10,0.0,0.0,0.0,0.0
2023-01-01 23:38:00,PVDAQ_10,0.0,0.0,0.0,0.0
2023-01-01 23:39:00,PVDAQ_10,0.0,0.0,0.0,0.0
2023-01-01 23:40:00,PVDAQ_10,0.0,0.0,0.0,0.0
2023-01-01 23:41:00,PVDAQ_10,0.0,0.0,0.0,0.0
2023-01-01 23:42:00,PVDAQ_10,0.0,0.0,0.0,0.0
2023-01-01 23:43:00,PVDAQ_10,0.0,0.0,0.0,0.0
2023-01-01 23:44:00,PVDAQ_10,0.0,0.0,0.0,0.0
2023-01-01 23:45:00,PVDAQ_10,0.0,0.0,0.0,0.0
2023-01-01 23:46:00,PVDAQ_10,0.0,0.0,0.0,0.0
2023-01-01 23:47:00,PVDAQ_10,0.0,0.0,0.0,0.0
2023-01-01 23:48:00,PVDAQ_10,0.0,0.0,0.0,0.0
2023-01-01 23:49:00,PVDAQ_10,0.0,0.0,0.0,0.0
2023-01-01 23:50:00,PVDAQ_10,0.0,0.0,0.0,0.0
2023-01-01 23:51:00,PVDAQ_10,0.0,0.0,0.0,0.0
2023-01-01 23:52:00,PVDAQ_10,0.0,0.0,0.0,0.0
2023-01-01 23:53:00,PVDAQ_10,0.0,0.0,0.0,0.0
2023-01-01 23:54:00,PVDAQ_10,0.0,0.0,0.0,0.0
2023-01-01 23:55:00,PVDAQ_10,0.0,0.0,0.0,0.0
2023-01-01 23:56:00,PVDAQ_10,0.0,0.0,0.0,0.0
2023-01-01 23:57:00,PVDAQ_10,0.0,0.0,0.0,0.0
2023-01-01 23:58:00,PVDAQ_10,0.0,0.0,0.0,0.0
2023-01-01 23:59:00,PVDAQ_10,0.0,0.0,0.0,0.0
2023-01-02 00:00:00,PVDAQ_10,0.0,0.0,0.0,0.0
2023-01-02 00:01:00,PVDAQ_10,0.0,0.0,0.0,0.0
2023-01-02 00:02:00,PVDAQ_10,0.0,0.0,0.0,0.0
2023-01-02 00:03:00,PVDAQ_10,0.0,0.0,0.0,0.0
2023-01-02 00:04:00,PVDAQ_10,0.0,0.0,0.0,0.0
2023-01-02 00:05:00,PVDAQ_10,0.0,0.0,0.0,0.0
2023-01-02 00:06:00,PVDAQ_10,0.0,0.0,0.0,0.0
2023-01-02 00:07:00,PVDAQ_10,0.0,0.0,0.0,0.0
2023-01-02 00:08:00,PVDAQ_10,0.0,0.0,0.0,0.0
2023-01-02 00:09:00,PVDAQ_10,0.0,0.0,0.0,0.0
2023-01-02 00:10:00,PVDAQ_10,0.0,0.0,0.0,0.0
2023-01-02 00:11:00,PVDAQ_10,0.0,0.0,0.0,0.0
2023-01-02 00:12:00,PVDAQ_10,0.0,0.0,0.0,0.0
2023-01-02 00:13:00,PVDAQ_10,0.0,0.0,0.0,0.0
2023-01-02 00:14:00,PVDAQ_10,0.0,0.0,0.0,0.0
2023-01-02 00:15:00,PVDAQ_10,0.0,0.0,0.0,0.0
2023-01-02 00:16:00,PVDAQ_10,0.0,0.0,0.0,0.0
2023-01-02 00:17:00,PVDAQ_10,0.0,0.0,0.0,0.0
2023-01-02 00:18:00,PVDAQ_10,0.0,0.0,0.0,0.0
2023-01-02 00:19:00,PVDAQ_10,0.0,0.0,0.0,0.0
2023-01-02 00:20:00,PVDAQ_10,0.0,0.0,0.0,0.0
2023-01-02 00:21:00,PVDAQ_10,0.0,0.0,0.0,0.0
2023-01-02 00:22:00,PVDAQ_10,0.0,0.0,0.0,0.0
2023-01-02 00:23:00,PVDAQ_10,0.0,0.0,0.0,0.0
2023-01-02 00:24:00,PVDAQ_10,0.0,0.0,0.0,0.0
2023-01-02 00:25:00,PVDAQ_10,0.0,0.0,0.0,0.0
2023-01-02 00:26:00,PVDAQ_10,0.0,0.0,0.0,0.0
2023-01-02 00:27:00,PVDAQ_10,0.0,0.0,0.0,0.0
2023-01-02 00:28:00,PVDAQ_10,0.0,0.0,0.0,0.0
2023-01-02 00:29:00,PVDAQ_10,0.0,0.0,0.0,0.0
2023-01-02 00:30:00,PVDAQ_10,0.0,0.0,0.0,0.0
2023-01-02 00:31:00,PVDAQ_10,0.0,0.0,0.0,0.0
2023-01-02 00:32:00,PVDAQ_10,0.0,0.0,0.0,0.0
2023-01-02 00:33:00,PVDAQ_10,0.0,0.0,0.0,0.0
2023-01-02 00:34:00,PVDAQ_10,0.0,0.0,0.0,0.0
2023-01-02 00:35:00,PVDAQ_10,0.0,0.0,0.0,0.0
2023-01-02 00:36:00,PVDAQ_10,0.0,0.0,0.0,0.0
2023-01-02 00:37:00,PVDAQ_10,0.0,0.0,0.0,0.0
2023-01-02 00:38:00,PVDAQ_10,0.0,0.0,0.0,0.0
2023-01-02 00:39:00,PVDAQ_10,0.0,0.0,0.0,0.0
2023-01-02 00:40:00,PVDAQ_10,0.0,0.0,0.0,0.0
2023-01-02 00:41:00,PVDAQ_10,0.0,0.0,0.0,0.0
2023-01-02 00:42:00,PVDAQ_10,0.0,0.0,0.0,0.0
2023-01-02 00:43:00,PVDAQ_10,0.0,0.0,0.0,0.0
2023-01-02 00:44:00,PVDAQ_10,0.0,0.0,0.0,0.0
2023-01-02 00:45:00,PVDAQ_10,0.0,0.0,0.0,0.0
2023-01-02 00:46:00,PVDAQ_10,0.0,0.0,0.0,0.0
2023-01-02 00:47:00,PVDAQ_10,0.0,0.0,0.0,0.0
2023-01-02 00:48:00,PVDAQ_10,0.0,0.0,0.0,0.0
2023-01-02 00:49:00,PVDAQ_10,0.0,0.0,0.0,0.0
2023-01-02 00:50:00,PVDAQ_10,0.0,0.0,0.0,0.0
2023-01-02 00:51:00,PVDAQ_10,0.0,0.0,0.0,0.0
2023-01-02 00:52:00,PVDAQ_10,0.0,0.0,0.0,0.0
2023-01-02 00:53:00,PVDAQ_10,0.0,0.0,0.0,0.0
2023-01-02 00:54:00,PVDAQ_10,0.0,0.0,0.0,0.0
2023-01-02 00:55:00,PVDAQ_10,0.0,0.0,0.0,0.0
2023-01-02 00:56:00,PVDAQ_10,0.0,0.0,0.0,0.0
2023-01-02 00:57:00,PVDAQ_10,0.0,0.0,0.0,0.0
2023-01-02 00:58:00,PVDAQ_10,0.0,0.0,0.0,0.0
2023-01-02 00:59:00,PVDAQ_10,0.0,0.0,0.0,0.0
2023-01-02 01:00:00,PVDAQ_10,0.0,0.0,0.0,0.0
2023-01-02 01:01:00,PVDAQ_10,0.0,0.0,0.0,0.0
2023-01-02 01:02:00,PVDAQ_10,0.0,0.0,0.0,0.0
2023-01-02 01:03:00,PVDAQ_10,0.0,0.0,0.0,0.0
2023-01-02 01:04:00,PVDAQ_10,0.0,0.0,0.0,0.0
2023-01-02 01:05:00,PVDAQ_10,0.0,0.0,0.0,0.0
2023-01-02 01:06:00,PVDAQ_10,0.0,0.0,0.0,0.0
2023-01-02 01:07:00,PVDAQ_10,0.0,0.0,0.0,0.0
2023-01-02 01:08:00,PVDAQ_10,0.0,0.0,0.0,0.0
2023-01-02 01:09:00,PVDAQ_10,0.0,0.0,0.0,0.0
2023-01-02 01:10:00,PVDAQ_10,0.0,0.0,0.0,0.0
2023-01-02 01:11:00,PVDAQ_10,0.0,0.0,0.0,0.0
2023-01-02 01:12:00,PVDAQ_10,0.0,0.0,0.0,0.0
2023-01-02 01:13:00,PVDAQ_10,0.0,0.0,0.0,0.0
2023-01-02 01:14:00,PVDAQ_10,0.0,0.0,0.0,0.0
2023-01-02 01:15:00,PVDAQ_10,0.0,0.0,0.0,0.0
2023-01-02 01:16:00,PVDAQ_10,0.0,0.0,0.0,0.0
2023-01-02 01:17:00,PVDAQ_10,0.0,0.0,0.0,0.0
2023-01-02 01:18:00,PVDAQ_10,0.0,0.0,0.0,0.0
2023-01-02 01:19:00,PVDAQ_10,0.0,0.0,0.0,0.0
2023-01-02 01:20:00,PVDAQ_10,0.0,0.0,0.0,0.0
2023-01-02 01:21:00,PVDAQ_10,0.0,0.0,0.0,0.0
2023-01-02 01:22:00,PVDAQ_10,0.0,0.0,0.0,0.0
2023-01-02 01:23:00,PVDAQ_10,0.0,0.0,0.0,0.0
2023-01-02 01:24:00,PVDAQ_10,0.0,0.0,0.0,0.0
2023-01-02 01:25:00,PVDAQ_10,0.0,0.0,0.0,0.0
2023-01-02 01:26:00,PVDAQ_10,0.0,0.0,0.0,0.0
2023-01-02 01:27:00,PVDAQ_10,0.0,0.0,0.0,0.0
2023-01-02 01:28:00,PVDAQ_10,0.0,0.0,0.0,0.0
2023-01-02 01:29:00,PVDAQ_10,0.0,0.0,0.0,0.0
2023-01-02 01:30:00,PVDAQ_10,0.0,0.0,0.0,0.0
2023-01-02 01:31:00,PVDAQ_10,0.0,0.0,0.0,0.0
2023-01-02 01:32:00,PVDAQ_10,0.0,0.0,0.0,0.0
2023-01-02 01:33:00,PVDAQ_10,0.0,0.0,0.0,0.0
2023-01-02 01:34:00,PVDAQ_10,0.0,0.0,0.0,0.0
2023-01-02 01:35:00,PVDAQ_10,0.0,0.0,0.0,0.0
2023-01-02 01:36:00,PVDAQ_10,0.0,0.0,0.0,0.0
2023-01-02 01:37:00,PVDAQ_10,0.0,0.0,0.0,0.0
2023-01-02 01:38:00,PVDAQ_10,0.0,0.0,0.0,0.0
2023-01-02 01:39:00,PVDAQ_10,0.0,0.0,0.0,0.0
2023-01-02 01:40:00,PVDAQ_10,0.0,0.0,0.0,0.0
2023-01-02 01:41:00,PVDAQ_10,0.0,0.0,0.0,0.0
2023-01-02 01:42:00,PVDAQ_10,0.0,0.0,0.0,0.0
2023-01-02 01:43:00,PVDAQ_10,0.0,0.0,0.0,0.0
2023-01-02 01:44:00,PVDAQ_10,0.0,0.0,0.0,0.0
2023-01-02 01:45:00,PVDAQ_10,0.0,0.0,0.0,0.0
2023-01-02 01:46:00,PVDAQ_10,0.0,0.0,0.0,0.0
2023-01-02 01:47:00,PVDAQ_10,0.0,0.0,0.0,0.0
2023-01-02 01:48:00,PVDAQ_10,0.0,0.0,0.0,0.0
2023-01-02 01:49:00,PVDAQ_10,0.0,0.0,0.0,0.0
2023-01-02 01:50:00,PVDAQ_10,0.0,0.0,0.0,0.0
2023-01-02 01:51:00,PVDAQ_10,0.0,0.0,0.0,0.0
2023-01-02 01:52:00,PVDAQ_10,0.0,0.0,0.0,0.0
2023-01-02 01:53:00,PVDAQ_10,0.0,0.0,0.0,0.0
2023-01-02 01:54:00,PVDAQ_10,0.0,0.0,0.0,0.0
2023-01-02 01:55:00,PVDAQ_10,0.0,0.0,0.0,0.0
2023-01-02 01:56:00,PVDAQ_10,0.0,0.0,0.0,0.0
2023-01-02 01:57:00,PVDAQ_10,0.0,0.0,0.0,0.0
2023-01-02 01:58:00,PVDAQ_10,0.0,0.0,0.0,0.0
2023-01-02 01:59:00,PVDAQ_10,0.0,0.0,0.0,0.0
2023-01-02 02:00:00,PVDAQ_10,0.0,0.0,0.0,0.0
2023-01-02 02:01:00,PVDAQ_10,0.0,0.0,0.0,0.0
2023-01-02 02:02:00,PVDAQ_10,0.0,0.0,0.0,0.0
2023-01-02 02:03:00,PVDAQ_10,0.0,0.0,0.0,0.0
2023-01-02 02:04:00,PVDAQ_10,0.0,0.0,0.0,0.0
2023-01-02 02:05:00,PVDAQ_10,0.0,0.0,0.0,0.0
2023-01-02 02:06:00,PVDAQ_10,0.0,0.0,0.0,0.0
2023-01-02 02:07:00,PVDAQ_10,0.0,0.0,0.0,0.0
2023-01-02 02:08:00,PVDAQ_10,0.0,0.0,0.0,0.0
2023-01-02 02:09:00,PVDAQ_10,0.0,0.0,0.0,0.0
2023-01-02 02:10:00,PVDAQ_10,0.0,0.0,0.0,0.0
2023-01-02 02:11:00,PVDAQ_10,0.0,0.0,0.0,0.0
2023-01-02 02:12:00,PVDAQ_10,0.0,0.0,0.0,0.0
2023-01-02 02:13:00,PVDAQ_10,0.0,0.0,0.0,0.0
2023-01-02 02:14:00,PVDAQ_10,0.0,0.0,0.0,0.0
2023-01-02 02:15:00,PVDAQ_10,0.0,0.0,0.0,0.0
2023-01-02 02:16:00,PVDAQ_10,0.0,0.0,0.0,0.0
2023-01-02 02:17:00,PVDAQ_10,0.0,0.0,0.0,0.0
2023-01-02 02:18:00,PVDAQ_10,0.0,0.0,0.0,0.0
2023-01-02 02:19:00,PVDAQ_10,0.0,0.0,0.0,0.0
2023-01-02 02:20:00,PVDAQ_10,0.0,0.0,0.0,0.0
2023-01-02 02:21:00,PVDAQ_10,0.0,0.0,0.0,0.0
2023-01-02 02:22:00,PVDAQ_10,0.0,0.0,0.0,0.0
2023-01-02 02:23:00,PVDAQ_10,0.0,0.0,0.0,0.0
2023-01-02 02:24:00,PVDAQ_10,0.0,0.0,0.0,0.0
2023-01-02 02:25:00,PVDAQ_10,0.0,0.0,0.0,0.0
2023-01-02 02:26:00,PVDAQ_10,0.0,0.0,0.0,0.0
2023-01-02 02:27:00,PVDAQ_10,0.0,0.0,0.0,0.0
2023-01-02 02:28:00,PVDAQ_10,0.0,0.0,0.0,0.0
2023-01-02 02:29:00,PVDAQ_10,0.0,0.0,0.0,0.0
2023-01-02 02:30:00,PVDAQ_10,0.0,0.0,0.0,0.0
2023-01-02 02:31:00,PVDAQ_10,0.0,0.0,0.0,0.0
2023-01-02 02:32:00,PVDAQ_10,0.0,0.0,0.0,0.0
2023-01-02 02:33:00,PVDAQ_10,0.0,0.0,0.0,0.0
2023-01-02 02:34:00,PVDAQ_10,0.0,0.0,0.0,0.0
2023-01-02 02:35:00,PVDAQ_10,0.0,0.0,0.0,0.0
2023-01-02 02:36:00,PVDAQ_10,0.0,0.0,0.0,0.0
2023-01-02 02:37:00,PVDAQ_10,0.0,0.0,0.0,0.0
2023-01-02 02:38:00,PVDAQ_10,0.0,0.0,0.0,0.0
2023-01-02 02:39:00,PVDAQ_10,0.0,0.0,0.0,0.0
2023-01-02 02:40:00,PVDAQ_10,0.0,0.0,0.0,0.0
2023-01-02 02:41:00,PVDAQ_10,0.0,0.0,0.0,0.0
2023-01-02 02:42:00,PVDAQ_10,0.0,0.0,0.0,0.0
2023-01-02 02:43:00,PVDAQ_10,0.0,0.0,0.0,0.0
2023-01-02 02:44:00,PVDAQ_10,0.0,0.0,0.0,0.0
2023-01-02 02:45:00,PVDAQ_10,0.0,0.0,0.0,0.0
2023-01-02 02:46:00,PVDAQ_10,0.0,0.0,0.0,0.0
2023-01-02 02:47:00,PVDAQ_10,0.0,0.0,0.0,0.0
2023-01-02 02:48:00,PVDAQ_10,0.0,0.0,0.0,0.0
2023-01-02 02:49:00,PVDAQ_10,0.0,0.0,0.0,0.0
2023-01-02 02:50:00,PVDAQ_10,0.0,0.0,0.0,0.0
2023-01-02 02:51:00,PVDAQ_10,0.0,0.0,0.0,0.0
2023-01-02 02:52:00,PVDAQ_10,0.0,0.0,0.0,0.0
2023-01-02 02:53:00,PVDAQ_10,0.0,0.0,0.0,0.0
2023-01-02 02:54:00,PVDAQ_10,0.0,0.0,0.0,0.0
2023-01-02 02:55:00,PVDAQ_10,0.0,0.0,0.0,0.0
2023-01-02 02:56:00,PVDAQ_10,0.0,0.0,0.0,0.0
2023-01-02 02:57:00,PVDAQ_10,0.0,0.0,0.0,0.0
2023-01-02 02:58:00,PVDAQ_10,0.0,0.0,0.0,0.0
2023-01-02 02:59:00,PVDAQ_10,0.0,0.0,0.0,0.0
2023-01-02 03:00:00,PVDAQ_10,0.0,0.0,0.0,0.0
2023-01-02 03:01:00,PVDAQ_10,0.0,0.0,0.0,0.0
2023-01-02 03:02:00,PVDAQ_10,0.0,0.0,0.0,0.0
2023-01-02 03:03:00,PVDAQ_10,0.0,0.0,0.0,0.0
2023-01-02 03:04:00,PVDAQ_10,0.0,0.0,0.0,0.0
2023-01-02 03:05:00,PVDAQ_10,0.0,0.0,0.0,0.0
2023-01-02 03:06:00,PVDAQ_10,0.0,0.0,0.0,0.0
2023-01-02 03:07:00,PVDAQ_10,0.0,0.0,0.0,0.0
2023-01-02 03:08:00,PVDAQ_10,0.0,0.0,0.0,0.0
2023-01-02 03:09:00,PVDAQ_10,0.0,0.0,0.0,0.0
2023-01-02 03:10:00,PVDAQ_10,0.0,0.0,0.0,0.0
2023-01-02 03:11:00,PVDAQ_10,0.0,0.0,0.0,0.0
2023-01-02 03:12:00,PVDAQ_10,0.0,0.0,0.0,0.0
2023-01-02 03:13:00,PVDAQ_10,0.0,0.0,0.0,0.0
2023-01-02 03:14:00,PVDAQ_10,0.0,0.0,0.0,0.0
2023-01-02 03:15:00,PVDAQ_10,0.0,0.0,0.0,0.0
2023-01-02 03:16:00,PVDAQ_10,0.0,0.0,0.0,0.0
2023-01-02 03:17:00,PVDAQ_10,0.0,0.0,0.0,0.0
2023-01-02 03:18:00,PVDAQ_10,0.0,0.0,0.0,0.0
2023-01-02 03:19:00,PVDAQ_10,0.0,0.0,0.0,0.0
2023-01-02 03:20:00,PVDAQ_10,0.0,0.0,0.0,0.0
2023-01-02 03:21:00,PVDAQ_10,0.0,0.0,0.0,0.0
2023-01-02 03:22:00,PVDAQ_10,0.0,0.0,0.0,0.0
2023-01-02 03:23:00,PVDAQ_10,0.0,0.0,0.0,0.0
2023-01-02 03:24:00,PVDAQ_10,0.0,0.0,0.0,0.0
2023-01-02 03:25:00,PVDAQ_10,0.0,0.0,0.0,0.0
2023-01-02 03:26:00,PVDAQ_10,0.0,0.0,0.0,0.0
2023-01-02 03:27:00,PVDAQ_10,0.0,0.0,0.0,0.0
2023-01-02 03:28:00,PVDAQ_10,0.0,0.0,0.0,0.0
2023-01-02 03:29:00,PVDAQ_10,0.0,0.0,0.0,0.0
2023-01-02 03:30:00,PVDAQ_10,0.0,0.0,0.0,0.0
2023-01-02 03:31:00,PVDAQ_10,0.0,0.0,0.0,0.0
2023-01-02 03:32:00,PVDAQ_10,0.0,0.0,0.0,0.0
2023-01-02 03:33:00,PVDAQ_10,0.0,0.0,0.0,0.0
2023-01-02 03:34:00,PVDAQ_10,0.0,0.0,0.0,0.0
2023-01-02 03:35:00,PVDAQ_10,0.0,0.0,0.0,0.0
2023-01-02 03:36:00,PVDAQ_10,0.0,0.0,0.0,0.0
2023-01-02 03:37:00,PVDAQ_10,0.0,0.0,0.0,0.0
2023-01-02 03:38:00,PVDAQ_10,0.0,0.0,0.0,0.0
2023-01-02 03:39:00,PVDAQ_10,0.0,0.0,0.0,0.0
2023-01-02 03:40:00,PVDAQ_10,0.0,0.0,0.0,0.0
2023-01-02 03:41:00,PVDAQ_10,0.0,0.0,0.0,0.0
2023-01-02 03:42:00,PVDAQ_10,0.0,0.0,0.0,0.0
2023-01-02 03:43:00,PVDAQ_10,0.0,0.0,0.0,0.0
2023-01-02 03:44:00,PVDAQ_10,0.0,0.0,0.0,0.0
2023-01-02 03:45:00,PVDAQ_10,0.0,0.0,0.0,0.0
2023-01-02 03:46:00,PVDAQ_10,0.0,0.0,0.0,0.0
2023-01-02 03:47:00,PVDAQ_10,0.0,0.0,0.0,0.0
2023-01-02 03:48:00,PVDAQ_10,0.0,0.0,0.0,0.0
2023-01-02 03:49:00,PVDAQ_10,0.0,0.0,0.0,0.0
2023-01-02 03:50:00,PVDAQ_10,0.0,0.0,0.0,0.0
2023-01-02 03:51:00,PVDAQ_10,0.0,0.0,0.0,0.0
2023-01-02 03:52:00,PVDAQ_10,0.0,0.0,0.0,0.0
2023-01-02 03:53:00,PVDAQ_10,0.0,0.0,0.0,0.0
2023-01-02 03:54:00,PVDAQ_10,0.0,0.0,0.0,0.0
2023-01-02 03:55:00,PVDAQ_10,0.0,0.0,0.0,0.0
2023-01-02 03:56:00,PVDAQ_10,0.0,0.0,0.0,0.0
2023-01-02 03:57:00,PVDAQ_10,0.0,0.0,0.0,0.0
2023-01-02 03:58:00,PVDAQ_10,0.0,0.0,0.0,0.0
2023-01-02 03:59:00,PVDAQ_10,0.0,0.0,0.0,0.0
2023-01-02 04:00:00,PVDAQ_10,0.0,0.0,0.0,0.0
2023-01-02 04:01:00,PVDAQ_10,0.0,0.0,0.0,0.0
2023-01-02 04:02:00,PVDAQ_10,0.0,0.0,0.0,0.0
2023-01-02 04:03:00,PVDAQ_10,0.0,0.0,0.0,0.0
2023-01-02 04:04:00,PVDAQ_10,0.0,0.0,0.0,0.0
2023-01-02 04:05:00,PVDAQ_10,0.0,0.0,0.0,0.0
2023-01-02 04:06:00,PVDAQ_10,0.0,0.0,0.0,0.0
2023-01-02 04:07:00,PVDAQ_10,0.0,0.0,0.0,0.0
2023-01-02 04:08:00,PVDAQ_10,0.0,0.0,0.0,0.0
2023-01-02 04:09:00,PVDAQ_10,0.0,0.0,0.0,0.0
2023-01-02 04:10:00,PVDAQ_10,0.0,0.0,0.0,0.0
2023-01-02 04:11:00,PVDAQ_10,0.0,0.0,0.0,0.0
2023-01-02 04:12:00,PVDAQ_10,0.0,0.0,0.0,0.0
2023-01-02 04:13:00,PVDAQ_10,0.0,0.0,0.0,0.0
2023-01-02 04:14:00,PVDAQ_10,0.0,0.0,0.0,0.0
2023-01-02 04:15:00,PVDAQ_10,0.0,0.0,0.0,0.0
2023-01-02 04:16:00,PVDAQ_10,0.0,0.0,0.0,0.0
2023-01-02 04:17:00,PVDAQ_10,0.0,0.0,0.0,0.0
2023-01-02 04:18:00,PVDAQ_10,0.0,0.0,0.0,0.0
2023-01-02 04:19:00,PVDAQ_10,0.0,0.0,0.0,0.0
2023-01-02 04:20:00,PVDAQ_10,0.0,0.0,0.0,0.0
2023-01-02 04:21:00,PVDAQ_10,0.0,0.0,0.0,0.0
2023-01-02 04:22:00,PVDAQ_10,0.0,0.0,0.0,0.0
2023-01-02 04:23:00,PVDAQ_10,0.0,0.0,0.0,0.0
2023-01-02 04:24:00,PVDAQ_10,0.0,0.0,0.0,0.0
2023-01-02 04:25:00,PVDAQ_10,0.0,0.0,0.0,0.0
2023-01-02 04:26:00,PVDAQ_10,0.0,0.0,0.0,0.0
2023-01-02 04:27:00,PVDAQ_10,0.0,0.0,0.0,0.0
2023-01-02 04:28:00,PVDAQ_10,0.0,0.0,0.0,0.0
2023-01-02 04:29:00,PVDAQ_10,0.0,0.0,0.0,0.0
2023-01-02 04:30:00,PVDAQ_10,0.0,0.0,0.0,0.0
2023-01-02 04:31:00,PVDAQ_10,0.0,0.0,0.0,0.0
2023-01-02 04:32:00,PVDAQ_10,0.0,0.0,0.0,0.0
2023-01-02 04:33:00,PVDAQ_10,0.0,0.0,0.0,0.0
2023-01-02 04:34:00,PVDAQ_10,0.0,0.0,0.0,0.0
2023-01-02 04:35:00,PVDAQ_10,0.0,0.0,0.0,0.0
2023-01-02 04:36:00,PVDAQ_10,0.0,0.0,0.0,0.0
2023-01-02 04:37:00,PVDAQ_10,0.0,0.0,0.0,0.0
2023-01-02 04:38:00,PVDAQ_10,0.0,0.0,0.0,0.0
2023-01-02 04:39:00,PVDAQ_10,0.0,0.0,0.0,0.0
2023-01-02 04:40:00,PVDAQ_10,0.0,0.0,0.0,0.0
2023-01-02 04:41:00,PVDAQ_10,0.0,0.0,0.0,0.0
2023-01-02 04:42:00,PVDAQ_10,0.0,0.0,0.0,0.0
2023-01-02 04:43:00,PVDAQ_10,0.0,0.0,0.0,0.0
2023-01-02 04:44:00,PVDAQ_10,0.0,0.0,0.0,0.0
2023-01-02 04:45:00,PVDAQ_10,0.0,0.0,0.0,0.0
2023-01-02 04:46:00,PVDAQ_10,0.0,0.0,0.0,0.0
2023-01-02 04:47:00,PVDAQ_10,0.0,0.0,0.0,0.0
2023-01-02 04:48:00,PVDAQ_10,0.0,0.0,0.0,0.0
2023-01-02 04:49:00,PVDAQ_10,0.0,0.0,0.0,0.0
2023-01-02 04:50:00,PVDAQ_10,0.0,0.0,0.0,0.0
2023-01-02 04:51:00,PVDAQ_10,0.0,0.0,0.0,0.0
2023-01-02 04:52:00,PVDAQ_10,0.0,0.0,0.0,0.0
2023-01-02 04:53:00,PVDAQ_10,0.0,0.0,0.0,0.0
2023-01-02 04:54:00,PVDAQ_10,0.0,0.0,0.0,0.0
2023-01-02 04:55:00,PVDAQ_10,0.0,0.0,0.0,0.0
2023-01-02 04:56:00,PVDAQ_10,0.0,0.0,0.0,0.0
2023-01-02 04:57:00,PVDAQ_10,0.0,0.0,0.0,0.0
2023-01-02 04:58:00,PVDAQ_10,0.0,0.0,0.0,0.0
2023-01-02 04:59:00,PVDAQ_10,0.0,0.0,0.0,0.0
2023-01-02 05:00:00,PVDAQ_10,0.0,0.0,0.0,0.0
2023-01-02 05:01:00,PVDAQ_10,0.0,0.0,0.0,0.0
2023-01-02 05:02:00,PVDAQ_10,0.0,0.0,0.0,0.0
2023-01-02 05:03:00,PVDAQ_10,0.0,0.0,0.0,0.0
2023-01-02 05:04:00,PVDAQ_10,0.0,0.0,0.0,0.0
2023-01-02 05:05:00,PVDAQ_10,0.0,0.0,0.0,0.0
2023-01-02 05:06:00,PVDAQ_10,0.0,0.0,0.0,0.0
2023-01-02 05:07:00,PVDAQ_10,0.0,0.0,0.0,0.0
2023-01-02 05:08:00,PVDAQ_10,0.0,0.0,0.0,0.0
2023-01-02 05:09:00,PVDAQ_10,0.0,0.0,0.0,0.0
2023-01-02 05:10:00,PVDAQ_10,0.0,0.0,0.0,0.0
2023-01-02 05:11:00,PVDAQ_10,0.0,0.0,0.0,0.0
2023-01-02 05:12:00,PVDAQ_10,0.0,0.0,0.0,0.0
2023-01-02 05:13:00,PVDAQ_10,0.0,0.0,0.0,0.0
2023-01-02 05:14:00,PVDAQ_10,0.0,0.0,0.0,0.0
2023-01-02 05:15:00,PVDAQ_10,0.0,0.0,0.0,0.0
2023-01-02 05:16:00,PVDAQ_10,0.0,0.0,0.0,0.0
2023-01-02 05:17:00,PVDAQ_10,0.0,0.0,0.0,0.0
2023-01-02 05:18:00,PVDAQ_10,0.0,0.0,0.0,0.0
2023-01-02 05:19:00,PVDAQ_10,0.0,0.0,0.0,0.0
2023-01-02 05:20:00,PVDAQ_10,0.0,0.0,0.0,0.0
2023-01-02 05:21:00,PVDAQ_10,0.0,0.0,0.0,0.0
2023-01-02 05:22:00,PVDAQ_10,0.0,0.0,0.0,0.0
2023-01-02 05:23:00,PVDAQ_10,0.0,0.0,0.0,0.0
2023-01-02 05:24:00,PVDAQ_10,0.0,0.0,0.0,0.0
2023-01-02 05:25:00,PVDAQ_10,0.0,0.0,0.0,0.0
2023-01-02 05:26:00,PVDAQ_10,0.0,0.0,0.0,0.0
2023-01-02 05:27:00,PVDAQ_10,0.0,0.0,0.0,0.0
2023-01-02 05:28:00,PVDAQ_10,0.0,0.0,0.0,0.0
2023-01-02 05:29:00,PVDAQ_10,0.0,0.0,0.0,0.0
2023-01-02 05:30:00,PVDAQ_10,0.0,0.0,0.0,0.0
2023-01-02 05:31:00,PVDAQ_10,0.0,0.0,0.0,0.0
2023-01-02 05:32:00,PVDAQ_10,0.0,0.0,0.0,0.0
2023-01-02 05:33:00,PVDAQ_10,0.0,0.0,0.0,0.0
2023-01-02 05:34:00,PVDAQ_10,0.0,0.0,0.0,0.0
2023-01-02 05:35:00,PVDAQ_10,0.0,0.0,0.0,0.0
2023-01-02 05:36:00,PVDAQ_10,0.0,0.0,0.0,0.0
2023-01-02 05:37:00,PVDAQ_10,0.0,0.0,0.0,0.0
2023-01-02 05:38:00,PVDAQ_10,0.0,0.0,0.0,0.0
2023-01-02 05:39:00,PVDAQ_10,0.0,0.0,0.0,0.0
2023-01-02 05:40:00,PVDAQ_10,0.0,0.0,0.0,0.0
2023-01-02 05:41:00,PVDAQ_10,0.0,0.0,0.0,0.0
2023-01-02 05:42:00,PVDAQ_10,0.0,0.0,0.0,0.0
2023-01-02 05:43:00,PVDAQ_10,0.0,0.0,0.0,0.0
2023-01-02 05:44:00,PVDAQ_10,0.0,0.0,0.0,0.0
2023-01-02 05:45:00,PVDAQ_10,0.0,0.0,0.0,0.0
2023-01-02 05:46:00,PVDAQ_10,0.0,0.0,0.0,0.0
2023-01-02 05:47:00,PVDAQ_10,0.0,0.0,0.0,0.0
2023-01-02 05:48:00,PVDAQ_10,0.0,0.0,0.0,0.0
2023-01-02 05:49:00,PVDAQ_10,0.0,0.0,0.0,0.0
2023-01-02 05:50:00,PVDAQ_10,0.0,0.0,0.0,0.0
2023-01-02 05:51:00,PVDAQ_10,0.0,0.0,0.0,0.0
2023-01-02 05:52:00,PVDAQ_10,0.0,0.0,0.0,0.0
2023-01-02 05:53:00,PVDAQ_10,0.0,0.0,0.0,0.0
2023-01-02 05:54:00,PVDAQ_10,0.0,0.0,0.0,0.0
2023-01-02 05:55:00,PVDAQ_10,0.0,0.0,0.0,0.0
2023-01-02 05:56:00,PVDAQ_10,0.0,0.0,0.0,0.0
2023-01-02 05:57:00,PVDAQ_10,0.0,0.0,0.0,0.0
2023-01-02 05:58:00,PVDAQ_10,0.0,0.0,0.0,0.0
2023-01-02 05:59:00,PVDAQ_10,0.0,0.0,0.0,0.0
2023-01-02 06:00:00,PVDAQ_10,0.0,0.0,0.0,0.0
2023-01-02 06:01:00,PVDAQ_10,0.0,0.0,0.0,0.0
2023-01-02 06:02:00,PVDAQ_10,0.0,0.0,0.0,0.0
2023-01-02 06:03:00,PVDAQ_10,0.0,0.0,0.0,0.0
2023-01-02 06:04:00,PVDAQ_10,0.0,0.0,0.0,0.0
2023-01-02 06:05:00,PVDAQ_10,0.0,0.0,0.0,0.0
2023-01-02 06:06:00,PVDAQ_10,0.0,0.0,0.0,0.0
2023-01-02 06:07:00,PVDAQ_10,0.0,0.0,0.0,0.0
2023-01-02 06:08:00,PVDAQ_10,0.0,0.0,0.0,0.0
2023-01-02 06:09:00,PVDAQ_10,0.0,0.0,0.0,0.0
2023-01-02 06:10:00,PVDAQ_10,0.0,0.0,0.0,0.0
2023-01-02 06:11:00,PVDAQ_10,0.0,0.0,0.0,0.0
2023-01-02 06:12:00,PVDAQ_10,0.0,0.0,0.0,0.0
2023-01-02 06:13:00,PVDAQ_10,0.0,0.0,0.0,0.0
2023-01-02 06:14:00,PVDAQ_10,0.0,0.0,0.0,0.0
2023-01-02 06:15:00,PVDAQ_10,0.0,0.0,0.0,0.0
2023-01-02 06:16:00,PVDAQ_10,0.0,0.0,0.0,0.0
2023-01-02 06:17:00,PVDAQ_10,0.0,0.0,0.0,0.0
2023-01-02 06:18:00,PVDAQ_10,0.0,0.0,0.0,0.0
2023-01-02 06:19:00,PVDAQ_10,0.0,0.0,0.0,0.0
2023-01-02 06:20:00,PVDAQ_10,0.0,0.0,0.0,0.0
2023-01-02 06:21:00,PVDAQ_10,0.0,0.0,0.0,0.0
2023-01-02 06:22:00,PVDAQ_10,0.0,0.0,0.0,0.0
2023-01-02 06:23:00,PVDAQ_10,0.0,0.0,0.0,0.0
2023-01-02 06:24:00,PVDAQ_10,0.0,0.0,0.0,0.0
2023-01-02 06:25:00,PVDAQ_10,0.0,0.0,0.0,0.0
2023-01-02 06:26:00,PVDAQ_10,0.0,0.0,0.0,0.0
2023-01-02 06:27:00,PVDAQ_10,0.0,0.0,0.0,0.0
2023-01-02 06:28:00,PVDAQ_10,0.0,0.0,0.0,0.0
2023-01-02 06:29:00,PVDAQ_10,0.0,0.0,0.0,0.0
2023-01-02 06:30:00,PVDAQ_10,0.0,0.0,0.0,0.0
2023-01-02 06:31:00,PVDAQ_10,0.0,0.0,0.0,0.0
2023-01-02 06:32:00,PVDAQ_10,0.0,0.0,0.0,0.0
2023-01-02 06:33:00,PVDAQ_10,0.0,0.0,0.0,0.0
2023-01-02 06:34:00,PVDAQ_10,0.0,0.0,0.0,0.0
2023-01-02 06:35:00,PVDAQ_10,0.0,0.0,0.0,0.0
2023-01-02 06:36:00,PVDAQ_10,0.0,0.0,0.0,0.0
2023-01-02 06:37:00,PVDAQ_10,0.0,0.0,0.0,0.0
2023-01-02 06:38:00,PVDAQ_10,0.0,0.0,0.0,0.0
2023-01-02 06:39:00,PVDAQ_10,0.0,0.0,0.0,0.0
2023-01-02 06:40:00,PVDAQ_10,0.0,0.0,0.0,0.0
2023-01-02 06:41:00,PVDAQ_10,0.0,0.0,0.0,0.0
2023-01-02 06:42:00,PVDAQ_10,0.0,0.0,0.0,0.0
2023-01-02 06:43:00,PVDAQ_10,0.0,0.0,0.0,0.0
2023-01-02 06:44:00,PVDAQ_10,0.0,0.0,0.0,0.0
2023-01-02 06:45:00,PVDAQ_10,0.0,0.0,0.0,0.0
2023-01-02 06:46:00,PVDAQ_10,0.0,0.0,0.0,0.0
2023-01-02 06:47:00,PVDAQ_10,0.0,0.0,0.0,0.0
2023-01-02 06:48:00,PVDAQ_10,0.0,0.0,0.0,0.0
2023-01-02 06:49:00,PVDAQ_10,0.0,0.0,0.0,0.0
2023-01-02 06:50:00,PVDAQ_10,0.0,0.0,0.0,0.0
2023-01-02 06:51:00,PVDAQ_10,0.0,0.0,0.0,0.0
2023-01-02 06:52:00,PVDAQ_10,0.0,0.0,0.0,0.0
2023-01-02 06:53:00,PVDAQ_10,0.0,0.0,0.0,0.0
2023-01-02 06:54:00,PVDAQ_10,0.0,0.0,0.0,0.0
2023-01-02 06:55:00,PVDAQ_10,0.0,0.0,0.0,0.0
2023-01-02 06:56:00,PVDAQ_10,0.0,0.0,0.0,0.0
2023-01-02 06:57:00,PVDAQ_10,0.0,0.0,0.0,0.0
2023-01-02 06:58:00,PVDAQ_10,0.0,0.0,0.0,0.0
2023-01-02 06:59:00,PVDAQ_10,0.0,0.0,0.0,0.0
2023-01-02 07:00:00,PVDAQ_10,0.0,0.0,0.0,0.0
2023-01-02 07:01:00,PVDAQ_10,0.0,0.0,0.0,0.0
2023-01-02 07:02:00,PVDAQ_10,0.0,0.0,0.0,0.0
2023-01-02 07:03:00,PVDAQ_10,0.0,0.0,0.0,0.0
2023-01-02 07:04:00,PVDAQ_10,0.0,0.0,0.0,0.0
2023-01-02 07:05:00,PVDAQ_10,0.0,0.0,0.0,0.0
2023-01-02 07:06:00,PVDAQ_10,0.0,0.0,0.0,0.0
2023-01-02 07:07:00,PVDAQ_10,0.0,0.0,0.0,0.0
2023-01-02 07:08:00,PVDAQ_10,0.0,0.0,0.0,0.0
2023-01-02 07:09:00,PVDAQ_10,0.0,0.0,0.0,0.0
2023-01-02 07:10:00,PVDAQ_10,0.0,0.0,0.0,0.0
2023-01-02 07:11:00,PVDAQ_10,0.0,0.0,0.0,0.0
2023-01-02 07:12:00,PVDAQ_10,0.0,0.0,0.0,0.0
2023-01-02 07:13:00,PVDAQ_10,0.0,0.0,0.0,0.0
2023-01-02 07:14:00,PVDAQ_10,0.0,0.0,0.0,0.0
2023-01-02 07:15:00,PVDAQ_10,0.0,0.0,0.0,0.0
2023-01-02 07:16:00,PVDAQ_10,0.0,0.0,0.0,0.0
2023-01-02 07:17:00,PVDAQ_10,0.0,0.0,0.0,0.0
2023-01-02 07:18:00,PVDAQ_10,0.0,0.0,0.0,0.0
2023-01-02 07:19:00,PVDAQ_10,0.0,0.0,0.0,0.0
2023-01-02 07:20:00,PVDAQ_10,0.0,0.0,0.0,0.0
2023-01-02 07:21:00,PVDAQ_10,0.0,0.0,0.0,0.0
2023-01-02 07:22:00,PVDAQ_10,0.0,0.0,0.0,0.0
2023-01-02 07:23:00,PVDAQ_10,0.0,0.0,0.0,0.0
2023-01-02 07:24:00,PVDAQ_10,0.0,0.0,0.0,0.0
2023-01-02 07:25:00,PVDAQ_10,0.0,0.0,0.0,0.0
2023-01-02 07:26:00,PVDAQ_10,0.0,0.0,0.0,0.0
2023-01-02 07:27:00,PVDAQ_10,0.0,0.0,0.0,0.0
2023-01-02 07:28:00,PVDAQ_10,0.0,0.0,0.0,0.0
2023-01-02 07:29:00,PVDAQ_10,0.0,0.0,0.0,0.0
2023-01-02 07:30:00,PVDAQ_10,0.0,0.0,0.0,0.0
2023-01-02 07:31:00,PVDAQ_10,0.0,0.0,0.0,0.0
2023-01-02 07:32:00,PVDAQ_10,0.0,0.0,0.0,0.0
2023-01-02 07:33:00,PVDAQ_10,0.0,0.0,0.0,0.0
2023-01-02 07:34:00,PVDAQ_10,0.0,0.0,0.0,0.0
2023-01-02 07:35:00,PVDAQ_10,0.0,0.0,0.0,0.0
2023-01-02 07:36:00,PVDAQ_10,0.0,0.0,0.0,0.0
2023-01-02 07:37:00,PVDAQ_10,0.0,0.0,0.0,0.0
2023-01-02 07:38:00,PVDAQ_10,0.0,0.0,0.0,0.0
2023-01-02 07:39:00,PVDAQ_10,0.0,0.0,0.0,0.0
2023-01-02 07:40:00,PVDAQ_10,0.0,0.0,0.0,0.0
2023-01-02 07:41:00,PVDAQ_10,0.0,0.0,0.0,0.0
2023-01-02 07:42:00,PVDAQ_10,0.0,0.0,0.0,0.0
2023-01-02 07:43:00,PVDAQ_10,0.0,0.0,0.0,0.0
2023-01-02 07:44:00,PVDAQ_10,0.0,0.0,0.0,0.0
2023-01-02 07:45:00,PVDAQ_10,0.0,0.0,0.0,0.0
2023-01-02 07:46:00,PVDAQ_10,0.0,0.0,0.0,0.0
2023-01-02 07:47:00,PVDAQ_10,0.0,0.0,0.0,0.0
2023-01-02 07:48:00,PVDAQ_10,0.0,0.0,0.0,0.0
2023-01-02 07:49:00,PVDAQ_10,0.0,0.0,0.0,0.0
2023-01-02 07:50:00,PVDAQ_10,0.0,0.0,0.0,0.0
2023-01-02 07:51:00,PVDAQ_10,0.0,0.0,0.0,0.0
2023-01-02 07:52:00,PVDAQ_10,0.0,0.0,0.0,0.0
2023-01-02 07:53:00,PVDAQ_10,0.0,0.0,0.0,0.0
2023-01-02 07:54:00,PVDAQ_10,0.0,0.0,0.0,0.0
2023-01-02 07:55:00,PVDAQ_10,0.0,0.0,0.0,0.0
2023-01-02 07:56:00,PVDAQ_10,0.0,0.0,0.0,0.0
2023-01-02 07:57:00,PVDAQ_10,0.0,0.0,0.0,0.0
2023-01-02 07:58:00,PVDAQ_10,0.0,0.0,0.0,0.0
2023-01-02 07:59:00,PVDAQ_10,0.0,0.0,0.0,0.0
2023-01-02 08:00:00,PVDAQ_10,0.0,0.0,0.0,0.0
2023-01-02 08:01:00,PVDAQ_10,0.0,0.0,0.0,0.0
2023-01-02 08:02:00,PVDAQ_10,0.0,0.0,0.0,0.0
2023-01-02 08:03:00,PVDAQ_10,0.0,0.0,0.0,0.0
2023-01-02 08:04:00,PVDAQ_10,0.0,0.0,0.0,0.0
2023-01-02 08:05:00,PVDAQ_10,0.0,0.0,0.0,0.0
2023-01-02 08:06:00,PVDAQ_10,0.0,0.0,0.0,0.0
2023-01-02 08:07:00,PVDAQ_10,0.0,0.0,0.0,0.0
2023-01-02 08:08:00,PVDAQ_10,0.0,0.0,0.0,0.0
2023-01-02 08:09:00,PVDAQ_10,0.0,0.0,0.0,0.0
2023-01-02 08:10:00,PVDAQ_10,0.0,0.0,0.0,0.0
2023-01-02 08:11:00,PVDAQ_10,0.0,0.0,0.0,0.0
2023-01-02 08:12:00,PVDAQ_10,0.0,0.0,0.0,0.0
2023-01-02 08:13:00,PVDAQ_10,0.0,0.0,0.0,0.0
2023-01-02 08:14:00,PVDAQ_10,0.0,0.0,0.0,0.0
2023-01-02 08:15:00,PVDAQ_10,0.0,0.0,0.0,0.0
2023-01-02 08:16:00,PVDAQ_10,0.0,0.0,0.0,0.0
2023-01-02 08:17:00,PVDAQ_10,0.0,0.0,0.0,0.0
2023-01-02 08:18:00,PVDAQ_10,0.0,0.0,0.0,0.0
2023-01-02 08:19:00,PVDAQ_10,0.0,0.0,0.0,0.0
2023-01-02 08:20:00,PVDAQ_10,0.0,0.0,0.0,0.0
2023-01-02 08:21:00,PVDAQ_10,0.0,0.0,0.0,0.0
2023-01-02 08:22:00,PVDAQ_10,0.0,0.0,0.0,0.0
2023-01-02 08:23:00,PVDAQ_10,0.0,0.0,0.0,0.0
2023-01-02 08:24:00,PVDAQ_10,0.0,0.0,0.0,0.0
2023-01-02 08:25:00,PVDAQ_10,0.0,0.0,0.0,0.0
2023-01-02 08:26:00,PVDAQ_10,0.0,0.0,0.0,0.0
2023-01-02 08:27:00,PVDAQ_10,0.0,0.0,0.0,0.0
2023-01-02 08:28:00,PVDAQ_10,0.0,0.0,0.0,0.0
2023-01-02 08:29:00,PVDAQ_10,0.0,0.0,0.0,0.0
2023-01-02 08:30:00,PVDAQ_10,0.0,0.0,0.0,0.0
2023-01-02 08:31:00,PVDAQ_10,0.0,0.0,0.0,0.0
2023-01-02 08:32:00,PVDAQ_10,0.0,0.0,0.0,0.0
2023-01-02 08:33:00,PVDAQ_10,0.0,0.0,0.0,0.0
2023-01-02 08:34:00,PVDAQ_10,0.0,0.0,0.0,0.0
2023-01-02 08:35:00,PVDAQ_10,0.0,0.0,0.0,0.0
2023-01-02 08:36:00,PVDAQ_10,0.0,0.0,0.0,0.0
2023-01-02 08:37:00,PVDAQ_10,0.0,0.0,0.0,0.0
2023-01-02 08:38:00,PVDAQ_10,0.0,0.0,0.0,0.0
2023-01-02 08:39:00,PVDAQ_10,0.0,0.0,0.0,0.0
2023-01-02 08:40:00,PVDAQ_10,0.0,0.0,0.0,0.0
2023-01-02 08:41:00,PVDAQ_10,0.0,0.0,0.0,0.0
2023-01-02 08:42:00,PVDAQ_10,0.0,0.0,0.0,0.0
2023-01-02 08:43:00,PVDAQ_10,0.0,0.0,0.0,0.0
2023-01-02 08:44:00,PVDAQ_10,0.0,0.0,0.0,0.0
2023-01-02 08:45:00,PVDAQ_10,0.0,0.0,0.0,0.0
2023-01-02 08:46:00,PVDAQ_10,0.0,0.0,0.0,0.0
2023-01-02 08:47:00,PVDAQ_10,0.0,0.0,0.0,0.0
2023-01-02 08:48:00,PVDAQ_10,0.0,0.0,0.0,0.0
2023-01-02 08:49:00,PVDAQ_10,0.0,0.0,0.0,0.0
2023-01-02 08:50:00,PVDAQ_10,0.0,0.0,0.0,0.0
2023-01-02 08:51:00,PVDAQ_10,0.0,0.0,0.0,0.0
2023-01-02 08:52:00,PVDAQ_10,0.0,0.0,0.0,0.0
2023-01-02 08:53:00,PVDAQ_10,0.0,0.0,0.0,0.0
2023-01-02 08:54:00,PVDAQ_10,0.0,0.0,0.0,0.0
2023-01-02 08:55:00,PVDAQ_10,0.0,0.0,0.0,0.0
2023-01-02 08:56:00,PVDAQ_10,0.0,0.0,0.0,0.0
2023-01-02 08:57:00,PVDAQ_10,0.0,0.0,0.0,0.0
2023-01-02 08:58:00,PVDAQ_10,0.0,0.0,0.0,0.0
2023-01-02 08:59:00,PVDAQ_10,0.0,0.0,0.0,0.0
2023-01-02 09:00:00,PVDAQ_10,0.0,0.0,0.0,0.0
2023-01-02 09:01:00,PVDAQ_10,0.0,0.0,0.0,0.0
2023-01-02 09:02:00,PVDAQ_10,0.0,0.0,0.0,0.0
2023-01-02 09:03:00,PVDAQ_10,0.0,0.16811905,-0.16811905,0.16811905
2023-01-02 09:04:00,PVDAQ_10,0.0,0.0,0.0,0.0
2023-01-02 09:05:00,PVDAQ_10,0.0,0.0,0.0,0.0
2023-01-02 09:06:00,PVDAQ_10,0.0,0.0,0.0,0.0
2023-01-02 09:07:00,PVDAQ_10,0.0,0.0,0.0,0.0
2023-01-02 09:08:00,PVDAQ_10,0.0,0.6190869000000001,-0.6190869000000001,0.6190869000000001
2023-01-02 09:09:00,PVDAQ_10,0.0,0.0,0.0,0.0
2023-01-02 09:10:00,PVDAQ_10,0.0,0.0,0.0,0.0
2023-01-02 09:11:00,PVDAQ_10,0.0,0.33761375,-0.33761375,0.33761375
2023-01-02 09:12:00,PVDAQ_10,0.0,0.577765,-0.577765,0.577765
2023-01-02 09:13:00,PVDAQ_10,0.0,0.0,0.0,0.0
2023-01-02 09:14:00,PVDAQ_10,0.0,0.0,0.0,0.0
2023-01-02 09:15:00,PVDAQ_10,0.0,0.0,0.0,0.0
2023-01-02 09:16:00,PVDAQ_10,0.0,0.0,0.0,0.0
2023-01-02 09:17:00,PVDAQ_10,0.0,0.0,0.0,0.0
2023-01-02 09:18:00,PVDAQ_10,0.0,0.08146,-0.08146,0.08146
2023-01-02 09:19:00,PVDAQ_10,0.0,0.0,0.0,0.0
2023-01-02 09:20:00,PVDAQ_10,0.0,0.0,0.0,0.0
2023-01-02 09:21:00,PVDAQ_10,0.0,0.0,0.0,0.0
2023-01-02 09:22:00,PVDAQ_10,0.0,0.0,0.0,0.0
2023-01-02 09:23:00,PVDAQ_10,0.0,0.0,0.0,0.0
2023-01-02 09:24:00,PVDAQ_10,0.0,0.0,0.0,0.0
2023-01-02 09:25:00,PVDAQ_10,0.0,0.0,0.0,0.0
2023-01-02 09:26:00,PVDAQ_10,0.0,0.0,0.0,0.0
2023-01-02 09:27:00,PVDAQ_10,0.0,0.0,0.0,0.0
2023-01-02 09:28:00,PVDAQ_10,0.0,0.0,0.0,0.0
2023-01-02 09:29:00,PVDAQ_10,0.0,0.0,0.0,0.0
2023-01-02 09:30:00,PVDAQ_10,0.0,0.0,0.0,0.0
2023-01-02 09:31:00,PVDAQ_10,0.0,0.0,0.0,0.0
2023-01-02 09:32:00,PVDAQ_10,0.0,0.0,0.0,0.0
2023-01-02 09:33:00,PVDAQ_10,0.0,0.0,0.0,0.0
2023-01-02 09:34:00,PVDAQ_10,0.0,0.0,0.0,0.0
2023-01-02 09:35:00,PVDAQ_10,0.0,0.0,0.0,0.0
2023-01-02 09:36:00,PVDAQ_10,0.0,0.0,0.0,0.0
2023-01-02 09:37:00,PVDAQ_10,0.0,0.0,0.0,0.0
2023-01-02 09:38:00,PVDAQ_10,0.0,0.0,0.0,0.0
2023-01-02 09:39:00,PVDAQ_10,0.0,0.0,0.0,0.0
2023-01-02 09:40:00,PVDAQ_10,0.0,0.0,0.0,0.0
2023-01-02 09:41:00,PVDAQ_10,0.0,0.0,0.0,0.0
2023-01-02 09:42:00,PVDAQ_10,0.0,0.0,0.0,0.0
2023-01-02 09:43:00,PVDAQ_10,0.0,0.0,0.0,0.0
2023-01-02 09:44:00,PVDAQ_10,0.0,0.0,0.0,0.0
2023-01-02 09:45:00,PVDAQ_10,0.0,0.0,0.0,0.0
2023-01-02 09:46:00,PVDAQ_10,0.0,0.0,0.0,0.0
2023-01-02 09:47:00,PVDAQ_10,0.0,0.0,0.0,0.0
2023-01-02 09:48:00,PVDAQ_10,0.0,0.0,0.0,0.0
2023-01-02 09:49:00,PVDAQ_10,0.0,0.0,0.0,0.0
2023-01-02 09:50:00,PVDAQ_10,0.0,0.0,0.0,0.0
2023-01-02 09:51:00,PVDAQ_10,0.0,0.0,0.0,0.0
2023-01-02 09:52:00,PVDAQ_10,0.0,0.0,0.0,0.0
2023-01-02 09:53:00,PVDAQ_10,0.0,0.0,0.0,0.0
2023-01-02 09:54:00,PVDAQ_10,0.0,0.0,0.0,0.0
2023-01-02 09:55:00,PVDAQ_10,0.0,0.0,0.0,0.0
2023-01-02 09:56:00,PVDAQ_10,0.0,0.0,0.0,0.0
2023-01-02 09:57:00,PVDAQ_10,0.0,0.0,0.0,0.0
2023-01-02 09:58:00,PVDAQ_10,0.0,0.0,0.0,0.0
2023-01-02 09:59:00,PVDAQ_10,0.0,0.0,0.0,0.0
2023-01-02 10:00:00,PVDAQ_10,0.0,0.0,0.0,0.0
2023-01-02 10:01:00,PVDAQ_10,0.0,0.0,0.0,0.0
2023-01-02 10:02:00,PVDAQ_10,0.0,0.0,0.0,0.0
2023-01-02 10:03:00,PVDAQ_10,0.0,0.0,0.0,0.0
2023-01-02 10:04:00,PVDAQ_10,0.0,0.0,0.0,0.0
2023-01-02 10:05:00,PVDAQ_10,0.0,0.0,0.0,0.0
2023-01-02 10:06:00,PVDAQ_10,0.0,0.0,0.0,0.0
2023-01-02 10:07:00,PVDAQ_10,0.0,0.0,0.0,0.0
2023-01-02 10:08:00,PVDAQ_10,0.0,0.0,0.0,0.0
2023-01-02 10:09:00,PVDAQ_10,0.0,0.0,0.0,0.0
2023-01-02 10:10:00,PVDAQ_10,0.0,0.0,0.0,0.0
2023-01-02 10:11:00,PVDAQ_10,0.0,0.0,0.0,0.0
2023-01-02 10:12:00,PVDAQ_10,0.0,0.0,0.0,0.0
2023-01-02 10:13:00,PVDAQ_10,0.0,0.0,0.0,0.0
2023-01-02 10:14:00,PVDAQ_10,0.0,0.0,0.0,0.0
2023-01-02 10:15:00,PVDAQ_10,0.0,0.0,0.0,0.0
2023-01-02 10:16:00,PVDAQ_10,0.0,0.0,0.0,0.0
2023-01-02 10:17:00,PVDAQ_10,0.0,4.5762385499999985,-4.5762385499999985,4.5762385499999985
2023-01-02 10:18:00,PVDAQ_10,0.0,7.293416749999995,-7.293416749999995,7.293416749999995
2023-01-02 10:19:00,PVDAQ_10,0.0,24.04728640000006,-24.04728640000006,24.04728640000006
2023-01-02 10:20:00,PVDAQ_10,0.0665599999999999,34.656596199999996,-34.59003619999999,34.59003619999999
2023-01-02 10:21:00,PVDAQ_10,0.0,11.840496800000004,-11.840496800000004,11.840496800000004
2023-01-02 10:22:00,PVDAQ_10,0.0,5.3751504,-5.3751504,5.3751504
2023-01-02 10:23:00,PVDAQ_10,0.0,0.0006655999999999989,-0.0006655999999999989,0.0006655999999999989
2023-01-02 10:24:00,PVDAQ_10,0.0,0.9140628000000001,-0.9140628000000001,0.9140628000000001
2023-01-02 10:25:00,PVDAQ_10,0.0,0.234995,-0.234995,0.234995
2023-01-02 10:26:00,PVDAQ_10,0.0,0.0,0.0,0.0
2023-01-02 10:27:00,PVDAQ_10,0.0,0.0,0.0,0.0
2023-01-02 10:28:00,PVDAQ_10,0.0,0.0,0.0,0.0
2023-01-02 10:29:00,PVDAQ_10,0.0,0.0,0.0,0.0
2023-01-02 10:30:00,PVDAQ_10,0.0,0.0,0.0,0.0
2023-01-02 10:31:00,PVDAQ_10,0.0,0.0,0.0,0.0
2023-01-02 10:32:00,PVDAQ_10,0.0,0.0,0.0,0.0
2023-01-02 10:33:00,PVDAQ_10,0.0,0.0,0.0,0.0
2023-01-02 10:34:00,PVDAQ_10,0.0,0.0,0.0,0.0
2023-01-02 10:35:00,PVDAQ_10,0.0,0.0,0.0,0.0
2023-01-02 10:36:00,PVDAQ_10,0.0,1.9692311999999998,-1.9692311999999998,1.9692311999999998
2023-01-02 10:37:00,PVDAQ_10,0.0,0.0,0.0,0.0
2023-01-02 10:38:00,PVDAQ_10,0.0,0.0,0.0,0.0
2023-01-02 10:39:00,PVDAQ_10,0.0,0.0,0.0,0.0
2023-01-02 10:40:00,PVDAQ_10,0.0,0.0,0.0,0.0
2023-01-02 10:41:00,PVDAQ_10,0.0,0.0,0.0,0.0
2023-01-02 10:42:00,PVDAQ_10,0.0,0.0,0.0,0.0
2023-01-02 10:43:00,PVDAQ_10,0.0,0.0,0.0,0.0
2023-01-02 10:44:00,PVDAQ_10,0.0,0.0,0.0,0.0
2023-01-02 10:45:00,PVDAQ_10,0.0,0.0,0.0,0.0
2023-01-02 10:46:00,PVDAQ_10,0.0,0.0,0.0,0.0
2023-01-02 10:47:00,PVDAQ_10,0.0,0.0,0.0,0.0
2023-01-02 10:48:00,PVDAQ_10,0.0,0.0,0.0,0.0
2023-01-02 10:49:00,PVDAQ_10,0.0,0.0,0.0,0.0
2023-01-02 10:50:00,PVDAQ_10,0.0,0.0,0.0,0.0
2023-01-02 10:51:00,PVDAQ_10,0.0,0.0,0.0,0.0
2023-01-02 10:52:00,PVDAQ_10,0.0,0.0,0.0,0.0
2023-01-02 10:53:00,PVDAQ_10,0.0,0.0,0.0,0.0
2023-01-02 10:54:00,PVDAQ_10,0.0,0.0,0.0,0.0
2023-01-02 10:55:00,PVDAQ_10,0.0,0.0,0.0,0.0
2023-01-02 10:56:00,PVDAQ_10,0.0,0.0,0.0,0.0
2023-01-02 10:57:00,PVDAQ_10,0.0,0.0,0.0,0.0
2023-01-02 10:58:00,PVDAQ_10,0.0,0.0,0.0,0.0
2023-01-02 10:59:00,PVDAQ_10,0.0,0.0,0.0,0.0
2023-01-02 11:00:00,PVDAQ_10,0.0,0.0,0.0,0.0
2023-01-02 11:01:00,PVDAQ_10,0.0,0.0,0.0,0.0
2023-01-02 11:02:00,PVDAQ_10,0.0,0.0,0.0,0.0
2023-01-02 11:03:00,PVDAQ_10,0.0,0.0,0.0,0.0
2023-01-02 11:04:00,PVDAQ_10,0.0,0.0,0.0,0.0
2023-01-02 11:05:00,PVDAQ_10,0.0,0.0,0.0,0.0
2023-01-02 11:06:00,PVDAQ_10,0.0,0.0,0.0,0.0
2023-01-02 11:07:00,PVDAQ_10,0.0,0.0,0.0,0.0
2023-01-02 11:08:00,PVDAQ_10,0.0,0.0,0.0,0.0
2023-01-02 11:09:00,PVDAQ_10,0.0,0.0,0.0,0.0
2023-01-02 11:10:00,PVDAQ_10,0.0,0.0,0.0,0.0
2023-01-02 11:11:00,PVDAQ_10,0.0,0.0,0.0,0.0
2023-01-02 11:12:00,PVDAQ_10,0.0,0.0,0.0,0.0
2023-01-02 11:13:00,PVDAQ_10,0.0,0.0,0.0,0.0
2023-01-02 11:14:00,PVDAQ_10,0.0,0.0,0.0,0.0
2023-01-02 11:15:00,PVDAQ_10,0.0,0.0,0.0,0.0
2023-01-02 11:16:00,PVDAQ_10,0.0,0.0,0.0,0.0
2023-01-02 11:17:00,PVDAQ_10,0.0,0.0,0.0,0.0
2023-01-02 11:18:00,PVDAQ_10,0.0,0.0,0.0,0.0
2023-01-02 11:19:00,PVDAQ_10,0.0,0.0,0.0,0.0
2023-01-02 11:20:00,PVDAQ_10,0.0,0.0,0.0,0.0
2023-01-02 11:21:00,PVDAQ_10,0.0,0.0,0.0,0.0
2023-01-02 11:22:00,PVDAQ_10,0.0,0.147035,-0.147035,0.147035
2023-01-02 11:23:00,PVDAQ_10,0.0,0.0,0.0,0.0
2023-01-02 11:24:00,PVDAQ_10,0.0,0.0,0.0,0.0
2023-01-02 11:25:00,PVDAQ_10,0.0,0.0,0.0,0.0
2023-01-02 11:26:00,PVDAQ_10,0.0,0.0,0.0,0.0
2023-01-02 11:27:00,PVDAQ_10,0.0,0.0,0.0,0.0
2023-01-02 11:28:00,PVDAQ_10,0.0,0.0,0.0,0.0
2023-01-02 11:29:00,PVDAQ_10,0.0,0.0,0.0,0.0
2023-01-02 11:30:00,PVDAQ_10,0.0,0.0,0.0,0.0
2023-01-02 11:31:00,PVDAQ_10,0.0,0.0,0.0,0.0
2023-01-02 11:32:00,PVDAQ_10,0.0,0.0,0.0,0.0
2023-01-02 11:33:00,PVDAQ_10,0.0,0.0,0.0,0.0
2023-01-02 11:34:00,PVDAQ_10,0.0,0.0,0.0,0.0
2023-01-02 11:35:00,PVDAQ_10,0.0,0.0,0.0,0.0
2023-01-02 11:36:00,PVDAQ_10,0.0,11.000768999999998,-11.000768999999998,11.000768999999998
2023-01-02 11:37:00,PVDAQ_10,0.0,0.0009983999999999985,-0.0009983999999999985,0.0009983999999999985
2023-01-02 11:38:00,PVDAQ_10,0.0,0.0,0.0,0.0
2023-01-02 11:39:00,PVDAQ_10,0.0,0.0,0.0,0.0
2023-01-02 11:40:00,PVDAQ_10,0.0,0.0,0.0,0.0
2023-01-02 11:41:00,PVDAQ_10,0.0,0.0,0.0,0.0
2023-01-02 11:42:00,PVDAQ_10,0.0,0.0,0.0,0.0
2023-01-02 11:43:00,PVDAQ_10,0.0,0.0,0.0,0.0
2023-01-02 11:44:00,PVDAQ_10,0.0,0.0,0.0,0.0
2023-01-02 11:45:00,PVDAQ_10,0.0,0.0,0.0,0.0
2023-01-02 11:46:00,PVDAQ_10,0.0,0.0,0.0,0.0
2023-01-02 11:47:00,PVDAQ_10,0.0,0.0,0.0,0.0
2023-01-02 11:48:00,PVDAQ_10,0.0,0.0,0.0,0.0
2023-01-02 11:49:00,PVDAQ_10,0.0,0.0,0.0,0.0
2023-01-02 11:50:00,PVDAQ_10,0.0,0.0,0.0,0.0
2023-01-02 11:51:00,PVDAQ_10,0.0,0.0,0.0,0.0
2023-01-02 11:52:00,PVDAQ_10,0.0,0.0,0.0,0.0
2023-01-02 11:53:00,PVDAQ_10,0.0,0.0,0.0,0.0
2023-01-02 11:54:00,PVDAQ_10,0.0,0.0,0.0,0.0
2023-01-02 11:55:00,PVDAQ_10,0.0,0.0,0.0,0.0
2023-01-02 11:56:00,PVDAQ_10,0.0,0.0,0.0,0.0
2023-01-02 11:57:00,PVDAQ_10,0.0,0.0,0.0,0.0
2023-01-02 11:58:00,PVDAQ_10,0.0,0.0,0.0,0.0
2023-01-02 11:59:00,PVDAQ_10,0.0,0.0,0.0,0.0
2023-01-02 12:00:00,PVDAQ_10,0.0,0.0,0.0,0.0
2023-01-02 12:01:00,PVDAQ_10,0.0,0.0,0.0,0.0
2023-01-02 12:02:00,PVDAQ_10,0.0,0.0,0.0,0.0
2023-01-02 12:03:00,PVDAQ_10,0.0,0.0,0.0,0.0
2023-01-02 12:04:00,PVDAQ_10,0.0,0.0,0.0,0.0
2023-01-02 12:05:00,PVDAQ_10,0.0,0.0,0.0,0.0
2023-01-02 12:06:00,PVDAQ_10,0.0,0.0,0.0,0.0
2023-01-02 12:07:00,PVDAQ_10,0.0,0.0,0.0,0.0
2023-01-02 12:08:00,PVDAQ_10,0.0,0.0,0.0,0.0
2023-01-02 12:09:00,PVDAQ_10,0.0,0.0,0.0,0.0
2023-01-02 12:10:00,PVDAQ_10,0.0,0.0,0.0,0.0
2023-01-02 12:11:00,PVDAQ_10,0.0,0.0,0.0,0.0
2023-01-02 12:12:00,PVDAQ_10,0.0,0.0,0.0,0.0
2023-01-02 12:13:00,PVDAQ_10,0.0,0.0,0.0,0.0
2023-01-02 12:14:00,PVDAQ_10,0.0,0.42719999999999997,-0.42719999999999997,0.42719999999999997
2023-01-02 12:15:00,PVDAQ_10,0.0,0.0,0.0,0.0
2023-01-02 12:16:00,PVDAQ_10,0.0,0.98781,-0.98781,0.98781
2023-01-02 12:17:00,PVDAQ_10,0.0,0.0,0.0,0.0
2023-01-02 12:18:00,PVDAQ_10,0.0,0.0,0.0,0.0
2023-01-02 12:19:00,PVDAQ_10,0.0,0.0,0.0,0.0
2023-01-02 12:20:00,PVDAQ_10,0.0,0.0,0.0,0.0
2023-01-02 12:21:00,PVDAQ_10,0.0,0.0,0.0,0.0
2023-01-02 12:22:00,PVDAQ_10,0.0,0.0,0.0,0.0
2023-01-02 12:23:00,PVDAQ_10,0.0,0.0,0.0,0.0
2023-01-02 12:24:00,PVDAQ_10,0.0,0.0,0.0,0.0
2023-01-02 12:25:00,PVDAQ_10,0.0,0.0,0.0,0.0
2023-01-02 12:26:00,PVDAQ_10,0.0,0.0,0.0,0.0
2023-01-02 12:27:00,PVDAQ_10,0.0,0.0,0.0,0.0
2023-01-02 12:28:00,PVDAQ_10,0.0,0.0,0.0,0.0
2023-01-02 12:29:00,PVDAQ_10,0.0,0.0,0.0,0.0
2023-01-02 12:30:00,PVDAQ_10,0.0,0.0,0.0,0.0
2023-01-02 12:31:00,PVDAQ_10,0.0,0.0,0.0,0.0
2023-01-02 12:32:00,PVDAQ_10,0.0,0.0,0.0,0.0
2023-01-02 12:33:00,PVDAQ_10,0.0,0.0,0.0,0.0
2023-01-02 12:34:00,PVDAQ_10,0.0,0.0,0.0,0.0
2023-01-02 12:35:00,PVDAQ_10,0.0,0.0,0.0,0.0
2023-01-02 12:36:00,PVDAQ_10,0.0,0.0,0.0,0.0
2023-01-02 12:37:00,PVDAQ_10,0.0,0.0,0.0,0.0
2023-01-02 12:38:00,PVDAQ_10,0.0,0.0,0.0,0.0
2023-01-02 12:39:00,PVDAQ_10,0.0,0.0,0.0,0.0
2023-01-02 12:40:00,PVDAQ_10,0.0,0.0,0.0,0.0
2023-01-02 12:41:00,PVDAQ_10,0.0,0.0,0.0,0.0
2023-01-02 12:42:00,PVDAQ_10,0.0,0.0,0.0,0.0
2023-01-02 12:43:00,PVDAQ_10,0.0,0.0,0.0,0.0
2023-01-02 12:44:00,PVDAQ_10,0.0,0.0,0.0,0.0
2023-01-02 12:45:00,PVDAQ_10,0.0,0.0,0.0,0.0
2023-01-02 12:46:00,PVDAQ_10,0.0,0.0,0.0,0.0
2023-01-02 12:47:00,PVDAQ_10,0.0,0.98781,-0.98781,0.98781
2023-01-02 12:48:00,PVDAQ_10,0.0,1.2816,-1.2816,1.2816
2023-01-02 12:49:00,PVDAQ_10,0.0,0.0,0.0,0.0
2023-01-02 12:50:00,PVDAQ_10,0.0,0.0,0.0,0.0
2023-01-02 12:51:00,PVDAQ_10,0.0,0.0,0.0,0.0
2023-01-02 12:52:00,PVDAQ_10,0.0,0.0,0.0,0.0
2023-01-02 12:53:00,PVDAQ_10,0.0,0.0,0.0,0.0
2023-01-02 12:54:00,PVDAQ_10,0.0,0.0,0.0,0.0
2023-01-02 12:55:00,PVDAQ_10,0.0,0.0,0.0,0.0
2023-01-02 12:56:00,PVDAQ_10,0.0,0.0,0.0,0.0
2023-01-02 12:57:00,PVDAQ_10,0.0,0.0,0.0,0.0
2023-01-02 12:58:00,PVDAQ_10,0.0,0.0,0.0,0.0
2023-01-02 12:59:00,PVDAQ_10,0.0,0.0,0.0,0.0
2023-01-02 13:00:00,PVDAQ_10,0.0,0.0,0.0,0.0
2023-01-02 13:01:00,PVDAQ_10,0.0,0.0,0.0,0.0
2023-01-02 13:02:00,PVDAQ_10,0.0,0.0,0.0,0.0
2023-01-02 13:03:00,PVDAQ_10,0.0,0.0,0.0,0.0
2023-01-02 13:04:00,PVDAQ_10,0.0,0.0,0.0,0.0
2023-01-02 13:05:00,PVDAQ_10,0.0,0.0,0.0,0.0
2023-01-02 13:06:00,PVDAQ_10,0.0,0.0,0.0,0.0
2023-01-02 13:07:00,PVDAQ_10,0.0,0.0,0.0,0.0
2023-01-02 13:08:00,PVDAQ_10,0.0,0.0,0.0,0.0
2023-01-02 13:09:00,PVDAQ_10,0.0,0.0,0.0,0.0
2023-01-02 13:10:00,PVDAQ_10,0.0,0.0,0.0,0.0
2023-01-02 13:11:00,PVDAQ_10,0.0,0.0,0.0,0.0
2023-01-02 13:12:00,PVDAQ_10,0.0,0.0,0.0,0.0
2023-01-02 13:13:00,PVDAQ_10,0.0,0.0,0.0,0.0
2023-01-02 13:14:00,PVDAQ_10,0.0,0.0,0.0,0.0
2023-01-02 13:15:00,PVDAQ_10,0.0,0.0,0.0,0.0
2023-01-02 13:16:00,PVDAQ_10,0.0,0.0,0.0,0.0
2023-01-02 13:17:00,PVDAQ_10,0.0,0.0,0.0,0.0
2023-01-02 13:18:00,PVDAQ_10,0.0,0.0,0.0,0.0
2023-01-02 13:19:00,PVDAQ_10,0.0,0.0,0.0,0.0
2023-01-02 13:20:00,PVDAQ_10,0.0,0.0,0.0,0.0
2023-01-02 13:21:00,PVDAQ_10,0.0,0.0,0.0,0.0
2023-01-02 13:22:00,PVDAQ_10,0.0,0.0,0.0,0.0
2023-01-02 13:23:00,PVDAQ_10,0.0,0.0,0.0,0.0
2023-01-02 13:24:00,PVDAQ_10,0.0,0.0,0.0,0.0
2023-01-02 13:25:00,PVDAQ_10,0.0,0.0,0.0,0.0
2023-01-02 13:26:00,PVDAQ_10,0.0,0.0,0.0,0.0
2023-01-02 13:27:00,PVDAQ_10,0.0,0.0,0.0,0.0
2023-01-02 13:28:00,PVDAQ_10,0.0,0.0,0.0,0.0
2023-01-02 13:29:00,PVDAQ_10,0.0,0.0,0.0,0.0
2023-01-02 13:30:00,PVDAQ_10,0.0,0.0,0.0,0.0
2023-01-02 13:31:00,PVDAQ_10,0.0,0.0,0.0,0.0
2023-01-02 13:32:00,PVDAQ_10,0.0,0.0,0.0,0.0
2023-01-02 13:33:00,PVDAQ_10,0.0,0.0,0.0,0.0
2023-01-02 13:34:00,PVDAQ_10,0.0,0.0,0.0,0.0
2023-01-02 13:35:00,PVDAQ_10,0.0,0.0,0.0,0.0
2023-01-02 13:36:00,PVDAQ_10,0.0,0.0,0.0,0.0
2023-01-02 13:37:00,PVDAQ_10,0.0,0.0,0.0,0.0
2023-01-02 13:38:00,PVDAQ_10,0.0,0.0,0.0,0.0
2023-01-02 13:39:00,PVDAQ_10,0.0,0.0,0.0,0.0
2023-01-02 13:40:00,PVDAQ_10,0.0,0.0,0.0,0.0
2023-01-02 13:41:00,PVDAQ_10,0.0,0.0,0.0,0.0
2023-01-02 13:42:00,PVDAQ_10,0.0,0.0,0.0,0.0
2023-01-02 13:43:00,PVDAQ_10,0.0,0.0,0.0,0.0
2023-01-02 13:44:00,PVDAQ_10,0.0,0.0,0.0,0.0
2023-01-02 13:45:00,PVDAQ_10,0.0,0.0,0.0,0.0
2023-01-02 13:46:00,PVDAQ_10,0.0,0.1424,-0.1424,0.1424
2023-01-02 13:47:00,PVDAQ_10,0.0,0.0,0.0,0.0
2023-01-02 13:48:00,PVDAQ_10,0.0,0.0,0.0,0.0
2023-01-02 13:49:00,PVDAQ_10,0.0,0.0,0.0,0.0
2023-01-02 13:50:00,PVDAQ_10,0.0,0.0,0.0,0.0
2023-01-02 13:51:00,PVDAQ_10,0.0,0.0,0.0,0.0
2023-01-02 13:52:00,PVDAQ_10,0.0,0.0,0.0,0.0
2023-01-02 13:53:00,PVDAQ_10,0.0,0.0,0.0,0.0
2023-01-02 13:54:00,PVDAQ_10,0.0,0.0,0.0,0.0
2023-01-02 13:55:00,PVDAQ_10,0.0,0.0,0.0,0.0
2023-01-02 13:56:00,PVDAQ_10,0.0,0.0,0.0,0.0
2023-01-02 13:57:00,PVDAQ_10,0.0,0.0,0.0,0.0
2023-01-02 13:58:00,PVDAQ_10,0.0,0.0,0.0,0.0
2023-01-02 13:59:00,PVDAQ_10,0.0,0.0,0.0,0.0
2023-01-02 14:00:00,PVDAQ_10,0.0,0.0,0.0,0.0
2023-01-02 14:01:00,PVDAQ_10,0.0,0.0,0.0,0.0
2023-01-02 14:02:00,PVDAQ_10,0.0,0.0,0.0,0.0
2023-01-02 14:03:00,PVDAQ_10,0.0,0.0,0.0,0.0
2023-01-02 14:04:00,PVDAQ_10,0.0,0.0,0.0,0.0
2023-01-02 14:05:00,PVDAQ_10,0.0,0.0,0.0,0.0
2023-01-02 14:06:00,PVDAQ_10,0.0,0.0,0.0,0.0
2023-01-02 14:07:00,PVDAQ_10,0.0,0.0,0.0,0.0
2023-01-02 14:08:00,PVDAQ_10,0.0,0.0,0.0,0.0
2023-01-02 14:09:00,PVDAQ_10,0.0,0.0,0.0,0.0
2023-01-02 14:10:00,PVDAQ_10,0.0,0.0,0.0,0.0
2023-01-02 14:11:00,PVDAQ_10,0.0,0.0,0.0,0.0
2023-01-02 14:12:00,PVDAQ_10,0.0,0.0,0.0,0.0
2023-01-02 14:13:00,PVDAQ_10,0.0,0.0,0.0,0.0
2023-01-02 14:14:00,PVDAQ_10,0.0,0.0,0.0,0.0
2023-01-02 14:15:00,PVDAQ_10,0.0,0.0,0.0,0.0
2023-01-02 14:16:00,PVDAQ_10,0.0,0.0,0.0,0.0
2023-01-02 14:17:00,PVDAQ_10,0.0,0.0,0.0,0.0
2023-01-02 14:18:00,PVDAQ_10,0.0,0.0,0.0,0.0
2023-01-02 14:19:00,PVDAQ_10,0.0,0.0,0.0,0.0
2023-01-02 14:20:00,PVDAQ_10,0.0,0.0,0.0,0.0
2023-01-02 14:21:00,PVDAQ_10,0.0,0.0,0.0,0.0
2023-01-02 14:22:00,PVDAQ_10,0.0,0.0,0.0,0.0
2023-01-02 14:23:00,PVDAQ_10,0.0,0.0,0.0,0.0
2023-01-02 14:24:00,PVDAQ_10,0.0,0.0,0.0,0.0
2023-01-02 14:25:00,PVDAQ_10,0.0,0.0,0.0,0.0
2023-01-02 14:26:00,PVDAQ_10,0.0,0.0,0.0,0.0
2023-01-02 14:27:00,PVDAQ_10,0.0,0.0,0.0,0.0
2023-01-02 14:28:00,PVDAQ_10,0.0,0.0,0.0,0.0
2023-01-02 14:29:00,PVDAQ_10,0.0,0.0,0.0,0.0
2023-01-02 14:30:00,PVDAQ_10,0.0,0.0,0.0,0.0
2023-01-02 14:31:00,PVDAQ_10,0.0,0.0,0.0,0.0
2023-01-02 14:32:00,PVDAQ_10,0.0,0.0,0.0,0.0
2023-01-02 14:33:00,PVDAQ_10,0.0,0.0,0.0,0.0
2023-01-02 14:34:00,PVDAQ_10,0.0,0.0,0.0,0.0
2023-01-02 14:35:00,PVDAQ_10,0.0,0.0,0.0,0.0
2023-01-02 14:36:00,PVDAQ_10,0.0,0.0,0.0,0.0
2023-01-02 14:37:00,PVDAQ_10,0.0,0.0,0.0,0.0
2023-01-02 14:38:00,PVDAQ_10,0.0,0.0,0.0,0.0
2023-01-02 14:39:00,PVDAQ_10,0.0,0.0,0.0,0.0
2023-01-02 14:40:00,PVDAQ_10,0.0,0.0,0.0,0.0
2023-01-02 14:41:00,PVDAQ_10,0.0,0.0,0.0,0.0
2023-01-02 14:42:00,PVDAQ_10,0.0,0.0,0.0,0.0
2023-01-02 14:43:00,PVDAQ_10,0.0,0.0,0.0,0.0
2023-01-02 14:44:00,PVDAQ_10,0.0,0.0,0.0,0.0
2023-01-02 14:45:00,PVDAQ_10,0.0,0.0,0.0,0.0
2023-01-02 14:46:00,PVDAQ_10,0.0,0.0,0.0,0.0
2023-01-02 14:47:00,PVDAQ_10,0.0,0.0,0.0,0.0
2023-01-02 14:48:00,PVDAQ_10,0.0,0.0,0.0,0.0
2023-01-02 14:49:00,PVDAQ_10,0.0,0.0,0.0,0.0
2023-01-02 14:50:00,PVDAQ_10,0.0,0.0,0.0,0.0
2023-01-02 14:51:00,PVDAQ_10,0.0,0.0,0.0,0.0
2023-01-02 14:52:00,PVDAQ_10,0.0,0.0,0.0,0.0
2023-01-02 14:53:00,PVDAQ_10,0.0,0.0,0.0,0.0
2023-01-02 14:54:00,PVDAQ_10,0.0,0.0,0.0,0.0
2023-01-02 14:55:00,PVDAQ_10,0.0,0.0,0.0,0.0
2023-01-02 14:56:00,PVDAQ_10,0.0,0.0,0.0,0.0
2023-01-02 14:57:00,PVDAQ_10,0.0,0.0,0.0,0.0
2023-01-02 14:58:00,PVDAQ_10,0.0,0.0,0.0,0.0
2023-01-02 14:59:00,PVDAQ_10,0.0,0.0,0.0,0.0
2023-01-02 15:00:00,PVDAQ_10,0.0,0.0,0.0,0.0
2023-01-02 15:01:00,PVDAQ_10,0.0,0.0,0.0,0.0
2023-01-02 15:02:00,PVDAQ_10,0.0,0.0,0.0,0.0
2023-01-02 15:03:00,PVDAQ_10,0.0,0.0,0.0,0.0
2023-01-02 15:04:00,PVDAQ_10,0.0,0.0,0.0,0.0
2023-01-02 15:05:00,PVDAQ_10,0.0,0.0,0.0,0.0
2023-01-02 15:06:00,PVDAQ_10,0.0,0.0,0.0,0.0
2023-01-02 15:07:00,PVDAQ_10,0.0,0.0,0.0,0.0
2023-01-02 15:08:00,PVDAQ_10,0.0,0.0,0.0,0.0
2023-01-02 15:09:00,PVDAQ_10,0.0,0.0,0.0,0.0
2023-01-02 15:10:00,PVDAQ_10,0.0,0.0,0.0,0.0
2023-01-02 15:11:00,PVDAQ_10,0.0,0.0,0.0,0.0
2023-01-02 15:12:00,PVDAQ_10,0.0,0.0,0.0,0.0
2023-01-02 15:13:00,PVDAQ_10,0.0,0.0,0.0,0.0
2023-01-02 15:14:00,PVDAQ_10,0.0,0.0,0.0,0.0
2023-01-02 15:15:00,PVDAQ_10,0.0,0.0,0.0,0.0
2023-01-02 15:16:00,PVDAQ_10,0.0,0.0,0.0,0.0
2023-01-02 15:17:00,PVDAQ_10,0.0,0.0,0.0,0.0
2023-01-02 15:18:00,PVDAQ_10,0.0,0.0,0.0,0.0
2023-01-02 15:19:00,PVDAQ_10,0.0,0.0,0.0,0.0
2023-01-02 15:20:00,PVDAQ_10,0.0,0.0,0.0,0.0
2023-01-02 15:21:00,PVDAQ_10,0.0,0.0,0.0,0.0
2023-01-02 15:22:00,PVDAQ_10,0.0,0.0,0.0,0.0
2023-01-02 15:23:00,PVDAQ_10,0.0,0.0,0.0,0.0
2023-01-02 15:24:00,PVDAQ_10,0.0,0.0,0.0,0.0
2023-01-02 15:25:00,PVDAQ_10,0.0,0.0,0.0,0.0
2023-01-02 15:26:00,PVDAQ_10,0.0,0.0,0.0,0.0
2023-01-02 15:27:00,PVDAQ_10,0.0,0.0,0.0,0.0
2023-01-02 15:28:00,PVDAQ_10,0.0,0.0,0.0,0.0
2023-01-02 15:29:00,PVDAQ_10,0.0,0.0,0.0,0.0
2023-01-02 15:30:00,PVDAQ_10,0.0,0.0,0.0,0.0
2023-01-02 15:31:00,PVDAQ_10,0.0,0.0,0.0,0.0
2023-01-02 15:32:00,PVDAQ_10,0.0,0.0,0.0,0.0
2023-01-02 15:33:00,PVDAQ_10,0.0,0.0,0.0,0.0
2023-01-02 15:34:00,PVDAQ_10,0.0,0.0,0.0,0.0
2023-01-02 15:35:00,PVDAQ_10,0.0,0.0,0.0,0.0
2023-01-02 15:36:00,PVDAQ_10,0.0,0.0,0.0,0.0
2023-01-02 15:37:00,PVDAQ_10,0.0,0.0,0.0,0.0
2023-01-02 15:38:00,PVDAQ_10,0.0,0.0,0.0,0.0
2023-01-02 15:39:00,PVDAQ_10,0.0,0.0,0.0,0.0
2023-01-02 15:40:00,PVDAQ_10,0.0,0.0,0.0,0.0
2023-01-02 15:41:00,PVDAQ_10,0.0,0.0,0.0,0.0
2023-01-02 15:42:00,PVDAQ_10,0.0,0.0,0.0,0.0
2023-01-02 15:43:00,PVDAQ_10,0.0,0.0,0.0,0.0
2023-01-02 15:44:00,PVDAQ_10,0.0,0.0,0.0,0.0
2023-01-02 15:45:00,PVDAQ_10,0.0,0.0,0.0,0.0
2023-01-02 15:46:00,PVDAQ_10,0.0,0.0,0.0,0.0
2023-01-02 15:47:00,PVDAQ_10,0.0,0.0,0.0,0.0
2023-01-02 15:48:00,PVDAQ_10,0.0,0.0,0.0,0.0
2023-01-02 15:49:00,PVDAQ_10,0.0,0.0,0.0,0.0
2023-01-02 15:50:00,PVDAQ_10,0.0,0.0,0.0,0.0
2023-01-02 15:51:00,PVDAQ_10,0.0,0.0,0.0,0.0
2023-01-02 15:52:00,PVDAQ_10,0.0,0.0,0.0,0.0
2023-01-02 15:53:00,PVDAQ_10,0.0,0.0,0.0,0.0
2023-01-02 15:54:00,PVDAQ_10,0.0,0.0,0.0,0.0
2023-01-02 15:55:00,PVDAQ_10,0.0,0.0,0.0,0.0
2023-01-02 15:56:00,PVDAQ_10,0.0,0.0,0.0,0.0
2023-01-02 15:57:00,PVDAQ_10,0.0,0.0,0.0,0.0
2023-01-02 15:58:00,PVDAQ_10,0.0,0.0,0.0,0.0
2023-01-02 15:59:00,PVDAQ_10,0.0,0.0,0.0,0.0
2023-01-02 16:00:00,PVDAQ_10,0.0,0.0,0.0,0.0
2023-01-02 16:01:00,PVDAQ_10,0.0,0.0,0.0,0.0
2023-01-02 16:02:00,PVDAQ_10,0.0,0.0,0.0,0.0
2023-01-02 16:03:00,PVDAQ_10,0.0,0.0,0.0,0.0
2023-01-02 16:04:00,PVDAQ_10,0.0,0.0,0.0,0.0
2023-01-02 16:05:00,PVDAQ_10,0.0,0.0,0.0,0.0
2023-01-02 16:06:00,PVDAQ_10,0.0,0.0,0.0,0.0
2023-01-02 16:07:00,PVDAQ_10,0.0,0.0,0.0,0.0
2023-01-02 16:08:00,PVDAQ_10,0.0,0.0,0.0,0.0
2023-01-02 16:09:00,PVDAQ_10,0.0,0.0,0.0,0.0
2023-01-02 16:10:00,PVDAQ_10,0.0,0.0,0.0,0.0
2023-01-02 16:11:00,PVDAQ_10,0.0,0.0,0.0,0.0
2023-01-02 16:12:00,PVDAQ_10,0.0,0.0,0.0,0.0
2023-01-02 16:13:00,PVDAQ_10,0.0,0.0,0.0,0.0
2023-01-02 16:14:00,PVDAQ_10,0.0,0.0,0.0,0.0
2023-01-02 16:15:00,PVDAQ_10,0.0,0.0,0.0,0.0
2023-01-02 16:16:00,PVDAQ_10,0.0,0.0,0.0,0.0
2023-01-02 16:17:00,PVDAQ_10,0.0,0.0,0.0,0.0
2023-01-02 16:18:00,PVDAQ_10,0.0,0.0,0.0,0.0
2023-01-02 16:19:00,PVDAQ_10,0.0,0.0,0.0,0.0
2023-01-02 16:20:00,PVDAQ_10,0.0,0.0,0.0,0.0
2023-01-02 16:21:00,PVDAQ_10,0.0,0.0,0.0,0.0
2023-01-02 16:22:00,PVDAQ_10,0.0,0.0,0.0,0.0
2023-01-02 16:23:00,PVDAQ_10,0.0,0.0,0.0,0.0
2023-01-02 16:24:00,PVDAQ_10,0.0,0.0,0.0,0.0
2023-01-02 16:25:00,PVDAQ_10,0.0,0.0,0.0,0.0
2023-01-02 16:26:00,PVDAQ_10,0.0,0.0,0.0,0.0
2023-01-02 16:27:00,PVDAQ_10,0.0,0.0,0.0,0.0
2023-01-02 16:28:00,PVDAQ_10,0.0,0.0,0.0,0.0
2023-01-02 16:29:00,PVDAQ_10,0.0,0.0,0.0,0.0
2023-01-02 16:30:00,PVDAQ_10,0.0,0.0,0.0,0.0
2023-01-02 16:31:00,PVDAQ_10,0.0,0.0,0.0,0.0
2023-01-02 16:32:00,PVDAQ_10,0.0,0.0,0.0,0.0
2023-01-02 16:33:00,PVDAQ_10,0.0,0.0,0.0,0.0
2023-01-02 16:34:00,PVDAQ_10,0.0,0.0,0.0,0.0
2023-01-02 16:35:00,PVDAQ_10,0.0,0.0,0.0,0.0
2023-01-02 16:36:00,PVDAQ_10,0.0,0.0,0.0,0.0
2023-01-02 16:37:00,PVDAQ_10,0.0,0.0,0.0,0.0
2023-01-02 16:38:00,PVDAQ_10,0.0,0.0,0.0,0.0
2023-01-02 16:39:00,PVDAQ_10,0.0,0.0,0.0,0.0
2023-01-02 16:40:00,PVDAQ_10,0.0,0.0,0.0,0.0
2023-01-02 16:41:00,PVDAQ_10,0.0,0.0,0.0,0.0
2023-01-02 16:42:00,PVDAQ_10,0.0,0.0,0.0,0.0
2023-01-02 16:43:00,PVDAQ_10,0.0,0.0,0.0,0.0
2023-01-02 16:44:00,PVDAQ_10,0.0,0.0,0.0,0.0
2023-01-02 16:45:00,PVDAQ_10,0.0,0.0,0.0,0.0
2023-01-02 16:46:00,PVDAQ_10,0.0,0.0,0.0,0.0
2023-01-02 16:47:00,PVDAQ_10,0.0,0.0,0.0,0.0
2023-01-02 16:48:00,PVDAQ_10,0.0,0.0,0.0,0.0
2023-01-02 16:49:00,PVDAQ_10,0.0,0.0,0.0,0.0
2023-01-02 16:50:00,PVDAQ_10,0.0,0.0,0.0,0.0
2023-01-02 16:51:00,PVDAQ_10,0.0,0.0,0.0,0.0
2023-01-02 16:52:00,PVDAQ_10,0.0,0.0,0.0,0.0
2023-01-02 16:53:00,PVDAQ_10,0.0,0.0,0.0,0.0
2023-01-02 16:54:00,PVDAQ_10,0.0,0.0,0.0,0.0
2023-01-02 16:55:00,PVDAQ_10,0.0,0.0,0.0,0.0
2023-01-02 16:56:00,PVDAQ_10,0.0,0.0,0.0,0.0
2023-01-02 16:57:00,PVDAQ_10,0.0,0.0,0.0,0.0
2023-01-02 16:58:00,PVDAQ_10,0.0,0.0,0.0,0.0
2023-01-02 16:59:00,PVDAQ_10,0.0,0.0,0.0,0.0
2023-01-02 17:00:00,PVDAQ_10,0.0,0.0,0.0,0.0
2023-01-02 17:01:00,PVDAQ_10,0.0,0.0,0.0,0.0
2023-01-02 17:02:00,PVDAQ_10,0.0,0.0,0.0,0.0
2023-01-02 17:03:00,PVDAQ_10,0.0,0.0,0.0,0.0
2023-01-02 17:04:00,PVDAQ_10,0.0,0.0,0.0,0.0
2023-01-02 17:05:00,PVDAQ_10,0.0,0.0,0.0,0.0
2023-01-02 17:06:00,PVDAQ_10,0.0,0.0,0.0,0.0
2023-01-02 17:07:00,PVDAQ_10,0.0,0.0,0.0,0.0
2023-01-02 17:08:00,PVDAQ_10,0.0,0.0,0.0,0.0
2023-01-02 17:09:00,PVDAQ_10,0.0,0.0,0.0,0.0
2023-01-02 17:10:00,PVDAQ_10,0.0,0.0,0.0,0.0
2023-01-02 17:11:00,PVDAQ_10,0.0,0.0,0.0,0.0
2023-01-02 17:12:00,PVDAQ_10,0.0,0.0,0.0,0.0
2023-01-02 17:13:00,PVDAQ_10,0.0,0.0,0.0,0.0
2023-01-02 17:14:00,PVDAQ_10,0.0,0.0,0.0,0.0
2023-01-02 17:15:00,PVDAQ_10,0.0,0.0,0.0,0.0
2023-01-02 17:16:00,PVDAQ_10,0.0,0.0,0.0,0.0
2023-01-02 17:17:00,PVDAQ_10,0.0,0.0,0.0,0.0
2023-01-02 17:18:00,PVDAQ_10,0.0,0.0,0.0,0.0
2023-01-02 17:19:00,PVDAQ_10,0.0,0.0,0.0,0.0
2023-01-02 17:20:00,PVDAQ_10,0.0,0.0,0.0,0.0
2023-01-02 17:21:00,PVDAQ_10,0.0,0.0,0.0,0.0
2023-01-02 17:22:00,PVDAQ_10,0.0,0.0,0.0,0.0
2023-01-02 17:23:00,PVDAQ_10,0.0,0.0,0.0,0.0
2023-01-02 17:24:00,PVDAQ_10,0.0,0.0,0.0,0.0
2023-01-02 17:25:00,PVDAQ_10,0.0,0.0,0.0,0.0
2023-01-02 17:26:00,PVDAQ_10,0.0,0.0,0.0,0.0
2023-01-02 17:27:00,PVDAQ_10,0.0,0.0,0.0,0.0
2023-01-02 17:28:00,PVDAQ_10,0.0,0.0,0.0,0.0
2023-01-02 17:29:00,PVDAQ_10,0.0,0.0,0.0,0.0
2023-01-02 17:30:00,PVDAQ_10,0.0,0.0,0.0,0.0
2023-01-02 17:31:00,PVDAQ_10,0.0,0.0,0.0,0.0
2023-01-02 17:32:00,PVDAQ_10,0.0,0.0,0.0,0.0
2023-01-02 17:33:00,PVDAQ_10,0.0,0.0,0.0,0.0
2023-01-02 17:34:00,PVDAQ_10,0.0,0.0,0.0,0.0
2023-01-02 17:35:00,PVDAQ_10,0.0,0.0,0.0,0.0
2023-01-02 17:36:00,PVDAQ_10,0.0,0.0,0.0,0.0
2023-01-02 17:37:00,PVDAQ_10,0.0,0.0,0.0,0.0
2023-01-02 17:38:00,PVDAQ_10,0.0,0.0,0.0,0.0
2023-01-02 17:39:00,PVDAQ_10,0.0,0.0,0.0,0.0
2023-01-02 17:40:00,PVDAQ_10,0.0,0.0,0.0,0.0
2023-01-02 17:41:00,PVDAQ_10,0.0,0.0,0.0,0.0
2023-01-02 17:42:00,PVDAQ_10,0.0,0.0,0.0,0.0
2023-01-02 17:43:00,PVDAQ_10,0.0,0.0,0.0,0.0
2023-01-02 17:44:00,PVDAQ_10,0.0,0.0,0.0,0.0
2023-01-02 17:45:00,PVDAQ_10,0.0,0.0,0.0,0.0
2023-01-02 17:46:00,PVDAQ_10,0.0,0.0,0.0,0.0
2023-01-02 17:47:00,PVDAQ_10,0.0,0.0,0.0,0.0
2023-01-02 17:48:00,PVDAQ_10,0.0,0.0,0.0,0.0
2023-01-02 17:49:00,PVDAQ_10,0.0,0.0,0.0,0.0
2023-01-02 17:50:00,PVDAQ_10,0.0,0.0,0.0,0.0
2023-01-02 17:51:00,PVDAQ_10,0.0,0.0,0.0,0.0
2023-01-02 17:52:00,PVDAQ_10,0.0,0.0,0.0,0.0
2023-01-02 17:53:00,PVDAQ_10,0.0,0.0,0.0,0.0
2023-01-02 17:54:00,PVDAQ_10,0.0,0.0,0.0,0.0
2023-01-02 17:55:00,PVDAQ_10,0.0,0.0,0.0,0.0
2023-01-02 17:56:00,PVDAQ_10,0.0,0.0,0.0,0.0
2023-01-02 17:57:00,PVDAQ_10,0.0,0.0,0.0,0.0
2023-01-02 17:58:00,PVDAQ_10,0.0,0.0,0.0,0.0
2023-01-02 17:59:00,PVDAQ_10,0.0,0.0,0.0,0.0
2023-01-02 18:00:00,PVDAQ_10,0.0,0.0,0.0,0.0
2023-01-02 18:01:00,PVDAQ_10,0.0,0.0,0.0,0.0
2023-01-02 18:02:00,PVDAQ_10,0.0,0.0,0.0,0.0
2023-01-02 18:03:00,PVDAQ_10,0.0,0.0,0.0,0.0
2023-01-02 18:04:00,PVDAQ_10,0.0,0.0,0.0,0.0
2023-01-02 18:05:00,PVDAQ_10,0.0,0.0,0.0,0.0
2023-01-02 18:06:00,PVDAQ_10,0.0,0.0,0.0,0.0
2023-01-02 18:07:00,PVDAQ_10,0.0,0.0,0.0,0.0
2023-01-02 18:08:00,PVDAQ_10,0.0,0.0,0.0,0.0
2023-01-02 18:09:00,PVDAQ_10,0.0,0.0,0.0,0.0
2023-01-02 18:10:00,PVDAQ_10,0.0,0.0,0.0,0.0
2023-01-02 18:11:00,PVDAQ_10,0.0,0.0,0.0,0.0
2023-01-02 18:12:00,PVDAQ_10,0.0,0.0,0.0,0.0
2023-01-02 18:13:00,PVDAQ_10,0.0,0.0,0.0,0.0
2023-01-02 18:14:00,PVDAQ_10,0.0,0.0,0.0,0.0
2023-01-02 18:15:00,PVDAQ_10,0.0,0.0,0.0,0.0
2023-01-02 18:16:00,PVDAQ_10,0.0,0.0,0.0,0.0
2023-01-02 18:17:00,PVDAQ_10,0.0,0.0,0.0,0.0
2023-01-02 18:18:00,PVDAQ_10,0.0,0.0,0.0,0.0
2023-01-02 18:19:00,PVDAQ_10,0.0,0.0,0.0,0.0
2023-01-02 18:20:00,PVDAQ_10,0.0,0.0,0.0,0.0
2023-01-02 18:21:00,PVDAQ_10,0.0,0.0,0.0,0.0
2023-01-02 18:22:00,PVDAQ_10,0.0,0.0,0.0,0.0
2023-01-02 18:23:00,PVDAQ_10,0.0,0.0,0.0,0.0
2023-01-02 18:24:00,PVDAQ_10,0.0,0.0,0.0,0.0
2023-01-02 18:25:00,PVDAQ_10,0.0,0.0,0.0,0.0
2023-01-02 18:26:00,PVDAQ_10,0.0,0.0,0.0,0.0
2023-01-02 18:27:00,PVDAQ_10,0.0,0.0,0.0,0.0
2023-01-02 18:28:00,PVDAQ_10,0.0,0.0,0.0,0.0
2023-01-02 18:29:00,PVDAQ_10,0.0,0.0,0.0,0.0
2023-01-02 18:30:00,PVDAQ_10,0.0,0.0,0.0,0.0
2023-01-02 18:31:00,PVDAQ_10,0.0,0.0,0.0,0.0
2023-01-02 18:32:00,PVDAQ_10,0.0,0.0,0.0,0.0
2023-01-02 18:33:00,PVDAQ_10,0.0,0.0,0.0,0.0
2023-01-02 18:34:00,PVDAQ_10,0.0,0.0,0.0,0.0
2023-01-02 18:35:00,PVDAQ_10,0.0,0.0,0.0,0.0
2023-01-02 18:36:00,PVDAQ_10,0.0,0.0,0.0,0.0
2023-01-02 18:37:00,PVDAQ_10,0.0,0.0,0.0,0.0
2023-01-02 18:38:00,PVDAQ_10,0.0,0.0,0.0,0.0
2023-01-02 18:39:00,PVDAQ_10,0.0,0.0,0.0,0.0
2023-01-02 18:40:00,PVDAQ_10,0.0,0.0,0.0,0.0
2023-01-02 18:41:00,PVDAQ_10,0.0,0.0,0.0,0.0
2023-01-02 18:42:00,PVDAQ_10,0.0,0.0,0.0,0.0
2023-01-02 18:43:00,PVDAQ_10,0.0,0.0,0.0,0.0
2023-01-02 18:44:00,PVDAQ_10,0.0,0.0,0.0,0.0
2023-01-02 18:45:00,PVDAQ_10,0.0,0.0,0.0,0.0
2023-01-02 18:46:00,PVDAQ_10,0.0,0.0,0.0,0.0
2023-01-02 18:47:00,PVDAQ_10,0.0,0.0,0.0,0.0
2023-01-02 18:48:00,PVDAQ_10,0.0,0.0,0.0,0.0
2023-01-02 18:49:00,PVDAQ_10,0.0,0.0,0.0,0.0
2023-01-02 18:50:00,PVDAQ_10,0.0,0.0,0.0,0.0
2023-01-02 18:51:00,PVDAQ_10,0.0,0.0,0.0,0.0
2023-01-02 18:52:00,PVDAQ_10,0.0,0.0,0.0,0.0
2023-01-02 18:53:00,PVDAQ_10,0.0,0.0,0.0,0.0
2023-01-02 18:54:00,PVDAQ_10,0.0,0.0,0.0,0.0
2023-01-02 18:55:00,PVDAQ_10,0.0,0.0,0.0,0.0
2023-01-02 18:56:00,PVDAQ_10,0.0,0.0,0.0,0.0
2023-01-02 18:57:00,PVDAQ_10,0.0,0.0,0.0,0.0
2023-01-02 18:58:00,PVDAQ_10,0.0,0.0,0.0,0.0
2023-01-02 18:59:00,PVDAQ_10,0.0,0.0,0.0,0.0
2023-01-02 19:00:00,PVDAQ_10,0.0,0.0,0.0,0.0
2023-01-02 19:01:00,PVDAQ_10,0.0,0.0,0.0,0.0
2023-01-02 19:02:00,PVDAQ_10,0.0,0.0,0.0,0.0
2023-01-02 19:03:00,PVDAQ_10,0.0,0.0,0.0,0.0
2023-01-02 19:04:00,PVDAQ_10,0.0,0.0,0.0,0.0
2023-01-02 19:05:00,PVDAQ_10,0.0,0.0,0.0,0.0
2023-01-02 19:06:00,PVDAQ_10,0.0,0.0,0.0,0.0
2023-01-02 19:07:00,PVDAQ_10,0.0,0.0,0.0,0.0
2023-01-02 19:08:00,PVDAQ_10,0.0,0.0,0.0,0.0
2023-01-02 19:09:00,PVDAQ_10,0.0,0.0,0.0,0.0
2023-01-02 19:10:00,PVDAQ_10,0.0,0.0,0.0,0.0
2023-01-02 19:11:00,PVDAQ_10,0.0,0.0,0.0,0.0
2023-01-02 19:12:00,PVDAQ_10,0.0,0.0,0.0,0.0
2023-01-02 19:13:00,PVDAQ_10,0.0,0.0,0.0,0.0
2023-01-02 19:14:00,PVDAQ_10,0.0,0.0,0.0,0.0
2023-01-02 19:15:00,PVDAQ_10,0.0,0.0,0.0,0.0
2023-01-02 19:16:00,PVDAQ_10,0.0,0.0,0.0,0.0
2023-01-02 19:17:00,PVDAQ_10,0.0,0.0,0.0,0.0
2023-01-02 19:18:00,PVDAQ_10,0.0,0.0,0.0,0.0
2023-01-02 19:19:00,PVDAQ_10,0.0,0.0,0.0,0.0
2023-01-02 19:20:00,PVDAQ_10,0.0,0.0,0.0,0.0
2023-01-02 19:21:00,PVDAQ_10,0.0,0.0,0.0,0.0
2023-01-02 19:22:00,PVDAQ_10,0.0,0.0,0.0,0.0
2023-01-02 19:23:00,PVDAQ_10,0.0,0.0,0.0,0.0
2023-01-02 19:24:00,PVDAQ_10,0.0,0.0,0.0,0.0
2023-01-02 19:25:00,PVDAQ_10,0.0,0.0,0.0,0.0
2023-01-02 19:26:00,PVDAQ_10,0.0,0.0,0.0,0.0
2023-01-02 19:27:00,PVDAQ_10,0.0,0.0,0.0,0.0
2023-01-02 19:28:00,PVDAQ_10,0.0,0.0,0.0,0.0
2023-01-02 19:29:00,PVDAQ_10,0.0,0.0,0.0,0.0
2023-01-02 19:30:00,PVDAQ_10,0.0,0.0,0.0,0.0
2023-01-02 19:31:00,PVDAQ_10,0.0,0.0,0.0,0.0
2023-01-02 19:32:00,PVDAQ_10,0.0,0.0,0.0,0.0
2023-01-02 19:33:00,PVDAQ_10,0.0,0.0,0.0,0.0
2023-01-02 19:34:00,PVDAQ_10,0.0,0.0,0.0,0.0
2023-01-02 19:35:00,PVDAQ_10,0.0,0.0,0.0,0.0
2023-01-02 19:36:00,PVDAQ_10,0.0,0.0,0.0,0.0
2023-01-02 19:37:00,PVDAQ_10,0.0,0.0,0.0,0.0
2023-01-02 19:38:00,PVDAQ_10,0.0,0.0,0.0,0.0
2023-01-02 19:39:00,PVDAQ_10,0.0,0.0,0.0,0.0
2023-01-02 19:40:00,PVDAQ_10,0.0,0.0,0.0,0.0
2023-01-02 19:41:00,PVDAQ_10,0.0,0.0,0.0,0.0
2023-01-02 19:42:00,PVDAQ_10,0.0,0.0,0.0,0.0
2023-01-02 19:43:00,PVDAQ_10,0.0,0.0,0.0,0.0
2023-01-02 19:44:00,PVDAQ_10,0.0,0.0,0.0,0.0
2023-01-02 19:45:00,PVDAQ_10,0.0,0.0,0.0,0.0
2023-01-02 19:46:00,PVDAQ_10,0.0,0.0,0.0,0.0
2023-01-02 19:47:00,PVDAQ_10,0.0,0.0,0.0,0.0
2023-01-02 19:48:00,PVDAQ_10,0.0,0.0,0.0,0.0
2023-01-02 19:49:00,PVDAQ_10,0.0,0.0,0.0,0.0
2023-01-02 19:50:00,PVDAQ_10,0.0,0.0,0.0,0.0
2023-01-02 19:51:00,PVDAQ_10,0.0,0.0,0.0,0.0
2023-01-02 19:52:00,PVDAQ_10,0.0,0.0,0.0,0.0
2023-01-02 19:53:00,PVDAQ_10,0.0,0.0,0.0,0.0
2023-01-02 19:54:00,PVDAQ_10,0.0,0.0,0.0,0.0
2023-01-02 19:55:00,PVDAQ_10,0.0,0.0,0.0,0.0
2023-01-02 19:56:00,PVDAQ_10,0.0,0.0,0.0,0.0
2023-01-02 19:57:00,PVDAQ_10,0.0,0.0,0.0,0.0
2023-01-02 19:58:00,PVDAQ_10,0.0,0.0,0.0,0.0
2023-01-02 19:59:00,PVDAQ_10,0.0,0.0,0.0,0.0
2023-01-02 20:00:00,PVDAQ_10,0.0,0.0,0.0,0.0
2023-01-02 20:01:00,PVDAQ_10,0.0,0.0,0.0,0.0
2023-01-02 20:02:00,PVDAQ_10,0.0,0.0,0.0,0.0
2023-01-02 20:03:00,PVDAQ_10,0.0,0.0,0.0,0.0
2023-01-02 20:04:00,PVDAQ_10,0.0,0.0,0.0,0.0
2023-01-02 20:05:00,PVDAQ_10,0.0,0.0,0.0,0.0
2023-01-02 20:06:00,PVDAQ_10,0.0,0.0,0.0,0.0
2023-01-02 20:07:00,PVDAQ_10,0.0,0.0,0.0,0.0
2023-01-02 20:08:00,PVDAQ_10,0.0,0.0,0.0,0.0
2023-01-02 20:09:00,PVDAQ_10,0.0,0.0,0.0,0.0
2023-01-02 20:10:00,PVDAQ_10,0.0,0.0,0.0,0.0
2023-01-02 20:11:00,PVDAQ_10,0.0,0.0,0.0,0.0
2023-01-02 20:12:00,PVDAQ_10,0.0,0.0,0.0,0.0
2023-01-02 20:13:00,PVDAQ_10,0.0,0.0,0.0,0.0
2023-01-02 20:14:00,PVDAQ_10,0.0,0.0,0.0,0.0
2023-01-02 20:15:00,PVDAQ_10,0.0,0.0,0.0,0.0
2023-01-02 20:16:00,PVDAQ_10,0.0,0.0,0.0,0.0
2023-01-02 20:17:00,PVDAQ_10,0.0,0.0,0.0,0.0
2023-01-02 20:18:00,PVDAQ_10,0.0,0.0,0.0,0.0
2023-01-02 20:19:00,PVDAQ_10,0.0,0.0,0.0,0.0
2023-01-02 20:20:00,PVDAQ_10,0.0,0.0,0.0,0.0
2023-01-02 20:21:00,PVDAQ_10,0.0,0.0,0.0,0.0
2023-01-02 20:22:00,PVDAQ_10,0.0,0.0,0.0,0.0
2023-01-02 20:23:00,PVDAQ_10,0.0,0.0,0.0,0.0
2023-01-02 20:24:00,PVDAQ_10,0.0,0.0,0.0,0.0
2023-01-02 20:25:00,PVDAQ_10,0.0,0.0,0.0,0.0
2023-01-02 20:26:00,PVDAQ_10,0.0,0.0,0.0,0.0
2023-01-02 20:27:00,PVDAQ_10,0.0,0.0,0.0,0.0
2023-01-02 20:28:00,PVDAQ_10,0.0,0.0,0.0,0.0
2023-01-02 20:29:00,PVDAQ_10,0.0,0.0,0.0,0.0
2023-01-02 20:30:00,PVDAQ_10,0.0,0.0,0.0,0.0
2023-01-02 20:31:00,PVDAQ_10,0.0,0.0,0.0,0.0
2023-01-02 20:32:00,PVDAQ_10,0.0,0.0,0.0,0.0
2023-01-02 20:33:00,PVDAQ_10,0.0,0.0,0.0,0.0
2023-01-02 20:34:00,PVDAQ_10,0.0,0.0,0.0,0.0
2023-01-02 20:35:00,PVDAQ_10,0.0,0.0,0.0,0.0
2023-01-02 20:36:00,PVDAQ_10,0.0,0.0,0.0,0.0
2023-01-02 20:37:00,PVDAQ_10,0.0,0.0,0.0,0.0
2023-01-02 20:38:00,PVDAQ_10,0.0,0.0,0.0,0.0
2023-01-02 20:39:00,PVDAQ_10,0.0,0.0,0.0,0.0
2023-01-02 20:40:00,PVDAQ_10,0.0,0.0,0.0,0.0
2023-01-02 20:41:00,PVDAQ_10,0.0,0.0,0.0,0.0
2023-01-02 20:42:00,PVDAQ_10,0.0,0.0,0.0,0.0
2023-01-02 20:43:00,PVDAQ_10,0.0,0.0,0.0,0.0
2023-01-02 20:44:00,PVDAQ_10,0.0,0.0,0.0,0.0
2023-01-02 20:45:00,PVDAQ_10,0.0,0.0,0.0,0.0
2023-01-02 20:46:00,PVDAQ_10,0.0,0.0,0.0,0.0
2023-01-02 20:47:00,PVDAQ_10,0.0,0.0,0.0,0.0
2023-01-02 20:48:00,PVDAQ_10,0.0,0.0,0.0,0.0
2023-01-02 20:49:00,PVDAQ_10,0.0,0.0,0.0,0.0
2023-01-02 20:50:00,PVDAQ_10,0.0,0.0,0.0,0.0
2023-01-02 20:51:00,PVDAQ_10,0.0,0.0,0.0,0.0
2023-01-02 20:52:00,PVDAQ_10,0.0,0.0,0.0,0.0
2023-01-02 20:53:00,PVDAQ_10,0.0,0.0,0.0,0.0
2023-01-02 20:54:00,PVDAQ_10,0.0,0.0,0.0,0.0
2023-01-02 20:55:00,PVDAQ_10,0.0,0.0,0.0,0.0
2023-01-02 20:56:00,PVDAQ_10,0.0,0.0,0.0,0.0
2023-01-02 20:57:00,PVDAQ_10,0.0,0.0,0.0,0.0
2023-01-02 20:58:00,PVDAQ_10,0.0,0.0,0.0,0.0
2023-01-02 20:59:00,PVDAQ_10,0.0,0.0,0.0,0.0
2023-01-02 21:00:00,PVDAQ_10,0.0,0.0,0.0,0.0
2023-01-02 21:01:00,PVDAQ_10,0.0,0.0,0.0,0.0
2023-01-02 21:02:00,PVDAQ_10,0.0,0.0,0.0,0.0
2023-01-02 21:03:00,PVDAQ_10,0.0,0.0,0.0,0.0
2023-01-02 21:04:00,PVDAQ_10,0.0,0.0,0.0,0.0
2023-01-02 21:05:00,PVDAQ_10,0.0,0.0,0.0,0.0
2023-01-02 21:06:00,PVDAQ_10,0.0,0.0,0.0,0.0
2023-01-02 21:07:00,PVDAQ_10,0.0,0.0,0.0,0.0
2023-01-02 21:08:00,PVDAQ_10,0.0,0.0,0.0,0.0
2023-01-02 21:09:00,PVDAQ_10,0.0,0.0,0.0,0.0
2023-01-02 21:10:00,PVDAQ_10,0.0,0.0,0.0,0.0
2023-01-02 21:11:00,PVDAQ_10,0.0,0.0,0.0,0.0
2023-01-02 21:12:00,PVDAQ_10,0.0,0.0,0.0,0.0
2023-01-02 21:13:00,PVDAQ_10,0.0,0.0,0.0,0.0
2023-01-02 21:14:00,PVDAQ_10,0.0,0.0,0.0,0.0
2023-01-02 21:15:00,PVDAQ_10,0.0,0.0,0.0,0.0
2023-01-02 21:16:00,PVDAQ_10,0.0,0.0,0.0,0.0
2023-01-02 21:17:00,PVDAQ_10,0.0,0.0,0.0,0.0
2023-01-02 21:18:00,PVDAQ_10,0.0,0.0,0.0,0.0
2023-01-02 21:19:00,PVDAQ_10,0.0,0.0,0.0,0.0
2023-01-02 21:20:00,PVDAQ_10,0.0,0.0,0.0,0.0
2023-01-02 21:21:00,PVDAQ_10,0.0,0.0,0.0,0.0
2023-01-02 21:22:00,PVDAQ_10,0.0,0.0,0.0,0.0
2023-01-02 21:23:00,PVDAQ_10,0.0,0.0,0.0,0.0
2023-01-02 21:24:00,PVDAQ_10,0.0,0.0,0.0,0.0
2023-01-02 21:25:00,PVDAQ_10,0.0,0.0,0.0,0.0
2023-01-02 21:26:00,PVDAQ_10,0.0,0.0,0.0,0.0
2023-01-02 21:27:00,PVDAQ_10,0.0,0.0,0.0,0.0
2023-01-02 21:28:00,PVDAQ_10,0.0,0.0,0.0,0.0
2023-01-02 21:29:00,PVDAQ_10,0.0,0.0,0.0,0.0
2023-01-02 21:30:00,PVDAQ_10,0.0,0.0,0.0,0.0
2023-01-02 21:31:00,PVDAQ_10,0.0,0.0,0.0,0.0
2023-01-02 21:32:00,PVDAQ_10,0.0,0.0,0.0,0.0
2023-01-02 21:33:00,PVDAQ_10,0.0,0.0,0.0,0.0
2023-01-02 21:34:00,PVDAQ_10,0.0,0.0,0.0,0.0
2023-01-02 21:35:00,PVDAQ_10,0.0,0.0,0.0,0.0
2023-01-02 21:36:00,PVDAQ_10,0.0,0.0,0.0,0.0
2023-01-02 21:37:00,PVDAQ_10,0.0,0.0,0.0,0.0
2023-01-02 21:38:00,PVDAQ_10,0.0,0.0,0.0,0.0
2023-01-02 21:39:00,PVDAQ_10,0.0,0.0,0.0,0.0
2023-01-02 21:40:00,PVDAQ_10,0.0,0.0,0.0,0.0
2023-01-02 21:41:00,PVDAQ_10,0.0,0.0,0.0,0.0
2023-01-02 21:42:00,PVDAQ_10,0.0,0.0,0.0,0.0
2023-01-02 21:43:00,PVDAQ_10,0.0,0.0,0.0,0.0
2023-01-02 21:44:00,PVDAQ_10,0.0,0.0,0.0,0.0
2023-01-02 21:45:00,PVDAQ_10,0.0,0.0,0.0,0.0
2023-01-02 21:46:00,PVDAQ_10,0.0,0.0,0.0,0.0
2023-01-02 21:47:00,PVDAQ_10,0.0,0.0,0.0,0.0
2023-01-02 21:48:00,PVDAQ_10,0.0,0.0,0.0,0.0
2023-01-02 21:49:00,PVDAQ_10,0.0,0.0,0.0,0.0
2023-01-02 21:50:00,PVDAQ_10,0.0,0.0,0.0,0.0
2023-01-02 21:51:00,PVDAQ_10,0.0,0.0,0.0,0.0
2023-01-02 21:52:00,PVDAQ_10,0.0,0.0,0.0,0.0
2023-01-02 21:53:00,PVDAQ_10,0.0,0.0,0.0,0.0
2023-01-02 21:54:00,PVDAQ_10,0.0,0.0,0.0,0.0
2023-01-02 21:55:00,PVDAQ_10,0.0,0.0,0.0,0.0
2023-01-02 21:56:00,PVDAQ_10,0.0,0.0,0.0,0.0
2023-01-02 21:57:00,PVDAQ_10,0.0,0.0,0.0,0.0
2023-01-02 21:58:00,PVDAQ_10,0.0,0.0,0.0,0.0
2023-01-02 21:59:00,PVDAQ_10,0.0,0.0,0.0,0.0
2023-01-02 22:00:00,PVDAQ_10,0.0,0.0,0.0,0.0
2023-01-02 22:01:00,PVDAQ_10,0.0,0.0,0.0,0.0
2023-01-02 22:02:00,PVDAQ_10,0.0,0.0,0.0,0.0
2023-01-02 22:03:00,PVDAQ_10,0.0,0.0,0.0,0.0
2023-01-02 22:04:00,PVDAQ_10,0.0,0.0,0.0,0.0
2023-01-02 22:05:00,PVDAQ_10,0.0,0.0,0.0,0.0
2023-01-02 22:06:00,PVDAQ_10,0.0,0.0,0.0,0.0
2023-01-02 22:07:00,PVDAQ_10,0.0,0.0,0.0,0.0
2023-01-02 22:08:00,PVDAQ_10,0.0,0.0,0.0,0.0
2023-01-02 22:09:00,PVDAQ_10,0.0,0.0,0.0,0.0
2023-01-02 22:10:00,PVDAQ_10,0.0,0.0,0.0,0.0
2023-01-02 22:11:00,PVDAQ_10,0.0,0.0,0.0,0.0
2023-01-02 22:12:00,PVDAQ_10,0.0,0.0,0.0,0.0
2023-01-02 22:13:00,PVDAQ_10,0.0,0.0,0.0,0.0
2023-01-02 22:14:00,PVDAQ_10,0.0,0.0,0.0,0.0
2023-01-02 22:15:00,PVDAQ_10,0.0,0.0,0.0,0.0
2023-01-02 22:16:00,PVDAQ_10,0.0,0.0,0.0,0.0
2023-01-02 22:17:00,PVDAQ_10,0.0,0.0,0.0,0.0
2023-01-02 22:18:00,PVDAQ_10,0.0,0.0,0.0,0.0
2023-01-02 22:19:00,PVDAQ_10,0.0,0.0,0.0,0.0
2023-01-02 22:20:00,PVDAQ_10,0.0,0.0,0.0,0.0
2023-01-02 22:21:00,PVDAQ_10,0.0,0.0,0.0,0.0
2023-01-02 22:22:00,PVDAQ_10,0.0,0.0,0.0,0.0
2023-01-02 22:23:00,PVDAQ_10,0.0,0.0,0.0,0.0
2023-01-02 22:24:00,PVDAQ_10,0.0,0.0,0.0,0.0
2023-01-02 22:25:00,PVDAQ_10,0.0,0.0,0.0,0.0
2023-01-02 22:26:00,PVDAQ_10,0.0,0.0,0.0,0.0
2023-01-02 22:27:00,PVDAQ_10,0.0,0.0,0.0,0.0
2023-01-02 22:28:00,PVDAQ_10,0.0,0.0,0.0,0.0
2023-01-02 22:29:00,PVDAQ_10,0.0,0.0,0.0,0.0
2023-01-02 22:30:00,PVDAQ_10,0.0,0.0,0.0,0.0
2023-01-02 22:31:00,PVDAQ_10,0.0,0.0,0.0,0.0
2023-01-02 22:32:00,PVDAQ_10,0.0,0.0,0.0,0.0
2023-01-02 22:33:00,PVDAQ_10,0.0,0.0,0.0,0.0
2023-01-02 22:34:00,PVDAQ_10,0.0,0.0,0.0,0.0
2023-01-02 22:35:00,PVDAQ_10,0.0,0.0,0.0,0.0
2023-01-02 22:36:00,PVDAQ_10,0.0,0.0,0.0,0.0
2023-01-02 22:37:00,PVDAQ_10,0.0,0.0,0.0,0.0
2023-01-02 22:38:00,PVDAQ_10,0.0,0.0,0.0,0.0
2023-01-02 22:39:00,PVDAQ_10,0.0,0.0,0.0,0.0
2023-01-02 22:40:00,PVDAQ_10,0.0,0.0,0.0,0.0
2023-01-02 22:41:00,PVDAQ_10,0.0,0.0,0.0,0.0
2023-01-02 22:42:00,PVDAQ_10,0.0,0.0,0.0,0.0
2023-01-02 22:43:00,PVDAQ_10,0.0,0.0,0.0,0.0
2023-01-02 22:44:00,PVDAQ_10,0.0,0.0,0.0,0.0
2023-01-02 22:45:00,PVDAQ_10,0.0,0.0,0.0,0.0
2023-01-02 22:46:00,PVDAQ_10,0.0,0.0,0.0,0.0
2023-01-02 22:47:00,PVDAQ_10,0.0,0.0,0.0,0.0
2023-01-02 22:48:00,PVDAQ_10,0.0,0.0,0.0,0.0
2023-01-02 22:49:00,PVDAQ_10,0.0,0.0,0.0,0.0
2023-01-02 22:50:00,PVDAQ_10,0.0,0.0,0.0,0.0
2023-01-02 22:51:00,PVDAQ_10,0.0,0.0,0.0,0.0
2023-01-02 22:52:00,PVDAQ_10,0.0,0.0,0.0,0.0
2023-01-02 22:53:00,PVDAQ_10,0.0,0.0,0.0,0.0
2023-01-02 22:54:00,PVDAQ_10,0.0,0.0,0.0,0.0
2023-01-02 22:55:00,PVDAQ_10,0.0,0.0,0.0,0.0
2023-01-02 22:56:00,PVDAQ_10,0.0,0.0,0.0,0.0
2023-01-02 22:57:00,PVDAQ_10,0.0,0.0,0.0,0.0
2023-01-02 22:58:00,PVDAQ_10,0.0,0.0,0.0,0.0
2023-01-02 22:59:00,PVDAQ_10,0.0,0.0,0.0,0.0
2023-01-02 23:00:00,PVDAQ_10,0.0,0.0,0.0,0.0
2023-01-02 23:01:00,PVDAQ_10,0.0,0.0,0.0,0.0
2023-01-02 23:02:00,PVDAQ_10,0.0,0.0,0.0,0.0
2023-01-02 23:03:00,PVDAQ_10,0.0,0.0,0.0,0.0
2023-01-02 23:04:00,PVDAQ_10,0.0,0.0,0.0,0.0
2023-01-02 23:05:00,PVDAQ_10,0.0,0.0,0.0,0.0
2023-01-02 23:06:00,PVDAQ_10,0.0,0.0,0.0,0.0
2023-01-02 23:07:00,PVDAQ_10,0.0,0.0,0.0,0.0
2023-01-02 23:08:00,PVDAQ_10,0.0,0.0,0.0,0.0
2023-01-02 23:09:00,PVDAQ_10,0.0,0.0,0.0,0.0
2023-01-02 23:10:00,PVDAQ_10,0.0,0.0,0.0,0.0
2023-01-02 23:11:00,PVDAQ_10,0.0,0.0,0.0,0.0
2023-01-02 23:12:00,PVDAQ_10,0.0,0.0,0.0,0.0
2023-01-02 23:13:00,PVDAQ_10,0.0,0.0,0.0,0.0
2023-01-02 23:14:00,PVDAQ_10,0.0,0.0,0.0,0.0
2023-01-02 23:15:00,PVDAQ_10,0.0,0.0,0.0,0.0
2023-01-02 23:16:00,PVDAQ_10,0.0,0.0,0.0,0.0
2023-01-02 23:17:00,PVDAQ_10,0.0,0.0,0.0,0.0
2023-01-02 23:18:00,PVDAQ_10,0.0,0.0,0.0,0.0
2023-01-02 23:19:00,PVDAQ_10,0.0,0.0,0.0,0.0
2023-01-02 23:20:00,PVDAQ_10,0.0,0.0,0.0,0.0
2023-01-02 23:21:00,PVDAQ_10,0.0,0.0,0.0,0.0
2023-01-02 23:22:00,PVDAQ_10,0.0,0.0,0.0,0.0
2023-01-02 23:23:00,PVDAQ_10,0.0,0.0,0.0,0.0
2023-01-02 23:24:00,PVDAQ_10,0.0,0.0,0.0,0.0
2023-01-02 23:25:00,PVDAQ_10,0.0,0.0,0.0,0.0
2023-01-02 23:26:00,PVDAQ_10,0.0,0.0,0.0,0.0
2023-01-02 23:27:00,PVDAQ_10,0.0,0.0,0.0,0.0
2023-01-02 23:28:00,PVDAQ_10,0.0,0.0,0.0,0.0
2023-01-02 23:29:00,PVDAQ_10,0.0,0.0,0.0,0.0
2023-01-02 23:30:00,PVDAQ_10,0.0,0.0,0.0,0.0
2023-01-02 23:31:00,PVDAQ_10,0.0,0.0,0.0,0.0
2023-01-02 23:32:00,PVDAQ_10,0.0,0.0,0.0,0.0
2023-01-02 23:33:00,PVDAQ_10,0.0,0.0,0.0,0.0
2023-01-02 23:34:00,PVDAQ_10,0.0,0.0,0.0,0.0
2023-01-02 23:35:00,PVDAQ_10,0.0,0.0,0.0,0.0
2023-01-02 23:36:00,PVDAQ_10,0.0,0.0,0.0,0.0
2023-01-02 23:37:00,PVDAQ_10,0.0,0.0,0.0,0.0
2023-01-02 23:38:00,PVDAQ_10,0.0,0.0,0.0,0.0
2023-01-02 23:39:00,PVDAQ_10,0.0,0.0,0.0,0.0
2023-01-02 23:40:00,PVDAQ_10,0.0,0.0,0.0,0.0
2023-01-02 23:41:00,PVDAQ_10,0.0,0.0,0.0,0.0
2023-01-02 23:42:00,PVDAQ_10,0.0,0.0,0.0,0.0
2023-01-02 23:43:00,PVDAQ_10,0.0,0.0,0.0,0.0
2023-01-02 23:44:00,PVDAQ_10,0.0,0.0,0.0,0.0
2023-01-02 23:45:00,PVDAQ_10,0.0,0.0,0.0,0.0
2023-01-02 23:46:00,PVDAQ_10,0.0,0.0,0.0,0.0
2023-01-02 23:47:00,PVDAQ_10,0.0,0.0,0.0,0.0
2023-01-02 23:48:00,PVDAQ_10,0.0,0.0,0.0,0.0
2023-01-02 23:49:00,PVDAQ_10,0.0,0.0,0.0,0.0
2023-01-02 23:50:00,PVDAQ_10,0.0,0.0,0.0,0.0
2023-01-02 23:51:00,PVDAQ_10,0.0,0.0,0.0,0.0
2023-01-02 23:52:00,PVDAQ_10,0.0,0.0,0.0,0.0
2023-01-02 23:53:00,PVDAQ_10,0.0,0.0,0.0,0.0
2023-01-02 23:54:00,PVDAQ_10,0.0,0.0,0.0,0.0
2023-01-02 23:55:00,PVDAQ_10,0.0,0.0,0.0,0.0
2023-01-02 23:56:00,PVDAQ_10,0.0,0.0,0.0,0.0
2023-01-02 23:57:00,PVDAQ_10,0.0,0.0,0.0,0.0
2023-01-02 23:58:00,PVDAQ_10,0.0,0.0,0.0,0.0
2023-01-02 23:59:00,PVDAQ_10,0.0,0.0,0.0,0.0
2023-01-03 00:00:00,PVDAQ_10,0.0,0.0,0.0,0.0
2023-01-03 00:01:00,PVDAQ_10,0.0,0.0,0.0,0.0
2023-01-03 00:02:00,PVDAQ_10,0.0,0.0,0.0,0.0
2023-01-03 00:03:00,PVDAQ_10,0.0,0.0,0.0,0.0
2023-01-03 00:04:00,PVDAQ_10,0.0,0.0,0.0,0.0
2023-01-03 00:05:00,PVDAQ_10,0.0,0.0,0.0,0.0
2023-01-03 00:06:00,PVDAQ_10,0.0,0.0,0.0,0.0
2023-01-03 00:07:00,PVDAQ_10,0.0,0.0,0.0,0.0
2023-01-03 00:08:00,PVDAQ_10,0.0,0.0,0.0,0.0
2023-01-03 00:09:00,PVDAQ_10,0.0,0.0,0.0,0.0
2023-01-03 00:10:00,PVDAQ_10,0.0,0.0,0.0,0.0
2023-01-03 00:11:00,PVDAQ_10,0.0,0.0,0.0,0.0
2023-01-03 00:12:00,PVDAQ_10,0.0,0.0,0.0,0.0
2023-01-03 00:13:00,PVDAQ_10,0.0,0.0,0.0,0.0
2023-01-03 00:14:00,PVDAQ_10,0.0,0.0,0.0,0.0
2023-01-03 00:15:00,PVDAQ_10,0.0,0.0,0.0,0.0
2023-01-03 00:16:00,PVDAQ_10,0.0,0.0,0.0,0.0
2023-01-03 00:17:00,PVDAQ_10,0.0,0.0,0.0,0.0
2023-01-03 00:18:00,PVDAQ_10,0.0,0.0,0.0,0.0
2023-01-03 00:19:00,PVDAQ_10,0.0,0.0,0.0,0.0
2023-01-03 00:20:00,PVDAQ_10,0.0,0.0,0.0,0.0
2023-01-03 00:21:00,PVDAQ_10,0.0,0.0,0.0,0.0
2023-01-03 00:22:00,PVDAQ_10,0.0,0.0,0.0,0.0
2023-01-03 00:23:00,PVDAQ_10,0.0,0.0,0.0,0.0
2023-01-03 00:24:00,PVDAQ_10,0.0,0.0,0.0,0.0
2023-01-03 00:25:00,PVDAQ_10,0.0,0.0,0.0,0.0
2023-01-03 00:26:00,PVDAQ_10,0.0,0.0,0.0,0.0
2023-01-03 00:27:00,PVDAQ_10,0.0,0.0,0.0,0.0
2023-01-03 00:28:00,PVDAQ_10,0.0,0.0,0.0,0.0
2023-01-03 00:29:00,PVDAQ_10,0.0,0.0,0.0,0.0
2023-01-03 00:30:00,PVDAQ_10,0.0,0.0,0.0,0.0
2023-01-03 00:31:00,PVDAQ_10,0.0,0.0,0.0,0.0
2023-01-03 00:32:00,PVDAQ_10,0.0,0.0,0.0,0.0
2023-01-03 00:33:00,PVDAQ_10,0.0,0.0,0.0,0.0
2023-01-03 00:34:00,PVDAQ_10,0.0,0.0,0.0,0.0
2023-01-03 00:35:00,PVDAQ_10,0.0,0.0,0.0,0.0
2023-01-03 00:36:00,PVDAQ_10,0.0,0.0,0.0,0.0
2023-01-03 00:37:00,PVDAQ_10,0.0,0.0,0.0,0.0
2023-01-03 00:38:00,PVDAQ_10,0.0,0.0,0.0,0.0
2023-01-03 00:39:00,PVDAQ_10,0.0,0.0,0.0,0.0
2023-01-03 00:40:00,PVDAQ_10,0.0,0.0,0.0,0.0
2023-01-03 00:41:00,PVDAQ_10,0.0,0.0,0.0,0.0
2023-01-03 00:42:00,PVDAQ_10,0.0,0.0,0.0,0.0
2023-01-03 00:43:00,PVDAQ_10,0.0,0.0,0.0,0.0
2023-01-03 00:44:00,PVDAQ_10,0.0,0.0,0.0,0.0
2023-01-03 00:45:00,PVDAQ_10,0.0,0.0,0.0,0.0
2023-01-03 00:46:00,PVDAQ_10,0.0,0.0,0.0,0.0
2023-01-03 00:47:00,PVDAQ_10,0.0,0.0,0.0,0.0
2023-01-03 00:48:00,PVDAQ_10,0.0,0.0,0.0,0.0
2023-01-03 00:49:00,PVDAQ_10,0.0,0.0,0.0,0.0
2023-01-03 00:50:00,PVDAQ_10,0.0,0.0,0.0,0.0
2023-01-03 00:51:00,PVDAQ_10,0.0,0.0,0.0,0.0
2023-01-03 00:52:00,PVDAQ_10,0.0,0.0,0.0,0.0
2023-01-03 00:53:00,PVDAQ_10,0.0,0.0,0.0,0.0
2023-01-03 00:54:00,PVDAQ_10,0.0,0.0,0.0,0.0
2023-01-03 00:55:00,PVDAQ_10,0.0,0.0,0.0,0.0
2023-01-03 00:56:00,PVDAQ_10,0.0,0.0,0.0,0.0
2023-01-03 00:57:00,PVDAQ_10,0.0,0.0,0.0,0.0
2023-01-03 00:58:00,PVDAQ_10,0.0,0.0,0.0,0.0
2023-01-03 00:59:00,PVDAQ_10,0.0,0.0,0.0,0.0
2023-01-03 01:00:00,PVDAQ_10,0.0,0.0,0.0,0.0
2023-01-03 01:01:00,PVDAQ_10,0.0,0.0,0.0,0.0
2023-01-03 01:02:00,PVDAQ_10,0.0,0.0,0.0,0.0
2023-01-03 01:03:00,PVDAQ_10,0.0,0.0,0.0,0.0
2023-01-03 01:04:00,PVDAQ_10,0.0,0.0,0.0,0.0
2023-01-03 01:05:00,PVDAQ_10,0.0,0.0,0.0,0.0
2023-01-03 01:06:00,PVDAQ_10,0.0,0.0,0.0,0.0
2023-01-03 01:07:00,PVDAQ_10,0.0,0.0,0.0,0.0
2023-01-03 01:08:00,PVDAQ_10,0.0,0.0,0.0,0.0
2023-01-03 01:09:00,PVDAQ_10,0.0,0.0,0.0,0.0
2023-01-03 01:10:00,PVDAQ_10,0.0,0.0,0.0,0.0
2023-01-03 01:11:00,PVDAQ_10,0.0,0.0,0.0,0.0
2023-01-03 01:12:00,PVDAQ_10,0.0,0.0,0.0,0.0
2023-01-03 01:13:00,PVDAQ_10,0.0,0.0,0.0,0.0
2023-01-03 01:14:00,PVDAQ_10,0.0,0.0,0.0,0.0
2023-01-03 01:15:00,PVDAQ_10,0.0,0.0,0.0,0.0
2023-01-03 01:16:00,PVDAQ_10,0.0,0.0,0.0,0.0
2023-01-03 01:17:00,PVDAQ_10,0.0,0.0,0.0,0.0
2023-01-03 01:18:00,PVDAQ_10,0.0,0.0,0.0,0.0
2023-01-03 01:19:00,PVDAQ_10,0.0,0.0,0.0,0.0
2023-01-03 01:20:00,PVDAQ_10,0.0,0.0,0.0,0.0
2023-01-03 01:21:00,PVDAQ_10,0.0,0.0,0.0,0.0
2023-01-03 01:22:00,PVDAQ_10,0.0,0.0,0.0,0.0
2023-01-03 01:23:00,PVDAQ_10,0.0,0.0,0.0,0.0
2023-01-03 01:24:00,PVDAQ_10,0.0,0.0,0.0,0.0
2023-01-03 01:25:00,PVDAQ_10,0.0,0.0,0.0,0.0
2023-01-03 01:26:00,PVDAQ_10,0.0,0.0,0.0,0.0
2023-01-03 01:27:00,PVDAQ_10,0.0,0.0,0.0,0.0
2023-01-03 01:28:00,PVDAQ_10,0.0,0.0,0.0,0.0
2023-01-03 01:29:00,PVDAQ_10,0.0,0.0,0.0,0.0
2023-01-03 01:30:00,PVDAQ_10,0.0,0.0,0.0,0.0
2023-01-03 01:31:00,PVDAQ_10,0.0,0.0,0.0,0.0
2023-01-03 01:32:00,PVDAQ_10,0.0,0.0,0.0,0.0
2023-01-03 01:33:00,PVDAQ_10,0.0,0.0,0.0,0.0
2023-01-03 01:34:00,PVDAQ_10,0.0,0.0,0.0,0.0
2023-01-03 01:35:00,PVDAQ_10,0.0,0.0,0.0,0.0
2023-01-03 01:36:00,PVDAQ_10,0.0,0.0,0.0,0.0
2023-01-03 01:37:00,PVDAQ_10,0.0,0.0,0.0,0.0
2023-01-03 01:38:00,PVDAQ_10,0.0,0.0,0.0,0.0
2023-01-03 01:39:00,PVDAQ_10,0.0,0.0,0.0,0.0
2023-01-03 01:40:00,PVDAQ_10,0.0,0.0,0.0,0.0
2023-01-03 01:41:00,PVDAQ_10,0.0,0.0,0.0,0.0
2023-01-03 01:42:00,PVDAQ_10,0.0,0.0,0.0,0.0
2023-01-03 01:43:00,PVDAQ_10,0.0,0.0,0.0,0.0
2023-01-03 01:44:00,PVDAQ_10,0.0,0.0,0.0,0.0
2023-01-03 01:45:00,PVDAQ_10,0.0,0.0,0.0,0.0
2023-01-03 01:46:00,PVDAQ_10,0.0,0.0,0.0,0.0
2023-01-03 01:47:00,PVDAQ_10,0.0,0.0,0.0,0.0
2023-01-03 01:48:00,PVDAQ_10,0.0,0.0,0.0,0.0
2023-01-03 01:49:00,PVDAQ_10,0.0,0.0,0.0,0.0
2023-01-03 01:50:00,PVDAQ_10,0.0,0.0,0.0,0.0
2023-01-03 01:51:00,PVDAQ_10,0.0,0.0,0.0,0.0
2023-01-03 01:52:00,PVDAQ_10,0.0,0.0,0.0,0.0
2023-01-03 01:53:00,PVDAQ_10,0.0,0.0,0.0,0.0
2023-01-03 01:54:00,PVDAQ_10,0.0,0.0,0.0,0.0
2023-01-03 01:55:00,PVDAQ_10,0.0,0.0,0.0,0.0
2023-01-03 01:56:00,PVDAQ_10,0.0,0.0,0.0,0.0
2023-01-03 01:57:00,PVDAQ_10,0.0,0.0,0.0,0.0
2023-01-03 01:58:00,PVDAQ_10,0.0,0.0,0.0,0.0
2023-01-03 01:59:00,PVDAQ_10,0.0,0.0,0.0,0.0
2023-01-03 02:00:00,PVDAQ_10,0.0,0.0,0.0,0.0
2023-01-03 02:01:00,PVDAQ_10,0.0,0.0,0.0,0.0
2023-01-03 02:02:00,PVDAQ_10,0.0,0.0,0.0,0.0
2023-01-03 02:03:00,PVDAQ_10,0.0,0.0,0.0,0.0
2023-01-03 02:04:00,PVDAQ_10,0.0,0.0,0.0,0.0
2023-01-03 02:05:00,PVDAQ_10,0.0,0.0,0.0,0.0
2023-01-03 02:06:00,PVDAQ_10,0.0,0.0,0.0,0.0
2023-01-03 02:07:00,PVDAQ_10,0.0,0.0,0.0,0.0
2023-01-03 02:08:00,PVDAQ_10,0.0,0.0,0.0,0.0
2023-01-03 02:09:00,PVDAQ_10,0.0,0.0,0.0,0.0
2023-01-03 02:10:00,PVDAQ_10,0.0,0.0,0.0,0.0
2023-01-03 02:11:00,PVDAQ_10,0.0,0.0,0.0,0.0
2023-01-03 02:12:00,PVDAQ_10,0.0,0.0,0.0,0.0
2023-01-03 02:13:00,PVDAQ_10,0.0,0.0,0.0,0.0
2023-01-03 02:14:00,PVDAQ_10,0.0,0.0,0.0,0.0
2023-01-03 02:15:00,PVDAQ_10,0.0,0.0,0.0,0.0
2023-01-03 02:16:00,PVDAQ_10,0.0,0.0,0.0,0.0
2023-01-03 02:17:00,PVDAQ_10,0.0,0.0,0.0,0.0
2023-01-03 02:18:00,PVDAQ_10,0.0,0.0,0.0,0.0
2023-01-03 02:19:00,PVDAQ_10,0.0,0.0,0.0,0.0
2023-01-03 02:20:00,PVDAQ_10,0.0,0.0,0.0,0.0
2023-01-03 02:21:00,PVDAQ_10,0.0,0.0,0.0,0.0
2023-01-03 02:22:00,PVDAQ_10,0.0,0.0,0.0,0.0
2023-01-03 02:23:00,PVDAQ_10,0.0,0.0,0.0,0.0
2023-01-03 02:24:00,PVDAQ_10,0.0,0.0,0.0,0.0
2023-01-03 02:25:00,PVDAQ_10,0.0,0.0,0.0,0.0
2023-01-03 02:26:00,PVDAQ_10,0.0,0.0,0.0,0.0
2023-01-03 02:27:00,PVDAQ_10,0.0,0.0,0.0,0.0
2023-01-03 02:28:00,PVDAQ_10,0.0,0.0,0.0,0.0
2023-01-03 02:29:00,PVDAQ_10,0.0,0.0,0.0,0.0
2023-01-03 02:30:00,PVDAQ_10,0.0,0.0,0.0,0.0
2023-01-03 02:31:00,PVDAQ_10,0.0,0.0,0.0,0.0
2023-01-03 02:32:00,PVDAQ_10,0.0,0.0,0.0,0.0
2023-01-03 02:33:00,PVDAQ_10,0.0,0.0,0.0,0.0
2023-01-03 02:34:00,PVDAQ_10,0.0,0.0,0.0,0.0
2023-01-03 02:35:00,PVDAQ_10,0.0,0.0,0.0,0.0
2023-01-03 02:36:00,PVDAQ_10,0.0,0.0,0.0,0.0
2023-01-03 02:37:00,PVDAQ_10,0.0,0.0,0.0,0.0
2023-01-03 02:38:00,PVDAQ_10,0.0,0.0,0.0,0.0
2023-01-03 02:39:00,PVDAQ_10,0.0,0.0,0.0,0.0
2023-01-03 02:40:00,PVDAQ_10,0.0,0.0,0.0,0.0
2023-01-03 02:41:00,PVDAQ_10,0.0,0.0,0.0,0.0
2023-01-03 02:42:00,PVDAQ_10,0.0,0.0,0.0,0.0
2023-01-03 02:43:00,PVDAQ_10,0.0,0.0,0.0,0.0
2023-01-03 02:44:00,PVDAQ_10,0.0,0.0,0.0,0.0
2023-01-03 02:45:00,PVDAQ_10,0.0,0.0,0.0,0.0
2023-01-03 02:46:00,PVDAQ_10,0.0,0.0,0.0,0.0
2023-01-03 02:47:00,PVDAQ_10,0.0,0.0,0.0,0.0
2023-01-03 02:48:00,PVDAQ_10,0.0,0.0,0.0,0.0
2023-01-03 02:49:00,PVDAQ_10,0.0,0.0,0.0,0.0
2023-01-03 02:50:00,PVDAQ_10,0.0,0.0,0.0,0.0
2023-01-03 02:51:00,PVDAQ_10,0.0,0.0,0.0,0.0
2023-01-03 02:52:00,PVDAQ_10,0.0,0.0,0.0,0.0
2023-01-03 02:53:00,PVDAQ_10,0.0,0.0,0.0,0.0
2023-01-03 02:54:00,PVDAQ_10,0.0,0.0,0.0,0.0
2023-01-03 02:55:00,PVDAQ_10,0.0,0.0,0.0,0.0
2023-01-03 02:56:00,PVDAQ_10,0.0,0.0,0.0,0.0
2023-01-03 02:57:00,PVDAQ_10,0.0,0.0,0.0,0.0
2023-01-03 02:58:00,PVDAQ_10,0.0,0.0,0.0,0.0
2023-01-03 02:59:00,PVDAQ_10,0.0,0.0,0.0,0.0
2023-01-03 03:00:00,PVDAQ_10,0.0,0.0,0.0,0.0
2023-01-03 03:01:00,PVDAQ_10,0.0,0.0,0.0,0.0
2023-01-03 03:02:00,PVDAQ_10,0.0,0.0,0.0,0.0
2023-01-03 03:03:00,PVDAQ_10,0.0,0.0,0.0,0.0
2023-01-03 03:04:00,PVDAQ_10,0.0,0.0,0.0,0.0
2023-01-03 03:05:00,PVDAQ_10,0.0,0.0,0.0,0.0
2023-01-03 03:06:00,PVDAQ_10,0.0,0.0,0.0,0.0
2023-01-03 03:07:00,PVDAQ_10,0.0,0.0,0.0,0.0
2023-01-03 03:08:00,PVDAQ_10,0.0,0.0,0.0,0.0
2023-01-03 03:09:00,PVDAQ_10,0.0,0.0,0.0,0.0
2023-01-03 03:10:00,PVDAQ_10,0.0,0.0,0.0,0.0
2023-01-03 03:11:00,PVDAQ_10,0.0,0.0,0.0,0.0
2023-01-03 03:12:00,PVDAQ_10,0.0,0.0,0.0,0.0
2023-01-03 03:13:00,PVDAQ_10,0.0,0.0,0.0,0.0
2023-01-03 03:14:00,PVDAQ_10,0.0,0.0,0.0,0.0
2023-01-03 03:15:00,PVDAQ_10,0.0,0.0,0.0,0.0
2023-01-03 03:16:00,PVDAQ_10,0.0,0.0,0.0,0.0
2023-01-03 03:17:00,PVDAQ_10,0.0,0.0,0.0,0.0
2023-01-03 03:18:00,PVDAQ_10,0.0,0.0,0.0,0.0
2023-01-03 03:19:00,PVDAQ_10,0.0,0.0,0.0,0.0
2023-01-03 03:20:00,PVDAQ_10,0.0,0.0,0.0,0.0
2023-01-03 03:21:00,PVDAQ_10,0.0,0.0,0.0,0.0
2023-01-03 03:22:00,PVDAQ_10,0.0,0.0,0.0,0.0
2023-01-03 03:23:00,PVDAQ_10,0.0,0.0,0.0,0.0
2023-01-03 03:24:00,PVDAQ_10,0.0,0.0,0.0,0.0
2023-01-03 03:25:00,PVDAQ_10,0.0,0.0,0.0,0.0
2023-01-03 03:26:00,PVDAQ_10,0.0,0.0,0.0,0.0
2023-01-03 03:27:00,PVDAQ_10,0.0,0.0,0.0,0.0
2023-01-03 03:28:00,PVDAQ_10,0.0,0.0,0.0,0.0
2023-01-03 03:29:00,PVDAQ_10,0.0,0.0,0.0,0.0
2023-01-03 03:30:00,PVDAQ_10,0.0,0.0,0.0,0.0
2023-01-03 03:31:00,PVDAQ_10,0.0,0.0,0.0,0.0
2023-01-03 03:32:00,PVDAQ_10,0.0,0.0,0.0,0.0
2023-01-03 03:33:00,PVDAQ_10,0.0,0.0,0.0,0.0
2023-01-03 03:34:00,PVDAQ_10,0.0,0.0,0.0,0.0
2023-01-03 03:35:00,PVDAQ_10,0.0,0.0,0.0,0.0
2023-01-03 03:36:00,PVDAQ_10,0.0,0.0,0.0,0.0
2023-01-03 03:37:00,PVDAQ_10,0.0,0.0,0.0,0.0
2023-01-03 03:38:00,PVDAQ_10,0.0,0.0,0.0,0.0
2023-01-03 03:39:00,PVDAQ_10,0.0,0.0,0.0,0.0
2023-01-03 03:40:00,PVDAQ_10,0.0,0.0,0.0,0.0
2023-01-03 03:41:00,PVDAQ_10,0.0,0.0,0.0,0.0
2023-01-03 03:42:00,PVDAQ_10,0.0,0.0,0.0,0.0
2023-01-03 03:43:00,PVDAQ_10,0.0,0.0,0.0,0.0
2023-01-03 03:44:00,PVDAQ_10,0.0,0.0,0.0,0.0
2023-01-03 03:45:00,PVDAQ_10,0.0,0.0,0.0,0.0
2023-01-03 03:46:00,PVDAQ_10,0.0,0.0,0.0,0.0
2023-01-03 03:47:00,PVDAQ_10,0.0,0.0,0.0,0.0
2023-01-03 03:48:00,PVDAQ_10,0.0,0.0,0.0,0.0
2023-01-03 03:49:00,PVDAQ_10,0.0,0.0,0.0,0.0
2023-01-03 03:50:00,PVDAQ_10,0.0,0.0,0.0,0.0
2023-01-03 03:51:00,PVDAQ_10,0.0,0.0,0.0,0.0
2023-01-03 03:52:00,PVDAQ_10,0.0,0.0,0.0,0.0
2023-01-03 03:53:00,PVDAQ_10,0.0,0.0,0.0,0.0
2023-01-03 03:54:00,PVDAQ_10,0.0,0.0,0.0,0.0
2023-01-03 03:55:00,PVDAQ_10,0.0,0.0,0.0,0.0
2023-01-03 03:56:00,PVDAQ_10,0.0,0.0,0.0,0.0
2023-01-03 03:57:00,PVDAQ_10,0.0,0.0,0.0,0.0
2023-01-03 03:58:00,PVDAQ_10,0.0,0.0,0.0,0.0
2023-01-03 03:59:00,PVDAQ_10,0.0,0.0,0.0,0.0
2023-01-03 04:00:00,PVDAQ_10,0.0,0.0,0.0,0.0
2023-01-03 04:01:00,PVDAQ_10,0.0,0.0,0.0,0.0
2023-01-03 04:02:00,PVDAQ_10,0.0,0.0,0.0,0.0
2023-01-03 04:03:00,PVDAQ_10,0.0,0.0,0.0,0.0
2023-01-03 04:04:00,PVDAQ_10,0.0,0.0,0.0,0.0
2023-01-03 04:05:00,PVDAQ_10,0.0,0.0,0.0,0.0
2023-01-03 04:06:00,PVDAQ_10,0.0,0.0,0.0,0.0
2023-01-03 04:07:00,PVDAQ_10,0.0,0.0,0.0,0.0
2023-01-03 04:08:00,PVDAQ_10,0.0,0.0,0.0,0.0
2023-01-03 04:09:00,PVDAQ_10,0.0,0.0,0.0,0.0
2023-01-03 04:10:00,PVDAQ_10,0.0,0.0,0.0,0.0
2023-01-03 04:11:00,PVDAQ_10,0.0,0.0,0.0,0.0
2023-01-03 04:12:00,PVDAQ_10,0.0,0.0,0.0,0.0
2023-01-03 04:13:00,PVDAQ_10,0.0,0.0,0.0,0.0
2023-01-03 04:14:00,PVDAQ_10,0.0,0.0,0.0,0.0
2023-01-03 04:15:00,PVDAQ_10,0.0,0.0,0.0,0.0
2023-01-03 04:16:00,PVDAQ_10,0.0,0.0,0.0,0.0
2023-01-03 04:17:00,PVDAQ_10,0.0,0.0,0.0,0.0
2023-01-03 04:18:00,PVDAQ_10,0.0,0.0,0.0,0.0
2023-01-03 04:19:00,PVDAQ_10,0.0,0.0,0.0,0.0
2023-01-03 04:20:00,PVDAQ_10,0.0,0.0,0.0,0.0
2023-01-03 04:21:00,PVDAQ_10,0.0,0.0,0.0,0.0
2023-01-03 04:22:00,PVDAQ_10,0.0,0.0,0.0,0.0
2023-01-03 04:23:00,PVDAQ_10,0.0,0.0,0.0,0.0
2023-01-03 04:24:00,PVDAQ_10,0.0,0.0,0.0,0.0
2023-01-03 04:25:00,PVDAQ_10,0.0,0.0,0.0,0.0
2023-01-03 04:26:00,PVDAQ_10,0.0,0.0,0.0,0.0
2023-01-03 04:27:00,PVDAQ_10,0.0,0.0,0.0,0.0
2023-01-03 04:28:00,PVDAQ_10,0.0,0.0,0.0,0.0
2023-01-03 04:29:00,PVDAQ_10,0.0,0.0,0.0,0.0
2023-01-03 04:30:00,PVDAQ_10,0.0,0.0,0.0,0.0
2023-01-03 04:31:00,PVDAQ_10,0.0,0.0,0.0,0.0
2023-01-03 04:32:00,PVDAQ_10,0.0,0.0,0.0,0.0
2023-01-03 04:33:00,PVDAQ_10,0.0,0.0,0.0,0.0
2023-01-03 04:34:00,PVDAQ_10,0.0,0.0,0.0,0.0
2023-01-03 04:35:00,PVDAQ_10,0.0,0.0,0.0,0.0
2023-01-03 04:36:00,PVDAQ_10,0.0,0.0,0.0,0.0
2023-01-03 04:37:00,PVDAQ_10,0.0,0.0,0.0,0.0
2023-01-03 04:38:00,PVDAQ_10,0.0,0.0,0.0,0.0
2023-01-03 04:39:00,PVDAQ_10,0.0,0.0,0.0,0.0
2023-01-03 04:40:00,PVDAQ_10,0.0,0.0,0.0,0.0
2023-01-03 04:41:00,PVDAQ_10,0.0,0.0,0.0,0.0
2023-01-03 04:42:00,PVDAQ_10,0.0,0.0,0.0,0.0
2023-01-03 04:43:00,PVDAQ_10,0.0,0.0,0.0,0.0
2023-01-03 04:44:00,PVDAQ_10,0.0,0.0,0.0,0.0
2023-01-03 04:45:00,PVDAQ_10,0.0,0.0,0.0,0.0
2023-01-03 04:46:00,PVDAQ_10,0.0,0.0,0.0,0.0
2023-01-03 04:47:00,PVDAQ_10,0.0,0.0,0.0,0.0
2023-01-03 04:48:00,PVDAQ_10,0.0,0.0,0.0,0.0
2023-01-03 04:49:00,PVDAQ_10,0.0,0.0,0.0,0.0
2023-01-03 04:50:00,PVDAQ_10,0.0,0.0,0.0,0.0
2023-01-03 04:51:00,PVDAQ_10,0.0,0.0,0.0,0.0
2023-01-03 04:52:00,PVDAQ_10,0.0,0.0,0.0,0.0
2023-01-03 04:53:00,PVDAQ_10,0.0,0.0,0.0,0.0
2023-01-03 04:54:00,PVDAQ_10,0.0,0.0,0.0,0.0
2023-01-03 04:55:00,PVDAQ_10,0.0,0.0,0.0,0.0
2023-01-03 04:56:00,PVDAQ_10,0.0,0.0,0.0,0.0
2023-01-03 04:57:00,PVDAQ_10,0.0,0.0,0.0,0.0
2023-01-03 04:58:00,PVDAQ_10,0.0,0.0,0.0,0.0
2023-01-03 04:59:00,PVDAQ_10,0.0,0.0,0.0,0.0
2023-01-03 05:00:00,PVDAQ_10,0.0,0.0,0.0,0.0
2023-01-03 05:01:00,PVDAQ_10,0.0,0.0,0.0,0.0
2023-01-03 05:02:00,PVDAQ_10,0.0,0.0,0.0,0.0
2023-01-03 05:03:00,PVDAQ_10,0.0,0.0,0.0,0.0
2023-01-03 05:04:00,PVDAQ_10,0.0,0.0,0.0,0.0
2023-01-03 05:05:00,PVDAQ_10,0.0,0.0,0.0,0.0
2023-01-03 05:06:00,PVDAQ_10,0.0,0.0,0.0,0.0
2023-01-03 05:07:00,PVDAQ_10,0.0,0.0,0.0,0.0
2023-01-03 05:08:00,PVDAQ_10,0.0,0.0,0.0,0.0
2023-01-03 05:09:00,PVDAQ_10,0.0,0.0,0.0,0.0
2023-01-03 05:10:00,PVDAQ_10,0.0,0.0,0.0,0.0
2023-01-03 05:11:00,PVDAQ_10,0.0,0.0,0.0,0.0
2023-01-03 05:12:00,PVDAQ_10,0.0,0.0,0.0,0.0
2023-01-03 05:13:00,PVDAQ_10,0.0,0.0,0.0,0.0
2023-01-03 05:14:00,PVDAQ_10,0.0,0.0,0.0,0.0
2023-01-03 05:15:00,PVDAQ_10,0.0,0.0,0.0,0.0
2023-01-03 05:16:00,PVDAQ_10,0.0,0.0,0.0,0.0
2023-01-03 05:17:00,PVDAQ_10,0.0,0.0,0.0,0.0
2023-01-03 05:18:00,PVDAQ_10,0.0,0.0,0.0,0.0
2023-01-03 05:19:00,PVDAQ_10,0.0,0.0,0.0,0.0
2023-01-03 05:20:00,PVDAQ_10,0.0,0.0,0.0,0.0
2023-01-03 05:21:00,PVDAQ_10,0.0,0.0,0.0,0.0
2023-01-03 05:22:00,PVDAQ_10,0.0,0.0,0.0,0.0
2023-01-03 05:23:00,PVDAQ_10,0.0,0.0,0.0,0.0
2023-01-03 05:24:00,PVDAQ_10,0.0,0.0,0.0,0.0
2023-01-03 05:25:00,PVDAQ_10,0.0,0.0,0.0,0.0
2023-01-03 05:26:00,PVDAQ_10,0.0,0.0,0.0,0.0
2023-01-03 05:27:00,PVDAQ_10,0.0,0.0,0.0,0.0
2023-01-03 05:28:00,PVDAQ_10,0.0,0.0,0.0,0.0
2023-01-03 05:29:00,PVDAQ_10,0.0,0.0,0.0,0.0
2023-01-03 05:30:00,PVDAQ_10,0.0,0.0,0.0,0.0
2023-01-03 05:31:00,PVDAQ_10,0.0,0.0,0.0,0.0
2023-01-03 05:32:00,PVDAQ_10,0.0,0.0,0.0,0.0
2023-01-03 05:33:00,PVDAQ_10,0.0,0.0,0.0,0.0
2023-01-03 05:34:00,PVDAQ_10,0.0,0.0,0.0,0.0
2023-01-03 05:35:00,PVDAQ_10,0.0,0.0,0.0,0.0
2023-01-03 05:36:00,PVDAQ_10,0.0,0.0,0.0,0.0
2023-01-03 05:37:00,PVDAQ_10,0.0,0.0,0.0,0.0
2023-01-03 05:38:00,PVDAQ_10,0.0,0.0,0.0,0.0
2023-01-03 05:39:00,PVDAQ_10,0.0,0.0,0.0,0.0
2023-01-03 05:40:00,PVDAQ_10,0.0,0.0,0.0,0.0
2023-01-03 05:41:00,PVDAQ_10,0.0,0.0,0.0,0.0
2023-01-03 05:42:00,PVDAQ_10,0.0,0.0,0.0,0.0
2023-01-03 05:43:00,PVDAQ_10,0.0,0.0,0.0,0.0
2023-01-03 05:44:00,PVDAQ_10,0.0,0.0,0.0,0.0
2023-01-03 05:45:00,PVDAQ_10,0.0,0.0,0.0,0.0
2023-01-03 05:46:00,PVDAQ_10,0.0,0.0,0.0,0.0
2023-01-03 05:47:00,PVDAQ_10,0.0,0.0,0.0,0.0
2023-01-03 05:48:00,PVDAQ_10,0.0,0.0,0.0,0.0
2023-01-03 05:49:00,PVDAQ_10,0.0,0.0,0.0,0.0
2023-01-03 05:50:00,PVDAQ_10,0.0,0.0,0.0,0.0
2023-01-03 05:51:00,PVDAQ_10,0.0,0.0,0.0,0.0
2023-01-03 05:52:00,PVDAQ_10,0.0,0.0,0.0,0.0
2023-01-03 05:53:00,PVDAQ_10,0.0,0.0,0.0,0.0
2023-01-03 05:54:00,PVDAQ_10,0.0,0.0,0.0,0.0
2023-01-03 05:55:00,PVDAQ_10,0.0,0.0,0.0,0.0
2023-01-03 05:56:00,PVDAQ_10,0.0,0.0,0.0,0.0
2023-01-03 05:57:00,PVDAQ_10,0.0,0.0,0.0,0.0
2023-01-03 05:58:00,PVDAQ_10,0.0,0.0,0.0,0.0
2023-01-03 05:59:00,PVDAQ_10,0.0,0.0,0.0,0.0
2023-01-03 06:00:00,PVDAQ_10,0.0,0.0,0.0,0.0
2023-01-03 06:01:00,PVDAQ_10,0.0,0.0,0.0,0.0
2023-01-03 06:02:00,PVDAQ_10,0.0,0.0,0.0,0.0
2023-01-03 06:03:00,PVDAQ_10,0.0,0.0,0.0,0.0
2023-01-03 06:04:00,PVDAQ_10,0.0,0.0,0.0,0.0
2023-01-03 06:05:00,PVDAQ_10,0.0,0.0,0.0,0.0
2023-01-03 06:06:00,PVDAQ_10,0.0,0.0,0.0,0.0
2023-01-03 06:07:00,PVDAQ_10,0.0,0.0,0.0,0.0
2023-01-03 06:08:00,PVDAQ_10,0.0,0.0,0.0,0.0
2023-01-03 06:09:00,PVDAQ_10,0.0,0.0,0.0,0.0
2023-01-03 06:10:00,PVDAQ_10,0.0,0.0,0.0,0.0
2023-01-03 06:11:00,PVDAQ_10,0.0,0.0,0.0,0.0
2023-01-03 06:12:00,PVDAQ_10,0.0,0.0,0.0,0.0
2023-01-03 06:13:00,PVDAQ_10,0.0,0.0,0.0,0.0
2023-01-03 06:14:00,PVDAQ_10,0.0,0.0,0.0,0.0
2023-01-03 06:15:00,PVDAQ_10,0.0,0.0,0.0,0.0
2023-01-03 06:16:00,PVDAQ_10,0.0,0.0,0.0,0.0
2023-01-03 06:17:00,PVDAQ_10,0.0,0.0,0.0,0.0
2023-01-03 06:18:00,PVDAQ_10,0.0,0.0,0.0,0.0
2023-01-03 06:19:00,PVDAQ_10,0.0,0.0,0.0,0.0
2023-01-03 06:20:00,PVDAQ_10,0.0,0.0,0.0,0.0
2023-01-03 06:21:00,PVDAQ_10,0.0,0.0,0.0,0.0
2023-01-03 06:22:00,PVDAQ_10,0.0,0.0,0.0,0.0
2023-01-03 06:23:00,PVDAQ_10,0.0,0.0,0.0,0.0
2023-01-03 06:24:00,PVDAQ_10,0.0,0.0,0.0,0.0
2023-01-03 06:25:00,PVDAQ_10,0.0,0.0,0.0,0.0
2023-01-03 06:26:00,PVDAQ_10,0.0,0.0,0.0,0.0
2023-01-03 06:27:00,PVDAQ_10,0.0,0.0,0.0,0.0
2023-01-03 06:28:00,PVDAQ_10,0.0,0.0,0.0,0.0
2023-01-03 06:29:00,PVDAQ_10,0.0,0.0,0.0,0.0
2023-01-03 06:30:00,PVDAQ_10,0.0,0.0,0.0,0.0
2023-01-03 06:31:00,PVDAQ_10,0.0,0.0,0.0,0.0
2023-01-03 06:32:00,PVDAQ_10,0.0,0.0,0.0,0.0
2023-01-03 06:33:00,PVDAQ_10,0.0,0.0,0.0,0.0
2023-01-03 06:34:00,PVDAQ_10,0.0,0.0,0.0,0.0
2023-01-03 06:35:00,PVDAQ_10,0.0,0.0,0.0,0.0
2023-01-03 06:36:00,PVDAQ_10,0.0,0.0,0.0,0.0
2023-01-03 06:37:00,PVDAQ_10,0.0,0.0,0.0,0.0
2023-01-03 06:38:00,PVDAQ_10,0.0,0.0,0.0,0.0
2023-01-03 06:39:00,PVDAQ_10,0.0,0.0,0.0,0.0
2023-01-03 06:40:00,PVDAQ_10,0.0,0.0,0.0,0.0
2023-01-03 06:41:00,PVDAQ_10,0.0,0.0,0.0,0.0
2023-01-03 06:42:00,PVDAQ_10,0.0,0.0,0.0,0.0
2023-01-03 06:43:00,PVDAQ_10,0.0,0.0,0.0,0.0
2023-01-03 06:44:00,PVDAQ_10,0.0,0.0,0.0,0.0
2023-01-03 06:45:00,PVDAQ_10,0.0,0.0,0.0,0.0
2023-01-03 06:46:00,PVDAQ_10,0.0,0.0,0.0,0.0
2023-01-03 06:47:00,PVDAQ_10,0.0,0.0,0.0,0.0
2023-01-03 06:48:00,PVDAQ_10,0.0,0.0,0.0,0.0
2023-01-03 06:49:00,PVDAQ_10,0.0,0.0,0.0,0.0
2023-01-03 06:50:00,PVDAQ_10,0.0,0.0,0.0,0.0
2023-01-03 06:51:00,PVDAQ_10,0.0,0.0,0.0,0.0
2023-01-03 06:52:00,PVDAQ_10,0.0,0.0,0.0,0.0
2023-01-03 06:53:00,PVDAQ_10,0.0,0.0,0.0,0.0
2023-01-03 06:54:00,PVDAQ_10,0.0,0.0,0.0,0.0
2023-01-03 06:55:00,PVDAQ_10,0.0,0.0,0.0,0.0
2023-01-03 06:56:00,PVDAQ_10,0.0,0.0,0.0,0.0
2023-01-03 06:57:00,PVDAQ_10,0.0,0.0,0.0,0.0
2023-01-03 06:58:00,PVDAQ_10,0.0,0.0,0.0,0.0
2023-01-03 06:59:00,PVDAQ_10,0.0,0.0,0.0,0.0
2023-01-03 07:00:00,PVDAQ_10,0.0,0.0,0.0,0.0
2023-01-03 07:01:00,PVDAQ_10,0.0,0.0,0.0,0.0
2023-01-03 07:02:00,PVDAQ_10,0.0,0.0,0.0,0.0
2023-01-03 07:03:00,PVDAQ_10,0.0,0.0,0.0,0.0
2023-01-03 07:04:00,PVDAQ_10,0.0,0.0,0.0,0.0
2023-01-03 07:05:00,PVDAQ_10,0.0,0.0,0.0,0.0
2023-01-03 07:06:00,PVDAQ_10,0.0,0.0,0.0,0.0
2023-01-03 07:07:00,PVDAQ_10,0.0,0.0,0.0,0.0
2023-01-03 07:08:00,PVDAQ_10,0.0,0.0,0.0,0.0
2023-01-03 07:09:00,PVDAQ_10,0.0,0.0,0.0,0.0
2023-01-03 07:10:00,PVDAQ_10,0.0,0.0,0.0,0.0
2023-01-03 07:11:00,PVDAQ_10,0.0,0.0,0.0,0.0
2023-01-03 07:12:00,PVDAQ_10,0.0,0.0,0.0,0.0
2023-01-03 07:13:00,PVDAQ_10,0.0,0.0,0.0,0.0
2023-01-03 07:14:00,PVDAQ_10,0.0,0.0,0.0,0.0
2023-01-03 07:15:00,PVDAQ_10,0.0,0.0,0.0,0.0
2023-01-03 07:16:00,PVDAQ_10,0.0,0.0,0.0,0.0
2023-01-03 07:17:00,PVDAQ_10,0.0,0.0,0.0,0.0
2023-01-03 07:18:00,PVDAQ_10,0.0,0.0,0.0,0.0
2023-01-03 07:19:00,PVDAQ_10,0.0,0.0,0.0,0.0
2023-01-03 07:20:00,PVDAQ_10,0.0,0.0,0.0,0.0
2023-01-03 07:21:00,PVDAQ_10,0.0,0.0,0.0,0.0
2023-01-03 07:22:00,PVDAQ_10,0.0,0.0,0.0,0.0
2023-01-03 07:23:00,PVDAQ_10,0.0,0.0,0.0,0.0
2023-01-03 07:24:00,PVDAQ_10,0.0,0.0,0.0,0.0
2023-01-03 07:25:00,PVDAQ_10,0.0,0.0,0.0,0.0
2023-01-03 07:26:00,PVDAQ_10,0.0,0.23882930000000002,-0.23882930000000002,0.23882930000000002
2023-01-03 07:27:00,PVDAQ_10,0.0,0.0,0.0,0.0
2023-01-03 07:28:00,PVDAQ_10,0.0,0.0,0.0,0.0
2023-01-03 07:29:00,PVDAQ_10,0.0,0.0,0.0,0.0
2023-01-03 07:30:00,PVDAQ_10,0.0,0.0,0.0,0.0
2023-01-03 07:31:00,PVDAQ_10,0.0,0.0,0.0,0.0
2023-01-03 07:32:00,PVDAQ_10,0.0,0.00033279999999999947,-0.00033279999999999947,0.00033279999999999947
2023-01-03 07:33:00,PVDAQ_10,0.0,0.0,0.0,0.0
2023-01-03 07:34:00,PVDAQ_10,0.0,0.0,0.0,0.0
2023-01-03 07:35:00,PVDAQ_10,0.0,0.0297433,-0.0297433,0.0297433
2023-01-03 07:36:00,PVDAQ_10,0.0,0.0,0.0,0.0
2023-01-03 07:37:00,PVDAQ_10,0.0,0.0,0.0,0.0
2023-01-03 07:38:00,PVDAQ_10,0.0,0.0,0.0,0.0
2023-01-03 07:39:00,PVDAQ_10,0.0,0.0,0.0,0.0
2023-01-03 07:40:00,PVDAQ_10,0.0,0.0,0.0,0.0
2023-01-03 07:41:00,PVDAQ_10,0.0,0.0,0.0,0.0
2023-01-03 07:42:00,PVDAQ_10,0.0,0.0,0.0,0.0
2023-01-03 07:43:00,PVDAQ_10,0.0,0.0,0.0,0.0
2023-01-03 07:44:00,PVDAQ_10,0.0,0.0,0.0,0.0
2023-01-03 07:45:00,PVDAQ_10,0.0,0.0,0.0,0.0
2023-01-03 07:46:00,PVDAQ_10,0.0,0.0,0.0,0.0
2023-01-03 07:47:00,PVDAQ_10,0.0,0.0,0.0,0.0
2023-01-03 07:48:00,PVDAQ_10,0.0,0.0,0.0,0.0
2023-01-03 07:49:00,PVDAQ_10,0.0,0.0,0.0,0.0
2023-01-03 07:50:00,PVDAQ_10,0.0,0.0,0.0,0.0
2023-01-03 07:51:00,PVDAQ_10,0.0,0.0,0.0,0.0
2023-01-03 07:52:00,PVDAQ_10,0.0,0.0,0.0,0.0
2023-01-03 07:53:00,PVDAQ_10,0.0,0.0031074,-0.0031074,0.0031074
2023-01-03 07:54:00,PVDAQ_10,0.0,0.0031074,-0.0031074,0.0031074
2023-01-03 07:55:00,PVDAQ_10,0.0,0.03174104999999999,-0.03174104999999999,0.03174104999999999
2023-01-03 07:56:00,PVDAQ_10,0.0,0.00077685,-0.00077685,0.00077685
2023-01-03 07:57:00,PVDAQ_10,0.0,0.0023305500000000002,-0.0023305500000000002,0.0023305500000000002
2023-01-03 07:58:00,PVDAQ_10,0.0,0.0389554,-0.0389554,0.0389554
2023-01-03 07:59:00,PVDAQ_10,0.0,0.0,0.0,0.0
2023-01-03 08:00:00,PVDAQ_10,0.0,0.0108759,-0.0108759,0.0108759
2023-01-03 08:01:00,PVDAQ_10,0.0,0.03118534999999997,-0.03118534999999997,0.03118534999999997
2023-01-03 08:02:00,PVDAQ_10,0.0,0.0015537,-0.0015537,0.0015537
2023-01-03 08:03:00,PVDAQ_10,0.0,0.0,0.0,0.0
2023-01-03 08:04:00,PVDAQ_10,0.0,0.0,0.0,0.0
2023-01-03 08:05:00,PVDAQ_10,0.0,0.0031074,-0.0031074,0.0031074
2023-01-03 08:06:00,PVDAQ_10,0.0,0.01009905,-0.01009905,0.01009905
2023-01-03 08:07:00,PVDAQ_10,0.0,0.0023305500000000002,-0.0023305500000000002,0.0023305500000000002
2023-01-03 08:08:00,PVDAQ_10,0.0,0.0031074,-0.0031074,0.0031074
2023-01-03 08:09:00,PVDAQ_10,0.0,0.01165275,-0.01165275,0.01165275
2023-01-03 08:10:00,PVDAQ_10,0.0,0.044280449999999937,-0.044280449999999937,0.044280449999999937
2023-01-03 08:11:00,PVDAQ_10,0.15537,0.0,0.15537,0.15537
2023-01-03 08:12:00,PVDAQ_10,0.0,0.03961934999999995,-0.03961934999999995,0.03961934999999995
2023-01-03 08:13:00,PVDAQ_10,1.4206,1.1003889500000004,0.3202110499999997,0.3202110499999997
2023-01-03 08:14:00,PVDAQ_10,3.3516,3.5856384500000087,-0.23403845000000878,0.23403845000000878
2023-01-03 08:15:00,PVDAQ_10,3.9509,3.458613150000003,0.49228684999999706,0.49228684999999706
2023-01-03 08:16:00,PVDAQ_10,3.3738,3.826679700000012,-0.452879700000012,0.452879700000012
2023-01-03 08:17:00,PVDAQ_10,1.4872,1.6478114000000021,-0.16061140000000207,0.16061140000000207
2023-01-03 08:18:00,PVDAQ_10,1.9755,1.2401418500000014,0.7353581499999986,0.7353581499999986
2023-01-03 08:19:00,PVDAQ_10,0.99883,1.2230500000000013,-0.2242200000000013,0.2242200000000013
2023-01-03 08:20:00,PVDAQ_10,4.2173,3.7801948000000025,0.4371051999999973,0.4371051999999973
2023-01-03 08:21:00,PVDAQ_10,6.448,5.081128500000006,1.366871499999994,1.366871499999994
2023-01-03 08:22:00,PVDAQ_10,9.9439,8.806448500000018,1.1374514999999814,1.1374514999999814
2023-01-03 08:23:00,PVDAQ_10,8.7786,9.675493499999998,-0.8968934999999973,0.8968934999999973
2023-01-03 08:24:00,PVDAQ_10,2.6303,6.64004799999999,-4.00974799999999,4.00974799999999
2023-01-03 08:25:00,PVDAQ_10,5.649,5.352429150000013,0.29657084999998684,0.29657084999998684
2023-01-03 08:26:00,PVDAQ_10,6.5923,5.140349000000007,1.451950999999993,1.451950999999993
2023-01-03 08:27:00,PVDAQ_10,9.8441,9.385282500000002,0.45881749999999677,0.45881749999999677
2023-01-03 08:28:00,PVDAQ_10,12.064,10.489962500000006,1.574037499999994,1.574037499999994
2023-01-03 08:29:00,PVDAQ_10,12.374,11.8035275,0.570472500000001,0.570472500000001
2023-01-03 08:30:00,PVDAQ_10,9.1449,10.105386000000001,-0.9604860000000013,0.9604860000000013
2023-01-03 08:31:00,PVDAQ_10,11.331,9.94247500000002,1.38852499999998,1.38852499999998
2023-01-03 08:32:00,PVDAQ_10,14.483,13.281998500000002,1.2010014999999985,1.2010014999999985
2023-01-03 08:33:00,PVDAQ_10,15.804,16.749004999999972,-0.9450049999999717,0.9450049999999717
2023-01-03 08:34:00,PVDAQ_10,16.403,16.33656000000003,0.06643999999996808,0.06643999999996808
2023-01-03 08:35:00,PVDAQ_10,17.38,17.796244999999953,-0.4162449999999538,0.4162449999999538
2023-01-03 08:36:00,PVDAQ_10,17.89,18.01807499999999,-0.1280749999999884,0.1280749999999884
2023-01-03 08:37:00,PVDAQ_10,18.379,18.059909999999995,0.3190900000000063,0.3190900000000063
2023-01-03 08:38:00,PVDAQ_10,19.078,18.52396949999997,0.5540305000000281,0.5540305000000281
2023-01-03 08:39:00,PVDAQ_10,19.522,18.86397499999998,0.6580250000000198,0.6580250000000198
2023-01-03 08:40:00,PVDAQ_10,19.666,19.82120499999996,-0.15520499999995963,0.15520499999995963
2023-01-03 08:41:00,PVDAQ_10,19.877,20.154585000000008,-0.2775850000000091,0.2775850000000091
2023-01-03 08:42:00,PVDAQ_10,20.52,20.091819999999956,0.42818000000004375,0.42818000000004375
2023-01-03 08:43:00,PVDAQ_10,21.086,20.61907999999996,0.4669200000000373,0.4669200000000373
2023-01-03 08:44:00,PVDAQ_10,21.575,21.125114999999937,0.44988500000006226,0.44988500000006226
2023-01-03 08:45:00,PVDAQ_10,22.074,22.55242999999997,-0.4784299999999675,0.4784299999999675
2023-01-03 08:46:00,PVDAQ_10,22.796,24.03664999999996,-1.2406499999999596,1.2406499999999596
2023-01-03 08:47:00,PVDAQ_10,24.161,25.281254999999952,-1.1202549999999505,1.1202549999999505
2023-01-03 08:48:00,PVDAQ_10,24.383,24.664370000000005,-0.2813700000000061,0.2813700000000061
2023-01-03 08:49:00,PVDAQ_10,24.272,25.57416500000003,-1.3021650000000307,1.3021650000000307
2023-01-03 08:50:00,PVDAQ_10,25.67,25.631235,0.03876500000000149,0.03876500000000149
2023-01-03 08:51:00,PVDAQ_10,26.858,27.921520000000097,-1.0635200000000964,1.0635200000000964
2023-01-03 08:52:00,PVDAQ_10,27.779,28.429025000000035,-0.6500250000000349,0.6500250000000349
2023-01-03 08:53:00,PVDAQ_10,29.588,29.900105000000018,-0.31210500000001673,0.31210500000001673
2023-01-03 08:54:00,PVDAQ_10,30.231,29.18338499999999,1.047615000000011,1.047615000000011
2023-01-03 08:55:00,PVDAQ_10,31.952,30.355009999999965,1.5969900000000372,1.5969900000000372
2023-01-03 08:56:00,PVDAQ_10,34.205,28.863619999999997,5.341380000000001,5.341380000000001
2023-01-03 08:57:00,PVDAQ_10,31.097,28.209450000000015,2.8875499999999867,2.8875499999999867
2023-01-03 08:58:00,PVDAQ_10,20.132,38.503089999999965,-18.371089999999963,18.371089999999963
2023-01-03 08:59:00,PVDAQ_10,38.2,27.946699999999996,10.253300000000007,10.253300000000007
2023-01-03 09:00:00,PVDAQ_10,43.305,37.25504499999997,6.049955000000033,6.049955000000033
2023-01-03 09:01:00,PVDAQ_10,44.759,42.49504999999995,2.263950000000051,2.263950000000051
2023-01-03 09:02:00,PVDAQ_10,49.831,91.144726,-41.313726,41.313726
2023-01-03 09:03:00,PVDAQ_10,80.473,101.45457099999994,-20.981570999999946,20.981570999999946
2023-01-03 09:04:00,PVDAQ_10,119.72,89.83229150000007,29.88770849999993,29.88770849999993
2023-01-03 09:05:00,PVDAQ_10,164.25,96.14146500000004,68.10853499999996,68.10853499999996
2023-01-03 09:06:00,PVDAQ_10,200.69,244.63964999999993,-43.949649999999934,43.949649999999934
2023-01-03 09:07:00,PVDAQ_10,218.32,233.40202050000022,-15.082020500000226,15.082020500000226
2023-01-03 09:08:00,PVDAQ_10,240.87,271.21093050000013,-30.340930500000127,30.340930500000127
2023-01-03 09:09:00,PVDAQ_10,261.64,276.69257550000015,-15.05257550000016,15.05257550000016
2023-01-03 09:10:00,PVDAQ_10,274.44,276.3051165,-1.8651164999999992,1.8651164999999992
2023-01-03 09:11:00,PVDAQ_10,282.93,281.6215515,1.3084484999999972,1.3084484999999972
2023-01-03 09:12:00,PVDAQ_10,300.65,305.5810969999999,-4.931096999999909,4.931096999999909
2023-01-03 09:13:00,PVDAQ_10,308.96,305.26589166666605,3.6941083333339293,3.6941083333339293
2023-01-03 09:14:00,PVDAQ_10,308.6,307.3837610000001,1.2162389999999164,1.2162389999999164
2023-01-03 09:15:00,PVDAQ_10,307.98,306.8764321428566,1.103567857143446,1.103567857143446
2023-01-03 09:16:00,PVDAQ_10,306.78,308.81828850000073,-2.0382885000007605,2.0382885000007605
2023-01-03 09:17:00,PVDAQ_10,310.23,309.0819626666667,1.1480373333333205,1.1480373333333205
2023-01-03 09:18:00,PVDAQ_10,312.65,311.6337795000004,1.0162204999995765,1.0162204999995765
2023-01-03 09:19:00,PVDAQ_10,314.54,322.2511371666667,-7.711137166666674,7.711137166666674
2023-01-03 09:20:00,PVDAQ_10,324.45,325.71594953503734,-1.2659495350373504,1.2659495350373504
2023-01-03 09:21:00,PVDAQ_10,324.75,330.0629564293645,-5.312956429364476,5.312956429364476
2023-01-03 09:22:00,PVDAQ_10,324.39,331.4430139293643,-7.05301392936434,7.05301392936434
2023-01-03 09:23:00,PVDAQ_10,327.92,328.5431412563493,-0.6231412563492995,0.6231412563492995
2023-01-03 09:24:00,PVDAQ_10,329.26,338.15089723712134,-8.89089723712135,8.89089723712135
2023-01-03 09:25:00,PVDAQ_10,333.85,336.95899001519626,-3.108990015196241,3.108990015196241
2023-01-03 09:26:00,PVDAQ_10,346.53,358.6085184999997,-12.078518499999745,12.078518499999745
2023-01-03 09:27:00,PVDAQ_10,363.18,372.80290600000035,-9.622906000000341,9.622906000000341
2023-01-03 09:28:00,PVDAQ_10,380.09,397.9491150000006,-17.8591150000006,17.8591150000006
2023-01-03 09:29:00,PVDAQ_10,389.58,401.57788800000054,-11.997888000000557,11.997888000000557
2023-01-03 09:30:00,PVDAQ_10,397.6,403.2542565,-5.654256499999974,5.654256499999974
2023-01-03 09:31:00,PVDAQ_10,402.77,405.5735621666673,-2.803562166667291,2.803562166667291
2023-01-03 09:32:00,PVDAQ_10,409.43,408.5057496666676,0.9242503333323953,0.9242503333323953
2023-01-03 09:33:00,PVDAQ_10,411.11,417.5372020000005,-6.427202000000477,6.427202000000477
2023-01-03 09:34:00,PVDAQ_10,418.19,419.82891100000074,-1.6389110000007463,1.6389110000007463
2023-01-03 09:35:00,PVDAQ_10,417.05,415.6853000000005,1.364699999999516,1.364699999999516
2023-01-03 09:36:00,PVDAQ_10,424.99,424.9554215000005,0.03457849999949758,0.03457849999949758
2023-01-03 09:37:00,PVDAQ_10,432.87,430.23240000000027,2.637599999999736,2.637599999999736
2023-01-03 09:38:00,PVDAQ_10,430.51,433.70442,-3.1944200000000365,3.1944200000000365
2023-01-03 09:39:00,PVDAQ_10,431.66,433.7742308333335,-2.1142308333334654,2.1142308333334654
2023-01-03 09:40:00,PVDAQ_10,443.15,444.4729625,-1.322962500000017,1.322962500000017
2023-01-03 09:41:00,PVDAQ_10,281.7,307.70919708135784,-26.009197081357854,26.009197081357854
2023-01-03 09:42:00,PVDAQ_10,408.88,413.12418029761994,-4.244180297619948,4.244180297619948
2023-01-03 09:43:00,PVDAQ_10,445.22,441.9686084999994,3.2513915000006364,3.2513915000006364
2023-01-03 09:44:00,PVDAQ_10,460.62,467.8049145000005,-7.184914500000502,7.184914500000502
2023-01-03 09:45:00,PVDAQ_10,470.0,471.75317650000056,-1.7531765000005635,1.7531765000005635
2023-01-03 09:46:00,PVDAQ_10,478.85,480.0092225,-1.1592224999999985,1.1592224999999985
2023-01-03 09:47:00,PVDAQ_10,484.49,484.5749025000003,-0.08490250000028254,0.08490250000028254
2023-01-03 09:48:00,PVDAQ_10,497.61,497.4975500000002,0.11244999999979655,0.11244999999979655
2023-01-03 09:49:00,PVDAQ_10,499.67,498.5510500000002,1.1189499999998134,1.1189499999998134
2023-01-03 09:50:00,PVDAQ_10,333.44,326.6563037208332,6.783696279166804,6.783696279166804
2023-01-03 09:51:00,PVDAQ_10,367.43,381.3214299999996,-13.891429999999616,13.891429999999616
2023-01-03 09:52:00,PVDAQ_10,314.65,313.8703172243229,0.7796827756770881,0.7796827756770881
2023-01-03 09:53:00,PVDAQ_10,285.84,312.2371421738099,-26.397142173809925,26.397142173809925
2023-01-03 09:54:00,PVDAQ_10,447.4,448.4027000000011,-1.0027000000011412,1.0027000000011412
2023-01-03 09:55:00,PVDAQ_10,521.19,523.6246275000001,-2.4346275000000333,2.4346275000000333
2023-01-03 09:56:00,PVDAQ_10,491.29,494.05742800000013,-2.767428000000109,2.767428000000109
2023-01-03 09:57:00,PVDAQ_10,410.81,410.3584950000009,0.4515049999990879,0.4515049999990879
2023-01-03 09:58:00,PVDAQ_10,405.91,408.88959999999946,-2.9795999999994365,2.9795999999994365
2023-01-03 09:59:00,PVDAQ_10,496.74,497.3633779999995,-0.6233779999994908,0.6233779999994908
2023-01-03 10:00:00,PVDAQ_10,440.88,441.23441869791714,-0.35441869791714,0.35441869791714
2023-01-03 10:01:00,PVDAQ_10,564.06,564.9701214999992,-0.9101214999992635,0.9101214999992635
2023-01-03 10:02:00,PVDAQ_10,449.3,454.53803700000026,-5.238037000000247,5.238037000000247
2023-01-03 10:03:00,PVDAQ_10,469.36,479.28923566666685,-9.929235666666841,9.929235666666841
2023-01-03 10:04:00,PVDAQ_10,511.81,522.7399535,-10.929953499999954,10.929953499999954
2023-01-03 10:05:00,PVDAQ_10,502.04,502.5140494999991,-0.47404949999906876,0.47404949999906876
2023-01-03 10:06:00,PVDAQ_10,545.01,552.9058320000006,-7.89583200000061,7.89583200000061
2023-01-03 10:07:00,PVDAQ_10,562.45,567.6531639999985,-5.203163999998424,5.203163999998424
2023-01-03 10:08:00,PVDAQ_10,615.53,640.052404500001,-24.522404500001016,24.522404500001016
2023-01-03 10:09:00,PVDAQ_10,629.13,639.5914839999994,-10.46148399999936,10.46148399999936
2023-01-03 10:10:00,PVDAQ_10,512.53,531.1387900000005,-18.608790000000567,18.608790000000567
2023-01-03 10:11:00,PVDAQ_10,531.19,546.5916874999995,-15.401687499999412,15.401687499999412
2023-01-03 10:12:00,PVDAQ_10,497.29,505.57864399999903,-8.28864399999901,8.28864399999901
2023-01-03 10:13:00,PVDAQ_10,429.89,438.6532375312501,-8.763237531250127,8.763237531250127
2023-01-03 10:14:00,PVDAQ_10,437.61,441.4849664999994,-3.8749664999994025,3.8749664999994025
2023-01-03 10:15:00,PVDAQ_10,493.22,500.5706659999989,-7.350665999998853,7.350665999998853
2023-01-03 10:16:00,PVDAQ_10,579.87,576.8062149999997,3.06378500000028,3.06378500000028
2023-01-03 10:17:00,PVDAQ_10,742.35,759.4159039999992,-17.065903999999136,17.065903999999136
2023-01-03 10:18:00,PVDAQ_10,847.2799999999999,855.3711000000008,-8.091100000000893,8.091100000000893
2023-01-03 10:19:00,PVDAQ_10,739.61,744.7404500000011,-5.130450000001133,5.130450000001133
2023-01-03 10:20:00,PVDAQ_10,802.01,837.2692500000005,-35.25925000000052,35.25925000000052
2023-01-03 10:21:00,PVDAQ_10,732.21,753.7096619999991,-21.499661999999034,21.499661999999034
2023-01-03 10:22:00,PVDAQ_10,588.19,598.6548489999993,-10.464848999999276,10.464848999999276
2023-01-03 10:23:00,PVDAQ_10,543.02,547.3487559999996,-4.328755999999657,4.328755999999657
2023-01-03 10:24:00,PVDAQ_10,570.93,581.1834894999996,-10.25348949999966,10.25348949999966
2023-01-03 10:25:00,PVDAQ_10,692.54,697.0829009999986,-4.542900999998665,4.542900999998665
2023-01-03 10:26:00,PVDAQ_10,747.65,741.3332020000012,6.316797999998812,6.316797999998812
2023-01-03 10:27:00,PVDAQ_10,742.9199999999998,742.4302040000007,0.4897959999991599,0.4897959999991599
2023-01-03 10:28:00,PVDAQ_10,802.77,830.3059000000007,-27.535900000000765,27.535900000000765
2023-01-03 10:29:00,PVDAQ_10,846.6599999999999,849.5180500000004,-2.858050000000503,2.858050000000503
2023-01-03 10:30:00,PVDAQ_10,909.22,919.3220499999995,-10.102049999999508,10.102049999999508
2023-01-03 10:31:00,PVDAQ_10,926.61,944.7447000000009,-18.134700000000862,18.134700000000862
2023-01-03 10:32:00,PVDAQ_10,962.13,958.019849999999,4.110150000000999,4.110150000000999
2023-01-03 10:33:00,PVDAQ_10,975.56,981.5052499999999,-5.945249999999987,5.945249999999987
2023-01-03 10:34:00,PVDAQ_10,968.05,965.8254499999989,2.224550000001045,2.224550000001045
2023-01-03 10:35:00,PVDAQ_10,979.31,981.3229500000001,-2.01295000000016,2.01295000000016
2023-01-03 10:36:00,PVDAQ_10,961.77,964.8972000000006,-3.1272000000005846,3.1272000000005846
2023-01-03 10:37:00,PVDAQ_10,890.6699999999998,908.2638999999992,-17.593899999999394,17.593899999999394
2023-01-03 10:38:00,PVDAQ_10,836.6599999999999,845.6668500000013,-9.006850000001464,9.006850000001464
2023-01-03 10:39:00,PVDAQ_10,833.86,844.9325500000015,-11.072550000001456,11.072550000001456
2023-01-03 10:40:00,PVDAQ_10,837.35,824.9004000000002,12.449599999999805,12.449599999999805
2023-01-03 10:41:00,PVDAQ_10,852.0,836.2451500000024,15.754849999997646,15.754849999997646
2023-01-03 10:42:00,PVDAQ_10,911.7,902.8742499999997,8.825750000000312,8.825750000000312
2023-01-03 10:43:00,PVDAQ_10,906.6400000000002,908.3350000000002,-1.6949999999999363,1.6949999999999363
2023-01-03 10:44:00,PVDAQ_10,909.97,905.7944500000021,4.175549999997884,4.175549999997884
2023-01-03 10:45:00,PVDAQ_10,940.48,942.1085500000013,-1.628550000001269,1.628550000001269
2023-01-03 10:46:00,PVDAQ_10,962.06,956.4567500000007,5.603249999999207,5.603249999999207
2023-01-03 10:47:00,PVDAQ_10,976.88,980.8841999999987,-4.004199999998718,4.004199999998718
2023-01-03 10:48:00,PVDAQ_10,995.46,996.057850000002,-0.5978500000019267,0.5978500000019267
2023-01-03 10:49:00,PVDAQ_10,1014.1,1010.2128500000015,3.8871499999985417,3.8871499999985417
2023-01-03 10:50:00,PVDAQ_10,1017.6,1007.5010999999993,10.098900000000754,10.098900000000754
2023-01-03 10:51:00,PVDAQ_10,1015.0,1007.5360999999991,7.463900000000876,7.463900000000876
2023-01-03 10:52:00,PVDAQ_10,1008.9,1002.0302999999996,6.869700000000421,6.869700000000421
2023-01-03 10:53:00,PVDAQ_10,982.99,978.8216499999986,4.168350000001396,4.168350000001396
2023-01-03 10:54:00,PVDAQ_10,943.51,941.632300000002,1.877699999997958,1.877699999997958
2023-01-03 10:55:00,PVDAQ_10,945.44,943.2053999999994,2.2346000000006825,2.2346000000006825
2023-01-03 10:56:00,PVDAQ_10,997.49,1003.0623499999986,-5.572349999998551,5.572349999998551
2023-01-03 10:57:00,PVDAQ_10,1001.3,1006.655350000001,-5.355350000001067,5.355350000001067
2023-01-03 10:58:00,PVDAQ_10,940.65,944.0694500000017,-3.4194500000016887,3.4194500000016887
2023-01-03 10:59:00,PVDAQ_10,902.68,902.3307500000021,0.3492499999978236,0.3492499999978236
2023-01-03 11:00:00,PVDAQ_10,958.92,959.493349999998,-0.5733499999980722,0.5733499999980722
2023-01-03 11:01:00,PVDAQ_10,984.1,981.9351999999983,2.164800000001719,2.164800000001719
2023-01-03 11:02:00,PVDAQ_10,980.77,980.8118000000005,-0.041800000000534965,0.041800000000534965
2023-01-03 11:03:00,PVDAQ_10,985.45,984.6477499999984,0.8022500000016635,0.8022500000016635
2023-01-03 11:04:00,PVDAQ_10,985.68,984.5088000000023,1.1711999999976115,1.1711999999976115
2023-01-03 11:05:00,PVDAQ_10,996.04,998.8593499999994,-2.8193499999994174,2.8193499999994174
2023-01-03 11:06:00,PVDAQ_10,1005.1,1004.8602499999979,0.2397500000021182,0.2397500000021182
2023-01-03 11:07:00,PVDAQ_10,564.33,572.3537934999988,-8.02379349999876,8.02379349999876
2023-01-03 11:08:00,PVDAQ_10,315.21,314.2261666666662,0.9838333333337914,0.9838333333337914
2023-01-03 11:09:00,PVDAQ_10,301.44,301.9054999999996,-0.4654999999996221,0.4654999999996221
2023-01-03 11:10:00,PVDAQ_10,287.92,287.5079833333334,0.4120166666666023,0.4120166666666023
2023-01-03 11:11:00,PVDAQ_10,298.18,297.8737999999999,0.3062000000001035,0.3062000000001035
2023-01-03 11:12:00,PVDAQ_10,308.78,307.23875000000027,1.5412499999997067,1.5412499999997067
2023-01-03 11:13:00,PVDAQ_10,314.72,316.7837124999998,-2.063712499999781,2.063712499999781
2023-01-03 11:14:00,PVDAQ_10,317.66,319.11275,-1.4527499999999804,1.4527499999999804
2023-01-03 11:15:00,PVDAQ_10,318.92,319.3129,-0.39289999999999736,0.39289999999999736
2023-01-03 11:16:00,PVDAQ_10,318.71,317.14075,1.569249999999954,1.569249999999954
2023-01-03 11:17:00,PVDAQ_10,313.77,315.11357649999985,-1.3435764999998696,1.3435764999998696
2023-01-03 11:18:00,PVDAQ_10,310.1,312.1319764999995,-2.031976499999473,2.031976499999473
2023-01-03 11:19:00,PVDAQ_10,302.94,304.0892000000003,-1.1492000000002918,1.1492000000002918
2023-01-03 11:20:00,PVDAQ_10,299.52,299.0502499999998,0.4697500000002037,0.4697500000002037
2023-01-03 11:21:00,PVDAQ_10,302.8,302.0407749999995,0.7592250000005265,0.7592250000005265
2023-01-03 11:22:00,PVDAQ_10,299.31,299.59004999999934,-0.2800499999993349,0.2800499999993349
2023-01-03 11:23:00,PVDAQ_10,290.02,291.16710666666677,-1.1471066666667866,1.1471066666667866
2023-01-03 11:24:00,PVDAQ_10,273.6,274.9458316266671,-1.3458316266670636,1.3458316266670636
2023-01-03 11:25:00,PVDAQ_10,264.74,268.545521531812,-3.805521531812019,3.805521531812019
2023-01-03 11:26:00,PVDAQ_10,261.19,259.9239375000001,1.2660624999999186,1.2660624999999186
2023-01-03 11:27:00,PVDAQ_10,264.27,263.7519191889548,0.5180808110451949,0.5180808110451949
2023-01-03 11:28:00,PVDAQ_10,279.71,278.3571348781818,1.3528651218181835,1.3528651218181835
2023-01-03 11:29:00,PVDAQ_10,290.65,290.6106404563488,0.03935954365118732,0.03935954365118732
2023-01-03 11:30:00,PVDAQ_10,282.1,283.89515833333405,-1.7951583333340295,1.7951583333340295
2023-01-03 11:31:00,PVDAQ_10,257.05,255.48559999999964,1.5644000000003757,1.5644000000003757
2023-01-03 11:32:00,PVDAQ_10,236.21,233.15324222222208,3.056757777777932,3.056757777777932
2023-01-03 11:33:00,PVDAQ_10,233.71,236.39682416666648,-2.6868241666664687,2.6868241666664687
2023-01-03 11:34:00,PVDAQ_10,243.25,243.95031666666688,-0.700316666666879,0.700316666666879
2023-01-03 11:35:00,PVDAQ_10,235.55,236.52668333333295,-0.976683333332943,0.976683333332943
2023-01-03 11:36:00,PVDAQ_10,219.42,219.72358666666642,-0.3035866666664333,0.3035866666664333
2023-01-03 11:37:00,PVDAQ_10,204.61,205.08132857142846,-0.47132857142844387,0.47132857142844387
2023-01-03 11:38:00,PVDAQ_10,197.08,195.90944999999985,1.170550000000162,1.170550000000162
2023-01-03 11:39:00,PVDAQ_10,205.15,204.96622857142845,0.1837714285715606,0.1837714285715606
2023-01-03 11:40:00,PVDAQ_10,214.8,215.30395000000053,-0.5039500000005148,0.5039500000005148
2023-01-03 11:41:00,PVDAQ_10,215.04,215.1721500000001,-0.13215000000010946,0.13215000000010946
2023-01-03 11:42:00,PVDAQ_10,204.54,203.9405285714287,0.5994714285712917,0.5994714285712917
2023-01-03 11:43:00,PVDAQ_10,192.71,191.99436699999973,0.7156330000002811,0.7156330000002811
2023-01-03 11:44:00,PVDAQ_10,181.66,181.75918333333323,-0.09918333333322948,0.09918333333322948
2023-01-03 11:45:00,PVDAQ_10,177.13,178.6376500000003,-1.5076500000002966,1.5076500000002966
2023-01-03 11:46:00,PVDAQ_10,196.74,195.73169999999988,1.0083000000001334,1.0083000000001334
2023-01-03 11:47:00,PVDAQ_10,217.54,214.99115000000023,2.54884999999976,2.54884999999976
2023-01-03 11:48:00,PVDAQ_10,226.28,226.29834999999989,-0.018349999999884403,0.018349999999884403
2023-01-03 11:49:00,PVDAQ_10,231.47,233.17449999999997,-1.7044999999999675,1.7044999999999675
2023-01-03 11:50:00,PVDAQ_10,224.57,227.4100999999997,-2.840099999999694,2.840099999999694
2023-01-03 11:51:00,PVDAQ_10,218.56,224.15491250000022,-5.59491250000022,5.59491250000022
2023-01-03 11:52:00,PVDAQ_10,211.06,214.15210000000022,-3.0921000000002152,3.0921000000002152
2023-01-03 11:53:00,PVDAQ_10,180.62,183.57496549999996,-2.9549654999999575,2.9549654999999575
2023-01-03 11:54:00,PVDAQ_10,158.76,161.73604999999972,-2.9760499999997307,2.9760499999997307
2023-01-03 11:55:00,PVDAQ_10,142.76,145.0391716666666,-2.279171666666599,2.279171666666599
2023-01-03 11:56:00,PVDAQ_10,135.52,134.74766500000047,0.7723349999995435,0.7723349999995435
2023-01-03 11:57:00,PVDAQ_10,136.38,130.46486500000034,5.915134999999651,5.915134999999651
2023-01-03 11:58:00,PVDAQ_10,137.04,127.4490504333336,9.590949566666396,9.590949566666396
2023-01-03 11:59:00,PVDAQ_10,135.83,135.68654285714317,0.14345714285684608,0.14345714285684608
2023-01-03 12:00:00,PVDAQ_10,139.77,133.706145,6.063855000000018,6.063855000000018
2023-01-03 12:01:00,PVDAQ_10,142.16,130.53421560000015,11.625784399999844,11.625784399999844
2023-01-03 12:02:00,PVDAQ_10,145.57,137.90962999999977,7.660370000000228,7.660370000000228
2023-01-03 12:03:00,PVDAQ_10,150.3,149.6998999999998,0.600100000000225,0.600100000000225
2023-01-03 12:04:00,PVDAQ_10,160.98,161.03789999999972,-0.05789999999973361,0.05789999999973361
2023-01-03 12:05:00,PVDAQ_10,168.52,169.37328280000006,-0.853282800000045,0.853282800000045
2023-01-03 12:06:00,PVDAQ_10,172.52,170.72762999999975,1.7923700000002611,1.7923700000002611
2023-01-03 12:07:00,PVDAQ_10,176.48,178.09765000000033,-1.6176500000003387,1.6176500000003387
2023-01-03 12:08:00,PVDAQ_10,174.32,174.14597999999972,0.17402000000026874,0.17402000000026874
2023-01-03 12:09:00,PVDAQ_10,174.67,171.30999999999992,3.3600000000000705,3.3600000000000705
2023-01-03 12:10:00,PVDAQ_10,183.66,174.5438005,9.116199499999993,9.116199499999993
2023-01-03 12:11:00,PVDAQ_10,179.33,177.4620500000001,1.8679499999999223,1.8679499999999223
2023-01-03 12:12:00,PVDAQ_10,183.38,181.9238333333334,1.4561666666666042,1.4561666666666042
2023-01-03 12:13:00,PVDAQ_10,197.89,200.55680000000038,-2.666800000000393,2.666800000000393
2023-01-03 12:14:00,PVDAQ_10,211.3,211.2120499999997,0.08795000000031905,0.08795000000031905
2023-01-03 12:15:00,PVDAQ_10,201.58,204.81026049999994,-3.230260499999929,3.230260499999929
2023-01-03 12:16:00,PVDAQ_10,183.07,181.97394999999977,1.0960500000002185,1.0960500000002185
2023-01-03 12:17:00,PVDAQ_10,168.75,170.38359999999986,-1.6335999999998592,1.6335999999998592
2023-01-03 12:18:00,PVDAQ_10,178.79,178.1819000000004,0.6080999999995811,0.6080999999995811
2023-01-03 12:19:00,PVDAQ_10,203.51,204.70195300000017,-1.1919530000001828,1.1919530000001828
2023-01-03 12:20:00,PVDAQ_10,230.27,230.60199999999986,-0.3319999999998515,0.3319999999998515
2023-01-03 12:21:00,PVDAQ_10,249.25,249.5150999999998,-0.2650999999997907,0.2650999999997907
2023-01-03 12:22:00,PVDAQ_10,247.39,249.05035000000004,-1.6603500000000508,1.6603500000000508
2023-01-03 12:23:00,PVDAQ_10,250.56,249.5610904999998,0.9989095000001953,0.9989095000001953
2023-01-03 12:24:00,PVDAQ_10,250.2,249.78549999999996,0.4145000000000323,0.4145000000000323
2023-01-03 12:25:00,PVDAQ_10,247.47,248.6882500000004,-1.2182500000004097,1.2182500000004097
2023-01-03 12:26:00,PVDAQ_10,240.97,241.04834999999986,-0.07834999999985826,0.07834999999985826
2023-01-03 12:27:00,PVDAQ_10,240.74,240.87645000000012,-0.1364500000001101,0.1364500000001101
2023-01-03 12:28:00,PVDAQ_10,239.39,241.04930000000044,-1.6593000000004565,1.6593000000004565
2023-01-03 12:29:00,PVDAQ_10,236.1,234.9864500000001,1.11354999999989,1.11354999999989
2023-01-03 12:30:00,PVDAQ_10,233.45,232.72150000000033,0.7284999999996558,0.7284999999996558
2023-01-03 12:31:00,PVDAQ_10,237.43,235.65774999999974,1.7722500000002697,1.7722500000002697
2023-01-03 12:32:00,PVDAQ_10,235.89,236.4294866666664,-0.53948666666642,0.53948666666642
2023-01-03 12:33:00,PVDAQ_10,236.57,236.0906499999998,0.47935000000018135,0.47935000000018135
2023-01-03 12:34:00,PVDAQ_10,219.88,220.15069650000004,-0.2706965000000423,0.2706965000000423
2023-01-03 12:35:00,PVDAQ_10,204.5,204.18978750000028,0.31021249999972156,0.31021249999972156
2023-01-03 12:36:00,PVDAQ_10,214.15,215.45780833333365,-1.3078083333336394,1.3078083333336394
2023-01-03 12:37:00,PVDAQ_10,225.84,226.29549999999995,-0.45549999999994384,0.45549999999994384
2023-01-03 12:38:00,PVDAQ_10,224.11,226.18266249999965,-2.0726624999996375,2.0726624999996375
2023-01-03 12:39:00,PVDAQ_10,227.25,226.7418499999997,0.5081500000003132,0.5081500000003132
2023-01-03 12:40:00,PVDAQ_10,234.68,236.2669500000001,-1.586950000000087,1.586950000000087
2023-01-03 12:41:00,PVDAQ_10,243.08,242.91604999999998,0.16395000000002824,0.16395000000002824
2023-01-03 12:42:00,PVDAQ_10,247.46,249.0866499999998,-1.6266499999997848,1.6266499999997848
2023-01-03 12:43:00,PVDAQ_10,242.39,242.85985000000056,-0.46985000000057653,0.46985000000057653
2023-01-03 12:44:00,PVDAQ_10,222.15,219.90236249999998,2.2476375000000246,2.2476375000000246
2023-01-03 12:45:00,PVDAQ_10,203.47,205.73412857142847,-2.264128571428472,2.264128571428472
2023-01-03 12:46:00,PVDAQ_10,190.55,196.12089999999986,-5.5708999999998525,5.5708999999998525
2023-01-03 12:47:00,PVDAQ_10,179.12,180.8510500000002,-1.7310500000002094,1.7310500000002094
2023-01-03 12:48:00,PVDAQ_10,186.46,188.9867588333332,-2.52675883333319,2.52675883333319
2023-01-03 12:49:00,PVDAQ_10,193.64,193.46419999999998,0.1758000000000095,0.1758000000000095
2023-01-03 12:50:00,PVDAQ_10,195.16,196.99892500000024,-1.8389250000002448,1.8389250000002448
2023-01-03 12:51:00,PVDAQ_10,199.68,201.38250000000033,-1.7025000000003274,1.7025000000003274
2023-01-03 12:52:00,PVDAQ_10,207.37,207.52364999999995,-0.1536499999999421,0.1536499999999421
2023-01-03 12:53:00,PVDAQ_10,210.3,212.28529999999998,-1.9852999999999668,1.9852999999999668
2023-01-03 12:54:00,PVDAQ_10,208.21,210.45925000000014,-2.2492500000001314,2.2492500000001314
2023-01-03 12:55:00,PVDAQ_10,205.27,204.07945416666698,1.190545833333033,1.190545833333033
2023-01-03 12:56:00,PVDAQ_10,211.74,211.01029999999983,0.7297000000001788,0.7297000000001788
2023-01-03 12:57:00,PVDAQ_10,211.63,211.44597500000012,0.18402499999987754,0.18402499999987754
2023-01-03 12:58:00,PVDAQ_10,233.29,233.5791999999998,-0.28919999999979495,0.28919999999979495
2023-01-03 12:59:00,PVDAQ_10,254.66,253.33174999999966,1.328250000000338,1.328250000000338
2023-01-03 13:00:00,PVDAQ_10,247.21,247.32085000000035,-0.11085000000034029,0.11085000000034029
2023-01-03 13:01:00,PVDAQ_10,234.39,234.49273599999998,-0.10273599999999306,0.10273599999999306
2023-01-03 13:02:00,PVDAQ_10,225.07,224.68634999999995,0.38365000000004557,0.38365000000004557
2023-01-03 13:03:00,PVDAQ_10,216.04,214.38880000000023,1.6511999999997613,1.6511999999997613
2023-01-03 13:04:00,PVDAQ_10,230.9,233.9079604999998,-3.007960499999797,3.007960499999797
2023-01-03 13:05:00,PVDAQ_10,249.04,248.84974999999991,0.19025000000007708,0.19025000000007708
2023-01-03 13:06:00,PVDAQ_10,248.24,247.90700000000015,0.3329999999998563,0.3329999999998563
2023-01-03 13:07:00,PVDAQ_10,267.14,262.3552999999996,4.7847000000003845,4.7847000000003845
2023-01-03 13:08:00,PVDAQ_10,284.85,286.21871250000027,-1.3687125000002425,1.3687125000002425
2023-01-03 13:09:00,PVDAQ_10,286.2,286.20777380952427,-0.00777380952428075,0.00777380952428075
2023-01-03 13:10:00,PVDAQ_10,289.6,292.0542899999999,-2.454289999999901,2.454289999999901
2023-01-03 13:11:00,PVDAQ_10,302.09,302.1513000000004,-0.06130000000041491,0.06130000000041491
2023-01-03 13:12:00,PVDAQ_10,311.39,311.49559999999934,-0.10559999999935599,0.10559999999935599
2023-01-03 13:13:00,PVDAQ_10,316.01,317.44730000000015,-1.437300000000164,1.437300000000164
2023-01-03 13:14:00,PVDAQ_10,319.72,318.95530000000025,0.7646999999997774,0.7646999999997774
2023-01-03 13:15:00,PVDAQ_10,320.69,318.5160000000003,2.173999999999694,2.173999999999694
2023-01-03 13:16:00,PVDAQ_10,316.27,313.44779999999963,2.8222000000003504,2.8222000000003504
2023-01-03 13:17:00,PVDAQ_10,304.44,304.2811500000003,0.1588499999996884,0.1588499999996884
2023-01-03 13:18:00,PVDAQ_10,290.89,291.9280795000001,-1.0380795000000944,1.0380795000000944
2023-01-03 13:19:00,PVDAQ_10,280.61,281.11036228141495,-0.5003622814149367,0.5003622814149367
2023-01-03 13:20:00,PVDAQ_10,283.73,283.11614999999944,0.613850000000582,0.613850000000582
2023-01-03 13:21:00,PVDAQ_10,294.95,297.2333500000001,-2.283350000000098,2.283350000000098
2023-01-03 13:22:00,PVDAQ_10,314.32,315.52964999999926,-1.2096499999992716,1.2096499999992716
2023-01-03 13:23:00,PVDAQ_10,317.03,318.76560000000023,-1.735600000000261,1.735600000000261
2023-01-03 13:24:00,PVDAQ_10,303.46,303.82445000000075,-0.36445000000077243,0.36445000000077243
2023-01-03 13:25:00,PVDAQ_10,286.49,289.0919400793655,-2.6019400793654768,2.6019400793654768
2023-01-03 13:26:00,PVDAQ_10,278.21,276.90564999999975,1.3043500000002268,1.3043500000002268
2023-01-03 13:27:00,PVDAQ_10,276.0,274.0942270000002,1.9057729999997832,1.9057729999997832
2023-01-03 13:28:00,PVDAQ_10,280.05,279.9617420995667,0.08825790043329107,0.08825790043329107
2023-01-03 13:29:00,PVDAQ_10,290.12,289.58157499999993,0.5384250000000748,0.5384250000000748
2023-01-03 13:30:00,PVDAQ_10,288.29,286.07033308333286,2.2196669166671654,2.2196669166671654
2023-01-03 13:31:00,PVDAQ_10,266.14,268.5067950541055,-2.3667950541055234,2.3667950541055234
2023-01-03 13:32:00,PVDAQ_10,246.94,248.24907171250024,-1.3090717125002413,1.3090717125002413
2023-01-03 13:33:00,PVDAQ_10,244.85,243.7207319000005,1.129268099999507,1.129268099999507
2023-01-03 13:34:00,PVDAQ_10,267.25,266.5529708094154,0.6970291905846011,0.6970291905846011
2023-01-03 13:35:00,PVDAQ_10,295.5,296.9069475000002,-1.4069475000001717,1.4069475000001717
2023-01-03 13:36:00,PVDAQ_10,310.29,309.740349333333,0.5496506666670484,0.5496506666670484
2023-01-03 13:37:00,PVDAQ_10,306.12,305.3717580000005,0.7482419999994931,0.7482419999994931
2023-01-03 13:38:00,PVDAQ_10,292.15,293.4199299920631,-1.269929992063112,1.269929992063112
2023-01-03 13:39:00,PVDAQ_10,277.5,278.78828798759037,-1.2882879875903654,1.2882879875903654
2023-01-03 13:40:00,PVDAQ_10,272.0,272.6373631634103,-0.6373631634103276,0.6373631634103276
2023-01-03 13:41:00,PVDAQ_10,274.81,274.9870052841271,-0.17700528412711947,0.17700528412711947
2023-01-03 13:42:00,PVDAQ_10,278.44,280.2615629038457,-1.8215629038456882,1.8215629038456882
2023-01-03 13:43:00,PVDAQ_10,279.96,279.1452530647133,0.8147469352866779,0.8147469352866779
2023-01-03 13:44:00,PVDAQ_10,272.83,273.86779164285673,-1.037791642856746,1.037791642856746
2023-01-03 13:45:00,PVDAQ_10,265.53,262.43305,3.0969499999999925,3.0969499999999925
2023-01-03 13:46:00,PVDAQ_10,258.74,259.3360000000002,-0.5960000000001742,0.5960000000001742
2023-01-03 13:47:00,PVDAQ_10,262.44,261.9249499999996,0.5150500000003717,0.5150500000003717
2023-01-03 13:48:00,PVDAQ_10,271.07,268.69733333333346,2.3726666666665324,2.3726666666665324
2023-01-03 13:49:00,PVDAQ_10,284.03,283.73546975469,0.2945302453099998,0.2945302453099998
2023-01-03 13:50:00,PVDAQ_10,296.94,295.02309999999994,1.9169000000000551,1.9169000000000551
2023-01-03 13:51:00,PVDAQ_10,297.85,299.05319999999983,-1.2031999999998106,1.2031999999998106
2023-01-03 13:52:00,PVDAQ_10,293.31,290.6238540476189,2.6861459523810822,2.6861459523810822
2023-01-03 13:53:00,PVDAQ_10,281.88,281.65020027777774,0.22979972222225342,0.22979972222225342
2023-01-03 13:54:00,PVDAQ_10,278.69,277.5575961538462,1.1324038461538066,1.1324038461538066
2023-01-03 13:55:00,PVDAQ_10,283.93,284.13521650000007,-0.20521650000006275,0.20521650000006275
2023-01-03 13:56:00,PVDAQ_10,289.79,291.19372166666636,-1.4037216666663426,1.4037216666663426
2023-01-03 13:57:00,PVDAQ_10,293.15,293.2224008333335,-0.07240083333351777,0.07240083333351777
2023-01-03 13:58:00,PVDAQ_10,289.6,290.11960674603165,-0.5196067460316272,0.5196067460316272
2023-01-03 13:59:00,PVDAQ_10,285.83,286.72053361111057,-0.8905336111105839,0.8905336111105839
2023-01-03 14:00:00,PVDAQ_10,284.34,284.05380833333385,0.2861916666661273,0.2861916666661273
2023-01-03 14:01:00,PVDAQ_10,286.45,286.324146666667,0.12585333333299786,0.12585333333299786
2023-01-03 14:02:00,PVDAQ_10,285.06,284.4738015873016,0.5861984126984225,0.5861984126984225
2023-01-03 14:03:00,PVDAQ_10,281.59,280.33233078787885,1.2576692121211295,1.2576692121211295
2023-01-03 14:04:00,PVDAQ_10,274.82,274.72580266666654,0.09419733333345448,0.09419733333345448
2023-01-03 14:05:00,PVDAQ_10,272.42,271.3167383878151,1.1032616121848946,1.1032616121848946
2023-01-03 14:06:00,PVDAQ_10,271.71,269.5011997333329,2.208800266667083,2.208800266667083
2023-01-03 14:07:00,PVDAQ_10,276.16,274.9145518871796,1.2454481128204407,1.2454481128204407
2023-01-03 14:08:00,PVDAQ_10,282.49,282.20891915999925,0.2810808400007545,0.2810808400007545
2023-01-03 14:09:00,PVDAQ_10,283.8,284.04690061688257,-0.24690061688255582,0.24690061688255582
2023-01-03 14:10:00,PVDAQ_10,274.16,277.5045398793654,-3.3445398793653567,3.3445398793653567
2023-01-03 14:11:00,PVDAQ_10,261.03,262.6073548333334,-1.577354833333402,1.577354833333402
2023-01-03 14:12:00,PVDAQ_10,249.56,248.99944999999988,0.56055000000012,0.56055000000012
2023-01-03 14:13:00,PVDAQ_10,243.66,244.25140833333361,-0.591408333333618,0.591408333333618
2023-01-03 14:14:00,PVDAQ_10,242.39,243.51435000000015,-1.1243500000001632,1.1243500000001632
2023-01-03 14:15:00,PVDAQ_10,243.86,242.67919999999992,1.1808000000000902,1.1808000000000902
2023-01-03 14:16:00,PVDAQ_10,244.54,243.29020000000037,1.2497999999996239,1.2497999999996239
2023-01-03 14:17:00,PVDAQ_10,229.6,230.06644999999975,-0.4664499999997531,0.4664499999997531
2023-01-03 14:18:00,PVDAQ_10,216.39,214.58667500000004,1.8033249999999441,1.8033249999999441
2023-01-03 14:19:00,PVDAQ_10,214.77,213.86974999999998,0.9002500000000282,0.9002500000000282
2023-01-03 14:20:00,PVDAQ_10,203.06,204.33531666666693,-1.2753166666669244,1.2753166666669244
2023-01-03 14:21:00,PVDAQ_10,209.88,210.13632500000017,-0.25632500000017444,0.25632500000017444
2023-01-03 14:22:00,PVDAQ_10,218.97,219.94947738095232,-0.9794773809523178,0.9794773809523178
2023-01-03 14:23:00,PVDAQ_10,213.57,212.5884499999999,0.9815500000000839,0.9815500000000839
2023-01-03 14:24:00,PVDAQ_10,199.49,197.05330000000035,2.436699999999661,2.436699999999661
2023-01-03 14:25:00,PVDAQ_10,172.19,171.83994999999982,0.3500500000001807,0.3500500000001807
2023-01-03 14:26:00,PVDAQ_10,151.66,149.7925714999997,1.867428500000301,1.867428500000301
2023-01-03 14:27:00,PVDAQ_10,141.25,135.59771166666667,5.652288333333331,5.652288333333331
2023-01-03 14:28:00,PVDAQ_10,137.19,135.09359705000006,2.0964029499999413,2.0964029499999413
2023-01-03 14:29:00,PVDAQ_10,134.07,132.28633000000016,1.7836699999998302,1.7836699999998302
2023-01-03 14:30:00,PVDAQ_10,133.59,132.80825000000019,0.7817499999998176,0.7817499999998176
2023-01-03 14:31:00,PVDAQ_10,132.72,134.17401166666667,-1.4540116666666734,1.4540116666666734
2023-01-03 14:32:00,PVDAQ_10,130.24,128.38847539761898,1.8515246023810334,1.8515246023810334
2023-01-03 14:33:00,PVDAQ_10,128.76,119.42470921666668,9.335290783333306,9.335290783333306
2023-01-03 14:34:00,PVDAQ_10,123.5,109.4325224999999,14.067477500000095,14.067477500000095
2023-01-03 14:35:00,PVDAQ_10,117.76,107.52761424999984,10.232385750000162,10.232385750000162
2023-01-03 14:36:00,PVDAQ_10,111.6,107.50194239999985,4.098057600000146,4.098057600000146
2023-01-03 14:37:00,PVDAQ_10,106.39,102.16689064999987,4.223109350000129,4.223109350000129
2023-01-03 14:38:00,PVDAQ_10,104.3,99.60046959999983,4.699530400000171,4.699530400000171
2023-01-03 14:39:00,PVDAQ_10,100.11,98.21640459999988,1.8935954000001232,1.8935954000001232
2023-01-03 14:40:00,PVDAQ_10,98.714,98.17118760000007,0.5428123999999315,0.5428123999999315
2023-01-03 14:41:00,PVDAQ_10,96.418,93.24768105999986,3.1703189400001435,3.1703189400001435
2023-01-03 14:42:00,PVDAQ_10,93.979,88.9051784999999,5.0738215000000935,5.0738215000000935
2023-01-03 14:43:00,PVDAQ_10,91.373,87.06830569999987,4.304694300000136,4.304694300000136
2023-01-03 14:44:00,PVDAQ_10,87.525,83.60643224999981,3.918567750000193,3.918567750000193
2023-01-03 14:45:00,PVDAQ_10,81.703,83.74495999999972,-2.041959999999719,2.041959999999719
2023-01-03 14:46:00,PVDAQ_10,76.83499999999998,74.79917704999987,2.03582295000011,2.03582295000011
2023-01-03 14:47:00,PVDAQ_10,71.89,68.18276000000009,3.7072399999999135,3.7072399999999135
2023-01-03 14:48:00,PVDAQ_10,68.097,67.12028855000004,0.9767114499999536,0.9767114499999536
2023-01-03 14:49:00,PVDAQ_10,65.935,67.94121000000004,-2.0062100000000385,2.0062100000000385
2023-01-03 14:50:00,PVDAQ_10,66.644,66.41556000000008,0.22843999999992093,0.22843999999992093
2023-01-03 14:51:00,PVDAQ_10,66.001,67.25627000000017,-1.2552700000001664,1.2552700000001664
2023-01-03 14:52:00,PVDAQ_10,67.986,67.02048000000013,0.96551999999987,0.96551999999987
2023-01-03 14:53:00,PVDAQ_10,68.563,66.91051375000015,1.6524862499998534,1.6524862499998534
2023-01-03 14:54:00,PVDAQ_10,65.924,64.44292000000013,1.4810799999998778,1.4810799999998778
2023-01-03 14:55:00,PVDAQ_10,59.636,56.07280848333331,3.5631915166666914,3.5631915166666914
2023-01-03 14:56:00,PVDAQ_10,51.73,52.6116468831169,-0.8816468831169004,0.8816468831169004
2023-01-03 14:57:00,PVDAQ_10,46.318,46.10713939407451,0.2108606059254896,0.2108606059254896
2023-01-03 14:58:00,PVDAQ_10,46.152,46.07655500000001,0.07544499999998777,0.07544499999998777
2023-01-03 14:59:00,PVDAQ_10,48.958,47.164511206666674,1.7934887933333243,1.7934887933333243
2023-01-03 15:00:00,PVDAQ_10,53.16,51.16599091666656,1.994009083333438,1.994009083333438
2023-01-03 15:01:00,PVDAQ_10,50.564,49.85120508333323,0.7127949166667733,0.7127949166667733
2023-01-03 15:02:00,PVDAQ_10,45.108,44.1808586666667,0.9271413333332958,0.9271413333332958
2023-01-03 15:03:00,PVDAQ_10,41.959,40.96924791071432,0.9897520892856804,0.9897520892856804
2023-01-03 15:04:00,PVDAQ_10,43.09,40.54632308571433,2.543676914285676,2.543676914285676
2023-01-03 15:05:00,PVDAQ_10,47.637,46.31977000000003,1.3172299999999737,1.3172299999999737
2023-01-03 15:06:00,PVDAQ_10,53.436,53.139810000000004,0.29618999999999573,0.29618999999999573
2023-01-03 15:07:00,PVDAQ_10,55.0,49.69689499999994,5.303105000000059,5.303105000000059
2023-01-03 15:08:00,PVDAQ_10,48.491,47.47265142857146,1.0183485714285396,1.0183485714285396
2023-01-03 15:09:00,PVDAQ_10,40.662,38.73569265036077,1.926307349639231,1.926307349639231
2023-01-03 15:10:00,PVDAQ_10,34.098,35.998056783333375,-1.9000567833333761,1.9000567833333761
2023-01-03 15:11:00,PVDAQ_10,31.459,30.80623000000001,0.6527699999999896,0.6527699999999896
2023-01-03 15:12:00,PVDAQ_10,31.348,30.250331666666643,1.0976683333333561,1.0976683333333561
2023-01-03 15:13:00,PVDAQ_10,32.291,32.81949166666669,-0.5284916666666959,0.5284916666666959
2023-01-03 15:14:00,PVDAQ_10,35.85,32.570479999999996,3.279520000000005,3.279520000000005
2023-01-03 15:15:00,PVDAQ_10,36.449,34.76609062500006,1.6829093749999373,1.6829093749999373
2023-01-03 15:16:00,PVDAQ_10,36.726,35.44523886255415,1.2807611374458503,1.2807611374458503
2023-01-03 15:17:00,PVDAQ_10,34.974,36.31269178571424,-1.3386917857142464,1.3386917857142464
2023-01-03 15:18:00,PVDAQ_10,34.065,30.266195000000042,3.7988049999999554,3.7988049999999554
2023-01-03 15:19:00,PVDAQ_10,33.899,32.71053037499998,1.1884696250000175,1.1884696250000175
2023-01-03 15:20:00,PVDAQ_10,34.586,31.0015276190476,3.5844723809523984,3.5844723809523984
2023-01-03 15:21:00,PVDAQ_10,37.103,35.6736819940476,1.4293180059524033,1.4293180059524033
2023-01-03 15:22:00,PVDAQ_10,39.598,37.592523821428614,2.005476178571385,2.005476178571385
2023-01-03 15:23:00,PVDAQ_10,39.831,38.14857956385285,1.6824204361471544,1.6824204361471544
2023-01-03 15:24:00,PVDAQ_10,37.469,37.35228112500005,0.11671887499995393,0.11671887499995393
2023-01-03 15:25:00,PVDAQ_10,34.985,35.17999666666671,-0.1949966666667109,0.1949966666667109
2023-01-03 15:26:00,PVDAQ_10,22.488,33.274889000000016,-10.786889000000016,10.786889000000016
2023-01-03 15:27:00,PVDAQ_10,21.512,33.02458698755414,-11.512586987554137,11.512586987554137
2023-01-03 15:28:00,PVDAQ_10,36.416,33.60496499999999,2.811035000000004,2.811035000000004
2023-01-03 15:29:00,PVDAQ_10,37.957,30.833020000000033,7.123979999999968,7.123979999999968
2023-01-03 15:30:00,PVDAQ_10,37.747,37.820089916666745,-0.07308991666674558,0.07308991666674558
2023-01-03 15:31:00,PVDAQ_10,35.917,36.83436000000005,-0.9173600000000519,0.9173600000000519
2023-01-03 15:32:00,PVDAQ_10,34.664,34.28375875,0.3802412500000045,0.3802412500000045
2023-01-03 15:33:00,PVDAQ_10,33.145,31.198215000000005,1.9467849999999984,1.9467849999999984
2023-01-03 15:34:00,PVDAQ_10,32.668,30.86183125000001,1.8061687499999906,1.8061687499999906
2023-01-03 15:35:00,PVDAQ_10,31.67,31.40519124999998,0.2648087500000216,0.2648087500000216
2023-01-03 15:36:00,PVDAQ_10,30.838,30.413166250000014,0.424833749999987,0.424833749999987
2023-01-03 15:37:00,PVDAQ_10,30.384,28.85336049999998,1.5306395000000208,1.5306395000000208
2023-01-03 15:38:00,PVDAQ_10,30.55,30.168645249999976,0.3813547500000247,0.3813547500000247
2023-01-03 15:39:00,PVDAQ_10,29.995,30.356477500000015,-0.36147750000001366,0.36147750000001366
2023-01-03 15:40:00,PVDAQ_10,29.164,30.11379733333332,-0.9497973333333185,0.9497973333333185
2023-01-03 15:41:00,PVDAQ_10,29.818,32.312589999999986,-2.4945899999999845,2.4945899999999845
2023-01-03 15:42:00,PVDAQ_10,29.807,32.63567500000002,-2.828675000000022,2.828675000000022
2023-01-03 15:43:00,PVDAQ_10,31.271,32.29143833333331,-1.0204383333333098,1.0204383333333098
2023-01-03 15:44:00,PVDAQ_10,31.881,35.817654999999945,-3.936654999999945,3.936654999999945
2023-01-03 15:45:00,PVDAQ_10,34.409,38.20840999999997,-3.7994099999999733,3.7994099999999733
2023-01-03 15:46:00,PVDAQ_10,35.673,36.084813999999994,-0.4118139999999926,0.4118139999999926
2023-01-03 15:47:00,PVDAQ_10,35.141,31.836073829365038,3.3049261706349604,3.3049261706349604
2023-01-03 15:48:00,PVDAQ_10,32.624,32.07806333333327,0.5459366666667336,0.5459366666667336
2023-01-03 15:49:00,PVDAQ_10,32.557,30.652194166666646,1.9048058333333557,1.9048058333333557
2023-01-03 15:50:00,PVDAQ_10,30.96,29.813813571428486,1.1461864285715144,1.1461864285715144
2023-01-03 15:51:00,PVDAQ_10,29.165,24.799525000000006,4.365474999999993,4.365474999999993
2023-01-03 15:52:00,PVDAQ_10,27.002,23.774367499999997,3.227632500000002,3.227632500000002
2023-01-03 15:53:00,PVDAQ_10,25.55,22.538595416666666,3.0114045833333343,3.0114045833333343
2023-01-03 15:54:00,PVDAQ_10,25.018,21.542571000000017,3.475428999999984,3.475428999999984
2023-01-03 15:55:00,PVDAQ_10,23.466,19.97184000000004,3.4941599999999617,3.4941599999999617
2023-01-03 15:56:00,PVDAQ_10,21.891,18.4789445,3.4120554999999975,3.4120554999999975
2023-01-03 15:57:00,PVDAQ_10,20.583,17.626869166666708,2.9561308333332903,2.9561308333332903
2023-01-03 15:58:00,PVDAQ_10,18.476,15.668004000000021,2.807995999999978,2.807995999999978
2023-01-03 15:59:00,PVDAQ_10,9.9809,20.002344850000032,-10.021444850000032,10.021444850000032
2023-01-03 16:00:00,PVDAQ_10,15.315,15.298613000000005,0.0163869999999946,0.0163869999999946
2023-01-03 16:01:00,PVDAQ_10,17.689,15.712846500000042,1.976153499999958,1.976153499999958
2023-01-03 16:02:00,PVDAQ_10,16.813,15.977794999999983,0.8352050000000162,0.8352050000000162
2023-01-03 16:03:00,PVDAQ_10,15.959,15.369130333333379,0.5898696666666208,0.5898696666666208
2023-01-03 16:04:00,PVDAQ_10,15.626,15.166634500000017,0.4593654999999828,0.4593654999999828
2023-01-03 16:05:00,PVDAQ_10,15.005,15.069920222222247,-0.06492022222224669,0.06492022222224669
2023-01-03 16:06:00,PVDAQ_10,15.837,15.194524916666701,0.6424750833332986,0.6424750833332986
2023-01-03 16:07:00,PVDAQ_10,14.373,14.01126042857147,0.3617395714285294,0.3617395714285294
2023-01-03 16:08:00,PVDAQ_10,12.92,10.536331500000024,2.3836684999999758,2.3836684999999758
2023-01-03 16:09:00,PVDAQ_10,15.039,15.010501416666687,0.02849858333331312,0.02849858333331312
2023-01-03 16:10:00,PVDAQ_10,32.927,26.497054999999953,6.429945000000046,6.429945000000046
2023-01-03 16:11:00,PVDAQ_10,28.48,29.52828499999996,-1.0482849999999608,1.0482849999999608
2023-01-03 16:12:00,PVDAQ_10,17.068,17.754789666666692,-0.6867896666666908,0.6867896666666908
2023-01-03 16:13:00,PVDAQ_10,17.467,17.68238122222224,-0.21538122222224132,0.21538122222224132
2023-01-03 16:14:00,PVDAQ_10,13.397,12.922691385714296,0.4743086142857038,0.4743086142857038
2023-01-03 16:15:00,PVDAQ_10,14.34,14.006280500000008,0.33371949999999195,0.33371949999999195
2023-01-03 16:16:00,PVDAQ_10,22.114,25.452265249999996,-3.3382652499999956,3.3382652499999956
2023-01-03 16:17:00,PVDAQ_10,16.292,20.580366666666695,-4.288366666666693,4.288366666666693
2023-01-03 16:18:00,PVDAQ_10,12.2,14.475878750000014,-2.2758787500000146,2.2758787500000146
2023-01-03 16:19:00,PVDAQ_10,9.8928,9.77578475000002,0.11701524999998014,0.11701524999998014
2023-01-03 16:20:00,PVDAQ_10,7.819099999999999,5.447222399999999,2.3718775999999995,2.3718775999999995
2023-01-03 16:21:00,PVDAQ_10,5.8782,4.219625516666664,1.6585744833333358,1.6585744833333358
2023-01-03 16:22:00,PVDAQ_10,3.8375,2.4699663666666676,1.3675336333333323,1.3675336333333323
2023-01-03 16:23:00,PVDAQ_10,2.1295,2.5476498499999956,-0.4181498499999954,0.4181498499999954
2023-01-03 16:24:00,PVDAQ_10,0.65437,0.8992329000000008,-0.24486290000000077,0.24486290000000077
2023-01-03 16:25:00,PVDAQ_10,0.0,0.36755624999999964,-0.36755624999999964,0.36755624999999964
2023-01-03 16:26:00,PVDAQ_10,0.0,0.0666573,-0.0666573,0.0666573
2023-01-03 16:27:00,PVDAQ_10,0.0,0.5434950999999999,-0.5434950999999999,0.5434950999999999
2023-01-03 16:28:00,PVDAQ_10,0.0,0.14873060000000002,-0.14873060000000002,0.14873060000000002
2023-01-03 16:29:00,PVDAQ_10,0.0,2.6900745,-2.6900745,2.6900745
2023-01-03 16:30:00,PVDAQ_10,0.0,2.672597,-2.672597,2.672597
2023-01-03 16:31:00,PVDAQ_10,0.0,4.639339849999998,-4.639339849999998,4.639339849999998
2023-01-03 16:32:00,PVDAQ_10,0.0,2.1626045,-2.1626045,2.1626045
2023-01-03 16:33:00,PVDAQ_10,0.0,0.0,0.0,0.0
2023-01-03 16:34:00,PVDAQ_10,0.0,0.0,0.0,0.0
2023-01-03 16:35:00,PVDAQ_10,0.0,0.0,0.0,0.0
2023-01-03 16:36:00,PVDAQ_10,0.0,0.0,0.0,0.0
2023-01-03 16:37:00,PVDAQ_10,0.0,0.0,0.0,0.0
2023-01-03 16:38:00,PVDAQ_10,0.0,0.0,0.0,0.0
2023-01-03 16:39:00,PVDAQ_10,0.0,0.0,0.0,0.0
2023-01-03 16:40:00,PVDAQ_10,0.0,0.0,0.0,0.0
2023-01-03 16:41:00,PVDAQ_10,0.0,0.0,0.0,0.0
2023-01-03 16:42:00,PVDAQ_10,0.0,0.0,0.0,0.0
2023-01-03 16:43:00,PVDAQ_10,0.0,0.0,0.0,0.0
2023-01-03 16:44:00,PVDAQ_10,0.0,0.0,0.0,0.0
2023-01-03 16:45:00,PVDAQ_10,0.0,0.0,0.0,0.0
2023-01-03 16:46:00,PVDAQ_10,0.0,0.0,0.0,0.0
2023-01-03 16:47:00,PVDAQ_10,0.0,0.0,0.0,0.0
2023-01-03 16:48:00,PVDAQ_10,0.0,0.0,0.0,0.0
2023-01-03 16:49:00,PVDAQ_10,0.0,0.0,0.0,0.0
2023-01-03 16:50:00,PVDAQ_10,0.0,0.0,0.0,0.0
2023-01-03 16:51:00,PVDAQ_10,0.0,0.0,0.0,0.0
2023-01-03 16:52:00,PVDAQ_10,0.0,0.0,0.0,0.0
2023-01-03 16:53:00,PVDAQ_10,0.0,0.0,0.0,0.0
2023-01-03 16:54:00,PVDAQ_10,0.0,0.0,0.0,0.0
2023-01-03 16:55:00,PVDAQ_10,0.0,0.0,0.0,0.0
2023-01-03 16:56:00,PVDAQ_10,0.0,0.0,0.0,0.0
2023-01-03 16:57:00,PVDAQ_10,0.0,0.0,0.0,0.0
2023-01-03 16:58:00,PVDAQ_10,0.0,0.0,0.0,0.0
2023-01-03 16:59:00,PVDAQ_10,0.0,0.0,0.0,0.0
2023-01-03 17:00:00,PVDAQ_10,0.0,0.0,0.0,0.0
2023-01-03 17:01:00,PVDAQ_10,0.0,0.0,0.0,0.0
2023-01-03 17:02:00,PVDAQ_10,0.0,0.0,0.0,0.0
2023-01-03 17:03:00,PVDAQ_10,0.0,0.0,0.0,0.0
2023-01-03 17:04:00,PVDAQ_10,0.0,0.0,0.0,0.0
2023-01-03 17:05:00,PVDAQ_10,0.0,0.0,0.0,0.0
2023-01-03 17:06:00,PVDAQ_10,0.0,0.0,0.0,0.0
2023-01-03 17:07:00,PVDAQ_10,0.0,0.0,0.0,0.0
2023-01-03 17:08:00,PVDAQ_10,0.0,0.0,0.0,0.0
2023-01-03 17:09:00,PVDAQ_10,0.0,0.0,0.0,0.0
2023-01-03 17:10:00,PVDAQ_10,0.0,0.0,0.0,0.0
2023-01-03 17:11:00,PVDAQ_10,0.0,0.0,0.0,0.0
2023-01-03 17:12:00,PVDAQ_10,0.0,0.0,0.0,0.0
2023-01-03 17:13:00,PVDAQ_10,0.0,0.0,0.0,0.0
2023-01-03 17:14:00,PVDAQ_10,0.0,0.0,0.0,0.0
2023-01-03 17:15:00,PVDAQ_10,0.0,0.0,0.0,0.0
2023-01-03 17:16:00,PVDAQ_10,0.0,0.0,0.0,0.0
2023-01-03 17:17:00,PVDAQ_10,0.0,0.0,0.0,0.0
2023-01-03 17:18:00,PVDAQ_10,0.0,0.0,0.0,0.0
2023-01-03 17:19:00,PVDAQ_10,0.0,0.0,0.0,0.0
2023-01-03 17:20:00,PVDAQ_10,0.0,0.0,0.0,0.0
2023-01-03 17:21:00,PVDAQ_10,0.0,0.0,0.0,0.0
2023-01-03 17:22:00,PVDAQ_10,0.0,0.0,0.0,0.0
2023-01-03 17:23:00,PVDAQ_10,0.0,0.0,0.0,0.0
2023-01-03 17:24:00,PVDAQ_10,0.0,0.0,0.0,0.0
2023-01-03 17:25:00,PVDAQ_10,0.0,0.0,0.0,0.0
2023-01-03 17:26:00,PVDAQ_10,0.0,0.0,0.0,0.0
2023-01-03 17:27:00,PVDAQ_10,0.0,0.0,0.0,0.0
2023-01-03 17:28:00,PVDAQ_10,0.0,0.0,0.0,0.0
2023-01-03 17:29:00,PVDAQ_10,0.0,0.0,0.0,0.0
2023-01-03 17:30:00,PVDAQ_10,0.0,0.0,0.0,0.0
2023-01-03 17:31:00,PVDAQ_10,0.0,0.0,0.0,0.0
2023-01-03 17:32:00,PVDAQ_10,0.0,0.0,0.0,0.0
2023-01-03 17:33:00,PVDAQ_10,0.0,0.0,0.0,0.0
2023-01-03 17:34:00,PVDAQ_10,0.0,0.0,0.0,0.0
2023-01-03 17:35:00,PVDAQ_10,0.0,0.0,0.0,0.0
2023-01-03 17:36:00,PVDAQ_10,0.0,0.0,0.0,0.0
2023-01-03 17:37:00,PVDAQ_10,0.0,0.0,0.0,0.0
2023-01-03 17:38:00,PVDAQ_10,0.0,0.0,0.0,0.0
2023-01-03 17:39:00,PVDAQ_10,0.0,0.0,0.0,0.0
2023-01-03 17:40:00,PVDAQ_10,0.0,0.0,0.0,0.0
2023-01-03 17:41:00,PVDAQ_10,0.0,0.0,0.0,0.0
2023-01-03 17:42:00,PVDAQ_10,0.0,0.0,0.0,0.0
2023-01-03 17:43:00,PVDAQ_10,0.0,0.0,0.0,0.0
2023-01-03 17:44:00,PVDAQ_10,0.0,0.0,0.0,0.0
2023-01-03 17:45:00,PVDAQ_10,0.0,0.0,0.0,0.0
2023-01-03 17:46:00,PVDAQ_10,0.0,0.0,0.0,0.0
2023-01-03 17:47:00,PVDAQ_10,0.0,0.0,0.0,0.0
2023-01-03 17:48:00,PVDAQ_10,0.0,0.0,0.0,0.0
2023-01-03 17:49:00,PVDAQ_10,0.0,0.0,0.0,0.0
2023-01-03 17:50:00,PVDAQ_10,0.0,0.0,0.0,0.0
2023-01-03 17:51:00,PVDAQ_10,0.0,0.0,0.0,0.0
2023-01-03 17:52:00,PVDAQ_10,0.0,0.0,0.0,0.0
2023-01-03 17:53:00,PVDAQ_10,0.0,0.0,0.0,0.0
2023-01-03 17:54:00,PVDAQ_10,0.0,0.0,0.0,0.0
2023-01-03 17:55:00,PVDAQ_10,0.0,0.0,0.0,0.0
2023-01-03 17:56:00,PVDAQ_10,0.0,0.0,0.0,0.0
2023-01-03 17:57:00,PVDAQ_10,0.0,0.0,0.0,0.0
2023-01-03 17:58:00,PVDAQ_10,0.0,0.0,0.0,0.0
2023-01-03 17:59:00,PVDAQ_10,0.0,0.0,0.0,0.0
2023-01-03 18:00:00,PVDAQ_10,0.0,0.0,0.0,0.0
2023-01-03 18:01:00,PVDAQ_10,0.0,0.0,0.0,0.0
2023-01-03 18:02:00,PVDAQ_10,0.0,0.0,0.0,0.0
2023-01-03 18:03:00,PVDAQ_10,0.0,0.0,0.0,0.0
2023-01-03 18:04:00,PVDAQ_10,0.0,0.0,0.0,0.0
2023-01-03 18:05:00,PVDAQ_10,0.0,0.0,0.0,0.0
2023-01-03 18:06:00,PVDAQ_10,0.0,0.0,0.0,0.0
2023-01-03 18:07:00,PVDAQ_10,0.0,0.0,0.0,0.0
2023-01-03 18:08:00,PVDAQ_10,0.0,0.0,0.0,0.0
2023-01-03 18:09:00,PVDAQ_10,0.0,0.0,0.0,0.0
2023-01-03 18:10:00,PVDAQ_10,0.0,0.0,0.0,0.0
2023-01-03 18:11:00,PVDAQ_10,0.0,0.0,0.0,0.0
2023-01-03 18:12:00,PVDAQ_10,0.0,0.0,0.0,0.0
2023-01-03 18:13:00,PVDAQ_10,0.0,0.0,0.0,0.0
2023-01-03 18:14:00,PVDAQ_10,0.0,0.0,0.0,0.0
2023-01-03 18:15:00,PVDAQ_10,0.0,0.0,0.0,0.0
2023-01-03 18:16:00,PVDAQ_10,0.0,0.0,0.0,0.0
2023-01-03 18:17:00,PVDAQ_10,0.0,0.0,0.0,0.0
2023-01-03 18:18:00,PVDAQ_10,0.0,0.0,0.0,0.0
2023-01-03 18:19:00,PVDAQ_10,0.0,0.0,0.0,0.0
2023-01-03 18:20:00,PVDAQ_10,0.0,0.0,0.0,0.0
2023-01-03 18:21:00,PVDAQ_10,0.0,0.0,0.0,0.0
2023-01-03 18:22:00,PVDAQ_10,0.0,0.0,0.0,0.0
2023-01-03 18:23:00,PVDAQ_10,0.0,0.0,0.0,0.0
2023-01-03 18:24:00,PVDAQ_10,0.0,0.0,0.0,0.0
2023-01-03 18:25:00,PVDAQ_10,0.0,0.0,0.0,0.0
2023-01-03 18:26:00,PVDAQ_10,0.0,0.0,0.0,0.0
2023-01-03 18:27:00,PVDAQ_10,0.0,0.0,0.0,0.0
2023-01-03 18:28:00,PVDAQ_10,0.0,0.0,0.0,0.0
2023-01-03 18:29:00,PVDAQ_10,0.0,0.0,0.0,0.0
2023-01-03 18:30:00,PVDAQ_10,0.0,0.0,0.0,0.0
2023-01-03 18:31:00,PVDAQ_10,0.0,0.0,0.0,0.0
2023-01-03 18:32:00,PVDAQ_10,0.0,0.0,0.0,0.0
2023-01-03 18:33:00,PVDAQ_10,0.0,0.0,0.0,0.0
2023-01-03 18:34:00,PVDAQ_10,0.0,0.0,0.0,0.0
2023-01-03 18:35:00,PVDAQ_10,0.0,0.0,0.0,0.0
2023-01-03 18:36:00,PVDAQ_10,0.0,0.0,0.0,0.0
2023-01-03 18:37:00,PVDAQ_10,0.0,0.0,0.0,0.0
2023-01-03 18:38:00,PVDAQ_10,0.0,0.0,0.0,0.0
2023-01-03 18:39:00,PVDAQ_10,0.0,0.0,0.0,0.0
2023-01-03 18:40:00,PVDAQ_10,0.0,0.0,0.0,0.0
2023-01-03 18:41:00,PVDAQ_10,0.0,0.0,0.0,0.0
2023-01-03 18:42:00,PVDAQ_10,0.0,0.0,0.0,0.0
2023-01-03 18:43:00,PVDAQ_10,0.0,0.0,0.0,0.0
2023-01-03 18:44:00,PVDAQ_10,0.0,0.0,0.0,0.0
2023-01-03 18:45:00,PVDAQ_10,0.0,0.0,0.0,0.0
2023-01-03 18:46:00,PVDAQ_10,0.0,0.0,0.0,0.0
2023-01-03 18:47:00,PVDAQ_10,0.0,0.0,0.0,0.0
2023-01-03 18:48:00,PVDAQ_10,0.0,0.0,0.0,0.0
2023-01-03 18:49:00,PVDAQ_10,0.0,0.0,0.0,0.0
2023-01-03 18:50:00,PVDAQ_10,0.0,0.0,0.0,0.0
2023-01-03 18:51:00,PVDAQ_10,0.0,0.0,0.0,0.0
2023-01-03 18:52:00,PVDAQ_10,0.0,0.0,0.0,0.0
2023-01-03 18:53:00,PVDAQ_10,0.0,0.0,0.0,0.0
2023-01-03 18:54:00,PVDAQ_10,0.0,0.0,0.0,0.0
2023-01-03 18:55:00,PVDAQ_10,0.0,0.0,0.0,0.0
2023-01-03 18:56:00,PVDAQ_10,0.0,0.0,0.0,0.0
2023-01-03 18:57:00,PVDAQ_10,0.0,0.0,0.0,0.0
2023-01-03 18:58:00,PVDAQ_10,0.0,0.0,0.0,0.0
2023-01-03 18:59:00,PVDAQ_10,0.0,0.0,0.0,0.0
2023-01-03 19:00:00,PVDAQ_10,0.0,0.0,0.0,0.0
2023-01-03 19:01:00,PVDAQ_10,0.0,0.0,0.0,0.0
2023-01-03 19:02:00,PVDAQ_10,0.0,0.0,0.0,0.0
2023-01-03 19:03:00,PVDAQ_10,0.0,0.0,0.0,0.0
2023-01-03 19:04:00,PVDAQ_10,0.0,0.0,0.0,0.0
2023-01-03 19:05:00,PVDAQ_10,0.0,0.0,0.0,0.0
2023-01-03 19:06:00,PVDAQ_10,0.0,0.0,0.0,0.0
2023-01-03 19:07:00,PVDAQ_10,0.0,0.0,0.0,0.0
2023-01-03 19:08:00,PVDAQ_10,0.0,0.0,0.0,0.0
2023-01-03 19:09:00,PVDAQ_10,0.0,0.0,0.0,0.0
2023-01-03 19:10:00,PVDAQ_10,0.0,0.0,0.0,0.0
2023-01-03 19:11:00,PVDAQ_10,0.0,0.0,0.0,0.0
2023-01-03 19:12:00,PVDAQ_10,0.0,0.0,0.0,0.0
2023-01-03 19:13:00,PVDAQ_10,0.0,0.0,0.0,0.0
2023-01-03 19:14:00,PVDAQ_10,0.0,0.0,0.0,0.0
2023-01-03 19:15:00,PVDAQ_10,0.0,0.0,0.0,0.0
2023-01-03 19:16:00,PVDAQ_10,0.0,0.0,0.0,0.0
2023-01-03 19:17:00,PVDAQ_10,0.0,0.0,0.0,0.0
2023-01-03 19:18:00,PVDAQ_10,0.0,0.0,0.0,0.0
2023-01-03 19:19:00,PVDAQ_10,0.0,0.0,0.0,0.0
2023-01-03 19:20:00,PVDAQ_10,0.0,0.0,0.0,0.0
2023-01-03 19:21:00,PVDAQ_10,0.0,0.0,0.0,0.0
2023-01-03 19:22:00,PVDAQ_10,0.0,0.0,0.0,0.0
2023-01-03 19:23:00,PVDAQ_10,0.0,0.0,0.0,0.0
2023-01-03 19:24:00,PVDAQ_10,0.0,0.0,0.0,0.0
2023-01-03 19:25:00,PVDAQ_10,0.0,0.0,0.0,0.0
2023-01-03 19:26:00,PVDAQ_10,0.0,0.0,0.0,0.0
2023-01-03 19:27:00,PVDAQ_10,0.0,0.0,0.0,0.0
2023-01-03 19:28:00,PVDAQ_10,0.0,0.0,0.0,0.0
2023-01-03 19:29:00,PVDAQ_10,0.0,0.0,0.0,0.0
2023-01-03 19:30:00,PVDAQ_10,0.0,0.0,0.0,0.0
2023-01-03 19:31:00,PVDAQ_10,0.0,0.0,0.0,0.0
2023-01-03 19:32:00,PVDAQ_10,0.0,0.0,0.0,0.0
2023-01-03 19:33:00,PVDAQ_10,0.0,0.0,0.0,0.0
2023-01-03 19:34:00,PVDAQ_10,0.0,0.0,0.0,0.0
2023-01-03 19:35:00,PVDAQ_10,0.0,0.0,0.0,0.0
2023-01-03 19:36:00,PVDAQ_10,0.0,0.0,0.0,0.0
2023-01-03 19:37:00,PVDAQ_10,0.0,0.0,0.0,0.0
2023-01-03 19:38:00,PVDAQ_10,0.0,0.0,0.0,0.0
2023-01-03 19:39:00,PVDAQ_10,0.0,0.0,0.0,0.0
2023-01-03 19:40:00,PVDAQ_10,0.0,0.0,0.0,0.0
2023-01-03 19:41:00,PVDAQ_10,0.0,0.0,0.0,0.0
2023-01-03 19:42:00,PVDAQ_10,0.0,0.0,0.0,0.0
2023-01-03 19:43:00,PVDAQ_10,0.0,0.0,0.0,0.0
2023-01-03 19:44:00,PVDAQ_10,0.0,0.0,0.0,0.0
2023-01-03 19:45:00,PVDAQ_10,0.0,0.0,0.0,0.0
2023-01-03 19:46:00,PVDAQ_10,0.0,0.0,0.0,0.0
2023-01-03 19:47:00,PVDAQ_10,0.0,0.0,0.0,0.0
2023-01-03 19:48:00,PVDAQ_10,0.0,0.0,0.0,0.0
2023-01-03 19:49:00,PVDAQ_10,0.0,0.0,0.0,0.0
2023-01-03 19:50:00,PVDAQ_10,0.0,0.0,0.0,0.0
2023-01-03 19:51:00,PVDAQ_10,0.0,0.0,0.0,0.0
2023-01-03 19:52:00,PVDAQ_10,0.0,0.0,0.0,0.0
2023-01-03 19:53:00,PVDAQ_10,0.0,0.0,0.0,0.0
2023-01-03 19:54:00,PVDAQ_10,0.0,0.0,0.0,0.0
2023-01-03 19:55:00,PVDAQ_10,0.0,0.0,0.0,0.0
2023-01-03 19:56:00,PVDAQ_10,0.0,0.0,0.0,0.0
2023-01-03 19:57:00,PVDAQ_10,0.0,0.0,0.0,0.0
2023-01-03 19:58:00,PVDAQ_10,0.0,0.0,0.0,0.0
2023-01-03 19:59:00,PVDAQ_10,0.0,0.0,0.0,0.0
2023-01-03 20:00:00,PVDAQ_10,0.0,0.0,0.0,0.0
2023-01-03 20:01:00,PVDAQ_10,0.0,0.0,0.0,0.0
2023-01-03 20:02:00,PVDAQ_10,0.0,0.0,0.0,0.0
2023-01-03 20:03:00,PVDAQ_10,0.0,0.0,0.0,0.0
2023-01-03 20:04:00,PVDAQ_10,0.0,0.0,0.0,0.0
2023-01-03 20:05:00,PVDAQ_10,0.0,0.0,0.0,0.0
2023-01-03 20:06:00,PVDAQ_10,0.0,0.0,0.0,0.0
2023-01-03 20:07:00,PVDAQ_10,0.0,0.0,0.0,0.0
2023-01-03 20:08:00,PVDAQ_10,0.0,0.0,0.0,0.0
2023-01-03 20:09:00,PVDAQ_10,0.0,0.0,0.0,0.0
2023-01-03 20:10:00,PVDAQ_10,0.0,0.0,0.0,0.0
2023-01-03 20:11:00,PVDAQ_10,0.0,0.0,0.0,0.0
2023-01-03 20:12:00,PVDAQ_10,0.0,0.0,0.0,0.0
2023-01-03 20:13:00,PVDAQ_10,0.0,0.0,0.0,0.0
2023-01-03 20:14:00,PVDAQ_10,0.0,0.0,0.0,0.0
2023-01-03 20:15:00,PVDAQ_10,0.0,0.0,0.0,0.0
2023-01-03 20:16:00,PVDAQ_10,0.0,0.0,0.0,0.0
2023-01-03 20:17:00,PVDAQ_10,0.0,0.0,0.0,0.0
2023-01-03 20:18:00,PVDAQ_10,0.0,0.0,0.0,0.0
2023-01-03 20:19:00,PVDAQ_10,0.0,0.0,0.0,0.0
2023-01-03 20:20:00,PVDAQ_10,0.0,0.0,0.0,0.0
2023-01-03 20:21:00,PVDAQ_10,0.0,0.0,0.0,0.0
2023-01-03 20:22:00,PVDAQ_10,0.0,0.0,0.0,0.0
2023-01-03 20:23:00,PVDAQ_10,0.0,0.0,0.0,0.0
2023-01-03 20:24:00,PVDAQ_10,0.0,0.0,0.0,0.0
2023-01-03 20:25:00,PVDAQ_10,0.0,0.0,0.0,0.0
2023-01-03 20:26:00,PVDAQ_10,0.0,0.0,0.0,0.0
2023-01-03 20:27:00,PVDAQ_10,0.0,0.0,0.0,0.0
2023-01-03 20:28:00,PVDAQ_10,0.0,0.0,0.0,0.0
2023-01-03 20:29:00,PVDAQ_10,0.0,0.0,0.0,0.0
2023-01-03 20:30:00,PVDAQ_10,0.0,0.0,0.0,0.0
2023-01-03 20:31:00,PVDAQ_10,0.0,0.0,0.0,0.0
2023-01-03 20:32:00,PVDAQ_10,0.0,0.0,0.0,0.0
2023-01-03 20:33:00,PVDAQ_10,0.0,0.0,0.0,0.0
2023-01-03 20:34:00,PVDAQ_10,0.0,0.0,0.0,0.0
2023-01-03 20:35:00,PVDAQ_10,0.0,0.0,0.0,0.0
2023-01-03 20:36:00,PVDAQ_10,0.0,0.0,0.0,0.0
2023-01-03 20:37:00,PVDAQ_10,0.0,0.0,0.0,0.0
2023-01-03 20:38:00,PVDAQ_10,0.0,0.0,0.0,0.0
2023-01-03 20:39:00,PVDAQ_10,0.0,0.0,0.0,0.0
2023-01-03 20:40:00,PVDAQ_10,0.0,0.0,0.0,0.0
2023-01-03 20:41:00,PVDAQ_10,0.0,0.0,0.0,0.0
2023-01-03 20:42:00,PVDAQ_10,0.0,0.0,0.0,0.0
2023-01-03 20:43:00,PVDAQ_10,0.0,0.0,0.0,0.0
2023-01-03 20:44:00,PVDAQ_10,0.0,0.0,0.0,0.0
2023-01-03 20:45:00,PVDAQ_10,0.0,0.0,0.0,0.0
2023-01-03 20:46:00,PVDAQ_10,0.0,0.0,0.0,0.0
2023-01-03 20:47:00,PVDAQ_10,0.0,0.0,0.0,0.0
2023-01-03 20:48:00,PVDAQ_10,0.0,0.0,0.0,0.0
2023-01-03 20:49:00,PVDAQ_10,0.0,0.0,0.0,0.0
2023-01-03 20:50:00,PVDAQ_10,0.0,0.0,0.0,0.0
2023-01-03 20:51:00,PVDAQ_10,0.0,0.0,0.0,0.0
2023-01-03 20:52:00,PVDAQ_10,0.0,0.0,0.0,0.0
2023-01-03 20:53:00,PVDAQ_10,0.0,0.0,0.0,0.0
2023-01-03 20:54:00,PVDAQ_10,0.0,0.0,0.0,0.0
2023-01-03 20:55:00,PVDAQ_10,0.0,0.0,0.0,0.0
2023-01-03 20:56:00,PVDAQ_10,0.0,0.0,0.0,0.0
2023-01-03 20:57:00,PVDAQ_10,0.0,0.0,0.0,0.0
2023-01-03 20:58:00,PVDAQ_10,0.0,0.0,0.0,0.0
2023-01-03 20:59:00,PVDAQ_10,0.0,0.0,0.0,0.0
2023-01-03 21:00:00,PVDAQ_10,0.0,0.0,0.0,0.0
2023-01-03 21:01:00,PVDAQ_10,0.0,0.0,0.0,0.0
2023-01-03 21:02:00,PVDAQ_10,0.0,0.0,0.0,0.0
2023-01-03 21:03:00,PVDAQ_10,0.0,0.0,0.0,0.0
2023-01-03 21:04:00,PVDAQ_10,0.0,0.0,0.0,0.0
2023-01-03 21:05:00,PVDAQ_10,0.0,0.0,0.0,0.0
2023-01-03 21:06:00,PVDAQ_10,0.0,0.0,0.0,0.0
2023-01-03 21:07:00,PVDAQ_10,0.0,0.0,0.0,0.0
2023-01-03 21:08:00,PVDAQ_10,0.0,0.0,0.0,0.0
2023-01-03 21:09:00,PVDAQ_10,0.0,0.0,0.0,0.0
2023-01-03 21:10:00,PVDAQ_10,0.0,0.0,0.0,0.0
2023-01-03 21:11:00,PVDAQ_10,0.0,0.0,0.0,0.0
2023-01-03 21:12:00,PVDAQ_10,0.0,0.0,0.0,0.0
2023-01-03 21:13:00,PVDAQ_10,0.0,0.0,0.0,0.0
2023-01-03 21:14:00,PVDAQ_10,0.0,0.0,0.0,0.0
2023-01-03 21:15:00,PVDAQ_10,0.0,0.0,0.0,0.0
2023-01-03 21:16:00,PVDAQ_10,0.0,0.0,0.0,0.0
2023-01-03 21:17:00,PVDAQ_10,0.0,0.0,0.0,0.0
2023-01-03 21:18:00,PVDAQ_10,0.0,0.0,0.0,0.0
2023-01-03 21:19:00,PVDAQ_10,0.0,0.0,0.0,0.0
2023-01-03 21:20:00,PVDAQ_10,0.0,0.0,0.0,0.0
2023-01-03 21:21:00,PVDAQ_10,0.0,0.0,0.0,0.0
2023-01-03 21:22:00,PVDAQ_10,0.0,0.0,0.0,0.0
2023-01-03 21:23:00,PVDAQ_10,0.0,0.0,0.0,0.0
2023-01-03 21:24:00,PVDAQ_10,0.0,0.0,0.0,0.0
2023-01-03 21:25:00,PVDAQ_10,0.0,0.0,0.0,0.0
2023-01-03 21:26:00,PVDAQ_10,0.0,0.0,0.0,0.0
2023-01-03 21:27:00,PVDAQ_10,0.0,0.0,0.0,0.0
2023-01-03 21:28:00,PVDAQ_10,0.0,0.0,0.0,0.0
2023-01-03 21:29:00,PVDAQ_10,0.0,0.0,0.0,0.0
2023-01-03 21:30:00,PVDAQ_10,0.0,0.0,0.0,0.0
2023-01-03 21:31:00,PVDAQ_10,0.0,0.0,0.0,0.0
2023-01-03 21:32:00,PVDAQ_10,0.0,0.0,0.0,0.0
2023-01-03 21:33:00,PVDAQ_10,0.0,0.0,0.0,0.0
2023-01-03 21:34:00,PVDAQ_10,0.0,0.0,0.0,0.0
2023-01-03 21:35:00,PVDAQ_10,0.0,0.0,0.0,0.0
2023-01-03 21:36:00,PVDAQ_10,0.0,0.0,0.0,0.0
2023-01-03 21:37:00,PVDAQ_10,0.0,0.0,0.0,0.0
2023-01-03 21:38:00,PVDAQ_10,0.0,0.0,0.0,0.0
2023-01-03 21:39:00,PVDAQ_10,0.0,0.0,0.0,0.0
2023-01-03 21:40:00,PVDAQ_10,0.0,0.0,0.0,0.0
2023-01-03 21:41:00,PVDAQ_10,0.0,0.0,0.0,0.0
2023-01-03 21:42:00,PVDAQ_10,0.0,0.0,0.0,0.0
2023-01-03 21:43:00,PVDAQ_10,0.0,0.0,0.0,0.0
2023-01-03 21:44:00,PVDAQ_10,0.0,0.0,0.0,0.0
2023-01-03 21:45:00,PVDAQ_10,0.0,0.0,0.0,0.0
2023-01-03 21:46:00,PVDAQ_10,0.0,0.0,0.0,0.0
2023-01-03 21:47:00,PVDAQ_10,0.0,0.0,0.0,0.0
2023-01-03 21:48:00,PVDAQ_10,0.0,0.0,0.0,0.0
2023-01-03 21:49:00,PVDAQ_10,0.0,0.0,0.0,0.0
2023-01-03 21:50:00,PVDAQ_10,0.0,0.0,0.0,0.0
2023-01-03 21:51:00,PVDAQ_10,0.0,0.0,0.0,0.0
2023-01-03 21:52:00,PVDAQ_10,0.0,0.0,0.0,0.0
2023-01-03 21:53:00,PVDAQ_10,0.0,0.0,0.0,0.0
2023-01-03 21:54:00,PVDAQ_10,0.0,0.0,0.0,0.0
2023-01-03 21:55:00,PVDAQ_10,0.0,0.0,0.0,0.0
2023-01-03 21:56:00,PVDAQ_10,0.0,0.0,0.0,0.0
2023-01-03 21:57:00,PVDAQ_10,0.0,0.0,0.0,0.0
2023-01-03 21:58:00,PVDAQ_10,0.0,0.0,0.0,0.0
2023-01-03 21:59:00,PVDAQ_10,0.0,0.0,0.0,0.0
2023-01-03 22:00:00,PVDAQ_10,0.0,0.0,0.0,0.0
2023-01-03 22:01:00,PVDAQ_10,0.0,0.0,0.0,0.0
2023-01-03 22:02:00,PVDAQ_10,0.0,0.0,0.0,0.0
2023-01-03 22:03:00,PVDAQ_10,0.0,0.0,0.0,0.0
2023-01-03 22:04:00,PVDAQ_10,0.0,0.0,0.0,0.0
2023-01-03 22:05:00,PVDAQ_10,0.0,0.0,0.0,0.0
2023-01-03 22:06:00,PVDAQ_10,0.0,0.0,0.0,0.0
2023-01-03 22:07:00,PVDAQ_10,0.0,0.0,0.0,0.0
2023-01-03 22:08:00,PVDAQ_10,0.0,0.0,0.0,0.0
2023-01-03 22:09:00,PVDAQ_10,0.0,0.0,0.0,0.0
2023-01-03 22:10:00,PVDAQ_10,0.0,0.0,0.0,0.0
2023-01-03 22:11:00,PVDAQ_10,0.0,0.0,0.0,0.0
2023-01-03 22:12:00,PVDAQ_10,0.0,0.0,0.0,0.0
2023-01-03 22:13:00,PVDAQ_10,0.0,0.0,0.0,0.0
2023-01-03 22:14:00,PVDAQ_10,0.0,0.0,0.0,0.0
2023-01-03 22:15:00,PVDAQ_10,0.0,0.0,0.0,0.0
2023-01-03 22:16:00,PVDAQ_10,0.0,0.0,0.0,0.0
2023-01-03 22:17:00,PVDAQ_10,0.0,0.0,0.0,0.0
2023-01-03 22:18:00,PVDAQ_10,0.0,0.0,0.0,0.0
2023-01-03 22:19:00,PVDAQ_10,0.0,0.0,0.0,0.0
2023-01-03 22:20:00,PVDAQ_10,0.0,0.0,0.0,0.0
2023-01-03 22:21:00,PVDAQ_10,0.0,0.0,0.0,0.0
2023-01-03 22:22:00,PVDAQ_10,0.0,0.0,0.0,0.0
2023-01-03 22:23:00,PVDAQ_10,0.0,0.0,0.0,0.0
2023-01-03 22:24:00,PVDAQ_10,0.0,0.0,0.0,0.0
2023-01-03 22:25:00,PVDAQ_10,0.0,0.0,0.0,0.0
2023-01-03 22:26:00,PVDAQ_10,0.0,0.0,0.0,0.0
2023-01-03 22:27:00,PVDAQ_10,0.0,0.0,0.0,0.0
2023-01-03 22:28:00,PVDAQ_10,0.0,0.0,0.0,0.0
2023-01-03 22:29:00,PVDAQ_10,0.0,0.0,0.0,0.0
2023-01-03 22:30:00,PVDAQ_10,0.0,0.0,0.0,0.0
2023-01-03 22:31:00,PVDAQ_10,0.0,0.0,0.0,0.0
2023-01-03 22:32:00,PVDAQ_10,0.0,0.0,0.0,0.0
2023-01-03 22:33:00,PVDAQ_10,0.0,0.0,0.0,0.0
2023-01-03 22:34:00,PVDAQ_10,0.0,0.0,0.0,0.0
2023-01-03 22:35:00,PVDAQ_10,0.0,0.0,0.0,0.0
2023-01-03 22:36:00,PVDAQ_10,0.0,0.0,0.0,0.0
2023-01-03 22:37:00,PVDAQ_10,0.0,0.0,0.0,0.0
2023-01-03 22:38:00,PVDAQ_10,0.0,0.0,0.0,0.0
2023-01-03 22:39:00,PVDAQ_10,0.0,0.0,0.0,0.0
2023-01-03 22:40:00,PVDAQ_10,0.0,0.0,0.0,0.0
2023-01-03 22:41:00,PVDAQ_10,0.0,0.0,0.0,0.0
2023-01-03 22:42:00,PVDAQ_10,0.0,0.0,0.0,0.0
2023-01-03 22:43:00,PVDAQ_10,0.0,0.0,0.0,0.0
2023-01-03 22:44:00,PVDAQ_10,0.0,0.0,0.0,0.0
2023-01-03 22:45:00,PVDAQ_10,0.0,0.0,0.0,0.0
2023-01-03 22:46:00,PVDAQ_10,0.0,0.0,0.0,0.0
2023-01-03 22:47:00,PVDAQ_10,0.0,0.0,0.0,0.0
2023-01-03 22:48:00,PVDAQ_10,0.0,0.0,0.0,0.0
2023-01-03 22:49:00,PVDAQ_10,0.0,0.0,0.0,0.0
2023-01-03 22:50:00,PVDAQ_10,0.0,0.0,0.0,0.0
2023-01-03 22:51:00,PVDAQ_10,0.0,0.0,0.0,0.0
2023-01-03 22:52:00,PVDAQ_10,0.0,0.0,0.0,0.0
2023-01-03 22:53:00,PVDAQ_10,0.0,0.0,0.0,0.0
2023-01-03 22:54:00,PVDAQ_10,0.0,0.0,0.0,0.0
2023-01-03 22:55:00,PVDAQ_10,0.0,0.0,0.0,0.0
2023-01-03 22:56:00,PVDAQ_10,0.0,0.0,0.0,0.0
2023-01-03 22:57:00,PVDAQ_10,0.0,0.0,0.0,0.0
2023-01-03 22:58:00,PVDAQ_10,0.0,0.0,0.0,0.0
2023-01-03 22:59:00,PVDAQ_10,0.0,0.0,0.0,0.0
2023-01-03 23:00:00,PVDAQ_10,0.0,0.0,0.0,0.0
2023-01-03 23:01:00,PVDAQ_10,0.0,0.0,0.0,0.0
2023-01-03 23:02:00,PVDAQ_10,0.0,0.0,0.0,0.0
2023-01-03 23:03:00,PVDAQ_10,0.0,0.0,0.0,0.0
2023-01-03 23:04:00,PVDAQ_10,0.0,0.0,0.0,0.0
2023-01-03 23:05:00,PVDAQ_10,0.0,0.0,0.0,0.0
2023-01-03 23:06:00,PVDAQ_10,0.0,0.0,0.0,0.0
2023-01-03 23:07:00,PVDAQ_10,0.0,0.0,0.0,0.0
2023-01-03 23:08:00,PVDAQ_10,0.0,0.0,0.0,0.0
2023-01-03 23:09:00,PVDAQ_10,0.0,0.0,0.0,0.0
2023-01-03 23:10:00,PVDAQ_10,0.0,0.0,0.0,0.0
2023-01-03 23:11:00,PVDAQ_10,0.0,0.0,0.0,0.0
2023-01-03 23:12:00,PVDAQ_10,0.0,0.0,0.0,0.0
2023-01-03 23:13:00,PVDAQ_10,0.0,0.0,0.0,0.0
2023-01-03 23:14:00,PVDAQ_10,0.0,0.0,0.0,0.0
2023-01-03 23:15:00,PVDAQ_10,0.0,0.0,0.0,0.0
2023-01-03 23:16:00,PVDAQ_10,0.0,0.0,0.0,0.0
2023-01-03 23:17:00,PVDAQ_10,0.0,0.0,0.0,0.0
2023-01-03 23:18:00,PVDAQ_10,0.0,0.0,0.0,0.0
2023-01-03 23:19:00,PVDAQ_10,0.0,0.0,0.0,0.0
2023-01-03 23:20:00,PVDAQ_10,0.0,0.0,0.0,0.0
2023-01-03 23:21:00,PVDAQ_10,0.0,0.0,0.0,0.0
2023-01-03 23:22:00,PVDAQ_10,0.0,0.0,0.0,0.0
2023-01-03 23:23:00,PVDAQ_10,0.0,0.0,0.0,0.0
2023-01-03 23:24:00,PVDAQ_10,0.0,0.0,0.0,0.0
2023-01-03 23:25:00,PVDAQ_10,0.0,0.0,0.0,0.0
2023-01-03 23:26:00,PVDAQ_10,0.0,0.0,0.0,0.0
2023-01-03 23:27:00,PVDAQ_10,0.0,0.0,0.0,0.0
2023-01-03 23:28:00,PVDAQ_10,0.0,0.0,0.0,0.0
2023-01-03 23:29:00,PVDAQ_10,0.0,0.0,0.0,0.0
2023-01-03 23:30:00,PVDAQ_10,0.0,0.0,0.0,0.0
2023-01-03 23:31:00,PVDAQ_10,0.0,0.0,0.0,0.0
2023-01-03 23:32:00,PVDAQ_10,0.0,0.0,0.0,0.0
2023-01-03 23:33:00,PVDAQ_10,0.0,0.0,0.0,0.0
2023-01-03 23:34:00,PVDAQ_10,0.0,0.0,0.0,0.0
2023-01-03 23:35:00,PVDAQ_10,0.0,0.0,0.0,0.0
2023-01-03 23:36:00,PVDAQ_10,0.0,0.0,0.0,0.0
2023-01-03 23:37:00,PVDAQ_10,0.0,0.0,0.0,0.0
2023-01-03 23:38:00,PVDAQ_10,0.0,0.0,0.0,0.0
2023-01-03 23:39:00,PVDAQ_10,0.0,0.0,0.0,0.0
2023-01-03 23:40:00,PVDAQ_10,0.0,0.0,0.0,0.0
2023-01-03 23:41:00,PVDAQ_10,0.0,0.0,0.0,0.0
2023-01-03 23:42:00,PVDAQ_10,0.0,0.0,0.0,0.0
2023-01-03 23:43:00,PVDAQ_10,0.0,0.0,0.0,0.0
2023-01-03 23:44:00,PVDAQ_10,0.0,0.0,0.0,0.0
2023-01-03 23:45:00,PVDAQ_10,0.0,0.0,0.0,0.0
2023-01-03 23:46:00,PVDAQ_10,0.0,0.0,0.0,0.0
2023-01-03 23:47:00,PVDAQ_10,0.0,0.0,0.0,0.0
2023-01-03 23:48:00,PVDAQ_10,0.0,0.0,0.0,0.0
2023-01-03 23:49:00,PVDAQ_10,0.0,0.0,0.0,0.0
2023-01-03 23:50:00,PVDAQ_10,0.0,0.0,0.0,0.0
2023-01-03 23:51:00,PVDAQ_10,0.0,0.0,0.0,0.0
2023-01-03 23:52:00,PVDAQ_10,0.0,0.0,0.0,0.0
2023-01-03 23:53:00,PVDAQ_10,0.0,0.0,0.0,0.0
2023-01-03 23:54:00,PVDAQ_10,0.0,0.0,0.0,0.0
2023-01-03 23:55:00,PVDAQ_10,0.0,0.0,0.0,0.0
2023-01-03 23:56:00,PVDAQ_10,0.0,0.0,0.0,0.0
2023-01-03 23:57:00,PVDAQ_10,0.0,0.0,0.0,0.0
2023-01-03 23:58:00,PVDAQ_10,0.0,0.0,0.0,0.0
2023-01-03 23:59:00,PVDAQ_10,0.0,0.0,0.0,0.0
2023-01-01 00:00:00,PVDAQ_4,2.759899,2.7816445917688584,-0.021745591768858485,0.021745591768858485
2023-01-01 00:01:00,PVDAQ_4,2.753846,2.779906284175894,-0.02606028417589412,0.02606028417589412
2023-01-01 00:02:00,PVDAQ_4,2.765661,2.78076497337368,-0.015103973373679747,0.015103973373679747
2023-01-01 00:03:00,PVDAQ_4,2.758849,2.7835192820481502,-0.02467028204815014,0.02467028204815014
2023-01-01 00:04:00,PVDAQ_4,2.778761,2.7775334398330913,0.0012275601669085034,0.0012275601669085034
2023-01-01 00:05:00,PVDAQ_4,2.770519,2.773567638528929,-0.003048638528929004,0.003048638528929004
2023-01-01 00:06:00,PVDAQ_4,2.760474,2.7797782901112225,-0.01930429011122259,0.01930429011122259
2023-01-01 00:07:00,PVDAQ_4,2.788233,2.779854607869843,0.008378392130156787,0.008378392130156787
2023-01-01 00:08:00,PVDAQ_4,2.777259,2.774717019164874,0.002541980835125912,0.002541980835125912
2023-01-01 00:09:00,PVDAQ_4,2.788007,2.7812166428081393,0.006790357191860608,0.006790357191860608
2023-01-01 00:10:00,PVDAQ_4,2.775622,2.779372214931669,-0.003750214931669049,0.003750214931669049
2023-01-01 00:11:00,PVDAQ_4,2.764573,2.78142577057047,-0.016852770570470188,0.016852770570470188
2023-01-01 00:12:00,PVDAQ_4,2.770142,2.7867452727876945,-0.01660327278769458,0.01660327278769458
2023-01-01 00:13:00,PVDAQ_4,2.771276,2.787543611330216,-0.01626761133021626,0.01626761133021626
2023-01-01 00:14:00,PVDAQ_4,2.760839,2.78606035753693,-0.02522135753693,0.02522135753693
2023-01-01 00:15:00,PVDAQ_4,2.790465,2.788624323808151,0.0018406761918492442,0.0018406761918492442
2023-01-01 00:16:00,PVDAQ_4,2.788097,2.7884507213801544,-0.00035372138015432597,0.00035372138015432597
2023-01-01 00:17:00,PVDAQ_4,2.772613,2.7885396843411154,-0.015926684341115216,0.015926684341115216
2023-01-01 00:18:00,PVDAQ_4,2.766464,2.7870209138266415,-0.020556913826641487,0.020556913826641487
2023-01-01 00:19:00,PVDAQ_4,2.771283,2.7884403611512507,-0.017157361151250772,0.017157361151250772
2023-01-01 00:20:00,PVDAQ_4,2.790442,2.7842823975276163,0.006159602472383785,0.006159602472383785
2023-01-01 00:21:00,PVDAQ_4,2.786832,2.7823064970110183,0.004525502988981689,0.004525502988981689
2023-01-01 00:22:00,PVDAQ_4,2.800713,2.7851025845507973,0.01561041544920272,0.01561041544920272
2023-01-01 00:23:00,PVDAQ_4,2.76556,2.7817143040919263,-0.01615430409192653,0.01615430409192653
2023-01-01 00:24:00,PVDAQ_4,2.781246,2.779003407618801,0.00224259238119906,0.00224259238119906
2023-01-01 00:25:00,PVDAQ_4,2.782584,2.781599520923448,0.0009844790765520806,0.0009844790765520806
2023-01-01 00:26:00,PVDAQ_4,2.757539,2.7815724742226906,-0.024033474222690643,0.024033474222690643
2023-01-01 00:27:00,PVDAQ_4,2.778427,2.7820476229591664,-0.0036206229591662087,0.0036206229591662087
2023-01-01 00:28:00,PVDAQ_4,2.762773,2.781574618126373,-0.018801618126373043,0.018801618126373043
2023-01-01 00:29:00,PVDAQ_4,2.77079,2.7843750802965945,-0.013585080296594665,0.013585080296594665
2023-01-01 00:30:00,PVDAQ_4,2.768463,2.7821467695108772,-0.01368376951087713,0.01368376951087713
2023-01-01 00:31:00,PVDAQ_4,2.765353,2.784341792359224,-0.018988792359223794,0.018988792359223794
2023-01-01 00:32:00,PVDAQ_4,2.775685,2.78173755670891,-0.0060525567089100285,0.0060525567089100285
2023-01-01 00:33:00,PVDAQ_4,2.778613,2.7826709919491264,-0.004057991949126372,0.004057991949126372
2023-01-01 00:34:00,PVDAQ_4,2.790257,2.781759356087129,0.008497643912870778,0.008497643912870778
2023-01-01 00:35:00,PVDAQ_4,2.765285,2.7800396977461794,-0.014754697746179435,0.014754697746179435
2023-01-01 00:36:00,PVDAQ_4,2.772417,2.780983434632849,-0.008566434632848896,0.008566434632848896
2023-01-01 00:37:00,PVDAQ_4,2.777036,2.7848931915928103,-0.007857191592810508,0.007857191592810508
2023-01-01 00:38:00,PVDAQ_4,2.774155,2.783736558925975,-0.00958155892597512,0.00958155892597512
2023-01-01 00:39:00,PVDAQ_4,2.754347,2.7816993163832975,-0.02735231638329738,0.02735231638329738
2023-01-01 00:40:00,PVDAQ_4,2.781809,2.7867364056304056,-0.004927405630405612,0.004927405630405612
2023-01-01 00:41:00,PVDAQ_4,2.779659,2.800685790292855,-0.021026790292854702,0.021026790292854702
2023-01-01 00:42:00,PVDAQ_4,2.81004,2.798062326324615,0.011977673675384715,0.011977673675384715
2023-01-01 00:43:00,PVDAQ_4,2.80416,2.8068150924675677,-0.002655092467567677,0.002655092467567677
2023-01-01 00:44:00,PVDAQ_4,2.793892,2.8036175994968486,-0.009725599496848591,0.009725599496848591
2023-01-01 00:45:00,PVDAQ_4,2.787547,2.7925030441233805,-0.004956044123380465,0.004956044123380465
2023-01-01 00:46:00,PVDAQ_4,2.793016,2.787461971940525,0.005554028059475247,0.005554028059475247
2023-01-01 00:47:00,PVDAQ_4,2.785539,2.792082496240707,-0.006543496240706936,0.006543496240706936
2023-01-01 00:48:00,PVDAQ_4,2.788183,2.7934236827462824,-0.00524068274628231,0.00524068274628231
2023-01-01 00:49:00,PVDAQ_4,2.762794,2.7904846230326092,-0.027690623032609274,0.027690623032609274
2023-01-01 00:50:00,PVDAQ_4,2.796674,2.793136539063235,0.00353746093676488,0.00353746093676488
2023-01-01 00:51:00,PVDAQ_4,2.764025,2.7916661758123125,-0.02764117581231229,0.02764117581231229
2023-01-01 00:52:00,PVDAQ_4,2.794528,2.792881727827281,0.0016462721727190655,0.0016462721727190655
2023-01-01 00:53:00,PVDAQ_4,2.763177,2.7920679430068076,-0.02889094300680739,0.02889094300680739
2023-01-01 00:54:00,PVDAQ_4,2.775502,2.792683150654169,-0.01718115065416903,0.01718115065416903
2023-01-01 00:55:00,PVDAQ_4,2.778406,2.7900201991095357,-0.011614199109535761,0.011614199109535761
2023-01-01 00:56:00,PVDAQ_4,2.761943,2.796955336576782,-0.035012336576782044,0.035012336576782044
2023-01-01 00:57:00,PVDAQ_4,2.788706,2.797209973430136,-0.008503973430136202,0.008503973430136202
2023-01-01 00:58:00,PVDAQ_4,2.790736,2.796541233075697,-0.005805233075697025,0.005805233075697025
2023-01-01 00:59:00,PVDAQ_4,2.785339,2.7964007468508134,-0.011061746850813403,0.011061746850813403
2023-01-01 01:00:00,PVDAQ_4,2.784571,2.7871054750616717,-0.0025344750616715928,0.0025344750616715928
2023-01-01 01:01:00,PVDAQ_4,2.782482,2.7915842567662335,-0.009102256766233552,0.009102256766233552
2023-01-01 01:02:00,PVDAQ_4,2.768462,2.794958205361584,-0.026496205361584035,0.026496205361584035
2023-01-01 01:03:00,PVDAQ_4,2.791297,2.7908516031598514,0.0004453968401487707,0.0004453968401487707
2023-01-01 01:04:00,PVDAQ_4,2.77669,2.7787687590819155,-0.002078759081915571,0.002078759081915571
2023-01-01 01:05:00,PVDAQ_4,2.803903,2.777414181951729,0.026488818048270968,0.026488818048270968
2023-01-01 01:06:00,PVDAQ_4,2.785936,2.7767596189497397,0.009176381050260307,0.009176381050260307
2023-01-01 01:07:00,PVDAQ_4,2.781834,2.7922971488142383,-0.010463148814238377,0.010463148814238377
2023-01-01 01:08:00,PVDAQ_4,2.804234,2.7869245949703263,0.01730940502967382,0.01730940502967382
2023-01-01 01:09:00,PVDAQ_4,2.779949,2.7793491875482954,0.0005998124517043735,0.0005998124517043735
2023-01-01 01:10:00,PVDAQ_4,2.765198,2.7824555940273847,-0.017257594027384915,0.017257594027384915
2023-01-01 01:11:00,PVDAQ_4,2.801577,2.77519987964792,0.026377120352079952,0.026377120352079952
2023-01-01 01:12:00,PVDAQ_4,2.776437,2.7825635286039807,-0.006126528603980663,0.006126528603980663
2023-01-01 01:13:00,PVDAQ_4,2.786383,2.782436572489229,0.003946427510770789,0.003946427510770789
2023-01-01 01:14:00,PVDAQ_4,2.772767,2.7832345996783814,-0.0104675996783814,0.0104675996783814
2023-01-01 01:15:00,PVDAQ_4,2.772493,2.7767046424275117,-0.004211642427511819,0.004211642427511819
2023-01-01 01:16:00,PVDAQ_4,2.805931,2.7920198267823197,0.013911173217680428,0.013911173217680428
2023-01-01 01:17:00,PVDAQ_4,2.789356,2.789212379225311,0.0001436207746889906,0.0001436207746889906
2023-01-01 01:18:00,PVDAQ_4,2.787112,2.797530814851223,-0.01041881485122298,0.01041881485122298
2023-01-01 01:19:00,PVDAQ_4,2.800503,2.795444317164517,0.005058682835482831,0.005058682835482831
2023-01-01 01:20:00,PVDAQ_4,2.792835,2.7970879121578247,-0.004252912157824529,0.004252912157824529
2023-01-01 01:21:00,PVDAQ_4,2.794616,2.7967746787407948,-0.002158678740794784,0.002158678740794784
2023-01-01 01:22:00,PVDAQ_4,2.780556,2.79427580156509,-0.01371980156509034,0.01371980156509034
2023-01-01 01:23:00,PVDAQ_4,2.790415,2.796414737496916,-0.005999737496916069,0.005999737496916069
2023-01-01 01:24:00,PVDAQ_4,2.784642,2.7939569487414566,-0.009314948741456774,0.009314948741456774
2023-01-01 01:25:00,PVDAQ_4,2.773021,2.7851121863413475,-0.012091186341347537,0.012091186341347537
2023-01-01 01:26:00,PVDAQ_4,2.784985,2.785093590664863,-0.00010859066486323954,0.00010859066486323954
2023-01-01 01:27:00,PVDAQ_4,2.784808,2.7857646166695598,-0.0009566166695598177,0.0009566166695598177
2023-01-01 01:28:00,PVDAQ_4,2.789854,2.7888468045333026,0.0010071954666974747,0.0010071954666974747
2023-01-01 01:29:00,PVDAQ_4,2.768047,2.796449107478293,-0.02840210747829275,0.02840210747829275
2023-01-01 01:30:00,PVDAQ_4,2.776715,2.796068880044532,-0.01935388004453209,0.01935388004453209
2023-01-01 01:31:00,PVDAQ_4,2.786739,2.795646273439278,-0.008907273439278107,0.008907273439278107
2023-01-01 01:32:00,PVDAQ_4,2.767285,2.793706944664162,-0.02642194466416159,0.02642194466416159
2023-01-01 01:33:00,PVDAQ_4,2.812658,2.787234938518209,0.025423061481790743,0.025423061481790743
2023-01-01 01:34:00,PVDAQ_4,2.782273,2.7953131379427503,-0.013040137942750274,0.013040137942750274
2023-01-01 01:35:00,PVDAQ_4,2.78443,2.789719153074695,-0.005289153074695019,0.005289153074695019
2023-01-01 01:36:00,PVDAQ_4,2.766903,2.795756051914263,-0.028853051914262906,0.028853051914262906
2023-01-01 01:37:00,PVDAQ_4,2.814819,2.7977269858413987,0.017092014158601287,0.017092014158601287
2023-01-01 01:38:00,PVDAQ_4,2.794366,2.7995199027970816,-0.0051539027970815,0.0051539027970815
2023-01-01 01:39:00,PVDAQ_4,2.800642,2.7941243284986172,0.006517671501382605,0.006517671501382605
2023-01-01 01:40:00,PVDAQ_4,2.79549,2.791721317573714,0.0037686824262861407,0.0037686824262861407
2023-01-01 01:41:00,PVDAQ_4,2.793502,2.7957981055146974,-0.0022961055146972775,0.0022961055146972775
2023-01-01 01:42:00,PVDAQ_4,2.789076,2.7891203734452086,-4.4373445208467643e-05,4.4373445208467643e-05
2023-01-01 01:43:00,PVDAQ_4,2.791889,2.7972079754251897,-0.005318975425189887,0.005318975425189887
2023-01-01 01:44:00,PVDAQ_4,2.794484,2.7936654552743216,0.0008185447256785494,0.0008185447256785494
2023-01-01 01:45:00,PVDAQ_4,2.789753,2.8020127484227344,-0.012259748422734251,0.012259748422734251
2023-01-01 01:46:00,PVDAQ_4,2.793582,2.803471397832652,-0.009889397832652413,0.009889397832652413
2023-01-01 01:47:00,PVDAQ_4,2.785156,2.80303845578286,-0.01788245578285963,0.01788245578285963
2023-01-01 01:48:00,PVDAQ_4,2.804539,2.808752978364127,-0.004213978364127069,0.004213978364127069
2023-01-01 01:49:00,PVDAQ_4,2.792929,2.802192623589067,-0.00926362358906685,0.00926362358906685
2023-01-01 01:50:00,PVDAQ_4,2.791712,2.7984235004308236,-0.00671150043082358,0.00671150043082358
2023-01-01 01:51:00,PVDAQ_4,2.78265,2.7983115066346596,-0.015661506634659705,0.015661506634659705
2023-01-01 01:52:00,PVDAQ_4,2.793168,2.8044772438294463,-0.011309243829446203,0.011309243829446203
2023-01-01 01:53:00,PVDAQ_4,2.813229,2.8169010471324727,-0.003672047132472489,0.003672047132472489
2023-01-01 01:54:00,PVDAQ_4,2.804999,2.80850393640546,-0.003504936405459791,0.003504936405459791
2023-01-01 01:55:00,PVDAQ_4,2.822891,2.8040672266768136,0.018823773323186188,0.018823773323186188
2023-01-01 01:56:00,PVDAQ_4,2.794106,2.8020958907075872,-0.007989890707587044,0.007989890707587044
2023-01-01 01:57:00,PVDAQ_4,2.807894,2.8049020702351304,0.0029919297648697274,0.0029919297648697274
2023-01-01 01:58:00,PVDAQ_4,2.809486,2.805950980810231,0.003535019189769173,0.003535019189769173
2023-01-01 01:59:00,PVDAQ_4,2.79807,2.808356172657115,-0.010286172657115067,0.010286172657115067
2023-01-01 02:00:00,PVDAQ_4,2.787489,2.805539739099987,-0.018050739099987112,0.018050739099987112
2023-01-01 02:01:00,PVDAQ_4,2.809799,2.802979927317058,0.006819072682942018,0.006819072682942018
2023-01-01 02:02:00,PVDAQ_4,2.811884,2.8078085817818925,0.004075418218107529,0.004075418218107529
2023-01-01 02:03:00,PVDAQ_4,2.817148,2.8011119574471293,0.016036042552870722,0.016036042552870722
2023-01-01 02:04:00,PVDAQ_4,2.775111,2.7992157433380362,-0.02410474333803636,0.02410474333803636
2023-01-01 02:05:00,PVDAQ_4,2.795221,2.801779302898808,-0.006558302898807877,0.006558302898807877
2023-01-01 02:06:00,PVDAQ_4,2.802173,2.7999957090394925,0.0021772909605073387,0.0021772909605073387
2023-01-01 02:07:00,PVDAQ_4,2.799335,2.799674948278902,-0.0003399482789019359,0.0003399482789019359
2023-01-01 02:08:00,PVDAQ_4,2.816475,2.7984248344299765,0.01805016557002359,0.01805016557002359
2023-01-01 02:09:00,PVDAQ_4,2.807826,2.798016354114506,0.009809645885493712,0.009809645885493712
2023-01-01 02:10:00,PVDAQ_4,2.804267,2.797358514057637,0.00690848594236293,0.00690848594236293
2023-01-01 02:11:00,PVDAQ_4,2.790518,2.789866583948542,0.0006514160514581313,0.0006514160514581313
2023-01-01 02:12:00,PVDAQ_4,2.796713,2.8028178090980225,-0.006104809098022468,0.006104809098022468
2023-01-01 02:13:00,PVDAQ_4,2.814633,2.801441269342297,0.013191730657703182,0.013191730657703182
2023-01-01 02:14:00,PVDAQ_4,2.796639,2.803433989438665,-0.006794989438664967,0.006794989438664967
2023-01-01 02:15:00,PVDAQ_4,2.805499,2.8021498591843947,0.0033491408156054447,0.0033491408156054447
2023-01-01 02:16:00,PVDAQ_4,2.792994,2.802210966770299,-0.009216966770298818,0.009216966770298818
2023-01-01 02:17:00,PVDAQ_4,2.805891,2.799672927284269,0.006218072715730827,0.006218072715730827
2023-01-01 02:18:00,PVDAQ_4,2.811051,2.809701875111052,0.0013491248889478946,0.0013491248889478946
2023-01-01 02:19:00,PVDAQ_4,2.800947,2.7997170617199463,0.0012299382800535774,0.0012299382800535774
2023-01-01 02:20:00,PVDAQ_4,2.797351,2.79969692882875,-0.0023459288287499547,0.0023459288287499547
2023-01-01 02:21:00,PVDAQ_4,2.785592,2.8011732503790507,-0.015581250379050893,0.015581250379050893
2023-01-01 02:22:00,PVDAQ_4,2.808758,2.800076711382447,0.008681288617553129,0.008681288617553129
2023-01-01 02:23:00,PVDAQ_4,2.79307,2.8008328413504713,-0.007762841350471117,0.007762841350471117
2023-01-01 02:24:00,PVDAQ_4,2.803812,2.8018037192961116,0.0020082807038885875,0.0020082807038885875
2023-01-01 02:25:00,PVDAQ_4,2.799376,2.8030845276488296,-0.0037085276488295627,0.0037085276488295627
2023-01-01 02:26:00,PVDAQ_4,2.809072,2.8018908971352015,0.007181102864798561,0.007181102864798561
2023-01-01 02:27:00,PVDAQ_4,2.806221,2.7998036242211963,0.006417375778803525,0.006417375778803525
2023-01-01 02:28:00,PVDAQ_4,2.789609,2.801807176696619,-0.012198176696618823,0.012198176696618823
2023-01-01 02:29:00,PVDAQ_4,2.813371,2.8031750541996807,0.01019594580031935,0.01019594580031935
2023-01-01 02:30:00,PVDAQ_4,2.79636,2.8084364993222026,-0.012076499322202672,0.012076499322202672
2023-01-01 02:31:00,PVDAQ_4,2.810957,2.7975822404655792,0.01337475953442091,0.01337475953442091
2023-01-01 02:32:00,PVDAQ_4,2.810588,2.7972564754784077,0.013331524521592364,0.013331524521592364
2023-01-01 02:33:00,PVDAQ_4,2.806986,2.8012263818811043,0.005759618118895915,0.005759618118895915
2023-01-01 02:34:00,PVDAQ_4,2.818438,2.807808534250815,0.010629465749185218,0.010629465749185218
2023-01-01 02:35:00,PVDAQ_4,2.795171,2.809321191131566,-0.014150191131566014,0.014150191131566014
2023-01-01 02:36:00,PVDAQ_4,2.804017,2.807510709368697,-0.0034937093686968623,0.0034937093686968623
2023-01-01 02:37:00,PVDAQ_4,2.812854,2.8064927092371557,0.006361290762844529,0.006361290762844529
2023-01-01 02:38:00,PVDAQ_4,2.797293,2.808085207307343,-0.010792207307343205,0.010792207307343205
2023-01-01 02:39:00,PVDAQ_4,2.820325,2.81087659685738,0.009448403142620077,0.009448403142620077
2023-01-01 02:40:00,PVDAQ_4,2.81643,2.8127452945509908,0.003684705449009229,0.003684705449009229
2023-01-01 02:41:00,PVDAQ_4,2.795872,2.807677897455461,-0.0118058974554609,0.0118058974554609
2023-01-01 02:42:00,PVDAQ_4,2.81116,2.808761064243714,0.0023989357562861358,0.0023989357562861358
2023-01-01 02:43:00,PVDAQ_4,2.807123,2.8087935397170276,-0.001670539717027797,0.001670539717027797
2023-01-01 02:44:00,PVDAQ_4,2.824886,2.8101077066852462,0.014778293314753554,0.014778293314753554
2023-01-01 02:45:00,PVDAQ_4,2.816476,2.8097987482670614,0.00667725173293876,0.00667725173293876
2023-01-01 02:46:00,PVDAQ_4,2.804758,2.8100497719912676,-0.005291771991267513,0.005291771991267513
2023-01-01 02:47:00,PVDAQ_4,2.817117,2.8199630096276183,-0.0028460096276181623,0.0028460096276181623
2023-01-01 02:48:00,PVDAQ_4,2.807001,2.8148763702947175,-0.00787537029471741,0.00787537029471741
2023-01-01 02:49:00,PVDAQ_4,2.822368,2.8213848086382045,0.0009831913617954768,0.0009831913617954768
2023-01-01 02:50:00,PVDAQ_4,2.803579,2.808785732017164,-0.00520673201716404,0.00520673201716404
2023-01-01 02:51:00,PVDAQ_4,2.813735,2.811059871582273,0.0026751284177266577,0.0026751284177266577
2023-01-01 02:52:00,PVDAQ_4,2.806493,2.8111046442782244,-0.004611644278224247,0.004611644278224247
2023-01-01 02:53:00,PVDAQ_4,2.817125,2.812346516674254,0.004778483325746041,0.004778483325746041
2023-01-01 02:54:00,PVDAQ_4,2.832272,2.8097471964570735,0.02252480354292663,0.02252480354292663
2023-01-01 02:55:00,PVDAQ_4,2.826733,2.820418298066346,0.006314701933654021,0.006314701933654021
2023-01-01 02:56:00,PVDAQ_4,2.826232,2.810654894382024,0.015577105617976095,0.015577105617976095
2023-01-01 02:57:00,PVDAQ_4,2.826231,2.8089870801873276,0.01724391981267237,0.01724391981267237
2023-01-01 02:58:00,PVDAQ_4,2.833394,2.8113290767586623,0.022064923241337908,0.022064923241337908
2023-01-01 02:59:00,PVDAQ_4,2.83417,2.8180178269557867,0.016152173044213125,0.016152173044213125
2023-01-01 03:00:00,PVDAQ_4,2.839031,2.8145746646497516,0.02445633535024827,0.02445633535024827
2023-01-01 03:01:00,PVDAQ_4,2.806946,2.8143807066347097,-0.007434706634709798,0.007434706634709798
2023-01-01 03:02:00,PVDAQ_4,2.83344,2.817558074678344,0.015881925321656,0.015881925321656
2023-01-01 03:03:00,PVDAQ_4,2.82238,2.817396534321202,0.004983465678797927,0.004983465678797927
2023-01-01 03:04:00,PVDAQ_4,2.808416,2.8148273176739558,-0.006411317673955974,0.006411317673955974
2023-01-01 03:05:00,PVDAQ_4,2.817517,2.81781846413599,-0.00030146413598997057,0.00030146413598997057
2023-01-01 03:06:00,PVDAQ_4,2.8123,2.8116859819532465,0.0006140180467535394,0.0006140180467535394
2023-01-01 03:07:00,PVDAQ_4,2.815562,2.8081570622357144,0.007404937764285524,0.007404937764285524
2023-01-01 03:08:00,PVDAQ_4,2.823784,2.814114555027595,0.00966944497240485,0.00966944497240485
2023-01-01 03:09:00,PVDAQ_4,2.819776,2.8214033161578795,-0.001627316157879477,0.001627316157879477
2023-01-01 03:10:00,PVDAQ_4,2.812744,2.8189560109416707,-0.006212010941670787,0.006212010941670787
2023-01-01 03:11:00,PVDAQ_4,2.801954,2.8083629211918737,-0.006408921191873862,0.006408921191873862
2023-01-01 03:12:00,PVDAQ_4,2.827552,2.809484171083924,0.018067828916076056,0.018067828916076056
2023-01-01 03:13:00,PVDAQ_4,2.807071,2.817202744066531,-0.010131744066530946,0.010131744066530946
2023-01-01 03:14:00,PVDAQ_4,2.826028,2.8178667227775316,0.0081612772224684,0.0081612772224684
2023-01-01 03:15:00,PVDAQ_4,2.813845,2.8134240489325957,0.00042095106740447363,0.00042095106740447363
2023-01-01 03:16:00,PVDAQ_4,2.83053,2.809902523573761,0.020627476426239078,0.020627476426239078
2023-01-01 03:17:00,PVDAQ_4,2.813843,2.8113048685315425,0.002538131468457383,0.002538131468457383
2023-01-01 03:18:00,PVDAQ_4,2.811124,2.8085996201673935,0.0025243798326064493,0.0025243798326064493
2023-01-01 03:19:00,PVDAQ_4,2.822862,2.8162379434118026,0.0066240565881976465,0.0066240565881976465
2023-01-01 03:20:00,PVDAQ_4,2.839413,2.8143299184312784,0.02508308156872152,0.02508308156872152
2023-01-01 03:21:00,PVDAQ_4,2.831096,2.818269027635393,0.012826972364607059,0.012826972364607059
2023-01-01 03:22:00,PVDAQ_4,2.810209,2.818115503913894,-0.007906503913893914,0.007906503913893914
2023-01-01 03:23:00,PVDAQ_4,2.785978,2.7949657224052684,-0.00898772240526835,0.00898772240526835
2023-01-01 03:24:00,PVDAQ_4,2.775755,2.7894168138882574,-0.013661813888257157,0.013661813888257157
2023-01-01 03:25:00,PVDAQ_4,2.786356,2.8007975888202457,-0.014441588820245599,0.014441588820245599
2023-01-01 03:26:00,PVDAQ_4,2.794023,2.8025550177683427,-0.008532017768342559,0.008532017768342559
2023-01-01 03:27:00,PVDAQ_4,2.776751,2.786481184246114,-0.00973018424611416,0.00973018424611416
2023-01-01 03:28:00,PVDAQ_4,2.777483,2.788329046947878,-0.010846046947877941,0.010846046947877941
2023-01-01 03:29:00,PVDAQ_4,2.77376,2.7883474637969257,-0.014587463796925881,0.014587463796925881
2023-01-01 03:30:00,PVDAQ_4,2.794887,2.789905491823363,0.004981508176637117,0.004981508176637117
2023-01-01 03:31:00,PVDAQ_4,2.815206,2.798729437831747,0.016476562168252773,0.016476562168252773
2023-01-01 03:32:00,PVDAQ_4,2.79541,2.798133379779646,-0.0027233797796459847,0.0027233797796459847
2023-01-01 03:33:00,PVDAQ_4,2.796651,2.7904216498528336,0.006229350147166635,0.006229350147166635
2023-01-01 03:34:00,PVDAQ_4,2.805282,2.789741884780474,0.01554011521952603,0.01554011521952603
2023-01-01 03:35:00,PVDAQ_4,2.786227,2.788660312715631,-0.002433312715631075,0.002433312715631075
2023-01-01 03:36:00,PVDAQ_4,2.798581,2.7896744224515144,0.008906577548485561,0.008906577548485561
2023-01-01 03:37:00,PVDAQ_4,2.756726,2.788866256802899,-0.032140256802899,0.032140256802899
2023-01-01 03:38:00,PVDAQ_4,2.786393,2.7890194299583495,-0.0026264299583496076,0.0026264299583496076
2023-01-01 03:39:00,PVDAQ_4,2.783536,2.7982986029555987,-0.014762602955598947,0.014762602955598947
2023-01-01 03:40:00,PVDAQ_4,2.802542,2.7992452796799006,0.003296720320099311,0.003296720320099311
2023-01-01 03:41:00,PVDAQ_4,2.812282,2.7886284523660563,0.023653547633943894,0.023653547633943894
2023-01-01 03:42:00,PVDAQ_4,2.787956,2.792546628695009,-0.004590628695009258,0.004590628695009258
2023-01-01 03:43:00,PVDAQ_4,2.769022,2.7877415134980534,-0.018719513498053342,0.018719513498053342
2023-01-01 03:44:00,PVDAQ_4,2.780571,2.7921575543199064,-0.011586554319906295,0.011586554319906295
2023-01-01 03:45:00,PVDAQ_4,2.801579,2.802320817864157,-0.0007418178641573903,0.0007418178641573903
2023-01-01 03:46:00,PVDAQ_4,2.795948,2.7956707839017128,0.0002772160982873473,0.0002772160982873473
2023-01-01 03:47:00,PVDAQ_4,2.789325,2.792076938705504,-0.0027519387055043865,0.0027519387055043865
2023-01-01 03:48:00,PVDAQ_4,2.801576,2.8010142912823364,0.0005617087176634783,0.0005617087176634783
2023-01-01 03:49:00,PVDAQ_4,2.805927,2.798120700962249,0.0078062990377509855,0.0078062990377509855
2023-01-01 03:50:00,PVDAQ_4,2.804198,2.799502931816391,0.004695068183608875,0.004695068183608875
2023-01-01 03:51:00,PVDAQ_4,2.801591,2.810033925122781,-0.008442925122780665,0.008442925122780665
2023-01-01 03:52:00,PVDAQ_4,2.821747,2.8076894701193855,0.014057529880614261,0.014057529880614261
2023-01-01 03:53:00,PVDAQ_4,2.806747,2.8081355647399366,-0.0013885647399365375,0.0013885647399365375
2023-01-01 03:54:00,PVDAQ_4,2.815688,2.807734006775648,0.007953993224352196,0.007953993224352196
2023-01-01 03:55:00,PVDAQ_4,2.805869,2.808988707592904,-0.003119707592904142,0.003119707592904142
2023-01-01 03:56:00,PVDAQ_4,2.816266,2.8034615792107496,0.012804420789250592,0.012804420789250592
2023-01-01 03:57:00,PVDAQ_4,2.803588,2.805327118432998,-0.0017391184329982323,0.0017391184329982323
2023-01-01 03:58:00,PVDAQ_4,2.787787,2.801587239920733,-0.013800239920733315,0.013800239920733315
2023-01-01 03:59:00,PVDAQ_4,2.80183,2.809452334907092,-0.0076223349070922986,0.0076223349070922986
2023-01-01 04:00:00,PVDAQ_4,2.791482,2.8019317913199653,-0.010449791319965485,0.010449791319965485
2023-01-01 04:01:00,PVDAQ_4,2.818588,2.809214781689209,0.009373218310791298,0.009373218310791298
2023-01-01 04:02:00,PVDAQ_4,2.805117,2.8063059491713394,-0.0011889491713392708,0.0011889491713392708
2023-01-01 04:03:00,PVDAQ_4,2.806225,2.8025708521070825,0.003654147892917514,0.003654147892917514
2023-01-01 04:04:00,PVDAQ_4,2.805927,2.8058774397422415,4.956025775859629e-05,4.956025775859629e-05
2023-01-01 04:05:00,PVDAQ_4,2.800184,2.807889063023453,-0.007705063023453196,0.007705063023453196
2023-01-01 04:06:00,PVDAQ_4,2.802849,2.807789736644051,-0.004940736644051036,0.004940736644051036
2023-01-01 04:07:00,PVDAQ_4,2.823729,2.804730794329895,0.01899820567010524,0.01899820567010524
2023-01-01 04:08:00,PVDAQ_4,2.801867,2.8086403796584616,-0.006773379658461476,0.006773379658461476
2023-01-01 04:09:00,PVDAQ_4,2.81526,2.808903586680027,0.00635641331997272,0.00635641331997272
2023-01-01 04:10:00,PVDAQ_4,2.808329,2.806736961759409,0.001592038240591176,0.001592038240591176
2023-01-01 04:11:00,PVDAQ_4,2.812037,2.8084191506319565,0.0036178493680436574,0.0036178493680436574
2023-01-01 04:12:00,PVDAQ_4,2.814642,2.804346966761171,0.010295033238829188,0.010295033238829188
2023-01-01 04:13:00,PVDAQ_4,2.804007,2.8088332066204176,-0.004826206620417661,0.004826206620417661
2023-01-01 04:14:00,PVDAQ_4,2.823488,2.809149787315164,0.014338212684836371,0.014338212684836371
2023-01-01 04:15:00,PVDAQ_4,2.833982,2.8038316578236095,0.030150342176390232,0.030150342176390232
2023-01-01 04:16:00,PVDAQ_4,2.813229,2.803767033922485,0.00946196607751526,0.00946196607751526
2023-01-01 04:17:00,PVDAQ_4,2.811422,2.808284701376177,0.0031372986238227263,0.0031372986238227263
2023-01-01 04:18:00,PVDAQ_4,2.80589,2.803767033922485,0.002122966077515276,0.002122966077515276
2023-01-01 04:19:00,PVDAQ_4,2.813001,2.809248765179952,0.0037522348200478284,0.0037522348200478284
2023-01-01 04:20:00,PVDAQ_4,2.800287,2.809559203579963,-0.009272203579962834,0.009272203579962834
2023-01-01 04:21:00,PVDAQ_4,2.791977,2.8030092715563173,-0.011032271556317141,0.011032271556317141
2023-01-01 04:22:00,PVDAQ_4,2.794513,2.803289453395106,-0.00877645339510602,0.00877645339510602
2023-01-01 04:23:00,PVDAQ_4,2.796245,2.805627774045302,-0.009382774045302078,0.009382774045302078
2023-01-01 04:24:00,PVDAQ_4,2.819678,2.803943503023198,0.01573449697680207,0.01573449697680207
2023-01-01 04:25:00,PVDAQ_4,2.800629,2.8016406325045904,-0.001011632504590576,0.001011632504590576
2023-01-01 04:26:00,PVDAQ_4,2.782484,2.799526490805702,-0.01704249080570186,0.01704249080570186
2023-01-01 04:27:00,PVDAQ_4,2.801636,2.799897376615952,0.0017386233840479548,0.0017386233840479548
2023-01-01 04:28:00,PVDAQ_4,2.811985,2.80313622548995,0.00884877451004984,0.00884877451004984
2023-01-01 04:29:00,PVDAQ_4,2.798148,2.8016239958635163,-0.0034759958635164345,0.0034759958635164345
2023-01-01 04:30:00,PVDAQ_4,2.787462,2.7990599903746665,-0.011597990374666356,0.011597990374666356
2023-01-01 04:31:00,PVDAQ_4,2.810439,2.7997878431635668,0.010651156836433362,0.010651156836433362
2023-01-01 04:32:00,PVDAQ_4,2.814111,2.8053771062734545,0.008733893726545539,0.008733893726545539
2023-01-01 04:33:00,PVDAQ_4,2.808637,2.803319214962879,0.005317785037120881,0.005317785037120881
2023-01-01 04:34:00,PVDAQ_4,2.812207,2.804634110401085,0.007572889598915111,0.007572889598915111
2023-01-01 04:35:00,PVDAQ_4,2.821117,2.8031590151200163,0.01795798487998379,0.01795798487998379
2023-01-01 04:36:00,PVDAQ_4,2.807972,2.801207345143073,0.006764654856926899,0.006764654856926899
2023-01-01 04:37:00,PVDAQ_4,2.789913,2.8024802258536754,-0.012567225853675534,0.012567225853675534
2023-01-01 04:38:00,PVDAQ_4,2.812567,2.808426324144589,0.004140675855411224,0.004140675855411224
2023-01-01 04:39:00,PVDAQ_4,2.811445,2.8077251227585083,0.003719877241491698,0.003719877241491698
2023-01-01 04:40:00,PVDAQ_4,2.811897,2.8031861230830852,0.008710876916914856,0.008710876916914856
2023-01-01 04:41:00,PVDAQ_4,2.812858,2.801564176672869,0.011293823327130692,0.011293823327130692
2023-01-01 04:42:00,PVDAQ_4,2.795811,2.8054189642799066,-0.009607964279906511,0.009607964279906511
2023-01-01 04:43:00,PVDAQ_4,2.811907,2.8025700787606977,0.00933692123930241,0.00933692123930241
2023-01-01 04:44:00,PVDAQ_4,2.812334,2.8035577815073207,0.008776218492679178,0.008776218492679178
2023-01-01 04:45:00,PVDAQ_4,2.833281,2.8014908466646435,0.0317901533353564,0.0317901533353564
2023-01-01 04:46:00,PVDAQ_4,2.804427,2.8052937265982734,-0.0008667265982733596,0.0008667265982733596
2023-01-01 04:47:00,PVDAQ_4,2.805185,2.7996483639722176,0.005536636027782205,0.005536636027782205
2023-01-01 04:48:00,PVDAQ_4,2.811502,2.8007813197433853,0.010720680256614656,0.010720680256614656
2023-01-01 04:49:00,PVDAQ_4,2.827389,2.8002134330316375,0.027175566968362652,0.027175566968362652
2023-01-01 04:50:00,PVDAQ_4,2.807635,2.7997810124939333,0.007853987506066584,0.007853987506066584
2023-01-01 04:51:00,PVDAQ_4,2.811759,2.80609507731805,0.005663922681949707,0.005663922681949707
2023-01-01 04:52:00,PVDAQ_4,2.811364,2.805397065668357,0.005966934331643081,0.005966934331643081
2023-01-01 04:53:00,PVDAQ_4,2.813918,2.8034649344363567,0.010453065563643449,0.010453065563643449
2023-01-01 04:54:00,PVDAQ_4,2.801203,2.8053483867557065,-0.004145386755706415,0.004145386755706415
2023-01-01 04:55:00,PVDAQ_4,2.811811,2.8055434176093246,0.006267582390675486,0.006267582390675486
2023-01-01 04:56:00,PVDAQ_4,2.818792,2.802088516128918,0.016703483871082003,0.016703483871082003
2023-01-01 04:57:00,PVDAQ_4,2.816841,2.797983066323229,0.018857933676771133,0.018857933676771133
2023-01-01 04:58:00,PVDAQ_4,2.80285,2.7992723741690697,0.003577625830930131,0.003577625830930131
2023-01-01 04:59:00,PVDAQ_4,2.802459,2.7958210128446455,0.006637987155354352,0.006637987155354352
2023-01-01 05:00:00,PVDAQ_4,2.797633,2.7960856037551194,0.001547396244880428,0.001547396244880428
2023-01-01 05:01:00,PVDAQ_4,2.819745,2.793961019248008,0.025783980751992175,0.025783980751992175
2023-01-01 05:02:00,PVDAQ_4,2.792457,2.786131521319804,0.006325478680196284,0.006325478680196284
2023-01-01 05:03:00,PVDAQ_4,2.804669,2.7871077655017995,0.017561234498200573,0.017561234498200573
2023-01-01 05:04:00,PVDAQ_4,2.79553,2.7923978384635753,0.0031321615364245936,0.0031321615364245936
2023-01-01 05:05:00,PVDAQ_4,2.798353,2.7967052503859406,0.001647749614059446,0.001647749614059446
2023-01-01 05:06:00,PVDAQ_4,2.80478,2.7948497785749873,0.009930221425012764,0.009930221425012764
2023-01-01 05:07:00,PVDAQ_4,2.810143,2.7934317859174733,0.016711214082526737,0.016711214082526737
2023-01-01 05:08:00,PVDAQ_4,2.786945,2.7998370962286994,-0.012892096228699579,0.012892096228699579
2023-01-01 05:09:00,PVDAQ_4,2.818414,2.7985400602131625,0.019873939786837713,0.019873939786837713
2023-01-01 05:10:00,PVDAQ_4,2.797711,2.796036354347089,0.0016746456529110887,0.0016746456529110887
2023-01-01 05:11:00,PVDAQ_4,2.798075,2.7945369875571235,0.003538012442876326,0.003538012442876326
2023-01-01 05:12:00,PVDAQ_4,2.812596,2.792143363068331,0.020452636931668877,0.020452636931668877
2023-01-01 05:13:00,PVDAQ_4,2.81135,2.7949049742044827,0.01644502579551732,0.01644502579551732
2023-01-01 05:14:00,PVDAQ_4,2.794664,2.7943223327321336,0.0003416672678664412,0.0003416672678664412
2023-01-01 05:15:00,PVDAQ_4,2.807524,2.796598282106702,0.010925717893297993,0.010925717893297993
2023-01-01 05:16:00,PVDAQ_4,2.815038,2.7885550038920344,0.026482996107965562,0.026482996107965562
2023-01-01 05:17:00,PVDAQ_4,2.805723,2.7856505122248114,0.020072487775188552,0.020072487775188552
2023-01-01 05:18:00,PVDAQ_4,2.785865,2.7878945907132944,-0.00202959071329456,0.00202959071329456
2023-01-01 05:19:00,PVDAQ_4,2.811166,2.785089970215934,0.02607602978406609,0.02607602978406609
2023-01-01 05:20:00,PVDAQ_4,2.804662,2.7810896030984615,0.02357239690153845,0.02357239690153845
2023-01-01 05:21:00,PVDAQ_4,2.803158,2.790375885582391,0.012782114417608792,0.012782114417608792
2023-01-01 05:22:00,PVDAQ_4,2.807929,2.7856130874361362,0.022315912563863893,0.022315912563863893
2023-01-01 05:23:00,PVDAQ_4,2.814871,2.7975728542189233,0.0172981457810768,0.0172981457810768
2023-01-01 05:24:00,PVDAQ_4,2.806467,2.7995726968726835,0.006894303127316537,0.006894303127316537
2023-01-01 05:25:00,PVDAQ_4,2.796262,2.79466286032089,0.0015991396791101842,0.0015991396791101842
2023-01-01 05:26:00,PVDAQ_4,2.804832,2.7935637947996783,0.011268205200321901,0.011268205200321901
2023-01-01 05:27:00,PVDAQ_4,2.797081,2.8006413490140636,-0.0035603490140636573,0.0035603490140636573
2023-01-01 05:28:00,PVDAQ_4,2.791019,2.799355460757425,-0.008336460757425002,0.008336460757425002
2023-01-01 05:29:00,PVDAQ_4,2.79418,2.7987210368315276,-0.004541036831527734,0.004541036831527734
2023-01-01 05:30:00,PVDAQ_4,2.792111,2.800357382455967,-0.008246382455967094,0.008246382455967094
2023-01-01 05:31:00,PVDAQ_4,2.806435,2.7945355854533216,0.011899414546678422,0.011899414546678422
2023-01-01 05:32:00,PVDAQ_4,2.812915,2.7939008004631547,0.019014199536845133,0.019014199536845133
2023-01-01 05:33:00,PVDAQ_4,2.807231,2.7983728477536647,0.008858152246335127,0.008858152246335127
2023-01-01 05:34:00,PVDAQ_4,2.81025,2.7914146881671282,0.018835311832871682,0.018835311832871682
2023-01-01 05:35:00,PVDAQ_4,2.777836,2.7851014246428485,-0.007265424642848295,0.007265424642848295
2023-01-01 05:36:00,PVDAQ_4,2.802685,2.788349783941767,0.014335216058233069,0.014335216058233069
2023-01-01 05:37:00,PVDAQ_4,2.815757,2.7910002562227385,0.02475674377726156,0.02475674377726156
2023-01-01 05:38:00,PVDAQ_4,2.810185,2.791283616820902,0.018901383179098286,0.018901383179098286
2023-01-01 05:39:00,PVDAQ_4,2.80788,2.793240798547032,0.014639201452967932,0.014639201452967932
2023-01-01 05:40:00,PVDAQ_4,2.797412,2.7953131379427503,0.0020988620572497396,0.0020988620572497396
2023-01-01 05:41:00,PVDAQ_4,2.806485,2.7956533692406054,0.010831630759394528,0.010831630759394528
2023-01-01 05:42:00,PVDAQ_4,2.817318,2.7980204928742034,0.01929750712579681,0.01929750712579681
2023-01-01 05:43:00,PVDAQ_4,2.81113,2.7995790179301476,0.011550982069852278,0.011550982069852278
2023-01-01 05:44:00,PVDAQ_4,2.816262,2.7984202361276203,0.01784176387237979,0.01784176387237979
2023-01-01 05:45:00,PVDAQ_4,2.796635,2.801657126223112,-0.0050221262231118224,0.0050221262231118224
2023-01-01 05:46:00,PVDAQ_4,2.815204,2.79851833888304,0.016685661116960127,0.016685661116960127
2023-01-01 05:47:00,PVDAQ_4,2.801501,2.798947586419122,0.0025534135808782388,0.0025534135808782388
2023-01-01 05:48:00,PVDAQ_4,2.803621,2.7977208561065896,0.005900143893410537,0.005900143893410537
2023-01-01 05:49:00,PVDAQ_4,2.813008,2.795797421247181,0.01721057875281895,0.01721057875281895
2023-01-01 05:50:00,PVDAQ_4,2.811099,2.793862199990029,0.017236800009971187,0.017236800009971187
2023-01-01 05:51:00,PVDAQ_4,2.811298,2.799565332669498,0.011732667330501823,0.011732667330501823
2023-01-01 05:52:00,PVDAQ_4,2.797864,2.7890149533433397,0.00884904665666042,0.00884904665666042
2023-01-01 05:53:00,PVDAQ_4,2.778122,2.789213258396811,-0.011091258396810577,0.011091258396810577
2023-01-01 05:54:00,PVDAQ_4,2.78263,2.787652924886404,-0.005022924886403768,0.005022924886403768
2023-01-01 05:55:00,PVDAQ_4,2.798122,2.7878166810314684,0.010305318968531818,0.010305318968531818
2023-01-01 05:56:00,PVDAQ_4,2.80071,2.7790605641759822,0.021649435824017793,0.021649435824017793
2023-01-01 05:57:00,PVDAQ_4,2.813154,2.7878166810314684,0.02533731896853153,0.02533731896853153
2023-01-01 05:58:00,PVDAQ_4,2.807659,2.7878911596547895,0.01976784034521062,0.01976784034521062
2023-01-01 05:59:00,PVDAQ_4,2.798801,2.787530761983878,0.011270238016122036,0.011270238016122036
2023-01-01 06:00:00,PVDAQ_4,2.793592,2.78823922491259,0.0053527750874100555,0.0053527750874100555
2023-01-01 06:01:00,PVDAQ_4,2.787248,2.7893886992210675,-0.0021406992210675213,0.0021406992210675213
2023-01-01 06:02:00,PVDAQ_4,2.787329,2.789385653506538,-0.002056653506537831,0.002056653506537831
2023-01-01 06:03:00,PVDAQ_4,2.781193,2.7874930759629253,-0.006300075962925256,0.006300075962925256
2023-01-01 06:04:00,PVDAQ_4,2.807503,2.7866736179576073,0.02082938204239282,0.02082938204239282
2023-01-01 06:05:00,PVDAQ_4,2.81517,2.7891080485570554,0.026061951442944764,0.026061951442944764
2023-01-01 06:06:00,PVDAQ_4,2.803723,2.7875390762363725,0.01618392376362765,0.01618392376362765
2023-01-01 06:07:00,PVDAQ_4,2.790636,2.7868080121659404,0.0038279878340596873,0.0038279878340596873
2023-01-01 06:08:00,PVDAQ_4,2.781817,2.7879537680308517,-0.006136768030851503,0.006136768030851503
2023-01-01 06:09:00,PVDAQ_4,2.786309,2.7827558158722336,0.0035531841277665066,0.0035531841277665066
2023-01-01 06:10:00,PVDAQ_4,2.806687,2.7898957631073937,0.01679123689260642,0.01679123689260642
2023-01-01 06:11:00,PVDAQ_4,2.796261,2.7882402599980374,0.008020740001962512,0.008020740001962512
2023-01-01 06:12:00,PVDAQ_4,2.806342,2.76988058437929,0.036461415620709925,0.036461415620709925
2023-01-01 06:13:00,PVDAQ_4,2.779798,2.76937126027311,0.010426739726889789,0.010426739726889789
2023-01-01 06:14:00,PVDAQ_4,2.774559,2.7583593015744605,0.016199698425539477,0.016199698425539477
2023-01-01 06:15:00,PVDAQ_4,2.775471,2.7827109345271865,-0.00723993452718652,0.00723993452718652
2023-01-01 06:16:00,PVDAQ_4,2.771688,2.7549643479980688,0.016723652001931377,0.016723652001931377
2023-01-01 06:17:00,PVDAQ_4,2.780571,2.7849036806391076,-0.004332680639107522,0.004332680639107522
2023-01-01 06:18:00,PVDAQ_4,2.803746,2.7511643704515354,0.05258162954846446,0.05258162954846446
2023-01-01 06:19:00,PVDAQ_4,2.780586,2.7813085692216104,-0.0007225692216104029,0.0007225692216104029
2023-01-01 06:20:00,PVDAQ_4,2.794871,2.751351041015706,0.04351995898429406,0.04351995898429406
2023-01-01 06:21:00,PVDAQ_4,2.792285,2.751325761015705,0.04095923898429499,0.04095923898429499
2023-01-01 06:22:00,PVDAQ_4,2.815092,2.7575380828623395,0.05755391713766045,0.05755391713766045
2023-01-01 06:23:00,PVDAQ_4,2.780491,2.7775955393871588,0.002895460612841294,0.002895460612841294
2023-01-01 06:24:00,PVDAQ_4,2.785745,2.7688415658841614,0.0169034341158385,0.0169034341158385
2023-01-01 06:25:00,PVDAQ_4,2.789165,2.778943819853791,0.010221180146209097,0.010221180146209097
2023-01-01 06:26:00,PVDAQ_4,2.802594,2.7830853375887945,0.019508662411205524,0.019508662411205524
2023-01-01 06:27:00,PVDAQ_4,2.784599,2.790145632334884,-0.005546632334883839,0.005546632334883839
2023-01-01 06:28:00,PVDAQ_4,2.799975,2.7784861921877115,0.021488807812288346,0.021488807812288346
2023-01-01 06:29:00,PVDAQ_4,2.795671,2.777986911464759,0.01768408853524095,0.01768408853524095
2023-01-01 06:30:00,PVDAQ_4,2.78871,2.777986911464759,0.010723088535240954,0.010723088535240954
2023-01-01 06:31:00,PVDAQ_4,2.799106,2.7854622905607003,0.013643709439299823,0.013643709439299823
2023-01-01 06:32:00,PVDAQ_4,2.801807,2.7776845159240167,0.024122484075983497,0.024122484075983497
2023-01-01 06:33:00,PVDAQ_4,2.77567,2.7748501742183076,0.0008198257816922627,0.0008198257816922627
2023-01-01 06:34:00,PVDAQ_4,2.76604,2.7772974415095484,-0.01125744150954855,0.01125744150954855
2023-01-01 06:35:00,PVDAQ_4,2.78644,2.7731466809500596,0.013293319049940244,0.013293319049940244
2023-01-01 06:36:00,PVDAQ_4,2.769201,2.7730316083717743,-0.003830608371774513,0.003830608371774513
2023-01-01 06:37:00,PVDAQ_4,2.776088,2.770557246927095,0.005530753072905181,0.005530753072905181
2023-01-01 06:38:00,PVDAQ_4,2.771969,2.7726738794035195,-0.0007048794035195982,0.0007048794035195982
2023-01-01 06:39:00,PVDAQ_4,2.778204,2.786381299072486,-0.008177299072485766,0.008177299072485766
2023-01-01 06:40:00,PVDAQ_4,2.780656,2.773164756221513,0.007491243778487089,0.007491243778487089
2023-01-01 06:41:00,PVDAQ_4,2.763305,2.7728800159701943,-0.00957501597019439,0.00957501597019439
2023-01-01 06:42:00,PVDAQ_4,2.771263,2.773879011615806,-0.0026160116158062685,0.0026160116158062685
2023-01-01 06:43:00,PVDAQ_4,2.762245,2.7728027861090836,-0.010557786109083533,0.010557786109083533
2023-01-01 06:44:00,PVDAQ_4,2.769156,2.786249026000837,-0.01709302600083662,0.01709302600083662
2023-01-01 06:45:00,PVDAQ_4,2.800841,2.7854600108951497,0.015380989104850418,0.015380989104850418
2023-01-01 06:46:00,PVDAQ_4,2.771882,2.786060791713057,-0.014178791713056693,0.014178791713056693
2023-01-01 06:47:00,PVDAQ_4,2.79383,2.7854850886981795,0.008344911301820357,0.008344911301820357
2023-01-01 06:48:00,PVDAQ_4,2.783955,2.7861237068129507,-0.0021687068129505604,0.0021687068129505604
2023-01-01 06:49:00,PVDAQ_4,2.778659,2.770474062311276,0.008184937688724414,0.008184937688724414
2023-01-01 06:50:00,PVDAQ_4,2.773658,2.777327814859938,-0.00366981485993767,0.00366981485993767
2023-01-01 06:51:00,PVDAQ_4,2.752512,2.7756758020142427,-0.02316380201424284,0.02316380201424284
2023-01-01 06:52:00,PVDAQ_4,2.760004,2.769564344751877,-0.009560344751877281,0.009560344751877281
2023-01-01 06:53:00,PVDAQ_4,2.781212,2.767498613340945,0.013713386659055082,0.013713386659055082
2023-01-01 06:54:00,PVDAQ_4,2.768764,2.768894997958439,-0.0001309979584389609,0.0001309979584389609
2023-01-01 06:55:00,PVDAQ_4,2.749535,2.7688936748624324,-0.01935867486243259,0.01935867486243259
2023-01-01 06:56:00,PVDAQ_4,2.764142,2.7701718376803024,-0.006029837680302297,0.006029837680302297
2023-01-01 06:57:00,PVDAQ_4,2.766659,2.7706922813947847,-0.004033281394784538,0.004033281394784538
2023-01-01 06:58:00,PVDAQ_4,2.785197,2.77909182689946,0.006105173100539929,0.006105173100539929
2023-01-01 06:59:00,PVDAQ_4,2.79421,2.784368781719843,0.009841218280157271,0.009841218280157271
2023-01-01 07:00:00,PVDAQ_4,2.779842,2.78648336729517,-0.006641367295169953,0.006641367295169953
2023-01-01 07:01:00,PVDAQ_4,2.774775,2.7846266775268083,-0.009851677526808267,0.009851677526808267
2023-01-01 07:02:00,PVDAQ_4,2.769002,2.7723128494383182,-0.003310849438318275,0.003310849438318275
2023-01-01 07:03:00,PVDAQ_4,2.756486,2.768270974969111,-0.011784974969110795,0.011784974969110795
2023-01-01 07:04:00,PVDAQ_4,2.751558,2.769856425854847,-0.018298425854846645,0.018298425854846645
2023-01-01 07:05:00,PVDAQ_4,2.774065,2.7665763946689994,0.007488605331000375,0.007488605331000375
2023-01-01 07:06:00,PVDAQ_4,2.761951,2.768255605273096,-0.0063046052730961755,0.0063046052730961755
2023-01-01 07:07:00,PVDAQ_4,2.77265,2.771565071495514,0.001084928504486271,0.001084928504486271
2023-01-01 07:08:00,PVDAQ_4,2.761009,2.76785900286625,-0.006850002866249927,0.006850002866249927
2023-01-01 07:09:00,PVDAQ_4,2.76477,2.764434559341779,0.00033544065822077584,0.00033544065822077584
2023-01-01 07:10:00,PVDAQ_4,2.760876,2.767534293009271,-0.006658293009270899,0.006658293009270899
2023-01-01 07:11:00,PVDAQ_4,2.755781,2.766989903006871,-0.011208903006871385,0.011208903006871385
2023-01-01 07:12:00,PVDAQ_4,2.746351,2.768421324198258,-0.02207032419825783,0.02207032419825783
2023-01-01 07:13:00,PVDAQ_4,2.771963,2.761673414774583,0.010289585225416786,0.010289585225416786
2023-01-01 07:14:00,PVDAQ_4,2.781641,2.7733107728967816,0.008330227103218402,0.008330227103218402
2023-01-01 07:15:00,PVDAQ_4,2.774146,2.7674366792632634,0.006709320736736579,0.006709320736736579
2023-01-01 07:16:00,PVDAQ_4,2.752655,2.76468467775347,-0.012029677753470303,0.012029677753470303
2023-01-01 07:17:00,PVDAQ_4,2.757767,2.7749265919706563,-0.017159591970656418,0.017159591970656418
2023-01-01 07:18:00,PVDAQ_4,2.752806,2.768610314674725,-0.015804314674725095,0.015804314674725095
2023-01-01 07:19:00,PVDAQ_4,2.745298,2.767772142025474,-0.02247414202547393,0.02247414202547393
2023-01-01 07:20:00,PVDAQ_4,2.768133,2.7687146933227718,-0.0005816933227715815,0.0005816933227715815
2023-01-01 07:21:00,PVDAQ_4,2.764399,2.782418076073952,-0.018019076073951812,0.018019076073951812
2023-01-01 07:22:00,PVDAQ_4,2.791699,2.7845211645314962,0.007177835468503702,0.007177835468503702
2023-01-01 07:23:00,PVDAQ_4,2.781365,2.7853158537240637,-0.003950853724063563,0.003950853724063563
2023-01-01 07:24:00,PVDAQ_4,2.786448,2.7853736375493936,0.0010743624506064364,0.0010743624506064364
2023-01-01 07:25:00,PVDAQ_4,2.776719,2.7270003832227427,0.049718616777257196,0.049718616777257196
2023-01-01 07:26:00,PVDAQ_4,2.75789,2.767503260115005,-0.009613260115004962,0.009613260115004962
2023-01-01 07:27:00,PVDAQ_4,2.774598,2.7246083910646144,0.04998960893538573,0.04998960893538573
2023-01-01 07:28:00,PVDAQ_4,2.767771,2.722980650400851,0.04479034959914907,0.04479034959914907
2023-01-01 07:29:00,PVDAQ_4,2.753664,2.5859761103153205,0.16768788968467963,0.16768788968467963
2023-01-01 07:30:00,PVDAQ_4,2.79423,2.557486965308681,0.2367430346913193,0.2367430346913193
2023-01-01 07:31:00,PVDAQ_4,1.84655,1.985498809707469,-0.13894880970746915,0.13894880970746915
2023-01-01 07:32:00,PVDAQ_4,1.320473,1.9143743078353939,-0.5939013078353939,0.5939013078353939
2023-01-01 07:33:00,PVDAQ_4,0.2086686,0.3761369148249997,-0.16746831482499971,0.16746831482499971
2023-01-01 07:34:00,PVDAQ_4,0.0,1.1275936173500005,-1.1275936173500005,1.1275936173500005
2023-01-01 07:35:00,PVDAQ_4,0.0679718599999999,0.5408869839999987,-0.4729151239999988,0.4729151239999988
2023-01-01 07:36:00,PVDAQ_4,0.925226,0.5964617480999997,0.32876425190000025,0.32876425190000025
2023-01-01 07:37:00,PVDAQ_4,1.034088,3.931697272743556,-2.897609272743556,2.897609272743556
2023-01-01 07:38:00,PVDAQ_4,1.298112,3.324311280226823,-2.026199280226823,2.026199280226823
2023-01-01 07:39:00,PVDAQ_4,1.656967,3.139762417639398,-1.4827954176393978,1.4827954176393978
2023-01-01 07:40:00,PVDAQ_4,2.006419,2.9931137931807017,-0.9866947931807015,0.9866947931807015
2023-01-01 07:41:00,PVDAQ_4,2.385407,3.1792274550856314,-0.7938204550856316,0.7938204550856316
2023-01-01 07:42:00,PVDAQ_4,3.048872,4.517888416053759,-1.4690164160537589,1.4690164160537589
2023-01-01 07:43:00,PVDAQ_4,3.710492,5.158931862500002,-1.4484398625000021,1.4484398625000021
2023-01-01 07:44:00,PVDAQ_4,4.301295,6.124380422782738,-1.8230854227827384,1.8230854227827384
2023-01-01 07:45:00,PVDAQ_4,4.756963,6.5843060000000015,-1.8273430000000017,1.8273430000000017
2023-01-01 07:46:00,PVDAQ_4,5.136506,6.591143411666671,-1.4546374116666714,1.4546374116666714
2023-01-01 07:47:00,PVDAQ_4,5.635169,7.166739555000013,-1.5315705550000125,1.5315705550000125
2023-01-01 07:48:00,PVDAQ_4,6.358169,8.158115439999984,-1.7999464399999834,1.7999464399999834
2023-01-01 07:49:00,PVDAQ_4,7.521042999999999,8.614831245000019,-1.0937882450000203,1.0937882450000203
2023-01-01 07:50:00,PVDAQ_4,7.494958999999999,10.035257989999986,-2.540298989999987,2.540298989999987
2023-01-01 07:51:00,PVDAQ_4,8.002758,12.691871810000004,-4.689113810000004,4.689113810000004
2023-01-01 07:52:00,PVDAQ_4,8.702479999999998,13.028783005000005,-4.326303005000007,4.326303005000007
2023-01-01 07:53:00,PVDAQ_4,9.873609,12.097523145000007,-2.2239141450000073,2.2239141450000073
2023-01-01 07:54:00,PVDAQ_4,10.5823,11.986990395000003,-1.404690395000003,1.404690395000003
2023-01-01 07:55:00,PVDAQ_4,11.15469,12.094355400000016,-0.9396654000000151,0.9396654000000151
2023-01-01 07:56:00,PVDAQ_4,11.9728,11.760286770000002,0.21251322999999722,0.21251322999999722
2023-01-01 07:57:00,PVDAQ_4,12.87248,12.71649437500001,0.15598562499998891,0.15598562499998891
2023-01-01 07:58:00,PVDAQ_4,13.83622,13.123367415000002,0.7128525849999985,0.7128525849999985
2023-01-01 07:59:00,PVDAQ_4,14.87726,14.380147205,0.4971127949999996,0.4971127949999996
2023-01-01 08:00:00,PVDAQ_4,16.18171,17.50810625000003,-1.3263962500000304,1.3263962500000304
2023-01-01 08:01:00,PVDAQ_4,17.61245,25.047367549999947,-7.434917549999948,7.434917549999948
2023-01-01 08:02:00,PVDAQ_4,18.76729,26.606528199999968,-7.8392381999999685,7.8392381999999685
2023-01-01 08:03:00,PVDAQ_4,20.3504,26.38840114499996,-6.03800114499996,6.03800114499996
2023-01-01 08:04:00,PVDAQ_4,26.58112,24.619672249999958,1.9614477500000405,1.9614477500000405
2023-01-01 08:05:00,PVDAQ_4,32.5373,30.206326099999924,2.330973900000078,2.330973900000078
2023-01-01 08:06:00,PVDAQ_4,36.2907,30.409935699999945,5.880764300000056,5.880764300000056
2023-01-01 08:07:00,PVDAQ_4,26.94565,35.4485933749999,-8.502943374999901,8.502943374999901
2023-01-01 08:08:00,PVDAQ_4,37.56847,36.34806474333328,1.2204052566667158,1.2204052566667158
2023-01-01 08:09:00,PVDAQ_4,39.78816,39.02141976047616,0.7667402395238412,0.7667402395238412
2023-01-01 08:10:00,PVDAQ_4,40.2997,42.37146400463226,-2.071764004632257,2.071764004632257
2023-01-01 08:11:00,PVDAQ_4,41.29977,42.48146268239751,-1.181692682397511,1.181692682397511
2023-01-01 08:12:00,PVDAQ_4,42.12653,43.65946238932539,-1.5329323893253886,1.5329323893253886
2023-01-01 08:13:00,PVDAQ_4,42.90578,43.5675035418132,-0.6617235418132026,0.6617235418132026
2023-01-01 08:14:00,PVDAQ_4,43.34888,44.81488054776553,-1.4660005477655318,1.4660005477655318
2023-01-01 08:15:00,PVDAQ_4,43.31305,40.58260649999991,2.730443500000085,2.730443500000085
2023-01-01 08:16:00,PVDAQ_4,43.20976,42.92393216095235,0.28582783904765563,0.28582783904765563
2023-01-01 08:17:00,PVDAQ_4,43.1739,42.501888233441775,0.6720117665582279,0.6720117665582279
2023-01-01 08:18:00,PVDAQ_4,43.32948,42.92049888114464,0.40898111885535826,0.40898111885535826
2023-01-01 08:19:00,PVDAQ_4,43.71602,43.13460026339281,0.581419736607188,0.581419736607188
2023-01-01 08:20:00,PVDAQ_4,44.13269,43.43583526708324,0.6968547329167549,0.6968547329167549
2023-01-01 08:21:00,PVDAQ_4,44.98703,44.97288917944436,0.014140820555638811,0.014140820555638811
2023-01-01 08:22:00,PVDAQ_4,46.22179,46.493878982083245,-0.27208898208324683,0.27208898208324683
2023-01-01 08:23:00,PVDAQ_4,47.83887,47.00776692371791,0.8311030762820906,0.8311030762820906
2023-01-01 08:24:00,PVDAQ_4,49.76162,50.03555495833332,-0.2739349583333208,0.2739349583333208
2023-01-01 08:25:00,PVDAQ_4,51.45161,53.220111383333375,-1.7685013833333727,1.7685013833333727
2023-01-01 08:26:00,PVDAQ_4,53.36439,54.68927602500006,-1.3248860250000618,1.3248860250000618
2023-01-01 08:27:00,PVDAQ_4,55.01595,55.102481020753,-0.08653102075300012,0.08653102075300012
2023-01-01 08:28:00,PVDAQ_4,56.62615,56.49953355297618,0.1266164470238209,0.1266164470238209
2023-01-01 08:29:00,PVDAQ_4,58.42132,60.917245649999984,-2.4959256499999825,2.4959256499999825
2023-01-01 08:30:00,PVDAQ_4,59.18745,61.531556149999886,-2.344106149999888,2.344106149999888
2023-01-01 08:31:00,PVDAQ_4,61.66541,64.42559137380943,-2.7601813738094236,2.7601813738094236
2023-01-01 08:32:00,PVDAQ_4,64.12984,65.48202174999984,-1.3521817499998434,1.3521817499998434
2023-01-01 08:33:00,PVDAQ_4,67.31953,68.90645924999986,-1.586929249999855,1.586929249999855
2023-01-01 08:34:00,PVDAQ_4,70.43204,71.11772904999997,-0.685689049999965,0.685689049999965
2023-01-01 08:35:00,PVDAQ_4,74.88592,75.75708474999979,-0.8711647499997923,0.8711647499997923
2023-01-01 08:36:00,PVDAQ_4,78.18586999999998,78.1823088999999,0.0035611000000841386,0.0035611000000841386
2023-01-01 08:37:00,PVDAQ_4,81.10548,80.71822664999989,0.3872533500001083,0.3872533500001083
2023-01-01 08:38:00,PVDAQ_4,81.99158,81.51532149999984,0.47625850000015646,0.47625850000015646
2023-01-01 08:39:00,PVDAQ_4,82.32828,82.72382019999985,-0.3955401999998429,0.3955401999998429
2023-01-01 08:40:00,PVDAQ_4,83.88012999999998,88.11729685833325,-4.237166858333268,4.237166858333268
2023-01-01 08:41:00,PVDAQ_4,83.62824999999998,89.13916540833333,-5.5109154083333465,5.5109154083333465
2023-01-01 08:42:00,PVDAQ_4,88.95327,91.96837613999995,-3.0151061399999435,3.0151061399999435
2023-01-01 08:43:00,PVDAQ_4,92.29781,93.44955584999981,-1.1517458499998128,1.1517458499998128
2023-01-01 08:44:00,PVDAQ_4,91.91089,95.69277191666666,-3.781881916666663,3.781881916666663
2023-01-01 08:45:00,PVDAQ_4,94.71371,97.47244269999992,-2.7587326999999107,2.7587326999999107
2023-01-01 08:46:00,PVDAQ_4,99.68792,101.70772176666664,-2.0198017666666317,2.0198017666666317
2023-01-01 08:47:00,PVDAQ_4,107.5447,109.42281764610392,-1.8781176461039166,1.8781176461039166
2023-01-01 08:48:00,PVDAQ_4,112.3716,116.64650888846153,-4.274908888461525,4.274908888461525
2023-01-01 08:49:00,PVDAQ_4,121.0994,124.23121760161217,-3.1318176016121697,3.1318176016121697
2023-01-01 08:50:00,PVDAQ_4,127.4132,129.45939125833343,-2.0461912583334225,2.0461912583334225
2023-01-01 08:51:00,PVDAQ_4,130.304,134.95181362499997,-4.647813624999969,4.647813624999969
2023-01-01 08:52:00,PVDAQ_4,137.6796,139.6374285,-1.957828500000005,1.957828500000005
2023-01-01 08:53:00,PVDAQ_4,149.0594,149.04587762499992,0.013522375000093234,0.013522375000093234
2023-01-01 08:54:00,PVDAQ_4,150.2876,152.88620449999996,-2.598604499999965,2.598604499999965
2023-01-01 08:55:00,PVDAQ_4,153.8604,154.2828859999999,-0.4224859999999069,0.4224859999999069
2023-01-01 08:56:00,PVDAQ_4,156.9934,157.86006083333302,-0.8666608333330146,0.8666608333330146
2023-01-01 08:57:00,PVDAQ_4,156.8811,156.56926399999992,0.3118360000000848,0.3118360000000848
2023-01-01 08:58:00,PVDAQ_4,159.0644,161.69740599999992,-2.6330059999999094,2.6330059999999094
2023-01-01 08:59:00,PVDAQ_4,154.0862,156.71551349999984,-2.629313499999853,2.629313499999853
2023-01-01 09:00:00,PVDAQ_4,166.291,168.86021499999995,-2.569214999999957,2.569214999999957
2023-01-01 09:01:00,PVDAQ_4,155.6967,158.91114033333307,-3.214440333333073,3.214440333333073
2023-01-01 09:02:00,PVDAQ_4,147.6523,148.939807125,-1.2875071249999905,1.2875071249999905
2023-01-01 09:03:00,PVDAQ_4,139.6488,142.12634841666684,-2.477548416666849,2.477548416666849
2023-01-01 09:04:00,PVDAQ_4,142.4739,146.00553916666684,-3.5316391666668494,3.5316391666668494
2023-01-01 09:05:00,PVDAQ_4,147.203,147.33111168333346,-0.1281116833334579,0.1281116833334579
2023-01-01 09:06:00,PVDAQ_4,147.4617,147.5465004583335,-0.08480045833348981,0.08480045833348981
2023-01-01 09:07:00,PVDAQ_4,153.8792,154.66824875000032,-0.7890487500003189,0.7890487500003189
2023-01-01 09:08:00,PVDAQ_4,164.052,165.89121500000007,-1.839215000000081,1.839215000000081
2023-01-01 09:09:00,PVDAQ_4,171.0253,171.89254000000008,-0.8672400000000948,0.8672400000000948
2023-01-01 09:10:00,PVDAQ_4,179.5453,178.81727600000042,0.7280239999995786,0.7280239999995786
2023-01-01 09:11:00,PVDAQ_4,179.4937,179.0989590000004,0.3947409999995841,0.3947409999995841
2023-01-01 09:12:00,PVDAQ_4,179.4775,182.66974799999977,-3.192247999999779,3.192247999999779
2023-01-01 09:13:00,PVDAQ_4,172.2455,174.00704949999982,-1.7615494999998305,1.7615494999998305
2023-01-01 09:14:00,PVDAQ_4,168.9388,169.54149599999985,-0.6026959999998667,0.6026959999998667
2023-01-01 09:15:00,PVDAQ_4,171.6406,172.50307700000016,-0.8624770000001547,0.8624770000001547
2023-01-01 09:16:00,PVDAQ_4,167.1494,168.60271500000007,-1.4533150000000603,1.4533150000000603
2023-01-01 09:17:00,PVDAQ_4,145.5783,147.73786387500022,-2.1595638750002024,2.1595638750002024
2023-01-01 09:18:00,PVDAQ_4,138.1878,140.19405557857135,-2.0062555785713414,2.0062555785713414
2023-01-01 09:19:00,PVDAQ_4,136.897,136.92081684999974,-0.02381684999974709,0.02381684999974709
2023-01-01 09:20:00,PVDAQ_4,135.0546,136.73111643333348,-1.6765164333334894,1.6765164333334894
2023-01-01 09:21:00,PVDAQ_4,130.6771,132.28462049419196,-1.6075204941919594,1.6075204941919594
2023-01-01 09:22:00,PVDAQ_4,129.6126,130.29156919404767,-0.6789691940476814,0.6789691940476814
2023-01-01 09:23:00,PVDAQ_4,127.0437,127.95129702637078,-0.9075970263707802,0.9075970263707802
2023-01-01 09:24:00,PVDAQ_4,126.2713,126.51576562128066,-0.24446562128066773,0.24446562128066773
2023-01-01 09:25:00,PVDAQ_4,125.9043,126.4728441544285,-0.5685441544284942,0.5685441544284942
2023-01-01 09:26:00,PVDAQ_4,124.1338,125.29841224846567,-1.164612248465673,1.164612248465673
2023-01-01 09:27:00,PVDAQ_4,124.6305,124.99296620872992,-0.3624662087299271,0.3624662087299271
2023-01-01 09:28:00,PVDAQ_4,125.5267,125.15054364375018,0.37615635624982247,0.37615635624982247
2023-01-01 09:29:00,PVDAQ_4,124.4788,125.09178400508961,-0.6129840050896007,0.6129840050896007
2023-01-01 09:30:00,PVDAQ_4,123.7412,124.64325333730423,-0.9020533373042241,0.9020533373042241
2023-01-01 09:31:00,PVDAQ_4,122.213,123.85592012938167,-1.6429201293816789,1.6429201293816789
2023-01-01 09:32:00,PVDAQ_4,121.0155,121.01401315522385,0.0014868447761529069,0.0014868447761529069
2023-01-01 09:33:00,PVDAQ_4,119.5098,119.77367156791668,-0.26387156791668076,0.26387156791668076
2023-01-01 09:34:00,PVDAQ_4,118.8103,119.88189070586655,-1.071590705866555,1.071590705866555
2023-01-01 09:35:00,PVDAQ_4,119.1168,120.56118650211205,-1.444386502112053,1.444386502112053
2023-01-01 09:36:00,PVDAQ_4,120.0067,120.99742989081518,-0.9907298908151887,0.9907298908151887
2023-01-01 09:37:00,PVDAQ_4,122.6887,123.16174534458996,-0.4730453445899627,0.4730453445899627
2023-01-01 09:38:00,PVDAQ_4,125.4083,124.77282032500611,0.6354796749938885,0.6354796749938885
2023-01-01 09:39:00,PVDAQ_4,125.7327,125.90862510664161,-0.1759251066416141,0.1759251066416141
2023-01-01 09:40:00,PVDAQ_4,127.1159,127.7879896325625,-0.6720896325625034,0.6720896325625034
2023-01-01 09:41:00,PVDAQ_4,128.495,128.18690656289675,0.30809343710325265,0.30809343710325265
2023-01-01 09:42:00,PVDAQ_4,130.2168,128.91422739560937,1.3025726043906332,1.3025726043906332
2023-01-01 09:43:00,PVDAQ_4,133.3587,132.6444833047618,0.714216695238207,0.714216695238207
2023-01-01 09:44:00,PVDAQ_4,134.0875,133.512210667981,0.5752893320189969,0.5752893320189969
2023-01-01 09:45:00,PVDAQ_4,132.9521,132.98383689331746,-0.03173689331745777,0.03173689331745777
2023-01-01 09:46:00,PVDAQ_4,132.7774,132.38304235357137,0.3943576464286309,0.3943576464286309
2023-01-01 09:47:00,PVDAQ_4,132.4263,132.67321262619032,-0.24691262619032273,0.24691262619032273
2023-01-01 09:48:00,PVDAQ_4,130.5277,131.3319927721862,-0.8042927721861872,0.8042927721861872
2023-01-01 09:49:00,PVDAQ_4,127.7051,128.84519776112919,-1.1400977611291836,1.1400977611291836
2023-01-01 09:50:00,PVDAQ_4,126.4408,126.68309922152157,-0.24229922152157712,0.24229922152157712
2023-01-01 09:51:00,PVDAQ_4,125.72,125.52588104935685,0.19411895064314422,0.19411895064314422
2023-01-01 09:52:00,PVDAQ_4,126.1006,125.89416537976804,0.2064346202319598,0.2064346202319598
2023-01-01 09:53:00,PVDAQ_4,126.0836,126.08435920900662,-0.0007592090066168566,0.0007592090066168566
2023-01-01 09:54:00,PVDAQ_4,127.8585,126.7225858016034,1.1359141983966055,1.1359141983966055
2023-01-01 09:55:00,PVDAQ_4,128.1042,127.60584483262079,0.49835516737920216,0.49835516737920216
2023-01-01 09:56:00,PVDAQ_4,127.2462,128.63863117711028,-1.3924311771102822,1.3924311771102822
2023-01-01 09:57:00,PVDAQ_4,128.535,130.70366229361463,-2.1686622936146307,2.1686622936146307
2023-01-01 09:58:00,PVDAQ_4,131.2674,132.53941854121288,-1.2720185412128728,1.2720185412128728
2023-01-01 09:59:00,PVDAQ_4,131.474,134.10085592304915,-2.6268559230491633,2.6268559230491633
2023-01-01 10:00:00,PVDAQ_4,133.8738,133.8097074711542,0.06409252884577654,0.06409252884577654
2023-01-01 10:01:00,PVDAQ_4,133.3376,136.29186097500002,-2.954260975000011,2.954260975000011
2023-01-01 10:02:00,PVDAQ_4,134.2322,136.75063097261918,-2.5184309726191714,2.5184309726191714
2023-01-01 10:03:00,PVDAQ_4,136.6925,138.81752928928583,-2.125029289285834,2.125029289285834
2023-01-01 10:04:00,PVDAQ_4,140.5109,139.44549883295446,1.0654011670455361,1.0654011670455361
2023-01-01 10:05:00,PVDAQ_4,143.9857,143.88954758333313,0.09615241666688235,0.09615241666688235
2023-01-01 10:06:00,PVDAQ_4,147.2494,147.0359087500001,0.21349124999991886,0.21349124999991886
2023-01-01 10:07:00,PVDAQ_4,150.504,150.9673269999998,-0.46332699999982196,0.46332699999982196
2023-01-01 10:08:00,PVDAQ_4,153.6995,153.16448349999987,0.5350165000001255,0.5350165000001255
2023-01-01 10:09:00,PVDAQ_4,160.0536,159.93746100000016,0.11613899999983346,0.11613899999983346
2023-01-01 10:10:00,PVDAQ_4,165.9041,166.14113550000013,-0.23703550000013252,0.23703550000013252
2023-01-01 10:11:00,PVDAQ_4,176.794,177.50539999999992,-0.7113999999999123,0.7113999999999123
2023-01-01 10:12:00,PVDAQ_4,196.1092,195.38494950000023,0.724250499999755,0.724250499999755
2023-01-01 10:13:00,PVDAQ_4,217.9375,214.9239499999997,3.0135500000002935,3.0135500000002935
2023-01-01 10:14:00,PVDAQ_4,250.6942,249.88566299999977,0.8085370000002285,0.8085370000002285
2023-01-01 10:15:00,PVDAQ_4,292.1989,292.2947089027784,-0.09580890277840126,0.09580890277840126
2023-01-01 10:16:00,PVDAQ_4,302.1138,303.49792545019824,-1.384125450198212,1.384125450198212
2023-01-01 10:17:00,PVDAQ_4,281.4967,283.1720191453039,-1.6753191453039449,1.6753191453039449
2023-01-01 10:18:00,PVDAQ_4,270.5401,272.1415794178568,-1.6014794178568081,1.6014794178568081
2023-01-01 10:19:00,PVDAQ_4,265.8448,266.62713759999986,-0.7823375999998348,0.7823375999998348
2023-01-01 10:20:00,PVDAQ_4,263.7323,264.7942118500001,-1.061911850000115,1.061911850000115
2023-01-01 10:21:00,PVDAQ_4,262.1102,261.05305116666705,1.057148833332974,1.057148833332974
2023-01-01 10:22:00,PVDAQ_4,266.5056,268.2222406964287,-1.7166406964286693,1.7166406964286693
2023-01-01 10:23:00,PVDAQ_4,271.0514,270.3973064338464,0.6540935661536196,0.6540935661536196
2023-01-01 10:24:00,PVDAQ_4,282.4272,280.77965427500015,1.6475457249998726,1.6475457249998726
2023-01-01 10:25:00,PVDAQ_4,289.3134,292.11866109027835,-2.80526109027835,2.80526109027835
2023-01-01 10:26:00,PVDAQ_4,281.4029,282.67720823690456,-1.2743082369045737,1.2743082369045737
2023-01-01 10:27:00,PVDAQ_4,273.1657,274.2126385000002,-1.0469385000001807,1.0469385000001807
2023-01-01 10:28:00,PVDAQ_4,273.5028,274.52517016666627,-1.0223701666662919,1.0223701666662919
2023-01-01 10:29:00,PVDAQ_4,251.9421,251.16319084999978,0.7789091500002314,0.7789091500002314
2023-01-01 10:30:00,PVDAQ_4,247.9473,246.53449399999954,1.4128060000004723,1.4128060000004723
2023-01-01 10:31:00,PVDAQ_4,241.8796,243.3923744999993,-1.5127744999992956,1.5127744999992956
2023-01-01 10:32:00,PVDAQ_4,231.0056,234.8123545000001,-3.8067545000001246,3.8067545000001246
2023-01-01 10:33:00,PVDAQ_4,219.9702,221.14174749999955,-1.1715474999995479,1.1715474999995479
2023-01-01 10:34:00,PVDAQ_4,210.4528,216.12840050000003,-5.67560050000003,5.67560050000003
2023-01-01 10:35:00,PVDAQ_4,200.9311,204.4841275000003,-3.5530275000003257,3.5530275000003257
2023-01-01 10:36:00,PVDAQ_4,202.2467,201.44846050000058,0.7982394999994256,0.7982394999994256
2023-01-01 10:37:00,PVDAQ_4,209.2858,211.38025949999997,-2.094459499999971,2.094459499999971
2023-01-01 10:38:00,PVDAQ_4,217.7257,220.25986549999965,-2.5341654999996592,2.5341654999996592
2023-01-01 10:39:00,PVDAQ_4,224.5303,221.6066450000001,2.9236549999999113,2.9236549999999113
2023-01-01 10:40:00,PVDAQ_4,232.9068,233.38061199999993,-0.4738119999999242,0.4738119999999242
2023-01-01 10:41:00,PVDAQ_4,242.7245,243.02110399999995,-0.29660399999994524,0.29660399999994524
2023-01-01 10:42:00,PVDAQ_4,252.2773,252.2547775000002,0.022522499999809042,0.022522499999809042
2023-01-01 10:43:00,PVDAQ_4,252.8139,253.13210000000072,-0.31820000000072923,0.31820000000072923
2023-01-01 10:44:00,PVDAQ_4,264.605,260.2302262916668,4.374773708333237,4.374773708333237
2023-01-01 10:45:00,PVDAQ_4,274.7121,273.7320405833334,0.9800594166666201,0.9800594166666201
2023-01-01 10:46:00,PVDAQ_4,292.3525,292.7190704821431,-0.36657048214306087,0.36657048214306087
2023-01-01 10:47:00,PVDAQ_4,291.8554,293.03825300000057,-1.1828530000005912,1.1828530000005912
2023-01-01 10:48:00,PVDAQ_4,303.66,303.1187640952383,0.5412359047617201,0.5412359047617201
2023-01-01 10:49:00,PVDAQ_4,306.6903,307.24900429166723,-0.5587042916672544,0.5587042916672544
2023-01-01 10:50:00,PVDAQ_4,306.4107,305.61298822976244,0.7977117702375836,0.7977117702375836
2023-01-01 10:51:00,PVDAQ_4,314.8989,314.4527396458341,0.44616035416595423,0.44616035416595423
2023-01-01 10:52:00,PVDAQ_4,320.6541,318.4010006600385,2.2530993399615227,2.2530993399615227
2023-01-01 10:53:00,PVDAQ_4,320.3617,318.6416966600385,1.7200033399614654,1.7200033399614654
2023-01-01 10:54:00,PVDAQ_4,326.4208,322.64961728832816,3.771182711671827,3.771182711671827
2023-01-01 10:55:00,PVDAQ_4,324.5545,329.00881702777787,-4.454317027777847,4.454317027777847
2023-01-01 10:56:00,PVDAQ_4,317.0184,318.56597118333315,-1.5475711833331616,1.5475711833331616
2023-01-01 10:57:00,PVDAQ_4,321.2777,318.2855899900794,2.992110009920566,2.992110009920566
2023-01-01 10:58:00,PVDAQ_4,324.7946,327.02021824813806,-2.225618248138062,2.225618248138062
2023-01-01 10:59:00,PVDAQ_4,333.0857,330.97530445165796,2.1103955483420123,2.1103955483420123
2023-01-01 11:00:00,PVDAQ_4,349.5166,345.1919318420725,4.324668157927476,4.324668157927476
2023-01-01 11:01:00,PVDAQ_4,366.6658,348.3539333666672,18.311866633332784,18.311866633332784
2023-01-01 11:02:00,PVDAQ_4,405.7307,403.02621750000014,2.7044824999998696,2.7044824999998696
2023-01-01 11:03:00,PVDAQ_4,425.5646,411.8963345000001,13.668265499999904,13.668265499999904
2023-01-01 11:04:00,PVDAQ_4,524.4922,522.7194477499994,1.7727522500006216,1.7727522500006216
2023-01-01 11:05:00,PVDAQ_4,524.9481,522.9319904999991,2.01610950000088,2.01610950000088
2023-01-01 11:06:00,PVDAQ_4,563.3536,561.3446363147186,2.008963685281401,2.008963685281401
2023-01-01 11:07:00,PVDAQ_4,567.9819,560.9317940000005,7.0501059999994595,7.0501059999994595
2023-01-01 11:08:00,PVDAQ_4,553.4891,544.3426444333345,9.146455566665509,9.146455566665509
2023-01-01 11:09:00,PVDAQ_4,560.0804,559.9234654000005,0.15693459999954484,0.15693459999954484
2023-01-01 11:10:00,PVDAQ_4,525.9252,519.7005774999986,6.224622500001374,6.224622500001374
2023-01-01 11:11:00,PVDAQ_4,521.773,511.77085374999876,10.00214625000126,10.00214625000126
2023-01-01 11:12:00,PVDAQ_4,503.4854,486.3794255000004,17.105974499999604,17.105974499999604
2023-01-01 11:13:00,PVDAQ_4,498.4408,495.57515499999965,2.86564500000037,2.86564500000037
2023-01-01 11:14:00,PVDAQ_4,506.0805,502.14157550000033,3.9389244999996436,3.9389244999996436
2023-01-01 11:15:00,PVDAQ_4,461.9853,467.5394644999996,-5.554164499999615,5.554164499999615
2023-01-01 11:16:00,PVDAQ_4,432.7608,418.9086990000002,13.852100999999834,13.852100999999834
2023-01-01 11:17:00,PVDAQ_4,428.3545,428.092215,0.262284999999963,0.262284999999963
2023-01-01 11:18:00,PVDAQ_4,422.4644,422.68115040000026,-0.21675040000025092,0.21675040000025092
2023-01-01 11:19:00,PVDAQ_4,420.6536,422.4901374999988,-1.8365374999988262,1.8365374999988262
2023-01-01 11:20:00,PVDAQ_4,390.4062,388.44065775,1.9655422499999986,1.9655422499999986
2023-01-01 11:21:00,PVDAQ_4,398.2854,401.2299894000002,-2.9445894000002113,2.9445894000002113
2023-01-01 11:22:00,PVDAQ_4,435.1551,429.81640537499976,5.338694625000244,5.338694625000244
2023-01-01 11:23:00,PVDAQ_4,404.3479,406.4260015666673,-2.0781015666673284,2.0781015666673284
2023-01-01 11:24:00,PVDAQ_4,398.4536,396.9552789999993,1.4983210000007148,1.4983210000007148
2023-01-01 11:25:00,PVDAQ_4,406.1275,404.5402604999995,1.5872395000005213,1.5872395000005213
2023-01-01 11:26:00,PVDAQ_4,419.574,419.2962493068172,0.2777506931828384,0.2777506931828384
2023-01-01 11:27:00,PVDAQ_4,443.8966,436.9882985166673,6.90830148333265,6.90830148333265
2023-01-01 11:28:00,PVDAQ_4,453.7612,448.6594474999997,5.101752500000259,5.101752500000259
2023-01-01 11:29:00,PVDAQ_4,429.0891,427.98646176666654,1.1026382333334368,1.1026382333334368
2023-01-01 11:30:00,PVDAQ_4,439.2615,436.98279710000054,2.278702899999473,2.278702899999473
2023-01-01 11:31:00,PVDAQ_4,454.7022,453.36387349999933,1.3383265000006759,1.3383265000006759
2023-01-01 11:32:00,PVDAQ_4,442.7093,446.0164752499996,-3.3071752499996023,3.3071752499996023
2023-01-01 11:33:00,PVDAQ_4,429.1822,429.5336406666665,-0.3514406666664627,0.3514406666664627
2023-01-01 11:34:00,PVDAQ_4,416.8702,416.9171379999994,-0.04693799999938619,0.04693799999938619
2023-01-01 11:35:00,PVDAQ_4,420.1945,419.8255696999996,0.36893030000038607,0.36893030000038607
2023-01-01 11:36:00,PVDAQ_4,444.4617,443.40326608333316,1.0584339166668428,1.0584339166668428
2023-01-01 11:37:00,PVDAQ_4,449.0466,446.0396614999991,3.0069385000008992,3.0069385000008992
2023-01-01 11:38:00,PVDAQ_4,415.9503,416.970374,-1.0200739999999655,1.0200739999999655
2023-01-01 11:39:00,PVDAQ_4,383.152,372.1067584999997,11.045241500000259,11.045241500000259
2023-01-01 11:40:00,PVDAQ_4,378.3947,366.50812900000017,11.886570999999833,11.886570999999833
2023-01-01 11:41:00,PVDAQ_4,350.1992,350.32100065416597,-0.12180065416595198,0.12180065416595198
2023-01-01 11:42:00,PVDAQ_4,350.3279,347.82770400000067,2.5001959999993346,2.5001959999993346
2023-01-01 11:43:00,PVDAQ_4,371.5334,366.3475770000002,5.1858229999998,5.1858229999998
2023-01-01 11:44:00,PVDAQ_4,403.942,404.1351259999994,-0.1931259999993813,0.1931259999993813
2023-01-01 11:45:00,PVDAQ_4,486.7169,478.64649799999876,8.070402000001252,8.070402000001252
2023-01-01 11:46:00,PVDAQ_4,492.7976,489.845746,2.951853999999969,2.951853999999969
2023-01-01 11:47:00,PVDAQ_4,510.2345,504.8793240000001,5.355175999999915,5.355175999999915
2023-01-01 11:48:00,PVDAQ_4,491.9911,489.7447209999998,2.2463790000002177,2.2463790000002177
2023-01-01 11:49:00,PVDAQ_4,490.3172,486.4141639999993,3.903036000000725,3.903036000000725
2023-01-01 11:50:00,PVDAQ_4,455.8947,452.4018042499992,3.492895750000798,3.492895750000798
2023-01-01 11:51:00,PVDAQ_4,461.9525,460.0079067857143,1.9445932142857032,1.9445932142857032
2023-01-01 11:52:00,PVDAQ_4,463.4425,462.2001265833335,1.24237341666651,1.24237341666651
2023-01-01 11:53:00,PVDAQ_4,435.0612,435.40240349999976,-0.3412034999997786,0.3412034999997786
2023-01-01 11:54:00,PVDAQ_4,416.4857,417.95670749999925,-1.4710074999992457,1.4710074999992457
2023-01-01 11:55:00,PVDAQ_4,423.4594,426.45822399999946,-2.998823999999445,2.998823999999445
2023-01-01 11:56:00,PVDAQ_4,434.7959,439.7185379999995,-4.922637999999495,4.922637999999495
2023-01-01 11:57:00,PVDAQ_4,466.4438,464.6542230000003,1.7895769999997242,1.7895769999997242
2023-01-01 11:58:00,PVDAQ_4,473.8838,473.8459614999992,0.037838500000816566,0.037838500000816566
2023-01-01 11:59:00,PVDAQ_4,447.305,446.98540150000076,0.3195984999992447,0.3195984999992447
2023-01-01 12:00:00,PVDAQ_4,465.9388,464.81807400000054,1.120725999999479,1.120725999999479
2023-01-01 12:01:00,PVDAQ_4,479.8976,476.90583328124995,2.991766718750057,2.991766718750057
2023-01-01 12:02:00,PVDAQ_4,467.817,465.741427333334,2.0755726666660053,2.0755726666660053
2023-01-01 12:03:00,PVDAQ_4,474.7183,475.64843278125,-0.9301327812499949,0.9301327812499949
2023-01-01 12:04:00,PVDAQ_4,551.814,543.397753125001,8.416246874998933,8.416246874998933
2023-01-01 12:05:00,PVDAQ_4,540.838,536.4297204999999,4.408279500000049,4.408279500000049
2023-01-01 12:06:00,PVDAQ_4,533.8356,528.3055266666669,5.530073333333121,5.530073333333121
2023-01-01 12:07:00,PVDAQ_4,529.9756,524.3569359999999,5.618664000000081,5.618664000000081
2023-01-01 12:08:00,PVDAQ_4,533.1799,523.8225016666664,9.357398333333549,9.357398333333549
2023-01-01 12:09:00,PVDAQ_4,583.7581,563.8992453547618,19.85885464523824,19.85885464523824
2023-01-01 12:10:00,PVDAQ_4,633.9961,620.7170925000011,13.279007499998897,13.279007499998897
2023-01-01 12:11:00,PVDAQ_4,637.9797,620.6120095000009,17.36769049999907,17.36769049999907
2023-01-01 12:12:00,PVDAQ_4,678.2754,651.0755760000002,27.199823999999808,27.199823999999808
2023-01-01 12:13:00,PVDAQ_4,685.7425,675.9989519999986,9.743548000001397,9.743548000001397
2023-01-01 12:14:00,PVDAQ_4,744.2104,725.9182420000001,18.292157999999972,18.292157999999972
2023-01-01 12:15:00,PVDAQ_4,689.7438,681.4273964999979,8.316403500002025,8.316403500002025
2023-01-01 12:16:00,PVDAQ_4,643.5914,621.8871170000009,21.704282999999123,21.704282999999123
2023-01-01 12:17:00,PVDAQ_4,628.043,608.0914079999999,19.95159200000012,19.95159200000012
2023-01-01 12:18:00,PVDAQ_4,596.6291,581.6383804999992,14.99071950000075,14.99071950000075
2023-01-01 12:19:00,PVDAQ_4,561.3663,564.052185500001,-2.68588550000095,2.68588550000095
2023-01-01 12:20:00,PVDAQ_4,573.1616,561.382906,11.778693999999973,11.778693999999973
2023-01-01 12:21:00,PVDAQ_4,556.4284,554.07619,2.3522100000000137,2.3522100000000137
2023-01-01 12:22:00,PVDAQ_4,532.4606,532.5192805000003,-0.058680500000264146,0.058680500000264146
2023-01-01 12:23:00,PVDAQ_4,525.8326,526.988927500001,-1.156327500000998,1.156327500000998
2023-01-01 12:24:00,PVDAQ_4,535.0594,532.5799360000007,2.479463999999325,2.479463999999325
2023-01-01 12:25:00,PVDAQ_4,501.5509,495.8899485000001,5.660951499999896,5.660951499999896
2023-01-01 12:26:00,PVDAQ_4,506.7905,503.0686530000001,3.7218469999999115,3.7218469999999115
2023-01-01 12:27:00,PVDAQ_4,555.8894,555.3307455000007,0.5586544999993066,0.5586544999993066
2023-01-01 12:28:00,PVDAQ_4,595.0955,584.8822215000017,10.213278499998296,10.213278499998296
2023-01-01 12:29:00,PVDAQ_4,568.5866,561.4000980000005,7.18650199999945,7.18650199999945
2023-01-01 12:30:00,PVDAQ_4,551.4031,538.8475111250011,12.555588874998875,12.555588874998875
2023-01-01 12:31:00,PVDAQ_4,526.5886,528.5676779999999,-1.979077999999845,1.979077999999845
2023-01-01 12:32:00,PVDAQ_4,495.5364,492.25503000000003,3.2813699999999812,3.2813699999999812
2023-01-01 12:33:00,PVDAQ_4,460.972,460.5097730999998,0.4622269000001893,0.4622269000001893
2023-01-01 12:34:00,PVDAQ_4,460.5873,458.3670377499999,2.2202622500001326,2.2202622500001326
2023-01-01 12:35:00,PVDAQ_4,475.3455,470.4838978333326,4.86160216666741,4.86160216666741
2023-01-01 12:36:00,PVDAQ_4,463.0512,461.8455382499995,1.2056617500005018,1.2056617500005018
2023-01-01 12:37:00,PVDAQ_4,444.9265,443.3791782500004,1.5473217499995826,1.5473217499995826
2023-01-01 12:38:00,PVDAQ_4,438.8606,438.23294449999963,0.6276555000003441,0.6276555000003441
2023-01-01 12:39:00,PVDAQ_4,430.8711,430.34097449999973,0.5301255000002811,0.5301255000002811
2023-01-01 12:40:00,PVDAQ_4,444.095,439.85831799999994,4.236682000000087,4.236682000000087
2023-01-01 12:41:00,PVDAQ_4,433.294,433.50831679999993,-0.21431679999994913,0.21431679999994913
2023-01-01 12:42:00,PVDAQ_4,424.1487,419.27283661111045,4.87586338888957,4.87586338888957
2023-01-01 12:43:00,PVDAQ_4,417.7546,415.3278534999988,2.4267465000011725,2.4267465000011725
2023-01-01 12:44:00,PVDAQ_4,408.1029,409.9108995,-1.8079995000000508,1.8079995000000508
2023-01-01 12:45:00,PVDAQ_4,409.0455,408.6935774999999,0.35192250000011427,0.35192250000011427
2023-01-01 12:46:00,PVDAQ_4,414.7183,413.2016983452371,1.5166016547628942,1.5166016547628942
2023-01-01 12:47:00,PVDAQ_4,412.8112,412.97000661111036,-0.15880661111037853,0.15880661111037853
2023-01-01 12:48:00,PVDAQ_4,408.8622,409.206106999999,-0.3439069999990352,0.3439069999990352
2023-01-01 12:49:00,PVDAQ_4,408.8347,406.52129450833337,2.3134054916666287,2.3134054916666287
2023-01-01 12:50:00,PVDAQ_4,397.4415,392.10660941363597,5.334890586364054,5.334890586364054
2023-01-01 12:51:00,PVDAQ_4,389.9729,359.3334877499998,30.63941225000019,30.63941225000019
2023-01-01 12:52:00,PVDAQ_4,363.3053,335.7077184278948,27.597581572105184,27.597581572105184
2023-01-01 12:53:00,PVDAQ_4,337.8383,327.0442004061853,10.794099593814678,10.794099593814678
2023-01-01 12:54:00,PVDAQ_4,309.2456,310.398558805953,-1.1529588059529488,1.1529588059529488
2023-01-01 12:55:00,PVDAQ_4,304.2989,303.5832723833335,0.7156276166664952,0.7156276166664952
2023-01-01 12:56:00,PVDAQ_4,322.3676,320.59734680416705,1.770253195832936,1.770253195832936
2023-01-01 12:57:00,PVDAQ_4,332.1405,331.4389871694451,0.7015128305548615,0.7015128305548615
2023-01-01 12:58:00,PVDAQ_4,349.6329,340.2524461735214,9.380453826478629,9.380453826478629
2023-01-01 12:59:00,PVDAQ_4,348.752,344.225012432021,4.526987567979006,4.526987567979006
2023-01-01 13:00:00,PVDAQ_4,326.6778,320.5501628524156,6.12763714758438,6.12763714758438
2023-01-01 13:01:00,PVDAQ_4,303.5321,288.24180145105333,15.29029854894668,15.29029854894668
2023-01-01 13:02:00,PVDAQ_4,297.2299,300.7487715000004,-3.5188715000003867,3.5188715000003867
2023-01-01 13:03:00,PVDAQ_4,313.3481,308.4204770000005,4.927622999999471,4.927622999999471
2023-01-01 13:04:00,PVDAQ_4,343.9769,339.0432308696589,4.933669130341116,4.933669130341116
2023-01-01 13:05:00,PVDAQ_4,307.1842,305.4680836750001,1.7161163249998594,1.7161163249998594
2023-01-01 13:06:00,PVDAQ_4,315.0253,312.200889675758,2.8244103242420238,2.8244103242420238
2023-01-01 13:07:00,PVDAQ_4,327.9489,323.431261211073,4.517638788927002,4.517638788927002
2023-01-01 13:08:00,PVDAQ_4,331.1364,327.90669066810443,3.229709331895549,3.229709331895549
2023-01-01 13:09:00,PVDAQ_4,277.9249,280.43111898500007,-2.506218985000089,2.506218985000089
2023-01-01 13:10:00,PVDAQ_4,261.2431,255.3123946190478,5.930705380952219,5.930705380952219
2023-01-01 13:11:00,PVDAQ_4,264.5601,253.1795335329367,11.38056646706329,11.38056646706329
2023-01-01 13:12:00,PVDAQ_4,280.4849,279.2017287749995,1.2831712250005012,1.2831712250005012
2023-01-01 13:13:00,PVDAQ_4,246.6818,246.60914050000002,0.07265949999998611,0.07265949999998611
2023-01-01 13:14:00,PVDAQ_4,250.261,247.4757969999998,2.7852030000001946,2.7852030000001946
2023-01-01 13:15:00,PVDAQ_4,252.7201,253.82021149999954,-1.1001114999995423,1.1001114999995423
2023-01-01 13:16:00,PVDAQ_4,254.1239,253.05848541666634,1.0654145833336486,1.0654145833336486
2023-01-01 13:17:00,PVDAQ_4,262.8393,260.8872965904766,1.9520034095233996,1.9520034095233996
2023-01-01 13:18:00,PVDAQ_4,284.3253,283.74349702263703,0.5818029773629974,0.5818029773629974
2023-01-01 13:19:00,PVDAQ_4,299.2341,295.2417737523809,3.9923262476191326,3.9923262476191326
2023-01-01 13:20:00,PVDAQ_4,326.5391,325.8942278073414,0.6448721926586245,0.6448721926586245
2023-01-01 13:21:00,PVDAQ_4,330.4789,329.0274949781753,1.451405021824712,1.451405021824712
2023-01-01 13:22:00,PVDAQ_4,304.3411,306.1654179090913,-1.8243179090912918,1.8243179090912918
2023-01-01 13:23:00,PVDAQ_4,287.6972,290.4440417777784,-2.7468417777783998,2.7468417777783998
2023-01-01 13:24:00,PVDAQ_4,274.5816,274.3906740672196,0.19092593278037384,0.19092593278037384
2023-01-01 13:25:00,PVDAQ_4,269.1066,267.10185256895403,2.0047474310459847,2.0047474310459847
2023-01-01 13:26:00,PVDAQ_4,280.0054,275.4129611761902,4.5924388238098,4.5924388238098
2023-01-01 13:27:00,PVDAQ_4,289.4293,266.4481018266669,22.981198173333098,22.981198173333098
2023-01-01 13:28:00,PVDAQ_4,305.4281,302.2172477499997,3.2108522500003005,3.2108522500003005
2023-01-01 13:29:00,PVDAQ_4,272.8148,272.4257263878815,0.3890736121184659,0.3890736121184659
2023-01-01 13:30:00,PVDAQ_4,272.12,270.8198367335465,1.3001632664535236,1.3001632664535236
2023-01-01 13:31:00,PVDAQ_4,245.2733,247.57983550000006,-2.3065355000000523,2.3065355000000523
2023-01-01 13:32:00,PVDAQ_4,235.7741,232.69590999999969,3.078190000000319,3.078190000000319
2023-01-01 13:33:00,PVDAQ_4,220.4241,221.27861199999998,-0.8545119999999713,0.8545119999999713
2023-01-01 13:34:00,PVDAQ_4,203.5047,203.98774700000035,-0.4830470000003402,0.4830470000003402
2023-01-01 13:35:00,PVDAQ_4,196.5979,199.45724699999988,-2.8593469999998717,2.8593469999998717
2023-01-01 13:36:00,PVDAQ_4,190.4083,192.58220049999977,-2.1739004999997746,2.1739004999997746
2023-01-01 13:37:00,PVDAQ_4,179.3979,180.59816549999982,-1.20026549999983,1.20026549999983
2023-01-01 13:38:00,PVDAQ_4,172.6992,176.00204008333327,-3.3028400833332796,3.3028400833332796
2023-01-01 13:39:00,PVDAQ_4,175.8377,174.23476133333352,1.602938666666489,1.602938666666489
2023-01-01 13:40:00,PVDAQ_4,173.684,174.56914859999995,-0.8851485999999511,0.8851485999999511
2023-01-01 13:41:00,PVDAQ_4,171.5752,172.7633226666668,-1.1881226666667999,1.1881226666667999
2023-01-01 13:42:00,PVDAQ_4,167.6073,168.75425800000008,-1.146958000000069,1.146958000000069
2023-01-01 13:43:00,PVDAQ_4,165.1163,165.61451899999986,-0.49821899999986385,0.49821899999986385
2023-01-01 13:44:00,PVDAQ_4,161.4634,162.15152116666627,-0.6881211666662637,0.6881211666662637
2023-01-01 13:45:00,PVDAQ_4,155.9761,156.46704066666635,-0.49094066666634717,0.49094066666634717
2023-01-01 13:46:00,PVDAQ_4,150.4088,150.5682394666665,-0.15943946666649822,0.15943946666649822
2023-01-01 13:47:00,PVDAQ_4,143.9976,141.21632644128778,2.781273558712229,2.781273558712229
2023-01-01 13:48:00,PVDAQ_4,140.5872,138.51935544404773,2.067844555952263,2.067844555952263
2023-01-01 13:49:00,PVDAQ_4,138.6656,135.3419388981231,3.3236611018769224,3.3236611018769224
2023-01-01 13:50:00,PVDAQ_4,137.1586,133.79979817934318,3.358801820656822,3.358801820656822
2023-01-01 13:51:00,PVDAQ_4,135.3031,130.9078138910556,4.39528610894439,4.39528610894439
2023-01-01 13:52:00,PVDAQ_4,132.7786,128.25627939457138,4.522320605428632,4.522320605428632
2023-01-01 13:53:00,PVDAQ_4,130.0639,125.12182069435548,4.942079305644512,4.942079305644512
2023-01-01 13:54:00,PVDAQ_4,127.4083,121.9996604515911,5.4086395484089,5.4086395484089
2023-01-01 13:55:00,PVDAQ_4,124.3044,121.2855249472558,3.0188750527442068,3.0188750527442068
2023-01-01 13:56:00,PVDAQ_4,120.9302,120.7325284954421,0.19767150455790272,0.19767150455790272
2023-01-01 13:57:00,PVDAQ_4,118.1711,116.54629288749949,1.6248071125005055,1.6248071125005055
2023-01-01 13:58:00,PVDAQ_4,115.7289,115.14317428684508,0.5857257131549147,0.5857257131549147
2023-01-01 13:59:00,PVDAQ_4,114.6483,115.46849557222205,-0.8201955722220475,0.8201955722220475
2023-01-01 14:00:00,PVDAQ_4,115.8732,115.68964606507922,0.18355393492078065,0.18355393492078065
2023-01-01 14:01:00,PVDAQ_4,117.4408,115.21819146168275,2.222608538317246,2.222608538317246
2023-01-01 14:02:00,PVDAQ_4,120.2957,118.16412774490858,2.131572255091413,2.131572255091413
2023-01-01 14:03:00,PVDAQ_4,123.6704,121.81928345910639,1.8511165408936137,1.8511165408936137
2023-01-01 14:04:00,PVDAQ_4,126.7568,123.08313709710863,3.6736629028913654,3.6736629028913654
2023-01-01 14:05:00,PVDAQ_4,128.3893,127.98645194897217,0.4028480510278172,0.4028480510278172
2023-01-01 14:06:00,PVDAQ_4,136.0228,133.7788926470121,2.2439073529878897,2.2439073529878897
2023-01-01 14:07:00,PVDAQ_4,139.5389,139.35382120476208,0.1850787952379278,0.1850787952379278
2023-01-01 14:08:00,PVDAQ_4,152.2352,149.2761934916669,2.95900650833309,2.95900650833309
2023-01-01 14:09:00,PVDAQ_4,165.4868,159.74017675000016,5.746623249999828,5.746623249999828
2023-01-01 14:10:00,PVDAQ_4,175.6925,172.82003333333338,2.872466666666611,2.872466666666611
2023-01-01 14:11:00,PVDAQ_4,187.5012,179.4286295,8.072570500000012,8.072570500000012
2023-01-01 14:12:00,PVDAQ_4,199.8803,197.94029550000033,1.9400044999996737,1.9400044999996737
2023-01-01 14:13:00,PVDAQ_4,221.8419,220.71113799999995,1.130762000000061,1.130762000000061
2023-01-01 14:14:00,PVDAQ_4,249.1315,247.31840850000015,1.8130914999998424,1.8130914999998424
2023-01-01 14:15:00,PVDAQ_4,261.7292,260.7316416000003,0.9975583999997184,0.9975583999997184
2023-01-01 14:16:00,PVDAQ_4,265.5735,265.85039090793657,-0.27689090793654714,0.27689090793654714
2023-01-01 14:17:00,PVDAQ_4,269.24,268.37163981498753,0.8683601850124774,0.8683601850124774
2023-01-01 14:18:00,PVDAQ_4,279.4236,274.5461268261902,4.877473173809847,4.877473173809847
2023-01-01 14:19:00,PVDAQ_4,286.3011,283.5267476599992,2.774352340000803,2.774352340000803
2023-01-01 14:20:00,PVDAQ_4,272.5896,271.2762319142855,1.313368085714501,1.313368085714501
2023-01-01 14:21:00,PVDAQ_4,268.1964,266.22018515605725,1.9762148439427278,1.9762148439427278
2023-01-01 14:22:00,PVDAQ_4,283.9395,281.14320820833376,2.796291791666249,2.796291791666249
2023-01-01 14:23:00,PVDAQ_4,284.2786,282.84305028697077,1.4355497130292179,1.4355497130292179
2023-01-01 14:24:00,PVDAQ_4,265.754,267.25559366845226,-1.5015936684522444,1.5015936684522444
2023-01-01 14:25:00,PVDAQ_4,249.6238,247.83161099999995,1.792189000000036,1.792189000000036
2023-01-01 14:26:00,PVDAQ_4,261.5224,260.0995405279766,1.42285947202339,1.42285947202339
2023-01-01 14:27:00,PVDAQ_4,259.8553,255.6706433333331,4.1846566666669105,4.1846566666669105
2023-01-01 14:28:00,PVDAQ_4,259.1113,255.53358500000047,3.577714999999557,3.577714999999557
2023-01-01 14:29:00,PVDAQ_4,251.9495,249.2196975000001,2.7298024999998916,2.7298024999998916
2023-01-01 14:30:00,PVDAQ_4,242.7605,239.33959900000002,3.4209009999999864,3.4209009999999864
2023-01-01 14:31:00,PVDAQ_4,233.9144,230.70894949999987,3.2054505000001257,3.2054505000001257
2023-01-01 14:32:00,PVDAQ_4,225.2177,222.08408649999976,3.1336135000002514,3.1336135000002514
2023-01-01 14:33:00,PVDAQ_4,209.4632,203.6515495000001,5.8116504999998995,5.8116504999998995
2023-01-01 14:34:00,PVDAQ_4,199.9556,198.6989624999999,1.256637500000096,1.256637500000096
2023-01-01 14:35:00,PVDAQ_4,179.8405,179.84630449999995,-0.005804499999953805,0.005804499999953805
2023-01-01 14:36:00,PVDAQ_4,164.698,164.6916926666666,0.00630733333341027,0.00630733333341027
2023-01-01 14:37:00,PVDAQ_4,155.5389,156.04569524999982,-0.5067952499998114,0.5067952499998114
2023-01-01 14:38:00,PVDAQ_4,149.3368,149.1075819083334,0.22921809166660978,0.22921809166660978
2023-01-01 14:39:00,PVDAQ_4,142.2689,139.1016321924604,3.1672678075396163,3.1672678075396163
2023-01-01 14:40:00,PVDAQ_4,136.6348,136.51159025394472,0.123209746055295,0.123209746055295
2023-01-01 14:41:00,PVDAQ_4,131.8594,129.02805519788254,2.8313448021174565,2.8313448021174565
2023-01-01 14:42:00,PVDAQ_4,127.7317,123.80495634977953,3.926743650220473,3.926743650220473
2023-01-01 14:43:00,PVDAQ_4,125.3864,122.69161128890137,2.6947887110986244,2.6947887110986244
2023-01-01 14:44:00,PVDAQ_4,123.6867,122.69308615952687,0.993613840473131,0.993613840473131
2023-01-01 14:45:00,PVDAQ_4,123.0773,122.1388943142665,0.9384056857334997,0.9384056857334997
2023-01-01 14:46:00,PVDAQ_4,122.628,122.33188135657907,0.2961186434209253,0.2961186434209253
2023-01-01 14:47:00,PVDAQ_4,121.6738,121.5597082124962,0.11409178750379567,0.11409178750379567
2023-01-01 14:48:00,PVDAQ_4,121.8242,121.05067325434369,0.7735267456563122,0.7735267456563122
2023-01-01 14:49:00,PVDAQ_4,120.9835,120.35616782674204,0.6273321732579689,0.6273321732579689
2023-01-01 14:50:00,PVDAQ_4,120.4427,119.53745258436163,0.905247415638371,0.905247415638371
2023-01-01 14:51:00,PVDAQ_4,119.8767,119.58121280350788,0.2954871964921182,0.2954871964921182
2023-01-01 14:52:00,PVDAQ_4,118.3976,116.72279925889762,1.6748007411023735,1.6748007411023735
2023-01-01 14:53:00,PVDAQ_4,116.6325,116.17952863968243,0.45297136031756224,0.45297136031756224
2023-01-01 14:54:00,PVDAQ_4,115.189,115.85909100510078,-0.6700910051007867,0.6700910051007867
2023-01-01 14:55:00,PVDAQ_4,114.1853,115.33755840075668,-1.1522584007566792,1.1522584007566792
2023-01-01 14:56:00,PVDAQ_4,115.0104,113.99890405363988,1.011495946360128,1.011495946360128
2023-01-01 14:57:00,PVDAQ_4,113.7923,114.1391720862652,-0.3468720862652077,0.3468720862652077
2023-01-01 14:58:00,PVDAQ_4,111.4134,108.47751134027774,2.935888659722252,2.935888659722252
2023-01-01 14:59:00,PVDAQ_4,107.5797,103.89462045833338,3.6850795416666244,3.6850795416666244
2023-01-01 15:00:00,PVDAQ_4,104.9432,102.0713053144443,2.871894685555702,2.871894685555702
2023-01-01 15:01:00,PVDAQ_4,102.6066,100.62497196309526,1.9816280369047377,1.9816280369047377
2023-01-01 15:02:00,PVDAQ_4,100.2135,101.43423271666656,-1.2207327166665607,1.2207327166665607
2023-01-01 15:03:00,PVDAQ_4,97.70847,94.09544672746331,3.6130232725366938,3.6130232725366938
2023-01-01 15:04:00,PVDAQ_4,95.5433,92.97230350000011,2.570996499999893,2.570996499999893
2023-01-01 15:05:00,PVDAQ_4,93.68043,91.47477406904747,2.205655930952531,2.205655930952531
2023-01-01 15:06:00,PVDAQ_4,92.24195,90.99584376071417,1.2461062392858366,1.2461062392858366
2023-01-01 15:07:00,PVDAQ_4,91.76403,91.97631473857135,-0.21228473857134134,0.21228473857134134
2023-01-01 15:08:00,PVDAQ_4,91.53249,91.09462391037985,0.43786608962014384,0.43786608962014384
2023-01-01 15:09:00,PVDAQ_4,91.42054,91.13410588499991,0.2864341150000911,0.2864341150000911
2023-01-01 15:10:00,PVDAQ_4,90.5451,88.17264338083329,2.3724566191667122,2.3724566191667122
2023-01-01 15:11:00,PVDAQ_4,87.65997,84.1971385333331,3.4628314666668985,3.4628314666668985
2023-01-01 15:12:00,PVDAQ_4,84.85119,81.61008938999987,3.2411006100001316,3.2411006100001316
2023-01-01 15:13:00,PVDAQ_4,84.18501,82.0428014999999,2.142208500000109,2.142208500000109
2023-01-01 15:14:00,PVDAQ_4,81.77114,78.14441189999985,3.6267281000001503,3.6267281000001503
2023-01-01 15:15:00,PVDAQ_4,79.79294,75.77876226428563,4.0141777357143695,4.0141777357143695
2023-01-01 15:16:00,PVDAQ_4,77.57598,74.77673069999992,2.799249300000085,2.799249300000085
2023-01-01 15:17:00,PVDAQ_4,75.05920999999998,71.17577854999985,3.8834314500001312,3.8834314500001312
2023-01-01 15:18:00,PVDAQ_4,71.60545,69.08681404999987,2.5186359500001316,2.5186359500001316
2023-01-01 15:19:00,PVDAQ_4,68.96489,66.67051314999992,2.294376850000077,2.294376850000077
2023-01-01 15:20:00,PVDAQ_4,67.18107,64.80339375000003,2.377676249999979,2.377676249999979
2023-01-01 15:21:00,PVDAQ_4,64.92278,61.78760062500005,3.13517937499995,3.13517937499995
2023-01-01 15:22:00,PVDAQ_4,62.10144,59.964309449999945,2.1371305500000517,2.1371305500000517
2023-01-01 15:23:00,PVDAQ_4,59.44358,58.58788961666665,0.8556903833333465,0.8556903833333465
2023-01-01 15:24:00,PVDAQ_4,58.2578,58.54402269999992,-0.286222699999918,0.286222699999918
2023-01-01 15:25:00,PVDAQ_4,57.15136,57.40774498666664,-0.2563849866666459,0.2563849866666459
2023-01-01 15:26:00,PVDAQ_4,57.15009,56.82753280836311,0.32255719163688923,0.32255719163688923
2023-01-01 15:27:00,PVDAQ_4,57.6659,57.50228595002159,0.16361404997841333,0.16361404997841333
2023-01-01 15:28:00,PVDAQ_4,57.67152,57.3868145641666,0.284705435833402,0.284705435833402
2023-01-01 15:29:00,PVDAQ_4,57.01187,57.060893154999974,-0.04902315499997201,0.04902315499997201
2023-01-01 15:30:00,PVDAQ_4,56.48126,56.5692018916667,-0.08794189166670208,0.08794189166670208
2023-01-01 15:31:00,PVDAQ_4,56.35101,56.49648209068452,-0.14547209068452105,0.14547209068452105
2023-01-01 15:32:00,PVDAQ_4,56.41539,56.553386792214944,-0.13799679221494188,0.13799679221494188
2023-01-01 15:33:00,PVDAQ_4,56.62955,56.41987695571967,0.20967304428032918,0.20967304428032918
2023-01-01 15:34:00,PVDAQ_4,56.84112,56.96559397833334,-0.1244739783333415,0.1244739783333415
2023-01-01 15:35:00,PVDAQ_4,56.91825,56.48182614109669,0.4364238589033107,0.4364238589033107
2023-01-01 15:36:00,PVDAQ_4,56.85216,56.68347291202812,0.16868708797187537,0.16868708797187537
2023-01-01 15:37:00,PVDAQ_4,56.63187,56.744360370032425,-0.11249037003242535,0.11249037003242535
2023-01-01 15:38:00,PVDAQ_4,56.21933,55.558257110151445,0.6610728898485547,0.6610728898485547
2023-01-01 15:39:00,PVDAQ_4,55.31174,55.40330087666666,-0.09156087666666224,0.09156087666666224
2023-01-01 15:40:00,PVDAQ_4,53.72797,51.53485450999999,2.193115490000011,2.193115490000011
2023-01-01 15:41:00,PVDAQ_4,51.88417,49.23605825249998,2.6481117475000175,2.6481117475000175
2023-01-01 15:42:00,PVDAQ_4,49.8502,46.57197572293328,3.2782242770667196,3.2782242770667196
2023-01-01 15:43:00,PVDAQ_4,47.82542,45.40339225424607,2.4220277457539297,2.4220277457539297
2023-01-01 15:44:00,PVDAQ_4,46.04074,43.76488621612481,2.275853783875192,2.275853783875192
2023-01-01 15:45:00,PVDAQ_4,44.7356,44.003733790708154,0.7318662092918444,0.7318662092918444
2023-01-01 15:46:00,PVDAQ_4,43.77518,43.533515218495566,0.24166478150443282,0.24166478150443282
2023-01-01 15:47:00,PVDAQ_4,43.16965,43.09602177198092,0.07362822801907498,0.07362822801907498
2023-01-01 15:48:00,PVDAQ_4,42.79045,41.68750086285705,1.10294913714295,1.10294913714295
2023-01-01 15:49:00,PVDAQ_4,42.80394,42.76621064387305,0.03772935612694539,0.03772935612694539
2023-01-01 15:50:00,PVDAQ_4,43.29578,42.831875436309474,0.4639045636905266,0.4639045636905266
2023-01-01 15:51:00,PVDAQ_4,44.03316,43.23687386079042,0.7962861392095846,0.7962861392095846
2023-01-01 15:52:00,PVDAQ_4,44.76021,44.64904645272093,0.11116354727906952,0.11116354727906952
2023-01-01 15:53:00,PVDAQ_4,44.94391,44.78613597757944,0.15777402242056127,0.15777402242056127
2023-01-01 15:54:00,PVDAQ_4,44.31199,43.69995635663461,0.6120336433653932,0.6120336433653932
2023-01-01 15:55:00,PVDAQ_4,43.12454,41.933559191666724,1.1909808083332791,1.1909808083332791
2023-01-01 15:56:00,PVDAQ_4,28.00666,35.84701536749997,-7.840355367499971,7.840355367499971
2023-01-01 15:57:00,PVDAQ_4,39.3942,35.82187430005949,3.5723256999405066,3.5723256999405066
2023-01-01 15:58:00,PVDAQ_4,37.59728,34.22938889999995,3.367891100000051,3.367891100000051
2023-01-01 15:59:00,PVDAQ_4,35.35308,33.96168340000602,1.391396599993982,1.391396599993982
2023-01-01 16:00:00,PVDAQ_4,33.62381,31.05287431750001,2.5709356824999894,2.5709356824999894
2023-01-01 16:01:00,PVDAQ_4,32.16967,28.471406939583293,3.6982630604167106,3.6982630604167106
2023-01-01 16:02:00,PVDAQ_4,30.86381,31.53488140000009,-0.6710714000000877,0.6710714000000877
2023-01-01 16:03:00,PVDAQ_4,29.3249,24.746138224999946,4.5787617750000535,4.5787617750000535
2023-01-01 16:04:00,PVDAQ_4,27.47172,24.45772750999996,3.0139924900000423,3.0139924900000423
2023-01-01 16:05:00,PVDAQ_4,25.51941,21.271268924999994,4.248141075000007,4.248141075000007
2023-01-01 16:06:00,PVDAQ_4,23.88293,21.147712362500002,2.7352176375,2.7352176375
2023-01-01 16:07:00,PVDAQ_4,22.42596,20.51641983916664,1.9095401608333589,1.9095401608333589
2023-01-01 16:08:00,PVDAQ_4,21.14255,22.816474774999975,-1.6739247749999748,1.6739247749999748
2023-01-01 16:09:00,PVDAQ_4,20.10103,21.76545705,-1.664427049999997,1.664427049999997
2023-01-01 16:10:00,PVDAQ_4,19.37696,22.212458549999948,-2.835498549999947,2.835498549999947
2023-01-01 16:11:00,PVDAQ_4,19.0085,20.258837529999962,-1.2503375299999604,1.2503375299999604
2023-01-01 16:12:00,PVDAQ_4,18.93961,18.92126459613092,0.018345403869076904,0.018345403869076904
2023-01-01 16:13:00,PVDAQ_4,18.92127,19.051553191363606,-0.13028319136360622,0.13028319136360622
2023-01-01 16:14:00,PVDAQ_4,18.95389,19.051553191363606,-0.0976631913636048,0.0976631913636048
2023-01-01 16:15:00,PVDAQ_4,18.90679,19.078886054226153,-0.17209605422615226,0.17209605422615226
2023-01-01 16:16:00,PVDAQ_4,18.60124,18.367879346130934,0.23336065386906668,0.23336065386906668
2023-01-01 16:17:00,PVDAQ_4,17.81894,18.775996973863627,-0.9570569738636259,0.9570569738636259
2023-01-01 16:18:00,PVDAQ_4,16.37267,13.646355709999987,2.726314290000012,2.726314290000012
2023-01-01 16:19:00,PVDAQ_4,14.47977,12.364764000663625,2.1150059993363755,2.1150059993363755
2023-01-01 16:20:00,PVDAQ_4,12.6632,9.078348646249998,3.584851353750002,3.584851353750002
2023-01-01 16:21:00,PVDAQ_4,10.96164,7.493156591750009,3.4684834082499902,3.4684834082499902
2023-01-01 16:22:00,PVDAQ_4,9.271187,5.820673968799993,3.450513031200006,3.450513031200006
2023-01-01 16:23:00,PVDAQ_4,7.730186,1.2996099327000021,6.430576067299998,6.430576067299998
2023-01-01 16:24:00,PVDAQ_4,6.178363,1.0963795029500014,5.081983497049999,5.081983497049999
2023-01-01 16:25:00,PVDAQ_4,4.68272,2.3947348501562518,2.287985149843748,2.287985149843748
2023-01-01 16:26:00,PVDAQ_4,3.405807,2.9321466233176467,0.47366037668235306,0.47366037668235306
2023-01-01 16:27:00,PVDAQ_4,2.428341,3.751807952033445,-1.3234669520334448,1.3234669520334448
2023-01-01 16:28:00,PVDAQ_4,1.303998,0.9842841728500002,0.31971382714999974,0.31971382714999974
2023-01-01 16:29:00,PVDAQ_4,0.03992045,1.11643004045,-1.07650959045,1.07650959045
2023-01-01 16:30:00,PVDAQ_4,0.0,0.18571486337499998,-0.18571486337499998,0.18571486337499998
2023-01-01 16:31:00,PVDAQ_4,0.0,0.42079784124999997,-0.42079784124999997,0.42079784124999997
2023-01-01 16:32:00,PVDAQ_4,0.0,0.03201000460000001,-0.03201000460000001,0.03201000460000001
2023-01-01 16:33:00,PVDAQ_4,0.0,0.29213805475,-0.29213805475,0.29213805475
2023-01-01 16:34:00,PVDAQ_4,0.3041342,1.208385013726942,-0.904250813726942,0.904250813726942
2023-01-01 16:35:00,PVDAQ_4,1.299836,1.2152099617632164,0.08462603823678361,0.08462603823678361
2023-01-01 16:36:00,PVDAQ_4,0.7354579,1.6776685428172087,-0.9422106428172087,0.9422106428172087
2023-01-01 16:37:00,PVDAQ_4,1.306264,1.2252390036879435,0.08102499631205662,0.08102499631205662
2023-01-01 16:38:00,PVDAQ_4,1.042354,1.562473120403635,-0.5201191204036351,0.5201191204036351
2023-01-01 16:39:00,PVDAQ_4,1.519878,1.4346506496610614,0.08522735033893869,0.08522735033893869
2023-01-01 16:40:00,PVDAQ_4,1.641041,1.840710706997138,-0.19966970699713804,0.19966970699713804
2023-01-01 16:41:00,PVDAQ_4,2.356219,2.423605217063864,-0.06738621706386416,0.06738621706386416
2023-01-01 16:42:00,PVDAQ_4,2.404795,2.490584342555063,-0.0857893425550631,0.0857893425550631
2023-01-01 16:43:00,PVDAQ_4,2.403642,2.5481705517062023,-0.14452855170620227,0.14452855170620227
2023-01-01 16:44:00,PVDAQ_4,2.419122,2.5564665021473787,-0.13734450214737848,0.13734450214737848
2023-01-01 16:45:00,PVDAQ_4,2.438504,2.441448455730531,-0.002944455730530926,0.002944455730530926
2023-01-01 16:46:00,PVDAQ_4,2.438595,2.434647430900082,0.003947569099918002,0.003947569099918002
2023-01-01 16:47:00,PVDAQ_4,2.423214,2.459277774638629,-0.036063774638628754,0.036063774638628754
2023-01-01 16:48:00,PVDAQ_4,2.430832,2.4577199271367483,-0.026887927136748146,0.026887927136748146
2023-01-01 16:49:00,PVDAQ_4,2.443615,2.4605426208909615,-0.01692762089096167,0.01692762089096167
2023-01-01 16:50:00,PVDAQ_4,2.463364,2.4747236132445947,-0.01135961324459478,0.01135961324459478
2023-01-01 16:51:00,PVDAQ_4,2.46582,2.473662099767076,-0.00784209976707606,0.00784209976707606
2023-01-01 16:52:00,PVDAQ_4,2.464776,2.486716013004758,-0.021940013004758008,0.021940013004758008
2023-01-01 16:53:00,PVDAQ_4,2.488471,2.4730385245449806,0.015432475455019468,0.015432475455019468
2023-01-01 16:54:00,PVDAQ_4,2.471169,2.4732237945449804,-0.002054794544980254,0.002054794544980254
2023-01-01 16:55:00,PVDAQ_4,2.483303,2.4846021137150744,-0.001299113715074629,0.001299113715074629
2023-01-01 16:56:00,PVDAQ_4,2.499869,2.481247440556652,0.01862155944334809,0.01862155944334809
2023-01-01 16:57:00,PVDAQ_4,2.484506,2.486418054940805,-0.0019120549408047083,0.0019120549408047083
2023-01-01 16:58:00,PVDAQ_4,2.477507,2.489977540430609,-0.01247054043060869,0.01247054043060869
2023-01-01 16:59:00,PVDAQ_4,2.486463,2.4913342272758476,-0.004871227275847545,0.004871227275847545
2023-01-01 17:00:00,PVDAQ_4,2.497375,2.482127357251998,0.015247642748001944,0.015247642748001944
2023-01-01 17:01:00,PVDAQ_4,2.493353,2.4973235061576737,-0.003970506157673803,0.003970506157673803
2023-01-01 17:02:00,PVDAQ_4,2.49735,2.5086733045719476,-0.011323304571947634,0.011323304571947634
2023-01-01 17:03:00,PVDAQ_4,2.513033,2.515850643424335,-0.0028176434243349924,0.0028176434243349924
2023-01-01 17:04:00,PVDAQ_4,2.513736,2.4990305575238083,0.014705442476191877,0.014705442476191877
2023-01-01 17:05:00,PVDAQ_4,2.513759,2.507246238868486,0.006512761131513667,0.006512761131513667
2023-01-01 17:06:00,PVDAQ_4,2.526397,2.5229603229261994,0.003436677073800354,0.003436677073800354
2023-01-01 17:07:00,PVDAQ_4,2.542495,2.561012150481903,-0.01851715048190261,0.01851715048190261
2023-01-01 17:08:00,PVDAQ_4,2.542318,2.5648110059839935,-0.02249300598399362,0.02249300598399362
2023-01-01 17:09:00,PVDAQ_4,2.532862,2.5669533063417584,-0.034091306341758276,0.034091306341758276
2023-01-01 17:10:00,PVDAQ_4,2.540598,2.573431794729529,-0.032833794729528964,0.032833794729528964
2023-01-01 17:11:00,PVDAQ_4,2.550256,2.573476501396195,-0.023220501396195026,0.023220501396195026
2023-01-01 17:12:00,PVDAQ_4,2.538862,2.573626305027148,-0.034764305027148,0.034764305027148
2023-01-01 17:13:00,PVDAQ_4,2.541707,2.5520695080607876,-0.010362508060787423,0.010362508060787423
2023-01-01 17:14:00,PVDAQ_4,2.545218,2.573855761309199,-0.028637761309198595,0.028637761309198595
2023-01-01 17:15:00,PVDAQ_4,2.541996,2.562166031716532,-0.020170031716531867,0.020170031716531867
2023-01-01 17:16:00,PVDAQ_4,2.550772,2.552900566532469,-0.0021285665324692893,0.0021285665324692893
2023-01-01 17:17:00,PVDAQ_4,2.555393,2.5636709770651374,-0.008277977065137332,0.008277977065137332
2023-01-01 17:18:00,PVDAQ_4,2.546744,2.56814161910019,-0.021397619100190113,0.021397619100190113
2023-01-01 17:19:00,PVDAQ_4,2.555235,2.5740931866663423,-0.018858186666342203,0.018858186666342203
2023-01-01 17:20:00,PVDAQ_4,2.552113,2.5740931866663423,-0.021980186666342494,0.021980186666342494
2023-01-01 17:21:00,PVDAQ_4,2.551888,2.5740931866663423,-0.022205186666342414,0.022205186666342414
2023-01-01 17:22:00,PVDAQ_4,2.554767,2.56835124804038,-0.013584248040380054,0.013584248040380054
2023-01-01 17:23:00,PVDAQ_4,2.542761,2.559031904883377,-0.016270904883377124,0.016270904883377124
2023-01-01 17:24:00,PVDAQ_4,2.566954,2.5742837170175132,-0.007329717017513282,0.007329717017513282
2023-01-01 17:25:00,PVDAQ_4,2.550675,2.564774197572318,-0.014099197572317923,0.014099197572317923
2023-01-01 17:26:00,PVDAQ_4,2.565387,2.576553576998261,-0.011166576998260958,0.011166576998260958
2023-01-01 17:27:00,PVDAQ_4,2.571373,2.5653504057272363,0.006022594272763637,0.006022594272763637
2023-01-01 17:28:00,PVDAQ_4,2.542785,2.563803839783368,-0.021018839783367937,0.021018839783367937
2023-01-01 17:29:00,PVDAQ_4,2.554657,2.5793672185303222,-0.02471021853032207,0.02471021853032207
2023-01-01 17:30:00,PVDAQ_4,2.549593,2.6241491751490758,-0.07455617514907553,0.07455617514907553
2023-01-01 17:31:00,PVDAQ_4,2.571155,2.5865708572083888,-0.015415857208388672,0.015415857208388672
2023-01-01 17:32:00,PVDAQ_4,2.575296,2.5702601719844838,0.005035828015516053,0.005035828015516053
2023-01-01 17:33:00,PVDAQ_4,2.577152,2.573527515363403,0.003624484636596925,0.003624484636596925
2023-01-01 17:34:00,PVDAQ_4,2.570724,2.5725191444886017,-0.001795144488601963,0.001795144488601963
2023-01-01 17:35:00,PVDAQ_4,2.574677,2.565597867448671,0.009079132551328861,0.009079132551328861
2023-01-01 17:36:00,PVDAQ_4,2.547709,2.586454728219151,-0.03874572821915123,0.03874572821915123
2023-01-01 17:37:00,PVDAQ_4,2.571085,2.572206460096609,-0.0011214600966087396,0.0011214600966087396
2023-01-01 17:38:00,PVDAQ_4,2.580248,2.564188530088489,0.016059469911511304,0.016059469911511304
2023-01-01 17:39:00,PVDAQ_4,2.551928,2.5864697257823055,-0.0345417257823053,0.0345417257823053
2023-01-01 17:40:00,PVDAQ_4,2.580974,2.577558031957047,0.003415968042952855,0.003415968042952855
2023-01-01 17:41:00,PVDAQ_4,2.570226,2.5886988261893835,-0.018472826189383618,0.018472826189383618
2023-01-01 17:42:00,PVDAQ_4,2.579592,2.5886988261893835,-0.009106826189383632,0.009106826189383632
2023-01-01 17:43:00,PVDAQ_4,2.573012,2.5885692387906905,-0.015557238790690597,0.015557238790690597
2023-01-01 17:44:00,PVDAQ_4,2.571709,2.5874839356649635,-0.015774935664963685,0.015774935664963685
2023-01-01 17:45:00,PVDAQ_4,2.570146,2.580224708676906,-0.010078708676906079,0.010078708676906079
2023-01-01 17:46:00,PVDAQ_4,2.602367,2.5924284546617917,0.009938545338208371,0.009938545338208371
2023-01-01 17:47:00,PVDAQ_4,2.583822,2.5924284546617917,-0.008606454661791663,0.008606454661791663
2023-01-01 17:48:00,PVDAQ_4,2.577974,2.584227493837212,-0.006253493837211632,0.006253493837211632
2023-01-01 17:49:00,PVDAQ_4,2.571366,2.580210813343572,-0.008844813343572344,0.008844813343572344
2023-01-01 17:50:00,PVDAQ_4,2.583511,2.579545621308069,0.003965378691931143,0.003965378691931143
2023-01-01 17:51:00,PVDAQ_4,2.578566,2.5806036749247414,-0.002037674924741495,0.002037674924741495
2023-01-01 17:52:00,PVDAQ_4,2.590464,2.5808322941330744,0.009631705866925522,0.009631705866925522
2023-01-01 17:53:00,PVDAQ_4,2.580273,2.579567181808068,0.0007058181919319395,0.0007058181919319395
2023-01-01 17:54:00,PVDAQ_4,2.582561,2.5831020132016516,-0.0005410132016514524,0.0005410132016514524
2023-01-01 17:55:00,PVDAQ_4,2.584893,2.5886988261893835,-0.00380582618938341,0.00380582618938341
2023-01-01 17:56:00,PVDAQ_4,2.597424,2.585084783701114,0.012339216298886235,0.012339216298886235
2023-01-01 17:57:00,PVDAQ_4,2.597319,2.588853962647717,0.008465037352283211,0.008465037352283211
2023-01-01 17:58:00,PVDAQ_4,2.578016,2.587890111083885,-0.00987411108388514,0.00987411108388514
2023-01-01 17:59:00,PVDAQ_4,2.581246,2.5807073064802535,0.0005386935197466691,0.0005386935197466691
2023-01-01 18:00:00,PVDAQ_4,2.579846,2.5875701124252033,-0.007724112425203433,0.007724112425203433
2023-01-01 18:01:00,PVDAQ_4,2.585815,2.5919606304409673,-0.006145630440967054,0.006145630440967054
2023-01-01 18:02:00,PVDAQ_4,2.606337,2.589855116668369,0.016481883331630698,0.016481883331630698
2023-01-01 18:03:00,PVDAQ_4,2.604124,2.591540545220538,0.012583454779462322,0.012583454779462322
2023-01-01 18:04:00,PVDAQ_4,2.609358,2.587846684203782,0.0215113157962179,0.0215113157962179
2023-01-01 18:05:00,PVDAQ_4,2.600698,2.591896943885818,0.008801056114181804,0.008801056114181804
2023-01-01 18:06:00,PVDAQ_4,2.592636,2.5916689112455042,0.000967088754495915,0.000967088754495915
2023-01-01 18:07:00,PVDAQ_4,2.592338,2.58636642604151,0.005971573958489795,0.005971573958489795
2023-01-01 18:08:00,PVDAQ_4,2.588552,2.590897118008428,-0.00234511800842796,0.00234511800842796
2023-01-01 18:09:00,PVDAQ_4,2.597882,2.5878570156855485,0.010024984314451313,0.010024984314451313
2023-01-01 18:10:00,PVDAQ_4,2.593777,2.591452815710734,0.0023241842892662845,0.0023241842892662845
2023-01-01 18:11:00,PVDAQ_4,2.623041,2.693927370152305,-0.07088637015230503,0.07088637015230503
2023-01-01 18:12:00,PVDAQ_4,2.631053,2.6905783499877343,-0.05952534998773418,0.05952534998773418
2023-01-01 18:13:00,PVDAQ_4,2.610953,2.691711427238059,-0.08075842723805904,0.08075842723805904
2023-01-01 18:14:00,PVDAQ_4,2.613244,2.6768506665265583,-0.06360666652655844,0.06360666652655844
2023-01-01 18:15:00,PVDAQ_4,2.64364,2.6868211503027304,-0.0431811503027304,0.0431811503027304
2023-01-01 18:16:00,PVDAQ_4,2.624768,2.6767191817803475,-0.05195118178034752,0.05195118178034752
2023-01-01 18:17:00,PVDAQ_4,2.631972,2.6470267429587477,-0.015054742958747536,0.015054742958747536
2023-01-01 18:18:00,PVDAQ_4,2.612047,2.666771524809343,-0.05472452480934287,0.05472452480934287
2023-01-01 18:19:00,PVDAQ_4,2.620355,2.645458776209196,-0.025103776209196127,0.025103776209196127
2023-01-01 18:20:00,PVDAQ_4,2.62018,2.6656602430260437,-0.0454802430260437,0.0454802430260437
2023-01-01 18:21:00,PVDAQ_4,2.626901,2.6655950122643013,-0.038694012264301136,0.038694012264301136
2023-01-01 18:22:00,PVDAQ_4,2.639909,2.6731032087416535,-0.033194208741653686,0.033194208741653686
2023-01-01 18:23:00,PVDAQ_4,2.633756,2.650231116198574,-0.016475116198574113,0.016475116198574113
2023-01-01 18:24:00,PVDAQ_4,2.613421,2.651035564329904,-0.03761456432990373,0.03761456432990373
2023-01-01 18:25:00,PVDAQ_4,2.622928,2.683835378157399,-0.060907378157398995,0.060907378157398995
2023-01-01 18:26:00,PVDAQ_4,2.629491,2.683968359862126,-0.05447735986212621,0.05447735986212621
2023-01-01 18:27:00,PVDAQ_4,2.636541,2.6731032087416535,-0.03656220874165372,0.03656220874165372
2023-01-01 18:28:00,PVDAQ_4,2.62947,2.662835205481609,-0.03336520548160893,0.03336520548160893
2023-01-01 18:29:00,PVDAQ_4,2.618272,2.662041255887352,-0.04376925588735192,0.04376925588735192
2023-01-01 18:30:00,PVDAQ_4,2.607391,2.66150352824999,-0.054112528249990355,0.054112528249990355
2023-01-01 18:31:00,PVDAQ_4,2.633523,2.6469278839031523,-0.01340488390315242,0.01340488390315242
2023-01-01 18:32:00,PVDAQ_4,2.6356,2.6731032087416535,-0.03750320874165336,0.03750320874165336
2023-01-01 18:33:00,PVDAQ_4,2.616425,2.6587057752211622,-0.04228077522116225,0.04228077522116225
2023-01-01 18:34:00,PVDAQ_4,2.623303,2.6730560247031923,-0.04975302470319232,0.04975302470319232
2023-01-01 18:35:00,PVDAQ_4,2.645065,2.6755321983375957,-0.03046719833759548,0.03046719833759548
2023-01-01 18:36:00,PVDAQ_4,2.626632,2.656213722288809,-0.029581722288809065,0.029581722288809065
2023-01-01 18:37:00,PVDAQ_4,2.638139,2.641990187797279,-0.0038511877972791098,0.0038511877972791098
2023-01-01 18:38:00,PVDAQ_4,2.637828,2.653430453278982,-0.015602453278982242,0.015602453278982242
2023-01-01 18:39:00,PVDAQ_4,2.63003,2.6653387291187123,-0.03530872911871219,0.03530872911871219
2023-01-01 18:40:00,PVDAQ_4,2.632288,2.6537921518094545,-0.02150415180945453,0.02150415180945453
2023-01-01 18:41:00,PVDAQ_4,2.620343,2.662835205481609,-0.042492205481608813,0.042492205481608813
2023-01-01 18:42:00,PVDAQ_4,2.626059,2.668472896753243,-0.04241389675324303,0.04241389675324303
2023-01-01 18:43:00,PVDAQ_4,2.62074,2.677863517050318,-0.05712351705031793,0.05712351705031793
2023-01-01 18:44:00,PVDAQ_4,2.642976,2.6796847392967194,-0.03670873929671936,0.03670873929671936
2023-01-01 18:45:00,PVDAQ_4,2.655133,2.671302282543868,-0.016169282543867958,0.016169282543867958
2023-01-01 18:46:00,PVDAQ_4,2.637678,2.6689487492857995,-0.031270749285799315,0.031270749285799315
2023-01-01 18:47:00,PVDAQ_4,2.62733,2.669992414177468,-0.042662414177467856,0.042662414177467856
2023-01-01 18:48:00,PVDAQ_4,2.643228,2.6711333329172278,-0.027905332917227632,0.027905332917227632
2023-01-01 18:49:00,PVDAQ_4,2.631205,2.6809376489585173,-0.049732648958517256,0.049732648958517256
2023-01-01 18:50:00,PVDAQ_4,2.641427,2.6642377859576523,-0.02281078595765207,0.02281078595765207
2023-01-01 18:51:00,PVDAQ_4,2.6413,2.6689108392800085,-0.027610839280008292,0.027610839280008292
2023-01-01 18:52:00,PVDAQ_4,2.637744,2.6740520894874686,-0.03630808948746855,0.03630808948746855
2023-01-01 18:53:00,PVDAQ_4,2.636129,2.681174000415486,-0.04504500041548587,0.04504500041548587
2023-01-01 18:54:00,PVDAQ_4,2.642388,2.6727085979156873,-0.03032059791568731,0.03032059791568731
2023-01-01 18:55:00,PVDAQ_4,2.643169,2.6672255766681086,-0.024056576668108676,0.024056576668108676
2023-01-01 18:56:00,PVDAQ_4,2.652786,2.675318387960695,-0.02253238796069512,0.02253238796069512
2023-01-01 18:57:00,PVDAQ_4,2.642997,2.6751858148281444,-0.03218881482814462,0.03218881482814462
2023-01-01 18:58:00,PVDAQ_4,2.623887,2.6734720634965425,-0.04958506349654268,0.04958506349654268
2023-01-01 18:59:00,PVDAQ_4,2.657707,2.6747556076021737,-0.01704860760217386,0.01704860760217386
2023-01-01 19:00:00,PVDAQ_4,2.666215,2.681494252886706,-0.015279252886706285,0.015279252886706285
2023-01-01 19:01:00,PVDAQ_4,2.647671,2.676211627867096,-0.028540627867096102,0.028540627867096102
2023-01-01 19:02:00,PVDAQ_4,2.642489,2.6821696561690076,-0.03968065616900773,0.03968065616900773
2023-01-01 19:03:00,PVDAQ_4,2.656349,2.6766538488390115,-0.020304848839011402,0.020304848839011402
2023-01-01 19:04:00,PVDAQ_4,2.651176,2.6758654905500534,-0.024689490550053428,0.024689490550053428
2023-01-01 19:05:00,PVDAQ_4,2.637304,2.6771745311197113,-0.039870531119711394,0.039870531119711394
2023-01-01 19:06:00,PVDAQ_4,2.655909,2.681174000415486,-0.02526500041548596,0.02526500041548596
2023-01-01 19:07:00,PVDAQ_4,2.647355,2.674490799959655,-0.02713579995965487,0.02713579995965487
2023-01-01 19:08:00,PVDAQ_4,2.656761,2.6759714382802606,-0.0192104382802607,0.0192104382802607
2023-01-01 19:09:00,PVDAQ_4,2.654045,2.675424088870328,-0.021379088870328022,0.021379088870328022
2023-01-01 19:10:00,PVDAQ_4,2.657826,2.6709125277798993,-0.01308652777989927,0.01308652777989927
2023-01-01 19:11:00,PVDAQ_4,2.657426,2.679466936913778,-0.02204093691377773,0.02204093691377773
2023-01-01 19:12:00,PVDAQ_4,2.662589,2.6813428403901627,-0.01875384039016259,0.01875384039016259
2023-01-01 19:13:00,PVDAQ_4,2.65991,2.6764099410827513,-0.016499941082751324,0.016499941082751324
2023-01-01 19:14:00,PVDAQ_4,2.658651,2.6713784076849008,-0.012727407684900882,0.012727407684900882
2023-01-01 19:15:00,PVDAQ_4,2.654626,2.6758654905500534,-0.021239490550053475,0.021239490550053475
2023-01-01 19:16:00,PVDAQ_4,2.667258,2.6758654905500534,-0.008607490550053498,0.008607490550053498
2023-01-01 19:17:00,PVDAQ_4,2.668959,2.681174000415486,-0.012215000415485733,0.012215000415485733
2023-01-01 19:18:00,PVDAQ_4,2.665317,2.6848707944594166,-0.01955379445941663,0.01955379445941663
2023-01-01 19:19:00,PVDAQ_4,2.673039,2.679849515387444,-0.006810515387444038,0.006810515387444038
2023-01-01 19:20:00,PVDAQ_4,2.678213,2.6800764686826564,-0.0018634686826564106,0.0018634686826564106
2023-01-01 19:21:00,PVDAQ_4,2.65957,2.6823981312017184,-0.02282813120171845,0.02282813120171845
2023-01-01 19:22:00,PVDAQ_4,2.667914,2.679945196965873,-0.012031196965872848,0.012031196965872848
2023-01-01 19:23:00,PVDAQ_4,2.658514,2.6801407349974755,-0.021626734997475694,0.021626734997475694
2023-01-01 19:24:00,PVDAQ_4,2.663448,2.681361000450208,-0.017913000450208383,0.017913000450208383
2023-01-01 19:25:00,PVDAQ_4,2.655921,2.677205241995907,-0.02128424199590695,0.02128424199590695
2023-01-01 19:26:00,PVDAQ_4,2.662311,2.6766538488390115,-0.014342848839011602,0.014342848839011602
2023-01-01 19:27:00,PVDAQ_4,2.665504,2.671734942349454,-0.006230942349453983,0.006230942349453983
2023-01-01 19:28:00,PVDAQ_4,2.657423,2.682806803043888,-0.025383803043887987,0.025383803043887987
2023-01-01 19:29:00,PVDAQ_4,2.673986,2.682754685595656,-0.00876868559565569,0.00876868559565569
2023-01-01 19:30:00,PVDAQ_4,2.662374,2.6837142859438,-0.021340285943800108,0.021340285943800108
2023-01-01 19:31:00,PVDAQ_4,2.685937,2.6837142859438,0.0022227140562001146,0.0022227140562001146
2023-01-01 19:32:00,PVDAQ_4,2.687533,2.6837142859438,0.0038187140562002675,0.0038187140562002675
2023-01-01 19:33:00,PVDAQ_4,2.689481,2.682704565127326,0.006776434872673764,0.006776434872673764
2023-01-01 19:34:00,PVDAQ_4,2.667698,2.684189427165892,-0.016491427165891803,0.016491427165891803
2023-01-01 19:35:00,PVDAQ_4,2.664315,2.6837142859438,-0.019399285943799693,0.019399285943799693
2023-01-01 19:36:00,PVDAQ_4,2.673209,2.683510536515413,-0.010301536515413101,0.010301536515413101
2023-01-01 19:37:00,PVDAQ_4,2.690559,2.6850462142802054,0.005512785719794522,0.005512785719794522
2023-01-01 19:38:00,PVDAQ_4,2.674967,2.6836113933820793,-0.00864439338207923,0.00864439338207923
2023-01-01 19:39:00,PVDAQ_4,2.670769,2.6835527545302273,-0.012783754530227398,0.012783754530227398
2023-01-01 19:40:00,PVDAQ_4,2.672198,2.6848707944594166,-0.012672794459416714,0.012672794459416714
2023-01-01 19:41:00,PVDAQ_4,2.667876,2.6849235645004006,-0.01704756450040046,0.01704756450040046
2023-01-01 19:42:00,PVDAQ_4,2.67152,2.6823968670426006,-0.010876867042600491,0.010876867042600491
2023-01-01 19:43:00,PVDAQ_4,2.686417,2.6834360135894384,0.002980986410561659,0.002980986410561659
2023-01-01 19:44:00,PVDAQ_4,2.686463,2.6852944785108104,0.0011685214891894447,0.0011685214891894447
2023-01-01 19:45:00,PVDAQ_4,2.688312,2.6847542685615293,0.0035577314384704906,0.0035577314384704906
2023-01-01 19:46:00,PVDAQ_4,2.675081,2.6840939060292874,-0.009012906029287393,0.009012906029287393
2023-01-01 19:47:00,PVDAQ_4,2.69241,2.6840939060292874,0.008316093970712757,0.008316093970712757
2023-01-01 19:48:00,PVDAQ_4,2.703049,2.6859951211298694,0.017053878870130657,0.017053878870130657
2023-01-01 19:49:00,PVDAQ_4,2.691181,2.6852017799516235,0.005979220048376366,0.005979220048376366
2023-01-01 19:50:00,PVDAQ_4,2.678065,2.6850462142802054,-0.006981214280205261,0.006981214280205261
2023-01-01 19:51:00,PVDAQ_4,2.665023,2.684384641391476,-0.019361641391475892,0.019361641391475892
2023-01-01 19:52:00,PVDAQ_4,2.672484,2.6850462142802054,-0.012562214280205541,0.012562214280205541
2023-01-01 19:53:00,PVDAQ_4,2.682378,2.6850462142802054,-0.002668214280205472,0.002668214280205472
2023-01-01 19:54:00,PVDAQ_4,2.679473,2.684506382952843,-0.005033382952842835,0.005033382952842835
2023-01-01 19:55:00,PVDAQ_4,2.677182,2.683901285978522,-0.006719285978521672,0.006719285978521672
2023-01-01 19:56:00,PVDAQ_4,2.674452,2.683901285978522,-0.009449285978521793,0.009449285978521793
2023-01-01 19:57:00,PVDAQ_4,2.700044,2.685299406071753,0.014744593928246896,0.014744593928246896
2023-01-01 19:58:00,PVDAQ_4,2.683651,2.684660008684986,-0.0010090086849863233,0.0010090086849863233
2023-01-01 19:59:00,PVDAQ_4,2.6891,2.683901285978522,0.005198714021477979,0.005198714021477979
2023-01-01 20:00:00,PVDAQ_4,2.666409,2.6833643044968176,-0.016955304496817813,0.016955304496817813
2023-01-01 20:01:00,PVDAQ_4,2.685924,2.685098984321189,0.0008250156788109919,0.0008250156788109919
2023-01-01 20:02:00,PVDAQ_4,2.686768,2.6833643044968176,0.0034036955031822025,0.0034036955031822025
2023-01-01 20:03:00,PVDAQ_4,2.68708,2.683901285978522,0.0031787140214780685,0.0031787140214780685
2023-01-01 20:04:00,PVDAQ_4,2.688983,2.683901285978522,0.0050817140214780565,0.0050817140214780565
2023-01-01 20:05:00,PVDAQ_4,2.700696,2.6833643044968176,0.017331695503182587,0.017331695503182587
2023-01-01 20:06:00,PVDAQ_4,2.68704,2.6833643044968176,0.0036756955031824745,0.0036756955031824745
2023-01-01 20:07:00,PVDAQ_4,2.677199,2.684660008684986,-0.007461008684986226,0.007461008684986226
2023-01-01 20:08:00,PVDAQ_4,2.691843,2.687030667331881,0.00481233266811909,0.00481233266811909
2023-01-01 20:09:00,PVDAQ_4,2.680425,2.6852944785108104,-0.004869478510810321,0.004869478510810321
2023-01-01 20:10:00,PVDAQ_4,2.673097,2.6852944785108104,-0.012197478510810544,0.012197478510810544
2023-01-01 20:11:00,PVDAQ_4,2.673683,2.6847542685615293,-0.01107126856152929,0.01107126856152929
2023-01-01 20:12:00,PVDAQ_4,2.709789,2.6848328947675544,0.024956105232445402,0.024956105232445402
2023-01-01 20:13:00,PVDAQ_4,2.688637,2.6859403979383725,0.0026966020616274733,0.0026966020616274733
2023-01-01 20:14:00,PVDAQ_4,2.693341,2.6849776274595656,0.008363372540434622,0.008363372540434622
2023-01-01 20:15:00,PVDAQ_4,2.693411,2.6873466892090265,0.006064310790973693,0.006064310790973693
2023-01-01 20:16:00,PVDAQ_4,2.68662,2.686554545761976,6.54542380238432e-05,6.54542380238432e-05
2023-01-01 20:17:00,PVDAQ_4,2.69622,2.6850945215697344,0.011125478430265456,0.011125478430265456
2023-01-01 20:18:00,PVDAQ_4,2.695014,2.6851486429429876,0.009865357057012414,0.009865357057012414
2023-01-01 20:19:00,PVDAQ_4,2.703706,2.6849776274595656,0.018728372540434357,0.018728372540434357
2023-01-01 20:20:00,PVDAQ_4,2.692806,2.687994872376736,0.004811127623264078,0.004811127623264078
2023-01-01 20:21:00,PVDAQ_4,2.687826,2.6860319533956236,0.0017940466043762093,0.0017940466043762093
2023-01-01 20:22:00,PVDAQ_4,2.685211,2.685673483080427,-0.0004624830804274005,0.0004624830804274005
2023-01-01 20:23:00,PVDAQ_4,2.693838,2.686279578075347,0.007558421924652947,0.007558421924652947
2023-01-01 20:24:00,PVDAQ_4,2.699895,2.684657568613531,0.015237431386469158,0.015237431386469158
2023-01-01 20:25:00,PVDAQ_4,2.687719,2.6870720135007127,0.0006469864992872942,0.0006469864992872942
2023-01-01 20:26:00,PVDAQ_4,2.70583,2.6849776274595656,0.020852372540434594,0.020852372540434594
2023-01-01 20:27:00,PVDAQ_4,2.704399,2.6851257370642965,0.019273262935703528,0.019273262935703528
2023-01-01 20:28:00,PVDAQ_4,2.699867,2.686378218615784,0.01348878138421572,0.01348878138421572
2023-01-01 20:29:00,PVDAQ_4,2.698574,2.6849776274595656,0.01359637254043422,0.01359637254043422
2023-01-01 20:30:00,PVDAQ_4,2.71335,2.6851486429429876,0.028201357057012544,0.028201357057012544
2023-01-01 20:31:00,PVDAQ_4,2.702536,2.685911797166759,0.01662420283324062,0.01662420283324062
2023-01-01 20:32:00,PVDAQ_4,2.700988,2.6892907083454403,0.011697291654559905,0.011697291654559905
2023-01-01 20:33:00,PVDAQ_4,2.71316,2.6871717977691616,0.025988202230838198,0.025988202230838198
2023-01-01 20:34:00,PVDAQ_4,2.722043,2.6871717977691616,0.034871202230838616,0.034871202230838616
2023-01-01 20:35:00,PVDAQ_4,2.701677,2.6869472607730347,0.01472973922696541,0.01472973922696541
2023-01-01 20:36:00,PVDAQ_4,2.709008,2.6869472607730347,0.022060739226965165,0.022060739226965165
2023-01-01 20:37:00,PVDAQ_4,2.710701,2.6841877611847895,0.026513238815210283,0.026513238815210283
2023-01-01 20:38:00,PVDAQ_4,2.712515,2.6873225934627896,0.02519240653721022,0.02519240653721022
2023-01-01 20:39:00,PVDAQ_4,2.715505,2.6841877611847895,0.03131723881521031,0.03131723881521031
2023-01-01 20:40:00,PVDAQ_4,2.711062,2.6871717977691616,0.023890202230838486,0.023890202230838486
2023-01-01 20:41:00,PVDAQ_4,2.704378,2.6869472607730347,0.017430739226965475,0.017430739226965475
2023-01-01 20:42:00,PVDAQ_4,2.699783,2.689987057450949,0.00979594254905125,0.00979594254905125
2023-01-01 20:43:00,PVDAQ_4,2.712585,2.6867784902242597,0.02580650977574006,0.02580650977574006
2023-01-01 20:44:00,PVDAQ_4,2.714265,2.687439886967574,0.026825113032426184,0.026825113032426184
2023-01-01 20:45:00,PVDAQ_4,2.726696,2.6871717977691616,0.03952420223083841,0.03952420223083841
2023-01-01 20:46:00,PVDAQ_4,2.709394,2.6867784902242597,0.02261550977574034,0.02261550977574034
2023-01-01 20:47:00,PVDAQ_4,2.673458,2.689273943543509,-0.015815943543509015,0.015815943543509015
2023-01-01 20:48:00,PVDAQ_4,2.676502,2.688598755163194,-0.012096755163193862,0.012096755163193862
2023-01-01 20:49:00,PVDAQ_4,2.657395,2.6891339573574684,-0.031738957357468234,0.031738957357468234
2023-01-01 20:50:00,PVDAQ_4,2.671747,2.6850225227704265,-0.013275522770426651,0.013275522770426651
2023-01-01 20:51:00,PVDAQ_4,2.67713,2.6829946209365017,-0.005864620936501641,0.005864620936501641
2023-01-01 20:52:00,PVDAQ_4,2.6763,2.6836478926327216,-0.007347892632721731,0.007347892632721731
2023-01-01 20:53:00,PVDAQ_4,2.679119,2.683180611252886,-0.004061611252886177,0.004061611252886177
2023-01-01 20:54:00,PVDAQ_4,2.681972,2.6740769586081563,0.007895041391843716,0.007895041391843716
2023-01-01 20:55:00,PVDAQ_4,2.683576,2.68605093519481,-0.002474935194809902,0.002474935194809902
2023-01-01 20:56:00,PVDAQ_4,2.683915,2.6846160110415593,-0.0007010110415595072,0.0007010110415595072
2023-01-01 20:57:00,PVDAQ_4,2.679249,2.68599113436575,-0.006742134365750108,0.006742134365750108
2023-01-01 20:58:00,PVDAQ_4,2.680802,2.684294469394236,-0.0034924693942359752,0.0034924693942359752
2023-01-01 20:59:00,PVDAQ_4,2.679073,2.684207258711613,-0.005134258711612993,0.005134258711612993
2023-01-01 21:00:00,PVDAQ_4,2.668031,2.690683110114998,-0.022652110114997903,0.022652110114997903
2023-01-01 21:01:00,PVDAQ_4,2.682922,2.6886320418091225,-0.00571004180912249,0.00571004180912249
2023-01-01 21:02:00,PVDAQ_4,2.671698,2.689273943543509,-0.017575943543509,0.017575943543509
2023-01-01 21:03:00,PVDAQ_4,2.680285,2.691973869559988,-0.011688869559987936,0.011688869559987936
2023-01-01 21:04:00,PVDAQ_4,2.680409,2.6919930758581345,-0.01158407585813448,0.01158407585813448
2023-01-01 21:05:00,PVDAQ_4,2.678922,2.670434833663766,0.008487166336233809,0.008487166336233809
2023-01-01 21:06:00,PVDAQ_4,2.683077,2.6738123271986676,0.009264672801332363,0.009264672801332363
2023-01-01 21:07:00,PVDAQ_4,2.66483,2.684604411163789,-0.019774411163789196,0.019774411163789196
2023-01-01 21:08:00,PVDAQ_4,2.692105,2.6829946209365017,0.009110379063498542,0.009110379063498542
2023-01-01 21:09:00,PVDAQ_4,2.683771,2.6838388913201148,-6.78913201146436e-05,6.78913201146436e-05
2023-01-01 21:10:00,PVDAQ_4,2.692648,2.682579778359046,0.010068221640954,0.010068221640954
2023-01-01 21:11:00,PVDAQ_4,2.681786,2.682243264497023,-0.00045726449702332417,0.00045726449702332417
2023-01-01 21:12:00,PVDAQ_4,2.67753,2.6836922406171073,-0.006162240617107351,0.006162240617107351
2023-01-01 21:13:00,PVDAQ_4,2.679767,2.6847308489333175,-0.004963848933317472,0.004963848933317472
2023-01-01 21:14:00,PVDAQ_4,2.701967,2.683593523750241,0.018373476249758713,0.018373476249758713
2023-01-01 21:15:00,PVDAQ_4,2.693076,2.684508584564482,0.0085674154355182,0.0085674154355182
2023-01-01 21:16:00,PVDAQ_4,2.695771,2.6883932760403786,0.007377723959621552,0.007377723959621552
2023-01-01 21:17:00,PVDAQ_4,2.698207,2.6842960020072155,0.013910997992784502,0.013910997992784502
2023-01-01 21:18:00,PVDAQ_4,2.6773,2.6945868961708417,-0.017286896170841892,0.017286896170841892
2023-01-01 21:19:00,PVDAQ_4,2.693756,2.687306641105314,0.006449358894685897,0.006449358894685897
2023-01-01 21:20:00,PVDAQ_4,2.673292,2.6905419522967757,-0.017249952296775728,0.017249952296775728
2023-01-01 21:21:00,PVDAQ_4,2.694706,2.6976890625806647,-0.0029830625806646083,0.0029830625806646083
2023-01-01 21:22:00,PVDAQ_4,2.6849,2.684233775545702,0.0006662244542976481,0.0006662244542976481
2023-01-01 21:23:00,PVDAQ_4,2.688656,2.682704565127326,0.005951434872673911,0.005951434872673911
2023-01-01 21:24:00,PVDAQ_4,2.689367,2.684294469394236,0.0050725306057639585,0.0050725306057639585
2023-01-01 21:25:00,PVDAQ_4,2.708419,2.6826417564366074,0.025777243563392727,0.025777243563392727
2023-01-01 21:26:00,PVDAQ_4,2.706105,2.6829353914318905,0.023169608568109457,0.023169608568109457
2023-01-01 21:27:00,PVDAQ_4,2.704224,2.6826417564366074,0.021582243563392556,0.021582243563392556
2023-01-01 21:28:00,PVDAQ_4,2.705972,2.68403453841502,0.02193746158497989,0.02193746158497989
2023-01-01 21:29:00,PVDAQ_4,2.687383,2.684391930236152,0.0029910697638482198,0.0029910697638482198
2023-01-01 21:30:00,PVDAQ_4,2.692849,2.6849802123504594,0.007868787649540465,0.007868787649540465
2023-01-01 21:31:00,PVDAQ_4,2.695945,2.6846664628921504,0.011278537107849651,0.011278537107849651
2023-01-01 21:32:00,PVDAQ_4,2.696153,2.6848707944594166,0.011282205540583234,0.011282205540583234
2023-01-01 21:33:00,PVDAQ_4,2.70082,2.6839376131719646,0.016882386828035667,0.016882386828035667
2023-01-01 21:34:00,PVDAQ_4,2.702025,2.682769302617163,0.019255697382837056,0.019255697382837056
2023-01-01 21:35:00,PVDAQ_4,2.697854,2.687649293376264,0.010204706623735849,0.010204706623735849
2023-01-01 21:36:00,PVDAQ_4,2.670539,2.684508584564482,-0.013969584564481607,0.013969584564481607
2023-01-01 21:37:00,PVDAQ_4,2.70249,2.6853012517111927,0.017188748288807343,0.017188748288807343
2023-01-01 21:38:00,PVDAQ_4,2.704509,2.6915173969004242,0.012991603099575588,0.012991603099575588
2023-01-01 21:39:00,PVDAQ_4,2.673395,2.685771590073654,-0.01237659007365366,0.01237659007365366
2023-01-01 21:40:00,PVDAQ_4,2.686642,2.692146169653248,-0.00550416965324807,0.00550416965324807
2023-01-01 21:41:00,PVDAQ_4,2.702098,2.68207861703398,0.020019382966019794,0.020019382966019794
2023-01-01 21:42:00,PVDAQ_4,2.68801,2.682457371497399,0.005552628502600854,0.005552628502600854
2023-01-01 21:43:00,PVDAQ_4,2.714552,2.68403453841502,0.0305174615849797,0.0305174615849797
2023-01-01 21:44:00,PVDAQ_4,2.693316,2.680303307786539,0.013012692213461019,0.013012692213461019
2023-01-01 21:45:00,PVDAQ_4,2.694091,2.6805371965325633,0.01355380346743651,0.01355380346743651
2023-01-01 21:46:00,PVDAQ_4,2.672209,2.693131936924221,-0.02092293692422098,0.02092293692422098
2023-01-01 21:47:00,PVDAQ_4,2.690145,2.6930703583181606,-0.0029253583181607645,0.0029253583181607645
2023-01-01 21:48:00,PVDAQ_4,2.696557,2.6919930758581345,0.00456392414186535,0.00456392414186535
2023-01-01 21:49:00,PVDAQ_4,2.681551,2.692099153820091,-0.010548153820091333,0.010548153820091333
2023-01-01 21:50:00,PVDAQ_4,2.695886,2.6936525419329587,0.0022334580670411164,0.0022334580670411164
2023-01-01 21:51:00,PVDAQ_4,2.69275,2.694594352813009,-0.001844352813008765,0.001844352813008765
2023-01-01 21:52:00,PVDAQ_4,2.679936,2.692099153820091,-0.012163153820091033,0.012163153820091033
2023-01-01 21:53:00,PVDAQ_4,2.682014,2.692099153820091,-0.010085153820091008,0.010085153820091008
2023-01-01 21:54:00,PVDAQ_4,2.701141,2.692099153820091,0.009041846179908664,0.009041846179908664
2023-01-01 21:55:00,PVDAQ_4,2.705829,2.692099153820091,0.013729846179908911,0.013729846179908911
2023-01-01 21:56:00,PVDAQ_4,2.70278,2.698301130679275,0.004478869320725387,0.004478869320725387
2023-01-01 21:57:00,PVDAQ_4,2.698462,2.6931177173590304,0.005344282640969755,0.005344282640969755
2023-01-01 21:58:00,PVDAQ_4,2.700036,2.6872388900677406,0.012797109932259243,0.012797109932259243
2023-01-01 21:59:00,PVDAQ_4,2.700488,2.6793990382164945,0.0210889617835055,0.0210889617835055
2023-01-01 22:00:00,PVDAQ_4,2.703281,2.6912346786111203,0.012046321388879733,0.012046321388879733
2023-01-01 22:01:00,PVDAQ_4,2.690156,2.67880673192251,0.011349268077490038,0.011349268077490038
2023-01-01 22:02:00,PVDAQ_4,2.705238,2.684967588883542,0.02027041111645822,0.02027041111645822
2023-01-01 22:03:00,PVDAQ_4,2.709588,2.6903010531909515,0.019286946809048633,0.019286946809048633
2023-01-01 22:04:00,PVDAQ_4,2.711321,2.6851449133448857,0.026176086655114172,0.026176086655114172
2023-01-01 22:05:00,PVDAQ_4,2.69395,2.6885344127858355,0.0054155872141645744,0.0054155872141645744
2023-01-01 22:06:00,PVDAQ_4,2.709706,2.6947820170256422,0.01492398297435793,0.01492398297435793
2023-01-01 22:07:00,PVDAQ_4,2.705888,2.6874988279208583,0.01838917207914159,0.01838917207914159
2023-01-01 22:08:00,PVDAQ_4,2.708951,2.6953198541629426,0.013631145837057268,0.013631145837057268
2023-01-01 22:09:00,PVDAQ_4,2.692433,2.695712393077646,-0.00327939307764602,0.00327939307764602
2023-01-01 22:10:00,PVDAQ_4,2.70505,2.6945768410661612,0.010473158933838711,0.010473158933838711
2023-01-01 22:11:00,PVDAQ_4,2.695263,2.6928662022076626,0.0023967977923375905,0.0023967977923375905
2023-01-01 22:12:00,PVDAQ_4,2.70327,2.695818620009914,0.007451379990085716,0.007451379990085716
2023-01-01 22:13:00,PVDAQ_4,2.708192,2.6853012517111927,0.022890748288807217,0.022890748288807217
2023-01-01 22:14:00,PVDAQ_4,2.71293,2.6830132382067284,0.02991676179327163,0.02991676179327163
2023-01-01 22:15:00,PVDAQ_4,2.70512,2.6849802123504594,0.020139787649540608,0.020139787649540608
2023-01-01 22:16:00,PVDAQ_4,2.704722,2.6799979552455846,0.024724044754415253,0.024724044754415253
2023-01-01 22:17:00,PVDAQ_4,2.724652,2.678472056179666,0.04617994382033386,0.04617994382033386
2023-01-01 22:18:00,PVDAQ_4,2.741397,2.6751020460047306,0.06629495399526952,0.06629495399526952
2023-01-01 22:19:00,PVDAQ_4,2.708196,2.677205241995907,0.0309907580040929,0.0309907580040929
2023-01-01 22:20:00,PVDAQ_4,2.745832,2.681361000450208,0.06447099954979185,0.06447099954979185
2023-01-01 22:21:00,PVDAQ_4,2.690705,2.692099153820091,-0.0013941538200912262,0.0013941538200912262
2023-01-01 22:22:00,PVDAQ_4,2.686804,2.698065764209239,-0.011261764209239189,0.011261764209239189
2023-01-01 22:23:00,PVDAQ_4,2.696783,2.694474706443972,0.0023082935560281292,0.0023082935560281292
2023-01-01 22:24:00,PVDAQ_4,2.704435,2.698048750248196,0.0063862497518041295,0.0063862497518041295
2023-01-01 22:25:00,PVDAQ_4,2.689225,2.694474706443972,-0.005249706443971824,0.005249706443971824
2023-01-01 22:26:00,PVDAQ_4,2.67373,2.694474706443972,-0.02074470644397186,0.02074470644397186
2023-01-01 22:27:00,PVDAQ_4,2.699227,2.6924059567618572,0.00682104323814281,0.00682104323814281
2023-01-01 22:28:00,PVDAQ_4,2.707382,2.6948104697019306,0.012571530298069344,0.012571530298069344
2023-01-01 22:29:00,PVDAQ_4,2.695535,2.694474706443972,0.0010602935560282134,0.0010602935560282134
2023-01-01 22:30:00,PVDAQ_4,2.708201,2.692099153820091,0.01610184617990873,0.01610184617990873
2023-01-01 22:31:00,PVDAQ_4,2.687768,2.6979718776994948,-0.010203877699494601,0.010203877699494601
2023-01-01 22:32:00,PVDAQ_4,2.700092,2.692099153820091,0.00799284617990903,0.00799284617990903
2023-01-01 22:33:00,PVDAQ_4,2.703781,2.6939893823827754,0.009791617617224802,0.009791617617224802
2023-01-01 22:34:00,PVDAQ_4,2.690554,2.694761980669444,-0.004207980669443945,0.004207980669443945
2023-01-01 22:35:00,PVDAQ_4,2.710512,2.695978669917921,0.014533330082079132,0.014533330082079132
2023-01-01 22:36:00,PVDAQ_4,2.708547,2.694474706443972,0.014072293556028015,0.014072293556028015
2023-01-01 22:37:00,PVDAQ_4,2.698025,2.693531735826898,0.0044932641731016965,0.0044932641731016965
2023-01-01 22:38:00,PVDAQ_4,2.697229,2.694474706443972,0.0027542935560282977,0.0027542935560282977
2023-01-01 22:39:00,PVDAQ_4,2.689464,2.694594352813009,-0.005130352813008887,0.005130352813008887
2023-01-01 22:40:00,PVDAQ_4,2.693409,2.6936266883268987,-0.00021768832689872397,0.00021768832689872397
2023-01-01 22:41:00,PVDAQ_4,2.695166,2.694594352813009,0.0005716471869909867,0.0005716471869909867
2023-01-01 22:42:00,PVDAQ_4,2.687692,2.691739565889057,-0.004047565889056859,0.004047565889056859
2023-01-01 22:43:00,PVDAQ_4,2.697424,2.6916559419585284,0.005768058041471402,0.005768058041471402
2023-01-01 22:44:00,PVDAQ_4,2.679369,2.7019505647382966,-0.022581564738296755,0.022581564738296755
2023-01-01 22:45:00,PVDAQ_4,2.68097,2.697952084163816,-0.01698208416381597,0.01698208416381597
2023-01-01 22:46:00,PVDAQ_4,2.696597,2.696718467930176,-0.00012146793017597801,0.00012146793017597801
2023-01-01 22:47:00,PVDAQ_4,2.699763,2.6922264360726795,0.007536563927320383,0.007536563927320383
2023-01-01 22:48:00,PVDAQ_4,2.699293,2.694585395980994,0.004707604019006162,0.004707604019006162
2023-01-01 22:49:00,PVDAQ_4,2.719287,2.694004907466292,0.025282092533708056,0.025282092533708056
2023-01-01 22:50:00,PVDAQ_4,2.680677,2.694474706443972,-0.013797706443971602,0.013797706443971602
2023-01-01 22:51:00,PVDAQ_4,2.719607,2.6924059567618572,0.027201043238142653,0.027201043238142653
2023-01-01 22:52:00,PVDAQ_4,2.701007,2.6984002707399926,0.002606729260007601,0.002606729260007601
2023-01-01 22:53:00,PVDAQ_4,2.707595,2.6984002707399926,0.009194729260007417,0.009194729260007417
2023-01-01 22:54:00,PVDAQ_4,2.71204,2.694474706443972,0.017565293556028205,0.017565293556028205
2023-01-01 22:55:00,PVDAQ_4,2.694074,2.6862564969304845,0.007817503069515563,0.007817503069515563
2023-01-01 22:56:00,PVDAQ_4,2.696322,2.695103615589922,0.0012183844100777108,0.0012183844100777108
2023-01-01 22:57:00,PVDAQ_4,2.694244,2.6924059567618572,0.0018380432381426282,0.0018380432381426282
2023-01-01 22:58:00,PVDAQ_4,2.710818,2.6947349148626487,0.01608308513735146,0.01608308513735146
2023-01-01 22:59:00,PVDAQ_4,2.718935,2.6958629859045935,0.0230720140954066,0.0230720140954066
2023-01-01 23:00:00,PVDAQ_4,2.710024,2.694474706443972,0.01554929355602841,0.01554929355602841
2023-01-01 23:01:00,PVDAQ_4,2.719183,2.6934608782708898,0.02572212172911037,0.02572212172911037
2023-01-01 23:02:00,PVDAQ_4,2.707528,2.694474706443972,0.013053293556028134,0.013053293556028134
2023-01-01 23:03:00,PVDAQ_4,2.699951,2.6958629859045935,0.004088014095406489,0.004088014095406489
2023-01-01 23:04:00,PVDAQ_4,2.714853,2.698564353330249,0.016288646669751383,0.016288646669751383
2023-01-01 23:05:00,PVDAQ_4,2.702403,2.695807377326816,0.006595622673184032,0.006595622673184032
2023-01-01 23:06:00,PVDAQ_4,2.719009,2.694474706443972,0.024534293556027986,0.024534293556027986
2023-01-01 23:07:00,PVDAQ_4,2.710649,2.6969478927693586,0.01370110723064144,0.01370110723064144
2023-01-01 23:08:00,PVDAQ_4,2.726332,2.6929637838418397,0.033368216158160546,0.033368216158160546
2023-01-01 23:09:00,PVDAQ_4,2.692554,2.6929637838418397,-0.00040978384183976146,0.00040978384183976146
2023-01-01 23:10:00,PVDAQ_4,2.718554,2.7033050098996494,0.015248990100350746,0.015248990100350746
2023-01-01 23:11:00,PVDAQ_4,2.718832,2.7136201252528327,0.005211874747167222,0.005211874747167222
2023-01-01 23:12:00,PVDAQ_4,2.737244,2.696110123906705,0.04113387609329511,0.04113387609329511
2023-01-01 23:13:00,PVDAQ_4,2.709145,2.709615815771124,-0.0004708157711239558,0.0004708157711239558
2023-01-01 23:14:00,PVDAQ_4,2.717517,2.701694365502016,0.015822634497983934,0.015822634497983934
2023-01-01 23:15:00,PVDAQ_4,2.708441,2.695599982746815,0.012841017253184983,0.012841017253184983
2023-01-01 23:16:00,PVDAQ_4,2.71592,2.696177269802851,0.019742730197148894,0.019742730197148894
2023-01-01 23:17:00,PVDAQ_4,2.71183,2.7114218980232696,0.0004081019767303573,0.0004081019767303573
2023-01-01 23:18:00,PVDAQ_4,2.71987,2.704381925453535,0.015488074546464947,0.015488074546464947
2023-01-01 23:19:00,PVDAQ_4,2.746229,2.69556976713143,0.050659232868570214,0.050659232868570214
2023-01-01 23:20:00,PVDAQ_4,2.71571,2.7043278152378485,0.011382184762151581,0.011382184762151581
2023-01-01 23:21:00,PVDAQ_4,2.73325,2.692433047354354,0.04081695264564589,0.04081695264564589
2023-01-01 23:22:00,PVDAQ_4,2.729888,2.7060576936777374,0.023830306322262462,0.023830306322262462
2023-01-01 23:23:00,PVDAQ_4,2.735452,2.6999903093971245,0.03546169060287552,0.03546169060287552
2023-01-01 23:24:00,PVDAQ_4,2.695345,2.7029807513168684,-0.007635751316868333,0.007635751316868333
2023-01-01 23:25:00,PVDAQ_4,2.715389,2.6957136091919462,0.019675390808053805,0.019675390808053805
2023-01-01 23:26:00,PVDAQ_4,2.729214,2.693628254470866,0.03558574552913374,0.03558574552913374
2023-01-01 23:27:00,PVDAQ_4,2.728836,2.6928662022076626,0.03596979779233722,0.03596979779233722
2023-01-01 23:28:00,PVDAQ_4,2.716962,2.696177269802851,0.020784730197148882,0.020784730197148882
2023-01-01 23:29:00,PVDAQ_4,2.720644,2.6995018391683834,0.021142160831616685,0.021142160831616685
2023-01-01 23:30:00,PVDAQ_4,2.719795,2.698992054064993,0.020802945935006978,0.020802945935006978
2023-01-01 23:31:00,PVDAQ_4,2.721236,2.705704262817233,0.015531737182767014,0.015531737182767014
2023-01-01 23:32:00,PVDAQ_4,2.720258,2.6981133173444274,0.022144682655572456,0.022144682655572456
2023-01-01 23:33:00,PVDAQ_4,2.727228,2.6995213049157343,0.02770669508426593,0.02770669508426593
2023-01-01 23:34:00,PVDAQ_4,2.718198,2.706244566013511,0.01195343398648907,0.01195343398648907
2023-01-01 23:35:00,PVDAQ_4,2.717147,2.696144951099724,0.021002048900276016,0.021002048900276016
2023-01-01 23:36:00,PVDAQ_4,2.721982,2.699021830160599,0.02296016983940108,0.02296016983940108
2023-01-01 23:37:00,PVDAQ_4,2.725185,2.705560104605213,0.019624895394787067,0.019624895394787067
2023-01-01 23:38:00,PVDAQ_4,2.737712,2.707479342930725,0.03023265706927525,0.03023265706927525
2023-01-01 23:39:00,PVDAQ_4,2.721979,2.707814387174443,0.014164612825557032,0.014164612825557032
2023-01-01 23:40:00,PVDAQ_4,2.718023,2.7006214463519522,0.01740155364804785,0.01740155364804785
2023-01-01 23:41:00,PVDAQ_4,2.729715,2.6970459663315576,0.03266903366844254,0.03266903366844254
2023-01-01 23:42:00,PVDAQ_4,2.731769,2.70592447334721,0.025844526652790023,0.025844526652790023
2023-01-01 23:43:00,PVDAQ_4,2.729838,2.6757231579619094,0.05411484203809058,0.05411484203809058
2023-01-01 23:44:00,PVDAQ_4,2.725905,2.6978165327789823,0.028088467221017765,0.028088467221017765
2023-01-01 23:45:00,PVDAQ_4,2.736825,2.6874669235630044,0.049358076436995635,0.049358076436995635
2023-01-01 23:46:00,PVDAQ_4,2.75124,2.707371725414849,0.0438682745851513,0.0438682745851513
2023-01-01 23:47:00,PVDAQ_4,2.728639,2.7096116588134667,0.019027341186533153,0.019027341186533153
2023-01-01 23:48:00,PVDAQ_4,2.719956,2.711819271030512,0.008136728969487805,0.008136728969487805
2023-01-01 23:49:00,PVDAQ_4,2.728676,2.7016626214252373,0.027013378574762825,0.027013378574762825
2023-01-01 23:50:00,PVDAQ_4,2.717402,2.6966004861366595,0.020801513863340393,0.020801513863340393
2023-01-01 23:51:00,PVDAQ_4,2.737253,2.6991761046879104,0.038076895312089576,0.038076895312089576
2023-01-01 23:52:00,PVDAQ_4,2.719087,2.690648901623248,0.02843809837675204,0.02843809837675204
2023-01-01 23:53:00,PVDAQ_4,2.735549,2.704818555995308,0.030730444004691826,0.030730444004691826
2023-01-01 23:54:00,PVDAQ_4,2.747212,2.7071877192256686,0.04002428077433162,0.04002428077433162
2023-01-01 23:55:00,PVDAQ_4,2.739543,2.697045348003542,0.04249765199645772,0.04249765199645772
2023-01-01 23:56:00,PVDAQ_4,2.725302,2.7041144560275883,0.02118754397241185,0.02118754397241185
2023-01-01 23:57:00,PVDAQ_4,2.720569,2.713843030473542,0.0067259695264576536,0.0067259695264576536
2023-01-01 23:58:00,PVDAQ_4,2.739792,2.704904607765038,0.03488739223496218,0.03488739223496218
2023-01-01 23:59:00,PVDAQ_4,2.754297,2.699455964886555,0.05484103511344518,0.05484103511344518
